indicator_id,section,indicator,breakdown,province_code,province,period,period_type,value,unit,period_status,source_id,source_url,geography_version
e0201_1a3b4df463,population,Land area,Area (Km2(*),VN_SRC_HANOI,Ha Noi,2011,annual,3328.9,km2,footnoted,E0201,https://www.nso.gov.vn/en/px-web?pxid=E0201&theme=Population%20and%20Employment,source_reported_unharmonized
e0201_1a3b4df463,population,Land area,Area (Km2(*),VN_SRC_HANOI,Ha Noi,2012,annual,3323.6,km2,footnoted,E0201,https://www.nso.gov.vn/en/px-web?pxid=E0201&theme=Population%20and%20Employment,source_reported_unharmonized
e0201_1a3b4df463,population,Land area,Area (Km2(*),VN_SRC_HANOI,Ha Noi,2013,annual,3324.3,km2,footnoted,E0201,https://www.nso.gov.vn/en/px-web?pxid=E0201&theme=Population%20and%20Employment,source_reported_unharmonized
e0201_1a3b4df463,population,Land area,Area (Km2(*),VN_SRC_HANOI,Ha Noi,2014,annual,3324.5,km2,footnoted,E0201,https://www.nso.gov.vn/en/px-web?pxid=E0201&theme=Population%20and%20Employment,source_reported_unharmonized
e0201_1a3b4df463,population,Land area,Area (Km2(*),VN_SRC_HANOI,Ha Noi,2015,annual,3324.5,km2,footnoted,E0201,https://www.nso.gov.vn/en/px-web?pxid=E0201&theme=Population%20and%20Employment,source_reported_unharmonized
e0201_1a3b4df463,population,Land area,Area (Km2(*),VN_SRC_HANOI,Ha Noi,2016,annual,3358.9,km2,footnoted,E0201,https://www.nso.gov.vn/en/px-web?pxid=E0201&theme=Population%20and%20Employment,source_reported_unharmonized
e0201_1a3b4df463,population,Land area,Area (Km2(*),VN_SRC_HANOI,Ha Noi,2017,annual,3358.6,km2,footnoted,E0201,https://www.nso.gov.vn/en/px-web?pxid=E0201&theme=Population%20and%20Employment,source_reported_unharmonized
e0201_1a3b4df463,population,Land area,Area (Km2(*),VN_SRC_HANOI,Ha Noi,2018,annual,3358.6,km2,footnoted,E0201,https://www.nso.gov.vn/en/px-web?pxid=E0201&theme=Population%20and%20Employment,source_reported_unharmonized
e0201_1a3b4df463,population,Land area,Area (Km2(*),VN_SRC_HANOI,Ha Noi,2019,annual,3358.6,km2,footnoted,E0201,https://www.nso.gov.vn/en/px-web?pxid=E0201&theme=Population%20and%20Employment,source_reported_unharmonized
e0201_1a3b4df463,population,Land area,Area (Km2(*),VN_SRC_HANOI,Ha Noi,2020,annual,3358.6,km2,footnoted,E0201,https://www.nso.gov.vn/en/px-web?pxid=E0201&theme=Population%20and%20Employment,source_reported_unharmonized
e0201_1a3b4df463,population,Land area,Area (Km2(*),VN_SRC_HANOI,Ha Noi,2021,annual,3359.82,km2,footnoted,E0201,https://www.nso.gov.vn/en/px-web?pxid=E0201&theme=Population%20and%20Employment,source_reported_unharmonized
e0201_1a3b4df463,population,Land area,Area (Km2(*),VN_SRC_HANOI,Ha Noi,2022,annual,3359.84,km2,footnoted,E0201,https://www.nso.gov.vn/en/px-web?pxid=E0201&theme=Population%20and%20Employment,source_reported_unharmonized
e0201_1a3b4df463,population,Land area,Area (Km2(*),VN_SRC_HANOI,Ha Noi,2023,annual,3359.84,km2,footnoted,E0201,https://www.nso.gov.vn/en/px-web?pxid=E0201&theme=Population%20and%20Employment,source_reported_unharmonized
e0201_1a3b4df463,population,Land area,Area (Km2(*),VN_SRC_HANOI,Ha Noi,2024,annual,3359.84,km2,footnoted,E0201,https://www.nso.gov.vn/en/px-web?pxid=E0201&theme=Population%20and%20Employment,source_reported_unharmonized
e0201_1a3b4df463,population,Land area,Area (Km2(*),VN_SRC_HANOI,Ha Noi,2025,annual,3359.84,km2,footnoted,E0201,https://www.nso.gov.vn/en/px-web?pxid=E0201&theme=Population%20and%20Employment,source_reported_unharmonized
e0201_1a3b4df463,population,Land area,Area (Km2(*),VN_SRC_VINHPHUC,Vinh Phuc,2011,annual,1236.5,km2,footnoted,E0201,https://www.nso.gov.vn/en/px-web?pxid=E0201&theme=Population%20and%20Employment,source_reported_unharmonized
e0201_1a3b4df463,population,Land area,Area (Km2(*),VN_SRC_VINHPHUC,Vinh Phuc,2012,annual,1236.5,km2,footnoted,E0201,https://www.nso.gov.vn/en/px-web?pxid=E0201&theme=Population%20and%20Employment,source_reported_unharmonized
e0201_1a3b4df463,population,Land area,Area (Km2(*),VN_SRC_VINHPHUC,Vinh Phuc,2013,annual,1238.6,km2,footnoted,E0201,https://www.nso.gov.vn/en/px-web?pxid=E0201&theme=Population%20and%20Employment,source_reported_unharmonized
e0201_1a3b4df463,population,Land area,Area (Km2(*),VN_SRC_VINHPHUC,Vinh Phuc,2014,annual,1237.5,km2,footnoted,E0201,https://www.nso.gov.vn/en/px-web?pxid=E0201&theme=Population%20and%20Employment,source_reported_unharmonized
e0201_1a3b4df463,population,Land area,Area (Km2(*),VN_SRC_VINHPHUC,Vinh Phuc,2015,annual,1237.5,km2,footnoted,E0201,https://www.nso.gov.vn/en/px-web?pxid=E0201&theme=Population%20and%20Employment,source_reported_unharmonized
e0201_1a3b4df463,population,Land area,Area (Km2(*),VN_SRC_VINHPHUC,Vinh Phuc,2016,annual,1235.3,km2,footnoted,E0201,https://www.nso.gov.vn/en/px-web?pxid=E0201&theme=Population%20and%20Employment,source_reported_unharmonized
e0201_1a3b4df463,population,Land area,Area (Km2(*),VN_SRC_VINHPHUC,Vinh Phuc,2017,annual,1235.2,km2,footnoted,E0201,https://www.nso.gov.vn/en/px-web?pxid=E0201&theme=Population%20and%20Employment,source_reported_unharmonized
e0201_1a3b4df463,population,Land area,Area (Km2(*),VN_SRC_VINHPHUC,Vinh Phuc,2018,annual,1235.2,km2,footnoted,E0201,https://www.nso.gov.vn/en/px-web?pxid=E0201&theme=Population%20and%20Employment,source_reported_unharmonized
e0201_1a3b4df463,population,Land area,Area (Km2(*),VN_SRC_VINHPHUC,Vinh Phuc,2019,annual,1235.9,km2,footnoted,E0201,https://www.nso.gov.vn/en/px-web?pxid=E0201&theme=Population%20and%20Employment,source_reported_unharmonized
e0201_1a3b4df463,population,Land area,Area (Km2(*),VN_SRC_VINHPHUC,Vinh Phuc,2020,annual,1235.87,km2,footnoted,E0201,https://www.nso.gov.vn/en/px-web?pxid=E0201&theme=Population%20and%20Employment,source_reported_unharmonized
e0201_1a3b4df463,population,Land area,Area (Km2(*),VN_SRC_VINHPHUC,Vinh Phuc,2021,annual,1236.0,km2,footnoted,E0201,https://www.nso.gov.vn/en/px-web?pxid=E0201&theme=Population%20and%20Employment,source_reported_unharmonized
e0201_1a3b4df463,population,Land area,Area (Km2(*),VN_SRC_VINHPHUC,Vinh Phuc,2022,annual,1236.0,km2,footnoted,E0201,https://www.nso.gov.vn/en/px-web?pxid=E0201&theme=Population%20and%20Employment,source_reported_unharmonized
e0201_1a3b4df463,population,Land area,Area (Km2(*),VN_SRC_VINHPHUC,Vinh Phuc,2023,annual,1236.0,km2,footnoted,E0201,https://www.nso.gov.vn/en/px-web?pxid=E0201&theme=Population%20and%20Employment,source_reported_unharmonized
e0201_1a3b4df463,population,Land area,Area (Km2(*),VN_SRC_VINHPHUC,Vinh Phuc,2024,annual,1236.0,km2,footnoted,E0201,https://www.nso.gov.vn/en/px-web?pxid=E0201&theme=Population%20and%20Employment,source_reported_unharmonized
e0201_1a3b4df463,population,Land area,Area (Km2(*),VN_SRC_VINHPHUC,Vinh Phuc,2025,annual,1236.0,km2,footnoted,E0201,https://www.nso.gov.vn/en/px-web?pxid=E0201&theme=Population%20and%20Employment,source_reported_unharmonized
e0201_1a3b4df463,population,Land area,Area (Km2(*),VN_SRC_BACNINH,Bac Ninh,2011,annual,822.7,km2,footnoted,E0201,https://www.nso.gov.vn/en/px-web?pxid=E0201&theme=Population%20and%20Employment,source_reported_unharmonized
e0201_1a3b4df463,population,Land area,Area (Km2(*),VN_SRC_BACNINH,Bac Ninh,2012,annual,822.7,km2,footnoted,E0201,https://www.nso.gov.vn/en/px-web?pxid=E0201&theme=Population%20and%20Employment,source_reported_unharmonized
e0201_1a3b4df463,population,Land area,Area (Km2(*),VN_SRC_BACNINH,Bac Ninh,2013,annual,822.7,km2,footnoted,E0201,https://www.nso.gov.vn/en/px-web?pxid=E0201&theme=Population%20and%20Employment,source_reported_unharmonized
e0201_1a3b4df463,population,Land area,Area (Km2(*),VN_SRC_BACNINH,Bac Ninh,2014,annual,822.7,km2,footnoted,E0201,https://www.nso.gov.vn/en/px-web?pxid=E0201&theme=Population%20and%20Employment,source_reported_unharmonized
e0201_1a3b4df463,population,Land area,Area (Km2(*),VN_SRC_BACNINH,Bac Ninh,2015,annual,822.7,km2,footnoted,E0201,https://www.nso.gov.vn/en/px-web?pxid=E0201&theme=Population%20and%20Employment,source_reported_unharmonized
e0201_1a3b4df463,population,Land area,Area (Km2(*),VN_SRC_BACNINH,Bac Ninh,2016,annual,822.8,km2,footnoted,E0201,https://www.nso.gov.vn/en/px-web?pxid=E0201&theme=Population%20and%20Employment,source_reported_unharmonized
e0201_1a3b4df463,population,Land area,Area (Km2(*),VN_SRC_BACNINH,Bac Ninh,2017,annual,822.7,km2,footnoted,E0201,https://www.nso.gov.vn/en/px-web?pxid=E0201&theme=Population%20and%20Employment,source_reported_unharmonized
e0201_1a3b4df463,population,Land area,Area (Km2(*),VN_SRC_BACNINH,Bac Ninh,2018,annual,822.7,km2,footnoted,E0201,https://www.nso.gov.vn/en/px-web?pxid=E0201&theme=Population%20and%20Employment,source_reported_unharmonized
e0201_1a3b4df463,population,Land area,Area (Km2(*),VN_SRC_BACNINH,Bac Ninh,2019,annual,822.7,km2,footnoted,E0201,https://www.nso.gov.vn/en/px-web?pxid=E0201&theme=Population%20and%20Employment,source_reported_unharmonized
e0201_1a3b4df463,population,Land area,Area (Km2(*),VN_SRC_BACNINH,Bac Ninh,2020,annual,822.71,km2,footnoted,E0201,https://www.nso.gov.vn/en/px-web?pxid=E0201&theme=Population%20and%20Employment,source_reported_unharmonized
e0201_1a3b4df463,population,Land area,Area (Km2(*),VN_SRC_BACNINH,Bac Ninh,2021,annual,822.71,km2,footnoted,E0201,https://www.nso.gov.vn/en/px-web?pxid=E0201&theme=Population%20and%20Employment,source_reported_unharmonized
e0201_1a3b4df463,population,Land area,Area (Km2(*),VN_SRC_BACNINH,Bac Ninh,2022,annual,822.71,km2,footnoted,E0201,https://www.nso.gov.vn/en/px-web?pxid=E0201&theme=Population%20and%20Employment,source_reported_unharmonized
e0201_1a3b4df463,population,Land area,Area (Km2(*),VN_SRC_BACNINH,Bac Ninh,2023,annual,822.71,km2,footnoted,E0201,https://www.nso.gov.vn/en/px-web?pxid=E0201&theme=Population%20and%20Employment,source_reported_unharmonized
e0201_1a3b4df463,population,Land area,Area (Km2(*),VN_SRC_BACNINH,Bac Ninh,2024,annual,822.71,km2,footnoted,E0201,https://www.nso.gov.vn/en/px-web?pxid=E0201&theme=Population%20and%20Employment,source_reported_unharmonized
e0201_1a3b4df463,population,Land area,Area (Km2(*),VN_SRC_BACNINH,Bac Ninh,2025,annual,822.71,km2,footnoted,E0201,https://www.nso.gov.vn/en/px-web?pxid=E0201&theme=Population%20and%20Employment,source_reported_unharmonized
e0201_1a3b4df463,population,Land area,Area (Km2(*),VN_SRC_QUANGNINH,Quang Ninh,2011,annual,6102.4,km2,footnoted,E0201,https://www.nso.gov.vn/en/px-web?pxid=E0201&theme=Population%20and%20Employment,source_reported_unharmonized
e0201_1a3b4df463,population,Land area,Area (Km2(*),VN_SRC_QUANGNINH,Quang Ninh,2012,annual,6102.3,km2,footnoted,E0201,https://www.nso.gov.vn/en/px-web?pxid=E0201&theme=Population%20and%20Employment,source_reported_unharmonized
e0201_1a3b4df463,population,Land area,Area (Km2(*),VN_SRC_QUANGNINH,Quang Ninh,2013,annual,6102.4,km2,footnoted,E0201,https://www.nso.gov.vn/en/px-web?pxid=E0201&theme=Population%20and%20Employment,source_reported_unharmonized
e0201_1a3b4df463,population,Land area,Area (Km2(*),VN_SRC_QUANGNINH,Quang Ninh,2014,annual,6102.3,km2,footnoted,E0201,https://www.nso.gov.vn/en/px-web?pxid=E0201&theme=Population%20and%20Employment,source_reported_unharmonized
e0201_1a3b4df463,population,Land area,Area (Km2(*),VN_SRC_QUANGNINH,Quang Ninh,2015,annual,6102.3,km2,footnoted,E0201,https://www.nso.gov.vn/en/px-web?pxid=E0201&theme=Population%20and%20Employment,source_reported_unharmonized
e0201_1a3b4df463,population,Land area,Area (Km2(*),VN_SRC_QUANGNINH,Quang Ninh,2016,annual,6177.7,km2,footnoted,E0201,https://www.nso.gov.vn/en/px-web?pxid=E0201&theme=Population%20and%20Employment,source_reported_unharmonized
e0201_1a3b4df463,population,Land area,Area (Km2(*),VN_SRC_QUANGNINH,Quang Ninh,2017,annual,6177.8,km2,footnoted,E0201,https://www.nso.gov.vn/en/px-web?pxid=E0201&theme=Population%20and%20Employment,source_reported_unharmonized
e0201_1a3b4df463,population,Land area,Area (Km2(*),VN_SRC_QUANGNINH,Quang Ninh,2018,annual,6178.2,km2,footnoted,E0201,https://www.nso.gov.vn/en/px-web?pxid=E0201&theme=Population%20and%20Employment,source_reported_unharmonized
e0201_1a3b4df463,population,Land area,Area (Km2(*),VN_SRC_QUANGNINH,Quang Ninh,2019,annual,6178.2,km2,footnoted,E0201,https://www.nso.gov.vn/en/px-web?pxid=E0201&theme=Population%20and%20Employment,source_reported_unharmonized
e0201_1a3b4df463,population,Land area,Area (Km2(*),VN_SRC_QUANGNINH,Quang Ninh,2020,annual,6178.21,km2,footnoted,E0201,https://www.nso.gov.vn/en/px-web?pxid=E0201&theme=Population%20and%20Employment,source_reported_unharmonized
e0201_1a3b4df463,population,Land area,Area (Km2(*),VN_SRC_QUANGNINH,Quang Ninh,2021,annual,6207.79,km2,footnoted,E0201,https://www.nso.gov.vn/en/px-web?pxid=E0201&theme=Population%20and%20Employment,source_reported_unharmonized
e0201_1a3b4df463,population,Land area,Area (Km2(*),VN_SRC_QUANGNINH,Quang Ninh,2022,annual,6207.93,km2,footnoted,E0201,https://www.nso.gov.vn/en/px-web?pxid=E0201&theme=Population%20and%20Employment,source_reported_unharmonized
e0201_1a3b4df463,population,Land area,Area (Km2(*),VN_SRC_QUANGNINH,Quang Ninh,2023,annual,6207.95,km2,footnoted,E0201,https://www.nso.gov.vn/en/px-web?pxid=E0201&theme=Population%20and%20Employment,source_reported_unharmonized
e0201_1a3b4df463,population,Land area,Area (Km2(*),VN_SRC_QUANGNINH,Quang Ninh,2024,annual,6207.95,km2,footnoted,E0201,https://www.nso.gov.vn/en/px-web?pxid=E0201&theme=Population%20and%20Employment,source_reported_unharmonized
e0201_1a3b4df463,population,Land area,Area (Km2(*),VN_SRC_QUANGNINH,Quang Ninh,2025,annual,6207.95,km2,footnoted,E0201,https://www.nso.gov.vn/en/px-web?pxid=E0201&theme=Population%20and%20Employment,source_reported_unharmonized
e0201_1a3b4df463,population,Land area,Area (Km2(*),VN_SRC_HAIDUONG,Hai Duong,2011,annual,1656.0,km2,footnoted,E0201,https://www.nso.gov.vn/en/px-web?pxid=E0201&theme=Population%20and%20Employment,source_reported_unharmonized
e0201_1a3b4df463,population,Land area,Area (Km2(*),VN_SRC_HAIDUONG,Hai Duong,2012,annual,1656.0,km2,footnoted,E0201,https://www.nso.gov.vn/en/px-web?pxid=E0201&theme=Population%20and%20Employment,source_reported_unharmonized
e0201_1a3b4df463,population,Land area,Area (Km2(*),VN_SRC_HAIDUONG,Hai Duong,2013,annual,1656.0,km2,footnoted,E0201,https://www.nso.gov.vn/en/px-web?pxid=E0201&theme=Population%20and%20Employment,source_reported_unharmonized
e0201_1a3b4df463,population,Land area,Area (Km2(*),VN_SRC_HAIDUONG,Hai Duong,2014,annual,1656.0,km2,footnoted,E0201,https://www.nso.gov.vn/en/px-web?pxid=E0201&theme=Population%20and%20Employment,source_reported_unharmonized
e0201_1a3b4df463,population,Land area,Area (Km2(*),VN_SRC_HAIDUONG,Hai Duong,2015,annual,1656.0,km2,footnoted,E0201,https://www.nso.gov.vn/en/px-web?pxid=E0201&theme=Population%20and%20Employment,source_reported_unharmonized
e0201_1a3b4df463,population,Land area,Area (Km2(*),VN_SRC_HAIDUONG,Hai Duong,2016,annual,1668.3,km2,footnoted,E0201,https://www.nso.gov.vn/en/px-web?pxid=E0201&theme=Population%20and%20Employment,source_reported_unharmonized
e0201_1a3b4df463,population,Land area,Area (Km2(*),VN_SRC_HAIDUONG,Hai Duong,2017,annual,1668.2,km2,footnoted,E0201,https://www.nso.gov.vn/en/px-web?pxid=E0201&theme=Population%20and%20Employment,source_reported_unharmonized
e0201_1a3b4df463,population,Land area,Area (Km2(*),VN_SRC_HAIDUONG,Hai Duong,2018,annual,1668.2,km2,footnoted,E0201,https://www.nso.gov.vn/en/px-web?pxid=E0201&theme=Population%20and%20Employment,source_reported_unharmonized
e0201_1a3b4df463,population,Land area,Area (Km2(*),VN_SRC_HAIDUONG,Hai Duong,2019,annual,1668.2,km2,footnoted,E0201,https://www.nso.gov.vn/en/px-web?pxid=E0201&theme=Population%20and%20Employment,source_reported_unharmonized
e0201_1a3b4df463,population,Land area,Area (Km2(*),VN_SRC_HAIDUONG,Hai Duong,2020,annual,1668.24,km2,footnoted,E0201,https://www.nso.gov.vn/en/px-web?pxid=E0201&theme=Population%20and%20Employment,source_reported_unharmonized
e0201_1a3b4df463,population,Land area,Area (Km2(*),VN_SRC_HAIDUONG,Hai Duong,2021,annual,1668.28,km2,footnoted,E0201,https://www.nso.gov.vn/en/px-web?pxid=E0201&theme=Population%20and%20Employment,source_reported_unharmonized
e0201_1a3b4df463,population,Land area,Area (Km2(*),VN_SRC_HAIDUONG,Hai Duong,2022,annual,1668.28,km2,footnoted,E0201,https://www.nso.gov.vn/en/px-web?pxid=E0201&theme=Population%20and%20Employment,source_reported_unharmonized
e0201_1a3b4df463,population,Land area,Area (Km2(*),VN_SRC_HAIDUONG,Hai Duong,2023,annual,1668.28,km2,footnoted,E0201,https://www.nso.gov.vn/en/px-web?pxid=E0201&theme=Population%20and%20Employment,source_reported_unharmonized
e0201_1a3b4df463,population,Land area,Area (Km2(*),VN_SRC_HAIDUONG,Hai Duong,2024,annual,1668.28,km2,footnoted,E0201,https://www.nso.gov.vn/en/px-web?pxid=E0201&theme=Population%20and%20Employment,source_reported_unharmonized
e0201_1a3b4df463,population,Land area,Area (Km2(*),VN_SRC_HAIDUONG,Hai Duong,2025,annual,1668.28,km2,footnoted,E0201,https://www.nso.gov.vn/en/px-web?pxid=E0201&theme=Population%20and%20Employment,source_reported_unharmonized
e0201_1a3b4df463,population,Land area,Area (Km2(*),VN_SRC_HAIPHONG,Hai Phong,2011,annual,1523.4,km2,footnoted,E0201,https://www.nso.gov.vn/en/px-web?pxid=E0201&theme=Population%20and%20Employment,source_reported_unharmonized
e0201_1a3b4df463,population,Land area,Area (Km2(*),VN_SRC_HAIPHONG,Hai Phong,2012,annual,1523.9,km2,footnoted,E0201,https://www.nso.gov.vn/en/px-web?pxid=E0201&theme=Population%20and%20Employment,source_reported_unharmonized
e0201_1a3b4df463,population,Land area,Area (Km2(*),VN_SRC_HAIPHONG,Hai Phong,2013,annual,1527.4,km2,footnoted,E0201,https://www.nso.gov.vn/en/px-web?pxid=E0201&theme=Population%20and%20Employment,source_reported_unharmonized
e0201_1a3b4df463,population,Land area,Area (Km2(*),VN_SRC_HAIPHONG,Hai Phong,2014,annual,1527.4,km2,footnoted,E0201,https://www.nso.gov.vn/en/px-web?pxid=E0201&theme=Population%20and%20Employment,source_reported_unharmonized
e0201_1a3b4df463,population,Land area,Area (Km2(*),VN_SRC_HAIPHONG,Hai Phong,2015,annual,1527.4,km2,footnoted,E0201,https://www.nso.gov.vn/en/px-web?pxid=E0201&theme=Population%20and%20Employment,source_reported_unharmonized
e0201_1a3b4df463,population,Land area,Area (Km2(*),VN_SRC_HAIPHONG,Hai Phong,2016,annual,1561.7,km2,footnoted,E0201,https://www.nso.gov.vn/en/px-web?pxid=E0201&theme=Population%20and%20Employment,source_reported_unharmonized
e0201_1a3b4df463,population,Land area,Area (Km2(*),VN_SRC_HAIPHONG,Hai Phong,2017,annual,1561.8,km2,footnoted,E0201,https://www.nso.gov.vn/en/px-web?pxid=E0201&theme=Population%20and%20Employment,source_reported_unharmonized
e0201_1a3b4df463,population,Land area,Area (Km2(*),VN_SRC_HAIPHONG,Hai Phong,2018,annual,1561.8,km2,footnoted,E0201,https://www.nso.gov.vn/en/px-web?pxid=E0201&theme=Population%20and%20Employment,source_reported_unharmonized
e0201_1a3b4df463,population,Land area,Area (Km2(*),VN_SRC_HAIPHONG,Hai Phong,2019,annual,1561.8,km2,footnoted,E0201,https://www.nso.gov.vn/en/px-web?pxid=E0201&theme=Population%20and%20Employment,source_reported_unharmonized
e0201_1a3b4df463,population,Land area,Area (Km2(*),VN_SRC_HAIPHONG,Hai Phong,2020,annual,1561.76,km2,footnoted,E0201,https://www.nso.gov.vn/en/px-web?pxid=E0201&theme=Population%20and%20Employment,source_reported_unharmonized
e0201_1a3b4df463,population,Land area,Area (Km2(*),VN_SRC_HAIPHONG,Hai Phong,2021,annual,1526.52,km2,footnoted,E0201,https://www.nso.gov.vn/en/px-web?pxid=E0201&theme=Population%20and%20Employment,source_reported_unharmonized
e0201_1a3b4df463,population,Land area,Area (Km2(*),VN_SRC_HAIPHONG,Hai Phong,2022,annual,1526.52,km2,footnoted,E0201,https://www.nso.gov.vn/en/px-web?pxid=E0201&theme=Population%20and%20Employment,source_reported_unharmonized
e0201_1a3b4df463,population,Land area,Area (Km2(*),VN_SRC_HAIPHONG,Hai Phong,2023,annual,1526.52,km2,footnoted,E0201,https://www.nso.gov.vn/en/px-web?pxid=E0201&theme=Population%20and%20Employment,source_reported_unharmonized
e0201_1a3b4df463,population,Land area,Area (Km2(*),VN_SRC_HAIPHONG,Hai Phong,2024,annual,1526.44,km2,footnoted,E0201,https://www.nso.gov.vn/en/px-web?pxid=E0201&theme=Population%20and%20Employment,source_reported_unharmonized
e0201_1a3b4df463,population,Land area,Area (Km2(*),VN_SRC_HAIPHONG,Hai Phong,2025,annual,1526.44,km2,footnoted,E0201,https://www.nso.gov.vn/en/px-web?pxid=E0201&theme=Population%20and%20Employment,source_reported_unharmonized
e0201_1a3b4df463,population,Land area,Area (Km2(*),VN_SRC_HUNGYEN,Hung Yen,2011,annual,926.0,km2,footnoted,E0201,https://www.nso.gov.vn/en/px-web?pxid=E0201&theme=Population%20and%20Employment,source_reported_unharmonized
e0201_1a3b4df463,population,Land area,Area (Km2(*),VN_SRC_HUNGYEN,Hung Yen,2012,annual,926.0,km2,footnoted,E0201,https://www.nso.gov.vn/en/px-web?pxid=E0201&theme=Population%20and%20Employment,source_reported_unharmonized
e0201_1a3b4df463,population,Land area,Area (Km2(*),VN_SRC_HUNGYEN,Hung Yen,2013,annual,926.0,km2,footnoted,E0201,https://www.nso.gov.vn/en/px-web?pxid=E0201&theme=Population%20and%20Employment,source_reported_unharmonized
e0201_1a3b4df463,population,Land area,Area (Km2(*),VN_SRC_HUNGYEN,Hung Yen,2014,annual,926.0,km2,footnoted,E0201,https://www.nso.gov.vn/en/px-web?pxid=E0201&theme=Population%20and%20Employment,source_reported_unharmonized
e0201_1a3b4df463,population,Land area,Area (Km2(*),VN_SRC_HUNGYEN,Hung Yen,2015,annual,926.0,km2,footnoted,E0201,https://www.nso.gov.vn/en/px-web?pxid=E0201&theme=Population%20and%20Employment,source_reported_unharmonized
e0201_1a3b4df463,population,Land area,Area (Km2(*),VN_SRC_HUNGYEN,Hung Yen,2016,annual,930.3,km2,footnoted,E0201,https://www.nso.gov.vn/en/px-web?pxid=E0201&theme=Population%20and%20Employment,source_reported_unharmonized
e0201_1a3b4df463,population,Land area,Area (Km2(*),VN_SRC_HUNGYEN,Hung Yen,2017,annual,930.2,km2,footnoted,E0201,https://www.nso.gov.vn/en/px-web?pxid=E0201&theme=Population%20and%20Employment,source_reported_unharmonized
e0201_1a3b4df463,population,Land area,Area (Km2(*),VN_SRC_HUNGYEN,Hung Yen,2018,annual,930.2,km2,footnoted,E0201,https://www.nso.gov.vn/en/px-web?pxid=E0201&theme=Population%20and%20Employment,source_reported_unharmonized
e0201_1a3b4df463,population,Land area,Area (Km2(*),VN_SRC_HUNGYEN,Hung Yen,2019,annual,930.2,km2,footnoted,E0201,https://www.nso.gov.vn/en/px-web?pxid=E0201&theme=Population%20and%20Employment,source_reported_unharmonized
e0201_1a3b4df463,population,Land area,Area (Km2(*),VN_SRC_HUNGYEN,Hung Yen,2020,annual,930.22,km2,footnoted,E0201,https://www.nso.gov.vn/en/px-web?pxid=E0201&theme=Population%20and%20Employment,source_reported_unharmonized
e0201_1a3b4df463,population,Land area,Area (Km2(*),VN_SRC_HUNGYEN,Hung Yen,2021,annual,930.2,km2,footnoted,E0201,https://www.nso.gov.vn/en/px-web?pxid=E0201&theme=Population%20and%20Employment,source_reported_unharmonized
e0201_1a3b4df463,population,Land area,Area (Km2(*),VN_SRC_HUNGYEN,Hung Yen,2022,annual,930.2,km2,footnoted,E0201,https://www.nso.gov.vn/en/px-web?pxid=E0201&theme=Population%20and%20Employment,source_reported_unharmonized
e0201_1a3b4df463,population,Land area,Area (Km2(*),VN_SRC_HUNGYEN,Hung Yen,2023,annual,930.2,km2,footnoted,E0201,https://www.nso.gov.vn/en/px-web?pxid=E0201&theme=Population%20and%20Employment,source_reported_unharmonized
e0201_1a3b4df463,population,Land area,Area (Km2(*),VN_SRC_HUNGYEN,Hung Yen,2024,annual,930.2,km2,footnoted,E0201,https://www.nso.gov.vn/en/px-web?pxid=E0201&theme=Population%20and%20Employment,source_reported_unharmonized
e0201_1a3b4df463,population,Land area,Area (Km2(*),VN_SRC_HUNGYEN,Hung Yen,2025,annual,930.2,km2,footnoted,E0201,https://www.nso.gov.vn/en/px-web?pxid=E0201&theme=Population%20and%20Employment,source_reported_unharmonized
e0201_1a3b4df463,population,Land area,Area (Km2(*),VN_SRC_THAIBINH,Thai Binh,2011,annual,1570.0,km2,footnoted,E0201,https://www.nso.gov.vn/en/px-web?pxid=E0201&theme=Population%20and%20Employment,source_reported_unharmonized
e0201_1a3b4df463,population,Land area,Area (Km2(*),VN_SRC_THAIBINH,Thai Binh,2012,annual,1570.0,km2,footnoted,E0201,https://www.nso.gov.vn/en/px-web?pxid=E0201&theme=Population%20and%20Employment,source_reported_unharmonized
e0201_1a3b4df463,population,Land area,Area (Km2(*),VN_SRC_THAIBINH,Thai Binh,2013,annual,1570.5,km2,footnoted,E0201,https://www.nso.gov.vn/en/px-web?pxid=E0201&theme=Population%20and%20Employment,source_reported_unharmonized
e0201_1a3b4df463,population,Land area,Area (Km2(*),VN_SRC_THAIBINH,Thai Binh,2014,annual,1570.8,km2,footnoted,E0201,https://www.nso.gov.vn/en/px-web?pxid=E0201&theme=Population%20and%20Employment,source_reported_unharmonized
e0201_1a3b4df463,population,Land area,Area (Km2(*),VN_SRC_THAIBINH,Thai Binh,2015,annual,1570.8,km2,footnoted,E0201,https://www.nso.gov.vn/en/px-web?pxid=E0201&theme=Population%20and%20Employment,source_reported_unharmonized
e0201_1a3b4df463,population,Land area,Area (Km2(*),VN_SRC_THAIBINH,Thai Binh,2016,annual,1586.5,km2,footnoted,E0201,https://www.nso.gov.vn/en/px-web?pxid=E0201&theme=Population%20and%20Employment,source_reported_unharmonized
e0201_1a3b4df463,population,Land area,Area (Km2(*),VN_SRC_THAIBINH,Thai Binh,2017,annual,1586.3,km2,footnoted,E0201,https://www.nso.gov.vn/en/px-web?pxid=E0201&theme=Population%20and%20Employment,source_reported_unharmonized
e0201_1a3b4df463,population,Land area,Area (Km2(*),VN_SRC_THAIBINH,Thai Binh,2018,annual,1586.4,km2,footnoted,E0201,https://www.nso.gov.vn/en/px-web?pxid=E0201&theme=Population%20and%20Employment,source_reported_unharmonized
e0201_1a3b4df463,population,Land area,Area (Km2(*),VN_SRC_THAIBINH,Thai Binh,2019,annual,1586.4,km2,footnoted,E0201,https://www.nso.gov.vn/en/px-web?pxid=E0201&theme=Population%20and%20Employment,source_reported_unharmonized
e0201_1a3b4df463,population,Land area,Area (Km2(*),VN_SRC_THAIBINH,Thai Binh,2020,annual,1586.35,km2,footnoted,E0201,https://www.nso.gov.vn/en/px-web?pxid=E0201&theme=Population%20and%20Employment,source_reported_unharmonized
e0201_1a3b4df463,population,Land area,Area (Km2(*),VN_SRC_THAIBINH,Thai Binh,2021,annual,1584.61,km2,footnoted,E0201,https://www.nso.gov.vn/en/px-web?pxid=E0201&theme=Population%20and%20Employment,source_reported_unharmonized
e0201_1a3b4df463,population,Land area,Area (Km2(*),VN_SRC_THAIBINH,Thai Binh,2022,annual,1584.61,km2,footnoted,E0201,https://www.nso.gov.vn/en/px-web?pxid=E0201&theme=Population%20and%20Employment,source_reported_unharmonized
e0201_1a3b4df463,population,Land area,Area (Km2(*),VN_SRC_THAIBINH,Thai Binh,2023,annual,1584.61,km2,footnoted,E0201,https://www.nso.gov.vn/en/px-web?pxid=E0201&theme=Population%20and%20Employment,source_reported_unharmonized
e0201_1a3b4df463,population,Land area,Area (Km2(*),VN_SRC_THAIBINH,Thai Binh,2024,annual,1584.61,km2,footnoted,E0201,https://www.nso.gov.vn/en/px-web?pxid=E0201&theme=Population%20and%20Employment,source_reported_unharmonized
e0201_1a3b4df463,population,Land area,Area (Km2(*),VN_SRC_THAIBINH,Thai Binh,2025,annual,1584.61,km2,footnoted,E0201,https://www.nso.gov.vn/en/px-web?pxid=E0201&theme=Population%20and%20Employment,source_reported_unharmonized
e0201_1a3b4df463,population,Land area,Area (Km2(*),VN_SRC_HANAM,Ha Nam,2011,annual,860.5,km2,footnoted,E0201,https://www.nso.gov.vn/en/px-web?pxid=E0201&theme=Population%20and%20Employment,source_reported_unharmonized
e0201_1a3b4df463,population,Land area,Area (Km2(*),VN_SRC_HANAM,Ha Nam,2012,annual,860.5,km2,footnoted,E0201,https://www.nso.gov.vn/en/px-web?pxid=E0201&theme=Population%20and%20Employment,source_reported_unharmonized
e0201_1a3b4df463,population,Land area,Area (Km2(*),VN_SRC_HANAM,Ha Nam,2013,annual,860.5,km2,footnoted,E0201,https://www.nso.gov.vn/en/px-web?pxid=E0201&theme=Population%20and%20Employment,source_reported_unharmonized
e0201_1a3b4df463,population,Land area,Area (Km2(*),VN_SRC_HANAM,Ha Nam,2014,annual,862.0,km2,footnoted,E0201,https://www.nso.gov.vn/en/px-web?pxid=E0201&theme=Population%20and%20Employment,source_reported_unharmonized
e0201_1a3b4df463,population,Land area,Area (Km2(*),VN_SRC_HANAM,Ha Nam,2015,annual,862.0,km2,footnoted,E0201,https://www.nso.gov.vn/en/px-web?pxid=E0201&theme=Population%20and%20Employment,source_reported_unharmonized
e0201_1a3b4df463,population,Land area,Area (Km2(*),VN_SRC_HANAM,Ha Nam,2016,annual,862.0,km2,footnoted,E0201,https://www.nso.gov.vn/en/px-web?pxid=E0201&theme=Population%20and%20Employment,source_reported_unharmonized
e0201_1a3b4df463,population,Land area,Area (Km2(*),VN_SRC_HANAM,Ha Nam,2017,annual,861.9,km2,footnoted,E0201,https://www.nso.gov.vn/en/px-web?pxid=E0201&theme=Population%20and%20Employment,source_reported_unharmonized
e0201_1a3b4df463,population,Land area,Area (Km2(*),VN_SRC_HANAM,Ha Nam,2018,annual,861.9,km2,footnoted,E0201,https://www.nso.gov.vn/en/px-web?pxid=E0201&theme=Population%20and%20Employment,source_reported_unharmonized
e0201_1a3b4df463,population,Land area,Area (Km2(*),VN_SRC_HANAM,Ha Nam,2019,annual,861.9,km2,footnoted,E0201,https://www.nso.gov.vn/en/px-web?pxid=E0201&theme=Population%20and%20Employment,source_reported_unharmonized
e0201_1a3b4df463,population,Land area,Area (Km2(*),VN_SRC_HANAM,Ha Nam,2020,annual,861.93,km2,footnoted,E0201,https://www.nso.gov.vn/en/px-web?pxid=E0201&theme=Population%20and%20Employment,source_reported_unharmonized
e0201_1a3b4df463,population,Land area,Area (Km2(*),VN_SRC_HANAM,Ha Nam,2021,annual,861.93,km2,footnoted,E0201,https://www.nso.gov.vn/en/px-web?pxid=E0201&theme=Population%20and%20Employment,source_reported_unharmonized
e0201_1a3b4df463,population,Land area,Area (Km2(*),VN_SRC_HANAM,Ha Nam,2022,annual,861.93,km2,footnoted,E0201,https://www.nso.gov.vn/en/px-web?pxid=E0201&theme=Population%20and%20Employment,source_reported_unharmonized
e0201_1a3b4df463,population,Land area,Area (Km2(*),VN_SRC_HANAM,Ha Nam,2023,annual,861.93,km2,footnoted,E0201,https://www.nso.gov.vn/en/px-web?pxid=E0201&theme=Population%20and%20Employment,source_reported_unharmonized
e0201_1a3b4df463,population,Land area,Area (Km2(*),VN_SRC_HANAM,Ha Nam,2024,annual,861.93,km2,footnoted,E0201,https://www.nso.gov.vn/en/px-web?pxid=E0201&theme=Population%20and%20Employment,source_reported_unharmonized
e0201_1a3b4df463,population,Land area,Area (Km2(*),VN_SRC_HANAM,Ha Nam,2025,annual,861.93,km2,footnoted,E0201,https://www.nso.gov.vn/en/px-web?pxid=E0201&theme=Population%20and%20Employment,source_reported_unharmonized
e0201_1a3b4df463,population,Land area,Area (Km2(*),VN_SRC_NAMDINH,Nam Dinh,2011,annual,1651.4,km2,footnoted,E0201,https://www.nso.gov.vn/en/px-web?pxid=E0201&theme=Population%20and%20Employment,source_reported_unharmonized
e0201_1a3b4df463,population,Land area,Area (Km2(*),VN_SRC_NAMDINH,Nam Dinh,2012,annual,1652.6,km2,footnoted,E0201,https://www.nso.gov.vn/en/px-web?pxid=E0201&theme=Population%20and%20Employment,source_reported_unharmonized
e0201_1a3b4df463,population,Land area,Area (Km2(*),VN_SRC_NAMDINH,Nam Dinh,2013,annual,1652.8,km2,footnoted,E0201,https://www.nso.gov.vn/en/px-web?pxid=E0201&theme=Population%20and%20Employment,source_reported_unharmonized
e0201_1a3b4df463,population,Land area,Area (Km2(*),VN_SRC_NAMDINH,Nam Dinh,2014,annual,1653.2,km2,footnoted,E0201,https://www.nso.gov.vn/en/px-web?pxid=E0201&theme=Population%20and%20Employment,source_reported_unharmonized
e0201_1a3b4df463,population,Land area,Area (Km2(*),VN_SRC_NAMDINH,Nam Dinh,2015,annual,1653.2,km2,footnoted,E0201,https://www.nso.gov.vn/en/px-web?pxid=E0201&theme=Population%20and%20Employment,source_reported_unharmonized
e0201_1a3b4df463,population,Land area,Area (Km2(*),VN_SRC_NAMDINH,Nam Dinh,2016,annual,1668.5,km2,footnoted,E0201,https://www.nso.gov.vn/en/px-web?pxid=E0201&theme=Population%20and%20Employment,source_reported_unharmonized
e0201_1a3b4df463,population,Land area,Area (Km2(*),VN_SRC_NAMDINH,Nam Dinh,2017,annual,1668.5,km2,footnoted,E0201,https://www.nso.gov.vn/en/px-web?pxid=E0201&theme=Population%20and%20Employment,source_reported_unharmonized
e0201_1a3b4df463,population,Land area,Area (Km2(*),VN_SRC_NAMDINH,Nam Dinh,2018,annual,1668.5,km2,footnoted,E0201,https://www.nso.gov.vn/en/px-web?pxid=E0201&theme=Population%20and%20Employment,source_reported_unharmonized
e0201_1a3b4df463,population,Land area,Area (Km2(*),VN_SRC_NAMDINH,Nam Dinh,2019,annual,1668.6,km2,footnoted,E0201,https://www.nso.gov.vn/en/px-web?pxid=E0201&theme=Population%20and%20Employment,source_reported_unharmonized
e0201_1a3b4df463,population,Land area,Area (Km2(*),VN_SRC_NAMDINH,Nam Dinh,2020,annual,1668.57,km2,footnoted,E0201,https://www.nso.gov.vn/en/px-web?pxid=E0201&theme=Population%20and%20Employment,source_reported_unharmonized
e0201_1a3b4df463,population,Land area,Area (Km2(*),VN_SRC_NAMDINH,Nam Dinh,2021,annual,1668.83,km2,footnoted,E0201,https://www.nso.gov.vn/en/px-web?pxid=E0201&theme=Population%20and%20Employment,source_reported_unharmonized
e0201_1a3b4df463,population,Land area,Area (Km2(*),VN_SRC_NAMDINH,Nam Dinh,2022,annual,1668.83,km2,footnoted,E0201,https://www.nso.gov.vn/en/px-web?pxid=E0201&theme=Population%20and%20Employment,source_reported_unharmonized
e0201_1a3b4df463,population,Land area,Area (Km2(*),VN_SRC_NAMDINH,Nam Dinh,2023,annual,1668.83,km2,footnoted,E0201,https://www.nso.gov.vn/en/px-web?pxid=E0201&theme=Population%20and%20Employment,source_reported_unharmonized
e0201_1a3b4df463,population,Land area,Area (Km2(*),VN_SRC_NAMDINH,Nam Dinh,2024,annual,1668.83,km2,footnoted,E0201,https://www.nso.gov.vn/en/px-web?pxid=E0201&theme=Population%20and%20Employment,source_reported_unharmonized
e0201_1a3b4df463,population,Land area,Area (Km2(*),VN_SRC_NAMDINH,Nam Dinh,2025,annual,1668.83,km2,footnoted,E0201,https://www.nso.gov.vn/en/px-web?pxid=E0201&theme=Population%20and%20Employment,source_reported_unharmonized
e0201_1a3b4df463,population,Land area,Area (Km2(*),VN_SRC_NINHBINH,Ninh Binh,2011,annual,1390.3,km2,footnoted,E0201,https://www.nso.gov.vn/en/px-web?pxid=E0201&theme=Population%20and%20Employment,source_reported_unharmonized
e0201_1a3b4df463,population,Land area,Area (Km2(*),VN_SRC_NINHBINH,Ninh Binh,2012,annual,1376.7,km2,footnoted,E0201,https://www.nso.gov.vn/en/px-web?pxid=E0201&theme=Population%20and%20Employment,source_reported_unharmonized
e0201_1a3b4df463,population,Land area,Area (Km2(*),VN_SRC_NINHBINH,Ninh Binh,2013,annual,1378.1,km2,footnoted,E0201,https://www.nso.gov.vn/en/px-web?pxid=E0201&theme=Population%20and%20Employment,source_reported_unharmonized
e0201_1a3b4df463,population,Land area,Area (Km2(*),VN_SRC_NINHBINH,Ninh Binh,2014,annual,1377.6,km2,footnoted,E0201,https://www.nso.gov.vn/en/px-web?pxid=E0201&theme=Population%20and%20Employment,source_reported_unharmonized
e0201_1a3b4df463,population,Land area,Area (Km2(*),VN_SRC_NINHBINH,Ninh Binh,2015,annual,1377.6,km2,footnoted,E0201,https://www.nso.gov.vn/en/px-web?pxid=E0201&theme=Population%20and%20Employment,source_reported_unharmonized
e0201_1a3b4df463,population,Land area,Area (Km2(*),VN_SRC_NINHBINH,Ninh Binh,2016,annual,1386.8,km2,footnoted,E0201,https://www.nso.gov.vn/en/px-web?pxid=E0201&theme=Population%20and%20Employment,source_reported_unharmonized
e0201_1a3b4df463,population,Land area,Area (Km2(*),VN_SRC_NINHBINH,Ninh Binh,2017,annual,1386.8,km2,footnoted,E0201,https://www.nso.gov.vn/en/px-web?pxid=E0201&theme=Population%20and%20Employment,source_reported_unharmonized
e0201_1a3b4df463,population,Land area,Area (Km2(*),VN_SRC_NINHBINH,Ninh Binh,2018,annual,1386.8,km2,footnoted,E0201,https://www.nso.gov.vn/en/px-web?pxid=E0201&theme=Population%20and%20Employment,source_reported_unharmonized
e0201_1a3b4df463,population,Land area,Area (Km2(*),VN_SRC_NINHBINH,Ninh Binh,2019,annual,1386.8,km2,footnoted,E0201,https://www.nso.gov.vn/en/px-web?pxid=E0201&theme=Population%20and%20Employment,source_reported_unharmonized
e0201_1a3b4df463,population,Land area,Area (Km2(*),VN_SRC_NINHBINH,Ninh Binh,2020,annual,1386.79,km2,footnoted,E0201,https://www.nso.gov.vn/en/px-web?pxid=E0201&theme=Population%20and%20Employment,source_reported_unharmonized
e0201_1a3b4df463,population,Land area,Area (Km2(*),VN_SRC_NINHBINH,Ninh Binh,2021,annual,1411.78,km2,footnoted,E0201,https://www.nso.gov.vn/en/px-web?pxid=E0201&theme=Population%20and%20Employment,source_reported_unharmonized
e0201_1a3b4df463,population,Land area,Area (Km2(*),VN_SRC_NINHBINH,Ninh Binh,2022,annual,1411.78,km2,footnoted,E0201,https://www.nso.gov.vn/en/px-web?pxid=E0201&theme=Population%20and%20Employment,source_reported_unharmonized
e0201_1a3b4df463,population,Land area,Area (Km2(*),VN_SRC_NINHBINH,Ninh Binh,2023,annual,1411.78,km2,footnoted,E0201,https://www.nso.gov.vn/en/px-web?pxid=E0201&theme=Population%20and%20Employment,source_reported_unharmonized
e0201_1a3b4df463,population,Land area,Area (Km2(*),VN_SRC_NINHBINH,Ninh Binh,2024,annual,1411.86,km2,footnoted,E0201,https://www.nso.gov.vn/en/px-web?pxid=E0201&theme=Population%20and%20Employment,source_reported_unharmonized
e0201_1a3b4df463,population,Land area,Area (Km2(*),VN_SRC_NINHBINH,Ninh Binh,2025,annual,1411.86,km2,footnoted,E0201,https://www.nso.gov.vn/en/px-web?pxid=E0201&theme=Population%20and%20Employment,source_reported_unharmonized
e0201_1a3b4df463,population,Land area,Area (Km2(*),VN_SRC_HAGIANG,Ha Giang,2011,annual,7914.9,km2,footnoted,E0201,https://www.nso.gov.vn/en/px-web?pxid=E0201&theme=Population%20and%20Employment,source_reported_unharmonized
e0201_1a3b4df463,population,Land area,Area (Km2(*),VN_SRC_HAGIANG,Ha Giang,2012,annual,7914.9,km2,footnoted,E0201,https://www.nso.gov.vn/en/px-web?pxid=E0201&theme=Population%20and%20Employment,source_reported_unharmonized
e0201_1a3b4df463,population,Land area,Area (Km2(*),VN_SRC_HAGIANG,Ha Giang,2013,annual,7914.9,km2,footnoted,E0201,https://www.nso.gov.vn/en/px-web?pxid=E0201&theme=Population%20and%20Employment,source_reported_unharmonized
e0201_1a3b4df463,population,Land area,Area (Km2(*),VN_SRC_HAGIANG,Ha Giang,2014,annual,7914.9,km2,footnoted,E0201,https://www.nso.gov.vn/en/px-web?pxid=E0201&theme=Population%20and%20Employment,source_reported_unharmonized
e0201_1a3b4df463,population,Land area,Area (Km2(*),VN_SRC_HAGIANG,Ha Giang,2015,annual,7914.9,km2,footnoted,E0201,https://www.nso.gov.vn/en/px-web?pxid=E0201&theme=Population%20and%20Employment,source_reported_unharmonized
e0201_1a3b4df463,population,Land area,Area (Km2(*),VN_SRC_HAGIANG,Ha Giang,2016,annual,7929.2,km2,footnoted,E0201,https://www.nso.gov.vn/en/px-web?pxid=E0201&theme=Population%20and%20Employment,source_reported_unharmonized
e0201_1a3b4df463,population,Land area,Area (Km2(*),VN_SRC_HAGIANG,Ha Giang,2017,annual,7929.5,km2,footnoted,E0201,https://www.nso.gov.vn/en/px-web?pxid=E0201&theme=Population%20and%20Employment,source_reported_unharmonized
e0201_1a3b4df463,population,Land area,Area (Km2(*),VN_SRC_HAGIANG,Ha Giang,2018,annual,7929.5,km2,footnoted,E0201,https://www.nso.gov.vn/en/px-web?pxid=E0201&theme=Population%20and%20Employment,source_reported_unharmonized
e0201_1a3b4df463,population,Land area,Area (Km2(*),VN_SRC_HAGIANG,Ha Giang,2019,annual,7929.5,km2,footnoted,E0201,https://www.nso.gov.vn/en/px-web?pxid=E0201&theme=Population%20and%20Employment,source_reported_unharmonized
e0201_1a3b4df463,population,Land area,Area (Km2(*),VN_SRC_HAGIANG,Ha Giang,2020,annual,7929.48,km2,footnoted,E0201,https://www.nso.gov.vn/en/px-web?pxid=E0201&theme=Population%20and%20Employment,source_reported_unharmonized
e0201_1a3b4df463,population,Land area,Area (Km2(*),VN_SRC_HAGIANG,Ha Giang,2021,annual,7927.55,km2,footnoted,E0201,https://www.nso.gov.vn/en/px-web?pxid=E0201&theme=Population%20and%20Employment,source_reported_unharmonized
e0201_1a3b4df463,population,Land area,Area (Km2(*),VN_SRC_HAGIANG,Ha Giang,2022,annual,7927.55,km2,footnoted,E0201,https://www.nso.gov.vn/en/px-web?pxid=E0201&theme=Population%20and%20Employment,source_reported_unharmonized
e0201_1a3b4df463,population,Land area,Area (Km2(*),VN_SRC_HAGIANG,Ha Giang,2023,annual,7927.55,km2,footnoted,E0201,https://www.nso.gov.vn/en/px-web?pxid=E0201&theme=Population%20and%20Employment,source_reported_unharmonized
e0201_1a3b4df463,population,Land area,Area (Km2(*),VN_SRC_HAGIANG,Ha Giang,2024,annual,7927.55,km2,footnoted,E0201,https://www.nso.gov.vn/en/px-web?pxid=E0201&theme=Population%20and%20Employment,source_reported_unharmonized
e0201_1a3b4df463,population,Land area,Area (Km2(*),VN_SRC_HAGIANG,Ha Giang,2025,annual,7927.55,km2,footnoted,E0201,https://www.nso.gov.vn/en/px-web?pxid=E0201&theme=Population%20and%20Employment,source_reported_unharmonized
e0201_1a3b4df463,population,Land area,Area (Km2(*),VN_SRC_CAOBANG,Cao Bang,2011,annual,6707.9,km2,footnoted,E0201,https://www.nso.gov.vn/en/px-web?pxid=E0201&theme=Population%20and%20Employment,source_reported_unharmonized
e0201_1a3b4df463,population,Land area,Area (Km2(*),VN_SRC_CAOBANG,Cao Bang,2012,annual,6707.9,km2,footnoted,E0201,https://www.nso.gov.vn/en/px-web?pxid=E0201&theme=Population%20and%20Employment,source_reported_unharmonized
e0201_1a3b4df463,population,Land area,Area (Km2(*),VN_SRC_CAOBANG,Cao Bang,2013,annual,6707.9,km2,footnoted,E0201,https://www.nso.gov.vn/en/px-web?pxid=E0201&theme=Population%20and%20Employment,source_reported_unharmonized
e0201_1a3b4df463,population,Land area,Area (Km2(*),VN_SRC_CAOBANG,Cao Bang,2014,annual,6703.4,km2,footnoted,E0201,https://www.nso.gov.vn/en/px-web?pxid=E0201&theme=Population%20and%20Employment,source_reported_unharmonized
e0201_1a3b4df463,population,Land area,Area (Km2(*),VN_SRC_CAOBANG,Cao Bang,2015,annual,6703.4,km2,footnoted,E0201,https://www.nso.gov.vn/en/px-web?pxid=E0201&theme=Population%20and%20Employment,source_reported_unharmonized
e0201_1a3b4df463,population,Land area,Area (Km2(*),VN_SRC_CAOBANG,Cao Bang,2016,annual,6700.2,km2,footnoted,E0201,https://www.nso.gov.vn/en/px-web?pxid=E0201&theme=Population%20and%20Employment,source_reported_unharmonized
e0201_1a3b4df463,population,Land area,Area (Km2(*),VN_SRC_CAOBANG,Cao Bang,2017,annual,6700.3,km2,footnoted,E0201,https://www.nso.gov.vn/en/px-web?pxid=E0201&theme=Population%20and%20Employment,source_reported_unharmonized
e0201_1a3b4df463,population,Land area,Area (Km2(*),VN_SRC_CAOBANG,Cao Bang,2018,annual,6700.3,km2,footnoted,E0201,https://www.nso.gov.vn/en/px-web?pxid=E0201&theme=Population%20and%20Employment,source_reported_unharmonized
e0201_1a3b4df463,population,Land area,Area (Km2(*),VN_SRC_CAOBANG,Cao Bang,2019,annual,6700.3,km2,footnoted,E0201,https://www.nso.gov.vn/en/px-web?pxid=E0201&theme=Population%20and%20Employment,source_reported_unharmonized
e0201_1a3b4df463,population,Land area,Area (Km2(*),VN_SRC_CAOBANG,Cao Bang,2020,annual,6700.26,km2,footnoted,E0201,https://www.nso.gov.vn/en/px-web?pxid=E0201&theme=Population%20and%20Employment,source_reported_unharmonized
e0201_1a3b4df463,population,Land area,Area (Km2(*),VN_SRC_CAOBANG,Cao Bang,2021,annual,6700.39,km2,footnoted,E0201,https://www.nso.gov.vn/en/px-web?pxid=E0201&theme=Population%20and%20Employment,source_reported_unharmonized
e0201_1a3b4df463,population,Land area,Area (Km2(*),VN_SRC_CAOBANG,Cao Bang,2022,annual,6700.39,km2,footnoted,E0201,https://www.nso.gov.vn/en/px-web?pxid=E0201&theme=Population%20and%20Employment,source_reported_unharmonized
e0201_1a3b4df463,population,Land area,Area (Km2(*),VN_SRC_CAOBANG,Cao Bang,2023,annual,6700.39,km2,footnoted,E0201,https://www.nso.gov.vn/en/px-web?pxid=E0201&theme=Population%20and%20Employment,source_reported_unharmonized
e0201_1a3b4df463,population,Land area,Area (Km2(*),VN_SRC_CAOBANG,Cao Bang,2024,annual,6700.39,km2,footnoted,E0201,https://www.nso.gov.vn/en/px-web?pxid=E0201&theme=Population%20and%20Employment,source_reported_unharmonized
e0201_1a3b4df463,population,Land area,Area (Km2(*),VN_SRC_CAOBANG,Cao Bang,2025,annual,6700.39,km2,footnoted,E0201,https://www.nso.gov.vn/en/px-web?pxid=E0201&theme=Population%20and%20Employment,source_reported_unharmonized
e0201_1a3b4df463,population,Land area,Area (Km2(*),VN_SRC_BACKAN,Bac Kan,2011,annual,4859.4,km2,footnoted,E0201,https://www.nso.gov.vn/en/px-web?pxid=E0201&theme=Population%20and%20Employment,source_reported_unharmonized
e0201_1a3b4df463,population,Land area,Area (Km2(*),VN_SRC_BACKAN,Bac Kan,2012,annual,4859.4,km2,footnoted,E0201,https://www.nso.gov.vn/en/px-web?pxid=E0201&theme=Population%20and%20Employment,source_reported_unharmonized
e0201_1a3b4df463,population,Land area,Area (Km2(*),VN_SRC_BACKAN,Bac Kan,2013,annual,4859.4,km2,footnoted,E0201,https://www.nso.gov.vn/en/px-web?pxid=E0201&theme=Population%20and%20Employment,source_reported_unharmonized
e0201_1a3b4df463,population,Land area,Area (Km2(*),VN_SRC_BACKAN,Bac Kan,2014,annual,4859.4,km2,footnoted,E0201,https://www.nso.gov.vn/en/px-web?pxid=E0201&theme=Population%20and%20Employment,source_reported_unharmonized
e0201_1a3b4df463,population,Land area,Area (Km2(*),VN_SRC_BACKAN,Bac Kan,2015,annual,4859.4,km2,footnoted,E0201,https://www.nso.gov.vn/en/px-web?pxid=E0201&theme=Population%20and%20Employment,source_reported_unharmonized
e0201_1a3b4df463,population,Land area,Area (Km2(*),VN_SRC_BACKAN,Bac Kan,2016,annual,4860.0,km2,footnoted,E0201,https://www.nso.gov.vn/en/px-web?pxid=E0201&theme=Population%20and%20Employment,source_reported_unharmonized
e0201_1a3b4df463,population,Land area,Area (Km2(*),VN_SRC_BACKAN,Bac Kan,2017,annual,4860.0,km2,footnoted,E0201,https://www.nso.gov.vn/en/px-web?pxid=E0201&theme=Population%20and%20Employment,source_reported_unharmonized
e0201_1a3b4df463,population,Land area,Area (Km2(*),VN_SRC_BACKAN,Bac Kan,2018,annual,4860.0,km2,footnoted,E0201,https://www.nso.gov.vn/en/px-web?pxid=E0201&theme=Population%20and%20Employment,source_reported_unharmonized
e0201_1a3b4df463,population,Land area,Area (Km2(*),VN_SRC_BACKAN,Bac Kan,2019,annual,4860.0,km2,footnoted,E0201,https://www.nso.gov.vn/en/px-web?pxid=E0201&theme=Population%20and%20Employment,source_reported_unharmonized
e0201_1a3b4df463,population,Land area,Area (Km2(*),VN_SRC_BACKAN,Bac Kan,2020,annual,4859.96,km2,footnoted,E0201,https://www.nso.gov.vn/en/px-web?pxid=E0201&theme=Population%20and%20Employment,source_reported_unharmonized
e0201_1a3b4df463,population,Land area,Area (Km2(*),VN_SRC_BACKAN,Bac Kan,2021,annual,4859.96,km2,footnoted,E0201,https://www.nso.gov.vn/en/px-web?pxid=E0201&theme=Population%20and%20Employment,source_reported_unharmonized
e0201_1a3b4df463,population,Land area,Area (Km2(*),VN_SRC_BACKAN,Bac Kan,2022,annual,4859.96,km2,footnoted,E0201,https://www.nso.gov.vn/en/px-web?pxid=E0201&theme=Population%20and%20Employment,source_reported_unharmonized
e0201_1a3b4df463,population,Land area,Area (Km2(*),VN_SRC_BACKAN,Bac Kan,2023,annual,4859.96,km2,footnoted,E0201,https://www.nso.gov.vn/en/px-web?pxid=E0201&theme=Population%20and%20Employment,source_reported_unharmonized
e0201_1a3b4df463,population,Land area,Area (Km2(*),VN_SRC_BACKAN,Bac Kan,2024,annual,4853.25,km2,footnoted,E0201,https://www.nso.gov.vn/en/px-web?pxid=E0201&theme=Population%20and%20Employment,source_reported_unharmonized
e0201_1a3b4df463,population,Land area,Area (Km2(*),VN_SRC_BACKAN,Bac Kan,2025,annual,4853.25,km2,footnoted,E0201,https://www.nso.gov.vn/en/px-web?pxid=E0201&theme=Population%20and%20Employment,source_reported_unharmonized
e0201_1a3b4df463,population,Land area,Area (Km2(*),VN_SRC_TUYENQUANG,Tuyen Quang,2011,annual,5867.3,km2,footnoted,E0201,https://www.nso.gov.vn/en/px-web?pxid=E0201&theme=Population%20and%20Employment,source_reported_unharmonized
e0201_1a3b4df463,population,Land area,Area (Km2(*),VN_SRC_TUYENQUANG,Tuyen Quang,2012,annual,5867.3,km2,footnoted,E0201,https://www.nso.gov.vn/en/px-web?pxid=E0201&theme=Population%20and%20Employment,source_reported_unharmonized
e0201_1a3b4df463,population,Land area,Area (Km2(*),VN_SRC_TUYENQUANG,Tuyen Quang,2013,annual,5867.3,km2,footnoted,E0201,https://www.nso.gov.vn/en/px-web?pxid=E0201&theme=Population%20and%20Employment,source_reported_unharmonized
e0201_1a3b4df463,population,Land area,Area (Km2(*),VN_SRC_TUYENQUANG,Tuyen Quang,2014,annual,5867.3,km2,footnoted,E0201,https://www.nso.gov.vn/en/px-web?pxid=E0201&theme=Population%20and%20Employment,source_reported_unharmonized
e0201_1a3b4df463,population,Land area,Area (Km2(*),VN_SRC_TUYENQUANG,Tuyen Quang,2015,annual,5867.3,km2,footnoted,E0201,https://www.nso.gov.vn/en/px-web?pxid=E0201&theme=Population%20and%20Employment,source_reported_unharmonized
e0201_1a3b4df463,population,Land area,Area (Km2(*),VN_SRC_TUYENQUANG,Tuyen Quang,2016,annual,5867.9,km2,footnoted,E0201,https://www.nso.gov.vn/en/px-web?pxid=E0201&theme=Population%20and%20Employment,source_reported_unharmonized
e0201_1a3b4df463,population,Land area,Area (Km2(*),VN_SRC_TUYENQUANG,Tuyen Quang,2017,annual,5867.9,km2,footnoted,E0201,https://www.nso.gov.vn/en/px-web?pxid=E0201&theme=Population%20and%20Employment,source_reported_unharmonized
e0201_1a3b4df463,population,Land area,Area (Km2(*),VN_SRC_TUYENQUANG,Tuyen Quang,2018,annual,5867.9,km2,footnoted,E0201,https://www.nso.gov.vn/en/px-web?pxid=E0201&theme=Population%20and%20Employment,source_reported_unharmonized
e0201_1a3b4df463,population,Land area,Area (Km2(*),VN_SRC_TUYENQUANG,Tuyen Quang,2019,annual,5867.9,km2,footnoted,E0201,https://www.nso.gov.vn/en/px-web?pxid=E0201&theme=Population%20and%20Employment,source_reported_unharmonized
e0201_1a3b4df463,population,Land area,Area (Km2(*),VN_SRC_TUYENQUANG,Tuyen Quang,2020,annual,5867.9,km2,footnoted,E0201,https://www.nso.gov.vn/en/px-web?pxid=E0201&theme=Population%20and%20Employment,source_reported_unharmonized
e0201_1a3b4df463,population,Land area,Area (Km2(*),VN_SRC_TUYENQUANG,Tuyen Quang,2021,annual,5867.95,km2,footnoted,E0201,https://www.nso.gov.vn/en/px-web?pxid=E0201&theme=Population%20and%20Employment,source_reported_unharmonized
e0201_1a3b4df463,population,Land area,Area (Km2(*),VN_SRC_TUYENQUANG,Tuyen Quang,2022,annual,5867.95,km2,footnoted,E0201,https://www.nso.gov.vn/en/px-web?pxid=E0201&theme=Population%20and%20Employment,source_reported_unharmonized
e0201_1a3b4df463,population,Land area,Area (Km2(*),VN_SRC_TUYENQUANG,Tuyen Quang,2023,annual,5867.95,km2,footnoted,E0201,https://www.nso.gov.vn/en/px-web?pxid=E0201&theme=Population%20and%20Employment,source_reported_unharmonized
e0201_1a3b4df463,population,Land area,Area (Km2(*),VN_SRC_TUYENQUANG,Tuyen Quang,2024,annual,5867.95,km2,footnoted,E0201,https://www.nso.gov.vn/en/px-web?pxid=E0201&theme=Population%20and%20Employment,source_reported_unharmonized
e0201_1a3b4df463,population,Land area,Area (Km2(*),VN_SRC_TUYENQUANG,Tuyen Quang,2025,annual,5867.95,km2,footnoted,E0201,https://www.nso.gov.vn/en/px-web?pxid=E0201&theme=Population%20and%20Employment,source_reported_unharmonized
e0201_1a3b4df463,population,Land area,Area (Km2(*),VN_SRC_LAOCAI,Lao Cai,2011,annual,6383.9,km2,footnoted,E0201,https://www.nso.gov.vn/en/px-web?pxid=E0201&theme=Population%20and%20Employment,source_reported_unharmonized
e0201_1a3b4df463,population,Land area,Area (Km2(*),VN_SRC_LAOCAI,Lao Cai,2012,annual,6383.9,km2,footnoted,E0201,https://www.nso.gov.vn/en/px-web?pxid=E0201&theme=Population%20and%20Employment,source_reported_unharmonized
e0201_1a3b4df463,population,Land area,Area (Km2(*),VN_SRC_LAOCAI,Lao Cai,2013,annual,6383.9,km2,footnoted,E0201,https://www.nso.gov.vn/en/px-web?pxid=E0201&theme=Population%20and%20Employment,source_reported_unharmonized
e0201_1a3b4df463,population,Land area,Area (Km2(*),VN_SRC_LAOCAI,Lao Cai,2014,annual,6383.9,km2,footnoted,E0201,https://www.nso.gov.vn/en/px-web?pxid=E0201&theme=Population%20and%20Employment,source_reported_unharmonized
e0201_1a3b4df463,population,Land area,Area (Km2(*),VN_SRC_LAOCAI,Lao Cai,2015,annual,6383.9,km2,footnoted,E0201,https://www.nso.gov.vn/en/px-web?pxid=E0201&theme=Population%20and%20Employment,source_reported_unharmonized
e0201_1a3b4df463,population,Land area,Area (Km2(*),VN_SRC_LAOCAI,Lao Cai,2016,annual,6364.0,km2,footnoted,E0201,https://www.nso.gov.vn/en/px-web?pxid=E0201&theme=Population%20and%20Employment,source_reported_unharmonized
e0201_1a3b4df463,population,Land area,Area (Km2(*),VN_SRC_LAOCAI,Lao Cai,2017,annual,6364.0,km2,footnoted,E0201,https://www.nso.gov.vn/en/px-web?pxid=E0201&theme=Population%20and%20Employment,source_reported_unharmonized
e0201_1a3b4df463,population,Land area,Area (Km2(*),VN_SRC_LAOCAI,Lao Cai,2018,annual,6364.0,km2,footnoted,E0201,https://www.nso.gov.vn/en/px-web?pxid=E0201&theme=Population%20and%20Employment,source_reported_unharmonized
e0201_1a3b4df463,population,Land area,Area (Km2(*),VN_SRC_LAOCAI,Lao Cai,2019,annual,6364.0,km2,footnoted,E0201,https://www.nso.gov.vn/en/px-web?pxid=E0201&theme=Population%20and%20Employment,source_reported_unharmonized
e0201_1a3b4df463,population,Land area,Area (Km2(*),VN_SRC_LAOCAI,Lao Cai,2020,annual,6364.03,km2,footnoted,E0201,https://www.nso.gov.vn/en/px-web?pxid=E0201&theme=Population%20and%20Employment,source_reported_unharmonized
e0201_1a3b4df463,population,Land area,Area (Km2(*),VN_SRC_LAOCAI,Lao Cai,2021,annual,6364.25,km2,footnoted,E0201,https://www.nso.gov.vn/en/px-web?pxid=E0201&theme=Population%20and%20Employment,source_reported_unharmonized
e0201_1a3b4df463,population,Land area,Area (Km2(*),VN_SRC_LAOCAI,Lao Cai,2022,annual,6364.25,km2,footnoted,E0201,https://www.nso.gov.vn/en/px-web?pxid=E0201&theme=Population%20and%20Employment,source_reported_unharmonized
e0201_1a3b4df463,population,Land area,Area (Km2(*),VN_SRC_LAOCAI,Lao Cai,2023,annual,6364.25,km2,footnoted,E0201,https://www.nso.gov.vn/en/px-web?pxid=E0201&theme=Population%20and%20Employment,source_reported_unharmonized
e0201_1a3b4df463,population,Land area,Area (Km2(*),VN_SRC_LAOCAI,Lao Cai,2024,annual,6364.25,km2,footnoted,E0201,https://www.nso.gov.vn/en/px-web?pxid=E0201&theme=Population%20and%20Employment,source_reported_unharmonized
e0201_1a3b4df463,population,Land area,Area (Km2(*),VN_SRC_LAOCAI,Lao Cai,2025,annual,6364.25,km2,footnoted,E0201,https://www.nso.gov.vn/en/px-web?pxid=E0201&theme=Population%20and%20Employment,source_reported_unharmonized
e0201_1a3b4df463,population,Land area,Area (Km2(*),VN_SRC_YENBAI,Yen Bai,2011,annual,6886.3,km2,footnoted,E0201,https://www.nso.gov.vn/en/px-web?pxid=E0201&theme=Population%20and%20Employment,source_reported_unharmonized
e0201_1a3b4df463,population,Land area,Area (Km2(*),VN_SRC_YENBAI,Yen Bai,2012,annual,6886.3,km2,footnoted,E0201,https://www.nso.gov.vn/en/px-web?pxid=E0201&theme=Population%20and%20Employment,source_reported_unharmonized
e0201_1a3b4df463,population,Land area,Area (Km2(*),VN_SRC_YENBAI,Yen Bai,2013,annual,6886.3,km2,footnoted,E0201,https://www.nso.gov.vn/en/px-web?pxid=E0201&theme=Population%20and%20Employment,source_reported_unharmonized
e0201_1a3b4df463,population,Land area,Area (Km2(*),VN_SRC_YENBAI,Yen Bai,2014,annual,6886.3,km2,footnoted,E0201,https://www.nso.gov.vn/en/px-web?pxid=E0201&theme=Population%20and%20Employment,source_reported_unharmonized
e0201_1a3b4df463,population,Land area,Area (Km2(*),VN_SRC_YENBAI,Yen Bai,2015,annual,6886.3,km2,footnoted,E0201,https://www.nso.gov.vn/en/px-web?pxid=E0201&theme=Population%20and%20Employment,source_reported_unharmonized
e0201_1a3b4df463,population,Land area,Area (Km2(*),VN_SRC_YENBAI,Yen Bai,2016,annual,6887.6,km2,footnoted,E0201,https://www.nso.gov.vn/en/px-web?pxid=E0201&theme=Population%20and%20Employment,source_reported_unharmonized
e0201_1a3b4df463,population,Land area,Area (Km2(*),VN_SRC_YENBAI,Yen Bai,2017,annual,6887.7,km2,footnoted,E0201,https://www.nso.gov.vn/en/px-web?pxid=E0201&theme=Population%20and%20Employment,source_reported_unharmonized
e0201_1a3b4df463,population,Land area,Area (Km2(*),VN_SRC_YENBAI,Yen Bai,2018,annual,6887.7,km2,footnoted,E0201,https://www.nso.gov.vn/en/px-web?pxid=E0201&theme=Population%20and%20Employment,source_reported_unharmonized
e0201_1a3b4df463,population,Land area,Area (Km2(*),VN_SRC_YENBAI,Yen Bai,2019,annual,6887.5,km2,footnoted,E0201,https://www.nso.gov.vn/en/px-web?pxid=E0201&theme=Population%20and%20Employment,source_reported_unharmonized
e0201_1a3b4df463,population,Land area,Area (Km2(*),VN_SRC_YENBAI,Yen Bai,2020,annual,6887.46,km2,footnoted,E0201,https://www.nso.gov.vn/en/px-web?pxid=E0201&theme=Population%20and%20Employment,source_reported_unharmonized
e0201_1a3b4df463,population,Land area,Area (Km2(*),VN_SRC_YENBAI,Yen Bai,2021,annual,6892.67,km2,footnoted,E0201,https://www.nso.gov.vn/en/px-web?pxid=E0201&theme=Population%20and%20Employment,source_reported_unharmonized
e0201_1a3b4df463,population,Land area,Area (Km2(*),VN_SRC_YENBAI,Yen Bai,2022,annual,6892.67,km2,footnoted,E0201,https://www.nso.gov.vn/en/px-web?pxid=E0201&theme=Population%20and%20Employment,source_reported_unharmonized
e0201_1a3b4df463,population,Land area,Area (Km2(*),VN_SRC_YENBAI,Yen Bai,2023,annual,6892.67,km2,footnoted,E0201,https://www.nso.gov.vn/en/px-web?pxid=E0201&theme=Population%20and%20Employment,source_reported_unharmonized
e0201_1a3b4df463,population,Land area,Area (Km2(*),VN_SRC_YENBAI,Yen Bai,2024,annual,6892.67,km2,footnoted,E0201,https://www.nso.gov.vn/en/px-web?pxid=E0201&theme=Population%20and%20Employment,source_reported_unharmonized
e0201_1a3b4df463,population,Land area,Area (Km2(*),VN_SRC_YENBAI,Yen Bai,2025,annual,6892.67,km2,footnoted,E0201,https://www.nso.gov.vn/en/px-web?pxid=E0201&theme=Population%20and%20Employment,source_reported_unharmonized
e0201_1a3b4df463,population,Land area,Area (Km2(*),VN_SRC_THAINGUYEN,Thai Nguyen,2011,annual,3531.7,km2,footnoted,E0201,https://www.nso.gov.vn/en/px-web?pxid=E0201&theme=Population%20and%20Employment,source_reported_unharmonized
e0201_1a3b4df463,population,Land area,Area (Km2(*),VN_SRC_THAINGUYEN,Thai Nguyen,2012,annual,3534.7,km2,footnoted,E0201,https://www.nso.gov.vn/en/px-web?pxid=E0201&theme=Population%20and%20Employment,source_reported_unharmonized
e0201_1a3b4df463,population,Land area,Area (Km2(*),VN_SRC_THAINGUYEN,Thai Nguyen,2013,annual,3536.4,km2,footnoted,E0201,https://www.nso.gov.vn/en/px-web?pxid=E0201&theme=Population%20and%20Employment,source_reported_unharmonized
e0201_1a3b4df463,population,Land area,Area (Km2(*),VN_SRC_THAINGUYEN,Thai Nguyen,2014,annual,3533.2,km2,footnoted,E0201,https://www.nso.gov.vn/en/px-web?pxid=E0201&theme=Population%20and%20Employment,source_reported_unharmonized
e0201_1a3b4df463,population,Land area,Area (Km2(*),VN_SRC_THAINGUYEN,Thai Nguyen,2015,annual,3533.2,km2,footnoted,E0201,https://www.nso.gov.vn/en/px-web?pxid=E0201&theme=Population%20and%20Employment,source_reported_unharmonized
e0201_1a3b4df463,population,Land area,Area (Km2(*),VN_SRC_THAINGUYEN,Thai Nguyen,2016,annual,3526.7,km2,footnoted,E0201,https://www.nso.gov.vn/en/px-web?pxid=E0201&theme=Population%20and%20Employment,source_reported_unharmonized
e0201_1a3b4df463,population,Land area,Area (Km2(*),VN_SRC_THAINGUYEN,Thai Nguyen,2017,annual,3526.6,km2,footnoted,E0201,https://www.nso.gov.vn/en/px-web?pxid=E0201&theme=Population%20and%20Employment,source_reported_unharmonized
e0201_1a3b4df463,population,Land area,Area (Km2(*),VN_SRC_THAINGUYEN,Thai Nguyen,2018,annual,3526.6,km2,footnoted,E0201,https://www.nso.gov.vn/en/px-web?pxid=E0201&theme=Population%20and%20Employment,source_reported_unharmonized
e0201_1a3b4df463,population,Land area,Area (Km2(*),VN_SRC_THAINGUYEN,Thai Nguyen,2019,annual,3526.6,km2,footnoted,E0201,https://www.nso.gov.vn/en/px-web?pxid=E0201&theme=Population%20and%20Employment,source_reported_unharmonized
e0201_1a3b4df463,population,Land area,Area (Km2(*),VN_SRC_THAINGUYEN,Thai Nguyen,2020,annual,3526.64,km2,footnoted,E0201,https://www.nso.gov.vn/en/px-web?pxid=E0201&theme=Population%20and%20Employment,source_reported_unharmonized
e0201_1a3b4df463,population,Land area,Area (Km2(*),VN_SRC_THAINGUYEN,Thai Nguyen,2021,annual,3521.96,km2,footnoted,E0201,https://www.nso.gov.vn/en/px-web?pxid=E0201&theme=Population%20and%20Employment,source_reported_unharmonized
e0201_1a3b4df463,population,Land area,Area (Km2(*),VN_SRC_THAINGUYEN,Thai Nguyen,2022,annual,3521.97,km2,footnoted,E0201,https://www.nso.gov.vn/en/px-web?pxid=E0201&theme=Population%20and%20Employment,source_reported_unharmonized
e0201_1a3b4df463,population,Land area,Area (Km2(*),VN_SRC_THAINGUYEN,Thai Nguyen,2023,annual,3521.96,km2,footnoted,E0201,https://www.nso.gov.vn/en/px-web?pxid=E0201&theme=Population%20and%20Employment,source_reported_unharmonized
e0201_1a3b4df463,population,Land area,Area (Km2(*),VN_SRC_THAINGUYEN,Thai Nguyen,2024,annual,3521.96,km2,footnoted,E0201,https://www.nso.gov.vn/en/px-web?pxid=E0201&theme=Population%20and%20Employment,source_reported_unharmonized
e0201_1a3b4df463,population,Land area,Area (Km2(*),VN_SRC_THAINGUYEN,Thai Nguyen,2025,annual,3521.96,km2,footnoted,E0201,https://www.nso.gov.vn/en/px-web?pxid=E0201&theme=Population%20and%20Employment,source_reported_unharmonized
e0201_1a3b4df463,population,Land area,Area (Km2(*),VN_SRC_LANGSON,Lang Son,2011,annual,8320.8,km2,footnoted,E0201,https://www.nso.gov.vn/en/px-web?pxid=E0201&theme=Population%20and%20Employment,source_reported_unharmonized
e0201_1a3b4df463,population,Land area,Area (Km2(*),VN_SRC_LANGSON,Lang Son,2012,annual,8320.8,km2,footnoted,E0201,https://www.nso.gov.vn/en/px-web?pxid=E0201&theme=Population%20and%20Employment,source_reported_unharmonized
e0201_1a3b4df463,population,Land area,Area (Km2(*),VN_SRC_LANGSON,Lang Son,2013,annual,8320.8,km2,footnoted,E0201,https://www.nso.gov.vn/en/px-web?pxid=E0201&theme=Population%20and%20Employment,source_reported_unharmonized
e0201_1a3b4df463,population,Land area,Area (Km2(*),VN_SRC_LANGSON,Lang Son,2014,annual,8320.8,km2,footnoted,E0201,https://www.nso.gov.vn/en/px-web?pxid=E0201&theme=Population%20and%20Employment,source_reported_unharmonized
e0201_1a3b4df463,population,Land area,Area (Km2(*),VN_SRC_LANGSON,Lang Son,2015,annual,8320.8,km2,footnoted,E0201,https://www.nso.gov.vn/en/px-web?pxid=E0201&theme=Population%20and%20Employment,source_reported_unharmonized
e0201_1a3b4df463,population,Land area,Area (Km2(*),VN_SRC_LANGSON,Lang Son,2016,annual,8310.2,km2,footnoted,E0201,https://www.nso.gov.vn/en/px-web?pxid=E0201&theme=Population%20and%20Employment,source_reported_unharmonized
e0201_1a3b4df463,population,Land area,Area (Km2(*),VN_SRC_LANGSON,Lang Son,2017,annual,8310.1,km2,footnoted,E0201,https://www.nso.gov.vn/en/px-web?pxid=E0201&theme=Population%20and%20Employment,source_reported_unharmonized
e0201_1a3b4df463,population,Land area,Area (Km2(*),VN_SRC_LANGSON,Lang Son,2018,annual,8310.1,km2,footnoted,E0201,https://www.nso.gov.vn/en/px-web?pxid=E0201&theme=Population%20and%20Employment,source_reported_unharmonized
e0201_1a3b4df463,population,Land area,Area (Km2(*),VN_SRC_LANGSON,Lang Son,2019,annual,8310.1,km2,footnoted,E0201,https://www.nso.gov.vn/en/px-web?pxid=E0201&theme=Population%20and%20Employment,source_reported_unharmonized
e0201_1a3b4df463,population,Land area,Area (Km2(*),VN_SRC_LANGSON,Lang Son,2020,annual,8310.09,km2,footnoted,E0201,https://www.nso.gov.vn/en/px-web?pxid=E0201&theme=Population%20and%20Employment,source_reported_unharmonized
e0201_1a3b4df463,population,Land area,Area (Km2(*),VN_SRC_LANGSON,Lang Son,2021,annual,8310.18,km2,footnoted,E0201,https://www.nso.gov.vn/en/px-web?pxid=E0201&theme=Population%20and%20Employment,source_reported_unharmonized
e0201_1a3b4df463,population,Land area,Area (Km2(*),VN_SRC_LANGSON,Lang Son,2022,annual,8310.18,km2,footnoted,E0201,https://www.nso.gov.vn/en/px-web?pxid=E0201&theme=Population%20and%20Employment,source_reported_unharmonized
e0201_1a3b4df463,population,Land area,Area (Km2(*),VN_SRC_LANGSON,Lang Son,2023,annual,8310.18,km2,footnoted,E0201,https://www.nso.gov.vn/en/px-web?pxid=E0201&theme=Population%20and%20Employment,source_reported_unharmonized
e0201_1a3b4df463,population,Land area,Area (Km2(*),VN_SRC_LANGSON,Lang Son,2024,annual,8310.18,km2,footnoted,E0201,https://www.nso.gov.vn/en/px-web?pxid=E0201&theme=Population%20and%20Employment,source_reported_unharmonized
e0201_1a3b4df463,population,Land area,Area (Km2(*),VN_SRC_LANGSON,Lang Son,2025,annual,8310.18,km2,footnoted,E0201,https://www.nso.gov.vn/en/px-web?pxid=E0201&theme=Population%20and%20Employment,source_reported_unharmonized
e0201_1a3b4df463,population,Land area,Area (Km2(*),VN_SRC_BACGIANG,Bac Giang,2011,annual,3844.0,km2,footnoted,E0201,https://www.nso.gov.vn/en/px-web?pxid=E0201&theme=Population%20and%20Employment,source_reported_unharmonized
e0201_1a3b4df463,population,Land area,Area (Km2(*),VN_SRC_BACGIANG,Bac Giang,2012,annual,3848.9,km2,footnoted,E0201,https://www.nso.gov.vn/en/px-web?pxid=E0201&theme=Population%20and%20Employment,source_reported_unharmonized
e0201_1a3b4df463,population,Land area,Area (Km2(*),VN_SRC_BACGIANG,Bac Giang,2013,annual,3849.7,km2,footnoted,E0201,https://www.nso.gov.vn/en/px-web?pxid=E0201&theme=Population%20and%20Employment,source_reported_unharmonized
e0201_1a3b4df463,population,Land area,Area (Km2(*),VN_SRC_BACGIANG,Bac Giang,2014,annual,3849.5,km2,footnoted,E0201,https://www.nso.gov.vn/en/px-web?pxid=E0201&theme=Population%20and%20Employment,source_reported_unharmonized
e0201_1a3b4df463,population,Land area,Area (Km2(*),VN_SRC_BACGIANG,Bac Giang,2015,annual,3849.5,km2,footnoted,E0201,https://www.nso.gov.vn/en/px-web?pxid=E0201&theme=Population%20and%20Employment,source_reported_unharmonized
e0201_1a3b4df463,population,Land area,Area (Km2(*),VN_SRC_BACGIANG,Bac Giang,2016,annual,3895.5,km2,footnoted,E0201,https://www.nso.gov.vn/en/px-web?pxid=E0201&theme=Population%20and%20Employment,source_reported_unharmonized
e0201_1a3b4df463,population,Land area,Area (Km2(*),VN_SRC_BACGIANG,Bac Giang,2017,annual,3895.5,km2,footnoted,E0201,https://www.nso.gov.vn/en/px-web?pxid=E0201&theme=Population%20and%20Employment,source_reported_unharmonized
e0201_1a3b4df463,population,Land area,Area (Km2(*),VN_SRC_BACGIANG,Bac Giang,2018,annual,3895.6,km2,footnoted,E0201,https://www.nso.gov.vn/en/px-web?pxid=E0201&theme=Population%20and%20Employment,source_reported_unharmonized
e0201_1a3b4df463,population,Land area,Area (Km2(*),VN_SRC_BACGIANG,Bac Giang,2019,annual,3895.6,km2,footnoted,E0201,https://www.nso.gov.vn/en/px-web?pxid=E0201&theme=Population%20and%20Employment,source_reported_unharmonized
e0201_1a3b4df463,population,Land area,Area (Km2(*),VN_SRC_BACGIANG,Bac Giang,2020,annual,3895.59,km2,footnoted,E0201,https://www.nso.gov.vn/en/px-web?pxid=E0201&theme=Population%20and%20Employment,source_reported_unharmonized
e0201_1a3b4df463,population,Land area,Area (Km2(*),VN_SRC_BACGIANG,Bac Giang,2021,annual,3895.89,km2,footnoted,E0201,https://www.nso.gov.vn/en/px-web?pxid=E0201&theme=Population%20and%20Employment,source_reported_unharmonized
e0201_1a3b4df463,population,Land area,Area (Km2(*),VN_SRC_BACGIANG,Bac Giang,2022,annual,3895.89,km2,footnoted,E0201,https://www.nso.gov.vn/en/px-web?pxid=E0201&theme=Population%20and%20Employment,source_reported_unharmonized
e0201_1a3b4df463,population,Land area,Area (Km2(*),VN_SRC_BACGIANG,Bac Giang,2023,annual,3895.89,km2,footnoted,E0201,https://www.nso.gov.vn/en/px-web?pxid=E0201&theme=Population%20and%20Employment,source_reported_unharmonized
e0201_1a3b4df463,population,Land area,Area (Km2(*),VN_SRC_BACGIANG,Bac Giang,2024,annual,3895.89,km2,footnoted,E0201,https://www.nso.gov.vn/en/px-web?pxid=E0201&theme=Population%20and%20Employment,source_reported_unharmonized
e0201_1a3b4df463,population,Land area,Area (Km2(*),VN_SRC_BACGIANG,Bac Giang,2025,annual,3895.89,km2,footnoted,E0201,https://www.nso.gov.vn/en/px-web?pxid=E0201&theme=Population%20and%20Employment,source_reported_unharmonized
e0201_1a3b4df463,population,Land area,Area (Km2(*),VN_SRC_PHUTHO,Phu Tho,2011,annual,3533.4,km2,footnoted,E0201,https://www.nso.gov.vn/en/px-web?pxid=E0201&theme=Population%20and%20Employment,source_reported_unharmonized
e0201_1a3b4df463,population,Land area,Area (Km2(*),VN_SRC_PHUTHO,Phu Tho,2012,annual,3533.4,km2,footnoted,E0201,https://www.nso.gov.vn/en/px-web?pxid=E0201&theme=Population%20and%20Employment,source_reported_unharmonized
e0201_1a3b4df463,population,Land area,Area (Km2(*),VN_SRC_PHUTHO,Phu Tho,2013,annual,3533.3,km2,footnoted,E0201,https://www.nso.gov.vn/en/px-web?pxid=E0201&theme=Population%20and%20Employment,source_reported_unharmonized
e0201_1a3b4df463,population,Land area,Area (Km2(*),VN_SRC_PHUTHO,Phu Tho,2014,annual,3533.3,km2,footnoted,E0201,https://www.nso.gov.vn/en/px-web?pxid=E0201&theme=Population%20and%20Employment,source_reported_unharmonized
e0201_1a3b4df463,population,Land area,Area (Km2(*),VN_SRC_PHUTHO,Phu Tho,2015,annual,3533.3,km2,footnoted,E0201,https://www.nso.gov.vn/en/px-web?pxid=E0201&theme=Population%20and%20Employment,source_reported_unharmonized
e0201_1a3b4df463,population,Land area,Area (Km2(*),VN_SRC_PHUTHO,Phu Tho,2016,annual,3534.4,km2,footnoted,E0201,https://www.nso.gov.vn/en/px-web?pxid=E0201&theme=Population%20and%20Employment,source_reported_unharmonized
e0201_1a3b4df463,population,Land area,Area (Km2(*),VN_SRC_PHUTHO,Phu Tho,2017,annual,3534.6,km2,footnoted,E0201,https://www.nso.gov.vn/en/px-web?pxid=E0201&theme=Population%20and%20Employment,source_reported_unharmonized
e0201_1a3b4df463,population,Land area,Area (Km2(*),VN_SRC_PHUTHO,Phu Tho,2018,annual,3534.6,km2,footnoted,E0201,https://www.nso.gov.vn/en/px-web?pxid=E0201&theme=Population%20and%20Employment,source_reported_unharmonized
e0201_1a3b4df463,population,Land area,Area (Km2(*),VN_SRC_PHUTHO,Phu Tho,2019,annual,3534.6,km2,footnoted,E0201,https://www.nso.gov.vn/en/px-web?pxid=E0201&theme=Population%20and%20Employment,source_reported_unharmonized
e0201_1a3b4df463,population,Land area,Area (Km2(*),VN_SRC_PHUTHO,Phu Tho,2020,annual,3534.56,km2,footnoted,E0201,https://www.nso.gov.vn/en/px-web?pxid=E0201&theme=Population%20and%20Employment,source_reported_unharmonized
e0201_1a3b4df463,population,Land area,Area (Km2(*),VN_SRC_PHUTHO,Phu Tho,2021,annual,3534.56,km2,footnoted,E0201,https://www.nso.gov.vn/en/px-web?pxid=E0201&theme=Population%20and%20Employment,source_reported_unharmonized
e0201_1a3b4df463,population,Land area,Area (Km2(*),VN_SRC_PHUTHO,Phu Tho,2022,annual,3534.56,km2,footnoted,E0201,https://www.nso.gov.vn/en/px-web?pxid=E0201&theme=Population%20and%20Employment,source_reported_unharmonized
e0201_1a3b4df463,population,Land area,Area (Km2(*),VN_SRC_PHUTHO,Phu Tho,2023,annual,3534.56,km2,footnoted,E0201,https://www.nso.gov.vn/en/px-web?pxid=E0201&theme=Population%20and%20Employment,source_reported_unharmonized
e0201_1a3b4df463,population,Land area,Area (Km2(*),VN_SRC_PHUTHO,Phu Tho,2024,annual,3534.56,km2,footnoted,E0201,https://www.nso.gov.vn/en/px-web?pxid=E0201&theme=Population%20and%20Employment,source_reported_unharmonized
e0201_1a3b4df463,population,Land area,Area (Km2(*),VN_SRC_PHUTHO,Phu Tho,2025,annual,3534.56,km2,footnoted,E0201,https://www.nso.gov.vn/en/px-web?pxid=E0201&theme=Population%20and%20Employment,source_reported_unharmonized
e0201_1a3b4df463,population,Land area,Area (Km2(*),VN_SRC_DIENBIEN,Dien Bien,2011,annual,9562.9,km2,footnoted,E0201,https://www.nso.gov.vn/en/px-web?pxid=E0201&theme=Population%20and%20Employment,source_reported_unharmonized
e0201_1a3b4df463,population,Land area,Area (Km2(*),VN_SRC_DIENBIEN,Dien Bien,2012,annual,9562.9,km2,footnoted,E0201,https://www.nso.gov.vn/en/px-web?pxid=E0201&theme=Population%20and%20Employment,source_reported_unharmonized
e0201_1a3b4df463,population,Land area,Area (Km2(*),VN_SRC_DIENBIEN,Dien Bien,2013,annual,9562.9,km2,footnoted,E0201,https://www.nso.gov.vn/en/px-web?pxid=E0201&theme=Population%20and%20Employment,source_reported_unharmonized
e0201_1a3b4df463,population,Land area,Area (Km2(*),VN_SRC_DIENBIEN,Dien Bien,2014,annual,9562.9,km2,footnoted,E0201,https://www.nso.gov.vn/en/px-web?pxid=E0201&theme=Population%20and%20Employment,source_reported_unharmonized
e0201_1a3b4df463,population,Land area,Area (Km2(*),VN_SRC_DIENBIEN,Dien Bien,2015,annual,9562.9,km2,footnoted,E0201,https://www.nso.gov.vn/en/px-web?pxid=E0201&theme=Population%20and%20Employment,source_reported_unharmonized
e0201_1a3b4df463,population,Land area,Area (Km2(*),VN_SRC_DIENBIEN,Dien Bien,2016,annual,9540.9,km2,footnoted,E0201,https://www.nso.gov.vn/en/px-web?pxid=E0201&theme=Population%20and%20Employment,source_reported_unharmonized
e0201_1a3b4df463,population,Land area,Area (Km2(*),VN_SRC_DIENBIEN,Dien Bien,2017,annual,9541.3,km2,footnoted,E0201,https://www.nso.gov.vn/en/px-web?pxid=E0201&theme=Population%20and%20Employment,source_reported_unharmonized
e0201_1a3b4df463,population,Land area,Area (Km2(*),VN_SRC_DIENBIEN,Dien Bien,2018,annual,9541.2,km2,footnoted,E0201,https://www.nso.gov.vn/en/px-web?pxid=E0201&theme=Population%20and%20Employment,source_reported_unharmonized
e0201_1a3b4df463,population,Land area,Area (Km2(*),VN_SRC_DIENBIEN,Dien Bien,2019,annual,9541.3,km2,footnoted,E0201,https://www.nso.gov.vn/en/px-web?pxid=E0201&theme=Population%20and%20Employment,source_reported_unharmonized
e0201_1a3b4df463,population,Land area,Area (Km2(*),VN_SRC_DIENBIEN,Dien Bien,2020,annual,9541.25,km2,footnoted,E0201,https://www.nso.gov.vn/en/px-web?pxid=E0201&theme=Population%20and%20Employment,source_reported_unharmonized
e0201_1a3b4df463,population,Land area,Area (Km2(*),VN_SRC_DIENBIEN,Dien Bien,2021,annual,9539.92,km2,footnoted,E0201,https://www.nso.gov.vn/en/px-web?pxid=E0201&theme=Population%20and%20Employment,source_reported_unharmonized
e0201_1a3b4df463,population,Land area,Area (Km2(*),VN_SRC_DIENBIEN,Dien Bien,2022,annual,9539.93,km2,footnoted,E0201,https://www.nso.gov.vn/en/px-web?pxid=E0201&theme=Population%20and%20Employment,source_reported_unharmonized
e0201_1a3b4df463,population,Land area,Area (Km2(*),VN_SRC_DIENBIEN,Dien Bien,2023,annual,9539.93,km2,footnoted,E0201,https://www.nso.gov.vn/en/px-web?pxid=E0201&theme=Population%20and%20Employment,source_reported_unharmonized
e0201_1a3b4df463,population,Land area,Area (Km2(*),VN_SRC_DIENBIEN,Dien Bien,2024,annual,9539.93,km2,footnoted,E0201,https://www.nso.gov.vn/en/px-web?pxid=E0201&theme=Population%20and%20Employment,source_reported_unharmonized
e0201_1a3b4df463,population,Land area,Area (Km2(*),VN_SRC_DIENBIEN,Dien Bien,2025,annual,9539.93,km2,footnoted,E0201,https://www.nso.gov.vn/en/px-web?pxid=E0201&theme=Population%20and%20Employment,source_reported_unharmonized
e0201_1a3b4df463,population,Land area,Area (Km2(*),VN_SRC_LAICHAU,Lai Chau,2011,annual,9068.8,km2,footnoted,E0201,https://www.nso.gov.vn/en/px-web?pxid=E0201&theme=Population%20and%20Employment,source_reported_unharmonized
e0201_1a3b4df463,population,Land area,Area (Km2(*),VN_SRC_LAICHAU,Lai Chau,2012,annual,9068.8,km2,footnoted,E0201,https://www.nso.gov.vn/en/px-web?pxid=E0201&theme=Population%20and%20Employment,source_reported_unharmonized
e0201_1a3b4df463,population,Land area,Area (Km2(*),VN_SRC_LAICHAU,Lai Chau,2013,annual,9068.8,km2,footnoted,E0201,https://www.nso.gov.vn/en/px-web?pxid=E0201&theme=Population%20and%20Employment,source_reported_unharmonized
e0201_1a3b4df463,population,Land area,Area (Km2(*),VN_SRC_LAICHAU,Lai Chau,2014,annual,9068.8,km2,footnoted,E0201,https://www.nso.gov.vn/en/px-web?pxid=E0201&theme=Population%20and%20Employment,source_reported_unharmonized
e0201_1a3b4df463,population,Land area,Area (Km2(*),VN_SRC_LAICHAU,Lai Chau,2015,annual,9068.8,km2,footnoted,E0201,https://www.nso.gov.vn/en/px-web?pxid=E0201&theme=Population%20and%20Employment,source_reported_unharmonized
e0201_1a3b4df463,population,Land area,Area (Km2(*),VN_SRC_LAICHAU,Lai Chau,2016,annual,9069.5,km2,footnoted,E0201,https://www.nso.gov.vn/en/px-web?pxid=E0201&theme=Population%20and%20Employment,source_reported_unharmonized
e0201_1a3b4df463,population,Land area,Area (Km2(*),VN_SRC_LAICHAU,Lai Chau,2017,annual,9068.8,km2,footnoted,E0201,https://www.nso.gov.vn/en/px-web?pxid=E0201&theme=Population%20and%20Employment,source_reported_unharmonized
e0201_1a3b4df463,population,Land area,Area (Km2(*),VN_SRC_LAICHAU,Lai Chau,2018,annual,9068.8,km2,footnoted,E0201,https://www.nso.gov.vn/en/px-web?pxid=E0201&theme=Population%20and%20Employment,source_reported_unharmonized
e0201_1a3b4df463,population,Land area,Area (Km2(*),VN_SRC_LAICHAU,Lai Chau,2019,annual,9068.8,km2,footnoted,E0201,https://www.nso.gov.vn/en/px-web?pxid=E0201&theme=Population%20and%20Employment,source_reported_unharmonized
e0201_1a3b4df463,population,Land area,Area (Km2(*),VN_SRC_LAICHAU,Lai Chau,2020,annual,9068.79,km2,footnoted,E0201,https://www.nso.gov.vn/en/px-web?pxid=E0201&theme=Population%20and%20Employment,source_reported_unharmonized
e0201_1a3b4df463,population,Land area,Area (Km2(*),VN_SRC_LAICHAU,Lai Chau,2021,annual,9068.73,km2,footnoted,E0201,https://www.nso.gov.vn/en/px-web?pxid=E0201&theme=Population%20and%20Employment,source_reported_unharmonized
e0201_1a3b4df463,population,Land area,Area (Km2(*),VN_SRC_LAICHAU,Lai Chau,2022,annual,9068.73,km2,footnoted,E0201,https://www.nso.gov.vn/en/px-web?pxid=E0201&theme=Population%20and%20Employment,source_reported_unharmonized
e0201_1a3b4df463,population,Land area,Area (Km2(*),VN_SRC_LAICHAU,Lai Chau,2023,annual,9068.73,km2,footnoted,E0201,https://www.nso.gov.vn/en/px-web?pxid=E0201&theme=Population%20and%20Employment,source_reported_unharmonized
e0201_1a3b4df463,population,Land area,Area (Km2(*),VN_SRC_LAICHAU,Lai Chau,2024,annual,9068.73,km2,footnoted,E0201,https://www.nso.gov.vn/en/px-web?pxid=E0201&theme=Population%20and%20Employment,source_reported_unharmonized
e0201_1a3b4df463,population,Land area,Area (Km2(*),VN_SRC_LAICHAU,Lai Chau,2025,annual,9068.73,km2,footnoted,E0201,https://www.nso.gov.vn/en/px-web?pxid=E0201&theme=Population%20and%20Employment,source_reported_unharmonized
e0201_1a3b4df463,population,Land area,Area (Km2(*),VN_SRC_SONLA,Son La,2011,annual,14174.4,km2,footnoted,E0201,https://www.nso.gov.vn/en/px-web?pxid=E0201&theme=Population%20and%20Employment,source_reported_unharmonized
e0201_1a3b4df463,population,Land area,Area (Km2(*),VN_SRC_SONLA,Son La,2012,annual,14174.4,km2,footnoted,E0201,https://www.nso.gov.vn/en/px-web?pxid=E0201&theme=Population%20and%20Employment,source_reported_unharmonized
e0201_1a3b4df463,population,Land area,Area (Km2(*),VN_SRC_SONLA,Son La,2013,annual,14174.4,km2,footnoted,E0201,https://www.nso.gov.vn/en/px-web?pxid=E0201&theme=Population%20and%20Employment,source_reported_unharmonized
e0201_1a3b4df463,population,Land area,Area (Km2(*),VN_SRC_SONLA,Son La,2014,annual,14174.4,km2,footnoted,E0201,https://www.nso.gov.vn/en/px-web?pxid=E0201&theme=Population%20and%20Employment,source_reported_unharmonized
e0201_1a3b4df463,population,Land area,Area (Km2(*),VN_SRC_SONLA,Son La,2015,annual,14174.4,km2,footnoted,E0201,https://www.nso.gov.vn/en/px-web?pxid=E0201&theme=Population%20and%20Employment,source_reported_unharmonized
e0201_1a3b4df463,population,Land area,Area (Km2(*),VN_SRC_SONLA,Son La,2016,annual,14123.5,km2,footnoted,E0201,https://www.nso.gov.vn/en/px-web?pxid=E0201&theme=Population%20and%20Employment,source_reported_unharmonized
e0201_1a3b4df463,population,Land area,Area (Km2(*),VN_SRC_SONLA,Son La,2017,annual,14123.5,km2,footnoted,E0201,https://www.nso.gov.vn/en/px-web?pxid=E0201&theme=Population%20and%20Employment,source_reported_unharmonized
e0201_1a3b4df463,population,Land area,Area (Km2(*),VN_SRC_SONLA,Son La,2018,annual,14123.5,km2,footnoted,E0201,https://www.nso.gov.vn/en/px-web?pxid=E0201&theme=Population%20and%20Employment,source_reported_unharmonized
e0201_1a3b4df463,population,Land area,Area (Km2(*),VN_SRC_SONLA,Son La,2019,annual,14123.5,km2,footnoted,E0201,https://www.nso.gov.vn/en/px-web?pxid=E0201&theme=Population%20and%20Employment,source_reported_unharmonized
e0201_1a3b4df463,population,Land area,Area (Km2(*),VN_SRC_SONLA,Son La,2020,annual,14123.49,km2,footnoted,E0201,https://www.nso.gov.vn/en/px-web?pxid=E0201&theme=Population%20and%20Employment,source_reported_unharmonized
e0201_1a3b4df463,population,Land area,Area (Km2(*),VN_SRC_SONLA,Son La,2021,annual,14109.83,km2,footnoted,E0201,https://www.nso.gov.vn/en/px-web?pxid=E0201&theme=Population%20and%20Employment,source_reported_unharmonized
e0201_1a3b4df463,population,Land area,Area (Km2(*),VN_SRC_SONLA,Son La,2022,annual,14109.83,km2,footnoted,E0201,https://www.nso.gov.vn/en/px-web?pxid=E0201&theme=Population%20and%20Employment,source_reported_unharmonized
e0201_1a3b4df463,population,Land area,Area (Km2(*),VN_SRC_SONLA,Son La,2023,annual,14109.82,km2,footnoted,E0201,https://www.nso.gov.vn/en/px-web?pxid=E0201&theme=Population%20and%20Employment,source_reported_unharmonized
e0201_1a3b4df463,population,Land area,Area (Km2(*),VN_SRC_SONLA,Son La,2024,annual,14108.89,km2,footnoted,E0201,https://www.nso.gov.vn/en/px-web?pxid=E0201&theme=Population%20and%20Employment,source_reported_unharmonized
e0201_1a3b4df463,population,Land area,Area (Km2(*),VN_SRC_SONLA,Son La,2025,annual,14108.89,km2,footnoted,E0201,https://www.nso.gov.vn/en/px-web?pxid=E0201&theme=Population%20and%20Employment,source_reported_unharmonized
e0201_1a3b4df463,population,Land area,Area (Km2(*),VN_SRC_HOABINH,Hoa Binh,2011,annual,4608.7,km2,footnoted,E0201,https://www.nso.gov.vn/en/px-web?pxid=E0201&theme=Population%20and%20Employment,source_reported_unharmonized
e0201_1a3b4df463,population,Land area,Area (Km2(*),VN_SRC_HOABINH,Hoa Binh,2012,annual,4608.7,km2,footnoted,E0201,https://www.nso.gov.vn/en/px-web?pxid=E0201&theme=Population%20and%20Employment,source_reported_unharmonized
e0201_1a3b4df463,population,Land area,Area (Km2(*),VN_SRC_HOABINH,Hoa Binh,2013,annual,4608.7,km2,footnoted,E0201,https://www.nso.gov.vn/en/px-web?pxid=E0201&theme=Population%20and%20Employment,source_reported_unharmonized
e0201_1a3b4df463,population,Land area,Area (Km2(*),VN_SRC_HOABINH,Hoa Binh,2014,annual,4608.7,km2,footnoted,E0201,https://www.nso.gov.vn/en/px-web?pxid=E0201&theme=Population%20and%20Employment,source_reported_unharmonized
e0201_1a3b4df463,population,Land area,Area (Km2(*),VN_SRC_HOABINH,Hoa Binh,2015,annual,4608.7,km2,footnoted,E0201,https://www.nso.gov.vn/en/px-web?pxid=E0201&theme=Population%20and%20Employment,source_reported_unharmonized
e0201_1a3b4df463,population,Land area,Area (Km2(*),VN_SRC_HOABINH,Hoa Binh,2016,annual,4590.7,km2,footnoted,E0201,https://www.nso.gov.vn/en/px-web?pxid=E0201&theme=Population%20and%20Employment,source_reported_unharmonized
e0201_1a3b4df463,population,Land area,Area (Km2(*),VN_SRC_HOABINH,Hoa Binh,2017,annual,4590.6,km2,footnoted,E0201,https://www.nso.gov.vn/en/px-web?pxid=E0201&theme=Population%20and%20Employment,source_reported_unharmonized
e0201_1a3b4df463,population,Land area,Area (Km2(*),VN_SRC_HOABINH,Hoa Binh,2018,annual,4590.6,km2,footnoted,E0201,https://www.nso.gov.vn/en/px-web?pxid=E0201&theme=Population%20and%20Employment,source_reported_unharmonized
e0201_1a3b4df463,population,Land area,Area (Km2(*),VN_SRC_HOABINH,Hoa Binh,2019,annual,4590.6,km2,footnoted,E0201,https://www.nso.gov.vn/en/px-web?pxid=E0201&theme=Population%20and%20Employment,source_reported_unharmonized
e0201_1a3b4df463,population,Land area,Area (Km2(*),VN_SRC_HOABINH,Hoa Binh,2020,annual,4590.57,km2,footnoted,E0201,https://www.nso.gov.vn/en/px-web?pxid=E0201&theme=Population%20and%20Employment,source_reported_unharmonized
e0201_1a3b4df463,population,Land area,Area (Km2(*),VN_SRC_HOABINH,Hoa Binh,2021,annual,4590.3,km2,footnoted,E0201,https://www.nso.gov.vn/en/px-web?pxid=E0201&theme=Population%20and%20Employment,source_reported_unharmonized
e0201_1a3b4df463,population,Land area,Area (Km2(*),VN_SRC_HOABINH,Hoa Binh,2022,annual,4590.3,km2,footnoted,E0201,https://www.nso.gov.vn/en/px-web?pxid=E0201&theme=Population%20and%20Employment,source_reported_unharmonized
e0201_1a3b4df463,population,Land area,Area (Km2(*),VN_SRC_HOABINH,Hoa Binh,2023,annual,4590.3,km2,footnoted,E0201,https://www.nso.gov.vn/en/px-web?pxid=E0201&theme=Population%20and%20Employment,source_reported_unharmonized
e0201_1a3b4df463,population,Land area,Area (Km2(*),VN_SRC_HOABINH,Hoa Binh,2024,annual,4590.82,km2,footnoted,E0201,https://www.nso.gov.vn/en/px-web?pxid=E0201&theme=Population%20and%20Employment,source_reported_unharmonized
e0201_1a3b4df463,population,Land area,Area (Km2(*),VN_SRC_HOABINH,Hoa Binh,2025,annual,4590.82,km2,footnoted,E0201,https://www.nso.gov.vn/en/px-web?pxid=E0201&theme=Population%20and%20Employment,source_reported_unharmonized
e0201_1a3b4df463,population,Land area,Area (Km2(*),VN_SRC_THANHHOA,Thanh Hoa,2011,annual,11131.9,km2,footnoted,E0201,https://www.nso.gov.vn/en/px-web?pxid=E0201&theme=Population%20and%20Employment,source_reported_unharmonized
e0201_1a3b4df463,population,Land area,Area (Km2(*),VN_SRC_THANHHOA,Thanh Hoa,2012,annual,11132.2,km2,footnoted,E0201,https://www.nso.gov.vn/en/px-web?pxid=E0201&theme=Population%20and%20Employment,source_reported_unharmonized
e0201_1a3b4df463,population,Land area,Area (Km2(*),VN_SRC_THANHHOA,Thanh Hoa,2013,annual,11130.5,km2,footnoted,E0201,https://www.nso.gov.vn/en/px-web?pxid=E0201&theme=Population%20and%20Employment,source_reported_unharmonized
e0201_1a3b4df463,population,Land area,Area (Km2(*),VN_SRC_THANHHOA,Thanh Hoa,2014,annual,11129.5,km2,footnoted,E0201,https://www.nso.gov.vn/en/px-web?pxid=E0201&theme=Population%20and%20Employment,source_reported_unharmonized
e0201_1a3b4df463,population,Land area,Area (Km2(*),VN_SRC_THANHHOA,Thanh Hoa,2015,annual,11129.5,km2,footnoted,E0201,https://www.nso.gov.vn/en/px-web?pxid=E0201&theme=Population%20and%20Employment,source_reported_unharmonized
e0201_1a3b4df463,population,Land area,Area (Km2(*),VN_SRC_THANHHOA,Thanh Hoa,2016,annual,11114.5,km2,footnoted,E0201,https://www.nso.gov.vn/en/px-web?pxid=E0201&theme=Population%20and%20Employment,source_reported_unharmonized
e0201_1a3b4df463,population,Land area,Area (Km2(*),VN_SRC_THANHHOA,Thanh Hoa,2017,annual,11114.7,km2,footnoted,E0201,https://www.nso.gov.vn/en/px-web?pxid=E0201&theme=Population%20and%20Employment,source_reported_unharmonized
e0201_1a3b4df463,population,Land area,Area (Km2(*),VN_SRC_THANHHOA,Thanh Hoa,2018,annual,11114.6,km2,footnoted,E0201,https://www.nso.gov.vn/en/px-web?pxid=E0201&theme=Population%20and%20Employment,source_reported_unharmonized
e0201_1a3b4df463,population,Land area,Area (Km2(*),VN_SRC_THANHHOA,Thanh Hoa,2019,annual,11114.6,km2,footnoted,E0201,https://www.nso.gov.vn/en/px-web?pxid=E0201&theme=Population%20and%20Employment,source_reported_unharmonized
e0201_1a3b4df463,population,Land area,Area (Km2(*),VN_SRC_THANHHOA,Thanh Hoa,2020,annual,11114.65,km2,footnoted,E0201,https://www.nso.gov.vn/en/px-web?pxid=E0201&theme=Population%20and%20Employment,source_reported_unharmonized
e0201_1a3b4df463,population,Land area,Area (Km2(*),VN_SRC_THANHHOA,Thanh Hoa,2021,annual,11114.71,km2,footnoted,E0201,https://www.nso.gov.vn/en/px-web?pxid=E0201&theme=Population%20and%20Employment,source_reported_unharmonized
e0201_1a3b4df463,population,Land area,Area (Km2(*),VN_SRC_THANHHOA,Thanh Hoa,2022,annual,11114.71,km2,footnoted,E0201,https://www.nso.gov.vn/en/px-web?pxid=E0201&theme=Population%20and%20Employment,source_reported_unharmonized
e0201_1a3b4df463,population,Land area,Area (Km2(*),VN_SRC_THANHHOA,Thanh Hoa,2023,annual,11114.71,km2,footnoted,E0201,https://www.nso.gov.vn/en/px-web?pxid=E0201&theme=Population%20and%20Employment,source_reported_unharmonized
e0201_1a3b4df463,population,Land area,Area (Km2(*),VN_SRC_THANHHOA,Thanh Hoa,2024,annual,11114.71,km2,footnoted,E0201,https://www.nso.gov.vn/en/px-web?pxid=E0201&theme=Population%20and%20Employment,source_reported_unharmonized
e0201_1a3b4df463,population,Land area,Area (Km2(*),VN_SRC_THANHHOA,Thanh Hoa,2025,annual,11114.71,km2,footnoted,E0201,https://www.nso.gov.vn/en/px-web?pxid=E0201&theme=Population%20and%20Employment,source_reported_unharmonized
e0201_1a3b4df463,population,Land area,Area (Km2(*),VN_SRC_NGHEAN,Nghe An,2011,annual,16493.7,km2,footnoted,E0201,https://www.nso.gov.vn/en/px-web?pxid=E0201&theme=Population%20and%20Employment,source_reported_unharmonized
e0201_1a3b4df463,population,Land area,Area (Km2(*),VN_SRC_NGHEAN,Nghe An,2012,annual,16490.9,km2,footnoted,E0201,https://www.nso.gov.vn/en/px-web?pxid=E0201&theme=Population%20and%20Employment,source_reported_unharmonized
e0201_1a3b4df463,population,Land area,Area (Km2(*),VN_SRC_NGHEAN,Nghe An,2013,annual,16492.7,km2,footnoted,E0201,https://www.nso.gov.vn/en/px-web?pxid=E0201&theme=Population%20and%20Employment,source_reported_unharmonized
e0201_1a3b4df463,population,Land area,Area (Km2(*),VN_SRC_NGHEAN,Nghe An,2014,annual,16490.0,km2,footnoted,E0201,https://www.nso.gov.vn/en/px-web?pxid=E0201&theme=Population%20and%20Employment,source_reported_unharmonized
e0201_1a3b4df463,population,Land area,Area (Km2(*),VN_SRC_NGHEAN,Nghe An,2015,annual,16490.0,km2,footnoted,E0201,https://www.nso.gov.vn/en/px-web?pxid=E0201&theme=Population%20and%20Employment,source_reported_unharmonized
e0201_1a3b4df463,population,Land area,Area (Km2(*),VN_SRC_NGHEAN,Nghe An,2016,annual,16481.7,km2,footnoted,E0201,https://www.nso.gov.vn/en/px-web?pxid=E0201&theme=Population%20and%20Employment,source_reported_unharmonized
e0201_1a3b4df463,population,Land area,Area (Km2(*),VN_SRC_NGHEAN,Nghe An,2017,annual,16481.6,km2,footnoted,E0201,https://www.nso.gov.vn/en/px-web?pxid=E0201&theme=Population%20and%20Employment,source_reported_unharmonized
e0201_1a3b4df463,population,Land area,Area (Km2(*),VN_SRC_NGHEAN,Nghe An,2018,annual,16481.6,km2,footnoted,E0201,https://www.nso.gov.vn/en/px-web?pxid=E0201&theme=Population%20and%20Employment,source_reported_unharmonized
e0201_1a3b4df463,population,Land area,Area (Km2(*),VN_SRC_NGHEAN,Nghe An,2019,annual,16481.4,km2,footnoted,E0201,https://www.nso.gov.vn/en/px-web?pxid=E0201&theme=Population%20and%20Employment,source_reported_unharmonized
e0201_1a3b4df463,population,Land area,Area (Km2(*),VN_SRC_NGHEAN,Nghe An,2020,annual,16481.41,km2,footnoted,E0201,https://www.nso.gov.vn/en/px-web?pxid=E0201&theme=Population%20and%20Employment,source_reported_unharmonized
e0201_1a3b4df463,population,Land area,Area (Km2(*),VN_SRC_NGHEAN,Nghe An,2021,annual,16486.5,km2,footnoted,E0201,https://www.nso.gov.vn/en/px-web?pxid=E0201&theme=Population%20and%20Employment,source_reported_unharmonized
e0201_1a3b4df463,population,Land area,Area (Km2(*),VN_SRC_NGHEAN,Nghe An,2022,annual,16486.49,km2,footnoted,E0201,https://www.nso.gov.vn/en/px-web?pxid=E0201&theme=Population%20and%20Employment,source_reported_unharmonized
e0201_1a3b4df463,population,Land area,Area (Km2(*),VN_SRC_NGHEAN,Nghe An,2023,annual,16486.49,km2,footnoted,E0201,https://www.nso.gov.vn/en/px-web?pxid=E0201&theme=Population%20and%20Employment,source_reported_unharmonized
e0201_1a3b4df463,population,Land area,Area (Km2(*),VN_SRC_NGHEAN,Nghe An,2024,annual,16486.5,km2,footnoted,E0201,https://www.nso.gov.vn/en/px-web?pxid=E0201&theme=Population%20and%20Employment,source_reported_unharmonized
e0201_1a3b4df463,population,Land area,Area (Km2(*),VN_SRC_NGHEAN,Nghe An,2025,annual,16486.5,km2,footnoted,E0201,https://www.nso.gov.vn/en/px-web?pxid=E0201&theme=Population%20and%20Employment,source_reported_unharmonized
e0201_1a3b4df463,population,Land area,Area (Km2(*),VN_SRC_HATINH,Ha Tinh,2011,annual,5997.2,km2,footnoted,E0201,https://www.nso.gov.vn/en/px-web?pxid=E0201&theme=Population%20and%20Employment,source_reported_unharmonized
e0201_1a3b4df463,population,Land area,Area (Km2(*),VN_SRC_HATINH,Ha Tinh,2012,annual,5997.8,km2,footnoted,E0201,https://www.nso.gov.vn/en/px-web?pxid=E0201&theme=Population%20and%20Employment,source_reported_unharmonized
e0201_1a3b4df463,population,Land area,Area (Km2(*),VN_SRC_HATINH,Ha Tinh,2013,annual,5997.3,km2,footnoted,E0201,https://www.nso.gov.vn/en/px-web?pxid=E0201&theme=Population%20and%20Employment,source_reported_unharmonized
e0201_1a3b4df463,population,Land area,Area (Km2(*),VN_SRC_HATINH,Ha Tinh,2014,annual,5997.8,km2,footnoted,E0201,https://www.nso.gov.vn/en/px-web?pxid=E0201&theme=Population%20and%20Employment,source_reported_unharmonized
e0201_1a3b4df463,population,Land area,Area (Km2(*),VN_SRC_HATINH,Ha Tinh,2015,annual,5997.8,km2,footnoted,E0201,https://www.nso.gov.vn/en/px-web?pxid=E0201&theme=Population%20and%20Employment,source_reported_unharmonized
e0201_1a3b4df463,population,Land area,Area (Km2(*),VN_SRC_HATINH,Ha Tinh,2016,annual,5990.6,km2,footnoted,E0201,https://www.nso.gov.vn/en/px-web?pxid=E0201&theme=Population%20and%20Employment,source_reported_unharmonized
e0201_1a3b4df463,population,Land area,Area (Km2(*),VN_SRC_HATINH,Ha Tinh,2017,annual,5990.7,km2,footnoted,E0201,https://www.nso.gov.vn/en/px-web?pxid=E0201&theme=Population%20and%20Employment,source_reported_unharmonized
e0201_1a3b4df463,population,Land area,Area (Km2(*),VN_SRC_HATINH,Ha Tinh,2018,annual,5990.7,km2,footnoted,E0201,https://www.nso.gov.vn/en/px-web?pxid=E0201&theme=Population%20and%20Employment,source_reported_unharmonized
e0201_1a3b4df463,population,Land area,Area (Km2(*),VN_SRC_HATINH,Ha Tinh,2019,annual,5990.7,km2,footnoted,E0201,https://www.nso.gov.vn/en/px-web?pxid=E0201&theme=Population%20and%20Employment,source_reported_unharmonized
e0201_1a3b4df463,population,Land area,Area (Km2(*),VN_SRC_HATINH,Ha Tinh,2020,annual,5990.67,km2,footnoted,E0201,https://www.nso.gov.vn/en/px-web?pxid=E0201&theme=Population%20and%20Employment,source_reported_unharmonized
e0201_1a3b4df463,population,Land area,Area (Km2(*),VN_SRC_HATINH,Ha Tinh,2021,annual,5994.45,km2,footnoted,E0201,https://www.nso.gov.vn/en/px-web?pxid=E0201&theme=Population%20and%20Employment,source_reported_unharmonized
e0201_1a3b4df463,population,Land area,Area (Km2(*),VN_SRC_HATINH,Ha Tinh,2022,annual,5994.45,km2,footnoted,E0201,https://www.nso.gov.vn/en/px-web?pxid=E0201&theme=Population%20and%20Employment,source_reported_unharmonized
e0201_1a3b4df463,population,Land area,Area (Km2(*),VN_SRC_HATINH,Ha Tinh,2023,annual,5994.45,km2,footnoted,E0201,https://www.nso.gov.vn/en/px-web?pxid=E0201&theme=Population%20and%20Employment,source_reported_unharmonized
e0201_1a3b4df463,population,Land area,Area (Km2(*),VN_SRC_HATINH,Ha Tinh,2024,annual,5994.45,km2,footnoted,E0201,https://www.nso.gov.vn/en/px-web?pxid=E0201&theme=Population%20and%20Employment,source_reported_unharmonized
e0201_1a3b4df463,population,Land area,Area (Km2(*),VN_SRC_HATINH,Ha Tinh,2025,annual,5994.45,km2,footnoted,E0201,https://www.nso.gov.vn/en/px-web?pxid=E0201&theme=Population%20and%20Employment,source_reported_unharmonized
e0201_1a3b4df463,population,Land area,Area (Km2(*),VN_SRC_QUANGBINH,Quang Binh,2011,annual,8065.3,km2,footnoted,E0201,https://www.nso.gov.vn/en/px-web?pxid=E0201&theme=Population%20and%20Employment,source_reported_unharmonized
e0201_1a3b4df463,population,Land area,Area (Km2(*),VN_SRC_QUANGBINH,Quang Binh,2012,annual,8065.3,km2,footnoted,E0201,https://www.nso.gov.vn/en/px-web?pxid=E0201&theme=Population%20and%20Employment,source_reported_unharmonized
e0201_1a3b4df463,population,Land area,Area (Km2(*),VN_SRC_QUANGBINH,Quang Binh,2013,annual,8065.3,km2,footnoted,E0201,https://www.nso.gov.vn/en/px-web?pxid=E0201&theme=Population%20and%20Employment,source_reported_unharmonized
e0201_1a3b4df463,population,Land area,Area (Km2(*),VN_SRC_QUANGBINH,Quang Binh,2014,annual,8065.3,km2,footnoted,E0201,https://www.nso.gov.vn/en/px-web?pxid=E0201&theme=Population%20and%20Employment,source_reported_unharmonized
e0201_1a3b4df463,population,Land area,Area (Km2(*),VN_SRC_QUANGBINH,Quang Binh,2015,annual,8065.3,km2,footnoted,E0201,https://www.nso.gov.vn/en/px-web?pxid=E0201&theme=Population%20and%20Employment,source_reported_unharmonized
e0201_1a3b4df463,population,Land area,Area (Km2(*),VN_SRC_QUANGBINH,Quang Binh,2016,annual,8000.1,km2,footnoted,E0201,https://www.nso.gov.vn/en/px-web?pxid=E0201&theme=Population%20and%20Employment,source_reported_unharmonized
e0201_1a3b4df463,population,Land area,Area (Km2(*),VN_SRC_QUANGBINH,Quang Binh,2017,annual,8000.0,km2,footnoted,E0201,https://www.nso.gov.vn/en/px-web?pxid=E0201&theme=Population%20and%20Employment,source_reported_unharmonized
e0201_1a3b4df463,population,Land area,Area (Km2(*),VN_SRC_QUANGBINH,Quang Binh,2018,annual,8000.0,km2,footnoted,E0201,https://www.nso.gov.vn/en/px-web?pxid=E0201&theme=Population%20and%20Employment,source_reported_unharmonized
e0201_1a3b4df463,population,Land area,Area (Km2(*),VN_SRC_QUANGBINH,Quang Binh,2019,annual,8000.0,km2,footnoted,E0201,https://www.nso.gov.vn/en/px-web?pxid=E0201&theme=Population%20and%20Employment,source_reported_unharmonized
e0201_1a3b4df463,population,Land area,Area (Km2(*),VN_SRC_QUANGBINH,Quang Binh,2020,annual,8000.03,km2,footnoted,E0201,https://www.nso.gov.vn/en/px-web?pxid=E0201&theme=Population%20and%20Employment,source_reported_unharmonized
e0201_1a3b4df463,population,Land area,Area (Km2(*),VN_SRC_QUANGBINH,Quang Binh,2021,annual,7998.76,km2,footnoted,E0201,https://www.nso.gov.vn/en/px-web?pxid=E0201&theme=Population%20and%20Employment,source_reported_unharmonized
e0201_1a3b4df463,population,Land area,Area (Km2(*),VN_SRC_QUANGBINH,Quang Binh,2022,annual,7998.76,km2,footnoted,E0201,https://www.nso.gov.vn/en/px-web?pxid=E0201&theme=Population%20and%20Employment,source_reported_unharmonized
e0201_1a3b4df463,population,Land area,Area (Km2(*),VN_SRC_QUANGBINH,Quang Binh,2023,annual,7998.76,km2,footnoted,E0201,https://www.nso.gov.vn/en/px-web?pxid=E0201&theme=Population%20and%20Employment,source_reported_unharmonized
e0201_1a3b4df463,population,Land area,Area (Km2(*),VN_SRC_QUANGBINH,Quang Binh,2024,annual,7998.76,km2,footnoted,E0201,https://www.nso.gov.vn/en/px-web?pxid=E0201&theme=Population%20and%20Employment,source_reported_unharmonized
e0201_1a3b4df463,population,Land area,Area (Km2(*),VN_SRC_QUANGBINH,Quang Binh,2025,annual,7998.76,km2,footnoted,E0201,https://www.nso.gov.vn/en/px-web?pxid=E0201&theme=Population%20and%20Employment,source_reported_unharmonized
e0201_1a3b4df463,population,Land area,Area (Km2(*),VN_SRC_QUANGTRI,Quang Tri,2011,annual,4739.8,km2,footnoted,E0201,https://www.nso.gov.vn/en/px-web?pxid=E0201&theme=Population%20and%20Employment,source_reported_unharmonized
e0201_1a3b4df463,population,Land area,Area (Km2(*),VN_SRC_QUANGTRI,Quang Tri,2012,annual,4739.8,km2,footnoted,E0201,https://www.nso.gov.vn/en/px-web?pxid=E0201&theme=Population%20and%20Employment,source_reported_unharmonized
e0201_1a3b4df463,population,Land area,Area (Km2(*),VN_SRC_QUANGTRI,Quang Tri,2013,annual,4739.8,km2,footnoted,E0201,https://www.nso.gov.vn/en/px-web?pxid=E0201&theme=Population%20and%20Employment,source_reported_unharmonized
e0201_1a3b4df463,population,Land area,Area (Km2(*),VN_SRC_QUANGTRI,Quang Tri,2014,annual,4739.8,km2,footnoted,E0201,https://www.nso.gov.vn/en/px-web?pxid=E0201&theme=Population%20and%20Employment,source_reported_unharmonized
e0201_1a3b4df463,population,Land area,Area (Km2(*),VN_SRC_QUANGTRI,Quang Tri,2015,annual,4739.8,km2,footnoted,E0201,https://www.nso.gov.vn/en/px-web?pxid=E0201&theme=Population%20and%20Employment,source_reported_unharmonized
e0201_1a3b4df463,population,Land area,Area (Km2(*),VN_SRC_QUANGTRI,Quang Tri,2016,annual,4621.8,km2,footnoted,E0201,https://www.nso.gov.vn/en/px-web?pxid=E0201&theme=Population%20and%20Employment,source_reported_unharmonized
e0201_1a3b4df463,population,Land area,Area (Km2(*),VN_SRC_QUANGTRI,Quang Tri,2017,annual,4621.7,km2,footnoted,E0201,https://www.nso.gov.vn/en/px-web?pxid=E0201&theme=Population%20and%20Employment,source_reported_unharmonized
e0201_1a3b4df463,population,Land area,Area (Km2(*),VN_SRC_QUANGTRI,Quang Tri,2018,annual,4621.7,km2,footnoted,E0201,https://www.nso.gov.vn/en/px-web?pxid=E0201&theme=Population%20and%20Employment,source_reported_unharmonized
e0201_1a3b4df463,population,Land area,Area (Km2(*),VN_SRC_QUANGTRI,Quang Tri,2019,annual,4621.7,km2,footnoted,E0201,https://www.nso.gov.vn/en/px-web?pxid=E0201&theme=Population%20and%20Employment,source_reported_unharmonized
e0201_1a3b4df463,population,Land area,Area (Km2(*),VN_SRC_QUANGTRI,Quang Tri,2020,annual,4621.72,km2,footnoted,E0201,https://www.nso.gov.vn/en/px-web?pxid=E0201&theme=Population%20and%20Employment,source_reported_unharmonized
e0201_1a3b4df463,population,Land area,Area (Km2(*),VN_SRC_QUANGTRI,Quang Tri,2021,annual,4701.23,km2,footnoted,E0201,https://www.nso.gov.vn/en/px-web?pxid=E0201&theme=Population%20and%20Employment,source_reported_unharmonized
e0201_1a3b4df463,population,Land area,Area (Km2(*),VN_SRC_QUANGTRI,Quang Tri,2022,annual,4701.23,km2,footnoted,E0201,https://www.nso.gov.vn/en/px-web?pxid=E0201&theme=Population%20and%20Employment,source_reported_unharmonized
e0201_1a3b4df463,population,Land area,Area (Km2(*),VN_SRC_QUANGTRI,Quang Tri,2023,annual,4701.23,km2,footnoted,E0201,https://www.nso.gov.vn/en/px-web?pxid=E0201&theme=Population%20and%20Employment,source_reported_unharmonized
e0201_1a3b4df463,population,Land area,Area (Km2(*),VN_SRC_QUANGTRI,Quang Tri,2024,annual,4701.23,km2,footnoted,E0201,https://www.nso.gov.vn/en/px-web?pxid=E0201&theme=Population%20and%20Employment,source_reported_unharmonized
e0201_1a3b4df463,population,Land area,Area (Km2(*),VN_SRC_QUANGTRI,Quang Tri,2025,annual,4701.23,km2,footnoted,E0201,https://www.nso.gov.vn/en/px-web?pxid=E0201&theme=Population%20and%20Employment,source_reported_unharmonized
e0201_1a3b4df463,population,Land area,Area (Km2(*),VN_SRC_THUATHIENHUE,Thua Thien-Hue,2011,annual,5033.2,km2,footnoted,E0201,https://www.nso.gov.vn/en/px-web?pxid=E0201&theme=Population%20and%20Employment,source_reported_unharmonized
e0201_1a3b4df463,population,Land area,Area (Km2(*),VN_SRC_THUATHIENHUE,Thua Thien-Hue,2012,annual,5033.2,km2,footnoted,E0201,https://www.nso.gov.vn/en/px-web?pxid=E0201&theme=Population%20and%20Employment,source_reported_unharmonized
e0201_1a3b4df463,population,Land area,Area (Km2(*),VN_SRC_THUATHIENHUE,Thua Thien-Hue,2013,annual,5033.2,km2,footnoted,E0201,https://www.nso.gov.vn/en/px-web?pxid=E0201&theme=Population%20and%20Employment,source_reported_unharmonized
e0201_1a3b4df463,population,Land area,Area (Km2(*),VN_SRC_THUATHIENHUE,Thua Thien-Hue,2014,annual,5033.2,km2,footnoted,E0201,https://www.nso.gov.vn/en/px-web?pxid=E0201&theme=Population%20and%20Employment,source_reported_unharmonized
e0201_1a3b4df463,population,Land area,Area (Km2(*),VN_SRC_THUATHIENHUE,Thua Thien-Hue,2015,annual,5033.2,km2,footnoted,E0201,https://www.nso.gov.vn/en/px-web?pxid=E0201&theme=Population%20and%20Employment,source_reported_unharmonized
e0201_1a3b4df463,population,Land area,Area (Km2(*),VN_SRC_THUATHIENHUE,Thua Thien-Hue,2016,annual,4902.4,km2,footnoted,E0201,https://www.nso.gov.vn/en/px-web?pxid=E0201&theme=Population%20and%20Employment,source_reported_unharmonized
e0201_1a3b4df463,population,Land area,Area (Km2(*),VN_SRC_THUATHIENHUE,Thua Thien-Hue,2017,annual,4902.5,km2,footnoted,E0201,https://www.nso.gov.vn/en/px-web?pxid=E0201&theme=Population%20and%20Employment,source_reported_unharmonized
e0201_1a3b4df463,population,Land area,Area (Km2(*),VN_SRC_THUATHIENHUE,Thua Thien-Hue,2018,annual,4902.4,km2,footnoted,E0201,https://www.nso.gov.vn/en/px-web?pxid=E0201&theme=Population%20and%20Employment,source_reported_unharmonized
e0201_1a3b4df463,population,Land area,Area (Km2(*),VN_SRC_THUATHIENHUE,Thua Thien-Hue,2019,annual,4902.4,km2,footnoted,E0201,https://www.nso.gov.vn/en/px-web?pxid=E0201&theme=Population%20and%20Employment,source_reported_unharmonized
e0201_1a3b4df463,population,Land area,Area (Km2(*),VN_SRC_THUATHIENHUE,Thua Thien-Hue,2020,annual,4902.44,km2,footnoted,E0201,https://www.nso.gov.vn/en/px-web?pxid=E0201&theme=Population%20and%20Employment,source_reported_unharmonized
e0201_1a3b4df463,population,Land area,Area (Km2(*),VN_SRC_THUATHIENHUE,Thua Thien-Hue,2021,annual,4947.11,km2,footnoted,E0201,https://www.nso.gov.vn/en/px-web?pxid=E0201&theme=Population%20and%20Employment,source_reported_unharmonized
e0201_1a3b4df463,population,Land area,Area (Km2(*),VN_SRC_THUATHIENHUE,Thua Thien-Hue,2022,annual,4947.11,km2,footnoted,E0201,https://www.nso.gov.vn/en/px-web?pxid=E0201&theme=Population%20and%20Employment,source_reported_unharmonized
e0201_1a3b4df463,population,Land area,Area (Km2(*),VN_SRC_THUATHIENHUE,Thua Thien-Hue,2023,annual,4947.11,km2,footnoted,E0201,https://www.nso.gov.vn/en/px-web?pxid=E0201&theme=Population%20and%20Employment,source_reported_unharmonized
e0201_1a3b4df463,population,Land area,Area (Km2(*),VN_SRC_THUATHIENHUE,Thua Thien-Hue,2024,annual,4947.11,km2,footnoted,E0201,https://www.nso.gov.vn/en/px-web?pxid=E0201&theme=Population%20and%20Employment,source_reported_unharmonized
e0201_1a3b4df463,population,Land area,Area (Km2(*),VN_SRC_THUATHIENHUE,Thua Thien-Hue,2025,annual,4947.11,km2,footnoted,E0201,https://www.nso.gov.vn/en/px-web?pxid=E0201&theme=Population%20and%20Employment,source_reported_unharmonized
e0201_1a3b4df463,population,Land area,Area (Km2(*),VN_SRC_DANANG,Da Nang,2011,annual,1285.4,km2,footnoted,E0201,https://www.nso.gov.vn/en/px-web?pxid=E0201&theme=Population%20and%20Employment,source_reported_unharmonized
e0201_1a3b4df463,population,Land area,Area (Km2(*),VN_SRC_DANANG,Da Nang,2012,annual,1285.4,km2,footnoted,E0201,https://www.nso.gov.vn/en/px-web?pxid=E0201&theme=Population%20and%20Employment,source_reported_unharmonized
e0201_1a3b4df463,population,Land area,Area (Km2(*),VN_SRC_DANANG,Da Nang,2013,annual,1285.4,km2,footnoted,E0201,https://www.nso.gov.vn/en/px-web?pxid=E0201&theme=Population%20and%20Employment,source_reported_unharmonized
e0201_1a3b4df463,population,Land area,Area (Km2(*),VN_SRC_DANANG,Da Nang,2014,annual,1285.4,km2,footnoted,E0201,https://www.nso.gov.vn/en/px-web?pxid=E0201&theme=Population%20and%20Employment,source_reported_unharmonized
e0201_1a3b4df463,population,Land area,Area (Km2(*),VN_SRC_DANANG,Da Nang,2015,annual,1285.4,km2,footnoted,E0201,https://www.nso.gov.vn/en/px-web?pxid=E0201&theme=Population%20and%20Employment,source_reported_unharmonized
e0201_1a3b4df463,population,Land area,Area (Km2(*),VN_SRC_DANANG,Da Nang,2016,annual,1284.7,km2,footnoted,E0201,https://www.nso.gov.vn/en/px-web?pxid=E0201&theme=Population%20and%20Employment,source_reported_unharmonized
e0201_1a3b4df463,population,Land area,Area (Km2(*),VN_SRC_DANANG,Da Nang,2017,annual,1284.9,km2,footnoted,E0201,https://www.nso.gov.vn/en/px-web?pxid=E0201&theme=Population%20and%20Employment,source_reported_unharmonized
e0201_1a3b4df463,population,Land area,Area (Km2(*),VN_SRC_DANANG,Da Nang,2018,annual,1284.9,km2,footnoted,E0201,https://www.nso.gov.vn/en/px-web?pxid=E0201&theme=Population%20and%20Employment,source_reported_unharmonized
e0201_1a3b4df463,population,Land area,Area (Km2(*),VN_SRC_DANANG,Da Nang,2019,annual,1284.9,km2,footnoted,E0201,https://www.nso.gov.vn/en/px-web?pxid=E0201&theme=Population%20and%20Employment,source_reported_unharmonized
e0201_1a3b4df463,population,Land area,Area (Km2(*),VN_SRC_DANANG,Da Nang,2020,annual,1284.88,km2,footnoted,E0201,https://www.nso.gov.vn/en/px-web?pxid=E0201&theme=Population%20and%20Employment,source_reported_unharmonized
e0201_1a3b4df463,population,Land area,Area (Km2(*),VN_SRC_DANANG,Da Nang,2021,annual,1284.73,km2,footnoted,E0201,https://www.nso.gov.vn/en/px-web?pxid=E0201&theme=Population%20and%20Employment,source_reported_unharmonized
e0201_1a3b4df463,population,Land area,Area (Km2(*),VN_SRC_DANANG,Da Nang,2022,annual,1284.73,km2,footnoted,E0201,https://www.nso.gov.vn/en/px-web?pxid=E0201&theme=Population%20and%20Employment,source_reported_unharmonized
e0201_1a3b4df463,population,Land area,Area (Km2(*),VN_SRC_DANANG,Da Nang,2023,annual,1284.73,km2,footnoted,E0201,https://www.nso.gov.vn/en/px-web?pxid=E0201&theme=Population%20and%20Employment,source_reported_unharmonized
e0201_1a3b4df463,population,Land area,Area (Km2(*),VN_SRC_DANANG,Da Nang,2024,annual,1284.73,km2,footnoted,E0201,https://www.nso.gov.vn/en/px-web?pxid=E0201&theme=Population%20and%20Employment,source_reported_unharmonized
e0201_1a3b4df463,population,Land area,Area (Km2(*),VN_SRC_DANANG,Da Nang,2025,annual,1284.73,km2,footnoted,E0201,https://www.nso.gov.vn/en/px-web?pxid=E0201&theme=Population%20and%20Employment,source_reported_unharmonized
e0201_1a3b4df463,population,Land area,Area (Km2(*),VN_SRC_QUANGNAM,Quang Nam,2011,annual,10438.4,km2,footnoted,E0201,https://www.nso.gov.vn/en/px-web?pxid=E0201&theme=Population%20and%20Employment,source_reported_unharmonized
e0201_1a3b4df463,population,Land area,Area (Km2(*),VN_SRC_QUANGNAM,Quang Nam,2012,annual,10438.4,km2,footnoted,E0201,https://www.nso.gov.vn/en/px-web?pxid=E0201&theme=Population%20and%20Employment,source_reported_unharmonized
e0201_1a3b4df463,population,Land area,Area (Km2(*),VN_SRC_QUANGNAM,Quang Nam,2013,annual,10438.4,km2,footnoted,E0201,https://www.nso.gov.vn/en/px-web?pxid=E0201&theme=Population%20and%20Employment,source_reported_unharmonized
e0201_1a3b4df463,population,Land area,Area (Km2(*),VN_SRC_QUANGNAM,Quang Nam,2014,annual,10438.4,km2,footnoted,E0201,https://www.nso.gov.vn/en/px-web?pxid=E0201&theme=Population%20and%20Employment,source_reported_unharmonized
e0201_1a3b4df463,population,Land area,Area (Km2(*),VN_SRC_QUANGNAM,Quang Nam,2015,annual,10438.4,km2,footnoted,E0201,https://www.nso.gov.vn/en/px-web?pxid=E0201&theme=Population%20and%20Employment,source_reported_unharmonized
e0201_1a3b4df463,population,Land area,Area (Km2(*),VN_SRC_QUANGNAM,Quang Nam,2016,annual,10575.0,km2,footnoted,E0201,https://www.nso.gov.vn/en/px-web?pxid=E0201&theme=Population%20and%20Employment,source_reported_unharmonized
e0201_1a3b4df463,population,Land area,Area (Km2(*),VN_SRC_QUANGNAM,Quang Nam,2017,annual,10574.7,km2,footnoted,E0201,https://www.nso.gov.vn/en/px-web?pxid=E0201&theme=Population%20and%20Employment,source_reported_unharmonized
e0201_1a3b4df463,population,Land area,Area (Km2(*),VN_SRC_QUANGNAM,Quang Nam,2018,annual,10574.7,km2,footnoted,E0201,https://www.nso.gov.vn/en/px-web?pxid=E0201&theme=Population%20and%20Employment,source_reported_unharmonized
e0201_1a3b4df463,population,Land area,Area (Km2(*),VN_SRC_QUANGNAM,Quang Nam,2019,annual,10574.7,km2,footnoted,E0201,https://www.nso.gov.vn/en/px-web?pxid=E0201&theme=Population%20and%20Employment,source_reported_unharmonized
e0201_1a3b4df463,population,Land area,Area (Km2(*),VN_SRC_QUANGNAM,Quang Nam,2020,annual,10574.74,km2,footnoted,E0201,https://www.nso.gov.vn/en/px-web?pxid=E0201&theme=Population%20and%20Employment,source_reported_unharmonized
e0201_1a3b4df463,population,Land area,Area (Km2(*),VN_SRC_QUANGNAM,Quang Nam,2021,annual,10574.86,km2,footnoted,E0201,https://www.nso.gov.vn/en/px-web?pxid=E0201&theme=Population%20and%20Employment,source_reported_unharmonized
e0201_1a3b4df463,population,Land area,Area (Km2(*),VN_SRC_QUANGNAM,Quang Nam,2022,annual,10574.86,km2,footnoted,E0201,https://www.nso.gov.vn/en/px-web?pxid=E0201&theme=Population%20and%20Employment,source_reported_unharmonized
e0201_1a3b4df463,population,Land area,Area (Km2(*),VN_SRC_QUANGNAM,Quang Nam,2023,annual,10574.86,km2,footnoted,E0201,https://www.nso.gov.vn/en/px-web?pxid=E0201&theme=Population%20and%20Employment,source_reported_unharmonized
e0201_1a3b4df463,population,Land area,Area (Km2(*),VN_SRC_QUANGNAM,Quang Nam,2024,annual,10574.86,km2,footnoted,E0201,https://www.nso.gov.vn/en/px-web?pxid=E0201&theme=Population%20and%20Employment,source_reported_unharmonized
e0201_1a3b4df463,population,Land area,Area (Km2(*),VN_SRC_QUANGNAM,Quang Nam,2025,annual,10574.86,km2,footnoted,E0201,https://www.nso.gov.vn/en/px-web?pxid=E0201&theme=Population%20and%20Employment,source_reported_unharmonized
e0201_1a3b4df463,population,Land area,Area (Km2(*),VN_SRC_QUANGNGAI,Quang Ngai,2011,annual,5153.0,km2,footnoted,E0201,https://www.nso.gov.vn/en/px-web?pxid=E0201&theme=Population%20and%20Employment,source_reported_unharmonized
e0201_1a3b4df463,population,Land area,Area (Km2(*),VN_SRC_QUANGNGAI,Quang Ngai,2012,annual,5153.0,km2,footnoted,E0201,https://www.nso.gov.vn/en/px-web?pxid=E0201&theme=Population%20and%20Employment,source_reported_unharmonized
e0201_1a3b4df463,population,Land area,Area (Km2(*),VN_SRC_QUANGNGAI,Quang Ngai,2013,annual,5152.0,km2,footnoted,E0201,https://www.nso.gov.vn/en/px-web?pxid=E0201&theme=Population%20and%20Employment,source_reported_unharmonized
e0201_1a3b4df463,population,Land area,Area (Km2(*),VN_SRC_QUANGNGAI,Quang Ngai,2014,annual,5152.7,km2,footnoted,E0201,https://www.nso.gov.vn/en/px-web?pxid=E0201&theme=Population%20and%20Employment,source_reported_unharmonized
e0201_1a3b4df463,population,Land area,Area (Km2(*),VN_SRC_QUANGNGAI,Quang Ngai,2015,annual,5152.7,km2,footnoted,E0201,https://www.nso.gov.vn/en/px-web?pxid=E0201&theme=Population%20and%20Employment,source_reported_unharmonized
e0201_1a3b4df463,population,Land area,Area (Km2(*),VN_SRC_QUANGNGAI,Quang Ngai,2016,annual,5152.3,km2,footnoted,E0201,https://www.nso.gov.vn/en/px-web?pxid=E0201&theme=Population%20and%20Employment,source_reported_unharmonized
e0201_1a3b4df463,population,Land area,Area (Km2(*),VN_SRC_QUANGNGAI,Quang Ngai,2017,annual,5152.5,km2,footnoted,E0201,https://www.nso.gov.vn/en/px-web?pxid=E0201&theme=Population%20and%20Employment,source_reported_unharmonized
e0201_1a3b4df463,population,Land area,Area (Km2(*),VN_SRC_QUANGNGAI,Quang Ngai,2018,annual,5155.8,km2,footnoted,E0201,https://www.nso.gov.vn/en/px-web?pxid=E0201&theme=Population%20and%20Employment,source_reported_unharmonized
e0201_1a3b4df463,population,Land area,Area (Km2(*),VN_SRC_QUANGNGAI,Quang Ngai,2019,annual,5155.8,km2,footnoted,E0201,https://www.nso.gov.vn/en/px-web?pxid=E0201&theme=Population%20and%20Employment,source_reported_unharmonized
e0201_1a3b4df463,population,Land area,Area (Km2(*),VN_SRC_QUANGNGAI,Quang Ngai,2020,annual,5155.78,km2,footnoted,E0201,https://www.nso.gov.vn/en/px-web?pxid=E0201&theme=Population%20and%20Employment,source_reported_unharmonized
e0201_1a3b4df463,population,Land area,Area (Km2(*),VN_SRC_QUANGNGAI,Quang Ngai,2021,annual,5155.25,km2,footnoted,E0201,https://www.nso.gov.vn/en/px-web?pxid=E0201&theme=Population%20and%20Employment,source_reported_unharmonized
e0201_1a3b4df463,population,Land area,Area (Km2(*),VN_SRC_QUANGNGAI,Quang Ngai,2022,annual,5155.25,km2,footnoted,E0201,https://www.nso.gov.vn/en/px-web?pxid=E0201&theme=Population%20and%20Employment,source_reported_unharmonized
e0201_1a3b4df463,population,Land area,Area (Km2(*),VN_SRC_QUANGNGAI,Quang Ngai,2023,annual,5155.25,km2,footnoted,E0201,https://www.nso.gov.vn/en/px-web?pxid=E0201&theme=Population%20and%20Employment,source_reported_unharmonized
e0201_1a3b4df463,population,Land area,Area (Km2(*),VN_SRC_QUANGNGAI,Quang Ngai,2024,annual,5155.25,km2,footnoted,E0201,https://www.nso.gov.vn/en/px-web?pxid=E0201&theme=Population%20and%20Employment,source_reported_unharmonized
e0201_1a3b4df463,population,Land area,Area (Km2(*),VN_SRC_QUANGNGAI,Quang Ngai,2025,annual,5155.25,km2,footnoted,E0201,https://www.nso.gov.vn/en/px-web?pxid=E0201&theme=Population%20and%20Employment,source_reported_unharmonized
e0201_1a3b4df463,population,Land area,Area (Km2(*),VN_SRC_BINHDINH,Binh Dinh,2011,annual,6050.6,km2,footnoted,E0201,https://www.nso.gov.vn/en/px-web?pxid=E0201&theme=Population%20and%20Employment,source_reported_unharmonized
e0201_1a3b4df463,population,Land area,Area (Km2(*),VN_SRC_BINHDINH,Binh Dinh,2012,annual,6050.6,km2,footnoted,E0201,https://www.nso.gov.vn/en/px-web?pxid=E0201&theme=Population%20and%20Employment,source_reported_unharmonized
e0201_1a3b4df463,population,Land area,Area (Km2(*),VN_SRC_BINHDINH,Binh Dinh,2013,annual,6050.6,km2,footnoted,E0201,https://www.nso.gov.vn/en/px-web?pxid=E0201&theme=Population%20and%20Employment,source_reported_unharmonized
e0201_1a3b4df463,population,Land area,Area (Km2(*),VN_SRC_BINHDINH,Binh Dinh,2014,annual,6050.6,km2,footnoted,E0201,https://www.nso.gov.vn/en/px-web?pxid=E0201&theme=Population%20and%20Employment,source_reported_unharmonized
e0201_1a3b4df463,population,Land area,Area (Km2(*),VN_SRC_BINHDINH,Binh Dinh,2015,annual,6050.6,km2,footnoted,E0201,https://www.nso.gov.vn/en/px-web?pxid=E0201&theme=Population%20and%20Employment,source_reported_unharmonized
e0201_1a3b4df463,population,Land area,Area (Km2(*),VN_SRC_BINHDINH,Binh Dinh,2016,annual,6066.1,km2,footnoted,E0201,https://www.nso.gov.vn/en/px-web?pxid=E0201&theme=Population%20and%20Employment,source_reported_unharmonized
e0201_1a3b4df463,population,Land area,Area (Km2(*),VN_SRC_BINHDINH,Binh Dinh,2017,annual,6066.2,km2,footnoted,E0201,https://www.nso.gov.vn/en/px-web?pxid=E0201&theme=Population%20and%20Employment,source_reported_unharmonized
e0201_1a3b4df463,population,Land area,Area (Km2(*),VN_SRC_BINHDINH,Binh Dinh,2018,annual,6066.2,km2,footnoted,E0201,https://www.nso.gov.vn/en/px-web?pxid=E0201&theme=Population%20and%20Employment,source_reported_unharmonized
e0201_1a3b4df463,population,Land area,Area (Km2(*),VN_SRC_BINHDINH,Binh Dinh,2019,annual,6066.2,km2,footnoted,E0201,https://www.nso.gov.vn/en/px-web?pxid=E0201&theme=Population%20and%20Employment,source_reported_unharmonized
e0201_1a3b4df463,population,Land area,Area (Km2(*),VN_SRC_BINHDINH,Binh Dinh,2020,annual,6066.21,km2,footnoted,E0201,https://www.nso.gov.vn/en/px-web?pxid=E0201&theme=Population%20and%20Employment,source_reported_unharmonized
e0201_1a3b4df463,population,Land area,Area (Km2(*),VN_SRC_BINHDINH,Binh Dinh,2021,annual,6066.4,km2,footnoted,E0201,https://www.nso.gov.vn/en/px-web?pxid=E0201&theme=Population%20and%20Employment,source_reported_unharmonized
e0201_1a3b4df463,population,Land area,Area (Km2(*),VN_SRC_BINHDINH,Binh Dinh,2022,annual,6066.4,km2,footnoted,E0201,https://www.nso.gov.vn/en/px-web?pxid=E0201&theme=Population%20and%20Employment,source_reported_unharmonized
e0201_1a3b4df463,population,Land area,Area (Km2(*),VN_SRC_BINHDINH,Binh Dinh,2023,annual,6066.4,km2,footnoted,E0201,https://www.nso.gov.vn/en/px-web?pxid=E0201&theme=Population%20and%20Employment,source_reported_unharmonized
e0201_1a3b4df463,population,Land area,Area (Km2(*),VN_SRC_BINHDINH,Binh Dinh,2024,annual,6066.4,km2,footnoted,E0201,https://www.nso.gov.vn/en/px-web?pxid=E0201&theme=Population%20and%20Employment,source_reported_unharmonized
e0201_1a3b4df463,population,Land area,Area (Km2(*),VN_SRC_BINHDINH,Binh Dinh,2025,annual,6066.4,km2,footnoted,E0201,https://www.nso.gov.vn/en/px-web?pxid=E0201&theme=Population%20and%20Employment,source_reported_unharmonized
e0201_1a3b4df463,population,Land area,Area (Km2(*),VN_SRC_PHUYEN,Phu Yen,2011,annual,5060.6,km2,footnoted,E0201,https://www.nso.gov.vn/en/px-web?pxid=E0201&theme=Population%20and%20Employment,source_reported_unharmonized
e0201_1a3b4df463,population,Land area,Area (Km2(*),VN_SRC_PHUYEN,Phu Yen,2012,annual,5060.6,km2,footnoted,E0201,https://www.nso.gov.vn/en/px-web?pxid=E0201&theme=Population%20and%20Employment,source_reported_unharmonized
e0201_1a3b4df463,population,Land area,Area (Km2(*),VN_SRC_PHUYEN,Phu Yen,2013,annual,5060.5,km2,footnoted,E0201,https://www.nso.gov.vn/en/px-web?pxid=E0201&theme=Population%20and%20Employment,source_reported_unharmonized
e0201_1a3b4df463,population,Land area,Area (Km2(*),VN_SRC_PHUYEN,Phu Yen,2014,annual,5060.6,km2,footnoted,E0201,https://www.nso.gov.vn/en/px-web?pxid=E0201&theme=Population%20and%20Employment,source_reported_unharmonized
e0201_1a3b4df463,population,Land area,Area (Km2(*),VN_SRC_PHUYEN,Phu Yen,2015,annual,5060.6,km2,footnoted,E0201,https://www.nso.gov.vn/en/px-web?pxid=E0201&theme=Population%20and%20Employment,source_reported_unharmonized
e0201_1a3b4df463,population,Land area,Area (Km2(*),VN_SRC_PHUYEN,Phu Yen,2016,annual,5023.5,km2,footnoted,E0201,https://www.nso.gov.vn/en/px-web?pxid=E0201&theme=Population%20and%20Employment,source_reported_unharmonized
e0201_1a3b4df463,population,Land area,Area (Km2(*),VN_SRC_PHUYEN,Phu Yen,2017,annual,5023.4,km2,footnoted,E0201,https://www.nso.gov.vn/en/px-web?pxid=E0201&theme=Population%20and%20Employment,source_reported_unharmonized
e0201_1a3b4df463,population,Land area,Area (Km2(*),VN_SRC_PHUYEN,Phu Yen,2018,annual,5023.4,km2,footnoted,E0201,https://www.nso.gov.vn/en/px-web?pxid=E0201&theme=Population%20and%20Employment,source_reported_unharmonized
e0201_1a3b4df463,population,Land area,Area (Km2(*),VN_SRC_PHUYEN,Phu Yen,2019,annual,5023.4,km2,footnoted,E0201,https://www.nso.gov.vn/en/px-web?pxid=E0201&theme=Population%20and%20Employment,source_reported_unharmonized
e0201_1a3b4df463,population,Land area,Area (Km2(*),VN_SRC_PHUYEN,Phu Yen,2020,annual,5023.42,km2,footnoted,E0201,https://www.nso.gov.vn/en/px-web?pxid=E0201&theme=Population%20and%20Employment,source_reported_unharmonized
e0201_1a3b4df463,population,Land area,Area (Km2(*),VN_SRC_PHUYEN,Phu Yen,2021,annual,5025.96,km2,footnoted,E0201,https://www.nso.gov.vn/en/px-web?pxid=E0201&theme=Population%20and%20Employment,source_reported_unharmonized
e0201_1a3b4df463,population,Land area,Area (Km2(*),VN_SRC_PHUYEN,Phu Yen,2022,annual,5025.96,km2,footnoted,E0201,https://www.nso.gov.vn/en/px-web?pxid=E0201&theme=Population%20and%20Employment,source_reported_unharmonized
e0201_1a3b4df463,population,Land area,Area (Km2(*),VN_SRC_PHUYEN,Phu Yen,2023,annual,5025.96,km2,footnoted,E0201,https://www.nso.gov.vn/en/px-web?pxid=E0201&theme=Population%20and%20Employment,source_reported_unharmonized
e0201_1a3b4df463,population,Land area,Area (Km2(*),VN_SRC_PHUYEN,Phu Yen,2024,annual,5025.99,km2,footnoted,E0201,https://www.nso.gov.vn/en/px-web?pxid=E0201&theme=Population%20and%20Employment,source_reported_unharmonized
e0201_1a3b4df463,population,Land area,Area (Km2(*),VN_SRC_PHUYEN,Phu Yen,2025,annual,5025.99,km2,footnoted,E0201,https://www.nso.gov.vn/en/px-web?pxid=E0201&theme=Population%20and%20Employment,source_reported_unharmonized
e0201_1a3b4df463,population,Land area,Area (Km2(*),VN_SRC_KHANHHOA,Khanh Hoa,2011,annual,5217.7,km2,footnoted,E0201,https://www.nso.gov.vn/en/px-web?pxid=E0201&theme=Population%20and%20Employment,source_reported_unharmonized
e0201_1a3b4df463,population,Land area,Area (Km2(*),VN_SRC_KHANHHOA,Khanh Hoa,2012,annual,5217.7,km2,footnoted,E0201,https://www.nso.gov.vn/en/px-web?pxid=E0201&theme=Population%20and%20Employment,source_reported_unharmonized
e0201_1a3b4df463,population,Land area,Area (Km2(*),VN_SRC_KHANHHOA,Khanh Hoa,2013,annual,5217.7,km2,footnoted,E0201,https://www.nso.gov.vn/en/px-web?pxid=E0201&theme=Population%20and%20Employment,source_reported_unharmonized
e0201_1a3b4df463,population,Land area,Area (Km2(*),VN_SRC_KHANHHOA,Khanh Hoa,2014,annual,5217.7,km2,footnoted,E0201,https://www.nso.gov.vn/en/px-web?pxid=E0201&theme=Population%20and%20Employment,source_reported_unharmonized
e0201_1a3b4df463,population,Land area,Area (Km2(*),VN_SRC_KHANHHOA,Khanh Hoa,2015,annual,5217.7,km2,footnoted,E0201,https://www.nso.gov.vn/en/px-web?pxid=E0201&theme=Population%20and%20Employment,source_reported_unharmonized
e0201_1a3b4df463,population,Land area,Area (Km2(*),VN_SRC_KHANHHOA,Khanh Hoa,2016,annual,5137.7,km2,footnoted,E0201,https://www.nso.gov.vn/en/px-web?pxid=E0201&theme=Population%20and%20Employment,source_reported_unharmonized
e0201_1a3b4df463,population,Land area,Area (Km2(*),VN_SRC_KHANHHOA,Khanh Hoa,2017,annual,5137.8,km2,footnoted,E0201,https://www.nso.gov.vn/en/px-web?pxid=E0201&theme=Population%20and%20Employment,source_reported_unharmonized
e0201_1a3b4df463,population,Land area,Area (Km2(*),VN_SRC_KHANHHOA,Khanh Hoa,2018,annual,5137.8,km2,footnoted,E0201,https://www.nso.gov.vn/en/px-web?pxid=E0201&theme=Population%20and%20Employment,source_reported_unharmonized
e0201_1a3b4df463,population,Land area,Area (Km2(*),VN_SRC_KHANHHOA,Khanh Hoa,2019,annual,5137.8,km2,footnoted,E0201,https://www.nso.gov.vn/en/px-web?pxid=E0201&theme=Population%20and%20Employment,source_reported_unharmonized
e0201_1a3b4df463,population,Land area,Area (Km2(*),VN_SRC_KHANHHOA,Khanh Hoa,2020,annual,5137.79,km2,footnoted,E0201,https://www.nso.gov.vn/en/px-web?pxid=E0201&theme=Population%20and%20Employment,source_reported_unharmonized
e0201_1a3b4df463,population,Land area,Area (Km2(*),VN_SRC_KHANHHOA,Khanh Hoa,2021,annual,5199.62,km2,footnoted,E0201,https://www.nso.gov.vn/en/px-web?pxid=E0201&theme=Population%20and%20Employment,source_reported_unharmonized
e0201_1a3b4df463,population,Land area,Area (Km2(*),VN_SRC_KHANHHOA,Khanh Hoa,2022,annual,5199.62,km2,footnoted,E0201,https://www.nso.gov.vn/en/px-web?pxid=E0201&theme=Population%20and%20Employment,source_reported_unharmonized
e0201_1a3b4df463,population,Land area,Area (Km2(*),VN_SRC_KHANHHOA,Khanh Hoa,2023,annual,5199.62,km2,footnoted,E0201,https://www.nso.gov.vn/en/px-web?pxid=E0201&theme=Population%20and%20Employment,source_reported_unharmonized
e0201_1a3b4df463,population,Land area,Area (Km2(*),VN_SRC_KHANHHOA,Khanh Hoa,2024,annual,5200.11,km2,footnoted,E0201,https://www.nso.gov.vn/en/px-web?pxid=E0201&theme=Population%20and%20Employment,source_reported_unharmonized
e0201_1a3b4df463,population,Land area,Area (Km2(*),VN_SRC_KHANHHOA,Khanh Hoa,2025,annual,5200.11,km2,footnoted,E0201,https://www.nso.gov.vn/en/px-web?pxid=E0201&theme=Population%20and%20Employment,source_reported_unharmonized
e0201_1a3b4df463,population,Land area,Area (Km2(*),VN_SRC_NINHTHUAN,Ninh Thuan,2011,annual,3358.3,km2,footnoted,E0201,https://www.nso.gov.vn/en/px-web?pxid=E0201&theme=Population%20and%20Employment,source_reported_unharmonized
e0201_1a3b4df463,population,Land area,Area (Km2(*),VN_SRC_NINHTHUAN,Ninh Thuan,2012,annual,3358.3,km2,footnoted,E0201,https://www.nso.gov.vn/en/px-web?pxid=E0201&theme=Population%20and%20Employment,source_reported_unharmonized
e0201_1a3b4df463,population,Land area,Area (Km2(*),VN_SRC_NINHTHUAN,Ninh Thuan,2013,annual,3358.3,km2,footnoted,E0201,https://www.nso.gov.vn/en/px-web?pxid=E0201&theme=Population%20and%20Employment,source_reported_unharmonized
e0201_1a3b4df463,population,Land area,Area (Km2(*),VN_SRC_NINHTHUAN,Ninh Thuan,2014,annual,3358.3,km2,footnoted,E0201,https://www.nso.gov.vn/en/px-web?pxid=E0201&theme=Population%20and%20Employment,source_reported_unharmonized
e0201_1a3b4df463,population,Land area,Area (Km2(*),VN_SRC_NINHTHUAN,Ninh Thuan,2015,annual,3358.3,km2,footnoted,E0201,https://www.nso.gov.vn/en/px-web?pxid=E0201&theme=Population%20and%20Employment,source_reported_unharmonized
e0201_1a3b4df463,population,Land area,Area (Km2(*),VN_SRC_NINHTHUAN,Ninh Thuan,2016,annual,3355.2,km2,footnoted,E0201,https://www.nso.gov.vn/en/px-web?pxid=E0201&theme=Population%20and%20Employment,source_reported_unharmonized
e0201_1a3b4df463,population,Land area,Area (Km2(*),VN_SRC_NINHTHUAN,Ninh Thuan,2017,annual,3355.3,km2,footnoted,E0201,https://www.nso.gov.vn/en/px-web?pxid=E0201&theme=Population%20and%20Employment,source_reported_unharmonized
e0201_1a3b4df463,population,Land area,Area (Km2(*),VN_SRC_NINHTHUAN,Ninh Thuan,2018,annual,3355.3,km2,footnoted,E0201,https://www.nso.gov.vn/en/px-web?pxid=E0201&theme=Population%20and%20Employment,source_reported_unharmonized
e0201_1a3b4df463,population,Land area,Area (Km2(*),VN_SRC_NINHTHUAN,Ninh Thuan,2019,annual,3355.3,km2,footnoted,E0201,https://www.nso.gov.vn/en/px-web?pxid=E0201&theme=Population%20and%20Employment,source_reported_unharmonized
e0201_1a3b4df463,population,Land area,Area (Km2(*),VN_SRC_NINHTHUAN,Ninh Thuan,2020,annual,3355.34,km2,footnoted,E0201,https://www.nso.gov.vn/en/px-web?pxid=E0201&theme=Population%20and%20Employment,source_reported_unharmonized
e0201_1a3b4df463,population,Land area,Area (Km2(*),VN_SRC_NINHTHUAN,Ninh Thuan,2021,annual,3355.34,km2,footnoted,E0201,https://www.nso.gov.vn/en/px-web?pxid=E0201&theme=Population%20and%20Employment,source_reported_unharmonized
e0201_1a3b4df463,population,Land area,Area (Km2(*),VN_SRC_NINHTHUAN,Ninh Thuan,2022,annual,3355.7,km2,footnoted,E0201,https://www.nso.gov.vn/en/px-web?pxid=E0201&theme=Population%20and%20Employment,source_reported_unharmonized
e0201_1a3b4df463,population,Land area,Area (Km2(*),VN_SRC_NINHTHUAN,Ninh Thuan,2023,annual,3355.7,km2,footnoted,E0201,https://www.nso.gov.vn/en/px-web?pxid=E0201&theme=Population%20and%20Employment,source_reported_unharmonized
e0201_1a3b4df463,population,Land area,Area (Km2(*),VN_SRC_NINHTHUAN,Ninh Thuan,2024,annual,3355.75,km2,footnoted,E0201,https://www.nso.gov.vn/en/px-web?pxid=E0201&theme=Population%20and%20Employment,source_reported_unharmonized
e0201_1a3b4df463,population,Land area,Area (Km2(*),VN_SRC_NINHTHUAN,Ninh Thuan,2025,annual,3355.75,km2,footnoted,E0201,https://www.nso.gov.vn/en/px-web?pxid=E0201&theme=Population%20and%20Employment,source_reported_unharmonized
e0201_1a3b4df463,population,Land area,Area (Km2(*),VN_SRC_BINHTHUAN,Binh Thuan,2011,annual,7812.9,km2,footnoted,E0201,https://www.nso.gov.vn/en/px-web?pxid=E0201&theme=Population%20and%20Employment,source_reported_unharmonized
e0201_1a3b4df463,population,Land area,Area (Km2(*),VN_SRC_BINHTHUAN,Binh Thuan,2012,annual,7812.8,km2,footnoted,E0201,https://www.nso.gov.vn/en/px-web?pxid=E0201&theme=Population%20and%20Employment,source_reported_unharmonized
e0201_1a3b4df463,population,Land area,Area (Km2(*),VN_SRC_BINHTHUAN,Binh Thuan,2013,annual,7812.8,km2,footnoted,E0201,https://www.nso.gov.vn/en/px-web?pxid=E0201&theme=Population%20and%20Employment,source_reported_unharmonized
e0201_1a3b4df463,population,Land area,Area (Km2(*),VN_SRC_BINHTHUAN,Binh Thuan,2014,annual,7813.1,km2,footnoted,E0201,https://www.nso.gov.vn/en/px-web?pxid=E0201&theme=Population%20and%20Employment,source_reported_unharmonized
e0201_1a3b4df463,population,Land area,Area (Km2(*),VN_SRC_BINHTHUAN,Binh Thuan,2015,annual,7813.1,km2,footnoted,E0201,https://www.nso.gov.vn/en/px-web?pxid=E0201&theme=Population%20and%20Employment,source_reported_unharmonized
e0201_1a3b4df463,population,Land area,Area (Km2(*),VN_SRC_BINHTHUAN,Binh Thuan,2016,annual,7944.0,km2,footnoted,E0201,https://www.nso.gov.vn/en/px-web?pxid=E0201&theme=Population%20and%20Employment,source_reported_unharmonized
e0201_1a3b4df463,population,Land area,Area (Km2(*),VN_SRC_BINHTHUAN,Binh Thuan,2017,annual,7943.9,km2,footnoted,E0201,https://www.nso.gov.vn/en/px-web?pxid=E0201&theme=Population%20and%20Employment,source_reported_unharmonized
e0201_1a3b4df463,population,Land area,Area (Km2(*),VN_SRC_BINHTHUAN,Binh Thuan,2018,annual,7943.9,km2,footnoted,E0201,https://www.nso.gov.vn/en/px-web?pxid=E0201&theme=Population%20and%20Employment,source_reported_unharmonized
e0201_1a3b4df463,population,Land area,Area (Km2(*),VN_SRC_BINHTHUAN,Binh Thuan,2019,annual,7943.9,km2,footnoted,E0201,https://www.nso.gov.vn/en/px-web?pxid=E0201&theme=Population%20and%20Employment,source_reported_unharmonized
e0201_1a3b4df463,population,Land area,Area (Km2(*),VN_SRC_BINHTHUAN,Binh Thuan,2020,annual,7943.93,km2,footnoted,E0201,https://www.nso.gov.vn/en/px-web?pxid=E0201&theme=Population%20and%20Employment,source_reported_unharmonized
e0201_1a3b4df463,population,Land area,Area (Km2(*),VN_SRC_BINHTHUAN,Binh Thuan,2021,annual,7942.6,km2,footnoted,E0201,https://www.nso.gov.vn/en/px-web?pxid=E0201&theme=Population%20and%20Employment,source_reported_unharmonized
e0201_1a3b4df463,population,Land area,Area (Km2(*),VN_SRC_BINHTHUAN,Binh Thuan,2022,annual,7942.6,km2,footnoted,E0201,https://www.nso.gov.vn/en/px-web?pxid=E0201&theme=Population%20and%20Employment,source_reported_unharmonized
e0201_1a3b4df463,population,Land area,Area (Km2(*),VN_SRC_BINHTHUAN,Binh Thuan,2023,annual,7942.6,km2,footnoted,E0201,https://www.nso.gov.vn/en/px-web?pxid=E0201&theme=Population%20and%20Employment,source_reported_unharmonized
e0201_1a3b4df463,population,Land area,Area (Km2(*),VN_SRC_BINHTHUAN,Binh Thuan,2024,annual,7942.6,km2,footnoted,E0201,https://www.nso.gov.vn/en/px-web?pxid=E0201&theme=Population%20and%20Employment,source_reported_unharmonized
e0201_1a3b4df463,population,Land area,Area (Km2(*),VN_SRC_BINHTHUAN,Binh Thuan,2025,annual,7942.6,km2,footnoted,E0201,https://www.nso.gov.vn/en/px-web?pxid=E0201&theme=Population%20and%20Employment,source_reported_unharmonized
e0201_1a3b4df463,population,Land area,Area (Km2(*),VN_SRC_KONTUM,Kon Tum,2011,annual,9689.6,km2,footnoted,E0201,https://www.nso.gov.vn/en/px-web?pxid=E0201&theme=Population%20and%20Employment,source_reported_unharmonized
e0201_1a3b4df463,population,Land area,Area (Km2(*),VN_SRC_KONTUM,Kon Tum,2012,annual,9689.6,km2,footnoted,E0201,https://www.nso.gov.vn/en/px-web?pxid=E0201&theme=Population%20and%20Employment,source_reported_unharmonized
e0201_1a3b4df463,population,Land area,Area (Km2(*),VN_SRC_KONTUM,Kon Tum,2013,annual,9689.6,km2,footnoted,E0201,https://www.nso.gov.vn/en/px-web?pxid=E0201&theme=Population%20and%20Employment,source_reported_unharmonized
e0201_1a3b4df463,population,Land area,Area (Km2(*),VN_SRC_KONTUM,Kon Tum,2014,annual,9689.6,km2,footnoted,E0201,https://www.nso.gov.vn/en/px-web?pxid=E0201&theme=Population%20and%20Employment,source_reported_unharmonized
e0201_1a3b4df463,population,Land area,Area (Km2(*),VN_SRC_KONTUM,Kon Tum,2015,annual,9689.6,km2,footnoted,E0201,https://www.nso.gov.vn/en/px-web?pxid=E0201&theme=Population%20and%20Employment,source_reported_unharmonized
e0201_1a3b4df463,population,Land area,Area (Km2(*),VN_SRC_KONTUM,Kon Tum,2016,annual,9674.2,km2,footnoted,E0201,https://www.nso.gov.vn/en/px-web?pxid=E0201&theme=Population%20and%20Employment,source_reported_unharmonized
e0201_1a3b4df463,population,Land area,Area (Km2(*),VN_SRC_KONTUM,Kon Tum,2017,annual,9674.2,km2,footnoted,E0201,https://www.nso.gov.vn/en/px-web?pxid=E0201&theme=Population%20and%20Employment,source_reported_unharmonized
e0201_1a3b4df463,population,Land area,Area (Km2(*),VN_SRC_KONTUM,Kon Tum,2018,annual,9674.2,km2,footnoted,E0201,https://www.nso.gov.vn/en/px-web?pxid=E0201&theme=Population%20and%20Employment,source_reported_unharmonized
e0201_1a3b4df463,population,Land area,Area (Km2(*),VN_SRC_KONTUM,Kon Tum,2019,annual,9674.2,km2,footnoted,E0201,https://www.nso.gov.vn/en/px-web?pxid=E0201&theme=Population%20and%20Employment,source_reported_unharmonized
e0201_1a3b4df463,population,Land area,Area (Km2(*),VN_SRC_KONTUM,Kon Tum,2020,annual,9674.18,km2,footnoted,E0201,https://www.nso.gov.vn/en/px-web?pxid=E0201&theme=Population%20and%20Employment,source_reported_unharmonized
e0201_1a3b4df463,population,Land area,Area (Km2(*),VN_SRC_KONTUM,Kon Tum,2021,annual,9677.3,km2,footnoted,E0201,https://www.nso.gov.vn/en/px-web?pxid=E0201&theme=Population%20and%20Employment,source_reported_unharmonized
e0201_1a3b4df463,population,Land area,Area (Km2(*),VN_SRC_KONTUM,Kon Tum,2022,annual,9677.3,km2,footnoted,E0201,https://www.nso.gov.vn/en/px-web?pxid=E0201&theme=Population%20and%20Employment,source_reported_unharmonized
e0201_1a3b4df463,population,Land area,Area (Km2(*),VN_SRC_KONTUM,Kon Tum,2023,annual,9677.3,km2,footnoted,E0201,https://www.nso.gov.vn/en/px-web?pxid=E0201&theme=Population%20and%20Employment,source_reported_unharmonized
e0201_1a3b4df463,population,Land area,Area (Km2(*),VN_SRC_KONTUM,Kon Tum,2024,annual,9677.3,km2,footnoted,E0201,https://www.nso.gov.vn/en/px-web?pxid=E0201&theme=Population%20and%20Employment,source_reported_unharmonized
e0201_1a3b4df463,population,Land area,Area (Km2(*),VN_SRC_KONTUM,Kon Tum,2025,annual,9677.3,km2,footnoted,E0201,https://www.nso.gov.vn/en/px-web?pxid=E0201&theme=Population%20and%20Employment,source_reported_unharmonized
e0201_1a3b4df463,population,Land area,Area (Km2(*),VN_SRC_GIALAI,Gia Lai,2011,annual,15536.9,km2,footnoted,E0201,https://www.nso.gov.vn/en/px-web?pxid=E0201&theme=Population%20and%20Employment,source_reported_unharmonized
e0201_1a3b4df463,population,Land area,Area (Km2(*),VN_SRC_GIALAI,Gia Lai,2012,annual,15536.9,km2,footnoted,E0201,https://www.nso.gov.vn/en/px-web?pxid=E0201&theme=Population%20and%20Employment,source_reported_unharmonized
e0201_1a3b4df463,population,Land area,Area (Km2(*),VN_SRC_GIALAI,Gia Lai,2013,annual,15536.9,km2,footnoted,E0201,https://www.nso.gov.vn/en/px-web?pxid=E0201&theme=Population%20and%20Employment,source_reported_unharmonized
e0201_1a3b4df463,population,Land area,Area (Km2(*),VN_SRC_GIALAI,Gia Lai,2014,annual,15536.9,km2,footnoted,E0201,https://www.nso.gov.vn/en/px-web?pxid=E0201&theme=Population%20and%20Employment,source_reported_unharmonized
e0201_1a3b4df463,population,Land area,Area (Km2(*),VN_SRC_GIALAI,Gia Lai,2015,annual,15536.9,km2,footnoted,E0201,https://www.nso.gov.vn/en/px-web?pxid=E0201&theme=Population%20and%20Employment,source_reported_unharmonized
e0201_1a3b4df463,population,Land area,Area (Km2(*),VN_SRC_GIALAI,Gia Lai,2016,annual,15510.8,km2,footnoted,E0201,https://www.nso.gov.vn/en/px-web?pxid=E0201&theme=Population%20and%20Employment,source_reported_unharmonized
e0201_1a3b4df463,population,Land area,Area (Km2(*),VN_SRC_GIALAI,Gia Lai,2017,annual,15511.0,km2,footnoted,E0201,https://www.nso.gov.vn/en/px-web?pxid=E0201&theme=Population%20and%20Employment,source_reported_unharmonized
e0201_1a3b4df463,population,Land area,Area (Km2(*),VN_SRC_GIALAI,Gia Lai,2018,annual,15511.0,km2,footnoted,E0201,https://www.nso.gov.vn/en/px-web?pxid=E0201&theme=Population%20and%20Employment,source_reported_unharmonized
e0201_1a3b4df463,population,Land area,Area (Km2(*),VN_SRC_GIALAI,Gia Lai,2019,annual,15511.0,km2,footnoted,E0201,https://www.nso.gov.vn/en/px-web?pxid=E0201&theme=Population%20and%20Employment,source_reported_unharmonized
e0201_1a3b4df463,population,Land area,Area (Km2(*),VN_SRC_GIALAI,Gia Lai,2020,annual,15510.99,km2,footnoted,E0201,https://www.nso.gov.vn/en/px-web?pxid=E0201&theme=Population%20and%20Employment,source_reported_unharmonized
e0201_1a3b4df463,population,Land area,Area (Km2(*),VN_SRC_GIALAI,Gia Lai,2021,annual,15510.13,km2,footnoted,E0201,https://www.nso.gov.vn/en/px-web?pxid=E0201&theme=Population%20and%20Employment,source_reported_unharmonized
e0201_1a3b4df463,population,Land area,Area (Km2(*),VN_SRC_GIALAI,Gia Lai,2022,annual,15510.13,km2,footnoted,E0201,https://www.nso.gov.vn/en/px-web?pxid=E0201&theme=Population%20and%20Employment,source_reported_unharmonized
e0201_1a3b4df463,population,Land area,Area (Km2(*),VN_SRC_GIALAI,Gia Lai,2023,annual,15510.13,km2,footnoted,E0201,https://www.nso.gov.vn/en/px-web?pxid=E0201&theme=Population%20and%20Employment,source_reported_unharmonized
e0201_1a3b4df463,population,Land area,Area (Km2(*),VN_SRC_GIALAI,Gia Lai,2024,annual,15510.13,km2,footnoted,E0201,https://www.nso.gov.vn/en/px-web?pxid=E0201&theme=Population%20and%20Employment,source_reported_unharmonized
e0201_1a3b4df463,population,Land area,Area (Km2(*),VN_SRC_GIALAI,Gia Lai,2025,annual,15510.13,km2,footnoted,E0201,https://www.nso.gov.vn/en/px-web?pxid=E0201&theme=Population%20and%20Employment,source_reported_unharmonized
e0201_1a3b4df463,population,Land area,Area (Km2(*),VN_SRC_DAKLAK,Dak Lak,2011,annual,13125.4,km2,footnoted,E0201,https://www.nso.gov.vn/en/px-web?pxid=E0201&theme=Population%20and%20Employment,source_reported_unharmonized
e0201_1a3b4df463,population,Land area,Area (Km2(*),VN_SRC_DAKLAK,Dak Lak,2012,annual,13125.4,km2,footnoted,E0201,https://www.nso.gov.vn/en/px-web?pxid=E0201&theme=Population%20and%20Employment,source_reported_unharmonized
e0201_1a3b4df463,population,Land area,Area (Km2(*),VN_SRC_DAKLAK,Dak Lak,2013,annual,13125.4,km2,footnoted,E0201,https://www.nso.gov.vn/en/px-web?pxid=E0201&theme=Population%20and%20Employment,source_reported_unharmonized
e0201_1a3b4df463,population,Land area,Area (Km2(*),VN_SRC_DAKLAK,Dak Lak,2014,annual,13125.4,km2,footnoted,E0201,https://www.nso.gov.vn/en/px-web?pxid=E0201&theme=Population%20and%20Employment,source_reported_unharmonized
e0201_1a3b4df463,population,Land area,Area (Km2(*),VN_SRC_DAKLAK,Dak Lak,2015,annual,13125.4,km2,footnoted,E0201,https://www.nso.gov.vn/en/px-web?pxid=E0201&theme=Population%20and%20Employment,source_reported_unharmonized
e0201_1a3b4df463,population,Land area,Area (Km2(*),VN_SRC_DAKLAK,Dak Lak,2016,annual,13030.5,km2,footnoted,E0201,https://www.nso.gov.vn/en/px-web?pxid=E0201&theme=Population%20and%20Employment,source_reported_unharmonized
e0201_1a3b4df463,population,Land area,Area (Km2(*),VN_SRC_DAKLAK,Dak Lak,2017,annual,13030.5,km2,footnoted,E0201,https://www.nso.gov.vn/en/px-web?pxid=E0201&theme=Population%20and%20Employment,source_reported_unharmonized
e0201_1a3b4df463,population,Land area,Area (Km2(*),VN_SRC_DAKLAK,Dak Lak,2018,annual,13030.5,km2,footnoted,E0201,https://www.nso.gov.vn/en/px-web?pxid=E0201&theme=Population%20and%20Employment,source_reported_unharmonized
e0201_1a3b4df463,population,Land area,Area (Km2(*),VN_SRC_DAKLAK,Dak Lak,2019,annual,13030.5,km2,footnoted,E0201,https://www.nso.gov.vn/en/px-web?pxid=E0201&theme=Population%20and%20Employment,source_reported_unharmonized
e0201_1a3b4df463,population,Land area,Area (Km2(*),VN_SRC_DAKLAK,Dak Lak,2020,annual,13030.5,km2,footnoted,E0201,https://www.nso.gov.vn/en/px-web?pxid=E0201&theme=Population%20and%20Employment,source_reported_unharmonized
e0201_1a3b4df463,population,Land area,Area (Km2(*),VN_SRC_DAKLAK,Dak Lak,2021,annual,13070.41,km2,footnoted,E0201,https://www.nso.gov.vn/en/px-web?pxid=E0201&theme=Population%20and%20Employment,source_reported_unharmonized
e0201_1a3b4df463,population,Land area,Area (Km2(*),VN_SRC_DAKLAK,Dak Lak,2022,annual,13070.41,km2,footnoted,E0201,https://www.nso.gov.vn/en/px-web?pxid=E0201&theme=Population%20and%20Employment,source_reported_unharmonized
e0201_1a3b4df463,population,Land area,Area (Km2(*),VN_SRC_DAKLAK,Dak Lak,2023,annual,13070.41,km2,footnoted,E0201,https://www.nso.gov.vn/en/px-web?pxid=E0201&theme=Population%20and%20Employment,source_reported_unharmonized
e0201_1a3b4df463,population,Land area,Area (Km2(*),VN_SRC_DAKLAK,Dak Lak,2024,annual,13070.41,km2,footnoted,E0201,https://www.nso.gov.vn/en/px-web?pxid=E0201&theme=Population%20and%20Employment,source_reported_unharmonized
e0201_1a3b4df463,population,Land area,Area (Km2(*),VN_SRC_DAKLAK,Dak Lak,2025,annual,13070.41,km2,footnoted,E0201,https://www.nso.gov.vn/en/px-web?pxid=E0201&theme=Population%20and%20Employment,source_reported_unharmonized
e0201_1a3b4df463,population,Land area,Area (Km2(*),VN_SRC_DAKNONG,Dak Nong,2011,annual,6515.6,km2,footnoted,E0201,https://www.nso.gov.vn/en/px-web?pxid=E0201&theme=Population%20and%20Employment,source_reported_unharmonized
e0201_1a3b4df463,population,Land area,Area (Km2(*),VN_SRC_DAKNONG,Dak Nong,2012,annual,6515.6,km2,footnoted,E0201,https://www.nso.gov.vn/en/px-web?pxid=E0201&theme=Population%20and%20Employment,source_reported_unharmonized
e0201_1a3b4df463,population,Land area,Area (Km2(*),VN_SRC_DAKNONG,Dak Nong,2013,annual,6515.6,km2,footnoted,E0201,https://www.nso.gov.vn/en/px-web?pxid=E0201&theme=Population%20and%20Employment,source_reported_unharmonized
e0201_1a3b4df463,population,Land area,Area (Km2(*),VN_SRC_DAKNONG,Dak Nong,2014,annual,6515.6,km2,footnoted,E0201,https://www.nso.gov.vn/en/px-web?pxid=E0201&theme=Population%20and%20Employment,source_reported_unharmonized
e0201_1a3b4df463,population,Land area,Area (Km2(*),VN_SRC_DAKNONG,Dak Nong,2015,annual,6515.6,km2,footnoted,E0201,https://www.nso.gov.vn/en/px-web?pxid=E0201&theme=Population%20and%20Employment,source_reported_unharmonized
e0201_1a3b4df463,population,Land area,Area (Km2(*),VN_SRC_DAKNONG,Dak Nong,2016,annual,6509.3,km2,footnoted,E0201,https://www.nso.gov.vn/en/px-web?pxid=E0201&theme=Population%20and%20Employment,source_reported_unharmonized
e0201_1a3b4df463,population,Land area,Area (Km2(*),VN_SRC_DAKNONG,Dak Nong,2017,annual,6509.3,km2,footnoted,E0201,https://www.nso.gov.vn/en/px-web?pxid=E0201&theme=Population%20and%20Employment,source_reported_unharmonized
e0201_1a3b4df463,population,Land area,Area (Km2(*),VN_SRC_DAKNONG,Dak Nong,2018,annual,6509.3,km2,footnoted,E0201,https://www.nso.gov.vn/en/px-web?pxid=E0201&theme=Population%20and%20Employment,source_reported_unharmonized
e0201_1a3b4df463,population,Land area,Area (Km2(*),VN_SRC_DAKNONG,Dak Nong,2019,annual,6509.3,km2,footnoted,E0201,https://www.nso.gov.vn/en/px-web?pxid=E0201&theme=Population%20and%20Employment,source_reported_unharmonized
e0201_1a3b4df463,population,Land area,Area (Km2(*),VN_SRC_DAKNONG,Dak Nong,2020,annual,6509.27,km2,footnoted,E0201,https://www.nso.gov.vn/en/px-web?pxid=E0201&theme=Population%20and%20Employment,source_reported_unharmonized
e0201_1a3b4df463,population,Land area,Area (Km2(*),VN_SRC_DAKNONG,Dak Nong,2021,annual,6509.27,km2,footnoted,E0201,https://www.nso.gov.vn/en/px-web?pxid=E0201&theme=Population%20and%20Employment,source_reported_unharmonized
e0201_1a3b4df463,population,Land area,Area (Km2(*),VN_SRC_DAKNONG,Dak Nong,2022,annual,6509.27,km2,footnoted,E0201,https://www.nso.gov.vn/en/px-web?pxid=E0201&theme=Population%20and%20Employment,source_reported_unharmonized
e0201_1a3b4df463,population,Land area,Area (Km2(*),VN_SRC_DAKNONG,Dak Nong,2023,annual,6509.27,km2,footnoted,E0201,https://www.nso.gov.vn/en/px-web?pxid=E0201&theme=Population%20and%20Employment,source_reported_unharmonized
e0201_1a3b4df463,population,Land area,Area (Km2(*),VN_SRC_DAKNONG,Dak Nong,2024,annual,6509.27,km2,footnoted,E0201,https://www.nso.gov.vn/en/px-web?pxid=E0201&theme=Population%20and%20Employment,source_reported_unharmonized
e0201_1a3b4df463,population,Land area,Area (Km2(*),VN_SRC_DAKNONG,Dak Nong,2025,annual,6509.27,km2,footnoted,E0201,https://www.nso.gov.vn/en/px-web?pxid=E0201&theme=Population%20and%20Employment,source_reported_unharmonized
e0201_1a3b4df463,population,Land area,Area (Km2(*),VN_SRC_LAMDONG,Lam Dong,2011,annual,9773.5,km2,footnoted,E0201,https://www.nso.gov.vn/en/px-web?pxid=E0201&theme=Population%20and%20Employment,source_reported_unharmonized
e0201_1a3b4df463,population,Land area,Area (Km2(*),VN_SRC_LAMDONG,Lam Dong,2012,annual,9773.5,km2,footnoted,E0201,https://www.nso.gov.vn/en/px-web?pxid=E0201&theme=Population%20and%20Employment,source_reported_unharmonized
e0201_1a3b4df463,population,Land area,Area (Km2(*),VN_SRC_LAMDONG,Lam Dong,2013,annual,9773.6,km2,footnoted,E0201,https://www.nso.gov.vn/en/px-web?pxid=E0201&theme=Population%20and%20Employment,source_reported_unharmonized
e0201_1a3b4df463,population,Land area,Area (Km2(*),VN_SRC_LAMDONG,Lam Dong,2014,annual,9773.5,km2,footnoted,E0201,https://www.nso.gov.vn/en/px-web?pxid=E0201&theme=Population%20and%20Employment,source_reported_unharmonized
e0201_1a3b4df463,population,Land area,Area (Km2(*),VN_SRC_LAMDONG,Lam Dong,2015,annual,9773.5,km2,footnoted,E0201,https://www.nso.gov.vn/en/px-web?pxid=E0201&theme=Population%20and%20Employment,source_reported_unharmonized
e0201_1a3b4df463,population,Land area,Area (Km2(*),VN_SRC_LAMDONG,Lam Dong,2016,annual,9783.2,km2,footnoted,E0201,https://www.nso.gov.vn/en/px-web?pxid=E0201&theme=Population%20and%20Employment,source_reported_unharmonized
e0201_1a3b4df463,population,Land area,Area (Km2(*),VN_SRC_LAMDONG,Lam Dong,2017,annual,9783.3,km2,footnoted,E0201,https://www.nso.gov.vn/en/px-web?pxid=E0201&theme=Population%20and%20Employment,source_reported_unharmonized
e0201_1a3b4df463,population,Land area,Area (Km2(*),VN_SRC_LAMDONG,Lam Dong,2018,annual,9783.3,km2,footnoted,E0201,https://www.nso.gov.vn/en/px-web?pxid=E0201&theme=Population%20and%20Employment,source_reported_unharmonized
e0201_1a3b4df463,population,Land area,Area (Km2(*),VN_SRC_LAMDONG,Lam Dong,2019,annual,9783.3,km2,footnoted,E0201,https://www.nso.gov.vn/en/px-web?pxid=E0201&theme=Population%20and%20Employment,source_reported_unharmonized
e0201_1a3b4df463,population,Land area,Area (Km2(*),VN_SRC_LAMDONG,Lam Dong,2020,annual,9783.34,km2,footnoted,E0201,https://www.nso.gov.vn/en/px-web?pxid=E0201&theme=Population%20and%20Employment,source_reported_unharmonized
e0201_1a3b4df463,population,Land area,Area (Km2(*),VN_SRC_LAMDONG,Lam Dong,2021,annual,9781.2,km2,footnoted,E0201,https://www.nso.gov.vn/en/px-web?pxid=E0201&theme=Population%20and%20Employment,source_reported_unharmonized
e0201_1a3b4df463,population,Land area,Area (Km2(*),VN_SRC_LAMDONG,Lam Dong,2022,annual,9781.2,km2,footnoted,E0201,https://www.nso.gov.vn/en/px-web?pxid=E0201&theme=Population%20and%20Employment,source_reported_unharmonized
e0201_1a3b4df463,population,Land area,Area (Km2(*),VN_SRC_LAMDONG,Lam Dong,2023,annual,9781.2,km2,footnoted,E0201,https://www.nso.gov.vn/en/px-web?pxid=E0201&theme=Population%20and%20Employment,source_reported_unharmonized
e0201_1a3b4df463,population,Land area,Area (Km2(*),VN_SRC_LAMDONG,Lam Dong,2024,annual,9781.2,km2,footnoted,E0201,https://www.nso.gov.vn/en/px-web?pxid=E0201&theme=Population%20and%20Employment,source_reported_unharmonized
e0201_1a3b4df463,population,Land area,Area (Km2(*),VN_SRC_LAMDONG,Lam Dong,2025,annual,9781.2,km2,footnoted,E0201,https://www.nso.gov.vn/en/px-web?pxid=E0201&theme=Population%20and%20Employment,source_reported_unharmonized
e0201_1a3b4df463,population,Land area,Area (Km2(*),VN_SRC_BINHPHUOC,Binh Phuoc,2011,annual,6871.5,km2,footnoted,E0201,https://www.nso.gov.vn/en/px-web?pxid=E0201&theme=Population%20and%20Employment,source_reported_unharmonized
e0201_1a3b4df463,population,Land area,Area (Km2(*),VN_SRC_BINHPHUOC,Binh Phuoc,2012,annual,6871.5,km2,footnoted,E0201,https://www.nso.gov.vn/en/px-web?pxid=E0201&theme=Population%20and%20Employment,source_reported_unharmonized
e0201_1a3b4df463,population,Land area,Area (Km2(*),VN_SRC_BINHPHUOC,Binh Phuoc,2013,annual,6871.5,km2,footnoted,E0201,https://www.nso.gov.vn/en/px-web?pxid=E0201&theme=Population%20and%20Employment,source_reported_unharmonized
e0201_1a3b4df463,population,Land area,Area (Km2(*),VN_SRC_BINHPHUOC,Binh Phuoc,2014,annual,6871.5,km2,footnoted,E0201,https://www.nso.gov.vn/en/px-web?pxid=E0201&theme=Population%20and%20Employment,source_reported_unharmonized
e0201_1a3b4df463,population,Land area,Area (Km2(*),VN_SRC_BINHPHUOC,Binh Phuoc,2015,annual,6871.5,km2,footnoted,E0201,https://www.nso.gov.vn/en/px-web?pxid=E0201&theme=Population%20and%20Employment,source_reported_unharmonized
e0201_1a3b4df463,population,Land area,Area (Km2(*),VN_SRC_BINHPHUOC,Binh Phuoc,2016,annual,6876.6,km2,footnoted,E0201,https://www.nso.gov.vn/en/px-web?pxid=E0201&theme=Population%20and%20Employment,source_reported_unharmonized
e0201_1a3b4df463,population,Land area,Area (Km2(*),VN_SRC_BINHPHUOC,Binh Phuoc,2017,annual,6876.8,km2,footnoted,E0201,https://www.nso.gov.vn/en/px-web?pxid=E0201&theme=Population%20and%20Employment,source_reported_unharmonized
e0201_1a3b4df463,population,Land area,Area (Km2(*),VN_SRC_BINHPHUOC,Binh Phuoc,2018,annual,6876.8,km2,footnoted,E0201,https://www.nso.gov.vn/en/px-web?pxid=E0201&theme=Population%20and%20Employment,source_reported_unharmonized
e0201_1a3b4df463,population,Land area,Area (Km2(*),VN_SRC_BINHPHUOC,Binh Phuoc,2019,annual,6876.8,km2,footnoted,E0201,https://www.nso.gov.vn/en/px-web?pxid=E0201&theme=Population%20and%20Employment,source_reported_unharmonized
e0201_1a3b4df463,population,Land area,Area (Km2(*),VN_SRC_BINHPHUOC,Binh Phuoc,2020,annual,6876.76,km2,footnoted,E0201,https://www.nso.gov.vn/en/px-web?pxid=E0201&theme=Population%20and%20Employment,source_reported_unharmonized
e0201_1a3b4df463,population,Land area,Area (Km2(*),VN_SRC_BINHPHUOC,Binh Phuoc,2021,annual,6873.56,km2,footnoted,E0201,https://www.nso.gov.vn/en/px-web?pxid=E0201&theme=Population%20and%20Employment,source_reported_unharmonized
e0201_1a3b4df463,population,Land area,Area (Km2(*),VN_SRC_BINHPHUOC,Binh Phuoc,2022,annual,6873.56,km2,footnoted,E0201,https://www.nso.gov.vn/en/px-web?pxid=E0201&theme=Population%20and%20Employment,source_reported_unharmonized
e0201_1a3b4df463,population,Land area,Area (Km2(*),VN_SRC_BINHPHUOC,Binh Phuoc,2023,annual,6873.56,km2,footnoted,E0201,https://www.nso.gov.vn/en/px-web?pxid=E0201&theme=Population%20and%20Employment,source_reported_unharmonized
e0201_1a3b4df463,population,Land area,Area (Km2(*),VN_SRC_BINHPHUOC,Binh Phuoc,2024,annual,6873.56,km2,footnoted,E0201,https://www.nso.gov.vn/en/px-web?pxid=E0201&theme=Population%20and%20Employment,source_reported_unharmonized
e0201_1a3b4df463,population,Land area,Area (Km2(*),VN_SRC_BINHPHUOC,Binh Phuoc,2025,annual,6873.56,km2,footnoted,E0201,https://www.nso.gov.vn/en/px-web?pxid=E0201&theme=Population%20and%20Employment,source_reported_unharmonized
e0201_1a3b4df463,population,Land area,Area (Km2(*),VN_SRC_TAYNINH,Tay Ninh,2011,annual,4039.7,km2,footnoted,E0201,https://www.nso.gov.vn/en/px-web?pxid=E0201&theme=Population%20and%20Employment,source_reported_unharmonized
e0201_1a3b4df463,population,Land area,Area (Km2(*),VN_SRC_TAYNINH,Tay Ninh,2012,annual,4039.7,km2,footnoted,E0201,https://www.nso.gov.vn/en/px-web?pxid=E0201&theme=Population%20and%20Employment,source_reported_unharmonized
e0201_1a3b4df463,population,Land area,Area (Km2(*),VN_SRC_TAYNINH,Tay Ninh,2013,annual,4032.6,km2,footnoted,E0201,https://www.nso.gov.vn/en/px-web?pxid=E0201&theme=Population%20and%20Employment,source_reported_unharmonized
e0201_1a3b4df463,population,Land area,Area (Km2(*),VN_SRC_TAYNINH,Tay Ninh,2014,annual,4032.6,km2,footnoted,E0201,https://www.nso.gov.vn/en/px-web?pxid=E0201&theme=Population%20and%20Employment,source_reported_unharmonized
e0201_1a3b4df463,population,Land area,Area (Km2(*),VN_SRC_TAYNINH,Tay Ninh,2015,annual,4032.6,km2,footnoted,E0201,https://www.nso.gov.vn/en/px-web?pxid=E0201&theme=Population%20and%20Employment,source_reported_unharmonized
e0201_1a3b4df463,population,Land area,Area (Km2(*),VN_SRC_TAYNINH,Tay Ninh,2016,annual,4041.4,km2,footnoted,E0201,https://www.nso.gov.vn/en/px-web?pxid=E0201&theme=Population%20and%20Employment,source_reported_unharmonized
e0201_1a3b4df463,population,Land area,Area (Km2(*),VN_SRC_TAYNINH,Tay Ninh,2017,annual,4041.3,km2,footnoted,E0201,https://www.nso.gov.vn/en/px-web?pxid=E0201&theme=Population%20and%20Employment,source_reported_unharmonized
e0201_1a3b4df463,population,Land area,Area (Km2(*),VN_SRC_TAYNINH,Tay Ninh,2018,annual,4041.3,km2,footnoted,E0201,https://www.nso.gov.vn/en/px-web?pxid=E0201&theme=Population%20and%20Employment,source_reported_unharmonized
e0201_1a3b4df463,population,Land area,Area (Km2(*),VN_SRC_TAYNINH,Tay Ninh,2019,annual,4041.3,km2,footnoted,E0201,https://www.nso.gov.vn/en/px-web?pxid=E0201&theme=Population%20and%20Employment,source_reported_unharmonized
e0201_1a3b4df463,population,Land area,Area (Km2(*),VN_SRC_TAYNINH,Tay Ninh,2020,annual,4041.25,km2,footnoted,E0201,https://www.nso.gov.vn/en/px-web?pxid=E0201&theme=Population%20and%20Employment,source_reported_unharmonized
e0201_1a3b4df463,population,Land area,Area (Km2(*),VN_SRC_TAYNINH,Tay Ninh,2021,annual,4041.65,km2,footnoted,E0201,https://www.nso.gov.vn/en/px-web?pxid=E0201&theme=Population%20and%20Employment,source_reported_unharmonized
e0201_1a3b4df463,population,Land area,Area (Km2(*),VN_SRC_TAYNINH,Tay Ninh,2022,annual,4041.65,km2,footnoted,E0201,https://www.nso.gov.vn/en/px-web?pxid=E0201&theme=Population%20and%20Employment,source_reported_unharmonized
e0201_1a3b4df463,population,Land area,Area (Km2(*),VN_SRC_TAYNINH,Tay Ninh,2023,annual,4041.65,km2,footnoted,E0201,https://www.nso.gov.vn/en/px-web?pxid=E0201&theme=Population%20and%20Employment,source_reported_unharmonized
e0201_1a3b4df463,population,Land area,Area (Km2(*),VN_SRC_TAYNINH,Tay Ninh,2024,annual,4041.65,km2,footnoted,E0201,https://www.nso.gov.vn/en/px-web?pxid=E0201&theme=Population%20and%20Employment,source_reported_unharmonized
e0201_1a3b4df463,population,Land area,Area (Km2(*),VN_SRC_TAYNINH,Tay Ninh,2025,annual,4041.65,km2,footnoted,E0201,https://www.nso.gov.vn/en/px-web?pxid=E0201&theme=Population%20and%20Employment,source_reported_unharmonized
e0201_1a3b4df463,population,Land area,Area (Km2(*),VN_SRC_BINHDUONG,Binh Duong,2011,annual,2694.4,km2,footnoted,E0201,https://www.nso.gov.vn/en/px-web?pxid=E0201&theme=Population%20and%20Employment,source_reported_unharmonized
e0201_1a3b4df463,population,Land area,Area (Km2(*),VN_SRC_BINHDUONG,Binh Duong,2012,annual,2694.4,km2,footnoted,E0201,https://www.nso.gov.vn/en/px-web?pxid=E0201&theme=Population%20and%20Employment,source_reported_unharmonized
e0201_1a3b4df463,population,Land area,Area (Km2(*),VN_SRC_BINHDUONG,Binh Duong,2013,annual,2694.4,km2,footnoted,E0201,https://www.nso.gov.vn/en/px-web?pxid=E0201&theme=Population%20and%20Employment,source_reported_unharmonized
e0201_1a3b4df463,population,Land area,Area (Km2(*),VN_SRC_BINHDUONG,Binh Duong,2014,annual,2694.4,km2,footnoted,E0201,https://www.nso.gov.vn/en/px-web?pxid=E0201&theme=Population%20and%20Employment,source_reported_unharmonized
e0201_1a3b4df463,population,Land area,Area (Km2(*),VN_SRC_BINHDUONG,Binh Duong,2015,annual,2694.4,km2,footnoted,E0201,https://www.nso.gov.vn/en/px-web?pxid=E0201&theme=Population%20and%20Employment,source_reported_unharmonized
e0201_1a3b4df463,population,Land area,Area (Km2(*),VN_SRC_BINHDUONG,Binh Duong,2016,annual,2694.7,km2,footnoted,E0201,https://www.nso.gov.vn/en/px-web?pxid=E0201&theme=Population%20and%20Employment,source_reported_unharmonized
e0201_1a3b4df463,population,Land area,Area (Km2(*),VN_SRC_BINHDUONG,Binh Duong,2017,annual,2694.6,km2,footnoted,E0201,https://www.nso.gov.vn/en/px-web?pxid=E0201&theme=Population%20and%20Employment,source_reported_unharmonized
e0201_1a3b4df463,population,Land area,Area (Km2(*),VN_SRC_BINHDUONG,Binh Duong,2018,annual,2694.6,km2,footnoted,E0201,https://www.nso.gov.vn/en/px-web?pxid=E0201&theme=Population%20and%20Employment,source_reported_unharmonized
e0201_1a3b4df463,population,Land area,Area (Km2(*),VN_SRC_BINHDUONG,Binh Duong,2019,annual,2694.6,km2,footnoted,E0201,https://www.nso.gov.vn/en/px-web?pxid=E0201&theme=Population%20and%20Employment,source_reported_unharmonized
e0201_1a3b4df463,population,Land area,Area (Km2(*),VN_SRC_BINHDUONG,Binh Duong,2020,annual,2694.64,km2,footnoted,E0201,https://www.nso.gov.vn/en/px-web?pxid=E0201&theme=Population%20and%20Employment,source_reported_unharmonized
e0201_1a3b4df463,population,Land area,Area (Km2(*),VN_SRC_BINHDUONG,Binh Duong,2021,annual,2694.64,km2,footnoted,E0201,https://www.nso.gov.vn/en/px-web?pxid=E0201&theme=Population%20and%20Employment,source_reported_unharmonized
e0201_1a3b4df463,population,Land area,Area (Km2(*),VN_SRC_BINHDUONG,Binh Duong,2022,annual,2694.64,km2,footnoted,E0201,https://www.nso.gov.vn/en/px-web?pxid=E0201&theme=Population%20and%20Employment,source_reported_unharmonized
e0201_1a3b4df463,population,Land area,Area (Km2(*),VN_SRC_BINHDUONG,Binh Duong,2023,annual,2694.64,km2,footnoted,E0201,https://www.nso.gov.vn/en/px-web?pxid=E0201&theme=Population%20and%20Employment,source_reported_unharmonized
e0201_1a3b4df463,population,Land area,Area (Km2(*),VN_SRC_BINHDUONG,Binh Duong,2024,annual,2694.64,km2,footnoted,E0201,https://www.nso.gov.vn/en/px-web?pxid=E0201&theme=Population%20and%20Employment,source_reported_unharmonized
e0201_1a3b4df463,population,Land area,Area (Km2(*),VN_SRC_BINHDUONG,Binh Duong,2025,annual,2694.64,km2,footnoted,E0201,https://www.nso.gov.vn/en/px-web?pxid=E0201&theme=Population%20and%20Employment,source_reported_unharmonized
e0201_1a3b4df463,population,Land area,Area (Km2(*),VN_SRC_DONGNAI,Dong Nai,2011,annual,5907.2,km2,footnoted,E0201,https://www.nso.gov.vn/en/px-web?pxid=E0201&theme=Population%20and%20Employment,source_reported_unharmonized
e0201_1a3b4df463,population,Land area,Area (Km2(*),VN_SRC_DONGNAI,Dong Nai,2012,annual,5907.2,km2,footnoted,E0201,https://www.nso.gov.vn/en/px-web?pxid=E0201&theme=Population%20and%20Employment,source_reported_unharmonized
e0201_1a3b4df463,population,Land area,Area (Km2(*),VN_SRC_DONGNAI,Dong Nai,2013,annual,5907.2,km2,footnoted,E0201,https://www.nso.gov.vn/en/px-web?pxid=E0201&theme=Population%20and%20Employment,source_reported_unharmonized
e0201_1a3b4df463,population,Land area,Area (Km2(*),VN_SRC_DONGNAI,Dong Nai,2014,annual,5907.2,km2,footnoted,E0201,https://www.nso.gov.vn/en/px-web?pxid=E0201&theme=Population%20and%20Employment,source_reported_unharmonized
e0201_1a3b4df463,population,Land area,Area (Km2(*),VN_SRC_DONGNAI,Dong Nai,2015,annual,5907.2,km2,footnoted,E0201,https://www.nso.gov.vn/en/px-web?pxid=E0201&theme=Population%20and%20Employment,source_reported_unharmonized
e0201_1a3b4df463,population,Land area,Area (Km2(*),VN_SRC_DONGNAI,Dong Nai,2016,annual,5863.6,km2,footnoted,E0201,https://www.nso.gov.vn/en/px-web?pxid=E0201&theme=Population%20and%20Employment,source_reported_unharmonized
e0201_1a3b4df463,population,Land area,Area (Km2(*),VN_SRC_DONGNAI,Dong Nai,2017,annual,5863.6,km2,footnoted,E0201,https://www.nso.gov.vn/en/px-web?pxid=E0201&theme=Population%20and%20Employment,source_reported_unharmonized
e0201_1a3b4df463,population,Land area,Area (Km2(*),VN_SRC_DONGNAI,Dong Nai,2018,annual,5863.6,km2,footnoted,E0201,https://www.nso.gov.vn/en/px-web?pxid=E0201&theme=Population%20and%20Employment,source_reported_unharmonized
e0201_1a3b4df463,population,Land area,Area (Km2(*),VN_SRC_DONGNAI,Dong Nai,2019,annual,5863.6,km2,footnoted,E0201,https://www.nso.gov.vn/en/px-web?pxid=E0201&theme=Population%20and%20Employment,source_reported_unharmonized
e0201_1a3b4df463,population,Land area,Area (Km2(*),VN_SRC_DONGNAI,Dong Nai,2020,annual,5863.6,km2,footnoted,E0201,https://www.nso.gov.vn/en/px-web?pxid=E0201&theme=Population%20and%20Employment,source_reported_unharmonized
e0201_1a3b4df463,population,Land area,Area (Km2(*),VN_SRC_DONGNAI,Dong Nai,2021,annual,5863.62,km2,footnoted,E0201,https://www.nso.gov.vn/en/px-web?pxid=E0201&theme=Population%20and%20Employment,source_reported_unharmonized
e0201_1a3b4df463,population,Land area,Area (Km2(*),VN_SRC_DONGNAI,Dong Nai,2022,annual,5863.62,km2,footnoted,E0201,https://www.nso.gov.vn/en/px-web?pxid=E0201&theme=Population%20and%20Employment,source_reported_unharmonized
e0201_1a3b4df463,population,Land area,Area (Km2(*),VN_SRC_DONGNAI,Dong Nai,2023,annual,5863.62,km2,footnoted,E0201,https://www.nso.gov.vn/en/px-web?pxid=E0201&theme=Population%20and%20Employment,source_reported_unharmonized
e0201_1a3b4df463,population,Land area,Area (Km2(*),VN_SRC_DONGNAI,Dong Nai,2024,annual,5863.62,km2,footnoted,E0201,https://www.nso.gov.vn/en/px-web?pxid=E0201&theme=Population%20and%20Employment,source_reported_unharmonized
e0201_1a3b4df463,population,Land area,Area (Km2(*),VN_SRC_DONGNAI,Dong Nai,2025,annual,5863.62,km2,footnoted,E0201,https://www.nso.gov.vn/en/px-web?pxid=E0201&theme=Population%20and%20Employment,source_reported_unharmonized
e0201_1a3b4df463,population,Land area,Area (Km2(*),VN_SRC_BARIAVUNGTAU,Ba Ria - Vung Tau,2011,annual,1989.5,km2,footnoted,E0201,https://www.nso.gov.vn/en/px-web?pxid=E0201&theme=Population%20and%20Employment,source_reported_unharmonized
e0201_1a3b4df463,population,Land area,Area (Km2(*),VN_SRC_BARIAVUNGTAU,Ba Ria - Vung Tau,2012,annual,1989.5,km2,footnoted,E0201,https://www.nso.gov.vn/en/px-web?pxid=E0201&theme=Population%20and%20Employment,source_reported_unharmonized
e0201_1a3b4df463,population,Land area,Area (Km2(*),VN_SRC_BARIAVUNGTAU,Ba Ria - Vung Tau,2013,annual,1989.5,km2,footnoted,E0201,https://www.nso.gov.vn/en/px-web?pxid=E0201&theme=Population%20and%20Employment,source_reported_unharmonized
e0201_1a3b4df463,population,Land area,Area (Km2(*),VN_SRC_BARIAVUNGTAU,Ba Ria - Vung Tau,2014,annual,1989.5,km2,footnoted,E0201,https://www.nso.gov.vn/en/px-web?pxid=E0201&theme=Population%20and%20Employment,source_reported_unharmonized
e0201_1a3b4df463,population,Land area,Area (Km2(*),VN_SRC_BARIAVUNGTAU,Ba Ria - Vung Tau,2015,annual,1989.5,km2,footnoted,E0201,https://www.nso.gov.vn/en/px-web?pxid=E0201&theme=Population%20and%20Employment,source_reported_unharmonized
e0201_1a3b4df463,population,Land area,Area (Km2(*),VN_SRC_BARIAVUNGTAU,Ba Ria - Vung Tau,2016,annual,1980.8,km2,footnoted,E0201,https://www.nso.gov.vn/en/px-web?pxid=E0201&theme=Population%20and%20Employment,source_reported_unharmonized
e0201_1a3b4df463,population,Land area,Area (Km2(*),VN_SRC_BARIAVUNGTAU,Ba Ria - Vung Tau,2017,annual,1981.0,km2,footnoted,E0201,https://www.nso.gov.vn/en/px-web?pxid=E0201&theme=Population%20and%20Employment,source_reported_unharmonized
e0201_1a3b4df463,population,Land area,Area (Km2(*),VN_SRC_BARIAVUNGTAU,Ba Ria - Vung Tau,2018,annual,1981.0,km2,footnoted,E0201,https://www.nso.gov.vn/en/px-web?pxid=E0201&theme=Population%20and%20Employment,source_reported_unharmonized
e0201_1a3b4df463,population,Land area,Area (Km2(*),VN_SRC_BARIAVUNGTAU,Ba Ria - Vung Tau,2019,annual,1981.0,km2,footnoted,E0201,https://www.nso.gov.vn/en/px-web?pxid=E0201&theme=Population%20and%20Employment,source_reported_unharmonized
e0201_1a3b4df463,population,Land area,Area (Km2(*),VN_SRC_BARIAVUNGTAU,Ba Ria - Vung Tau,2020,annual,1980.98,km2,footnoted,E0201,https://www.nso.gov.vn/en/px-web?pxid=E0201&theme=Population%20and%20Employment,source_reported_unharmonized
e0201_1a3b4df463,population,Land area,Area (Km2(*),VN_SRC_BARIAVUNGTAU,Ba Ria - Vung Tau,2021,annual,1982.56,km2,footnoted,E0201,https://www.nso.gov.vn/en/px-web?pxid=E0201&theme=Population%20and%20Employment,source_reported_unharmonized
e0201_1a3b4df463,population,Land area,Area (Km2(*),VN_SRC_BARIAVUNGTAU,Ba Ria - Vung Tau,2022,annual,1982.56,km2,footnoted,E0201,https://www.nso.gov.vn/en/px-web?pxid=E0201&theme=Population%20and%20Employment,source_reported_unharmonized
e0201_1a3b4df463,population,Land area,Area (Km2(*),VN_SRC_BARIAVUNGTAU,Ba Ria - Vung Tau,2023,annual,1982.56,km2,footnoted,E0201,https://www.nso.gov.vn/en/px-web?pxid=E0201&theme=Population%20and%20Employment,source_reported_unharmonized
e0201_1a3b4df463,population,Land area,Area (Km2(*),VN_SRC_BARIAVUNGTAU,Ba Ria - Vung Tau,2024,annual,1982.56,km2,footnoted,E0201,https://www.nso.gov.vn/en/px-web?pxid=E0201&theme=Population%20and%20Employment,source_reported_unharmonized
e0201_1a3b4df463,population,Land area,Area (Km2(*),VN_SRC_BARIAVUNGTAU,Ba Ria - Vung Tau,2025,annual,1982.56,km2,footnoted,E0201,https://www.nso.gov.vn/en/px-web?pxid=E0201&theme=Population%20and%20Employment,source_reported_unharmonized
e0201_1a3b4df463,population,Land area,Area (Km2(*),VN_SRC_HOCHIMINHCITY,Ho Chi Minh city,2011,annual,2095.6,km2,footnoted,E0201,https://www.nso.gov.vn/en/px-web?pxid=E0201&theme=Population%20and%20Employment,source_reported_unharmonized
e0201_1a3b4df463,population,Land area,Area (Km2(*),VN_SRC_HOCHIMINHCITY,Ho Chi Minh city,2012,annual,2095.6,km2,footnoted,E0201,https://www.nso.gov.vn/en/px-web?pxid=E0201&theme=Population%20and%20Employment,source_reported_unharmonized
e0201_1a3b4df463,population,Land area,Area (Km2(*),VN_SRC_HOCHIMINHCITY,Ho Chi Minh city,2013,annual,2095.6,km2,footnoted,E0201,https://www.nso.gov.vn/en/px-web?pxid=E0201&theme=Population%20and%20Employment,source_reported_unharmonized
e0201_1a3b4df463,population,Land area,Area (Km2(*),VN_SRC_HOCHIMINHCITY,Ho Chi Minh city,2014,annual,2095.5,km2,footnoted,E0201,https://www.nso.gov.vn/en/px-web?pxid=E0201&theme=Population%20and%20Employment,source_reported_unharmonized
e0201_1a3b4df463,population,Land area,Area (Km2(*),VN_SRC_HOCHIMINHCITY,Ho Chi Minh city,2015,annual,2095.5,km2,footnoted,E0201,https://www.nso.gov.vn/en/px-web?pxid=E0201&theme=Population%20and%20Employment,source_reported_unharmonized
e0201_1a3b4df463,population,Land area,Area (Km2(*),VN_SRC_HOCHIMINHCITY,Ho Chi Minh city,2016,annual,2061.4,km2,footnoted,E0201,https://www.nso.gov.vn/en/px-web?pxid=E0201&theme=Population%20and%20Employment,source_reported_unharmonized
e0201_1a3b4df463,population,Land area,Area (Km2(*),VN_SRC_HOCHIMINHCITY,Ho Chi Minh city,2017,annual,2061.2,km2,footnoted,E0201,https://www.nso.gov.vn/en/px-web?pxid=E0201&theme=Population%20and%20Employment,source_reported_unharmonized
e0201_1a3b4df463,population,Land area,Area (Km2(*),VN_SRC_HOCHIMINHCITY,Ho Chi Minh city,2018,annual,2061.4,km2,footnoted,E0201,https://www.nso.gov.vn/en/px-web?pxid=E0201&theme=Population%20and%20Employment,source_reported_unharmonized
e0201_1a3b4df463,population,Land area,Area (Km2(*),VN_SRC_HOCHIMINHCITY,Ho Chi Minh city,2019,annual,2061.4,km2,footnoted,E0201,https://www.nso.gov.vn/en/px-web?pxid=E0201&theme=Population%20and%20Employment,source_reported_unharmonized
e0201_1a3b4df463,population,Land area,Area (Km2(*),VN_SRC_HOCHIMINHCITY,Ho Chi Minh city,2020,annual,2061.41,km2,footnoted,E0201,https://www.nso.gov.vn/en/px-web?pxid=E0201&theme=Population%20and%20Employment,source_reported_unharmonized
e0201_1a3b4df463,population,Land area,Area (Km2(*),VN_SRC_HOCHIMINHCITY,Ho Chi Minh city,2021,annual,2095.39,km2,footnoted,E0201,https://www.nso.gov.vn/en/px-web?pxid=E0201&theme=Population%20and%20Employment,source_reported_unharmonized
e0201_1a3b4df463,population,Land area,Area (Km2(*),VN_SRC_HOCHIMINHCITY,Ho Chi Minh city,2022,annual,2095.39,km2,footnoted,E0201,https://www.nso.gov.vn/en/px-web?pxid=E0201&theme=Population%20and%20Employment,source_reported_unharmonized
e0201_1a3b4df463,population,Land area,Area (Km2(*),VN_SRC_HOCHIMINHCITY,Ho Chi Minh city,2023,annual,2095.39,km2,footnoted,E0201,https://www.nso.gov.vn/en/px-web?pxid=E0201&theme=Population%20and%20Employment,source_reported_unharmonized
e0201_1a3b4df463,population,Land area,Area (Km2(*),VN_SRC_HOCHIMINHCITY,Ho Chi Minh city,2024,annual,2095.39,km2,footnoted,E0201,https://www.nso.gov.vn/en/px-web?pxid=E0201&theme=Population%20and%20Employment,source_reported_unharmonized
e0201_1a3b4df463,population,Land area,Area (Km2(*),VN_SRC_HOCHIMINHCITY,Ho Chi Minh city,2025,annual,2095.39,km2,footnoted,E0201,https://www.nso.gov.vn/en/px-web?pxid=E0201&theme=Population%20and%20Employment,source_reported_unharmonized
e0201_1a3b4df463,population,Land area,Area (Km2(*),VN_SRC_LONGAN,Long An,2011,annual,4492.4,km2,footnoted,E0201,https://www.nso.gov.vn/en/px-web?pxid=E0201&theme=Population%20and%20Employment,source_reported_unharmonized
e0201_1a3b4df463,population,Land area,Area (Km2(*),VN_SRC_LONGAN,Long An,2012,annual,4492.4,km2,footnoted,E0201,https://www.nso.gov.vn/en/px-web?pxid=E0201&theme=Population%20and%20Employment,source_reported_unharmonized
e0201_1a3b4df463,population,Land area,Area (Km2(*),VN_SRC_LONGAN,Long An,2013,annual,4491.9,km2,footnoted,E0201,https://www.nso.gov.vn/en/px-web?pxid=E0201&theme=Population%20and%20Employment,source_reported_unharmonized
e0201_1a3b4df463,population,Land area,Area (Km2(*),VN_SRC_LONGAN,Long An,2014,annual,4495.0,km2,footnoted,E0201,https://www.nso.gov.vn/en/px-web?pxid=E0201&theme=Population%20and%20Employment,source_reported_unharmonized
e0201_1a3b4df463,population,Land area,Area (Km2(*),VN_SRC_LONGAN,Long An,2015,annual,4495.0,km2,footnoted,E0201,https://www.nso.gov.vn/en/px-web?pxid=E0201&theme=Population%20and%20Employment,source_reported_unharmonized
e0201_1a3b4df463,population,Land area,Area (Km2(*),VN_SRC_LONGAN,Long An,2016,annual,4494.8,km2,footnoted,E0201,https://www.nso.gov.vn/en/px-web?pxid=E0201&theme=Population%20and%20Employment,source_reported_unharmonized
e0201_1a3b4df463,population,Land area,Area (Km2(*),VN_SRC_LONGAN,Long An,2017,annual,4494.9,km2,footnoted,E0201,https://www.nso.gov.vn/en/px-web?pxid=E0201&theme=Population%20and%20Employment,source_reported_unharmonized
e0201_1a3b4df463,population,Land area,Area (Km2(*),VN_SRC_LONGAN,Long An,2018,annual,4494.9,km2,footnoted,E0201,https://www.nso.gov.vn/en/px-web?pxid=E0201&theme=Population%20and%20Employment,source_reported_unharmonized
e0201_1a3b4df463,population,Land area,Area (Km2(*),VN_SRC_LONGAN,Long An,2019,annual,4494.9,km2,footnoted,E0201,https://www.nso.gov.vn/en/px-web?pxid=E0201&theme=Population%20and%20Employment,source_reported_unharmonized
e0201_1a3b4df463,population,Land area,Area (Km2(*),VN_SRC_LONGAN,Long An,2020,annual,4494.94,km2,footnoted,E0201,https://www.nso.gov.vn/en/px-web?pxid=E0201&theme=Population%20and%20Employment,source_reported_unharmonized
e0201_1a3b4df463,population,Land area,Area (Km2(*),VN_SRC_LONGAN,Long An,2021,annual,4494.79,km2,footnoted,E0201,https://www.nso.gov.vn/en/px-web?pxid=E0201&theme=Population%20and%20Employment,source_reported_unharmonized
e0201_1a3b4df463,population,Land area,Area (Km2(*),VN_SRC_LONGAN,Long An,2022,annual,4494.78,km2,footnoted,E0201,https://www.nso.gov.vn/en/px-web?pxid=E0201&theme=Population%20and%20Employment,source_reported_unharmonized
e0201_1a3b4df463,population,Land area,Area (Km2(*),VN_SRC_LONGAN,Long An,2023,annual,4494.79,km2,footnoted,E0201,https://www.nso.gov.vn/en/px-web?pxid=E0201&theme=Population%20and%20Employment,source_reported_unharmonized
e0201_1a3b4df463,population,Land area,Area (Km2(*),VN_SRC_LONGAN,Long An,2024,annual,4494.79,km2,footnoted,E0201,https://www.nso.gov.vn/en/px-web?pxid=E0201&theme=Population%20and%20Employment,source_reported_unharmonized
e0201_1a3b4df463,population,Land area,Area (Km2(*),VN_SRC_LONGAN,Long An,2025,annual,4494.79,km2,footnoted,E0201,https://www.nso.gov.vn/en/px-web?pxid=E0201&theme=Population%20and%20Employment,source_reported_unharmonized
e0201_1a3b4df463,population,Land area,Area (Km2(*),VN_SRC_TIENGIANG,Tien Giang,2011,annual,2508.3,km2,footnoted,E0201,https://www.nso.gov.vn/en/px-web?pxid=E0201&theme=Population%20and%20Employment,source_reported_unharmonized
e0201_1a3b4df463,population,Land area,Area (Km2(*),VN_SRC_TIENGIANG,Tien Giang,2012,annual,2508.3,km2,footnoted,E0201,https://www.nso.gov.vn/en/px-web?pxid=E0201&theme=Population%20and%20Employment,source_reported_unharmonized
e0201_1a3b4df463,population,Land area,Area (Km2(*),VN_SRC_TIENGIANG,Tien Giang,2013,annual,2508.6,km2,footnoted,E0201,https://www.nso.gov.vn/en/px-web?pxid=E0201&theme=Population%20and%20Employment,source_reported_unharmonized
e0201_1a3b4df463,population,Land area,Area (Km2(*),VN_SRC_TIENGIANG,Tien Giang,2014,annual,2509.3,km2,footnoted,E0201,https://www.nso.gov.vn/en/px-web?pxid=E0201&theme=Population%20and%20Employment,source_reported_unharmonized
e0201_1a3b4df463,population,Land area,Area (Km2(*),VN_SRC_TIENGIANG,Tien Giang,2015,annual,2509.3,km2,footnoted,E0201,https://www.nso.gov.vn/en/px-web?pxid=E0201&theme=Population%20and%20Employment,source_reported_unharmonized
e0201_1a3b4df463,population,Land area,Area (Km2(*),VN_SRC_TIENGIANG,Tien Giang,2016,annual,2510.5,km2,footnoted,E0201,https://www.nso.gov.vn/en/px-web?pxid=E0201&theme=Population%20and%20Employment,source_reported_unharmonized
e0201_1a3b4df463,population,Land area,Area (Km2(*),VN_SRC_TIENGIANG,Tien Giang,2017,annual,2510.6,km2,footnoted,E0201,https://www.nso.gov.vn/en/px-web?pxid=E0201&theme=Population%20and%20Employment,source_reported_unharmonized
e0201_1a3b4df463,population,Land area,Area (Km2(*),VN_SRC_TIENGIANG,Tien Giang,2018,annual,2510.6,km2,footnoted,E0201,https://www.nso.gov.vn/en/px-web?pxid=E0201&theme=Population%20and%20Employment,source_reported_unharmonized
e0201_1a3b4df463,population,Land area,Area (Km2(*),VN_SRC_TIENGIANG,Tien Giang,2019,annual,2510.6,km2,footnoted,E0201,https://www.nso.gov.vn/en/px-web?pxid=E0201&theme=Population%20and%20Employment,source_reported_unharmonized
e0201_1a3b4df463,population,Land area,Area (Km2(*),VN_SRC_TIENGIANG,Tien Giang,2020,annual,2510.61,km2,footnoted,E0201,https://www.nso.gov.vn/en/px-web?pxid=E0201&theme=Population%20and%20Employment,source_reported_unharmonized
e0201_1a3b4df463,population,Land area,Area (Km2(*),VN_SRC_TIENGIANG,Tien Giang,2021,annual,2556.36,km2,footnoted,E0201,https://www.nso.gov.vn/en/px-web?pxid=E0201&theme=Population%20and%20Employment,source_reported_unharmonized
e0201_1a3b4df463,population,Land area,Area (Km2(*),VN_SRC_TIENGIANG,Tien Giang,2022,annual,2556.36,km2,footnoted,E0201,https://www.nso.gov.vn/en/px-web?pxid=E0201&theme=Population%20and%20Employment,source_reported_unharmonized
e0201_1a3b4df463,population,Land area,Area (Km2(*),VN_SRC_TIENGIANG,Tien Giang,2023,annual,2556.36,km2,footnoted,E0201,https://www.nso.gov.vn/en/px-web?pxid=E0201&theme=Population%20and%20Employment,source_reported_unharmonized
e0201_1a3b4df463,population,Land area,Area (Km2(*),VN_SRC_TIENGIANG,Tien Giang,2024,annual,2556.36,km2,footnoted,E0201,https://www.nso.gov.vn/en/px-web?pxid=E0201&theme=Population%20and%20Employment,source_reported_unharmonized
e0201_1a3b4df463,population,Land area,Area (Km2(*),VN_SRC_TIENGIANG,Tien Giang,2025,annual,2556.36,km2,footnoted,E0201,https://www.nso.gov.vn/en/px-web?pxid=E0201&theme=Population%20and%20Employment,source_reported_unharmonized
e0201_1a3b4df463,population,Land area,Area (Km2(*),VN_SRC_BENTRE,Ben Tre,2011,annual,2360.6,km2,footnoted,E0201,https://www.nso.gov.vn/en/px-web?pxid=E0201&theme=Population%20and%20Employment,source_reported_unharmonized
e0201_1a3b4df463,population,Land area,Area (Km2(*),VN_SRC_BENTRE,Ben Tre,2012,annual,2357.7,km2,footnoted,E0201,https://www.nso.gov.vn/en/px-web?pxid=E0201&theme=Population%20and%20Employment,source_reported_unharmonized
e0201_1a3b4df463,population,Land area,Area (Km2(*),VN_SRC_BENTRE,Ben Tre,2013,annual,2359.5,km2,footnoted,E0201,https://www.nso.gov.vn/en/px-web?pxid=E0201&theme=Population%20and%20Employment,source_reported_unharmonized
e0201_1a3b4df463,population,Land area,Area (Km2(*),VN_SRC_BENTRE,Ben Tre,2014,annual,2359.8,km2,footnoted,E0201,https://www.nso.gov.vn/en/px-web?pxid=E0201&theme=Population%20and%20Employment,source_reported_unharmonized
e0201_1a3b4df463,population,Land area,Area (Km2(*),VN_SRC_BENTRE,Ben Tre,2015,annual,2359.8,km2,footnoted,E0201,https://www.nso.gov.vn/en/px-web?pxid=E0201&theme=Population%20and%20Employment,source_reported_unharmonized
e0201_1a3b4df463,population,Land area,Area (Km2(*),VN_SRC_BENTRE,Ben Tre,2016,annual,2394.6,km2,footnoted,E0201,https://www.nso.gov.vn/en/px-web?pxid=E0201&theme=Population%20and%20Employment,source_reported_unharmonized
e0201_1a3b4df463,population,Land area,Area (Km2(*),VN_SRC_BENTRE,Ben Tre,2017,annual,2394.7,km2,footnoted,E0201,https://www.nso.gov.vn/en/px-web?pxid=E0201&theme=Population%20and%20Employment,source_reported_unharmonized
e0201_1a3b4df463,population,Land area,Area (Km2(*),VN_SRC_BENTRE,Ben Tre,2018,annual,2394.8,km2,footnoted,E0201,https://www.nso.gov.vn/en/px-web?pxid=E0201&theme=Population%20and%20Employment,source_reported_unharmonized
e0201_1a3b4df463,population,Land area,Area (Km2(*),VN_SRC_BENTRE,Ben Tre,2019,annual,2394.8,km2,footnoted,E0201,https://www.nso.gov.vn/en/px-web?pxid=E0201&theme=Population%20and%20Employment,source_reported_unharmonized
e0201_1a3b4df463,population,Land area,Area (Km2(*),VN_SRC_BENTRE,Ben Tre,2020,annual,2394.81,km2,footnoted,E0201,https://www.nso.gov.vn/en/px-web?pxid=E0201&theme=Population%20and%20Employment,source_reported_unharmonized
e0201_1a3b4df463,population,Land area,Area (Km2(*),VN_SRC_BENTRE,Ben Tre,2021,annual,2379.7,km2,footnoted,E0201,https://www.nso.gov.vn/en/px-web?pxid=E0201&theme=Population%20and%20Employment,source_reported_unharmonized
e0201_1a3b4df463,population,Land area,Area (Km2(*),VN_SRC_BENTRE,Ben Tre,2022,annual,2379.7,km2,footnoted,E0201,https://www.nso.gov.vn/en/px-web?pxid=E0201&theme=Population%20and%20Employment,source_reported_unharmonized
e0201_1a3b4df463,population,Land area,Area (Km2(*),VN_SRC_BENTRE,Ben Tre,2023,annual,2379.7,km2,footnoted,E0201,https://www.nso.gov.vn/en/px-web?pxid=E0201&theme=Population%20and%20Employment,source_reported_unharmonized
e0201_1a3b4df463,population,Land area,Area (Km2(*),VN_SRC_BENTRE,Ben Tre,2024,annual,2379.7,km2,footnoted,E0201,https://www.nso.gov.vn/en/px-web?pxid=E0201&theme=Population%20and%20Employment,source_reported_unharmonized
e0201_1a3b4df463,population,Land area,Area (Km2(*),VN_SRC_BENTRE,Ben Tre,2025,annual,2379.7,km2,footnoted,E0201,https://www.nso.gov.vn/en/px-web?pxid=E0201&theme=Population%20and%20Employment,source_reported_unharmonized
e0201_1a3b4df463,population,Land area,Area (Km2(*),VN_SRC_TRAVINH,Tra Vinh,2011,annual,2341.2,km2,footnoted,E0201,https://www.nso.gov.vn/en/px-web?pxid=E0201&theme=Population%20and%20Employment,source_reported_unharmonized
e0201_1a3b4df463,population,Land area,Area (Km2(*),VN_SRC_TRAVINH,Tra Vinh,2012,annual,2341.2,km2,footnoted,E0201,https://www.nso.gov.vn/en/px-web?pxid=E0201&theme=Population%20and%20Employment,source_reported_unharmonized
e0201_1a3b4df463,population,Land area,Area (Km2(*),VN_SRC_TRAVINH,Tra Vinh,2013,annual,2341.2,km2,footnoted,E0201,https://www.nso.gov.vn/en/px-web?pxid=E0201&theme=Population%20and%20Employment,source_reported_unharmonized
e0201_1a3b4df463,population,Land area,Area (Km2(*),VN_SRC_TRAVINH,Tra Vinh,2014,annual,2341.2,km2,footnoted,E0201,https://www.nso.gov.vn/en/px-web?pxid=E0201&theme=Population%20and%20Employment,source_reported_unharmonized
e0201_1a3b4df463,population,Land area,Area (Km2(*),VN_SRC_TRAVINH,Tra Vinh,2015,annual,2341.2,km2,footnoted,E0201,https://www.nso.gov.vn/en/px-web?pxid=E0201&theme=Population%20and%20Employment,source_reported_unharmonized
e0201_1a3b4df463,population,Land area,Area (Km2(*),VN_SRC_TRAVINH,Tra Vinh,2016,annual,2358.2,km2,footnoted,E0201,https://www.nso.gov.vn/en/px-web?pxid=E0201&theme=Population%20and%20Employment,source_reported_unharmonized
e0201_1a3b4df463,population,Land area,Area (Km2(*),VN_SRC_TRAVINH,Tra Vinh,2017,annual,2358.3,km2,footnoted,E0201,https://www.nso.gov.vn/en/px-web?pxid=E0201&theme=Population%20and%20Employment,source_reported_unharmonized
e0201_1a3b4df463,population,Land area,Area (Km2(*),VN_SRC_TRAVINH,Tra Vinh,2018,annual,2358.3,km2,footnoted,E0201,https://www.nso.gov.vn/en/px-web?pxid=E0201&theme=Population%20and%20Employment,source_reported_unharmonized
e0201_1a3b4df463,population,Land area,Area (Km2(*),VN_SRC_TRAVINH,Tra Vinh,2019,annual,2358.3,km2,footnoted,E0201,https://www.nso.gov.vn/en/px-web?pxid=E0201&theme=Population%20and%20Employment,source_reported_unharmonized
e0201_1a3b4df463,population,Land area,Area (Km2(*),VN_SRC_TRAVINH,Tra Vinh,2020,annual,2358.26,km2,footnoted,E0201,https://www.nso.gov.vn/en/px-web?pxid=E0201&theme=Population%20and%20Employment,source_reported_unharmonized
e0201_1a3b4df463,population,Land area,Area (Km2(*),VN_SRC_TRAVINH,Tra Vinh,2021,annual,2390.76,km2,footnoted,E0201,https://www.nso.gov.vn/en/px-web?pxid=E0201&theme=Population%20and%20Employment,source_reported_unharmonized
e0201_1a3b4df463,population,Land area,Area (Km2(*),VN_SRC_TRAVINH,Tra Vinh,2022,annual,2390.77,km2,footnoted,E0201,https://www.nso.gov.vn/en/px-web?pxid=E0201&theme=Population%20and%20Employment,source_reported_unharmonized
e0201_1a3b4df463,population,Land area,Area (Km2(*),VN_SRC_TRAVINH,Tra Vinh,2023,annual,2390.77,km2,footnoted,E0201,https://www.nso.gov.vn/en/px-web?pxid=E0201&theme=Population%20and%20Employment,source_reported_unharmonized
e0201_1a3b4df463,population,Land area,Area (Km2(*),VN_SRC_TRAVINH,Tra Vinh,2024,annual,2390.77,km2,footnoted,E0201,https://www.nso.gov.vn/en/px-web?pxid=E0201&theme=Population%20and%20Employment,source_reported_unharmonized
e0201_1a3b4df463,population,Land area,Area (Km2(*),VN_SRC_TRAVINH,Tra Vinh,2025,annual,2390.77,km2,footnoted,E0201,https://www.nso.gov.vn/en/px-web?pxid=E0201&theme=Population%20and%20Employment,source_reported_unharmonized
e0201_1a3b4df463,population,Land area,Area (Km2(*),VN_SRC_VINHLONG,Vinh Long,2011,annual,1496.8,km2,footnoted,E0201,https://www.nso.gov.vn/en/px-web?pxid=E0201&theme=Population%20and%20Employment,source_reported_unharmonized
e0201_1a3b4df463,population,Land area,Area (Km2(*),VN_SRC_VINHLONG,Vinh Long,2012,annual,1504.9,km2,footnoted,E0201,https://www.nso.gov.vn/en/px-web?pxid=E0201&theme=Population%20and%20Employment,source_reported_unharmonized
e0201_1a3b4df463,population,Land area,Area (Km2(*),VN_SRC_VINHLONG,Vinh Long,2013,annual,1520.2,km2,footnoted,E0201,https://www.nso.gov.vn/en/px-web?pxid=E0201&theme=Population%20and%20Employment,source_reported_unharmonized
e0201_1a3b4df463,population,Land area,Area (Km2(*),VN_SRC_VINHLONG,Vinh Long,2014,annual,1520.2,km2,footnoted,E0201,https://www.nso.gov.vn/en/px-web?pxid=E0201&theme=Population%20and%20Employment,source_reported_unharmonized
e0201_1a3b4df463,population,Land area,Area (Km2(*),VN_SRC_VINHLONG,Vinh Long,2015,annual,1520.2,km2,footnoted,E0201,https://www.nso.gov.vn/en/px-web?pxid=E0201&theme=Population%20and%20Employment,source_reported_unharmonized
e0201_1a3b4df463,population,Land area,Area (Km2(*),VN_SRC_VINHLONG,Vinh Long,2016,annual,1525.6,km2,footnoted,E0201,https://www.nso.gov.vn/en/px-web?pxid=E0201&theme=Population%20and%20Employment,source_reported_unharmonized
e0201_1a3b4df463,population,Land area,Area (Km2(*),VN_SRC_VINHLONG,Vinh Long,2017,annual,1525.7,km2,footnoted,E0201,https://www.nso.gov.vn/en/px-web?pxid=E0201&theme=Population%20and%20Employment,source_reported_unharmonized
e0201_1a3b4df463,population,Land area,Area (Km2(*),VN_SRC_VINHLONG,Vinh Long,2018,annual,1525.7,km2,footnoted,E0201,https://www.nso.gov.vn/en/px-web?pxid=E0201&theme=Population%20and%20Employment,source_reported_unharmonized
e0201_1a3b4df463,population,Land area,Area (Km2(*),VN_SRC_VINHLONG,Vinh Long,2019,annual,1525.7,km2,footnoted,E0201,https://www.nso.gov.vn/en/px-web?pxid=E0201&theme=Population%20and%20Employment,source_reported_unharmonized
e0201_1a3b4df463,population,Land area,Area (Km2(*),VN_SRC_VINHLONG,Vinh Long,2020,annual,1525.73,km2,footnoted,E0201,https://www.nso.gov.vn/en/px-web?pxid=E0201&theme=Population%20and%20Employment,source_reported_unharmonized
e0201_1a3b4df463,population,Land area,Area (Km2(*),VN_SRC_VINHLONG,Vinh Long,2021,annual,1525.73,km2,footnoted,E0201,https://www.nso.gov.vn/en/px-web?pxid=E0201&theme=Population%20and%20Employment,source_reported_unharmonized
e0201_1a3b4df463,population,Land area,Area (Km2(*),VN_SRC_VINHLONG,Vinh Long,2022,annual,1525.73,km2,footnoted,E0201,https://www.nso.gov.vn/en/px-web?pxid=E0201&theme=Population%20and%20Employment,source_reported_unharmonized
e0201_1a3b4df463,population,Land area,Area (Km2(*),VN_SRC_VINHLONG,Vinh Long,2023,annual,1525.73,km2,footnoted,E0201,https://www.nso.gov.vn/en/px-web?pxid=E0201&theme=Population%20and%20Employment,source_reported_unharmonized
e0201_1a3b4df463,population,Land area,Area (Km2(*),VN_SRC_VINHLONG,Vinh Long,2024,annual,1525.73,km2,footnoted,E0201,https://www.nso.gov.vn/en/px-web?pxid=E0201&theme=Population%20and%20Employment,source_reported_unharmonized
e0201_1a3b4df463,population,Land area,Area (Km2(*),VN_SRC_VINHLONG,Vinh Long,2025,annual,1525.73,km2,footnoted,E0201,https://www.nso.gov.vn/en/px-web?pxid=E0201&theme=Population%20and%20Employment,source_reported_unharmonized
e0201_1a3b4df463,population,Land area,Area (Km2(*),VN_SRC_DONGTHAP,Dong Thap,2011,annual,3377.0,km2,footnoted,E0201,https://www.nso.gov.vn/en/px-web?pxid=E0201&theme=Population%20and%20Employment,source_reported_unharmonized
e0201_1a3b4df463,population,Land area,Area (Km2(*),VN_SRC_DONGTHAP,Dong Thap,2012,annual,3377.0,km2,footnoted,E0201,https://www.nso.gov.vn/en/px-web?pxid=E0201&theme=Population%20and%20Employment,source_reported_unharmonized
e0201_1a3b4df463,population,Land area,Area (Km2(*),VN_SRC_DONGTHAP,Dong Thap,2013,annual,3378.8,km2,footnoted,E0201,https://www.nso.gov.vn/en/px-web?pxid=E0201&theme=Population%20and%20Employment,source_reported_unharmonized
e0201_1a3b4df463,population,Land area,Area (Km2(*),VN_SRC_DONGTHAP,Dong Thap,2014,annual,3378.8,km2,footnoted,E0201,https://www.nso.gov.vn/en/px-web?pxid=E0201&theme=Population%20and%20Employment,source_reported_unharmonized
e0201_1a3b4df463,population,Land area,Area (Km2(*),VN_SRC_DONGTHAP,Dong Thap,2015,annual,3378.8,km2,footnoted,E0201,https://www.nso.gov.vn/en/px-web?pxid=E0201&theme=Population%20and%20Employment,source_reported_unharmonized
e0201_1a3b4df463,population,Land area,Area (Km2(*),VN_SRC_DONGTHAP,Dong Thap,2016,annual,3384.0,km2,footnoted,E0201,https://www.nso.gov.vn/en/px-web?pxid=E0201&theme=Population%20and%20Employment,source_reported_unharmonized
e0201_1a3b4df463,population,Land area,Area (Km2(*),VN_SRC_DONGTHAP,Dong Thap,2017,annual,3383.8,km2,footnoted,E0201,https://www.nso.gov.vn/en/px-web?pxid=E0201&theme=Population%20and%20Employment,source_reported_unharmonized
e0201_1a3b4df463,population,Land area,Area (Km2(*),VN_SRC_DONGTHAP,Dong Thap,2018,annual,3383.8,km2,footnoted,E0201,https://www.nso.gov.vn/en/px-web?pxid=E0201&theme=Population%20and%20Employment,source_reported_unharmonized
e0201_1a3b4df463,population,Land area,Area (Km2(*),VN_SRC_DONGTHAP,Dong Thap,2019,annual,3383.8,km2,footnoted,E0201,https://www.nso.gov.vn/en/px-web?pxid=E0201&theme=Population%20and%20Employment,source_reported_unharmonized
e0201_1a3b4df463,population,Land area,Area (Km2(*),VN_SRC_DONGTHAP,Dong Thap,2020,annual,3383.85,km2,footnoted,E0201,https://www.nso.gov.vn/en/px-web?pxid=E0201&theme=Population%20and%20Employment,source_reported_unharmonized
e0201_1a3b4df463,population,Land area,Area (Km2(*),VN_SRC_DONGTHAP,Dong Thap,2021,annual,3382.28,km2,footnoted,E0201,https://www.nso.gov.vn/en/px-web?pxid=E0201&theme=Population%20and%20Employment,source_reported_unharmonized
e0201_1a3b4df463,population,Land area,Area (Km2(*),VN_SRC_DONGTHAP,Dong Thap,2022,annual,3382.28,km2,footnoted,E0201,https://www.nso.gov.vn/en/px-web?pxid=E0201&theme=Population%20and%20Employment,source_reported_unharmonized
e0201_1a3b4df463,population,Land area,Area (Km2(*),VN_SRC_DONGTHAP,Dong Thap,2023,annual,3382.28,km2,footnoted,E0201,https://www.nso.gov.vn/en/px-web?pxid=E0201&theme=Population%20and%20Employment,source_reported_unharmonized
e0201_1a3b4df463,population,Land area,Area (Km2(*),VN_SRC_DONGTHAP,Dong Thap,2024,annual,3382.28,km2,footnoted,E0201,https://www.nso.gov.vn/en/px-web?pxid=E0201&theme=Population%20and%20Employment,source_reported_unharmonized
e0201_1a3b4df463,population,Land area,Area (Km2(*),VN_SRC_DONGTHAP,Dong Thap,2025,annual,3382.28,km2,footnoted,E0201,https://www.nso.gov.vn/en/px-web?pxid=E0201&theme=Population%20and%20Employment,source_reported_unharmonized
e0201_1a3b4df463,population,Land area,Area (Km2(*),VN_SRC_ANGIANG,An Giang,2011,annual,3536.7,km2,footnoted,E0201,https://www.nso.gov.vn/en/px-web?pxid=E0201&theme=Population%20and%20Employment,source_reported_unharmonized
e0201_1a3b4df463,population,Land area,Area (Km2(*),VN_SRC_ANGIANG,An Giang,2012,annual,3536.7,km2,footnoted,E0201,https://www.nso.gov.vn/en/px-web?pxid=E0201&theme=Population%20and%20Employment,source_reported_unharmonized
e0201_1a3b4df463,population,Land area,Area (Km2(*),VN_SRC_ANGIANG,An Giang,2013,annual,3536.7,km2,footnoted,E0201,https://www.nso.gov.vn/en/px-web?pxid=E0201&theme=Population%20and%20Employment,source_reported_unharmonized
e0201_1a3b4df463,population,Land area,Area (Km2(*),VN_SRC_ANGIANG,An Giang,2014,annual,3536.7,km2,footnoted,E0201,https://www.nso.gov.vn/en/px-web?pxid=E0201&theme=Population%20and%20Employment,source_reported_unharmonized
e0201_1a3b4df463,population,Land area,Area (Km2(*),VN_SRC_ANGIANG,An Giang,2015,annual,3536.7,km2,footnoted,E0201,https://www.nso.gov.vn/en/px-web?pxid=E0201&theme=Population%20and%20Employment,source_reported_unharmonized
e0201_1a3b4df463,population,Land area,Area (Km2(*),VN_SRC_ANGIANG,An Giang,2016,annual,3536.7,km2,footnoted,E0201,https://www.nso.gov.vn/en/px-web?pxid=E0201&theme=Population%20and%20Employment,source_reported_unharmonized
e0201_1a3b4df463,population,Land area,Area (Km2(*),VN_SRC_ANGIANG,An Giang,2017,annual,3536.7,km2,footnoted,E0201,https://www.nso.gov.vn/en/px-web?pxid=E0201&theme=Population%20and%20Employment,source_reported_unharmonized
e0201_1a3b4df463,population,Land area,Area (Km2(*),VN_SRC_ANGIANG,An Giang,2018,annual,3536.7,km2,footnoted,E0201,https://www.nso.gov.vn/en/px-web?pxid=E0201&theme=Population%20and%20Employment,source_reported_unharmonized
e0201_1a3b4df463,population,Land area,Area (Km2(*),VN_SRC_ANGIANG,An Giang,2019,annual,3536.7,km2,footnoted,E0201,https://www.nso.gov.vn/en/px-web?pxid=E0201&theme=Population%20and%20Employment,source_reported_unharmonized
e0201_1a3b4df463,population,Land area,Area (Km2(*),VN_SRC_ANGIANG,An Giang,2020,annual,3536.68,km2,footnoted,E0201,https://www.nso.gov.vn/en/px-web?pxid=E0201&theme=Population%20and%20Employment,source_reported_unharmonized
e0201_1a3b4df463,population,Land area,Area (Km2(*),VN_SRC_ANGIANG,An Giang,2021,annual,3536.83,km2,footnoted,E0201,https://www.nso.gov.vn/en/px-web?pxid=E0201&theme=Population%20and%20Employment,source_reported_unharmonized
e0201_1a3b4df463,population,Land area,Area (Km2(*),VN_SRC_ANGIANG,An Giang,2022,annual,3536.82,km2,footnoted,E0201,https://www.nso.gov.vn/en/px-web?pxid=E0201&theme=Population%20and%20Employment,source_reported_unharmonized
e0201_1a3b4df463,population,Land area,Area (Km2(*),VN_SRC_ANGIANG,An Giang,2023,annual,3536.83,km2,footnoted,E0201,https://www.nso.gov.vn/en/px-web?pxid=E0201&theme=Population%20and%20Employment,source_reported_unharmonized
e0201_1a3b4df463,population,Land area,Area (Km2(*),VN_SRC_ANGIANG,An Giang,2024,annual,3536.83,km2,footnoted,E0201,https://www.nso.gov.vn/en/px-web?pxid=E0201&theme=Population%20and%20Employment,source_reported_unharmonized
e0201_1a3b4df463,population,Land area,Area (Km2(*),VN_SRC_ANGIANG,An Giang,2025,annual,3536.83,km2,footnoted,E0201,https://www.nso.gov.vn/en/px-web?pxid=E0201&theme=Population%20and%20Employment,source_reported_unharmonized
e0201_1a3b4df463,population,Land area,Area (Km2(*),VN_SRC_KIENGIANG,Kien Giang,2011,annual,6348.5,km2,footnoted,E0201,https://www.nso.gov.vn/en/px-web?pxid=E0201&theme=Population%20and%20Employment,source_reported_unharmonized
e0201_1a3b4df463,population,Land area,Area (Km2(*),VN_SRC_KIENGIANG,Kien Giang,2012,annual,6348.5,km2,footnoted,E0201,https://www.nso.gov.vn/en/px-web?pxid=E0201&theme=Population%20and%20Employment,source_reported_unharmonized
e0201_1a3b4df463,population,Land area,Area (Km2(*),VN_SRC_KIENGIANG,Kien Giang,2013,annual,6348.5,km2,footnoted,E0201,https://www.nso.gov.vn/en/px-web?pxid=E0201&theme=Population%20and%20Employment,source_reported_unharmonized
e0201_1a3b4df463,population,Land area,Area (Km2(*),VN_SRC_KIENGIANG,Kien Giang,2014,annual,6348.5,km2,footnoted,E0201,https://www.nso.gov.vn/en/px-web?pxid=E0201&theme=Population%20and%20Employment,source_reported_unharmonized
e0201_1a3b4df463,population,Land area,Area (Km2(*),VN_SRC_KIENGIANG,Kien Giang,2015,annual,6348.5,km2,footnoted,E0201,https://www.nso.gov.vn/en/px-web?pxid=E0201&theme=Population%20and%20Employment,source_reported_unharmonized
e0201_1a3b4df463,population,Land area,Area (Km2(*),VN_SRC_KIENGIANG,Kien Giang,2016,annual,6348.7,km2,footnoted,E0201,https://www.nso.gov.vn/en/px-web?pxid=E0201&theme=Population%20and%20Employment,source_reported_unharmonized
e0201_1a3b4df463,population,Land area,Area (Km2(*),VN_SRC_KIENGIANG,Kien Giang,2017,annual,6348.8,km2,footnoted,E0201,https://www.nso.gov.vn/en/px-web?pxid=E0201&theme=Population%20and%20Employment,source_reported_unharmonized
e0201_1a3b4df463,population,Land area,Area (Km2(*),VN_SRC_KIENGIANG,Kien Giang,2018,annual,6348.8,km2,footnoted,E0201,https://www.nso.gov.vn/en/px-web?pxid=E0201&theme=Population%20and%20Employment,source_reported_unharmonized
e0201_1a3b4df463,population,Land area,Area (Km2(*),VN_SRC_KIENGIANG,Kien Giang,2019,annual,6348.8,km2,footnoted,E0201,https://www.nso.gov.vn/en/px-web?pxid=E0201&theme=Population%20and%20Employment,source_reported_unharmonized
e0201_1a3b4df463,population,Land area,Area (Km2(*),VN_SRC_KIENGIANG,Kien Giang,2020,annual,6348.78,km2,footnoted,E0201,https://www.nso.gov.vn/en/px-web?pxid=E0201&theme=Population%20and%20Employment,source_reported_unharmonized
e0201_1a3b4df463,population,Land area,Area (Km2(*),VN_SRC_KIENGIANG,Kien Giang,2021,annual,6352.02,km2,footnoted,E0201,https://www.nso.gov.vn/en/px-web?pxid=E0201&theme=Population%20and%20Employment,source_reported_unharmonized
e0201_1a3b4df463,population,Land area,Area (Km2(*),VN_SRC_KIENGIANG,Kien Giang,2022,annual,6352.92,km2,footnoted,E0201,https://www.nso.gov.vn/en/px-web?pxid=E0201&theme=Population%20and%20Employment,source_reported_unharmonized
e0201_1a3b4df463,population,Land area,Area (Km2(*),VN_SRC_KIENGIANG,Kien Giang,2023,annual,6352.02,km2,footnoted,E0201,https://www.nso.gov.vn/en/px-web?pxid=E0201&theme=Population%20and%20Employment,source_reported_unharmonized
e0201_1a3b4df463,population,Land area,Area (Km2(*),VN_SRC_KIENGIANG,Kien Giang,2024,annual,6352.08,km2,footnoted,E0201,https://www.nso.gov.vn/en/px-web?pxid=E0201&theme=Population%20and%20Employment,source_reported_unharmonized
e0201_1a3b4df463,population,Land area,Area (Km2(*),VN_SRC_KIENGIANG,Kien Giang,2025,annual,6352.08,km2,footnoted,E0201,https://www.nso.gov.vn/en/px-web?pxid=E0201&theme=Population%20and%20Employment,source_reported_unharmonized
e0201_1a3b4df463,population,Land area,Area (Km2(*),VN_SRC_CANTHO,Can Tho,2011,annual,1409.0,km2,footnoted,E0201,https://www.nso.gov.vn/en/px-web?pxid=E0201&theme=Population%20and%20Employment,source_reported_unharmonized
e0201_1a3b4df463,population,Land area,Area (Km2(*),VN_SRC_CANTHO,Can Tho,2012,annual,1409.0,km2,footnoted,E0201,https://www.nso.gov.vn/en/px-web?pxid=E0201&theme=Population%20and%20Employment,source_reported_unharmonized
e0201_1a3b4df463,population,Land area,Area (Km2(*),VN_SRC_CANTHO,Can Tho,2013,annual,1409.0,km2,footnoted,E0201,https://www.nso.gov.vn/en/px-web?pxid=E0201&theme=Population%20and%20Employment,source_reported_unharmonized
e0201_1a3b4df463,population,Land area,Area (Km2(*),VN_SRC_CANTHO,Can Tho,2014,annual,1408.9,km2,footnoted,E0201,https://www.nso.gov.vn/en/px-web?pxid=E0201&theme=Population%20and%20Employment,source_reported_unharmonized
e0201_1a3b4df463,population,Land area,Area (Km2(*),VN_SRC_CANTHO,Can Tho,2015,annual,1408.9,km2,footnoted,E0201,https://www.nso.gov.vn/en/px-web?pxid=E0201&theme=Population%20and%20Employment,source_reported_unharmonized
e0201_1a3b4df463,population,Land area,Area (Km2(*),VN_SRC_CANTHO,Can Tho,2016,annual,1439.2,km2,footnoted,E0201,https://www.nso.gov.vn/en/px-web?pxid=E0201&theme=Population%20and%20Employment,source_reported_unharmonized
e0201_1a3b4df463,population,Land area,Area (Km2(*),VN_SRC_CANTHO,Can Tho,2017,annual,1439.0,km2,footnoted,E0201,https://www.nso.gov.vn/en/px-web?pxid=E0201&theme=Population%20and%20Employment,source_reported_unharmonized
e0201_1a3b4df463,population,Land area,Area (Km2(*),VN_SRC_CANTHO,Can Tho,2018,annual,1439.0,km2,footnoted,E0201,https://www.nso.gov.vn/en/px-web?pxid=E0201&theme=Population%20and%20Employment,source_reported_unharmonized
e0201_1a3b4df463,population,Land area,Area (Km2(*),VN_SRC_CANTHO,Can Tho,2019,annual,1439.0,km2,footnoted,E0201,https://www.nso.gov.vn/en/px-web?pxid=E0201&theme=Population%20and%20Employment,source_reported_unharmonized
e0201_1a3b4df463,population,Land area,Area (Km2(*),VN_SRC_CANTHO,Can Tho,2020,annual,1438.96,km2,footnoted,E0201,https://www.nso.gov.vn/en/px-web?pxid=E0201&theme=Population%20and%20Employment,source_reported_unharmonized
e0201_1a3b4df463,population,Land area,Area (Km2(*),VN_SRC_CANTHO,Can Tho,2021,annual,1440.4,km2,footnoted,E0201,https://www.nso.gov.vn/en/px-web?pxid=E0201&theme=Population%20and%20Employment,source_reported_unharmonized
e0201_1a3b4df463,population,Land area,Area (Km2(*),VN_SRC_CANTHO,Can Tho,2022,annual,1440.4,km2,footnoted,E0201,https://www.nso.gov.vn/en/px-web?pxid=E0201&theme=Population%20and%20Employment,source_reported_unharmonized
e0201_1a3b4df463,population,Land area,Area (Km2(*),VN_SRC_CANTHO,Can Tho,2023,annual,1440.4,km2,footnoted,E0201,https://www.nso.gov.vn/en/px-web?pxid=E0201&theme=Population%20and%20Employment,source_reported_unharmonized
e0201_1a3b4df463,population,Land area,Area (Km2(*),VN_SRC_CANTHO,Can Tho,2024,annual,1440.4,km2,footnoted,E0201,https://www.nso.gov.vn/en/px-web?pxid=E0201&theme=Population%20and%20Employment,source_reported_unharmonized
e0201_1a3b4df463,population,Land area,Area (Km2(*),VN_SRC_CANTHO,Can Tho,2025,annual,1440.4,km2,footnoted,E0201,https://www.nso.gov.vn/en/px-web?pxid=E0201&theme=Population%20and%20Employment,source_reported_unharmonized
e0201_1a3b4df463,population,Land area,Area (Km2(*),VN_SRC_HAUGIANG,Hau Giang,2011,annual,1602.5,km2,footnoted,E0201,https://www.nso.gov.vn/en/px-web?pxid=E0201&theme=Population%20and%20Employment,source_reported_unharmonized
e0201_1a3b4df463,population,Land area,Area (Km2(*),VN_SRC_HAUGIANG,Hau Giang,2012,annual,1602.5,km2,footnoted,E0201,https://www.nso.gov.vn/en/px-web?pxid=E0201&theme=Population%20and%20Employment,source_reported_unharmonized
e0201_1a3b4df463,population,Land area,Area (Km2(*),VN_SRC_HAUGIANG,Hau Giang,2013,annual,1602.4,km2,footnoted,E0201,https://www.nso.gov.vn/en/px-web?pxid=E0201&theme=Population%20and%20Employment,source_reported_unharmonized
e0201_1a3b4df463,population,Land area,Area (Km2(*),VN_SRC_HAUGIANG,Hau Giang,2014,annual,1602.4,km2,footnoted,E0201,https://www.nso.gov.vn/en/px-web?pxid=E0201&theme=Population%20and%20Employment,source_reported_unharmonized
e0201_1a3b4df463,population,Land area,Area (Km2(*),VN_SRC_HAUGIANG,Hau Giang,2015,annual,1602.4,km2,footnoted,E0201,https://www.nso.gov.vn/en/px-web?pxid=E0201&theme=Population%20and%20Employment,source_reported_unharmonized
e0201_1a3b4df463,population,Land area,Area (Km2(*),VN_SRC_HAUGIANG,Hau Giang,2016,annual,1621.8,km2,footnoted,E0201,https://www.nso.gov.vn/en/px-web?pxid=E0201&theme=Population%20and%20Employment,source_reported_unharmonized
e0201_1a3b4df463,population,Land area,Area (Km2(*),VN_SRC_HAUGIANG,Hau Giang,2017,annual,1621.7,km2,footnoted,E0201,https://www.nso.gov.vn/en/px-web?pxid=E0201&theme=Population%20and%20Employment,source_reported_unharmonized
e0201_1a3b4df463,population,Land area,Area (Km2(*),VN_SRC_HAUGIANG,Hau Giang,2018,annual,1621.7,km2,footnoted,E0201,https://www.nso.gov.vn/en/px-web?pxid=E0201&theme=Population%20and%20Employment,source_reported_unharmonized
e0201_1a3b4df463,population,Land area,Area (Km2(*),VN_SRC_HAUGIANG,Hau Giang,2019,annual,1621.7,km2,footnoted,E0201,https://www.nso.gov.vn/en/px-web?pxid=E0201&theme=Population%20and%20Employment,source_reported_unharmonized
e0201_1a3b4df463,population,Land area,Area (Km2(*),VN_SRC_HAUGIANG,Hau Giang,2020,annual,1621.7,km2,footnoted,E0201,https://www.nso.gov.vn/en/px-web?pxid=E0201&theme=Population%20and%20Employment,source_reported_unharmonized
e0201_1a3b4df463,population,Land area,Area (Km2(*),VN_SRC_HAUGIANG,Hau Giang,2021,annual,1622.23,km2,footnoted,E0201,https://www.nso.gov.vn/en/px-web?pxid=E0201&theme=Population%20and%20Employment,source_reported_unharmonized
e0201_1a3b4df463,population,Land area,Area (Km2(*),VN_SRC_HAUGIANG,Hau Giang,2022,annual,1622.23,km2,footnoted,E0201,https://www.nso.gov.vn/en/px-web?pxid=E0201&theme=Population%20and%20Employment,source_reported_unharmonized
e0201_1a3b4df463,population,Land area,Area (Km2(*),VN_SRC_HAUGIANG,Hau Giang,2023,annual,1622.23,km2,footnoted,E0201,https://www.nso.gov.vn/en/px-web?pxid=E0201&theme=Population%20and%20Employment,source_reported_unharmonized
e0201_1a3b4df463,population,Land area,Area (Km2(*),VN_SRC_HAUGIANG,Hau Giang,2024,annual,1622.23,km2,footnoted,E0201,https://www.nso.gov.vn/en/px-web?pxid=E0201&theme=Population%20and%20Employment,source_reported_unharmonized
e0201_1a3b4df463,population,Land area,Area (Km2(*),VN_SRC_HAUGIANG,Hau Giang,2025,annual,1622.23,km2,footnoted,E0201,https://www.nso.gov.vn/en/px-web?pxid=E0201&theme=Population%20and%20Employment,source_reported_unharmonized
e0201_1a3b4df463,population,Land area,Area (Km2(*),VN_SRC_SOCTRANG,Soc Trang,2011,annual,3311.6,km2,footnoted,E0201,https://www.nso.gov.vn/en/px-web?pxid=E0201&theme=Population%20and%20Employment,source_reported_unharmonized
e0201_1a3b4df463,population,Land area,Area (Km2(*),VN_SRC_SOCTRANG,Soc Trang,2012,annual,3311.6,km2,footnoted,E0201,https://www.nso.gov.vn/en/px-web?pxid=E0201&theme=Population%20and%20Employment,source_reported_unharmonized
e0201_1a3b4df463,population,Land area,Area (Km2(*),VN_SRC_SOCTRANG,Soc Trang,2013,annual,3311.6,km2,footnoted,E0201,https://www.nso.gov.vn/en/px-web?pxid=E0201&theme=Population%20and%20Employment,source_reported_unharmonized
e0201_1a3b4df463,population,Land area,Area (Km2(*),VN_SRC_SOCTRANG,Soc Trang,2014,annual,3311.6,km2,footnoted,E0201,https://www.nso.gov.vn/en/px-web?pxid=E0201&theme=Population%20and%20Employment,source_reported_unharmonized
e0201_1a3b4df463,population,Land area,Area (Km2(*),VN_SRC_SOCTRANG,Soc Trang,2015,annual,3311.6,km2,footnoted,E0201,https://www.nso.gov.vn/en/px-web?pxid=E0201&theme=Population%20and%20Employment,source_reported_unharmonized
e0201_1a3b4df463,population,Land area,Area (Km2(*),VN_SRC_SOCTRANG,Soc Trang,2016,annual,3311.9,km2,footnoted,E0201,https://www.nso.gov.vn/en/px-web?pxid=E0201&theme=Population%20and%20Employment,source_reported_unharmonized
e0201_1a3b4df463,population,Land area,Area (Km2(*),VN_SRC_SOCTRANG,Soc Trang,2017,annual,3311.9,km2,footnoted,E0201,https://www.nso.gov.vn/en/px-web?pxid=E0201&theme=Population%20and%20Employment,source_reported_unharmonized
e0201_1a3b4df463,population,Land area,Area (Km2(*),VN_SRC_SOCTRANG,Soc Trang,2018,annual,3311.9,km2,footnoted,E0201,https://www.nso.gov.vn/en/px-web?pxid=E0201&theme=Population%20and%20Employment,source_reported_unharmonized
e0201_1a3b4df463,population,Land area,Area (Km2(*),VN_SRC_SOCTRANG,Soc Trang,2019,annual,3311.9,km2,footnoted,E0201,https://www.nso.gov.vn/en/px-web?pxid=E0201&theme=Population%20and%20Employment,source_reported_unharmonized
e0201_1a3b4df463,population,Land area,Area (Km2(*),VN_SRC_SOCTRANG,Soc Trang,2020,annual,3311.88,km2,footnoted,E0201,https://www.nso.gov.vn/en/px-web?pxid=E0201&theme=Population%20and%20Employment,source_reported_unharmonized
e0201_1a3b4df463,population,Land area,Area (Km2(*),VN_SRC_SOCTRANG,Soc Trang,2021,annual,3298.2,km2,footnoted,E0201,https://www.nso.gov.vn/en/px-web?pxid=E0201&theme=Population%20and%20Employment,source_reported_unharmonized
e0201_1a3b4df463,population,Land area,Area (Km2(*),VN_SRC_SOCTRANG,Soc Trang,2022,annual,3298.2,km2,footnoted,E0201,https://www.nso.gov.vn/en/px-web?pxid=E0201&theme=Population%20and%20Employment,source_reported_unharmonized
e0201_1a3b4df463,population,Land area,Area (Km2(*),VN_SRC_SOCTRANG,Soc Trang,2023,annual,3298.2,km2,footnoted,E0201,https://www.nso.gov.vn/en/px-web?pxid=E0201&theme=Population%20and%20Employment,source_reported_unharmonized
e0201_1a3b4df463,population,Land area,Area (Km2(*),VN_SRC_SOCTRANG,Soc Trang,2024,annual,3298.2,km2,footnoted,E0201,https://www.nso.gov.vn/en/px-web?pxid=E0201&theme=Population%20and%20Employment,source_reported_unharmonized
e0201_1a3b4df463,population,Land area,Area (Km2(*),VN_SRC_SOCTRANG,Soc Trang,2025,annual,3298.2,km2,footnoted,E0201,https://www.nso.gov.vn/en/px-web?pxid=E0201&theme=Population%20and%20Employment,source_reported_unharmonized
e0201_1a3b4df463,population,Land area,Area (Km2(*),VN_SRC_BACLIEU,Bac Lieu,2011,annual,2468.7,km2,footnoted,E0201,https://www.nso.gov.vn/en/px-web?pxid=E0201&theme=Population%20and%20Employment,source_reported_unharmonized
e0201_1a3b4df463,population,Land area,Area (Km2(*),VN_SRC_BACLIEU,Bac Lieu,2012,annual,2468.7,km2,footnoted,E0201,https://www.nso.gov.vn/en/px-web?pxid=E0201&theme=Population%20and%20Employment,source_reported_unharmonized
e0201_1a3b4df463,population,Land area,Area (Km2(*),VN_SRC_BACLIEU,Bac Lieu,2013,annual,2468.7,km2,footnoted,E0201,https://www.nso.gov.vn/en/px-web?pxid=E0201&theme=Population%20and%20Employment,source_reported_unharmonized
e0201_1a3b4df463,population,Land area,Area (Km2(*),VN_SRC_BACLIEU,Bac Lieu,2014,annual,2468.7,km2,footnoted,E0201,https://www.nso.gov.vn/en/px-web?pxid=E0201&theme=Population%20and%20Employment,source_reported_unharmonized
e0201_1a3b4df463,population,Land area,Area (Km2(*),VN_SRC_BACLIEU,Bac Lieu,2015,annual,2468.7,km2,footnoted,E0201,https://www.nso.gov.vn/en/px-web?pxid=E0201&theme=Population%20and%20Employment,source_reported_unharmonized
e0201_1a3b4df463,population,Land area,Area (Km2(*),VN_SRC_BACLIEU,Bac Lieu,2016,annual,2669.1,km2,footnoted,E0201,https://www.nso.gov.vn/en/px-web?pxid=E0201&theme=Population%20and%20Employment,source_reported_unharmonized
e0201_1a3b4df463,population,Land area,Area (Km2(*),VN_SRC_BACLIEU,Bac Lieu,2017,annual,2669.0,km2,footnoted,E0201,https://www.nso.gov.vn/en/px-web?pxid=E0201&theme=Population%20and%20Employment,source_reported_unharmonized
e0201_1a3b4df463,population,Land area,Area (Km2(*),VN_SRC_BACLIEU,Bac Lieu,2018,annual,2669.0,km2,footnoted,E0201,https://www.nso.gov.vn/en/px-web?pxid=E0201&theme=Population%20and%20Employment,source_reported_unharmonized
e0201_1a3b4df463,population,Land area,Area (Km2(*),VN_SRC_BACLIEU,Bac Lieu,2019,annual,2669.0,km2,footnoted,E0201,https://www.nso.gov.vn/en/px-web?pxid=E0201&theme=Population%20and%20Employment,source_reported_unharmonized
e0201_1a3b4df463,population,Land area,Area (Km2(*),VN_SRC_BACLIEU,Bac Lieu,2020,annual,2669.01,km2,footnoted,E0201,https://www.nso.gov.vn/en/px-web?pxid=E0201&theme=Population%20and%20Employment,source_reported_unharmonized
e0201_1a3b4df463,population,Land area,Area (Km2(*),VN_SRC_BACLIEU,Bac Lieu,2021,annual,2667.88,km2,footnoted,E0201,https://www.nso.gov.vn/en/px-web?pxid=E0201&theme=Population%20and%20Employment,source_reported_unharmonized
e0201_1a3b4df463,population,Land area,Area (Km2(*),VN_SRC_BACLIEU,Bac Lieu,2022,annual,2667.88,km2,footnoted,E0201,https://www.nso.gov.vn/en/px-web?pxid=E0201&theme=Population%20and%20Employment,source_reported_unharmonized
e0201_1a3b4df463,population,Land area,Area (Km2(*),VN_SRC_BACLIEU,Bac Lieu,2023,annual,2667.88,km2,footnoted,E0201,https://www.nso.gov.vn/en/px-web?pxid=E0201&theme=Population%20and%20Employment,source_reported_unharmonized
e0201_1a3b4df463,population,Land area,Area (Km2(*),VN_SRC_BACLIEU,Bac Lieu,2024,annual,2667.88,km2,footnoted,E0201,https://www.nso.gov.vn/en/px-web?pxid=E0201&theme=Population%20and%20Employment,source_reported_unharmonized
e0201_1a3b4df463,population,Land area,Area (Km2(*),VN_SRC_BACLIEU,Bac Lieu,2025,annual,2667.88,km2,footnoted,E0201,https://www.nso.gov.vn/en/px-web?pxid=E0201&theme=Population%20and%20Employment,source_reported_unharmonized
e0201_1a3b4df463,population,Land area,Area (Km2(*),VN_SRC_CAMAU,Ca Mau,2011,annual,5294.9,km2,footnoted,E0201,https://www.nso.gov.vn/en/px-web?pxid=E0201&theme=Population%20and%20Employment,source_reported_unharmonized
e0201_1a3b4df463,population,Land area,Area (Km2(*),VN_SRC_CAMAU,Ca Mau,2012,annual,5294.9,km2,footnoted,E0201,https://www.nso.gov.vn/en/px-web?pxid=E0201&theme=Population%20and%20Employment,source_reported_unharmonized
e0201_1a3b4df463,population,Land area,Area (Km2(*),VN_SRC_CAMAU,Ca Mau,2013,annual,5294.9,km2,footnoted,E0201,https://www.nso.gov.vn/en/px-web?pxid=E0201&theme=Population%20and%20Employment,source_reported_unharmonized
e0201_1a3b4df463,population,Land area,Area (Km2(*),VN_SRC_CAMAU,Ca Mau,2014,annual,5294.9,km2,footnoted,E0201,https://www.nso.gov.vn/en/px-web?pxid=E0201&theme=Population%20and%20Employment,source_reported_unharmonized
e0201_1a3b4df463,population,Land area,Area (Km2(*),VN_SRC_CAMAU,Ca Mau,2015,annual,5294.9,km2,footnoted,E0201,https://www.nso.gov.vn/en/px-web?pxid=E0201&theme=Population%20and%20Employment,source_reported_unharmonized
e0201_1a3b4df463,population,Land area,Area (Km2(*),VN_SRC_CAMAU,Ca Mau,2016,annual,5221.2,km2,footnoted,E0201,https://www.nso.gov.vn/en/px-web?pxid=E0201&theme=Population%20and%20Employment,source_reported_unharmonized
e0201_1a3b4df463,population,Land area,Area (Km2(*),VN_SRC_CAMAU,Ca Mau,2017,annual,5221.2,km2,footnoted,E0201,https://www.nso.gov.vn/en/px-web?pxid=E0201&theme=Population%20and%20Employment,source_reported_unharmonized
e0201_1a3b4df463,population,Land area,Area (Km2(*),VN_SRC_CAMAU,Ca Mau,2018,annual,5221.2,km2,footnoted,E0201,https://www.nso.gov.vn/en/px-web?pxid=E0201&theme=Population%20and%20Employment,source_reported_unharmonized
e0201_1a3b4df463,population,Land area,Area (Km2(*),VN_SRC_CAMAU,Ca Mau,2019,annual,5221.2,km2,footnoted,E0201,https://www.nso.gov.vn/en/px-web?pxid=E0201&theme=Population%20and%20Employment,source_reported_unharmonized
e0201_1a3b4df463,population,Land area,Area (Km2(*),VN_SRC_CAMAU,Ca Mau,2020,annual,5221.19,km2,footnoted,E0201,https://www.nso.gov.vn/en/px-web?pxid=E0201&theme=Population%20and%20Employment,source_reported_unharmonized
e0201_1a3b4df463,population,Land area,Area (Km2(*),VN_SRC_CAMAU,Ca Mau,2021,annual,5274.51,km2,footnoted,E0201,https://www.nso.gov.vn/en/px-web?pxid=E0201&theme=Population%20and%20Employment,source_reported_unharmonized
e0201_1a3b4df463,population,Land area,Area (Km2(*),VN_SRC_CAMAU,Ca Mau,2022,annual,5274.51,km2,footnoted,E0201,https://www.nso.gov.vn/en/px-web?pxid=E0201&theme=Population%20and%20Employment,source_reported_unharmonized
e0201_1a3b4df463,population,Land area,Area (Km2(*),VN_SRC_CAMAU,Ca Mau,2023,annual,5274.51,km2,footnoted,E0201,https://www.nso.gov.vn/en/px-web?pxid=E0201&theme=Population%20and%20Employment,source_reported_unharmonized
e0201_1a3b4df463,population,Land area,Area (Km2(*),VN_SRC_CAMAU,Ca Mau,2024,annual,5274.51,km2,footnoted,E0201,https://www.nso.gov.vn/en/px-web?pxid=E0201&theme=Population%20and%20Employment,source_reported_unharmonized
e0201_1a3b4df463,population,Land area,Area (Km2(*),VN_SRC_CAMAU,Ca Mau,2025,annual,5274.51,km2,footnoted,E0201,https://www.nso.gov.vn/en/px-web?pxid=E0201&theme=Population%20and%20Employment,source_reported_unharmonized
