indicator_id,section,indicator,breakdown,province_code,province,period,period_type,value,unit,period_status,source_id,source_url,geography_version
e0201_23ab287711,population,Population density,Population density (Person/km2),VN_SRC_HANOI,Ha Noi,2011,annual,2050.47,persons per km2,not_specified,E0201,https://www.nso.gov.vn/en/px-web?pxid=E0201&theme=Population%20and%20Employment,source_reported_unharmonized
e0201_23ab287711,population,Population density,Population density (Person/km2),VN_SRC_HANOI,Ha Noi,2012,annual,2103.57,persons per km2,not_specified,E0201,https://www.nso.gov.vn/en/px-web?pxid=E0201&theme=Population%20and%20Employment,source_reported_unharmonized
e0201_23ab287711,population,Population density,Population density (Person/km2),VN_SRC_HANOI,Ha Noi,2013,annual,2144.33,persons per km2,not_specified,E0201,https://www.nso.gov.vn/en/px-web?pxid=E0201&theme=Population%20and%20Employment,source_reported_unharmonized
e0201_23ab287711,population,Population density,Population density (Person/km2),VN_SRC_HANOI,Ha Noi,2014,annual,2191.47,persons per km2,not_specified,E0201,https://www.nso.gov.vn/en/px-web?pxid=E0201&theme=Population%20and%20Employment,source_reported_unharmonized
e0201_23ab287711,population,Population density,Population density (Person/km2),VN_SRC_HANOI,Ha Noi,2015,annual,2236.01,persons per km2,not_specified,E0201,https://www.nso.gov.vn/en/px-web?pxid=E0201&theme=Population%20and%20Employment,source_reported_unharmonized
e0201_23ab287711,population,Population density,Population density (Person/km2),VN_SRC_HANOI,Ha Noi,2016,annual,2259.91,persons per km2,not_specified,E0201,https://www.nso.gov.vn/en/px-web?pxid=E0201&theme=Population%20and%20Employment,source_reported_unharmonized
e0201_23ab287711,population,Population density,Population density (Person/km2),VN_SRC_HANOI,Ha Noi,2017,annual,2305.19,persons per km2,not_specified,E0201,https://www.nso.gov.vn/en/px-web?pxid=E0201&theme=Population%20and%20Employment,source_reported_unharmonized
e0201_23ab287711,population,Population density,Population density (Person/km2),VN_SRC_HANOI,Ha Noi,2018,annual,2356.49,persons per km2,not_specified,E0201,https://www.nso.gov.vn/en/px-web?pxid=E0201&theme=Population%20and%20Employment,source_reported_unharmonized
e0201_23ab287711,population,Population density,Population density (Person/km2),VN_SRC_HANOI,Ha Noi,2019,annual,2410.0,persons per km2,not_specified,E0201,https://www.nso.gov.vn/en/px-web?pxid=E0201&theme=Population%20and%20Employment,source_reported_unharmonized
e0201_23ab287711,population,Population density,Population density (Person/km2),VN_SRC_HANOI,Ha Noi,2020,annual,2455.0,persons per km2,not_specified,E0201,https://www.nso.gov.vn/en/px-web?pxid=E0201&theme=Population%20and%20Employment,source_reported_unharmonized
e0201_23ab287711,population,Population density,Population density (Person/km2),VN_SRC_HANOI,Ha Noi,2021,annual,2480.0,persons per km2,not_specified,E0201,https://www.nso.gov.vn/en/px-web?pxid=E0201&theme=Population%20and%20Employment,source_reported_unharmonized
e0201_23ab287711,population,Population density,Population density (Person/km2),VN_SRC_HANOI,Ha Noi,2022,annual,2511.0,persons per km2,not_specified,E0201,https://www.nso.gov.vn/en/px-web?pxid=E0201&theme=Population%20and%20Employment,source_reported_unharmonized
e0201_23ab287711,population,Population density,Population density (Person/km2),VN_SRC_HANOI,Ha Noi,2023,annual,2555.8,persons per km2,not_specified,E0201,https://www.nso.gov.vn/en/px-web?pxid=E0201&theme=Population%20and%20Employment,source_reported_unharmonized
e0201_23ab287711,population,Population density,Population density (Person/km2),VN_SRC_HANOI,Ha Noi,2024,annual,2594.66,persons per km2,not_specified,E0201,https://www.nso.gov.vn/en/px-web?pxid=E0201&theme=Population%20and%20Employment,source_reported_unharmonized
e0201_23ab287711,population,Population density,Population density (Person/km2),VN_SRC_HANOI,Ha Noi,2025,annual,2636.0,persons per km2,not_specified,E0201,https://www.nso.gov.vn/en/px-web?pxid=E0201&theme=Population%20and%20Employment,source_reported_unharmonized
e0201_23ab287711,population,Population density,Population density (Person/km2),VN_SRC_VINHPHUC,Vinh Phuc,2011,annual,832.59,persons per km2,not_specified,E0201,https://www.nso.gov.vn/en/px-web?pxid=E0201&theme=Population%20and%20Employment,source_reported_unharmonized
e0201_23ab287711,population,Population density,Population density (Person/km2),VN_SRC_VINHPHUC,Vinh Phuc,2012,annual,847.06,persons per km2,not_specified,E0201,https://www.nso.gov.vn/en/px-web?pxid=E0201&theme=Population%20and%20Employment,source_reported_unharmonized
e0201_23ab287711,population,Population density,Population density (Person/km2),VN_SRC_VINHPHUC,Vinh Phuc,2013,annual,857.02,persons per km2,not_specified,E0201,https://www.nso.gov.vn/en/px-web?pxid=E0201&theme=Population%20and%20Employment,source_reported_unharmonized
e0201_23ab287711,population,Population density,Population density (Person/km2),VN_SRC_VINHPHUC,Vinh Phuc,2014,annual,870.16,persons per km2,not_specified,E0201,https://www.nso.gov.vn/en/px-web?pxid=E0201&theme=Population%20and%20Employment,source_reported_unharmonized
e0201_23ab287711,population,Population density,Population density (Person/km2),VN_SRC_VINHPHUC,Vinh Phuc,2015,annual,881.13,persons per km2,not_specified,E0201,https://www.nso.gov.vn/en/px-web?pxid=E0201&theme=Population%20and%20Employment,source_reported_unharmonized
e0201_23ab287711,population,Population density,Population density (Person/km2),VN_SRC_VINHPHUC,Vinh Phuc,2016,annual,895.41,persons per km2,not_specified,E0201,https://www.nso.gov.vn/en/px-web?pxid=E0201&theme=Population%20and%20Employment,source_reported_unharmonized
e0201_23ab287711,population,Population density,Population density (Person/km2),VN_SRC_VINHPHUC,Vinh Phuc,2017,annual,909.25,persons per km2,not_specified,E0201,https://www.nso.gov.vn/en/px-web?pxid=E0201&theme=Population%20and%20Employment,source_reported_unharmonized
e0201_23ab287711,population,Population density,Population density (Person/km2),VN_SRC_VINHPHUC,Vinh Phuc,2018,annual,921.63,persons per km2,not_specified,E0201,https://www.nso.gov.vn/en/px-web?pxid=E0201&theme=Population%20and%20Employment,source_reported_unharmonized
e0201_23ab287711,population,Population density,Population density (Person/km2),VN_SRC_VINHPHUC,Vinh Phuc,2019,annual,934.0,persons per km2,not_specified,E0201,https://www.nso.gov.vn/en/px-web?pxid=E0201&theme=Population%20and%20Employment,source_reported_unharmonized
e0201_23ab287711,population,Population density,Population density (Person/km2),VN_SRC_VINHPHUC,Vinh Phuc,2020,annual,948.0,persons per km2,not_specified,E0201,https://www.nso.gov.vn/en/px-web?pxid=E0201&theme=Population%20and%20Employment,source_reported_unharmonized
e0201_23ab287711,population,Population density,Population density (Person/km2),VN_SRC_VINHPHUC,Vinh Phuc,2021,annual,964.0,persons per km2,not_specified,E0201,https://www.nso.gov.vn/en/px-web?pxid=E0201&theme=Population%20and%20Employment,source_reported_unharmonized
e0201_23ab287711,population,Population density,Population density (Person/km2),VN_SRC_VINHPHUC,Vinh Phuc,2022,annual,969.0,persons per km2,not_specified,E0201,https://www.nso.gov.vn/en/px-web?pxid=E0201&theme=Population%20and%20Employment,source_reported_unharmonized
e0201_23ab287711,population,Population density,Population density (Person/km2),VN_SRC_VINHPHUC,Vinh Phuc,2023,annual,980.06,persons per km2,not_specified,E0201,https://www.nso.gov.vn/en/px-web?pxid=E0201&theme=Population%20and%20Employment,source_reported_unharmonized
e0201_23ab287711,population,Population density,Population density (Person/km2),VN_SRC_VINHPHUC,Vinh Phuc,2024,annual,991.33,persons per km2,not_specified,E0201,https://www.nso.gov.vn/en/px-web?pxid=E0201&theme=Population%20and%20Employment,source_reported_unharmonized
e0201_23ab287711,population,Population density,Population density (Person/km2),VN_SRC_VINHPHUC,Vinh Phuc,2025,annual,1002.0,persons per km2,not_specified,E0201,https://www.nso.gov.vn/en/px-web?pxid=E0201&theme=Population%20and%20Employment,source_reported_unharmonized
e0201_23ab287711,population,Population density,Population density (Person/km2),VN_SRC_BACNINH,Bac Ninh,2011,annual,1303.49,persons per km2,not_specified,E0201,https://www.nso.gov.vn/en/px-web?pxid=E0201&theme=Population%20and%20Employment,source_reported_unharmonized
e0201_23ab287711,population,Population density,Population density (Person/km2),VN_SRC_BACNINH,Bac Ninh,2012,annual,1342.76,persons per km2,not_specified,E0201,https://www.nso.gov.vn/en/px-web?pxid=E0201&theme=Population%20and%20Employment,source_reported_unharmonized
e0201_23ab287711,population,Population density,Population density (Person/km2),VN_SRC_BACNINH,Bac Ninh,2013,annual,1385.54,persons per km2,not_specified,E0201,https://www.nso.gov.vn/en/px-web?pxid=E0201&theme=Population%20and%20Employment,source_reported_unharmonized
e0201_23ab287711,population,Population density,Population density (Person/km2),VN_SRC_BACNINH,Bac Ninh,2014,annual,1430.73,persons per km2,not_specified,E0201,https://www.nso.gov.vn/en/px-web?pxid=E0201&theme=Population%20and%20Employment,source_reported_unharmonized
e0201_23ab287711,population,Population density,Population density (Person/km2),VN_SRC_BACNINH,Bac Ninh,2015,annual,1481.1,persons per km2,not_specified,E0201,https://www.nso.gov.vn/en/px-web?pxid=E0201&theme=Population%20and%20Employment,source_reported_unharmonized
e0201_23ab287711,population,Population density,Population density (Person/km2),VN_SRC_BACNINH,Bac Ninh,2016,annual,1528.8,persons per km2,not_specified,E0201,https://www.nso.gov.vn/en/px-web?pxid=E0201&theme=Population%20and%20Employment,source_reported_unharmonized
e0201_23ab287711,population,Population density,Population density (Person/km2),VN_SRC_BACNINH,Bac Ninh,2017,annual,1577.49,persons per km2,not_specified,E0201,https://www.nso.gov.vn/en/px-web?pxid=E0201&theme=Population%20and%20Employment,source_reported_unharmonized
e0201_23ab287711,population,Population density,Population density (Person/km2),VN_SRC_BACNINH,Bac Ninh,2018,annual,1625.5,persons per km2,not_specified,E0201,https://www.nso.gov.vn/en/px-web?pxid=E0201&theme=Population%20and%20Employment,source_reported_unharmonized
e0201_23ab287711,population,Population density,Population density (Person/km2),VN_SRC_BACNINH,Bac Ninh,2019,annual,1676.0,persons per km2,not_specified,E0201,https://www.nso.gov.vn/en/px-web?pxid=E0201&theme=Population%20and%20Employment,source_reported_unharmonized
e0201_23ab287711,population,Population density,Population density (Person/km2),VN_SRC_BACNINH,Bac Ninh,2020,annual,1725.0,persons per km2,not_specified,E0201,https://www.nso.gov.vn/en/px-web?pxid=E0201&theme=Population%20and%20Employment,source_reported_unharmonized
e0201_23ab287711,population,Population density,Population density (Person/km2),VN_SRC_BACNINH,Bac Ninh,2021,annual,1778.0,persons per km2,not_specified,E0201,https://www.nso.gov.vn/en/px-web?pxid=E0201&theme=Population%20and%20Employment,source_reported_unharmonized
e0201_23ab287711,population,Population density,Population density (Person/km2),VN_SRC_BACNINH,Bac Ninh,2022,annual,1809.0,persons per km2,not_specified,E0201,https://www.nso.gov.vn/en/px-web?pxid=E0201&theme=Population%20and%20Employment,source_reported_unharmonized
e0201_23ab287711,population,Population density,Population density (Person/km2),VN_SRC_BACNINH,Bac Ninh,2023,annual,1844.44,persons per km2,not_specified,E0201,https://www.nso.gov.vn/en/px-web?pxid=E0201&theme=Population%20and%20Employment,source_reported_unharmonized
e0201_23ab287711,population,Population density,Population density (Person/km2),VN_SRC_BACNINH,Bac Ninh,2024,annual,1879.88,persons per km2,not_specified,E0201,https://www.nso.gov.vn/en/px-web?pxid=E0201&theme=Population%20and%20Employment,source_reported_unharmonized
e0201_23ab287711,population,Population density,Population density (Person/km2),VN_SRC_BACNINH,Bac Ninh,2025,annual,1914.0,persons per km2,not_specified,E0201,https://www.nso.gov.vn/en/px-web?pxid=E0201&theme=Population%20and%20Employment,source_reported_unharmonized
e0201_23ab287711,population,Population density,Population density (Person/km2),VN_SRC_QUANGNINH,Quang Ninh,2011,annual,193.62,persons per km2,not_specified,E0201,https://www.nso.gov.vn/en/px-web?pxid=E0201&theme=Population%20and%20Employment,source_reported_unharmonized
e0201_23ab287711,population,Population density,Population density (Person/km2),VN_SRC_QUANGNINH,Quang Ninh,2012,annual,196.38,persons per km2,not_specified,E0201,https://www.nso.gov.vn/en/px-web?pxid=E0201&theme=Population%20and%20Employment,source_reported_unharmonized
e0201_23ab287711,population,Population density,Population density (Person/km2),VN_SRC_QUANGNINH,Quang Ninh,2013,annual,198.21,persons per km2,not_specified,E0201,https://www.nso.gov.vn/en/px-web?pxid=E0201&theme=Population%20and%20Employment,source_reported_unharmonized
e0201_23ab287711,population,Population density,Population density (Person/km2),VN_SRC_QUANGNINH,Quang Ninh,2014,annual,201.18,persons per km2,not_specified,E0201,https://www.nso.gov.vn/en/px-web?pxid=E0201&theme=Population%20and%20Employment,source_reported_unharmonized
e0201_23ab287711,population,Population density,Population density (Person/km2),VN_SRC_QUANGNINH,Quang Ninh,2015,annual,203.46,persons per km2,not_specified,E0201,https://www.nso.gov.vn/en/px-web?pxid=E0201&theme=Population%20and%20Employment,source_reported_unharmonized
e0201_23ab287711,population,Population density,Population density (Person/km2),VN_SRC_QUANGNINH,Quang Ninh,2016,annual,204.15,persons per km2,not_specified,E0201,https://www.nso.gov.vn/en/px-web?pxid=E0201&theme=Population%20and%20Employment,source_reported_unharmonized
e0201_23ab287711,population,Population density,Population density (Person/km2),VN_SRC_QUANGNINH,Quang Ninh,2017,annual,208.04,persons per km2,not_specified,E0201,https://www.nso.gov.vn/en/px-web?pxid=E0201&theme=Population%20and%20Employment,source_reported_unharmonized
e0201_23ab287711,population,Population density,Population density (Person/km2),VN_SRC_QUANGNINH,Quang Ninh,2018,annual,211.05,persons per km2,not_specified,E0201,https://www.nso.gov.vn/en/px-web?pxid=E0201&theme=Population%20and%20Employment,source_reported_unharmonized
e0201_23ab287711,population,Population density,Population density (Person/km2),VN_SRC_QUANGNINH,Quang Ninh,2019,annual,214.0,persons per km2,not_specified,E0201,https://www.nso.gov.vn/en/px-web?pxid=E0201&theme=Population%20and%20Employment,source_reported_unharmonized
e0201_23ab287711,population,Population density,Population density (Person/km2),VN_SRC_QUANGNINH,Quang Ninh,2020,annual,217.0,persons per km2,not_specified,E0201,https://www.nso.gov.vn/en/px-web?pxid=E0201&theme=Population%20and%20Employment,source_reported_unharmonized
e0201_23ab287711,population,Population density,Population density (Person/km2),VN_SRC_QUANGNINH,Quang Ninh,2021,annual,218.0,persons per km2,not_specified,E0201,https://www.nso.gov.vn/en/px-web?pxid=E0201&theme=Population%20and%20Employment,source_reported_unharmonized
e0201_23ab287711,population,Population density,Population density (Person/km2),VN_SRC_QUANGNINH,Quang Ninh,2022,annual,220.0,persons per km2,not_specified,E0201,https://www.nso.gov.vn/en/px-web?pxid=E0201&theme=Population%20and%20Employment,source_reported_unharmonized
e0201_23ab287711,population,Population density,Population density (Person/km2),VN_SRC_QUANGNINH,Quang Ninh,2023,annual,222.48,persons per km2,not_specified,E0201,https://www.nso.gov.vn/en/px-web?pxid=E0201&theme=Population%20and%20Employment,source_reported_unharmonized
e0201_23ab287711,population,Population density,Population density (Person/km2),VN_SRC_QUANGNINH,Quang Ninh,2024,annual,224.96,persons per km2,not_specified,E0201,https://www.nso.gov.vn/en/px-web?pxid=E0201&theme=Population%20and%20Employment,source_reported_unharmonized
e0201_23ab287711,population,Population density,Population density (Person/km2),VN_SRC_QUANGNINH,Quang Ninh,2025,annual,227.0,persons per km2,not_specified,E0201,https://www.nso.gov.vn/en/px-web?pxid=E0201&theme=Population%20and%20Employment,source_reported_unharmonized
e0201_23ab287711,population,Population density,Population density (Person/km2),VN_SRC_HAIDUONG,Hai Duong,2011,annual,1055.45,persons per km2,not_specified,E0201,https://www.nso.gov.vn/en/px-web?pxid=E0201&theme=Population%20and%20Employment,source_reported_unharmonized
e0201_23ab287711,population,Population density,Population density (Person/km2),VN_SRC_HAIDUONG,Hai Duong,2012,annual,1067.53,persons per km2,not_specified,E0201,https://www.nso.gov.vn/en/px-web?pxid=E0201&theme=Population%20and%20Employment,source_reported_unharmonized
e0201_23ab287711,population,Population density,Population density (Person/km2),VN_SRC_HAIDUONG,Hai Duong,2013,annual,1074.68,persons per km2,not_specified,E0201,https://www.nso.gov.vn/en/px-web?pxid=E0201&theme=Population%20and%20Employment,source_reported_unharmonized
e0201_23ab287711,population,Population density,Population density (Person/km2),VN_SRC_HAIDUONG,Hai Duong,2014,annual,1084.41,persons per km2,not_specified,E0201,https://www.nso.gov.vn/en/px-web?pxid=E0201&theme=Population%20and%20Employment,source_reported_unharmonized
e0201_23ab287711,population,Population density,Population density (Person/km2),VN_SRC_HAIDUONG,Hai Duong,2015,annual,1094.69,persons per km2,not_specified,E0201,https://www.nso.gov.vn/en/px-web?pxid=E0201&theme=Population%20and%20Employment,source_reported_unharmonized
e0201_23ab287711,population,Population density,Population density (Person/km2),VN_SRC_HAIDUONG,Hai Duong,2016,annual,1098.6,persons per km2,not_specified,E0201,https://www.nso.gov.vn/en/px-web?pxid=E0201&theme=Population%20and%20Employment,source_reported_unharmonized
e0201_23ab287711,population,Population density,Population density (Person/km2),VN_SRC_HAIDUONG,Hai Duong,2017,annual,1109.34,persons per km2,not_specified,E0201,https://www.nso.gov.vn/en/px-web?pxid=E0201&theme=Population%20and%20Employment,source_reported_unharmonized
e0201_23ab287711,population,Population density,Population density (Person/km2),VN_SRC_HAIDUONG,Hai Duong,2018,annual,1125.58,persons per km2,not_specified,E0201,https://www.nso.gov.vn/en/px-web?pxid=E0201&theme=Population%20and%20Employment,source_reported_unharmonized
e0201_23ab287711,population,Population density,Population density (Person/km2),VN_SRC_HAIDUONG,Hai Duong,2019,annual,1137.0,persons per km2,not_specified,E0201,https://www.nso.gov.vn/en/px-web?pxid=E0201&theme=Population%20and%20Employment,source_reported_unharmonized
e0201_23ab287711,population,Population density,Population density (Person/km2),VN_SRC_HAIDUONG,Hai Duong,2020,annual,1149.0,persons per km2,not_specified,E0201,https://www.nso.gov.vn/en/px-web?pxid=E0201&theme=Population%20and%20Employment,source_reported_unharmonized
e0201_23ab287711,population,Population density,Population density (Person/km2),VN_SRC_HAIDUONG,Hai Duong,2021,annual,1161.0,persons per km2,not_specified,E0201,https://www.nso.gov.vn/en/px-web?pxid=E0201&theme=Population%20and%20Employment,source_reported_unharmonized
e0201_23ab287711,population,Population density,Population density (Person/km2),VN_SRC_HAIDUONG,Hai Duong,2022,annual,1167.0,persons per km2,not_specified,E0201,https://www.nso.gov.vn/en/px-web?pxid=E0201&theme=Population%20and%20Employment,source_reported_unharmonized
e0201_23ab287711,population,Population density,Population density (Person/km2),VN_SRC_HAIDUONG,Hai Duong,2023,annual,1173.0,persons per km2,not_specified,E0201,https://www.nso.gov.vn/en/px-web?pxid=E0201&theme=Population%20and%20Employment,source_reported_unharmonized
e0201_23ab287711,population,Population density,Population density (Person/km2),VN_SRC_HAIDUONG,Hai Duong,2024,annual,1185.79,persons per km2,not_specified,E0201,https://www.nso.gov.vn/en/px-web?pxid=E0201&theme=Population%20and%20Employment,source_reported_unharmonized
e0201_23ab287711,population,Population density,Population density (Person/km2),VN_SRC_HAIDUONG,Hai Duong,2025,annual,1197.0,persons per km2,not_specified,E0201,https://www.nso.gov.vn/en/px-web?pxid=E0201&theme=Population%20and%20Employment,source_reported_unharmonized
e0201_23ab287711,population,Population density,Population density (Person/km2),VN_SRC_HAIPHONG,Hai Phong,2011,annual,1238.15,persons per km2,not_specified,E0201,https://www.nso.gov.vn/en/px-web?pxid=E0201&theme=Population%20and%20Employment,source_reported_unharmonized
e0201_23ab287711,population,Population density,Population density (Person/km2),VN_SRC_HAIPHONG,Hai Phong,2012,annual,1255.29,persons per km2,not_specified,E0201,https://www.nso.gov.vn/en/px-web?pxid=E0201&theme=Population%20and%20Employment,source_reported_unharmonized
e0201_23ab287711,population,Population density,Population density (Person/km2),VN_SRC_HAIPHONG,Hai Phong,2013,annual,1265.01,persons per km2,not_specified,E0201,https://www.nso.gov.vn/en/px-web?pxid=E0201&theme=Population%20and%20Employment,source_reported_unharmonized
e0201_23ab287711,population,Population density,Population density (Person/km2),VN_SRC_HAIPHONG,Hai Phong,2014,annual,1277.14,persons per km2,not_specified,E0201,https://www.nso.gov.vn/en/px-web?pxid=E0201&theme=Population%20and%20Employment,source_reported_unharmonized
e0201_23ab287711,population,Population density,Population density (Person/km2),VN_SRC_HAIPHONG,Hai Phong,2015,annual,1289.45,persons per km2,not_specified,E0201,https://www.nso.gov.vn/en/px-web?pxid=E0201&theme=Population%20and%20Employment,source_reported_unharmonized
e0201_23ab287711,population,Population density,Population density (Person/km2),VN_SRC_HAIPHONG,Hai Phong,2016,annual,1271.24,persons per km2,not_specified,E0201,https://www.nso.gov.vn/en/px-web?pxid=E0201&theme=Population%20and%20Employment,source_reported_unharmonized
e0201_23ab287711,population,Population density,Population density (Person/km2),VN_SRC_HAIPHONG,Hai Phong,2017,annual,1281.47,persons per km2,not_specified,E0201,https://www.nso.gov.vn/en/px-web?pxid=E0201&theme=Population%20and%20Employment,source_reported_unharmonized
e0201_23ab287711,population,Population density,Population density (Person/km2),VN_SRC_HAIPHONG,Hai Phong,2018,annual,1291.07,persons per km2,not_specified,E0201,https://www.nso.gov.vn/en/px-web?pxid=E0201&theme=Population%20and%20Employment,source_reported_unharmonized
e0201_23ab287711,population,Population density,Population density (Person/km2),VN_SRC_HAIPHONG,Hai Phong,2019,annual,1302.0,persons per km2,not_specified,E0201,https://www.nso.gov.vn/en/px-web?pxid=E0201&theme=Population%20and%20Employment,source_reported_unharmonized
e0201_23ab287711,population,Population density,Population density (Person/km2),VN_SRC_HAIPHONG,Hai Phong,2020,annual,1315.0,persons per km2,not_specified,E0201,https://www.nso.gov.vn/en/px-web?pxid=E0201&theme=Population%20and%20Employment,source_reported_unharmonized
e0201_23ab287711,population,Population density,Population density (Person/km2),VN_SRC_HAIPHONG,Hai Phong,2021,annual,1358.0,persons per km2,not_specified,E0201,https://www.nso.gov.vn/en/px-web?pxid=E0201&theme=Population%20and%20Employment,source_reported_unharmonized
e0201_23ab287711,population,Population density,Population density (Person/km2),VN_SRC_HAIPHONG,Hai Phong,2022,annual,1368.0,persons per km2,not_specified,E0201,https://www.nso.gov.vn/en/px-web?pxid=E0201&theme=Population%20and%20Employment,source_reported_unharmonized
e0201_23ab287711,population,Population density,Population density (Person/km2),VN_SRC_HAIPHONG,Hai Phong,2023,annual,1378.97,persons per km2,not_specified,E0201,https://www.nso.gov.vn/en/px-web?pxid=E0201&theme=Population%20and%20Employment,source_reported_unharmonized
e0201_23ab287711,population,Population density,Population density (Person/km2),VN_SRC_HAIPHONG,Hai Phong,2024,annual,1391.81,persons per km2,not_specified,E0201,https://www.nso.gov.vn/en/px-web?pxid=E0201&theme=Population%20and%20Employment,source_reported_unharmonized
e0201_23ab287711,population,Population density,Population density (Person/km2),VN_SRC_HAIPHONG,Hai Phong,2025,annual,1410.0,persons per km2,not_specified,E0201,https://www.nso.gov.vn/en/px-web?pxid=E0201&theme=Population%20and%20Employment,source_reported_unharmonized
e0201_23ab287711,population,Population density,Population density (Person/km2),VN_SRC_HUNGYEN,Hung Yen,2011,annual,1242.7,persons per km2,not_specified,E0201,https://www.nso.gov.vn/en/px-web?pxid=E0201&theme=Population%20and%20Employment,source_reported_unharmonized
e0201_23ab287711,population,Population density,Population density (Person/km2),VN_SRC_HUNGYEN,Hung Yen,2012,annual,1255.84,persons per km2,not_specified,E0201,https://www.nso.gov.vn/en/px-web?pxid=E0201&theme=Population%20and%20Employment,source_reported_unharmonized
e0201_23ab287711,population,Population density,Population density (Person/km2),VN_SRC_HUNGYEN,Hung Yen,2013,annual,1269.46,persons per km2,not_specified,E0201,https://www.nso.gov.vn/en/px-web?pxid=E0201&theme=Population%20and%20Employment,source_reported_unharmonized
e0201_23ab287711,population,Population density,Population density (Person/km2),VN_SRC_HUNGYEN,Hung Yen,2014,annual,1283.64,persons per km2,not_specified,E0201,https://www.nso.gov.vn/en/px-web?pxid=E0201&theme=Population%20and%20Employment,source_reported_unharmonized
e0201_23ab287711,population,Population density,Population density (Person/km2),VN_SRC_HUNGYEN,Hung Yen,2015,annual,1298.06,persons per km2,not_specified,E0201,https://www.nso.gov.vn/en/px-web?pxid=E0201&theme=Population%20and%20Employment,source_reported_unharmonized
e0201_23ab287711,population,Population density,Population density (Person/km2),VN_SRC_HUNGYEN,Hung Yen,2016,annual,1306.57,persons per km2,not_specified,E0201,https://www.nso.gov.vn/en/px-web?pxid=E0201&theme=Population%20and%20Employment,source_reported_unharmonized
e0201_23ab287711,population,Population density,Population density (Person/km2),VN_SRC_HUNGYEN,Hung Yen,2017,annual,1321.01,persons per km2,not_specified,E0201,https://www.nso.gov.vn/en/px-web?pxid=E0201&theme=Population%20and%20Employment,source_reported_unharmonized
e0201_23ab287711,population,Population density,Population density (Person/km2),VN_SRC_HUNGYEN,Hung Yen,2018,annual,1335.63,persons per km2,not_specified,E0201,https://www.nso.gov.vn/en/px-web?pxid=E0201&theme=Population%20and%20Employment,source_reported_unharmonized
e0201_23ab287711,population,Population density,Population density (Person/km2),VN_SRC_HUNGYEN,Hung Yen,2019,annual,1350.0,persons per km2,not_specified,E0201,https://www.nso.gov.vn/en/px-web?pxid=E0201&theme=Population%20and%20Employment,source_reported_unharmonized
e0201_23ab287711,population,Population density,Population density (Person/km2),VN_SRC_HUNGYEN,Hung Yen,2020,annual,1364.0,persons per km2,not_specified,E0201,https://www.nso.gov.vn/en/px-web?pxid=E0201&theme=Population%20and%20Employment,source_reported_unharmonized
e0201_23ab287711,population,Population density,Population density (Person/km2),VN_SRC_HUNGYEN,Hung Yen,2021,annual,1381.0,persons per km2,not_specified,E0201,https://www.nso.gov.vn/en/px-web?pxid=E0201&theme=Population%20and%20Employment,source_reported_unharmonized
e0201_23ab287711,population,Population density,Population density (Person/km2),VN_SRC_HUNGYEN,Hung Yen,2022,annual,1388.0,persons per km2,not_specified,E0201,https://www.nso.gov.vn/en/px-web?pxid=E0201&theme=Population%20and%20Employment,source_reported_unharmonized
e0201_23ab287711,population,Population density,Population density (Person/km2),VN_SRC_HUNGYEN,Hung Yen,2023,annual,1398.64,persons per km2,not_specified,E0201,https://www.nso.gov.vn/en/px-web?pxid=E0201&theme=Population%20and%20Employment,source_reported_unharmonized
e0201_23ab287711,population,Population density,Population density (Person/km2),VN_SRC_HUNGYEN,Hung Yen,2024,annual,1416.96,persons per km2,not_specified,E0201,https://www.nso.gov.vn/en/px-web?pxid=E0201&theme=Population%20and%20Employment,source_reported_unharmonized
e0201_23ab287711,population,Population density,Population density (Person/km2),VN_SRC_HUNGYEN,Hung Yen,2025,annual,1433.0,persons per km2,not_specified,E0201,https://www.nso.gov.vn/en/px-web?pxid=E0201&theme=Population%20and%20Employment,source_reported_unharmonized
e0201_23ab287711,population,Population density,Population density (Person/km2),VN_SRC_THAIBINH,Thai Binh,2011,annual,1145.65,persons per km2,not_specified,E0201,https://www.nso.gov.vn/en/px-web?pxid=E0201&theme=Population%20and%20Employment,source_reported_unharmonized
e0201_23ab287711,population,Population density,Population density (Person/km2),VN_SRC_THAIBINH,Thai Binh,2012,annual,1150.63,persons per km2,not_specified,E0201,https://www.nso.gov.vn/en/px-web?pxid=E0201&theme=Population%20and%20Employment,source_reported_unharmonized
e0201_23ab287711,population,Population density,Population density (Person/km2),VN_SRC_THAIBINH,Thai Binh,2013,annual,1155.71,persons per km2,not_specified,E0201,https://www.nso.gov.vn/en/px-web?pxid=E0201&theme=Population%20and%20Employment,source_reported_unharmonized
e0201_23ab287711,population,Population density,Population density (Person/km2),VN_SRC_THAIBINH,Thai Binh,2014,annual,1160.19,persons per km2,not_specified,E0201,https://www.nso.gov.vn/en/px-web?pxid=E0201&theme=Population%20and%20Employment,source_reported_unharmonized
e0201_23ab287711,population,Population density,Population density (Person/km2),VN_SRC_THAIBINH,Thai Binh,2015,annual,1165.2,persons per km2,not_specified,E0201,https://www.nso.gov.vn/en/px-web?pxid=E0201&theme=Population%20and%20Employment,source_reported_unharmonized
e0201_23ab287711,population,Population density,Population density (Person/km2),VN_SRC_THAIBINH,Thai Binh,2016,annual,1158.59,persons per km2,not_specified,E0201,https://www.nso.gov.vn/en/px-web?pxid=E0201&theme=Population%20and%20Employment,source_reported_unharmonized
e0201_23ab287711,population,Population density,Population density (Person/km2),VN_SRC_THAIBINH,Thai Binh,2017,annual,1163.78,persons per km2,not_specified,E0201,https://www.nso.gov.vn/en/px-web?pxid=E0201&theme=Population%20and%20Employment,source_reported_unharmonized
e0201_23ab287711,population,Population density,Population density (Person/km2),VN_SRC_THAIBINH,Thai Binh,2018,annual,1168.75,persons per km2,not_specified,E0201,https://www.nso.gov.vn/en/px-web?pxid=E0201&theme=Population%20and%20Employment,source_reported_unharmonized
e0201_23ab287711,population,Population density,Population density (Person/km2),VN_SRC_THAIBINH,Thai Binh,2019,annual,1174.0,persons per km2,not_specified,E0201,https://www.nso.gov.vn/en/px-web?pxid=E0201&theme=Population%20and%20Employment,source_reported_unharmonized
e0201_23ab287711,population,Population density,Population density (Person/km2),VN_SRC_THAIBINH,Thai Binh,2020,annual,1179.0,persons per km2,not_specified,E0201,https://www.nso.gov.vn/en/px-web?pxid=E0201&theme=Population%20and%20Employment,source_reported_unharmonized
e0201_23ab287711,population,Population density,Population density (Person/km2),VN_SRC_THAIBINH,Thai Binh,2021,annual,1184.0,persons per km2,not_specified,E0201,https://www.nso.gov.vn/en/px-web?pxid=E0201&theme=Population%20and%20Employment,source_reported_unharmonized
e0201_23ab287711,population,Population density,Population density (Person/km2),VN_SRC_THAIBINH,Thai Binh,2022,annual,1185.0,persons per km2,not_specified,E0201,https://www.nso.gov.vn/en/px-web?pxid=E0201&theme=Population%20and%20Employment,source_reported_unharmonized
e0201_23ab287711,population,Population density,Population density (Person/km2),VN_SRC_THAIBINH,Thai Binh,2023,annual,1187.88,persons per km2,not_specified,E0201,https://www.nso.gov.vn/en/px-web?pxid=E0201&theme=Population%20and%20Employment,source_reported_unharmonized
e0201_23ab287711,population,Population density,Population density (Person/km2),VN_SRC_THAIBINH,Thai Binh,2024,annual,1192.96,persons per km2,not_specified,E0201,https://www.nso.gov.vn/en/px-web?pxid=E0201&theme=Population%20and%20Employment,source_reported_unharmonized
e0201_23ab287711,population,Population density,Population density (Person/km2),VN_SRC_THAIBINH,Thai Binh,2025,annual,1200.0,persons per km2,not_specified,E0201,https://www.nso.gov.vn/en/px-web?pxid=E0201&theme=Population%20and%20Employment,source_reported_unharmonized
e0201_23ab287711,population,Population density,Population density (Person/km2),VN_SRC_HANAM,Ha Nam,2011,annual,924.63,persons per km2,not_specified,E0201,https://www.nso.gov.vn/en/px-web?pxid=E0201&theme=Population%20and%20Employment,source_reported_unharmonized
e0201_23ab287711,population,Population density,Population density (Person/km2),VN_SRC_HANAM,Ha Nam,2012,annual,930.63,persons per km2,not_specified,E0201,https://www.nso.gov.vn/en/px-web?pxid=E0201&theme=Population%20and%20Employment,source_reported_unharmonized
e0201_23ab287711,population,Population density,Population density (Person/km2),VN_SRC_HANAM,Ha Nam,2013,annual,938.33,persons per km2,not_specified,E0201,https://www.nso.gov.vn/en/px-web?pxid=E0201&theme=Population%20and%20Employment,source_reported_unharmonized
e0201_23ab287711,population,Population density,Population density (Person/km2),VN_SRC_HANAM,Ha Nam,2014,annual,945.56,persons per km2,not_specified,E0201,https://www.nso.gov.vn/en/px-web?pxid=E0201&theme=Population%20and%20Employment,source_reported_unharmonized
e0201_23ab287711,population,Population density,Population density (Person/km2),VN_SRC_HANAM,Ha Nam,2015,annual,956.26,persons per km2,not_specified,E0201,https://www.nso.gov.vn/en/px-web?pxid=E0201&theme=Population%20and%20Employment,source_reported_unharmonized
e0201_23ab287711,population,Population density,Population density (Person/km2),VN_SRC_HANAM,Ha Nam,2016,annual,965.43,persons per km2,not_specified,E0201,https://www.nso.gov.vn/en/px-web?pxid=E0201&theme=Population%20and%20Employment,source_reported_unharmonized
e0201_23ab287711,population,Population density,Population density (Person/km2),VN_SRC_HANAM,Ha Nam,2017,annual,974.36,persons per km2,not_specified,E0201,https://www.nso.gov.vn/en/px-web?pxid=E0201&theme=Population%20and%20Employment,source_reported_unharmonized
e0201_23ab287711,population,Population density,Population density (Person/km2),VN_SRC_HANAM,Ha Nam,2018,annual,982.83,persons per km2,not_specified,E0201,https://www.nso.gov.vn/en/px-web?pxid=E0201&theme=Population%20and%20Employment,source_reported_unharmonized
e0201_23ab287711,population,Population density,Population density (Person/km2),VN_SRC_HANAM,Ha Nam,2019,annual,991.0,persons per km2,not_specified,E0201,https://www.nso.gov.vn/en/px-web?pxid=E0201&theme=Population%20and%20Employment,source_reported_unharmonized
e0201_23ab287711,population,Population density,Population density (Person/km2),VN_SRC_HANAM,Ha Nam,2020,annual,1000.0,persons per km2,not_specified,E0201,https://www.nso.gov.vn/en/px-web?pxid=E0201&theme=Population%20and%20Employment,source_reported_unharmonized
e0201_23ab287711,population,Population density,Population density (Person/km2),VN_SRC_HANAM,Ha Nam,2021,annual,1015.0,persons per km2,not_specified,E0201,https://www.nso.gov.vn/en/px-web?pxid=E0201&theme=Population%20and%20Employment,source_reported_unharmonized
e0201_23ab287711,population,Population density,Population density (Person/km2),VN_SRC_HANAM,Ha Nam,2022,annual,1019.0,persons per km2,not_specified,E0201,https://www.nso.gov.vn/en/px-web?pxid=E0201&theme=Population%20and%20Employment,source_reported_unharmonized
e0201_23ab287711,population,Population density,Population density (Person/km2),VN_SRC_HANAM,Ha Nam,2023,annual,1027.82,persons per km2,not_specified,E0201,https://www.nso.gov.vn/en/px-web?pxid=E0201&theme=Population%20and%20Employment,source_reported_unharmonized
e0201_23ab287711,population,Population density,Population density (Person/km2),VN_SRC_HANAM,Ha Nam,2024,annual,1037.46,persons per km2,not_specified,E0201,https://www.nso.gov.vn/en/px-web?pxid=E0201&theme=Population%20and%20Employment,source_reported_unharmonized
e0201_23ab287711,population,Population density,Population density (Person/km2),VN_SRC_HANAM,Ha Nam,2025,annual,1048.0,persons per km2,not_specified,E0201,https://www.nso.gov.vn/en/px-web?pxid=E0201&theme=Population%20and%20Employment,source_reported_unharmonized
e0201_23ab287711,population,Population density,Population density (Person/km2),VN_SRC_NAMDINH,Nam Dinh,2011,annual,1100.16,persons per km2,not_specified,E0201,https://www.nso.gov.vn/en/px-web?pxid=E0201&theme=Population%20and%20Employment,source_reported_unharmonized
e0201_23ab287711,population,Population density,Population density (Person/km2),VN_SRC_NAMDINH,Nam Dinh,2012,annual,1096.15,persons per km2,not_specified,E0201,https://www.nso.gov.vn/en/px-web?pxid=E0201&theme=Population%20and%20Employment,source_reported_unharmonized
e0201_23ab287711,population,Population density,Population density (Person/km2),VN_SRC_NAMDINH,Nam Dinh,2013,annual,1092.94,persons per km2,not_specified,E0201,https://www.nso.gov.vn/en/px-web?pxid=E0201&theme=Population%20and%20Employment,source_reported_unharmonized
e0201_23ab287711,population,Population density,Population density (Person/km2),VN_SRC_NAMDINH,Nam Dinh,2014,annual,1089.73,persons per km2,not_specified,E0201,https://www.nso.gov.vn/en/px-web?pxid=E0201&theme=Population%20and%20Employment,source_reported_unharmonized
e0201_23ab287711,population,Population density,Population density (Person/km2),VN_SRC_NAMDINH,Nam Dinh,2015,annual,1086.92,persons per km2,not_specified,E0201,https://www.nso.gov.vn/en/px-web?pxid=E0201&theme=Population%20and%20Employment,source_reported_unharmonized
e0201_23ab287711,population,Population density,Population density (Person/km2),VN_SRC_NAMDINH,Nam Dinh,2016,annual,1074.32,persons per km2,not_specified,E0201,https://www.nso.gov.vn/en/px-web?pxid=E0201&theme=Population%20and%20Employment,source_reported_unharmonized
e0201_23ab287711,population,Population density,Population density (Person/km2),VN_SRC_NAMDINH,Nam Dinh,2017,annual,1071.74,persons per km2,not_specified,E0201,https://www.nso.gov.vn/en/px-web?pxid=E0201&theme=Population%20and%20Employment,source_reported_unharmonized
e0201_23ab287711,population,Population density,Population density (Person/km2),VN_SRC_NAMDINH,Nam Dinh,2018,annual,1069.34,persons per km2,not_specified,E0201,https://www.nso.gov.vn/en/px-web?pxid=E0201&theme=Population%20and%20Employment,source_reported_unharmonized
e0201_23ab287711,population,Population density,Population density (Person/km2),VN_SRC_NAMDINH,Nam Dinh,2019,annual,1067.0,persons per km2,not_specified,E0201,https://www.nso.gov.vn/en/px-web?pxid=E0201&theme=Population%20and%20Employment,source_reported_unharmonized
e0201_23ab287711,population,Population density,Population density (Person/km2),VN_SRC_NAMDINH,Nam Dinh,2020,annual,1067.0,persons per km2,not_specified,E0201,https://www.nso.gov.vn/en/px-web?pxid=E0201&theme=Population%20and%20Employment,source_reported_unharmonized
e0201_23ab287711,population,Population density,Population density (Person/km2),VN_SRC_NAMDINH,Nam Dinh,2021,annual,1100.0,persons per km2,not_specified,E0201,https://www.nso.gov.vn/en/px-web?pxid=E0201&theme=Population%20and%20Employment,source_reported_unharmonized
e0201_23ab287711,population,Population density,Population density (Person/km2),VN_SRC_NAMDINH,Nam Dinh,2022,annual,1125.0,persons per km2,not_specified,E0201,https://www.nso.gov.vn/en/px-web?pxid=E0201&theme=Population%20and%20Employment,source_reported_unharmonized
e0201_23ab287711,population,Population density,Population density (Person/km2),VN_SRC_NAMDINH,Nam Dinh,2023,annual,1130.79,persons per km2,not_specified,E0201,https://www.nso.gov.vn/en/px-web?pxid=E0201&theme=Population%20and%20Employment,source_reported_unharmonized
e0201_23ab287711,population,Population density,Population density (Person/km2),VN_SRC_NAMDINH,Nam Dinh,2024,annual,1135.05,persons per km2,not_specified,E0201,https://www.nso.gov.vn/en/px-web?pxid=E0201&theme=Population%20and%20Employment,source_reported_unharmonized
e0201_23ab287711,population,Population density,Population density (Person/km2),VN_SRC_NAMDINH,Nam Dinh,2025,annual,1137.0,persons per km2,not_specified,E0201,https://www.nso.gov.vn/en/px-web?pxid=E0201&theme=Population%20and%20Employment,source_reported_unharmonized
e0201_23ab287711,population,Population density,Population density (Person/km2),VN_SRC_NINHBINH,Ninh Binh,2011,annual,655.75,persons per km2,not_specified,E0201,https://www.nso.gov.vn/en/px-web?pxid=E0201&theme=Population%20and%20Employment,source_reported_unharmonized
e0201_23ab287711,population,Population density,Population density (Person/km2),VN_SRC_NINHBINH,Ninh Binh,2012,annual,668.98,persons per km2,not_specified,E0201,https://www.nso.gov.vn/en/px-web?pxid=E0201&theme=Population%20and%20Employment,source_reported_unharmonized
e0201_23ab287711,population,Population density,Population density (Person/km2),VN_SRC_NINHBINH,Ninh Binh,2013,annual,674.87,persons per km2,not_specified,E0201,https://www.nso.gov.vn/en/px-web?pxid=E0201&theme=Population%20and%20Employment,source_reported_unharmonized
e0201_23ab287711,population,Population density,Population density (Person/km2),VN_SRC_NINHBINH,Ninh Binh,2014,annual,681.85,persons per km2,not_specified,E0201,https://www.nso.gov.vn/en/px-web?pxid=E0201&theme=Population%20and%20Employment,source_reported_unharmonized
e0201_23ab287711,population,Population density,Population density (Person/km2),VN_SRC_NINHBINH,Ninh Binh,2015,annual,688.52,persons per km2,not_specified,E0201,https://www.nso.gov.vn/en/px-web?pxid=E0201&theme=Population%20and%20Employment,source_reported_unharmonized
e0201_23ab287711,population,Population density,Population density (Person/km2),VN_SRC_NINHBINH,Ninh Binh,2016,annual,689.93,persons per km2,not_specified,E0201,https://www.nso.gov.vn/en/px-web?pxid=E0201&theme=Population%20and%20Employment,source_reported_unharmonized
e0201_23ab287711,population,Population density,Population density (Person/km2),VN_SRC_NINHBINH,Ninh Binh,2017,annual,696.13,persons per km2,not_specified,E0201,https://www.nso.gov.vn/en/px-web?pxid=E0201&theme=Population%20and%20Employment,source_reported_unharmonized
e0201_23ab287711,population,Population density,Population density (Person/km2),VN_SRC_NINHBINH,Ninh Binh,2018,annual,702.84,persons per km2,not_specified,E0201,https://www.nso.gov.vn/en/px-web?pxid=E0201&theme=Population%20and%20Employment,source_reported_unharmonized
e0201_23ab287711,population,Population density,Population density (Person/km2),VN_SRC_NINHBINH,Ninh Binh,2019,annual,710.0,persons per km2,not_specified,E0201,https://www.nso.gov.vn/en/px-web?pxid=E0201&theme=Population%20and%20Employment,source_reported_unharmonized
e0201_23ab287711,population,Population density,Population density (Person/km2),VN_SRC_NINHBINH,Ninh Binh,2020,annual,717.0,persons per km2,not_specified,E0201,https://www.nso.gov.vn/en/px-web?pxid=E0201&theme=Population%20and%20Employment,source_reported_unharmonized
e0201_23ab287711,population,Population density,Population density (Person/km2),VN_SRC_NINHBINH,Ninh Binh,2021,annual,714.0,persons per km2,not_specified,E0201,https://www.nso.gov.vn/en/px-web?pxid=E0201&theme=Population%20and%20Employment,source_reported_unharmonized
e0201_23ab287711,population,Population density,Population density (Person/km2),VN_SRC_NINHBINH,Ninh Binh,2022,annual,716.0,persons per km2,not_specified,E0201,https://www.nso.gov.vn/en/px-web?pxid=E0201&theme=Population%20and%20Employment,source_reported_unharmonized
e0201_23ab287711,population,Population density,Population density (Person/km2),VN_SRC_NINHBINH,Ninh Binh,2023,annual,720.44,persons per km2,not_specified,E0201,https://www.nso.gov.vn/en/px-web?pxid=E0201&theme=Population%20and%20Employment,source_reported_unharmonized
e0201_23ab287711,population,Population density,Population density (Person/km2),VN_SRC_NINHBINH,Ninh Binh,2024,annual,729.78,persons per km2,not_specified,E0201,https://www.nso.gov.vn/en/px-web?pxid=E0201&theme=Population%20and%20Employment,source_reported_unharmonized
e0201_23ab287711,population,Population density,Population density (Person/km2),VN_SRC_NINHBINH,Ninh Binh,2025,annual,738.0,persons per km2,not_specified,E0201,https://www.nso.gov.vn/en/px-web?pxid=E0201&theme=Population%20and%20Employment,source_reported_unharmonized
e0201_23ab287711,population,Population density,Population density (Person/km2),VN_SRC_HAGIANG,Ha Giang,2011,annual,94.7,persons per km2,not_specified,E0201,https://www.nso.gov.vn/en/px-web?pxid=E0201&theme=Population%20and%20Employment,source_reported_unharmonized
e0201_23ab287711,population,Population density,Population density (Person/km2),VN_SRC_HAGIANG,Ha Giang,2012,annual,96.46,persons per km2,not_specified,E0201,https://www.nso.gov.vn/en/px-web?pxid=E0201&theme=Population%20and%20Employment,source_reported_unharmonized
e0201_23ab287711,population,Population density,Population density (Person/km2),VN_SRC_HAGIANG,Ha Giang,2013,annual,98.42,persons per km2,not_specified,E0201,https://www.nso.gov.vn/en/px-web?pxid=E0201&theme=Population%20and%20Employment,source_reported_unharmonized
e0201_23ab287711,population,Population density,Population density (Person/km2),VN_SRC_HAGIANG,Ha Giang,2014,annual,100.12,persons per km2,not_specified,E0201,https://www.nso.gov.vn/en/px-web?pxid=E0201&theme=Population%20and%20Employment,source_reported_unharmonized
e0201_23ab287711,population,Population density,Population density (Person/km2),VN_SRC_HAGIANG,Ha Giang,2015,annual,101.92,persons per km2,not_specified,E0201,https://www.nso.gov.vn/en/px-web?pxid=E0201&theme=Population%20and%20Employment,source_reported_unharmonized
e0201_23ab287711,population,Population density,Population density (Person/km2),VN_SRC_HAGIANG,Ha Giang,2016,annual,103.47,persons per km2,not_specified,E0201,https://www.nso.gov.vn/en/px-web?pxid=E0201&theme=Population%20and%20Employment,source_reported_unharmonized
e0201_23ab287711,population,Population density,Population density (Person/km2),VN_SRC_HAGIANG,Ha Giang,2017,annual,105.14,persons per km2,not_specified,E0201,https://www.nso.gov.vn/en/px-web?pxid=E0201&theme=Population%20and%20Employment,source_reported_unharmonized
e0201_23ab287711,population,Population density,Population density (Person/km2),VN_SRC_HAGIANG,Ha Giang,2018,annual,106.75,persons per km2,not_specified,E0201,https://www.nso.gov.vn/en/px-web?pxid=E0201&theme=Population%20and%20Employment,source_reported_unharmonized
e0201_23ab287711,population,Population density,Population density (Person/km2),VN_SRC_HAGIANG,Ha Giang,2019,annual,108.0,persons per km2,not_specified,E0201,https://www.nso.gov.vn/en/px-web?pxid=E0201&theme=Population%20and%20Employment,source_reported_unharmonized
e0201_23ab287711,population,Population density,Population density (Person/km2),VN_SRC_HAGIANG,Ha Giang,2020,annual,110.0,persons per km2,not_specified,E0201,https://www.nso.gov.vn/en/px-web?pxid=E0201&theme=Population%20and%20Employment,source_reported_unharmonized
e0201_23ab287711,population,Population density,Population density (Person/km2),VN_SRC_HAGIANG,Ha Giang,2021,annual,112.0,persons per km2,not_specified,E0201,https://www.nso.gov.vn/en/px-web?pxid=E0201&theme=Population%20and%20Employment,source_reported_unharmonized
e0201_23ab287711,population,Population density,Population density (Person/km2),VN_SRC_HAGIANG,Ha Giang,2022,annual,113.0,persons per km2,not_specified,E0201,https://www.nso.gov.vn/en/px-web?pxid=E0201&theme=Population%20and%20Employment,source_reported_unharmonized
e0201_23ab287711,population,Population density,Population density (Person/km2),VN_SRC_HAGIANG,Ha Giang,2023,annual,113.52,persons per km2,not_specified,E0201,https://www.nso.gov.vn/en/px-web?pxid=E0201&theme=Population%20and%20Employment,source_reported_unharmonized
e0201_23ab287711,population,Population density,Population density (Person/km2),VN_SRC_HAGIANG,Ha Giang,2024,annual,114.96,persons per km2,not_specified,E0201,https://www.nso.gov.vn/en/px-web?pxid=E0201&theme=Population%20and%20Employment,source_reported_unharmonized
e0201_23ab287711,population,Population density,Population density (Person/km2),VN_SRC_HAGIANG,Ha Giang,2025,annual,116.0,persons per km2,not_specified,E0201,https://www.nso.gov.vn/en/px-web?pxid=E0201&theme=Population%20and%20Employment,source_reported_unharmonized
e0201_23ab287711,population,Population density,Population density (Person/km2),VN_SRC_CAOBANG,Cao Bang,2011,annual,76.63,persons per km2,not_specified,E0201,https://www.nso.gov.vn/en/px-web?pxid=E0201&theme=Population%20and%20Employment,source_reported_unharmonized
e0201_23ab287711,population,Population density,Population density (Person/km2),VN_SRC_CAOBANG,Cao Bang,2012,annual,76.91,persons per km2,not_specified,E0201,https://www.nso.gov.vn/en/px-web?pxid=E0201&theme=Population%20and%20Employment,source_reported_unharmonized
e0201_23ab287711,population,Population density,Population density (Person/km2),VN_SRC_CAOBANG,Cao Bang,2013,annual,77.2,persons per km2,not_specified,E0201,https://www.nso.gov.vn/en/px-web?pxid=E0201&theme=Population%20and%20Employment,source_reported_unharmonized
e0201_23ab287711,population,Population density,Population density (Person/km2),VN_SRC_CAOBANG,Cao Bang,2014,annual,77.55,persons per km2,not_specified,E0201,https://www.nso.gov.vn/en/px-web?pxid=E0201&theme=Population%20and%20Employment,source_reported_unharmonized
e0201_23ab287711,population,Population density,Population density (Person/km2),VN_SRC_CAOBANG,Cao Bang,2015,annual,77.87,persons per km2,not_specified,E0201,https://www.nso.gov.vn/en/px-web?pxid=E0201&theme=Population%20and%20Employment,source_reported_unharmonized
e0201_23ab287711,population,Population density,Population density (Person/km2),VN_SRC_CAOBANG,Cao Bang,2016,annual,78.24,persons per km2,not_specified,E0201,https://www.nso.gov.vn/en/px-web?pxid=E0201&theme=Population%20and%20Employment,source_reported_unharmonized
e0201_23ab287711,population,Population density,Population density (Person/km2),VN_SRC_CAOBANG,Cao Bang,2017,annual,78.56,persons per km2,not_specified,E0201,https://www.nso.gov.vn/en/px-web?pxid=E0201&theme=Population%20and%20Employment,source_reported_unharmonized
e0201_23ab287711,population,Population density,Population density (Person/km2),VN_SRC_CAOBANG,Cao Bang,2018,annual,78.91,persons per km2,not_specified,E0201,https://www.nso.gov.vn/en/px-web?pxid=E0201&theme=Population%20and%20Employment,source_reported_unharmonized
e0201_23ab287711,population,Population density,Population density (Person/km2),VN_SRC_CAOBANG,Cao Bang,2019,annual,79.0,persons per km2,not_specified,E0201,https://www.nso.gov.vn/en/px-web?pxid=E0201&theme=Population%20and%20Employment,source_reported_unharmonized
e0201_23ab287711,population,Population density,Population density (Person/km2),VN_SRC_CAOBANG,Cao Bang,2020,annual,80.0,persons per km2,not_specified,E0201,https://www.nso.gov.vn/en/px-web?pxid=E0201&theme=Population%20and%20Employment,source_reported_unharmonized
e0201_23ab287711,population,Population density,Population density (Person/km2),VN_SRC_CAOBANG,Cao Bang,2021,annual,81.0,persons per km2,not_specified,E0201,https://www.nso.gov.vn/en/px-web?pxid=E0201&theme=Population%20and%20Employment,source_reported_unharmonized
e0201_23ab287711,population,Population density,Population density (Person/km2),VN_SRC_CAOBANG,Cao Bang,2022,annual,81.0,persons per km2,not_specified,E0201,https://www.nso.gov.vn/en/px-web?pxid=E0201&theme=Population%20and%20Employment,source_reported_unharmonized
e0201_23ab287711,population,Population density,Population density (Person/km2),VN_SRC_CAOBANG,Cao Bang,2023,annual,81.77,persons per km2,not_specified,E0201,https://www.nso.gov.vn/en/px-web?pxid=E0201&theme=Population%20and%20Employment,source_reported_unharmonized
e0201_23ab287711,population,Population density,Population density (Person/km2),VN_SRC_CAOBANG,Cao Bang,2024,annual,83.35,persons per km2,not_specified,E0201,https://www.nso.gov.vn/en/px-web?pxid=E0201&theme=Population%20and%20Employment,source_reported_unharmonized
e0201_23ab287711,population,Population density,Population density (Person/km2),VN_SRC_CAOBANG,Cao Bang,2025,annual,84.0,persons per km2,not_specified,E0201,https://www.nso.gov.vn/en/px-web?pxid=E0201&theme=Population%20and%20Employment,source_reported_unharmonized
e0201_23ab287711,population,Population density,Population density (Person/km2),VN_SRC_BACKAN,Bac Kan,2011,annual,61.47,persons per km2,not_specified,E0201,https://www.nso.gov.vn/en/px-web?pxid=E0201&theme=Population%20and%20Employment,source_reported_unharmonized
e0201_23ab287711,population,Population density,Population density (Person/km2),VN_SRC_BACKAN,Bac Kan,2012,annual,61.9,persons per km2,not_specified,E0201,https://www.nso.gov.vn/en/px-web?pxid=E0201&theme=Population%20and%20Employment,source_reported_unharmonized
e0201_23ab287711,population,Population density,Population density (Person/km2),VN_SRC_BACKAN,Bac Kan,2013,annual,62.09,persons per km2,not_specified,E0201,https://www.nso.gov.vn/en/px-web?pxid=E0201&theme=Population%20and%20Employment,source_reported_unharmonized
e0201_23ab287711,population,Population density,Population density (Person/km2),VN_SRC_BACKAN,Bac Kan,2014,annual,62.34,persons per km2,not_specified,E0201,https://www.nso.gov.vn/en/px-web?pxid=E0201&theme=Population%20and%20Employment,source_reported_unharmonized
e0201_23ab287711,population,Population density,Population density (Person/km2),VN_SRC_BACKAN,Bac Kan,2015,annual,62.89,persons per km2,not_specified,E0201,https://www.nso.gov.vn/en/px-web?pxid=E0201&theme=Population%20and%20Employment,source_reported_unharmonized
e0201_23ab287711,population,Population density,Population density (Person/km2),VN_SRC_BACKAN,Bac Kan,2016,annual,63.31,persons per km2,not_specified,E0201,https://www.nso.gov.vn/en/px-web?pxid=E0201&theme=Population%20and%20Employment,source_reported_unharmonized
e0201_23ab287711,population,Population density,Population density (Person/km2),VN_SRC_BACKAN,Bac Kan,2017,annual,63.77,persons per km2,not_specified,E0201,https://www.nso.gov.vn/en/px-web?pxid=E0201&theme=Population%20and%20Employment,source_reported_unharmonized
e0201_23ab287711,population,Population density,Population density (Person/km2),VN_SRC_BACKAN,Bac Kan,2018,annual,64.2,persons per km2,not_specified,E0201,https://www.nso.gov.vn/en/px-web?pxid=E0201&theme=Population%20and%20Employment,source_reported_unharmonized
e0201_23ab287711,population,Population density,Population density (Person/km2),VN_SRC_BACKAN,Bac Kan,2019,annual,65.0,persons per km2,not_specified,E0201,https://www.nso.gov.vn/en/px-web?pxid=E0201&theme=Population%20and%20Employment,source_reported_unharmonized
e0201_23ab287711,population,Population density,Population density (Person/km2),VN_SRC_BACKAN,Bac Kan,2020,annual,65.0,persons per km2,not_specified,E0201,https://www.nso.gov.vn/en/px-web?pxid=E0201&theme=Population%20and%20Employment,source_reported_unharmonized
e0201_23ab287711,population,Population density,Population density (Person/km2),VN_SRC_BACKAN,Bac Kan,2021,annual,67.0,persons per km2,not_specified,E0201,https://www.nso.gov.vn/en/px-web?pxid=E0201&theme=Population%20and%20Employment,source_reported_unharmonized
e0201_23ab287711,population,Population density,Population density (Person/km2),VN_SRC_BACKAN,Bac Kan,2022,annual,67.0,persons per km2,not_specified,E0201,https://www.nso.gov.vn/en/px-web?pxid=E0201&theme=Population%20and%20Employment,source_reported_unharmonized
e0201_23ab287711,population,Population density,Population density (Person/km2),VN_SRC_BACKAN,Bac Kan,2023,annual,67.18,persons per km2,not_specified,E0201,https://www.nso.gov.vn/en/px-web?pxid=E0201&theme=Population%20and%20Employment,source_reported_unharmonized
e0201_23ab287711,population,Population density,Population density (Person/km2),VN_SRC_BACKAN,Bac Kan,2024,annual,67.85,persons per km2,not_specified,E0201,https://www.nso.gov.vn/en/px-web?pxid=E0201&theme=Population%20and%20Employment,source_reported_unharmonized
e0201_23ab287711,population,Population density,Population density (Person/km2),VN_SRC_BACKAN,Bac Kan,2025,annual,68.0,persons per km2,not_specified,E0201,https://www.nso.gov.vn/en/px-web?pxid=E0201&theme=Population%20and%20Employment,source_reported_unharmonized
e0201_23ab287711,population,Population density,Population density (Person/km2),VN_SRC_TUYENQUANG,Tuyen Quang,2011,annual,125.03,persons per km2,not_specified,E0201,https://www.nso.gov.vn/en/px-web?pxid=E0201&theme=Population%20and%20Employment,source_reported_unharmonized
e0201_23ab287711,population,Population density,Population density (Person/km2),VN_SRC_TUYENQUANG,Tuyen Quang,2012,annual,125.87,persons per km2,not_specified,E0201,https://www.nso.gov.vn/en/px-web?pxid=E0201&theme=Population%20and%20Employment,source_reported_unharmonized
e0201_23ab287711,population,Population density,Population density (Person/km2),VN_SRC_TUYENQUANG,Tuyen Quang,2013,annual,126.7,persons per km2,not_specified,E0201,https://www.nso.gov.vn/en/px-web?pxid=E0201&theme=Population%20and%20Employment,source_reported_unharmonized
e0201_23ab287711,population,Population density,Population density (Person/km2),VN_SRC_TUYENQUANG,Tuyen Quang,2014,annual,127.76,persons per km2,not_specified,E0201,https://www.nso.gov.vn/en/px-web?pxid=E0201&theme=Population%20and%20Employment,source_reported_unharmonized
e0201_23ab287711,population,Population density,Population density (Person/km2),VN_SRC_TUYENQUANG,Tuyen Quang,2015,annual,128.88,persons per km2,not_specified,E0201,https://www.nso.gov.vn/en/px-web?pxid=E0201&theme=Population%20and%20Employment,source_reported_unharmonized
e0201_23ab287711,population,Population density,Population density (Person/km2),VN_SRC_TUYENQUANG,Tuyen Quang,2016,annual,130.1,persons per km2,not_specified,E0201,https://www.nso.gov.vn/en/px-web?pxid=E0201&theme=Population%20and%20Employment,source_reported_unharmonized
e0201_23ab287711,population,Population density,Population density (Person/km2),VN_SRC_TUYENQUANG,Tuyen Quang,2017,annual,131.31,persons per km2,not_specified,E0201,https://www.nso.gov.vn/en/px-web?pxid=E0201&theme=Population%20and%20Employment,source_reported_unharmonized
e0201_23ab287711,population,Population density,Population density (Person/km2),VN_SRC_TUYENQUANG,Tuyen Quang,2018,annual,132.64,persons per km2,not_specified,E0201,https://www.nso.gov.vn/en/px-web?pxid=E0201&theme=Population%20and%20Employment,source_reported_unharmonized
e0201_23ab287711,population,Population density,Population density (Person/km2),VN_SRC_TUYENQUANG,Tuyen Quang,2019,annual,134.0,persons per km2,not_specified,E0201,https://www.nso.gov.vn/en/px-web?pxid=E0201&theme=Population%20and%20Employment,source_reported_unharmonized
e0201_23ab287711,population,Population density,Population density (Person/km2),VN_SRC_TUYENQUANG,Tuyen Quang,2020,annual,135.0,persons per km2,not_specified,E0201,https://www.nso.gov.vn/en/px-web?pxid=E0201&theme=Population%20and%20Employment,source_reported_unharmonized
e0201_23ab287711,population,Population density,Population density (Person/km2),VN_SRC_TUYENQUANG,Tuyen Quang,2021,annual,137.0,persons per km2,not_specified,E0201,https://www.nso.gov.vn/en/px-web?pxid=E0201&theme=Population%20and%20Employment,source_reported_unharmonized
e0201_23ab287711,population,Population density,Population density (Person/km2),VN_SRC_TUYENQUANG,Tuyen Quang,2022,annual,137.0,persons per km2,not_specified,E0201,https://www.nso.gov.vn/en/px-web?pxid=E0201&theme=Population%20and%20Employment,source_reported_unharmonized
e0201_23ab287711,population,Population density,Population density (Person/km2),VN_SRC_TUYENQUANG,Tuyen Quang,2023,annual,138.42,persons per km2,not_specified,E0201,https://www.nso.gov.vn/en/px-web?pxid=E0201&theme=Population%20and%20Employment,source_reported_unharmonized
e0201_23ab287711,population,Population density,Population density (Person/km2),VN_SRC_TUYENQUANG,Tuyen Quang,2024,annual,139.79,persons per km2,not_specified,E0201,https://www.nso.gov.vn/en/px-web?pxid=E0201&theme=Population%20and%20Employment,source_reported_unharmonized
e0201_23ab287711,population,Population density,Population density (Person/km2),VN_SRC_TUYENQUANG,Tuyen Quang,2025,annual,141.0,persons per km2,not_specified,E0201,https://www.nso.gov.vn/en/px-web?pxid=E0201&theme=Population%20and%20Employment,source_reported_unharmonized
e0201_23ab287711,population,Population density,Population density (Person/km2),VN_SRC_LAOCAI,Lao Cai,2011,annual,99.96,persons per km2,not_specified,E0201,https://www.nso.gov.vn/en/px-web?pxid=E0201&theme=Population%20and%20Employment,source_reported_unharmonized
e0201_23ab287711,population,Population density,Population density (Person/km2),VN_SRC_LAOCAI,Lao Cai,2012,annual,101.74,persons per km2,not_specified,E0201,https://www.nso.gov.vn/en/px-web?pxid=E0201&theme=Population%20and%20Employment,source_reported_unharmonized
e0201_23ab287711,population,Population density,Population density (Person/km2),VN_SRC_LAOCAI,Lao Cai,2013,annual,103.54,persons per km2,not_specified,E0201,https://www.nso.gov.vn/en/px-web?pxid=E0201&theme=Population%20and%20Employment,source_reported_unharmonized
e0201_23ab287711,population,Population density,Population density (Person/km2),VN_SRC_LAOCAI,Lao Cai,2014,annual,105.36,persons per km2,not_specified,E0201,https://www.nso.gov.vn/en/px-web?pxid=E0201&theme=Population%20and%20Employment,source_reported_unharmonized
e0201_23ab287711,population,Population density,Population density (Person/km2),VN_SRC_LAOCAI,Lao Cai,2015,annual,107.22,persons per km2,not_specified,E0201,https://www.nso.gov.vn/en/px-web?pxid=E0201&theme=Population%20and%20Employment,source_reported_unharmonized
e0201_23ab287711,population,Population density,Population density (Person/km2),VN_SRC_LAOCAI,Lao Cai,2016,annual,109.44,persons per km2,not_specified,E0201,https://www.nso.gov.vn/en/px-web?pxid=E0201&theme=Population%20and%20Employment,source_reported_unharmonized
e0201_23ab287711,population,Population density,Population density (Person/km2),VN_SRC_LAOCAI,Lao Cai,2017,annual,111.35,persons per km2,not_specified,E0201,https://www.nso.gov.vn/en/px-web?pxid=E0201&theme=Population%20and%20Employment,source_reported_unharmonized
e0201_23ab287711,population,Population density,Population density (Person/km2),VN_SRC_LAOCAI,Lao Cai,2018,annual,113.26,persons per km2,not_specified,E0201,https://www.nso.gov.vn/en/px-web?pxid=E0201&theme=Population%20and%20Employment,source_reported_unharmonized
e0201_23ab287711,population,Population density,Population density (Person/km2),VN_SRC_LAOCAI,Lao Cai,2019,annual,115.0,persons per km2,not_specified,E0201,https://www.nso.gov.vn/en/px-web?pxid=E0201&theme=Population%20and%20Employment,source_reported_unharmonized
e0201_23ab287711,population,Population density,Population density (Person/km2),VN_SRC_LAOCAI,Lao Cai,2020,annual,117.0,persons per km2,not_specified,E0201,https://www.nso.gov.vn/en/px-web?pxid=E0201&theme=Population%20and%20Employment,source_reported_unharmonized
e0201_23ab287711,population,Population density,Population density (Person/km2),VN_SRC_LAOCAI,Lao Cai,2021,annual,120.0,persons per km2,not_specified,E0201,https://www.nso.gov.vn/en/px-web?pxid=E0201&theme=Population%20and%20Employment,source_reported_unharmonized
e0201_23ab287711,population,Population density,Population density (Person/km2),VN_SRC_LAOCAI,Lao Cai,2022,annual,121.0,persons per km2,not_specified,E0201,https://www.nso.gov.vn/en/px-web?pxid=E0201&theme=Population%20and%20Employment,source_reported_unharmonized
e0201_23ab287711,population,Population density,Population density (Person/km2),VN_SRC_LAOCAI,Lao Cai,2023,annual,122.55,persons per km2,not_specified,E0201,https://www.nso.gov.vn/en/px-web?pxid=E0201&theme=Population%20and%20Employment,source_reported_unharmonized
e0201_23ab287711,population,Population density,Population density (Person/km2),VN_SRC_LAOCAI,Lao Cai,2024,annual,124.48,persons per km2,not_specified,E0201,https://www.nso.gov.vn/en/px-web?pxid=E0201&theme=Population%20and%20Employment,source_reported_unharmonized
e0201_23ab287711,population,Population density,Population density (Person/km2),VN_SRC_LAOCAI,Lao Cai,2025,annual,126.0,persons per km2,not_specified,E0201,https://www.nso.gov.vn/en/px-web?pxid=E0201&theme=Population%20and%20Employment,source_reported_unharmonized
e0201_23ab287711,population,Population density,Population density (Person/km2),VN_SRC_YENBAI,Yen Bai,2011,annual,110.17,persons per km2,not_specified,E0201,https://www.nso.gov.vn/en/px-web?pxid=E0201&theme=Population%20and%20Employment,source_reported_unharmonized
e0201_23ab287711,population,Population density,Population density (Person/km2),VN_SRC_YENBAI,Yen Bai,2012,annual,111.19,persons per km2,not_specified,E0201,https://www.nso.gov.vn/en/px-web?pxid=E0201&theme=Population%20and%20Employment,source_reported_unharmonized
e0201_23ab287711,population,Population density,Population density (Person/km2),VN_SRC_YENBAI,Yen Bai,2013,annual,112.48,persons per km2,not_specified,E0201,https://www.nso.gov.vn/en/px-web?pxid=E0201&theme=Population%20and%20Employment,source_reported_unharmonized
e0201_23ab287711,population,Population density,Population density (Person/km2),VN_SRC_YENBAI,Yen Bai,2014,annual,113.78,persons per km2,not_specified,E0201,https://www.nso.gov.vn/en/px-web?pxid=E0201&theme=Population%20and%20Employment,source_reported_unharmonized
e0201_23ab287711,population,Population density,Population density (Person/km2),VN_SRC_YENBAI,Yen Bai,2015,annual,115.17,persons per km2,not_specified,E0201,https://www.nso.gov.vn/en/px-web?pxid=E0201&theme=Population%20and%20Employment,source_reported_unharmonized
e0201_23ab287711,population,Population density,Population density (Person/km2),VN_SRC_YENBAI,Yen Bai,2016,annual,116.19,persons per km2,not_specified,E0201,https://www.nso.gov.vn/en/px-web?pxid=E0201&theme=Population%20and%20Employment,source_reported_unharmonized
e0201_23ab287711,population,Population density,Population density (Person/km2),VN_SRC_YENBAI,Yen Bai,2017,annual,117.21,persons per km2,not_specified,E0201,https://www.nso.gov.vn/en/px-web?pxid=E0201&theme=Population%20and%20Employment,source_reported_unharmonized
e0201_23ab287711,population,Population density,Population density (Person/km2),VN_SRC_YENBAI,Yen Bai,2018,annual,118.27,persons per km2,not_specified,E0201,https://www.nso.gov.vn/en/px-web?pxid=E0201&theme=Population%20and%20Employment,source_reported_unharmonized
e0201_23ab287711,population,Population density,Population density (Person/km2),VN_SRC_YENBAI,Yen Bai,2019,annual,119.0,persons per km2,not_specified,E0201,https://www.nso.gov.vn/en/px-web?pxid=E0201&theme=Population%20and%20Employment,source_reported_unharmonized
e0201_23ab287711,population,Population density,Population density (Person/km2),VN_SRC_YENBAI,Yen Bai,2020,annual,121.0,persons per km2,not_specified,E0201,https://www.nso.gov.vn/en/px-web?pxid=E0201&theme=Population%20and%20Employment,source_reported_unharmonized
e0201_23ab287711,population,Population density,Population density (Person/km2),VN_SRC_YENBAI,Yen Bai,2021,annual,122.0,persons per km2,not_specified,E0201,https://www.nso.gov.vn/en/px-web?pxid=E0201&theme=Population%20and%20Employment,source_reported_unharmonized
e0201_23ab287711,population,Population density,Population density (Person/km2),VN_SRC_YENBAI,Yen Bai,2022,annual,123.0,persons per km2,not_specified,E0201,https://www.nso.gov.vn/en/px-web?pxid=E0201&theme=Population%20and%20Employment,source_reported_unharmonized
e0201_23ab287711,population,Population density,Population density (Person/km2),VN_SRC_YENBAI,Yen Bai,2023,annual,124.12,persons per km2,not_specified,E0201,https://www.nso.gov.vn/en/px-web?pxid=E0201&theme=Population%20and%20Employment,source_reported_unharmonized
e0201_23ab287711,population,Population density,Population density (Person/km2),VN_SRC_YENBAI,Yen Bai,2024,annual,125.41,persons per km2,not_specified,E0201,https://www.nso.gov.vn/en/px-web?pxid=E0201&theme=Population%20and%20Employment,source_reported_unharmonized
e0201_23ab287711,population,Population density,Population density (Person/km2),VN_SRC_YENBAI,Yen Bai,2025,annual,127.0,persons per km2,not_specified,E0201,https://www.nso.gov.vn/en/px-web?pxid=E0201&theme=Population%20and%20Employment,source_reported_unharmonized
e0201_23ab287711,population,Population density,Population density (Person/km2),VN_SRC_THAINGUYEN,Thai Nguyen,2011,annual,322.63,persons per km2,not_specified,E0201,https://www.nso.gov.vn/en/px-web?pxid=E0201&theme=Population%20and%20Employment,source_reported_unharmonized
e0201_23ab287711,population,Population density,Population density (Person/km2),VN_SRC_THAINGUYEN,Thai Nguyen,2012,annual,325.09,persons per km2,not_specified,E0201,https://www.nso.gov.vn/en/px-web?pxid=E0201&theme=Population%20and%20Employment,source_reported_unharmonized
e0201_23ab287711,population,Population density,Population density (Person/km2),VN_SRC_THAINGUYEN,Thai Nguyen,2013,annual,326.88,persons per km2,not_specified,E0201,https://www.nso.gov.vn/en/px-web?pxid=E0201&theme=Population%20and%20Employment,source_reported_unharmonized
e0201_23ab287711,population,Population density,Population density (Person/km2),VN_SRC_THAINGUYEN,Thai Nguyen,2014,annual,339.12,persons per km2,not_specified,E0201,https://www.nso.gov.vn/en/px-web?pxid=E0201&theme=Population%20and%20Employment,source_reported_unharmonized
e0201_23ab287711,population,Population density,Population density (Person/km2),VN_SRC_THAINGUYEN,Thai Nguyen,2015,annual,348.35,persons per km2,not_specified,E0201,https://www.nso.gov.vn/en/px-web?pxid=E0201&theme=Population%20and%20Employment,source_reported_unharmonized
e0201_23ab287711,population,Population density,Population density (Person/km2),VN_SRC_THAINGUYEN,Thai Nguyen,2016,annual,352.4,persons per km2,not_specified,E0201,https://www.nso.gov.vn/en/px-web?pxid=E0201&theme=Population%20and%20Employment,source_reported_unharmonized
e0201_23ab287711,population,Population density,Population density (Person/km2),VN_SRC_THAINGUYEN,Thai Nguyen,2017,annual,356.18,persons per km2,not_specified,E0201,https://www.nso.gov.vn/en/px-web?pxid=E0201&theme=Population%20and%20Employment,source_reported_unharmonized
e0201_23ab287711,population,Population density,Population density (Person/km2),VN_SRC_THAINGUYEN,Thai Nguyen,2018,annual,361.14,persons per km2,not_specified,E0201,https://www.nso.gov.vn/en/px-web?pxid=E0201&theme=Population%20and%20Employment,source_reported_unharmonized
e0201_23ab287711,population,Population density,Population density (Person/km2),VN_SRC_THAINGUYEN,Thai Nguyen,2019,annual,366.0,persons per km2,not_specified,E0201,https://www.nso.gov.vn/en/px-web?pxid=E0201&theme=Population%20and%20Employment,source_reported_unharmonized
e0201_23ab287711,population,Population density,Population density (Person/km2),VN_SRC_THAINGUYEN,Thai Nguyen,2020,annual,371.0,persons per km2,not_specified,E0201,https://www.nso.gov.vn/en/px-web?pxid=E0201&theme=Population%20and%20Employment,source_reported_unharmonized
e0201_23ab287711,population,Population density,Population density (Person/km2),VN_SRC_THAINGUYEN,Thai Nguyen,2021,annual,376.0,persons per km2,not_specified,E0201,https://www.nso.gov.vn/en/px-web?pxid=E0201&theme=Population%20and%20Employment,source_reported_unharmonized
e0201_23ab287711,population,Population density,Population density (Person/km2),VN_SRC_THAINGUYEN,Thai Nguyen,2022,annual,379.0,persons per km2,not_specified,E0201,https://www.nso.gov.vn/en/px-web?pxid=E0201&theme=Population%20and%20Employment,source_reported_unharmonized
e0201_23ab287711,population,Population density,Population density (Person/km2),VN_SRC_THAINGUYEN,Thai Nguyen,2023,annual,383.41,persons per km2,not_specified,E0201,https://www.nso.gov.vn/en/px-web?pxid=E0201&theme=Population%20and%20Employment,source_reported_unharmonized
e0201_23ab287711,population,Population density,Population density (Person/km2),VN_SRC_THAINGUYEN,Thai Nguyen,2024,annual,387.62,persons per km2,not_specified,E0201,https://www.nso.gov.vn/en/px-web?pxid=E0201&theme=Population%20and%20Employment,source_reported_unharmonized
e0201_23ab287711,population,Population density,Population density (Person/km2),VN_SRC_THAINGUYEN,Thai Nguyen,2025,annual,392.0,persons per km2,not_specified,E0201,https://www.nso.gov.vn/en/px-web?pxid=E0201&theme=Population%20and%20Employment,source_reported_unharmonized
e0201_23ab287711,population,Population density,Population density (Person/km2),VN_SRC_LANGSON,Lang Son,2011,annual,89.04,persons per km2,not_specified,E0201,https://www.nso.gov.vn/en/px-web?pxid=E0201&theme=Population%20and%20Employment,source_reported_unharmonized
e0201_23ab287711,population,Population density,Population density (Person/km2),VN_SRC_LANGSON,Lang Son,2012,annual,89.55,persons per km2,not_specified,E0201,https://www.nso.gov.vn/en/px-web?pxid=E0201&theme=Population%20and%20Employment,source_reported_unharmonized
e0201_23ab287711,population,Population density,Population density (Person/km2),VN_SRC_LANGSON,Lang Son,2013,annual,90.01,persons per km2,not_specified,E0201,https://www.nso.gov.vn/en/px-web?pxid=E0201&theme=Population%20and%20Employment,source_reported_unharmonized
e0201_23ab287711,population,Population density,Population density (Person/km2),VN_SRC_LANGSON,Lang Son,2014,annual,90.45,persons per km2,not_specified,E0201,https://www.nso.gov.vn/en/px-web?pxid=E0201&theme=Population%20and%20Employment,source_reported_unharmonized
e0201_23ab287711,population,Population density,Population density (Person/km2),VN_SRC_LANGSON,Lang Son,2015,annual,91.07,persons per km2,not_specified,E0201,https://www.nso.gov.vn/en/px-web?pxid=E0201&theme=Population%20and%20Employment,source_reported_unharmonized
e0201_23ab287711,population,Population density,Population density (Person/km2),VN_SRC_LANGSON,Lang Son,2016,annual,91.86,persons per km2,not_specified,E0201,https://www.nso.gov.vn/en/px-web?pxid=E0201&theme=Population%20and%20Employment,source_reported_unharmonized
e0201_23ab287711,population,Population density,Population density (Person/km2),VN_SRC_LANGSON,Lang Son,2017,annual,92.5,persons per km2,not_specified,E0201,https://www.nso.gov.vn/en/px-web?pxid=E0201&theme=Population%20and%20Employment,source_reported_unharmonized
e0201_23ab287711,population,Population density,Population density (Person/km2),VN_SRC_LANGSON,Lang Son,2018,annual,93.37,persons per km2,not_specified,E0201,https://www.nso.gov.vn/en/px-web?pxid=E0201&theme=Population%20and%20Employment,source_reported_unharmonized
e0201_23ab287711,population,Population density,Population density (Person/km2),VN_SRC_LANGSON,Lang Son,2019,annual,94.0,persons per km2,not_specified,E0201,https://www.nso.gov.vn/en/px-web?pxid=E0201&theme=Population%20and%20Employment,source_reported_unharmonized
e0201_23ab287711,population,Population density,Population density (Person/km2),VN_SRC_LANGSON,Lang Son,2020,annual,95.0,persons per km2,not_specified,E0201,https://www.nso.gov.vn/en/px-web?pxid=E0201&theme=Population%20and%20Employment,source_reported_unharmonized
e0201_23ab287711,population,Population density,Population density (Person/km2),VN_SRC_LANGSON,Lang Son,2021,annual,96.0,persons per km2,not_specified,E0201,https://www.nso.gov.vn/en/px-web?pxid=E0201&theme=Population%20and%20Employment,source_reported_unharmonized
e0201_23ab287711,population,Population density,Population density (Person/km2),VN_SRC_LANGSON,Lang Son,2022,annual,97.0,persons per km2,not_specified,E0201,https://www.nso.gov.vn/en/px-web?pxid=E0201&theme=Population%20and%20Employment,source_reported_unharmonized
e0201_23ab287711,population,Population density,Population density (Person/km2),VN_SRC_LANGSON,Lang Son,2023,annual,97.15,persons per km2,not_specified,E0201,https://www.nso.gov.vn/en/px-web?pxid=E0201&theme=Population%20and%20Employment,source_reported_unharmonized
e0201_23ab287711,population,Population density,Population density (Person/km2),VN_SRC_LANGSON,Lang Son,2024,annual,97.95,persons per km2,not_specified,E0201,https://www.nso.gov.vn/en/px-web?pxid=E0201&theme=Population%20and%20Employment,source_reported_unharmonized
e0201_23ab287711,population,Population density,Population density (Person/km2),VN_SRC_LANGSON,Lang Son,2025,annual,99.0,persons per km2,not_specified,E0201,https://www.nso.gov.vn/en/px-web?pxid=E0201&theme=Population%20and%20Employment,source_reported_unharmonized
e0201_23ab287711,population,Population density,Population density (Person/km2),VN_SRC_BACGIANG,Bac Giang,2011,annual,412.6,persons per km2,not_specified,E0201,https://www.nso.gov.vn/en/px-web?pxid=E0201&theme=Population%20and%20Employment,source_reported_unharmonized
e0201_23ab287711,population,Population density,Population density (Person/km2),VN_SRC_BACGIANG,Bac Giang,2012,annual,417.72,persons per km2,not_specified,E0201,https://www.nso.gov.vn/en/px-web?pxid=E0201&theme=Population%20and%20Employment,source_reported_unharmonized
e0201_23ab287711,population,Population density,Population density (Person/km2),VN_SRC_BACGIANG,Bac Giang,2013,annual,423.58,persons per km2,not_specified,E0201,https://www.nso.gov.vn/en/px-web?pxid=E0201&theme=Population%20and%20Employment,source_reported_unharmonized
e0201_23ab287711,population,Population density,Population density (Person/km2),VN_SRC_BACGIANG,Bac Giang,2014,annual,427.81,persons per km2,not_specified,E0201,https://www.nso.gov.vn/en/px-web?pxid=E0201&theme=Population%20and%20Employment,source_reported_unharmonized
e0201_23ab287711,population,Population density,Population density (Person/km2),VN_SRC_BACGIANG,Bac Giang,2015,annual,433.04,persons per km2,not_specified,E0201,https://www.nso.gov.vn/en/px-web?pxid=E0201&theme=Population%20and%20Employment,source_reported_unharmonized
e0201_23ab287711,population,Population density,Population density (Person/km2),VN_SRC_BACGIANG,Bac Giang,2016,annual,435.61,persons per km2,not_specified,E0201,https://www.nso.gov.vn/en/px-web?pxid=E0201&theme=Population%20and%20Employment,source_reported_unharmonized
e0201_23ab287711,population,Population density,Population density (Person/km2),VN_SRC_BACGIANG,Bac Giang,2017,annual,445.85,persons per km2,not_specified,E0201,https://www.nso.gov.vn/en/px-web?pxid=E0201&theme=Population%20and%20Employment,source_reported_unharmonized
e0201_23ab287711,population,Population density,Population density (Person/km2),VN_SRC_BACGIANG,Bac Giang,2018,annual,456.28,persons per km2,not_specified,E0201,https://www.nso.gov.vn/en/px-web?pxid=E0201&theme=Population%20and%20Employment,source_reported_unharmonized
e0201_23ab287711,population,Population density,Population density (Person/km2),VN_SRC_BACGIANG,Bac Giang,2019,annual,465.0,persons per km2,not_specified,E0201,https://www.nso.gov.vn/en/px-web?pxid=E0201&theme=Population%20and%20Employment,source_reported_unharmonized
e0201_23ab287711,population,Population density,Population density (Person/km2),VN_SRC_BACGIANG,Bac Giang,2020,annual,473.0,persons per km2,not_specified,E0201,https://www.nso.gov.vn/en/px-web?pxid=E0201&theme=Population%20and%20Employment,source_reported_unharmonized
e0201_23ab287711,population,Population density,Population density (Person/km2),VN_SRC_BACGIANG,Bac Giang,2021,annual,481.0,persons per km2,not_specified,E0201,https://www.nso.gov.vn/en/px-web?pxid=E0201&theme=Population%20and%20Employment,source_reported_unharmonized
e0201_23ab287711,population,Population density,Population density (Person/km2),VN_SRC_BACGIANG,Bac Giang,2022,annual,485.0,persons per km2,not_specified,E0201,https://www.nso.gov.vn/en/px-web?pxid=E0201&theme=Population%20and%20Employment,source_reported_unharmonized
e0201_23ab287711,population,Population density,Population density (Person/km2),VN_SRC_BACGIANG,Bac Giang,2023,annual,493.53,persons per km2,not_specified,E0201,https://www.nso.gov.vn/en/px-web?pxid=E0201&theme=Population%20and%20Employment,source_reported_unharmonized
e0201_23ab287711,population,Population density,Population density (Person/km2),VN_SRC_BACGIANG,Bac Giang,2024,annual,503.76,persons per km2,not_specified,E0201,https://www.nso.gov.vn/en/px-web?pxid=E0201&theme=Population%20and%20Employment,source_reported_unharmonized
e0201_23ab287711,population,Population density,Population density (Person/km2),VN_SRC_BACGIANG,Bac Giang,2025,annual,513.0,persons per km2,not_specified,E0201,https://www.nso.gov.vn/en/px-web?pxid=E0201&theme=Population%20and%20Employment,source_reported_unharmonized
e0201_23ab287711,population,Population density,Population density (Person/km2),VN_SRC_PHUTHO,Phu Tho,2011,annual,376.22,persons per km2,not_specified,E0201,https://www.nso.gov.vn/en/px-web?pxid=E0201&theme=Population%20and%20Employment,source_reported_unharmonized
e0201_23ab287711,population,Population density,Population density (Person/km2),VN_SRC_PHUTHO,Phu Tho,2012,annual,379.47,persons per km2,not_specified,E0201,https://www.nso.gov.vn/en/px-web?pxid=E0201&theme=Population%20and%20Employment,source_reported_unharmonized
e0201_23ab287711,population,Population density,Population density (Person/km2),VN_SRC_PHUTHO,Phu Tho,2013,annual,383.56,persons per km2,not_specified,E0201,https://www.nso.gov.vn/en/px-web?pxid=E0201&theme=Population%20and%20Employment,source_reported_unharmonized
e0201_23ab287711,population,Population density,Population density (Person/km2),VN_SRC_PHUTHO,Phu Tho,2014,annual,388.78,persons per km2,not_specified,E0201,https://www.nso.gov.vn/en/px-web?pxid=E0201&theme=Population%20and%20Employment,source_reported_unharmonized
e0201_23ab287711,population,Population density,Population density (Person/km2),VN_SRC_PHUTHO,Phu Tho,2015,annual,394.05,persons per km2,not_specified,E0201,https://www.nso.gov.vn/en/px-web?pxid=E0201&theme=Population%20and%20Employment,source_reported_unharmonized
e0201_23ab287711,population,Population density,Population density (Person/km2),VN_SRC_PHUTHO,Phu Tho,2016,annual,398.65,persons per km2,not_specified,E0201,https://www.nso.gov.vn/en/px-web?pxid=E0201&theme=Population%20and%20Employment,source_reported_unharmonized
e0201_23ab287711,population,Population density,Population density (Person/km2),VN_SRC_PHUTHO,Phu Tho,2017,annual,404.71,persons per km2,not_specified,E0201,https://www.nso.gov.vn/en/px-web?pxid=E0201&theme=Population%20and%20Employment,source_reported_unharmonized
e0201_23ab287711,population,Population density,Population density (Person/km2),VN_SRC_PHUTHO,Phu Tho,2018,annual,410.12,persons per km2,not_specified,E0201,https://www.nso.gov.vn/en/px-web?pxid=E0201&theme=Population%20and%20Employment,source_reported_unharmonized
e0201_23ab287711,population,Population density,Population density (Person/km2),VN_SRC_PHUTHO,Phu Tho,2019,annual,415.0,persons per km2,not_specified,E0201,https://www.nso.gov.vn/en/px-web?pxid=E0201&theme=Population%20and%20Employment,source_reported_unharmonized
e0201_23ab287711,population,Population density,Population density (Person/km2),VN_SRC_PHUTHO,Phu Tho,2020,annual,419.0,persons per km2,not_specified,E0201,https://www.nso.gov.vn/en/px-web?pxid=E0201&theme=Population%20and%20Employment,source_reported_unharmonized
e0201_23ab287711,population,Population density,Population density (Person/km2),VN_SRC_PHUTHO,Phu Tho,2021,annual,427.0,persons per km2,not_specified,E0201,https://www.nso.gov.vn/en/px-web?pxid=E0201&theme=Population%20and%20Employment,source_reported_unharmonized
e0201_23ab287711,population,Population density,Population density (Person/km2),VN_SRC_PHUTHO,Phu Tho,2022,annual,429.0,persons per km2,not_specified,E0201,https://www.nso.gov.vn/en/px-web?pxid=E0201&theme=Population%20and%20Employment,source_reported_unharmonized
e0201_23ab287711,population,Population density,Population density (Person/km2),VN_SRC_PHUTHO,Phu Tho,2023,annual,433.11,persons per km2,not_specified,E0201,https://www.nso.gov.vn/en/px-web?pxid=E0201&theme=Population%20and%20Employment,source_reported_unharmonized
e0201_23ab287711,population,Population density,Population density (Person/km2),VN_SRC_PHUTHO,Phu Tho,2024,annual,436.8,persons per km2,not_specified,E0201,https://www.nso.gov.vn/en/px-web?pxid=E0201&theme=Population%20and%20Employment,source_reported_unharmonized
e0201_23ab287711,population,Population density,Population density (Person/km2),VN_SRC_PHUTHO,Phu Tho,2025,annual,441.0,persons per km2,not_specified,E0201,https://www.nso.gov.vn/en/px-web?pxid=E0201&theme=Population%20and%20Employment,source_reported_unharmonized
e0201_23ab287711,population,Population density,Population density (Person/km2),VN_SRC_DIENBIEN,Dien Bien,2011,annual,53.62,persons per km2,not_specified,E0201,https://www.nso.gov.vn/en/px-web?pxid=E0201&theme=Population%20and%20Employment,source_reported_unharmonized
e0201_23ab287711,population,Population density,Population density (Person/km2),VN_SRC_DIENBIEN,Dien Bien,2012,annual,54.78,persons per km2,not_specified,E0201,https://www.nso.gov.vn/en/px-web?pxid=E0201&theme=Population%20and%20Employment,source_reported_unharmonized
e0201_23ab287711,population,Population density,Population density (Person/km2),VN_SRC_DIENBIEN,Dien Bien,2013,annual,55.94,persons per km2,not_specified,E0201,https://www.nso.gov.vn/en/px-web?pxid=E0201&theme=Population%20and%20Employment,source_reported_unharmonized
e0201_23ab287711,population,Population density,Population density (Person/km2),VN_SRC_DIENBIEN,Dien Bien,2014,annual,57.1,persons per km2,not_specified,E0201,https://www.nso.gov.vn/en/px-web?pxid=E0201&theme=Population%20and%20Employment,source_reported_unharmonized
e0201_23ab287711,population,Population density,Population density (Person/km2),VN_SRC_DIENBIEN,Dien Bien,2015,annual,58.26,persons per km2,not_specified,E0201,https://www.nso.gov.vn/en/px-web?pxid=E0201&theme=Population%20and%20Employment,source_reported_unharmonized
e0201_23ab287711,population,Population density,Population density (Person/km2),VN_SRC_DIENBIEN,Dien Bien,2016,annual,59.56,persons per km2,not_specified,E0201,https://www.nso.gov.vn/en/px-web?pxid=E0201&theme=Population%20and%20Employment,source_reported_unharmonized
e0201_23ab287711,population,Population density,Population density (Person/km2),VN_SRC_DIENBIEN,Dien Bien,2017,annual,60.73,persons per km2,not_specified,E0201,https://www.nso.gov.vn/en/px-web?pxid=E0201&theme=Population%20and%20Employment,source_reported_unharmonized
e0201_23ab287711,population,Population density,Population density (Person/km2),VN_SRC_DIENBIEN,Dien Bien,2018,annual,61.89,persons per km2,not_specified,E0201,https://www.nso.gov.vn/en/px-web?pxid=E0201&theme=Population%20and%20Employment,source_reported_unharmonized
e0201_23ab287711,population,Population density,Population density (Person/km2),VN_SRC_DIENBIEN,Dien Bien,2019,annual,63.0,persons per km2,not_specified,E0201,https://www.nso.gov.vn/en/px-web?pxid=E0201&theme=Population%20and%20Employment,source_reported_unharmonized
e0201_23ab287711,population,Population density,Population density (Person/km2),VN_SRC_DIENBIEN,Dien Bien,2020,annual,64.0,persons per km2,not_specified,E0201,https://www.nso.gov.vn/en/px-web?pxid=E0201&theme=Population%20and%20Employment,source_reported_unharmonized
e0201_23ab287711,population,Population density,Population density (Person/km2),VN_SRC_DIENBIEN,Dien Bien,2021,annual,66.0,persons per km2,not_specified,E0201,https://www.nso.gov.vn/en/px-web?pxid=E0201&theme=Population%20and%20Employment,source_reported_unharmonized
e0201_23ab287711,population,Population density,Population density (Person/km2),VN_SRC_DIENBIEN,Dien Bien,2022,annual,67.0,persons per km2,not_specified,E0201,https://www.nso.gov.vn/en/px-web?pxid=E0201&theme=Population%20and%20Employment,source_reported_unharmonized
e0201_23ab287711,population,Population density,Population density (Person/km2),VN_SRC_DIENBIEN,Dien Bien,2023,annual,67.73,persons per km2,not_specified,E0201,https://www.nso.gov.vn/en/px-web?pxid=E0201&theme=Population%20and%20Employment,source_reported_unharmonized
e0201_23ab287711,population,Population density,Population density (Person/km2),VN_SRC_DIENBIEN,Dien Bien,2024,annual,68.84,persons per km2,not_specified,E0201,https://www.nso.gov.vn/en/px-web?pxid=E0201&theme=Population%20and%20Employment,source_reported_unharmonized
e0201_23ab287711,population,Population density,Population density (Person/km2),VN_SRC_DIENBIEN,Dien Bien,2025,annual,70.0,persons per km2,not_specified,E0201,https://www.nso.gov.vn/en/px-web?pxid=E0201&theme=Population%20and%20Employment,source_reported_unharmonized
e0201_23ab287711,population,Population density,Population density (Person/km2),VN_SRC_LAICHAU,Lai Chau,2011,annual,43.32,persons per km2,not_specified,E0201,https://www.nso.gov.vn/en/px-web?pxid=E0201&theme=Population%20and%20Employment,source_reported_unharmonized
e0201_23ab287711,population,Population density,Population density (Person/km2),VN_SRC_LAICHAU,Lai Chau,2012,annual,44.43,persons per km2,not_specified,E0201,https://www.nso.gov.vn/en/px-web?pxid=E0201&theme=Population%20and%20Employment,source_reported_unharmonized
e0201_23ab287711,population,Population density,Population density (Person/km2),VN_SRC_LAICHAU,Lai Chau,2013,annual,45.71,persons per km2,not_specified,E0201,https://www.nso.gov.vn/en/px-web?pxid=E0201&theme=Population%20and%20Employment,source_reported_unharmonized
e0201_23ab287711,population,Population density,Population density (Person/km2),VN_SRC_LAICHAU,Lai Chau,2014,annual,46.47,persons per km2,not_specified,E0201,https://www.nso.gov.vn/en/px-web?pxid=E0201&theme=Population%20and%20Employment,source_reported_unharmonized
e0201_23ab287711,population,Population density,Population density (Person/km2),VN_SRC_LAICHAU,Lai Chau,2015,annual,47.18,persons per km2,not_specified,E0201,https://www.nso.gov.vn/en/px-web?pxid=E0201&theme=Population%20and%20Employment,source_reported_unharmonized
e0201_23ab287711,population,Population density,Population density (Person/km2),VN_SRC_LAICHAU,Lai Chau,2016,annual,48.11,persons per km2,not_specified,E0201,https://www.nso.gov.vn/en/px-web?pxid=E0201&theme=Population%20and%20Employment,source_reported_unharmonized
e0201_23ab287711,population,Population density,Population density (Person/km2),VN_SRC_LAICHAU,Lai Chau,2017,annual,49.01,persons per km2,not_specified,E0201,https://www.nso.gov.vn/en/px-web?pxid=E0201&theme=Population%20and%20Employment,source_reported_unharmonized
e0201_23ab287711,population,Population density,Population density (Person/km2),VN_SRC_LAICHAU,Lai Chau,2018,annual,50.0,persons per km2,not_specified,E0201,https://www.nso.gov.vn/en/px-web?pxid=E0201&theme=Population%20and%20Employment,source_reported_unharmonized
e0201_23ab287711,population,Population density,Population density (Person/km2),VN_SRC_LAICHAU,Lai Chau,2019,annual,51.0,persons per km2,not_specified,E0201,https://www.nso.gov.vn/en/px-web?pxid=E0201&theme=Population%20and%20Employment,source_reported_unharmonized
e0201_23ab287711,population,Population density,Population density (Person/km2),VN_SRC_LAICHAU,Lai Chau,2020,annual,52.0,persons per km2,not_specified,E0201,https://www.nso.gov.vn/en/px-web?pxid=E0201&theme=Population%20and%20Employment,source_reported_unharmonized
e0201_23ab287711,population,Population density,Population density (Person/km2),VN_SRC_LAICHAU,Lai Chau,2021,annual,53.0,persons per km2,not_specified,E0201,https://www.nso.gov.vn/en/px-web?pxid=E0201&theme=Population%20and%20Employment,source_reported_unharmonized
e0201_23ab287711,population,Population density,Population density (Person/km2),VN_SRC_LAICHAU,Lai Chau,2022,annual,53.0,persons per km2,not_specified,E0201,https://www.nso.gov.vn/en/px-web?pxid=E0201&theme=Population%20and%20Employment,source_reported_unharmonized
e0201_23ab287711,population,Population density,Population density (Person/km2),VN_SRC_LAICHAU,Lai Chau,2023,annual,53.95,persons per km2,not_specified,E0201,https://www.nso.gov.vn/en/px-web?pxid=E0201&theme=Population%20and%20Employment,source_reported_unharmonized
e0201_23ab287711,population,Population density,Population density (Person/km2),VN_SRC_LAICHAU,Lai Chau,2024,annual,54.64,persons per km2,not_specified,E0201,https://www.nso.gov.vn/en/px-web?pxid=E0201&theme=Population%20and%20Employment,source_reported_unharmonized
e0201_23ab287711,population,Population density,Population density (Person/km2),VN_SRC_LAICHAU,Lai Chau,2025,annual,55.0,persons per km2,not_specified,E0201,https://www.nso.gov.vn/en/px-web?pxid=E0201&theme=Population%20and%20Employment,source_reported_unharmonized
e0201_23ab287711,population,Population density,Population density (Person/km2),VN_SRC_SONLA,Son La,2011,annual,78.68,persons per km2,not_specified,E0201,https://www.nso.gov.vn/en/px-web?pxid=E0201&theme=Population%20and%20Employment,source_reported_unharmonized
e0201_23ab287711,population,Population density,Population density (Person/km2),VN_SRC_SONLA,Son La,2012,annual,79.71,persons per km2,not_specified,E0201,https://www.nso.gov.vn/en/px-web?pxid=E0201&theme=Population%20and%20Employment,source_reported_unharmonized
e0201_23ab287711,population,Population density,Population density (Person/km2),VN_SRC_SONLA,Son La,2013,annual,80.7,persons per km2,not_specified,E0201,https://www.nso.gov.vn/en/px-web?pxid=E0201&theme=Population%20and%20Employment,source_reported_unharmonized
e0201_23ab287711,population,Population density,Population density (Person/km2),VN_SRC_SONLA,Son La,2014,annual,81.82,persons per km2,not_specified,E0201,https://www.nso.gov.vn/en/px-web?pxid=E0201&theme=Population%20and%20Employment,source_reported_unharmonized
e0201_23ab287711,population,Population density,Population density (Person/km2),VN_SRC_SONLA,Son La,2015,annual,83.07,persons per km2,not_specified,E0201,https://www.nso.gov.vn/en/px-web?pxid=E0201&theme=Population%20and%20Employment,source_reported_unharmonized
e0201_23ab287711,population,Population density,Population density (Person/km2),VN_SRC_SONLA,Son La,2016,annual,84.6,persons per km2,not_specified,E0201,https://www.nso.gov.vn/en/px-web?pxid=E0201&theme=Population%20and%20Employment,source_reported_unharmonized
e0201_23ab287711,population,Population density,Population density (Person/km2),VN_SRC_SONLA,Son La,2017,annual,85.91,persons per km2,not_specified,E0201,https://www.nso.gov.vn/en/px-web?pxid=E0201&theme=Population%20and%20Employment,source_reported_unharmonized
e0201_23ab287711,population,Population density,Population density (Person/km2),VN_SRC_SONLA,Son La,2018,annual,87.31,persons per km2,not_specified,E0201,https://www.nso.gov.vn/en/px-web?pxid=E0201&theme=Population%20and%20Employment,source_reported_unharmonized
e0201_23ab287711,population,Population density,Population density (Person/km2),VN_SRC_SONLA,Son La,2019,annual,89.0,persons per km2,not_specified,E0201,https://www.nso.gov.vn/en/px-web?pxid=E0201&theme=Population%20and%20Employment,source_reported_unharmonized
e0201_23ab287711,population,Population density,Population density (Person/km2),VN_SRC_SONLA,Son La,2020,annual,90.0,persons per km2,not_specified,E0201,https://www.nso.gov.vn/en/px-web?pxid=E0201&theme=Population%20and%20Employment,source_reported_unharmonized
e0201_23ab287711,population,Population density,Population density (Person/km2),VN_SRC_SONLA,Son La,2021,annual,91.0,persons per km2,not_specified,E0201,https://www.nso.gov.vn/en/px-web?pxid=E0201&theme=Population%20and%20Employment,source_reported_unharmonized
e0201_23ab287711,population,Population density,Population density (Person/km2),VN_SRC_SONLA,Son La,2022,annual,92.0,persons per km2,not_specified,E0201,https://www.nso.gov.vn/en/px-web?pxid=E0201&theme=Population%20and%20Employment,source_reported_unharmonized
e0201_23ab287711,population,Population density,Population density (Person/km2),VN_SRC_SONLA,Son La,2023,annual,93.08,persons per km2,not_specified,E0201,https://www.nso.gov.vn/en/px-web?pxid=E0201&theme=Population%20and%20Employment,source_reported_unharmonized
e0201_23ab287711,population,Population density,Population density (Person/km2),VN_SRC_SONLA,Son La,2024,annual,94.31,persons per km2,not_specified,E0201,https://www.nso.gov.vn/en/px-web?pxid=E0201&theme=Population%20and%20Employment,source_reported_unharmonized
e0201_23ab287711,population,Population density,Population density (Person/km2),VN_SRC_SONLA,Son La,2025,annual,95.0,persons per km2,not_specified,E0201,https://www.nso.gov.vn/en/px-web?pxid=E0201&theme=Population%20and%20Employment,source_reported_unharmonized
e0201_23ab287711,population,Population density,Population density (Person/km2),VN_SRC_HOABINH,Hoa Binh,2011,annual,174.06,persons per km2,not_specified,E0201,https://www.nso.gov.vn/en/px-web?pxid=E0201&theme=Population%20and%20Employment,source_reported_unharmonized
e0201_23ab287711,population,Population density,Population density (Person/km2),VN_SRC_HOABINH,Hoa Binh,2012,annual,175.41,persons per km2,not_specified,E0201,https://www.nso.gov.vn/en/px-web?pxid=E0201&theme=Population%20and%20Employment,source_reported_unharmonized
e0201_23ab287711,population,Population density,Population density (Person/km2),VN_SRC_HOABINH,Hoa Binh,2013,annual,176.35,persons per km2,not_specified,E0201,https://www.nso.gov.vn/en/px-web?pxid=E0201&theme=Population%20and%20Employment,source_reported_unharmonized
e0201_23ab287711,population,Population density,Population density (Person/km2),VN_SRC_HOABINH,Hoa Binh,2014,annual,177.84,persons per km2,not_specified,E0201,https://www.nso.gov.vn/en/px-web?pxid=E0201&theme=Population%20and%20Employment,source_reported_unharmonized
e0201_23ab287711,population,Population density,Population density (Person/km2),VN_SRC_HOABINH,Hoa Binh,2015,annual,179.79,persons per km2,not_specified,E0201,https://www.nso.gov.vn/en/px-web?pxid=E0201&theme=Population%20and%20Employment,source_reported_unharmonized
e0201_23ab287711,population,Population density,Population density (Person/km2),VN_SRC_HOABINH,Hoa Binh,2016,annual,182.33,persons per km2,not_specified,E0201,https://www.nso.gov.vn/en/px-web?pxid=E0201&theme=Population%20and%20Employment,source_reported_unharmonized
e0201_23ab287711,population,Population density,Population density (Person/km2),VN_SRC_HOABINH,Hoa Binh,2017,annual,184.07,persons per km2,not_specified,E0201,https://www.nso.gov.vn/en/px-web?pxid=E0201&theme=Population%20and%20Employment,source_reported_unharmonized
e0201_23ab287711,population,Population density,Population density (Person/km2),VN_SRC_HOABINH,Hoa Binh,2018,annual,185.25,persons per km2,not_specified,E0201,https://www.nso.gov.vn/en/px-web?pxid=E0201&theme=Population%20and%20Employment,source_reported_unharmonized
e0201_23ab287711,population,Population density,Population density (Person/km2),VN_SRC_HOABINH,Hoa Binh,2019,annual,186.0,persons per km2,not_specified,E0201,https://www.nso.gov.vn/en/px-web?pxid=E0201&theme=Population%20and%20Employment,source_reported_unharmonized
e0201_23ab287711,population,Population density,Population density (Person/km2),VN_SRC_HOABINH,Hoa Binh,2020,annual,188.0,persons per km2,not_specified,E0201,https://www.nso.gov.vn/en/px-web?pxid=E0201&theme=Population%20and%20Employment,source_reported_unharmonized
e0201_23ab287711,population,Population density,Population density (Person/km2),VN_SRC_HOABINH,Hoa Binh,2021,annual,190.0,persons per km2,not_specified,E0201,https://www.nso.gov.vn/en/px-web?pxid=E0201&theme=Population%20and%20Employment,source_reported_unharmonized
e0201_23ab287711,population,Population density,Population density (Person/km2),VN_SRC_HOABINH,Hoa Binh,2022,annual,191.0,persons per km2,not_specified,E0201,https://www.nso.gov.vn/en/px-web?pxid=E0201&theme=Population%20and%20Employment,source_reported_unharmonized
e0201_23ab287711,population,Population density,Population density (Person/km2),VN_SRC_HOABINH,Hoa Binh,2023,annual,191.81,persons per km2,not_specified,E0201,https://www.nso.gov.vn/en/px-web?pxid=E0201&theme=Population%20and%20Employment,source_reported_unharmonized
e0201_23ab287711,population,Population density,Population density (Person/km2),VN_SRC_HOABINH,Hoa Binh,2024,annual,194.85,persons per km2,not_specified,E0201,https://www.nso.gov.vn/en/px-web?pxid=E0201&theme=Population%20and%20Employment,source_reported_unharmonized
e0201_23ab287711,population,Population density,Population density (Person/km2),VN_SRC_HOABINH,Hoa Binh,2025,annual,197.0,persons per km2,not_specified,E0201,https://www.nso.gov.vn/en/px-web?pxid=E0201&theme=Population%20and%20Employment,source_reported_unharmonized
e0201_23ab287711,population,Population density,Population density (Person/km2),VN_SRC_THANHHOA,Thanh Hoa,2011,annual,307.91,persons per km2,not_specified,E0201,https://www.nso.gov.vn/en/px-web?pxid=E0201&theme=Population%20and%20Employment,source_reported_unharmonized
e0201_23ab287711,population,Population density,Population density (Person/km2),VN_SRC_THANHHOA,Thanh Hoa,2012,annual,309.86,persons per km2,not_specified,E0201,https://www.nso.gov.vn/en/px-web?pxid=E0201&theme=Population%20and%20Employment,source_reported_unharmonized
e0201_23ab287711,population,Population density,Population density (Person/km2),VN_SRC_THANHHOA,Thanh Hoa,2013,annual,313.08,persons per km2,not_specified,E0201,https://www.nso.gov.vn/en/px-web?pxid=E0201&theme=Population%20and%20Employment,source_reported_unharmonized
e0201_23ab287711,population,Population density,Population density (Person/km2),VN_SRC_THANHHOA,Thanh Hoa,2014,annual,315.12,persons per km2,not_specified,E0201,https://www.nso.gov.vn/en/px-web?pxid=E0201&theme=Population%20and%20Employment,source_reported_unharmonized
e0201_23ab287711,population,Population density,Population density (Person/km2),VN_SRC_THANHHOA,Thanh Hoa,2015,annual,317.8,persons per km2,not_specified,E0201,https://www.nso.gov.vn/en/px-web?pxid=E0201&theme=Population%20and%20Employment,source_reported_unharmonized
e0201_23ab287711,population,Population density,Population density (Person/km2),VN_SRC_THANHHOA,Thanh Hoa,2016,annual,321.27,persons per km2,not_specified,E0201,https://www.nso.gov.vn/en/px-web?pxid=E0201&theme=Population%20and%20Employment,source_reported_unharmonized
e0201_23ab287711,population,Population density,Population density (Person/km2),VN_SRC_THANHHOA,Thanh Hoa,2017,annual,324.23,persons per km2,not_specified,E0201,https://www.nso.gov.vn/en/px-web?pxid=E0201&theme=Population%20and%20Employment,source_reported_unharmonized
e0201_23ab287711,population,Population density,Population density (Person/km2),VN_SRC_THANHHOA,Thanh Hoa,2018,annual,326.71,persons per km2,not_specified,E0201,https://www.nso.gov.vn/en/px-web?pxid=E0201&theme=Population%20and%20Employment,source_reported_unharmonized
e0201_23ab287711,population,Population density,Population density (Person/km2),VN_SRC_THANHHOA,Thanh Hoa,2019,annual,328.0,persons per km2,not_specified,E0201,https://www.nso.gov.vn/en/px-web?pxid=E0201&theme=Population%20and%20Employment,source_reported_unharmonized
e0201_23ab287711,population,Population density,Population density (Person/km2),VN_SRC_THANHHOA,Thanh Hoa,2020,annual,330.0,persons per km2,not_specified,E0201,https://www.nso.gov.vn/en/px-web?pxid=E0201&theme=Population%20and%20Employment,source_reported_unharmonized
e0201_23ab287711,population,Population density,Population density (Person/km2),VN_SRC_THANHHOA,Thanh Hoa,2021,annual,334.0,persons per km2,not_specified,E0201,https://www.nso.gov.vn/en/px-web?pxid=E0201&theme=Population%20and%20Employment,source_reported_unharmonized
e0201_23ab287711,population,Population density,Population density (Person/km2),VN_SRC_THANHHOA,Thanh Hoa,2022,annual,335.0,persons per km2,not_specified,E0201,https://www.nso.gov.vn/en/px-web?pxid=E0201&theme=Population%20and%20Employment,source_reported_unharmonized
e0201_23ab287711,population,Population density,Population density (Person/km2),VN_SRC_THANHHOA,Thanh Hoa,2023,annual,336.44,persons per km2,not_specified,E0201,https://www.nso.gov.vn/en/px-web?pxid=E0201&theme=Population%20and%20Employment,source_reported_unharmonized
e0201_23ab287711,population,Population density,Population density (Person/km2),VN_SRC_THANHHOA,Thanh Hoa,2024,annual,338.67,persons per km2,not_specified,E0201,https://www.nso.gov.vn/en/px-web?pxid=E0201&theme=Population%20and%20Employment,source_reported_unharmonized
e0201_23ab287711,population,Population density,Population density (Person/km2),VN_SRC_THANHHOA,Thanh Hoa,2025,annual,339.0,persons per km2,not_specified,E0201,https://www.nso.gov.vn/en/px-web?pxid=E0201&theme=Population%20and%20Employment,source_reported_unharmonized
e0201_23ab287711,population,Population density,Population density (Person/km2),VN_SRC_NGHEAN,Nghe An,2011,annual,181.65,persons per km2,not_specified,E0201,https://www.nso.gov.vn/en/px-web?pxid=E0201&theme=Population%20and%20Employment,source_reported_unharmonized
e0201_23ab287711,population,Population density,Population density (Person/km2),VN_SRC_NGHEAN,Nghe An,2012,annual,184.1,persons per km2,not_specified,E0201,https://www.nso.gov.vn/en/px-web?pxid=E0201&theme=Population%20and%20Employment,source_reported_unharmonized
e0201_23ab287711,population,Population density,Population density (Person/km2),VN_SRC_NGHEAN,Nghe An,2013,annual,186.53,persons per km2,not_specified,E0201,https://www.nso.gov.vn/en/px-web?pxid=E0201&theme=Population%20and%20Employment,source_reported_unharmonized
e0201_23ab287711,population,Population density,Population density (Person/km2),VN_SRC_NGHEAN,Nghe An,2014,annual,188.98,persons per km2,not_specified,E0201,https://www.nso.gov.vn/en/px-web?pxid=E0201&theme=Population%20and%20Employment,source_reported_unharmonized
e0201_23ab287711,population,Population density,Population density (Person/km2),VN_SRC_NGHEAN,Nghe An,2015,annual,191.67,persons per km2,not_specified,E0201,https://www.nso.gov.vn/en/px-web?pxid=E0201&theme=Population%20and%20Employment,source_reported_unharmonized
e0201_23ab287711,population,Population density,Population density (Person/km2),VN_SRC_NGHEAN,Nghe An,2016,annual,194.34,persons per km2,not_specified,E0201,https://www.nso.gov.vn/en/px-web?pxid=E0201&theme=Population%20and%20Employment,source_reported_unharmonized
e0201_23ab287711,population,Population density,Population density (Person/km2),VN_SRC_NGHEAN,Nghe An,2017,annual,196.99,persons per km2,not_specified,E0201,https://www.nso.gov.vn/en/px-web?pxid=E0201&theme=Population%20and%20Employment,source_reported_unharmonized
e0201_23ab287711,population,Population density,Population density (Person/km2),VN_SRC_NGHEAN,Nghe An,2018,annual,199.7,persons per km2,not_specified,E0201,https://www.nso.gov.vn/en/px-web?pxid=E0201&theme=Population%20and%20Employment,source_reported_unharmonized
e0201_23ab287711,population,Population density,Population density (Person/km2),VN_SRC_NGHEAN,Nghe An,2019,annual,202.0,persons per km2,not_specified,E0201,https://www.nso.gov.vn/en/px-web?pxid=E0201&theme=Population%20and%20Employment,source_reported_unharmonized
e0201_23ab287711,population,Population density,Population density (Person/km2),VN_SRC_NGHEAN,Nghe An,2020,annual,204.0,persons per km2,not_specified,E0201,https://www.nso.gov.vn/en/px-web?pxid=E0201&theme=Population%20and%20Employment,source_reported_unharmonized
e0201_23ab287711,population,Population density,Population density (Person/km2),VN_SRC_NGHEAN,Nghe An,2021,annual,207.0,persons per km2,not_specified,E0201,https://www.nso.gov.vn/en/px-web?pxid=E0201&theme=Population%20and%20Employment,source_reported_unharmonized
e0201_23ab287711,population,Population density,Population density (Person/km2),VN_SRC_NGHEAN,Nghe An,2022,annual,207.0,persons per km2,not_specified,E0201,https://www.nso.gov.vn/en/px-web?pxid=E0201&theme=Population%20and%20Employment,source_reported_unharmonized
e0201_23ab287711,population,Population density,Population density (Person/km2),VN_SRC_NGHEAN,Nghe An,2023,annual,208.78,persons per km2,not_specified,E0201,https://www.nso.gov.vn/en/px-web?pxid=E0201&theme=Population%20and%20Employment,source_reported_unharmonized
e0201_23ab287711,population,Population density,Population density (Person/km2),VN_SRC_NGHEAN,Nghe An,2024,annual,210.61,persons per km2,not_specified,E0201,https://www.nso.gov.vn/en/px-web?pxid=E0201&theme=Population%20and%20Employment,source_reported_unharmonized
e0201_23ab287711,population,Population density,Population density (Person/km2),VN_SRC_NGHEAN,Nghe An,2025,annual,212.0,persons per km2,not_specified,E0201,https://www.nso.gov.vn/en/px-web?pxid=E0201&theme=Population%20and%20Employment,source_reported_unharmonized
e0201_23ab287711,population,Population density,Population density (Person/km2),VN_SRC_HATINH,Ha Tinh,2011,annual,206.21,persons per km2,not_specified,E0201,https://www.nso.gov.vn/en/px-web?pxid=E0201&theme=Population%20and%20Employment,source_reported_unharmonized
e0201_23ab287711,population,Population density,Population density (Person/km2),VN_SRC_HATINH,Ha Tinh,2012,annual,207.09,persons per km2,not_specified,E0201,https://www.nso.gov.vn/en/px-web?pxid=E0201&theme=Population%20and%20Employment,source_reported_unharmonized
e0201_23ab287711,population,Population density,Population density (Person/km2),VN_SRC_HATINH,Ha Tinh,2013,annual,208.02,persons per km2,not_specified,E0201,https://www.nso.gov.vn/en/px-web?pxid=E0201&theme=Population%20and%20Employment,source_reported_unharmonized
e0201_23ab287711,population,Population density,Population density (Person/km2),VN_SRC_HATINH,Ha Tinh,2014,annual,209.29,persons per km2,not_specified,E0201,https://www.nso.gov.vn/en/px-web?pxid=E0201&theme=Population%20and%20Employment,source_reported_unharmonized
e0201_23ab287711,population,Population density,Population density (Person/km2),VN_SRC_HATINH,Ha Tinh,2015,annual,210.29,persons per km2,not_specified,E0201,https://www.nso.gov.vn/en/px-web?pxid=E0201&theme=Population%20and%20Employment,source_reported_unharmonized
e0201_23ab287711,population,Population density,Population density (Person/km2),VN_SRC_HATINH,Ha Tinh,2016,annual,211.45,persons per km2,not_specified,E0201,https://www.nso.gov.vn/en/px-web?pxid=E0201&theme=Population%20and%20Employment,source_reported_unharmonized
e0201_23ab287711,population,Population density,Population density (Person/km2),VN_SRC_HATINH,Ha Tinh,2017,annual,212.7,persons per km2,not_specified,E0201,https://www.nso.gov.vn/en/px-web?pxid=E0201&theme=Population%20and%20Employment,source_reported_unharmonized
e0201_23ab287711,population,Population density,Population density (Person/km2),VN_SRC_HATINH,Ha Tinh,2018,annual,213.75,persons per km2,not_specified,E0201,https://www.nso.gov.vn/en/px-web?pxid=E0201&theme=Population%20and%20Employment,source_reported_unharmonized
e0201_23ab287711,population,Population density,Population density (Person/km2),VN_SRC_HATINH,Ha Tinh,2019,annual,215.0,persons per km2,not_specified,E0201,https://www.nso.gov.vn/en/px-web?pxid=E0201&theme=Population%20and%20Employment,source_reported_unharmonized
e0201_23ab287711,population,Population density,Population density (Person/km2),VN_SRC_HATINH,Ha Tinh,2020,annual,216.0,persons per km2,not_specified,E0201,https://www.nso.gov.vn/en/px-web?pxid=E0201&theme=Population%20and%20Employment,source_reported_unharmonized
e0201_23ab287711,population,Population density,Population density (Person/km2),VN_SRC_HATINH,Ha Tinh,2021,annual,219.0,persons per km2,not_specified,E0201,https://www.nso.gov.vn/en/px-web?pxid=E0201&theme=Population%20and%20Employment,source_reported_unharmonized
e0201_23ab287711,population,Population density,Population density (Person/km2),VN_SRC_HATINH,Ha Tinh,2022,annual,221.0,persons per km2,not_specified,E0201,https://www.nso.gov.vn/en/px-web?pxid=E0201&theme=Population%20and%20Employment,source_reported_unharmonized
e0201_23ab287711,population,Population density,Population density (Person/km2),VN_SRC_HATINH,Ha Tinh,2023,annual,220.83,persons per km2,not_specified,E0201,https://www.nso.gov.vn/en/px-web?pxid=E0201&theme=Population%20and%20Employment,source_reported_unharmonized
e0201_23ab287711,population,Population density,Population density (Person/km2),VN_SRC_HATINH,Ha Tinh,2024,annual,221.84,persons per km2,not_specified,E0201,https://www.nso.gov.vn/en/px-web?pxid=E0201&theme=Population%20and%20Employment,source_reported_unharmonized
e0201_23ab287711,population,Population density,Population density (Person/km2),VN_SRC_HATINH,Ha Tinh,2025,annual,223.0,persons per km2,not_specified,E0201,https://www.nso.gov.vn/en/px-web?pxid=E0201&theme=Population%20and%20Employment,source_reported_unharmonized
e0201_23ab287711,population,Population density,Population density (Person/km2),VN_SRC_QUANGBINH,Quang Binh,2011,annual,105.96,persons per km2,not_specified,E0201,https://www.nso.gov.vn/en/px-web?pxid=E0201&theme=Population%20and%20Employment,source_reported_unharmonized
e0201_23ab287711,population,Population density,Population density (Person/km2),VN_SRC_QUANGBINH,Quang Binh,2012,annual,106.6,persons per km2,not_specified,E0201,https://www.nso.gov.vn/en/px-web?pxid=E0201&theme=Population%20and%20Employment,source_reported_unharmonized
e0201_23ab287711,population,Population density,Population density (Person/km2),VN_SRC_QUANGBINH,Quang Binh,2013,annual,107.25,persons per km2,not_specified,E0201,https://www.nso.gov.vn/en/px-web?pxid=E0201&theme=Population%20and%20Employment,source_reported_unharmonized
e0201_23ab287711,population,Population density,Population density (Person/km2),VN_SRC_QUANGBINH,Quang Binh,2014,annual,107.93,persons per km2,not_specified,E0201,https://www.nso.gov.vn/en/px-web?pxid=E0201&theme=Population%20and%20Employment,source_reported_unharmonized
e0201_23ab287711,population,Population density,Population density (Person/km2),VN_SRC_QUANGBINH,Quang Binh,2015,annual,108.56,persons per km2,not_specified,E0201,https://www.nso.gov.vn/en/px-web?pxid=E0201&theme=Population%20and%20Employment,source_reported_unharmonized
e0201_23ab287711,population,Population density,Population density (Person/km2),VN_SRC_QUANGBINH,Quang Binh,2016,annual,110.07,persons per km2,not_specified,E0201,https://www.nso.gov.vn/en/px-web?pxid=E0201&theme=Population%20and%20Employment,source_reported_unharmonized
e0201_23ab287711,population,Population density,Population density (Person/km2),VN_SRC_QUANGBINH,Quang Binh,2017,annual,110.71,persons per km2,not_specified,E0201,https://www.nso.gov.vn/en/px-web?pxid=E0201&theme=Population%20and%20Employment,source_reported_unharmonized
e0201_23ab287711,population,Population density,Population density (Person/km2),VN_SRC_QUANGBINH,Quang Binh,2018,annual,111.39,persons per km2,not_specified,E0201,https://www.nso.gov.vn/en/px-web?pxid=E0201&theme=Population%20and%20Employment,source_reported_unharmonized
e0201_23ab287711,population,Population density,Population density (Person/km2),VN_SRC_QUANGBINH,Quang Binh,2019,annual,112.0,persons per km2,not_specified,E0201,https://www.nso.gov.vn/en/px-web?pxid=E0201&theme=Population%20and%20Employment,source_reported_unharmonized
e0201_23ab287711,population,Population density,Population density (Person/km2),VN_SRC_QUANGBINH,Quang Binh,2020,annual,113.0,persons per km2,not_specified,E0201,https://www.nso.gov.vn/en/px-web?pxid=E0201&theme=Population%20and%20Employment,source_reported_unharmonized
e0201_23ab287711,population,Population density,Population density (Person/km2),VN_SRC_QUANGBINH,Quang Binh,2021,annual,114.0,persons per km2,not_specified,E0201,https://www.nso.gov.vn/en/px-web?pxid=E0201&theme=Population%20and%20Employment,source_reported_unharmonized
e0201_23ab287711,population,Population density,Population density (Person/km2),VN_SRC_QUANGBINH,Quang Binh,2022,annual,114.0,persons per km2,not_specified,E0201,https://www.nso.gov.vn/en/px-web?pxid=E0201&theme=Population%20and%20Employment,source_reported_unharmonized
e0201_23ab287711,population,Population density,Population density (Person/km2),VN_SRC_QUANGBINH,Quang Binh,2023,annual,114.85,persons per km2,not_specified,E0201,https://www.nso.gov.vn/en/px-web?pxid=E0201&theme=Population%20and%20Employment,source_reported_unharmonized
e0201_23ab287711,population,Population density,Population density (Person/km2),VN_SRC_QUANGBINH,Quang Binh,2024,annual,115.61,persons per km2,not_specified,E0201,https://www.nso.gov.vn/en/px-web?pxid=E0201&theme=Population%20and%20Employment,source_reported_unharmonized
e0201_23ab287711,population,Population density,Population density (Person/km2),VN_SRC_QUANGBINH,Quang Binh,2025,annual,117.0,persons per km2,not_specified,E0201,https://www.nso.gov.vn/en/px-web?pxid=E0201&theme=Population%20and%20Employment,source_reported_unharmonized
e0201_23ab287711,population,Population density,Population density (Person/km2),VN_SRC_QUANGTRI,Quang Tri,2011,annual,127.58,persons per km2,not_specified,E0201,https://www.nso.gov.vn/en/px-web?pxid=E0201&theme=Population%20and%20Employment,source_reported_unharmonized
e0201_23ab287711,population,Population density,Population density (Person/km2),VN_SRC_QUANGTRI,Quang Tri,2012,annual,128.23,persons per km2,not_specified,E0201,https://www.nso.gov.vn/en/px-web?pxid=E0201&theme=Population%20and%20Employment,source_reported_unharmonized
e0201_23ab287711,population,Population density,Population density (Person/km2),VN_SRC_QUANGTRI,Quang Tri,2013,annual,128.91,persons per km2,not_specified,E0201,https://www.nso.gov.vn/en/px-web?pxid=E0201&theme=Population%20and%20Employment,source_reported_unharmonized
e0201_23ab287711,population,Population density,Population density (Person/km2),VN_SRC_QUANGTRI,Quang Tri,2014,annual,129.62,persons per km2,not_specified,E0201,https://www.nso.gov.vn/en/px-web?pxid=E0201&theme=Population%20and%20Employment,source_reported_unharmonized
e0201_23ab287711,population,Population density,Population density (Person/km2),VN_SRC_QUANGTRI,Quang Tri,2015,annual,130.36,persons per km2,not_specified,E0201,https://www.nso.gov.vn/en/px-web?pxid=E0201&theme=Population%20and%20Employment,source_reported_unharmonized
e0201_23ab287711,population,Population density,Population density (Person/km2),VN_SRC_QUANGTRI,Quang Tri,2016,annual,134.49,persons per km2,not_specified,E0201,https://www.nso.gov.vn/en/px-web?pxid=E0201&theme=Population%20and%20Employment,source_reported_unharmonized
e0201_23ab287711,population,Population density,Population density (Person/km2),VN_SRC_QUANGTRI,Quang Tri,2017,annual,135.32,persons per km2,not_specified,E0201,https://www.nso.gov.vn/en/px-web?pxid=E0201&theme=Population%20and%20Employment,source_reported_unharmonized
e0201_23ab287711,population,Population density,Population density (Person/km2),VN_SRC_QUANGTRI,Quang Tri,2018,annual,136.25,persons per km2,not_specified,E0201,https://www.nso.gov.vn/en/px-web?pxid=E0201&theme=Population%20and%20Employment,source_reported_unharmonized
e0201_23ab287711,population,Population density,Population density (Person/km2),VN_SRC_QUANGTRI,Quang Tri,2019,annual,137.0,persons per km2,not_specified,E0201,https://www.nso.gov.vn/en/px-web?pxid=E0201&theme=Population%20and%20Employment,source_reported_unharmonized
e0201_23ab287711,population,Population density,Population density (Person/km2),VN_SRC_QUANGTRI,Quang Tri,2020,annual,138.0,persons per km2,not_specified,E0201,https://www.nso.gov.vn/en/px-web?pxid=E0201&theme=Population%20and%20Employment,source_reported_unharmonized
e0201_23ab287711,population,Population density,Population density (Person/km2),VN_SRC_QUANGTRI,Quang Tri,2021,annual,138.0,persons per km2,not_specified,E0201,https://www.nso.gov.vn/en/px-web?pxid=E0201&theme=Population%20and%20Employment,source_reported_unharmonized
e0201_23ab287711,population,Population density,Population density (Person/km2),VN_SRC_QUANGTRI,Quang Tri,2022,annual,138.0,persons per km2,not_specified,E0201,https://www.nso.gov.vn/en/px-web?pxid=E0201&theme=Population%20and%20Employment,source_reported_unharmonized
e0201_23ab287711,population,Population density,Population density (Person/km2),VN_SRC_QUANGTRI,Quang Tri,2023,annual,139.15,persons per km2,not_specified,E0201,https://www.nso.gov.vn/en/px-web?pxid=E0201&theme=Population%20and%20Employment,source_reported_unharmonized
e0201_23ab287711,population,Population density,Population density (Person/km2),VN_SRC_QUANGTRI,Quang Tri,2024,annual,140.22,persons per km2,not_specified,E0201,https://www.nso.gov.vn/en/px-web?pxid=E0201&theme=Population%20and%20Employment,source_reported_unharmonized
e0201_23ab287711,population,Population density,Population density (Person/km2),VN_SRC_QUANGTRI,Quang Tri,2025,annual,141.0,persons per km2,not_specified,E0201,https://www.nso.gov.vn/en/px-web?pxid=E0201&theme=Population%20and%20Employment,source_reported_unharmonized
e0201_23ab287711,population,Population density,Population density (Person/km2),VN_SRC_THUATHIENHUE,Thua Thien-Hue,2011,annual,218.7,persons per km2,not_specified,E0201,https://www.nso.gov.vn/en/px-web?pxid=E0201&theme=Population%20and%20Employment,source_reported_unharmonized
e0201_23ab287711,population,Population density,Population density (Person/km2),VN_SRC_THUATHIENHUE,Thua Thien-Hue,2012,annual,219.7,persons per km2,not_specified,E0201,https://www.nso.gov.vn/en/px-web?pxid=E0201&theme=Population%20and%20Employment,source_reported_unharmonized
e0201_23ab287711,population,Population density,Population density (Person/km2),VN_SRC_THUATHIENHUE,Thua Thien-Hue,2013,annual,220.5,persons per km2,not_specified,E0201,https://www.nso.gov.vn/en/px-web?pxid=E0201&theme=Population%20and%20Employment,source_reported_unharmonized
e0201_23ab287711,population,Population density,Population density (Person/km2),VN_SRC_THUATHIENHUE,Thua Thien-Hue,2014,annual,220.85,persons per km2,not_specified,E0201,https://www.nso.gov.vn/en/px-web?pxid=E0201&theme=Population%20and%20Employment,source_reported_unharmonized
e0201_23ab287711,population,Population density,Population density (Person/km2),VN_SRC_THUATHIENHUE,Thua Thien-Hue,2015,annual,221.47,persons per km2,not_specified,E0201,https://www.nso.gov.vn/en/px-web?pxid=E0201&theme=Population%20and%20Employment,source_reported_unharmonized
e0201_23ab287711,population,Population density,Population density (Person/km2),VN_SRC_THUATHIENHUE,Thua Thien-Hue,2016,annual,228.05,persons per km2,not_specified,E0201,https://www.nso.gov.vn/en/px-web?pxid=E0201&theme=Population%20and%20Employment,source_reported_unharmonized
e0201_23ab287711,population,Population density,Population density (Person/km2),VN_SRC_THUATHIENHUE,Thua Thien-Hue,2017,annual,229.15,persons per km2,not_specified,E0201,https://www.nso.gov.vn/en/px-web?pxid=E0201&theme=Population%20and%20Employment,source_reported_unharmonized
e0201_23ab287711,population,Population density,Population density (Person/km2),VN_SRC_THUATHIENHUE,Thua Thien-Hue,2018,annual,229.56,persons per km2,not_specified,E0201,https://www.nso.gov.vn/en/px-web?pxid=E0201&theme=Population%20and%20Employment,source_reported_unharmonized
e0201_23ab287711,population,Population density,Population density (Person/km2),VN_SRC_THUATHIENHUE,Thua Thien-Hue,2019,annual,230.0,persons per km2,not_specified,E0201,https://www.nso.gov.vn/en/px-web?pxid=E0201&theme=Population%20and%20Employment,source_reported_unharmonized
e0201_23ab287711,population,Population density,Population density (Person/km2),VN_SRC_THUATHIENHUE,Thua Thien-Hue,2020,annual,231.0,persons per km2,not_specified,E0201,https://www.nso.gov.vn/en/px-web?pxid=E0201&theme=Population%20and%20Employment,source_reported_unharmonized
e0201_23ab287711,population,Population density,Population density (Person/km2),VN_SRC_THUATHIENHUE,Thua Thien-Hue,2021,annual,233.0,persons per km2,not_specified,E0201,https://www.nso.gov.vn/en/px-web?pxid=E0201&theme=Population%20and%20Employment,source_reported_unharmonized
e0201_23ab287711,population,Population density,Population density (Person/km2),VN_SRC_THUATHIENHUE,Thua Thien-Hue,2022,annual,235.0,persons per km2,not_specified,E0201,https://www.nso.gov.vn/en/px-web?pxid=E0201&theme=Population%20and%20Employment,source_reported_unharmonized
e0201_23ab287711,population,Population density,Population density (Person/km2),VN_SRC_THUATHIENHUE,Thua Thien-Hue,2023,annual,235.8,persons per km2,not_specified,E0201,https://www.nso.gov.vn/en/px-web?pxid=E0201&theme=Population%20and%20Employment,source_reported_unharmonized
e0201_23ab287711,population,Population density,Population density (Person/km2),VN_SRC_THUATHIENHUE,Thua Thien-Hue,2024,annual,238.23,persons per km2,not_specified,E0201,https://www.nso.gov.vn/en/px-web?pxid=E0201&theme=Population%20and%20Employment,source_reported_unharmonized
e0201_23ab287711,population,Population density,Population density (Person/km2),VN_SRC_THUATHIENHUE,Thua Thien-Hue,2025,annual,241.0,persons per km2,not_specified,E0201,https://www.nso.gov.vn/en/px-web?pxid=E0201&theme=Population%20and%20Employment,source_reported_unharmonized
e0201_23ab287711,population,Population density,Population density (Person/km2),VN_SRC_DANANG,Da Nang,2011,annual,753.58,persons per km2,not_specified,E0201,https://www.nso.gov.vn/en/px-web?pxid=E0201&theme=Population%20and%20Employment,source_reported_unharmonized
e0201_23ab287711,population,Population density,Population density (Person/km2),VN_SRC_DANANG,Da Nang,2012,annual,775.08,persons per km2,not_specified,E0201,https://www.nso.gov.vn/en/px-web?pxid=E0201&theme=Population%20and%20Employment,source_reported_unharmonized
e0201_23ab287711,population,Population density,Population density (Person/km2),VN_SRC_DANANG,Da Nang,2013,annual,791.45,persons per km2,not_specified,E0201,https://www.nso.gov.vn/en/px-web?pxid=E0201&theme=Population%20and%20Employment,source_reported_unharmonized
e0201_23ab287711,population,Population density,Population density (Person/km2),VN_SRC_DANANG,Da Nang,2014,annual,804.37,persons per km2,not_specified,E0201,https://www.nso.gov.vn/en/px-web?pxid=E0201&theme=Population%20and%20Employment,source_reported_unharmonized
e0201_23ab287711,population,Population density,Population density (Person/km2),VN_SRC_DANANG,Da Nang,2015,annual,821.77,persons per km2,not_specified,E0201,https://www.nso.gov.vn/en/px-web?pxid=E0201&theme=Population%20and%20Employment,source_reported_unharmonized
e0201_23ab287711,population,Population density,Population density (Person/km2),VN_SRC_DANANG,Da Nang,2016,annual,840.9,persons per km2,not_specified,E0201,https://www.nso.gov.vn/en/px-web?pxid=E0201&theme=Population%20and%20Employment,source_reported_unharmonized
e0201_23ab287711,population,Population density,Population density (Person/km2),VN_SRC_DANANG,Da Nang,2017,annual,854.39,persons per km2,not_specified,E0201,https://www.nso.gov.vn/en/px-web?pxid=E0201&theme=Population%20and%20Employment,source_reported_unharmonized
e0201_23ab287711,population,Population density,Population density (Person/km2),VN_SRC_DANANG,Da Nang,2018,annual,867.3,persons per km2,not_specified,E0201,https://www.nso.gov.vn/en/px-web?pxid=E0201&theme=Population%20and%20Employment,source_reported_unharmonized
e0201_23ab287711,population,Population density,Population density (Person/km2),VN_SRC_DANANG,Da Nang,2019,annual,888.0,persons per km2,not_specified,E0201,https://www.nso.gov.vn/en/px-web?pxid=E0201&theme=Population%20and%20Employment,source_reported_unharmonized
e0201_23ab287711,population,Population density,Population density (Person/km2),VN_SRC_DANANG,Da Nang,2020,annual,910.0,persons per km2,not_specified,E0201,https://www.nso.gov.vn/en/px-web?pxid=E0201&theme=Population%20and%20Employment,source_reported_unharmonized
e0201_23ab287711,population,Population density,Population density (Person/km2),VN_SRC_DANANG,Da Nang,2021,annual,931.0,persons per km2,not_specified,E0201,https://www.nso.gov.vn/en/px-web?pxid=E0201&theme=Population%20and%20Employment,source_reported_unharmonized
e0201_23ab287711,population,Population density,Population density (Person/km2),VN_SRC_DANANG,Da Nang,2022,annual,950.0,persons per km2,not_specified,E0201,https://www.nso.gov.vn/en/px-web?pxid=E0201&theme=Population%20and%20Employment,source_reported_unharmonized
e0201_23ab287711,population,Population density,Population density (Person/km2),VN_SRC_DANANG,Da Nang,2023,annual,969.24,persons per km2,not_specified,E0201,https://www.nso.gov.vn/en/px-web?pxid=E0201&theme=Population%20and%20Employment,source_reported_unharmonized
e0201_23ab287711,population,Population density,Population density (Person/km2),VN_SRC_DANANG,Da Nang,2024,annual,993.21,persons per km2,not_specified,E0201,https://www.nso.gov.vn/en/px-web?pxid=E0201&theme=Population%20and%20Employment,source_reported_unharmonized
e0201_23ab287711,population,Population density,Population density (Person/km2),VN_SRC_DANANG,Da Nang,2025,annual,1016.0,persons per km2,not_specified,E0201,https://www.nso.gov.vn/en/px-web?pxid=E0201&theme=Population%20and%20Employment,source_reported_unharmonized
e0201_23ab287711,population,Population density,Population density (Person/km2),VN_SRC_QUANGNAM,Quang Nam,2011,annual,137.65,persons per km2,not_specified,E0201,https://www.nso.gov.vn/en/px-web?pxid=E0201&theme=Population%20and%20Employment,source_reported_unharmonized
e0201_23ab287711,population,Population density,Population density (Person/km2),VN_SRC_QUANGNAM,Quang Nam,2012,annual,138.33,persons per km2,not_specified,E0201,https://www.nso.gov.vn/en/px-web?pxid=E0201&theme=Population%20and%20Employment,source_reported_unharmonized
e0201_23ab287711,population,Population density,Population density (Person/km2),VN_SRC_QUANGNAM,Quang Nam,2013,annual,139.04,persons per km2,not_specified,E0201,https://www.nso.gov.vn/en/px-web?pxid=E0201&theme=Population%20and%20Employment,source_reported_unharmonized
e0201_23ab287711,population,Population density,Population density (Person/km2),VN_SRC_QUANGNAM,Quang Nam,2014,annual,139.85,persons per km2,not_specified,E0201,https://www.nso.gov.vn/en/px-web?pxid=E0201&theme=Population%20and%20Employment,source_reported_unharmonized
e0201_23ab287711,population,Population density,Population density (Person/km2),VN_SRC_QUANGNAM,Quang Nam,2015,annual,140.65,persons per km2,not_specified,E0201,https://www.nso.gov.vn/en/px-web?pxid=E0201&theme=Population%20and%20Employment,source_reported_unharmonized
e0201_23ab287711,population,Population density,Population density (Person/km2),VN_SRC_QUANGNAM,Quang Nam,2016,annual,139.55,persons per km2,not_specified,E0201,https://www.nso.gov.vn/en/px-web?pxid=E0201&theme=Population%20and%20Employment,source_reported_unharmonized
e0201_23ab287711,population,Population density,Population density (Person/km2),VN_SRC_QUANGNAM,Quang Nam,2017,annual,140.27,persons per km2,not_specified,E0201,https://www.nso.gov.vn/en/px-web?pxid=E0201&theme=Population%20and%20Employment,source_reported_unharmonized
e0201_23ab287711,population,Population density,Population density (Person/km2),VN_SRC_QUANGNAM,Quang Nam,2018,annual,140.98,persons per km2,not_specified,E0201,https://www.nso.gov.vn/en/px-web?pxid=E0201&theme=Population%20and%20Employment,source_reported_unharmonized
e0201_23ab287711,population,Population density,Population density (Person/km2),VN_SRC_QUANGNAM,Quang Nam,2019,annual,142.0,persons per km2,not_specified,E0201,https://www.nso.gov.vn/en/px-web?pxid=E0201&theme=Population%20and%20Employment,source_reported_unharmonized
e0201_23ab287711,population,Population density,Population density (Person/km2),VN_SRC_QUANGNAM,Quang Nam,2020,annual,142.0,persons per km2,not_specified,E0201,https://www.nso.gov.vn/en/px-web?pxid=E0201&theme=Population%20and%20Employment,source_reported_unharmonized
e0201_23ab287711,population,Population density,Population density (Person/km2),VN_SRC_QUANGNAM,Quang Nam,2021,annual,144.0,persons per km2,not_specified,E0201,https://www.nso.gov.vn/en/px-web?pxid=E0201&theme=Population%20and%20Employment,source_reported_unharmonized
e0201_23ab287711,population,Population density,Population density (Person/km2),VN_SRC_QUANGNAM,Quang Nam,2022,annual,144.0,persons per km2,not_specified,E0201,https://www.nso.gov.vn/en/px-web?pxid=E0201&theme=Population%20and%20Employment,source_reported_unharmonized
e0201_23ab287711,population,Population density,Population density (Person/km2),VN_SRC_QUANGNAM,Quang Nam,2023,annual,144.31,persons per km2,not_specified,E0201,https://www.nso.gov.vn/en/px-web?pxid=E0201&theme=Population%20and%20Employment,source_reported_unharmonized
e0201_23ab287711,population,Population density,Population density (Person/km2),VN_SRC_QUANGNAM,Quang Nam,2024,annual,146.0,persons per km2,not_specified,E0201,https://www.nso.gov.vn/en/px-web?pxid=E0201&theme=Population%20and%20Employment,source_reported_unharmonized
e0201_23ab287711,population,Population density,Population density (Person/km2),VN_SRC_QUANGNAM,Quang Nam,2025,annual,147.0,persons per km2,not_specified,E0201,https://www.nso.gov.vn/en/px-web?pxid=E0201&theme=Population%20and%20Employment,source_reported_unharmonized
e0201_23ab287711,population,Population density,Population density (Person/km2),VN_SRC_QUANGNGAI,Quang Ngai,2011,annual,236.78,persons per km2,not_specified,E0201,https://www.nso.gov.vn/en/px-web?pxid=E0201&theme=Population%20and%20Employment,source_reported_unharmonized
e0201_23ab287711,population,Population density,Population density (Person/km2),VN_SRC_QUANGNGAI,Quang Ngai,2012,annual,237.11,persons per km2,not_specified,E0201,https://www.nso.gov.vn/en/px-web?pxid=E0201&theme=Population%20and%20Employment,source_reported_unharmonized
e0201_23ab287711,population,Population density,Population density (Person/km2),VN_SRC_QUANGNGAI,Quang Ngai,2013,annual,237.39,persons per km2,not_specified,E0201,https://www.nso.gov.vn/en/px-web?pxid=E0201&theme=Population%20and%20Employment,source_reported_unharmonized
e0201_23ab287711,population,Population density,Population density (Person/km2),VN_SRC_QUANGNGAI,Quang Ngai,2014,annual,237.65,persons per km2,not_specified,E0201,https://www.nso.gov.vn/en/px-web?pxid=E0201&theme=Population%20and%20Employment,source_reported_unharmonized
e0201_23ab287711,population,Population density,Population density (Person/km2),VN_SRC_QUANGNGAI,Quang Ngai,2015,annual,237.97,persons per km2,not_specified,E0201,https://www.nso.gov.vn/en/px-web?pxid=E0201&theme=Population%20and%20Employment,source_reported_unharmonized
e0201_23ab287711,population,Population density,Population density (Person/km2),VN_SRC_QUANGNGAI,Quang Ngai,2016,annual,238.24,persons per km2,not_specified,E0201,https://www.nso.gov.vn/en/px-web?pxid=E0201&theme=Population%20and%20Employment,source_reported_unharmonized
e0201_23ab287711,population,Population density,Population density (Person/km2),VN_SRC_QUANGNGAI,Quang Ngai,2017,annual,238.51,persons per km2,not_specified,E0201,https://www.nso.gov.vn/en/px-web?pxid=E0201&theme=Population%20and%20Employment,source_reported_unharmonized
e0201_23ab287711,population,Population density,Population density (Person/km2),VN_SRC_QUANGNGAI,Quang Ngai,2018,annual,238.66,persons per km2,not_specified,E0201,https://www.nso.gov.vn/en/px-web?pxid=E0201&theme=Population%20and%20Employment,source_reported_unharmonized
e0201_23ab287711,population,Population density,Population density (Person/km2),VN_SRC_QUANGNGAI,Quang Ngai,2019,annual,239.0,persons per km2,not_specified,E0201,https://www.nso.gov.vn/en/px-web?pxid=E0201&theme=Population%20and%20Employment,source_reported_unharmonized
e0201_23ab287711,population,Population density,Population density (Person/km2),VN_SRC_QUANGNGAI,Quang Ngai,2020,annual,239.0,persons per km2,not_specified,E0201,https://www.nso.gov.vn/en/px-web?pxid=E0201&theme=Population%20and%20Employment,source_reported_unharmonized
e0201_23ab287711,population,Population density,Population density (Person/km2),VN_SRC_QUANGNGAI,Quang Ngai,2021,annual,241.0,persons per km2,not_specified,E0201,https://www.nso.gov.vn/en/px-web?pxid=E0201&theme=Population%20and%20Employment,source_reported_unharmonized
e0201_23ab287711,population,Population density,Population density (Person/km2),VN_SRC_QUANGNGAI,Quang Ngai,2022,annual,242.0,persons per km2,not_specified,E0201,https://www.nso.gov.vn/en/px-web?pxid=E0201&theme=Population%20and%20Employment,source_reported_unharmonized
e0201_23ab287711,population,Population density,Population density (Person/km2),VN_SRC_QUANGNGAI,Quang Ngai,2023,annual,242.11,persons per km2,not_specified,E0201,https://www.nso.gov.vn/en/px-web?pxid=E0201&theme=Population%20and%20Employment,source_reported_unharmonized
e0201_23ab287711,population,Population density,Population density (Person/km2),VN_SRC_QUANGNGAI,Quang Ngai,2024,annual,244.39,persons per km2,not_specified,E0201,https://www.nso.gov.vn/en/px-web?pxid=E0201&theme=Population%20and%20Employment,source_reported_unharmonized
e0201_23ab287711,population,Population density,Population density (Person/km2),VN_SRC_QUANGNGAI,Quang Ngai,2025,annual,246.0,persons per km2,not_specified,E0201,https://www.nso.gov.vn/en/px-web?pxid=E0201&theme=Population%20and%20Employment,source_reported_unharmonized
e0201_23ab287711,population,Population density,Population density (Person/km2),VN_SRC_BINHDINH,Binh Dinh,2011,annual,245.84,persons per km2,not_specified,E0201,https://www.nso.gov.vn/en/px-web?pxid=E0201&theme=Population%20and%20Employment,source_reported_unharmonized
e0201_23ab287711,population,Population density,Population density (Person/km2),VN_SRC_BINHDINH,Binh Dinh,2012,annual,245.84,persons per km2,not_specified,E0201,https://www.nso.gov.vn/en/px-web?pxid=E0201&theme=Population%20and%20Employment,source_reported_unharmonized
e0201_23ab287711,population,Population density,Population density (Person/km2),VN_SRC_BINHDINH,Binh Dinh,2013,annual,245.85,persons per km2,not_specified,E0201,https://www.nso.gov.vn/en/px-web?pxid=E0201&theme=Population%20and%20Employment,source_reported_unharmonized
e0201_23ab287711,population,Population density,Population density (Person/km2),VN_SRC_BINHDINH,Binh Dinh,2014,annual,245.86,persons per km2,not_specified,E0201,https://www.nso.gov.vn/en/px-web?pxid=E0201&theme=Population%20and%20Employment,source_reported_unharmonized
e0201_23ab287711,population,Population density,Population density (Person/km2),VN_SRC_BINHDINH,Binh Dinh,2015,annual,245.86,persons per km2,not_specified,E0201,https://www.nso.gov.vn/en/px-web?pxid=E0201&theme=Population%20and%20Employment,source_reported_unharmonized
e0201_23ab287711,population,Population density,Population density (Person/km2),VN_SRC_BINHDINH,Binh Dinh,2016,annual,245.25,persons per km2,not_specified,E0201,https://www.nso.gov.vn/en/px-web?pxid=E0201&theme=Population%20and%20Employment,source_reported_unharmonized
e0201_23ab287711,population,Population density,Population density (Person/km2),VN_SRC_BINHDINH,Binh Dinh,2017,annual,245.24,persons per km2,not_specified,E0201,https://www.nso.gov.vn/en/px-web?pxid=E0201&theme=Population%20and%20Employment,source_reported_unharmonized
e0201_23ab287711,population,Population density,Population density (Person/km2),VN_SRC_BINHDINH,Binh Dinh,2018,annual,245.26,persons per km2,not_specified,E0201,https://www.nso.gov.vn/en/px-web?pxid=E0201&theme=Population%20and%20Employment,source_reported_unharmonized
e0201_23ab287711,population,Population density,Population density (Person/km2),VN_SRC_BINHDINH,Binh Dinh,2019,annual,245.0,persons per km2,not_specified,E0201,https://www.nso.gov.vn/en/px-web?pxid=E0201&theme=Population%20and%20Employment,source_reported_unharmonized
e0201_23ab287711,population,Population density,Population density (Person/km2),VN_SRC_BINHDINH,Binh Dinh,2020,annual,245.0,persons per km2,not_specified,E0201,https://www.nso.gov.vn/en/px-web?pxid=E0201&theme=Population%20and%20Employment,source_reported_unharmonized
e0201_23ab287711,population,Population density,Population density (Person/km2),VN_SRC_BINHDINH,Binh Dinh,2021,annual,249.0,persons per km2,not_specified,E0201,https://www.nso.gov.vn/en/px-web?pxid=E0201&theme=Population%20and%20Employment,source_reported_unharmonized
e0201_23ab287711,population,Population density,Population density (Person/km2),VN_SRC_BINHDINH,Binh Dinh,2022,annual,248.0,persons per km2,not_specified,E0201,https://www.nso.gov.vn/en/px-web?pxid=E0201&theme=Population%20and%20Employment,source_reported_unharmonized
e0201_23ab287711,population,Population density,Population density (Person/km2),VN_SRC_BINHDINH,Binh Dinh,2023,annual,248.31,persons per km2,not_specified,E0201,https://www.nso.gov.vn/en/px-web?pxid=E0201&theme=Population%20and%20Employment,source_reported_unharmonized
e0201_23ab287711,population,Population density,Population density (Person/km2),VN_SRC_BINHDINH,Binh Dinh,2024,annual,250.31,persons per km2,not_specified,E0201,https://www.nso.gov.vn/en/px-web?pxid=E0201&theme=Population%20and%20Employment,source_reported_unharmonized
e0201_23ab287711,population,Population density,Population density (Person/km2),VN_SRC_BINHDINH,Binh Dinh,2025,annual,252.0,persons per km2,not_specified,E0201,https://www.nso.gov.vn/en/px-web?pxid=E0201&theme=Population%20and%20Employment,source_reported_unharmonized
e0201_23ab287711,population,Population density,Population density (Person/km2),VN_SRC_PHUYEN,Phu Yen,2011,annual,170.72,persons per km2,not_specified,E0201,https://www.nso.gov.vn/en/px-web?pxid=E0201&theme=Population%20and%20Employment,source_reported_unharmonized
e0201_23ab287711,population,Population density,Population density (Person/km2),VN_SRC_PHUYEN,Phu Yen,2012,annual,170.9,persons per km2,not_specified,E0201,https://www.nso.gov.vn/en/px-web?pxid=E0201&theme=Population%20and%20Employment,source_reported_unharmonized
e0201_23ab287711,population,Population density,Population density (Person/km2),VN_SRC_PHUYEN,Phu Yen,2013,annual,170.99,persons per km2,not_specified,E0201,https://www.nso.gov.vn/en/px-web?pxid=E0201&theme=Population%20and%20Employment,source_reported_unharmonized
e0201_23ab287711,population,Population density,Population density (Person/km2),VN_SRC_PHUYEN,Phu Yen,2014,annual,171.06,persons per km2,not_specified,E0201,https://www.nso.gov.vn/en/px-web?pxid=E0201&theme=Population%20and%20Employment,source_reported_unharmonized
e0201_23ab287711,population,Population density,Population density (Person/km2),VN_SRC_PHUYEN,Phu Yen,2015,annual,171.17,persons per km2,not_specified,E0201,https://www.nso.gov.vn/en/px-web?pxid=E0201&theme=Population%20and%20Employment,source_reported_unharmonized
e0201_23ab287711,population,Population density,Population density (Person/km2),VN_SRC_PHUYEN,Phu Yen,2016,annual,172.83,persons per km2,not_specified,E0201,https://www.nso.gov.vn/en/px-web?pxid=E0201&theme=Population%20and%20Employment,source_reported_unharmonized
e0201_23ab287711,population,Population density,Population density (Person/km2),VN_SRC_PHUYEN,Phu Yen,2017,annual,173.19,persons per km2,not_specified,E0201,https://www.nso.gov.vn/en/px-web?pxid=E0201&theme=Population%20and%20Employment,source_reported_unharmonized
e0201_23ab287711,population,Population density,Population density (Person/km2),VN_SRC_PHUYEN,Phu Yen,2018,annual,173.49,persons per km2,not_specified,E0201,https://www.nso.gov.vn/en/px-web?pxid=E0201&theme=Population%20and%20Employment,source_reported_unharmonized
e0201_23ab287711,population,Population density,Population density (Person/km2),VN_SRC_PHUYEN,Phu Yen,2019,annual,174.0,persons per km2,not_specified,E0201,https://www.nso.gov.vn/en/px-web?pxid=E0201&theme=Population%20and%20Employment,source_reported_unharmonized
e0201_23ab287711,population,Population density,Population density (Person/km2),VN_SRC_PHUYEN,Phu Yen,2020,annual,174.0,persons per km2,not_specified,E0201,https://www.nso.gov.vn/en/px-web?pxid=E0201&theme=Population%20and%20Employment,source_reported_unharmonized
e0201_23ab287711,population,Population density,Population density (Person/km2),VN_SRC_PHUYEN,Phu Yen,2021,annual,174.0,persons per km2,not_specified,E0201,https://www.nso.gov.vn/en/px-web?pxid=E0201&theme=Population%20and%20Employment,source_reported_unharmonized
e0201_23ab287711,population,Population density,Population density (Person/km2),VN_SRC_PHUYEN,Phu Yen,2022,annual,174.0,persons per km2,not_specified,E0201,https://www.nso.gov.vn/en/px-web?pxid=E0201&theme=Population%20and%20Employment,source_reported_unharmonized
e0201_23ab287711,population,Population density,Population density (Person/km2),VN_SRC_PHUYEN,Phu Yen,2023,annual,174.63,persons per km2,not_specified,E0201,https://www.nso.gov.vn/en/px-web?pxid=E0201&theme=Population%20and%20Employment,source_reported_unharmonized
e0201_23ab287711,population,Population density,Population density (Person/km2),VN_SRC_PHUYEN,Phu Yen,2024,annual,176.12,persons per km2,not_specified,E0201,https://www.nso.gov.vn/en/px-web?pxid=E0201&theme=Population%20and%20Employment,source_reported_unharmonized
e0201_23ab287711,population,Population density,Population density (Person/km2),VN_SRC_PHUYEN,Phu Yen,2025,annual,177.0,persons per km2,not_specified,E0201,https://www.nso.gov.vn/en/px-web?pxid=E0201&theme=Population%20and%20Employment,source_reported_unharmonized
e0201_23ab287711,population,Population density,Population density (Person/km2),VN_SRC_KHANHHOA,Khanh Hoa,2011,annual,224.28,persons per km2,not_specified,E0201,https://www.nso.gov.vn/en/px-web?pxid=E0201&theme=Population%20and%20Employment,source_reported_unharmonized
e0201_23ab287711,population,Population density,Population density (Person/km2),VN_SRC_KHANHHOA,Khanh Hoa,2012,annual,225.69,persons per km2,not_specified,E0201,https://www.nso.gov.vn/en/px-web?pxid=E0201&theme=Population%20and%20Employment,source_reported_unharmonized
e0201_23ab287711,population,Population density,Population density (Person/km2),VN_SRC_KHANHHOA,Khanh Hoa,2013,annual,227.1,persons per km2,not_specified,E0201,https://www.nso.gov.vn/en/px-web?pxid=E0201&theme=Population%20and%20Employment,source_reported_unharmonized
e0201_23ab287711,population,Population density,Population density (Person/km2),VN_SRC_KHANHHOA,Khanh Hoa,2014,annual,228.48,persons per km2,not_specified,E0201,https://www.nso.gov.vn/en/px-web?pxid=E0201&theme=Population%20and%20Employment,source_reported_unharmonized
e0201_23ab287711,population,Population density,Population density (Person/km2),VN_SRC_KHANHHOA,Khanh Hoa,2015,annual,229.68,persons per km2,not_specified,E0201,https://www.nso.gov.vn/en/px-web?pxid=E0201&theme=Population%20and%20Employment,source_reported_unharmonized
e0201_23ab287711,population,Population density,Population density (Person/km2),VN_SRC_KHANHHOA,Khanh Hoa,2016,annual,234.97,persons per km2,not_specified,E0201,https://www.nso.gov.vn/en/px-web?pxid=E0201&theme=Population%20and%20Employment,source_reported_unharmonized
e0201_23ab287711,population,Population density,Population density (Person/km2),VN_SRC_KHANHHOA,Khanh Hoa,2017,annual,236.74,persons per km2,not_specified,E0201,https://www.nso.gov.vn/en/px-web?pxid=E0201&theme=Population%20and%20Employment,source_reported_unharmonized
e0201_23ab287711,population,Population density,Population density (Person/km2),VN_SRC_KHANHHOA,Khanh Hoa,2018,annual,238.33,persons per km2,not_specified,E0201,https://www.nso.gov.vn/en/px-web?pxid=E0201&theme=Population%20and%20Employment,source_reported_unharmonized
e0201_23ab287711,population,Population density,Population density (Person/km2),VN_SRC_KHANHHOA,Khanh Hoa,2019,annual,240.0,persons per km2,not_specified,E0201,https://www.nso.gov.vn/en/px-web?pxid=E0201&theme=Population%20and%20Employment,source_reported_unharmonized
e0201_23ab287711,population,Population density,Population density (Person/km2),VN_SRC_KHANHHOA,Khanh Hoa,2020,annual,241.0,persons per km2,not_specified,E0201,https://www.nso.gov.vn/en/px-web?pxid=E0201&theme=Population%20and%20Employment,source_reported_unharmonized
e0201_23ab287711,population,Population density,Population density (Person/km2),VN_SRC_KHANHHOA,Khanh Hoa,2021,annual,240.0,persons per km2,not_specified,E0201,https://www.nso.gov.vn/en/px-web?pxid=E0201&theme=Population%20and%20Employment,source_reported_unharmonized
e0201_23ab287711,population,Population density,Population density (Person/km2),VN_SRC_KHANHHOA,Khanh Hoa,2022,annual,241.0,persons per km2,not_specified,E0201,https://www.nso.gov.vn/en/px-web?pxid=E0201&theme=Population%20and%20Employment,source_reported_unharmonized
e0201_23ab287711,population,Population density,Population density (Person/km2),VN_SRC_KHANHHOA,Khanh Hoa,2023,annual,242.45,persons per km2,not_specified,E0201,https://www.nso.gov.vn/en/px-web?pxid=E0201&theme=Population%20and%20Employment,source_reported_unharmonized
e0201_23ab287711,population,Population density,Population density (Person/km2),VN_SRC_KHANHHOA,Khanh Hoa,2024,annual,244.09,persons per km2,not_specified,E0201,https://www.nso.gov.vn/en/px-web?pxid=E0201&theme=Population%20and%20Employment,source_reported_unharmonized
e0201_23ab287711,population,Population density,Population density (Person/km2),VN_SRC_KHANHHOA,Khanh Hoa,2025,annual,246.0,persons per km2,not_specified,E0201,https://www.nso.gov.vn/en/px-web?pxid=E0201&theme=Population%20and%20Employment,source_reported_unharmonized
e0201_23ab287711,population,Population density,Population density (Person/km2),VN_SRC_NINHTHUAN,Ninh Thuan,2011,annual,169.09,persons per km2,not_specified,E0201,https://www.nso.gov.vn/en/px-web?pxid=E0201&theme=Population%20and%20Employment,source_reported_unharmonized
e0201_23ab287711,population,Population density,Population density (Person/km2),VN_SRC_NINHTHUAN,Ninh Thuan,2012,annual,170.12,persons per km2,not_specified,E0201,https://www.nso.gov.vn/en/px-web?pxid=E0201&theme=Population%20and%20Employment,source_reported_unharmonized
e0201_23ab287711,population,Population density,Population density (Person/km2),VN_SRC_NINHTHUAN,Ninh Thuan,2013,annual,170.71,persons per km2,not_specified,E0201,https://www.nso.gov.vn/en/px-web?pxid=E0201&theme=Population%20and%20Employment,source_reported_unharmonized
e0201_23ab287711,population,Population density,Population density (Person/km2),VN_SRC_NINHTHUAN,Ninh Thuan,2014,annual,171.34,persons per km2,not_specified,E0201,https://www.nso.gov.vn/en/px-web?pxid=E0201&theme=Population%20and%20Employment,source_reported_unharmonized
e0201_23ab287711,population,Population density,Population density (Person/km2),VN_SRC_NINHTHUAN,Ninh Thuan,2015,annual,172.2,persons per km2,not_specified,E0201,https://www.nso.gov.vn/en/px-web?pxid=E0201&theme=Population%20and%20Employment,source_reported_unharmonized
e0201_23ab287711,population,Population density,Population density (Person/km2),VN_SRC_NINHTHUAN,Ninh Thuan,2016,annual,173.31,persons per km2,not_specified,E0201,https://www.nso.gov.vn/en/px-web?pxid=E0201&theme=Population%20and%20Employment,source_reported_unharmonized
e0201_23ab287711,population,Population density,Population density (Person/km2),VN_SRC_NINHTHUAN,Ninh Thuan,2017,annual,174.47,persons per km2,not_specified,E0201,https://www.nso.gov.vn/en/px-web?pxid=E0201&theme=Population%20and%20Employment,source_reported_unharmonized
e0201_23ab287711,population,Population density,Population density (Person/km2),VN_SRC_NINHTHUAN,Ninh Thuan,2018,annual,175.51,persons per km2,not_specified,E0201,https://www.nso.gov.vn/en/px-web?pxid=E0201&theme=Population%20and%20Employment,source_reported_unharmonized
e0201_23ab287711,population,Population density,Population density (Person/km2),VN_SRC_NINHTHUAN,Ninh Thuan,2019,annual,176.0,persons per km2,not_specified,E0201,https://www.nso.gov.vn/en/px-web?pxid=E0201&theme=Population%20and%20Employment,source_reported_unharmonized
e0201_23ab287711,population,Population density,Population density (Person/km2),VN_SRC_NINHTHUAN,Ninh Thuan,2020,annual,177.0,persons per km2,not_specified,E0201,https://www.nso.gov.vn/en/px-web?pxid=E0201&theme=Population%20and%20Employment,source_reported_unharmonized
e0201_23ab287711,population,Population density,Population density (Person/km2),VN_SRC_NINHTHUAN,Ninh Thuan,2021,annual,178.0,persons per km2,not_specified,E0201,https://www.nso.gov.vn/en/px-web?pxid=E0201&theme=Population%20and%20Employment,source_reported_unharmonized
e0201_23ab287711,population,Population density,Population density (Person/km2),VN_SRC_NINHTHUAN,Ninh Thuan,2022,annual,178.0,persons per km2,not_specified,E0201,https://www.nso.gov.vn/en/px-web?pxid=E0201&theme=Population%20and%20Employment,source_reported_unharmonized
e0201_23ab287711,population,Population density,Population density (Person/km2),VN_SRC_NINHTHUAN,Ninh Thuan,2023,annual,179.16,persons per km2,not_specified,E0201,https://www.nso.gov.vn/en/px-web?pxid=E0201&theme=Population%20and%20Employment,source_reported_unharmonized
e0201_23ab287711,population,Population density,Population density (Person/km2),VN_SRC_NINHTHUAN,Ninh Thuan,2024,annual,182.58,persons per km2,not_specified,E0201,https://www.nso.gov.vn/en/px-web?pxid=E0201&theme=Population%20and%20Employment,source_reported_unharmonized
e0201_23ab287711,population,Population density,Population density (Person/km2),VN_SRC_NINHTHUAN,Ninh Thuan,2025,annual,185.0,persons per km2,not_specified,E0201,https://www.nso.gov.vn/en/px-web?pxid=E0201&theme=Population%20and%20Employment,source_reported_unharmonized
e0201_23ab287711,population,Population density,Population density (Person/km2),VN_SRC_BINHTHUAN,Binh Thuan,2011,annual,151.12,persons per km2,not_specified,E0201,https://www.nso.gov.vn/en/px-web?pxid=E0201&theme=Population%20and%20Employment,source_reported_unharmonized
e0201_23ab287711,population,Population density,Population density (Person/km2),VN_SRC_BINHTHUAN,Binh Thuan,2012,annual,152.26,persons per km2,not_specified,E0201,https://www.nso.gov.vn/en/px-web?pxid=E0201&theme=Population%20and%20Employment,source_reported_unharmonized
e0201_23ab287711,population,Population density,Population density (Person/km2),VN_SRC_BINHTHUAN,Binh Thuan,2013,annual,152.91,persons per km2,not_specified,E0201,https://www.nso.gov.vn/en/px-web?pxid=E0201&theme=Population%20and%20Employment,source_reported_unharmonized
e0201_23ab287711,population,Population density,Population density (Person/km2),VN_SRC_BINHTHUAN,Binh Thuan,2014,annual,153.24,persons per km2,not_specified,E0201,https://www.nso.gov.vn/en/px-web?pxid=E0201&theme=Population%20and%20Employment,source_reported_unharmonized
e0201_23ab287711,population,Population density,Population density (Person/km2),VN_SRC_BINHTHUAN,Binh Thuan,2015,annual,154.28,persons per km2,not_specified,E0201,https://www.nso.gov.vn/en/px-web?pxid=E0201&theme=Population%20and%20Employment,source_reported_unharmonized
e0201_23ab287711,population,Population density,Population density (Person/km2),VN_SRC_BINHTHUAN,Binh Thuan,2016,annual,152.77,persons per km2,not_specified,E0201,https://www.nso.gov.vn/en/px-web?pxid=E0201&theme=Population%20and%20Employment,source_reported_unharmonized
e0201_23ab287711,population,Population density,Population density (Person/km2),VN_SRC_BINHTHUAN,Binh Thuan,2017,annual,153.64,persons per km2,not_specified,E0201,https://www.nso.gov.vn/en/px-web?pxid=E0201&theme=Population%20and%20Employment,source_reported_unharmonized
e0201_23ab287711,population,Population density,Population density (Person/km2),VN_SRC_BINHTHUAN,Binh Thuan,2018,annual,154.5,persons per km2,not_specified,E0201,https://www.nso.gov.vn/en/px-web?pxid=E0201&theme=Population%20and%20Employment,source_reported_unharmonized
e0201_23ab287711,population,Population density,Population density (Person/km2),VN_SRC_BINHTHUAN,Binh Thuan,2019,annual,155.0,persons per km2,not_specified,E0201,https://www.nso.gov.vn/en/px-web?pxid=E0201&theme=Population%20and%20Employment,source_reported_unharmonized
e0201_23ab287711,population,Population density,Population density (Person/km2),VN_SRC_BINHTHUAN,Binh Thuan,2020,annual,156.0,persons per km2,not_specified,E0201,https://www.nso.gov.vn/en/px-web?pxid=E0201&theme=Population%20and%20Employment,source_reported_unharmonized
e0201_23ab287711,population,Population density,Population density (Person/km2),VN_SRC_BINHTHUAN,Binh Thuan,2021,annual,157.0,persons per km2,not_specified,E0201,https://www.nso.gov.vn/en/px-web?pxid=E0201&theme=Population%20and%20Employment,source_reported_unharmonized
e0201_23ab287711,population,Population density,Population density (Person/km2),VN_SRC_BINHTHUAN,Binh Thuan,2022,annual,158.0,persons per km2,not_specified,E0201,https://www.nso.gov.vn/en/px-web?pxid=E0201&theme=Population%20and%20Employment,source_reported_unharmonized
e0201_23ab287711,population,Population density,Population density (Person/km2),VN_SRC_BINHTHUAN,Binh Thuan,2023,annual,158.49,persons per km2,not_specified,E0201,https://www.nso.gov.vn/en/px-web?pxid=E0201&theme=Population%20and%20Employment,source_reported_unharmonized
e0201_23ab287711,population,Population density,Population density (Person/km2),VN_SRC_BINHTHUAN,Binh Thuan,2024,annual,159.42,persons per km2,not_specified,E0201,https://www.nso.gov.vn/en/px-web?pxid=E0201&theme=Population%20and%20Employment,source_reported_unharmonized
e0201_23ab287711,population,Population density,Population density (Person/km2),VN_SRC_BINHTHUAN,Binh Thuan,2025,annual,160.0,persons per km2,not_specified,E0201,https://www.nso.gov.vn/en/px-web?pxid=E0201&theme=Population%20and%20Employment,source_reported_unharmonized
e0201_23ab287711,population,Population density,Population density (Person/km2),VN_SRC_KONTUM,Kon Tum,2011,annual,46.61,persons per km2,not_specified,E0201,https://www.nso.gov.vn/en/px-web?pxid=E0201&theme=Population%20and%20Employment,source_reported_unharmonized
e0201_23ab287711,population,Population density,Population density (Person/km2),VN_SRC_KONTUM,Kon Tum,2012,annual,47.75,persons per km2,not_specified,E0201,https://www.nso.gov.vn/en/px-web?pxid=E0201&theme=Population%20and%20Employment,source_reported_unharmonized
e0201_23ab287711,population,Population density,Population density (Person/km2),VN_SRC_KONTUM,Kon Tum,2013,annual,48.84,persons per km2,not_specified,E0201,https://www.nso.gov.vn/en/px-web?pxid=E0201&theme=Population%20and%20Employment,source_reported_unharmonized
e0201_23ab287711,population,Population density,Population density (Person/km2),VN_SRC_KONTUM,Kon Tum,2014,annual,49.97,persons per km2,not_specified,E0201,https://www.nso.gov.vn/en/px-web?pxid=E0201&theme=Population%20and%20Employment,source_reported_unharmonized
e0201_23ab287711,population,Population density,Population density (Person/km2),VN_SRC_KONTUM,Kon Tum,2015,annual,51.18,persons per km2,not_specified,E0201,https://www.nso.gov.vn/en/px-web?pxid=E0201&theme=Population%20and%20Employment,source_reported_unharmonized
e0201_23ab287711,population,Population density,Population density (Person/km2),VN_SRC_KONTUM,Kon Tum,2016,annual,52.49,persons per km2,not_specified,E0201,https://www.nso.gov.vn/en/px-web?pxid=E0201&theme=Population%20and%20Employment,source_reported_unharmonized
e0201_23ab287711,population,Population density,Population density (Person/km2),VN_SRC_KONTUM,Kon Tum,2017,annual,53.76,persons per km2,not_specified,E0201,https://www.nso.gov.vn/en/px-web?pxid=E0201&theme=Population%20and%20Employment,source_reported_unharmonized
e0201_23ab287711,population,Population density,Population density (Person/km2),VN_SRC_KONTUM,Kon Tum,2018,annual,55.03,persons per km2,not_specified,E0201,https://www.nso.gov.vn/en/px-web?pxid=E0201&theme=Population%20and%20Employment,source_reported_unharmonized
e0201_23ab287711,population,Population density,Population density (Person/km2),VN_SRC_KONTUM,Kon Tum,2019,annual,56.0,persons per km2,not_specified,E0201,https://www.nso.gov.vn/en/px-web?pxid=E0201&theme=Population%20and%20Employment,source_reported_unharmonized
e0201_23ab287711,population,Population density,Population density (Person/km2),VN_SRC_KONTUM,Kon Tum,2020,annual,57.0,persons per km2,not_specified,E0201,https://www.nso.gov.vn/en/px-web?pxid=E0201&theme=Population%20and%20Employment,source_reported_unharmonized
e0201_23ab287711,population,Population density,Population density (Person/km2),VN_SRC_KONTUM,Kon Tum,2021,annual,59.0,persons per km2,not_specified,E0201,https://www.nso.gov.vn/en/px-web?pxid=E0201&theme=Population%20and%20Employment,source_reported_unharmonized
e0201_23ab287711,population,Population density,Population density (Person/km2),VN_SRC_KONTUM,Kon Tum,2022,annual,60.0,persons per km2,not_specified,E0201,https://www.nso.gov.vn/en/px-web?pxid=E0201&theme=Population%20and%20Employment,source_reported_unharmonized
e0201_23ab287711,population,Population density,Population density (Person/km2),VN_SRC_KONTUM,Kon Tum,2023,annual,61.1,persons per km2,not_specified,E0201,https://www.nso.gov.vn/en/px-web?pxid=E0201&theme=Population%20and%20Employment,source_reported_unharmonized
e0201_23ab287711,population,Population density,Population density (Person/km2),VN_SRC_KONTUM,Kon Tum,2024,annual,62.19,persons per km2,not_specified,E0201,https://www.nso.gov.vn/en/px-web?pxid=E0201&theme=Population%20and%20Employment,source_reported_unharmonized
e0201_23ab287711,population,Population density,Population density (Person/km2),VN_SRC_KONTUM,Kon Tum,2025,annual,63.0,persons per km2,not_specified,E0201,https://www.nso.gov.vn/en/px-web?pxid=E0201&theme=Population%20and%20Employment,source_reported_unharmonized
e0201_23ab287711,population,Population density,Population density (Person/km2),VN_SRC_GIALAI,Gia Lai,2011,annual,86.0,persons per km2,not_specified,E0201,https://www.nso.gov.vn/en/px-web?pxid=E0201&theme=Population%20and%20Employment,source_reported_unharmonized
e0201_23ab287711,population,Population density,Population density (Person/km2),VN_SRC_GIALAI,Gia Lai,2012,annual,87.53,persons per km2,not_specified,E0201,https://www.nso.gov.vn/en/px-web?pxid=E0201&theme=Population%20and%20Employment,source_reported_unharmonized
e0201_23ab287711,population,Population density,Population density (Person/km2),VN_SRC_GIALAI,Gia Lai,2013,annual,89.01,persons per km2,not_specified,E0201,https://www.nso.gov.vn/en/px-web?pxid=E0201&theme=Population%20and%20Employment,source_reported_unharmonized
e0201_23ab287711,population,Population density,Population density (Person/km2),VN_SRC_GIALAI,Gia Lai,2014,annual,90.31,persons per km2,not_specified,E0201,https://www.nso.gov.vn/en/px-web?pxid=E0201&theme=Population%20and%20Employment,source_reported_unharmonized
e0201_23ab287711,population,Population density,Population density (Person/km2),VN_SRC_GIALAI,Gia Lai,2015,annual,91.81,persons per km2,not_specified,E0201,https://www.nso.gov.vn/en/px-web?pxid=E0201&theme=Population%20and%20Employment,source_reported_unharmonized
e0201_23ab287711,population,Population density,Population density (Person/km2),VN_SRC_GIALAI,Gia Lai,2016,annual,93.3,persons per km2,not_specified,E0201,https://www.nso.gov.vn/en/px-web?pxid=E0201&theme=Population%20and%20Employment,source_reported_unharmonized
e0201_23ab287711,population,Population density,Population density (Person/km2),VN_SRC_GIALAI,Gia Lai,2017,annual,94.7,persons per km2,not_specified,E0201,https://www.nso.gov.vn/en/px-web?pxid=E0201&theme=Population%20and%20Employment,source_reported_unharmonized
e0201_23ab287711,population,Population density,Population density (Person/km2),VN_SRC_GIALAI,Gia Lai,2018,annual,96.43,persons per km2,not_specified,E0201,https://www.nso.gov.vn/en/px-web?pxid=E0201&theme=Population%20and%20Employment,source_reported_unharmonized
e0201_23ab287711,population,Population density,Population density (Person/km2),VN_SRC_GIALAI,Gia Lai,2019,annual,98.0,persons per km2,not_specified,E0201,https://www.nso.gov.vn/en/px-web?pxid=E0201&theme=Population%20and%20Employment,source_reported_unharmonized
e0201_23ab287711,population,Population density,Population density (Person/km2),VN_SRC_GIALAI,Gia Lai,2020,annual,99.0,persons per km2,not_specified,E0201,https://www.nso.gov.vn/en/px-web?pxid=E0201&theme=Population%20and%20Employment,source_reported_unharmonized
e0201_23ab287711,population,Population density,Population density (Person/km2),VN_SRC_GIALAI,Gia Lai,2021,annual,101.0,persons per km2,not_specified,E0201,https://www.nso.gov.vn/en/px-web?pxid=E0201&theme=Population%20and%20Employment,source_reported_unharmonized
e0201_23ab287711,population,Population density,Population density (Person/km2),VN_SRC_GIALAI,Gia Lai,2022,annual,103.0,persons per km2,not_specified,E0201,https://www.nso.gov.vn/en/px-web?pxid=E0201&theme=Population%20and%20Employment,source_reported_unharmonized
e0201_23ab287711,population,Population density,Population density (Person/km2),VN_SRC_GIALAI,Gia Lai,2023,annual,104.05,persons per km2,not_specified,E0201,https://www.nso.gov.vn/en/px-web?pxid=E0201&theme=Population%20and%20Employment,source_reported_unharmonized
e0201_23ab287711,population,Population density,Population density (Person/km2),VN_SRC_GIALAI,Gia Lai,2024,annual,105.41,persons per km2,not_specified,E0201,https://www.nso.gov.vn/en/px-web?pxid=E0201&theme=Population%20and%20Employment,source_reported_unharmonized
e0201_23ab287711,population,Population density,Population density (Person/km2),VN_SRC_GIALAI,Gia Lai,2025,annual,107.0,persons per km2,not_specified,E0201,https://www.nso.gov.vn/en/px-web?pxid=E0201&theme=Population%20and%20Employment,source_reported_unharmonized
e0201_23ab287711,population,Population density,Population density (Person/km2),VN_SRC_DAKLAK,Dak Lak,2011,annual,134.12,persons per km2,not_specified,E0201,https://www.nso.gov.vn/en/px-web?pxid=E0201&theme=Population%20and%20Employment,source_reported_unharmonized
e0201_23ab287711,population,Population density,Population density (Person/km2),VN_SRC_DAKLAK,Dak Lak,2012,annual,135.41,persons per km2,not_specified,E0201,https://www.nso.gov.vn/en/px-web?pxid=E0201&theme=Population%20and%20Employment,source_reported_unharmonized
e0201_23ab287711,population,Population density,Population density (Person/km2),VN_SRC_DAKLAK,Dak Lak,2013,annual,136.72,persons per km2,not_specified,E0201,https://www.nso.gov.vn/en/px-web?pxid=E0201&theme=Population%20and%20Employment,source_reported_unharmonized
e0201_23ab287711,population,Population density,Population density (Person/km2),VN_SRC_DAKLAK,Dak Lak,2014,annual,137.58,persons per km2,not_specified,E0201,https://www.nso.gov.vn/en/px-web?pxid=E0201&theme=Population%20and%20Employment,source_reported_unharmonized
e0201_23ab287711,population,Population density,Population density (Person/km2),VN_SRC_DAKLAK,Dak Lak,2015,annual,138.67,persons per km2,not_specified,E0201,https://www.nso.gov.vn/en/px-web?pxid=E0201&theme=Population%20and%20Employment,source_reported_unharmonized
e0201_23ab287711,population,Population density,Population density (Person/km2),VN_SRC_DAKLAK,Dak Lak,2016,annual,140.93,persons per km2,not_specified,E0201,https://www.nso.gov.vn/en/px-web?pxid=E0201&theme=Population%20and%20Employment,source_reported_unharmonized
e0201_23ab287711,population,Population density,Population density (Person/km2),VN_SRC_DAKLAK,Dak Lak,2017,annual,142.0,persons per km2,not_specified,E0201,https://www.nso.gov.vn/en/px-web?pxid=E0201&theme=Population%20and%20Employment,source_reported_unharmonized
e0201_23ab287711,population,Population density,Population density (Person/km2),VN_SRC_DAKLAK,Dak Lak,2018,annual,142.86,persons per km2,not_specified,E0201,https://www.nso.gov.vn/en/px-web?pxid=E0201&theme=Population%20and%20Employment,source_reported_unharmonized
e0201_23ab287711,population,Population density,Population density (Person/km2),VN_SRC_DAKLAK,Dak Lak,2019,annual,144.0,persons per km2,not_specified,E0201,https://www.nso.gov.vn/en/px-web?pxid=E0201&theme=Population%20and%20Employment,source_reported_unharmonized
e0201_23ab287711,population,Population density,Population density (Person/km2),VN_SRC_DAKLAK,Dak Lak,2020,annual,145.0,persons per km2,not_specified,E0201,https://www.nso.gov.vn/en/px-web?pxid=E0201&theme=Population%20and%20Employment,source_reported_unharmonized
e0201_23ab287711,population,Population density,Population density (Person/km2),VN_SRC_DAKLAK,Dak Lak,2021,annual,146.0,persons per km2,not_specified,E0201,https://www.nso.gov.vn/en/px-web?pxid=E0201&theme=Population%20and%20Employment,source_reported_unharmonized
e0201_23ab287711,population,Population density,Population density (Person/km2),VN_SRC_DAKLAK,Dak Lak,2022,annual,147.0,persons per km2,not_specified,E0201,https://www.nso.gov.vn/en/px-web?pxid=E0201&theme=Population%20and%20Employment,source_reported_unharmonized
e0201_23ab287711,population,Population density,Population density (Person/km2),VN_SRC_DAKLAK,Dak Lak,2023,annual,147.77,persons per km2,not_specified,E0201,https://www.nso.gov.vn/en/px-web?pxid=E0201&theme=Population%20and%20Employment,source_reported_unharmonized
e0201_23ab287711,population,Population density,Population density (Person/km2),VN_SRC_DAKLAK,Dak Lak,2024,annual,148.9,persons per km2,not_specified,E0201,https://www.nso.gov.vn/en/px-web?pxid=E0201&theme=Population%20and%20Employment,source_reported_unharmonized
e0201_23ab287711,population,Population density,Population density (Person/km2),VN_SRC_DAKLAK,Dak Lak,2025,annual,150.0,persons per km2,not_specified,E0201,https://www.nso.gov.vn/en/px-web?pxid=E0201&theme=Population%20and%20Employment,source_reported_unharmonized
e0201_23ab287711,population,Population density,Population density (Person/km2),VN_SRC_DAKNONG,Dak Nong,2011,annual,78.68,persons per km2,not_specified,E0201,https://www.nso.gov.vn/en/px-web?pxid=E0201&theme=Population%20and%20Employment,source_reported_unharmonized
e0201_23ab287711,population,Population density,Population density (Person/km2),VN_SRC_DAKNONG,Dak Nong,2012,annual,81.25,persons per km2,not_specified,E0201,https://www.nso.gov.vn/en/px-web?pxid=E0201&theme=Population%20and%20Employment,source_reported_unharmonized
e0201_23ab287711,population,Population density,Population density (Person/km2),VN_SRC_DAKNONG,Dak Nong,2013,annual,84.12,persons per km2,not_specified,E0201,https://www.nso.gov.vn/en/px-web?pxid=E0201&theme=Population%20and%20Employment,source_reported_unharmonized
e0201_23ab287711,population,Population density,Population density (Person/km2),VN_SRC_DAKNONG,Dak Nong,2014,annual,86.71,persons per km2,not_specified,E0201,https://www.nso.gov.vn/en/px-web?pxid=E0201&theme=Population%20and%20Employment,source_reported_unharmonized
e0201_23ab287711,population,Population density,Population density (Person/km2),VN_SRC_DAKNONG,Dak Nong,2015,annual,89.09,persons per km2,not_specified,E0201,https://www.nso.gov.vn/en/px-web?pxid=E0201&theme=Population%20and%20Employment,source_reported_unharmonized
e0201_23ab287711,population,Population density,Population density (Person/km2),VN_SRC_DAKNONG,Dak Nong,2016,annual,91.32,persons per km2,not_specified,E0201,https://www.nso.gov.vn/en/px-web?pxid=E0201&theme=Population%20and%20Employment,source_reported_unharmonized
e0201_23ab287711,population,Population density,Population density (Person/km2),VN_SRC_DAKNONG,Dak Nong,2017,annual,92.93,persons per km2,not_specified,E0201,https://www.nso.gov.vn/en/px-web?pxid=E0201&theme=Population%20and%20Employment,source_reported_unharmonized
e0201_23ab287711,population,Population density,Population density (Person/km2),VN_SRC_DAKNONG,Dak Nong,2018,annual,94.54,persons per km2,not_specified,E0201,https://www.nso.gov.vn/en/px-web?pxid=E0201&theme=Population%20and%20Employment,source_reported_unharmonized
e0201_23ab287711,population,Population density,Population density (Person/km2),VN_SRC_DAKNONG,Dak Nong,2019,annual,96.0,persons per km2,not_specified,E0201,https://www.nso.gov.vn/en/px-web?pxid=E0201&theme=Population%20and%20Employment,source_reported_unharmonized
e0201_23ab287711,population,Population density,Population density (Person/km2),VN_SRC_DAKNONG,Dak Nong,2020,annual,98.0,persons per km2,not_specified,E0201,https://www.nso.gov.vn/en/px-web?pxid=E0201&theme=Population%20and%20Employment,source_reported_unharmonized
e0201_23ab287711,population,Population density,Population density (Person/km2),VN_SRC_DAKNONG,Dak Nong,2021,annual,102.0,persons per km2,not_specified,E0201,https://www.nso.gov.vn/en/px-web?pxid=E0201&theme=Population%20and%20Employment,source_reported_unharmonized
e0201_23ab287711,population,Population density,Population density (Person/km2),VN_SRC_DAKNONG,Dak Nong,2022,annual,103.0,persons per km2,not_specified,E0201,https://www.nso.gov.vn/en/px-web?pxid=E0201&theme=Population%20and%20Employment,source_reported_unharmonized
e0201_23ab287711,population,Population density,Population density (Person/km2),VN_SRC_DAKNONG,Dak Nong,2023,annual,104.77,persons per km2,not_specified,E0201,https://www.nso.gov.vn/en/px-web?pxid=E0201&theme=Population%20and%20Employment,source_reported_unharmonized
e0201_23ab287711,population,Population density,Population density (Person/km2),VN_SRC_DAKNONG,Dak Nong,2024,annual,106.88,persons per km2,not_specified,E0201,https://www.nso.gov.vn/en/px-web?pxid=E0201&theme=Population%20and%20Employment,source_reported_unharmonized
e0201_23ab287711,population,Population density,Population density (Person/km2),VN_SRC_DAKNONG,Dak Nong,2025,annual,108.0,persons per km2,not_specified,E0201,https://www.nso.gov.vn/en/px-web?pxid=E0201&theme=Population%20and%20Employment,source_reported_unharmonized
e0201_23ab287711,population,Population density,Population density (Person/km2),VN_SRC_LAMDONG,Lam Dong,2011,annual,124.54,persons per km2,not_specified,E0201,https://www.nso.gov.vn/en/px-web?pxid=E0201&theme=Population%20and%20Employment,source_reported_unharmonized
e0201_23ab287711,population,Population density,Population density (Person/km2),VN_SRC_LAMDONG,Lam Dong,2012,annual,125.72,persons per km2,not_specified,E0201,https://www.nso.gov.vn/en/px-web?pxid=E0201&theme=Population%20and%20Employment,source_reported_unharmonized
e0201_23ab287711,population,Population density,Population density (Person/km2),VN_SRC_LAMDONG,Lam Dong,2013,annual,126.86,persons per km2,not_specified,E0201,https://www.nso.gov.vn/en/px-web?pxid=E0201&theme=Population%20and%20Employment,source_reported_unharmonized
e0201_23ab287711,population,Population density,Population density (Person/km2),VN_SRC_LAMDONG,Lam Dong,2014,annual,128.01,persons per km2,not_specified,E0201,https://www.nso.gov.vn/en/px-web?pxid=E0201&theme=Population%20and%20Employment,source_reported_unharmonized
e0201_23ab287711,population,Population density,Population density (Person/km2),VN_SRC_LAMDONG,Lam Dong,2015,annual,129.06,persons per km2,not_specified,E0201,https://www.nso.gov.vn/en/px-web?pxid=E0201&theme=Population%20and%20Employment,source_reported_unharmonized
e0201_23ab287711,population,Population density,Population density (Person/km2),VN_SRC_LAMDONG,Lam Dong,2016,annual,129.95,persons per km2,not_specified,E0201,https://www.nso.gov.vn/en/px-web?pxid=E0201&theme=Population%20and%20Employment,source_reported_unharmonized
e0201_23ab287711,population,Population density,Population density (Person/km2),VN_SRC_LAMDONG,Lam Dong,2017,annual,130.97,persons per km2,not_specified,E0201,https://www.nso.gov.vn/en/px-web?pxid=E0201&theme=Population%20and%20Employment,source_reported_unharmonized
e0201_23ab287711,population,Population density,Population density (Person/km2),VN_SRC_LAMDONG,Lam Dong,2018,annual,132.0,persons per km2,not_specified,E0201,https://www.nso.gov.vn/en/px-web?pxid=E0201&theme=Population%20and%20Employment,source_reported_unharmonized
e0201_23ab287711,population,Population density,Population density (Person/km2),VN_SRC_LAMDONG,Lam Dong,2019,annual,133.0,persons per km2,not_specified,E0201,https://www.nso.gov.vn/en/px-web?pxid=E0201&theme=Population%20and%20Employment,source_reported_unharmonized
e0201_23ab287711,population,Population density,Population density (Person/km2),VN_SRC_LAMDONG,Lam Dong,2020,annual,134.0,persons per km2,not_specified,E0201,https://www.nso.gov.vn/en/px-web?pxid=E0201&theme=Population%20and%20Employment,source_reported_unharmonized
e0201_23ab287711,population,Population density,Population density (Person/km2),VN_SRC_LAMDONG,Lam Dong,2021,annual,135.0,persons per km2,not_specified,E0201,https://www.nso.gov.vn/en/px-web?pxid=E0201&theme=Population%20and%20Employment,source_reported_unharmonized
e0201_23ab287711,population,Population density,Population density (Person/km2),VN_SRC_LAMDONG,Lam Dong,2022,annual,136.0,persons per km2,not_specified,E0201,https://www.nso.gov.vn/en/px-web?pxid=E0201&theme=Population%20and%20Employment,source_reported_unharmonized
e0201_23ab287711,population,Population density,Population density (Person/km2),VN_SRC_LAMDONG,Lam Dong,2023,annual,137.51,persons per km2,not_specified,E0201,https://www.nso.gov.vn/en/px-web?pxid=E0201&theme=Population%20and%20Employment,source_reported_unharmonized
e0201_23ab287711,population,Population density,Population density (Person/km2),VN_SRC_LAMDONG,Lam Dong,2024,annual,139.29,persons per km2,not_specified,E0201,https://www.nso.gov.vn/en/px-web?pxid=E0201&theme=Population%20and%20Employment,source_reported_unharmonized
e0201_23ab287711,population,Population density,Population density (Person/km2),VN_SRC_LAMDONG,Lam Dong,2025,annual,141.0,persons per km2,not_specified,E0201,https://www.nso.gov.vn/en/px-web?pxid=E0201&theme=Population%20and%20Employment,source_reported_unharmonized
e0201_23ab287711,population,Population density,Population density (Person/km2),VN_SRC_BINHPHUOC,Binh Phuoc,2011,annual,130.91,persons per km2,not_specified,E0201,https://www.nso.gov.vn/en/px-web?pxid=E0201&theme=Population%20and%20Employment,source_reported_unharmonized
e0201_23ab287711,population,Population density,Population density (Person/km2),VN_SRC_BINHPHUOC,Binh Phuoc,2012,annual,132.63,persons per km2,not_specified,E0201,https://www.nso.gov.vn/en/px-web?pxid=E0201&theme=Population%20and%20Employment,source_reported_unharmonized
e0201_23ab287711,population,Population density,Population density (Person/km2),VN_SRC_BINHPHUOC,Binh Phuoc,2013,annual,134.39,persons per km2,not_specified,E0201,https://www.nso.gov.vn/en/px-web?pxid=E0201&theme=Population%20and%20Employment,source_reported_unharmonized
e0201_23ab287711,population,Population density,Population density (Person/km2),VN_SRC_BINHPHUOC,Binh Phuoc,2014,annual,135.98,persons per km2,not_specified,E0201,https://www.nso.gov.vn/en/px-web?pxid=E0201&theme=Population%20and%20Employment,source_reported_unharmonized
e0201_23ab287711,population,Population density,Population density (Person/km2),VN_SRC_BINHPHUOC,Binh Phuoc,2015,annual,137.84,persons per km2,not_specified,E0201,https://www.nso.gov.vn/en/px-web?pxid=E0201&theme=Population%20and%20Employment,source_reported_unharmonized
e0201_23ab287711,population,Population density,Population density (Person/km2),VN_SRC_BINHPHUOC,Binh Phuoc,2016,annual,140.0,persons per km2,not_specified,E0201,https://www.nso.gov.vn/en/px-web?pxid=E0201&theme=Population%20and%20Employment,source_reported_unharmonized
e0201_23ab287711,population,Population density,Population density (Person/km2),VN_SRC_BINHPHUOC,Binh Phuoc,2017,annual,141.43,persons per km2,not_specified,E0201,https://www.nso.gov.vn/en/px-web?pxid=E0201&theme=Population%20and%20Employment,source_reported_unharmonized
e0201_23ab287711,population,Population density,Population density (Person/km2),VN_SRC_BINHPHUOC,Binh Phuoc,2018,annual,143.22,persons per km2,not_specified,E0201,https://www.nso.gov.vn/en/px-web?pxid=E0201&theme=Population%20and%20Employment,source_reported_unharmonized
e0201_23ab287711,population,Population density,Population density (Person/km2),VN_SRC_BINHPHUOC,Binh Phuoc,2019,annual,145.0,persons per km2,not_specified,E0201,https://www.nso.gov.vn/en/px-web?pxid=E0201&theme=Population%20and%20Employment,source_reported_unharmonized
e0201_23ab287711,population,Population density,Population density (Person/km2),VN_SRC_BINHPHUOC,Binh Phuoc,2020,annual,147.0,persons per km2,not_specified,E0201,https://www.nso.gov.vn/en/px-web?pxid=E0201&theme=Population%20and%20Employment,source_reported_unharmonized
e0201_23ab287711,population,Population density,Population density (Person/km2),VN_SRC_BINHPHUOC,Binh Phuoc,2021,annual,149.0,persons per km2,not_specified,E0201,https://www.nso.gov.vn/en/px-web?pxid=E0201&theme=Population%20and%20Employment,source_reported_unharmonized
e0201_23ab287711,population,Population density,Population density (Person/km2),VN_SRC_BINHPHUOC,Binh Phuoc,2022,annual,151.0,persons per km2,not_specified,E0201,https://www.nso.gov.vn/en/px-web?pxid=E0201&theme=Population%20and%20Employment,source_reported_unharmonized
e0201_23ab287711,population,Population density,Population density (Person/km2),VN_SRC_BINHPHUOC,Binh Phuoc,2023,annual,152.1,persons per km2,not_specified,E0201,https://www.nso.gov.vn/en/px-web?pxid=E0201&theme=Population%20and%20Employment,source_reported_unharmonized
e0201_23ab287711,population,Population density,Population density (Person/km2),VN_SRC_BINHPHUOC,Binh Phuoc,2024,annual,154.55,persons per km2,not_specified,E0201,https://www.nso.gov.vn/en/px-web?pxid=E0201&theme=Population%20and%20Employment,source_reported_unharmonized
e0201_23ab287711,population,Population density,Population density (Person/km2),VN_SRC_BINHPHUOC,Binh Phuoc,2025,annual,157.0,persons per km2,not_specified,E0201,https://www.nso.gov.vn/en/px-web?pxid=E0201&theme=Population%20and%20Employment,source_reported_unharmonized
e0201_23ab287711,population,Population density,Population density (Person/km2),VN_SRC_TAYNINH,Tay Ninh,2011,annual,269.84,persons per km2,not_specified,E0201,https://www.nso.gov.vn/en/px-web?pxid=E0201&theme=Population%20and%20Employment,source_reported_unharmonized
e0201_23ab287711,population,Population density,Population density (Person/km2),VN_SRC_TAYNINH,Tay Ninh,2012,annual,273.14,persons per km2,not_specified,E0201,https://www.nso.gov.vn/en/px-web?pxid=E0201&theme=Population%20and%20Employment,source_reported_unharmonized
e0201_23ab287711,population,Population density,Population density (Person/km2),VN_SRC_TAYNINH,Tay Ninh,2013,annual,275.6,persons per km2,not_specified,E0201,https://www.nso.gov.vn/en/px-web?pxid=E0201&theme=Population%20and%20Employment,source_reported_unharmonized
e0201_23ab287711,population,Population density,Population density (Person/km2),VN_SRC_TAYNINH,Tay Ninh,2014,annual,277.92,persons per km2,not_specified,E0201,https://www.nso.gov.vn/en/px-web?pxid=E0201&theme=Population%20and%20Employment,source_reported_unharmonized
e0201_23ab287711,population,Population density,Population density (Person/km2),VN_SRC_TAYNINH,Tay Ninh,2015,annual,280.19,persons per km2,not_specified,E0201,https://www.nso.gov.vn/en/px-web?pxid=E0201&theme=Population%20and%20Employment,source_reported_unharmonized
e0201_23ab287711,population,Population density,Population density (Person/km2),VN_SRC_TAYNINH,Tay Ninh,2016,annual,281.98,persons per km2,not_specified,E0201,https://www.nso.gov.vn/en/px-web?pxid=E0201&theme=Population%20and%20Employment,source_reported_unharmonized
e0201_23ab287711,population,Population density,Population density (Person/km2),VN_SRC_TAYNINH,Tay Ninh,2017,annual,284.83,persons per km2,not_specified,E0201,https://www.nso.gov.vn/en/px-web?pxid=E0201&theme=Population%20and%20Employment,source_reported_unharmonized
e0201_23ab287711,population,Population density,Population density (Person/km2),VN_SRC_TAYNINH,Tay Ninh,2018,annual,287.21,persons per km2,not_specified,E0201,https://www.nso.gov.vn/en/px-web?pxid=E0201&theme=Population%20and%20Employment,source_reported_unharmonized
e0201_23ab287711,population,Population density,Population density (Person/km2),VN_SRC_TAYNINH,Tay Ninh,2019,annual,290.0,persons per km2,not_specified,E0201,https://www.nso.gov.vn/en/px-web?pxid=E0201&theme=Population%20and%20Employment,source_reported_unharmonized
e0201_23ab287711,population,Population density,Population density (Person/km2),VN_SRC_TAYNINH,Tay Ninh,2020,annual,292.0,persons per km2,not_specified,E0201,https://www.nso.gov.vn/en/px-web?pxid=E0201&theme=Population%20and%20Employment,source_reported_unharmonized
e0201_23ab287711,population,Population density,Population density (Person/km2),VN_SRC_TAYNINH,Tay Ninh,2021,annual,292.0,persons per km2,not_specified,E0201,https://www.nso.gov.vn/en/px-web?pxid=E0201&theme=Population%20and%20Employment,source_reported_unharmonized
e0201_23ab287711,population,Population density,Population density (Person/km2),VN_SRC_TAYNINH,Tay Ninh,2022,annual,294.0,persons per km2,not_specified,E0201,https://www.nso.gov.vn/en/px-web?pxid=E0201&theme=Population%20and%20Employment,source_reported_unharmonized
e0201_23ab287711,population,Population density,Population density (Person/km2),VN_SRC_TAYNINH,Tay Ninh,2023,annual,295.65,persons per km2,not_specified,E0201,https://www.nso.gov.vn/en/px-web?pxid=E0201&theme=Population%20and%20Employment,source_reported_unharmonized
e0201_23ab287711,population,Population density,Population density (Person/km2),VN_SRC_TAYNINH,Tay Ninh,2024,annual,297.59,persons per km2,not_specified,E0201,https://www.nso.gov.vn/en/px-web?pxid=E0201&theme=Population%20and%20Employment,source_reported_unharmonized
e0201_23ab287711,population,Population density,Population density (Person/km2),VN_SRC_TAYNINH,Tay Ninh,2025,annual,300.0,persons per km2,not_specified,E0201,https://www.nso.gov.vn/en/px-web?pxid=E0201&theme=Population%20and%20Employment,source_reported_unharmonized
e0201_23ab287711,population,Population density,Population density (Person/km2),VN_SRC_BINHDUONG,Binh Duong,2011,annual,630.91,persons per km2,not_specified,E0201,https://www.nso.gov.vn/en/px-web?pxid=E0201&theme=Population%20and%20Employment,source_reported_unharmonized
e0201_23ab287711,population,Population density,Population density (Person/km2),VN_SRC_BINHDUONG,Binh Duong,2012,annual,664.23,persons per km2,not_specified,E0201,https://www.nso.gov.vn/en/px-web?pxid=E0201&theme=Population%20and%20Employment,source_reported_unharmonized
e0201_23ab287711,population,Population density,Population density (Person/km2),VN_SRC_BINHDUONG,Binh Duong,2013,annual,695.32,persons per km2,not_specified,E0201,https://www.nso.gov.vn/en/px-web?pxid=E0201&theme=Population%20and%20Employment,source_reported_unharmonized
e0201_23ab287711,population,Population density,Population density (Person/km2),VN_SRC_BINHDUONG,Binh Duong,2014,annual,734.06,persons per km2,not_specified,E0201,https://www.nso.gov.vn/en/px-web?pxid=E0201&theme=Population%20and%20Employment,source_reported_unharmonized
e0201_23ab287711,population,Population density,Population density (Person/km2),VN_SRC_BINHDUONG,Binh Duong,2015,annual,767.96,persons per km2,not_specified,E0201,https://www.nso.gov.vn/en/px-web?pxid=E0201&theme=Population%20and%20Employment,source_reported_unharmonized
e0201_23ab287711,population,Population density,Population density (Person/km2),VN_SRC_BINHDUONG,Binh Duong,2016,annual,793.71,persons per km2,not_specified,E0201,https://www.nso.gov.vn/en/px-web?pxid=E0201&theme=Population%20and%20Employment,source_reported_unharmonized
e0201_23ab287711,population,Population density,Population density (Person/km2),VN_SRC_BINHDUONG,Binh Duong,2017,annual,826.54,persons per km2,not_specified,E0201,https://www.nso.gov.vn/en/px-web?pxid=E0201&theme=Population%20and%20Employment,source_reported_unharmonized
e0201_23ab287711,population,Population density,Population density (Person/km2),VN_SRC_BINHDUONG,Binh Duong,2018,annual,870.33,persons per km2,not_specified,E0201,https://www.nso.gov.vn/en/px-web?pxid=E0201&theme=Population%20and%20Employment,source_reported_unharmonized
e0201_23ab287711,population,Population density,Population density (Person/km2),VN_SRC_BINHDUONG,Binh Duong,2019,annual,912.0,persons per km2,not_specified,E0201,https://www.nso.gov.vn/en/px-web?pxid=E0201&theme=Population%20and%20Employment,source_reported_unharmonized
e0201_23ab287711,population,Population density,Population density (Person/km2),VN_SRC_BINHDUONG,Binh Duong,2020,annual,958.0,persons per km2,not_specified,E0201,https://www.nso.gov.vn/en/px-web?pxid=E0201&theme=Population%20and%20Employment,source_reported_unharmonized
e0201_23ab287711,population,Population density,Population density (Person/km2),VN_SRC_BINHDUONG,Binh Duong,2021,annual,964.0,persons per km2,not_specified,E0201,https://www.nso.gov.vn/en/px-web?pxid=E0201&theme=Population%20and%20Employment,source_reported_unharmonized
e0201_23ab287711,population,Population density,Population density (Person/km2),VN_SRC_BINHDUONG,Binh Duong,2022,annual,1025.0,persons per km2,not_specified,E0201,https://www.nso.gov.vn/en/px-web?pxid=E0201&theme=Population%20and%20Employment,source_reported_unharmonized
e0201_23ab287711,population,Population density,Population density (Person/km2),VN_SRC_BINHDUONG,Binh Duong,2023,annual,1047.79,persons per km2,not_specified,E0201,https://www.nso.gov.vn/en/px-web?pxid=E0201&theme=Population%20and%20Employment,source_reported_unharmonized
e0201_23ab287711,population,Population density,Population density (Person/km2),VN_SRC_BINHDUONG,Binh Duong,2024,annual,1065.3,persons per km2,not_specified,E0201,https://www.nso.gov.vn/en/px-web?pxid=E0201&theme=Population%20and%20Employment,source_reported_unharmonized
e0201_23ab287711,population,Population density,Population density (Person/km2),VN_SRC_BINHDUONG,Binh Duong,2025,annual,1080.0,persons per km2,not_specified,E0201,https://www.nso.gov.vn/en/px-web?pxid=E0201&theme=Population%20and%20Employment,source_reported_unharmonized
e0201_23ab287711,population,Population density,Population density (Person/km2),VN_SRC_DONGNAI,Dong Nai,2011,annual,450.6,persons per km2,not_specified,E0201,https://www.nso.gov.vn/en/px-web?pxid=E0201&theme=Population%20and%20Employment,source_reported_unharmonized
e0201_23ab287711,population,Population density,Population density (Person/km2),VN_SRC_DONGNAI,Dong Nai,2012,annual,460.29,persons per km2,not_specified,E0201,https://www.nso.gov.vn/en/px-web?pxid=E0201&theme=Population%20and%20Employment,source_reported_unharmonized
e0201_23ab287711,population,Population density,Population density (Person/km2),VN_SRC_DONGNAI,Dong Nai,2013,annual,469.16,persons per km2,not_specified,E0201,https://www.nso.gov.vn/en/px-web?pxid=E0201&theme=Population%20and%20Employment,source_reported_unharmonized
e0201_23ab287711,population,Population density,Population density (Person/km2),VN_SRC_DONGNAI,Dong Nai,2014,annual,479.29,persons per km2,not_specified,E0201,https://www.nso.gov.vn/en/px-web?pxid=E0201&theme=Population%20and%20Employment,source_reported_unharmonized
e0201_23ab287711,population,Population density,Population density (Person/km2),VN_SRC_DONGNAI,Dong Nai,2015,annual,489.23,persons per km2,not_specified,E0201,https://www.nso.gov.vn/en/px-web?pxid=E0201&theme=Population%20and%20Employment,source_reported_unharmonized
e0201_23ab287711,population,Population density,Population density (Person/km2),VN_SRC_DONGNAI,Dong Nai,2016,annual,503.34,persons per km2,not_specified,E0201,https://www.nso.gov.vn/en/px-web?pxid=E0201&theme=Population%20and%20Employment,source_reported_unharmonized
e0201_23ab287711,population,Population density,Population density (Person/km2),VN_SRC_DONGNAI,Dong Nai,2017,annual,512.47,persons per km2,not_specified,E0201,https://www.nso.gov.vn/en/px-web?pxid=E0201&theme=Population%20and%20Employment,source_reported_unharmonized
e0201_23ab287711,population,Population density,Population density (Person/km2),VN_SRC_DONGNAI,Dong Nai,2018,annual,521.03,persons per km2,not_specified,E0201,https://www.nso.gov.vn/en/px-web?pxid=E0201&theme=Population%20and%20Employment,source_reported_unharmonized
e0201_23ab287711,population,Population density,Population density (Person/km2),VN_SRC_DONGNAI,Dong Nai,2019,annual,531.0,persons per km2,not_specified,E0201,https://www.nso.gov.vn/en/px-web?pxid=E0201&theme=Population%20and%20Employment,source_reported_unharmonized
e0201_23ab287711,population,Population density,Population density (Person/km2),VN_SRC_DONGNAI,Dong Nai,2020,annual,542.0,persons per km2,not_specified,E0201,https://www.nso.gov.vn/en/px-web?pxid=E0201&theme=Population%20and%20Employment,source_reported_unharmonized
e0201_23ab287711,population,Population density,Population density (Person/km2),VN_SRC_DONGNAI,Dong Nai,2021,annual,540.0,persons per km2,not_specified,E0201,https://www.nso.gov.vn/en/px-web?pxid=E0201&theme=Population%20and%20Employment,source_reported_unharmonized
e0201_23ab287711,population,Population density,Population density (Person/km2),VN_SRC_DONGNAI,Dong Nai,2022,annual,555.0,persons per km2,not_specified,E0201,https://www.nso.gov.vn/en/px-web?pxid=E0201&theme=Population%20and%20Employment,source_reported_unharmonized
e0201_23ab287711,population,Population density,Population density (Person/km2),VN_SRC_DONGNAI,Dong Nai,2023,annual,564.64,persons per km2,not_specified,E0201,https://www.nso.gov.vn/en/px-web?pxid=E0201&theme=Population%20and%20Employment,source_reported_unharmonized
e0201_23ab287711,population,Population density,Population density (Person/km2),VN_SRC_DONGNAI,Dong Nai,2024,annual,573.95,persons per km2,not_specified,E0201,https://www.nso.gov.vn/en/px-web?pxid=E0201&theme=Population%20and%20Employment,source_reported_unharmonized
e0201_23ab287711,population,Population density,Population density (Person/km2),VN_SRC_DONGNAI,Dong Nai,2025,annual,583.0,persons per km2,not_specified,E0201,https://www.nso.gov.vn/en/px-web?pxid=E0201&theme=Population%20and%20Employment,source_reported_unharmonized
e0201_23ab287711,population,Population density,Population density (Person/km2),VN_SRC_BARIAVUNGTAU,Ba Ria - Vung Tau,2011,annual,523.14,persons per km2,not_specified,E0201,https://www.nso.gov.vn/en/px-web?pxid=E0201&theme=Population%20and%20Employment,source_reported_unharmonized
e0201_23ab287711,population,Population density,Population density (Person/km2),VN_SRC_BARIAVUNGTAU,Ba Ria - Vung Tau,2012,annual,531.71,persons per km2,not_specified,E0201,https://www.nso.gov.vn/en/px-web?pxid=E0201&theme=Population%20and%20Employment,source_reported_unharmonized
e0201_23ab287711,population,Population density,Population density (Person/km2),VN_SRC_BARIAVUNGTAU,Ba Ria - Vung Tau,2013,annual,541.27,persons per km2,not_specified,E0201,https://www.nso.gov.vn/en/px-web?pxid=E0201&theme=Population%20and%20Employment,source_reported_unharmonized
e0201_23ab287711,population,Population density,Population density (Person/km2),VN_SRC_BARIAVUNGTAU,Ba Ria - Vung Tau,2014,annual,549.57,persons per km2,not_specified,E0201,https://www.nso.gov.vn/en/px-web?pxid=E0201&theme=Population%20and%20Employment,source_reported_unharmonized
e0201_23ab287711,population,Population density,Population density (Person/km2),VN_SRC_BARIAVUNGTAU,Ba Ria - Vung Tau,2015,annual,555.06,persons per km2,not_specified,E0201,https://www.nso.gov.vn/en/px-web?pxid=E0201&theme=Population%20and%20Employment,source_reported_unharmonized
e0201_23ab287711,population,Population density,Population density (Person/km2),VN_SRC_BARIAVUNGTAU,Ba Ria - Vung Tau,2016,annual,564.22,persons per km2,not_specified,E0201,https://www.nso.gov.vn/en/px-web?pxid=E0201&theme=Population%20and%20Employment,source_reported_unharmonized
e0201_23ab287711,population,Population density,Population density (Person/km2),VN_SRC_BARIAVUNGTAU,Ba Ria - Vung Tau,2017,annual,569.01,persons per km2,not_specified,E0201,https://www.nso.gov.vn/en/px-web?pxid=E0201&theme=Population%20and%20Employment,source_reported_unharmonized
e0201_23ab287711,population,Population density,Population density (Person/km2),VN_SRC_BARIAVUNGTAU,Ba Ria - Vung Tau,2018,annual,574.61,persons per km2,not_specified,E0201,https://www.nso.gov.vn/en/px-web?pxid=E0201&theme=Population%20and%20Employment,source_reported_unharmonized
e0201_23ab287711,population,Population density,Population density (Person/km2),VN_SRC_BARIAVUNGTAU,Ba Ria - Vung Tau,2019,annual,582.0,persons per km2,not_specified,E0201,https://www.nso.gov.vn/en/px-web?pxid=E0201&theme=Population%20and%20Employment,source_reported_unharmonized
e0201_23ab287711,population,Population density,Population density (Person/km2),VN_SRC_BARIAVUNGTAU,Ba Ria - Vung Tau,2020,annual,590.0,persons per km2,not_specified,E0201,https://www.nso.gov.vn/en/px-web?pxid=E0201&theme=Population%20and%20Employment,source_reported_unharmonized
e0201_23ab287711,population,Population density,Population density (Person/km2),VN_SRC_BARIAVUNGTAU,Ba Ria - Vung Tau,2021,annual,593.0,persons per km2,not_specified,E0201,https://www.nso.gov.vn/en/px-web?pxid=E0201&theme=Population%20and%20Employment,source_reported_unharmonized
e0201_23ab287711,population,Population density,Population density (Person/km2),VN_SRC_BARIAVUNGTAU,Ba Ria - Vung Tau,2022,annual,595.0,persons per km2,not_specified,E0201,https://www.nso.gov.vn/en/px-web?pxid=E0201&theme=Population%20and%20Employment,source_reported_unharmonized
e0201_23ab287711,population,Population density,Population density (Person/km2),VN_SRC_BARIAVUNGTAU,Ba Ria - Vung Tau,2023,annual,598.97,persons per km2,not_specified,E0201,https://www.nso.gov.vn/en/px-web?pxid=E0201&theme=Population%20and%20Employment,source_reported_unharmonized
e0201_23ab287711,population,Population density,Population density (Person/km2),VN_SRC_BARIAVUNGTAU,Ba Ria - Vung Tau,2024,annual,602.58,persons per km2,not_specified,E0201,https://www.nso.gov.vn/en/px-web?pxid=E0201&theme=Population%20and%20Employment,source_reported_unharmonized
e0201_23ab287711,population,Population density,Population density (Person/km2),VN_SRC_BARIAVUNGTAU,Ba Ria - Vung Tau,2025,annual,607.0,persons per km2,not_specified,E0201,https://www.nso.gov.vn/en/px-web?pxid=E0201&theme=Population%20and%20Employment,source_reported_unharmonized
e0201_23ab287711,population,Population density,Population density (Person/km2),VN_SRC_HOCHIMINHCITY,Ho Chi Minh city,2011,annual,3633.05,persons per km2,not_specified,E0201,https://www.nso.gov.vn/en/px-web?pxid=E0201&theme=Population%20and%20Employment,source_reported_unharmonized
e0201_23ab287711,population,Population density,Population density (Person/km2),VN_SRC_HOCHIMINHCITY,Ho Chi Minh city,2012,annual,3717.25,persons per km2,not_specified,E0201,https://www.nso.gov.vn/en/px-web?pxid=E0201&theme=Population%20and%20Employment,source_reported_unharmonized
e0201_23ab287711,population,Population density,Population density (Person/km2),VN_SRC_HOCHIMINHCITY,Ho Chi Minh city,2013,annual,3805.12,persons per km2,not_specified,E0201,https://www.nso.gov.vn/en/px-web?pxid=E0201&theme=Population%20and%20Employment,source_reported_unharmonized
e0201_23ab287711,population,Population density,Population density (Person/km2),VN_SRC_HOCHIMINHCITY,Ho Chi Minh city,2014,annual,3882.56,persons per km2,not_specified,E0201,https://www.nso.gov.vn/en/px-web?pxid=E0201&theme=Population%20and%20Employment,source_reported_unharmonized
e0201_23ab287711,population,Population density,Population density (Person/km2),VN_SRC_HOCHIMINHCITY,Ho Chi Minh city,2015,annual,3964.64,persons per km2,not_specified,E0201,https://www.nso.gov.vn/en/px-web?pxid=E0201&theme=Population%20and%20Employment,source_reported_unharmonized
e0201_23ab287711,population,Population density,Population density (Person/km2),VN_SRC_HOCHIMINHCITY,Ho Chi Minh city,2016,annual,4113.27,persons per km2,not_specified,E0201,https://www.nso.gov.vn/en/px-web?pxid=E0201&theme=Population%20and%20Employment,source_reported_unharmonized
e0201_23ab287711,population,Population density,Population density (Person/km2),VN_SRC_HOCHIMINHCITY,Ho Chi Minh city,2017,annual,4196.39,persons per km2,not_specified,E0201,https://www.nso.gov.vn/en/px-web?pxid=E0201&theme=Population%20and%20Employment,source_reported_unharmonized
e0201_23ab287711,population,Population density,Population density (Person/km2),VN_SRC_HOCHIMINHCITY,Ho Chi Minh city,2018,annual,4289.9,persons per km2,not_specified,E0201,https://www.nso.gov.vn/en/px-web?pxid=E0201&theme=Population%20and%20Employment,source_reported_unharmonized
e0201_23ab287711,population,Population density,Population density (Person/km2),VN_SRC_HOCHIMINHCITY,Ho Chi Minh city,2019,annual,4385.0,persons per km2,not_specified,E0201,https://www.nso.gov.vn/en/px-web?pxid=E0201&theme=Population%20and%20Employment,source_reported_unharmonized
e0201_23ab287711,population,Population density,Population density (Person/km2),VN_SRC_HOCHIMINHCITY,Ho Chi Minh city,2020,annual,4476.0,persons per km2,not_specified,E0201,https://www.nso.gov.vn/en/px-web?pxid=E0201&theme=Population%20and%20Employment,source_reported_unharmonized
e0201_23ab287711,population,Population density,Population density (Person/km2),VN_SRC_HOCHIMINHCITY,Ho Chi Minh city,2021,annual,4375.0,persons per km2,not_specified,E0201,https://www.nso.gov.vn/en/px-web?pxid=E0201&theme=Population%20and%20Employment,source_reported_unharmonized
e0201_23ab287711,population,Population density,Population density (Person/km2),VN_SRC_HOCHIMINHCITY,Ho Chi Minh city,2022,annual,4481.0,persons per km2,not_specified,E0201,https://www.nso.gov.vn/en/px-web?pxid=E0201&theme=Population%20and%20Employment,source_reported_unharmonized
e0201_23ab287711,population,Population density,Population density (Person/km2),VN_SRC_HOCHIMINHCITY,Ho Chi Minh city,2023,annual,4513.07,persons per km2,not_specified,E0201,https://www.nso.gov.vn/en/px-web?pxid=E0201&theme=Population%20and%20Employment,source_reported_unharmonized
e0201_23ab287711,population,Population density,Population density (Person/km2),VN_SRC_HOCHIMINHCITY,Ho Chi Minh city,2024,annual,4554.58,persons per km2,not_specified,E0201,https://www.nso.gov.vn/en/px-web?pxid=E0201&theme=Population%20and%20Employment,source_reported_unharmonized
e0201_23ab287711,population,Population density,Population density (Person/km2),VN_SRC_HOCHIMINHCITY,Ho Chi Minh city,2025,annual,4625.0,persons per km2,not_specified,E0201,https://www.nso.gov.vn/en/px-web?pxid=E0201&theme=Population%20and%20Employment,source_reported_unharmonized
e0201_23ab287711,population,Population density,Population density (Person/km2),VN_SRC_LONGAN,Long An,2011,annual,334.81,persons per km2,not_specified,E0201,https://www.nso.gov.vn/en/px-web?pxid=E0201&theme=Population%20and%20Employment,source_reported_unharmonized
e0201_23ab287711,population,Population density,Population density (Person/km2),VN_SRC_LONGAN,Long An,2012,annual,344.97,persons per km2,not_specified,E0201,https://www.nso.gov.vn/en/px-web?pxid=E0201&theme=Population%20and%20Employment,source_reported_unharmonized
e0201_23ab287711,population,Population density,Population density (Person/km2),VN_SRC_LONGAN,Long An,2013,annual,353.49,persons per km2,not_specified,E0201,https://www.nso.gov.vn/en/px-web?pxid=E0201&theme=Population%20and%20Employment,source_reported_unharmonized
e0201_23ab287711,population,Population density,Population density (Person/km2),VN_SRC_LONGAN,Long An,2014,annual,358.55,persons per km2,not_specified,E0201,https://www.nso.gov.vn/en/px-web?pxid=E0201&theme=Population%20and%20Employment,source_reported_unharmonized
e0201_23ab287711,population,Population density,Population density (Person/km2),VN_SRC_LONGAN,Long An,2015,annual,361.78,persons per km2,not_specified,E0201,https://www.nso.gov.vn/en/px-web?pxid=E0201&theme=Population%20and%20Employment,source_reported_unharmonized
e0201_23ab287711,population,Population density,Population density (Person/km2),VN_SRC_LONGAN,Long An,2016,annual,366.02,persons per km2,not_specified,E0201,https://www.nso.gov.vn/en/px-web?pxid=E0201&theme=Population%20and%20Employment,source_reported_unharmonized
e0201_23ab287711,population,Population density,Population density (Person/km2),VN_SRC_LONGAN,Long An,2017,annual,369.82,persons per km2,not_specified,E0201,https://www.nso.gov.vn/en/px-web?pxid=E0201&theme=Population%20and%20Employment,source_reported_unharmonized
e0201_23ab287711,population,Population density,Population density (Person/km2),VN_SRC_LONGAN,Long An,2018,annual,373.51,persons per km2,not_specified,E0201,https://www.nso.gov.vn/en/px-web?pxid=E0201&theme=Population%20and%20Employment,source_reported_unharmonized
e0201_23ab287711,population,Population density,Population density (Person/km2),VN_SRC_LONGAN,Long An,2019,annual,377.0,persons per km2,not_specified,E0201,https://www.nso.gov.vn/en/px-web?pxid=E0201&theme=Population%20and%20Employment,source_reported_unharmonized
e0201_23ab287711,population,Population density,Population density (Person/km2),VN_SRC_LONGAN,Long An,2020,annual,381.0,persons per km2,not_specified,E0201,https://www.nso.gov.vn/en/px-web?pxid=E0201&theme=Population%20and%20Employment,source_reported_unharmonized
e0201_23ab287711,population,Population density,Population density (Person/km2),VN_SRC_LONGAN,Long An,2021,annual,384.0,persons per km2,not_specified,E0201,https://www.nso.gov.vn/en/px-web?pxid=E0201&theme=Population%20and%20Employment,source_reported_unharmonized
e0201_23ab287711,population,Population density,Population density (Person/km2),VN_SRC_LONGAN,Long An,2022,annual,386.0,persons per km2,not_specified,E0201,https://www.nso.gov.vn/en/px-web?pxid=E0201&theme=Population%20and%20Employment,source_reported_unharmonized
e0201_23ab287711,population,Population density,Population density (Person/km2),VN_SRC_LONGAN,Long An,2023,annual,387.88,persons per km2,not_specified,E0201,https://www.nso.gov.vn/en/px-web?pxid=E0201&theme=Population%20and%20Employment,source_reported_unharmonized
e0201_23ab287711,population,Population density,Population density (Person/km2),VN_SRC_LONGAN,Long An,2024,annual,390.73,persons per km2,not_specified,E0201,https://www.nso.gov.vn/en/px-web?pxid=E0201&theme=Population%20and%20Employment,source_reported_unharmonized
e0201_23ab287711,population,Population density,Population density (Person/km2),VN_SRC_LONGAN,Long An,2025,annual,394.0,persons per km2,not_specified,E0201,https://www.nso.gov.vn/en/px-web?pxid=E0201&theme=Population%20and%20Employment,source_reported_unharmonized
e0201_23ab287711,population,Population density,Population density (Person/km2),VN_SRC_TIENGIANG,Tien Giang,2011,annual,670.81,persons per km2,not_specified,E0201,https://www.nso.gov.vn/en/px-web?pxid=E0201&theme=Population%20and%20Employment,source_reported_unharmonized
e0201_23ab287711,population,Population density,Population density (Person/km2),VN_SRC_TIENGIANG,Tien Giang,2012,annual,674.74,persons per km2,not_specified,E0201,https://www.nso.gov.vn/en/px-web?pxid=E0201&theme=Population%20and%20Employment,source_reported_unharmonized
e0201_23ab287711,population,Population density,Population density (Person/km2),VN_SRC_TIENGIANG,Tien Giang,2013,annual,679.97,persons per km2,not_specified,E0201,https://www.nso.gov.vn/en/px-web?pxid=E0201&theme=Population%20and%20Employment,source_reported_unharmonized
e0201_23ab287711,population,Population density,Population density (Person/km2),VN_SRC_TIENGIANG,Tien Giang,2014,annual,683.89,persons per km2,not_specified,E0201,https://www.nso.gov.vn/en/px-web?pxid=E0201&theme=Population%20and%20Employment,source_reported_unharmonized
e0201_23ab287711,population,Population density,Population density (Person/km2),VN_SRC_TIENGIANG,Tien Giang,2015,annual,688.92,persons per km2,not_specified,E0201,https://www.nso.gov.vn/en/px-web?pxid=E0201&theme=Population%20and%20Employment,source_reported_unharmonized
e0201_23ab287711,population,Population density,Population density (Person/km2),VN_SRC_TIENGIANG,Tien Giang,2016,annual,693.13,persons per km2,not_specified,E0201,https://www.nso.gov.vn/en/px-web?pxid=E0201&theme=Population%20and%20Employment,source_reported_unharmonized
e0201_23ab287711,population,Population density,Population density (Person/km2),VN_SRC_TIENGIANG,Tien Giang,2017,annual,697.76,persons per km2,not_specified,E0201,https://www.nso.gov.vn/en/px-web?pxid=E0201&theme=Population%20and%20Employment,source_reported_unharmonized
e0201_23ab287711,population,Population density,Population density (Person/km2),VN_SRC_TIENGIANG,Tien Giang,2018,annual,700.67,persons per km2,not_specified,E0201,https://www.nso.gov.vn/en/px-web?pxid=E0201&theme=Population%20and%20Employment,source_reported_unharmonized
e0201_23ab287711,population,Population density,Population density (Person/km2),VN_SRC_TIENGIANG,Tien Giang,2019,annual,704.0,persons per km2,not_specified,E0201,https://www.nso.gov.vn/en/px-web?pxid=E0201&theme=Population%20and%20Employment,source_reported_unharmonized
e0201_23ab287711,population,Population density,Population density (Person/km2),VN_SRC_TIENGIANG,Tien Giang,2020,annual,706.0,persons per km2,not_specified,E0201,https://www.nso.gov.vn/en/px-web?pxid=E0201&theme=Population%20and%20Employment,source_reported_unharmonized
e0201_23ab287711,population,Population density,Population density (Person/km2),VN_SRC_TIENGIANG,Tien Giang,2021,annual,696.0,persons per km2,not_specified,E0201,https://www.nso.gov.vn/en/px-web?pxid=E0201&theme=Population%20and%20Employment,source_reported_unharmonized
e0201_23ab287711,population,Population density,Population density (Person/km2),VN_SRC_TIENGIANG,Tien Giang,2022,annual,698.0,persons per km2,not_specified,E0201,https://www.nso.gov.vn/en/px-web?pxid=E0201&theme=Population%20and%20Employment,source_reported_unharmonized
e0201_23ab287711,population,Population density,Population density (Person/km2),VN_SRC_TIENGIANG,Tien Giang,2023,annual,700.47,persons per km2,not_specified,E0201,https://www.nso.gov.vn/en/px-web?pxid=E0201&theme=Population%20and%20Employment,source_reported_unharmonized
e0201_23ab287711,population,Population density,Population density (Person/km2),VN_SRC_TIENGIANG,Tien Giang,2024,annual,702.59,persons per km2,not_specified,E0201,https://www.nso.gov.vn/en/px-web?pxid=E0201&theme=Population%20and%20Employment,source_reported_unharmonized
e0201_23ab287711,population,Population density,Population density (Person/km2),VN_SRC_TIENGIANG,Tien Giang,2025,annual,705.0,persons per km2,not_specified,E0201,https://www.nso.gov.vn/en/px-web?pxid=E0201&theme=Population%20and%20Employment,source_reported_unharmonized
e0201_23ab287711,population,Population density,Population density (Person/km2),VN_SRC_BENTRE,Ben Tre,2011,annual,534.89,persons per km2,not_specified,E0201,https://www.nso.gov.vn/en/px-web?pxid=E0201&theme=Population%20and%20Employment,source_reported_unharmonized
e0201_23ab287711,population,Population density,Population density (Person/km2),VN_SRC_BENTRE,Ben Tre,2012,annual,537.28,persons per km2,not_specified,E0201,https://www.nso.gov.vn/en/px-web?pxid=E0201&theme=Population%20and%20Employment,source_reported_unharmonized
e0201_23ab287711,population,Population density,Population density (Person/km2),VN_SRC_BENTRE,Ben Tre,2013,annual,538.13,persons per km2,not_specified,E0201,https://www.nso.gov.vn/en/px-web?pxid=E0201&theme=Population%20and%20Employment,source_reported_unharmonized
e0201_23ab287711,population,Population density,Population density (Person/km2),VN_SRC_BENTRE,Ben Tre,2014,annual,539.24,persons per km2,not_specified,E0201,https://www.nso.gov.vn/en/px-web?pxid=E0201&theme=Population%20and%20Employment,source_reported_unharmonized
e0201_23ab287711,population,Population density,Population density (Person/km2),VN_SRC_BENTRE,Ben Tre,2015,annual,540.64,persons per km2,not_specified,E0201,https://www.nso.gov.vn/en/px-web?pxid=E0201&theme=Population%20and%20Employment,source_reported_unharmonized
e0201_23ab287711,population,Population density,Population density (Person/km2),VN_SRC_BENTRE,Ben Tre,2016,annual,533.95,persons per km2,not_specified,E0201,https://www.nso.gov.vn/en/px-web?pxid=E0201&theme=Population%20and%20Employment,source_reported_unharmonized
e0201_23ab287711,population,Population density,Population density (Person/km2),VN_SRC_BENTRE,Ben Tre,2017,annual,535.52,persons per km2,not_specified,E0201,https://www.nso.gov.vn/en/px-web?pxid=E0201&theme=Population%20and%20Employment,source_reported_unharmonized
e0201_23ab287711,population,Population density,Population density (Person/km2),VN_SRC_BENTRE,Ben Tre,2018,annual,537.0,persons per km2,not_specified,E0201,https://www.nso.gov.vn/en/px-web?pxid=E0201&theme=Population%20and%20Employment,source_reported_unharmonized
e0201_23ab287711,population,Population density,Population density (Person/km2),VN_SRC_BENTRE,Ben Tre,2019,annual,538.0,persons per km2,not_specified,E0201,https://www.nso.gov.vn/en/px-web?pxid=E0201&theme=Population%20and%20Employment,source_reported_unharmonized
e0201_23ab287711,population,Population density,Population density (Person/km2),VN_SRC_BENTRE,Ben Tre,2020,annual,540.0,persons per km2,not_specified,E0201,https://www.nso.gov.vn/en/px-web?pxid=E0201&theme=Population%20and%20Employment,source_reported_unharmonized
e0201_23ab287711,population,Population density,Population density (Person/km2),VN_SRC_BENTRE,Ben Tre,2021,annual,544.0,persons per km2,not_specified,E0201,https://www.nso.gov.vn/en/px-web?pxid=E0201&theme=Population%20and%20Employment,source_reported_unharmonized
e0201_23ab287711,population,Population density,Population density (Person/km2),VN_SRC_BENTRE,Ben Tre,2022,annual,545.0,persons per km2,not_specified,E0201,https://www.nso.gov.vn/en/px-web?pxid=E0201&theme=Population%20and%20Employment,source_reported_unharmonized
e0201_23ab287711,population,Population density,Population density (Person/km2),VN_SRC_BENTRE,Ben Tre,2023,annual,546.0,persons per km2,not_specified,E0201,https://www.nso.gov.vn/en/px-web?pxid=E0201&theme=Population%20and%20Employment,source_reported_unharmonized
e0201_23ab287711,population,Population density,Population density (Person/km2),VN_SRC_BENTRE,Ben Tre,2024,annual,548.92,persons per km2,not_specified,E0201,https://www.nso.gov.vn/en/px-web?pxid=E0201&theme=Population%20and%20Employment,source_reported_unharmonized
e0201_23ab287711,population,Population density,Population density (Person/km2),VN_SRC_BENTRE,Ben Tre,2025,annual,551.0,persons per km2,not_specified,E0201,https://www.nso.gov.vn/en/px-web?pxid=E0201&theme=Population%20and%20Employment,source_reported_unharmonized
e0201_23ab287711,population,Population density,Population density (Person/km2),VN_SRC_TRAVINH,Tra Vinh,2011,annual,428.99,persons per km2,not_specified,E0201,https://www.nso.gov.vn/en/px-web?pxid=E0201&theme=Population%20and%20Employment,source_reported_unharmonized
e0201_23ab287711,population,Population density,Population density (Person/km2),VN_SRC_TRAVINH,Tra Vinh,2012,annual,429.32,persons per km2,not_specified,E0201,https://www.nso.gov.vn/en/px-web?pxid=E0201&theme=Population%20and%20Employment,source_reported_unharmonized
e0201_23ab287711,population,Population density,Population density (Person/km2),VN_SRC_TRAVINH,Tra Vinh,2013,annual,429.53,persons per km2,not_specified,E0201,https://www.nso.gov.vn/en/px-web?pxid=E0201&theme=Population%20and%20Employment,source_reported_unharmonized
e0201_23ab287711,population,Population density,Population density (Person/km2),VN_SRC_TRAVINH,Tra Vinh,2014,annual,429.8,persons per km2,not_specified,E0201,https://www.nso.gov.vn/en/px-web?pxid=E0201&theme=Population%20and%20Employment,source_reported_unharmonized
e0201_23ab287711,population,Population density,Population density (Person/km2),VN_SRC_TRAVINH,Tra Vinh,2015,annual,430.08,persons per km2,not_specified,E0201,https://www.nso.gov.vn/en/px-web?pxid=E0201&theme=Population%20and%20Employment,source_reported_unharmonized
e0201_23ab287711,population,Population density,Population density (Person/km2),VN_SRC_TRAVINH,Tra Vinh,2016,annual,427.28,persons per km2,not_specified,E0201,https://www.nso.gov.vn/en/px-web?pxid=E0201&theme=Population%20and%20Employment,source_reported_unharmonized
e0201_23ab287711,population,Population density,Population density (Person/km2),VN_SRC_TRAVINH,Tra Vinh,2017,annual,427.47,persons per km2,not_specified,E0201,https://www.nso.gov.vn/en/px-web?pxid=E0201&theme=Population%20and%20Employment,source_reported_unharmonized
e0201_23ab287711,population,Population density,Population density (Person/km2),VN_SRC_TRAVINH,Tra Vinh,2018,annual,427.77,persons per km2,not_specified,E0201,https://www.nso.gov.vn/en/px-web?pxid=E0201&theme=Population%20and%20Employment,source_reported_unharmonized
e0201_23ab287711,population,Population density,Population density (Person/km2),VN_SRC_TRAVINH,Tra Vinh,2019,annual,428.0,persons per km2,not_specified,E0201,https://www.nso.gov.vn/en/px-web?pxid=E0201&theme=Population%20and%20Employment,source_reported_unharmonized
e0201_23ab287711,population,Population density,Population density (Person/km2),VN_SRC_TRAVINH,Tra Vinh,2020,annual,428.0,persons per km2,not_specified,E0201,https://www.nso.gov.vn/en/px-web?pxid=E0201&theme=Population%20and%20Employment,source_reported_unharmonized
e0201_23ab287711,population,Population density,Population density (Person/km2),VN_SRC_TRAVINH,Tra Vinh,2021,annual,426.0,persons per km2,not_specified,E0201,https://www.nso.gov.vn/en/px-web?pxid=E0201&theme=Population%20and%20Employment,source_reported_unharmonized
e0201_23ab287711,population,Population density,Population density (Person/km2),VN_SRC_TRAVINH,Tra Vinh,2022,annual,426.0,persons per km2,not_specified,E0201,https://www.nso.gov.vn/en/px-web?pxid=E0201&theme=Population%20and%20Employment,source_reported_unharmonized
e0201_23ab287711,population,Population density,Population density (Person/km2),VN_SRC_TRAVINH,Tra Vinh,2023,annual,426.59,persons per km2,not_specified,E0201,https://www.nso.gov.vn/en/px-web?pxid=E0201&theme=Population%20and%20Employment,source_reported_unharmonized
e0201_23ab287711,population,Population density,Population density (Person/km2),VN_SRC_TRAVINH,Tra Vinh,2024,annual,428.27,persons per km2,not_specified,E0201,https://www.nso.gov.vn/en/px-web?pxid=E0201&theme=Population%20and%20Employment,source_reported_unharmonized
e0201_23ab287711,population,Population density,Population density (Person/km2),VN_SRC_TRAVINH,Tra Vinh,2025,annual,430.0,persons per km2,not_specified,E0201,https://www.nso.gov.vn/en/px-web?pxid=E0201&theme=Population%20and%20Employment,source_reported_unharmonized
e0201_23ab287711,population,Population density,Population density (Person/km2),VN_SRC_VINHLONG,Vinh Long,2011,annual,684.69,persons per km2,not_specified,E0201,https://www.nso.gov.vn/en/px-web?pxid=E0201&theme=Population%20and%20Employment,source_reported_unharmonized
e0201_23ab287711,population,Population density,Population density (Person/km2),VN_SRC_VINHLONG,Vinh Long,2012,annual,679.52,persons per km2,not_specified,E0201,https://www.nso.gov.vn/en/px-web?pxid=E0201&theme=Population%20and%20Employment,source_reported_unharmonized
e0201_23ab287711,population,Population density,Population density (Person/km2),VN_SRC_VINHLONG,Vinh Long,2013,annual,673.49,persons per km2,not_specified,E0201,https://www.nso.gov.vn/en/px-web?pxid=E0201&theme=Population%20and%20Employment,source_reported_unharmonized
e0201_23ab287711,population,Population density,Population density (Person/km2),VN_SRC_VINHLONG,Vinh Long,2014,annual,673.43,persons per km2,not_specified,E0201,https://www.nso.gov.vn/en/px-web?pxid=E0201&theme=Population%20and%20Employment,source_reported_unharmonized
e0201_23ab287711,population,Population density,Population density (Person/km2),VN_SRC_VINHLONG,Vinh Long,2015,annual,673.07,persons per km2,not_specified,E0201,https://www.nso.gov.vn/en/px-web?pxid=E0201&theme=Population%20and%20Employment,source_reported_unharmonized
e0201_23ab287711,population,Population density,Population density (Person/km2),VN_SRC_VINHLONG,Vinh Long,2016,annual,670.42,persons per km2,not_specified,E0201,https://www.nso.gov.vn/en/px-web?pxid=E0201&theme=Population%20and%20Employment,source_reported_unharmonized
e0201_23ab287711,population,Population density,Population density (Person/km2),VN_SRC_VINHLONG,Vinh Long,2017,annual,670.25,persons per km2,not_specified,E0201,https://www.nso.gov.vn/en/px-web?pxid=E0201&theme=Population%20and%20Employment,source_reported_unharmonized
e0201_23ab287711,population,Population density,Population density (Person/km2),VN_SRC_VINHLONG,Vinh Long,2018,annual,670.32,persons per km2,not_specified,E0201,https://www.nso.gov.vn/en/px-web?pxid=E0201&theme=Population%20and%20Employment,source_reported_unharmonized
e0201_23ab287711,population,Population density,Population density (Person/km2),VN_SRC_VINHLONG,Vinh Long,2019,annual,670.0,persons per km2,not_specified,E0201,https://www.nso.gov.vn/en/px-web?pxid=E0201&theme=Population%20and%20Employment,source_reported_unharmonized
e0201_23ab287711,population,Population density,Population density (Person/km2),VN_SRC_VINHLONG,Vinh Long,2020,annual,670.0,persons per km2,not_specified,E0201,https://www.nso.gov.vn/en/px-web?pxid=E0201&theme=Population%20and%20Employment,source_reported_unharmonized
e0201_23ab287711,population,Population density,Population density (Person/km2),VN_SRC_VINHLONG,Vinh Long,2021,annual,674.0,persons per km2,not_specified,E0201,https://www.nso.gov.vn/en/px-web?pxid=E0201&theme=Population%20and%20Employment,source_reported_unharmonized
e0201_23ab287711,population,Population density,Population density (Person/km2),VN_SRC_VINHLONG,Vinh Long,2022,annual,674.0,persons per km2,not_specified,E0201,https://www.nso.gov.vn/en/px-web?pxid=E0201&theme=Population%20and%20Employment,source_reported_unharmonized
e0201_23ab287711,population,Population density,Population density (Person/km2),VN_SRC_VINHLONG,Vinh Long,2023,annual,674.84,persons per km2,not_specified,E0201,https://www.nso.gov.vn/en/px-web?pxid=E0201&theme=Population%20and%20Employment,source_reported_unharmonized
e0201_23ab287711,population,Population density,Population density (Person/km2),VN_SRC_VINHLONG,Vinh Long,2024,annual,679.85,persons per km2,not_specified,E0201,https://www.nso.gov.vn/en/px-web?pxid=E0201&theme=Population%20and%20Employment,source_reported_unharmonized
e0201_23ab287711,population,Population density,Population density (Person/km2),VN_SRC_VINHLONG,Vinh Long,2025,annual,683.0,persons per km2,not_specified,E0201,https://www.nso.gov.vn/en/px-web?pxid=E0201&theme=Population%20and%20Employment,source_reported_unharmonized
e0201_23ab287711,population,Population density,Population density (Person/km2),VN_SRC_DONGTHAP,Dong Thap,2011,annual,489.56,persons per km2,not_specified,E0201,https://www.nso.gov.vn/en/px-web?pxid=E0201&theme=Population%20and%20Employment,source_reported_unharmonized
e0201_23ab287711,population,Population density,Population density (Person/km2),VN_SRC_DONGTHAP,Dong Thap,2012,annual,487.46,persons per km2,not_specified,E0201,https://www.nso.gov.vn/en/px-web?pxid=E0201&theme=Population%20and%20Employment,source_reported_unharmonized
e0201_23ab287711,population,Population density,Population density (Person/km2),VN_SRC_DONGTHAP,Dong Thap,2013,annual,485.15,persons per km2,not_specified,E0201,https://www.nso.gov.vn/en/px-web?pxid=E0201&theme=Population%20and%20Employment,source_reported_unharmonized
e0201_23ab287711,population,Population density,Population density (Person/km2),VN_SRC_DONGTHAP,Dong Thap,2014,annual,483.12,persons per km2,not_specified,E0201,https://www.nso.gov.vn/en/px-web?pxid=E0201&theme=Population%20and%20Employment,source_reported_unharmonized
e0201_23ab287711,population,Population density,Population density (Person/km2),VN_SRC_DONGTHAP,Dong Thap,2015,annual,481.12,persons per km2,not_specified,E0201,https://www.nso.gov.vn/en/px-web?pxid=E0201&theme=Population%20and%20Employment,source_reported_unharmonized
e0201_23ab287711,population,Population density,Population density (Person/km2),VN_SRC_DONGTHAP,Dong Thap,2016,annual,478.43,persons per km2,not_specified,E0201,https://www.nso.gov.vn/en/px-web?pxid=E0201&theme=Population%20and%20Employment,source_reported_unharmonized
e0201_23ab287711,population,Population density,Population density (Person/km2),VN_SRC_DONGTHAP,Dong Thap,2017,annual,476.54,persons per km2,not_specified,E0201,https://www.nso.gov.vn/en/px-web?pxid=E0201&theme=Population%20and%20Employment,source_reported_unharmonized
e0201_23ab287711,population,Population density,Population density (Person/km2),VN_SRC_DONGTHAP,Dong Thap,2018,annual,474.64,persons per km2,not_specified,E0201,https://www.nso.gov.vn/en/px-web?pxid=E0201&theme=Population%20and%20Employment,source_reported_unharmonized
e0201_23ab287711,population,Population density,Population density (Person/km2),VN_SRC_DONGTHAP,Dong Thap,2019,annual,472.0,persons per km2,not_specified,E0201,https://www.nso.gov.vn/en/px-web?pxid=E0201&theme=Population%20and%20Employment,source_reported_unharmonized
e0201_23ab287711,population,Population density,Population density (Person/km2),VN_SRC_DONGTHAP,Dong Thap,2020,annual,473.0,persons per km2,not_specified,E0201,https://www.nso.gov.vn/en/px-web?pxid=E0201&theme=Population%20and%20Employment,source_reported_unharmonized
e0201_23ab287711,population,Population density,Population density (Person/km2),VN_SRC_DONGTHAP,Dong Thap,2021,annual,473.0,persons per km2,not_specified,E0201,https://www.nso.gov.vn/en/px-web?pxid=E0201&theme=Population%20and%20Employment,source_reported_unharmonized
e0201_23ab287711,population,Population density,Population density (Person/km2),VN_SRC_DONGTHAP,Dong Thap,2022,annual,473.0,persons per km2,not_specified,E0201,https://www.nso.gov.vn/en/px-web?pxid=E0201&theme=Population%20and%20Employment,source_reported_unharmonized
e0201_23ab287711,population,Population density,Population density (Person/km2),VN_SRC_DONGTHAP,Dong Thap,2023,annual,473.13,persons per km2,not_specified,E0201,https://www.nso.gov.vn/en/px-web?pxid=E0201&theme=Population%20and%20Employment,source_reported_unharmonized
e0201_23ab287711,population,Population density,Population density (Person/km2),VN_SRC_DONGTHAP,Dong Thap,2024,annual,473.38,persons per km2,not_specified,E0201,https://www.nso.gov.vn/en/px-web?pxid=E0201&theme=Population%20and%20Employment,source_reported_unharmonized
e0201_23ab287711,population,Population density,Population density (Person/km2),VN_SRC_DONGTHAP,Dong Thap,2025,annual,474.0,persons per km2,not_specified,E0201,https://www.nso.gov.vn/en/px-web?pxid=E0201&theme=Population%20and%20Employment,source_reported_unharmonized
e0201_23ab287711,population,Population density,Population density (Person/km2),VN_SRC_ANGIANG,An Giang,2011,annual,593.08,persons per km2,not_specified,E0201,https://www.nso.gov.vn/en/px-web?pxid=E0201&theme=Population%20and%20Employment,source_reported_unharmonized
e0201_23ab287711,population,Population density,Population density (Person/km2),VN_SRC_ANGIANG,An Giang,2012,annual,587.54,persons per km2,not_specified,E0201,https://www.nso.gov.vn/en/px-web?pxid=E0201&theme=Population%20and%20Employment,source_reported_unharmonized
e0201_23ab287711,population,Population density,Population density (Person/km2),VN_SRC_ANGIANG,An Giang,2013,annual,580.09,persons per km2,not_specified,E0201,https://www.nso.gov.vn/en/px-web?pxid=E0201&theme=Population%20and%20Employment,source_reported_unharmonized
e0201_23ab287711,population,Population density,Population density (Person/km2),VN_SRC_ANGIANG,An Giang,2014,annual,572.45,persons per km2,not_specified,E0201,https://www.nso.gov.vn/en/px-web?pxid=E0201&theme=Population%20and%20Employment,source_reported_unharmonized
e0201_23ab287711,population,Population density,Population density (Person/km2),VN_SRC_ANGIANG,An Giang,2015,annual,565.75,persons per km2,not_specified,E0201,https://www.nso.gov.vn/en/px-web?pxid=E0201&theme=Population%20and%20Employment,source_reported_unharmonized
e0201_23ab287711,population,Population density,Population density (Person/km2),VN_SRC_ANGIANG,An Giang,2016,annual,558.83,persons per km2,not_specified,E0201,https://www.nso.gov.vn/en/px-web?pxid=E0201&theme=Population%20and%20Employment,source_reported_unharmonized
e0201_23ab287711,population,Population density,Population density (Person/km2),VN_SRC_ANGIANG,An Giang,2017,annual,552.55,persons per km2,not_specified,E0201,https://www.nso.gov.vn/en/px-web?pxid=E0201&theme=Population%20and%20Employment,source_reported_unharmonized
e0201_23ab287711,population,Population density,Population density (Person/km2),VN_SRC_ANGIANG,An Giang,2018,annual,545.99,persons per km2,not_specified,E0201,https://www.nso.gov.vn/en/px-web?pxid=E0201&theme=Population%20and%20Employment,source_reported_unharmonized
e0201_23ab287711,population,Population density,Population density (Person/km2),VN_SRC_ANGIANG,An Giang,2019,annual,539.0,persons per km2,not_specified,E0201,https://www.nso.gov.vn/en/px-web?pxid=E0201&theme=Population%20and%20Employment,source_reported_unharmonized
e0201_23ab287711,population,Population density,Population density (Person/km2),VN_SRC_ANGIANG,An Giang,2020,annual,539.0,persons per km2,not_specified,E0201,https://www.nso.gov.vn/en/px-web?pxid=E0201&theme=Population%20and%20Employment,source_reported_unharmonized
e0201_23ab287711,population,Population density,Population density (Person/km2),VN_SRC_ANGIANG,An Giang,2021,annual,540.0,persons per km2,not_specified,E0201,https://www.nso.gov.vn/en/px-web?pxid=E0201&theme=Population%20and%20Employment,source_reported_unharmonized
e0201_23ab287711,population,Population density,Population density (Person/km2),VN_SRC_ANGIANG,An Giang,2022,annual,539.0,persons per km2,not_specified,E0201,https://www.nso.gov.vn/en/px-web?pxid=E0201&theme=Population%20and%20Employment,source_reported_unharmonized
e0201_23ab287711,population,Population density,Population density (Person/km2),VN_SRC_ANGIANG,An Giang,2023,annual,538.98,persons per km2,not_specified,E0201,https://www.nso.gov.vn/en/px-web?pxid=E0201&theme=Population%20and%20Employment,source_reported_unharmonized
e0201_23ab287711,population,Population density,Population density (Person/km2),VN_SRC_ANGIANG,An Giang,2024,annual,540.76,persons per km2,not_specified,E0201,https://www.nso.gov.vn/en/px-web?pxid=E0201&theme=Population%20and%20Employment,source_reported_unharmonized
e0201_23ab287711,population,Population density,Population density (Person/km2),VN_SRC_ANGIANG,An Giang,2025,annual,541.0,persons per km2,not_specified,E0201,https://www.nso.gov.vn/en/px-web?pxid=E0201&theme=Population%20and%20Employment,source_reported_unharmonized
e0201_23ab287711,population,Population density,Population density (Person/km2),VN_SRC_KIENGIANG,Kien Giang,2011,annual,266.91,persons per km2,not_specified,E0201,https://www.nso.gov.vn/en/px-web?pxid=E0201&theme=Population%20and%20Employment,source_reported_unharmonized
e0201_23ab287711,population,Population density,Population density (Person/km2),VN_SRC_KIENGIANG,Kien Giang,2012,annual,267.49,persons per km2,not_specified,E0201,https://www.nso.gov.vn/en/px-web?pxid=E0201&theme=Population%20and%20Employment,source_reported_unharmonized
e0201_23ab287711,population,Population density,Population density (Person/km2),VN_SRC_KIENGIANG,Kien Giang,2013,annual,267.95,persons per km2,not_specified,E0201,https://www.nso.gov.vn/en/px-web?pxid=E0201&theme=Population%20and%20Employment,source_reported_unharmonized
e0201_23ab287711,population,Population density,Population density (Person/km2),VN_SRC_KIENGIANG,Kien Giang,2014,annual,268.32,persons per km2,not_specified,E0201,https://www.nso.gov.vn/en/px-web?pxid=E0201&theme=Population%20and%20Employment,source_reported_unharmonized
e0201_23ab287711,population,Population density,Population density (Person/km2),VN_SRC_KIENGIANG,Kien Giang,2015,annual,268.63,persons per km2,not_specified,E0201,https://www.nso.gov.vn/en/px-web?pxid=E0201&theme=Population%20and%20Employment,source_reported_unharmonized
e0201_23ab287711,population,Population density,Population density (Person/km2),VN_SRC_KIENGIANG,Kien Giang,2016,annual,269.14,persons per km2,not_specified,E0201,https://www.nso.gov.vn/en/px-web?pxid=E0201&theme=Population%20and%20Employment,source_reported_unharmonized
e0201_23ab287711,population,Population density,Population density (Person/km2),VN_SRC_KIENGIANG,Kien Giang,2017,annual,269.8,persons per km2,not_specified,E0201,https://www.nso.gov.vn/en/px-web?pxid=E0201&theme=Population%20and%20Employment,source_reported_unharmonized
e0201_23ab287711,population,Population density,Population density (Person/km2),VN_SRC_KIENGIANG,Kien Giang,2018,annual,270.62,persons per km2,not_specified,E0201,https://www.nso.gov.vn/en/px-web?pxid=E0201&theme=Population%20and%20Employment,source_reported_unharmonized
e0201_23ab287711,population,Population density,Population density (Person/km2),VN_SRC_KIENGIANG,Kien Giang,2019,annual,272.0,persons per km2,not_specified,E0201,https://www.nso.gov.vn/en/px-web?pxid=E0201&theme=Population%20and%20Employment,source_reported_unharmonized
e0201_23ab287711,population,Population density,Population density (Person/km2),VN_SRC_KIENGIANG,Kien Giang,2020,annual,272.0,persons per km2,not_specified,E0201,https://www.nso.gov.vn/en/px-web?pxid=E0201&theme=Population%20and%20Employment,source_reported_unharmonized
e0201_23ab287711,population,Population density,Population density (Person/km2),VN_SRC_KIENGIANG,Kien Giang,2021,annual,276.0,persons per km2,not_specified,E0201,https://www.nso.gov.vn/en/px-web?pxid=E0201&theme=Population%20and%20Employment,source_reported_unharmonized
e0201_23ab287711,population,Population density,Population density (Person/km2),VN_SRC_KIENGIANG,Kien Giang,2022,annual,276.0,persons per km2,not_specified,E0201,https://www.nso.gov.vn/en/px-web?pxid=E0201&theme=Population%20and%20Employment,source_reported_unharmonized
e0201_23ab287711,population,Population density,Population density (Person/km2),VN_SRC_KIENGIANG,Kien Giang,2023,annual,276.34,persons per km2,not_specified,E0201,https://www.nso.gov.vn/en/px-web?pxid=E0201&theme=Population%20and%20Employment,source_reported_unharmonized
e0201_23ab287711,population,Population density,Population density (Person/km2),VN_SRC_KIENGIANG,Kien Giang,2024,annual,278.12,persons per km2,not_specified,E0201,https://www.nso.gov.vn/en/px-web?pxid=E0201&theme=Population%20and%20Employment,source_reported_unharmonized
e0201_23ab287711,population,Population density,Population density (Person/km2),VN_SRC_KIENGIANG,Kien Giang,2025,annual,280.0,persons per km2,not_specified,E0201,https://www.nso.gov.vn/en/px-web?pxid=E0201&theme=Population%20and%20Employment,source_reported_unharmonized
e0201_23ab287711,population,Population density,Population density (Person/km2),VN_SRC_CANTHO,Can Tho,2011,annual,848.78,persons per km2,not_specified,E0201,https://www.nso.gov.vn/en/px-web?pxid=E0201&theme=Population%20and%20Employment,source_reported_unharmonized
e0201_23ab287711,population,Population density,Population density (Person/km2),VN_SRC_CANTHO,Can Tho,2012,annual,852.33,persons per km2,not_specified,E0201,https://www.nso.gov.vn/en/px-web?pxid=E0201&theme=Population%20and%20Employment,source_reported_unharmonized
e0201_23ab287711,population,Population density,Population density (Person/km2),VN_SRC_CANTHO,Can Tho,2013,annual,853.96,persons per km2,not_specified,E0201,https://www.nso.gov.vn/en/px-web?pxid=E0201&theme=Population%20and%20Employment,source_reported_unharmonized
e0201_23ab287711,population,Population density,Population density (Person/km2),VN_SRC_CANTHO,Can Tho,2014,annual,855.79,persons per km2,not_specified,E0201,https://www.nso.gov.vn/en/px-web?pxid=E0201&theme=Population%20and%20Employment,source_reported_unharmonized
e0201_23ab287711,population,Population density,Population density (Person/km2),VN_SRC_CANTHO,Can Tho,2015,annual,857.76,persons per km2,not_specified,E0201,https://www.nso.gov.vn/en/px-web?pxid=E0201&theme=Population%20and%20Employment,source_reported_unharmonized
e0201_23ab287711,population,Population density,Population density (Person/km2),VN_SRC_CANTHO,Can Tho,2016,annual,843.94,persons per km2,not_specified,E0201,https://www.nso.gov.vn/en/px-web?pxid=E0201&theme=Population%20and%20Employment,source_reported_unharmonized
e0201_23ab287711,population,Population density,Population density (Person/km2),VN_SRC_CANTHO,Can Tho,2017,annual,849.48,persons per km2,not_specified,E0201,https://www.nso.gov.vn/en/px-web?pxid=E0201&theme=Population%20and%20Employment,source_reported_unharmonized
e0201_23ab287711,population,Population density,Population density (Person/km2),VN_SRC_CANTHO,Can Tho,2018,annual,853.16,persons per km2,not_specified,E0201,https://www.nso.gov.vn/en/px-web?pxid=E0201&theme=Population%20and%20Employment,source_reported_unharmonized
e0201_23ab287711,population,Population density,Population density (Person/km2),VN_SRC_CANTHO,Can Tho,2019,annual,859.0,persons per km2,not_specified,E0201,https://www.nso.gov.vn/en/px-web?pxid=E0201&theme=Population%20and%20Employment,source_reported_unharmonized
e0201_23ab287711,population,Population density,Population density (Person/km2),VN_SRC_CANTHO,Can Tho,2020,annual,862.0,persons per km2,not_specified,E0201,https://www.nso.gov.vn/en/px-web?pxid=E0201&theme=Population%20and%20Employment,source_reported_unharmonized
e0201_23ab287711,population,Population density,Population density (Person/km2),VN_SRC_CANTHO,Can Tho,2021,annual,866.0,persons per km2,not_specified,E0201,https://www.nso.gov.vn/en/px-web?pxid=E0201&theme=Population%20and%20Employment,source_reported_unharmonized
e0201_23ab287711,population,Population density,Population density (Person/km2),VN_SRC_CANTHO,Can Tho,2022,annual,869.0,persons per km2,not_specified,E0201,https://www.nso.gov.vn/en/px-web?pxid=E0201&theme=Population%20and%20Employment,source_reported_unharmonized
e0201_23ab287711,population,Population density,Population density (Person/km2),VN_SRC_CANTHO,Can Tho,2023,annual,873.98,persons per km2,not_specified,E0201,https://www.nso.gov.vn/en/px-web?pxid=E0201&theme=Population%20and%20Employment,source_reported_unharmonized
e0201_23ab287711,population,Population density,Population density (Person/km2),VN_SRC_CANTHO,Can Tho,2024,annual,882.9,persons per km2,not_specified,E0201,https://www.nso.gov.vn/en/px-web?pxid=E0201&theme=Population%20and%20Employment,source_reported_unharmonized
e0201_23ab287711,population,Population density,Population density (Person/km2),VN_SRC_CANTHO,Can Tho,2025,annual,893.0,persons per km2,not_specified,E0201,https://www.nso.gov.vn/en/px-web?pxid=E0201&theme=Population%20and%20Employment,source_reported_unharmonized
e0201_23ab287711,population,Population density,Population density (Person/km2),VN_SRC_HAUGIANG,Hau Giang,2011,annual,469.72,persons per km2,not_specified,E0201,https://www.nso.gov.vn/en/px-web?pxid=E0201&theme=Population%20and%20Employment,source_reported_unharmonized
e0201_23ab287711,population,Population density,Population density (Person/km2),VN_SRC_HAUGIANG,Hau Giang,2012,annual,468.47,persons per km2,not_specified,E0201,https://www.nso.gov.vn/en/px-web?pxid=E0201&theme=Population%20and%20Employment,source_reported_unharmonized
e0201_23ab287711,population,Population density,Population density (Person/km2),VN_SRC_HAUGIANG,Hau Giang,2013,annual,466.73,persons per km2,not_specified,E0201,https://www.nso.gov.vn/en/px-web?pxid=E0201&theme=Population%20and%20Employment,source_reported_unharmonized
e0201_23ab287711,population,Population density,Population density (Person/km2),VN_SRC_HAUGIANG,Hau Giang,2014,annual,464.9,persons per km2,not_specified,E0201,https://www.nso.gov.vn/en/px-web?pxid=E0201&theme=Population%20and%20Employment,source_reported_unharmonized
e0201_23ab287711,population,Population density,Population density (Person/km2),VN_SRC_HAUGIANG,Hau Giang,2015,annual,463.31,persons per km2,not_specified,E0201,https://www.nso.gov.vn/en/px-web?pxid=E0201&theme=Population%20and%20Employment,source_reported_unharmonized
e0201_23ab287711,population,Population density,Population density (Person/km2),VN_SRC_HAUGIANG,Hau Giang,2016,annual,456.34,persons per km2,not_specified,E0201,https://www.nso.gov.vn/en/px-web?pxid=E0201&theme=Population%20and%20Employment,source_reported_unharmonized
e0201_23ab287711,population,Population density,Population density (Person/km2),VN_SRC_HAUGIANG,Hau Giang,2017,annual,454.65,persons per km2,not_specified,E0201,https://www.nso.gov.vn/en/px-web?pxid=E0201&theme=Population%20and%20Employment,source_reported_unharmonized
e0201_23ab287711,population,Population density,Population density (Person/km2),VN_SRC_HAUGIANG,Hau Giang,2018,annual,453.17,persons per km2,not_specified,E0201,https://www.nso.gov.vn/en/px-web?pxid=E0201&theme=Population%20and%20Employment,source_reported_unharmonized
e0201_23ab287711,population,Population density,Population density (Person/km2),VN_SRC_HAUGIANG,Hau Giang,2019,annual,451.0,persons per km2,not_specified,E0201,https://www.nso.gov.vn/en/px-web?pxid=E0201&theme=Population%20and%20Employment,source_reported_unharmonized
e0201_23ab287711,population,Population density,Population density (Person/km2),VN_SRC_HAUGIANG,Hau Giang,2020,annual,450.0,persons per km2,not_specified,E0201,https://www.nso.gov.vn/en/px-web?pxid=E0201&theme=Population%20and%20Employment,source_reported_unharmonized
e0201_23ab287711,population,Population density,Population density (Person/km2),VN_SRC_HAUGIANG,Hau Giang,2021,annual,450.0,persons per km2,not_specified,E0201,https://www.nso.gov.vn/en/px-web?pxid=E0201&theme=Population%20and%20Employment,source_reported_unharmonized
e0201_23ab287711,population,Population density,Population density (Person/km2),VN_SRC_HAUGIANG,Hau Giang,2022,annual,450.0,persons per km2,not_specified,E0201,https://www.nso.gov.vn/en/px-web?pxid=E0201&theme=Population%20and%20Employment,source_reported_unharmonized
e0201_23ab287711,population,Population density,Population density (Person/km2),VN_SRC_HAUGIANG,Hau Giang,2023,annual,448.94,persons per km2,not_specified,E0201,https://www.nso.gov.vn/en/px-web?pxid=E0201&theme=Population%20and%20Employment,source_reported_unharmonized
e0201_23ab287711,population,Population density,Population density (Person/km2),VN_SRC_HAUGIANG,Hau Giang,2024,annual,450.01,persons per km2,not_specified,E0201,https://www.nso.gov.vn/en/px-web?pxid=E0201&theme=Population%20and%20Employment,source_reported_unharmonized
e0201_23ab287711,population,Population density,Population density (Person/km2),VN_SRC_HAUGIANG,Hau Giang,2025,annual,439.0,persons per km2,not_specified,E0201,https://www.nso.gov.vn/en/px-web?pxid=E0201&theme=Population%20and%20Employment,source_reported_unharmonized
e0201_23ab287711,population,Population density,Population density (Person/km2),VN_SRC_SOCTRANG,Soc Trang,2011,annual,384.69,persons per km2,not_specified,E0201,https://www.nso.gov.vn/en/px-web?pxid=E0201&theme=Population%20and%20Employment,source_reported_unharmonized
e0201_23ab287711,population,Population density,Population density (Person/km2),VN_SRC_SOCTRANG,Soc Trang,2012,annual,382.42,persons per km2,not_specified,E0201,https://www.nso.gov.vn/en/px-web?pxid=E0201&theme=Population%20and%20Employment,source_reported_unharmonized
e0201_23ab287711,population,Population density,Population density (Person/km2),VN_SRC_SOCTRANG,Soc Trang,2013,annual,378.96,persons per km2,not_specified,E0201,https://www.nso.gov.vn/en/px-web?pxid=E0201&theme=Population%20and%20Employment,source_reported_unharmonized
e0201_23ab287711,population,Population density,Population density (Person/km2),VN_SRC_SOCTRANG,Soc Trang,2014,annual,376.13,persons per km2,not_specified,E0201,https://www.nso.gov.vn/en/px-web?pxid=E0201&theme=Population%20and%20Employment,source_reported_unharmonized
e0201_23ab287711,population,Population density,Population density (Person/km2),VN_SRC_SOCTRANG,Soc Trang,2015,annual,373.32,persons per km2,not_specified,E0201,https://www.nso.gov.vn/en/px-web?pxid=E0201&theme=Population%20and%20Employment,source_reported_unharmonized
e0201_23ab287711,population,Population density,Population density (Person/km2),VN_SRC_SOCTRANG,Soc Trang,2016,annual,370.66,persons per km2,not_specified,E0201,https://www.nso.gov.vn/en/px-web?pxid=E0201&theme=Population%20and%20Employment,source_reported_unharmonized
e0201_23ab287711,population,Population density,Population density (Person/km2),VN_SRC_SOCTRANG,Soc Trang,2017,annual,367.86,persons per km2,not_specified,E0201,https://www.nso.gov.vn/en/px-web?pxid=E0201&theme=Population%20and%20Employment,source_reported_unharmonized
e0201_23ab287711,population,Population density,Population density (Person/km2),VN_SRC_SOCTRANG,Soc Trang,2018,annual,364.99,persons per km2,not_specified,E0201,https://www.nso.gov.vn/en/px-web?pxid=E0201&theme=Population%20and%20Employment,source_reported_unharmonized
e0201_23ab287711,population,Population density,Population density (Person/km2),VN_SRC_SOCTRANG,Soc Trang,2019,annual,362.0,persons per km2,not_specified,E0201,https://www.nso.gov.vn/en/px-web?pxid=E0201&theme=Population%20and%20Employment,source_reported_unharmonized
e0201_23ab287711,population,Population density,Population density (Person/km2),VN_SRC_SOCTRANG,Soc Trang,2020,annual,361.0,persons per km2,not_specified,E0201,https://www.nso.gov.vn/en/px-web?pxid=E0201&theme=Population%20and%20Employment,source_reported_unharmonized
e0201_23ab287711,population,Population density,Population density (Person/km2),VN_SRC_SOCTRANG,Soc Trang,2021,annual,366.0,persons per km2,not_specified,E0201,https://www.nso.gov.vn/en/px-web?pxid=E0201&theme=Population%20and%20Employment,source_reported_unharmonized
e0201_23ab287711,population,Population density,Population density (Person/km2),VN_SRC_SOCTRANG,Soc Trang,2022,annual,363.0,persons per km2,not_specified,E0201,https://www.nso.gov.vn/en/px-web?pxid=E0201&theme=Population%20and%20Employment,source_reported_unharmonized
e0201_23ab287711,population,Population density,Population density (Person/km2),VN_SRC_SOCTRANG,Soc Trang,2023,annual,363.47,persons per km2,not_specified,E0201,https://www.nso.gov.vn/en/px-web?pxid=E0201&theme=Population%20and%20Employment,source_reported_unharmonized
e0201_23ab287711,population,Population density,Population density (Person/km2),VN_SRC_SOCTRANG,Soc Trang,2024,annual,365.45,persons per km2,not_specified,E0201,https://www.nso.gov.vn/en/px-web?pxid=E0201&theme=Population%20and%20Employment,source_reported_unharmonized
e0201_23ab287711,population,Population density,Population density (Person/km2),VN_SRC_SOCTRANG,Soc Trang,2025,annual,372.0,persons per km2,not_specified,E0201,https://www.nso.gov.vn/en/px-web?pxid=E0201&theme=Population%20and%20Employment,source_reported_unharmonized
e0201_23ab287711,population,Population density,Population density (Person/km2),VN_SRC_BACLIEU,Bac Lieu,2011,annual,351.15,persons per km2,not_specified,E0201,https://www.nso.gov.vn/en/px-web?pxid=E0201&theme=Population%20and%20Employment,source_reported_unharmonized
e0201_23ab287711,population,Population density,Population density (Person/km2),VN_SRC_BACLIEU,Bac Lieu,2012,annual,353.28,persons per km2,not_specified,E0201,https://www.nso.gov.vn/en/px-web?pxid=E0201&theme=Population%20and%20Employment,source_reported_unharmonized
e0201_23ab287711,population,Population density,Population density (Person/km2),VN_SRC_BACLIEU,Bac Lieu,2013,annual,355.26,persons per km2,not_specified,E0201,https://www.nso.gov.vn/en/px-web?pxid=E0201&theme=Population%20and%20Employment,source_reported_unharmonized
e0201_23ab287711,population,Population density,Population density (Person/km2),VN_SRC_BACLIEU,Bac Lieu,2014,annual,357.34,persons per km2,not_specified,E0201,https://www.nso.gov.vn/en/px-web?pxid=E0201&theme=Population%20and%20Employment,source_reported_unharmonized
e0201_23ab287711,population,Population density,Population density (Person/km2),VN_SRC_BACLIEU,Bac Lieu,2015,annual,359.42,persons per km2,not_specified,E0201,https://www.nso.gov.vn/en/px-web?pxid=E0201&theme=Population%20and%20Employment,source_reported_unharmonized
e0201_23ab287711,population,Population density,Population density (Person/km2),VN_SRC_BACLIEU,Bac Lieu,2016,annual,334.49,persons per km2,not_specified,E0201,https://www.nso.gov.vn/en/px-web?pxid=E0201&theme=Population%20and%20Employment,source_reported_unharmonized
e0201_23ab287711,population,Population density,Population density (Person/km2),VN_SRC_BACLIEU,Bac Lieu,2017,annual,336.34,persons per km2,not_specified,E0201,https://www.nso.gov.vn/en/px-web?pxid=E0201&theme=Population%20and%20Employment,source_reported_unharmonized
e0201_23ab287711,population,Population density,Population density (Person/km2),VN_SRC_BACLIEU,Bac Lieu,2018,annual,338.33,persons per km2,not_specified,E0201,https://www.nso.gov.vn/en/px-web?pxid=E0201&theme=Population%20and%20Employment,source_reported_unharmonized
e0201_23ab287711,population,Population density,Population density (Person/km2),VN_SRC_BACLIEU,Bac Lieu,2019,annual,340.0,persons per km2,not_specified,E0201,https://www.nso.gov.vn/en/px-web?pxid=E0201&theme=Population%20and%20Employment,source_reported_unharmonized
e0201_23ab287711,population,Population density,Population density (Person/km2),VN_SRC_BACLIEU,Bac Lieu,2020,annual,342.0,persons per km2,not_specified,E0201,https://www.nso.gov.vn/en/px-web?pxid=E0201&theme=Population%20and%20Employment,source_reported_unharmonized
e0201_23ab287711,population,Population density,Population density (Person/km2),VN_SRC_BACLIEU,Bac Lieu,2021,annual,344.0,persons per km2,not_specified,E0201,https://www.nso.gov.vn/en/px-web?pxid=E0201&theme=Population%20and%20Employment,source_reported_unharmonized
e0201_23ab287711,population,Population density,Population density (Person/km2),VN_SRC_BACLIEU,Bac Lieu,2022,annual,346.0,persons per km2,not_specified,E0201,https://www.nso.gov.vn/en/px-web?pxid=E0201&theme=Population%20and%20Employment,source_reported_unharmonized
e0201_23ab287711,population,Population density,Population density (Person/km2),VN_SRC_BACLIEU,Bac Lieu,2023,annual,346.78,persons per km2,not_specified,E0201,https://www.nso.gov.vn/en/px-web?pxid=E0201&theme=Population%20and%20Employment,source_reported_unharmonized
e0201_23ab287711,population,Population density,Population density (Person/km2),VN_SRC_BACLIEU,Bac Lieu,2024,annual,348.1,persons per km2,not_specified,E0201,https://www.nso.gov.vn/en/px-web?pxid=E0201&theme=Population%20and%20Employment,source_reported_unharmonized
e0201_23ab287711,population,Population density,Population density (Person/km2),VN_SRC_BACLIEU,Bac Lieu,2025,annual,349.0,persons per km2,not_specified,E0201,https://www.nso.gov.vn/en/px-web?pxid=E0201&theme=Population%20and%20Employment,source_reported_unharmonized
e0201_23ab287711,population,Population density,Population density (Person/km2),VN_SRC_CAMAU,Ca Mau,2011,annual,227.48,persons per km2,not_specified,E0201,https://www.nso.gov.vn/en/px-web?pxid=E0201&theme=Population%20and%20Employment,source_reported_unharmonized
e0201_23ab287711,population,Population density,Population density (Person/km2),VN_SRC_CAMAU,Ca Mau,2012,annual,227.29,persons per km2,not_specified,E0201,https://www.nso.gov.vn/en/px-web?pxid=E0201&theme=Population%20and%20Employment,source_reported_unharmonized
e0201_23ab287711,population,Population density,Population density (Person/km2),VN_SRC_CAMAU,Ca Mau,2013,annual,227.02,persons per km2,not_specified,E0201,https://www.nso.gov.vn/en/px-web?pxid=E0201&theme=Population%20and%20Employment,source_reported_unharmonized
e0201_23ab287711,population,Population density,Population density (Person/km2),VN_SRC_CAMAU,Ca Mau,2014,annual,226.77,persons per km2,not_specified,E0201,https://www.nso.gov.vn/en/px-web?pxid=E0201&theme=Population%20and%20Employment,source_reported_unharmonized
e0201_23ab287711,population,Population density,Population density (Person/km2),VN_SRC_CAMAU,Ca Mau,2015,annual,226.54,persons per km2,not_specified,E0201,https://www.nso.gov.vn/en/px-web?pxid=E0201&theme=Population%20and%20Employment,source_reported_unharmonized
e0201_23ab287711,population,Population density,Population density (Person/km2),VN_SRC_CAMAU,Ca Mau,2016,annual,229.47,persons per km2,not_specified,E0201,https://www.nso.gov.vn/en/px-web?pxid=E0201&theme=Population%20and%20Employment,source_reported_unharmonized
e0201_23ab287711,population,Population density,Population density (Person/km2),VN_SRC_CAMAU,Ca Mau,2017,annual,229.26,persons per km2,not_specified,E0201,https://www.nso.gov.vn/en/px-web?pxid=E0201&theme=Population%20and%20Employment,source_reported_unharmonized
e0201_23ab287711,population,Population density,Population density (Person/km2),VN_SRC_CAMAU,Ca Mau,2018,annual,228.99,persons per km2,not_specified,E0201,https://www.nso.gov.vn/en/px-web?pxid=E0201&theme=Population%20and%20Employment,source_reported_unharmonized
e0201_23ab287711,population,Population density,Population density (Person/km2),VN_SRC_CAMAU,Ca Mau,2019,annual,229.0,persons per km2,not_specified,E0201,https://www.nso.gov.vn/en/px-web?pxid=E0201&theme=Population%20and%20Employment,source_reported_unharmonized
e0201_23ab287711,population,Population density,Population density (Person/km2),VN_SRC_CAMAU,Ca Mau,2020,annual,229.0,persons per km2,not_specified,E0201,https://www.nso.gov.vn/en/px-web?pxid=E0201&theme=Population%20and%20Employment,source_reported_unharmonized
e0201_23ab287711,population,Population density,Population density (Person/km2),VN_SRC_CAMAU,Ca Mau,2021,annual,229.0,persons per km2,not_specified,E0201,https://www.nso.gov.vn/en/px-web?pxid=E0201&theme=Population%20and%20Employment,source_reported_unharmonized
e0201_23ab287711,population,Population density,Population density (Person/km2),VN_SRC_CAMAU,Ca Mau,2022,annual,229.0,persons per km2,not_specified,E0201,https://www.nso.gov.vn/en/px-web?pxid=E0201&theme=Population%20and%20Employment,source_reported_unharmonized
e0201_23ab287711,population,Population density,Population density (Person/km2),VN_SRC_CAMAU,Ca Mau,2023,annual,228.91,persons per km2,not_specified,E0201,https://www.nso.gov.vn/en/px-web?pxid=E0201&theme=Population%20and%20Employment,source_reported_unharmonized
e0201_23ab287711,population,Population density,Population density (Person/km2),VN_SRC_CAMAU,Ca Mau,2024,annual,229.78,persons per km2,not_specified,E0201,https://www.nso.gov.vn/en/px-web?pxid=E0201&theme=Population%20and%20Employment,source_reported_unharmonized
e0201_23ab287711,population,Population density,Population density (Person/km2),VN_SRC_CAMAU,Ca Mau,2025,annual,231.0,persons per km2,not_specified,E0201,https://www.nso.gov.vn/en/px-web?pxid=E0201&theme=Population%20and%20Employment,source_reported_unharmonized
