indicator_id,section,indicator,breakdown,province_code,province,period,period_type,value,unit,period_status,source_id,source_url,geography_version
e0621_c9b3c38247,agriculture,Production of autumn rice by province,Total,VN_SRC_NGHEAN,Nghe An,1995,annual,143.8,Thous. tons,not_specified,E0621,https://www.nso.gov.vn/en/px-web?pxid=E0621&theme=Agriculture%2C%20Forestry%20and%20Fishing,source_reported_unharmonized
e0621_c9b3c38247,agriculture,Production of autumn rice by province,Total,VN_SRC_NGHEAN,Nghe An,1996,annual,112.2,Thous. tons,not_specified,E0621,https://www.nso.gov.vn/en/px-web?pxid=E0621&theme=Agriculture%2C%20Forestry%20and%20Fishing,source_reported_unharmonized
e0621_c9b3c38247,agriculture,Production of autumn rice by province,Total,VN_SRC_NGHEAN,Nghe An,1997,annual,181.0,Thous. tons,not_specified,E0621,https://www.nso.gov.vn/en/px-web?pxid=E0621&theme=Agriculture%2C%20Forestry%20and%20Fishing,source_reported_unharmonized
e0621_c9b3c38247,agriculture,Production of autumn rice by province,Total,VN_SRC_NGHEAN,Nghe An,1998,annual,157.7,Thous. tons,not_specified,E0621,https://www.nso.gov.vn/en/px-web?pxid=E0621&theme=Agriculture%2C%20Forestry%20and%20Fishing,source_reported_unharmonized
e0621_c9b3c38247,agriculture,Production of autumn rice by province,Total,VN_SRC_NGHEAN,Nghe An,1999,annual,199.0,Thous. tons,not_specified,E0621,https://www.nso.gov.vn/en/px-web?pxid=E0621&theme=Agriculture%2C%20Forestry%20and%20Fishing,source_reported_unharmonized
e0621_c9b3c38247,agriculture,Production of autumn rice by province,Total,VN_SRC_NGHEAN,Nghe An,2000,annual,208.4,Thous. tons,not_specified,E0621,https://www.nso.gov.vn/en/px-web?pxid=E0621&theme=Agriculture%2C%20Forestry%20and%20Fishing,source_reported_unharmonized
e0621_c9b3c38247,agriculture,Production of autumn rice by province,Total,VN_SRC_NGHEAN,Nghe An,2001,annual,208.9,Thous. tons,not_specified,E0621,https://www.nso.gov.vn/en/px-web?pxid=E0621&theme=Agriculture%2C%20Forestry%20and%20Fishing,source_reported_unharmonized
e0621_c9b3c38247,agriculture,Production of autumn rice by province,Total,VN_SRC_NGHEAN,Nghe An,2002,annual,232.5,Thous. tons,not_specified,E0621,https://www.nso.gov.vn/en/px-web?pxid=E0621&theme=Agriculture%2C%20Forestry%20and%20Fishing,source_reported_unharmonized
e0621_c9b3c38247,agriculture,Production of autumn rice by province,Total,VN_SRC_NGHEAN,Nghe An,2003,annual,234.0,Thous. tons,not_specified,E0621,https://www.nso.gov.vn/en/px-web?pxid=E0621&theme=Agriculture%2C%20Forestry%20and%20Fishing,source_reported_unharmonized
e0621_c9b3c38247,agriculture,Production of autumn rice by province,Total,VN_SRC_NGHEAN,Nghe An,2004,annual,264.3,Thous. tons,not_specified,E0621,https://www.nso.gov.vn/en/px-web?pxid=E0621&theme=Agriculture%2C%20Forestry%20and%20Fishing,source_reported_unharmonized
e0621_c9b3c38247,agriculture,Production of autumn rice by province,Total,VN_SRC_NGHEAN,Nghe An,2005,annual,218.4,Thous. tons,not_specified,E0621,https://www.nso.gov.vn/en/px-web?pxid=E0621&theme=Agriculture%2C%20Forestry%20and%20Fishing,source_reported_unharmonized
e0621_c9b3c38247,agriculture,Production of autumn rice by province,Total,VN_SRC_NGHEAN,Nghe An,2006,annual,271.7,Thous. tons,not_specified,E0621,https://www.nso.gov.vn/en/px-web?pxid=E0621&theme=Agriculture%2C%20Forestry%20and%20Fishing,source_reported_unharmonized
e0621_c9b3c38247,agriculture,Production of autumn rice by province,Total,VN_SRC_NGHEAN,Nghe An,2007,annual,281.0,Thous. tons,not_specified,E0621,https://www.nso.gov.vn/en/px-web?pxid=E0621&theme=Agriculture%2C%20Forestry%20and%20Fishing,source_reported_unharmonized
e0621_c9b3c38247,agriculture,Production of autumn rice by province,Total,VN_SRC_NGHEAN,Nghe An,2008,annual,292.7,Thous. tons,not_specified,E0621,https://www.nso.gov.vn/en/px-web?pxid=E0621&theme=Agriculture%2C%20Forestry%20and%20Fishing,source_reported_unharmonized
e0621_c9b3c38247,agriculture,Production of autumn rice by province,Total,VN_SRC_NGHEAN,Nghe An,2009,annual,285.8,Thous. tons,not_specified,E0621,https://www.nso.gov.vn/en/px-web?pxid=E0621&theme=Agriculture%2C%20Forestry%20and%20Fishing,source_reported_unharmonized
e0621_c9b3c38247,agriculture,Production of autumn rice by province,Total,VN_SRC_NGHEAN,Nghe An,2010,annual,201.3,Thous. tons,not_specified,E0621,https://www.nso.gov.vn/en/px-web?pxid=E0621&theme=Agriculture%2C%20Forestry%20and%20Fishing,source_reported_unharmonized
e0621_c9b3c38247,agriculture,Production of autumn rice by province,Total,VN_SRC_NGHEAN,Nghe An,2011,annual,251.9,Thous. tons,not_specified,E0621,https://www.nso.gov.vn/en/px-web?pxid=E0621&theme=Agriculture%2C%20Forestry%20and%20Fishing,source_reported_unharmonized
e0621_c9b3c38247,agriculture,Production of autumn rice by province,Total,VN_SRC_NGHEAN,Nghe An,2012,annual,268.2,Thous. tons,not_specified,E0621,https://www.nso.gov.vn/en/px-web?pxid=E0621&theme=Agriculture%2C%20Forestry%20and%20Fishing,source_reported_unharmonized
e0621_c9b3c38247,agriculture,Production of autumn rice by province,Total,VN_SRC_NGHEAN,Nghe An,2013,annual,271.3,Thous. tons,not_specified,E0621,https://www.nso.gov.vn/en/px-web?pxid=E0621&theme=Agriculture%2C%20Forestry%20and%20Fishing,source_reported_unharmonized
e0621_c9b3c38247,agriculture,Production of autumn rice by province,Total,VN_SRC_NGHEAN,Nghe An,2014,annual,281.6,Thous. tons,not_specified,E0621,https://www.nso.gov.vn/en/px-web?pxid=E0621&theme=Agriculture%2C%20Forestry%20and%20Fishing,source_reported_unharmonized
e0621_c9b3c38247,agriculture,Production of autumn rice by province,Total,VN_SRC_NGHEAN,Nghe An,2015,annual,275.0,Thous. tons,not_specified,E0621,https://www.nso.gov.vn/en/px-web?pxid=E0621&theme=Agriculture%2C%20Forestry%20and%20Fishing,source_reported_unharmonized
e0621_c9b3c38247,agriculture,Production of autumn rice by province,Total,VN_SRC_NGHEAN,Nghe An,2016,annual,270.2,Thous. tons,not_specified,E0621,https://www.nso.gov.vn/en/px-web?pxid=E0621&theme=Agriculture%2C%20Forestry%20and%20Fishing,source_reported_unharmonized
e0621_c9b3c38247,agriculture,Production of autumn rice by province,Total,VN_SRC_NGHEAN,Nghe An,2017,annual,289.8,Thous. tons,not_specified,E0621,https://www.nso.gov.vn/en/px-web?pxid=E0621&theme=Agriculture%2C%20Forestry%20and%20Fishing,source_reported_unharmonized
e0621_c9b3c38247,agriculture,Production of autumn rice by province,Total,VN_SRC_NGHEAN,Nghe An,2018,annual,263.8,Thous. tons,not_specified,E0621,https://www.nso.gov.vn/en/px-web?pxid=E0621&theme=Agriculture%2C%20Forestry%20and%20Fishing,source_reported_unharmonized
e0621_c9b3c38247,agriculture,Production of autumn rice by province,Total,VN_SRC_NGHEAN,Nghe An,2019,annual,242.5,Thous. tons,not_specified,E0621,https://www.nso.gov.vn/en/px-web?pxid=E0621&theme=Agriculture%2C%20Forestry%20and%20Fishing,source_reported_unharmonized
e0621_c9b3c38247,agriculture,Production of autumn rice by province,Total,VN_SRC_NGHEAN,Nghe An,2020,annual,264.2,Thous. tons,not_specified,E0621,https://www.nso.gov.vn/en/px-web?pxid=E0621&theme=Agriculture%2C%20Forestry%20and%20Fishing,source_reported_unharmonized
e0621_c9b3c38247,agriculture,Production of autumn rice by province,Total,VN_SRC_NGHEAN,Nghe An,2021,annual,318.0,Thous. tons,not_specified,E0621,https://www.nso.gov.vn/en/px-web?pxid=E0621&theme=Agriculture%2C%20Forestry%20and%20Fishing,source_reported_unharmonized
e0621_c9b3c38247,agriculture,Production of autumn rice by province,Total,VN_SRC_NGHEAN,Nghe An,2022,annual,309.9,Thous. tons,not_specified,E0621,https://www.nso.gov.vn/en/px-web?pxid=E0621&theme=Agriculture%2C%20Forestry%20and%20Fishing,source_reported_unharmonized
e0621_c9b3c38247,agriculture,Production of autumn rice by province,Total,VN_SRC_NGHEAN,Nghe An,2023,annual,291.7,Thous. tons,not_specified,E0621,https://www.nso.gov.vn/en/px-web?pxid=E0621&theme=Agriculture%2C%20Forestry%20and%20Fishing,source_reported_unharmonized
e0621_c9b3c38247,agriculture,Production of autumn rice by province,Total,VN_SRC_NGHEAN,Nghe An,2024,annual,302.9,Thous. tons,not_specified,E0621,https://www.nso.gov.vn/en/px-web?pxid=E0621&theme=Agriculture%2C%20Forestry%20and%20Fishing,source_reported_unharmonized
e0621_c9b3c38247,agriculture,Production of autumn rice by province,Total,VN_SRC_NGHEAN,Nghe An,2025,annual,204.0,Thous. tons,preliminary,E0621,https://www.nso.gov.vn/en/px-web?pxid=E0621&theme=Agriculture%2C%20Forestry%20and%20Fishing,source_reported_unharmonized
e0621_c9b3c38247,agriculture,Production of autumn rice by province,Total,VN_SRC_HATINH,Ha Tinh,1995,annual,93.0,Thous. tons,not_specified,E0621,https://www.nso.gov.vn/en/px-web?pxid=E0621&theme=Agriculture%2C%20Forestry%20and%20Fishing,source_reported_unharmonized
e0621_c9b3c38247,agriculture,Production of autumn rice by province,Total,VN_SRC_HATINH,Ha Tinh,1996,annual,101.4,Thous. tons,not_specified,E0621,https://www.nso.gov.vn/en/px-web?pxid=E0621&theme=Agriculture%2C%20Forestry%20and%20Fishing,source_reported_unharmonized
e0621_c9b3c38247,agriculture,Production of autumn rice by province,Total,VN_SRC_HATINH,Ha Tinh,1997,annual,119.8,Thous. tons,not_specified,E0621,https://www.nso.gov.vn/en/px-web?pxid=E0621&theme=Agriculture%2C%20Forestry%20and%20Fishing,source_reported_unharmonized
e0621_c9b3c38247,agriculture,Production of autumn rice by province,Total,VN_SRC_HATINH,Ha Tinh,1998,annual,88.4,Thous. tons,not_specified,E0621,https://www.nso.gov.vn/en/px-web?pxid=E0621&theme=Agriculture%2C%20Forestry%20and%20Fishing,source_reported_unharmonized
e0621_c9b3c38247,agriculture,Production of autumn rice by province,Total,VN_SRC_HATINH,Ha Tinh,1999,annual,132.8,Thous. tons,not_specified,E0621,https://www.nso.gov.vn/en/px-web?pxid=E0621&theme=Agriculture%2C%20Forestry%20and%20Fishing,source_reported_unharmonized
e0621_c9b3c38247,agriculture,Production of autumn rice by province,Total,VN_SRC_HATINH,Ha Tinh,2000,annual,133.4,Thous. tons,not_specified,E0621,https://www.nso.gov.vn/en/px-web?pxid=E0621&theme=Agriculture%2C%20Forestry%20and%20Fishing,source_reported_unharmonized
e0621_c9b3c38247,agriculture,Production of autumn rice by province,Total,VN_SRC_HATINH,Ha Tinh,2001,annual,156.0,Thous. tons,not_specified,E0621,https://www.nso.gov.vn/en/px-web?pxid=E0621&theme=Agriculture%2C%20Forestry%20and%20Fishing,source_reported_unharmonized
e0621_c9b3c38247,agriculture,Production of autumn rice by province,Total,VN_SRC_HATINH,Ha Tinh,2002,annual,171.7,Thous. tons,not_specified,E0621,https://www.nso.gov.vn/en/px-web?pxid=E0621&theme=Agriculture%2C%20Forestry%20and%20Fishing,source_reported_unharmonized
e0621_c9b3c38247,agriculture,Production of autumn rice by province,Total,VN_SRC_HATINH,Ha Tinh,2003,annual,169.3,Thous. tons,not_specified,E0621,https://www.nso.gov.vn/en/px-web?pxid=E0621&theme=Agriculture%2C%20Forestry%20and%20Fishing,source_reported_unharmonized
e0621_c9b3c38247,agriculture,Production of autumn rice by province,Total,VN_SRC_HATINH,Ha Tinh,2004,annual,177.6,Thous. tons,not_specified,E0621,https://www.nso.gov.vn/en/px-web?pxid=E0621&theme=Agriculture%2C%20Forestry%20and%20Fishing,source_reported_unharmonized
e0621_c9b3c38247,agriculture,Production of autumn rice by province,Total,VN_SRC_HATINH,Ha Tinh,2005,annual,155.3,Thous. tons,not_specified,E0621,https://www.nso.gov.vn/en/px-web?pxid=E0621&theme=Agriculture%2C%20Forestry%20and%20Fishing,source_reported_unharmonized
e0621_c9b3c38247,agriculture,Production of autumn rice by province,Total,VN_SRC_HATINH,Ha Tinh,2006,annual,176.6,Thous. tons,not_specified,E0621,https://www.nso.gov.vn/en/px-web?pxid=E0621&theme=Agriculture%2C%20Forestry%20and%20Fishing,source_reported_unharmonized
e0621_c9b3c38247,agriculture,Production of autumn rice by province,Total,VN_SRC_HATINH,Ha Tinh,2007,annual,115.0,Thous. tons,not_specified,E0621,https://www.nso.gov.vn/en/px-web?pxid=E0621&theme=Agriculture%2C%20Forestry%20and%20Fishing,source_reported_unharmonized
e0621_c9b3c38247,agriculture,Production of autumn rice by province,Total,VN_SRC_HATINH,Ha Tinh,2008,annual,186.1,Thous. tons,not_specified,E0621,https://www.nso.gov.vn/en/px-web?pxid=E0621&theme=Agriculture%2C%20Forestry%20and%20Fishing,source_reported_unharmonized
e0621_c9b3c38247,agriculture,Production of autumn rice by province,Total,VN_SRC_HATINH,Ha Tinh,2009,annual,188.2,Thous. tons,not_specified,E0621,https://www.nso.gov.vn/en/px-web?pxid=E0621&theme=Agriculture%2C%20Forestry%20and%20Fishing,source_reported_unharmonized
e0621_c9b3c38247,agriculture,Production of autumn rice by province,Total,VN_SRC_HATINH,Ha Tinh,2010,annual,142.6,Thous. tons,not_specified,E0621,https://www.nso.gov.vn/en/px-web?pxid=E0621&theme=Agriculture%2C%20Forestry%20and%20Fishing,source_reported_unharmonized
e0621_c9b3c38247,agriculture,Production of autumn rice by province,Total,VN_SRC_HATINH,Ha Tinh,2011,annual,180.6,Thous. tons,not_specified,E0621,https://www.nso.gov.vn/en/px-web?pxid=E0621&theme=Agriculture%2C%20Forestry%20and%20Fishing,source_reported_unharmonized
e0621_c9b3c38247,agriculture,Production of autumn rice by province,Total,VN_SRC_HATINH,Ha Tinh,2012,annual,183.3,Thous. tons,not_specified,E0621,https://www.nso.gov.vn/en/px-web?pxid=E0621&theme=Agriculture%2C%20Forestry%20and%20Fishing,source_reported_unharmonized
e0621_c9b3c38247,agriculture,Production of autumn rice by province,Total,VN_SRC_HATINH,Ha Tinh,2013,annual,171.5,Thous. tons,not_specified,E0621,https://www.nso.gov.vn/en/px-web?pxid=E0621&theme=Agriculture%2C%20Forestry%20and%20Fishing,source_reported_unharmonized
e0621_c9b3c38247,agriculture,Production of autumn rice by province,Total,VN_SRC_HATINH,Ha Tinh,2014,annual,189.7,Thous. tons,not_specified,E0621,https://www.nso.gov.vn/en/px-web?pxid=E0621&theme=Agriculture%2C%20Forestry%20and%20Fishing,source_reported_unharmonized
e0621_c9b3c38247,agriculture,Production of autumn rice by province,Total,VN_SRC_HATINH,Ha Tinh,2015,annual,203.9,Thous. tons,not_specified,E0621,https://www.nso.gov.vn/en/px-web?pxid=E0621&theme=Agriculture%2C%20Forestry%20and%20Fishing,source_reported_unharmonized
e0621_c9b3c38247,agriculture,Production of autumn rice by province,Total,VN_SRC_HATINH,Ha Tinh,2016,annual,199.9,Thous. tons,not_specified,E0621,https://www.nso.gov.vn/en/px-web?pxid=E0621&theme=Agriculture%2C%20Forestry%20and%20Fishing,source_reported_unharmonized
e0621_c9b3c38247,agriculture,Production of autumn rice by province,Total,VN_SRC_HATINH,Ha Tinh,2017,annual,199.8,Thous. tons,not_specified,E0621,https://www.nso.gov.vn/en/px-web?pxid=E0621&theme=Agriculture%2C%20Forestry%20and%20Fishing,source_reported_unharmonized
e0621_c9b3c38247,agriculture,Production of autumn rice by province,Total,VN_SRC_HATINH,Ha Tinh,2018,annual,200.5,Thous. tons,not_specified,E0621,https://www.nso.gov.vn/en/px-web?pxid=E0621&theme=Agriculture%2C%20Forestry%20and%20Fishing,source_reported_unharmonized
e0621_c9b3c38247,agriculture,Production of autumn rice by province,Total,VN_SRC_HATINH,Ha Tinh,2019,annual,174.3,Thous. tons,not_specified,E0621,https://www.nso.gov.vn/en/px-web?pxid=E0621&theme=Agriculture%2C%20Forestry%20and%20Fishing,source_reported_unharmonized
e0621_c9b3c38247,agriculture,Production of autumn rice by province,Total,VN_SRC_HATINH,Ha Tinh,2020,annual,207.9,Thous. tons,not_specified,E0621,https://www.nso.gov.vn/en/px-web?pxid=E0621&theme=Agriculture%2C%20Forestry%20and%20Fishing,source_reported_unharmonized
e0621_c9b3c38247,agriculture,Production of autumn rice by province,Total,VN_SRC_HATINH,Ha Tinh,2021,annual,229.8,Thous. tons,not_specified,E0621,https://www.nso.gov.vn/en/px-web?pxid=E0621&theme=Agriculture%2C%20Forestry%20and%20Fishing,source_reported_unharmonized
e0621_c9b3c38247,agriculture,Production of autumn rice by province,Total,VN_SRC_HATINH,Ha Tinh,2022,annual,224.1,Thous. tons,not_specified,E0621,https://www.nso.gov.vn/en/px-web?pxid=E0621&theme=Agriculture%2C%20Forestry%20and%20Fishing,source_reported_unharmonized
e0621_c9b3c38247,agriculture,Production of autumn rice by province,Total,VN_SRC_HATINH,Ha Tinh,2023,annual,224.1,Thous. tons,not_specified,E0621,https://www.nso.gov.vn/en/px-web?pxid=E0621&theme=Agriculture%2C%20Forestry%20and%20Fishing,source_reported_unharmonized
e0621_c9b3c38247,agriculture,Production of autumn rice by province,Total,VN_SRC_HATINH,Ha Tinh,2024,annual,234.9,Thous. tons,not_specified,E0621,https://www.nso.gov.vn/en/px-web?pxid=E0621&theme=Agriculture%2C%20Forestry%20and%20Fishing,source_reported_unharmonized
e0621_c9b3c38247,agriculture,Production of autumn rice by province,Total,VN_SRC_HATINH,Ha Tinh,2025,annual,125.2,Thous. tons,preliminary,E0621,https://www.nso.gov.vn/en/px-web?pxid=E0621&theme=Agriculture%2C%20Forestry%20and%20Fishing,source_reported_unharmonized
e0621_c9b3c38247,agriculture,Production of autumn rice by province,Total,VN_SRC_QUANGBINH,Quang Binh,1995,annual,31.1,Thous. tons,not_specified,E0621,https://www.nso.gov.vn/en/px-web?pxid=E0621&theme=Agriculture%2C%20Forestry%20and%20Fishing,source_reported_unharmonized
e0621_c9b3c38247,agriculture,Production of autumn rice by province,Total,VN_SRC_QUANGBINH,Quang Binh,1996,annual,45.1,Thous. tons,not_specified,E0621,https://www.nso.gov.vn/en/px-web?pxid=E0621&theme=Agriculture%2C%20Forestry%20and%20Fishing,source_reported_unharmonized
e0621_c9b3c38247,agriculture,Production of autumn rice by province,Total,VN_SRC_QUANGBINH,Quang Binh,1997,annual,46.8,Thous. tons,not_specified,E0621,https://www.nso.gov.vn/en/px-web?pxid=E0621&theme=Agriculture%2C%20Forestry%20and%20Fishing,source_reported_unharmonized
e0621_c9b3c38247,agriculture,Production of autumn rice by province,Total,VN_SRC_QUANGBINH,Quang Binh,1998,annual,22.8,Thous. tons,not_specified,E0621,https://www.nso.gov.vn/en/px-web?pxid=E0621&theme=Agriculture%2C%20Forestry%20and%20Fishing,source_reported_unharmonized
e0621_c9b3c38247,agriculture,Production of autumn rice by province,Total,VN_SRC_QUANGBINH,Quang Binh,1999,annual,58.1,Thous. tons,not_specified,E0621,https://www.nso.gov.vn/en/px-web?pxid=E0621&theme=Agriculture%2C%20Forestry%20and%20Fishing,source_reported_unharmonized
e0621_c9b3c38247,agriculture,Production of autumn rice by province,Total,VN_SRC_QUANGBINH,Quang Binh,2000,annual,68.9,Thous. tons,not_specified,E0621,https://www.nso.gov.vn/en/px-web?pxid=E0621&theme=Agriculture%2C%20Forestry%20and%20Fishing,source_reported_unharmonized
e0621_c9b3c38247,agriculture,Production of autumn rice by province,Total,VN_SRC_QUANGBINH,Quang Binh,2001,annual,71.8,Thous. tons,not_specified,E0621,https://www.nso.gov.vn/en/px-web?pxid=E0621&theme=Agriculture%2C%20Forestry%20and%20Fishing,source_reported_unharmonized
e0621_c9b3c38247,agriculture,Production of autumn rice by province,Total,VN_SRC_QUANGBINH,Quang Binh,2002,annual,72.9,Thous. tons,not_specified,E0621,https://www.nso.gov.vn/en/px-web?pxid=E0621&theme=Agriculture%2C%20Forestry%20and%20Fishing,source_reported_unharmonized
e0621_c9b3c38247,agriculture,Production of autumn rice by province,Total,VN_SRC_QUANGBINH,Quang Binh,2003,annual,71.0,Thous. tons,not_specified,E0621,https://www.nso.gov.vn/en/px-web?pxid=E0621&theme=Agriculture%2C%20Forestry%20and%20Fishing,source_reported_unharmonized
e0621_c9b3c38247,agriculture,Production of autumn rice by province,Total,VN_SRC_QUANGBINH,Quang Binh,2004,annual,80.9,Thous. tons,not_specified,E0621,https://www.nso.gov.vn/en/px-web?pxid=E0621&theme=Agriculture%2C%20Forestry%20and%20Fishing,source_reported_unharmonized
e0621_c9b3c38247,agriculture,Production of autumn rice by province,Total,VN_SRC_QUANGBINH,Quang Binh,2005,annual,79.2,Thous. tons,not_specified,E0621,https://www.nso.gov.vn/en/px-web?pxid=E0621&theme=Agriculture%2C%20Forestry%20and%20Fishing,source_reported_unharmonized
e0621_c9b3c38247,agriculture,Production of autumn rice by province,Total,VN_SRC_QUANGBINH,Quang Binh,2006,annual,84.4,Thous. tons,not_specified,E0621,https://www.nso.gov.vn/en/px-web?pxid=E0621&theme=Agriculture%2C%20Forestry%20and%20Fishing,source_reported_unharmonized
e0621_c9b3c38247,agriculture,Production of autumn rice by province,Total,VN_SRC_QUANGBINH,Quang Binh,2007,annual,71.5,Thous. tons,not_specified,E0621,https://www.nso.gov.vn/en/px-web?pxid=E0621&theme=Agriculture%2C%20Forestry%20and%20Fishing,source_reported_unharmonized
e0621_c9b3c38247,agriculture,Production of autumn rice by province,Total,VN_SRC_QUANGBINH,Quang Binh,2008,annual,91.8,Thous. tons,not_specified,E0621,https://www.nso.gov.vn/en/px-web?pxid=E0621&theme=Agriculture%2C%20Forestry%20and%20Fishing,source_reported_unharmonized
e0621_c9b3c38247,agriculture,Production of autumn rice by province,Total,VN_SRC_QUANGBINH,Quang Binh,2009,annual,93.9,Thous. tons,not_specified,E0621,https://www.nso.gov.vn/en/px-web?pxid=E0621&theme=Agriculture%2C%20Forestry%20and%20Fishing,source_reported_unharmonized
e0621_c9b3c38247,agriculture,Production of autumn rice by province,Total,VN_SRC_QUANGBINH,Quang Binh,2010,annual,82.5,Thous. tons,not_specified,E0621,https://www.nso.gov.vn/en/px-web?pxid=E0621&theme=Agriculture%2C%20Forestry%20and%20Fishing,source_reported_unharmonized
e0621_c9b3c38247,agriculture,Production of autumn rice by province,Total,VN_SRC_QUANGBINH,Quang Binh,2011,annual,94.8,Thous. tons,not_specified,E0621,https://www.nso.gov.vn/en/px-web?pxid=E0621&theme=Agriculture%2C%20Forestry%20and%20Fishing,source_reported_unharmonized
e0621_c9b3c38247,agriculture,Production of autumn rice by province,Total,VN_SRC_QUANGBINH,Quang Binh,2012,annual,93.8,Thous. tons,not_specified,E0621,https://www.nso.gov.vn/en/px-web?pxid=E0621&theme=Agriculture%2C%20Forestry%20and%20Fishing,source_reported_unharmonized
e0621_c9b3c38247,agriculture,Production of autumn rice by province,Total,VN_SRC_QUANGBINH,Quang Binh,2013,annual,84.8,Thous. tons,not_specified,E0621,https://www.nso.gov.vn/en/px-web?pxid=E0621&theme=Agriculture%2C%20Forestry%20and%20Fishing,source_reported_unharmonized
e0621_c9b3c38247,agriculture,Production of autumn rice by province,Total,VN_SRC_QUANGBINH,Quang Binh,2014,annual,97.6,Thous. tons,not_specified,E0621,https://www.nso.gov.vn/en/px-web?pxid=E0621&theme=Agriculture%2C%20Forestry%20and%20Fishing,source_reported_unharmonized
e0621_c9b3c38247,agriculture,Production of autumn rice by province,Total,VN_SRC_QUANGBINH,Quang Binh,2015,annual,94.6,Thous. tons,not_specified,E0621,https://www.nso.gov.vn/en/px-web?pxid=E0621&theme=Agriculture%2C%20Forestry%20and%20Fishing,source_reported_unharmonized
e0621_c9b3c38247,agriculture,Production of autumn rice by province,Total,VN_SRC_QUANGBINH,Quang Binh,2016,annual,99.7,Thous. tons,not_specified,E0621,https://www.nso.gov.vn/en/px-web?pxid=E0621&theme=Agriculture%2C%20Forestry%20and%20Fishing,source_reported_unharmonized
e0621_c9b3c38247,agriculture,Production of autumn rice by province,Total,VN_SRC_QUANGBINH,Quang Binh,2017,annual,99.8,Thous. tons,not_specified,E0621,https://www.nso.gov.vn/en/px-web?pxid=E0621&theme=Agriculture%2C%20Forestry%20and%20Fishing,source_reported_unharmonized
e0621_c9b3c38247,agriculture,Production of autumn rice by province,Total,VN_SRC_QUANGBINH,Quang Binh,2018,annual,99.3,Thous. tons,not_specified,E0621,https://www.nso.gov.vn/en/px-web?pxid=E0621&theme=Agriculture%2C%20Forestry%20and%20Fishing,source_reported_unharmonized
e0621_c9b3c38247,agriculture,Production of autumn rice by province,Total,VN_SRC_QUANGBINH,Quang Binh,2019,annual,75.4,Thous. tons,not_specified,E0621,https://www.nso.gov.vn/en/px-web?pxid=E0621&theme=Agriculture%2C%20Forestry%20and%20Fishing,source_reported_unharmonized
e0621_c9b3c38247,agriculture,Production of autumn rice by province,Total,VN_SRC_QUANGBINH,Quang Binh,2020,annual,90.0,Thous. tons,not_specified,E0621,https://www.nso.gov.vn/en/px-web?pxid=E0621&theme=Agriculture%2C%20Forestry%20and%20Fishing,source_reported_unharmonized
e0621_c9b3c38247,agriculture,Production of autumn rice by province,Total,VN_SRC_QUANGBINH,Quang Binh,2021,annual,102.4,Thous. tons,not_specified,E0621,https://www.nso.gov.vn/en/px-web?pxid=E0621&theme=Agriculture%2C%20Forestry%20and%20Fishing,source_reported_unharmonized
e0621_c9b3c38247,agriculture,Production of autumn rice by province,Total,VN_SRC_QUANGBINH,Quang Binh,2022,annual,95.3,Thous. tons,not_specified,E0621,https://www.nso.gov.vn/en/px-web?pxid=E0621&theme=Agriculture%2C%20Forestry%20and%20Fishing,source_reported_unharmonized
e0621_c9b3c38247,agriculture,Production of autumn rice by province,Total,VN_SRC_QUANGBINH,Quang Binh,2023,annual,97.4,Thous. tons,not_specified,E0621,https://www.nso.gov.vn/en/px-web?pxid=E0621&theme=Agriculture%2C%20Forestry%20and%20Fishing,source_reported_unharmonized
e0621_c9b3c38247,agriculture,Production of autumn rice by province,Total,VN_SRC_QUANGBINH,Quang Binh,2024,annual,107.8,Thous. tons,not_specified,E0621,https://www.nso.gov.vn/en/px-web?pxid=E0621&theme=Agriculture%2C%20Forestry%20and%20Fishing,source_reported_unharmonized
e0621_c9b3c38247,agriculture,Production of autumn rice by province,Total,VN_SRC_QUANGBINH,Quang Binh,2025,annual,85.6,Thous. tons,preliminary,E0621,https://www.nso.gov.vn/en/px-web?pxid=E0621&theme=Agriculture%2C%20Forestry%20and%20Fishing,source_reported_unharmonized
e0621_c9b3c38247,agriculture,Production of autumn rice by province,Total,VN_SRC_QUANGTRI,Quang Tri,1995,annual,48.3,Thous. tons,not_specified,E0621,https://www.nso.gov.vn/en/px-web?pxid=E0621&theme=Agriculture%2C%20Forestry%20and%20Fishing,source_reported_unharmonized
e0621_c9b3c38247,agriculture,Production of autumn rice by province,Total,VN_SRC_QUANGTRI,Quang Tri,1996,annual,50.7,Thous. tons,not_specified,E0621,https://www.nso.gov.vn/en/px-web?pxid=E0621&theme=Agriculture%2C%20Forestry%20and%20Fishing,source_reported_unharmonized
e0621_c9b3c38247,agriculture,Production of autumn rice by province,Total,VN_SRC_QUANGTRI,Quang Tri,1997,annual,60.7,Thous. tons,not_specified,E0621,https://www.nso.gov.vn/en/px-web?pxid=E0621&theme=Agriculture%2C%20Forestry%20and%20Fishing,source_reported_unharmonized
e0621_c9b3c38247,agriculture,Production of autumn rice by province,Total,VN_SRC_QUANGTRI,Quang Tri,1998,annual,35.7,Thous. tons,not_specified,E0621,https://www.nso.gov.vn/en/px-web?pxid=E0621&theme=Agriculture%2C%20Forestry%20and%20Fishing,source_reported_unharmonized
e0621_c9b3c38247,agriculture,Production of autumn rice by province,Total,VN_SRC_QUANGTRI,Quang Tri,1999,annual,77.7,Thous. tons,not_specified,E0621,https://www.nso.gov.vn/en/px-web?pxid=E0621&theme=Agriculture%2C%20Forestry%20and%20Fishing,source_reported_unharmonized
e0621_c9b3c38247,agriculture,Production of autumn rice by province,Total,VN_SRC_QUANGTRI,Quang Tri,2000,annual,81.6,Thous. tons,not_specified,E0621,https://www.nso.gov.vn/en/px-web?pxid=E0621&theme=Agriculture%2C%20Forestry%20and%20Fishing,source_reported_unharmonized
e0621_c9b3c38247,agriculture,Production of autumn rice by province,Total,VN_SRC_QUANGTRI,Quang Tri,2001,annual,78.7,Thous. tons,not_specified,E0621,https://www.nso.gov.vn/en/px-web?pxid=E0621&theme=Agriculture%2C%20Forestry%20and%20Fishing,source_reported_unharmonized
e0621_c9b3c38247,agriculture,Production of autumn rice by province,Total,VN_SRC_QUANGTRI,Quang Tri,2002,annual,81.7,Thous. tons,not_specified,E0621,https://www.nso.gov.vn/en/px-web?pxid=E0621&theme=Agriculture%2C%20Forestry%20and%20Fishing,source_reported_unharmonized
e0621_c9b3c38247,agriculture,Production of autumn rice by province,Total,VN_SRC_QUANGTRI,Quang Tri,2003,annual,81.5,Thous. tons,not_specified,E0621,https://www.nso.gov.vn/en/px-web?pxid=E0621&theme=Agriculture%2C%20Forestry%20and%20Fishing,source_reported_unharmonized
e0621_c9b3c38247,agriculture,Production of autumn rice by province,Total,VN_SRC_QUANGTRI,Quang Tri,2004,annual,86.2,Thous. tons,not_specified,E0621,https://www.nso.gov.vn/en/px-web?pxid=E0621&theme=Agriculture%2C%20Forestry%20and%20Fishing,source_reported_unharmonized
e0621_c9b3c38247,agriculture,Production of autumn rice by province,Total,VN_SRC_QUANGTRI,Quang Tri,2005,annual,76.3,Thous. tons,not_specified,E0621,https://www.nso.gov.vn/en/px-web?pxid=E0621&theme=Agriculture%2C%20Forestry%20and%20Fishing,source_reported_unharmonized
e0621_c9b3c38247,agriculture,Production of autumn rice by province,Total,VN_SRC_QUANGTRI,Quang Tri,2006,annual,84.5,Thous. tons,not_specified,E0621,https://www.nso.gov.vn/en/px-web?pxid=E0621&theme=Agriculture%2C%20Forestry%20and%20Fishing,source_reported_unharmonized
e0621_c9b3c38247,agriculture,Production of autumn rice by province,Total,VN_SRC_QUANGTRI,Quang Tri,2007,annual,87.4,Thous. tons,not_specified,E0621,https://www.nso.gov.vn/en/px-web?pxid=E0621&theme=Agriculture%2C%20Forestry%20and%20Fishing,source_reported_unharmonized
e0621_c9b3c38247,agriculture,Production of autumn rice by province,Total,VN_SRC_QUANGTRI,Quang Tri,2008,annual,97.0,Thous. tons,not_specified,E0621,https://www.nso.gov.vn/en/px-web?pxid=E0621&theme=Agriculture%2C%20Forestry%20and%20Fishing,source_reported_unharmonized
e0621_c9b3c38247,agriculture,Production of autumn rice by province,Total,VN_SRC_QUANGTRI,Quang Tri,2009,annual,89.0,Thous. tons,not_specified,E0621,https://www.nso.gov.vn/en/px-web?pxid=E0621&theme=Agriculture%2C%20Forestry%20and%20Fishing,source_reported_unharmonized
e0621_c9b3c38247,agriculture,Production of autumn rice by province,Total,VN_SRC_QUANGTRI,Quang Tri,2010,annual,89.0,Thous. tons,not_specified,E0621,https://www.nso.gov.vn/en/px-web?pxid=E0621&theme=Agriculture%2C%20Forestry%20and%20Fishing,source_reported_unharmonized
e0621_c9b3c38247,agriculture,Production of autumn rice by province,Total,VN_SRC_QUANGTRI,Quang Tri,2011,annual,91.9,Thous. tons,not_specified,E0621,https://www.nso.gov.vn/en/px-web?pxid=E0621&theme=Agriculture%2C%20Forestry%20and%20Fishing,source_reported_unharmonized
e0621_c9b3c38247,agriculture,Production of autumn rice by province,Total,VN_SRC_QUANGTRI,Quang Tri,2012,annual,105.5,Thous. tons,not_specified,E0621,https://www.nso.gov.vn/en/px-web?pxid=E0621&theme=Agriculture%2C%20Forestry%20and%20Fishing,source_reported_unharmonized
e0621_c9b3c38247,agriculture,Production of autumn rice by province,Total,VN_SRC_QUANGTRI,Quang Tri,2013,annual,94.8,Thous. tons,not_specified,E0621,https://www.nso.gov.vn/en/px-web?pxid=E0621&theme=Agriculture%2C%20Forestry%20and%20Fishing,source_reported_unharmonized
e0621_c9b3c38247,agriculture,Production of autumn rice by province,Total,VN_SRC_QUANGTRI,Quang Tri,2014,annual,113.6,Thous. tons,not_specified,E0621,https://www.nso.gov.vn/en/px-web?pxid=E0621&theme=Agriculture%2C%20Forestry%20and%20Fishing,source_reported_unharmonized
e0621_c9b3c38247,agriculture,Production of autumn rice by province,Total,VN_SRC_QUANGTRI,Quang Tri,2015,annual,99.0,Thous. tons,not_specified,E0621,https://www.nso.gov.vn/en/px-web?pxid=E0621&theme=Agriculture%2C%20Forestry%20and%20Fishing,source_reported_unharmonized
e0621_c9b3c38247,agriculture,Production of autumn rice by province,Total,VN_SRC_QUANGTRI,Quang Tri,2016,annual,114.9,Thous. tons,not_specified,E0621,https://www.nso.gov.vn/en/px-web?pxid=E0621&theme=Agriculture%2C%20Forestry%20and%20Fishing,source_reported_unharmonized
e0621_c9b3c38247,agriculture,Production of autumn rice by province,Total,VN_SRC_QUANGTRI,Quang Tri,2017,annual,95.2,Thous. tons,not_specified,E0621,https://www.nso.gov.vn/en/px-web?pxid=E0621&theme=Agriculture%2C%20Forestry%20and%20Fishing,source_reported_unharmonized
e0621_c9b3c38247,agriculture,Production of autumn rice by province,Total,VN_SRC_QUANGTRI,Quang Tri,2018,annual,121.6,Thous. tons,not_specified,E0621,https://www.nso.gov.vn/en/px-web?pxid=E0621&theme=Agriculture%2C%20Forestry%20and%20Fishing,source_reported_unharmonized
e0621_c9b3c38247,agriculture,Production of autumn rice by province,Total,VN_SRC_QUANGTRI,Quang Tri,2019,annual,119.3,Thous. tons,not_specified,E0621,https://www.nso.gov.vn/en/px-web?pxid=E0621&theme=Agriculture%2C%20Forestry%20and%20Fishing,source_reported_unharmonized
e0621_c9b3c38247,agriculture,Production of autumn rice by province,Total,VN_SRC_QUANGTRI,Quang Tri,2020,annual,121.2,Thous. tons,not_specified,E0621,https://www.nso.gov.vn/en/px-web?pxid=E0621&theme=Agriculture%2C%20Forestry%20and%20Fishing,source_reported_unharmonized
e0621_c9b3c38247,agriculture,Production of autumn rice by province,Total,VN_SRC_QUANGTRI,Quang Tri,2021,annual,119.3,Thous. tons,not_specified,E0621,https://www.nso.gov.vn/en/px-web?pxid=E0621&theme=Agriculture%2C%20Forestry%20and%20Fishing,source_reported_unharmonized
e0621_c9b3c38247,agriculture,Production of autumn rice by province,Total,VN_SRC_QUANGTRI,Quang Tri,2022,annual,126.8,Thous. tons,not_specified,E0621,https://www.nso.gov.vn/en/px-web?pxid=E0621&theme=Agriculture%2C%20Forestry%20and%20Fishing,source_reported_unharmonized
e0621_c9b3c38247,agriculture,Production of autumn rice by province,Total,VN_SRC_QUANGTRI,Quang Tri,2023,annual,128.9,Thous. tons,not_specified,E0621,https://www.nso.gov.vn/en/px-web?pxid=E0621&theme=Agriculture%2C%20Forestry%20and%20Fishing,source_reported_unharmonized
e0621_c9b3c38247,agriculture,Production of autumn rice by province,Total,VN_SRC_QUANGTRI,Quang Tri,2024,annual,133.7,Thous. tons,not_specified,E0621,https://www.nso.gov.vn/en/px-web?pxid=E0621&theme=Agriculture%2C%20Forestry%20and%20Fishing,source_reported_unharmonized
e0621_c9b3c38247,agriculture,Production of autumn rice by province,Total,VN_SRC_QUANGTRI,Quang Tri,2025,annual,126.1,Thous. tons,preliminary,E0621,https://www.nso.gov.vn/en/px-web?pxid=E0621&theme=Agriculture%2C%20Forestry%20and%20Fishing,source_reported_unharmonized
e0621_c9b3c38247,agriculture,Production of autumn rice by province,Total,VN_SRC_THUATHIENHUE,Thua Thien-Hue,1995,annual,75.1,Thous. tons,not_specified,E0621,https://www.nso.gov.vn/en/px-web?pxid=E0621&theme=Agriculture%2C%20Forestry%20and%20Fishing,source_reported_unharmonized
e0621_c9b3c38247,agriculture,Production of autumn rice by province,Total,VN_SRC_THUATHIENHUE,Thua Thien-Hue,1996,annual,82.3,Thous. tons,not_specified,E0621,https://www.nso.gov.vn/en/px-web?pxid=E0621&theme=Agriculture%2C%20Forestry%20and%20Fishing,source_reported_unharmonized
e0621_c9b3c38247,agriculture,Production of autumn rice by province,Total,VN_SRC_THUATHIENHUE,Thua Thien-Hue,1997,annual,87.9,Thous. tons,not_specified,E0621,https://www.nso.gov.vn/en/px-web?pxid=E0621&theme=Agriculture%2C%20Forestry%20and%20Fishing,source_reported_unharmonized
e0621_c9b3c38247,agriculture,Production of autumn rice by province,Total,VN_SRC_THUATHIENHUE,Thua Thien-Hue,1998,annual,85.2,Thous. tons,not_specified,E0621,https://www.nso.gov.vn/en/px-web?pxid=E0621&theme=Agriculture%2C%20Forestry%20and%20Fishing,source_reported_unharmonized
e0621_c9b3c38247,agriculture,Production of autumn rice by province,Total,VN_SRC_THUATHIENHUE,Thua Thien-Hue,1999,annual,104.1,Thous. tons,not_specified,E0621,https://www.nso.gov.vn/en/px-web?pxid=E0621&theme=Agriculture%2C%20Forestry%20and%20Fishing,source_reported_unharmonized
e0621_c9b3c38247,agriculture,Production of autumn rice by province,Total,VN_SRC_THUATHIENHUE,Thua Thien-Hue,2000,annual,84.0,Thous. tons,not_specified,E0621,https://www.nso.gov.vn/en/px-web?pxid=E0621&theme=Agriculture%2C%20Forestry%20and%20Fishing,source_reported_unharmonized
e0621_c9b3c38247,agriculture,Production of autumn rice by province,Total,VN_SRC_THUATHIENHUE,Thua Thien-Hue,2001,annual,101.8,Thous. tons,not_specified,E0621,https://www.nso.gov.vn/en/px-web?pxid=E0621&theme=Agriculture%2C%20Forestry%20and%20Fishing,source_reported_unharmonized
e0621_c9b3c38247,agriculture,Production of autumn rice by province,Total,VN_SRC_THUATHIENHUE,Thua Thien-Hue,2002,annual,88.0,Thous. tons,not_specified,E0621,https://www.nso.gov.vn/en/px-web?pxid=E0621&theme=Agriculture%2C%20Forestry%20and%20Fishing,source_reported_unharmonized
e0621_c9b3c38247,agriculture,Production of autumn rice by province,Total,VN_SRC_THUATHIENHUE,Thua Thien-Hue,2003,annual,104.2,Thous. tons,not_specified,E0621,https://www.nso.gov.vn/en/px-web?pxid=E0621&theme=Agriculture%2C%20Forestry%20and%20Fishing,source_reported_unharmonized
e0621_c9b3c38247,agriculture,Production of autumn rice by province,Total,VN_SRC_THUATHIENHUE,Thua Thien-Hue,2004,annual,112.5,Thous. tons,not_specified,E0621,https://www.nso.gov.vn/en/px-web?pxid=E0621&theme=Agriculture%2C%20Forestry%20and%20Fishing,source_reported_unharmonized
e0621_c9b3c38247,agriculture,Production of autumn rice by province,Total,VN_SRC_THUATHIENHUE,Thua Thien-Hue,2005,annual,116.0,Thous. tons,not_specified,E0621,https://www.nso.gov.vn/en/px-web?pxid=E0621&theme=Agriculture%2C%20Forestry%20and%20Fishing,source_reported_unharmonized
e0621_c9b3c38247,agriculture,Production of autumn rice by province,Total,VN_SRC_THUATHIENHUE,Thua Thien-Hue,2006,annual,113.4,Thous. tons,not_specified,E0621,https://www.nso.gov.vn/en/px-web?pxid=E0621&theme=Agriculture%2C%20Forestry%20and%20Fishing,source_reported_unharmonized
e0621_c9b3c38247,agriculture,Production of autumn rice by province,Total,VN_SRC_THUATHIENHUE,Thua Thien-Hue,2007,annual,120.2,Thous. tons,not_specified,E0621,https://www.nso.gov.vn/en/px-web?pxid=E0621&theme=Agriculture%2C%20Forestry%20and%20Fishing,source_reported_unharmonized
e0621_c9b3c38247,agriculture,Production of autumn rice by province,Total,VN_SRC_THUATHIENHUE,Thua Thien-Hue,2008,annual,132.2,Thous. tons,not_specified,E0621,https://www.nso.gov.vn/en/px-web?pxid=E0621&theme=Agriculture%2C%20Forestry%20and%20Fishing,source_reported_unharmonized
e0621_c9b3c38247,agriculture,Production of autumn rice by province,Total,VN_SRC_THUATHIENHUE,Thua Thien-Hue,2009,annual,132.5,Thous. tons,not_specified,E0621,https://www.nso.gov.vn/en/px-web?pxid=E0621&theme=Agriculture%2C%20Forestry%20and%20Fishing,source_reported_unharmonized
e0621_c9b3c38247,agriculture,Production of autumn rice by province,Total,VN_SRC_THUATHIENHUE,Thua Thien-Hue,2010,annual,129.8,Thous. tons,not_specified,E0621,https://www.nso.gov.vn/en/px-web?pxid=E0621&theme=Agriculture%2C%20Forestry%20and%20Fishing,source_reported_unharmonized
e0621_c9b3c38247,agriculture,Production of autumn rice by province,Total,VN_SRC_THUATHIENHUE,Thua Thien-Hue,2011,annual,145.0,Thous. tons,not_specified,E0621,https://www.nso.gov.vn/en/px-web?pxid=E0621&theme=Agriculture%2C%20Forestry%20and%20Fishing,source_reported_unharmonized
e0621_c9b3c38247,agriculture,Production of autumn rice by province,Total,VN_SRC_THUATHIENHUE,Thua Thien-Hue,2012,annual,142.0,Thous. tons,not_specified,E0621,https://www.nso.gov.vn/en/px-web?pxid=E0621&theme=Agriculture%2C%20Forestry%20and%20Fishing,source_reported_unharmonized
e0621_c9b3c38247,agriculture,Production of autumn rice by province,Total,VN_SRC_THUATHIENHUE,Thua Thien-Hue,2013,annual,124.7,Thous. tons,not_specified,E0621,https://www.nso.gov.vn/en/px-web?pxid=E0621&theme=Agriculture%2C%20Forestry%20and%20Fishing,source_reported_unharmonized
e0621_c9b3c38247,agriculture,Production of autumn rice by province,Total,VN_SRC_THUATHIENHUE,Thua Thien-Hue,2014,annual,148.7,Thous. tons,not_specified,E0621,https://www.nso.gov.vn/en/px-web?pxid=E0621&theme=Agriculture%2C%20Forestry%20and%20Fishing,source_reported_unharmonized
e0621_c9b3c38247,agriculture,Production of autumn rice by province,Total,VN_SRC_THUATHIENHUE,Thua Thien-Hue,2015,annual,150.7,Thous. tons,not_specified,E0621,https://www.nso.gov.vn/en/px-web?pxid=E0621&theme=Agriculture%2C%20Forestry%20and%20Fishing,source_reported_unharmonized
e0621_c9b3c38247,agriculture,Production of autumn rice by province,Total,VN_SRC_THUATHIENHUE,Thua Thien-Hue,2016,annual,153.8,Thous. tons,not_specified,E0621,https://www.nso.gov.vn/en/px-web?pxid=E0621&theme=Agriculture%2C%20Forestry%20and%20Fishing,source_reported_unharmonized
e0621_c9b3c38247,agriculture,Production of autumn rice by province,Total,VN_SRC_THUATHIENHUE,Thua Thien-Hue,2017,annual,148.0,Thous. tons,not_specified,E0621,https://www.nso.gov.vn/en/px-web?pxid=E0621&theme=Agriculture%2C%20Forestry%20and%20Fishing,source_reported_unharmonized
e0621_c9b3c38247,agriculture,Production of autumn rice by province,Total,VN_SRC_THUATHIENHUE,Thua Thien-Hue,2018,annual,155.1,Thous. tons,not_specified,E0621,https://www.nso.gov.vn/en/px-web?pxid=E0621&theme=Agriculture%2C%20Forestry%20and%20Fishing,source_reported_unharmonized
e0621_c9b3c38247,agriculture,Production of autumn rice by province,Total,VN_SRC_THUATHIENHUE,Thua Thien-Hue,2019,annual,145.2,Thous. tons,not_specified,E0621,https://www.nso.gov.vn/en/px-web?pxid=E0621&theme=Agriculture%2C%20Forestry%20and%20Fishing,source_reported_unharmonized
e0621_c9b3c38247,agriculture,Production of autumn rice by province,Total,VN_SRC_THUATHIENHUE,Thua Thien-Hue,2020,annual,149.1,Thous. tons,not_specified,E0621,https://www.nso.gov.vn/en/px-web?pxid=E0621&theme=Agriculture%2C%20Forestry%20and%20Fishing,source_reported_unharmonized
e0621_c9b3c38247,agriculture,Production of autumn rice by province,Total,VN_SRC_THUATHIENHUE,Thua Thien-Hue,2021,annual,150.3,Thous. tons,not_specified,E0621,https://www.nso.gov.vn/en/px-web?pxid=E0621&theme=Agriculture%2C%20Forestry%20and%20Fishing,source_reported_unharmonized
e0621_c9b3c38247,agriculture,Production of autumn rice by province,Total,VN_SRC_THUATHIENHUE,Thua Thien-Hue,2022,annual,139.5,Thous. tons,not_specified,E0621,https://www.nso.gov.vn/en/px-web?pxid=E0621&theme=Agriculture%2C%20Forestry%20and%20Fishing,source_reported_unharmonized
e0621_c9b3c38247,agriculture,Production of autumn rice by province,Total,VN_SRC_THUATHIENHUE,Thua Thien-Hue,2023,annual,149.5,Thous. tons,not_specified,E0621,https://www.nso.gov.vn/en/px-web?pxid=E0621&theme=Agriculture%2C%20Forestry%20and%20Fishing,source_reported_unharmonized
e0621_c9b3c38247,agriculture,Production of autumn rice by province,Total,VN_SRC_THUATHIENHUE,Thua Thien-Hue,2024,annual,157.4,Thous. tons,not_specified,E0621,https://www.nso.gov.vn/en/px-web?pxid=E0621&theme=Agriculture%2C%20Forestry%20and%20Fishing,source_reported_unharmonized
e0621_c9b3c38247,agriculture,Production of autumn rice by province,Total,VN_SRC_THUATHIENHUE,Thua Thien-Hue,2025,annual,151.4,Thous. tons,preliminary,E0621,https://www.nso.gov.vn/en/px-web?pxid=E0621&theme=Agriculture%2C%20Forestry%20and%20Fishing,source_reported_unharmonized
e0621_c9b3c38247,agriculture,Production of autumn rice by province,Total,VN_SRC_DANANG,Da Nang,1995,annual,9.7,Thous. tons,not_specified,E0621,https://www.nso.gov.vn/en/px-web?pxid=E0621&theme=Agriculture%2C%20Forestry%20and%20Fishing,source_reported_unharmonized
e0621_c9b3c38247,agriculture,Production of autumn rice by province,Total,VN_SRC_DANANG,Da Nang,1996,annual,9.8,Thous. tons,not_specified,E0621,https://www.nso.gov.vn/en/px-web?pxid=E0621&theme=Agriculture%2C%20Forestry%20and%20Fishing,source_reported_unharmonized
e0621_c9b3c38247,agriculture,Production of autumn rice by province,Total,VN_SRC_DANANG,Da Nang,1997,annual,9.1,Thous. tons,not_specified,E0621,https://www.nso.gov.vn/en/px-web?pxid=E0621&theme=Agriculture%2C%20Forestry%20and%20Fishing,source_reported_unharmonized
e0621_c9b3c38247,agriculture,Production of autumn rice by province,Total,VN_SRC_DANANG,Da Nang,1998,annual,8.0,Thous. tons,not_specified,E0621,https://www.nso.gov.vn/en/px-web?pxid=E0621&theme=Agriculture%2C%20Forestry%20and%20Fishing,source_reported_unharmonized
e0621_c9b3c38247,agriculture,Production of autumn rice by province,Total,VN_SRC_DANANG,Da Nang,1999,annual,7.0,Thous. tons,not_specified,E0621,https://www.nso.gov.vn/en/px-web?pxid=E0621&theme=Agriculture%2C%20Forestry%20and%20Fishing,source_reported_unharmonized
e0621_c9b3c38247,agriculture,Production of autumn rice by province,Total,VN_SRC_DANANG,Da Nang,2000,annual,3.1,Thous. tons,not_specified,E0621,https://www.nso.gov.vn/en/px-web?pxid=E0621&theme=Agriculture%2C%20Forestry%20and%20Fishing,source_reported_unharmonized
e0621_c9b3c38247,agriculture,Production of autumn rice by province,Total,VN_SRC_DANANG,Da Nang,2001,annual,1.7,Thous. tons,not_specified,E0621,https://www.nso.gov.vn/en/px-web?pxid=E0621&theme=Agriculture%2C%20Forestry%20and%20Fishing,source_reported_unharmonized
e0621_c9b3c38247,agriculture,Production of autumn rice by province,Total,VN_SRC_DANANG,Da Nang,2002,annual,2.5,Thous. tons,not_specified,E0621,https://www.nso.gov.vn/en/px-web?pxid=E0621&theme=Agriculture%2C%20Forestry%20and%20Fishing,source_reported_unharmonized
e0621_c9b3c38247,agriculture,Production of autumn rice by province,Total,VN_SRC_DANANG,Da Nang,2003,annual,0.4,Thous. tons,not_specified,E0621,https://www.nso.gov.vn/en/px-web?pxid=E0621&theme=Agriculture%2C%20Forestry%20and%20Fishing,source_reported_unharmonized
e0621_c9b3c38247,agriculture,Production of autumn rice by province,Total,VN_SRC_DANANG,Da Nang,2004,annual,,Thous. tons,not_specified,E0621,https://www.nso.gov.vn/en/px-web?pxid=E0621&theme=Agriculture%2C%20Forestry%20and%20Fishing,source_reported_unharmonized
e0621_c9b3c38247,agriculture,Production of autumn rice by province,Total,VN_SRC_DANANG,Da Nang,2005,annual,,Thous. tons,not_specified,E0621,https://www.nso.gov.vn/en/px-web?pxid=E0621&theme=Agriculture%2C%20Forestry%20and%20Fishing,source_reported_unharmonized
e0621_c9b3c38247,agriculture,Production of autumn rice by province,Total,VN_SRC_DANANG,Da Nang,2006,annual,,Thous. tons,not_specified,E0621,https://www.nso.gov.vn/en/px-web?pxid=E0621&theme=Agriculture%2C%20Forestry%20and%20Fishing,source_reported_unharmonized
e0621_c9b3c38247,agriculture,Production of autumn rice by province,Total,VN_SRC_DANANG,Da Nang,2007,annual,,Thous. tons,not_specified,E0621,https://www.nso.gov.vn/en/px-web?pxid=E0621&theme=Agriculture%2C%20Forestry%20and%20Fishing,source_reported_unharmonized
e0621_c9b3c38247,agriculture,Production of autumn rice by province,Total,VN_SRC_DANANG,Da Nang,2008,annual,,Thous. tons,not_specified,E0621,https://www.nso.gov.vn/en/px-web?pxid=E0621&theme=Agriculture%2C%20Forestry%20and%20Fishing,source_reported_unharmonized
e0621_c9b3c38247,agriculture,Production of autumn rice by province,Total,VN_SRC_DANANG,Da Nang,2009,annual,,Thous. tons,not_specified,E0621,https://www.nso.gov.vn/en/px-web?pxid=E0621&theme=Agriculture%2C%20Forestry%20and%20Fishing,source_reported_unharmonized
e0621_c9b3c38247,agriculture,Production of autumn rice by province,Total,VN_SRC_DANANG,Da Nang,2010,annual,,Thous. tons,not_specified,E0621,https://www.nso.gov.vn/en/px-web?pxid=E0621&theme=Agriculture%2C%20Forestry%20and%20Fishing,source_reported_unharmonized
e0621_c9b3c38247,agriculture,Production of autumn rice by province,Total,VN_SRC_DANANG,Da Nang,2011,annual,,Thous. tons,not_specified,E0621,https://www.nso.gov.vn/en/px-web?pxid=E0621&theme=Agriculture%2C%20Forestry%20and%20Fishing,source_reported_unharmonized
e0621_c9b3c38247,agriculture,Production of autumn rice by province,Total,VN_SRC_DANANG,Da Nang,2012,annual,,Thous. tons,not_specified,E0621,https://www.nso.gov.vn/en/px-web?pxid=E0621&theme=Agriculture%2C%20Forestry%20and%20Fishing,source_reported_unharmonized
e0621_c9b3c38247,agriculture,Production of autumn rice by province,Total,VN_SRC_DANANG,Da Nang,2013,annual,,Thous. tons,not_specified,E0621,https://www.nso.gov.vn/en/px-web?pxid=E0621&theme=Agriculture%2C%20Forestry%20and%20Fishing,source_reported_unharmonized
e0621_c9b3c38247,agriculture,Production of autumn rice by province,Total,VN_SRC_DANANG,Da Nang,2014,annual,,Thous. tons,not_specified,E0621,https://www.nso.gov.vn/en/px-web?pxid=E0621&theme=Agriculture%2C%20Forestry%20and%20Fishing,source_reported_unharmonized
e0621_c9b3c38247,agriculture,Production of autumn rice by province,Total,VN_SRC_DANANG,Da Nang,2015,annual,,Thous. tons,not_specified,E0621,https://www.nso.gov.vn/en/px-web?pxid=E0621&theme=Agriculture%2C%20Forestry%20and%20Fishing,source_reported_unharmonized
e0621_c9b3c38247,agriculture,Production of autumn rice by province,Total,VN_SRC_DANANG,Da Nang,2016,annual,,Thous. tons,not_specified,E0621,https://www.nso.gov.vn/en/px-web?pxid=E0621&theme=Agriculture%2C%20Forestry%20and%20Fishing,source_reported_unharmonized
e0621_c9b3c38247,agriculture,Production of autumn rice by province,Total,VN_SRC_DANANG,Da Nang,2017,annual,,Thous. tons,not_specified,E0621,https://www.nso.gov.vn/en/px-web?pxid=E0621&theme=Agriculture%2C%20Forestry%20and%20Fishing,source_reported_unharmonized
e0621_c9b3c38247,agriculture,Production of autumn rice by province,Total,VN_SRC_DANANG,Da Nang,2018,annual,,Thous. tons,not_specified,E0621,https://www.nso.gov.vn/en/px-web?pxid=E0621&theme=Agriculture%2C%20Forestry%20and%20Fishing,source_reported_unharmonized
e0621_c9b3c38247,agriculture,Production of autumn rice by province,Total,VN_SRC_DANANG,Da Nang,2019,annual,,Thous. tons,not_specified,E0621,https://www.nso.gov.vn/en/px-web?pxid=E0621&theme=Agriculture%2C%20Forestry%20and%20Fishing,source_reported_unharmonized
e0621_c9b3c38247,agriculture,Production of autumn rice by province,Total,VN_SRC_DANANG,Da Nang,2020,annual,,Thous. tons,not_specified,E0621,https://www.nso.gov.vn/en/px-web?pxid=E0621&theme=Agriculture%2C%20Forestry%20and%20Fishing,source_reported_unharmonized
e0621_c9b3c38247,agriculture,Production of autumn rice by province,Total,VN_SRC_DANANG,Da Nang,2021,annual,,Thous. tons,not_specified,E0621,https://www.nso.gov.vn/en/px-web?pxid=E0621&theme=Agriculture%2C%20Forestry%20and%20Fishing,source_reported_unharmonized
e0621_c9b3c38247,agriculture,Production of autumn rice by province,Total,VN_SRC_DANANG,Da Nang,2022,annual,,Thous. tons,not_specified,E0621,https://www.nso.gov.vn/en/px-web?pxid=E0621&theme=Agriculture%2C%20Forestry%20and%20Fishing,source_reported_unharmonized
e0621_c9b3c38247,agriculture,Production of autumn rice by province,Total,VN_SRC_DANANG,Da Nang,2023,annual,,Thous. tons,not_specified,E0621,https://www.nso.gov.vn/en/px-web?pxid=E0621&theme=Agriculture%2C%20Forestry%20and%20Fishing,source_reported_unharmonized
e0621_c9b3c38247,agriculture,Production of autumn rice by province,Total,VN_SRC_DANANG,Da Nang,2024,annual,,Thous. tons,not_specified,E0621,https://www.nso.gov.vn/en/px-web?pxid=E0621&theme=Agriculture%2C%20Forestry%20and%20Fishing,source_reported_unharmonized
e0621_c9b3c38247,agriculture,Production of autumn rice by province,Total,VN_SRC_DANANG,Da Nang,2025,annual,,Thous. tons,preliminary,E0621,https://www.nso.gov.vn/en/px-web?pxid=E0621&theme=Agriculture%2C%20Forestry%20and%20Fishing,source_reported_unharmonized
e0621_c9b3c38247,agriculture,Production of autumn rice by province,Total,VN_SRC_QUANGNAM,Quang Nam,1995,annual,75.9,Thous. tons,not_specified,E0621,https://www.nso.gov.vn/en/px-web?pxid=E0621&theme=Agriculture%2C%20Forestry%20and%20Fishing,source_reported_unharmonized
e0621_c9b3c38247,agriculture,Production of autumn rice by province,Total,VN_SRC_QUANGNAM,Quang Nam,1996,annual,78.0,Thous. tons,not_specified,E0621,https://www.nso.gov.vn/en/px-web?pxid=E0621&theme=Agriculture%2C%20Forestry%20and%20Fishing,source_reported_unharmonized
e0621_c9b3c38247,agriculture,Production of autumn rice by province,Total,VN_SRC_QUANGNAM,Quang Nam,1997,annual,74.7,Thous. tons,not_specified,E0621,https://www.nso.gov.vn/en/px-web?pxid=E0621&theme=Agriculture%2C%20Forestry%20and%20Fishing,source_reported_unharmonized
e0621_c9b3c38247,agriculture,Production of autumn rice by province,Total,VN_SRC_QUANGNAM,Quang Nam,1998,annual,66.2,Thous. tons,not_specified,E0621,https://www.nso.gov.vn/en/px-web?pxid=E0621&theme=Agriculture%2C%20Forestry%20and%20Fishing,source_reported_unharmonized
e0621_c9b3c38247,agriculture,Production of autumn rice by province,Total,VN_SRC_QUANGNAM,Quang Nam,1999,annual,63.1,Thous. tons,not_specified,E0621,https://www.nso.gov.vn/en/px-web?pxid=E0621&theme=Agriculture%2C%20Forestry%20and%20Fishing,source_reported_unharmonized
e0621_c9b3c38247,agriculture,Production of autumn rice by province,Total,VN_SRC_QUANGNAM,Quang Nam,2000,annual,31.2,Thous. tons,not_specified,E0621,https://www.nso.gov.vn/en/px-web?pxid=E0621&theme=Agriculture%2C%20Forestry%20and%20Fishing,source_reported_unharmonized
e0621_c9b3c38247,agriculture,Production of autumn rice by province,Total,VN_SRC_QUANGNAM,Quang Nam,2001,annual,4.1,Thous. tons,not_specified,E0621,https://www.nso.gov.vn/en/px-web?pxid=E0621&theme=Agriculture%2C%20Forestry%20and%20Fishing,source_reported_unharmonized
e0621_c9b3c38247,agriculture,Production of autumn rice by province,Total,VN_SRC_QUANGNAM,Quang Nam,2002,annual,1.1,Thous. tons,not_specified,E0621,https://www.nso.gov.vn/en/px-web?pxid=E0621&theme=Agriculture%2C%20Forestry%20and%20Fishing,source_reported_unharmonized
e0621_c9b3c38247,agriculture,Production of autumn rice by province,Total,VN_SRC_QUANGNAM,Quang Nam,2003,annual,0.8,Thous. tons,not_specified,E0621,https://www.nso.gov.vn/en/px-web?pxid=E0621&theme=Agriculture%2C%20Forestry%20and%20Fishing,source_reported_unharmonized
e0621_c9b3c38247,agriculture,Production of autumn rice by province,Total,VN_SRC_QUANGNAM,Quang Nam,2004,annual,0.6,Thous. tons,not_specified,E0621,https://www.nso.gov.vn/en/px-web?pxid=E0621&theme=Agriculture%2C%20Forestry%20and%20Fishing,source_reported_unharmonized
e0621_c9b3c38247,agriculture,Production of autumn rice by province,Total,VN_SRC_QUANGNAM,Quang Nam,2005,annual,,Thous. tons,not_specified,E0621,https://www.nso.gov.vn/en/px-web?pxid=E0621&theme=Agriculture%2C%20Forestry%20and%20Fishing,source_reported_unharmonized
e0621_c9b3c38247,agriculture,Production of autumn rice by province,Total,VN_SRC_QUANGNAM,Quang Nam,2006,annual,,Thous. tons,not_specified,E0621,https://www.nso.gov.vn/en/px-web?pxid=E0621&theme=Agriculture%2C%20Forestry%20and%20Fishing,source_reported_unharmonized
e0621_c9b3c38247,agriculture,Production of autumn rice by province,Total,VN_SRC_QUANGNAM,Quang Nam,2007,annual,,Thous. tons,not_specified,E0621,https://www.nso.gov.vn/en/px-web?pxid=E0621&theme=Agriculture%2C%20Forestry%20and%20Fishing,source_reported_unharmonized
e0621_c9b3c38247,agriculture,Production of autumn rice by province,Total,VN_SRC_QUANGNAM,Quang Nam,2008,annual,,Thous. tons,not_specified,E0621,https://www.nso.gov.vn/en/px-web?pxid=E0621&theme=Agriculture%2C%20Forestry%20and%20Fishing,source_reported_unharmonized
e0621_c9b3c38247,agriculture,Production of autumn rice by province,Total,VN_SRC_QUANGNAM,Quang Nam,2009,annual,,Thous. tons,not_specified,E0621,https://www.nso.gov.vn/en/px-web?pxid=E0621&theme=Agriculture%2C%20Forestry%20and%20Fishing,source_reported_unharmonized
e0621_c9b3c38247,agriculture,Production of autumn rice by province,Total,VN_SRC_QUANGNAM,Quang Nam,2010,annual,,Thous. tons,not_specified,E0621,https://www.nso.gov.vn/en/px-web?pxid=E0621&theme=Agriculture%2C%20Forestry%20and%20Fishing,source_reported_unharmonized
e0621_c9b3c38247,agriculture,Production of autumn rice by province,Total,VN_SRC_QUANGNAM,Quang Nam,2011,annual,,Thous. tons,not_specified,E0621,https://www.nso.gov.vn/en/px-web?pxid=E0621&theme=Agriculture%2C%20Forestry%20and%20Fishing,source_reported_unharmonized
e0621_c9b3c38247,agriculture,Production of autumn rice by province,Total,VN_SRC_QUANGNAM,Quang Nam,2012,annual,,Thous. tons,not_specified,E0621,https://www.nso.gov.vn/en/px-web?pxid=E0621&theme=Agriculture%2C%20Forestry%20and%20Fishing,source_reported_unharmonized
e0621_c9b3c38247,agriculture,Production of autumn rice by province,Total,VN_SRC_QUANGNAM,Quang Nam,2013,annual,,Thous. tons,not_specified,E0621,https://www.nso.gov.vn/en/px-web?pxid=E0621&theme=Agriculture%2C%20Forestry%20and%20Fishing,source_reported_unharmonized
e0621_c9b3c38247,agriculture,Production of autumn rice by province,Total,VN_SRC_QUANGNAM,Quang Nam,2014,annual,,Thous. tons,not_specified,E0621,https://www.nso.gov.vn/en/px-web?pxid=E0621&theme=Agriculture%2C%20Forestry%20and%20Fishing,source_reported_unharmonized
e0621_c9b3c38247,agriculture,Production of autumn rice by province,Total,VN_SRC_QUANGNAM,Quang Nam,2015,annual,,Thous. tons,not_specified,E0621,https://www.nso.gov.vn/en/px-web?pxid=E0621&theme=Agriculture%2C%20Forestry%20and%20Fishing,source_reported_unharmonized
e0621_c9b3c38247,agriculture,Production of autumn rice by province,Total,VN_SRC_QUANGNAM,Quang Nam,2016,annual,,Thous. tons,not_specified,E0621,https://www.nso.gov.vn/en/px-web?pxid=E0621&theme=Agriculture%2C%20Forestry%20and%20Fishing,source_reported_unharmonized
e0621_c9b3c38247,agriculture,Production of autumn rice by province,Total,VN_SRC_QUANGNAM,Quang Nam,2017,annual,,Thous. tons,not_specified,E0621,https://www.nso.gov.vn/en/px-web?pxid=E0621&theme=Agriculture%2C%20Forestry%20and%20Fishing,source_reported_unharmonized
e0621_c9b3c38247,agriculture,Production of autumn rice by province,Total,VN_SRC_QUANGNAM,Quang Nam,2018,annual,,Thous. tons,not_specified,E0621,https://www.nso.gov.vn/en/px-web?pxid=E0621&theme=Agriculture%2C%20Forestry%20and%20Fishing,source_reported_unharmonized
e0621_c9b3c38247,agriculture,Production of autumn rice by province,Total,VN_SRC_QUANGNAM,Quang Nam,2019,annual,,Thous. tons,not_specified,E0621,https://www.nso.gov.vn/en/px-web?pxid=E0621&theme=Agriculture%2C%20Forestry%20and%20Fishing,source_reported_unharmonized
e0621_c9b3c38247,agriculture,Production of autumn rice by province,Total,VN_SRC_QUANGNAM,Quang Nam,2020,annual,,Thous. tons,not_specified,E0621,https://www.nso.gov.vn/en/px-web?pxid=E0621&theme=Agriculture%2C%20Forestry%20and%20Fishing,source_reported_unharmonized
e0621_c9b3c38247,agriculture,Production of autumn rice by province,Total,VN_SRC_QUANGNAM,Quang Nam,2021,annual,,Thous. tons,not_specified,E0621,https://www.nso.gov.vn/en/px-web?pxid=E0621&theme=Agriculture%2C%20Forestry%20and%20Fishing,source_reported_unharmonized
e0621_c9b3c38247,agriculture,Production of autumn rice by province,Total,VN_SRC_QUANGNAM,Quang Nam,2022,annual,,Thous. tons,not_specified,E0621,https://www.nso.gov.vn/en/px-web?pxid=E0621&theme=Agriculture%2C%20Forestry%20and%20Fishing,source_reported_unharmonized
e0621_c9b3c38247,agriculture,Production of autumn rice by province,Total,VN_SRC_QUANGNAM,Quang Nam,2023,annual,,Thous. tons,not_specified,E0621,https://www.nso.gov.vn/en/px-web?pxid=E0621&theme=Agriculture%2C%20Forestry%20and%20Fishing,source_reported_unharmonized
e0621_c9b3c38247,agriculture,Production of autumn rice by province,Total,VN_SRC_QUANGNAM,Quang Nam,2024,annual,,Thous. tons,not_specified,E0621,https://www.nso.gov.vn/en/px-web?pxid=E0621&theme=Agriculture%2C%20Forestry%20and%20Fishing,source_reported_unharmonized
e0621_c9b3c38247,agriculture,Production of autumn rice by province,Total,VN_SRC_QUANGNAM,Quang Nam,2025,annual,,Thous. tons,preliminary,E0621,https://www.nso.gov.vn/en/px-web?pxid=E0621&theme=Agriculture%2C%20Forestry%20and%20Fishing,source_reported_unharmonized
e0621_c9b3c38247,agriculture,Production of autumn rice by province,Total,VN_SRC_QUANGNGAI,Quang Ngai,1995,annual,90.6,Thous. tons,not_specified,E0621,https://www.nso.gov.vn/en/px-web?pxid=E0621&theme=Agriculture%2C%20Forestry%20and%20Fishing,source_reported_unharmonized
e0621_c9b3c38247,agriculture,Production of autumn rice by province,Total,VN_SRC_QUANGNGAI,Quang Ngai,1996,annual,97.9,Thous. tons,not_specified,E0621,https://www.nso.gov.vn/en/px-web?pxid=E0621&theme=Agriculture%2C%20Forestry%20and%20Fishing,source_reported_unharmonized
e0621_c9b3c38247,agriculture,Production of autumn rice by province,Total,VN_SRC_QUANGNGAI,Quang Ngai,1997,annual,97.7,Thous. tons,not_specified,E0621,https://www.nso.gov.vn/en/px-web?pxid=E0621&theme=Agriculture%2C%20Forestry%20and%20Fishing,source_reported_unharmonized
e0621_c9b3c38247,agriculture,Production of autumn rice by province,Total,VN_SRC_QUANGNGAI,Quang Ngai,1998,annual,93.2,Thous. tons,not_specified,E0621,https://www.nso.gov.vn/en/px-web?pxid=E0621&theme=Agriculture%2C%20Forestry%20and%20Fishing,source_reported_unharmonized
e0621_c9b3c38247,agriculture,Production of autumn rice by province,Total,VN_SRC_QUANGNGAI,Quang Ngai,1999,annual,105.3,Thous. tons,not_specified,E0621,https://www.nso.gov.vn/en/px-web?pxid=E0621&theme=Agriculture%2C%20Forestry%20and%20Fishing,source_reported_unharmonized
e0621_c9b3c38247,agriculture,Production of autumn rice by province,Total,VN_SRC_QUANGNGAI,Quang Ngai,2000,annual,102.9,Thous. tons,not_specified,E0621,https://www.nso.gov.vn/en/px-web?pxid=E0621&theme=Agriculture%2C%20Forestry%20and%20Fishing,source_reported_unharmonized
e0621_c9b3c38247,agriculture,Production of autumn rice by province,Total,VN_SRC_QUANGNGAI,Quang Ngai,2001,annual,101.0,Thous. tons,not_specified,E0621,https://www.nso.gov.vn/en/px-web?pxid=E0621&theme=Agriculture%2C%20Forestry%20and%20Fishing,source_reported_unharmonized
e0621_c9b3c38247,agriculture,Production of autumn rice by province,Total,VN_SRC_QUANGNGAI,Quang Ngai,2002,annual,106.6,Thous. tons,not_specified,E0621,https://www.nso.gov.vn/en/px-web?pxid=E0621&theme=Agriculture%2C%20Forestry%20and%20Fishing,source_reported_unharmonized
e0621_c9b3c38247,agriculture,Production of autumn rice by province,Total,VN_SRC_QUANGNGAI,Quang Ngai,2003,annual,128.3,Thous. tons,not_specified,E0621,https://www.nso.gov.vn/en/px-web?pxid=E0621&theme=Agriculture%2C%20Forestry%20and%20Fishing,source_reported_unharmonized
e0621_c9b3c38247,agriculture,Production of autumn rice by province,Total,VN_SRC_QUANGNGAI,Quang Ngai,2004,annual,148.7,Thous. tons,not_specified,E0621,https://www.nso.gov.vn/en/px-web?pxid=E0621&theme=Agriculture%2C%20Forestry%20and%20Fishing,source_reported_unharmonized
e0621_c9b3c38247,agriculture,Production of autumn rice by province,Total,VN_SRC_QUANGNGAI,Quang Ngai,2005,annual,151.0,Thous. tons,not_specified,E0621,https://www.nso.gov.vn/en/px-web?pxid=E0621&theme=Agriculture%2C%20Forestry%20and%20Fishing,source_reported_unharmonized
e0621_c9b3c38247,agriculture,Production of autumn rice by province,Total,VN_SRC_QUANGNGAI,Quang Ngai,2006,annual,151.7,Thous. tons,not_specified,E0621,https://www.nso.gov.vn/en/px-web?pxid=E0621&theme=Agriculture%2C%20Forestry%20and%20Fishing,source_reported_unharmonized
e0621_c9b3c38247,agriculture,Production of autumn rice by province,Total,VN_SRC_QUANGNGAI,Quang Ngai,2007,annual,152.4,Thous. tons,not_specified,E0621,https://www.nso.gov.vn/en/px-web?pxid=E0621&theme=Agriculture%2C%20Forestry%20and%20Fishing,source_reported_unharmonized
e0621_c9b3c38247,agriculture,Production of autumn rice by province,Total,VN_SRC_QUANGNGAI,Quang Ngai,2008,annual,178.0,Thous. tons,not_specified,E0621,https://www.nso.gov.vn/en/px-web?pxid=E0621&theme=Agriculture%2C%20Forestry%20and%20Fishing,source_reported_unharmonized
e0621_c9b3c38247,agriculture,Production of autumn rice by province,Total,VN_SRC_QUANGNGAI,Quang Ngai,2009,annual,165.0,Thous. tons,not_specified,E0621,https://www.nso.gov.vn/en/px-web?pxid=E0621&theme=Agriculture%2C%20Forestry%20and%20Fishing,source_reported_unharmonized
e0621_c9b3c38247,agriculture,Production of autumn rice by province,Total,VN_SRC_QUANGNGAI,Quang Ngai,2010,annual,175.4,Thous. tons,not_specified,E0621,https://www.nso.gov.vn/en/px-web?pxid=E0621&theme=Agriculture%2C%20Forestry%20and%20Fishing,source_reported_unharmonized
e0621_c9b3c38247,agriculture,Production of autumn rice by province,Total,VN_SRC_QUANGNGAI,Quang Ngai,2011,annual,183.1,Thous. tons,not_specified,E0621,https://www.nso.gov.vn/en/px-web?pxid=E0621&theme=Agriculture%2C%20Forestry%20and%20Fishing,source_reported_unharmonized
e0621_c9b3c38247,agriculture,Production of autumn rice by province,Total,VN_SRC_QUANGNGAI,Quang Ngai,2012,annual,188.4,Thous. tons,not_specified,E0621,https://www.nso.gov.vn/en/px-web?pxid=E0621&theme=Agriculture%2C%20Forestry%20and%20Fishing,source_reported_unharmonized
e0621_c9b3c38247,agriculture,Production of autumn rice by province,Total,VN_SRC_QUANGNGAI,Quang Ngai,2013,annual,186.7,Thous. tons,not_specified,E0621,https://www.nso.gov.vn/en/px-web?pxid=E0621&theme=Agriculture%2C%20Forestry%20and%20Fishing,source_reported_unharmonized
e0621_c9b3c38247,agriculture,Production of autumn rice by province,Total,VN_SRC_QUANGNGAI,Quang Ngai,2014,annual,187.9,Thous. tons,not_specified,E0621,https://www.nso.gov.vn/en/px-web?pxid=E0621&theme=Agriculture%2C%20Forestry%20and%20Fishing,source_reported_unharmonized
e0621_c9b3c38247,agriculture,Production of autumn rice by province,Total,VN_SRC_QUANGNGAI,Quang Ngai,2015,annual,188.9,Thous. tons,not_specified,E0621,https://www.nso.gov.vn/en/px-web?pxid=E0621&theme=Agriculture%2C%20Forestry%20and%20Fishing,source_reported_unharmonized
e0621_c9b3c38247,agriculture,Production of autumn rice by province,Total,VN_SRC_QUANGNGAI,Quang Ngai,2016,annual,200.0,Thous. tons,not_specified,E0621,https://www.nso.gov.vn/en/px-web?pxid=E0621&theme=Agriculture%2C%20Forestry%20and%20Fishing,source_reported_unharmonized
e0621_c9b3c38247,agriculture,Production of autumn rice by province,Total,VN_SRC_QUANGNGAI,Quang Ngai,2017,annual,201.0,Thous. tons,not_specified,E0621,https://www.nso.gov.vn/en/px-web?pxid=E0621&theme=Agriculture%2C%20Forestry%20and%20Fishing,source_reported_unharmonized
e0621_c9b3c38247,agriculture,Production of autumn rice by province,Total,VN_SRC_QUANGNGAI,Quang Ngai,2018,annual,201.0,Thous. tons,not_specified,E0621,https://www.nso.gov.vn/en/px-web?pxid=E0621&theme=Agriculture%2C%20Forestry%20and%20Fishing,source_reported_unharmonized
e0621_c9b3c38247,agriculture,Production of autumn rice by province,Total,VN_SRC_QUANGNGAI,Quang Ngai,2019,annual,193.6,Thous. tons,not_specified,E0621,https://www.nso.gov.vn/en/px-web?pxid=E0621&theme=Agriculture%2C%20Forestry%20and%20Fishing,source_reported_unharmonized
e0621_c9b3c38247,agriculture,Production of autumn rice by province,Total,VN_SRC_QUANGNGAI,Quang Ngai,2020,annual,182.7,Thous. tons,not_specified,E0621,https://www.nso.gov.vn/en/px-web?pxid=E0621&theme=Agriculture%2C%20Forestry%20and%20Fishing,source_reported_unharmonized
e0621_c9b3c38247,agriculture,Production of autumn rice by province,Total,VN_SRC_QUANGNGAI,Quang Ngai,2021,annual,196.2,Thous. tons,not_specified,E0621,https://www.nso.gov.vn/en/px-web?pxid=E0621&theme=Agriculture%2C%20Forestry%20and%20Fishing,source_reported_unharmonized
e0621_c9b3c38247,agriculture,Production of autumn rice by province,Total,VN_SRC_QUANGNGAI,Quang Ngai,2022,annual,200.6,Thous. tons,not_specified,E0621,https://www.nso.gov.vn/en/px-web?pxid=E0621&theme=Agriculture%2C%20Forestry%20and%20Fishing,source_reported_unharmonized
e0621_c9b3c38247,agriculture,Production of autumn rice by province,Total,VN_SRC_QUANGNGAI,Quang Ngai,2023,annual,207.7,Thous. tons,not_specified,E0621,https://www.nso.gov.vn/en/px-web?pxid=E0621&theme=Agriculture%2C%20Forestry%20and%20Fishing,source_reported_unharmonized
e0621_c9b3c38247,agriculture,Production of autumn rice by province,Total,VN_SRC_QUANGNGAI,Quang Ngai,2024,annual,211.1,Thous. tons,not_specified,E0621,https://www.nso.gov.vn/en/px-web?pxid=E0621&theme=Agriculture%2C%20Forestry%20and%20Fishing,source_reported_unharmonized
e0621_c9b3c38247,agriculture,Production of autumn rice by province,Total,VN_SRC_QUANGNGAI,Quang Ngai,2025,annual,212.8,Thous. tons,preliminary,E0621,https://www.nso.gov.vn/en/px-web?pxid=E0621&theme=Agriculture%2C%20Forestry%20and%20Fishing,source_reported_unharmonized
e0621_c9b3c38247,agriculture,Production of autumn rice by province,Total,VN_SRC_BINHDINH,Binh Dinh,1995,annual,132.5,Thous. tons,not_specified,E0621,https://www.nso.gov.vn/en/px-web?pxid=E0621&theme=Agriculture%2C%20Forestry%20and%20Fishing,source_reported_unharmonized
e0621_c9b3c38247,agriculture,Production of autumn rice by province,Total,VN_SRC_BINHDINH,Binh Dinh,1996,annual,152.8,Thous. tons,not_specified,E0621,https://www.nso.gov.vn/en/px-web?pxid=E0621&theme=Agriculture%2C%20Forestry%20and%20Fishing,source_reported_unharmonized
e0621_c9b3c38247,agriculture,Production of autumn rice by province,Total,VN_SRC_BINHDINH,Binh Dinh,1997,annual,146.2,Thous. tons,not_specified,E0621,https://www.nso.gov.vn/en/px-web?pxid=E0621&theme=Agriculture%2C%20Forestry%20and%20Fishing,source_reported_unharmonized
e0621_c9b3c38247,agriculture,Production of autumn rice by province,Total,VN_SRC_BINHDINH,Binh Dinh,1998,annual,129.7,Thous. tons,not_specified,E0621,https://www.nso.gov.vn/en/px-web?pxid=E0621&theme=Agriculture%2C%20Forestry%20and%20Fishing,source_reported_unharmonized
e0621_c9b3c38247,agriculture,Production of autumn rice by province,Total,VN_SRC_BINHDINH,Binh Dinh,1999,annual,167.4,Thous. tons,not_specified,E0621,https://www.nso.gov.vn/en/px-web?pxid=E0621&theme=Agriculture%2C%20Forestry%20and%20Fishing,source_reported_unharmonized
e0621_c9b3c38247,agriculture,Production of autumn rice by province,Total,VN_SRC_BINHDINH,Binh Dinh,2000,annual,174.2,Thous. tons,not_specified,E0621,https://www.nso.gov.vn/en/px-web?pxid=E0621&theme=Agriculture%2C%20Forestry%20and%20Fishing,source_reported_unharmonized
e0621_c9b3c38247,agriculture,Production of autumn rice by province,Total,VN_SRC_BINHDINH,Binh Dinh,2001,annual,176.6,Thous. tons,not_specified,E0621,https://www.nso.gov.vn/en/px-web?pxid=E0621&theme=Agriculture%2C%20Forestry%20and%20Fishing,source_reported_unharmonized
e0621_c9b3c38247,agriculture,Production of autumn rice by province,Total,VN_SRC_BINHDINH,Binh Dinh,2002,annual,153.4,Thous. tons,not_specified,E0621,https://www.nso.gov.vn/en/px-web?pxid=E0621&theme=Agriculture%2C%20Forestry%20and%20Fishing,source_reported_unharmonized
e0621_c9b3c38247,agriculture,Production of autumn rice by province,Total,VN_SRC_BINHDINH,Binh Dinh,2003,annual,181.1,Thous. tons,not_specified,E0621,https://www.nso.gov.vn/en/px-web?pxid=E0621&theme=Agriculture%2C%20Forestry%20and%20Fishing,source_reported_unharmonized
e0621_c9b3c38247,agriculture,Production of autumn rice by province,Total,VN_SRC_BINHDINH,Binh Dinh,2004,annual,173.6,Thous. tons,not_specified,E0621,https://www.nso.gov.vn/en/px-web?pxid=E0621&theme=Agriculture%2C%20Forestry%20and%20Fishing,source_reported_unharmonized
e0621_c9b3c38247,agriculture,Production of autumn rice by province,Total,VN_SRC_BINHDINH,Binh Dinh,2005,annual,151.5,Thous. tons,not_specified,E0621,https://www.nso.gov.vn/en/px-web?pxid=E0621&theme=Agriculture%2C%20Forestry%20and%20Fishing,source_reported_unharmonized
e0621_c9b3c38247,agriculture,Production of autumn rice by province,Total,VN_SRC_BINHDINH,Binh Dinh,2006,annual,206.0,Thous. tons,not_specified,E0621,https://www.nso.gov.vn/en/px-web?pxid=E0621&theme=Agriculture%2C%20Forestry%20and%20Fishing,source_reported_unharmonized
e0621_c9b3c38247,agriculture,Production of autumn rice by province,Total,VN_SRC_BINHDINH,Binh Dinh,2007,annual,203.4,Thous. tons,not_specified,E0621,https://www.nso.gov.vn/en/px-web?pxid=E0621&theme=Agriculture%2C%20Forestry%20and%20Fishing,source_reported_unharmonized
e0621_c9b3c38247,agriculture,Production of autumn rice by province,Total,VN_SRC_BINHDINH,Binh Dinh,2008,annual,237.2,Thous. tons,not_specified,E0621,https://www.nso.gov.vn/en/px-web?pxid=E0621&theme=Agriculture%2C%20Forestry%20and%20Fishing,source_reported_unharmonized
e0621_c9b3c38247,agriculture,Production of autumn rice by province,Total,VN_SRC_BINHDINH,Binh Dinh,2009,annual,238.2,Thous. tons,not_specified,E0621,https://www.nso.gov.vn/en/px-web?pxid=E0621&theme=Agriculture%2C%20Forestry%20and%20Fishing,source_reported_unharmonized
e0621_c9b3c38247,agriculture,Production of autumn rice by province,Total,VN_SRC_BINHDINH,Binh Dinh,2010,annual,234.3,Thous. tons,not_specified,E0621,https://www.nso.gov.vn/en/px-web?pxid=E0621&theme=Agriculture%2C%20Forestry%20and%20Fishing,source_reported_unharmonized
e0621_c9b3c38247,agriculture,Production of autumn rice by province,Total,VN_SRC_BINHDINH,Binh Dinh,2011,annual,252.1,Thous. tons,not_specified,E0621,https://www.nso.gov.vn/en/px-web?pxid=E0621&theme=Agriculture%2C%20Forestry%20and%20Fishing,source_reported_unharmonized
e0621_c9b3c38247,agriculture,Production of autumn rice by province,Total,VN_SRC_BINHDINH,Binh Dinh,2012,annual,256.6,Thous. tons,not_specified,E0621,https://www.nso.gov.vn/en/px-web?pxid=E0621&theme=Agriculture%2C%20Forestry%20and%20Fishing,source_reported_unharmonized
e0621_c9b3c38247,agriculture,Production of autumn rice by province,Total,VN_SRC_BINHDINH,Binh Dinh,2013,annual,231.1,Thous. tons,not_specified,E0621,https://www.nso.gov.vn/en/px-web?pxid=E0621&theme=Agriculture%2C%20Forestry%20and%20Fishing,source_reported_unharmonized
e0621_c9b3c38247,agriculture,Production of autumn rice by province,Total,VN_SRC_BINHDINH,Binh Dinh,2014,annual,250.2,Thous. tons,not_specified,E0621,https://www.nso.gov.vn/en/px-web?pxid=E0621&theme=Agriculture%2C%20Forestry%20and%20Fishing,source_reported_unharmonized
e0621_c9b3c38247,agriculture,Production of autumn rice by province,Total,VN_SRC_BINHDINH,Binh Dinh,2015,annual,259.9,Thous. tons,not_specified,E0621,https://www.nso.gov.vn/en/px-web?pxid=E0621&theme=Agriculture%2C%20Forestry%20and%20Fishing,source_reported_unharmonized
e0621_c9b3c38247,agriculture,Production of autumn rice by province,Total,VN_SRC_BINHDINH,Binh Dinh,2016,annual,259.4,Thous. tons,not_specified,E0621,https://www.nso.gov.vn/en/px-web?pxid=E0621&theme=Agriculture%2C%20Forestry%20and%20Fishing,source_reported_unharmonized
e0621_c9b3c38247,agriculture,Production of autumn rice by province,Total,VN_SRC_BINHDINH,Binh Dinh,2017,annual,280.3,Thous. tons,not_specified,E0621,https://www.nso.gov.vn/en/px-web?pxid=E0621&theme=Agriculture%2C%20Forestry%20and%20Fishing,source_reported_unharmonized
e0621_c9b3c38247,agriculture,Production of autumn rice by province,Total,VN_SRC_BINHDINH,Binh Dinh,2018,annual,280.5,Thous. tons,not_specified,E0621,https://www.nso.gov.vn/en/px-web?pxid=E0621&theme=Agriculture%2C%20Forestry%20and%20Fishing,source_reported_unharmonized
e0621_c9b3c38247,agriculture,Production of autumn rice by province,Total,VN_SRC_BINHDINH,Binh Dinh,2019,annual,271.8,Thous. tons,not_specified,E0621,https://www.nso.gov.vn/en/px-web?pxid=E0621&theme=Agriculture%2C%20Forestry%20and%20Fishing,source_reported_unharmonized
e0621_c9b3c38247,agriculture,Production of autumn rice by province,Total,VN_SRC_BINHDINH,Binh Dinh,2020,annual,246.0,Thous. tons,not_specified,E0621,https://www.nso.gov.vn/en/px-web?pxid=E0621&theme=Agriculture%2C%20Forestry%20and%20Fishing,source_reported_unharmonized
e0621_c9b3c38247,agriculture,Production of autumn rice by province,Total,VN_SRC_BINHDINH,Binh Dinh,2021,annual,266.5,Thous. tons,not_specified,E0621,https://www.nso.gov.vn/en/px-web?pxid=E0621&theme=Agriculture%2C%20Forestry%20and%20Fishing,source_reported_unharmonized
e0621_c9b3c38247,agriculture,Production of autumn rice by province,Total,VN_SRC_BINHDINH,Binh Dinh,2022,annual,280.5,Thous. tons,not_specified,E0621,https://www.nso.gov.vn/en/px-web?pxid=E0621&theme=Agriculture%2C%20Forestry%20and%20Fishing,source_reported_unharmonized
e0621_c9b3c38247,agriculture,Production of autumn rice by province,Total,VN_SRC_BINHDINH,Binh Dinh,2023,annual,281.8,Thous. tons,not_specified,E0621,https://www.nso.gov.vn/en/px-web?pxid=E0621&theme=Agriculture%2C%20Forestry%20and%20Fishing,source_reported_unharmonized
e0621_c9b3c38247,agriculture,Production of autumn rice by province,Total,VN_SRC_BINHDINH,Binh Dinh,2024,annual,283.2,Thous. tons,not_specified,E0621,https://www.nso.gov.vn/en/px-web?pxid=E0621&theme=Agriculture%2C%20Forestry%20and%20Fishing,source_reported_unharmonized
e0621_c9b3c38247,agriculture,Production of autumn rice by province,Total,VN_SRC_BINHDINH,Binh Dinh,2025,annual,291.7,Thous. tons,preliminary,E0621,https://www.nso.gov.vn/en/px-web?pxid=E0621&theme=Agriculture%2C%20Forestry%20and%20Fishing,source_reported_unharmonized
e0621_c9b3c38247,agriculture,Production of autumn rice by province,Total,VN_SRC_PHUYEN,Phu Yen,1995,annual,109.3,Thous. tons,not_specified,E0621,https://www.nso.gov.vn/en/px-web?pxid=E0621&theme=Agriculture%2C%20Forestry%20and%20Fishing,source_reported_unharmonized
e0621_c9b3c38247,agriculture,Production of autumn rice by province,Total,VN_SRC_PHUYEN,Phu Yen,1996,annual,112.1,Thous. tons,not_specified,E0621,https://www.nso.gov.vn/en/px-web?pxid=E0621&theme=Agriculture%2C%20Forestry%20and%20Fishing,source_reported_unharmonized
e0621_c9b3c38247,agriculture,Production of autumn rice by province,Total,VN_SRC_PHUYEN,Phu Yen,1997,annual,118.6,Thous. tons,not_specified,E0621,https://www.nso.gov.vn/en/px-web?pxid=E0621&theme=Agriculture%2C%20Forestry%20and%20Fishing,source_reported_unharmonized
e0621_c9b3c38247,agriculture,Production of autumn rice by province,Total,VN_SRC_PHUYEN,Phu Yen,1998,annual,113.4,Thous. tons,not_specified,E0621,https://www.nso.gov.vn/en/px-web?pxid=E0621&theme=Agriculture%2C%20Forestry%20and%20Fishing,source_reported_unharmonized
e0621_c9b3c38247,agriculture,Production of autumn rice by province,Total,VN_SRC_PHUYEN,Phu Yen,1999,annual,125.1,Thous. tons,not_specified,E0621,https://www.nso.gov.vn/en/px-web?pxid=E0621&theme=Agriculture%2C%20Forestry%20and%20Fishing,source_reported_unharmonized
e0621_c9b3c38247,agriculture,Production of autumn rice by province,Total,VN_SRC_PHUYEN,Phu Yen,2000,annual,128.9,Thous. tons,not_specified,E0621,https://www.nso.gov.vn/en/px-web?pxid=E0621&theme=Agriculture%2C%20Forestry%20and%20Fishing,source_reported_unharmonized
e0621_c9b3c38247,agriculture,Production of autumn rice by province,Total,VN_SRC_PHUYEN,Phu Yen,2001,annual,134.9,Thous. tons,not_specified,E0621,https://www.nso.gov.vn/en/px-web?pxid=E0621&theme=Agriculture%2C%20Forestry%20and%20Fishing,source_reported_unharmonized
e0621_c9b3c38247,agriculture,Production of autumn rice by province,Total,VN_SRC_PHUYEN,Phu Yen,2002,annual,115.0,Thous. tons,not_specified,E0621,https://www.nso.gov.vn/en/px-web?pxid=E0621&theme=Agriculture%2C%20Forestry%20and%20Fishing,source_reported_unharmonized
e0621_c9b3c38247,agriculture,Production of autumn rice by province,Total,VN_SRC_PHUYEN,Phu Yen,2003,annual,140.5,Thous. tons,not_specified,E0621,https://www.nso.gov.vn/en/px-web?pxid=E0621&theme=Agriculture%2C%20Forestry%20and%20Fishing,source_reported_unharmonized
e0621_c9b3c38247,agriculture,Production of autumn rice by province,Total,VN_SRC_PHUYEN,Phu Yen,2004,annual,146.7,Thous. tons,not_specified,E0621,https://www.nso.gov.vn/en/px-web?pxid=E0621&theme=Agriculture%2C%20Forestry%20and%20Fishing,source_reported_unharmonized
e0621_c9b3c38247,agriculture,Production of autumn rice by province,Total,VN_SRC_PHUYEN,Phu Yen,2005,annual,137.6,Thous. tons,not_specified,E0621,https://www.nso.gov.vn/en/px-web?pxid=E0621&theme=Agriculture%2C%20Forestry%20and%20Fishing,source_reported_unharmonized
e0621_c9b3c38247,agriculture,Production of autumn rice by province,Total,VN_SRC_PHUYEN,Phu Yen,2006,annual,146.8,Thous. tons,not_specified,E0621,https://www.nso.gov.vn/en/px-web?pxid=E0621&theme=Agriculture%2C%20Forestry%20and%20Fishing,source_reported_unharmonized
e0621_c9b3c38247,agriculture,Production of autumn rice by province,Total,VN_SRC_PHUYEN,Phu Yen,2007,annual,138.4,Thous. tons,not_specified,E0621,https://www.nso.gov.vn/en/px-web?pxid=E0621&theme=Agriculture%2C%20Forestry%20and%20Fishing,source_reported_unharmonized
e0621_c9b3c38247,agriculture,Production of autumn rice by province,Total,VN_SRC_PHUYEN,Phu Yen,2008,annual,156.1,Thous. tons,not_specified,E0621,https://www.nso.gov.vn/en/px-web?pxid=E0621&theme=Agriculture%2C%20Forestry%20and%20Fishing,source_reported_unharmonized
e0621_c9b3c38247,agriculture,Production of autumn rice by province,Total,VN_SRC_PHUYEN,Phu Yen,2009,annual,151.7,Thous. tons,not_specified,E0621,https://www.nso.gov.vn/en/px-web?pxid=E0621&theme=Agriculture%2C%20Forestry%20and%20Fishing,source_reported_unharmonized
e0621_c9b3c38247,agriculture,Production of autumn rice by province,Total,VN_SRC_PHUYEN,Phu Yen,2010,annual,153.7,Thous. tons,not_specified,E0621,https://www.nso.gov.vn/en/px-web?pxid=E0621&theme=Agriculture%2C%20Forestry%20and%20Fishing,source_reported_unharmonized
e0621_c9b3c38247,agriculture,Production of autumn rice by province,Total,VN_SRC_PHUYEN,Phu Yen,2011,annual,167.2,Thous. tons,not_specified,E0621,https://www.nso.gov.vn/en/px-web?pxid=E0621&theme=Agriculture%2C%20Forestry%20and%20Fishing,source_reported_unharmonized
e0621_c9b3c38247,agriculture,Production of autumn rice by province,Total,VN_SRC_PHUYEN,Phu Yen,2012,annual,158.4,Thous. tons,not_specified,E0621,https://www.nso.gov.vn/en/px-web?pxid=E0621&theme=Agriculture%2C%20Forestry%20and%20Fishing,source_reported_unharmonized
e0621_c9b3c38247,agriculture,Production of autumn rice by province,Total,VN_SRC_PHUYEN,Phu Yen,2013,annual,162.5,Thous. tons,not_specified,E0621,https://www.nso.gov.vn/en/px-web?pxid=E0621&theme=Agriculture%2C%20Forestry%20and%20Fishing,source_reported_unharmonized
e0621_c9b3c38247,agriculture,Production of autumn rice by province,Total,VN_SRC_PHUYEN,Phu Yen,2014,annual,157.7,Thous. tons,not_specified,E0621,https://www.nso.gov.vn/en/px-web?pxid=E0621&theme=Agriculture%2C%20Forestry%20and%20Fishing,source_reported_unharmonized
e0621_c9b3c38247,agriculture,Production of autumn rice by province,Total,VN_SRC_PHUYEN,Phu Yen,2015,annual,162.8,Thous. tons,not_specified,E0621,https://www.nso.gov.vn/en/px-web?pxid=E0621&theme=Agriculture%2C%20Forestry%20and%20Fishing,source_reported_unharmonized
e0621_c9b3c38247,agriculture,Production of autumn rice by province,Total,VN_SRC_PHUYEN,Phu Yen,2016,annual,174.5,Thous. tons,not_specified,E0621,https://www.nso.gov.vn/en/px-web?pxid=E0621&theme=Agriculture%2C%20Forestry%20and%20Fishing,source_reported_unharmonized
e0621_c9b3c38247,agriculture,Production of autumn rice by province,Total,VN_SRC_PHUYEN,Phu Yen,2017,annual,171.3,Thous. tons,not_specified,E0621,https://www.nso.gov.vn/en/px-web?pxid=E0621&theme=Agriculture%2C%20Forestry%20and%20Fishing,source_reported_unharmonized
e0621_c9b3c38247,agriculture,Production of autumn rice by province,Total,VN_SRC_PHUYEN,Phu Yen,2018,annual,171.8,Thous. tons,not_specified,E0621,https://www.nso.gov.vn/en/px-web?pxid=E0621&theme=Agriculture%2C%20Forestry%20and%20Fishing,source_reported_unharmonized
e0621_c9b3c38247,agriculture,Production of autumn rice by province,Total,VN_SRC_PHUYEN,Phu Yen,2019,annual,160.1,Thous. tons,not_specified,E0621,https://www.nso.gov.vn/en/px-web?pxid=E0621&theme=Agriculture%2C%20Forestry%20and%20Fishing,source_reported_unharmonized
e0621_c9b3c38247,agriculture,Production of autumn rice by province,Total,VN_SRC_PHUYEN,Phu Yen,2020,annual,176.1,Thous. tons,not_specified,E0621,https://www.nso.gov.vn/en/px-web?pxid=E0621&theme=Agriculture%2C%20Forestry%20and%20Fishing,source_reported_unharmonized
e0621_c9b3c38247,agriculture,Production of autumn rice by province,Total,VN_SRC_PHUYEN,Phu Yen,2021,annual,167.5,Thous. tons,not_specified,E0621,https://www.nso.gov.vn/en/px-web?pxid=E0621&theme=Agriculture%2C%20Forestry%20and%20Fishing,source_reported_unharmonized
e0621_c9b3c38247,agriculture,Production of autumn rice by province,Total,VN_SRC_PHUYEN,Phu Yen,2022,annual,173.2,Thous. tons,not_specified,E0621,https://www.nso.gov.vn/en/px-web?pxid=E0621&theme=Agriculture%2C%20Forestry%20and%20Fishing,source_reported_unharmonized
e0621_c9b3c38247,agriculture,Production of autumn rice by province,Total,VN_SRC_PHUYEN,Phu Yen,2023,annual,173.7,Thous. tons,not_specified,E0621,https://www.nso.gov.vn/en/px-web?pxid=E0621&theme=Agriculture%2C%20Forestry%20and%20Fishing,source_reported_unharmonized
e0621_c9b3c38247,agriculture,Production of autumn rice by province,Total,VN_SRC_PHUYEN,Phu Yen,2024,annual,176.6,Thous. tons,not_specified,E0621,https://www.nso.gov.vn/en/px-web?pxid=E0621&theme=Agriculture%2C%20Forestry%20and%20Fishing,source_reported_unharmonized
e0621_c9b3c38247,agriculture,Production of autumn rice by province,Total,VN_SRC_PHUYEN,Phu Yen,2025,annual,175.7,Thous. tons,preliminary,E0621,https://www.nso.gov.vn/en/px-web?pxid=E0621&theme=Agriculture%2C%20Forestry%20and%20Fishing,source_reported_unharmonized
e0621_c9b3c38247,agriculture,Production of autumn rice by province,Total,VN_SRC_KHANHHOA,Khanh Hoa,1995,annual,58.3,Thous. tons,not_specified,E0621,https://www.nso.gov.vn/en/px-web?pxid=E0621&theme=Agriculture%2C%20Forestry%20and%20Fishing,source_reported_unharmonized
e0621_c9b3c38247,agriculture,Production of autumn rice by province,Total,VN_SRC_KHANHHOA,Khanh Hoa,1996,annual,69.7,Thous. tons,not_specified,E0621,https://www.nso.gov.vn/en/px-web?pxid=E0621&theme=Agriculture%2C%20Forestry%20and%20Fishing,source_reported_unharmonized
e0621_c9b3c38247,agriculture,Production of autumn rice by province,Total,VN_SRC_KHANHHOA,Khanh Hoa,1997,annual,71.8,Thous. tons,not_specified,E0621,https://www.nso.gov.vn/en/px-web?pxid=E0621&theme=Agriculture%2C%20Forestry%20and%20Fishing,source_reported_unharmonized
e0621_c9b3c38247,agriculture,Production of autumn rice by province,Total,VN_SRC_KHANHHOA,Khanh Hoa,1998,annual,68.3,Thous. tons,not_specified,E0621,https://www.nso.gov.vn/en/px-web?pxid=E0621&theme=Agriculture%2C%20Forestry%20and%20Fishing,source_reported_unharmonized
e0621_c9b3c38247,agriculture,Production of autumn rice by province,Total,VN_SRC_KHANHHOA,Khanh Hoa,1999,annual,77.6,Thous. tons,not_specified,E0621,https://www.nso.gov.vn/en/px-web?pxid=E0621&theme=Agriculture%2C%20Forestry%20and%20Fishing,source_reported_unharmonized
e0621_c9b3c38247,agriculture,Production of autumn rice by province,Total,VN_SRC_KHANHHOA,Khanh Hoa,2000,annual,83.5,Thous. tons,not_specified,E0621,https://www.nso.gov.vn/en/px-web?pxid=E0621&theme=Agriculture%2C%20Forestry%20and%20Fishing,source_reported_unharmonized
e0621_c9b3c38247,agriculture,Production of autumn rice by province,Total,VN_SRC_KHANHHOA,Khanh Hoa,2001,annual,83.9,Thous. tons,not_specified,E0621,https://www.nso.gov.vn/en/px-web?pxid=E0621&theme=Agriculture%2C%20Forestry%20and%20Fishing,source_reported_unharmonized
e0621_c9b3c38247,agriculture,Production of autumn rice by province,Total,VN_SRC_KHANHHOA,Khanh Hoa,2002,annual,44.9,Thous. tons,not_specified,E0621,https://www.nso.gov.vn/en/px-web?pxid=E0621&theme=Agriculture%2C%20Forestry%20and%20Fishing,source_reported_unharmonized
e0621_c9b3c38247,agriculture,Production of autumn rice by province,Total,VN_SRC_KHANHHOA,Khanh Hoa,2003,annual,84.8,Thous. tons,not_specified,E0621,https://www.nso.gov.vn/en/px-web?pxid=E0621&theme=Agriculture%2C%20Forestry%20and%20Fishing,source_reported_unharmonized
e0621_c9b3c38247,agriculture,Production of autumn rice by province,Total,VN_SRC_KHANHHOA,Khanh Hoa,2004,annual,86.1,Thous. tons,not_specified,E0621,https://www.nso.gov.vn/en/px-web?pxid=E0621&theme=Agriculture%2C%20Forestry%20and%20Fishing,source_reported_unharmonized
e0621_c9b3c38247,agriculture,Production of autumn rice by province,Total,VN_SRC_KHANHHOA,Khanh Hoa,2005,annual,38.1,Thous. tons,not_specified,E0621,https://www.nso.gov.vn/en/px-web?pxid=E0621&theme=Agriculture%2C%20Forestry%20and%20Fishing,source_reported_unharmonized
e0621_c9b3c38247,agriculture,Production of autumn rice by province,Total,VN_SRC_KHANHHOA,Khanh Hoa,2006,annual,84.1,Thous. tons,not_specified,E0621,https://www.nso.gov.vn/en/px-web?pxid=E0621&theme=Agriculture%2C%20Forestry%20and%20Fishing,source_reported_unharmonized
e0621_c9b3c38247,agriculture,Production of autumn rice by province,Total,VN_SRC_KHANHHOA,Khanh Hoa,2007,annual,68.4,Thous. tons,not_specified,E0621,https://www.nso.gov.vn/en/px-web?pxid=E0621&theme=Agriculture%2C%20Forestry%20and%20Fishing,source_reported_unharmonized
e0621_c9b3c38247,agriculture,Production of autumn rice by province,Total,VN_SRC_KHANHHOA,Khanh Hoa,2008,annual,93.2,Thous. tons,not_specified,E0621,https://www.nso.gov.vn/en/px-web?pxid=E0621&theme=Agriculture%2C%20Forestry%20and%20Fishing,source_reported_unharmonized
e0621_c9b3c38247,agriculture,Production of autumn rice by province,Total,VN_SRC_KHANHHOA,Khanh Hoa,2009,annual,97.2,Thous. tons,not_specified,E0621,https://www.nso.gov.vn/en/px-web?pxid=E0621&theme=Agriculture%2C%20Forestry%20and%20Fishing,source_reported_unharmonized
e0621_c9b3c38247,agriculture,Production of autumn rice by province,Total,VN_SRC_KHANHHOA,Khanh Hoa,2010,annual,92.7,Thous. tons,not_specified,E0621,https://www.nso.gov.vn/en/px-web?pxid=E0621&theme=Agriculture%2C%20Forestry%20and%20Fishing,source_reported_unharmonized
e0621_c9b3c38247,agriculture,Production of autumn rice by province,Total,VN_SRC_KHANHHOA,Khanh Hoa,2011,annual,105.3,Thous. tons,not_specified,E0621,https://www.nso.gov.vn/en/px-web?pxid=E0621&theme=Agriculture%2C%20Forestry%20and%20Fishing,source_reported_unharmonized
e0621_c9b3c38247,agriculture,Production of autumn rice by province,Total,VN_SRC_KHANHHOA,Khanh Hoa,2012,annual,106.3,Thous. tons,not_specified,E0621,https://www.nso.gov.vn/en/px-web?pxid=E0621&theme=Agriculture%2C%20Forestry%20and%20Fishing,source_reported_unharmonized
e0621_c9b3c38247,agriculture,Production of autumn rice by province,Total,VN_SRC_KHANHHOA,Khanh Hoa,2013,annual,107.3,Thous. tons,not_specified,E0621,https://www.nso.gov.vn/en/px-web?pxid=E0621&theme=Agriculture%2C%20Forestry%20and%20Fishing,source_reported_unharmonized
e0621_c9b3c38247,agriculture,Production of autumn rice by province,Total,VN_SRC_KHANHHOA,Khanh Hoa,2014,annual,97.9,Thous. tons,not_specified,E0621,https://www.nso.gov.vn/en/px-web?pxid=E0621&theme=Agriculture%2C%20Forestry%20and%20Fishing,source_reported_unharmonized
e0621_c9b3c38247,agriculture,Production of autumn rice by province,Total,VN_SRC_KHANHHOA,Khanh Hoa,2015,annual,50.1,Thous. tons,not_specified,E0621,https://www.nso.gov.vn/en/px-web?pxid=E0621&theme=Agriculture%2C%20Forestry%20and%20Fishing,source_reported_unharmonized
e0621_c9b3c38247,agriculture,Production of autumn rice by province,Total,VN_SRC_KHANHHOA,Khanh Hoa,2016,annual,79.9,Thous. tons,not_specified,E0621,https://www.nso.gov.vn/en/px-web?pxid=E0621&theme=Agriculture%2C%20Forestry%20and%20Fishing,source_reported_unharmonized
e0621_c9b3c38247,agriculture,Production of autumn rice by province,Total,VN_SRC_KHANHHOA,Khanh Hoa,2017,annual,106.1,Thous. tons,not_specified,E0621,https://www.nso.gov.vn/en/px-web?pxid=E0621&theme=Agriculture%2C%20Forestry%20and%20Fishing,source_reported_unharmonized
e0621_c9b3c38247,agriculture,Production of autumn rice by province,Total,VN_SRC_KHANHHOA,Khanh Hoa,2018,annual,105.2,Thous. tons,not_specified,E0621,https://www.nso.gov.vn/en/px-web?pxid=E0621&theme=Agriculture%2C%20Forestry%20and%20Fishing,source_reported_unharmonized
e0621_c9b3c38247,agriculture,Production of autumn rice by province,Total,VN_SRC_KHANHHOA,Khanh Hoa,2019,annual,101.7,Thous. tons,not_specified,E0621,https://www.nso.gov.vn/en/px-web?pxid=E0621&theme=Agriculture%2C%20Forestry%20and%20Fishing,source_reported_unharmonized
e0621_c9b3c38247,agriculture,Production of autumn rice by province,Total,VN_SRC_KHANHHOA,Khanh Hoa,2020,annual,38.9,Thous. tons,not_specified,E0621,https://www.nso.gov.vn/en/px-web?pxid=E0621&theme=Agriculture%2C%20Forestry%20and%20Fishing,source_reported_unharmonized
e0621_c9b3c38247,agriculture,Production of autumn rice by province,Total,VN_SRC_KHANHHOA,Khanh Hoa,2021,annual,106.0,Thous. tons,not_specified,E0621,https://www.nso.gov.vn/en/px-web?pxid=E0621&theme=Agriculture%2C%20Forestry%20and%20Fishing,source_reported_unharmonized
e0621_c9b3c38247,agriculture,Production of autumn rice by province,Total,VN_SRC_KHANHHOA,Khanh Hoa,2022,annual,106.2,Thous. tons,not_specified,E0621,https://www.nso.gov.vn/en/px-web?pxid=E0621&theme=Agriculture%2C%20Forestry%20and%20Fishing,source_reported_unharmonized
e0621_c9b3c38247,agriculture,Production of autumn rice by province,Total,VN_SRC_KHANHHOA,Khanh Hoa,2023,annual,111.5,Thous. tons,not_specified,E0621,https://www.nso.gov.vn/en/px-web?pxid=E0621&theme=Agriculture%2C%20Forestry%20and%20Fishing,source_reported_unharmonized
e0621_c9b3c38247,agriculture,Production of autumn rice by province,Total,VN_SRC_KHANHHOA,Khanh Hoa,2024,annual,108.5,Thous. tons,not_specified,E0621,https://www.nso.gov.vn/en/px-web?pxid=E0621&theme=Agriculture%2C%20Forestry%20and%20Fishing,source_reported_unharmonized
e0621_c9b3c38247,agriculture,Production of autumn rice by province,Total,VN_SRC_KHANHHOA,Khanh Hoa,2025,annual,106.9,Thous. tons,preliminary,E0621,https://www.nso.gov.vn/en/px-web?pxid=E0621&theme=Agriculture%2C%20Forestry%20and%20Fishing,source_reported_unharmonized
e0621_c9b3c38247,agriculture,Production of autumn rice by province,Total,VN_SRC_NINHTHUAN,Ninh Thuan,1995,annual,36.7,Thous. tons,not_specified,E0621,https://www.nso.gov.vn/en/px-web?pxid=E0621&theme=Agriculture%2C%20Forestry%20and%20Fishing,source_reported_unharmonized
e0621_c9b3c38247,agriculture,Production of autumn rice by province,Total,VN_SRC_NINHTHUAN,Ninh Thuan,1996,annual,40.8,Thous. tons,not_specified,E0621,https://www.nso.gov.vn/en/px-web?pxid=E0621&theme=Agriculture%2C%20Forestry%20and%20Fishing,source_reported_unharmonized
e0621_c9b3c38247,agriculture,Production of autumn rice by province,Total,VN_SRC_NINHTHUAN,Ninh Thuan,1997,annual,46.2,Thous. tons,not_specified,E0621,https://www.nso.gov.vn/en/px-web?pxid=E0621&theme=Agriculture%2C%20Forestry%20and%20Fishing,source_reported_unharmonized
e0621_c9b3c38247,agriculture,Production of autumn rice by province,Total,VN_SRC_NINHTHUAN,Ninh Thuan,1998,annual,45.2,Thous. tons,not_specified,E0621,https://www.nso.gov.vn/en/px-web?pxid=E0621&theme=Agriculture%2C%20Forestry%20and%20Fishing,source_reported_unharmonized
e0621_c9b3c38247,agriculture,Production of autumn rice by province,Total,VN_SRC_NINHTHUAN,Ninh Thuan,1999,annual,55.0,Thous. tons,not_specified,E0621,https://www.nso.gov.vn/en/px-web?pxid=E0621&theme=Agriculture%2C%20Forestry%20and%20Fishing,source_reported_unharmonized
e0621_c9b3c38247,agriculture,Production of autumn rice by province,Total,VN_SRC_NINHTHUAN,Ninh Thuan,2000,annual,51.4,Thous. tons,not_specified,E0621,https://www.nso.gov.vn/en/px-web?pxid=E0621&theme=Agriculture%2C%20Forestry%20and%20Fishing,source_reported_unharmonized
e0621_c9b3c38247,agriculture,Production of autumn rice by province,Total,VN_SRC_NINHTHUAN,Ninh Thuan,2001,annual,40.0,Thous. tons,not_specified,E0621,https://www.nso.gov.vn/en/px-web?pxid=E0621&theme=Agriculture%2C%20Forestry%20and%20Fishing,source_reported_unharmonized
e0621_c9b3c38247,agriculture,Production of autumn rice by province,Total,VN_SRC_NINHTHUAN,Ninh Thuan,2002,annual,30.3,Thous. tons,not_specified,E0621,https://www.nso.gov.vn/en/px-web?pxid=E0621&theme=Agriculture%2C%20Forestry%20and%20Fishing,source_reported_unharmonized
e0621_c9b3c38247,agriculture,Production of autumn rice by province,Total,VN_SRC_NINHTHUAN,Ninh Thuan,2003,annual,43.1,Thous. tons,not_specified,E0621,https://www.nso.gov.vn/en/px-web?pxid=E0621&theme=Agriculture%2C%20Forestry%20and%20Fishing,source_reported_unharmonized
e0621_c9b3c38247,agriculture,Production of autumn rice by province,Total,VN_SRC_NINHTHUAN,Ninh Thuan,2004,annual,53.6,Thous. tons,not_specified,E0621,https://www.nso.gov.vn/en/px-web?pxid=E0621&theme=Agriculture%2C%20Forestry%20and%20Fishing,source_reported_unharmonized
e0621_c9b3c38247,agriculture,Production of autumn rice by province,Total,VN_SRC_NINHTHUAN,Ninh Thuan,2005,annual,27.8,Thous. tons,not_specified,E0621,https://www.nso.gov.vn/en/px-web?pxid=E0621&theme=Agriculture%2C%20Forestry%20and%20Fishing,source_reported_unharmonized
e0621_c9b3c38247,agriculture,Production of autumn rice by province,Total,VN_SRC_NINHTHUAN,Ninh Thuan,2006,annual,52.7,Thous. tons,not_specified,E0621,https://www.nso.gov.vn/en/px-web?pxid=E0621&theme=Agriculture%2C%20Forestry%20and%20Fishing,source_reported_unharmonized
e0621_c9b3c38247,agriculture,Production of autumn rice by province,Total,VN_SRC_NINHTHUAN,Ninh Thuan,2007,annual,58.9,Thous. tons,not_specified,E0621,https://www.nso.gov.vn/en/px-web?pxid=E0621&theme=Agriculture%2C%20Forestry%20and%20Fishing,source_reported_unharmonized
e0621_c9b3c38247,agriculture,Production of autumn rice by province,Total,VN_SRC_NINHTHUAN,Ninh Thuan,2008,annual,68.3,Thous. tons,not_specified,E0621,https://www.nso.gov.vn/en/px-web?pxid=E0621&theme=Agriculture%2C%20Forestry%20and%20Fishing,source_reported_unharmonized
e0621_c9b3c38247,agriculture,Production of autumn rice by province,Total,VN_SRC_NINHTHUAN,Ninh Thuan,2009,annual,79.3,Thous. tons,not_specified,E0621,https://www.nso.gov.vn/en/px-web?pxid=E0621&theme=Agriculture%2C%20Forestry%20and%20Fishing,source_reported_unharmonized
e0621_c9b3c38247,agriculture,Production of autumn rice by province,Total,VN_SRC_NINHTHUAN,Ninh Thuan,2010,annual,60.0,Thous. tons,not_specified,E0621,https://www.nso.gov.vn/en/px-web?pxid=E0621&theme=Agriculture%2C%20Forestry%20and%20Fishing,source_reported_unharmonized
e0621_c9b3c38247,agriculture,Production of autumn rice by province,Total,VN_SRC_NINHTHUAN,Ninh Thuan,2011,annual,84.7,Thous. tons,not_specified,E0621,https://www.nso.gov.vn/en/px-web?pxid=E0621&theme=Agriculture%2C%20Forestry%20and%20Fishing,source_reported_unharmonized
e0621_c9b3c38247,agriculture,Production of autumn rice by province,Total,VN_SRC_NINHTHUAN,Ninh Thuan,2012,annual,86.0,Thous. tons,not_specified,E0621,https://www.nso.gov.vn/en/px-web?pxid=E0621&theme=Agriculture%2C%20Forestry%20and%20Fishing,source_reported_unharmonized
e0621_c9b3c38247,agriculture,Production of autumn rice by province,Total,VN_SRC_NINHTHUAN,Ninh Thuan,2013,annual,78.8,Thous. tons,not_specified,E0621,https://www.nso.gov.vn/en/px-web?pxid=E0621&theme=Agriculture%2C%20Forestry%20and%20Fishing,source_reported_unharmonized
e0621_c9b3c38247,agriculture,Production of autumn rice by province,Total,VN_SRC_NINHTHUAN,Ninh Thuan,2014,annual,81.6,Thous. tons,not_specified,E0621,https://www.nso.gov.vn/en/px-web?pxid=E0621&theme=Agriculture%2C%20Forestry%20and%20Fishing,source_reported_unharmonized
e0621_c9b3c38247,agriculture,Production of autumn rice by province,Total,VN_SRC_NINHTHUAN,Ninh Thuan,2015,annual,73.5,Thous. tons,not_specified,E0621,https://www.nso.gov.vn/en/px-web?pxid=E0621&theme=Agriculture%2C%20Forestry%20and%20Fishing,source_reported_unharmonized
e0621_c9b3c38247,agriculture,Production of autumn rice by province,Total,VN_SRC_NINHTHUAN,Ninh Thuan,2016,annual,75.5,Thous. tons,not_specified,E0621,https://www.nso.gov.vn/en/px-web?pxid=E0621&theme=Agriculture%2C%20Forestry%20and%20Fishing,source_reported_unharmonized
e0621_c9b3c38247,agriculture,Production of autumn rice by province,Total,VN_SRC_NINHTHUAN,Ninh Thuan,2017,annual,100.4,Thous. tons,not_specified,E0621,https://www.nso.gov.vn/en/px-web?pxid=E0621&theme=Agriculture%2C%20Forestry%20and%20Fishing,source_reported_unharmonized
e0621_c9b3c38247,agriculture,Production of autumn rice by province,Total,VN_SRC_NINHTHUAN,Ninh Thuan,2018,annual,86.2,Thous. tons,not_specified,E0621,https://www.nso.gov.vn/en/px-web?pxid=E0621&theme=Agriculture%2C%20Forestry%20and%20Fishing,source_reported_unharmonized
e0621_c9b3c38247,agriculture,Production of autumn rice by province,Total,VN_SRC_NINHTHUAN,Ninh Thuan,2019,annual,88.5,Thous. tons,not_specified,E0621,https://www.nso.gov.vn/en/px-web?pxid=E0621&theme=Agriculture%2C%20Forestry%20and%20Fishing,source_reported_unharmonized
e0621_c9b3c38247,agriculture,Production of autumn rice by province,Total,VN_SRC_NINHTHUAN,Ninh Thuan,2020,annual,69.7,Thous. tons,not_specified,E0621,https://www.nso.gov.vn/en/px-web?pxid=E0621&theme=Agriculture%2C%20Forestry%20and%20Fishing,source_reported_unharmonized
e0621_c9b3c38247,agriculture,Production of autumn rice by province,Total,VN_SRC_NINHTHUAN,Ninh Thuan,2021,annual,90.4,Thous. tons,not_specified,E0621,https://www.nso.gov.vn/en/px-web?pxid=E0621&theme=Agriculture%2C%20Forestry%20and%20Fishing,source_reported_unharmonized
e0621_c9b3c38247,agriculture,Production of autumn rice by province,Total,VN_SRC_NINHTHUAN,Ninh Thuan,2022,annual,96.8,Thous. tons,not_specified,E0621,https://www.nso.gov.vn/en/px-web?pxid=E0621&theme=Agriculture%2C%20Forestry%20and%20Fishing,source_reported_unharmonized
e0621_c9b3c38247,agriculture,Production of autumn rice by province,Total,VN_SRC_NINHTHUAN,Ninh Thuan,2023,annual,100.9,Thous. tons,not_specified,E0621,https://www.nso.gov.vn/en/px-web?pxid=E0621&theme=Agriculture%2C%20Forestry%20and%20Fishing,source_reported_unharmonized
e0621_c9b3c38247,agriculture,Production of autumn rice by province,Total,VN_SRC_NINHTHUAN,Ninh Thuan,2024,annual,88.7,Thous. tons,not_specified,E0621,https://www.nso.gov.vn/en/px-web?pxid=E0621&theme=Agriculture%2C%20Forestry%20and%20Fishing,source_reported_unharmonized
e0621_c9b3c38247,agriculture,Production of autumn rice by province,Total,VN_SRC_NINHTHUAN,Ninh Thuan,2025,annual,96.8,Thous. tons,preliminary,E0621,https://www.nso.gov.vn/en/px-web?pxid=E0621&theme=Agriculture%2C%20Forestry%20and%20Fishing,source_reported_unharmonized
e0621_c9b3c38247,agriculture,Production of autumn rice by province,Total,VN_SRC_BINHTHUAN,Binh Thuan,1995,annual,77.2,Thous. tons,not_specified,E0621,https://www.nso.gov.vn/en/px-web?pxid=E0621&theme=Agriculture%2C%20Forestry%20and%20Fishing,source_reported_unharmonized
e0621_c9b3c38247,agriculture,Production of autumn rice by province,Total,VN_SRC_BINHTHUAN,Binh Thuan,1996,annual,76.8,Thous. tons,not_specified,E0621,https://www.nso.gov.vn/en/px-web?pxid=E0621&theme=Agriculture%2C%20Forestry%20and%20Fishing,source_reported_unharmonized
e0621_c9b3c38247,agriculture,Production of autumn rice by province,Total,VN_SRC_BINHTHUAN,Binh Thuan,1997,annual,86.9,Thous. tons,not_specified,E0621,https://www.nso.gov.vn/en/px-web?pxid=E0621&theme=Agriculture%2C%20Forestry%20and%20Fishing,source_reported_unharmonized
e0621_c9b3c38247,agriculture,Production of autumn rice by province,Total,VN_SRC_BINHTHUAN,Binh Thuan,1998,annual,89.2,Thous. tons,not_specified,E0621,https://www.nso.gov.vn/en/px-web?pxid=E0621&theme=Agriculture%2C%20Forestry%20and%20Fishing,source_reported_unharmonized
e0621_c9b3c38247,agriculture,Production of autumn rice by province,Total,VN_SRC_BINHTHUAN,Binh Thuan,1999,annual,84.3,Thous. tons,not_specified,E0621,https://www.nso.gov.vn/en/px-web?pxid=E0621&theme=Agriculture%2C%20Forestry%20and%20Fishing,source_reported_unharmonized
e0621_c9b3c38247,agriculture,Production of autumn rice by province,Total,VN_SRC_BINHTHUAN,Binh Thuan,2000,annual,117.7,Thous. tons,not_specified,E0621,https://www.nso.gov.vn/en/px-web?pxid=E0621&theme=Agriculture%2C%20Forestry%20and%20Fishing,source_reported_unharmonized
e0621_c9b3c38247,agriculture,Production of autumn rice by province,Total,VN_SRC_BINHTHUAN,Binh Thuan,2001,annual,120.9,Thous. tons,not_specified,E0621,https://www.nso.gov.vn/en/px-web?pxid=E0621&theme=Agriculture%2C%20Forestry%20and%20Fishing,source_reported_unharmonized
e0621_c9b3c38247,agriculture,Production of autumn rice by province,Total,VN_SRC_BINHTHUAN,Binh Thuan,2002,annual,110.5,Thous. tons,not_specified,E0621,https://www.nso.gov.vn/en/px-web?pxid=E0621&theme=Agriculture%2C%20Forestry%20and%20Fishing,source_reported_unharmonized
e0621_c9b3c38247,agriculture,Production of autumn rice by province,Total,VN_SRC_BINHTHUAN,Binh Thuan,2003,annual,133.0,Thous. tons,not_specified,E0621,https://www.nso.gov.vn/en/px-web?pxid=E0621&theme=Agriculture%2C%20Forestry%20and%20Fishing,source_reported_unharmonized
e0621_c9b3c38247,agriculture,Production of autumn rice by province,Total,VN_SRC_BINHTHUAN,Binh Thuan,2004,annual,144.2,Thous. tons,not_specified,E0621,https://www.nso.gov.vn/en/px-web?pxid=E0621&theme=Agriculture%2C%20Forestry%20and%20Fishing,source_reported_unharmonized
e0621_c9b3c38247,agriculture,Production of autumn rice by province,Total,VN_SRC_BINHTHUAN,Binh Thuan,2005,annual,138.2,Thous. tons,not_specified,E0621,https://www.nso.gov.vn/en/px-web?pxid=E0621&theme=Agriculture%2C%20Forestry%20and%20Fishing,source_reported_unharmonized
e0621_c9b3c38247,agriculture,Production of autumn rice by province,Total,VN_SRC_BINHTHUAN,Binh Thuan,2006,annual,131.6,Thous. tons,not_specified,E0621,https://www.nso.gov.vn/en/px-web?pxid=E0621&theme=Agriculture%2C%20Forestry%20and%20Fishing,source_reported_unharmonized
e0621_c9b3c38247,agriculture,Production of autumn rice by province,Total,VN_SRC_BINHTHUAN,Binh Thuan,2007,annual,168.4,Thous. tons,not_specified,E0621,https://www.nso.gov.vn/en/px-web?pxid=E0621&theme=Agriculture%2C%20Forestry%20and%20Fishing,source_reported_unharmonized
e0621_c9b3c38247,agriculture,Production of autumn rice by province,Total,VN_SRC_BINHTHUAN,Binh Thuan,2008,annual,181.2,Thous. tons,not_specified,E0621,https://www.nso.gov.vn/en/px-web?pxid=E0621&theme=Agriculture%2C%20Forestry%20and%20Fishing,source_reported_unharmonized
e0621_c9b3c38247,agriculture,Production of autumn rice by province,Total,VN_SRC_BINHTHUAN,Binh Thuan,2009,annual,189.9,Thous. tons,not_specified,E0621,https://www.nso.gov.vn/en/px-web?pxid=E0621&theme=Agriculture%2C%20Forestry%20and%20Fishing,source_reported_unharmonized
e0621_c9b3c38247,agriculture,Production of autumn rice by province,Total,VN_SRC_BINHTHUAN,Binh Thuan,2010,annual,188.5,Thous. tons,not_specified,E0621,https://www.nso.gov.vn/en/px-web?pxid=E0621&theme=Agriculture%2C%20Forestry%20and%20Fishing,source_reported_unharmonized
e0621_c9b3c38247,agriculture,Production of autumn rice by province,Total,VN_SRC_BINHTHUAN,Binh Thuan,2011,annual,224.7,Thous. tons,not_specified,E0621,https://www.nso.gov.vn/en/px-web?pxid=E0621&theme=Agriculture%2C%20Forestry%20and%20Fishing,source_reported_unharmonized
e0621_c9b3c38247,agriculture,Production of autumn rice by province,Total,VN_SRC_BINHTHUAN,Binh Thuan,2012,annual,223.9,Thous. tons,not_specified,E0621,https://www.nso.gov.vn/en/px-web?pxid=E0621&theme=Agriculture%2C%20Forestry%20and%20Fishing,source_reported_unharmonized
e0621_c9b3c38247,agriculture,Production of autumn rice by province,Total,VN_SRC_BINHTHUAN,Binh Thuan,2013,annual,224.4,Thous. tons,not_specified,E0621,https://www.nso.gov.vn/en/px-web?pxid=E0621&theme=Agriculture%2C%20Forestry%20and%20Fishing,source_reported_unharmonized
e0621_c9b3c38247,agriculture,Production of autumn rice by province,Total,VN_SRC_BINHTHUAN,Binh Thuan,2014,annual,234.1,Thous. tons,not_specified,E0621,https://www.nso.gov.vn/en/px-web?pxid=E0621&theme=Agriculture%2C%20Forestry%20and%20Fishing,source_reported_unharmonized
e0621_c9b3c38247,agriculture,Production of autumn rice by province,Total,VN_SRC_BINHTHUAN,Binh Thuan,2015,annual,224.1,Thous. tons,not_specified,E0621,https://www.nso.gov.vn/en/px-web?pxid=E0621&theme=Agriculture%2C%20Forestry%20and%20Fishing,source_reported_unharmonized
e0621_c9b3c38247,agriculture,Production of autumn rice by province,Total,VN_SRC_BINHTHUAN,Binh Thuan,2016,annual,231.3,Thous. tons,not_specified,E0621,https://www.nso.gov.vn/en/px-web?pxid=E0621&theme=Agriculture%2C%20Forestry%20and%20Fishing,source_reported_unharmonized
e0621_c9b3c38247,agriculture,Production of autumn rice by province,Total,VN_SRC_BINHTHUAN,Binh Thuan,2017,annual,259.7,Thous. tons,not_specified,E0621,https://www.nso.gov.vn/en/px-web?pxid=E0621&theme=Agriculture%2C%20Forestry%20and%20Fishing,source_reported_unharmonized
e0621_c9b3c38247,agriculture,Production of autumn rice by province,Total,VN_SRC_BINHTHUAN,Binh Thuan,2018,annual,229.2,Thous. tons,not_specified,E0621,https://www.nso.gov.vn/en/px-web?pxid=E0621&theme=Agriculture%2C%20Forestry%20and%20Fishing,source_reported_unharmonized
e0621_c9b3c38247,agriculture,Production of autumn rice by province,Total,VN_SRC_BINHTHUAN,Binh Thuan,2019,annual,212.8,Thous. tons,not_specified,E0621,https://www.nso.gov.vn/en/px-web?pxid=E0621&theme=Agriculture%2C%20Forestry%20and%20Fishing,source_reported_unharmonized
e0621_c9b3c38247,agriculture,Production of autumn rice by province,Total,VN_SRC_BINHTHUAN,Binh Thuan,2020,annual,248.0,Thous. tons,not_specified,E0621,https://www.nso.gov.vn/en/px-web?pxid=E0621&theme=Agriculture%2C%20Forestry%20and%20Fishing,source_reported_unharmonized
e0621_c9b3c38247,agriculture,Production of autumn rice by province,Total,VN_SRC_BINHTHUAN,Binh Thuan,2021,annual,247.6,Thous. tons,not_specified,E0621,https://www.nso.gov.vn/en/px-web?pxid=E0621&theme=Agriculture%2C%20Forestry%20and%20Fishing,source_reported_unharmonized
e0621_c9b3c38247,agriculture,Production of autumn rice by province,Total,VN_SRC_BINHTHUAN,Binh Thuan,2022,annual,229.6,Thous. tons,not_specified,E0621,https://www.nso.gov.vn/en/px-web?pxid=E0621&theme=Agriculture%2C%20Forestry%20and%20Fishing,source_reported_unharmonized
e0621_c9b3c38247,agriculture,Production of autumn rice by province,Total,VN_SRC_BINHTHUAN,Binh Thuan,2023,annual,233.6,Thous. tons,not_specified,E0621,https://www.nso.gov.vn/en/px-web?pxid=E0621&theme=Agriculture%2C%20Forestry%20and%20Fishing,source_reported_unharmonized
e0621_c9b3c38247,agriculture,Production of autumn rice by province,Total,VN_SRC_BINHTHUAN,Binh Thuan,2024,annual,258.7,Thous. tons,not_specified,E0621,https://www.nso.gov.vn/en/px-web?pxid=E0621&theme=Agriculture%2C%20Forestry%20and%20Fishing,source_reported_unharmonized
e0621_c9b3c38247,agriculture,Production of autumn rice by province,Total,VN_SRC_BINHTHUAN,Binh Thuan,2025,annual,258.9,Thous. tons,preliminary,E0621,https://www.nso.gov.vn/en/px-web?pxid=E0621&theme=Agriculture%2C%20Forestry%20and%20Fishing,source_reported_unharmonized
e0621_c9b3c38247,agriculture,Production of autumn rice by province,Total,VN_SRC_LAMDONG,Lam Dong,1995,annual,,Thous. tons,not_specified,E0621,https://www.nso.gov.vn/en/px-web?pxid=E0621&theme=Agriculture%2C%20Forestry%20and%20Fishing,source_reported_unharmonized
e0621_c9b3c38247,agriculture,Production of autumn rice by province,Total,VN_SRC_LAMDONG,Lam Dong,1996,annual,,Thous. tons,not_specified,E0621,https://www.nso.gov.vn/en/px-web?pxid=E0621&theme=Agriculture%2C%20Forestry%20and%20Fishing,source_reported_unharmonized
e0621_c9b3c38247,agriculture,Production of autumn rice by province,Total,VN_SRC_LAMDONG,Lam Dong,1997,annual,19.0,Thous. tons,not_specified,E0621,https://www.nso.gov.vn/en/px-web?pxid=E0621&theme=Agriculture%2C%20Forestry%20and%20Fishing,source_reported_unharmonized
e0621_c9b3c38247,agriculture,Production of autumn rice by province,Total,VN_SRC_LAMDONG,Lam Dong,1998,annual,13.4,Thous. tons,not_specified,E0621,https://www.nso.gov.vn/en/px-web?pxid=E0621&theme=Agriculture%2C%20Forestry%20and%20Fishing,source_reported_unharmonized
e0621_c9b3c38247,agriculture,Production of autumn rice by province,Total,VN_SRC_LAMDONG,Lam Dong,1999,annual,11.4,Thous. tons,not_specified,E0621,https://www.nso.gov.vn/en/px-web?pxid=E0621&theme=Agriculture%2C%20Forestry%20and%20Fishing,source_reported_unharmonized
e0621_c9b3c38247,agriculture,Production of autumn rice by province,Total,VN_SRC_LAMDONG,Lam Dong,2000,annual,17.0,Thous. tons,not_specified,E0621,https://www.nso.gov.vn/en/px-web?pxid=E0621&theme=Agriculture%2C%20Forestry%20and%20Fishing,source_reported_unharmonized
e0621_c9b3c38247,agriculture,Production of autumn rice by province,Total,VN_SRC_LAMDONG,Lam Dong,2001,annual,14.4,Thous. tons,not_specified,E0621,https://www.nso.gov.vn/en/px-web?pxid=E0621&theme=Agriculture%2C%20Forestry%20and%20Fishing,source_reported_unharmonized
e0621_c9b3c38247,agriculture,Production of autumn rice by province,Total,VN_SRC_LAMDONG,Lam Dong,2002,annual,13.2,Thous. tons,not_specified,E0621,https://www.nso.gov.vn/en/px-web?pxid=E0621&theme=Agriculture%2C%20Forestry%20and%20Fishing,source_reported_unharmonized
e0621_c9b3c38247,agriculture,Production of autumn rice by province,Total,VN_SRC_LAMDONG,Lam Dong,2003,annual,18.6,Thous. tons,not_specified,E0621,https://www.nso.gov.vn/en/px-web?pxid=E0621&theme=Agriculture%2C%20Forestry%20and%20Fishing,source_reported_unharmonized
e0621_c9b3c38247,agriculture,Production of autumn rice by province,Total,VN_SRC_LAMDONG,Lam Dong,2004,annual,21.4,Thous. tons,not_specified,E0621,https://www.nso.gov.vn/en/px-web?pxid=E0621&theme=Agriculture%2C%20Forestry%20and%20Fishing,source_reported_unharmonized
e0621_c9b3c38247,agriculture,Production of autumn rice by province,Total,VN_SRC_LAMDONG,Lam Dong,2005,annual,24.5,Thous. tons,not_specified,E0621,https://www.nso.gov.vn/en/px-web?pxid=E0621&theme=Agriculture%2C%20Forestry%20and%20Fishing,source_reported_unharmonized
e0621_c9b3c38247,agriculture,Production of autumn rice by province,Total,VN_SRC_LAMDONG,Lam Dong,2006,annual,21.9,Thous. tons,not_specified,E0621,https://www.nso.gov.vn/en/px-web?pxid=E0621&theme=Agriculture%2C%20Forestry%20and%20Fishing,source_reported_unharmonized
e0621_c9b3c38247,agriculture,Production of autumn rice by province,Total,VN_SRC_LAMDONG,Lam Dong,2007,annual,25.5,Thous. tons,not_specified,E0621,https://www.nso.gov.vn/en/px-web?pxid=E0621&theme=Agriculture%2C%20Forestry%20and%20Fishing,source_reported_unharmonized
e0621_c9b3c38247,agriculture,Production of autumn rice by province,Total,VN_SRC_LAMDONG,Lam Dong,2008,annual,26.0,Thous. tons,not_specified,E0621,https://www.nso.gov.vn/en/px-web?pxid=E0621&theme=Agriculture%2C%20Forestry%20and%20Fishing,source_reported_unharmonized
e0621_c9b3c38247,agriculture,Production of autumn rice by province,Total,VN_SRC_LAMDONG,Lam Dong,2009,annual,26.8,Thous. tons,not_specified,E0621,https://www.nso.gov.vn/en/px-web?pxid=E0621&theme=Agriculture%2C%20Forestry%20and%20Fishing,source_reported_unharmonized
e0621_c9b3c38247,agriculture,Production of autumn rice by province,Total,VN_SRC_LAMDONG,Lam Dong,2010,annual,24.7,Thous. tons,not_specified,E0621,https://www.nso.gov.vn/en/px-web?pxid=E0621&theme=Agriculture%2C%20Forestry%20and%20Fishing,source_reported_unharmonized
e0621_c9b3c38247,agriculture,Production of autumn rice by province,Total,VN_SRC_LAMDONG,Lam Dong,2011,annual,27.9,Thous. tons,not_specified,E0621,https://www.nso.gov.vn/en/px-web?pxid=E0621&theme=Agriculture%2C%20Forestry%20and%20Fishing,source_reported_unharmonized
e0621_c9b3c38247,agriculture,Production of autumn rice by province,Total,VN_SRC_LAMDONG,Lam Dong,2012,annual,30.7,Thous. tons,not_specified,E0621,https://www.nso.gov.vn/en/px-web?pxid=E0621&theme=Agriculture%2C%20Forestry%20and%20Fishing,source_reported_unharmonized
e0621_c9b3c38247,agriculture,Production of autumn rice by province,Total,VN_SRC_LAMDONG,Lam Dong,2013,annual,30.2,Thous. tons,not_specified,E0621,https://www.nso.gov.vn/en/px-web?pxid=E0621&theme=Agriculture%2C%20Forestry%20and%20Fishing,source_reported_unharmonized
e0621_c9b3c38247,agriculture,Production of autumn rice by province,Total,VN_SRC_LAMDONG,Lam Dong,2014,annual,30.7,Thous. tons,not_specified,E0621,https://www.nso.gov.vn/en/px-web?pxid=E0621&theme=Agriculture%2C%20Forestry%20and%20Fishing,source_reported_unharmonized
e0621_c9b3c38247,agriculture,Production of autumn rice by province,Total,VN_SRC_LAMDONG,Lam Dong,2015,annual,32.0,Thous. tons,not_specified,E0621,https://www.nso.gov.vn/en/px-web?pxid=E0621&theme=Agriculture%2C%20Forestry%20and%20Fishing,source_reported_unharmonized
e0621_c9b3c38247,agriculture,Production of autumn rice by province,Total,VN_SRC_LAMDONG,Lam Dong,2016,annual,29.1,Thous. tons,not_specified,E0621,https://www.nso.gov.vn/en/px-web?pxid=E0621&theme=Agriculture%2C%20Forestry%20and%20Fishing,source_reported_unharmonized
e0621_c9b3c38247,agriculture,Production of autumn rice by province,Total,VN_SRC_LAMDONG,Lam Dong,2017,annual,32.2,Thous. tons,not_specified,E0621,https://www.nso.gov.vn/en/px-web?pxid=E0621&theme=Agriculture%2C%20Forestry%20and%20Fishing,source_reported_unharmonized
e0621_c9b3c38247,agriculture,Production of autumn rice by province,Total,VN_SRC_LAMDONG,Lam Dong,2018,annual,33.1,Thous. tons,not_specified,E0621,https://www.nso.gov.vn/en/px-web?pxid=E0621&theme=Agriculture%2C%20Forestry%20and%20Fishing,source_reported_unharmonized
e0621_c9b3c38247,agriculture,Production of autumn rice by province,Total,VN_SRC_LAMDONG,Lam Dong,2019,annual,29.0,Thous. tons,not_specified,E0621,https://www.nso.gov.vn/en/px-web?pxid=E0621&theme=Agriculture%2C%20Forestry%20and%20Fishing,source_reported_unharmonized
e0621_c9b3c38247,agriculture,Production of autumn rice by province,Total,VN_SRC_LAMDONG,Lam Dong,2020,annual,32.0,Thous. tons,not_specified,E0621,https://www.nso.gov.vn/en/px-web?pxid=E0621&theme=Agriculture%2C%20Forestry%20and%20Fishing,source_reported_unharmonized
e0621_c9b3c38247,agriculture,Production of autumn rice by province,Total,VN_SRC_LAMDONG,Lam Dong,2021,annual,32.2,Thous. tons,not_specified,E0621,https://www.nso.gov.vn/en/px-web?pxid=E0621&theme=Agriculture%2C%20Forestry%20and%20Fishing,source_reported_unharmonized
e0621_c9b3c38247,agriculture,Production of autumn rice by province,Total,VN_SRC_LAMDONG,Lam Dong,2022,annual,29.7,Thous. tons,not_specified,E0621,https://www.nso.gov.vn/en/px-web?pxid=E0621&theme=Agriculture%2C%20Forestry%20and%20Fishing,source_reported_unharmonized
e0621_c9b3c38247,agriculture,Production of autumn rice by province,Total,VN_SRC_LAMDONG,Lam Dong,2023,annual,28.6,Thous. tons,not_specified,E0621,https://www.nso.gov.vn/en/px-web?pxid=E0621&theme=Agriculture%2C%20Forestry%20and%20Fishing,source_reported_unharmonized
e0621_c9b3c38247,agriculture,Production of autumn rice by province,Total,VN_SRC_LAMDONG,Lam Dong,2024,annual,28.9,Thous. tons,not_specified,E0621,https://www.nso.gov.vn/en/px-web?pxid=E0621&theme=Agriculture%2C%20Forestry%20and%20Fishing,source_reported_unharmonized
e0621_c9b3c38247,agriculture,Production of autumn rice by province,Total,VN_SRC_LAMDONG,Lam Dong,2025,annual,29.4,Thous. tons,preliminary,E0621,https://www.nso.gov.vn/en/px-web?pxid=E0621&theme=Agriculture%2C%20Forestry%20and%20Fishing,source_reported_unharmonized
e0621_c9b3c38247,agriculture,Production of autumn rice by province,Total,VN_SRC_TAYNINH,Tay Ninh,1995,annual,77.4,Thous. tons,not_specified,E0621,https://www.nso.gov.vn/en/px-web?pxid=E0621&theme=Agriculture%2C%20Forestry%20and%20Fishing,source_reported_unharmonized
e0621_c9b3c38247,agriculture,Production of autumn rice by province,Total,VN_SRC_TAYNINH,Tay Ninh,1996,annual,97.2,Thous. tons,not_specified,E0621,https://www.nso.gov.vn/en/px-web?pxid=E0621&theme=Agriculture%2C%20Forestry%20and%20Fishing,source_reported_unharmonized
e0621_c9b3c38247,agriculture,Production of autumn rice by province,Total,VN_SRC_TAYNINH,Tay Ninh,1997,annual,93.2,Thous. tons,not_specified,E0621,https://www.nso.gov.vn/en/px-web?pxid=E0621&theme=Agriculture%2C%20Forestry%20and%20Fishing,source_reported_unharmonized
e0621_c9b3c38247,agriculture,Production of autumn rice by province,Total,VN_SRC_TAYNINH,Tay Ninh,1998,annual,99.1,Thous. tons,not_specified,E0621,https://www.nso.gov.vn/en/px-web?pxid=E0621&theme=Agriculture%2C%20Forestry%20and%20Fishing,source_reported_unharmonized
e0621_c9b3c38247,agriculture,Production of autumn rice by province,Total,VN_SRC_TAYNINH,Tay Ninh,1999,annual,143.8,Thous. tons,not_specified,E0621,https://www.nso.gov.vn/en/px-web?pxid=E0621&theme=Agriculture%2C%20Forestry%20and%20Fishing,source_reported_unharmonized
e0621_c9b3c38247,agriculture,Production of autumn rice by province,Total,VN_SRC_TAYNINH,Tay Ninh,2000,annual,163.7,Thous. tons,not_specified,E0621,https://www.nso.gov.vn/en/px-web?pxid=E0621&theme=Agriculture%2C%20Forestry%20and%20Fishing,source_reported_unharmonized
e0621_c9b3c38247,agriculture,Production of autumn rice by province,Total,VN_SRC_TAYNINH,Tay Ninh,2001,annual,139.9,Thous. tons,not_specified,E0621,https://www.nso.gov.vn/en/px-web?pxid=E0621&theme=Agriculture%2C%20Forestry%20and%20Fishing,source_reported_unharmonized
e0621_c9b3c38247,agriculture,Production of autumn rice by province,Total,VN_SRC_TAYNINH,Tay Ninh,2002,annual,163.2,Thous. tons,not_specified,E0621,https://www.nso.gov.vn/en/px-web?pxid=E0621&theme=Agriculture%2C%20Forestry%20and%20Fishing,source_reported_unharmonized
e0621_c9b3c38247,agriculture,Production of autumn rice by province,Total,VN_SRC_TAYNINH,Tay Ninh,2003,annual,184.4,Thous. tons,not_specified,E0621,https://www.nso.gov.vn/en/px-web?pxid=E0621&theme=Agriculture%2C%20Forestry%20and%20Fishing,source_reported_unharmonized
e0621_c9b3c38247,agriculture,Production of autumn rice by province,Total,VN_SRC_TAYNINH,Tay Ninh,2004,annual,194.7,Thous. tons,not_specified,E0621,https://www.nso.gov.vn/en/px-web?pxid=E0621&theme=Agriculture%2C%20Forestry%20and%20Fishing,source_reported_unharmonized
e0621_c9b3c38247,agriculture,Production of autumn rice by province,Total,VN_SRC_TAYNINH,Tay Ninh,2005,annual,164.4,Thous. tons,not_specified,E0621,https://www.nso.gov.vn/en/px-web?pxid=E0621&theme=Agriculture%2C%20Forestry%20and%20Fishing,source_reported_unharmonized
e0621_c9b3c38247,agriculture,Production of autumn rice by province,Total,VN_SRC_TAYNINH,Tay Ninh,2006,annual,175.2,Thous. tons,not_specified,E0621,https://www.nso.gov.vn/en/px-web?pxid=E0621&theme=Agriculture%2C%20Forestry%20and%20Fishing,source_reported_unharmonized
e0621_c9b3c38247,agriculture,Production of autumn rice by province,Total,VN_SRC_TAYNINH,Tay Ninh,2007,annual,197.8,Thous. tons,not_specified,E0621,https://www.nso.gov.vn/en/px-web?pxid=E0621&theme=Agriculture%2C%20Forestry%20and%20Fishing,source_reported_unharmonized
e0621_c9b3c38247,agriculture,Production of autumn rice by province,Total,VN_SRC_TAYNINH,Tay Ninh,2008,annual,230.2,Thous. tons,not_specified,E0621,https://www.nso.gov.vn/en/px-web?pxid=E0621&theme=Agriculture%2C%20Forestry%20and%20Fishing,source_reported_unharmonized
e0621_c9b3c38247,agriculture,Production of autumn rice by province,Total,VN_SRC_TAYNINH,Tay Ninh,2009,annual,243.3,Thous. tons,not_specified,E0621,https://www.nso.gov.vn/en/px-web?pxid=E0621&theme=Agriculture%2C%20Forestry%20and%20Fishing,source_reported_unharmonized
e0621_c9b3c38247,agriculture,Production of autumn rice by province,Total,VN_SRC_TAYNINH,Tay Ninh,2010,annual,232.0,Thous. tons,not_specified,E0621,https://www.nso.gov.vn/en/px-web?pxid=E0621&theme=Agriculture%2C%20Forestry%20and%20Fishing,source_reported_unharmonized
e0621_c9b3c38247,agriculture,Production of autumn rice by province,Total,VN_SRC_TAYNINH,Tay Ninh,2011,annual,253.1,Thous. tons,not_specified,E0621,https://www.nso.gov.vn/en/px-web?pxid=E0621&theme=Agriculture%2C%20Forestry%20and%20Fishing,source_reported_unharmonized
e0621_c9b3c38247,agriculture,Production of autumn rice by province,Total,VN_SRC_TAYNINH,Tay Ninh,2012,annual,249.3,Thous. tons,not_specified,E0621,https://www.nso.gov.vn/en/px-web?pxid=E0621&theme=Agriculture%2C%20Forestry%20and%20Fishing,source_reported_unharmonized
e0621_c9b3c38247,agriculture,Production of autumn rice by province,Total,VN_SRC_TAYNINH,Tay Ninh,2013,annual,249.2,Thous. tons,not_specified,E0621,https://www.nso.gov.vn/en/px-web?pxid=E0621&theme=Agriculture%2C%20Forestry%20and%20Fishing,source_reported_unharmonized
e0621_c9b3c38247,agriculture,Production of autumn rice by province,Total,VN_SRC_TAYNINH,Tay Ninh,2014,annual,247.6,Thous. tons,not_specified,E0621,https://www.nso.gov.vn/en/px-web?pxid=E0621&theme=Agriculture%2C%20Forestry%20and%20Fishing,source_reported_unharmonized
e0621_c9b3c38247,agriculture,Production of autumn rice by province,Total,VN_SRC_TAYNINH,Tay Ninh,2015,annual,250.7,Thous. tons,not_specified,E0621,https://www.nso.gov.vn/en/px-web?pxid=E0621&theme=Agriculture%2C%20Forestry%20and%20Fishing,source_reported_unharmonized
e0621_c9b3c38247,agriculture,Production of autumn rice by province,Total,VN_SRC_TAYNINH,Tay Ninh,2016,annual,254.5,Thous. tons,not_specified,E0621,https://www.nso.gov.vn/en/px-web?pxid=E0621&theme=Agriculture%2C%20Forestry%20and%20Fishing,source_reported_unharmonized
e0621_c9b3c38247,agriculture,Production of autumn rice by province,Total,VN_SRC_TAYNINH,Tay Ninh,2017,annual,264.9,Thous. tons,not_specified,E0621,https://www.nso.gov.vn/en/px-web?pxid=E0621&theme=Agriculture%2C%20Forestry%20and%20Fishing,source_reported_unharmonized
e0621_c9b3c38247,agriculture,Production of autumn rice by province,Total,VN_SRC_TAYNINH,Tay Ninh,2018,annual,272.7,Thous. tons,not_specified,E0621,https://www.nso.gov.vn/en/px-web?pxid=E0621&theme=Agriculture%2C%20Forestry%20and%20Fishing,source_reported_unharmonized
e0621_c9b3c38247,agriculture,Production of autumn rice by province,Total,VN_SRC_TAYNINH,Tay Ninh,2019,annual,266.3,Thous. tons,not_specified,E0621,https://www.nso.gov.vn/en/px-web?pxid=E0621&theme=Agriculture%2C%20Forestry%20and%20Fishing,source_reported_unharmonized
e0621_c9b3c38247,agriculture,Production of autumn rice by province,Total,VN_SRC_TAYNINH,Tay Ninh,2020,annual,266.8,Thous. tons,not_specified,E0621,https://www.nso.gov.vn/en/px-web?pxid=E0621&theme=Agriculture%2C%20Forestry%20and%20Fishing,source_reported_unharmonized
e0621_c9b3c38247,agriculture,Production of autumn rice by province,Total,VN_SRC_TAYNINH,Tay Ninh,2021,annual,272.3,Thous. tons,not_specified,E0621,https://www.nso.gov.vn/en/px-web?pxid=E0621&theme=Agriculture%2C%20Forestry%20and%20Fishing,source_reported_unharmonized
e0621_c9b3c38247,agriculture,Production of autumn rice by province,Total,VN_SRC_TAYNINH,Tay Ninh,2022,annual,264.1,Thous. tons,not_specified,E0621,https://www.nso.gov.vn/en/px-web?pxid=E0621&theme=Agriculture%2C%20Forestry%20and%20Fishing,source_reported_unharmonized
e0621_c9b3c38247,agriculture,Production of autumn rice by province,Total,VN_SRC_TAYNINH,Tay Ninh,2023,annual,268.8,Thous. tons,not_specified,E0621,https://www.nso.gov.vn/en/px-web?pxid=E0621&theme=Agriculture%2C%20Forestry%20and%20Fishing,source_reported_unharmonized
e0621_c9b3c38247,agriculture,Production of autumn rice by province,Total,VN_SRC_TAYNINH,Tay Ninh,2024,annual,273.1,Thous. tons,not_specified,E0621,https://www.nso.gov.vn/en/px-web?pxid=E0621&theme=Agriculture%2C%20Forestry%20and%20Fishing,source_reported_unharmonized
e0621_c9b3c38247,agriculture,Production of autumn rice by province,Total,VN_SRC_TAYNINH,Tay Ninh,2025,annual,266.7,Thous. tons,preliminary,E0621,https://www.nso.gov.vn/en/px-web?pxid=E0621&theme=Agriculture%2C%20Forestry%20and%20Fishing,source_reported_unharmonized
e0621_c9b3c38247,agriculture,Production of autumn rice by province,Total,VN_SRC_BINHDUONG,Binh Duong,1995,annual,10.5,Thous. tons,not_specified,E0621,https://www.nso.gov.vn/en/px-web?pxid=E0621&theme=Agriculture%2C%20Forestry%20and%20Fishing,source_reported_unharmonized
e0621_c9b3c38247,agriculture,Production of autumn rice by province,Total,VN_SRC_BINHDUONG,Binh Duong,1996,annual,9.4,Thous. tons,not_specified,E0621,https://www.nso.gov.vn/en/px-web?pxid=E0621&theme=Agriculture%2C%20Forestry%20and%20Fishing,source_reported_unharmonized
e0621_c9b3c38247,agriculture,Production of autumn rice by province,Total,VN_SRC_BINHDUONG,Binh Duong,1997,annual,11.9,Thous. tons,not_specified,E0621,https://www.nso.gov.vn/en/px-web?pxid=E0621&theme=Agriculture%2C%20Forestry%20and%20Fishing,source_reported_unharmonized
e0621_c9b3c38247,agriculture,Production of autumn rice by province,Total,VN_SRC_BINHDUONG,Binh Duong,1998,annual,11.2,Thous. tons,not_specified,E0621,https://www.nso.gov.vn/en/px-web?pxid=E0621&theme=Agriculture%2C%20Forestry%20and%20Fishing,source_reported_unharmonized
e0621_c9b3c38247,agriculture,Production of autumn rice by province,Total,VN_SRC_BINHDUONG,Binh Duong,1999,annual,11.7,Thous. tons,not_specified,E0621,https://www.nso.gov.vn/en/px-web?pxid=E0621&theme=Agriculture%2C%20Forestry%20and%20Fishing,source_reported_unharmonized
e0621_c9b3c38247,agriculture,Production of autumn rice by province,Total,VN_SRC_BINHDUONG,Binh Duong,2000,annual,12.5,Thous. tons,not_specified,E0621,https://www.nso.gov.vn/en/px-web?pxid=E0621&theme=Agriculture%2C%20Forestry%20and%20Fishing,source_reported_unharmonized
e0621_c9b3c38247,agriculture,Production of autumn rice by province,Total,VN_SRC_BINHDUONG,Binh Duong,2001,annual,12.8,Thous. tons,not_specified,E0621,https://www.nso.gov.vn/en/px-web?pxid=E0621&theme=Agriculture%2C%20Forestry%20and%20Fishing,source_reported_unharmonized
e0621_c9b3c38247,agriculture,Production of autumn rice by province,Total,VN_SRC_BINHDUONG,Binh Duong,2002,annual,12.2,Thous. tons,not_specified,E0621,https://www.nso.gov.vn/en/px-web?pxid=E0621&theme=Agriculture%2C%20Forestry%20and%20Fishing,source_reported_unharmonized
e0621_c9b3c38247,agriculture,Production of autumn rice by province,Total,VN_SRC_BINHDUONG,Binh Duong,2003,annual,12.4,Thous. tons,not_specified,E0621,https://www.nso.gov.vn/en/px-web?pxid=E0621&theme=Agriculture%2C%20Forestry%20and%20Fishing,source_reported_unharmonized
e0621_c9b3c38247,agriculture,Production of autumn rice by province,Total,VN_SRC_BINHDUONG,Binh Duong,2004,annual,12.7,Thous. tons,not_specified,E0621,https://www.nso.gov.vn/en/px-web?pxid=E0621&theme=Agriculture%2C%20Forestry%20and%20Fishing,source_reported_unharmonized
e0621_c9b3c38247,agriculture,Production of autumn rice by province,Total,VN_SRC_BINHDUONG,Binh Duong,2005,annual,10.6,Thous. tons,not_specified,E0621,https://www.nso.gov.vn/en/px-web?pxid=E0621&theme=Agriculture%2C%20Forestry%20and%20Fishing,source_reported_unharmonized
e0621_c9b3c38247,agriculture,Production of autumn rice by province,Total,VN_SRC_BINHDUONG,Binh Duong,2006,annual,9.7,Thous. tons,not_specified,E0621,https://www.nso.gov.vn/en/px-web?pxid=E0621&theme=Agriculture%2C%20Forestry%20and%20Fishing,source_reported_unharmonized
e0621_c9b3c38247,agriculture,Production of autumn rice by province,Total,VN_SRC_BINHDUONG,Binh Duong,2007,annual,8.9,Thous. tons,not_specified,E0621,https://www.nso.gov.vn/en/px-web?pxid=E0621&theme=Agriculture%2C%20Forestry%20and%20Fishing,source_reported_unharmonized
e0621_c9b3c38247,agriculture,Production of autumn rice by province,Total,VN_SRC_BINHDUONG,Binh Duong,2008,annual,7.9,Thous. tons,not_specified,E0621,https://www.nso.gov.vn/en/px-web?pxid=E0621&theme=Agriculture%2C%20Forestry%20and%20Fishing,source_reported_unharmonized
e0621_c9b3c38247,agriculture,Production of autumn rice by province,Total,VN_SRC_BINHDUONG,Binh Duong,2009,annual,7.7,Thous. tons,not_specified,E0621,https://www.nso.gov.vn/en/px-web?pxid=E0621&theme=Agriculture%2C%20Forestry%20and%20Fishing,source_reported_unharmonized
e0621_c9b3c38247,agriculture,Production of autumn rice by province,Total,VN_SRC_BINHDUONG,Binh Duong,2010,annual,7.9,Thous. tons,not_specified,E0621,https://www.nso.gov.vn/en/px-web?pxid=E0621&theme=Agriculture%2C%20Forestry%20and%20Fishing,source_reported_unharmonized
e0621_c9b3c38247,agriculture,Production of autumn rice by province,Total,VN_SRC_BINHDUONG,Binh Duong,2011,annual,7.3,Thous. tons,not_specified,E0621,https://www.nso.gov.vn/en/px-web?pxid=E0621&theme=Agriculture%2C%20Forestry%20and%20Fishing,source_reported_unharmonized
e0621_c9b3c38247,agriculture,Production of autumn rice by province,Total,VN_SRC_BINHDUONG,Binh Duong,2012,annual,7.1,Thous. tons,not_specified,E0621,https://www.nso.gov.vn/en/px-web?pxid=E0621&theme=Agriculture%2C%20Forestry%20and%20Fishing,source_reported_unharmonized
e0621_c9b3c38247,agriculture,Production of autumn rice by province,Total,VN_SRC_BINHDUONG,Binh Duong,2013,annual,6.8,Thous. tons,not_specified,E0621,https://www.nso.gov.vn/en/px-web?pxid=E0621&theme=Agriculture%2C%20Forestry%20and%20Fishing,source_reported_unharmonized
e0621_c9b3c38247,agriculture,Production of autumn rice by province,Total,VN_SRC_BINHDUONG,Binh Duong,2014,annual,6.7,Thous. tons,not_specified,E0621,https://www.nso.gov.vn/en/px-web?pxid=E0621&theme=Agriculture%2C%20Forestry%20and%20Fishing,source_reported_unharmonized
e0621_c9b3c38247,agriculture,Production of autumn rice by province,Total,VN_SRC_BINHDUONG,Binh Duong,2015,annual,6.4,Thous. tons,not_specified,E0621,https://www.nso.gov.vn/en/px-web?pxid=E0621&theme=Agriculture%2C%20Forestry%20and%20Fishing,source_reported_unharmonized
e0621_c9b3c38247,agriculture,Production of autumn rice by province,Total,VN_SRC_BINHDUONG,Binh Duong,2016,annual,6.1,Thous. tons,not_specified,E0621,https://www.nso.gov.vn/en/px-web?pxid=E0621&theme=Agriculture%2C%20Forestry%20and%20Fishing,source_reported_unharmonized
e0621_c9b3c38247,agriculture,Production of autumn rice by province,Total,VN_SRC_BINHDUONG,Binh Duong,2017,annual,6.0,Thous. tons,not_specified,E0621,https://www.nso.gov.vn/en/px-web?pxid=E0621&theme=Agriculture%2C%20Forestry%20and%20Fishing,source_reported_unharmonized
e0621_c9b3c38247,agriculture,Production of autumn rice by province,Total,VN_SRC_BINHDUONG,Binh Duong,2018,annual,5.6,Thous. tons,not_specified,E0621,https://www.nso.gov.vn/en/px-web?pxid=E0621&theme=Agriculture%2C%20Forestry%20and%20Fishing,source_reported_unharmonized
e0621_c9b3c38247,agriculture,Production of autumn rice by province,Total,VN_SRC_BINHDUONG,Binh Duong,2019,annual,5.3,Thous. tons,not_specified,E0621,https://www.nso.gov.vn/en/px-web?pxid=E0621&theme=Agriculture%2C%20Forestry%20and%20Fishing,source_reported_unharmonized
e0621_c9b3c38247,agriculture,Production of autumn rice by province,Total,VN_SRC_BINHDUONG,Binh Duong,2020,annual,5.0,Thous. tons,not_specified,E0621,https://www.nso.gov.vn/en/px-web?pxid=E0621&theme=Agriculture%2C%20Forestry%20and%20Fishing,source_reported_unharmonized
e0621_c9b3c38247,agriculture,Production of autumn rice by province,Total,VN_SRC_BINHDUONG,Binh Duong,2021,annual,4.9,Thous. tons,not_specified,E0621,https://www.nso.gov.vn/en/px-web?pxid=E0621&theme=Agriculture%2C%20Forestry%20and%20Fishing,source_reported_unharmonized
e0621_c9b3c38247,agriculture,Production of autumn rice by province,Total,VN_SRC_BINHDUONG,Binh Duong,2022,annual,4.6,Thous. tons,not_specified,E0621,https://www.nso.gov.vn/en/px-web?pxid=E0621&theme=Agriculture%2C%20Forestry%20and%20Fishing,source_reported_unharmonized
e0621_c9b3c38247,agriculture,Production of autumn rice by province,Total,VN_SRC_BINHDUONG,Binh Duong,2023,annual,4.4,Thous. tons,not_specified,E0621,https://www.nso.gov.vn/en/px-web?pxid=E0621&theme=Agriculture%2C%20Forestry%20and%20Fishing,source_reported_unharmonized
e0621_c9b3c38247,agriculture,Production of autumn rice by province,Total,VN_SRC_BINHDUONG,Binh Duong,2024,annual,4.4,Thous. tons,not_specified,E0621,https://www.nso.gov.vn/en/px-web?pxid=E0621&theme=Agriculture%2C%20Forestry%20and%20Fishing,source_reported_unharmonized
e0621_c9b3c38247,agriculture,Production of autumn rice by province,Total,VN_SRC_BINHDUONG,Binh Duong,2025,annual,4.5,Thous. tons,preliminary,E0621,https://www.nso.gov.vn/en/px-web?pxid=E0621&theme=Agriculture%2C%20Forestry%20and%20Fishing,source_reported_unharmonized
e0621_c9b3c38247,agriculture,Production of autumn rice by province,Total,VN_SRC_DONGNAI,Dong Nai,1995,annual,74.2,Thous. tons,not_specified,E0621,https://www.nso.gov.vn/en/px-web?pxid=E0621&theme=Agriculture%2C%20Forestry%20and%20Fishing,source_reported_unharmonized
e0621_c9b3c38247,agriculture,Production of autumn rice by province,Total,VN_SRC_DONGNAI,Dong Nai,1996,annual,77.3,Thous. tons,not_specified,E0621,https://www.nso.gov.vn/en/px-web?pxid=E0621&theme=Agriculture%2C%20Forestry%20and%20Fishing,source_reported_unharmonized
e0621_c9b3c38247,agriculture,Production of autumn rice by province,Total,VN_SRC_DONGNAI,Dong Nai,1997,annual,63.5,Thous. tons,not_specified,E0621,https://www.nso.gov.vn/en/px-web?pxid=E0621&theme=Agriculture%2C%20Forestry%20and%20Fishing,source_reported_unharmonized
e0621_c9b3c38247,agriculture,Production of autumn rice by province,Total,VN_SRC_DONGNAI,Dong Nai,1998,annual,62.5,Thous. tons,not_specified,E0621,https://www.nso.gov.vn/en/px-web?pxid=E0621&theme=Agriculture%2C%20Forestry%20and%20Fishing,source_reported_unharmonized
e0621_c9b3c38247,agriculture,Production of autumn rice by province,Total,VN_SRC_DONGNAI,Dong Nai,1999,annual,68.3,Thous. tons,not_specified,E0621,https://www.nso.gov.vn/en/px-web?pxid=E0621&theme=Agriculture%2C%20Forestry%20and%20Fishing,source_reported_unharmonized
e0621_c9b3c38247,agriculture,Production of autumn rice by province,Total,VN_SRC_DONGNAI,Dong Nai,2000,annual,88.7,Thous. tons,not_specified,E0621,https://www.nso.gov.vn/en/px-web?pxid=E0621&theme=Agriculture%2C%20Forestry%20and%20Fishing,source_reported_unharmonized
e0621_c9b3c38247,agriculture,Production of autumn rice by province,Total,VN_SRC_DONGNAI,Dong Nai,2001,annual,82.1,Thous. tons,not_specified,E0621,https://www.nso.gov.vn/en/px-web?pxid=E0621&theme=Agriculture%2C%20Forestry%20and%20Fishing,source_reported_unharmonized
e0621_c9b3c38247,agriculture,Production of autumn rice by province,Total,VN_SRC_DONGNAI,Dong Nai,2002,annual,86.5,Thous. tons,not_specified,E0621,https://www.nso.gov.vn/en/px-web?pxid=E0621&theme=Agriculture%2C%20Forestry%20and%20Fishing,source_reported_unharmonized
e0621_c9b3c38247,agriculture,Production of autumn rice by province,Total,VN_SRC_DONGNAI,Dong Nai,2003,annual,97.5,Thous. tons,not_specified,E0621,https://www.nso.gov.vn/en/px-web?pxid=E0621&theme=Agriculture%2C%20Forestry%20and%20Fishing,source_reported_unharmonized
e0621_c9b3c38247,agriculture,Production of autumn rice by province,Total,VN_SRC_DONGNAI,Dong Nai,2004,annual,104.0,Thous. tons,not_specified,E0621,https://www.nso.gov.vn/en/px-web?pxid=E0621&theme=Agriculture%2C%20Forestry%20and%20Fishing,source_reported_unharmonized
e0621_c9b3c38247,agriculture,Production of autumn rice by province,Total,VN_SRC_DONGNAI,Dong Nai,2005,annual,110.9,Thous. tons,not_specified,E0621,https://www.nso.gov.vn/en/px-web?pxid=E0621&theme=Agriculture%2C%20Forestry%20and%20Fishing,source_reported_unharmonized
e0621_c9b3c38247,agriculture,Production of autumn rice by province,Total,VN_SRC_DONGNAI,Dong Nai,2006,annual,104.2,Thous. tons,not_specified,E0621,https://www.nso.gov.vn/en/px-web?pxid=E0621&theme=Agriculture%2C%20Forestry%20and%20Fishing,source_reported_unharmonized
e0621_c9b3c38247,agriculture,Production of autumn rice by province,Total,VN_SRC_DONGNAI,Dong Nai,2007,annual,109.3,Thous. tons,not_specified,E0621,https://www.nso.gov.vn/en/px-web?pxid=E0621&theme=Agriculture%2C%20Forestry%20and%20Fishing,source_reported_unharmonized
e0621_c9b3c38247,agriculture,Production of autumn rice by province,Total,VN_SRC_DONGNAI,Dong Nai,2008,annual,113.9,Thous. tons,not_specified,E0621,https://www.nso.gov.vn/en/px-web?pxid=E0621&theme=Agriculture%2C%20Forestry%20and%20Fishing,source_reported_unharmonized
e0621_c9b3c38247,agriculture,Production of autumn rice by province,Total,VN_SRC_DONGNAI,Dong Nai,2009,annual,113.6,Thous. tons,not_specified,E0621,https://www.nso.gov.vn/en/px-web?pxid=E0621&theme=Agriculture%2C%20Forestry%20and%20Fishing,source_reported_unharmonized
e0621_c9b3c38247,agriculture,Production of autumn rice by province,Total,VN_SRC_DONGNAI,Dong Nai,2010,annual,107.8,Thous. tons,not_specified,E0621,https://www.nso.gov.vn/en/px-web?pxid=E0621&theme=Agriculture%2C%20Forestry%20and%20Fishing,source_reported_unharmonized
e0621_c9b3c38247,agriculture,Production of autumn rice by province,Total,VN_SRC_DONGNAI,Dong Nai,2011,annual,120.8,Thous. tons,not_specified,E0621,https://www.nso.gov.vn/en/px-web?pxid=E0621&theme=Agriculture%2C%20Forestry%20and%20Fishing,source_reported_unharmonized
e0621_c9b3c38247,agriculture,Production of autumn rice by province,Total,VN_SRC_DONGNAI,Dong Nai,2012,annual,124.7,Thous. tons,not_specified,E0621,https://www.nso.gov.vn/en/px-web?pxid=E0621&theme=Agriculture%2C%20Forestry%20and%20Fishing,source_reported_unharmonized
e0621_c9b3c38247,agriculture,Production of autumn rice by province,Total,VN_SRC_DONGNAI,Dong Nai,2013,annual,118.6,Thous. tons,not_specified,E0621,https://www.nso.gov.vn/en/px-web?pxid=E0621&theme=Agriculture%2C%20Forestry%20and%20Fishing,source_reported_unharmonized
e0621_c9b3c38247,agriculture,Production of autumn rice by province,Total,VN_SRC_DONGNAI,Dong Nai,2014,annual,120.3,Thous. tons,not_specified,E0621,https://www.nso.gov.vn/en/px-web?pxid=E0621&theme=Agriculture%2C%20Forestry%20and%20Fishing,source_reported_unharmonized
e0621_c9b3c38247,agriculture,Production of autumn rice by province,Total,VN_SRC_DONGNAI,Dong Nai,2015,annual,119.7,Thous. tons,not_specified,E0621,https://www.nso.gov.vn/en/px-web?pxid=E0621&theme=Agriculture%2C%20Forestry%20and%20Fishing,source_reported_unharmonized
e0621_c9b3c38247,agriculture,Production of autumn rice by province,Total,VN_SRC_DONGNAI,Dong Nai,2016,annual,113.3,Thous. tons,not_specified,E0621,https://www.nso.gov.vn/en/px-web?pxid=E0621&theme=Agriculture%2C%20Forestry%20and%20Fishing,source_reported_unharmonized
e0621_c9b3c38247,agriculture,Production of autumn rice by province,Total,VN_SRC_DONGNAI,Dong Nai,2017,annual,113.3,Thous. tons,not_specified,E0621,https://www.nso.gov.vn/en/px-web?pxid=E0621&theme=Agriculture%2C%20Forestry%20and%20Fishing,source_reported_unharmonized
e0621_c9b3c38247,agriculture,Production of autumn rice by province,Total,VN_SRC_DONGNAI,Dong Nai,2018,annual,118.4,Thous. tons,not_specified,E0621,https://www.nso.gov.vn/en/px-web?pxid=E0621&theme=Agriculture%2C%20Forestry%20and%20Fishing,source_reported_unharmonized
e0621_c9b3c38247,agriculture,Production of autumn rice by province,Total,VN_SRC_DONGNAI,Dong Nai,2019,annual,112.8,Thous. tons,not_specified,E0621,https://www.nso.gov.vn/en/px-web?pxid=E0621&theme=Agriculture%2C%20Forestry%20and%20Fishing,source_reported_unharmonized
e0621_c9b3c38247,agriculture,Production of autumn rice by province,Total,VN_SRC_DONGNAI,Dong Nai,2020,annual,112.6,Thous. tons,not_specified,E0621,https://www.nso.gov.vn/en/px-web?pxid=E0621&theme=Agriculture%2C%20Forestry%20and%20Fishing,source_reported_unharmonized
e0621_c9b3c38247,agriculture,Production of autumn rice by province,Total,VN_SRC_DONGNAI,Dong Nai,2021,annual,111.2,Thous. tons,not_specified,E0621,https://www.nso.gov.vn/en/px-web?pxid=E0621&theme=Agriculture%2C%20Forestry%20and%20Fishing,source_reported_unharmonized
e0621_c9b3c38247,agriculture,Production of autumn rice by province,Total,VN_SRC_DONGNAI,Dong Nai,2022,annual,110.3,Thous. tons,not_specified,E0621,https://www.nso.gov.vn/en/px-web?pxid=E0621&theme=Agriculture%2C%20Forestry%20and%20Fishing,source_reported_unharmonized
e0621_c9b3c38247,agriculture,Production of autumn rice by province,Total,VN_SRC_DONGNAI,Dong Nai,2023,annual,109.6,Thous. tons,not_specified,E0621,https://www.nso.gov.vn/en/px-web?pxid=E0621&theme=Agriculture%2C%20Forestry%20and%20Fishing,source_reported_unharmonized
e0621_c9b3c38247,agriculture,Production of autumn rice by province,Total,VN_SRC_DONGNAI,Dong Nai,2024,annual,109.4,Thous. tons,not_specified,E0621,https://www.nso.gov.vn/en/px-web?pxid=E0621&theme=Agriculture%2C%20Forestry%20and%20Fishing,source_reported_unharmonized
e0621_c9b3c38247,agriculture,Production of autumn rice by province,Total,VN_SRC_DONGNAI,Dong Nai,2025,annual,109.8,Thous. tons,preliminary,E0621,https://www.nso.gov.vn/en/px-web?pxid=E0621&theme=Agriculture%2C%20Forestry%20and%20Fishing,source_reported_unharmonized
e0621_c9b3c38247,agriculture,Production of autumn rice by province,Total,VN_SRC_BARIAVUNGTAU,Ba Ria - Vung Tau,1995,annual,13.8,Thous. tons,not_specified,E0621,https://www.nso.gov.vn/en/px-web?pxid=E0621&theme=Agriculture%2C%20Forestry%20and%20Fishing,source_reported_unharmonized
e0621_c9b3c38247,agriculture,Production of autumn rice by province,Total,VN_SRC_BARIAVUNGTAU,Ba Ria - Vung Tau,1996,annual,13.0,Thous. tons,not_specified,E0621,https://www.nso.gov.vn/en/px-web?pxid=E0621&theme=Agriculture%2C%20Forestry%20and%20Fishing,source_reported_unharmonized
e0621_c9b3c38247,agriculture,Production of autumn rice by province,Total,VN_SRC_BARIAVUNGTAU,Ba Ria - Vung Tau,1997,annual,9.5,Thous. tons,not_specified,E0621,https://www.nso.gov.vn/en/px-web?pxid=E0621&theme=Agriculture%2C%20Forestry%20and%20Fishing,source_reported_unharmonized
e0621_c9b3c38247,agriculture,Production of autumn rice by province,Total,VN_SRC_BARIAVUNGTAU,Ba Ria - Vung Tau,1998,annual,12.2,Thous. tons,not_specified,E0621,https://www.nso.gov.vn/en/px-web?pxid=E0621&theme=Agriculture%2C%20Forestry%20and%20Fishing,source_reported_unharmonized
e0621_c9b3c38247,agriculture,Production of autumn rice by province,Total,VN_SRC_BARIAVUNGTAU,Ba Ria - Vung Tau,1999,annual,16.0,Thous. tons,not_specified,E0621,https://www.nso.gov.vn/en/px-web?pxid=E0621&theme=Agriculture%2C%20Forestry%20and%20Fishing,source_reported_unharmonized
e0621_c9b3c38247,agriculture,Production of autumn rice by province,Total,VN_SRC_BARIAVUNGTAU,Ba Ria - Vung Tau,2000,annual,17.9,Thous. tons,not_specified,E0621,https://www.nso.gov.vn/en/px-web?pxid=E0621&theme=Agriculture%2C%20Forestry%20and%20Fishing,source_reported_unharmonized
e0621_c9b3c38247,agriculture,Production of autumn rice by province,Total,VN_SRC_BARIAVUNGTAU,Ba Ria - Vung Tau,2001,annual,18.7,Thous. tons,not_specified,E0621,https://www.nso.gov.vn/en/px-web?pxid=E0621&theme=Agriculture%2C%20Forestry%20and%20Fishing,source_reported_unharmonized
e0621_c9b3c38247,agriculture,Production of autumn rice by province,Total,VN_SRC_BARIAVUNGTAU,Ba Ria - Vung Tau,2002,annual,15.5,Thous. tons,not_specified,E0621,https://www.nso.gov.vn/en/px-web?pxid=E0621&theme=Agriculture%2C%20Forestry%20and%20Fishing,source_reported_unharmonized
e0621_c9b3c38247,agriculture,Production of autumn rice by province,Total,VN_SRC_BARIAVUNGTAU,Ba Ria - Vung Tau,2003,annual,16.3,Thous. tons,not_specified,E0621,https://www.nso.gov.vn/en/px-web?pxid=E0621&theme=Agriculture%2C%20Forestry%20and%20Fishing,source_reported_unharmonized
e0621_c9b3c38247,agriculture,Production of autumn rice by province,Total,VN_SRC_BARIAVUNGTAU,Ba Ria - Vung Tau,2004,annual,17.9,Thous. tons,not_specified,E0621,https://www.nso.gov.vn/en/px-web?pxid=E0621&theme=Agriculture%2C%20Forestry%20and%20Fishing,source_reported_unharmonized
e0621_c9b3c38247,agriculture,Production of autumn rice by province,Total,VN_SRC_BARIAVUNGTAU,Ba Ria - Vung Tau,2005,annual,17.9,Thous. tons,not_specified,E0621,https://www.nso.gov.vn/en/px-web?pxid=E0621&theme=Agriculture%2C%20Forestry%20and%20Fishing,source_reported_unharmonized
e0621_c9b3c38247,agriculture,Production of autumn rice by province,Total,VN_SRC_BARIAVUNGTAU,Ba Ria - Vung Tau,2006,annual,19.2,Thous. tons,not_specified,E0621,https://www.nso.gov.vn/en/px-web?pxid=E0621&theme=Agriculture%2C%20Forestry%20and%20Fishing,source_reported_unharmonized
e0621_c9b3c38247,agriculture,Production of autumn rice by province,Total,VN_SRC_BARIAVUNGTAU,Ba Ria - Vung Tau,2007,annual,16.6,Thous. tons,not_specified,E0621,https://www.nso.gov.vn/en/px-web?pxid=E0621&theme=Agriculture%2C%20Forestry%20and%20Fishing,source_reported_unharmonized
e0621_c9b3c38247,agriculture,Production of autumn rice by province,Total,VN_SRC_BARIAVUNGTAU,Ba Ria - Vung Tau,2008,annual,22.4,Thous. tons,not_specified,E0621,https://www.nso.gov.vn/en/px-web?pxid=E0621&theme=Agriculture%2C%20Forestry%20and%20Fishing,source_reported_unharmonized
e0621_c9b3c38247,agriculture,Production of autumn rice by province,Total,VN_SRC_BARIAVUNGTAU,Ba Ria - Vung Tau,2009,annual,27.2,Thous. tons,not_specified,E0621,https://www.nso.gov.vn/en/px-web?pxid=E0621&theme=Agriculture%2C%20Forestry%20and%20Fishing,source_reported_unharmonized
e0621_c9b3c38247,agriculture,Production of autumn rice by province,Total,VN_SRC_BARIAVUNGTAU,Ba Ria - Vung Tau,2010,annual,18.3,Thous. tons,not_specified,E0621,https://www.nso.gov.vn/en/px-web?pxid=E0621&theme=Agriculture%2C%20Forestry%20and%20Fishing,source_reported_unharmonized
e0621_c9b3c38247,agriculture,Production of autumn rice by province,Total,VN_SRC_BARIAVUNGTAU,Ba Ria - Vung Tau,2011,annual,29.6,Thous. tons,not_specified,E0621,https://www.nso.gov.vn/en/px-web?pxid=E0621&theme=Agriculture%2C%20Forestry%20and%20Fishing,source_reported_unharmonized
e0621_c9b3c38247,agriculture,Production of autumn rice by province,Total,VN_SRC_BARIAVUNGTAU,Ba Ria - Vung Tau,2012,annual,32.0,Thous. tons,not_specified,E0621,https://www.nso.gov.vn/en/px-web?pxid=E0621&theme=Agriculture%2C%20Forestry%20and%20Fishing,source_reported_unharmonized
e0621_c9b3c38247,agriculture,Production of autumn rice by province,Total,VN_SRC_BARIAVUNGTAU,Ba Ria - Vung Tau,2013,annual,31.5,Thous. tons,not_specified,E0621,https://www.nso.gov.vn/en/px-web?pxid=E0621&theme=Agriculture%2C%20Forestry%20and%20Fishing,source_reported_unharmonized
e0621_c9b3c38247,agriculture,Production of autumn rice by province,Total,VN_SRC_BARIAVUNGTAU,Ba Ria - Vung Tau,2014,annual,32.9,Thous. tons,not_specified,E0621,https://www.nso.gov.vn/en/px-web?pxid=E0621&theme=Agriculture%2C%20Forestry%20and%20Fishing,source_reported_unharmonized
e0621_c9b3c38247,agriculture,Production of autumn rice by province,Total,VN_SRC_BARIAVUNGTAU,Ba Ria - Vung Tau,2015,annual,36.4,Thous. tons,not_specified,E0621,https://www.nso.gov.vn/en/px-web?pxid=E0621&theme=Agriculture%2C%20Forestry%20and%20Fishing,source_reported_unharmonized
e0621_c9b3c38247,agriculture,Production of autumn rice by province,Total,VN_SRC_BARIAVUNGTAU,Ba Ria - Vung Tau,2016,annual,37.8,Thous. tons,not_specified,E0621,https://www.nso.gov.vn/en/px-web?pxid=E0621&theme=Agriculture%2C%20Forestry%20and%20Fishing,source_reported_unharmonized
e0621_c9b3c38247,agriculture,Production of autumn rice by province,Total,VN_SRC_BARIAVUNGTAU,Ba Ria - Vung Tau,2017,annual,39.2,Thous. tons,not_specified,E0621,https://www.nso.gov.vn/en/px-web?pxid=E0621&theme=Agriculture%2C%20Forestry%20and%20Fishing,source_reported_unharmonized
e0621_c9b3c38247,agriculture,Production of autumn rice by province,Total,VN_SRC_BARIAVUNGTAU,Ba Ria - Vung Tau,2018,annual,42.6,Thous. tons,not_specified,E0621,https://www.nso.gov.vn/en/px-web?pxid=E0621&theme=Agriculture%2C%20Forestry%20and%20Fishing,source_reported_unharmonized
e0621_c9b3c38247,agriculture,Production of autumn rice by province,Total,VN_SRC_BARIAVUNGTAU,Ba Ria - Vung Tau,2019,annual,42.3,Thous. tons,not_specified,E0621,https://www.nso.gov.vn/en/px-web?pxid=E0621&theme=Agriculture%2C%20Forestry%20and%20Fishing,source_reported_unharmonized
e0621_c9b3c38247,agriculture,Production of autumn rice by province,Total,VN_SRC_BARIAVUNGTAU,Ba Ria - Vung Tau,2020,annual,42.6,Thous. tons,not_specified,E0621,https://www.nso.gov.vn/en/px-web?pxid=E0621&theme=Agriculture%2C%20Forestry%20and%20Fishing,source_reported_unharmonized
e0621_c9b3c38247,agriculture,Production of autumn rice by province,Total,VN_SRC_BARIAVUNGTAU,Ba Ria - Vung Tau,2021,annual,44.4,Thous. tons,not_specified,E0621,https://www.nso.gov.vn/en/px-web?pxid=E0621&theme=Agriculture%2C%20Forestry%20and%20Fishing,source_reported_unharmonized
e0621_c9b3c38247,agriculture,Production of autumn rice by province,Total,VN_SRC_BARIAVUNGTAU,Ba Ria - Vung Tau,2022,annual,48.2,Thous. tons,not_specified,E0621,https://www.nso.gov.vn/en/px-web?pxid=E0621&theme=Agriculture%2C%20Forestry%20and%20Fishing,source_reported_unharmonized
e0621_c9b3c38247,agriculture,Production of autumn rice by province,Total,VN_SRC_BARIAVUNGTAU,Ba Ria - Vung Tau,2023,annual,48.3,Thous. tons,not_specified,E0621,https://www.nso.gov.vn/en/px-web?pxid=E0621&theme=Agriculture%2C%20Forestry%20and%20Fishing,source_reported_unharmonized
e0621_c9b3c38247,agriculture,Production of autumn rice by province,Total,VN_SRC_BARIAVUNGTAU,Ba Ria - Vung Tau,2024,annual,48.9,Thous. tons,not_specified,E0621,https://www.nso.gov.vn/en/px-web?pxid=E0621&theme=Agriculture%2C%20Forestry%20and%20Fishing,source_reported_unharmonized
e0621_c9b3c38247,agriculture,Production of autumn rice by province,Total,VN_SRC_BARIAVUNGTAU,Ba Ria - Vung Tau,2025,annual,50.1,Thous. tons,preliminary,E0621,https://www.nso.gov.vn/en/px-web?pxid=E0621&theme=Agriculture%2C%20Forestry%20and%20Fishing,source_reported_unharmonized
e0621_c9b3c38247,agriculture,Production of autumn rice by province,Total,VN_SRC_HOCHIMINHCITY,Ho Chi Minh city,1995,annual,47.0,Thous. tons,not_specified,E0621,https://www.nso.gov.vn/en/px-web?pxid=E0621&theme=Agriculture%2C%20Forestry%20and%20Fishing,source_reported_unharmonized
e0621_c9b3c38247,agriculture,Production of autumn rice by province,Total,VN_SRC_HOCHIMINHCITY,Ho Chi Minh city,1996,annual,53.8,Thous. tons,not_specified,E0621,https://www.nso.gov.vn/en/px-web?pxid=E0621&theme=Agriculture%2C%20Forestry%20and%20Fishing,source_reported_unharmonized
e0621_c9b3c38247,agriculture,Production of autumn rice by province,Total,VN_SRC_HOCHIMINHCITY,Ho Chi Minh city,1997,annual,43.2,Thous. tons,not_specified,E0621,https://www.nso.gov.vn/en/px-web?pxid=E0621&theme=Agriculture%2C%20Forestry%20and%20Fishing,source_reported_unharmonized
e0621_c9b3c38247,agriculture,Production of autumn rice by province,Total,VN_SRC_HOCHIMINHCITY,Ho Chi Minh city,1998,annual,45.3,Thous. tons,not_specified,E0621,https://www.nso.gov.vn/en/px-web?pxid=E0621&theme=Agriculture%2C%20Forestry%20and%20Fishing,source_reported_unharmonized
e0621_c9b3c38247,agriculture,Production of autumn rice by province,Total,VN_SRC_HOCHIMINHCITY,Ho Chi Minh city,1999,annual,49.9,Thous. tons,not_specified,E0621,https://www.nso.gov.vn/en/px-web?pxid=E0621&theme=Agriculture%2C%20Forestry%20and%20Fishing,source_reported_unharmonized
e0621_c9b3c38247,agriculture,Production of autumn rice by province,Total,VN_SRC_HOCHIMINHCITY,Ho Chi Minh city,2000,annual,51.5,Thous. tons,not_specified,E0621,https://www.nso.gov.vn/en/px-web?pxid=E0621&theme=Agriculture%2C%20Forestry%20and%20Fishing,source_reported_unharmonized
e0621_c9b3c38247,agriculture,Production of autumn rice by province,Total,VN_SRC_HOCHIMINHCITY,Ho Chi Minh city,2001,annual,41.7,Thous. tons,not_specified,E0621,https://www.nso.gov.vn/en/px-web?pxid=E0621&theme=Agriculture%2C%20Forestry%20and%20Fishing,source_reported_unharmonized
e0621_c9b3c38247,agriculture,Production of autumn rice by province,Total,VN_SRC_HOCHIMINHCITY,Ho Chi Minh city,2002,annual,37.1,Thous. tons,not_specified,E0621,https://www.nso.gov.vn/en/px-web?pxid=E0621&theme=Agriculture%2C%20Forestry%20and%20Fishing,source_reported_unharmonized
e0621_c9b3c38247,agriculture,Production of autumn rice by province,Total,VN_SRC_HOCHIMINHCITY,Ho Chi Minh city,2003,annual,35.2,Thous. tons,not_specified,E0621,https://www.nso.gov.vn/en/px-web?pxid=E0621&theme=Agriculture%2C%20Forestry%20and%20Fishing,source_reported_unharmonized
e0621_c9b3c38247,agriculture,Production of autumn rice by province,Total,VN_SRC_HOCHIMINHCITY,Ho Chi Minh city,2004,annual,32.5,Thous. tons,not_specified,E0621,https://www.nso.gov.vn/en/px-web?pxid=E0621&theme=Agriculture%2C%20Forestry%20and%20Fishing,source_reported_unharmonized
e0621_c9b3c38247,agriculture,Production of autumn rice by province,Total,VN_SRC_HOCHIMINHCITY,Ho Chi Minh city,2005,annual,22.0,Thous. tons,not_specified,E0621,https://www.nso.gov.vn/en/px-web?pxid=E0621&theme=Agriculture%2C%20Forestry%20and%20Fishing,source_reported_unharmonized
e0621_c9b3c38247,agriculture,Production of autumn rice by province,Total,VN_SRC_HOCHIMINHCITY,Ho Chi Minh city,2006,annual,20.9,Thous. tons,not_specified,E0621,https://www.nso.gov.vn/en/px-web?pxid=E0621&theme=Agriculture%2C%20Forestry%20and%20Fishing,source_reported_unharmonized
e0621_c9b3c38247,agriculture,Production of autumn rice by province,Total,VN_SRC_HOCHIMINHCITY,Ho Chi Minh city,2007,annual,26.6,Thous. tons,not_specified,E0621,https://www.nso.gov.vn/en/px-web?pxid=E0621&theme=Agriculture%2C%20Forestry%20and%20Fishing,source_reported_unharmonized
e0621_c9b3c38247,agriculture,Production of autumn rice by province,Total,VN_SRC_HOCHIMINHCITY,Ho Chi Minh city,2008,annual,28.4,Thous. tons,not_specified,E0621,https://www.nso.gov.vn/en/px-web?pxid=E0621&theme=Agriculture%2C%20Forestry%20and%20Fishing,source_reported_unharmonized
e0621_c9b3c38247,agriculture,Production of autumn rice by province,Total,VN_SRC_HOCHIMINHCITY,Ho Chi Minh city,2009,annual,26.8,Thous. tons,not_specified,E0621,https://www.nso.gov.vn/en/px-web?pxid=E0621&theme=Agriculture%2C%20Forestry%20and%20Fishing,source_reported_unharmonized
e0621_c9b3c38247,agriculture,Production of autumn rice by province,Total,VN_SRC_HOCHIMINHCITY,Ho Chi Minh city,2010,annual,25.0,Thous. tons,not_specified,E0621,https://www.nso.gov.vn/en/px-web?pxid=E0621&theme=Agriculture%2C%20Forestry%20and%20Fishing,source_reported_unharmonized
e0621_c9b3c38247,agriculture,Production of autumn rice by province,Total,VN_SRC_HOCHIMINHCITY,Ho Chi Minh city,2011,annual,24.4,Thous. tons,not_specified,E0621,https://www.nso.gov.vn/en/px-web?pxid=E0621&theme=Agriculture%2C%20Forestry%20and%20Fishing,source_reported_unharmonized
e0621_c9b3c38247,agriculture,Production of autumn rice by province,Total,VN_SRC_HOCHIMINHCITY,Ho Chi Minh city,2012,annual,24.8,Thous. tons,not_specified,E0621,https://www.nso.gov.vn/en/px-web?pxid=E0621&theme=Agriculture%2C%20Forestry%20and%20Fishing,source_reported_unharmonized
e0621_c9b3c38247,agriculture,Production of autumn rice by province,Total,VN_SRC_HOCHIMINHCITY,Ho Chi Minh city,2013,annual,26.4,Thous. tons,not_specified,E0621,https://www.nso.gov.vn/en/px-web?pxid=E0621&theme=Agriculture%2C%20Forestry%20and%20Fishing,source_reported_unharmonized
e0621_c9b3c38247,agriculture,Production of autumn rice by province,Total,VN_SRC_HOCHIMINHCITY,Ho Chi Minh city,2014,annual,27.3,Thous. tons,not_specified,E0621,https://www.nso.gov.vn/en/px-web?pxid=E0621&theme=Agriculture%2C%20Forestry%20and%20Fishing,source_reported_unharmonized
e0621_c9b3c38247,agriculture,Production of autumn rice by province,Total,VN_SRC_HOCHIMINHCITY,Ho Chi Minh city,2015,annual,31.5,Thous. tons,not_specified,E0621,https://www.nso.gov.vn/en/px-web?pxid=E0621&theme=Agriculture%2C%20Forestry%20and%20Fishing,source_reported_unharmonized
e0621_c9b3c38247,agriculture,Production of autumn rice by province,Total,VN_SRC_HOCHIMINHCITY,Ho Chi Minh city,2016,annual,28.1,Thous. tons,not_specified,E0621,https://www.nso.gov.vn/en/px-web?pxid=E0621&theme=Agriculture%2C%20Forestry%20and%20Fishing,source_reported_unharmonized
e0621_c9b3c38247,agriculture,Production of autumn rice by province,Total,VN_SRC_HOCHIMINHCITY,Ho Chi Minh city,2017,annual,27.5,Thous. tons,not_specified,E0621,https://www.nso.gov.vn/en/px-web?pxid=E0621&theme=Agriculture%2C%20Forestry%20and%20Fishing,source_reported_unharmonized
e0621_c9b3c38247,agriculture,Production of autumn rice by province,Total,VN_SRC_HOCHIMINHCITY,Ho Chi Minh city,2018,annual,26.1,Thous. tons,not_specified,E0621,https://www.nso.gov.vn/en/px-web?pxid=E0621&theme=Agriculture%2C%20Forestry%20and%20Fishing,source_reported_unharmonized
e0621_c9b3c38247,agriculture,Production of autumn rice by province,Total,VN_SRC_HOCHIMINHCITY,Ho Chi Minh city,2019,annual,28.0,Thous. tons,not_specified,E0621,https://www.nso.gov.vn/en/px-web?pxid=E0621&theme=Agriculture%2C%20Forestry%20and%20Fishing,source_reported_unharmonized
e0621_c9b3c38247,agriculture,Production of autumn rice by province,Total,VN_SRC_HOCHIMINHCITY,Ho Chi Minh city,2020,annual,29.8,Thous. tons,not_specified,E0621,https://www.nso.gov.vn/en/px-web?pxid=E0621&theme=Agriculture%2C%20Forestry%20and%20Fishing,source_reported_unharmonized
e0621_c9b3c38247,agriculture,Production of autumn rice by province,Total,VN_SRC_HOCHIMINHCITY,Ho Chi Minh city,2021,annual,29.6,Thous. tons,not_specified,E0621,https://www.nso.gov.vn/en/px-web?pxid=E0621&theme=Agriculture%2C%20Forestry%20and%20Fishing,source_reported_unharmonized
e0621_c9b3c38247,agriculture,Production of autumn rice by province,Total,VN_SRC_HOCHIMINHCITY,Ho Chi Minh city,2022,annual,30.7,Thous. tons,not_specified,E0621,https://www.nso.gov.vn/en/px-web?pxid=E0621&theme=Agriculture%2C%20Forestry%20and%20Fishing,source_reported_unharmonized
e0621_c9b3c38247,agriculture,Production of autumn rice by province,Total,VN_SRC_HOCHIMINHCITY,Ho Chi Minh city,2023,annual,31.1,Thous. tons,not_specified,E0621,https://www.nso.gov.vn/en/px-web?pxid=E0621&theme=Agriculture%2C%20Forestry%20and%20Fishing,source_reported_unharmonized
e0621_c9b3c38247,agriculture,Production of autumn rice by province,Total,VN_SRC_HOCHIMINHCITY,Ho Chi Minh city,2024,annual,36.5,Thous. tons,not_specified,E0621,https://www.nso.gov.vn/en/px-web?pxid=E0621&theme=Agriculture%2C%20Forestry%20and%20Fishing,source_reported_unharmonized
e0621_c9b3c38247,agriculture,Production of autumn rice by province,Total,VN_SRC_HOCHIMINHCITY,Ho Chi Minh city,2025,annual,37.3,Thous. tons,preliminary,E0621,https://www.nso.gov.vn/en/px-web?pxid=E0621&theme=Agriculture%2C%20Forestry%20and%20Fishing,source_reported_unharmonized
e0621_c9b3c38247,agriculture,Production of autumn rice by province,Total,VN_SRC_LONGAN,Long An,1995,annual,350.0,Thous. tons,not_specified,E0621,https://www.nso.gov.vn/en/px-web?pxid=E0621&theme=Agriculture%2C%20Forestry%20and%20Fishing,source_reported_unharmonized
e0621_c9b3c38247,agriculture,Production of autumn rice by province,Total,VN_SRC_LONGAN,Long An,1996,annual,363.5,Thous. tons,not_specified,E0621,https://www.nso.gov.vn/en/px-web?pxid=E0621&theme=Agriculture%2C%20Forestry%20and%20Fishing,source_reported_unharmonized
e0621_c9b3c38247,agriculture,Production of autumn rice by province,Total,VN_SRC_LONGAN,Long An,1997,annual,304.4,Thous. tons,not_specified,E0621,https://www.nso.gov.vn/en/px-web?pxid=E0621&theme=Agriculture%2C%20Forestry%20and%20Fishing,source_reported_unharmonized
e0621_c9b3c38247,agriculture,Production of autumn rice by province,Total,VN_SRC_LONGAN,Long An,1998,annual,366.3,Thous. tons,not_specified,E0621,https://www.nso.gov.vn/en/px-web?pxid=E0621&theme=Agriculture%2C%20Forestry%20and%20Fishing,source_reported_unharmonized
e0621_c9b3c38247,agriculture,Production of autumn rice by province,Total,VN_SRC_LONGAN,Long An,1999,annual,516.3,Thous. tons,not_specified,E0621,https://www.nso.gov.vn/en/px-web?pxid=E0621&theme=Agriculture%2C%20Forestry%20and%20Fishing,source_reported_unharmonized
e0621_c9b3c38247,agriculture,Production of autumn rice by province,Total,VN_SRC_LONGAN,Long An,2000,annual,442.6,Thous. tons,not_specified,E0621,https://www.nso.gov.vn/en/px-web?pxid=E0621&theme=Agriculture%2C%20Forestry%20and%20Fishing,source_reported_unharmonized
e0621_c9b3c38247,agriculture,Production of autumn rice by province,Total,VN_SRC_LONGAN,Long An,2001,annual,435.2,Thous. tons,not_specified,E0621,https://www.nso.gov.vn/en/px-web?pxid=E0621&theme=Agriculture%2C%20Forestry%20and%20Fishing,source_reported_unharmonized
e0621_c9b3c38247,agriculture,Production of autumn rice by province,Total,VN_SRC_LONGAN,Long An,2002,annual,496.2,Thous. tons,not_specified,E0621,https://www.nso.gov.vn/en/px-web?pxid=E0621&theme=Agriculture%2C%20Forestry%20and%20Fishing,source_reported_unharmonized
e0621_c9b3c38247,agriculture,Production of autumn rice by province,Total,VN_SRC_LONGAN,Long An,2003,annual,544.8,Thous. tons,not_specified,E0621,https://www.nso.gov.vn/en/px-web?pxid=E0621&theme=Agriculture%2C%20Forestry%20and%20Fishing,source_reported_unharmonized
e0621_c9b3c38247,agriculture,Production of autumn rice by province,Total,VN_SRC_LONGAN,Long An,2004,annual,680.0,Thous. tons,not_specified,E0621,https://www.nso.gov.vn/en/px-web?pxid=E0621&theme=Agriculture%2C%20Forestry%20and%20Fishing,source_reported_unharmonized
e0621_c9b3c38247,agriculture,Production of autumn rice by province,Total,VN_SRC_LONGAN,Long An,2005,annual,622.9,Thous. tons,not_specified,E0621,https://www.nso.gov.vn/en/px-web?pxid=E0621&theme=Agriculture%2C%20Forestry%20and%20Fishing,source_reported_unharmonized
e0621_c9b3c38247,agriculture,Production of autumn rice by province,Total,VN_SRC_LONGAN,Long An,2006,annual,533.6,Thous. tons,not_specified,E0621,https://www.nso.gov.vn/en/px-web?pxid=E0621&theme=Agriculture%2C%20Forestry%20and%20Fishing,source_reported_unharmonized
e0621_c9b3c38247,agriculture,Production of autumn rice by province,Total,VN_SRC_LONGAN,Long An,2007,annual,703.5,Thous. tons,not_specified,E0621,https://www.nso.gov.vn/en/px-web?pxid=E0621&theme=Agriculture%2C%20Forestry%20and%20Fishing,source_reported_unharmonized
e0621_c9b3c38247,agriculture,Production of autumn rice by province,Total,VN_SRC_LONGAN,Long An,2008,annual,834.5,Thous. tons,not_specified,E0621,https://www.nso.gov.vn/en/px-web?pxid=E0621&theme=Agriculture%2C%20Forestry%20and%20Fishing,source_reported_unharmonized
e0621_c9b3c38247,agriculture,Production of autumn rice by province,Total,VN_SRC_LONGAN,Long An,2009,annual,810.7,Thous. tons,not_specified,E0621,https://www.nso.gov.vn/en/px-web?pxid=E0621&theme=Agriculture%2C%20Forestry%20and%20Fishing,source_reported_unharmonized
e0621_c9b3c38247,agriculture,Production of autumn rice by province,Total,VN_SRC_LONGAN,Long An,2010,annual,828.8,Thous. tons,not_specified,E0621,https://www.nso.gov.vn/en/px-web?pxid=E0621&theme=Agriculture%2C%20Forestry%20and%20Fishing,source_reported_unharmonized
e0621_c9b3c38247,agriculture,Production of autumn rice by province,Total,VN_SRC_LONGAN,Long An,2011,annual,1031.5,Thous. tons,not_specified,E0621,https://www.nso.gov.vn/en/px-web?pxid=E0621&theme=Agriculture%2C%20Forestry%20and%20Fishing,source_reported_unharmonized
e0621_c9b3c38247,agriculture,Production of autumn rice by province,Total,VN_SRC_LONGAN,Long An,2012,annual,1030.6,Thous. tons,not_specified,E0621,https://www.nso.gov.vn/en/px-web?pxid=E0621&theme=Agriculture%2C%20Forestry%20and%20Fishing,source_reported_unharmonized
e0621_c9b3c38247,agriculture,Production of autumn rice by province,Total,VN_SRC_LONGAN,Long An,2013,annual,1307.4,Thous. tons,not_specified,E0621,https://www.nso.gov.vn/en/px-web?pxid=E0621&theme=Agriculture%2C%20Forestry%20and%20Fishing,source_reported_unharmonized
e0621_c9b3c38247,agriculture,Production of autumn rice by province,Total,VN_SRC_LONGAN,Long An,2014,annual,1247.9,Thous. tons,not_specified,E0621,https://www.nso.gov.vn/en/px-web?pxid=E0621&theme=Agriculture%2C%20Forestry%20and%20Fishing,source_reported_unharmonized
e0621_c9b3c38247,agriculture,Production of autumn rice by province,Total,VN_SRC_LONGAN,Long An,2015,annual,1331.0,Thous. tons,not_specified,E0621,https://www.nso.gov.vn/en/px-web?pxid=E0621&theme=Agriculture%2C%20Forestry%20and%20Fishing,source_reported_unharmonized
e0621_c9b3c38247,agriculture,Production of autumn rice by province,Total,VN_SRC_LONGAN,Long An,2016,annual,1390.2,Thous. tons,not_specified,E0621,https://www.nso.gov.vn/en/px-web?pxid=E0621&theme=Agriculture%2C%20Forestry%20and%20Fishing,source_reported_unharmonized
e0621_c9b3c38247,agriculture,Production of autumn rice by province,Total,VN_SRC_LONGAN,Long An,2017,annual,1327.0,Thous. tons,not_specified,E0621,https://www.nso.gov.vn/en/px-web?pxid=E0621&theme=Agriculture%2C%20Forestry%20and%20Fishing,source_reported_unharmonized
e0621_c9b3c38247,agriculture,Production of autumn rice by province,Total,VN_SRC_LONGAN,Long An,2018,annual,1354.4,Thous. tons,not_specified,E0621,https://www.nso.gov.vn/en/px-web?pxid=E0621&theme=Agriculture%2C%20Forestry%20and%20Fishing,source_reported_unharmonized
e0621_c9b3c38247,agriculture,Production of autumn rice by province,Total,VN_SRC_LONGAN,Long An,2019,annual,1295.9,Thous. tons,not_specified,E0621,https://www.nso.gov.vn/en/px-web?pxid=E0621&theme=Agriculture%2C%20Forestry%20and%20Fishing,source_reported_unharmonized
e0621_c9b3c38247,agriculture,Production of autumn rice by province,Total,VN_SRC_LONGAN,Long An,2020,annual,1349.4,Thous. tons,not_specified,E0621,https://www.nso.gov.vn/en/px-web?pxid=E0621&theme=Agriculture%2C%20Forestry%20and%20Fishing,source_reported_unharmonized
e0621_c9b3c38247,agriculture,Production of autumn rice by province,Total,VN_SRC_LONGAN,Long An,2021,annual,1417.2,Thous. tons,not_specified,E0621,https://www.nso.gov.vn/en/px-web?pxid=E0621&theme=Agriculture%2C%20Forestry%20and%20Fishing,source_reported_unharmonized
e0621_c9b3c38247,agriculture,Production of autumn rice by province,Total,VN_SRC_LONGAN,Long An,2022,annual,1397.9,Thous. tons,not_specified,E0621,https://www.nso.gov.vn/en/px-web?pxid=E0621&theme=Agriculture%2C%20Forestry%20and%20Fishing,source_reported_unharmonized
e0621_c9b3c38247,agriculture,Production of autumn rice by province,Total,VN_SRC_LONGAN,Long An,2023,annual,1549.0,Thous. tons,not_specified,E0621,https://www.nso.gov.vn/en/px-web?pxid=E0621&theme=Agriculture%2C%20Forestry%20and%20Fishing,source_reported_unharmonized
e0621_c9b3c38247,agriculture,Production of autumn rice by province,Total,VN_SRC_LONGAN,Long An,2024,annual,1659.3,Thous. tons,not_specified,E0621,https://www.nso.gov.vn/en/px-web?pxid=E0621&theme=Agriculture%2C%20Forestry%20and%20Fishing,source_reported_unharmonized
e0621_c9b3c38247,agriculture,Production of autumn rice by province,Total,VN_SRC_LONGAN,Long An,2025,annual,1636.8,Thous. tons,preliminary,E0621,https://www.nso.gov.vn/en/px-web?pxid=E0621&theme=Agriculture%2C%20Forestry%20and%20Fishing,source_reported_unharmonized
e0621_c9b3c38247,agriculture,Production of autumn rice by province,Total,VN_SRC_TIENGIANG,Tien Giang,1995,annual,714.0,Thous. tons,not_specified,E0621,https://www.nso.gov.vn/en/px-web?pxid=E0621&theme=Agriculture%2C%20Forestry%20and%20Fishing,source_reported_unharmonized
e0621_c9b3c38247,agriculture,Production of autumn rice by province,Total,VN_SRC_TIENGIANG,Tien Giang,1996,annual,741.1,Thous. tons,not_specified,E0621,https://www.nso.gov.vn/en/px-web?pxid=E0621&theme=Agriculture%2C%20Forestry%20and%20Fishing,source_reported_unharmonized
e0621_c9b3c38247,agriculture,Production of autumn rice by province,Total,VN_SRC_TIENGIANG,Tien Giang,1997,annual,757.1,Thous. tons,not_specified,E0621,https://www.nso.gov.vn/en/px-web?pxid=E0621&theme=Agriculture%2C%20Forestry%20and%20Fishing,source_reported_unharmonized
e0621_c9b3c38247,agriculture,Production of autumn rice by province,Total,VN_SRC_TIENGIANG,Tien Giang,1998,annual,789.1,Thous. tons,not_specified,E0621,https://www.nso.gov.vn/en/px-web?pxid=E0621&theme=Agriculture%2C%20Forestry%20and%20Fishing,source_reported_unharmonized
e0621_c9b3c38247,agriculture,Production of autumn rice by province,Total,VN_SRC_TIENGIANG,Tien Giang,1999,annual,804.7,Thous. tons,not_specified,E0621,https://www.nso.gov.vn/en/px-web?pxid=E0621&theme=Agriculture%2C%20Forestry%20and%20Fishing,source_reported_unharmonized
e0621_c9b3c38247,agriculture,Production of autumn rice by province,Total,VN_SRC_TIENGIANG,Tien Giang,2000,annual,754.5,Thous. tons,not_specified,E0621,https://www.nso.gov.vn/en/px-web?pxid=E0621&theme=Agriculture%2C%20Forestry%20and%20Fishing,source_reported_unharmonized
e0621_c9b3c38247,agriculture,Production of autumn rice by province,Total,VN_SRC_TIENGIANG,Tien Giang,2001,annual,741.0,Thous. tons,not_specified,E0621,https://www.nso.gov.vn/en/px-web?pxid=E0621&theme=Agriculture%2C%20Forestry%20and%20Fishing,source_reported_unharmonized
e0621_c9b3c38247,agriculture,Production of autumn rice by province,Total,VN_SRC_TIENGIANG,Tien Giang,2002,annual,730.9,Thous. tons,not_specified,E0621,https://www.nso.gov.vn/en/px-web?pxid=E0621&theme=Agriculture%2C%20Forestry%20and%20Fishing,source_reported_unharmonized
e0621_c9b3c38247,agriculture,Production of autumn rice by province,Total,VN_SRC_TIENGIANG,Tien Giang,2003,annual,745.1,Thous. tons,not_specified,E0621,https://www.nso.gov.vn/en/px-web?pxid=E0621&theme=Agriculture%2C%20Forestry%20and%20Fishing,source_reported_unharmonized
e0621_c9b3c38247,agriculture,Production of autumn rice by province,Total,VN_SRC_TIENGIANG,Tien Giang,2004,annual,787.0,Thous. tons,not_specified,E0621,https://www.nso.gov.vn/en/px-web?pxid=E0621&theme=Agriculture%2C%20Forestry%20and%20Fishing,source_reported_unharmonized
e0621_c9b3c38247,agriculture,Production of autumn rice by province,Total,VN_SRC_TIENGIANG,Tien Giang,2005,annual,775.6,Thous. tons,not_specified,E0621,https://www.nso.gov.vn/en/px-web?pxid=E0621&theme=Agriculture%2C%20Forestry%20and%20Fishing,source_reported_unharmonized
e0621_c9b3c38247,agriculture,Production of autumn rice by province,Total,VN_SRC_TIENGIANG,Tien Giang,2006,annual,712.4,Thous. tons,not_specified,E0621,https://www.nso.gov.vn/en/px-web?pxid=E0621&theme=Agriculture%2C%20Forestry%20and%20Fishing,source_reported_unharmonized
e0621_c9b3c38247,agriculture,Production of autumn rice by province,Total,VN_SRC_TIENGIANG,Tien Giang,2007,annual,775.5,Thous. tons,not_specified,E0621,https://www.nso.gov.vn/en/px-web?pxid=E0621&theme=Agriculture%2C%20Forestry%20and%20Fishing,source_reported_unharmonized
e0621_c9b3c38247,agriculture,Production of autumn rice by province,Total,VN_SRC_TIENGIANG,Tien Giang,2008,annual,769.8,Thous. tons,not_specified,E0621,https://www.nso.gov.vn/en/px-web?pxid=E0621&theme=Agriculture%2C%20Forestry%20and%20Fishing,source_reported_unharmonized
e0621_c9b3c38247,agriculture,Production of autumn rice by province,Total,VN_SRC_TIENGIANG,Tien Giang,2009,annual,772.9,Thous. tons,not_specified,E0621,https://www.nso.gov.vn/en/px-web?pxid=E0621&theme=Agriculture%2C%20Forestry%20and%20Fishing,source_reported_unharmonized
e0621_c9b3c38247,agriculture,Production of autumn rice by province,Total,VN_SRC_TIENGIANG,Tien Giang,2010,annual,783.4,Thous. tons,not_specified,E0621,https://www.nso.gov.vn/en/px-web?pxid=E0621&theme=Agriculture%2C%20Forestry%20and%20Fishing,source_reported_unharmonized
e0621_c9b3c38247,agriculture,Production of autumn rice by province,Total,VN_SRC_TIENGIANG,Tien Giang,2011,annual,792.4,Thous. tons,not_specified,E0621,https://www.nso.gov.vn/en/px-web?pxid=E0621&theme=Agriculture%2C%20Forestry%20and%20Fishing,source_reported_unharmonized
e0621_c9b3c38247,agriculture,Production of autumn rice by province,Total,VN_SRC_TIENGIANG,Tien Giang,2012,annual,807.7,Thous. tons,not_specified,E0621,https://www.nso.gov.vn/en/px-web?pxid=E0621&theme=Agriculture%2C%20Forestry%20and%20Fishing,source_reported_unharmonized
e0621_c9b3c38247,agriculture,Production of autumn rice by province,Total,VN_SRC_TIENGIANG,Tien Giang,2013,annual,801.2,Thous. tons,not_specified,E0621,https://www.nso.gov.vn/en/px-web?pxid=E0621&theme=Agriculture%2C%20Forestry%20and%20Fishing,source_reported_unharmonized
e0621_c9b3c38247,agriculture,Production of autumn rice by province,Total,VN_SRC_TIENGIANG,Tien Giang,2014,annual,812.8,Thous. tons,not_specified,E0621,https://www.nso.gov.vn/en/px-web?pxid=E0621&theme=Agriculture%2C%20Forestry%20and%20Fishing,source_reported_unharmonized
e0621_c9b3c38247,agriculture,Production of autumn rice by province,Total,VN_SRC_TIENGIANG,Tien Giang,2015,annual,803.4,Thous. tons,not_specified,E0621,https://www.nso.gov.vn/en/px-web?pxid=E0621&theme=Agriculture%2C%20Forestry%20and%20Fishing,source_reported_unharmonized
e0621_c9b3c38247,agriculture,Production of autumn rice by province,Total,VN_SRC_TIENGIANG,Tien Giang,2016,annual,765.1,Thous. tons,not_specified,E0621,https://www.nso.gov.vn/en/px-web?pxid=E0621&theme=Agriculture%2C%20Forestry%20and%20Fishing,source_reported_unharmonized
e0621_c9b3c38247,agriculture,Production of autumn rice by province,Total,VN_SRC_TIENGIANG,Tien Giang,2017,annual,778.8,Thous. tons,not_specified,E0621,https://www.nso.gov.vn/en/px-web?pxid=E0621&theme=Agriculture%2C%20Forestry%20and%20Fishing,source_reported_unharmonized
e0621_c9b3c38247,agriculture,Production of autumn rice by province,Total,VN_SRC_TIENGIANG,Tien Giang,2018,annual,741.2,Thous. tons,not_specified,E0621,https://www.nso.gov.vn/en/px-web?pxid=E0621&theme=Agriculture%2C%20Forestry%20and%20Fishing,source_reported_unharmonized
e0621_c9b3c38247,agriculture,Production of autumn rice by province,Total,VN_SRC_TIENGIANG,Tien Giang,2019,annual,656.5,Thous. tons,not_specified,E0621,https://www.nso.gov.vn/en/px-web?pxid=E0621&theme=Agriculture%2C%20Forestry%20and%20Fishing,source_reported_unharmonized
e0621_c9b3c38247,agriculture,Production of autumn rice by province,Total,VN_SRC_TIENGIANG,Tien Giang,2020,annual,427.2,Thous. tons,not_specified,E0621,https://www.nso.gov.vn/en/px-web?pxid=E0621&theme=Agriculture%2C%20Forestry%20and%20Fishing,source_reported_unharmonized
e0621_c9b3c38247,agriculture,Production of autumn rice by province,Total,VN_SRC_TIENGIANG,Tien Giang,2021,annual,469.0,Thous. tons,not_specified,E0621,https://www.nso.gov.vn/en/px-web?pxid=E0621&theme=Agriculture%2C%20Forestry%20and%20Fishing,source_reported_unharmonized
e0621_c9b3c38247,agriculture,Production of autumn rice by province,Total,VN_SRC_TIENGIANG,Tien Giang,2022,annual,488.4,Thous. tons,not_specified,E0621,https://www.nso.gov.vn/en/px-web?pxid=E0621&theme=Agriculture%2C%20Forestry%20and%20Fishing,source_reported_unharmonized
e0621_c9b3c38247,agriculture,Production of autumn rice by province,Total,VN_SRC_TIENGIANG,Tien Giang,2023,annual,454.7,Thous. tons,not_specified,E0621,https://www.nso.gov.vn/en/px-web?pxid=E0621&theme=Agriculture%2C%20Forestry%20and%20Fishing,source_reported_unharmonized
e0621_c9b3c38247,agriculture,Production of autumn rice by province,Total,VN_SRC_TIENGIANG,Tien Giang,2024,annual,431.9,Thous. tons,not_specified,E0621,https://www.nso.gov.vn/en/px-web?pxid=E0621&theme=Agriculture%2C%20Forestry%20and%20Fishing,source_reported_unharmonized
e0621_c9b3c38247,agriculture,Production of autumn rice by province,Total,VN_SRC_TIENGIANG,Tien Giang,2025,annual,420.8,Thous. tons,preliminary,E0621,https://www.nso.gov.vn/en/px-web?pxid=E0621&theme=Agriculture%2C%20Forestry%20and%20Fishing,source_reported_unharmonized
e0621_c9b3c38247,agriculture,Production of autumn rice by province,Total,VN_SRC_BENTRE,Ben Tre,1995,annual,77.0,Thous. tons,not_specified,E0621,https://www.nso.gov.vn/en/px-web?pxid=E0621&theme=Agriculture%2C%20Forestry%20and%20Fishing,source_reported_unharmonized
e0621_c9b3c38247,agriculture,Production of autumn rice by province,Total,VN_SRC_BENTRE,Ben Tre,1996,annual,95.5,Thous. tons,not_specified,E0621,https://www.nso.gov.vn/en/px-web?pxid=E0621&theme=Agriculture%2C%20Forestry%20and%20Fishing,source_reported_unharmonized
e0621_c9b3c38247,agriculture,Production of autumn rice by province,Total,VN_SRC_BENTRE,Ben Tre,1997,annual,81.8,Thous. tons,not_specified,E0621,https://www.nso.gov.vn/en/px-web?pxid=E0621&theme=Agriculture%2C%20Forestry%20and%20Fishing,source_reported_unharmonized
e0621_c9b3c38247,agriculture,Production of autumn rice by province,Total,VN_SRC_BENTRE,Ben Tre,1998,annual,98.2,Thous. tons,not_specified,E0621,https://www.nso.gov.vn/en/px-web?pxid=E0621&theme=Agriculture%2C%20Forestry%20and%20Fishing,source_reported_unharmonized
e0621_c9b3c38247,agriculture,Production of autumn rice by province,Total,VN_SRC_BENTRE,Ben Tre,1999,annual,100.6,Thous. tons,not_specified,E0621,https://www.nso.gov.vn/en/px-web?pxid=E0621&theme=Agriculture%2C%20Forestry%20and%20Fishing,source_reported_unharmonized
e0621_c9b3c38247,agriculture,Production of autumn rice by province,Total,VN_SRC_BENTRE,Ben Tre,2000,annual,115.1,Thous. tons,not_specified,E0621,https://www.nso.gov.vn/en/px-web?pxid=E0621&theme=Agriculture%2C%20Forestry%20and%20Fishing,source_reported_unharmonized
e0621_c9b3c38247,agriculture,Production of autumn rice by province,Total,VN_SRC_BENTRE,Ben Tre,2001,annual,113.6,Thous. tons,not_specified,E0621,https://www.nso.gov.vn/en/px-web?pxid=E0621&theme=Agriculture%2C%20Forestry%20and%20Fishing,source_reported_unharmonized
e0621_c9b3c38247,agriculture,Production of autumn rice by province,Total,VN_SRC_BENTRE,Ben Tre,2002,annual,110.1,Thous. tons,not_specified,E0621,https://www.nso.gov.vn/en/px-web?pxid=E0621&theme=Agriculture%2C%20Forestry%20and%20Fishing,source_reported_unharmonized
e0621_c9b3c38247,agriculture,Production of autumn rice by province,Total,VN_SRC_BENTRE,Ben Tre,2003,annual,101.4,Thous. tons,not_specified,E0621,https://www.nso.gov.vn/en/px-web?pxid=E0621&theme=Agriculture%2C%20Forestry%20and%20Fishing,source_reported_unharmonized
e0621_c9b3c38247,agriculture,Production of autumn rice by province,Total,VN_SRC_BENTRE,Ben Tre,2004,annual,103.4,Thous. tons,not_specified,E0621,https://www.nso.gov.vn/en/px-web?pxid=E0621&theme=Agriculture%2C%20Forestry%20and%20Fishing,source_reported_unharmonized
e0621_c9b3c38247,agriculture,Production of autumn rice by province,Total,VN_SRC_BENTRE,Ben Tre,2005,annual,90.3,Thous. tons,not_specified,E0621,https://www.nso.gov.vn/en/px-web?pxid=E0621&theme=Agriculture%2C%20Forestry%20and%20Fishing,source_reported_unharmonized
e0621_c9b3c38247,agriculture,Production of autumn rice by province,Total,VN_SRC_BENTRE,Ben Tre,2006,annual,86.4,Thous. tons,not_specified,E0621,https://www.nso.gov.vn/en/px-web?pxid=E0621&theme=Agriculture%2C%20Forestry%20and%20Fishing,source_reported_unharmonized
e0621_c9b3c38247,agriculture,Production of autumn rice by province,Total,VN_SRC_BENTRE,Ben Tre,2007,annual,97.1,Thous. tons,not_specified,E0621,https://www.nso.gov.vn/en/px-web?pxid=E0621&theme=Agriculture%2C%20Forestry%20and%20Fishing,source_reported_unharmonized
e0621_c9b3c38247,agriculture,Production of autumn rice by province,Total,VN_SRC_BENTRE,Ben Tre,2008,annual,103.4,Thous. tons,not_specified,E0621,https://www.nso.gov.vn/en/px-web?pxid=E0621&theme=Agriculture%2C%20Forestry%20and%20Fishing,source_reported_unharmonized
e0621_c9b3c38247,agriculture,Production of autumn rice by province,Total,VN_SRC_BENTRE,Ben Tre,2009,annual,96.3,Thous. tons,not_specified,E0621,https://www.nso.gov.vn/en/px-web?pxid=E0621&theme=Agriculture%2C%20Forestry%20and%20Fishing,source_reported_unharmonized
e0621_c9b3c38247,agriculture,Production of autumn rice by province,Total,VN_SRC_BENTRE,Ben Tre,2010,annual,91.0,Thous. tons,not_specified,E0621,https://www.nso.gov.vn/en/px-web?pxid=E0621&theme=Agriculture%2C%20Forestry%20and%20Fishing,source_reported_unharmonized
e0621_c9b3c38247,agriculture,Production of autumn rice by province,Total,VN_SRC_BENTRE,Ben Tre,2011,annual,107.7,Thous. tons,not_specified,E0621,https://www.nso.gov.vn/en/px-web?pxid=E0621&theme=Agriculture%2C%20Forestry%20and%20Fishing,source_reported_unharmonized
e0621_c9b3c38247,agriculture,Production of autumn rice by province,Total,VN_SRC_BENTRE,Ben Tre,2012,annual,105.2,Thous. tons,not_specified,E0621,https://www.nso.gov.vn/en/px-web?pxid=E0621&theme=Agriculture%2C%20Forestry%20and%20Fishing,source_reported_unharmonized
e0621_c9b3c38247,agriculture,Production of autumn rice by province,Total,VN_SRC_BENTRE,Ben Tre,2013,annual,87.9,Thous. tons,not_specified,E0621,https://www.nso.gov.vn/en/px-web?pxid=E0621&theme=Agriculture%2C%20Forestry%20and%20Fishing,source_reported_unharmonized
e0621_c9b3c38247,agriculture,Production of autumn rice by province,Total,VN_SRC_BENTRE,Ben Tre,2014,annual,82.5,Thous. tons,not_specified,E0621,https://www.nso.gov.vn/en/px-web?pxid=E0621&theme=Agriculture%2C%20Forestry%20and%20Fishing,source_reported_unharmonized
e0621_c9b3c38247,agriculture,Production of autumn rice by province,Total,VN_SRC_BENTRE,Ben Tre,2015,annual,71.8,Thous. tons,not_specified,E0621,https://www.nso.gov.vn/en/px-web?pxid=E0621&theme=Agriculture%2C%20Forestry%20and%20Fishing,source_reported_unharmonized
e0621_c9b3c38247,agriculture,Production of autumn rice by province,Total,VN_SRC_BENTRE,Ben Tre,2016,annual,66.5,Thous. tons,not_specified,E0621,https://www.nso.gov.vn/en/px-web?pxid=E0621&theme=Agriculture%2C%20Forestry%20and%20Fishing,source_reported_unharmonized
e0621_c9b3c38247,agriculture,Production of autumn rice by province,Total,VN_SRC_BENTRE,Ben Tre,2017,annual,128.0,Thous. tons,not_specified,E0621,https://www.nso.gov.vn/en/px-web?pxid=E0621&theme=Agriculture%2C%20Forestry%20and%20Fishing,source_reported_unharmonized
e0621_c9b3c38247,agriculture,Production of autumn rice by province,Total,VN_SRC_BENTRE,Ben Tre,2018,annual,134.5,Thous. tons,not_specified,E0621,https://www.nso.gov.vn/en/px-web?pxid=E0621&theme=Agriculture%2C%20Forestry%20and%20Fishing,source_reported_unharmonized
e0621_c9b3c38247,agriculture,Production of autumn rice by province,Total,VN_SRC_BENTRE,Ben Tre,2019,annual,128.0,Thous. tons,not_specified,E0621,https://www.nso.gov.vn/en/px-web?pxid=E0621&theme=Agriculture%2C%20Forestry%20and%20Fishing,source_reported_unharmonized
e0621_c9b3c38247,agriculture,Production of autumn rice by province,Total,VN_SRC_BENTRE,Ben Tre,2020,annual,37.1,Thous. tons,not_specified,E0621,https://www.nso.gov.vn/en/px-web?pxid=E0621&theme=Agriculture%2C%20Forestry%20and%20Fishing,source_reported_unharmonized
e0621_c9b3c38247,agriculture,Production of autumn rice by province,Total,VN_SRC_BENTRE,Ben Tre,2021,annual,95.7,Thous. tons,not_specified,E0621,https://www.nso.gov.vn/en/px-web?pxid=E0621&theme=Agriculture%2C%20Forestry%20and%20Fishing,source_reported_unharmonized
e0621_c9b3c38247,agriculture,Production of autumn rice by province,Total,VN_SRC_BENTRE,Ben Tre,2022,annual,86.3,Thous. tons,not_specified,E0621,https://www.nso.gov.vn/en/px-web?pxid=E0621&theme=Agriculture%2C%20Forestry%20and%20Fishing,source_reported_unharmonized
e0621_c9b3c38247,agriculture,Production of autumn rice by province,Total,VN_SRC_BENTRE,Ben Tre,2023,annual,83.1,Thous. tons,not_specified,E0621,https://www.nso.gov.vn/en/px-web?pxid=E0621&theme=Agriculture%2C%20Forestry%20and%20Fishing,source_reported_unharmonized
e0621_c9b3c38247,agriculture,Production of autumn rice by province,Total,VN_SRC_BENTRE,Ben Tre,2024,annual,39.7,Thous. tons,not_specified,E0621,https://www.nso.gov.vn/en/px-web?pxid=E0621&theme=Agriculture%2C%20Forestry%20and%20Fishing,source_reported_unharmonized
e0621_c9b3c38247,agriculture,Production of autumn rice by province,Total,VN_SRC_BENTRE,Ben Tre,2025,annual,35.9,Thous. tons,preliminary,E0621,https://www.nso.gov.vn/en/px-web?pxid=E0621&theme=Agriculture%2C%20Forestry%20and%20Fishing,source_reported_unharmonized
e0621_c9b3c38247,agriculture,Production of autumn rice by province,Total,VN_SRC_TRAVINH,Tra Vinh,1995,annual,220.5,Thous. tons,not_specified,E0621,https://www.nso.gov.vn/en/px-web?pxid=E0621&theme=Agriculture%2C%20Forestry%20and%20Fishing,source_reported_unharmonized
e0621_c9b3c38247,agriculture,Production of autumn rice by province,Total,VN_SRC_TRAVINH,Tra Vinh,1996,annual,231.2,Thous. tons,not_specified,E0621,https://www.nso.gov.vn/en/px-web?pxid=E0621&theme=Agriculture%2C%20Forestry%20and%20Fishing,source_reported_unharmonized
e0621_c9b3c38247,agriculture,Production of autumn rice by province,Total,VN_SRC_TRAVINH,Tra Vinh,1997,annual,249.8,Thous. tons,not_specified,E0621,https://www.nso.gov.vn/en/px-web?pxid=E0621&theme=Agriculture%2C%20Forestry%20and%20Fishing,source_reported_unharmonized
e0621_c9b3c38247,agriculture,Production of autumn rice by province,Total,VN_SRC_TRAVINH,Tra Vinh,1998,annual,261.4,Thous. tons,not_specified,E0621,https://www.nso.gov.vn/en/px-web?pxid=E0621&theme=Agriculture%2C%20Forestry%20and%20Fishing,source_reported_unharmonized
e0621_c9b3c38247,agriculture,Production of autumn rice by province,Total,VN_SRC_TRAVINH,Tra Vinh,1999,annual,338.2,Thous. tons,not_specified,E0621,https://www.nso.gov.vn/en/px-web?pxid=E0621&theme=Agriculture%2C%20Forestry%20and%20Fishing,source_reported_unharmonized
e0621_c9b3c38247,agriculture,Production of autumn rice by province,Total,VN_SRC_TRAVINH,Tra Vinh,2000,annual,363.3,Thous. tons,not_specified,E0621,https://www.nso.gov.vn/en/px-web?pxid=E0621&theme=Agriculture%2C%20Forestry%20and%20Fishing,source_reported_unharmonized
e0621_c9b3c38247,agriculture,Production of autumn rice by province,Total,VN_SRC_TRAVINH,Tra Vinh,2001,annual,326.7,Thous. tons,not_specified,E0621,https://www.nso.gov.vn/en/px-web?pxid=E0621&theme=Agriculture%2C%20Forestry%20and%20Fishing,source_reported_unharmonized
e0621_c9b3c38247,agriculture,Production of autumn rice by province,Total,VN_SRC_TRAVINH,Tra Vinh,2002,annual,345.3,Thous. tons,not_specified,E0621,https://www.nso.gov.vn/en/px-web?pxid=E0621&theme=Agriculture%2C%20Forestry%20and%20Fishing,source_reported_unharmonized
e0621_c9b3c38247,agriculture,Production of autumn rice by province,Total,VN_SRC_TRAVINH,Tra Vinh,2003,annual,362.9,Thous. tons,not_specified,E0621,https://www.nso.gov.vn/en/px-web?pxid=E0621&theme=Agriculture%2C%20Forestry%20and%20Fishing,source_reported_unharmonized
e0621_c9b3c38247,agriculture,Production of autumn rice by province,Total,VN_SRC_TRAVINH,Tra Vinh,2004,annual,361.2,Thous. tons,not_specified,E0621,https://www.nso.gov.vn/en/px-web?pxid=E0621&theme=Agriculture%2C%20Forestry%20and%20Fishing,source_reported_unharmonized
e0621_c9b3c38247,agriculture,Production of autumn rice by province,Total,VN_SRC_TRAVINH,Tra Vinh,2005,annual,340.5,Thous. tons,not_specified,E0621,https://www.nso.gov.vn/en/px-web?pxid=E0621&theme=Agriculture%2C%20Forestry%20and%20Fishing,source_reported_unharmonized
e0621_c9b3c38247,agriculture,Production of autumn rice by province,Total,VN_SRC_TRAVINH,Tra Vinh,2006,annual,341.8,Thous. tons,not_specified,E0621,https://www.nso.gov.vn/en/px-web?pxid=E0621&theme=Agriculture%2C%20Forestry%20and%20Fishing,source_reported_unharmonized
e0621_c9b3c38247,agriculture,Production of autumn rice by province,Total,VN_SRC_TRAVINH,Tra Vinh,2007,annual,384.6,Thous. tons,not_specified,E0621,https://www.nso.gov.vn/en/px-web?pxid=E0621&theme=Agriculture%2C%20Forestry%20and%20Fishing,source_reported_unharmonized
e0621_c9b3c38247,agriculture,Production of autumn rice by province,Total,VN_SRC_TRAVINH,Tra Vinh,2008,annual,396.4,Thous. tons,not_specified,E0621,https://www.nso.gov.vn/en/px-web?pxid=E0621&theme=Agriculture%2C%20Forestry%20and%20Fishing,source_reported_unharmonized
e0621_c9b3c38247,agriculture,Production of autumn rice by province,Total,VN_SRC_TRAVINH,Tra Vinh,2009,annual,396.2,Thous. tons,not_specified,E0621,https://www.nso.gov.vn/en/px-web?pxid=E0621&theme=Agriculture%2C%20Forestry%20and%20Fishing,source_reported_unharmonized
e0621_c9b3c38247,agriculture,Production of autumn rice by province,Total,VN_SRC_TRAVINH,Tra Vinh,2010,annual,379.0,Thous. tons,not_specified,E0621,https://www.nso.gov.vn/en/px-web?pxid=E0621&theme=Agriculture%2C%20Forestry%20and%20Fishing,source_reported_unharmonized
e0621_c9b3c38247,agriculture,Production of autumn rice by province,Total,VN_SRC_TRAVINH,Tra Vinh,2011,annual,431.9,Thous. tons,not_specified,E0621,https://www.nso.gov.vn/en/px-web?pxid=E0621&theme=Agriculture%2C%20Forestry%20and%20Fishing,source_reported_unharmonized
e0621_c9b3c38247,agriculture,Production of autumn rice by province,Total,VN_SRC_TRAVINH,Tra Vinh,2012,annual,434.8,Thous. tons,not_specified,E0621,https://www.nso.gov.vn/en/px-web?pxid=E0621&theme=Agriculture%2C%20Forestry%20and%20Fishing,source_reported_unharmonized
e0621_c9b3c38247,agriculture,Production of autumn rice by province,Total,VN_SRC_TRAVINH,Tra Vinh,2013,annual,418.1,Thous. tons,not_specified,E0621,https://www.nso.gov.vn/en/px-web?pxid=E0621&theme=Agriculture%2C%20Forestry%20and%20Fishing,source_reported_unharmonized
e0621_c9b3c38247,agriculture,Production of autumn rice by province,Total,VN_SRC_TRAVINH,Tra Vinh,2014,annual,407.0,Thous. tons,not_specified,E0621,https://www.nso.gov.vn/en/px-web?pxid=E0621&theme=Agriculture%2C%20Forestry%20and%20Fishing,source_reported_unharmonized
e0621_c9b3c38247,agriculture,Production of autumn rice by province,Total,VN_SRC_TRAVINH,Tra Vinh,2015,annual,859.1,Thous. tons,not_specified,E0621,https://www.nso.gov.vn/en/px-web?pxid=E0621&theme=Agriculture%2C%20Forestry%20and%20Fishing,source_reported_unharmonized
e0621_c9b3c38247,agriculture,Production of autumn rice by province,Total,VN_SRC_TRAVINH,Tra Vinh,2016,annual,667.9,Thous. tons,not_specified,E0621,https://www.nso.gov.vn/en/px-web?pxid=E0621&theme=Agriculture%2C%20Forestry%20and%20Fishing,source_reported_unharmonized
e0621_c9b3c38247,agriculture,Production of autumn rice by province,Total,VN_SRC_TRAVINH,Tra Vinh,2017,annual,773.4,Thous. tons,not_specified,E0621,https://www.nso.gov.vn/en/px-web?pxid=E0621&theme=Agriculture%2C%20Forestry%20and%20Fishing,source_reported_unharmonized
e0621_c9b3c38247,agriculture,Production of autumn rice by province,Total,VN_SRC_TRAVINH,Tra Vinh,2018,annual,815.0,Thous. tons,not_specified,E0621,https://www.nso.gov.vn/en/px-web?pxid=E0621&theme=Agriculture%2C%20Forestry%20and%20Fishing,source_reported_unharmonized
e0621_c9b3c38247,agriculture,Production of autumn rice by province,Total,VN_SRC_TRAVINH,Tra Vinh,2019,annual,795.0,Thous. tons,not_specified,E0621,https://www.nso.gov.vn/en/px-web?pxid=E0621&theme=Agriculture%2C%20Forestry%20and%20Fishing,source_reported_unharmonized
e0621_c9b3c38247,agriculture,Production of autumn rice by province,Total,VN_SRC_TRAVINH,Tra Vinh,2020,annual,716.7,Thous. tons,not_specified,E0621,https://www.nso.gov.vn/en/px-web?pxid=E0621&theme=Agriculture%2C%20Forestry%20and%20Fishing,source_reported_unharmonized
e0621_c9b3c38247,agriculture,Production of autumn rice by province,Total,VN_SRC_TRAVINH,Tra Vinh,2021,annual,759.7,Thous. tons,not_specified,E0621,https://www.nso.gov.vn/en/px-web?pxid=E0621&theme=Agriculture%2C%20Forestry%20and%20Fishing,source_reported_unharmonized
e0621_c9b3c38247,agriculture,Production of autumn rice by province,Total,VN_SRC_TRAVINH,Tra Vinh,2022,annual,640.3,Thous. tons,not_specified,E0621,https://www.nso.gov.vn/en/px-web?pxid=E0621&theme=Agriculture%2C%20Forestry%20and%20Fishing,source_reported_unharmonized
e0621_c9b3c38247,agriculture,Production of autumn rice by province,Total,VN_SRC_TRAVINH,Tra Vinh,2023,annual,726.6,Thous. tons,not_specified,E0621,https://www.nso.gov.vn/en/px-web?pxid=E0621&theme=Agriculture%2C%20Forestry%20and%20Fishing,source_reported_unharmonized
e0621_c9b3c38247,agriculture,Production of autumn rice by province,Total,VN_SRC_TRAVINH,Tra Vinh,2024,annual,736.1,Thous. tons,not_specified,E0621,https://www.nso.gov.vn/en/px-web?pxid=E0621&theme=Agriculture%2C%20Forestry%20and%20Fishing,source_reported_unharmonized
e0621_c9b3c38247,agriculture,Production of autumn rice by province,Total,VN_SRC_TRAVINH,Tra Vinh,2025,annual,690.9,Thous. tons,preliminary,E0621,https://www.nso.gov.vn/en/px-web?pxid=E0621&theme=Agriculture%2C%20Forestry%20and%20Fishing,source_reported_unharmonized
e0621_c9b3c38247,agriculture,Production of autumn rice by province,Total,VN_SRC_VINHLONG,Vinh Long,1995,annual,446.7,Thous. tons,not_specified,E0621,https://www.nso.gov.vn/en/px-web?pxid=E0621&theme=Agriculture%2C%20Forestry%20and%20Fishing,source_reported_unharmonized
e0621_c9b3c38247,agriculture,Production of autumn rice by province,Total,VN_SRC_VINHLONG,Vinh Long,1996,annual,457.6,Thous. tons,not_specified,E0621,https://www.nso.gov.vn/en/px-web?pxid=E0621&theme=Agriculture%2C%20Forestry%20and%20Fishing,source_reported_unharmonized
e0621_c9b3c38247,agriculture,Production of autumn rice by province,Total,VN_SRC_VINHLONG,Vinh Long,1997,annual,433.2,Thous. tons,not_specified,E0621,https://www.nso.gov.vn/en/px-web?pxid=E0621&theme=Agriculture%2C%20Forestry%20and%20Fishing,source_reported_unharmonized
e0621_c9b3c38247,agriculture,Production of autumn rice by province,Total,VN_SRC_VINHLONG,Vinh Long,1998,annual,509.8,Thous. tons,not_specified,E0621,https://www.nso.gov.vn/en/px-web?pxid=E0621&theme=Agriculture%2C%20Forestry%20and%20Fishing,source_reported_unharmonized
e0621_c9b3c38247,agriculture,Production of autumn rice by province,Total,VN_SRC_VINHLONG,Vinh Long,1999,annual,540.4,Thous. tons,not_specified,E0621,https://www.nso.gov.vn/en/px-web?pxid=E0621&theme=Agriculture%2C%20Forestry%20and%20Fishing,source_reported_unharmonized
e0621_c9b3c38247,agriculture,Production of autumn rice by province,Total,VN_SRC_VINHLONG,Vinh Long,2000,annual,492.2,Thous. tons,not_specified,E0621,https://www.nso.gov.vn/en/px-web?pxid=E0621&theme=Agriculture%2C%20Forestry%20and%20Fishing,source_reported_unharmonized
e0621_c9b3c38247,agriculture,Production of autumn rice by province,Total,VN_SRC_VINHLONG,Vinh Long,2001,annual,497.5,Thous. tons,not_specified,E0621,https://www.nso.gov.vn/en/px-web?pxid=E0621&theme=Agriculture%2C%20Forestry%20and%20Fishing,source_reported_unharmonized
e0621_c9b3c38247,agriculture,Production of autumn rice by province,Total,VN_SRC_VINHLONG,Vinh Long,2002,annual,509.4,Thous. tons,not_specified,E0621,https://www.nso.gov.vn/en/px-web?pxid=E0621&theme=Agriculture%2C%20Forestry%20and%20Fishing,source_reported_unharmonized
e0621_c9b3c38247,agriculture,Production of autumn rice by province,Total,VN_SRC_VINHLONG,Vinh Long,2003,annual,503.4,Thous. tons,not_specified,E0621,https://www.nso.gov.vn/en/px-web?pxid=E0621&theme=Agriculture%2C%20Forestry%20and%20Fishing,source_reported_unharmonized
e0621_c9b3c38247,agriculture,Production of autumn rice by province,Total,VN_SRC_VINHLONG,Vinh Long,2004,annual,532.7,Thous. tons,not_specified,E0621,https://www.nso.gov.vn/en/px-web?pxid=E0621&theme=Agriculture%2C%20Forestry%20and%20Fishing,source_reported_unharmonized
e0621_c9b3c38247,agriculture,Production of autumn rice by province,Total,VN_SRC_VINHLONG,Vinh Long,2005,annual,535.3,Thous. tons,not_specified,E0621,https://www.nso.gov.vn/en/px-web?pxid=E0621&theme=Agriculture%2C%20Forestry%20and%20Fishing,source_reported_unharmonized
e0621_c9b3c38247,agriculture,Production of autumn rice by province,Total,VN_SRC_VINHLONG,Vinh Long,2006,annual,507.4,Thous. tons,not_specified,E0621,https://www.nso.gov.vn/en/px-web?pxid=E0621&theme=Agriculture%2C%20Forestry%20and%20Fishing,source_reported_unharmonized
e0621_c9b3c38247,agriculture,Production of autumn rice by province,Total,VN_SRC_VINHLONG,Vinh Long,2007,annual,392.0,Thous. tons,not_specified,E0621,https://www.nso.gov.vn/en/px-web?pxid=E0621&theme=Agriculture%2C%20Forestry%20and%20Fishing,source_reported_unharmonized
e0621_c9b3c38247,agriculture,Production of autumn rice by province,Total,VN_SRC_VINHLONG,Vinh Long,2008,annual,464.8,Thous. tons,not_specified,E0621,https://www.nso.gov.vn/en/px-web?pxid=E0621&theme=Agriculture%2C%20Forestry%20and%20Fishing,source_reported_unharmonized
e0621_c9b3c38247,agriculture,Production of autumn rice by province,Total,VN_SRC_VINHLONG,Vinh Long,2009,annual,483.9,Thous. tons,not_specified,E0621,https://www.nso.gov.vn/en/px-web?pxid=E0621&theme=Agriculture%2C%20Forestry%20and%20Fishing,source_reported_unharmonized
e0621_c9b3c38247,agriculture,Production of autumn rice by province,Total,VN_SRC_VINHLONG,Vinh Long,2010,annual,475.0,Thous. tons,not_specified,E0621,https://www.nso.gov.vn/en/px-web?pxid=E0621&theme=Agriculture%2C%20Forestry%20and%20Fishing,source_reported_unharmonized
e0621_c9b3c38247,agriculture,Production of autumn rice by province,Total,VN_SRC_VINHLONG,Vinh Long,2011,annual,597.5,Thous. tons,not_specified,E0621,https://www.nso.gov.vn/en/px-web?pxid=E0621&theme=Agriculture%2C%20Forestry%20and%20Fishing,source_reported_unharmonized
e0621_c9b3c38247,agriculture,Production of autumn rice by province,Total,VN_SRC_VINHLONG,Vinh Long,2012,annual,645.1,Thous. tons,not_specified,E0621,https://www.nso.gov.vn/en/px-web?pxid=E0621&theme=Agriculture%2C%20Forestry%20and%20Fishing,source_reported_unharmonized
e0621_c9b3c38247,agriculture,Production of autumn rice by province,Total,VN_SRC_VINHLONG,Vinh Long,2013,annual,641.7,Thous. tons,not_specified,E0621,https://www.nso.gov.vn/en/px-web?pxid=E0621&theme=Agriculture%2C%20Forestry%20and%20Fishing,source_reported_unharmonized
e0621_c9b3c38247,agriculture,Production of autumn rice by province,Total,VN_SRC_VINHLONG,Vinh Long,2014,annual,651.3,Thous. tons,not_specified,E0621,https://www.nso.gov.vn/en/px-web?pxid=E0621&theme=Agriculture%2C%20Forestry%20and%20Fishing,source_reported_unharmonized
e0621_c9b3c38247,agriculture,Production of autumn rice by province,Total,VN_SRC_VINHLONG,Vinh Long,2015,annual,657.7,Thous. tons,not_specified,E0621,https://www.nso.gov.vn/en/px-web?pxid=E0621&theme=Agriculture%2C%20Forestry%20and%20Fishing,source_reported_unharmonized
e0621_c9b3c38247,agriculture,Production of autumn rice by province,Total,VN_SRC_VINHLONG,Vinh Long,2016,annual,548.2,Thous. tons,not_specified,E0621,https://www.nso.gov.vn/en/px-web?pxid=E0621&theme=Agriculture%2C%20Forestry%20and%20Fishing,source_reported_unharmonized
e0621_c9b3c38247,agriculture,Production of autumn rice by province,Total,VN_SRC_VINHLONG,Vinh Long,2017,annual,588.4,Thous. tons,not_specified,E0621,https://www.nso.gov.vn/en/px-web?pxid=E0621&theme=Agriculture%2C%20Forestry%20and%20Fishing,source_reported_unharmonized
e0621_c9b3c38247,agriculture,Production of autumn rice by province,Total,VN_SRC_VINHLONG,Vinh Long,2018,annual,597.7,Thous. tons,not_specified,E0621,https://www.nso.gov.vn/en/px-web?pxid=E0621&theme=Agriculture%2C%20Forestry%20and%20Fishing,source_reported_unharmonized
e0621_c9b3c38247,agriculture,Production of autumn rice by province,Total,VN_SRC_VINHLONG,Vinh Long,2019,annual,562.6,Thous. tons,not_specified,E0621,https://www.nso.gov.vn/en/px-web?pxid=E0621&theme=Agriculture%2C%20Forestry%20and%20Fishing,source_reported_unharmonized
e0621_c9b3c38247,agriculture,Production of autumn rice by province,Total,VN_SRC_VINHLONG,Vinh Long,2020,annual,534.8,Thous. tons,not_specified,E0621,https://www.nso.gov.vn/en/px-web?pxid=E0621&theme=Agriculture%2C%20Forestry%20and%20Fishing,source_reported_unharmonized
e0621_c9b3c38247,agriculture,Production of autumn rice by province,Total,VN_SRC_VINHLONG,Vinh Long,2021,annual,482.6,Thous. tons,not_specified,E0621,https://www.nso.gov.vn/en/px-web?pxid=E0621&theme=Agriculture%2C%20Forestry%20and%20Fishing,source_reported_unharmonized
e0621_c9b3c38247,agriculture,Production of autumn rice by province,Total,VN_SRC_VINHLONG,Vinh Long,2022,annual,354.9,Thous. tons,not_specified,E0621,https://www.nso.gov.vn/en/px-web?pxid=E0621&theme=Agriculture%2C%20Forestry%20and%20Fishing,source_reported_unharmonized
e0621_c9b3c38247,agriculture,Production of autumn rice by province,Total,VN_SRC_VINHLONG,Vinh Long,2023,annual,402.2,Thous. tons,not_specified,E0621,https://www.nso.gov.vn/en/px-web?pxid=E0621&theme=Agriculture%2C%20Forestry%20and%20Fishing,source_reported_unharmonized
e0621_c9b3c38247,agriculture,Production of autumn rice by province,Total,VN_SRC_VINHLONG,Vinh Long,2024,annual,407.8,Thous. tons,not_specified,E0621,https://www.nso.gov.vn/en/px-web?pxid=E0621&theme=Agriculture%2C%20Forestry%20and%20Fishing,source_reported_unharmonized
e0621_c9b3c38247,agriculture,Production of autumn rice by province,Total,VN_SRC_VINHLONG,Vinh Long,2025,annual,388.4,Thous. tons,preliminary,E0621,https://www.nso.gov.vn/en/px-web?pxid=E0621&theme=Agriculture%2C%20Forestry%20and%20Fishing,source_reported_unharmonized
e0621_c9b3c38247,agriculture,Production of autumn rice by province,Total,VN_SRC_DONGTHAP,Dong Thap,1995,annual,669.9,Thous. tons,not_specified,E0621,https://www.nso.gov.vn/en/px-web?pxid=E0621&theme=Agriculture%2C%20Forestry%20and%20Fishing,source_reported_unharmonized
e0621_c9b3c38247,agriculture,Production of autumn rice by province,Total,VN_SRC_DONGTHAP,Dong Thap,1996,annual,734.4,Thous. tons,not_specified,E0621,https://www.nso.gov.vn/en/px-web?pxid=E0621&theme=Agriculture%2C%20Forestry%20and%20Fishing,source_reported_unharmonized
e0621_c9b3c38247,agriculture,Production of autumn rice by province,Total,VN_SRC_DONGTHAP,Dong Thap,1997,annual,627.6,Thous. tons,not_specified,E0621,https://www.nso.gov.vn/en/px-web?pxid=E0621&theme=Agriculture%2C%20Forestry%20and%20Fishing,source_reported_unharmonized
e0621_c9b3c38247,agriculture,Production of autumn rice by province,Total,VN_SRC_DONGTHAP,Dong Thap,1998,annual,778.2,Thous. tons,not_specified,E0621,https://www.nso.gov.vn/en/px-web?pxid=E0621&theme=Agriculture%2C%20Forestry%20and%20Fishing,source_reported_unharmonized
e0621_c9b3c38247,agriculture,Production of autumn rice by province,Total,VN_SRC_DONGTHAP,Dong Thap,1999,annual,935.4,Thous. tons,not_specified,E0621,https://www.nso.gov.vn/en/px-web?pxid=E0621&theme=Agriculture%2C%20Forestry%20and%20Fishing,source_reported_unharmonized
e0621_c9b3c38247,agriculture,Production of autumn rice by province,Total,VN_SRC_DONGTHAP,Dong Thap,2000,annual,682.2,Thous. tons,not_specified,E0621,https://www.nso.gov.vn/en/px-web?pxid=E0621&theme=Agriculture%2C%20Forestry%20and%20Fishing,source_reported_unharmonized
e0621_c9b3c38247,agriculture,Production of autumn rice by province,Total,VN_SRC_DONGTHAP,Dong Thap,2001,annual,728.3,Thous. tons,not_specified,E0621,https://www.nso.gov.vn/en/px-web?pxid=E0621&theme=Agriculture%2C%20Forestry%20and%20Fishing,source_reported_unharmonized
e0621_c9b3c38247,agriculture,Production of autumn rice by province,Total,VN_SRC_DONGTHAP,Dong Thap,2002,annual,880.0,Thous. tons,not_specified,E0621,https://www.nso.gov.vn/en/px-web?pxid=E0621&theme=Agriculture%2C%20Forestry%20and%20Fishing,source_reported_unharmonized
e0621_c9b3c38247,agriculture,Production of autumn rice by province,Total,VN_SRC_DONGTHAP,Dong Thap,2003,annual,933.0,Thous. tons,not_specified,E0621,https://www.nso.gov.vn/en/px-web?pxid=E0621&theme=Agriculture%2C%20Forestry%20and%20Fishing,source_reported_unharmonized
e0621_c9b3c38247,agriculture,Production of autumn rice by province,Total,VN_SRC_DONGTHAP,Dong Thap,2004,annual,1128.8,Thous. tons,not_specified,E0621,https://www.nso.gov.vn/en/px-web?pxid=E0621&theme=Agriculture%2C%20Forestry%20and%20Fishing,source_reported_unharmonized
e0621_c9b3c38247,agriculture,Production of autumn rice by province,Total,VN_SRC_DONGTHAP,Dong Thap,2005,annual,1243.7,Thous. tons,not_specified,E0621,https://www.nso.gov.vn/en/px-web?pxid=E0621&theme=Agriculture%2C%20Forestry%20and%20Fishing,source_reported_unharmonized
e0621_c9b3c38247,agriculture,Production of autumn rice by province,Total,VN_SRC_DONGTHAP,Dong Thap,2006,annual,1061.0,Thous. tons,not_specified,E0621,https://www.nso.gov.vn/en/px-web?pxid=E0621&theme=Agriculture%2C%20Forestry%20and%20Fishing,source_reported_unharmonized
e0621_c9b3c38247,agriculture,Production of autumn rice by province,Total,VN_SRC_DONGTHAP,Dong Thap,2007,annual,1121.8,Thous. tons,not_specified,E0621,https://www.nso.gov.vn/en/px-web?pxid=E0621&theme=Agriculture%2C%20Forestry%20and%20Fishing,source_reported_unharmonized
e0621_c9b3c38247,agriculture,Production of autumn rice by province,Total,VN_SRC_DONGTHAP,Dong Thap,2008,annual,1266.3,Thous. tons,not_specified,E0621,https://www.nso.gov.vn/en/px-web?pxid=E0621&theme=Agriculture%2C%20Forestry%20and%20Fishing,source_reported_unharmonized
e0621_c9b3c38247,agriculture,Production of autumn rice by province,Total,VN_SRC_DONGTHAP,Dong Thap,2009,annual,1222.0,Thous. tons,not_specified,E0621,https://www.nso.gov.vn/en/px-web?pxid=E0621&theme=Agriculture%2C%20Forestry%20and%20Fishing,source_reported_unharmonized
e0621_c9b3c38247,agriculture,Production of autumn rice by province,Total,VN_SRC_DONGTHAP,Dong Thap,2010,annual,1334.3,Thous. tons,not_specified,E0621,https://www.nso.gov.vn/en/px-web?pxid=E0621&theme=Agriculture%2C%20Forestry%20and%20Fishing,source_reported_unharmonized
e0621_c9b3c38247,agriculture,Production of autumn rice by province,Total,VN_SRC_DONGTHAP,Dong Thap,2011,annual,1618.2,Thous. tons,not_specified,E0621,https://www.nso.gov.vn/en/px-web?pxid=E0621&theme=Agriculture%2C%20Forestry%20and%20Fishing,source_reported_unharmonized
e0621_c9b3c38247,agriculture,Production of autumn rice by province,Total,VN_SRC_DONGTHAP,Dong Thap,2012,annual,1547.0,Thous. tons,not_specified,E0621,https://www.nso.gov.vn/en/px-web?pxid=E0621&theme=Agriculture%2C%20Forestry%20and%20Fishing,source_reported_unharmonized
e0621_c9b3c38247,agriculture,Production of autumn rice by province,Total,VN_SRC_DONGTHAP,Dong Thap,2013,annual,1854.2,Thous. tons,not_specified,E0621,https://www.nso.gov.vn/en/px-web?pxid=E0621&theme=Agriculture%2C%20Forestry%20and%20Fishing,source_reported_unharmonized
e0621_c9b3c38247,agriculture,Production of autumn rice by province,Total,VN_SRC_DONGTHAP,Dong Thap,2014,annual,1803.0,Thous. tons,not_specified,E0621,https://www.nso.gov.vn/en/px-web?pxid=E0621&theme=Agriculture%2C%20Forestry%20and%20Fishing,source_reported_unharmonized
e0621_c9b3c38247,agriculture,Production of autumn rice by province,Total,VN_SRC_DONGTHAP,Dong Thap,2015,annual,1941.3,Thous. tons,not_specified,E0621,https://www.nso.gov.vn/en/px-web?pxid=E0621&theme=Agriculture%2C%20Forestry%20and%20Fishing,source_reported_unharmonized
e0621_c9b3c38247,agriculture,Production of autumn rice by province,Total,VN_SRC_DONGTHAP,Dong Thap,2016,annual,1976.5,Thous. tons,not_specified,E0621,https://www.nso.gov.vn/en/px-web?pxid=E0621&theme=Agriculture%2C%20Forestry%20and%20Fishing,source_reported_unharmonized
e0621_c9b3c38247,agriculture,Production of autumn rice by province,Total,VN_SRC_DONGTHAP,Dong Thap,2017,annual,1952.4,Thous. tons,not_specified,E0621,https://www.nso.gov.vn/en/px-web?pxid=E0621&theme=Agriculture%2C%20Forestry%20and%20Fishing,source_reported_unharmonized
e0621_c9b3c38247,agriculture,Production of autumn rice by province,Total,VN_SRC_DONGTHAP,Dong Thap,2018,annual,1892.0,Thous. tons,not_specified,E0621,https://www.nso.gov.vn/en/px-web?pxid=E0621&theme=Agriculture%2C%20Forestry%20and%20Fishing,source_reported_unharmonized
e0621_c9b3c38247,agriculture,Production of autumn rice by province,Total,VN_SRC_DONGTHAP,Dong Thap,2019,annual,1912.4,Thous. tons,not_specified,E0621,https://www.nso.gov.vn/en/px-web?pxid=E0621&theme=Agriculture%2C%20Forestry%20and%20Fishing,source_reported_unharmonized
e0621_c9b3c38247,agriculture,Production of autumn rice by province,Total,VN_SRC_DONGTHAP,Dong Thap,2020,annual,1922.5,Thous. tons,not_specified,E0621,https://www.nso.gov.vn/en/px-web?pxid=E0621&theme=Agriculture%2C%20Forestry%20and%20Fishing,source_reported_unharmonized
e0621_c9b3c38247,agriculture,Production of autumn rice by province,Total,VN_SRC_DONGTHAP,Dong Thap,2021,annual,1904.7,Thous. tons,not_specified,E0621,https://www.nso.gov.vn/en/px-web?pxid=E0621&theme=Agriculture%2C%20Forestry%20and%20Fishing,source_reported_unharmonized
e0621_c9b3c38247,agriculture,Production of autumn rice by province,Total,VN_SRC_DONGTHAP,Dong Thap,2022,annual,1850.2,Thous. tons,not_specified,E0621,https://www.nso.gov.vn/en/px-web?pxid=E0621&theme=Agriculture%2C%20Forestry%20and%20Fishing,source_reported_unharmonized
e0621_c9b3c38247,agriculture,Production of autumn rice by province,Total,VN_SRC_DONGTHAP,Dong Thap,2023,annual,1935.2,Thous. tons,not_specified,E0621,https://www.nso.gov.vn/en/px-web?pxid=E0621&theme=Agriculture%2C%20Forestry%20and%20Fishing,source_reported_unharmonized
e0621_c9b3c38247,agriculture,Production of autumn rice by province,Total,VN_SRC_DONGTHAP,Dong Thap,2024,annual,1969.9,Thous. tons,not_specified,E0621,https://www.nso.gov.vn/en/px-web?pxid=E0621&theme=Agriculture%2C%20Forestry%20and%20Fishing,source_reported_unharmonized
e0621_c9b3c38247,agriculture,Production of autumn rice by province,Total,VN_SRC_DONGTHAP,Dong Thap,2025,annual,2031.8,Thous. tons,preliminary,E0621,https://www.nso.gov.vn/en/px-web?pxid=E0621&theme=Agriculture%2C%20Forestry%20and%20Fishing,source_reported_unharmonized
e0621_c9b3c38247,agriculture,Production of autumn rice by province,Total,VN_SRC_ANGIANG,An Giang,1995,annual,770.0,Thous. tons,not_specified,E0621,https://www.nso.gov.vn/en/px-web?pxid=E0621&theme=Agriculture%2C%20Forestry%20and%20Fishing,source_reported_unharmonized
e0621_c9b3c38247,agriculture,Production of autumn rice by province,Total,VN_SRC_ANGIANG,An Giang,1996,annual,795.7,Thous. tons,not_specified,E0621,https://www.nso.gov.vn/en/px-web?pxid=E0621&theme=Agriculture%2C%20Forestry%20and%20Fishing,source_reported_unharmonized
e0621_c9b3c38247,agriculture,Production of autumn rice by province,Total,VN_SRC_ANGIANG,An Giang,1997,annual,649.8,Thous. tons,not_specified,E0621,https://www.nso.gov.vn/en/px-web?pxid=E0621&theme=Agriculture%2C%20Forestry%20and%20Fishing,source_reported_unharmonized
e0621_c9b3c38247,agriculture,Production of autumn rice by province,Total,VN_SRC_ANGIANG,An Giang,1998,annual,710.5,Thous. tons,not_specified,E0621,https://www.nso.gov.vn/en/px-web?pxid=E0621&theme=Agriculture%2C%20Forestry%20and%20Fishing,source_reported_unharmonized
e0621_c9b3c38247,agriculture,Production of autumn rice by province,Total,VN_SRC_ANGIANG,An Giang,1999,annual,814.5,Thous. tons,not_specified,E0621,https://www.nso.gov.vn/en/px-web?pxid=E0621&theme=Agriculture%2C%20Forestry%20and%20Fishing,source_reported_unharmonized
e0621_c9b3c38247,agriculture,Production of autumn rice by province,Total,VN_SRC_ANGIANG,An Giang,2000,annual,807.0,Thous. tons,not_specified,E0621,https://www.nso.gov.vn/en/px-web?pxid=E0621&theme=Agriculture%2C%20Forestry%20and%20Fishing,source_reported_unharmonized
e0621_c9b3c38247,agriculture,Production of autumn rice by province,Total,VN_SRC_ANGIANG,An Giang,2001,annual,849.4,Thous. tons,not_specified,E0621,https://www.nso.gov.vn/en/px-web?pxid=E0621&theme=Agriculture%2C%20Forestry%20and%20Fishing,source_reported_unharmonized
e0621_c9b3c38247,agriculture,Production of autumn rice by province,Total,VN_SRC_ANGIANG,An Giang,2002,annual,1139.2,Thous. tons,not_specified,E0621,https://www.nso.gov.vn/en/px-web?pxid=E0621&theme=Agriculture%2C%20Forestry%20and%20Fishing,source_reported_unharmonized
e0621_c9b3c38247,agriculture,Production of autumn rice by province,Total,VN_SRC_ANGIANG,An Giang,2003,annual,1250.6,Thous. tons,not_specified,E0621,https://www.nso.gov.vn/en/px-web?pxid=E0621&theme=Agriculture%2C%20Forestry%20and%20Fishing,source_reported_unharmonized
e0621_c9b3c38247,agriculture,Production of autumn rice by province,Total,VN_SRC_ANGIANG,An Giang,2004,annual,1546.8,Thous. tons,not_specified,E0621,https://www.nso.gov.vn/en/px-web?pxid=E0621&theme=Agriculture%2C%20Forestry%20and%20Fishing,source_reported_unharmonized
e0621_c9b3c38247,agriculture,Production of autumn rice by province,Total,VN_SRC_ANGIANG,An Giang,2005,annual,1568.7,Thous. tons,not_specified,E0621,https://www.nso.gov.vn/en/px-web?pxid=E0621&theme=Agriculture%2C%20Forestry%20and%20Fishing,source_reported_unharmonized
e0621_c9b3c38247,agriculture,Production of autumn rice by province,Total,VN_SRC_ANGIANG,An Giang,2006,annual,1327.0,Thous. tons,not_specified,E0621,https://www.nso.gov.vn/en/px-web?pxid=E0621&theme=Agriculture%2C%20Forestry%20and%20Fishing,source_reported_unharmonized
e0621_c9b3c38247,agriculture,Production of autumn rice by province,Total,VN_SRC_ANGIANG,An Giang,2007,annual,1486.3,Thous. tons,not_specified,E0621,https://www.nso.gov.vn/en/px-web?pxid=E0621&theme=Agriculture%2C%20Forestry%20and%20Fishing,source_reported_unharmonized
e0621_c9b3c38247,agriculture,Production of autumn rice by province,Total,VN_SRC_ANGIANG,An Giang,2008,annual,1788.0,Thous. tons,not_specified,E0621,https://www.nso.gov.vn/en/px-web?pxid=E0621&theme=Agriculture%2C%20Forestry%20and%20Fishing,source_reported_unharmonized
e0621_c9b3c38247,agriculture,Production of autumn rice by province,Total,VN_SRC_ANGIANG,An Giang,2009,annual,1715.8,Thous. tons,not_specified,E0621,https://www.nso.gov.vn/en/px-web?pxid=E0621&theme=Agriculture%2C%20Forestry%20and%20Fishing,source_reported_unharmonized
e0621_c9b3c38247,agriculture,Production of autumn rice by province,Total,VN_SRC_ANGIANG,An Giang,2010,annual,1920.9,Thous. tons,not_specified,E0621,https://www.nso.gov.vn/en/px-web?pxid=E0621&theme=Agriculture%2C%20Forestry%20and%20Fishing,source_reported_unharmonized
e0621_c9b3c38247,agriculture,Production of autumn rice by province,Total,VN_SRC_ANGIANG,An Giang,2011,annual,2064.7,Thous. tons,not_specified,E0621,https://www.nso.gov.vn/en/px-web?pxid=E0621&theme=Agriculture%2C%20Forestry%20and%20Fishing,source_reported_unharmonized
e0621_c9b3c38247,agriculture,Production of autumn rice by province,Total,VN_SRC_ANGIANG,An Giang,2012,annual,2165.8,Thous. tons,not_specified,E0621,https://www.nso.gov.vn/en/px-web?pxid=E0621&theme=Agriculture%2C%20Forestry%20and%20Fishing,source_reported_unharmonized
e0621_c9b3c38247,agriculture,Production of autumn rice by province,Total,VN_SRC_ANGIANG,An Giang,2013,annual,2244.6,Thous. tons,not_specified,E0621,https://www.nso.gov.vn/en/px-web?pxid=E0621&theme=Agriculture%2C%20Forestry%20and%20Fishing,source_reported_unharmonized
e0621_c9b3c38247,agriculture,Production of autumn rice by province,Total,VN_SRC_ANGIANG,An Giang,2014,annual,2161.4,Thous. tons,not_specified,E0621,https://www.nso.gov.vn/en/px-web?pxid=E0621&theme=Agriculture%2C%20Forestry%20and%20Fishing,source_reported_unharmonized
e0621_c9b3c38247,agriculture,Production of autumn rice by province,Total,VN_SRC_ANGIANG,An Giang,2015,annual,2250.1,Thous. tons,not_specified,E0621,https://www.nso.gov.vn/en/px-web?pxid=E0621&theme=Agriculture%2C%20Forestry%20and%20Fishing,source_reported_unharmonized
e0621_c9b3c38247,agriculture,Production of autumn rice by province,Total,VN_SRC_ANGIANG,An Giang,2016,annual,2234.6,Thous. tons,not_specified,E0621,https://www.nso.gov.vn/en/px-web?pxid=E0621&theme=Agriculture%2C%20Forestry%20and%20Fishing,source_reported_unharmonized
e0621_c9b3c38247,agriculture,Production of autumn rice by province,Total,VN_SRC_ANGIANG,An Giang,2017,annual,2202.0,Thous. tons,not_specified,E0621,https://www.nso.gov.vn/en/px-web?pxid=E0621&theme=Agriculture%2C%20Forestry%20and%20Fishing,source_reported_unharmonized
e0621_c9b3c38247,agriculture,Production of autumn rice by province,Total,VN_SRC_ANGIANG,An Giang,2018,annual,2199.1,Thous. tons,not_specified,E0621,https://www.nso.gov.vn/en/px-web?pxid=E0621&theme=Agriculture%2C%20Forestry%20and%20Fishing,source_reported_unharmonized
e0621_c9b3c38247,agriculture,Production of autumn rice by province,Total,VN_SRC_ANGIANG,An Giang,2019,annual,2241.0,Thous. tons,not_specified,E0621,https://www.nso.gov.vn/en/px-web?pxid=E0621&theme=Agriculture%2C%20Forestry%20and%20Fishing,source_reported_unharmonized
e0621_c9b3c38247,agriculture,Production of autumn rice by province,Total,VN_SRC_ANGIANG,An Giang,2020,annual,2348.6,Thous. tons,not_specified,E0621,https://www.nso.gov.vn/en/px-web?pxid=E0621&theme=Agriculture%2C%20Forestry%20and%20Fishing,source_reported_unharmonized
e0621_c9b3c38247,agriculture,Production of autumn rice by province,Total,VN_SRC_ANGIANG,An Giang,2021,annual,2350.8,Thous. tons,not_specified,E0621,https://www.nso.gov.vn/en/px-web?pxid=E0621&theme=Agriculture%2C%20Forestry%20and%20Fishing,source_reported_unharmonized
e0621_c9b3c38247,agriculture,Production of autumn rice by province,Total,VN_SRC_ANGIANG,An Giang,2022,annual,2242.8,Thous. tons,not_specified,E0621,https://www.nso.gov.vn/en/px-web?pxid=E0621&theme=Agriculture%2C%20Forestry%20and%20Fishing,source_reported_unharmonized
e0621_c9b3c38247,agriculture,Production of autumn rice by province,Total,VN_SRC_ANGIANG,An Giang,2023,annual,2334.6,Thous. tons,not_specified,E0621,https://www.nso.gov.vn/en/px-web?pxid=E0621&theme=Agriculture%2C%20Forestry%20and%20Fishing,source_reported_unharmonized
e0621_c9b3c38247,agriculture,Production of autumn rice by province,Total,VN_SRC_ANGIANG,An Giang,2024,annual,2359.6,Thous. tons,not_specified,E0621,https://www.nso.gov.vn/en/px-web?pxid=E0621&theme=Agriculture%2C%20Forestry%20and%20Fishing,source_reported_unharmonized
e0621_c9b3c38247,agriculture,Production of autumn rice by province,Total,VN_SRC_ANGIANG,An Giang,2025,annual,2348.9,Thous. tons,preliminary,E0621,https://www.nso.gov.vn/en/px-web?pxid=E0621&theme=Agriculture%2C%20Forestry%20and%20Fishing,source_reported_unharmonized
e0621_c9b3c38247,agriculture,Production of autumn rice by province,Total,VN_SRC_KIENGIANG,Kien Giang,1995,annual,629.1,Thous. tons,not_specified,E0621,https://www.nso.gov.vn/en/px-web?pxid=E0621&theme=Agriculture%2C%20Forestry%20and%20Fishing,source_reported_unharmonized
e0621_c9b3c38247,agriculture,Production of autumn rice by province,Total,VN_SRC_KIENGIANG,Kien Giang,1996,annual,620.0,Thous. tons,not_specified,E0621,https://www.nso.gov.vn/en/px-web?pxid=E0621&theme=Agriculture%2C%20Forestry%20and%20Fishing,source_reported_unharmonized
e0621_c9b3c38247,agriculture,Production of autumn rice by province,Total,VN_SRC_KIENGIANG,Kien Giang,1997,annual,617.2,Thous. tons,not_specified,E0621,https://www.nso.gov.vn/en/px-web?pxid=E0621&theme=Agriculture%2C%20Forestry%20and%20Fishing,source_reported_unharmonized
e0621_c9b3c38247,agriculture,Production of autumn rice by province,Total,VN_SRC_KIENGIANG,Kien Giang,1998,annual,813.9,Thous. tons,not_specified,E0621,https://www.nso.gov.vn/en/px-web?pxid=E0621&theme=Agriculture%2C%20Forestry%20and%20Fishing,source_reported_unharmonized
e0621_c9b3c38247,agriculture,Production of autumn rice by province,Total,VN_SRC_KIENGIANG,Kien Giang,1999,annual,909.0,Thous. tons,not_specified,E0621,https://www.nso.gov.vn/en/px-web?pxid=E0621&theme=Agriculture%2C%20Forestry%20and%20Fishing,source_reported_unharmonized
e0621_c9b3c38247,agriculture,Production of autumn rice by province,Total,VN_SRC_KIENGIANG,Kien Giang,2000,annual,1032.5,Thous. tons,not_specified,E0621,https://www.nso.gov.vn/en/px-web?pxid=E0621&theme=Agriculture%2C%20Forestry%20and%20Fishing,source_reported_unharmonized
e0621_c9b3c38247,agriculture,Production of autumn rice by province,Total,VN_SRC_KIENGIANG,Kien Giang,2001,annual,977.9,Thous. tons,not_specified,E0621,https://www.nso.gov.vn/en/px-web?pxid=E0621&theme=Agriculture%2C%20Forestry%20and%20Fishing,source_reported_unharmonized
e0621_c9b3c38247,agriculture,Production of autumn rice by province,Total,VN_SRC_KIENGIANG,Kien Giang,2002,annual,1160.7,Thous. tons,not_specified,E0621,https://www.nso.gov.vn/en/px-web?pxid=E0621&theme=Agriculture%2C%20Forestry%20and%20Fishing,source_reported_unharmonized
e0621_c9b3c38247,agriculture,Production of autumn rice by province,Total,VN_SRC_KIENGIANG,Kien Giang,2003,annual,1030.6,Thous. tons,not_specified,E0621,https://www.nso.gov.vn/en/px-web?pxid=E0621&theme=Agriculture%2C%20Forestry%20and%20Fishing,source_reported_unharmonized
e0621_c9b3c38247,agriculture,Production of autumn rice by province,Total,VN_SRC_KIENGIANG,Kien Giang,2004,annual,1199.4,Thous. tons,not_specified,E0621,https://www.nso.gov.vn/en/px-web?pxid=E0621&theme=Agriculture%2C%20Forestry%20and%20Fishing,source_reported_unharmonized
e0621_c9b3c38247,agriculture,Production of autumn rice by province,Total,VN_SRC_KIENGIANG,Kien Giang,2005,annual,1282.0,Thous. tons,not_specified,E0621,https://www.nso.gov.vn/en/px-web?pxid=E0621&theme=Agriculture%2C%20Forestry%20and%20Fishing,source_reported_unharmonized
e0621_c9b3c38247,agriculture,Production of autumn rice by province,Total,VN_SRC_KIENGIANG,Kien Giang,2006,annual,1081.8,Thous. tons,not_specified,E0621,https://www.nso.gov.vn/en/px-web?pxid=E0621&theme=Agriculture%2C%20Forestry%20and%20Fishing,source_reported_unharmonized
e0621_c9b3c38247,agriculture,Production of autumn rice by province,Total,VN_SRC_KIENGIANG,Kien Giang,2007,annual,1230.5,Thous. tons,not_specified,E0621,https://www.nso.gov.vn/en/px-web?pxid=E0621&theme=Agriculture%2C%20Forestry%20and%20Fishing,source_reported_unharmonized
e0621_c9b3c38247,agriculture,Production of autumn rice by province,Total,VN_SRC_KIENGIANG,Kien Giang,2008,annual,1338.0,Thous. tons,not_specified,E0621,https://www.nso.gov.vn/en/px-web?pxid=E0621&theme=Agriculture%2C%20Forestry%20and%20Fishing,source_reported_unharmonized
e0621_c9b3c38247,agriculture,Production of autumn rice by province,Total,VN_SRC_KIENGIANG,Kien Giang,2009,annual,1300.0,Thous. tons,not_specified,E0621,https://www.nso.gov.vn/en/px-web?pxid=E0621&theme=Agriculture%2C%20Forestry%20and%20Fishing,source_reported_unharmonized
e0621_c9b3c38247,agriculture,Production of autumn rice by province,Total,VN_SRC_KIENGIANG,Kien Giang,2010,annual,1367.9,Thous. tons,not_specified,E0621,https://www.nso.gov.vn/en/px-web?pxid=E0621&theme=Agriculture%2C%20Forestry%20and%20Fishing,source_reported_unharmonized
e0621_c9b3c38247,agriculture,Production of autumn rice by province,Total,VN_SRC_KIENGIANG,Kien Giang,2011,annual,1723.6,Thous. tons,not_specified,E0621,https://www.nso.gov.vn/en/px-web?pxid=E0621&theme=Agriculture%2C%20Forestry%20and%20Fishing,source_reported_unharmonized
e0621_c9b3c38247,agriculture,Production of autumn rice by province,Total,VN_SRC_KIENGIANG,Kien Giang,2012,annual,1950.5,Thous. tons,not_specified,E0621,https://www.nso.gov.vn/en/px-web?pxid=E0621&theme=Agriculture%2C%20Forestry%20and%20Fishing,source_reported_unharmonized
e0621_c9b3c38247,agriculture,Production of autumn rice by province,Total,VN_SRC_KIENGIANG,Kien Giang,2013,annual,2112.8,Thous. tons,not_specified,E0621,https://www.nso.gov.vn/en/px-web?pxid=E0621&theme=Agriculture%2C%20Forestry%20and%20Fishing,source_reported_unharmonized
e0621_c9b3c38247,agriculture,Production of autumn rice by province,Total,VN_SRC_KIENGIANG,Kien Giang,2014,annual,2044.3,Thous. tons,not_specified,E0621,https://www.nso.gov.vn/en/px-web?pxid=E0621&theme=Agriculture%2C%20Forestry%20and%20Fishing,source_reported_unharmonized
e0621_c9b3c38247,agriculture,Production of autumn rice by province,Total,VN_SRC_KIENGIANG,Kien Giang,2015,annual,2135.2,Thous. tons,not_specified,E0621,https://www.nso.gov.vn/en/px-web?pxid=E0621&theme=Agriculture%2C%20Forestry%20and%20Fishing,source_reported_unharmonized
e0621_c9b3c38247,agriculture,Production of autumn rice by province,Total,VN_SRC_KIENGIANG,Kien Giang,2016,annual,2203.7,Thous. tons,not_specified,E0621,https://www.nso.gov.vn/en/px-web?pxid=E0621&theme=Agriculture%2C%20Forestry%20and%20Fishing,source_reported_unharmonized
e0621_c9b3c38247,agriculture,Production of autumn rice by province,Total,VN_SRC_KIENGIANG,Kien Giang,2017,annual,2122.7,Thous. tons,not_specified,E0621,https://www.nso.gov.vn/en/px-web?pxid=E0621&theme=Agriculture%2C%20Forestry%20and%20Fishing,source_reported_unharmonized
e0621_c9b3c38247,agriculture,Production of autumn rice by province,Total,VN_SRC_KIENGIANG,Kien Giang,2018,annual,1950.0,Thous. tons,not_specified,E0621,https://www.nso.gov.vn/en/px-web?pxid=E0621&theme=Agriculture%2C%20Forestry%20and%20Fishing,source_reported_unharmonized
e0621_c9b3c38247,agriculture,Production of autumn rice by province,Total,VN_SRC_KIENGIANG,Kien Giang,2019,annual,1983.2,Thous. tons,not_specified,E0621,https://www.nso.gov.vn/en/px-web?pxid=E0621&theme=Agriculture%2C%20Forestry%20and%20Fishing,source_reported_unharmonized
e0621_c9b3c38247,agriculture,Production of autumn rice by province,Total,VN_SRC_KIENGIANG,Kien Giang,2020,annual,2084.4,Thous. tons,not_specified,E0621,https://www.nso.gov.vn/en/px-web?pxid=E0621&theme=Agriculture%2C%20Forestry%20and%20Fishing,source_reported_unharmonized
e0621_c9b3c38247,agriculture,Production of autumn rice by province,Total,VN_SRC_KIENGIANG,Kien Giang,2021,annual,2085.0,Thous. tons,not_specified,E0621,https://www.nso.gov.vn/en/px-web?pxid=E0621&theme=Agriculture%2C%20Forestry%20and%20Fishing,source_reported_unharmonized
e0621_c9b3c38247,agriculture,Production of autumn rice by province,Total,VN_SRC_KIENGIANG,Kien Giang,2022,annual,1954.1,Thous. tons,not_specified,E0621,https://www.nso.gov.vn/en/px-web?pxid=E0621&theme=Agriculture%2C%20Forestry%20and%20Fishing,source_reported_unharmonized
e0621_c9b3c38247,agriculture,Production of autumn rice by province,Total,VN_SRC_KIENGIANG,Kien Giang,2023,annual,2035.8,Thous. tons,not_specified,E0621,https://www.nso.gov.vn/en/px-web?pxid=E0621&theme=Agriculture%2C%20Forestry%20and%20Fishing,source_reported_unharmonized
e0621_c9b3c38247,agriculture,Production of autumn rice by province,Total,VN_SRC_KIENGIANG,Kien Giang,2024,annual,2141.1,Thous. tons,not_specified,E0621,https://www.nso.gov.vn/en/px-web?pxid=E0621&theme=Agriculture%2C%20Forestry%20and%20Fishing,source_reported_unharmonized
e0621_c9b3c38247,agriculture,Production of autumn rice by province,Total,VN_SRC_KIENGIANG,Kien Giang,2025,annual,2109.8,Thous. tons,preliminary,E0621,https://www.nso.gov.vn/en/px-web?pxid=E0621&theme=Agriculture%2C%20Forestry%20and%20Fishing,source_reported_unharmonized
e0621_c9b3c38247,agriculture,Production of autumn rice by province,Total,VN_SRC_CANTHO,Can Tho,1995,annual,824.1,Thous. tons,not_specified,E0621,https://www.nso.gov.vn/en/px-web?pxid=E0621&theme=Agriculture%2C%20Forestry%20and%20Fishing,source_reported_unharmonized
e0621_c9b3c38247,agriculture,Production of autumn rice by province,Total,VN_SRC_CANTHO,Can Tho,1996,annual,855.6,Thous. tons,not_specified,E0621,https://www.nso.gov.vn/en/px-web?pxid=E0621&theme=Agriculture%2C%20Forestry%20and%20Fishing,source_reported_unharmonized
e0621_c9b3c38247,agriculture,Production of autumn rice by province,Total,VN_SRC_CANTHO,Can Tho,1997,annual,741.3,Thous. tons,not_specified,E0621,https://www.nso.gov.vn/en/px-web?pxid=E0621&theme=Agriculture%2C%20Forestry%20and%20Fishing,source_reported_unharmonized
e0621_c9b3c38247,agriculture,Production of autumn rice by province,Total,VN_SRC_CANTHO,Can Tho,1998,annual,898.8,Thous. tons,not_specified,E0621,https://www.nso.gov.vn/en/px-web?pxid=E0621&theme=Agriculture%2C%20Forestry%20and%20Fishing,source_reported_unharmonized
e0621_c9b3c38247,agriculture,Production of autumn rice by province,Total,VN_SRC_CANTHO,Can Tho,1999,annual,1018.0,Thous. tons,not_specified,E0621,https://www.nso.gov.vn/en/px-web?pxid=E0621&theme=Agriculture%2C%20Forestry%20and%20Fishing,source_reported_unharmonized
e0621_c9b3c38247,agriculture,Production of autumn rice by province,Total,VN_SRC_CANTHO,Can Tho,2000,annual,853.7,Thous. tons,not_specified,E0621,https://www.nso.gov.vn/en/px-web?pxid=E0621&theme=Agriculture%2C%20Forestry%20and%20Fishing,source_reported_unharmonized
e0621_c9b3c38247,agriculture,Production of autumn rice by province,Total,VN_SRC_CANTHO,Can Tho,2001,annual,935.6,Thous. tons,not_specified,E0621,https://www.nso.gov.vn/en/px-web?pxid=E0621&theme=Agriculture%2C%20Forestry%20and%20Fishing,source_reported_unharmonized
e0621_c9b3c38247,agriculture,Production of autumn rice by province,Total,VN_SRC_CANTHO,Can Tho,2002,annual,1065.0,Thous. tons,not_specified,E0621,https://www.nso.gov.vn/en/px-web?pxid=E0621&theme=Agriculture%2C%20Forestry%20and%20Fishing,source_reported_unharmonized
e0621_c9b3c38247,agriculture,Production of autumn rice by province,Total,VN_SRC_CANTHO,Can Tho,2003,annual,1057.2,Thous. tons,not_specified,E0621,https://www.nso.gov.vn/en/px-web?pxid=E0621&theme=Agriculture%2C%20Forestry%20and%20Fishing,source_reported_unharmonized
e0621_c9b3c38247,agriculture,Production of autumn rice by province,Total,VN_SRC_CANTHO,Can Tho,2004,annual,556.2,Thous. tons,not_specified,E0621,https://www.nso.gov.vn/en/px-web?pxid=E0621&theme=Agriculture%2C%20Forestry%20and%20Fishing,source_reported_unharmonized
e0621_c9b3c38247,agriculture,Production of autumn rice by province,Total,VN_SRC_CANTHO,Can Tho,2005,annual,582.4,Thous. tons,not_specified,E0621,https://www.nso.gov.vn/en/px-web?pxid=E0621&theme=Agriculture%2C%20Forestry%20and%20Fishing,source_reported_unharmonized
e0621_c9b3c38247,agriculture,Production of autumn rice by province,Total,VN_SRC_CANTHO,Can Tho,2006,annual,530.9,Thous. tons,not_specified,E0621,https://www.nso.gov.vn/en/px-web?pxid=E0621&theme=Agriculture%2C%20Forestry%20and%20Fishing,source_reported_unharmonized
e0621_c9b3c38247,agriculture,Production of autumn rice by province,Total,VN_SRC_CANTHO,Can Tho,2007,annual,505.3,Thous. tons,not_specified,E0621,https://www.nso.gov.vn/en/px-web?pxid=E0621&theme=Agriculture%2C%20Forestry%20and%20Fishing,source_reported_unharmonized
e0621_c9b3c38247,agriculture,Production of autumn rice by province,Total,VN_SRC_CANTHO,Can Tho,2008,annual,577.6,Thous. tons,not_specified,E0621,https://www.nso.gov.vn/en/px-web?pxid=E0621&theme=Agriculture%2C%20Forestry%20and%20Fishing,source_reported_unharmonized
e0621_c9b3c38247,agriculture,Production of autumn rice by province,Total,VN_SRC_CANTHO,Can Tho,2009,annual,531.7,Thous. tons,not_specified,E0621,https://www.nso.gov.vn/en/px-web?pxid=E0621&theme=Agriculture%2C%20Forestry%20and%20Fishing,source_reported_unharmonized
e0621_c9b3c38247,agriculture,Production of autumn rice by province,Total,VN_SRC_CANTHO,Can Tho,2010,annual,562.6,Thous. tons,not_specified,E0621,https://www.nso.gov.vn/en/px-web?pxid=E0621&theme=Agriculture%2C%20Forestry%20and%20Fishing,source_reported_unharmonized
e0621_c9b3c38247,agriculture,Production of autumn rice by province,Total,VN_SRC_CANTHO,Can Tho,2011,annual,654.6,Thous. tons,not_specified,E0621,https://www.nso.gov.vn/en/px-web?pxid=E0621&theme=Agriculture%2C%20Forestry%20and%20Fishing,source_reported_unharmonized
e0621_c9b3c38247,agriculture,Production of autumn rice by province,Total,VN_SRC_CANTHO,Can Tho,2012,annual,679.8,Thous. tons,not_specified,E0621,https://www.nso.gov.vn/en/px-web?pxid=E0621&theme=Agriculture%2C%20Forestry%20and%20Fishing,source_reported_unharmonized
e0621_c9b3c38247,agriculture,Production of autumn rice by province,Total,VN_SRC_CANTHO,Can Tho,2013,annual,733.1,Thous. tons,not_specified,E0621,https://www.nso.gov.vn/en/px-web?pxid=E0621&theme=Agriculture%2C%20Forestry%20and%20Fishing,source_reported_unharmonized
e0621_c9b3c38247,agriculture,Production of autumn rice by province,Total,VN_SRC_CANTHO,Can Tho,2014,annual,721.6,Thous. tons,not_specified,E0621,https://www.nso.gov.vn/en/px-web?pxid=E0621&theme=Agriculture%2C%20Forestry%20and%20Fishing,source_reported_unharmonized
e0621_c9b3c38247,agriculture,Production of autumn rice by province,Total,VN_SRC_CANTHO,Can Tho,2015,annual,762.8,Thous. tons,not_specified,E0621,https://www.nso.gov.vn/en/px-web?pxid=E0621&theme=Agriculture%2C%20Forestry%20and%20Fishing,source_reported_unharmonized
e0621_c9b3c38247,agriculture,Production of autumn rice by province,Total,VN_SRC_CANTHO,Can Tho,2016,annual,782.0,Thous. tons,not_specified,E0621,https://www.nso.gov.vn/en/px-web?pxid=E0621&theme=Agriculture%2C%20Forestry%20and%20Fishing,source_reported_unharmonized
e0621_c9b3c38247,agriculture,Production of autumn rice by province,Total,VN_SRC_CANTHO,Can Tho,2017,annual,830.5,Thous. tons,not_specified,E0621,https://www.nso.gov.vn/en/px-web?pxid=E0621&theme=Agriculture%2C%20Forestry%20and%20Fishing,source_reported_unharmonized
e0621_c9b3c38247,agriculture,Production of autumn rice by province,Total,VN_SRC_CANTHO,Can Tho,2018,annual,835.4,Thous. tons,not_specified,E0621,https://www.nso.gov.vn/en/px-web?pxid=E0621&theme=Agriculture%2C%20Forestry%20and%20Fishing,source_reported_unharmonized
e0621_c9b3c38247,agriculture,Production of autumn rice by province,Total,VN_SRC_CANTHO,Can Tho,2019,annual,800.3,Thous. tons,not_specified,E0621,https://www.nso.gov.vn/en/px-web?pxid=E0621&theme=Agriculture%2C%20Forestry%20and%20Fishing,source_reported_unharmonized
e0621_c9b3c38247,agriculture,Production of autumn rice by province,Total,VN_SRC_CANTHO,Can Tho,2020,annual,820.6,Thous. tons,not_specified,E0621,https://www.nso.gov.vn/en/px-web?pxid=E0621&theme=Agriculture%2C%20Forestry%20and%20Fishing,source_reported_unharmonized
e0621_c9b3c38247,agriculture,Production of autumn rice by province,Total,VN_SRC_CANTHO,Can Tho,2021,annual,838.9,Thous. tons,not_specified,E0621,https://www.nso.gov.vn/en/px-web?pxid=E0621&theme=Agriculture%2C%20Forestry%20and%20Fishing,source_reported_unharmonized
e0621_c9b3c38247,agriculture,Production of autumn rice by province,Total,VN_SRC_CANTHO,Can Tho,2022,annual,802.7,Thous. tons,not_specified,E0621,https://www.nso.gov.vn/en/px-web?pxid=E0621&theme=Agriculture%2C%20Forestry%20and%20Fishing,source_reported_unharmonized
e0621_c9b3c38247,agriculture,Production of autumn rice by province,Total,VN_SRC_CANTHO,Can Tho,2023,annual,802.4,Thous. tons,not_specified,E0621,https://www.nso.gov.vn/en/px-web?pxid=E0621&theme=Agriculture%2C%20Forestry%20and%20Fishing,source_reported_unharmonized
e0621_c9b3c38247,agriculture,Production of autumn rice by province,Total,VN_SRC_CANTHO,Can Tho,2024,annual,793.2,Thous. tons,not_specified,E0621,https://www.nso.gov.vn/en/px-web?pxid=E0621&theme=Agriculture%2C%20Forestry%20and%20Fishing,source_reported_unharmonized
e0621_c9b3c38247,agriculture,Production of autumn rice by province,Total,VN_SRC_CANTHO,Can Tho,2025,annual,790.1,Thous. tons,preliminary,E0621,https://www.nso.gov.vn/en/px-web?pxid=E0621&theme=Agriculture%2C%20Forestry%20and%20Fishing,source_reported_unharmonized
e0621_c9b3c38247,agriculture,Production of autumn rice by province,Total,VN_SRC_HAUGIANG,Hau Giang,1995,annual,,Thous. tons,not_specified,E0621,https://www.nso.gov.vn/en/px-web?pxid=E0621&theme=Agriculture%2C%20Forestry%20and%20Fishing,source_reported_unharmonized
e0621_c9b3c38247,agriculture,Production of autumn rice by province,Total,VN_SRC_HAUGIANG,Hau Giang,1996,annual,,Thous. tons,not_specified,E0621,https://www.nso.gov.vn/en/px-web?pxid=E0621&theme=Agriculture%2C%20Forestry%20and%20Fishing,source_reported_unharmonized
e0621_c9b3c38247,agriculture,Production of autumn rice by province,Total,VN_SRC_HAUGIANG,Hau Giang,1997,annual,,Thous. tons,not_specified,E0621,https://www.nso.gov.vn/en/px-web?pxid=E0621&theme=Agriculture%2C%20Forestry%20and%20Fishing,source_reported_unharmonized
e0621_c9b3c38247,agriculture,Production of autumn rice by province,Total,VN_SRC_HAUGIANG,Hau Giang,1998,annual,,Thous. tons,not_specified,E0621,https://www.nso.gov.vn/en/px-web?pxid=E0621&theme=Agriculture%2C%20Forestry%20and%20Fishing,source_reported_unharmonized
e0621_c9b3c38247,agriculture,Production of autumn rice by province,Total,VN_SRC_HAUGIANG,Hau Giang,1999,annual,,Thous. tons,not_specified,E0621,https://www.nso.gov.vn/en/px-web?pxid=E0621&theme=Agriculture%2C%20Forestry%20and%20Fishing,source_reported_unharmonized
e0621_c9b3c38247,agriculture,Production of autumn rice by province,Total,VN_SRC_HAUGIANG,Hau Giang,2000,annual,,Thous. tons,not_specified,E0621,https://www.nso.gov.vn/en/px-web?pxid=E0621&theme=Agriculture%2C%20Forestry%20and%20Fishing,source_reported_unharmonized
e0621_c9b3c38247,agriculture,Production of autumn rice by province,Total,VN_SRC_HAUGIANG,Hau Giang,2001,annual,,Thous. tons,not_specified,E0621,https://www.nso.gov.vn/en/px-web?pxid=E0621&theme=Agriculture%2C%20Forestry%20and%20Fishing,source_reported_unharmonized
e0621_c9b3c38247,agriculture,Production of autumn rice by province,Total,VN_SRC_HAUGIANG,Hau Giang,2002,annual,,Thous. tons,not_specified,E0621,https://www.nso.gov.vn/en/px-web?pxid=E0621&theme=Agriculture%2C%20Forestry%20and%20Fishing,source_reported_unharmonized
e0621_c9b3c38247,agriculture,Production of autumn rice by province,Total,VN_SRC_HAUGIANG,Hau Giang,2003,annual,,Thous. tons,not_specified,E0621,https://www.nso.gov.vn/en/px-web?pxid=E0621&theme=Agriculture%2C%20Forestry%20and%20Fishing,source_reported_unharmonized
e0621_c9b3c38247,agriculture,Production of autumn rice by province,Total,VN_SRC_HAUGIANG,Hau Giang,2004,annual,555.9,Thous. tons,not_specified,E0621,https://www.nso.gov.vn/en/px-web?pxid=E0621&theme=Agriculture%2C%20Forestry%20and%20Fishing,source_reported_unharmonized
e0621_c9b3c38247,agriculture,Production of autumn rice by province,Total,VN_SRC_HAUGIANG,Hau Giang,2005,annual,563.1,Thous. tons,not_specified,E0621,https://www.nso.gov.vn/en/px-web?pxid=E0621&theme=Agriculture%2C%20Forestry%20and%20Fishing,source_reported_unharmonized
e0621_c9b3c38247,agriculture,Production of autumn rice by province,Total,VN_SRC_HAUGIANG,Hau Giang,2006,annual,540.3,Thous. tons,not_specified,E0621,https://www.nso.gov.vn/en/px-web?pxid=E0621&theme=Agriculture%2C%20Forestry%20and%20Fishing,source_reported_unharmonized
e0621_c9b3c38247,agriculture,Production of autumn rice by province,Total,VN_SRC_HAUGIANG,Hau Giang,2007,annual,448.5,Thous. tons,not_specified,E0621,https://www.nso.gov.vn/en/px-web?pxid=E0621&theme=Agriculture%2C%20Forestry%20and%20Fishing,source_reported_unharmonized
e0621_c9b3c38247,agriculture,Production of autumn rice by province,Total,VN_SRC_HAUGIANG,Hau Giang,2008,annual,517.3,Thous. tons,not_specified,E0621,https://www.nso.gov.vn/en/px-web?pxid=E0621&theme=Agriculture%2C%20Forestry%20and%20Fishing,source_reported_unharmonized
e0621_c9b3c38247,agriculture,Production of autumn rice by province,Total,VN_SRC_HAUGIANG,Hau Giang,2009,annual,475.0,Thous. tons,not_specified,E0621,https://www.nso.gov.vn/en/px-web?pxid=E0621&theme=Agriculture%2C%20Forestry%20and%20Fishing,source_reported_unharmonized
e0621_c9b3c38247,agriculture,Production of autumn rice by province,Total,VN_SRC_HAUGIANG,Hau Giang,2010,annual,541.7,Thous. tons,not_specified,E0621,https://www.nso.gov.vn/en/px-web?pxid=E0621&theme=Agriculture%2C%20Forestry%20and%20Fishing,source_reported_unharmonized
e0621_c9b3c38247,agriculture,Production of autumn rice by province,Total,VN_SRC_HAUGIANG,Hau Giang,2011,annual,572.2,Thous. tons,not_specified,E0621,https://www.nso.gov.vn/en/px-web?pxid=E0621&theme=Agriculture%2C%20Forestry%20and%20Fishing,source_reported_unharmonized
e0621_c9b3c38247,agriculture,Production of autumn rice by province,Total,VN_SRC_HAUGIANG,Hau Giang,2012,annual,625.7,Thous. tons,not_specified,E0621,https://www.nso.gov.vn/en/px-web?pxid=E0621&theme=Agriculture%2C%20Forestry%20and%20Fishing,source_reported_unharmonized
e0621_c9b3c38247,agriculture,Production of autumn rice by province,Total,VN_SRC_HAUGIANG,Hau Giang,2013,annual,623.6,Thous. tons,not_specified,E0621,https://www.nso.gov.vn/en/px-web?pxid=E0621&theme=Agriculture%2C%20Forestry%20and%20Fishing,source_reported_unharmonized
e0621_c9b3c38247,agriculture,Production of autumn rice by province,Total,VN_SRC_HAUGIANG,Hau Giang,2014,annual,621.9,Thous. tons,not_specified,E0621,https://www.nso.gov.vn/en/px-web?pxid=E0621&theme=Agriculture%2C%20Forestry%20and%20Fishing,source_reported_unharmonized
e0621_c9b3c38247,agriculture,Production of autumn rice by province,Total,VN_SRC_HAUGIANG,Hau Giang,2015,annual,674.6,Thous. tons,not_specified,E0621,https://www.nso.gov.vn/en/px-web?pxid=E0621&theme=Agriculture%2C%20Forestry%20and%20Fishing,source_reported_unharmonized
e0621_c9b3c38247,agriculture,Production of autumn rice by province,Total,VN_SRC_HAUGIANG,Hau Giang,2016,annual,675.0,Thous. tons,not_specified,E0621,https://www.nso.gov.vn/en/px-web?pxid=E0621&theme=Agriculture%2C%20Forestry%20and%20Fishing,source_reported_unharmonized
e0621_c9b3c38247,agriculture,Production of autumn rice by province,Total,VN_SRC_HAUGIANG,Hau Giang,2017,annual,729.5,Thous. tons,not_specified,E0621,https://www.nso.gov.vn/en/px-web?pxid=E0621&theme=Agriculture%2C%20Forestry%20and%20Fishing,source_reported_unharmonized
e0621_c9b3c38247,agriculture,Production of autumn rice by province,Total,VN_SRC_HAUGIANG,Hau Giang,2018,annual,676.1,Thous. tons,not_specified,E0621,https://www.nso.gov.vn/en/px-web?pxid=E0621&theme=Agriculture%2C%20Forestry%20and%20Fishing,source_reported_unharmonized
e0621_c9b3c38247,agriculture,Production of autumn rice by province,Total,VN_SRC_HAUGIANG,Hau Giang,2019,annual,683.6,Thous. tons,not_specified,E0621,https://www.nso.gov.vn/en/px-web?pxid=E0621&theme=Agriculture%2C%20Forestry%20and%20Fishing,source_reported_unharmonized
e0621_c9b3c38247,agriculture,Production of autumn rice by province,Total,VN_SRC_HAUGIANG,Hau Giang,2020,annual,698.2,Thous. tons,not_specified,E0621,https://www.nso.gov.vn/en/px-web?pxid=E0621&theme=Agriculture%2C%20Forestry%20and%20Fishing,source_reported_unharmonized
e0621_c9b3c38247,agriculture,Production of autumn rice by province,Total,VN_SRC_HAUGIANG,Hau Giang,2021,annual,672.3,Thous. tons,not_specified,E0621,https://www.nso.gov.vn/en/px-web?pxid=E0621&theme=Agriculture%2C%20Forestry%20and%20Fishing,source_reported_unharmonized
e0621_c9b3c38247,agriculture,Production of autumn rice by province,Total,VN_SRC_HAUGIANG,Hau Giang,2022,annual,657.7,Thous. tons,not_specified,E0621,https://www.nso.gov.vn/en/px-web?pxid=E0621&theme=Agriculture%2C%20Forestry%20and%20Fishing,source_reported_unharmonized
e0621_c9b3c38247,agriculture,Production of autumn rice by province,Total,VN_SRC_HAUGIANG,Hau Giang,2023,annual,601.3,Thous. tons,not_specified,E0621,https://www.nso.gov.vn/en/px-web?pxid=E0621&theme=Agriculture%2C%20Forestry%20and%20Fishing,source_reported_unharmonized
e0621_c9b3c38247,agriculture,Production of autumn rice by province,Total,VN_SRC_HAUGIANG,Hau Giang,2024,annual,595.7,Thous. tons,not_specified,E0621,https://www.nso.gov.vn/en/px-web?pxid=E0621&theme=Agriculture%2C%20Forestry%20and%20Fishing,source_reported_unharmonized
e0621_c9b3c38247,agriculture,Production of autumn rice by province,Total,VN_SRC_HAUGIANG,Hau Giang,2025,annual,592.3,Thous. tons,preliminary,E0621,https://www.nso.gov.vn/en/px-web?pxid=E0621&theme=Agriculture%2C%20Forestry%20and%20Fishing,source_reported_unharmonized
e0621_c9b3c38247,agriculture,Production of autumn rice by province,Total,VN_SRC_SOCTRANG,Soc Trang,1995,annual,445.4,Thous. tons,not_specified,E0621,https://www.nso.gov.vn/en/px-web?pxid=E0621&theme=Agriculture%2C%20Forestry%20and%20Fishing,source_reported_unharmonized
e0621_c9b3c38247,agriculture,Production of autumn rice by province,Total,VN_SRC_SOCTRANG,Soc Trang,1996,annual,501.6,Thous. tons,not_specified,E0621,https://www.nso.gov.vn/en/px-web?pxid=E0621&theme=Agriculture%2C%20Forestry%20and%20Fishing,source_reported_unharmonized
e0621_c9b3c38247,agriculture,Production of autumn rice by province,Total,VN_SRC_SOCTRANG,Soc Trang,1997,annual,516.6,Thous. tons,not_specified,E0621,https://www.nso.gov.vn/en/px-web?pxid=E0621&theme=Agriculture%2C%20Forestry%20and%20Fishing,source_reported_unharmonized
e0621_c9b3c38247,agriculture,Production of autumn rice by province,Total,VN_SRC_SOCTRANG,Soc Trang,1998,annual,629.0,Thous. tons,not_specified,E0621,https://www.nso.gov.vn/en/px-web?pxid=E0621&theme=Agriculture%2C%20Forestry%20and%20Fishing,source_reported_unharmonized
e0621_c9b3c38247,agriculture,Production of autumn rice by province,Total,VN_SRC_SOCTRANG,Soc Trang,1999,annual,700.2,Thous. tons,not_specified,E0621,https://www.nso.gov.vn/en/px-web?pxid=E0621&theme=Agriculture%2C%20Forestry%20and%20Fishing,source_reported_unharmonized
e0621_c9b3c38247,agriculture,Production of autumn rice by province,Total,VN_SRC_SOCTRANG,Soc Trang,2000,annual,737.0,Thous. tons,not_specified,E0621,https://www.nso.gov.vn/en/px-web?pxid=E0621&theme=Agriculture%2C%20Forestry%20and%20Fishing,source_reported_unharmonized
e0621_c9b3c38247,agriculture,Production of autumn rice by province,Total,VN_SRC_SOCTRANG,Soc Trang,2001,annual,705.4,Thous. tons,not_specified,E0621,https://www.nso.gov.vn/en/px-web?pxid=E0621&theme=Agriculture%2C%20Forestry%20and%20Fishing,source_reported_unharmonized
e0621_c9b3c38247,agriculture,Production of autumn rice by province,Total,VN_SRC_SOCTRANG,Soc Trang,2002,annual,751.9,Thous. tons,not_specified,E0621,https://www.nso.gov.vn/en/px-web?pxid=E0621&theme=Agriculture%2C%20Forestry%20and%20Fishing,source_reported_unharmonized
e0621_c9b3c38247,agriculture,Production of autumn rice by province,Total,VN_SRC_SOCTRANG,Soc Trang,2003,annual,756.7,Thous. tons,not_specified,E0621,https://www.nso.gov.vn/en/px-web?pxid=E0621&theme=Agriculture%2C%20Forestry%20and%20Fishing,source_reported_unharmonized
e0621_c9b3c38247,agriculture,Production of autumn rice by province,Total,VN_SRC_SOCTRANG,Soc Trang,2004,annual,721.4,Thous. tons,not_specified,E0621,https://www.nso.gov.vn/en/px-web?pxid=E0621&theme=Agriculture%2C%20Forestry%20and%20Fishing,source_reported_unharmonized
e0621_c9b3c38247,agriculture,Production of autumn rice by province,Total,VN_SRC_SOCTRANG,Soc Trang,2005,annual,764.1,Thous. tons,not_specified,E0621,https://www.nso.gov.vn/en/px-web?pxid=E0621&theme=Agriculture%2C%20Forestry%20and%20Fishing,source_reported_unharmonized
e0621_c9b3c38247,agriculture,Production of autumn rice by province,Total,VN_SRC_SOCTRANG,Soc Trang,2006,annual,757.4,Thous. tons,not_specified,E0621,https://www.nso.gov.vn/en/px-web?pxid=E0621&theme=Agriculture%2C%20Forestry%20and%20Fishing,source_reported_unharmonized
e0621_c9b3c38247,agriculture,Production of autumn rice by province,Total,VN_SRC_SOCTRANG,Soc Trang,2007,annual,798.9,Thous. tons,not_specified,E0621,https://www.nso.gov.vn/en/px-web?pxid=E0621&theme=Agriculture%2C%20Forestry%20and%20Fishing,source_reported_unharmonized
e0621_c9b3c38247,agriculture,Production of autumn rice by province,Total,VN_SRC_SOCTRANG,Soc Trang,2008,annual,821.4,Thous. tons,not_specified,E0621,https://www.nso.gov.vn/en/px-web?pxid=E0621&theme=Agriculture%2C%20Forestry%20and%20Fishing,source_reported_unharmonized
e0621_c9b3c38247,agriculture,Production of autumn rice by province,Total,VN_SRC_SOCTRANG,Soc Trang,2009,annual,852.2,Thous. tons,not_specified,E0621,https://www.nso.gov.vn/en/px-web?pxid=E0621&theme=Agriculture%2C%20Forestry%20and%20Fishing,source_reported_unharmonized
e0621_c9b3c38247,agriculture,Production of autumn rice by province,Total,VN_SRC_SOCTRANG,Soc Trang,2010,annual,995.1,Thous. tons,not_specified,E0621,https://www.nso.gov.vn/en/px-web?pxid=E0621&theme=Agriculture%2C%20Forestry%20and%20Fishing,source_reported_unharmonized
e0621_c9b3c38247,agriculture,Production of autumn rice by province,Total,VN_SRC_SOCTRANG,Soc Trang,2011,annual,1102.9,Thous. tons,not_specified,E0621,https://www.nso.gov.vn/en/px-web?pxid=E0621&theme=Agriculture%2C%20Forestry%20and%20Fishing,source_reported_unharmonized
e0621_c9b3c38247,agriculture,Production of autumn rice by province,Total,VN_SRC_SOCTRANG,Soc Trang,2012,annual,1214.6,Thous. tons,not_specified,E0621,https://www.nso.gov.vn/en/px-web?pxid=E0621&theme=Agriculture%2C%20Forestry%20and%20Fishing,source_reported_unharmonized
e0621_c9b3c38247,agriculture,Production of autumn rice by province,Total,VN_SRC_SOCTRANG,Soc Trang,2013,annual,1128.2,Thous. tons,not_specified,E0621,https://www.nso.gov.vn/en/px-web?pxid=E0621&theme=Agriculture%2C%20Forestry%20and%20Fishing,source_reported_unharmonized
e0621_c9b3c38247,agriculture,Production of autumn rice by province,Total,VN_SRC_SOCTRANG,Soc Trang,2014,annual,1150.8,Thous. tons,not_specified,E0621,https://www.nso.gov.vn/en/px-web?pxid=E0621&theme=Agriculture%2C%20Forestry%20and%20Fishing,source_reported_unharmonized
e0621_c9b3c38247,agriculture,Production of autumn rice by province,Total,VN_SRC_SOCTRANG,Soc Trang,2015,annual,858.2,Thous. tons,not_specified,E0621,https://www.nso.gov.vn/en/px-web?pxid=E0621&theme=Agriculture%2C%20Forestry%20and%20Fishing,source_reported_unharmonized
e0621_c9b3c38247,agriculture,Production of autumn rice by province,Total,VN_SRC_SOCTRANG,Soc Trang,2016,annual,864.5,Thous. tons,not_specified,E0621,https://www.nso.gov.vn/en/px-web?pxid=E0621&theme=Agriculture%2C%20Forestry%20and%20Fishing,source_reported_unharmonized
e0621_c9b3c38247,agriculture,Production of autumn rice by province,Total,VN_SRC_SOCTRANG,Soc Trang,2017,annual,855.1,Thous. tons,not_specified,E0621,https://www.nso.gov.vn/en/px-web?pxid=E0621&theme=Agriculture%2C%20Forestry%20and%20Fishing,source_reported_unharmonized
e0621_c9b3c38247,agriculture,Production of autumn rice by province,Total,VN_SRC_SOCTRANG,Soc Trang,2018,annual,821.0,Thous. tons,not_specified,E0621,https://www.nso.gov.vn/en/px-web?pxid=E0621&theme=Agriculture%2C%20Forestry%20and%20Fishing,source_reported_unharmonized
e0621_c9b3c38247,agriculture,Production of autumn rice by province,Total,VN_SRC_SOCTRANG,Soc Trang,2019,annual,821.1,Thous. tons,not_specified,E0621,https://www.nso.gov.vn/en/px-web?pxid=E0621&theme=Agriculture%2C%20Forestry%20and%20Fishing,source_reported_unharmonized
e0621_c9b3c38247,agriculture,Production of autumn rice by province,Total,VN_SRC_SOCTRANG,Soc Trang,2020,annual,833.8,Thous. tons,not_specified,E0621,https://www.nso.gov.vn/en/px-web?pxid=E0621&theme=Agriculture%2C%20Forestry%20and%20Fishing,source_reported_unharmonized
e0621_c9b3c38247,agriculture,Production of autumn rice by province,Total,VN_SRC_SOCTRANG,Soc Trang,2021,annual,818.2,Thous. tons,not_specified,E0621,https://www.nso.gov.vn/en/px-web?pxid=E0621&theme=Agriculture%2C%20Forestry%20and%20Fishing,source_reported_unharmonized
e0621_c9b3c38247,agriculture,Production of autumn rice by province,Total,VN_SRC_SOCTRANG,Soc Trang,2022,annual,766.3,Thous. tons,not_specified,E0621,https://www.nso.gov.vn/en/px-web?pxid=E0621&theme=Agriculture%2C%20Forestry%20and%20Fishing,source_reported_unharmonized
e0621_c9b3c38247,agriculture,Production of autumn rice by province,Total,VN_SRC_SOCTRANG,Soc Trang,2023,annual,834.2,Thous. tons,not_specified,E0621,https://www.nso.gov.vn/en/px-web?pxid=E0621&theme=Agriculture%2C%20Forestry%20and%20Fishing,source_reported_unharmonized
e0621_c9b3c38247,agriculture,Production of autumn rice by province,Total,VN_SRC_SOCTRANG,Soc Trang,2024,annual,853.5,Thous. tons,not_specified,E0621,https://www.nso.gov.vn/en/px-web?pxid=E0621&theme=Agriculture%2C%20Forestry%20and%20Fishing,source_reported_unharmonized
e0621_c9b3c38247,agriculture,Production of autumn rice by province,Total,VN_SRC_SOCTRANG,Soc Trang,2025,annual,854.3,Thous. tons,preliminary,E0621,https://www.nso.gov.vn/en/px-web?pxid=E0621&theme=Agriculture%2C%20Forestry%20and%20Fishing,source_reported_unharmonized
e0621_c9b3c38247,agriculture,Production of autumn rice by province,Total,VN_SRC_BACLIEU,Bac Lieu,1995,annual,62.3,Thous. tons,not_specified,E0621,https://www.nso.gov.vn/en/px-web?pxid=E0621&theme=Agriculture%2C%20Forestry%20and%20Fishing,source_reported_unharmonized
e0621_c9b3c38247,agriculture,Production of autumn rice by province,Total,VN_SRC_BACLIEU,Bac Lieu,1996,annual,85.9,Thous. tons,not_specified,E0621,https://www.nso.gov.vn/en/px-web?pxid=E0621&theme=Agriculture%2C%20Forestry%20and%20Fishing,source_reported_unharmonized
e0621_c9b3c38247,agriculture,Production of autumn rice by province,Total,VN_SRC_BACLIEU,Bac Lieu,1997,annual,121.6,Thous. tons,not_specified,E0621,https://www.nso.gov.vn/en/px-web?pxid=E0621&theme=Agriculture%2C%20Forestry%20and%20Fishing,source_reported_unharmonized
e0621_c9b3c38247,agriculture,Production of autumn rice by province,Total,VN_SRC_BACLIEU,Bac Lieu,1998,annual,221.2,Thous. tons,not_specified,E0621,https://www.nso.gov.vn/en/px-web?pxid=E0621&theme=Agriculture%2C%20Forestry%20and%20Fishing,source_reported_unharmonized
e0621_c9b3c38247,agriculture,Production of autumn rice by province,Total,VN_SRC_BACLIEU,Bac Lieu,1999,annual,285.8,Thous. tons,not_specified,E0621,https://www.nso.gov.vn/en/px-web?pxid=E0621&theme=Agriculture%2C%20Forestry%20and%20Fishing,source_reported_unharmonized
e0621_c9b3c38247,agriculture,Production of autumn rice by province,Total,VN_SRC_BACLIEU,Bac Lieu,2000,annual,363.2,Thous. tons,not_specified,E0621,https://www.nso.gov.vn/en/px-web?pxid=E0621&theme=Agriculture%2C%20Forestry%20and%20Fishing,source_reported_unharmonized
e0621_c9b3c38247,agriculture,Production of autumn rice by province,Total,VN_SRC_BACLIEU,Bac Lieu,2001,annual,311.3,Thous. tons,not_specified,E0621,https://www.nso.gov.vn/en/px-web?pxid=E0621&theme=Agriculture%2C%20Forestry%20and%20Fishing,source_reported_unharmonized
e0621_c9b3c38247,agriculture,Production of autumn rice by province,Total,VN_SRC_BACLIEU,Bac Lieu,2002,annual,322.4,Thous. tons,not_specified,E0621,https://www.nso.gov.vn/en/px-web?pxid=E0621&theme=Agriculture%2C%20Forestry%20and%20Fishing,source_reported_unharmonized
e0621_c9b3c38247,agriculture,Production of autumn rice by province,Total,VN_SRC_BACLIEU,Bac Lieu,2003,annual,259.4,Thous. tons,not_specified,E0621,https://www.nso.gov.vn/en/px-web?pxid=E0621&theme=Agriculture%2C%20Forestry%20and%20Fishing,source_reported_unharmonized
e0621_c9b3c38247,agriculture,Production of autumn rice by province,Total,VN_SRC_BACLIEU,Bac Lieu,2004,annual,262.0,Thous. tons,not_specified,E0621,https://www.nso.gov.vn/en/px-web?pxid=E0621&theme=Agriculture%2C%20Forestry%20and%20Fishing,source_reported_unharmonized
e0621_c9b3c38247,agriculture,Production of autumn rice by province,Total,VN_SRC_BACLIEU,Bac Lieu,2005,annual,277.4,Thous. tons,not_specified,E0621,https://www.nso.gov.vn/en/px-web?pxid=E0621&theme=Agriculture%2C%20Forestry%20and%20Fishing,source_reported_unharmonized
e0621_c9b3c38247,agriculture,Production of autumn rice by province,Total,VN_SRC_BACLIEU,Bac Lieu,2006,annual,227.0,Thous. tons,not_specified,E0621,https://www.nso.gov.vn/en/px-web?pxid=E0621&theme=Agriculture%2C%20Forestry%20and%20Fishing,source_reported_unharmonized
e0621_c9b3c38247,agriculture,Production of autumn rice by province,Total,VN_SRC_BACLIEU,Bac Lieu,2007,annual,224.9,Thous. tons,not_specified,E0621,https://www.nso.gov.vn/en/px-web?pxid=E0621&theme=Agriculture%2C%20Forestry%20and%20Fishing,source_reported_unharmonized
e0621_c9b3c38247,agriculture,Production of autumn rice by province,Total,VN_SRC_BACLIEU,Bac Lieu,2008,annual,234.6,Thous. tons,not_specified,E0621,https://www.nso.gov.vn/en/px-web?pxid=E0621&theme=Agriculture%2C%20Forestry%20and%20Fishing,source_reported_unharmonized
e0621_c9b3c38247,agriculture,Production of autumn rice by province,Total,VN_SRC_BACLIEU,Bac Lieu,2009,annual,257.6,Thous. tons,not_specified,E0621,https://www.nso.gov.vn/en/px-web?pxid=E0621&theme=Agriculture%2C%20Forestry%20and%20Fishing,source_reported_unharmonized
e0621_c9b3c38247,agriculture,Production of autumn rice by province,Total,VN_SRC_BACLIEU,Bac Lieu,2010,annual,287.3,Thous. tons,not_specified,E0621,https://www.nso.gov.vn/en/px-web?pxid=E0621&theme=Agriculture%2C%20Forestry%20and%20Fishing,source_reported_unharmonized
e0621_c9b3c38247,agriculture,Production of autumn rice by province,Total,VN_SRC_BACLIEU,Bac Lieu,2011,annual,301.1,Thous. tons,not_specified,E0621,https://www.nso.gov.vn/en/px-web?pxid=E0621&theme=Agriculture%2C%20Forestry%20and%20Fishing,source_reported_unharmonized
e0621_c9b3c38247,agriculture,Production of autumn rice by province,Total,VN_SRC_BACLIEU,Bac Lieu,2012,annual,299.4,Thous. tons,not_specified,E0621,https://www.nso.gov.vn/en/px-web?pxid=E0621&theme=Agriculture%2C%20Forestry%20and%20Fishing,source_reported_unharmonized
e0621_c9b3c38247,agriculture,Production of autumn rice by province,Total,VN_SRC_BACLIEU,Bac Lieu,2013,annual,309.0,Thous. tons,not_specified,E0621,https://www.nso.gov.vn/en/px-web?pxid=E0621&theme=Agriculture%2C%20Forestry%20and%20Fishing,source_reported_unharmonized
e0621_c9b3c38247,agriculture,Production of autumn rice by province,Total,VN_SRC_BACLIEU,Bac Lieu,2014,annual,310.1,Thous. tons,not_specified,E0621,https://www.nso.gov.vn/en/px-web?pxid=E0621&theme=Agriculture%2C%20Forestry%20and%20Fishing,source_reported_unharmonized
e0621_c9b3c38247,agriculture,Production of autumn rice by province,Total,VN_SRC_BACLIEU,Bac Lieu,2015,annual,584.8,Thous. tons,not_specified,E0621,https://www.nso.gov.vn/en/px-web?pxid=E0621&theme=Agriculture%2C%20Forestry%20and%20Fishing,source_reported_unharmonized
e0621_c9b3c38247,agriculture,Production of autumn rice by province,Total,VN_SRC_BACLIEU,Bac Lieu,2016,annual,563.7,Thous. tons,not_specified,E0621,https://www.nso.gov.vn/en/px-web?pxid=E0621&theme=Agriculture%2C%20Forestry%20and%20Fishing,source_reported_unharmonized
e0621_c9b3c38247,agriculture,Production of autumn rice by province,Total,VN_SRC_BACLIEU,Bac Lieu,2017,annual,582.6,Thous. tons,not_specified,E0621,https://www.nso.gov.vn/en/px-web?pxid=E0621&theme=Agriculture%2C%20Forestry%20and%20Fishing,source_reported_unharmonized
e0621_c9b3c38247,agriculture,Production of autumn rice by province,Total,VN_SRC_BACLIEU,Bac Lieu,2018,annual,596.7,Thous. tons,not_specified,E0621,https://www.nso.gov.vn/en/px-web?pxid=E0621&theme=Agriculture%2C%20Forestry%20and%20Fishing,source_reported_unharmonized
e0621_c9b3c38247,agriculture,Production of autumn rice by province,Total,VN_SRC_BACLIEU,Bac Lieu,2019,annual,605.6,Thous. tons,not_specified,E0621,https://www.nso.gov.vn/en/px-web?pxid=E0621&theme=Agriculture%2C%20Forestry%20and%20Fishing,source_reported_unharmonized
e0621_c9b3c38247,agriculture,Production of autumn rice by province,Total,VN_SRC_BACLIEU,Bac Lieu,2020,annual,585.4,Thous. tons,not_specified,E0621,https://www.nso.gov.vn/en/px-web?pxid=E0621&theme=Agriculture%2C%20Forestry%20and%20Fishing,source_reported_unharmonized
e0621_c9b3c38247,agriculture,Production of autumn rice by province,Total,VN_SRC_BACLIEU,Bac Lieu,2021,annual,609.5,Thous. tons,not_specified,E0621,https://www.nso.gov.vn/en/px-web?pxid=E0621&theme=Agriculture%2C%20Forestry%20and%20Fishing,source_reported_unharmonized
e0621_c9b3c38247,agriculture,Production of autumn rice by province,Total,VN_SRC_BACLIEU,Bac Lieu,2022,annual,580.9,Thous. tons,not_specified,E0621,https://www.nso.gov.vn/en/px-web?pxid=E0621&theme=Agriculture%2C%20Forestry%20and%20Fishing,source_reported_unharmonized
e0621_c9b3c38247,agriculture,Production of autumn rice by province,Total,VN_SRC_BACLIEU,Bac Lieu,2023,annual,631.8,Thous. tons,not_specified,E0621,https://www.nso.gov.vn/en/px-web?pxid=E0621&theme=Agriculture%2C%20Forestry%20and%20Fishing,source_reported_unharmonized
e0621_c9b3c38247,agriculture,Production of autumn rice by province,Total,VN_SRC_BACLIEU,Bac Lieu,2024,annual,623.9,Thous. tons,not_specified,E0621,https://www.nso.gov.vn/en/px-web?pxid=E0621&theme=Agriculture%2C%20Forestry%20and%20Fishing,source_reported_unharmonized
e0621_c9b3c38247,agriculture,Production of autumn rice by province,Total,VN_SRC_BACLIEU,Bac Lieu,2025,annual,582.7,Thous. tons,preliminary,E0621,https://www.nso.gov.vn/en/px-web?pxid=E0621&theme=Agriculture%2C%20Forestry%20and%20Fishing,source_reported_unharmonized
e0621_c9b3c38247,agriculture,Production of autumn rice by province,Total,VN_SRC_CAMAU,Ca Mau,1995,annual,87.4,Thous. tons,not_specified,E0621,https://www.nso.gov.vn/en/px-web?pxid=E0621&theme=Agriculture%2C%20Forestry%20and%20Fishing,source_reported_unharmonized
e0621_c9b3c38247,agriculture,Production of autumn rice by province,Total,VN_SRC_CAMAU,Ca Mau,1996,annual,116.1,Thous. tons,not_specified,E0621,https://www.nso.gov.vn/en/px-web?pxid=E0621&theme=Agriculture%2C%20Forestry%20and%20Fishing,source_reported_unharmonized
e0621_c9b3c38247,agriculture,Production of autumn rice by province,Total,VN_SRC_CAMAU,Ca Mau,1997,annual,149.7,Thous. tons,not_specified,E0621,https://www.nso.gov.vn/en/px-web?pxid=E0621&theme=Agriculture%2C%20Forestry%20and%20Fishing,source_reported_unharmonized
e0621_c9b3c38247,agriculture,Production of autumn rice by province,Total,VN_SRC_CAMAU,Ca Mau,1998,annual,199.5,Thous. tons,not_specified,E0621,https://www.nso.gov.vn/en/px-web?pxid=E0621&theme=Agriculture%2C%20Forestry%20and%20Fishing,source_reported_unharmonized
e0621_c9b3c38247,agriculture,Production of autumn rice by province,Total,VN_SRC_CAMAU,Ca Mau,1999,annual,237.6,Thous. tons,not_specified,E0621,https://www.nso.gov.vn/en/px-web?pxid=E0621&theme=Agriculture%2C%20Forestry%20and%20Fishing,source_reported_unharmonized
e0621_c9b3c38247,agriculture,Production of autumn rice by province,Total,VN_SRC_CAMAU,Ca Mau,2000,annual,361.2,Thous. tons,not_specified,E0621,https://www.nso.gov.vn/en/px-web?pxid=E0621&theme=Agriculture%2C%20Forestry%20and%20Fishing,source_reported_unharmonized
e0621_c9b3c38247,agriculture,Production of autumn rice by province,Total,VN_SRC_CAMAU,Ca Mau,2001,annual,116.6,Thous. tons,not_specified,E0621,https://www.nso.gov.vn/en/px-web?pxid=E0621&theme=Agriculture%2C%20Forestry%20and%20Fishing,source_reported_unharmonized
e0621_c9b3c38247,agriculture,Production of autumn rice by province,Total,VN_SRC_CAMAU,Ca Mau,2002,annual,138.8,Thous. tons,not_specified,E0621,https://www.nso.gov.vn/en/px-web?pxid=E0621&theme=Agriculture%2C%20Forestry%20and%20Fishing,source_reported_unharmonized
e0621_c9b3c38247,agriculture,Production of autumn rice by province,Total,VN_SRC_CAMAU,Ca Mau,2003,annual,119.3,Thous. tons,not_specified,E0621,https://www.nso.gov.vn/en/px-web?pxid=E0621&theme=Agriculture%2C%20Forestry%20and%20Fishing,source_reported_unharmonized
e0621_c9b3c38247,agriculture,Production of autumn rice by province,Total,VN_SRC_CAMAU,Ca Mau,2004,annual,137.9,Thous. tons,not_specified,E0621,https://www.nso.gov.vn/en/px-web?pxid=E0621&theme=Agriculture%2C%20Forestry%20and%20Fishing,source_reported_unharmonized
e0621_c9b3c38247,agriculture,Production of autumn rice by province,Total,VN_SRC_CAMAU,Ca Mau,2005,annual,150.5,Thous. tons,not_specified,E0621,https://www.nso.gov.vn/en/px-web?pxid=E0621&theme=Agriculture%2C%20Forestry%20and%20Fishing,source_reported_unharmonized
e0621_c9b3c38247,agriculture,Production of autumn rice by province,Total,VN_SRC_CAMAU,Ca Mau,2006,annual,132.3,Thous. tons,not_specified,E0621,https://www.nso.gov.vn/en/px-web?pxid=E0621&theme=Agriculture%2C%20Forestry%20and%20Fishing,source_reported_unharmonized
e0621_c9b3c38247,agriculture,Production of autumn rice by province,Total,VN_SRC_CAMAU,Ca Mau,2007,annual,122.2,Thous. tons,not_specified,E0621,https://www.nso.gov.vn/en/px-web?pxid=E0621&theme=Agriculture%2C%20Forestry%20and%20Fishing,source_reported_unharmonized
e0621_c9b3c38247,agriculture,Production of autumn rice by province,Total,VN_SRC_CAMAU,Ca Mau,2008,annual,141.0,Thous. tons,not_specified,E0621,https://www.nso.gov.vn/en/px-web?pxid=E0621&theme=Agriculture%2C%20Forestry%20and%20Fishing,source_reported_unharmonized
e0621_c9b3c38247,agriculture,Production of autumn rice by province,Total,VN_SRC_CAMAU,Ca Mau,2009,annual,141.8,Thous. tons,not_specified,E0621,https://www.nso.gov.vn/en/px-web?pxid=E0621&theme=Agriculture%2C%20Forestry%20and%20Fishing,source_reported_unharmonized
e0621_c9b3c38247,agriculture,Production of autumn rice by province,Total,VN_SRC_CAMAU,Ca Mau,2010,annual,153.6,Thous. tons,not_specified,E0621,https://www.nso.gov.vn/en/px-web?pxid=E0621&theme=Agriculture%2C%20Forestry%20and%20Fishing,source_reported_unharmonized
e0621_c9b3c38247,agriculture,Production of autumn rice by province,Total,VN_SRC_CAMAU,Ca Mau,2011,annual,160.2,Thous. tons,not_specified,E0621,https://www.nso.gov.vn/en/px-web?pxid=E0621&theme=Agriculture%2C%20Forestry%20and%20Fishing,source_reported_unharmonized
e0621_c9b3c38247,agriculture,Production of autumn rice by province,Total,VN_SRC_CAMAU,Ca Mau,2012,annual,170.8,Thous. tons,not_specified,E0621,https://www.nso.gov.vn/en/px-web?pxid=E0621&theme=Agriculture%2C%20Forestry%20and%20Fishing,source_reported_unharmonized
e0621_c9b3c38247,agriculture,Production of autumn rice by province,Total,VN_SRC_CAMAU,Ca Mau,2013,annual,161.0,Thous. tons,not_specified,E0621,https://www.nso.gov.vn/en/px-web?pxid=E0621&theme=Agriculture%2C%20Forestry%20and%20Fishing,source_reported_unharmonized
e0621_c9b3c38247,agriculture,Production of autumn rice by province,Total,VN_SRC_CAMAU,Ca Mau,2014,annual,158.5,Thous. tons,not_specified,E0621,https://www.nso.gov.vn/en/px-web?pxid=E0621&theme=Agriculture%2C%20Forestry%20and%20Fishing,source_reported_unharmonized
e0621_c9b3c38247,agriculture,Production of autumn rice by province,Total,VN_SRC_CAMAU,Ca Mau,2015,annual,152.1,Thous. tons,not_specified,E0621,https://www.nso.gov.vn/en/px-web?pxid=E0621&theme=Agriculture%2C%20Forestry%20and%20Fishing,source_reported_unharmonized
e0621_c9b3c38247,agriculture,Production of autumn rice by province,Total,VN_SRC_CAMAU,Ca Mau,2016,annual,166.2,Thous. tons,not_specified,E0621,https://www.nso.gov.vn/en/px-web?pxid=E0621&theme=Agriculture%2C%20Forestry%20and%20Fishing,source_reported_unharmonized
e0621_c9b3c38247,agriculture,Production of autumn rice by province,Total,VN_SRC_CAMAU,Ca Mau,2017,annual,156.3,Thous. tons,not_specified,E0621,https://www.nso.gov.vn/en/px-web?pxid=E0621&theme=Agriculture%2C%20Forestry%20and%20Fishing,source_reported_unharmonized
e0621_c9b3c38247,agriculture,Production of autumn rice by province,Total,VN_SRC_CAMAU,Ca Mau,2018,annual,150.6,Thous. tons,not_specified,E0621,https://www.nso.gov.vn/en/px-web?pxid=E0621&theme=Agriculture%2C%20Forestry%20and%20Fishing,source_reported_unharmonized
e0621_c9b3c38247,agriculture,Production of autumn rice by province,Total,VN_SRC_CAMAU,Ca Mau,2019,annual,169.0,Thous. tons,not_specified,E0621,https://www.nso.gov.vn/en/px-web?pxid=E0621&theme=Agriculture%2C%20Forestry%20and%20Fishing,source_reported_unharmonized
e0621_c9b3c38247,agriculture,Production of autumn rice by province,Total,VN_SRC_CAMAU,Ca Mau,2020,annual,138.8,Thous. tons,not_specified,E0621,https://www.nso.gov.vn/en/px-web?pxid=E0621&theme=Agriculture%2C%20Forestry%20and%20Fishing,source_reported_unharmonized
e0621_c9b3c38247,agriculture,Production of autumn rice by province,Total,VN_SRC_CAMAU,Ca Mau,2021,annual,171.3,Thous. tons,not_specified,E0621,https://www.nso.gov.vn/en/px-web?pxid=E0621&theme=Agriculture%2C%20Forestry%20and%20Fishing,source_reported_unharmonized
e0621_c9b3c38247,agriculture,Production of autumn rice by province,Total,VN_SRC_CAMAU,Ca Mau,2022,annual,163.5,Thous. tons,not_specified,E0621,https://www.nso.gov.vn/en/px-web?pxid=E0621&theme=Agriculture%2C%20Forestry%20and%20Fishing,source_reported_unharmonized
e0621_c9b3c38247,agriculture,Production of autumn rice by province,Total,VN_SRC_CAMAU,Ca Mau,2023,annual,174.5,Thous. tons,not_specified,E0621,https://www.nso.gov.vn/en/px-web?pxid=E0621&theme=Agriculture%2C%20Forestry%20and%20Fishing,source_reported_unharmonized
e0621_c9b3c38247,agriculture,Production of autumn rice by province,Total,VN_SRC_CAMAU,Ca Mau,2024,annual,177.0,Thous. tons,not_specified,E0621,https://www.nso.gov.vn/en/px-web?pxid=E0621&theme=Agriculture%2C%20Forestry%20and%20Fishing,source_reported_unharmonized
e0621_c9b3c38247,agriculture,Production of autumn rice by province,Total,VN_SRC_CAMAU,Ca Mau,2025,annual,178.5,Thous. tons,preliminary,E0621,https://www.nso.gov.vn/en/px-web?pxid=E0621&theme=Agriculture%2C%20Forestry%20and%20Fishing,source_reported_unharmonized
