indicator_id,section,indicator,breakdown,province_code,province,period,period_type,value,unit,period_status,source_id,source_url,geography_version
e1215_c9b3c38247,trade_services,Volume of freight transported by province(*),Total,VN_SRC_HANOI,Ha Noi,2000,annual,9118.0,Thous. tons,not_specified,E1215,https://www.nso.gov.vn/en/px-web?pxid=E1215&theme=Transport%2C%20Postal%20Services%20and%20Telecommunications,source_reported_unharmonized
e1215_c9b3c38247,trade_services,Volume of freight transported by province(*),Total,VN_SRC_HANOI,Ha Noi,2001,annual,10549.0,Thous. tons,not_specified,E1215,https://www.nso.gov.vn/en/px-web?pxid=E1215&theme=Transport%2C%20Postal%20Services%20and%20Telecommunications,source_reported_unharmonized
e1215_c9b3c38247,trade_services,Volume of freight transported by province(*),Total,VN_SRC_HANOI,Ha Noi,2002,annual,12898.4,Thous. tons,not_specified,E1215,https://www.nso.gov.vn/en/px-web?pxid=E1215&theme=Transport%2C%20Postal%20Services%20and%20Telecommunications,source_reported_unharmonized
e1215_c9b3c38247,trade_services,Volume of freight transported by province(*),Total,VN_SRC_HANOI,Ha Noi,2003,annual,16791.8,Thous. tons,not_specified,E1215,https://www.nso.gov.vn/en/px-web?pxid=E1215&theme=Transport%2C%20Postal%20Services%20and%20Telecommunications,source_reported_unharmonized
e1215_c9b3c38247,trade_services,Volume of freight transported by province(*),Total,VN_SRC_HANOI,Ha Noi,2004,annual,20121.1,Thous. tons,not_specified,E1215,https://www.nso.gov.vn/en/px-web?pxid=E1215&theme=Transport%2C%20Postal%20Services%20and%20Telecommunications,source_reported_unharmonized
e1215_c9b3c38247,trade_services,Volume of freight transported by province(*),Total,VN_SRC_HANOI,Ha Noi,2005,annual,22781.0,Thous. tons,not_specified,E1215,https://www.nso.gov.vn/en/px-web?pxid=E1215&theme=Transport%2C%20Postal%20Services%20and%20Telecommunications,source_reported_unharmonized
e1215_c9b3c38247,trade_services,Volume of freight transported by province(*),Total,VN_SRC_HANOI,Ha Noi,2006,annual,27494.9,Thous. tons,not_specified,E1215,https://www.nso.gov.vn/en/px-web?pxid=E1215&theme=Transport%2C%20Postal%20Services%20and%20Telecommunications,source_reported_unharmonized
e1215_c9b3c38247,trade_services,Volume of freight transported by province(*),Total,VN_SRC_HANOI,Ha Noi,2007,annual,33149.2,Thous. tons,not_specified,E1215,https://www.nso.gov.vn/en/px-web?pxid=E1215&theme=Transport%2C%20Postal%20Services%20and%20Telecommunications,source_reported_unharmonized
e1215_c9b3c38247,trade_services,Volume of freight transported by province(*),Total,VN_SRC_HANOI,Ha Noi,2008,annual,56552.4,Thous. tons,not_specified,E1215,https://www.nso.gov.vn/en/px-web?pxid=E1215&theme=Transport%2C%20Postal%20Services%20and%20Telecommunications,source_reported_unharmonized
e1215_c9b3c38247,trade_services,Volume of freight transported by province(*),Total,VN_SRC_HANOI,Ha Noi,2009,annual,60132.8,Thous. tons,not_specified,E1215,https://www.nso.gov.vn/en/px-web?pxid=E1215&theme=Transport%2C%20Postal%20Services%20and%20Telecommunications,source_reported_unharmonized
e1215_c9b3c38247,trade_services,Volume of freight transported by province(*),Total,VN_SRC_HANOI,Ha Noi,2010,annual,73242.0,Thous. tons,not_specified,E1215,https://www.nso.gov.vn/en/px-web?pxid=E1215&theme=Transport%2C%20Postal%20Services%20and%20Telecommunications,source_reported_unharmonized
e1215_c9b3c38247,trade_services,Volume of freight transported by province(*),Total,VN_SRC_HANOI,Ha Noi,2011,annual,77023.4,Thous. tons,not_specified,E1215,https://www.nso.gov.vn/en/px-web?pxid=E1215&theme=Transport%2C%20Postal%20Services%20and%20Telecommunications,source_reported_unharmonized
e1215_c9b3c38247,trade_services,Volume of freight transported by province(*),Total,VN_SRC_HANOI,Ha Noi,2012,annual,84603.2,Thous. tons,not_specified,E1215,https://www.nso.gov.vn/en/px-web?pxid=E1215&theme=Transport%2C%20Postal%20Services%20and%20Telecommunications,source_reported_unharmonized
e1215_c9b3c38247,trade_services,Volume of freight transported by province(*),Total,VN_SRC_HANOI,Ha Noi,2013,annual,77795.4,Thous. tons,not_specified,E1215,https://www.nso.gov.vn/en/px-web?pxid=E1215&theme=Transport%2C%20Postal%20Services%20and%20Telecommunications,source_reported_unharmonized
e1215_c9b3c38247,trade_services,Volume of freight transported by province(*),Total,VN_SRC_HANOI,Ha Noi,2014,annual,86085.6,Thous. tons,not_specified,E1215,https://www.nso.gov.vn/en/px-web?pxid=E1215&theme=Transport%2C%20Postal%20Services%20and%20Telecommunications,source_reported_unharmonized
e1215_c9b3c38247,trade_services,Volume of freight transported by province(*),Total,VN_SRC_HANOI,Ha Noi,2015,annual,92550.3,Thous. tons,not_specified,E1215,https://www.nso.gov.vn/en/px-web?pxid=E1215&theme=Transport%2C%20Postal%20Services%20and%20Telecommunications,source_reported_unharmonized
e1215_c9b3c38247,trade_services,Volume of freight transported by province(*),Total,VN_SRC_HANOI,Ha Noi,2016,annual,97983.3,Thous. tons,not_specified,E1215,https://www.nso.gov.vn/en/px-web?pxid=E1215&theme=Transport%2C%20Postal%20Services%20and%20Telecommunications,source_reported_unharmonized
e1215_c9b3c38247,trade_services,Volume of freight transported by province(*),Total,VN_SRC_HANOI,Ha Noi,2017,annual,104908.0,Thous. tons,not_specified,E1215,https://www.nso.gov.vn/en/px-web?pxid=E1215&theme=Transport%2C%20Postal%20Services%20and%20Telecommunications,source_reported_unharmonized
e1215_c9b3c38247,trade_services,Volume of freight transported by province(*),Total,VN_SRC_HANOI,Ha Noi,2018,annual,113551.9,Thous. tons,not_specified,E1215,https://www.nso.gov.vn/en/px-web?pxid=E1215&theme=Transport%2C%20Postal%20Services%20and%20Telecommunications,source_reported_unharmonized
e1215_c9b3c38247,trade_services,Volume of freight transported by province(*),Total,VN_SRC_HANOI,Ha Noi,2019,annual,126534.5,Thous. tons,not_specified,E1215,https://www.nso.gov.vn/en/px-web?pxid=E1215&theme=Transport%2C%20Postal%20Services%20and%20Telecommunications,source_reported_unharmonized
e1215_c9b3c38247,trade_services,Volume of freight transported by province(*),Total,VN_SRC_HANOI,Ha Noi,2020,annual,128977.6,Thous. tons,not_specified,E1215,https://www.nso.gov.vn/en/px-web?pxid=E1215&theme=Transport%2C%20Postal%20Services%20and%20Telecommunications,source_reported_unharmonized
e1215_c9b3c38247,trade_services,Volume of freight transported by province(*),Total,VN_SRC_HANOI,Ha Noi,2021,annual,129719.8,Thous. tons,not_specified,E1215,https://www.nso.gov.vn/en/px-web?pxid=E1215&theme=Transport%2C%20Postal%20Services%20and%20Telecommunications,source_reported_unharmonized
e1215_c9b3c38247,trade_services,Volume of freight transported by province(*),Total,VN_SRC_HANOI,Ha Noi,2022,annual,183411.5,Thous. tons,not_specified,E1215,https://www.nso.gov.vn/en/px-web?pxid=E1215&theme=Transport%2C%20Postal%20Services%20and%20Telecommunications,source_reported_unharmonized
e1215_c9b3c38247,trade_services,Volume of freight transported by province(*),Total,VN_SRC_HANOI,Ha Noi,2023,annual,215314.7,Thous. tons,not_specified,E1215,https://www.nso.gov.vn/en/px-web?pxid=E1215&theme=Transport%2C%20Postal%20Services%20and%20Telecommunications,source_reported_unharmonized
e1215_c9b3c38247,trade_services,Volume of freight transported by province(*),Total,VN_SRC_HANOI,Ha Noi,2024,annual,240075.9,Thous. tons,not_specified,E1215,https://www.nso.gov.vn/en/px-web?pxid=E1215&theme=Transport%2C%20Postal%20Services%20and%20Telecommunications,source_reported_unharmonized
e1215_c9b3c38247,trade_services,Volume of freight transported by province(*),Total,VN_SRC_HANOI,Ha Noi,2025,annual,264083.5,Thous. tons,preliminary,E1215,https://www.nso.gov.vn/en/px-web?pxid=E1215&theme=Transport%2C%20Postal%20Services%20and%20Telecommunications,source_reported_unharmonized
e1215_c9b3c38247,trade_services,Volume of freight transported by province(*),Total,VN_SRC_HATAY,Ha Tay,2000,annual,6145.4,Thous. tons,not_specified,E1215,https://www.nso.gov.vn/en/px-web?pxid=E1215&theme=Transport%2C%20Postal%20Services%20and%20Telecommunications,source_reported_unharmonized
e1215_c9b3c38247,trade_services,Volume of freight transported by province(*),Total,VN_SRC_HATAY,Ha Tay,2001,annual,7559.3,Thous. tons,not_specified,E1215,https://www.nso.gov.vn/en/px-web?pxid=E1215&theme=Transport%2C%20Postal%20Services%20and%20Telecommunications,source_reported_unharmonized
e1215_c9b3c38247,trade_services,Volume of freight transported by province(*),Total,VN_SRC_HATAY,Ha Tay,2002,annual,9302.5,Thous. tons,not_specified,E1215,https://www.nso.gov.vn/en/px-web?pxid=E1215&theme=Transport%2C%20Postal%20Services%20and%20Telecommunications,source_reported_unharmonized
e1215_c9b3c38247,trade_services,Volume of freight transported by province(*),Total,VN_SRC_HATAY,Ha Tay,2003,annual,11947.4,Thous. tons,not_specified,E1215,https://www.nso.gov.vn/en/px-web?pxid=E1215&theme=Transport%2C%20Postal%20Services%20and%20Telecommunications,source_reported_unharmonized
e1215_c9b3c38247,trade_services,Volume of freight transported by province(*),Total,VN_SRC_HATAY,Ha Tay,2004,annual,15051.3,Thous. tons,not_specified,E1215,https://www.nso.gov.vn/en/px-web?pxid=E1215&theme=Transport%2C%20Postal%20Services%20and%20Telecommunications,source_reported_unharmonized
e1215_c9b3c38247,trade_services,Volume of freight transported by province(*),Total,VN_SRC_HATAY,Ha Tay,2005,annual,18062.0,Thous. tons,not_specified,E1215,https://www.nso.gov.vn/en/px-web?pxid=E1215&theme=Transport%2C%20Postal%20Services%20and%20Telecommunications,source_reported_unharmonized
e1215_c9b3c38247,trade_services,Volume of freight transported by province(*),Total,VN_SRC_HATAY,Ha Tay,2006,annual,20806.0,Thous. tons,not_specified,E1215,https://www.nso.gov.vn/en/px-web?pxid=E1215&theme=Transport%2C%20Postal%20Services%20and%20Telecommunications,source_reported_unharmonized
e1215_c9b3c38247,trade_services,Volume of freight transported by province(*),Total,VN_SRC_HATAY,Ha Tay,2007,annual,21843.0,Thous. tons,not_specified,E1215,https://www.nso.gov.vn/en/px-web?pxid=E1215&theme=Transport%2C%20Postal%20Services%20and%20Telecommunications,source_reported_unharmonized
e1215_c9b3c38247,trade_services,Volume of freight transported by province(*),Total,VN_SRC_HATAY,Ha Tay,2008,annual,,Thous. tons,not_specified,E1215,https://www.nso.gov.vn/en/px-web?pxid=E1215&theme=Transport%2C%20Postal%20Services%20and%20Telecommunications,source_reported_unharmonized
e1215_c9b3c38247,trade_services,Volume of freight transported by province(*),Total,VN_SRC_HATAY,Ha Tay,2009,annual,,Thous. tons,not_specified,E1215,https://www.nso.gov.vn/en/px-web?pxid=E1215&theme=Transport%2C%20Postal%20Services%20and%20Telecommunications,source_reported_unharmonized
e1215_c9b3c38247,trade_services,Volume of freight transported by province(*),Total,VN_SRC_HATAY,Ha Tay,2010,annual,,Thous. tons,not_specified,E1215,https://www.nso.gov.vn/en/px-web?pxid=E1215&theme=Transport%2C%20Postal%20Services%20and%20Telecommunications,source_reported_unharmonized
e1215_c9b3c38247,trade_services,Volume of freight transported by province(*),Total,VN_SRC_HATAY,Ha Tay,2011,annual,,Thous. tons,not_specified,E1215,https://www.nso.gov.vn/en/px-web?pxid=E1215&theme=Transport%2C%20Postal%20Services%20and%20Telecommunications,source_reported_unharmonized
e1215_c9b3c38247,trade_services,Volume of freight transported by province(*),Total,VN_SRC_HATAY,Ha Tay,2012,annual,,Thous. tons,not_specified,E1215,https://www.nso.gov.vn/en/px-web?pxid=E1215&theme=Transport%2C%20Postal%20Services%20and%20Telecommunications,source_reported_unharmonized
e1215_c9b3c38247,trade_services,Volume of freight transported by province(*),Total,VN_SRC_HATAY,Ha Tay,2013,annual,,Thous. tons,not_specified,E1215,https://www.nso.gov.vn/en/px-web?pxid=E1215&theme=Transport%2C%20Postal%20Services%20and%20Telecommunications,source_reported_unharmonized
e1215_c9b3c38247,trade_services,Volume of freight transported by province(*),Total,VN_SRC_HATAY,Ha Tay,2014,annual,,Thous. tons,not_specified,E1215,https://www.nso.gov.vn/en/px-web?pxid=E1215&theme=Transport%2C%20Postal%20Services%20and%20Telecommunications,source_reported_unharmonized
e1215_c9b3c38247,trade_services,Volume of freight transported by province(*),Total,VN_SRC_HATAY,Ha Tay,2015,annual,,Thous. tons,not_specified,E1215,https://www.nso.gov.vn/en/px-web?pxid=E1215&theme=Transport%2C%20Postal%20Services%20and%20Telecommunications,source_reported_unharmonized
e1215_c9b3c38247,trade_services,Volume of freight transported by province(*),Total,VN_SRC_HATAY,Ha Tay,2016,annual,,Thous. tons,not_specified,E1215,https://www.nso.gov.vn/en/px-web?pxid=E1215&theme=Transport%2C%20Postal%20Services%20and%20Telecommunications,source_reported_unharmonized
e1215_c9b3c38247,trade_services,Volume of freight transported by province(*),Total,VN_SRC_HATAY,Ha Tay,2017,annual,,Thous. tons,not_specified,E1215,https://www.nso.gov.vn/en/px-web?pxid=E1215&theme=Transport%2C%20Postal%20Services%20and%20Telecommunications,source_reported_unharmonized
e1215_c9b3c38247,trade_services,Volume of freight transported by province(*),Total,VN_SRC_HATAY,Ha Tay,2018,annual,,Thous. tons,not_specified,E1215,https://www.nso.gov.vn/en/px-web?pxid=E1215&theme=Transport%2C%20Postal%20Services%20and%20Telecommunications,source_reported_unharmonized
e1215_c9b3c38247,trade_services,Volume of freight transported by province(*),Total,VN_SRC_HATAY,Ha Tay,2019,annual,,Thous. tons,not_specified,E1215,https://www.nso.gov.vn/en/px-web?pxid=E1215&theme=Transport%2C%20Postal%20Services%20and%20Telecommunications,source_reported_unharmonized
e1215_c9b3c38247,trade_services,Volume of freight transported by province(*),Total,VN_SRC_HATAY,Ha Tay,2020,annual,,Thous. tons,not_specified,E1215,https://www.nso.gov.vn/en/px-web?pxid=E1215&theme=Transport%2C%20Postal%20Services%20and%20Telecommunications,source_reported_unharmonized
e1215_c9b3c38247,trade_services,Volume of freight transported by province(*),Total,VN_SRC_HATAY,Ha Tay,2021,annual,,Thous. tons,not_specified,E1215,https://www.nso.gov.vn/en/px-web?pxid=E1215&theme=Transport%2C%20Postal%20Services%20and%20Telecommunications,source_reported_unharmonized
e1215_c9b3c38247,trade_services,Volume of freight transported by province(*),Total,VN_SRC_HATAY,Ha Tay,2022,annual,,Thous. tons,not_specified,E1215,https://www.nso.gov.vn/en/px-web?pxid=E1215&theme=Transport%2C%20Postal%20Services%20and%20Telecommunications,source_reported_unharmonized
e1215_c9b3c38247,trade_services,Volume of freight transported by province(*),Total,VN_SRC_HATAY,Ha Tay,2023,annual,,Thous. tons,not_specified,E1215,https://www.nso.gov.vn/en/px-web?pxid=E1215&theme=Transport%2C%20Postal%20Services%20and%20Telecommunications,source_reported_unharmonized
e1215_c9b3c38247,trade_services,Volume of freight transported by province(*),Total,VN_SRC_HATAY,Ha Tay,2024,annual,,Thous. tons,not_specified,E1215,https://www.nso.gov.vn/en/px-web?pxid=E1215&theme=Transport%2C%20Postal%20Services%20and%20Telecommunications,source_reported_unharmonized
e1215_c9b3c38247,trade_services,Volume of freight transported by province(*),Total,VN_SRC_HATAY,Ha Tay,2025,annual,,Thous. tons,preliminary,E1215,https://www.nso.gov.vn/en/px-web?pxid=E1215&theme=Transport%2C%20Postal%20Services%20and%20Telecommunications,source_reported_unharmonized
e1215_c9b3c38247,trade_services,Volume of freight transported by province(*),Total,VN_SRC_VINHPHUC,Vinh Phuc,2000,annual,2043.0,Thous. tons,not_specified,E1215,https://www.nso.gov.vn/en/px-web?pxid=E1215&theme=Transport%2C%20Postal%20Services%20and%20Telecommunications,source_reported_unharmonized
e1215_c9b3c38247,trade_services,Volume of freight transported by province(*),Total,VN_SRC_VINHPHUC,Vinh Phuc,2001,annual,2409.0,Thous. tons,not_specified,E1215,https://www.nso.gov.vn/en/px-web?pxid=E1215&theme=Transport%2C%20Postal%20Services%20and%20Telecommunications,source_reported_unharmonized
e1215_c9b3c38247,trade_services,Volume of freight transported by province(*),Total,VN_SRC_VINHPHUC,Vinh Phuc,2002,annual,3165.0,Thous. tons,not_specified,E1215,https://www.nso.gov.vn/en/px-web?pxid=E1215&theme=Transport%2C%20Postal%20Services%20and%20Telecommunications,source_reported_unharmonized
e1215_c9b3c38247,trade_services,Volume of freight transported by province(*),Total,VN_SRC_VINHPHUC,Vinh Phuc,2003,annual,4379.5,Thous. tons,not_specified,E1215,https://www.nso.gov.vn/en/px-web?pxid=E1215&theme=Transport%2C%20Postal%20Services%20and%20Telecommunications,source_reported_unharmonized
e1215_c9b3c38247,trade_services,Volume of freight transported by province(*),Total,VN_SRC_VINHPHUC,Vinh Phuc,2004,annual,5515.0,Thous. tons,not_specified,E1215,https://www.nso.gov.vn/en/px-web?pxid=E1215&theme=Transport%2C%20Postal%20Services%20and%20Telecommunications,source_reported_unharmonized
e1215_c9b3c38247,trade_services,Volume of freight transported by province(*),Total,VN_SRC_VINHPHUC,Vinh Phuc,2005,annual,6335.0,Thous. tons,not_specified,E1215,https://www.nso.gov.vn/en/px-web?pxid=E1215&theme=Transport%2C%20Postal%20Services%20and%20Telecommunications,source_reported_unharmonized
e1215_c9b3c38247,trade_services,Volume of freight transported by province(*),Total,VN_SRC_VINHPHUC,Vinh Phuc,2006,annual,7418.8,Thous. tons,not_specified,E1215,https://www.nso.gov.vn/en/px-web?pxid=E1215&theme=Transport%2C%20Postal%20Services%20and%20Telecommunications,source_reported_unharmonized
e1215_c9b3c38247,trade_services,Volume of freight transported by province(*),Total,VN_SRC_VINHPHUC,Vinh Phuc,2007,annual,10263.0,Thous. tons,not_specified,E1215,https://www.nso.gov.vn/en/px-web?pxid=E1215&theme=Transport%2C%20Postal%20Services%20and%20Telecommunications,source_reported_unharmonized
e1215_c9b3c38247,trade_services,Volume of freight transported by province(*),Total,VN_SRC_VINHPHUC,Vinh Phuc,2008,annual,10877.3,Thous. tons,not_specified,E1215,https://www.nso.gov.vn/en/px-web?pxid=E1215&theme=Transport%2C%20Postal%20Services%20and%20Telecommunications,source_reported_unharmonized
e1215_c9b3c38247,trade_services,Volume of freight transported by province(*),Total,VN_SRC_VINHPHUC,Vinh Phuc,2009,annual,13364.0,Thous. tons,not_specified,E1215,https://www.nso.gov.vn/en/px-web?pxid=E1215&theme=Transport%2C%20Postal%20Services%20and%20Telecommunications,source_reported_unharmonized
e1215_c9b3c38247,trade_services,Volume of freight transported by province(*),Total,VN_SRC_VINHPHUC,Vinh Phuc,2010,annual,14983.4,Thous. tons,not_specified,E1215,https://www.nso.gov.vn/en/px-web?pxid=E1215&theme=Transport%2C%20Postal%20Services%20and%20Telecommunications,source_reported_unharmonized
e1215_c9b3c38247,trade_services,Volume of freight transported by province(*),Total,VN_SRC_VINHPHUC,Vinh Phuc,2011,annual,16241.8,Thous. tons,not_specified,E1215,https://www.nso.gov.vn/en/px-web?pxid=E1215&theme=Transport%2C%20Postal%20Services%20and%20Telecommunications,source_reported_unharmonized
e1215_c9b3c38247,trade_services,Volume of freight transported by province(*),Total,VN_SRC_VINHPHUC,Vinh Phuc,2012,annual,17287.0,Thous. tons,not_specified,E1215,https://www.nso.gov.vn/en/px-web?pxid=E1215&theme=Transport%2C%20Postal%20Services%20and%20Telecommunications,source_reported_unharmonized
e1215_c9b3c38247,trade_services,Volume of freight transported by province(*),Total,VN_SRC_VINHPHUC,Vinh Phuc,2013,annual,20250.6,Thous. tons,not_specified,E1215,https://www.nso.gov.vn/en/px-web?pxid=E1215&theme=Transport%2C%20Postal%20Services%20and%20Telecommunications,source_reported_unharmonized
e1215_c9b3c38247,trade_services,Volume of freight transported by province(*),Total,VN_SRC_VINHPHUC,Vinh Phuc,2014,annual,20305.9,Thous. tons,not_specified,E1215,https://www.nso.gov.vn/en/px-web?pxid=E1215&theme=Transport%2C%20Postal%20Services%20and%20Telecommunications,source_reported_unharmonized
e1215_c9b3c38247,trade_services,Volume of freight transported by province(*),Total,VN_SRC_VINHPHUC,Vinh Phuc,2015,annual,21203.2,Thous. tons,not_specified,E1215,https://www.nso.gov.vn/en/px-web?pxid=E1215&theme=Transport%2C%20Postal%20Services%20and%20Telecommunications,source_reported_unharmonized
e1215_c9b3c38247,trade_services,Volume of freight transported by province(*),Total,VN_SRC_VINHPHUC,Vinh Phuc,2016,annual,21504.9,Thous. tons,not_specified,E1215,https://www.nso.gov.vn/en/px-web?pxid=E1215&theme=Transport%2C%20Postal%20Services%20and%20Telecommunications,source_reported_unharmonized
e1215_c9b3c38247,trade_services,Volume of freight transported by province(*),Total,VN_SRC_VINHPHUC,Vinh Phuc,2017,annual,23566.7,Thous. tons,not_specified,E1215,https://www.nso.gov.vn/en/px-web?pxid=E1215&theme=Transport%2C%20Postal%20Services%20and%20Telecommunications,source_reported_unharmonized
e1215_c9b3c38247,trade_services,Volume of freight transported by province(*),Total,VN_SRC_VINHPHUC,Vinh Phuc,2018,annual,28913.4,Thous. tons,not_specified,E1215,https://www.nso.gov.vn/en/px-web?pxid=E1215&theme=Transport%2C%20Postal%20Services%20and%20Telecommunications,source_reported_unharmonized
e1215_c9b3c38247,trade_services,Volume of freight transported by province(*),Total,VN_SRC_VINHPHUC,Vinh Phuc,2019,annual,30755.3,Thous. tons,not_specified,E1215,https://www.nso.gov.vn/en/px-web?pxid=E1215&theme=Transport%2C%20Postal%20Services%20and%20Telecommunications,source_reported_unharmonized
e1215_c9b3c38247,trade_services,Volume of freight transported by province(*),Total,VN_SRC_VINHPHUC,Vinh Phuc,2020,annual,27694.7,Thous. tons,not_specified,E1215,https://www.nso.gov.vn/en/px-web?pxid=E1215&theme=Transport%2C%20Postal%20Services%20and%20Telecommunications,source_reported_unharmonized
e1215_c9b3c38247,trade_services,Volume of freight transported by province(*),Total,VN_SRC_VINHPHUC,Vinh Phuc,2021,annual,20773.1,Thous. tons,not_specified,E1215,https://www.nso.gov.vn/en/px-web?pxid=E1215&theme=Transport%2C%20Postal%20Services%20and%20Telecommunications,source_reported_unharmonized
e1215_c9b3c38247,trade_services,Volume of freight transported by province(*),Total,VN_SRC_VINHPHUC,Vinh Phuc,2022,annual,28517.3,Thous. tons,not_specified,E1215,https://www.nso.gov.vn/en/px-web?pxid=E1215&theme=Transport%2C%20Postal%20Services%20and%20Telecommunications,source_reported_unharmonized
e1215_c9b3c38247,trade_services,Volume of freight transported by province(*),Total,VN_SRC_VINHPHUC,Vinh Phuc,2023,annual,38274.9,Thous. tons,not_specified,E1215,https://www.nso.gov.vn/en/px-web?pxid=E1215&theme=Transport%2C%20Postal%20Services%20and%20Telecommunications,source_reported_unharmonized
e1215_c9b3c38247,trade_services,Volume of freight transported by province(*),Total,VN_SRC_VINHPHUC,Vinh Phuc,2024,annual,38729.2,Thous. tons,not_specified,E1215,https://www.nso.gov.vn/en/px-web?pxid=E1215&theme=Transport%2C%20Postal%20Services%20and%20Telecommunications,source_reported_unharmonized
e1215_c9b3c38247,trade_services,Volume of freight transported by province(*),Total,VN_SRC_VINHPHUC,Vinh Phuc,2025,annual,39113.1,Thous. tons,preliminary,E1215,https://www.nso.gov.vn/en/px-web?pxid=E1215&theme=Transport%2C%20Postal%20Services%20and%20Telecommunications,source_reported_unharmonized
e1215_c9b3c38247,trade_services,Volume of freight transported by province(*),Total,VN_SRC_BACNINH,Bac Ninh,2000,annual,6138.6,Thous. tons,not_specified,E1215,https://www.nso.gov.vn/en/px-web?pxid=E1215&theme=Transport%2C%20Postal%20Services%20and%20Telecommunications,source_reported_unharmonized
e1215_c9b3c38247,trade_services,Volume of freight transported by province(*),Total,VN_SRC_BACNINH,Bac Ninh,2001,annual,6371.4,Thous. tons,not_specified,E1215,https://www.nso.gov.vn/en/px-web?pxid=E1215&theme=Transport%2C%20Postal%20Services%20and%20Telecommunications,source_reported_unharmonized
e1215_c9b3c38247,trade_services,Volume of freight transported by province(*),Total,VN_SRC_BACNINH,Bac Ninh,2002,annual,7186.1,Thous. tons,not_specified,E1215,https://www.nso.gov.vn/en/px-web?pxid=E1215&theme=Transport%2C%20Postal%20Services%20and%20Telecommunications,source_reported_unharmonized
e1215_c9b3c38247,trade_services,Volume of freight transported by province(*),Total,VN_SRC_BACNINH,Bac Ninh,2003,annual,11730.6,Thous. tons,not_specified,E1215,https://www.nso.gov.vn/en/px-web?pxid=E1215&theme=Transport%2C%20Postal%20Services%20and%20Telecommunications,source_reported_unharmonized
e1215_c9b3c38247,trade_services,Volume of freight transported by province(*),Total,VN_SRC_BACNINH,Bac Ninh,2004,annual,14484.3,Thous. tons,not_specified,E1215,https://www.nso.gov.vn/en/px-web?pxid=E1215&theme=Transport%2C%20Postal%20Services%20and%20Telecommunications,source_reported_unharmonized
e1215_c9b3c38247,trade_services,Volume of freight transported by province(*),Total,VN_SRC_BACNINH,Bac Ninh,2005,annual,16123.1,Thous. tons,not_specified,E1215,https://www.nso.gov.vn/en/px-web?pxid=E1215&theme=Transport%2C%20Postal%20Services%20and%20Telecommunications,source_reported_unharmonized
e1215_c9b3c38247,trade_services,Volume of freight transported by province(*),Total,VN_SRC_BACNINH,Bac Ninh,2006,annual,15258.0,Thous. tons,not_specified,E1215,https://www.nso.gov.vn/en/px-web?pxid=E1215&theme=Transport%2C%20Postal%20Services%20and%20Telecommunications,source_reported_unharmonized
e1215_c9b3c38247,trade_services,Volume of freight transported by province(*),Total,VN_SRC_BACNINH,Bac Ninh,2007,annual,16908.6,Thous. tons,not_specified,E1215,https://www.nso.gov.vn/en/px-web?pxid=E1215&theme=Transport%2C%20Postal%20Services%20and%20Telecommunications,source_reported_unharmonized
e1215_c9b3c38247,trade_services,Volume of freight transported by province(*),Total,VN_SRC_BACNINH,Bac Ninh,2008,annual,16980.7,Thous. tons,not_specified,E1215,https://www.nso.gov.vn/en/px-web?pxid=E1215&theme=Transport%2C%20Postal%20Services%20and%20Telecommunications,source_reported_unharmonized
e1215_c9b3c38247,trade_services,Volume of freight transported by province(*),Total,VN_SRC_BACNINH,Bac Ninh,2009,annual,18106.5,Thous. tons,not_specified,E1215,https://www.nso.gov.vn/en/px-web?pxid=E1215&theme=Transport%2C%20Postal%20Services%20and%20Telecommunications,source_reported_unharmonized
e1215_c9b3c38247,trade_services,Volume of freight transported by province(*),Total,VN_SRC_BACNINH,Bac Ninh,2010,annual,19382.8,Thous. tons,not_specified,E1215,https://www.nso.gov.vn/en/px-web?pxid=E1215&theme=Transport%2C%20Postal%20Services%20and%20Telecommunications,source_reported_unharmonized
e1215_c9b3c38247,trade_services,Volume of freight transported by province(*),Total,VN_SRC_BACNINH,Bac Ninh,2011,annual,20024.0,Thous. tons,not_specified,E1215,https://www.nso.gov.vn/en/px-web?pxid=E1215&theme=Transport%2C%20Postal%20Services%20and%20Telecommunications,source_reported_unharmonized
e1215_c9b3c38247,trade_services,Volume of freight transported by province(*),Total,VN_SRC_BACNINH,Bac Ninh,2012,annual,20181.1,Thous. tons,not_specified,E1215,https://www.nso.gov.vn/en/px-web?pxid=E1215&theme=Transport%2C%20Postal%20Services%20and%20Telecommunications,source_reported_unharmonized
e1215_c9b3c38247,trade_services,Volume of freight transported by province(*),Total,VN_SRC_BACNINH,Bac Ninh,2013,annual,22104.5,Thous. tons,not_specified,E1215,https://www.nso.gov.vn/en/px-web?pxid=E1215&theme=Transport%2C%20Postal%20Services%20and%20Telecommunications,source_reported_unharmonized
e1215_c9b3c38247,trade_services,Volume of freight transported by province(*),Total,VN_SRC_BACNINH,Bac Ninh,2014,annual,23376.2,Thous. tons,not_specified,E1215,https://www.nso.gov.vn/en/px-web?pxid=E1215&theme=Transport%2C%20Postal%20Services%20and%20Telecommunications,source_reported_unharmonized
e1215_c9b3c38247,trade_services,Volume of freight transported by province(*),Total,VN_SRC_BACNINH,Bac Ninh,2015,annual,24160.7,Thous. tons,not_specified,E1215,https://www.nso.gov.vn/en/px-web?pxid=E1215&theme=Transport%2C%20Postal%20Services%20and%20Telecommunications,source_reported_unharmonized
e1215_c9b3c38247,trade_services,Volume of freight transported by province(*),Total,VN_SRC_BACNINH,Bac Ninh,2016,annual,26007.7,Thous. tons,not_specified,E1215,https://www.nso.gov.vn/en/px-web?pxid=E1215&theme=Transport%2C%20Postal%20Services%20and%20Telecommunications,source_reported_unharmonized
e1215_c9b3c38247,trade_services,Volume of freight transported by province(*),Total,VN_SRC_BACNINH,Bac Ninh,2017,annual,28264.1,Thous. tons,not_specified,E1215,https://www.nso.gov.vn/en/px-web?pxid=E1215&theme=Transport%2C%20Postal%20Services%20and%20Telecommunications,source_reported_unharmonized
e1215_c9b3c38247,trade_services,Volume of freight transported by province(*),Total,VN_SRC_BACNINH,Bac Ninh,2018,annual,28530.9,Thous. tons,not_specified,E1215,https://www.nso.gov.vn/en/px-web?pxid=E1215&theme=Transport%2C%20Postal%20Services%20and%20Telecommunications,source_reported_unharmonized
e1215_c9b3c38247,trade_services,Volume of freight transported by province(*),Total,VN_SRC_BACNINH,Bac Ninh,2019,annual,30927.0,Thous. tons,not_specified,E1215,https://www.nso.gov.vn/en/px-web?pxid=E1215&theme=Transport%2C%20Postal%20Services%20and%20Telecommunications,source_reported_unharmonized
e1215_c9b3c38247,trade_services,Volume of freight transported by province(*),Total,VN_SRC_BACNINH,Bac Ninh,2020,annual,29675.6,Thous. tons,not_specified,E1215,https://www.nso.gov.vn/en/px-web?pxid=E1215&theme=Transport%2C%20Postal%20Services%20and%20Telecommunications,source_reported_unharmonized
e1215_c9b3c38247,trade_services,Volume of freight transported by province(*),Total,VN_SRC_BACNINH,Bac Ninh,2021,annual,27345.3,Thous. tons,not_specified,E1215,https://www.nso.gov.vn/en/px-web?pxid=E1215&theme=Transport%2C%20Postal%20Services%20and%20Telecommunications,source_reported_unharmonized
e1215_c9b3c38247,trade_services,Volume of freight transported by province(*),Total,VN_SRC_BACNINH,Bac Ninh,2022,annual,33725.4,Thous. tons,not_specified,E1215,https://www.nso.gov.vn/en/px-web?pxid=E1215&theme=Transport%2C%20Postal%20Services%20and%20Telecommunications,source_reported_unharmonized
e1215_c9b3c38247,trade_services,Volume of freight transported by province(*),Total,VN_SRC_BACNINH,Bac Ninh,2023,annual,39558.3,Thous. tons,not_specified,E1215,https://www.nso.gov.vn/en/px-web?pxid=E1215&theme=Transport%2C%20Postal%20Services%20and%20Telecommunications,source_reported_unharmonized
e1215_c9b3c38247,trade_services,Volume of freight transported by province(*),Total,VN_SRC_BACNINH,Bac Ninh,2024,annual,40403.1,Thous. tons,not_specified,E1215,https://www.nso.gov.vn/en/px-web?pxid=E1215&theme=Transport%2C%20Postal%20Services%20and%20Telecommunications,source_reported_unharmonized
e1215_c9b3c38247,trade_services,Volume of freight transported by province(*),Total,VN_SRC_BACNINH,Bac Ninh,2025,annual,45607.0,Thous. tons,preliminary,E1215,https://www.nso.gov.vn/en/px-web?pxid=E1215&theme=Transport%2C%20Postal%20Services%20and%20Telecommunications,source_reported_unharmonized
e1215_c9b3c38247,trade_services,Volume of freight transported by province(*),Total,VN_SRC_QUANGNINH,Quang Ninh,2000,annual,5270.0,Thous. tons,not_specified,E1215,https://www.nso.gov.vn/en/px-web?pxid=E1215&theme=Transport%2C%20Postal%20Services%20and%20Telecommunications,source_reported_unharmonized
e1215_c9b3c38247,trade_services,Volume of freight transported by province(*),Total,VN_SRC_QUANGNINH,Quang Ninh,2001,annual,6007.0,Thous. tons,not_specified,E1215,https://www.nso.gov.vn/en/px-web?pxid=E1215&theme=Transport%2C%20Postal%20Services%20and%20Telecommunications,source_reported_unharmonized
e1215_c9b3c38247,trade_services,Volume of freight transported by province(*),Total,VN_SRC_QUANGNINH,Quang Ninh,2002,annual,6755.0,Thous. tons,not_specified,E1215,https://www.nso.gov.vn/en/px-web?pxid=E1215&theme=Transport%2C%20Postal%20Services%20and%20Telecommunications,source_reported_unharmonized
e1215_c9b3c38247,trade_services,Volume of freight transported by province(*),Total,VN_SRC_QUANGNINH,Quang Ninh,2003,annual,7085.0,Thous. tons,not_specified,E1215,https://www.nso.gov.vn/en/px-web?pxid=E1215&theme=Transport%2C%20Postal%20Services%20and%20Telecommunications,source_reported_unharmonized
e1215_c9b3c38247,trade_services,Volume of freight transported by province(*),Total,VN_SRC_QUANGNINH,Quang Ninh,2004,annual,8291.0,Thous. tons,not_specified,E1215,https://www.nso.gov.vn/en/px-web?pxid=E1215&theme=Transport%2C%20Postal%20Services%20and%20Telecommunications,source_reported_unharmonized
e1215_c9b3c38247,trade_services,Volume of freight transported by province(*),Total,VN_SRC_QUANGNINH,Quang Ninh,2005,annual,9034.0,Thous. tons,not_specified,E1215,https://www.nso.gov.vn/en/px-web?pxid=E1215&theme=Transport%2C%20Postal%20Services%20and%20Telecommunications,source_reported_unharmonized
e1215_c9b3c38247,trade_services,Volume of freight transported by province(*),Total,VN_SRC_QUANGNINH,Quang Ninh,2006,annual,9976.0,Thous. tons,not_specified,E1215,https://www.nso.gov.vn/en/px-web?pxid=E1215&theme=Transport%2C%20Postal%20Services%20and%20Telecommunications,source_reported_unharmonized
e1215_c9b3c38247,trade_services,Volume of freight transported by province(*),Total,VN_SRC_QUANGNINH,Quang Ninh,2007,annual,13238.2,Thous. tons,not_specified,E1215,https://www.nso.gov.vn/en/px-web?pxid=E1215&theme=Transport%2C%20Postal%20Services%20and%20Telecommunications,source_reported_unharmonized
e1215_c9b3c38247,trade_services,Volume of freight transported by province(*),Total,VN_SRC_QUANGNINH,Quang Ninh,2008,annual,11196.2,Thous. tons,not_specified,E1215,https://www.nso.gov.vn/en/px-web?pxid=E1215&theme=Transport%2C%20Postal%20Services%20and%20Telecommunications,source_reported_unharmonized
e1215_c9b3c38247,trade_services,Volume of freight transported by province(*),Total,VN_SRC_QUANGNINH,Quang Ninh,2009,annual,12233.0,Thous. tons,not_specified,E1215,https://www.nso.gov.vn/en/px-web?pxid=E1215&theme=Transport%2C%20Postal%20Services%20and%20Telecommunications,source_reported_unharmonized
e1215_c9b3c38247,trade_services,Volume of freight transported by province(*),Total,VN_SRC_QUANGNINH,Quang Ninh,2010,annual,13283.0,Thous. tons,not_specified,E1215,https://www.nso.gov.vn/en/px-web?pxid=E1215&theme=Transport%2C%20Postal%20Services%20and%20Telecommunications,source_reported_unharmonized
e1215_c9b3c38247,trade_services,Volume of freight transported by province(*),Total,VN_SRC_QUANGNINH,Quang Ninh,2011,annual,15418.4,Thous. tons,not_specified,E1215,https://www.nso.gov.vn/en/px-web?pxid=E1215&theme=Transport%2C%20Postal%20Services%20and%20Telecommunications,source_reported_unharmonized
e1215_c9b3c38247,trade_services,Volume of freight transported by province(*),Total,VN_SRC_QUANGNINH,Quang Ninh,2012,annual,16923.2,Thous. tons,not_specified,E1215,https://www.nso.gov.vn/en/px-web?pxid=E1215&theme=Transport%2C%20Postal%20Services%20and%20Telecommunications,source_reported_unharmonized
e1215_c9b3c38247,trade_services,Volume of freight transported by province(*),Total,VN_SRC_QUANGNINH,Quang Ninh,2013,annual,18756.6,Thous. tons,not_specified,E1215,https://www.nso.gov.vn/en/px-web?pxid=E1215&theme=Transport%2C%20Postal%20Services%20and%20Telecommunications,source_reported_unharmonized
e1215_c9b3c38247,trade_services,Volume of freight transported by province(*),Total,VN_SRC_QUANGNINH,Quang Ninh,2014,annual,20063.3,Thous. tons,not_specified,E1215,https://www.nso.gov.vn/en/px-web?pxid=E1215&theme=Transport%2C%20Postal%20Services%20and%20Telecommunications,source_reported_unharmonized
e1215_c9b3c38247,trade_services,Volume of freight transported by province(*),Total,VN_SRC_QUANGNINH,Quang Ninh,2015,annual,22894.3,Thous. tons,not_specified,E1215,https://www.nso.gov.vn/en/px-web?pxid=E1215&theme=Transport%2C%20Postal%20Services%20and%20Telecommunications,source_reported_unharmonized
e1215_c9b3c38247,trade_services,Volume of freight transported by province(*),Total,VN_SRC_QUANGNINH,Quang Ninh,2016,annual,26753.8,Thous. tons,not_specified,E1215,https://www.nso.gov.vn/en/px-web?pxid=E1215&theme=Transport%2C%20Postal%20Services%20and%20Telecommunications,source_reported_unharmonized
e1215_c9b3c38247,trade_services,Volume of freight transported by province(*),Total,VN_SRC_QUANGNINH,Quang Ninh,2017,annual,29753.8,Thous. tons,not_specified,E1215,https://www.nso.gov.vn/en/px-web?pxid=E1215&theme=Transport%2C%20Postal%20Services%20and%20Telecommunications,source_reported_unharmonized
e1215_c9b3c38247,trade_services,Volume of freight transported by province(*),Total,VN_SRC_QUANGNINH,Quang Ninh,2018,annual,34213.7,Thous. tons,not_specified,E1215,https://www.nso.gov.vn/en/px-web?pxid=E1215&theme=Transport%2C%20Postal%20Services%20and%20Telecommunications,source_reported_unharmonized
e1215_c9b3c38247,trade_services,Volume of freight transported by province(*),Total,VN_SRC_QUANGNINH,Quang Ninh,2019,annual,39889.0,Thous. tons,not_specified,E1215,https://www.nso.gov.vn/en/px-web?pxid=E1215&theme=Transport%2C%20Postal%20Services%20and%20Telecommunications,source_reported_unharmonized
e1215_c9b3c38247,trade_services,Volume of freight transported by province(*),Total,VN_SRC_QUANGNINH,Quang Ninh,2020,annual,45521.0,Thous. tons,not_specified,E1215,https://www.nso.gov.vn/en/px-web?pxid=E1215&theme=Transport%2C%20Postal%20Services%20and%20Telecommunications,source_reported_unharmonized
e1215_c9b3c38247,trade_services,Volume of freight transported by province(*),Total,VN_SRC_QUANGNINH,Quang Ninh,2021,annual,51228.7,Thous. tons,not_specified,E1215,https://www.nso.gov.vn/en/px-web?pxid=E1215&theme=Transport%2C%20Postal%20Services%20and%20Telecommunications,source_reported_unharmonized
e1215_c9b3c38247,trade_services,Volume of freight transported by province(*),Total,VN_SRC_QUANGNINH,Quang Ninh,2022,annual,64862.0,Thous. tons,not_specified,E1215,https://www.nso.gov.vn/en/px-web?pxid=E1215&theme=Transport%2C%20Postal%20Services%20and%20Telecommunications,source_reported_unharmonized
e1215_c9b3c38247,trade_services,Volume of freight transported by province(*),Total,VN_SRC_QUANGNINH,Quang Ninh,2023,annual,79716.7,Thous. tons,not_specified,E1215,https://www.nso.gov.vn/en/px-web?pxid=E1215&theme=Transport%2C%20Postal%20Services%20and%20Telecommunications,source_reported_unharmonized
e1215_c9b3c38247,trade_services,Volume of freight transported by province(*),Total,VN_SRC_QUANGNINH,Quang Ninh,2024,annual,100175.3,Thous. tons,not_specified,E1215,https://www.nso.gov.vn/en/px-web?pxid=E1215&theme=Transport%2C%20Postal%20Services%20and%20Telecommunications,source_reported_unharmonized
e1215_c9b3c38247,trade_services,Volume of freight transported by province(*),Total,VN_SRC_QUANGNINH,Quang Ninh,2025,annual,131620.3,Thous. tons,preliminary,E1215,https://www.nso.gov.vn/en/px-web?pxid=E1215&theme=Transport%2C%20Postal%20Services%20and%20Telecommunications,source_reported_unharmonized
e1215_c9b3c38247,trade_services,Volume of freight transported by province(*),Total,VN_SRC_HAIDUONG,Hai Duong,2000,annual,4541.0,Thous. tons,not_specified,E1215,https://www.nso.gov.vn/en/px-web?pxid=E1215&theme=Transport%2C%20Postal%20Services%20and%20Telecommunications,source_reported_unharmonized
e1215_c9b3c38247,trade_services,Volume of freight transported by province(*),Total,VN_SRC_HAIDUONG,Hai Duong,2001,annual,4812.0,Thous. tons,not_specified,E1215,https://www.nso.gov.vn/en/px-web?pxid=E1215&theme=Transport%2C%20Postal%20Services%20and%20Telecommunications,source_reported_unharmonized
e1215_c9b3c38247,trade_services,Volume of freight transported by province(*),Total,VN_SRC_HAIDUONG,Hai Duong,2002,annual,5262.0,Thous. tons,not_specified,E1215,https://www.nso.gov.vn/en/px-web?pxid=E1215&theme=Transport%2C%20Postal%20Services%20and%20Telecommunications,source_reported_unharmonized
e1215_c9b3c38247,trade_services,Volume of freight transported by province(*),Total,VN_SRC_HAIDUONG,Hai Duong,2003,annual,8611.0,Thous. tons,not_specified,E1215,https://www.nso.gov.vn/en/px-web?pxid=E1215&theme=Transport%2C%20Postal%20Services%20and%20Telecommunications,source_reported_unharmonized
e1215_c9b3c38247,trade_services,Volume of freight transported by province(*),Total,VN_SRC_HAIDUONG,Hai Duong,2004,annual,10290.7,Thous. tons,not_specified,E1215,https://www.nso.gov.vn/en/px-web?pxid=E1215&theme=Transport%2C%20Postal%20Services%20and%20Telecommunications,source_reported_unharmonized
e1215_c9b3c38247,trade_services,Volume of freight transported by province(*),Total,VN_SRC_HAIDUONG,Hai Duong,2005,annual,13231.0,Thous. tons,not_specified,E1215,https://www.nso.gov.vn/en/px-web?pxid=E1215&theme=Transport%2C%20Postal%20Services%20and%20Telecommunications,source_reported_unharmonized
e1215_c9b3c38247,trade_services,Volume of freight transported by province(*),Total,VN_SRC_HAIDUONG,Hai Duong,2006,annual,16320.0,Thous. tons,not_specified,E1215,https://www.nso.gov.vn/en/px-web?pxid=E1215&theme=Transport%2C%20Postal%20Services%20and%20Telecommunications,source_reported_unharmonized
e1215_c9b3c38247,trade_services,Volume of freight transported by province(*),Total,VN_SRC_HAIDUONG,Hai Duong,2007,annual,20396.0,Thous. tons,not_specified,E1215,https://www.nso.gov.vn/en/px-web?pxid=E1215&theme=Transport%2C%20Postal%20Services%20and%20Telecommunications,source_reported_unharmonized
e1215_c9b3c38247,trade_services,Volume of freight transported by province(*),Total,VN_SRC_HAIDUONG,Hai Duong,2008,annual,22413.1,Thous. tons,not_specified,E1215,https://www.nso.gov.vn/en/px-web?pxid=E1215&theme=Transport%2C%20Postal%20Services%20and%20Telecommunications,source_reported_unharmonized
e1215_c9b3c38247,trade_services,Volume of freight transported by province(*),Total,VN_SRC_HAIDUONG,Hai Duong,2009,annual,27614.0,Thous. tons,not_specified,E1215,https://www.nso.gov.vn/en/px-web?pxid=E1215&theme=Transport%2C%20Postal%20Services%20and%20Telecommunications,source_reported_unharmonized
e1215_c9b3c38247,trade_services,Volume of freight transported by province(*),Total,VN_SRC_HAIDUONG,Hai Duong,2010,annual,31478.6,Thous. tons,not_specified,E1215,https://www.nso.gov.vn/en/px-web?pxid=E1215&theme=Transport%2C%20Postal%20Services%20and%20Telecommunications,source_reported_unharmonized
e1215_c9b3c38247,trade_services,Volume of freight transported by province(*),Total,VN_SRC_HAIDUONG,Hai Duong,2011,annual,33590.7,Thous. tons,not_specified,E1215,https://www.nso.gov.vn/en/px-web?pxid=E1215&theme=Transport%2C%20Postal%20Services%20and%20Telecommunications,source_reported_unharmonized
e1215_c9b3c38247,trade_services,Volume of freight transported by province(*),Total,VN_SRC_HAIDUONG,Hai Duong,2012,annual,38738.9,Thous. tons,not_specified,E1215,https://www.nso.gov.vn/en/px-web?pxid=E1215&theme=Transport%2C%20Postal%20Services%20and%20Telecommunications,source_reported_unharmonized
e1215_c9b3c38247,trade_services,Volume of freight transported by province(*),Total,VN_SRC_HAIDUONG,Hai Duong,2013,annual,43425.8,Thous. tons,not_specified,E1215,https://www.nso.gov.vn/en/px-web?pxid=E1215&theme=Transport%2C%20Postal%20Services%20and%20Telecommunications,source_reported_unharmonized
e1215_c9b3c38247,trade_services,Volume of freight transported by province(*),Total,VN_SRC_HAIDUONG,Hai Duong,2014,annual,48807.9,Thous. tons,not_specified,E1215,https://www.nso.gov.vn/en/px-web?pxid=E1215&theme=Transport%2C%20Postal%20Services%20and%20Telecommunications,source_reported_unharmonized
e1215_c9b3c38247,trade_services,Volume of freight transported by province(*),Total,VN_SRC_HAIDUONG,Hai Duong,2015,annual,53233.0,Thous. tons,not_specified,E1215,https://www.nso.gov.vn/en/px-web?pxid=E1215&theme=Transport%2C%20Postal%20Services%20and%20Telecommunications,source_reported_unharmonized
e1215_c9b3c38247,trade_services,Volume of freight transported by province(*),Total,VN_SRC_HAIDUONG,Hai Duong,2016,annual,57372.8,Thous. tons,not_specified,E1215,https://www.nso.gov.vn/en/px-web?pxid=E1215&theme=Transport%2C%20Postal%20Services%20and%20Telecommunications,source_reported_unharmonized
e1215_c9b3c38247,trade_services,Volume of freight transported by province(*),Total,VN_SRC_HAIDUONG,Hai Duong,2017,annual,60588.9,Thous. tons,not_specified,E1215,https://www.nso.gov.vn/en/px-web?pxid=E1215&theme=Transport%2C%20Postal%20Services%20and%20Telecommunications,source_reported_unharmonized
e1215_c9b3c38247,trade_services,Volume of freight transported by province(*),Total,VN_SRC_HAIDUONG,Hai Duong,2018,annual,65282.8,Thous. tons,not_specified,E1215,https://www.nso.gov.vn/en/px-web?pxid=E1215&theme=Transport%2C%20Postal%20Services%20and%20Telecommunications,source_reported_unharmonized
e1215_c9b3c38247,trade_services,Volume of freight transported by province(*),Total,VN_SRC_HAIDUONG,Hai Duong,2019,annual,71660.1,Thous. tons,not_specified,E1215,https://www.nso.gov.vn/en/px-web?pxid=E1215&theme=Transport%2C%20Postal%20Services%20and%20Telecommunications,source_reported_unharmonized
e1215_c9b3c38247,trade_services,Volume of freight transported by province(*),Total,VN_SRC_HAIDUONG,Hai Duong,2020,annual,67905.4,Thous. tons,not_specified,E1215,https://www.nso.gov.vn/en/px-web?pxid=E1215&theme=Transport%2C%20Postal%20Services%20and%20Telecommunications,source_reported_unharmonized
e1215_c9b3c38247,trade_services,Volume of freight transported by province(*),Total,VN_SRC_HAIDUONG,Hai Duong,2021,annual,66886.8,Thous. tons,not_specified,E1215,https://www.nso.gov.vn/en/px-web?pxid=E1215&theme=Transport%2C%20Postal%20Services%20and%20Telecommunications,source_reported_unharmonized
e1215_c9b3c38247,trade_services,Volume of freight transported by province(*),Total,VN_SRC_HAIDUONG,Hai Duong,2022,annual,85031.0,Thous. tons,not_specified,E1215,https://www.nso.gov.vn/en/px-web?pxid=E1215&theme=Transport%2C%20Postal%20Services%20and%20Telecommunications,source_reported_unharmonized
e1215_c9b3c38247,trade_services,Volume of freight transported by province(*),Total,VN_SRC_HAIDUONG,Hai Duong,2023,annual,93646.3,Thous. tons,not_specified,E1215,https://www.nso.gov.vn/en/px-web?pxid=E1215&theme=Transport%2C%20Postal%20Services%20and%20Telecommunications,source_reported_unharmonized
e1215_c9b3c38247,trade_services,Volume of freight transported by province(*),Total,VN_SRC_HAIDUONG,Hai Duong,2024,annual,104727.9,Thous. tons,not_specified,E1215,https://www.nso.gov.vn/en/px-web?pxid=E1215&theme=Transport%2C%20Postal%20Services%20and%20Telecommunications,source_reported_unharmonized
e1215_c9b3c38247,trade_services,Volume of freight transported by province(*),Total,VN_SRC_HAIDUONG,Hai Duong,2025,annual,116310.4,Thous. tons,preliminary,E1215,https://www.nso.gov.vn/en/px-web?pxid=E1215&theme=Transport%2C%20Postal%20Services%20and%20Telecommunications,source_reported_unharmonized
e1215_c9b3c38247,trade_services,Volume of freight transported by province(*),Total,VN_SRC_HAIPHONG,Hai Phong,2000,annual,8117.5,Thous. tons,not_specified,E1215,https://www.nso.gov.vn/en/px-web?pxid=E1215&theme=Transport%2C%20Postal%20Services%20and%20Telecommunications,source_reported_unharmonized
e1215_c9b3c38247,trade_services,Volume of freight transported by province(*),Total,VN_SRC_HAIPHONG,Hai Phong,2001,annual,12833.4,Thous. tons,not_specified,E1215,https://www.nso.gov.vn/en/px-web?pxid=E1215&theme=Transport%2C%20Postal%20Services%20and%20Telecommunications,source_reported_unharmonized
e1215_c9b3c38247,trade_services,Volume of freight transported by province(*),Total,VN_SRC_HAIPHONG,Hai Phong,2002,annual,17458.6,Thous. tons,not_specified,E1215,https://www.nso.gov.vn/en/px-web?pxid=E1215&theme=Transport%2C%20Postal%20Services%20and%20Telecommunications,source_reported_unharmonized
e1215_c9b3c38247,trade_services,Volume of freight transported by province(*),Total,VN_SRC_HAIPHONG,Hai Phong,2003,annual,17512.7,Thous. tons,not_specified,E1215,https://www.nso.gov.vn/en/px-web?pxid=E1215&theme=Transport%2C%20Postal%20Services%20and%20Telecommunications,source_reported_unharmonized
e1215_c9b3c38247,trade_services,Volume of freight transported by province(*),Total,VN_SRC_HAIPHONG,Hai Phong,2004,annual,18402.0,Thous. tons,not_specified,E1215,https://www.nso.gov.vn/en/px-web?pxid=E1215&theme=Transport%2C%20Postal%20Services%20and%20Telecommunications,source_reported_unharmonized
e1215_c9b3c38247,trade_services,Volume of freight transported by province(*),Total,VN_SRC_HAIPHONG,Hai Phong,2005,annual,19286.5,Thous. tons,not_specified,E1215,https://www.nso.gov.vn/en/px-web?pxid=E1215&theme=Transport%2C%20Postal%20Services%20and%20Telecommunications,source_reported_unharmonized
e1215_c9b3c38247,trade_services,Volume of freight transported by province(*),Total,VN_SRC_HAIPHONG,Hai Phong,2006,annual,19760.8,Thous. tons,not_specified,E1215,https://www.nso.gov.vn/en/px-web?pxid=E1215&theme=Transport%2C%20Postal%20Services%20and%20Telecommunications,source_reported_unharmonized
e1215_c9b3c38247,trade_services,Volume of freight transported by province(*),Total,VN_SRC_HAIPHONG,Hai Phong,2007,annual,28313.8,Thous. tons,not_specified,E1215,https://www.nso.gov.vn/en/px-web?pxid=E1215&theme=Transport%2C%20Postal%20Services%20and%20Telecommunications,source_reported_unharmonized
e1215_c9b3c38247,trade_services,Volume of freight transported by province(*),Total,VN_SRC_HAIPHONG,Hai Phong,2008,annual,35812.4,Thous. tons,not_specified,E1215,https://www.nso.gov.vn/en/px-web?pxid=E1215&theme=Transport%2C%20Postal%20Services%20and%20Telecommunications,source_reported_unharmonized
e1215_c9b3c38247,trade_services,Volume of freight transported by province(*),Total,VN_SRC_HAIPHONG,Hai Phong,2009,annual,36758.6,Thous. tons,not_specified,E1215,https://www.nso.gov.vn/en/px-web?pxid=E1215&theme=Transport%2C%20Postal%20Services%20and%20Telecommunications,source_reported_unharmonized
e1215_c9b3c38247,trade_services,Volume of freight transported by province(*),Total,VN_SRC_HAIPHONG,Hai Phong,2010,annual,40254.4,Thous. tons,not_specified,E1215,https://www.nso.gov.vn/en/px-web?pxid=E1215&theme=Transport%2C%20Postal%20Services%20and%20Telecommunications,source_reported_unharmonized
e1215_c9b3c38247,trade_services,Volume of freight transported by province(*),Total,VN_SRC_HAIPHONG,Hai Phong,2011,annual,47567.7,Thous. tons,not_specified,E1215,https://www.nso.gov.vn/en/px-web?pxid=E1215&theme=Transport%2C%20Postal%20Services%20and%20Telecommunications,source_reported_unharmonized
e1215_c9b3c38247,trade_services,Volume of freight transported by province(*),Total,VN_SRC_HAIPHONG,Hai Phong,2012,annual,51157.6,Thous. tons,not_specified,E1215,https://www.nso.gov.vn/en/px-web?pxid=E1215&theme=Transport%2C%20Postal%20Services%20and%20Telecommunications,source_reported_unharmonized
e1215_c9b3c38247,trade_services,Volume of freight transported by province(*),Total,VN_SRC_HAIPHONG,Hai Phong,2013,annual,58955.2,Thous. tons,not_specified,E1215,https://www.nso.gov.vn/en/px-web?pxid=E1215&theme=Transport%2C%20Postal%20Services%20and%20Telecommunications,source_reported_unharmonized
e1215_c9b3c38247,trade_services,Volume of freight transported by province(*),Total,VN_SRC_HAIPHONG,Hai Phong,2014,annual,62383.1,Thous. tons,not_specified,E1215,https://www.nso.gov.vn/en/px-web?pxid=E1215&theme=Transport%2C%20Postal%20Services%20and%20Telecommunications,source_reported_unharmonized
e1215_c9b3c38247,trade_services,Volume of freight transported by province(*),Total,VN_SRC_HAIPHONG,Hai Phong,2015,annual,70265.1,Thous. tons,not_specified,E1215,https://www.nso.gov.vn/en/px-web?pxid=E1215&theme=Transport%2C%20Postal%20Services%20and%20Telecommunications,source_reported_unharmonized
e1215_c9b3c38247,trade_services,Volume of freight transported by province(*),Total,VN_SRC_HAIPHONG,Hai Phong,2016,annual,80098.1,Thous. tons,not_specified,E1215,https://www.nso.gov.vn/en/px-web?pxid=E1215&theme=Transport%2C%20Postal%20Services%20and%20Telecommunications,source_reported_unharmonized
e1215_c9b3c38247,trade_services,Volume of freight transported by province(*),Total,VN_SRC_HAIPHONG,Hai Phong,2017,annual,92275.8,Thous. tons,not_specified,E1215,https://www.nso.gov.vn/en/px-web?pxid=E1215&theme=Transport%2C%20Postal%20Services%20and%20Telecommunications,source_reported_unharmonized
e1215_c9b3c38247,trade_services,Volume of freight transported by province(*),Total,VN_SRC_HAIPHONG,Hai Phong,2018,annual,106200.4,Thous. tons,not_specified,E1215,https://www.nso.gov.vn/en/px-web?pxid=E1215&theme=Transport%2C%20Postal%20Services%20and%20Telecommunications,source_reported_unharmonized
e1215_c9b3c38247,trade_services,Volume of freight transported by province(*),Total,VN_SRC_HAIPHONG,Hai Phong,2019,annual,121585.4,Thous. tons,not_specified,E1215,https://www.nso.gov.vn/en/px-web?pxid=E1215&theme=Transport%2C%20Postal%20Services%20and%20Telecommunications,source_reported_unharmonized
e1215_c9b3c38247,trade_services,Volume of freight transported by province(*),Total,VN_SRC_HAIPHONG,Hai Phong,2020,annual,125840.9,Thous. tons,not_specified,E1215,https://www.nso.gov.vn/en/px-web?pxid=E1215&theme=Transport%2C%20Postal%20Services%20and%20Telecommunications,source_reported_unharmonized
e1215_c9b3c38247,trade_services,Volume of freight transported by province(*),Total,VN_SRC_HAIPHONG,Hai Phong,2021,annual,128609.4,Thous. tons,not_specified,E1215,https://www.nso.gov.vn/en/px-web?pxid=E1215&theme=Transport%2C%20Postal%20Services%20and%20Telecommunications,source_reported_unharmonized
e1215_c9b3c38247,trade_services,Volume of freight transported by province(*),Total,VN_SRC_HAIPHONG,Hai Phong,2022,annual,152402.1,Thous. tons,not_specified,E1215,https://www.nso.gov.vn/en/px-web?pxid=E1215&theme=Transport%2C%20Postal%20Services%20and%20Telecommunications,source_reported_unharmonized
e1215_c9b3c38247,trade_services,Volume of freight transported by province(*),Total,VN_SRC_HAIPHONG,Hai Phong,2023,annual,163698.9,Thous. tons,not_specified,E1215,https://www.nso.gov.vn/en/px-web?pxid=E1215&theme=Transport%2C%20Postal%20Services%20and%20Telecommunications,source_reported_unharmonized
e1215_c9b3c38247,trade_services,Volume of freight transported by province(*),Total,VN_SRC_HAIPHONG,Hai Phong,2024,annual,179146.8,Thous. tons,not_specified,E1215,https://www.nso.gov.vn/en/px-web?pxid=E1215&theme=Transport%2C%20Postal%20Services%20and%20Telecommunications,source_reported_unharmonized
e1215_c9b3c38247,trade_services,Volume of freight transported by province(*),Total,VN_SRC_HAIPHONG,Hai Phong,2025,annual,200140.8,Thous. tons,preliminary,E1215,https://www.nso.gov.vn/en/px-web?pxid=E1215&theme=Transport%2C%20Postal%20Services%20and%20Telecommunications,source_reported_unharmonized
e1215_c9b3c38247,trade_services,Volume of freight transported by province(*),Total,VN_SRC_HUNGYEN,Hung Yen,2000,annual,4151.0,Thous. tons,not_specified,E1215,https://www.nso.gov.vn/en/px-web?pxid=E1215&theme=Transport%2C%20Postal%20Services%20and%20Telecommunications,source_reported_unharmonized
e1215_c9b3c38247,trade_services,Volume of freight transported by province(*),Total,VN_SRC_HUNGYEN,Hung Yen,2001,annual,4187.0,Thous. tons,not_specified,E1215,https://www.nso.gov.vn/en/px-web?pxid=E1215&theme=Transport%2C%20Postal%20Services%20and%20Telecommunications,source_reported_unharmonized
e1215_c9b3c38247,trade_services,Volume of freight transported by province(*),Total,VN_SRC_HUNGYEN,Hung Yen,2002,annual,4295.0,Thous. tons,not_specified,E1215,https://www.nso.gov.vn/en/px-web?pxid=E1215&theme=Transport%2C%20Postal%20Services%20and%20Telecommunications,source_reported_unharmonized
e1215_c9b3c38247,trade_services,Volume of freight transported by province(*),Total,VN_SRC_HUNGYEN,Hung Yen,2003,annual,4449.0,Thous. tons,not_specified,E1215,https://www.nso.gov.vn/en/px-web?pxid=E1215&theme=Transport%2C%20Postal%20Services%20and%20Telecommunications,source_reported_unharmonized
e1215_c9b3c38247,trade_services,Volume of freight transported by province(*),Total,VN_SRC_HUNGYEN,Hung Yen,2004,annual,4808.0,Thous. tons,not_specified,E1215,https://www.nso.gov.vn/en/px-web?pxid=E1215&theme=Transport%2C%20Postal%20Services%20and%20Telecommunications,source_reported_unharmonized
e1215_c9b3c38247,trade_services,Volume of freight transported by province(*),Total,VN_SRC_HUNGYEN,Hung Yen,2005,annual,5979.0,Thous. tons,not_specified,E1215,https://www.nso.gov.vn/en/px-web?pxid=E1215&theme=Transport%2C%20Postal%20Services%20and%20Telecommunications,source_reported_unharmonized
e1215_c9b3c38247,trade_services,Volume of freight transported by province(*),Total,VN_SRC_HUNGYEN,Hung Yen,2006,annual,6777.0,Thous. tons,not_specified,E1215,https://www.nso.gov.vn/en/px-web?pxid=E1215&theme=Transport%2C%20Postal%20Services%20and%20Telecommunications,source_reported_unharmonized
e1215_c9b3c38247,trade_services,Volume of freight transported by province(*),Total,VN_SRC_HUNGYEN,Hung Yen,2007,annual,9692.0,Thous. tons,not_specified,E1215,https://www.nso.gov.vn/en/px-web?pxid=E1215&theme=Transport%2C%20Postal%20Services%20and%20Telecommunications,source_reported_unharmonized
e1215_c9b3c38247,trade_services,Volume of freight transported by province(*),Total,VN_SRC_HUNGYEN,Hung Yen,2008,annual,10407.0,Thous. tons,not_specified,E1215,https://www.nso.gov.vn/en/px-web?pxid=E1215&theme=Transport%2C%20Postal%20Services%20and%20Telecommunications,source_reported_unharmonized
e1215_c9b3c38247,trade_services,Volume of freight transported by province(*),Total,VN_SRC_HUNGYEN,Hung Yen,2009,annual,11467.0,Thous. tons,not_specified,E1215,https://www.nso.gov.vn/en/px-web?pxid=E1215&theme=Transport%2C%20Postal%20Services%20and%20Telecommunications,source_reported_unharmonized
e1215_c9b3c38247,trade_services,Volume of freight transported by province(*),Total,VN_SRC_HUNGYEN,Hung Yen,2010,annual,13406.0,Thous. tons,not_specified,E1215,https://www.nso.gov.vn/en/px-web?pxid=E1215&theme=Transport%2C%20Postal%20Services%20and%20Telecommunications,source_reported_unharmonized
e1215_c9b3c38247,trade_services,Volume of freight transported by province(*),Total,VN_SRC_HUNGYEN,Hung Yen,2011,annual,14319.4,Thous. tons,not_specified,E1215,https://www.nso.gov.vn/en/px-web?pxid=E1215&theme=Transport%2C%20Postal%20Services%20and%20Telecommunications,source_reported_unharmonized
e1215_c9b3c38247,trade_services,Volume of freight transported by province(*),Total,VN_SRC_HUNGYEN,Hung Yen,2012,annual,17059.1,Thous. tons,not_specified,E1215,https://www.nso.gov.vn/en/px-web?pxid=E1215&theme=Transport%2C%20Postal%20Services%20and%20Telecommunications,source_reported_unharmonized
e1215_c9b3c38247,trade_services,Volume of freight transported by province(*),Total,VN_SRC_HUNGYEN,Hung Yen,2013,annual,18765.9,Thous. tons,not_specified,E1215,https://www.nso.gov.vn/en/px-web?pxid=E1215&theme=Transport%2C%20Postal%20Services%20and%20Telecommunications,source_reported_unharmonized
e1215_c9b3c38247,trade_services,Volume of freight transported by province(*),Total,VN_SRC_HUNGYEN,Hung Yen,2014,annual,19707.6,Thous. tons,not_specified,E1215,https://www.nso.gov.vn/en/px-web?pxid=E1215&theme=Transport%2C%20Postal%20Services%20and%20Telecommunications,source_reported_unharmonized
e1215_c9b3c38247,trade_services,Volume of freight transported by province(*),Total,VN_SRC_HUNGYEN,Hung Yen,2015,annual,21608.7,Thous. tons,not_specified,E1215,https://www.nso.gov.vn/en/px-web?pxid=E1215&theme=Transport%2C%20Postal%20Services%20and%20Telecommunications,source_reported_unharmonized
e1215_c9b3c38247,trade_services,Volume of freight transported by province(*),Total,VN_SRC_HUNGYEN,Hung Yen,2016,annual,23687.4,Thous. tons,not_specified,E1215,https://www.nso.gov.vn/en/px-web?pxid=E1215&theme=Transport%2C%20Postal%20Services%20and%20Telecommunications,source_reported_unharmonized
e1215_c9b3c38247,trade_services,Volume of freight transported by province(*),Total,VN_SRC_HUNGYEN,Hung Yen,2017,annual,26885.8,Thous. tons,not_specified,E1215,https://www.nso.gov.vn/en/px-web?pxid=E1215&theme=Transport%2C%20Postal%20Services%20and%20Telecommunications,source_reported_unharmonized
e1215_c9b3c38247,trade_services,Volume of freight transported by province(*),Total,VN_SRC_HUNGYEN,Hung Yen,2018,annual,30627.5,Thous. tons,not_specified,E1215,https://www.nso.gov.vn/en/px-web?pxid=E1215&theme=Transport%2C%20Postal%20Services%20and%20Telecommunications,source_reported_unharmonized
e1215_c9b3c38247,trade_services,Volume of freight transported by province(*),Total,VN_SRC_HUNGYEN,Hung Yen,2019,annual,33909.8,Thous. tons,not_specified,E1215,https://www.nso.gov.vn/en/px-web?pxid=E1215&theme=Transport%2C%20Postal%20Services%20and%20Telecommunications,source_reported_unharmonized
e1215_c9b3c38247,trade_services,Volume of freight transported by province(*),Total,VN_SRC_HUNGYEN,Hung Yen,2020,annual,34620.6,Thous. tons,not_specified,E1215,https://www.nso.gov.vn/en/px-web?pxid=E1215&theme=Transport%2C%20Postal%20Services%20and%20Telecommunications,source_reported_unharmonized
e1215_c9b3c38247,trade_services,Volume of freight transported by province(*),Total,VN_SRC_HUNGYEN,Hung Yen,2021,annual,33062.7,Thous. tons,not_specified,E1215,https://www.nso.gov.vn/en/px-web?pxid=E1215&theme=Transport%2C%20Postal%20Services%20and%20Telecommunications,source_reported_unharmonized
e1215_c9b3c38247,trade_services,Volume of freight transported by province(*),Total,VN_SRC_HUNGYEN,Hung Yen,2022,annual,36203.6,Thous. tons,not_specified,E1215,https://www.nso.gov.vn/en/px-web?pxid=E1215&theme=Transport%2C%20Postal%20Services%20and%20Telecommunications,source_reported_unharmonized
e1215_c9b3c38247,trade_services,Volume of freight transported by province(*),Total,VN_SRC_HUNGYEN,Hung Yen,2023,annual,37727.9,Thous. tons,not_specified,E1215,https://www.nso.gov.vn/en/px-web?pxid=E1215&theme=Transport%2C%20Postal%20Services%20and%20Telecommunications,source_reported_unharmonized
e1215_c9b3c38247,trade_services,Volume of freight transported by province(*),Total,VN_SRC_HUNGYEN,Hung Yen,2024,annual,43756.4,Thous. tons,not_specified,E1215,https://www.nso.gov.vn/en/px-web?pxid=E1215&theme=Transport%2C%20Postal%20Services%20and%20Telecommunications,source_reported_unharmonized
e1215_c9b3c38247,trade_services,Volume of freight transported by province(*),Total,VN_SRC_HUNGYEN,Hung Yen,2025,annual,48566.4,Thous. tons,preliminary,E1215,https://www.nso.gov.vn/en/px-web?pxid=E1215&theme=Transport%2C%20Postal%20Services%20and%20Telecommunications,source_reported_unharmonized
e1215_c9b3c38247,trade_services,Volume of freight transported by province(*),Total,VN_SRC_THAIBINH,Thai Binh,2000,annual,2956.1,Thous. tons,not_specified,E1215,https://www.nso.gov.vn/en/px-web?pxid=E1215&theme=Transport%2C%20Postal%20Services%20and%20Telecommunications,source_reported_unharmonized
e1215_c9b3c38247,trade_services,Volume of freight transported by province(*),Total,VN_SRC_THAIBINH,Thai Binh,2001,annual,3277.6,Thous. tons,not_specified,E1215,https://www.nso.gov.vn/en/px-web?pxid=E1215&theme=Transport%2C%20Postal%20Services%20and%20Telecommunications,source_reported_unharmonized
e1215_c9b3c38247,trade_services,Volume of freight transported by province(*),Total,VN_SRC_THAIBINH,Thai Binh,2002,annual,3730.9,Thous. tons,not_specified,E1215,https://www.nso.gov.vn/en/px-web?pxid=E1215&theme=Transport%2C%20Postal%20Services%20and%20Telecommunications,source_reported_unharmonized
e1215_c9b3c38247,trade_services,Volume of freight transported by province(*),Total,VN_SRC_THAIBINH,Thai Binh,2003,annual,4260.8,Thous. tons,not_specified,E1215,https://www.nso.gov.vn/en/px-web?pxid=E1215&theme=Transport%2C%20Postal%20Services%20and%20Telecommunications,source_reported_unharmonized
e1215_c9b3c38247,trade_services,Volume of freight transported by province(*),Total,VN_SRC_THAIBINH,Thai Binh,2004,annual,5012.5,Thous. tons,not_specified,E1215,https://www.nso.gov.vn/en/px-web?pxid=E1215&theme=Transport%2C%20Postal%20Services%20and%20Telecommunications,source_reported_unharmonized
e1215_c9b3c38247,trade_services,Volume of freight transported by province(*),Total,VN_SRC_THAIBINH,Thai Binh,2005,annual,7121.7,Thous. tons,not_specified,E1215,https://www.nso.gov.vn/en/px-web?pxid=E1215&theme=Transport%2C%20Postal%20Services%20and%20Telecommunications,source_reported_unharmonized
e1215_c9b3c38247,trade_services,Volume of freight transported by province(*),Total,VN_SRC_THAIBINH,Thai Binh,2006,annual,7183.8,Thous. tons,not_specified,E1215,https://www.nso.gov.vn/en/px-web?pxid=E1215&theme=Transport%2C%20Postal%20Services%20and%20Telecommunications,source_reported_unharmonized
e1215_c9b3c38247,trade_services,Volume of freight transported by province(*),Total,VN_SRC_THAIBINH,Thai Binh,2007,annual,7818.1,Thous. tons,not_specified,E1215,https://www.nso.gov.vn/en/px-web?pxid=E1215&theme=Transport%2C%20Postal%20Services%20and%20Telecommunications,source_reported_unharmonized
e1215_c9b3c38247,trade_services,Volume of freight transported by province(*),Total,VN_SRC_THAIBINH,Thai Binh,2008,annual,8700.0,Thous. tons,not_specified,E1215,https://www.nso.gov.vn/en/px-web?pxid=E1215&theme=Transport%2C%20Postal%20Services%20and%20Telecommunications,source_reported_unharmonized
e1215_c9b3c38247,trade_services,Volume of freight transported by province(*),Total,VN_SRC_THAIBINH,Thai Binh,2009,annual,9558.0,Thous. tons,not_specified,E1215,https://www.nso.gov.vn/en/px-web?pxid=E1215&theme=Transport%2C%20Postal%20Services%20and%20Telecommunications,source_reported_unharmonized
e1215_c9b3c38247,trade_services,Volume of freight transported by province(*),Total,VN_SRC_THAIBINH,Thai Binh,2010,annual,12777.8,Thous. tons,not_specified,E1215,https://www.nso.gov.vn/en/px-web?pxid=E1215&theme=Transport%2C%20Postal%20Services%20and%20Telecommunications,source_reported_unharmonized
e1215_c9b3c38247,trade_services,Volume of freight transported by province(*),Total,VN_SRC_THAIBINH,Thai Binh,2011,annual,14948.4,Thous. tons,not_specified,E1215,https://www.nso.gov.vn/en/px-web?pxid=E1215&theme=Transport%2C%20Postal%20Services%20and%20Telecommunications,source_reported_unharmonized
e1215_c9b3c38247,trade_services,Volume of freight transported by province(*),Total,VN_SRC_THAIBINH,Thai Binh,2012,annual,16912.8,Thous. tons,not_specified,E1215,https://www.nso.gov.vn/en/px-web?pxid=E1215&theme=Transport%2C%20Postal%20Services%20and%20Telecommunications,source_reported_unharmonized
e1215_c9b3c38247,trade_services,Volume of freight transported by province(*),Total,VN_SRC_THAIBINH,Thai Binh,2013,annual,14215.9,Thous. tons,not_specified,E1215,https://www.nso.gov.vn/en/px-web?pxid=E1215&theme=Transport%2C%20Postal%20Services%20and%20Telecommunications,source_reported_unharmonized
e1215_c9b3c38247,trade_services,Volume of freight transported by province(*),Total,VN_SRC_THAIBINH,Thai Binh,2014,annual,15134.9,Thous. tons,not_specified,E1215,https://www.nso.gov.vn/en/px-web?pxid=E1215&theme=Transport%2C%20Postal%20Services%20and%20Telecommunications,source_reported_unharmonized
e1215_c9b3c38247,trade_services,Volume of freight transported by province(*),Total,VN_SRC_THAIBINH,Thai Binh,2015,annual,16446.0,Thous. tons,not_specified,E1215,https://www.nso.gov.vn/en/px-web?pxid=E1215&theme=Transport%2C%20Postal%20Services%20and%20Telecommunications,source_reported_unharmonized
e1215_c9b3c38247,trade_services,Volume of freight transported by province(*),Total,VN_SRC_THAIBINH,Thai Binh,2016,annual,17872.2,Thous. tons,not_specified,E1215,https://www.nso.gov.vn/en/px-web?pxid=E1215&theme=Transport%2C%20Postal%20Services%20and%20Telecommunications,source_reported_unharmonized
e1215_c9b3c38247,trade_services,Volume of freight transported by province(*),Total,VN_SRC_THAIBINH,Thai Binh,2017,annual,19022.8,Thous. tons,not_specified,E1215,https://www.nso.gov.vn/en/px-web?pxid=E1215&theme=Transport%2C%20Postal%20Services%20and%20Telecommunications,source_reported_unharmonized
e1215_c9b3c38247,trade_services,Volume of freight transported by province(*),Total,VN_SRC_THAIBINH,Thai Binh,2018,annual,19328.9,Thous. tons,not_specified,E1215,https://www.nso.gov.vn/en/px-web?pxid=E1215&theme=Transport%2C%20Postal%20Services%20and%20Telecommunications,source_reported_unharmonized
e1215_c9b3c38247,trade_services,Volume of freight transported by province(*),Total,VN_SRC_THAIBINH,Thai Binh,2019,annual,21724.2,Thous. tons,not_specified,E1215,https://www.nso.gov.vn/en/px-web?pxid=E1215&theme=Transport%2C%20Postal%20Services%20and%20Telecommunications,source_reported_unharmonized
e1215_c9b3c38247,trade_services,Volume of freight transported by province(*),Total,VN_SRC_THAIBINH,Thai Binh,2020,annual,21302.3,Thous. tons,not_specified,E1215,https://www.nso.gov.vn/en/px-web?pxid=E1215&theme=Transport%2C%20Postal%20Services%20and%20Telecommunications,source_reported_unharmonized
e1215_c9b3c38247,trade_services,Volume of freight transported by province(*),Total,VN_SRC_THAIBINH,Thai Binh,2021,annual,22665.6,Thous. tons,not_specified,E1215,https://www.nso.gov.vn/en/px-web?pxid=E1215&theme=Transport%2C%20Postal%20Services%20and%20Telecommunications,source_reported_unharmonized
e1215_c9b3c38247,trade_services,Volume of freight transported by province(*),Total,VN_SRC_THAIBINH,Thai Binh,2022,annual,29125.4,Thous. tons,not_specified,E1215,https://www.nso.gov.vn/en/px-web?pxid=E1215&theme=Transport%2C%20Postal%20Services%20and%20Telecommunications,source_reported_unharmonized
e1215_c9b3c38247,trade_services,Volume of freight transported by province(*),Total,VN_SRC_THAIBINH,Thai Binh,2023,annual,34128.7,Thous. tons,not_specified,E1215,https://www.nso.gov.vn/en/px-web?pxid=E1215&theme=Transport%2C%20Postal%20Services%20and%20Telecommunications,source_reported_unharmonized
e1215_c9b3c38247,trade_services,Volume of freight transported by province(*),Total,VN_SRC_THAIBINH,Thai Binh,2024,annual,37298.1,Thous. tons,not_specified,E1215,https://www.nso.gov.vn/en/px-web?pxid=E1215&theme=Transport%2C%20Postal%20Services%20and%20Telecommunications,source_reported_unharmonized
e1215_c9b3c38247,trade_services,Volume of freight transported by province(*),Total,VN_SRC_THAIBINH,Thai Binh,2025,annual,39584.5,Thous. tons,preliminary,E1215,https://www.nso.gov.vn/en/px-web?pxid=E1215&theme=Transport%2C%20Postal%20Services%20and%20Telecommunications,source_reported_unharmonized
e1215_c9b3c38247,trade_services,Volume of freight transported by province(*),Total,VN_SRC_HANAM,Ha Nam,2000,annual,1752.7,Thous. tons,not_specified,E1215,https://www.nso.gov.vn/en/px-web?pxid=E1215&theme=Transport%2C%20Postal%20Services%20and%20Telecommunications,source_reported_unharmonized
e1215_c9b3c38247,trade_services,Volume of freight transported by province(*),Total,VN_SRC_HANAM,Ha Nam,2001,annual,1928.7,Thous. tons,not_specified,E1215,https://www.nso.gov.vn/en/px-web?pxid=E1215&theme=Transport%2C%20Postal%20Services%20and%20Telecommunications,source_reported_unharmonized
e1215_c9b3c38247,trade_services,Volume of freight transported by province(*),Total,VN_SRC_HANAM,Ha Nam,2002,annual,2142.1,Thous. tons,not_specified,E1215,https://www.nso.gov.vn/en/px-web?pxid=E1215&theme=Transport%2C%20Postal%20Services%20and%20Telecommunications,source_reported_unharmonized
e1215_c9b3c38247,trade_services,Volume of freight transported by province(*),Total,VN_SRC_HANAM,Ha Nam,2003,annual,2314.8,Thous. tons,not_specified,E1215,https://www.nso.gov.vn/en/px-web?pxid=E1215&theme=Transport%2C%20Postal%20Services%20and%20Telecommunications,source_reported_unharmonized
e1215_c9b3c38247,trade_services,Volume of freight transported by province(*),Total,VN_SRC_HANAM,Ha Nam,2004,annual,2938.0,Thous. tons,not_specified,E1215,https://www.nso.gov.vn/en/px-web?pxid=E1215&theme=Transport%2C%20Postal%20Services%20and%20Telecommunications,source_reported_unharmonized
e1215_c9b3c38247,trade_services,Volume of freight transported by province(*),Total,VN_SRC_HANAM,Ha Nam,2005,annual,3122.0,Thous. tons,not_specified,E1215,https://www.nso.gov.vn/en/px-web?pxid=E1215&theme=Transport%2C%20Postal%20Services%20and%20Telecommunications,source_reported_unharmonized
e1215_c9b3c38247,trade_services,Volume of freight transported by province(*),Total,VN_SRC_HANAM,Ha Nam,2006,annual,4500.0,Thous. tons,not_specified,E1215,https://www.nso.gov.vn/en/px-web?pxid=E1215&theme=Transport%2C%20Postal%20Services%20and%20Telecommunications,source_reported_unharmonized
e1215_c9b3c38247,trade_services,Volume of freight transported by province(*),Total,VN_SRC_HANAM,Ha Nam,2007,annual,5447.9,Thous. tons,not_specified,E1215,https://www.nso.gov.vn/en/px-web?pxid=E1215&theme=Transport%2C%20Postal%20Services%20and%20Telecommunications,source_reported_unharmonized
e1215_c9b3c38247,trade_services,Volume of freight transported by province(*),Total,VN_SRC_HANAM,Ha Nam,2008,annual,5423.5,Thous. tons,not_specified,E1215,https://www.nso.gov.vn/en/px-web?pxid=E1215&theme=Transport%2C%20Postal%20Services%20and%20Telecommunications,source_reported_unharmonized
e1215_c9b3c38247,trade_services,Volume of freight transported by province(*),Total,VN_SRC_HANAM,Ha Nam,2009,annual,6078.1,Thous. tons,not_specified,E1215,https://www.nso.gov.vn/en/px-web?pxid=E1215&theme=Transport%2C%20Postal%20Services%20and%20Telecommunications,source_reported_unharmonized
e1215_c9b3c38247,trade_services,Volume of freight transported by province(*),Total,VN_SRC_HANAM,Ha Nam,2010,annual,6644.2,Thous. tons,not_specified,E1215,https://www.nso.gov.vn/en/px-web?pxid=E1215&theme=Transport%2C%20Postal%20Services%20and%20Telecommunications,source_reported_unharmonized
e1215_c9b3c38247,trade_services,Volume of freight transported by province(*),Total,VN_SRC_HANAM,Ha Nam,2011,annual,7773.9,Thous. tons,not_specified,E1215,https://www.nso.gov.vn/en/px-web?pxid=E1215&theme=Transport%2C%20Postal%20Services%20and%20Telecommunications,source_reported_unharmonized
e1215_c9b3c38247,trade_services,Volume of freight transported by province(*),Total,VN_SRC_HANAM,Ha Nam,2012,annual,8222.4,Thous. tons,not_specified,E1215,https://www.nso.gov.vn/en/px-web?pxid=E1215&theme=Transport%2C%20Postal%20Services%20and%20Telecommunications,source_reported_unharmonized
e1215_c9b3c38247,trade_services,Volume of freight transported by province(*),Total,VN_SRC_HANAM,Ha Nam,2013,annual,9155.5,Thous. tons,not_specified,E1215,https://www.nso.gov.vn/en/px-web?pxid=E1215&theme=Transport%2C%20Postal%20Services%20and%20Telecommunications,source_reported_unharmonized
e1215_c9b3c38247,trade_services,Volume of freight transported by province(*),Total,VN_SRC_HANAM,Ha Nam,2014,annual,9556.3,Thous. tons,not_specified,E1215,https://www.nso.gov.vn/en/px-web?pxid=E1215&theme=Transport%2C%20Postal%20Services%20and%20Telecommunications,source_reported_unharmonized
e1215_c9b3c38247,trade_services,Volume of freight transported by province(*),Total,VN_SRC_HANAM,Ha Nam,2015,annual,10062.7,Thous. tons,not_specified,E1215,https://www.nso.gov.vn/en/px-web?pxid=E1215&theme=Transport%2C%20Postal%20Services%20and%20Telecommunications,source_reported_unharmonized
e1215_c9b3c38247,trade_services,Volume of freight transported by province(*),Total,VN_SRC_HANAM,Ha Nam,2016,annual,10818.3,Thous. tons,not_specified,E1215,https://www.nso.gov.vn/en/px-web?pxid=E1215&theme=Transport%2C%20Postal%20Services%20and%20Telecommunications,source_reported_unharmonized
e1215_c9b3c38247,trade_services,Volume of freight transported by province(*),Total,VN_SRC_HANAM,Ha Nam,2017,annual,11897.8,Thous. tons,not_specified,E1215,https://www.nso.gov.vn/en/px-web?pxid=E1215&theme=Transport%2C%20Postal%20Services%20and%20Telecommunications,source_reported_unharmonized
e1215_c9b3c38247,trade_services,Volume of freight transported by province(*),Total,VN_SRC_HANAM,Ha Nam,2018,annual,14765.3,Thous. tons,not_specified,E1215,https://www.nso.gov.vn/en/px-web?pxid=E1215&theme=Transport%2C%20Postal%20Services%20and%20Telecommunications,source_reported_unharmonized
e1215_c9b3c38247,trade_services,Volume of freight transported by province(*),Total,VN_SRC_HANAM,Ha Nam,2019,annual,15663.8,Thous. tons,not_specified,E1215,https://www.nso.gov.vn/en/px-web?pxid=E1215&theme=Transport%2C%20Postal%20Services%20and%20Telecommunications,source_reported_unharmonized
e1215_c9b3c38247,trade_services,Volume of freight transported by province(*),Total,VN_SRC_HANAM,Ha Nam,2020,annual,15031.6,Thous. tons,not_specified,E1215,https://www.nso.gov.vn/en/px-web?pxid=E1215&theme=Transport%2C%20Postal%20Services%20and%20Telecommunications,source_reported_unharmonized
e1215_c9b3c38247,trade_services,Volume of freight transported by province(*),Total,VN_SRC_HANAM,Ha Nam,2021,annual,14956.4,Thous. tons,not_specified,E1215,https://www.nso.gov.vn/en/px-web?pxid=E1215&theme=Transport%2C%20Postal%20Services%20and%20Telecommunications,source_reported_unharmonized
e1215_c9b3c38247,trade_services,Volume of freight transported by province(*),Total,VN_SRC_HANAM,Ha Nam,2022,annual,17723.4,Thous. tons,not_specified,E1215,https://www.nso.gov.vn/en/px-web?pxid=E1215&theme=Transport%2C%20Postal%20Services%20and%20Telecommunications,source_reported_unharmonized
e1215_c9b3c38247,trade_services,Volume of freight transported by province(*),Total,VN_SRC_HANAM,Ha Nam,2023,annual,19474.5,Thous. tons,not_specified,E1215,https://www.nso.gov.vn/en/px-web?pxid=E1215&theme=Transport%2C%20Postal%20Services%20and%20Telecommunications,source_reported_unharmonized
e1215_c9b3c38247,trade_services,Volume of freight transported by province(*),Total,VN_SRC_HANAM,Ha Nam,2024,annual,21760.8,Thous. tons,not_specified,E1215,https://www.nso.gov.vn/en/px-web?pxid=E1215&theme=Transport%2C%20Postal%20Services%20and%20Telecommunications,source_reported_unharmonized
e1215_c9b3c38247,trade_services,Volume of freight transported by province(*),Total,VN_SRC_HANAM,Ha Nam,2025,annual,24308.1,Thous. tons,preliminary,E1215,https://www.nso.gov.vn/en/px-web?pxid=E1215&theme=Transport%2C%20Postal%20Services%20and%20Telecommunications,source_reported_unharmonized
e1215_c9b3c38247,trade_services,Volume of freight transported by province(*),Total,VN_SRC_NAMDINH,Nam Dinh,2000,annual,4656.0,Thous. tons,not_specified,E1215,https://www.nso.gov.vn/en/px-web?pxid=E1215&theme=Transport%2C%20Postal%20Services%20and%20Telecommunications,source_reported_unharmonized
e1215_c9b3c38247,trade_services,Volume of freight transported by province(*),Total,VN_SRC_NAMDINH,Nam Dinh,2001,annual,5013.0,Thous. tons,not_specified,E1215,https://www.nso.gov.vn/en/px-web?pxid=E1215&theme=Transport%2C%20Postal%20Services%20and%20Telecommunications,source_reported_unharmonized
e1215_c9b3c38247,trade_services,Volume of freight transported by province(*),Total,VN_SRC_NAMDINH,Nam Dinh,2002,annual,5865.0,Thous. tons,not_specified,E1215,https://www.nso.gov.vn/en/px-web?pxid=E1215&theme=Transport%2C%20Postal%20Services%20and%20Telecommunications,source_reported_unharmonized
e1215_c9b3c38247,trade_services,Volume of freight transported by province(*),Total,VN_SRC_NAMDINH,Nam Dinh,2003,annual,6695.0,Thous. tons,not_specified,E1215,https://www.nso.gov.vn/en/px-web?pxid=E1215&theme=Transport%2C%20Postal%20Services%20and%20Telecommunications,source_reported_unharmonized
e1215_c9b3c38247,trade_services,Volume of freight transported by province(*),Total,VN_SRC_NAMDINH,Nam Dinh,2004,annual,7326.0,Thous. tons,not_specified,E1215,https://www.nso.gov.vn/en/px-web?pxid=E1215&theme=Transport%2C%20Postal%20Services%20and%20Telecommunications,source_reported_unharmonized
e1215_c9b3c38247,trade_services,Volume of freight transported by province(*),Total,VN_SRC_NAMDINH,Nam Dinh,2005,annual,7988.0,Thous. tons,not_specified,E1215,https://www.nso.gov.vn/en/px-web?pxid=E1215&theme=Transport%2C%20Postal%20Services%20and%20Telecommunications,source_reported_unharmonized
e1215_c9b3c38247,trade_services,Volume of freight transported by province(*),Total,VN_SRC_NAMDINH,Nam Dinh,2006,annual,8609.0,Thous. tons,not_specified,E1215,https://www.nso.gov.vn/en/px-web?pxid=E1215&theme=Transport%2C%20Postal%20Services%20and%20Telecommunications,source_reported_unharmonized
e1215_c9b3c38247,trade_services,Volume of freight transported by province(*),Total,VN_SRC_NAMDINH,Nam Dinh,2007,annual,9480.0,Thous. tons,not_specified,E1215,https://www.nso.gov.vn/en/px-web?pxid=E1215&theme=Transport%2C%20Postal%20Services%20and%20Telecommunications,source_reported_unharmonized
e1215_c9b3c38247,trade_services,Volume of freight transported by province(*),Total,VN_SRC_NAMDINH,Nam Dinh,2008,annual,10994.0,Thous. tons,not_specified,E1215,https://www.nso.gov.vn/en/px-web?pxid=E1215&theme=Transport%2C%20Postal%20Services%20and%20Telecommunications,source_reported_unharmonized
e1215_c9b3c38247,trade_services,Volume of freight transported by province(*),Total,VN_SRC_NAMDINH,Nam Dinh,2009,annual,13564.0,Thous. tons,not_specified,E1215,https://www.nso.gov.vn/en/px-web?pxid=E1215&theme=Transport%2C%20Postal%20Services%20and%20Telecommunications,source_reported_unharmonized
e1215_c9b3c38247,trade_services,Volume of freight transported by province(*),Total,VN_SRC_NAMDINH,Nam Dinh,2010,annual,15854.3,Thous. tons,not_specified,E1215,https://www.nso.gov.vn/en/px-web?pxid=E1215&theme=Transport%2C%20Postal%20Services%20and%20Telecommunications,source_reported_unharmonized
e1215_c9b3c38247,trade_services,Volume of freight transported by province(*),Total,VN_SRC_NAMDINH,Nam Dinh,2011,annual,16642.9,Thous. tons,not_specified,E1215,https://www.nso.gov.vn/en/px-web?pxid=E1215&theme=Transport%2C%20Postal%20Services%20and%20Telecommunications,source_reported_unharmonized
e1215_c9b3c38247,trade_services,Volume of freight transported by province(*),Total,VN_SRC_NAMDINH,Nam Dinh,2012,annual,19491.3,Thous. tons,not_specified,E1215,https://www.nso.gov.vn/en/px-web?pxid=E1215&theme=Transport%2C%20Postal%20Services%20and%20Telecommunications,source_reported_unharmonized
e1215_c9b3c38247,trade_services,Volume of freight transported by province(*),Total,VN_SRC_NAMDINH,Nam Dinh,2013,annual,21511.6,Thous. tons,not_specified,E1215,https://www.nso.gov.vn/en/px-web?pxid=E1215&theme=Transport%2C%20Postal%20Services%20and%20Telecommunications,source_reported_unharmonized
e1215_c9b3c38247,trade_services,Volume of freight transported by province(*),Total,VN_SRC_NAMDINH,Nam Dinh,2014,annual,22657.1,Thous. tons,not_specified,E1215,https://www.nso.gov.vn/en/px-web?pxid=E1215&theme=Transport%2C%20Postal%20Services%20and%20Telecommunications,source_reported_unharmonized
e1215_c9b3c38247,trade_services,Volume of freight transported by province(*),Total,VN_SRC_NAMDINH,Nam Dinh,2015,annual,22799.4,Thous. tons,not_specified,E1215,https://www.nso.gov.vn/en/px-web?pxid=E1215&theme=Transport%2C%20Postal%20Services%20and%20Telecommunications,source_reported_unharmonized
e1215_c9b3c38247,trade_services,Volume of freight transported by province(*),Total,VN_SRC_NAMDINH,Nam Dinh,2016,annual,25900.4,Thous. tons,not_specified,E1215,https://www.nso.gov.vn/en/px-web?pxid=E1215&theme=Transport%2C%20Postal%20Services%20and%20Telecommunications,source_reported_unharmonized
e1215_c9b3c38247,trade_services,Volume of freight transported by province(*),Total,VN_SRC_NAMDINH,Nam Dinh,2017,annual,28884.4,Thous. tons,not_specified,E1215,https://www.nso.gov.vn/en/px-web?pxid=E1215&theme=Transport%2C%20Postal%20Services%20and%20Telecommunications,source_reported_unharmonized
e1215_c9b3c38247,trade_services,Volume of freight transported by province(*),Total,VN_SRC_NAMDINH,Nam Dinh,2018,annual,31146.7,Thous. tons,not_specified,E1215,https://www.nso.gov.vn/en/px-web?pxid=E1215&theme=Transport%2C%20Postal%20Services%20and%20Telecommunications,source_reported_unharmonized
e1215_c9b3c38247,trade_services,Volume of freight transported by province(*),Total,VN_SRC_NAMDINH,Nam Dinh,2019,annual,34634.7,Thous. tons,not_specified,E1215,https://www.nso.gov.vn/en/px-web?pxid=E1215&theme=Transport%2C%20Postal%20Services%20and%20Telecommunications,source_reported_unharmonized
e1215_c9b3c38247,trade_services,Volume of freight transported by province(*),Total,VN_SRC_NAMDINH,Nam Dinh,2020,annual,33602.4,Thous. tons,not_specified,E1215,https://www.nso.gov.vn/en/px-web?pxid=E1215&theme=Transport%2C%20Postal%20Services%20and%20Telecommunications,source_reported_unharmonized
e1215_c9b3c38247,trade_services,Volume of freight transported by province(*),Total,VN_SRC_NAMDINH,Nam Dinh,2021,annual,34778.5,Thous. tons,not_specified,E1215,https://www.nso.gov.vn/en/px-web?pxid=E1215&theme=Transport%2C%20Postal%20Services%20and%20Telecommunications,source_reported_unharmonized
e1215_c9b3c38247,trade_services,Volume of freight transported by province(*),Total,VN_SRC_NAMDINH,Nam Dinh,2022,annual,43212.3,Thous. tons,not_specified,E1215,https://www.nso.gov.vn/en/px-web?pxid=E1215&theme=Transport%2C%20Postal%20Services%20and%20Telecommunications,source_reported_unharmonized
e1215_c9b3c38247,trade_services,Volume of freight transported by province(*),Total,VN_SRC_NAMDINH,Nam Dinh,2023,annual,49750.3,Thous. tons,not_specified,E1215,https://www.nso.gov.vn/en/px-web?pxid=E1215&theme=Transport%2C%20Postal%20Services%20and%20Telecommunications,source_reported_unharmonized
e1215_c9b3c38247,trade_services,Volume of freight transported by province(*),Total,VN_SRC_NAMDINH,Nam Dinh,2024,annual,57362.1,Thous. tons,not_specified,E1215,https://www.nso.gov.vn/en/px-web?pxid=E1215&theme=Transport%2C%20Postal%20Services%20and%20Telecommunications,source_reported_unharmonized
e1215_c9b3c38247,trade_services,Volume of freight transported by province(*),Total,VN_SRC_NAMDINH,Nam Dinh,2025,annual,65232.2,Thous. tons,preliminary,E1215,https://www.nso.gov.vn/en/px-web?pxid=E1215&theme=Transport%2C%20Postal%20Services%20and%20Telecommunications,source_reported_unharmonized
e1215_c9b3c38247,trade_services,Volume of freight transported by province(*),Total,VN_SRC_NINHBINH,Ninh Binh,2000,annual,4752.0,Thous. tons,not_specified,E1215,https://www.nso.gov.vn/en/px-web?pxid=E1215&theme=Transport%2C%20Postal%20Services%20and%20Telecommunications,source_reported_unharmonized
e1215_c9b3c38247,trade_services,Volume of freight transported by province(*),Total,VN_SRC_NINHBINH,Ninh Binh,2001,annual,4516.0,Thous. tons,not_specified,E1215,https://www.nso.gov.vn/en/px-web?pxid=E1215&theme=Transport%2C%20Postal%20Services%20and%20Telecommunications,source_reported_unharmonized
e1215_c9b3c38247,trade_services,Volume of freight transported by province(*),Total,VN_SRC_NINHBINH,Ninh Binh,2002,annual,4885.0,Thous. tons,not_specified,E1215,https://www.nso.gov.vn/en/px-web?pxid=E1215&theme=Transport%2C%20Postal%20Services%20and%20Telecommunications,source_reported_unharmonized
e1215_c9b3c38247,trade_services,Volume of freight transported by province(*),Total,VN_SRC_NINHBINH,Ninh Binh,2003,annual,5190.0,Thous. tons,not_specified,E1215,https://www.nso.gov.vn/en/px-web?pxid=E1215&theme=Transport%2C%20Postal%20Services%20and%20Telecommunications,source_reported_unharmonized
e1215_c9b3c38247,trade_services,Volume of freight transported by province(*),Total,VN_SRC_NINHBINH,Ninh Binh,2004,annual,7726.0,Thous. tons,not_specified,E1215,https://www.nso.gov.vn/en/px-web?pxid=E1215&theme=Transport%2C%20Postal%20Services%20and%20Telecommunications,source_reported_unharmonized
e1215_c9b3c38247,trade_services,Volume of freight transported by province(*),Total,VN_SRC_NINHBINH,Ninh Binh,2005,annual,8504.0,Thous. tons,not_specified,E1215,https://www.nso.gov.vn/en/px-web?pxid=E1215&theme=Transport%2C%20Postal%20Services%20and%20Telecommunications,source_reported_unharmonized
e1215_c9b3c38247,trade_services,Volume of freight transported by province(*),Total,VN_SRC_NINHBINH,Ninh Binh,2006,annual,9551.0,Thous. tons,not_specified,E1215,https://www.nso.gov.vn/en/px-web?pxid=E1215&theme=Transport%2C%20Postal%20Services%20and%20Telecommunications,source_reported_unharmonized
e1215_c9b3c38247,trade_services,Volume of freight transported by province(*),Total,VN_SRC_NINHBINH,Ninh Binh,2007,annual,15004.0,Thous. tons,not_specified,E1215,https://www.nso.gov.vn/en/px-web?pxid=E1215&theme=Transport%2C%20Postal%20Services%20and%20Telecommunications,source_reported_unharmonized
e1215_c9b3c38247,trade_services,Volume of freight transported by province(*),Total,VN_SRC_NINHBINH,Ninh Binh,2008,annual,17761.0,Thous. tons,not_specified,E1215,https://www.nso.gov.vn/en/px-web?pxid=E1215&theme=Transport%2C%20Postal%20Services%20and%20Telecommunications,source_reported_unharmonized
e1215_c9b3c38247,trade_services,Volume of freight transported by province(*),Total,VN_SRC_NINHBINH,Ninh Binh,2009,annual,22358.0,Thous. tons,not_specified,E1215,https://www.nso.gov.vn/en/px-web?pxid=E1215&theme=Transport%2C%20Postal%20Services%20and%20Telecommunications,source_reported_unharmonized
e1215_c9b3c38247,trade_services,Volume of freight transported by province(*),Total,VN_SRC_NINHBINH,Ninh Binh,2010,annual,24064.3,Thous. tons,not_specified,E1215,https://www.nso.gov.vn/en/px-web?pxid=E1215&theme=Transport%2C%20Postal%20Services%20and%20Telecommunications,source_reported_unharmonized
e1215_c9b3c38247,trade_services,Volume of freight transported by province(*),Total,VN_SRC_NINHBINH,Ninh Binh,2011,annual,29927.3,Thous. tons,not_specified,E1215,https://www.nso.gov.vn/en/px-web?pxid=E1215&theme=Transport%2C%20Postal%20Services%20and%20Telecommunications,source_reported_unharmonized
e1215_c9b3c38247,trade_services,Volume of freight transported by province(*),Total,VN_SRC_NINHBINH,Ninh Binh,2012,annual,32341.4,Thous. tons,not_specified,E1215,https://www.nso.gov.vn/en/px-web?pxid=E1215&theme=Transport%2C%20Postal%20Services%20and%20Telecommunications,source_reported_unharmonized
e1215_c9b3c38247,trade_services,Volume of freight transported by province(*),Total,VN_SRC_NINHBINH,Ninh Binh,2013,annual,33329.9,Thous. tons,not_specified,E1215,https://www.nso.gov.vn/en/px-web?pxid=E1215&theme=Transport%2C%20Postal%20Services%20and%20Telecommunications,source_reported_unharmonized
e1215_c9b3c38247,trade_services,Volume of freight transported by province(*),Total,VN_SRC_NINHBINH,Ninh Binh,2014,annual,36311.6,Thous. tons,not_specified,E1215,https://www.nso.gov.vn/en/px-web?pxid=E1215&theme=Transport%2C%20Postal%20Services%20and%20Telecommunications,source_reported_unharmonized
e1215_c9b3c38247,trade_services,Volume of freight transported by province(*),Total,VN_SRC_NINHBINH,Ninh Binh,2015,annual,41035.5,Thous. tons,not_specified,E1215,https://www.nso.gov.vn/en/px-web?pxid=E1215&theme=Transport%2C%20Postal%20Services%20and%20Telecommunications,source_reported_unharmonized
e1215_c9b3c38247,trade_services,Volume of freight transported by province(*),Total,VN_SRC_NINHBINH,Ninh Binh,2016,annual,46825.1,Thous. tons,not_specified,E1215,https://www.nso.gov.vn/en/px-web?pxid=E1215&theme=Transport%2C%20Postal%20Services%20and%20Telecommunications,source_reported_unharmonized
e1215_c9b3c38247,trade_services,Volume of freight transported by province(*),Total,VN_SRC_NINHBINH,Ninh Binh,2017,annual,49133.6,Thous. tons,not_specified,E1215,https://www.nso.gov.vn/en/px-web?pxid=E1215&theme=Transport%2C%20Postal%20Services%20and%20Telecommunications,source_reported_unharmonized
e1215_c9b3c38247,trade_services,Volume of freight transported by province(*),Total,VN_SRC_NINHBINH,Ninh Binh,2018,annual,51102.8,Thous. tons,not_specified,E1215,https://www.nso.gov.vn/en/px-web?pxid=E1215&theme=Transport%2C%20Postal%20Services%20and%20Telecommunications,source_reported_unharmonized
e1215_c9b3c38247,trade_services,Volume of freight transported by province(*),Total,VN_SRC_NINHBINH,Ninh Binh,2019,annual,54165.0,Thous. tons,not_specified,E1215,https://www.nso.gov.vn/en/px-web?pxid=E1215&theme=Transport%2C%20Postal%20Services%20and%20Telecommunications,source_reported_unharmonized
e1215_c9b3c38247,trade_services,Volume of freight transported by province(*),Total,VN_SRC_NINHBINH,Ninh Binh,2020,annual,55034.0,Thous. tons,not_specified,E1215,https://www.nso.gov.vn/en/px-web?pxid=E1215&theme=Transport%2C%20Postal%20Services%20and%20Telecommunications,source_reported_unharmonized
e1215_c9b3c38247,trade_services,Volume of freight transported by province(*),Total,VN_SRC_NINHBINH,Ninh Binh,2021,annual,58446.1,Thous. tons,not_specified,E1215,https://www.nso.gov.vn/en/px-web?pxid=E1215&theme=Transport%2C%20Postal%20Services%20and%20Telecommunications,source_reported_unharmonized
e1215_c9b3c38247,trade_services,Volume of freight transported by province(*),Total,VN_SRC_NINHBINH,Ninh Binh,2022,annual,82116.8,Thous. tons,not_specified,E1215,https://www.nso.gov.vn/en/px-web?pxid=E1215&theme=Transport%2C%20Postal%20Services%20and%20Telecommunications,source_reported_unharmonized
e1215_c9b3c38247,trade_services,Volume of freight transported by province(*),Total,VN_SRC_NINHBINH,Ninh Binh,2023,annual,106883.2,Thous. tons,not_specified,E1215,https://www.nso.gov.vn/en/px-web?pxid=E1215&theme=Transport%2C%20Postal%20Services%20and%20Telecommunications,source_reported_unharmonized
e1215_c9b3c38247,trade_services,Volume of freight transported by province(*),Total,VN_SRC_NINHBINH,Ninh Binh,2024,annual,122573.7,Thous. tons,not_specified,E1215,https://www.nso.gov.vn/en/px-web?pxid=E1215&theme=Transport%2C%20Postal%20Services%20and%20Telecommunications,source_reported_unharmonized
e1215_c9b3c38247,trade_services,Volume of freight transported by province(*),Total,VN_SRC_NINHBINH,Ninh Binh,2025,annual,147088.4,Thous. tons,preliminary,E1215,https://www.nso.gov.vn/en/px-web?pxid=E1215&theme=Transport%2C%20Postal%20Services%20and%20Telecommunications,source_reported_unharmonized
e1215_c9b3c38247,trade_services,Volume of freight transported by province(*),Total,VN_SRC_HAGIANG,Ha Giang,2000,annual,418.0,Thous. tons,not_specified,E1215,https://www.nso.gov.vn/en/px-web?pxid=E1215&theme=Transport%2C%20Postal%20Services%20and%20Telecommunications,source_reported_unharmonized
e1215_c9b3c38247,trade_services,Volume of freight transported by province(*),Total,VN_SRC_HAGIANG,Ha Giang,2001,annual,437.0,Thous. tons,not_specified,E1215,https://www.nso.gov.vn/en/px-web?pxid=E1215&theme=Transport%2C%20Postal%20Services%20and%20Telecommunications,source_reported_unharmonized
e1215_c9b3c38247,trade_services,Volume of freight transported by province(*),Total,VN_SRC_HAGIANG,Ha Giang,2002,annual,456.0,Thous. tons,not_specified,E1215,https://www.nso.gov.vn/en/px-web?pxid=E1215&theme=Transport%2C%20Postal%20Services%20and%20Telecommunications,source_reported_unharmonized
e1215_c9b3c38247,trade_services,Volume of freight transported by province(*),Total,VN_SRC_HAGIANG,Ha Giang,2003,annual,480.7,Thous. tons,not_specified,E1215,https://www.nso.gov.vn/en/px-web?pxid=E1215&theme=Transport%2C%20Postal%20Services%20and%20Telecommunications,source_reported_unharmonized
e1215_c9b3c38247,trade_services,Volume of freight transported by province(*),Total,VN_SRC_HAGIANG,Ha Giang,2004,annual,505.5,Thous. tons,not_specified,E1215,https://www.nso.gov.vn/en/px-web?pxid=E1215&theme=Transport%2C%20Postal%20Services%20and%20Telecommunications,source_reported_unharmonized
e1215_c9b3c38247,trade_services,Volume of freight transported by province(*),Total,VN_SRC_HAGIANG,Ha Giang,2005,annual,536.9,Thous. tons,not_specified,E1215,https://www.nso.gov.vn/en/px-web?pxid=E1215&theme=Transport%2C%20Postal%20Services%20and%20Telecommunications,source_reported_unharmonized
e1215_c9b3c38247,trade_services,Volume of freight transported by province(*),Total,VN_SRC_HAGIANG,Ha Giang,2006,annual,566.8,Thous. tons,not_specified,E1215,https://www.nso.gov.vn/en/px-web?pxid=E1215&theme=Transport%2C%20Postal%20Services%20and%20Telecommunications,source_reported_unharmonized
e1215_c9b3c38247,trade_services,Volume of freight transported by province(*),Total,VN_SRC_HAGIANG,Ha Giang,2007,annual,691.0,Thous. tons,not_specified,E1215,https://www.nso.gov.vn/en/px-web?pxid=E1215&theme=Transport%2C%20Postal%20Services%20and%20Telecommunications,source_reported_unharmonized
e1215_c9b3c38247,trade_services,Volume of freight transported by province(*),Total,VN_SRC_HAGIANG,Ha Giang,2008,annual,755.0,Thous. tons,not_specified,E1215,https://www.nso.gov.vn/en/px-web?pxid=E1215&theme=Transport%2C%20Postal%20Services%20and%20Telecommunications,source_reported_unharmonized
e1215_c9b3c38247,trade_services,Volume of freight transported by province(*),Total,VN_SRC_HAGIANG,Ha Giang,2009,annual,981.0,Thous. tons,not_specified,E1215,https://www.nso.gov.vn/en/px-web?pxid=E1215&theme=Transport%2C%20Postal%20Services%20and%20Telecommunications,source_reported_unharmonized
e1215_c9b3c38247,trade_services,Volume of freight transported by province(*),Total,VN_SRC_HAGIANG,Ha Giang,2010,annual,1090.9,Thous. tons,not_specified,E1215,https://www.nso.gov.vn/en/px-web?pxid=E1215&theme=Transport%2C%20Postal%20Services%20and%20Telecommunications,source_reported_unharmonized
e1215_c9b3c38247,trade_services,Volume of freight transported by province(*),Total,VN_SRC_HAGIANG,Ha Giang,2011,annual,1332.0,Thous. tons,not_specified,E1215,https://www.nso.gov.vn/en/px-web?pxid=E1215&theme=Transport%2C%20Postal%20Services%20and%20Telecommunications,source_reported_unharmonized
e1215_c9b3c38247,trade_services,Volume of freight transported by province(*),Total,VN_SRC_HAGIANG,Ha Giang,2012,annual,1621.5,Thous. tons,not_specified,E1215,https://www.nso.gov.vn/en/px-web?pxid=E1215&theme=Transport%2C%20Postal%20Services%20and%20Telecommunications,source_reported_unharmonized
e1215_c9b3c38247,trade_services,Volume of freight transported by province(*),Total,VN_SRC_HAGIANG,Ha Giang,2013,annual,1714.0,Thous. tons,not_specified,E1215,https://www.nso.gov.vn/en/px-web?pxid=E1215&theme=Transport%2C%20Postal%20Services%20and%20Telecommunications,source_reported_unharmonized
e1215_c9b3c38247,trade_services,Volume of freight transported by province(*),Total,VN_SRC_HAGIANG,Ha Giang,2014,annual,1765.4,Thous. tons,not_specified,E1215,https://www.nso.gov.vn/en/px-web?pxid=E1215&theme=Transport%2C%20Postal%20Services%20and%20Telecommunications,source_reported_unharmonized
e1215_c9b3c38247,trade_services,Volume of freight transported by province(*),Total,VN_SRC_HAGIANG,Ha Giang,2015,annual,1876.1,Thous. tons,not_specified,E1215,https://www.nso.gov.vn/en/px-web?pxid=E1215&theme=Transport%2C%20Postal%20Services%20and%20Telecommunications,source_reported_unharmonized
e1215_c9b3c38247,trade_services,Volume of freight transported by province(*),Total,VN_SRC_HAGIANG,Ha Giang,2016,annual,1977.0,Thous. tons,not_specified,E1215,https://www.nso.gov.vn/en/px-web?pxid=E1215&theme=Transport%2C%20Postal%20Services%20and%20Telecommunications,source_reported_unharmonized
e1215_c9b3c38247,trade_services,Volume of freight transported by province(*),Total,VN_SRC_HAGIANG,Ha Giang,2017,annual,2129.2,Thous. tons,not_specified,E1215,https://www.nso.gov.vn/en/px-web?pxid=E1215&theme=Transport%2C%20Postal%20Services%20and%20Telecommunications,source_reported_unharmonized
e1215_c9b3c38247,trade_services,Volume of freight transported by province(*),Total,VN_SRC_HAGIANG,Ha Giang,2018,annual,2277.7,Thous. tons,not_specified,E1215,https://www.nso.gov.vn/en/px-web?pxid=E1215&theme=Transport%2C%20Postal%20Services%20and%20Telecommunications,source_reported_unharmonized
e1215_c9b3c38247,trade_services,Volume of freight transported by province(*),Total,VN_SRC_HAGIANG,Ha Giang,2019,annual,2490.3,Thous. tons,not_specified,E1215,https://www.nso.gov.vn/en/px-web?pxid=E1215&theme=Transport%2C%20Postal%20Services%20and%20Telecommunications,source_reported_unharmonized
e1215_c9b3c38247,trade_services,Volume of freight transported by province(*),Total,VN_SRC_HAGIANG,Ha Giang,2020,annual,2494.0,Thous. tons,not_specified,E1215,https://www.nso.gov.vn/en/px-web?pxid=E1215&theme=Transport%2C%20Postal%20Services%20and%20Telecommunications,source_reported_unharmonized
e1215_c9b3c38247,trade_services,Volume of freight transported by province(*),Total,VN_SRC_HAGIANG,Ha Giang,2021,annual,2439.5,Thous. tons,not_specified,E1215,https://www.nso.gov.vn/en/px-web?pxid=E1215&theme=Transport%2C%20Postal%20Services%20and%20Telecommunications,source_reported_unharmonized
e1215_c9b3c38247,trade_services,Volume of freight transported by province(*),Total,VN_SRC_HAGIANG,Ha Giang,2022,annual,2854.7,Thous. tons,not_specified,E1215,https://www.nso.gov.vn/en/px-web?pxid=E1215&theme=Transport%2C%20Postal%20Services%20and%20Telecommunications,source_reported_unharmonized
e1215_c9b3c38247,trade_services,Volume of freight transported by province(*),Total,VN_SRC_HAGIANG,Ha Giang,2023,annual,3320.1,Thous. tons,not_specified,E1215,https://www.nso.gov.vn/en/px-web?pxid=E1215&theme=Transport%2C%20Postal%20Services%20and%20Telecommunications,source_reported_unharmonized
e1215_c9b3c38247,trade_services,Volume of freight transported by province(*),Total,VN_SRC_HAGIANG,Ha Giang,2024,annual,3918.8,Thous. tons,not_specified,E1215,https://www.nso.gov.vn/en/px-web?pxid=E1215&theme=Transport%2C%20Postal%20Services%20and%20Telecommunications,source_reported_unharmonized
e1215_c9b3c38247,trade_services,Volume of freight transported by province(*),Total,VN_SRC_HAGIANG,Ha Giang,2025,annual,4522.7,Thous. tons,preliminary,E1215,https://www.nso.gov.vn/en/px-web?pxid=E1215&theme=Transport%2C%20Postal%20Services%20and%20Telecommunications,source_reported_unharmonized
e1215_c9b3c38247,trade_services,Volume of freight transported by province(*),Total,VN_SRC_CAOBANG,Cao Bang,2000,annual,566.0,Thous. tons,not_specified,E1215,https://www.nso.gov.vn/en/px-web?pxid=E1215&theme=Transport%2C%20Postal%20Services%20and%20Telecommunications,source_reported_unharmonized
e1215_c9b3c38247,trade_services,Volume of freight transported by province(*),Total,VN_SRC_CAOBANG,Cao Bang,2001,annual,598.0,Thous. tons,not_specified,E1215,https://www.nso.gov.vn/en/px-web?pxid=E1215&theme=Transport%2C%20Postal%20Services%20and%20Telecommunications,source_reported_unharmonized
e1215_c9b3c38247,trade_services,Volume of freight transported by province(*),Total,VN_SRC_CAOBANG,Cao Bang,2002,annual,784.0,Thous. tons,not_specified,E1215,https://www.nso.gov.vn/en/px-web?pxid=E1215&theme=Transport%2C%20Postal%20Services%20and%20Telecommunications,source_reported_unharmonized
e1215_c9b3c38247,trade_services,Volume of freight transported by province(*),Total,VN_SRC_CAOBANG,Cao Bang,2003,annual,973.0,Thous. tons,not_specified,E1215,https://www.nso.gov.vn/en/px-web?pxid=E1215&theme=Transport%2C%20Postal%20Services%20and%20Telecommunications,source_reported_unharmonized
e1215_c9b3c38247,trade_services,Volume of freight transported by province(*),Total,VN_SRC_CAOBANG,Cao Bang,2004,annual,1586.0,Thous. tons,not_specified,E1215,https://www.nso.gov.vn/en/px-web?pxid=E1215&theme=Transport%2C%20Postal%20Services%20and%20Telecommunications,source_reported_unharmonized
e1215_c9b3c38247,trade_services,Volume of freight transported by province(*),Total,VN_SRC_CAOBANG,Cao Bang,2005,annual,1479.0,Thous. tons,not_specified,E1215,https://www.nso.gov.vn/en/px-web?pxid=E1215&theme=Transport%2C%20Postal%20Services%20and%20Telecommunications,source_reported_unharmonized
e1215_c9b3c38247,trade_services,Volume of freight transported by province(*),Total,VN_SRC_CAOBANG,Cao Bang,2006,annual,1640.0,Thous. tons,not_specified,E1215,https://www.nso.gov.vn/en/px-web?pxid=E1215&theme=Transport%2C%20Postal%20Services%20and%20Telecommunications,source_reported_unharmonized
e1215_c9b3c38247,trade_services,Volume of freight transported by province(*),Total,VN_SRC_CAOBANG,Cao Bang,2007,annual,1824.0,Thous. tons,not_specified,E1215,https://www.nso.gov.vn/en/px-web?pxid=E1215&theme=Transport%2C%20Postal%20Services%20and%20Telecommunications,source_reported_unharmonized
e1215_c9b3c38247,trade_services,Volume of freight transported by province(*),Total,VN_SRC_CAOBANG,Cao Bang,2008,annual,2165.1,Thous. tons,not_specified,E1215,https://www.nso.gov.vn/en/px-web?pxid=E1215&theme=Transport%2C%20Postal%20Services%20and%20Telecommunications,source_reported_unharmonized
e1215_c9b3c38247,trade_services,Volume of freight transported by province(*),Total,VN_SRC_CAOBANG,Cao Bang,2009,annual,2451.0,Thous. tons,not_specified,E1215,https://www.nso.gov.vn/en/px-web?pxid=E1215&theme=Transport%2C%20Postal%20Services%20and%20Telecommunications,source_reported_unharmonized
e1215_c9b3c38247,trade_services,Volume of freight transported by province(*),Total,VN_SRC_CAOBANG,Cao Bang,2010,annual,2456.0,Thous. tons,not_specified,E1215,https://www.nso.gov.vn/en/px-web?pxid=E1215&theme=Transport%2C%20Postal%20Services%20and%20Telecommunications,source_reported_unharmonized
e1215_c9b3c38247,trade_services,Volume of freight transported by province(*),Total,VN_SRC_CAOBANG,Cao Bang,2011,annual,2524.1,Thous. tons,not_specified,E1215,https://www.nso.gov.vn/en/px-web?pxid=E1215&theme=Transport%2C%20Postal%20Services%20and%20Telecommunications,source_reported_unharmonized
e1215_c9b3c38247,trade_services,Volume of freight transported by province(*),Total,VN_SRC_CAOBANG,Cao Bang,2012,annual,2294.3,Thous. tons,not_specified,E1215,https://www.nso.gov.vn/en/px-web?pxid=E1215&theme=Transport%2C%20Postal%20Services%20and%20Telecommunications,source_reported_unharmonized
e1215_c9b3c38247,trade_services,Volume of freight transported by province(*),Total,VN_SRC_CAOBANG,Cao Bang,2013,annual,2067.2,Thous. tons,not_specified,E1215,https://www.nso.gov.vn/en/px-web?pxid=E1215&theme=Transport%2C%20Postal%20Services%20and%20Telecommunications,source_reported_unharmonized
e1215_c9b3c38247,trade_services,Volume of freight transported by province(*),Total,VN_SRC_CAOBANG,Cao Bang,2014,annual,2138.3,Thous. tons,not_specified,E1215,https://www.nso.gov.vn/en/px-web?pxid=E1215&theme=Transport%2C%20Postal%20Services%20and%20Telecommunications,source_reported_unharmonized
e1215_c9b3c38247,trade_services,Volume of freight transported by province(*),Total,VN_SRC_CAOBANG,Cao Bang,2015,annual,2208.6,Thous. tons,not_specified,E1215,https://www.nso.gov.vn/en/px-web?pxid=E1215&theme=Transport%2C%20Postal%20Services%20and%20Telecommunications,source_reported_unharmonized
e1215_c9b3c38247,trade_services,Volume of freight transported by province(*),Total,VN_SRC_CAOBANG,Cao Bang,2016,annual,2447.2,Thous. tons,not_specified,E1215,https://www.nso.gov.vn/en/px-web?pxid=E1215&theme=Transport%2C%20Postal%20Services%20and%20Telecommunications,source_reported_unharmonized
e1215_c9b3c38247,trade_services,Volume of freight transported by province(*),Total,VN_SRC_CAOBANG,Cao Bang,2017,annual,2956.2,Thous. tons,not_specified,E1215,https://www.nso.gov.vn/en/px-web?pxid=E1215&theme=Transport%2C%20Postal%20Services%20and%20Telecommunications,source_reported_unharmonized
e1215_c9b3c38247,trade_services,Volume of freight transported by province(*),Total,VN_SRC_CAOBANG,Cao Bang,2018,annual,3166.1,Thous. tons,not_specified,E1215,https://www.nso.gov.vn/en/px-web?pxid=E1215&theme=Transport%2C%20Postal%20Services%20and%20Telecommunications,source_reported_unharmonized
e1215_c9b3c38247,trade_services,Volume of freight transported by province(*),Total,VN_SRC_CAOBANG,Cao Bang,2019,annual,3087.0,Thous. tons,not_specified,E1215,https://www.nso.gov.vn/en/px-web?pxid=E1215&theme=Transport%2C%20Postal%20Services%20and%20Telecommunications,source_reported_unharmonized
e1215_c9b3c38247,trade_services,Volume of freight transported by province(*),Total,VN_SRC_CAOBANG,Cao Bang,2020,annual,1868.8,Thous. tons,not_specified,E1215,https://www.nso.gov.vn/en/px-web?pxid=E1215&theme=Transport%2C%20Postal%20Services%20and%20Telecommunications,source_reported_unharmonized
e1215_c9b3c38247,trade_services,Volume of freight transported by province(*),Total,VN_SRC_CAOBANG,Cao Bang,2021,annual,1802.0,Thous. tons,not_specified,E1215,https://www.nso.gov.vn/en/px-web?pxid=E1215&theme=Transport%2C%20Postal%20Services%20and%20Telecommunications,source_reported_unharmonized
e1215_c9b3c38247,trade_services,Volume of freight transported by province(*),Total,VN_SRC_CAOBANG,Cao Bang,2022,annual,1877.3,Thous. tons,not_specified,E1215,https://www.nso.gov.vn/en/px-web?pxid=E1215&theme=Transport%2C%20Postal%20Services%20and%20Telecommunications,source_reported_unharmonized
e1215_c9b3c38247,trade_services,Volume of freight transported by province(*),Total,VN_SRC_CAOBANG,Cao Bang,2023,annual,3547.6,Thous. tons,not_specified,E1215,https://www.nso.gov.vn/en/px-web?pxid=E1215&theme=Transport%2C%20Postal%20Services%20and%20Telecommunications,source_reported_unharmonized
e1215_c9b3c38247,trade_services,Volume of freight transported by province(*),Total,VN_SRC_CAOBANG,Cao Bang,2024,annual,4285.0,Thous. tons,not_specified,E1215,https://www.nso.gov.vn/en/px-web?pxid=E1215&theme=Transport%2C%20Postal%20Services%20and%20Telecommunications,source_reported_unharmonized
e1215_c9b3c38247,trade_services,Volume of freight transported by province(*),Total,VN_SRC_CAOBANG,Cao Bang,2025,annual,4004.5,Thous. tons,preliminary,E1215,https://www.nso.gov.vn/en/px-web?pxid=E1215&theme=Transport%2C%20Postal%20Services%20and%20Telecommunications,source_reported_unharmonized
e1215_c9b3c38247,trade_services,Volume of freight transported by province(*),Total,VN_SRC_BACKAN,Bac Kan,2000,annual,1015.6,Thous. tons,not_specified,E1215,https://www.nso.gov.vn/en/px-web?pxid=E1215&theme=Transport%2C%20Postal%20Services%20and%20Telecommunications,source_reported_unharmonized
e1215_c9b3c38247,trade_services,Volume of freight transported by province(*),Total,VN_SRC_BACKAN,Bac Kan,2001,annual,1091.6,Thous. tons,not_specified,E1215,https://www.nso.gov.vn/en/px-web?pxid=E1215&theme=Transport%2C%20Postal%20Services%20and%20Telecommunications,source_reported_unharmonized
e1215_c9b3c38247,trade_services,Volume of freight transported by province(*),Total,VN_SRC_BACKAN,Bac Kan,2002,annual,1188.4,Thous. tons,not_specified,E1215,https://www.nso.gov.vn/en/px-web?pxid=E1215&theme=Transport%2C%20Postal%20Services%20and%20Telecommunications,source_reported_unharmonized
e1215_c9b3c38247,trade_services,Volume of freight transported by province(*),Total,VN_SRC_BACKAN,Bac Kan,2003,annual,1464.7,Thous. tons,not_specified,E1215,https://www.nso.gov.vn/en/px-web?pxid=E1215&theme=Transport%2C%20Postal%20Services%20and%20Telecommunications,source_reported_unharmonized
e1215_c9b3c38247,trade_services,Volume of freight transported by province(*),Total,VN_SRC_BACKAN,Bac Kan,2004,annual,1596.0,Thous. tons,not_specified,E1215,https://www.nso.gov.vn/en/px-web?pxid=E1215&theme=Transport%2C%20Postal%20Services%20and%20Telecommunications,source_reported_unharmonized
e1215_c9b3c38247,trade_services,Volume of freight transported by province(*),Total,VN_SRC_BACKAN,Bac Kan,2005,annual,1368.0,Thous. tons,not_specified,E1215,https://www.nso.gov.vn/en/px-web?pxid=E1215&theme=Transport%2C%20Postal%20Services%20and%20Telecommunications,source_reported_unharmonized
e1215_c9b3c38247,trade_services,Volume of freight transported by province(*),Total,VN_SRC_BACKAN,Bac Kan,2006,annual,1425.0,Thous. tons,not_specified,E1215,https://www.nso.gov.vn/en/px-web?pxid=E1215&theme=Transport%2C%20Postal%20Services%20and%20Telecommunications,source_reported_unharmonized
e1215_c9b3c38247,trade_services,Volume of freight transported by province(*),Total,VN_SRC_BACKAN,Bac Kan,2007,annual,1563.0,Thous. tons,not_specified,E1215,https://www.nso.gov.vn/en/px-web?pxid=E1215&theme=Transport%2C%20Postal%20Services%20and%20Telecommunications,source_reported_unharmonized
e1215_c9b3c38247,trade_services,Volume of freight transported by province(*),Total,VN_SRC_BACKAN,Bac Kan,2008,annual,1936.6,Thous. tons,not_specified,E1215,https://www.nso.gov.vn/en/px-web?pxid=E1215&theme=Transport%2C%20Postal%20Services%20and%20Telecommunications,source_reported_unharmonized
e1215_c9b3c38247,trade_services,Volume of freight transported by province(*),Total,VN_SRC_BACKAN,Bac Kan,2009,annual,2392.9,Thous. tons,not_specified,E1215,https://www.nso.gov.vn/en/px-web?pxid=E1215&theme=Transport%2C%20Postal%20Services%20and%20Telecommunications,source_reported_unharmonized
e1215_c9b3c38247,trade_services,Volume of freight transported by province(*),Total,VN_SRC_BACKAN,Bac Kan,2010,annual,2584.3,Thous. tons,not_specified,E1215,https://www.nso.gov.vn/en/px-web?pxid=E1215&theme=Transport%2C%20Postal%20Services%20and%20Telecommunications,source_reported_unharmonized
e1215_c9b3c38247,trade_services,Volume of freight transported by province(*),Total,VN_SRC_BACKAN,Bac Kan,2011,annual,2349.2,Thous. tons,not_specified,E1215,https://www.nso.gov.vn/en/px-web?pxid=E1215&theme=Transport%2C%20Postal%20Services%20and%20Telecommunications,source_reported_unharmonized
e1215_c9b3c38247,trade_services,Volume of freight transported by province(*),Total,VN_SRC_BACKAN,Bac Kan,2012,annual,2272.2,Thous. tons,not_specified,E1215,https://www.nso.gov.vn/en/px-web?pxid=E1215&theme=Transport%2C%20Postal%20Services%20and%20Telecommunications,source_reported_unharmonized
e1215_c9b3c38247,trade_services,Volume of freight transported by province(*),Total,VN_SRC_BACKAN,Bac Kan,2013,annual,1808.2,Thous. tons,not_specified,E1215,https://www.nso.gov.vn/en/px-web?pxid=E1215&theme=Transport%2C%20Postal%20Services%20and%20Telecommunications,source_reported_unharmonized
e1215_c9b3c38247,trade_services,Volume of freight transported by province(*),Total,VN_SRC_BACKAN,Bac Kan,2014,annual,1905.7,Thous. tons,not_specified,E1215,https://www.nso.gov.vn/en/px-web?pxid=E1215&theme=Transport%2C%20Postal%20Services%20and%20Telecommunications,source_reported_unharmonized
e1215_c9b3c38247,trade_services,Volume of freight transported by province(*),Total,VN_SRC_BACKAN,Bac Kan,2015,annual,1516.2,Thous. tons,not_specified,E1215,https://www.nso.gov.vn/en/px-web?pxid=E1215&theme=Transport%2C%20Postal%20Services%20and%20Telecommunications,source_reported_unharmonized
e1215_c9b3c38247,trade_services,Volume of freight transported by province(*),Total,VN_SRC_BACKAN,Bac Kan,2016,annual,1566.1,Thous. tons,not_specified,E1215,https://www.nso.gov.vn/en/px-web?pxid=E1215&theme=Transport%2C%20Postal%20Services%20and%20Telecommunications,source_reported_unharmonized
e1215_c9b3c38247,trade_services,Volume of freight transported by province(*),Total,VN_SRC_BACKAN,Bac Kan,2017,annual,1630.0,Thous. tons,not_specified,E1215,https://www.nso.gov.vn/en/px-web?pxid=E1215&theme=Transport%2C%20Postal%20Services%20and%20Telecommunications,source_reported_unharmonized
e1215_c9b3c38247,trade_services,Volume of freight transported by province(*),Total,VN_SRC_BACKAN,Bac Kan,2018,annual,1336.6,Thous. tons,not_specified,E1215,https://www.nso.gov.vn/en/px-web?pxid=E1215&theme=Transport%2C%20Postal%20Services%20and%20Telecommunications,source_reported_unharmonized
e1215_c9b3c38247,trade_services,Volume of freight transported by province(*),Total,VN_SRC_BACKAN,Bac Kan,2019,annual,1457.4,Thous. tons,not_specified,E1215,https://www.nso.gov.vn/en/px-web?pxid=E1215&theme=Transport%2C%20Postal%20Services%20and%20Telecommunications,source_reported_unharmonized
e1215_c9b3c38247,trade_services,Volume of freight transported by province(*),Total,VN_SRC_BACKAN,Bac Kan,2020,annual,1154.3,Thous. tons,not_specified,E1215,https://www.nso.gov.vn/en/px-web?pxid=E1215&theme=Transport%2C%20Postal%20Services%20and%20Telecommunications,source_reported_unharmonized
e1215_c9b3c38247,trade_services,Volume of freight transported by province(*),Total,VN_SRC_BACKAN,Bac Kan,2021,annual,1267.0,Thous. tons,not_specified,E1215,https://www.nso.gov.vn/en/px-web?pxid=E1215&theme=Transport%2C%20Postal%20Services%20and%20Telecommunications,source_reported_unharmonized
e1215_c9b3c38247,trade_services,Volume of freight transported by province(*),Total,VN_SRC_BACKAN,Bac Kan,2022,annual,2149.0,Thous. tons,not_specified,E1215,https://www.nso.gov.vn/en/px-web?pxid=E1215&theme=Transport%2C%20Postal%20Services%20and%20Telecommunications,source_reported_unharmonized
e1215_c9b3c38247,trade_services,Volume of freight transported by province(*),Total,VN_SRC_BACKAN,Bac Kan,2023,annual,4852.0,Thous. tons,not_specified,E1215,https://www.nso.gov.vn/en/px-web?pxid=E1215&theme=Transport%2C%20Postal%20Services%20and%20Telecommunications,source_reported_unharmonized
e1215_c9b3c38247,trade_services,Volume of freight transported by province(*),Total,VN_SRC_BACKAN,Bac Kan,2024,annual,5527.1,Thous. tons,not_specified,E1215,https://www.nso.gov.vn/en/px-web?pxid=E1215&theme=Transport%2C%20Postal%20Services%20and%20Telecommunications,source_reported_unharmonized
e1215_c9b3c38247,trade_services,Volume of freight transported by province(*),Total,VN_SRC_BACKAN,Bac Kan,2025,annual,5451.2,Thous. tons,preliminary,E1215,https://www.nso.gov.vn/en/px-web?pxid=E1215&theme=Transport%2C%20Postal%20Services%20and%20Telecommunications,source_reported_unharmonized
e1215_c9b3c38247,trade_services,Volume of freight transported by province(*),Total,VN_SRC_TUYENQUANG,Tuyen Quang,2000,annual,1910.0,Thous. tons,not_specified,E1215,https://www.nso.gov.vn/en/px-web?pxid=E1215&theme=Transport%2C%20Postal%20Services%20and%20Telecommunications,source_reported_unharmonized
e1215_c9b3c38247,trade_services,Volume of freight transported by province(*),Total,VN_SRC_TUYENQUANG,Tuyen Quang,2001,annual,3147.0,Thous. tons,not_specified,E1215,https://www.nso.gov.vn/en/px-web?pxid=E1215&theme=Transport%2C%20Postal%20Services%20and%20Telecommunications,source_reported_unharmonized
e1215_c9b3c38247,trade_services,Volume of freight transported by province(*),Total,VN_SRC_TUYENQUANG,Tuyen Quang,2002,annual,3656.0,Thous. tons,not_specified,E1215,https://www.nso.gov.vn/en/px-web?pxid=E1215&theme=Transport%2C%20Postal%20Services%20and%20Telecommunications,source_reported_unharmonized
e1215_c9b3c38247,trade_services,Volume of freight transported by province(*),Total,VN_SRC_TUYENQUANG,Tuyen Quang,2003,annual,4514.0,Thous. tons,not_specified,E1215,https://www.nso.gov.vn/en/px-web?pxid=E1215&theme=Transport%2C%20Postal%20Services%20and%20Telecommunications,source_reported_unharmonized
e1215_c9b3c38247,trade_services,Volume of freight transported by province(*),Total,VN_SRC_TUYENQUANG,Tuyen Quang,2004,annual,5014.0,Thous. tons,not_specified,E1215,https://www.nso.gov.vn/en/px-web?pxid=E1215&theme=Transport%2C%20Postal%20Services%20and%20Telecommunications,source_reported_unharmonized
e1215_c9b3c38247,trade_services,Volume of freight transported by province(*),Total,VN_SRC_TUYENQUANG,Tuyen Quang,2005,annual,5997.0,Thous. tons,not_specified,E1215,https://www.nso.gov.vn/en/px-web?pxid=E1215&theme=Transport%2C%20Postal%20Services%20and%20Telecommunications,source_reported_unharmonized
e1215_c9b3c38247,trade_services,Volume of freight transported by province(*),Total,VN_SRC_TUYENQUANG,Tuyen Quang,2006,annual,5210.0,Thous. tons,not_specified,E1215,https://www.nso.gov.vn/en/px-web?pxid=E1215&theme=Transport%2C%20Postal%20Services%20and%20Telecommunications,source_reported_unharmonized
e1215_c9b3c38247,trade_services,Volume of freight transported by province(*),Total,VN_SRC_TUYENQUANG,Tuyen Quang,2007,annual,5852.2,Thous. tons,not_specified,E1215,https://www.nso.gov.vn/en/px-web?pxid=E1215&theme=Transport%2C%20Postal%20Services%20and%20Telecommunications,source_reported_unharmonized
e1215_c9b3c38247,trade_services,Volume of freight transported by province(*),Total,VN_SRC_TUYENQUANG,Tuyen Quang,2008,annual,6619.0,Thous. tons,not_specified,E1215,https://www.nso.gov.vn/en/px-web?pxid=E1215&theme=Transport%2C%20Postal%20Services%20and%20Telecommunications,source_reported_unharmonized
e1215_c9b3c38247,trade_services,Volume of freight transported by province(*),Total,VN_SRC_TUYENQUANG,Tuyen Quang,2009,annual,7206.0,Thous. tons,not_specified,E1215,https://www.nso.gov.vn/en/px-web?pxid=E1215&theme=Transport%2C%20Postal%20Services%20and%20Telecommunications,source_reported_unharmonized
e1215_c9b3c38247,trade_services,Volume of freight transported by province(*),Total,VN_SRC_TUYENQUANG,Tuyen Quang,2010,annual,7739.7,Thous. tons,not_specified,E1215,https://www.nso.gov.vn/en/px-web?pxid=E1215&theme=Transport%2C%20Postal%20Services%20and%20Telecommunications,source_reported_unharmonized
e1215_c9b3c38247,trade_services,Volume of freight transported by province(*),Total,VN_SRC_TUYENQUANG,Tuyen Quang,2011,annual,7882.4,Thous. tons,not_specified,E1215,https://www.nso.gov.vn/en/px-web?pxid=E1215&theme=Transport%2C%20Postal%20Services%20and%20Telecommunications,source_reported_unharmonized
e1215_c9b3c38247,trade_services,Volume of freight transported by province(*),Total,VN_SRC_TUYENQUANG,Tuyen Quang,2012,annual,8374.8,Thous. tons,not_specified,E1215,https://www.nso.gov.vn/en/px-web?pxid=E1215&theme=Transport%2C%20Postal%20Services%20and%20Telecommunications,source_reported_unharmonized
e1215_c9b3c38247,trade_services,Volume of freight transported by province(*),Total,VN_SRC_TUYENQUANG,Tuyen Quang,2013,annual,8941.6,Thous. tons,not_specified,E1215,https://www.nso.gov.vn/en/px-web?pxid=E1215&theme=Transport%2C%20Postal%20Services%20and%20Telecommunications,source_reported_unharmonized
e1215_c9b3c38247,trade_services,Volume of freight transported by province(*),Total,VN_SRC_TUYENQUANG,Tuyen Quang,2014,annual,9605.7,Thous. tons,not_specified,E1215,https://www.nso.gov.vn/en/px-web?pxid=E1215&theme=Transport%2C%20Postal%20Services%20and%20Telecommunications,source_reported_unharmonized
e1215_c9b3c38247,trade_services,Volume of freight transported by province(*),Total,VN_SRC_TUYENQUANG,Tuyen Quang,2015,annual,10000.5,Thous. tons,not_specified,E1215,https://www.nso.gov.vn/en/px-web?pxid=E1215&theme=Transport%2C%20Postal%20Services%20and%20Telecommunications,source_reported_unharmonized
e1215_c9b3c38247,trade_services,Volume of freight transported by province(*),Total,VN_SRC_TUYENQUANG,Tuyen Quang,2016,annual,10151.5,Thous. tons,not_specified,E1215,https://www.nso.gov.vn/en/px-web?pxid=E1215&theme=Transport%2C%20Postal%20Services%20and%20Telecommunications,source_reported_unharmonized
e1215_c9b3c38247,trade_services,Volume of freight transported by province(*),Total,VN_SRC_TUYENQUANG,Tuyen Quang,2017,annual,10445.7,Thous. tons,not_specified,E1215,https://www.nso.gov.vn/en/px-web?pxid=E1215&theme=Transport%2C%20Postal%20Services%20and%20Telecommunications,source_reported_unharmonized
e1215_c9b3c38247,trade_services,Volume of freight transported by province(*),Total,VN_SRC_TUYENQUANG,Tuyen Quang,2018,annual,16614.0,Thous. tons,not_specified,E1215,https://www.nso.gov.vn/en/px-web?pxid=E1215&theme=Transport%2C%20Postal%20Services%20and%20Telecommunications,source_reported_unharmonized
e1215_c9b3c38247,trade_services,Volume of freight transported by province(*),Total,VN_SRC_TUYENQUANG,Tuyen Quang,2019,annual,15643.0,Thous. tons,not_specified,E1215,https://www.nso.gov.vn/en/px-web?pxid=E1215&theme=Transport%2C%20Postal%20Services%20and%20Telecommunications,source_reported_unharmonized
e1215_c9b3c38247,trade_services,Volume of freight transported by province(*),Total,VN_SRC_TUYENQUANG,Tuyen Quang,2020,annual,14271.1,Thous. tons,not_specified,E1215,https://www.nso.gov.vn/en/px-web?pxid=E1215&theme=Transport%2C%20Postal%20Services%20and%20Telecommunications,source_reported_unharmonized
e1215_c9b3c38247,trade_services,Volume of freight transported by province(*),Total,VN_SRC_TUYENQUANG,Tuyen Quang,2021,annual,14757.6,Thous. tons,not_specified,E1215,https://www.nso.gov.vn/en/px-web?pxid=E1215&theme=Transport%2C%20Postal%20Services%20and%20Telecommunications,source_reported_unharmonized
e1215_c9b3c38247,trade_services,Volume of freight transported by province(*),Total,VN_SRC_TUYENQUANG,Tuyen Quang,2022,annual,15543.6,Thous. tons,not_specified,E1215,https://www.nso.gov.vn/en/px-web?pxid=E1215&theme=Transport%2C%20Postal%20Services%20and%20Telecommunications,source_reported_unharmonized
e1215_c9b3c38247,trade_services,Volume of freight transported by province(*),Total,VN_SRC_TUYENQUANG,Tuyen Quang,2023,annual,23024.8,Thous. tons,not_specified,E1215,https://www.nso.gov.vn/en/px-web?pxid=E1215&theme=Transport%2C%20Postal%20Services%20and%20Telecommunications,source_reported_unharmonized
e1215_c9b3c38247,trade_services,Volume of freight transported by province(*),Total,VN_SRC_TUYENQUANG,Tuyen Quang,2024,annual,27465.8,Thous. tons,not_specified,E1215,https://www.nso.gov.vn/en/px-web?pxid=E1215&theme=Transport%2C%20Postal%20Services%20and%20Telecommunications,source_reported_unharmonized
e1215_c9b3c38247,trade_services,Volume of freight transported by province(*),Total,VN_SRC_TUYENQUANG,Tuyen Quang,2025,annual,31100.3,Thous. tons,preliminary,E1215,https://www.nso.gov.vn/en/px-web?pxid=E1215&theme=Transport%2C%20Postal%20Services%20and%20Telecommunications,source_reported_unharmonized
e1215_c9b3c38247,trade_services,Volume of freight transported by province(*),Total,VN_SRC_LAOCAI,Lao Cai,2000,annual,428.3,Thous. tons,not_specified,E1215,https://www.nso.gov.vn/en/px-web?pxid=E1215&theme=Transport%2C%20Postal%20Services%20and%20Telecommunications,source_reported_unharmonized
e1215_c9b3c38247,trade_services,Volume of freight transported by province(*),Total,VN_SRC_LAOCAI,Lao Cai,2001,annual,409.9,Thous. tons,not_specified,E1215,https://www.nso.gov.vn/en/px-web?pxid=E1215&theme=Transport%2C%20Postal%20Services%20and%20Telecommunications,source_reported_unharmonized
e1215_c9b3c38247,trade_services,Volume of freight transported by province(*),Total,VN_SRC_LAOCAI,Lao Cai,2002,annual,414.9,Thous. tons,not_specified,E1215,https://www.nso.gov.vn/en/px-web?pxid=E1215&theme=Transport%2C%20Postal%20Services%20and%20Telecommunications,source_reported_unharmonized
e1215_c9b3c38247,trade_services,Volume of freight transported by province(*),Total,VN_SRC_LAOCAI,Lao Cai,2003,annual,441.8,Thous. tons,not_specified,E1215,https://www.nso.gov.vn/en/px-web?pxid=E1215&theme=Transport%2C%20Postal%20Services%20and%20Telecommunications,source_reported_unharmonized
e1215_c9b3c38247,trade_services,Volume of freight transported by province(*),Total,VN_SRC_LAOCAI,Lao Cai,2004,annual,543.6,Thous. tons,not_specified,E1215,https://www.nso.gov.vn/en/px-web?pxid=E1215&theme=Transport%2C%20Postal%20Services%20and%20Telecommunications,source_reported_unharmonized
e1215_c9b3c38247,trade_services,Volume of freight transported by province(*),Total,VN_SRC_LAOCAI,Lao Cai,2005,annual,627.7,Thous. tons,not_specified,E1215,https://www.nso.gov.vn/en/px-web?pxid=E1215&theme=Transport%2C%20Postal%20Services%20and%20Telecommunications,source_reported_unharmonized
e1215_c9b3c38247,trade_services,Volume of freight transported by province(*),Total,VN_SRC_LAOCAI,Lao Cai,2006,annual,768.5,Thous. tons,not_specified,E1215,https://www.nso.gov.vn/en/px-web?pxid=E1215&theme=Transport%2C%20Postal%20Services%20and%20Telecommunications,source_reported_unharmonized
e1215_c9b3c38247,trade_services,Volume of freight transported by province(*),Total,VN_SRC_LAOCAI,Lao Cai,2007,annual,989.0,Thous. tons,not_specified,E1215,https://www.nso.gov.vn/en/px-web?pxid=E1215&theme=Transport%2C%20Postal%20Services%20and%20Telecommunications,source_reported_unharmonized
e1215_c9b3c38247,trade_services,Volume of freight transported by province(*),Total,VN_SRC_LAOCAI,Lao Cai,2008,annual,1226.0,Thous. tons,not_specified,E1215,https://www.nso.gov.vn/en/px-web?pxid=E1215&theme=Transport%2C%20Postal%20Services%20and%20Telecommunications,source_reported_unharmonized
e1215_c9b3c38247,trade_services,Volume of freight transported by province(*),Total,VN_SRC_LAOCAI,Lao Cai,2009,annual,1431.0,Thous. tons,not_specified,E1215,https://www.nso.gov.vn/en/px-web?pxid=E1215&theme=Transport%2C%20Postal%20Services%20and%20Telecommunications,source_reported_unharmonized
e1215_c9b3c38247,trade_services,Volume of freight transported by province(*),Total,VN_SRC_LAOCAI,Lao Cai,2010,annual,1607.5,Thous. tons,not_specified,E1215,https://www.nso.gov.vn/en/px-web?pxid=E1215&theme=Transport%2C%20Postal%20Services%20and%20Telecommunications,source_reported_unharmonized
e1215_c9b3c38247,trade_services,Volume of freight transported by province(*),Total,VN_SRC_LAOCAI,Lao Cai,2011,annual,1902.7,Thous. tons,not_specified,E1215,https://www.nso.gov.vn/en/px-web?pxid=E1215&theme=Transport%2C%20Postal%20Services%20and%20Telecommunications,source_reported_unharmonized
e1215_c9b3c38247,trade_services,Volume of freight transported by province(*),Total,VN_SRC_LAOCAI,Lao Cai,2012,annual,2273.3,Thous. tons,not_specified,E1215,https://www.nso.gov.vn/en/px-web?pxid=E1215&theme=Transport%2C%20Postal%20Services%20and%20Telecommunications,source_reported_unharmonized
e1215_c9b3c38247,trade_services,Volume of freight transported by province(*),Total,VN_SRC_LAOCAI,Lao Cai,2013,annual,2808.0,Thous. tons,not_specified,E1215,https://www.nso.gov.vn/en/px-web?pxid=E1215&theme=Transport%2C%20Postal%20Services%20and%20Telecommunications,source_reported_unharmonized
e1215_c9b3c38247,trade_services,Volume of freight transported by province(*),Total,VN_SRC_LAOCAI,Lao Cai,2014,annual,2915.1,Thous. tons,not_specified,E1215,https://www.nso.gov.vn/en/px-web?pxid=E1215&theme=Transport%2C%20Postal%20Services%20and%20Telecommunications,source_reported_unharmonized
e1215_c9b3c38247,trade_services,Volume of freight transported by province(*),Total,VN_SRC_LAOCAI,Lao Cai,2015,annual,3247.3,Thous. tons,not_specified,E1215,https://www.nso.gov.vn/en/px-web?pxid=E1215&theme=Transport%2C%20Postal%20Services%20and%20Telecommunications,source_reported_unharmonized
e1215_c9b3c38247,trade_services,Volume of freight transported by province(*),Total,VN_SRC_LAOCAI,Lao Cai,2016,annual,3334.7,Thous. tons,not_specified,E1215,https://www.nso.gov.vn/en/px-web?pxid=E1215&theme=Transport%2C%20Postal%20Services%20and%20Telecommunications,source_reported_unharmonized
e1215_c9b3c38247,trade_services,Volume of freight transported by province(*),Total,VN_SRC_LAOCAI,Lao Cai,2017,annual,3961.1,Thous. tons,not_specified,E1215,https://www.nso.gov.vn/en/px-web?pxid=E1215&theme=Transport%2C%20Postal%20Services%20and%20Telecommunications,source_reported_unharmonized
e1215_c9b3c38247,trade_services,Volume of freight transported by province(*),Total,VN_SRC_LAOCAI,Lao Cai,2018,annual,5255.2,Thous. tons,not_specified,E1215,https://www.nso.gov.vn/en/px-web?pxid=E1215&theme=Transport%2C%20Postal%20Services%20and%20Telecommunications,source_reported_unharmonized
e1215_c9b3c38247,trade_services,Volume of freight transported by province(*),Total,VN_SRC_LAOCAI,Lao Cai,2019,annual,6131.0,Thous. tons,not_specified,E1215,https://www.nso.gov.vn/en/px-web?pxid=E1215&theme=Transport%2C%20Postal%20Services%20and%20Telecommunications,source_reported_unharmonized
e1215_c9b3c38247,trade_services,Volume of freight transported by province(*),Total,VN_SRC_LAOCAI,Lao Cai,2020,annual,4681.8,Thous. tons,not_specified,E1215,https://www.nso.gov.vn/en/px-web?pxid=E1215&theme=Transport%2C%20Postal%20Services%20and%20Telecommunications,source_reported_unharmonized
e1215_c9b3c38247,trade_services,Volume of freight transported by province(*),Total,VN_SRC_LAOCAI,Lao Cai,2021,annual,5981.6,Thous. tons,not_specified,E1215,https://www.nso.gov.vn/en/px-web?pxid=E1215&theme=Transport%2C%20Postal%20Services%20and%20Telecommunications,source_reported_unharmonized
e1215_c9b3c38247,trade_services,Volume of freight transported by province(*),Total,VN_SRC_LAOCAI,Lao Cai,2022,annual,7115.7,Thous. tons,not_specified,E1215,https://www.nso.gov.vn/en/px-web?pxid=E1215&theme=Transport%2C%20Postal%20Services%20and%20Telecommunications,source_reported_unharmonized
e1215_c9b3c38247,trade_services,Volume of freight transported by province(*),Total,VN_SRC_LAOCAI,Lao Cai,2023,annual,7820.1,Thous. tons,not_specified,E1215,https://www.nso.gov.vn/en/px-web?pxid=E1215&theme=Transport%2C%20Postal%20Services%20and%20Telecommunications,source_reported_unharmonized
e1215_c9b3c38247,trade_services,Volume of freight transported by province(*),Total,VN_SRC_LAOCAI,Lao Cai,2024,annual,8685.0,Thous. tons,not_specified,E1215,https://www.nso.gov.vn/en/px-web?pxid=E1215&theme=Transport%2C%20Postal%20Services%20and%20Telecommunications,source_reported_unharmonized
e1215_c9b3c38247,trade_services,Volume of freight transported by province(*),Total,VN_SRC_LAOCAI,Lao Cai,2025,annual,9628.9,Thous. tons,preliminary,E1215,https://www.nso.gov.vn/en/px-web?pxid=E1215&theme=Transport%2C%20Postal%20Services%20and%20Telecommunications,source_reported_unharmonized
e1215_c9b3c38247,trade_services,Volume of freight transported by province(*),Total,VN_SRC_YENBAI,Yen Bai,2000,annual,1356.0,Thous. tons,not_specified,E1215,https://www.nso.gov.vn/en/px-web?pxid=E1215&theme=Transport%2C%20Postal%20Services%20and%20Telecommunications,source_reported_unharmonized
e1215_c9b3c38247,trade_services,Volume of freight transported by province(*),Total,VN_SRC_YENBAI,Yen Bai,2001,annual,1601.0,Thous. tons,not_specified,E1215,https://www.nso.gov.vn/en/px-web?pxid=E1215&theme=Transport%2C%20Postal%20Services%20and%20Telecommunications,source_reported_unharmonized
e1215_c9b3c38247,trade_services,Volume of freight transported by province(*),Total,VN_SRC_YENBAI,Yen Bai,2002,annual,2020.0,Thous. tons,not_specified,E1215,https://www.nso.gov.vn/en/px-web?pxid=E1215&theme=Transport%2C%20Postal%20Services%20and%20Telecommunications,source_reported_unharmonized
e1215_c9b3c38247,trade_services,Volume of freight transported by province(*),Total,VN_SRC_YENBAI,Yen Bai,2003,annual,2332.0,Thous. tons,not_specified,E1215,https://www.nso.gov.vn/en/px-web?pxid=E1215&theme=Transport%2C%20Postal%20Services%20and%20Telecommunications,source_reported_unharmonized
e1215_c9b3c38247,trade_services,Volume of freight transported by province(*),Total,VN_SRC_YENBAI,Yen Bai,2004,annual,3081.0,Thous. tons,not_specified,E1215,https://www.nso.gov.vn/en/px-web?pxid=E1215&theme=Transport%2C%20Postal%20Services%20and%20Telecommunications,source_reported_unharmonized
e1215_c9b3c38247,trade_services,Volume of freight transported by province(*),Total,VN_SRC_YENBAI,Yen Bai,2005,annual,3516.0,Thous. tons,not_specified,E1215,https://www.nso.gov.vn/en/px-web?pxid=E1215&theme=Transport%2C%20Postal%20Services%20and%20Telecommunications,source_reported_unharmonized
e1215_c9b3c38247,trade_services,Volume of freight transported by province(*),Total,VN_SRC_YENBAI,Yen Bai,2006,annual,3890.0,Thous. tons,not_specified,E1215,https://www.nso.gov.vn/en/px-web?pxid=E1215&theme=Transport%2C%20Postal%20Services%20and%20Telecommunications,source_reported_unharmonized
e1215_c9b3c38247,trade_services,Volume of freight transported by province(*),Total,VN_SRC_YENBAI,Yen Bai,2007,annual,4119.0,Thous. tons,not_specified,E1215,https://www.nso.gov.vn/en/px-web?pxid=E1215&theme=Transport%2C%20Postal%20Services%20and%20Telecommunications,source_reported_unharmonized
e1215_c9b3c38247,trade_services,Volume of freight transported by province(*),Total,VN_SRC_YENBAI,Yen Bai,2008,annual,4368.0,Thous. tons,not_specified,E1215,https://www.nso.gov.vn/en/px-web?pxid=E1215&theme=Transport%2C%20Postal%20Services%20and%20Telecommunications,source_reported_unharmonized
e1215_c9b3c38247,trade_services,Volume of freight transported by province(*),Total,VN_SRC_YENBAI,Yen Bai,2009,annual,4494.0,Thous. tons,not_specified,E1215,https://www.nso.gov.vn/en/px-web?pxid=E1215&theme=Transport%2C%20Postal%20Services%20and%20Telecommunications,source_reported_unharmonized
e1215_c9b3c38247,trade_services,Volume of freight transported by province(*),Total,VN_SRC_YENBAI,Yen Bai,2010,annual,5199.7,Thous. tons,not_specified,E1215,https://www.nso.gov.vn/en/px-web?pxid=E1215&theme=Transport%2C%20Postal%20Services%20and%20Telecommunications,source_reported_unharmonized
e1215_c9b3c38247,trade_services,Volume of freight transported by province(*),Total,VN_SRC_YENBAI,Yen Bai,2011,annual,6383.0,Thous. tons,not_specified,E1215,https://www.nso.gov.vn/en/px-web?pxid=E1215&theme=Transport%2C%20Postal%20Services%20and%20Telecommunications,source_reported_unharmonized
e1215_c9b3c38247,trade_services,Volume of freight transported by province(*),Total,VN_SRC_YENBAI,Yen Bai,2012,annual,7243.0,Thous. tons,not_specified,E1215,https://www.nso.gov.vn/en/px-web?pxid=E1215&theme=Transport%2C%20Postal%20Services%20and%20Telecommunications,source_reported_unharmonized
e1215_c9b3c38247,trade_services,Volume of freight transported by province(*),Total,VN_SRC_YENBAI,Yen Bai,2013,annual,7402.2,Thous. tons,not_specified,E1215,https://www.nso.gov.vn/en/px-web?pxid=E1215&theme=Transport%2C%20Postal%20Services%20and%20Telecommunications,source_reported_unharmonized
e1215_c9b3c38247,trade_services,Volume of freight transported by province(*),Total,VN_SRC_YENBAI,Yen Bai,2014,annual,7978.0,Thous. tons,not_specified,E1215,https://www.nso.gov.vn/en/px-web?pxid=E1215&theme=Transport%2C%20Postal%20Services%20and%20Telecommunications,source_reported_unharmonized
e1215_c9b3c38247,trade_services,Volume of freight transported by province(*),Total,VN_SRC_YENBAI,Yen Bai,2015,annual,8302.1,Thous. tons,not_specified,E1215,https://www.nso.gov.vn/en/px-web?pxid=E1215&theme=Transport%2C%20Postal%20Services%20and%20Telecommunications,source_reported_unharmonized
e1215_c9b3c38247,trade_services,Volume of freight transported by province(*),Total,VN_SRC_YENBAI,Yen Bai,2016,annual,9133.2,Thous. tons,not_specified,E1215,https://www.nso.gov.vn/en/px-web?pxid=E1215&theme=Transport%2C%20Postal%20Services%20and%20Telecommunications,source_reported_unharmonized
e1215_c9b3c38247,trade_services,Volume of freight transported by province(*),Total,VN_SRC_YENBAI,Yen Bai,2017,annual,9816.6,Thous. tons,not_specified,E1215,https://www.nso.gov.vn/en/px-web?pxid=E1215&theme=Transport%2C%20Postal%20Services%20and%20Telecommunications,source_reported_unharmonized
e1215_c9b3c38247,trade_services,Volume of freight transported by province(*),Total,VN_SRC_YENBAI,Yen Bai,2018,annual,10932.9,Thous. tons,not_specified,E1215,https://www.nso.gov.vn/en/px-web?pxid=E1215&theme=Transport%2C%20Postal%20Services%20and%20Telecommunications,source_reported_unharmonized
e1215_c9b3c38247,trade_services,Volume of freight transported by province(*),Total,VN_SRC_YENBAI,Yen Bai,2019,annual,11211.7,Thous. tons,not_specified,E1215,https://www.nso.gov.vn/en/px-web?pxid=E1215&theme=Transport%2C%20Postal%20Services%20and%20Telecommunications,source_reported_unharmonized
e1215_c9b3c38247,trade_services,Volume of freight transported by province(*),Total,VN_SRC_YENBAI,Yen Bai,2020,annual,10671.7,Thous. tons,not_specified,E1215,https://www.nso.gov.vn/en/px-web?pxid=E1215&theme=Transport%2C%20Postal%20Services%20and%20Telecommunications,source_reported_unharmonized
e1215_c9b3c38247,trade_services,Volume of freight transported by province(*),Total,VN_SRC_YENBAI,Yen Bai,2021,annual,8060.8,Thous. tons,not_specified,E1215,https://www.nso.gov.vn/en/px-web?pxid=E1215&theme=Transport%2C%20Postal%20Services%20and%20Telecommunications,source_reported_unharmonized
e1215_c9b3c38247,trade_services,Volume of freight transported by province(*),Total,VN_SRC_YENBAI,Yen Bai,2022,annual,10415.3,Thous. tons,not_specified,E1215,https://www.nso.gov.vn/en/px-web?pxid=E1215&theme=Transport%2C%20Postal%20Services%20and%20Telecommunications,source_reported_unharmonized
e1215_c9b3c38247,trade_services,Volume of freight transported by province(*),Total,VN_SRC_YENBAI,Yen Bai,2023,annual,13644.7,Thous. tons,not_specified,E1215,https://www.nso.gov.vn/en/px-web?pxid=E1215&theme=Transport%2C%20Postal%20Services%20and%20Telecommunications,source_reported_unharmonized
e1215_c9b3c38247,trade_services,Volume of freight transported by province(*),Total,VN_SRC_YENBAI,Yen Bai,2024,annual,17352.5,Thous. tons,not_specified,E1215,https://www.nso.gov.vn/en/px-web?pxid=E1215&theme=Transport%2C%20Postal%20Services%20and%20Telecommunications,source_reported_unharmonized
e1215_c9b3c38247,trade_services,Volume of freight transported by province(*),Total,VN_SRC_YENBAI,Yen Bai,2025,annual,18469.4,Thous. tons,preliminary,E1215,https://www.nso.gov.vn/en/px-web?pxid=E1215&theme=Transport%2C%20Postal%20Services%20and%20Telecommunications,source_reported_unharmonized
e1215_c9b3c38247,trade_services,Volume of freight transported by province(*),Total,VN_SRC_THAINGUYEN,Thai Nguyen,2000,annual,2543.0,Thous. tons,not_specified,E1215,https://www.nso.gov.vn/en/px-web?pxid=E1215&theme=Transport%2C%20Postal%20Services%20and%20Telecommunications,source_reported_unharmonized
e1215_c9b3c38247,trade_services,Volume of freight transported by province(*),Total,VN_SRC_THAINGUYEN,Thai Nguyen,2001,annual,2906.0,Thous. tons,not_specified,E1215,https://www.nso.gov.vn/en/px-web?pxid=E1215&theme=Transport%2C%20Postal%20Services%20and%20Telecommunications,source_reported_unharmonized
e1215_c9b3c38247,trade_services,Volume of freight transported by province(*),Total,VN_SRC_THAINGUYEN,Thai Nguyen,2002,annual,3352.0,Thous. tons,not_specified,E1215,https://www.nso.gov.vn/en/px-web?pxid=E1215&theme=Transport%2C%20Postal%20Services%20and%20Telecommunications,source_reported_unharmonized
e1215_c9b3c38247,trade_services,Volume of freight transported by province(*),Total,VN_SRC_THAINGUYEN,Thai Nguyen,2003,annual,4125.0,Thous. tons,not_specified,E1215,https://www.nso.gov.vn/en/px-web?pxid=E1215&theme=Transport%2C%20Postal%20Services%20and%20Telecommunications,source_reported_unharmonized
e1215_c9b3c38247,trade_services,Volume of freight transported by province(*),Total,VN_SRC_THAINGUYEN,Thai Nguyen,2004,annual,6128.4,Thous. tons,not_specified,E1215,https://www.nso.gov.vn/en/px-web?pxid=E1215&theme=Transport%2C%20Postal%20Services%20and%20Telecommunications,source_reported_unharmonized
e1215_c9b3c38247,trade_services,Volume of freight transported by province(*),Total,VN_SRC_THAINGUYEN,Thai Nguyen,2005,annual,7358.2,Thous. tons,not_specified,E1215,https://www.nso.gov.vn/en/px-web?pxid=E1215&theme=Transport%2C%20Postal%20Services%20and%20Telecommunications,source_reported_unharmonized
e1215_c9b3c38247,trade_services,Volume of freight transported by province(*),Total,VN_SRC_THAINGUYEN,Thai Nguyen,2006,annual,7942.0,Thous. tons,not_specified,E1215,https://www.nso.gov.vn/en/px-web?pxid=E1215&theme=Transport%2C%20Postal%20Services%20and%20Telecommunications,source_reported_unharmonized
e1215_c9b3c38247,trade_services,Volume of freight transported by province(*),Total,VN_SRC_THAINGUYEN,Thai Nguyen,2007,annual,9597.0,Thous. tons,not_specified,E1215,https://www.nso.gov.vn/en/px-web?pxid=E1215&theme=Transport%2C%20Postal%20Services%20and%20Telecommunications,source_reported_unharmonized
e1215_c9b3c38247,trade_services,Volume of freight transported by province(*),Total,VN_SRC_THAINGUYEN,Thai Nguyen,2008,annual,10314.0,Thous. tons,not_specified,E1215,https://www.nso.gov.vn/en/px-web?pxid=E1215&theme=Transport%2C%20Postal%20Services%20and%20Telecommunications,source_reported_unharmonized
e1215_c9b3c38247,trade_services,Volume of freight transported by province(*),Total,VN_SRC_THAINGUYEN,Thai Nguyen,2009,annual,12203.4,Thous. tons,not_specified,E1215,https://www.nso.gov.vn/en/px-web?pxid=E1215&theme=Transport%2C%20Postal%20Services%20and%20Telecommunications,source_reported_unharmonized
e1215_c9b3c38247,trade_services,Volume of freight transported by province(*),Total,VN_SRC_THAINGUYEN,Thai Nguyen,2010,annual,14233.3,Thous. tons,not_specified,E1215,https://www.nso.gov.vn/en/px-web?pxid=E1215&theme=Transport%2C%20Postal%20Services%20and%20Telecommunications,source_reported_unharmonized
e1215_c9b3c38247,trade_services,Volume of freight transported by province(*),Total,VN_SRC_THAINGUYEN,Thai Nguyen,2011,annual,16964.6,Thous. tons,not_specified,E1215,https://www.nso.gov.vn/en/px-web?pxid=E1215&theme=Transport%2C%20Postal%20Services%20and%20Telecommunications,source_reported_unharmonized
e1215_c9b3c38247,trade_services,Volume of freight transported by province(*),Total,VN_SRC_THAINGUYEN,Thai Nguyen,2012,annual,18212.4,Thous. tons,not_specified,E1215,https://www.nso.gov.vn/en/px-web?pxid=E1215&theme=Transport%2C%20Postal%20Services%20and%20Telecommunications,source_reported_unharmonized
e1215_c9b3c38247,trade_services,Volume of freight transported by province(*),Total,VN_SRC_THAINGUYEN,Thai Nguyen,2013,annual,19087.0,Thous. tons,not_specified,E1215,https://www.nso.gov.vn/en/px-web?pxid=E1215&theme=Transport%2C%20Postal%20Services%20and%20Telecommunications,source_reported_unharmonized
e1215_c9b3c38247,trade_services,Volume of freight transported by province(*),Total,VN_SRC_THAINGUYEN,Thai Nguyen,2014,annual,20532.1,Thous. tons,not_specified,E1215,https://www.nso.gov.vn/en/px-web?pxid=E1215&theme=Transport%2C%20Postal%20Services%20and%20Telecommunications,source_reported_unharmonized
e1215_c9b3c38247,trade_services,Volume of freight transported by province(*),Total,VN_SRC_THAINGUYEN,Thai Nguyen,2015,annual,21414.1,Thous. tons,not_specified,E1215,https://www.nso.gov.vn/en/px-web?pxid=E1215&theme=Transport%2C%20Postal%20Services%20and%20Telecommunications,source_reported_unharmonized
e1215_c9b3c38247,trade_services,Volume of freight transported by province(*),Total,VN_SRC_THAINGUYEN,Thai Nguyen,2016,annual,24459.2,Thous. tons,not_specified,E1215,https://www.nso.gov.vn/en/px-web?pxid=E1215&theme=Transport%2C%20Postal%20Services%20and%20Telecommunications,source_reported_unharmonized
e1215_c9b3c38247,trade_services,Volume of freight transported by province(*),Total,VN_SRC_THAINGUYEN,Thai Nguyen,2017,annual,30094.6,Thous. tons,not_specified,E1215,https://www.nso.gov.vn/en/px-web?pxid=E1215&theme=Transport%2C%20Postal%20Services%20and%20Telecommunications,source_reported_unharmonized
e1215_c9b3c38247,trade_services,Volume of freight transported by province(*),Total,VN_SRC_THAINGUYEN,Thai Nguyen,2018,annual,32231.3,Thous. tons,not_specified,E1215,https://www.nso.gov.vn/en/px-web?pxid=E1215&theme=Transport%2C%20Postal%20Services%20and%20Telecommunications,source_reported_unharmonized
e1215_c9b3c38247,trade_services,Volume of freight transported by province(*),Total,VN_SRC_THAINGUYEN,Thai Nguyen,2019,annual,33944.4,Thous. tons,not_specified,E1215,https://www.nso.gov.vn/en/px-web?pxid=E1215&theme=Transport%2C%20Postal%20Services%20and%20Telecommunications,source_reported_unharmonized
e1215_c9b3c38247,trade_services,Volume of freight transported by province(*),Total,VN_SRC_THAINGUYEN,Thai Nguyen,2020,annual,34481.7,Thous. tons,not_specified,E1215,https://www.nso.gov.vn/en/px-web?pxid=E1215&theme=Transport%2C%20Postal%20Services%20and%20Telecommunications,source_reported_unharmonized
e1215_c9b3c38247,trade_services,Volume of freight transported by province(*),Total,VN_SRC_THAINGUYEN,Thai Nguyen,2021,annual,45133.4,Thous. tons,not_specified,E1215,https://www.nso.gov.vn/en/px-web?pxid=E1215&theme=Transport%2C%20Postal%20Services%20and%20Telecommunications,source_reported_unharmonized
e1215_c9b3c38247,trade_services,Volume of freight transported by province(*),Total,VN_SRC_THAINGUYEN,Thai Nguyen,2022,annual,49529.0,Thous. tons,not_specified,E1215,https://www.nso.gov.vn/en/px-web?pxid=E1215&theme=Transport%2C%20Postal%20Services%20and%20Telecommunications,source_reported_unharmonized
e1215_c9b3c38247,trade_services,Volume of freight transported by province(*),Total,VN_SRC_THAINGUYEN,Thai Nguyen,2023,annual,54844.0,Thous. tons,not_specified,E1215,https://www.nso.gov.vn/en/px-web?pxid=E1215&theme=Transport%2C%20Postal%20Services%20and%20Telecommunications,source_reported_unharmonized
e1215_c9b3c38247,trade_services,Volume of freight transported by province(*),Total,VN_SRC_THAINGUYEN,Thai Nguyen,2024,annual,60450.1,Thous. tons,not_specified,E1215,https://www.nso.gov.vn/en/px-web?pxid=E1215&theme=Transport%2C%20Postal%20Services%20and%20Telecommunications,source_reported_unharmonized
e1215_c9b3c38247,trade_services,Volume of freight transported by province(*),Total,VN_SRC_THAINGUYEN,Thai Nguyen,2025,annual,65969.1,Thous. tons,preliminary,E1215,https://www.nso.gov.vn/en/px-web?pxid=E1215&theme=Transport%2C%20Postal%20Services%20and%20Telecommunications,source_reported_unharmonized
e1215_c9b3c38247,trade_services,Volume of freight transported by province(*),Total,VN_SRC_LANGSON,Lang Son,2000,annual,2183.0,Thous. tons,not_specified,E1215,https://www.nso.gov.vn/en/px-web?pxid=E1215&theme=Transport%2C%20Postal%20Services%20and%20Telecommunications,source_reported_unharmonized
e1215_c9b3c38247,trade_services,Volume of freight transported by province(*),Total,VN_SRC_LANGSON,Lang Son,2001,annual,2344.0,Thous. tons,not_specified,E1215,https://www.nso.gov.vn/en/px-web?pxid=E1215&theme=Transport%2C%20Postal%20Services%20and%20Telecommunications,source_reported_unharmonized
e1215_c9b3c38247,trade_services,Volume of freight transported by province(*),Total,VN_SRC_LANGSON,Lang Son,2002,annual,2851.0,Thous. tons,not_specified,E1215,https://www.nso.gov.vn/en/px-web?pxid=E1215&theme=Transport%2C%20Postal%20Services%20and%20Telecommunications,source_reported_unharmonized
e1215_c9b3c38247,trade_services,Volume of freight transported by province(*),Total,VN_SRC_LANGSON,Lang Son,2003,annual,2860.0,Thous. tons,not_specified,E1215,https://www.nso.gov.vn/en/px-web?pxid=E1215&theme=Transport%2C%20Postal%20Services%20and%20Telecommunications,source_reported_unharmonized
e1215_c9b3c38247,trade_services,Volume of freight transported by province(*),Total,VN_SRC_LANGSON,Lang Son,2004,annual,2432.0,Thous. tons,not_specified,E1215,https://www.nso.gov.vn/en/px-web?pxid=E1215&theme=Transport%2C%20Postal%20Services%20and%20Telecommunications,source_reported_unharmonized
e1215_c9b3c38247,trade_services,Volume of freight transported by province(*),Total,VN_SRC_LANGSON,Lang Son,2005,annual,1509.0,Thous. tons,not_specified,E1215,https://www.nso.gov.vn/en/px-web?pxid=E1215&theme=Transport%2C%20Postal%20Services%20and%20Telecommunications,source_reported_unharmonized
e1215_c9b3c38247,trade_services,Volume of freight transported by province(*),Total,VN_SRC_LANGSON,Lang Son,2006,annual,1640.0,Thous. tons,not_specified,E1215,https://www.nso.gov.vn/en/px-web?pxid=E1215&theme=Transport%2C%20Postal%20Services%20and%20Telecommunications,source_reported_unharmonized
e1215_c9b3c38247,trade_services,Volume of freight transported by province(*),Total,VN_SRC_LANGSON,Lang Son,2007,annual,1883.0,Thous. tons,not_specified,E1215,https://www.nso.gov.vn/en/px-web?pxid=E1215&theme=Transport%2C%20Postal%20Services%20and%20Telecommunications,source_reported_unharmonized
e1215_c9b3c38247,trade_services,Volume of freight transported by province(*),Total,VN_SRC_LANGSON,Lang Son,2008,annual,2263.0,Thous. tons,not_specified,E1215,https://www.nso.gov.vn/en/px-web?pxid=E1215&theme=Transport%2C%20Postal%20Services%20and%20Telecommunications,source_reported_unharmonized
e1215_c9b3c38247,trade_services,Volume of freight transported by province(*),Total,VN_SRC_LANGSON,Lang Son,2009,annual,3121.0,Thous. tons,not_specified,E1215,https://www.nso.gov.vn/en/px-web?pxid=E1215&theme=Transport%2C%20Postal%20Services%20and%20Telecommunications,source_reported_unharmonized
e1215_c9b3c38247,trade_services,Volume of freight transported by province(*),Total,VN_SRC_LANGSON,Lang Son,2010,annual,3768.0,Thous. tons,not_specified,E1215,https://www.nso.gov.vn/en/px-web?pxid=E1215&theme=Transport%2C%20Postal%20Services%20and%20Telecommunications,source_reported_unharmonized
e1215_c9b3c38247,trade_services,Volume of freight transported by province(*),Total,VN_SRC_LANGSON,Lang Son,2011,annual,4034.8,Thous. tons,not_specified,E1215,https://www.nso.gov.vn/en/px-web?pxid=E1215&theme=Transport%2C%20Postal%20Services%20and%20Telecommunications,source_reported_unharmonized
e1215_c9b3c38247,trade_services,Volume of freight transported by province(*),Total,VN_SRC_LANGSON,Lang Son,2012,annual,4411.3,Thous. tons,not_specified,E1215,https://www.nso.gov.vn/en/px-web?pxid=E1215&theme=Transport%2C%20Postal%20Services%20and%20Telecommunications,source_reported_unharmonized
e1215_c9b3c38247,trade_services,Volume of freight transported by province(*),Total,VN_SRC_LANGSON,Lang Son,2013,annual,4886.2,Thous. tons,not_specified,E1215,https://www.nso.gov.vn/en/px-web?pxid=E1215&theme=Transport%2C%20Postal%20Services%20and%20Telecommunications,source_reported_unharmonized
e1215_c9b3c38247,trade_services,Volume of freight transported by province(*),Total,VN_SRC_LANGSON,Lang Son,2014,annual,5112.9,Thous. tons,not_specified,E1215,https://www.nso.gov.vn/en/px-web?pxid=E1215&theme=Transport%2C%20Postal%20Services%20and%20Telecommunications,source_reported_unharmonized
e1215_c9b3c38247,trade_services,Volume of freight transported by province(*),Total,VN_SRC_LANGSON,Lang Son,2015,annual,6007.6,Thous. tons,not_specified,E1215,https://www.nso.gov.vn/en/px-web?pxid=E1215&theme=Transport%2C%20Postal%20Services%20and%20Telecommunications,source_reported_unharmonized
e1215_c9b3c38247,trade_services,Volume of freight transported by province(*),Total,VN_SRC_LANGSON,Lang Son,2016,annual,5973.3,Thous. tons,not_specified,E1215,https://www.nso.gov.vn/en/px-web?pxid=E1215&theme=Transport%2C%20Postal%20Services%20and%20Telecommunications,source_reported_unharmonized
e1215_c9b3c38247,trade_services,Volume of freight transported by province(*),Total,VN_SRC_LANGSON,Lang Son,2017,annual,5710.6,Thous. tons,not_specified,E1215,https://www.nso.gov.vn/en/px-web?pxid=E1215&theme=Transport%2C%20Postal%20Services%20and%20Telecommunications,source_reported_unharmonized
e1215_c9b3c38247,trade_services,Volume of freight transported by province(*),Total,VN_SRC_LANGSON,Lang Son,2018,annual,5861.5,Thous. tons,not_specified,E1215,https://www.nso.gov.vn/en/px-web?pxid=E1215&theme=Transport%2C%20Postal%20Services%20and%20Telecommunications,source_reported_unharmonized
e1215_c9b3c38247,trade_services,Volume of freight transported by province(*),Total,VN_SRC_LANGSON,Lang Son,2019,annual,6920.7,Thous. tons,not_specified,E1215,https://www.nso.gov.vn/en/px-web?pxid=E1215&theme=Transport%2C%20Postal%20Services%20and%20Telecommunications,source_reported_unharmonized
e1215_c9b3c38247,trade_services,Volume of freight transported by province(*),Total,VN_SRC_LANGSON,Lang Son,2020,annual,6462.7,Thous. tons,not_specified,E1215,https://www.nso.gov.vn/en/px-web?pxid=E1215&theme=Transport%2C%20Postal%20Services%20and%20Telecommunications,source_reported_unharmonized
e1215_c9b3c38247,trade_services,Volume of freight transported by province(*),Total,VN_SRC_LANGSON,Lang Son,2021,annual,5154.0,Thous. tons,not_specified,E1215,https://www.nso.gov.vn/en/px-web?pxid=E1215&theme=Transport%2C%20Postal%20Services%20and%20Telecommunications,source_reported_unharmonized
e1215_c9b3c38247,trade_services,Volume of freight transported by province(*),Total,VN_SRC_LANGSON,Lang Son,2022,annual,6109.9,Thous. tons,not_specified,E1215,https://www.nso.gov.vn/en/px-web?pxid=E1215&theme=Transport%2C%20Postal%20Services%20and%20Telecommunications,source_reported_unharmonized
e1215_c9b3c38247,trade_services,Volume of freight transported by province(*),Total,VN_SRC_LANGSON,Lang Son,2023,annual,6814.8,Thous. tons,not_specified,E1215,https://www.nso.gov.vn/en/px-web?pxid=E1215&theme=Transport%2C%20Postal%20Services%20and%20Telecommunications,source_reported_unharmonized
e1215_c9b3c38247,trade_services,Volume of freight transported by province(*),Total,VN_SRC_LANGSON,Lang Son,2024,annual,8106.6,Thous. tons,not_specified,E1215,https://www.nso.gov.vn/en/px-web?pxid=E1215&theme=Transport%2C%20Postal%20Services%20and%20Telecommunications,source_reported_unharmonized
e1215_c9b3c38247,trade_services,Volume of freight transported by province(*),Total,VN_SRC_LANGSON,Lang Son,2025,annual,9447.3,Thous. tons,preliminary,E1215,https://www.nso.gov.vn/en/px-web?pxid=E1215&theme=Transport%2C%20Postal%20Services%20and%20Telecommunications,source_reported_unharmonized
e1215_c9b3c38247,trade_services,Volume of freight transported by province(*),Total,VN_SRC_BACGIANG,Bac Giang,2000,annual,2713.0,Thous. tons,not_specified,E1215,https://www.nso.gov.vn/en/px-web?pxid=E1215&theme=Transport%2C%20Postal%20Services%20and%20Telecommunications,source_reported_unharmonized
e1215_c9b3c38247,trade_services,Volume of freight transported by province(*),Total,VN_SRC_BACGIANG,Bac Giang,2001,annual,2908.0,Thous. tons,not_specified,E1215,https://www.nso.gov.vn/en/px-web?pxid=E1215&theme=Transport%2C%20Postal%20Services%20and%20Telecommunications,source_reported_unharmonized
e1215_c9b3c38247,trade_services,Volume of freight transported by province(*),Total,VN_SRC_BACGIANG,Bac Giang,2002,annual,3176.0,Thous. tons,not_specified,E1215,https://www.nso.gov.vn/en/px-web?pxid=E1215&theme=Transport%2C%20Postal%20Services%20and%20Telecommunications,source_reported_unharmonized
e1215_c9b3c38247,trade_services,Volume of freight transported by province(*),Total,VN_SRC_BACGIANG,Bac Giang,2003,annual,4524.0,Thous. tons,not_specified,E1215,https://www.nso.gov.vn/en/px-web?pxid=E1215&theme=Transport%2C%20Postal%20Services%20and%20Telecommunications,source_reported_unharmonized
e1215_c9b3c38247,trade_services,Volume of freight transported by province(*),Total,VN_SRC_BACGIANG,Bac Giang,2004,annual,4790.0,Thous. tons,not_specified,E1215,https://www.nso.gov.vn/en/px-web?pxid=E1215&theme=Transport%2C%20Postal%20Services%20and%20Telecommunications,source_reported_unharmonized
e1215_c9b3c38247,trade_services,Volume of freight transported by province(*),Total,VN_SRC_BACGIANG,Bac Giang,2005,annual,4985.0,Thous. tons,not_specified,E1215,https://www.nso.gov.vn/en/px-web?pxid=E1215&theme=Transport%2C%20Postal%20Services%20and%20Telecommunications,source_reported_unharmonized
e1215_c9b3c38247,trade_services,Volume of freight transported by province(*),Total,VN_SRC_BACGIANG,Bac Giang,2006,annual,5260.6,Thous. tons,not_specified,E1215,https://www.nso.gov.vn/en/px-web?pxid=E1215&theme=Transport%2C%20Postal%20Services%20and%20Telecommunications,source_reported_unharmonized
e1215_c9b3c38247,trade_services,Volume of freight transported by province(*),Total,VN_SRC_BACGIANG,Bac Giang,2007,annual,6215.0,Thous. tons,not_specified,E1215,https://www.nso.gov.vn/en/px-web?pxid=E1215&theme=Transport%2C%20Postal%20Services%20and%20Telecommunications,source_reported_unharmonized
e1215_c9b3c38247,trade_services,Volume of freight transported by province(*),Total,VN_SRC_BACGIANG,Bac Giang,2008,annual,7036.0,Thous. tons,not_specified,E1215,https://www.nso.gov.vn/en/px-web?pxid=E1215&theme=Transport%2C%20Postal%20Services%20and%20Telecommunications,source_reported_unharmonized
e1215_c9b3c38247,trade_services,Volume of freight transported by province(*),Total,VN_SRC_BACGIANG,Bac Giang,2009,annual,7925.0,Thous. tons,not_specified,E1215,https://www.nso.gov.vn/en/px-web?pxid=E1215&theme=Transport%2C%20Postal%20Services%20and%20Telecommunications,source_reported_unharmonized
e1215_c9b3c38247,trade_services,Volume of freight transported by province(*),Total,VN_SRC_BACGIANG,Bac Giang,2010,annual,8146.3,Thous. tons,not_specified,E1215,https://www.nso.gov.vn/en/px-web?pxid=E1215&theme=Transport%2C%20Postal%20Services%20and%20Telecommunications,source_reported_unharmonized
e1215_c9b3c38247,trade_services,Volume of freight transported by province(*),Total,VN_SRC_BACGIANG,Bac Giang,2011,annual,9734.4,Thous. tons,not_specified,E1215,https://www.nso.gov.vn/en/px-web?pxid=E1215&theme=Transport%2C%20Postal%20Services%20and%20Telecommunications,source_reported_unharmonized
e1215_c9b3c38247,trade_services,Volume of freight transported by province(*),Total,VN_SRC_BACGIANG,Bac Giang,2012,annual,10573.3,Thous. tons,not_specified,E1215,https://www.nso.gov.vn/en/px-web?pxid=E1215&theme=Transport%2C%20Postal%20Services%20and%20Telecommunications,source_reported_unharmonized
e1215_c9b3c38247,trade_services,Volume of freight transported by province(*),Total,VN_SRC_BACGIANG,Bac Giang,2013,annual,11372.8,Thous. tons,not_specified,E1215,https://www.nso.gov.vn/en/px-web?pxid=E1215&theme=Transport%2C%20Postal%20Services%20and%20Telecommunications,source_reported_unharmonized
e1215_c9b3c38247,trade_services,Volume of freight transported by province(*),Total,VN_SRC_BACGIANG,Bac Giang,2014,annual,12101.2,Thous. tons,not_specified,E1215,https://www.nso.gov.vn/en/px-web?pxid=E1215&theme=Transport%2C%20Postal%20Services%20and%20Telecommunications,source_reported_unharmonized
e1215_c9b3c38247,trade_services,Volume of freight transported by province(*),Total,VN_SRC_BACGIANG,Bac Giang,2015,annual,13368.4,Thous. tons,not_specified,E1215,https://www.nso.gov.vn/en/px-web?pxid=E1215&theme=Transport%2C%20Postal%20Services%20and%20Telecommunications,source_reported_unharmonized
e1215_c9b3c38247,trade_services,Volume of freight transported by province(*),Total,VN_SRC_BACGIANG,Bac Giang,2016,annual,15488.3,Thous. tons,not_specified,E1215,https://www.nso.gov.vn/en/px-web?pxid=E1215&theme=Transport%2C%20Postal%20Services%20and%20Telecommunications,source_reported_unharmonized
e1215_c9b3c38247,trade_services,Volume of freight transported by province(*),Total,VN_SRC_BACGIANG,Bac Giang,2017,annual,17736.7,Thous. tons,not_specified,E1215,https://www.nso.gov.vn/en/px-web?pxid=E1215&theme=Transport%2C%20Postal%20Services%20and%20Telecommunications,source_reported_unharmonized
e1215_c9b3c38247,trade_services,Volume of freight transported by province(*),Total,VN_SRC_BACGIANG,Bac Giang,2018,annual,20745.5,Thous. tons,not_specified,E1215,https://www.nso.gov.vn/en/px-web?pxid=E1215&theme=Transport%2C%20Postal%20Services%20and%20Telecommunications,source_reported_unharmonized
e1215_c9b3c38247,trade_services,Volume of freight transported by province(*),Total,VN_SRC_BACGIANG,Bac Giang,2019,annual,23951.3,Thous. tons,not_specified,E1215,https://www.nso.gov.vn/en/px-web?pxid=E1215&theme=Transport%2C%20Postal%20Services%20and%20Telecommunications,source_reported_unharmonized
e1215_c9b3c38247,trade_services,Volume of freight transported by province(*),Total,VN_SRC_BACGIANG,Bac Giang,2020,annual,24476.9,Thous. tons,not_specified,E1215,https://www.nso.gov.vn/en/px-web?pxid=E1215&theme=Transport%2C%20Postal%20Services%20and%20Telecommunications,source_reported_unharmonized
e1215_c9b3c38247,trade_services,Volume of freight transported by province(*),Total,VN_SRC_BACGIANG,Bac Giang,2021,annual,25809.7,Thous. tons,not_specified,E1215,https://www.nso.gov.vn/en/px-web?pxid=E1215&theme=Transport%2C%20Postal%20Services%20and%20Telecommunications,source_reported_unharmonized
e1215_c9b3c38247,trade_services,Volume of freight transported by province(*),Total,VN_SRC_BACGIANG,Bac Giang,2022,annual,34039.0,Thous. tons,not_specified,E1215,https://www.nso.gov.vn/en/px-web?pxid=E1215&theme=Transport%2C%20Postal%20Services%20and%20Telecommunications,source_reported_unharmonized
e1215_c9b3c38247,trade_services,Volume of freight transported by province(*),Total,VN_SRC_BACGIANG,Bac Giang,2023,annual,39148.4,Thous. tons,not_specified,E1215,https://www.nso.gov.vn/en/px-web?pxid=E1215&theme=Transport%2C%20Postal%20Services%20and%20Telecommunications,source_reported_unharmonized
e1215_c9b3c38247,trade_services,Volume of freight transported by province(*),Total,VN_SRC_BACGIANG,Bac Giang,2024,annual,42590.7,Thous. tons,not_specified,E1215,https://www.nso.gov.vn/en/px-web?pxid=E1215&theme=Transport%2C%20Postal%20Services%20and%20Telecommunications,source_reported_unharmonized
e1215_c9b3c38247,trade_services,Volume of freight transported by province(*),Total,VN_SRC_BACGIANG,Bac Giang,2025,annual,44538.4,Thous. tons,preliminary,E1215,https://www.nso.gov.vn/en/px-web?pxid=E1215&theme=Transport%2C%20Postal%20Services%20and%20Telecommunications,source_reported_unharmonized
e1215_c9b3c38247,trade_services,Volume of freight transported by province(*),Total,VN_SRC_PHUTHO,Phu Tho,2000,annual,2946.2,Thous. tons,not_specified,E1215,https://www.nso.gov.vn/en/px-web?pxid=E1215&theme=Transport%2C%20Postal%20Services%20and%20Telecommunications,source_reported_unharmonized
e1215_c9b3c38247,trade_services,Volume of freight transported by province(*),Total,VN_SRC_PHUTHO,Phu Tho,2001,annual,3891.7,Thous. tons,not_specified,E1215,https://www.nso.gov.vn/en/px-web?pxid=E1215&theme=Transport%2C%20Postal%20Services%20and%20Telecommunications,source_reported_unharmonized
e1215_c9b3c38247,trade_services,Volume of freight transported by province(*),Total,VN_SRC_PHUTHO,Phu Tho,2002,annual,4670.0,Thous. tons,not_specified,E1215,https://www.nso.gov.vn/en/px-web?pxid=E1215&theme=Transport%2C%20Postal%20Services%20and%20Telecommunications,source_reported_unharmonized
e1215_c9b3c38247,trade_services,Volume of freight transported by province(*),Total,VN_SRC_PHUTHO,Phu Tho,2003,annual,6409.4,Thous. tons,not_specified,E1215,https://www.nso.gov.vn/en/px-web?pxid=E1215&theme=Transport%2C%20Postal%20Services%20and%20Telecommunications,source_reported_unharmonized
e1215_c9b3c38247,trade_services,Volume of freight transported by province(*),Total,VN_SRC_PHUTHO,Phu Tho,2004,annual,7115.0,Thous. tons,not_specified,E1215,https://www.nso.gov.vn/en/px-web?pxid=E1215&theme=Transport%2C%20Postal%20Services%20and%20Telecommunications,source_reported_unharmonized
e1215_c9b3c38247,trade_services,Volume of freight transported by province(*),Total,VN_SRC_PHUTHO,Phu Tho,2005,annual,9120.9,Thous. tons,not_specified,E1215,https://www.nso.gov.vn/en/px-web?pxid=E1215&theme=Transport%2C%20Postal%20Services%20and%20Telecommunications,source_reported_unharmonized
e1215_c9b3c38247,trade_services,Volume of freight transported by province(*),Total,VN_SRC_PHUTHO,Phu Tho,2006,annual,12257.1,Thous. tons,not_specified,E1215,https://www.nso.gov.vn/en/px-web?pxid=E1215&theme=Transport%2C%20Postal%20Services%20and%20Telecommunications,source_reported_unharmonized
e1215_c9b3c38247,trade_services,Volume of freight transported by province(*),Total,VN_SRC_PHUTHO,Phu Tho,2007,annual,17887.0,Thous. tons,not_specified,E1215,https://www.nso.gov.vn/en/px-web?pxid=E1215&theme=Transport%2C%20Postal%20Services%20and%20Telecommunications,source_reported_unharmonized
e1215_c9b3c38247,trade_services,Volume of freight transported by province(*),Total,VN_SRC_PHUTHO,Phu Tho,2008,annual,18027.6,Thous. tons,not_specified,E1215,https://www.nso.gov.vn/en/px-web?pxid=E1215&theme=Transport%2C%20Postal%20Services%20and%20Telecommunications,source_reported_unharmonized
e1215_c9b3c38247,trade_services,Volume of freight transported by province(*),Total,VN_SRC_PHUTHO,Phu Tho,2009,annual,18887.0,Thous. tons,not_specified,E1215,https://www.nso.gov.vn/en/px-web?pxid=E1215&theme=Transport%2C%20Postal%20Services%20and%20Telecommunications,source_reported_unharmonized
e1215_c9b3c38247,trade_services,Volume of freight transported by province(*),Total,VN_SRC_PHUTHO,Phu Tho,2010,annual,20098.4,Thous. tons,not_specified,E1215,https://www.nso.gov.vn/en/px-web?pxid=E1215&theme=Transport%2C%20Postal%20Services%20and%20Telecommunications,source_reported_unharmonized
e1215_c9b3c38247,trade_services,Volume of freight transported by province(*),Total,VN_SRC_PHUTHO,Phu Tho,2011,annual,22835.1,Thous. tons,not_specified,E1215,https://www.nso.gov.vn/en/px-web?pxid=E1215&theme=Transport%2C%20Postal%20Services%20and%20Telecommunications,source_reported_unharmonized
e1215_c9b3c38247,trade_services,Volume of freight transported by province(*),Total,VN_SRC_PHUTHO,Phu Tho,2012,annual,27174.7,Thous. tons,not_specified,E1215,https://www.nso.gov.vn/en/px-web?pxid=E1215&theme=Transport%2C%20Postal%20Services%20and%20Telecommunications,source_reported_unharmonized
e1215_c9b3c38247,trade_services,Volume of freight transported by province(*),Total,VN_SRC_PHUTHO,Phu Tho,2013,annual,30333.0,Thous. tons,not_specified,E1215,https://www.nso.gov.vn/en/px-web?pxid=E1215&theme=Transport%2C%20Postal%20Services%20and%20Telecommunications,source_reported_unharmonized
e1215_c9b3c38247,trade_services,Volume of freight transported by province(*),Total,VN_SRC_PHUTHO,Phu Tho,2014,annual,33360.0,Thous. tons,not_specified,E1215,https://www.nso.gov.vn/en/px-web?pxid=E1215&theme=Transport%2C%20Postal%20Services%20and%20Telecommunications,source_reported_unharmonized
e1215_c9b3c38247,trade_services,Volume of freight transported by province(*),Total,VN_SRC_PHUTHO,Phu Tho,2015,annual,34157.9,Thous. tons,not_specified,E1215,https://www.nso.gov.vn/en/px-web?pxid=E1215&theme=Transport%2C%20Postal%20Services%20and%20Telecommunications,source_reported_unharmonized
e1215_c9b3c38247,trade_services,Volume of freight transported by province(*),Total,VN_SRC_PHUTHO,Phu Tho,2016,annual,37484.5,Thous. tons,not_specified,E1215,https://www.nso.gov.vn/en/px-web?pxid=E1215&theme=Transport%2C%20Postal%20Services%20and%20Telecommunications,source_reported_unharmonized
e1215_c9b3c38247,trade_services,Volume of freight transported by province(*),Total,VN_SRC_PHUTHO,Phu Tho,2017,annual,37709.5,Thous. tons,not_specified,E1215,https://www.nso.gov.vn/en/px-web?pxid=E1215&theme=Transport%2C%20Postal%20Services%20and%20Telecommunications,source_reported_unharmonized
e1215_c9b3c38247,trade_services,Volume of freight transported by province(*),Total,VN_SRC_PHUTHO,Phu Tho,2018,annual,40862.3,Thous. tons,not_specified,E1215,https://www.nso.gov.vn/en/px-web?pxid=E1215&theme=Transport%2C%20Postal%20Services%20and%20Telecommunications,source_reported_unharmonized
e1215_c9b3c38247,trade_services,Volume of freight transported by province(*),Total,VN_SRC_PHUTHO,Phu Tho,2019,annual,39047.4,Thous. tons,not_specified,E1215,https://www.nso.gov.vn/en/px-web?pxid=E1215&theme=Transport%2C%20Postal%20Services%20and%20Telecommunications,source_reported_unharmonized
e1215_c9b3c38247,trade_services,Volume of freight transported by province(*),Total,VN_SRC_PHUTHO,Phu Tho,2020,annual,40768.9,Thous. tons,not_specified,E1215,https://www.nso.gov.vn/en/px-web?pxid=E1215&theme=Transport%2C%20Postal%20Services%20and%20Telecommunications,source_reported_unharmonized
e1215_c9b3c38247,trade_services,Volume of freight transported by province(*),Total,VN_SRC_PHUTHO,Phu Tho,2021,annual,39014.3,Thous. tons,not_specified,E1215,https://www.nso.gov.vn/en/px-web?pxid=E1215&theme=Transport%2C%20Postal%20Services%20and%20Telecommunications,source_reported_unharmonized
e1215_c9b3c38247,trade_services,Volume of freight transported by province(*),Total,VN_SRC_PHUTHO,Phu Tho,2022,annual,46819.0,Thous. tons,not_specified,E1215,https://www.nso.gov.vn/en/px-web?pxid=E1215&theme=Transport%2C%20Postal%20Services%20and%20Telecommunications,source_reported_unharmonized
e1215_c9b3c38247,trade_services,Volume of freight transported by province(*),Total,VN_SRC_PHUTHO,Phu Tho,2023,annual,52813.7,Thous. tons,not_specified,E1215,https://www.nso.gov.vn/en/px-web?pxid=E1215&theme=Transport%2C%20Postal%20Services%20and%20Telecommunications,source_reported_unharmonized
e1215_c9b3c38247,trade_services,Volume of freight transported by province(*),Total,VN_SRC_PHUTHO,Phu Tho,2024,annual,55859.4,Thous. tons,not_specified,E1215,https://www.nso.gov.vn/en/px-web?pxid=E1215&theme=Transport%2C%20Postal%20Services%20and%20Telecommunications,source_reported_unharmonized
e1215_c9b3c38247,trade_services,Volume of freight transported by province(*),Total,VN_SRC_PHUTHO,Phu Tho,2025,annual,61817.7,Thous. tons,preliminary,E1215,https://www.nso.gov.vn/en/px-web?pxid=E1215&theme=Transport%2C%20Postal%20Services%20and%20Telecommunications,source_reported_unharmonized
e1215_c9b3c38247,trade_services,Volume of freight transported by province(*),Total,VN_SRC_DIENBIEN,Dien Bien,2000,annual,540.0,Thous. tons,not_specified,E1215,https://www.nso.gov.vn/en/px-web?pxid=E1215&theme=Transport%2C%20Postal%20Services%20and%20Telecommunications,source_reported_unharmonized
e1215_c9b3c38247,trade_services,Volume of freight transported by province(*),Total,VN_SRC_DIENBIEN,Dien Bien,2001,annual,775.0,Thous. tons,not_specified,E1215,https://www.nso.gov.vn/en/px-web?pxid=E1215&theme=Transport%2C%20Postal%20Services%20and%20Telecommunications,source_reported_unharmonized
e1215_c9b3c38247,trade_services,Volume of freight transported by province(*),Total,VN_SRC_DIENBIEN,Dien Bien,2002,annual,607.0,Thous. tons,not_specified,E1215,https://www.nso.gov.vn/en/px-web?pxid=E1215&theme=Transport%2C%20Postal%20Services%20and%20Telecommunications,source_reported_unharmonized
e1215_c9b3c38247,trade_services,Volume of freight transported by province(*),Total,VN_SRC_DIENBIEN,Dien Bien,2003,annual,613.0,Thous. tons,not_specified,E1215,https://www.nso.gov.vn/en/px-web?pxid=E1215&theme=Transport%2C%20Postal%20Services%20and%20Telecommunications,source_reported_unharmonized
e1215_c9b3c38247,trade_services,Volume of freight transported by province(*),Total,VN_SRC_DIENBIEN,Dien Bien,2004,annual,679.9,Thous. tons,not_specified,E1215,https://www.nso.gov.vn/en/px-web?pxid=E1215&theme=Transport%2C%20Postal%20Services%20and%20Telecommunications,source_reported_unharmonized
e1215_c9b3c38247,trade_services,Volume of freight transported by province(*),Total,VN_SRC_DIENBIEN,Dien Bien,2005,annual,753.2,Thous. tons,not_specified,E1215,https://www.nso.gov.vn/en/px-web?pxid=E1215&theme=Transport%2C%20Postal%20Services%20and%20Telecommunications,source_reported_unharmonized
e1215_c9b3c38247,trade_services,Volume of freight transported by province(*),Total,VN_SRC_DIENBIEN,Dien Bien,2006,annual,821.0,Thous. tons,not_specified,E1215,https://www.nso.gov.vn/en/px-web?pxid=E1215&theme=Transport%2C%20Postal%20Services%20and%20Telecommunications,source_reported_unharmonized
e1215_c9b3c38247,trade_services,Volume of freight transported by province(*),Total,VN_SRC_DIENBIEN,Dien Bien,2007,annual,709.4,Thous. tons,not_specified,E1215,https://www.nso.gov.vn/en/px-web?pxid=E1215&theme=Transport%2C%20Postal%20Services%20and%20Telecommunications,source_reported_unharmonized
e1215_c9b3c38247,trade_services,Volume of freight transported by province(*),Total,VN_SRC_DIENBIEN,Dien Bien,2008,annual,736.0,Thous. tons,not_specified,E1215,https://www.nso.gov.vn/en/px-web?pxid=E1215&theme=Transport%2C%20Postal%20Services%20and%20Telecommunications,source_reported_unharmonized
e1215_c9b3c38247,trade_services,Volume of freight transported by province(*),Total,VN_SRC_DIENBIEN,Dien Bien,2009,annual,818.5,Thous. tons,not_specified,E1215,https://www.nso.gov.vn/en/px-web?pxid=E1215&theme=Transport%2C%20Postal%20Services%20and%20Telecommunications,source_reported_unharmonized
e1215_c9b3c38247,trade_services,Volume of freight transported by province(*),Total,VN_SRC_DIENBIEN,Dien Bien,2010,annual,908.5,Thous. tons,not_specified,E1215,https://www.nso.gov.vn/en/px-web?pxid=E1215&theme=Transport%2C%20Postal%20Services%20and%20Telecommunications,source_reported_unharmonized
e1215_c9b3c38247,trade_services,Volume of freight transported by province(*),Total,VN_SRC_DIENBIEN,Dien Bien,2011,annual,1099.8,Thous. tons,not_specified,E1215,https://www.nso.gov.vn/en/px-web?pxid=E1215&theme=Transport%2C%20Postal%20Services%20and%20Telecommunications,source_reported_unharmonized
e1215_c9b3c38247,trade_services,Volume of freight transported by province(*),Total,VN_SRC_DIENBIEN,Dien Bien,2012,annual,1195.5,Thous. tons,not_specified,E1215,https://www.nso.gov.vn/en/px-web?pxid=E1215&theme=Transport%2C%20Postal%20Services%20and%20Telecommunications,source_reported_unharmonized
e1215_c9b3c38247,trade_services,Volume of freight transported by province(*),Total,VN_SRC_DIENBIEN,Dien Bien,2013,annual,1294.3,Thous. tons,not_specified,E1215,https://www.nso.gov.vn/en/px-web?pxid=E1215&theme=Transport%2C%20Postal%20Services%20and%20Telecommunications,source_reported_unharmonized
e1215_c9b3c38247,trade_services,Volume of freight transported by province(*),Total,VN_SRC_DIENBIEN,Dien Bien,2014,annual,1335.9,Thous. tons,not_specified,E1215,https://www.nso.gov.vn/en/px-web?pxid=E1215&theme=Transport%2C%20Postal%20Services%20and%20Telecommunications,source_reported_unharmonized
e1215_c9b3c38247,trade_services,Volume of freight transported by province(*),Total,VN_SRC_DIENBIEN,Dien Bien,2015,annual,1438.8,Thous. tons,not_specified,E1215,https://www.nso.gov.vn/en/px-web?pxid=E1215&theme=Transport%2C%20Postal%20Services%20and%20Telecommunications,source_reported_unharmonized
e1215_c9b3c38247,trade_services,Volume of freight transported by province(*),Total,VN_SRC_DIENBIEN,Dien Bien,2016,annual,1526.0,Thous. tons,not_specified,E1215,https://www.nso.gov.vn/en/px-web?pxid=E1215&theme=Transport%2C%20Postal%20Services%20and%20Telecommunications,source_reported_unharmonized
e1215_c9b3c38247,trade_services,Volume of freight transported by province(*),Total,VN_SRC_DIENBIEN,Dien Bien,2017,annual,1544.3,Thous. tons,not_specified,E1215,https://www.nso.gov.vn/en/px-web?pxid=E1215&theme=Transport%2C%20Postal%20Services%20and%20Telecommunications,source_reported_unharmonized
e1215_c9b3c38247,trade_services,Volume of freight transported by province(*),Total,VN_SRC_DIENBIEN,Dien Bien,2018,annual,1896.4,Thous. tons,not_specified,E1215,https://www.nso.gov.vn/en/px-web?pxid=E1215&theme=Transport%2C%20Postal%20Services%20and%20Telecommunications,source_reported_unharmonized
e1215_c9b3c38247,trade_services,Volume of freight transported by province(*),Total,VN_SRC_DIENBIEN,Dien Bien,2019,annual,2033.7,Thous. tons,not_specified,E1215,https://www.nso.gov.vn/en/px-web?pxid=E1215&theme=Transport%2C%20Postal%20Services%20and%20Telecommunications,source_reported_unharmonized
e1215_c9b3c38247,trade_services,Volume of freight transported by province(*),Total,VN_SRC_DIENBIEN,Dien Bien,2020,annual,2086.8,Thous. tons,not_specified,E1215,https://www.nso.gov.vn/en/px-web?pxid=E1215&theme=Transport%2C%20Postal%20Services%20and%20Telecommunications,source_reported_unharmonized
e1215_c9b3c38247,trade_services,Volume of freight transported by province(*),Total,VN_SRC_DIENBIEN,Dien Bien,2021,annual,2350.1,Thous. tons,not_specified,E1215,https://www.nso.gov.vn/en/px-web?pxid=E1215&theme=Transport%2C%20Postal%20Services%20and%20Telecommunications,source_reported_unharmonized
e1215_c9b3c38247,trade_services,Volume of freight transported by province(*),Total,VN_SRC_DIENBIEN,Dien Bien,2022,annual,3400.3,Thous. tons,not_specified,E1215,https://www.nso.gov.vn/en/px-web?pxid=E1215&theme=Transport%2C%20Postal%20Services%20and%20Telecommunications,source_reported_unharmonized
e1215_c9b3c38247,trade_services,Volume of freight transported by province(*),Total,VN_SRC_DIENBIEN,Dien Bien,2023,annual,4711.6,Thous. tons,not_specified,E1215,https://www.nso.gov.vn/en/px-web?pxid=E1215&theme=Transport%2C%20Postal%20Services%20and%20Telecommunications,source_reported_unharmonized
e1215_c9b3c38247,trade_services,Volume of freight transported by province(*),Total,VN_SRC_DIENBIEN,Dien Bien,2024,annual,5491.9,Thous. tons,not_specified,E1215,https://www.nso.gov.vn/en/px-web?pxid=E1215&theme=Transport%2C%20Postal%20Services%20and%20Telecommunications,source_reported_unharmonized
e1215_c9b3c38247,trade_services,Volume of freight transported by province(*),Total,VN_SRC_DIENBIEN,Dien Bien,2025,annual,6460.1,Thous. tons,preliminary,E1215,https://www.nso.gov.vn/en/px-web?pxid=E1215&theme=Transport%2C%20Postal%20Services%20and%20Telecommunications,source_reported_unharmonized
e1215_c9b3c38247,trade_services,Volume of freight transported by province(*),Total,VN_SRC_LAICHAU,Lai Chau,2000,annual,,Thous. tons,not_specified,E1215,https://www.nso.gov.vn/en/px-web?pxid=E1215&theme=Transport%2C%20Postal%20Services%20and%20Telecommunications,source_reported_unharmonized
e1215_c9b3c38247,trade_services,Volume of freight transported by province(*),Total,VN_SRC_LAICHAU,Lai Chau,2001,annual,,Thous. tons,not_specified,E1215,https://www.nso.gov.vn/en/px-web?pxid=E1215&theme=Transport%2C%20Postal%20Services%20and%20Telecommunications,source_reported_unharmonized
e1215_c9b3c38247,trade_services,Volume of freight transported by province(*),Total,VN_SRC_LAICHAU,Lai Chau,2002,annual,,Thous. tons,not_specified,E1215,https://www.nso.gov.vn/en/px-web?pxid=E1215&theme=Transport%2C%20Postal%20Services%20and%20Telecommunications,source_reported_unharmonized
e1215_c9b3c38247,trade_services,Volume of freight transported by province(*),Total,VN_SRC_LAICHAU,Lai Chau,2003,annual,240.0,Thous. tons,not_specified,E1215,https://www.nso.gov.vn/en/px-web?pxid=E1215&theme=Transport%2C%20Postal%20Services%20and%20Telecommunications,source_reported_unharmonized
e1215_c9b3c38247,trade_services,Volume of freight transported by province(*),Total,VN_SRC_LAICHAU,Lai Chau,2004,annual,219.0,Thous. tons,not_specified,E1215,https://www.nso.gov.vn/en/px-web?pxid=E1215&theme=Transport%2C%20Postal%20Services%20and%20Telecommunications,source_reported_unharmonized
e1215_c9b3c38247,trade_services,Volume of freight transported by province(*),Total,VN_SRC_LAICHAU,Lai Chau,2005,annual,435.5,Thous. tons,not_specified,E1215,https://www.nso.gov.vn/en/px-web?pxid=E1215&theme=Transport%2C%20Postal%20Services%20and%20Telecommunications,source_reported_unharmonized
e1215_c9b3c38247,trade_services,Volume of freight transported by province(*),Total,VN_SRC_LAICHAU,Lai Chau,2006,annual,510.0,Thous. tons,not_specified,E1215,https://www.nso.gov.vn/en/px-web?pxid=E1215&theme=Transport%2C%20Postal%20Services%20and%20Telecommunications,source_reported_unharmonized
e1215_c9b3c38247,trade_services,Volume of freight transported by province(*),Total,VN_SRC_LAICHAU,Lai Chau,2007,annual,591.0,Thous. tons,not_specified,E1215,https://www.nso.gov.vn/en/px-web?pxid=E1215&theme=Transport%2C%20Postal%20Services%20and%20Telecommunications,source_reported_unharmonized
e1215_c9b3c38247,trade_services,Volume of freight transported by province(*),Total,VN_SRC_LAICHAU,Lai Chau,2008,annual,683.0,Thous. tons,not_specified,E1215,https://www.nso.gov.vn/en/px-web?pxid=E1215&theme=Transport%2C%20Postal%20Services%20and%20Telecommunications,source_reported_unharmonized
e1215_c9b3c38247,trade_services,Volume of freight transported by province(*),Total,VN_SRC_LAICHAU,Lai Chau,2009,annual,757.0,Thous. tons,not_specified,E1215,https://www.nso.gov.vn/en/px-web?pxid=E1215&theme=Transport%2C%20Postal%20Services%20and%20Telecommunications,source_reported_unharmonized
e1215_c9b3c38247,trade_services,Volume of freight transported by province(*),Total,VN_SRC_LAICHAU,Lai Chau,2010,annual,885.2,Thous. tons,not_specified,E1215,https://www.nso.gov.vn/en/px-web?pxid=E1215&theme=Transport%2C%20Postal%20Services%20and%20Telecommunications,source_reported_unharmonized
e1215_c9b3c38247,trade_services,Volume of freight transported by province(*),Total,VN_SRC_LAICHAU,Lai Chau,2011,annual,979.4,Thous. tons,not_specified,E1215,https://www.nso.gov.vn/en/px-web?pxid=E1215&theme=Transport%2C%20Postal%20Services%20and%20Telecommunications,source_reported_unharmonized
e1215_c9b3c38247,trade_services,Volume of freight transported by province(*),Total,VN_SRC_LAICHAU,Lai Chau,2012,annual,1208.8,Thous. tons,not_specified,E1215,https://www.nso.gov.vn/en/px-web?pxid=E1215&theme=Transport%2C%20Postal%20Services%20and%20Telecommunications,source_reported_unharmonized
e1215_c9b3c38247,trade_services,Volume of freight transported by province(*),Total,VN_SRC_LAICHAU,Lai Chau,2013,annual,1021.7,Thous. tons,not_specified,E1215,https://www.nso.gov.vn/en/px-web?pxid=E1215&theme=Transport%2C%20Postal%20Services%20and%20Telecommunications,source_reported_unharmonized
e1215_c9b3c38247,trade_services,Volume of freight transported by province(*),Total,VN_SRC_LAICHAU,Lai Chau,2014,annual,1040.9,Thous. tons,not_specified,E1215,https://www.nso.gov.vn/en/px-web?pxid=E1215&theme=Transport%2C%20Postal%20Services%20and%20Telecommunications,source_reported_unharmonized
e1215_c9b3c38247,trade_services,Volume of freight transported by province(*),Total,VN_SRC_LAICHAU,Lai Chau,2015,annual,1103.7,Thous. tons,not_specified,E1215,https://www.nso.gov.vn/en/px-web?pxid=E1215&theme=Transport%2C%20Postal%20Services%20and%20Telecommunications,source_reported_unharmonized
e1215_c9b3c38247,trade_services,Volume of freight transported by province(*),Total,VN_SRC_LAICHAU,Lai Chau,2016,annual,1224.0,Thous. tons,not_specified,E1215,https://www.nso.gov.vn/en/px-web?pxid=E1215&theme=Transport%2C%20Postal%20Services%20and%20Telecommunications,source_reported_unharmonized
e1215_c9b3c38247,trade_services,Volume of freight transported by province(*),Total,VN_SRC_LAICHAU,Lai Chau,2017,annual,1193.4,Thous. tons,not_specified,E1215,https://www.nso.gov.vn/en/px-web?pxid=E1215&theme=Transport%2C%20Postal%20Services%20and%20Telecommunications,source_reported_unharmonized
e1215_c9b3c38247,trade_services,Volume of freight transported by province(*),Total,VN_SRC_LAICHAU,Lai Chau,2018,annual,1468.6,Thous. tons,not_specified,E1215,https://www.nso.gov.vn/en/px-web?pxid=E1215&theme=Transport%2C%20Postal%20Services%20and%20Telecommunications,source_reported_unharmonized
e1215_c9b3c38247,trade_services,Volume of freight transported by province(*),Total,VN_SRC_LAICHAU,Lai Chau,2019,annual,1706.8,Thous. tons,not_specified,E1215,https://www.nso.gov.vn/en/px-web?pxid=E1215&theme=Transport%2C%20Postal%20Services%20and%20Telecommunications,source_reported_unharmonized
e1215_c9b3c38247,trade_services,Volume of freight transported by province(*),Total,VN_SRC_LAICHAU,Lai Chau,2020,annual,1620.0,Thous. tons,not_specified,E1215,https://www.nso.gov.vn/en/px-web?pxid=E1215&theme=Transport%2C%20Postal%20Services%20and%20Telecommunications,source_reported_unharmonized
e1215_c9b3c38247,trade_services,Volume of freight transported by province(*),Total,VN_SRC_LAICHAU,Lai Chau,2021,annual,1668.6,Thous. tons,not_specified,E1215,https://www.nso.gov.vn/en/px-web?pxid=E1215&theme=Transport%2C%20Postal%20Services%20and%20Telecommunications,source_reported_unharmonized
e1215_c9b3c38247,trade_services,Volume of freight transported by province(*),Total,VN_SRC_LAICHAU,Lai Chau,2022,annual,2054.0,Thous. tons,not_specified,E1215,https://www.nso.gov.vn/en/px-web?pxid=E1215&theme=Transport%2C%20Postal%20Services%20and%20Telecommunications,source_reported_unharmonized
e1215_c9b3c38247,trade_services,Volume of freight transported by province(*),Total,VN_SRC_LAICHAU,Lai Chau,2023,annual,2255.4,Thous. tons,not_specified,E1215,https://www.nso.gov.vn/en/px-web?pxid=E1215&theme=Transport%2C%20Postal%20Services%20and%20Telecommunications,source_reported_unharmonized
e1215_c9b3c38247,trade_services,Volume of freight transported by province(*),Total,VN_SRC_LAICHAU,Lai Chau,2024,annual,2160.6,Thous. tons,not_specified,E1215,https://www.nso.gov.vn/en/px-web?pxid=E1215&theme=Transport%2C%20Postal%20Services%20and%20Telecommunications,source_reported_unharmonized
e1215_c9b3c38247,trade_services,Volume of freight transported by province(*),Total,VN_SRC_LAICHAU,Lai Chau,2025,annual,2277.7,Thous. tons,preliminary,E1215,https://www.nso.gov.vn/en/px-web?pxid=E1215&theme=Transport%2C%20Postal%20Services%20and%20Telecommunications,source_reported_unharmonized
e1215_c9b3c38247,trade_services,Volume of freight transported by province(*),Total,VN_SRC_SONLA,Son La,2000,annual,783.0,Thous. tons,not_specified,E1215,https://www.nso.gov.vn/en/px-web?pxid=E1215&theme=Transport%2C%20Postal%20Services%20and%20Telecommunications,source_reported_unharmonized
e1215_c9b3c38247,trade_services,Volume of freight transported by province(*),Total,VN_SRC_SONLA,Son La,2001,annual,1007.0,Thous. tons,not_specified,E1215,https://www.nso.gov.vn/en/px-web?pxid=E1215&theme=Transport%2C%20Postal%20Services%20and%20Telecommunications,source_reported_unharmonized
e1215_c9b3c38247,trade_services,Volume of freight transported by province(*),Total,VN_SRC_SONLA,Son La,2002,annual,1149.0,Thous. tons,not_specified,E1215,https://www.nso.gov.vn/en/px-web?pxid=E1215&theme=Transport%2C%20Postal%20Services%20and%20Telecommunications,source_reported_unharmonized
e1215_c9b3c38247,trade_services,Volume of freight transported by province(*),Total,VN_SRC_SONLA,Son La,2003,annual,1524.0,Thous. tons,not_specified,E1215,https://www.nso.gov.vn/en/px-web?pxid=E1215&theme=Transport%2C%20Postal%20Services%20and%20Telecommunications,source_reported_unharmonized
e1215_c9b3c38247,trade_services,Volume of freight transported by province(*),Total,VN_SRC_SONLA,Son La,2004,annual,2077.0,Thous. tons,not_specified,E1215,https://www.nso.gov.vn/en/px-web?pxid=E1215&theme=Transport%2C%20Postal%20Services%20and%20Telecommunications,source_reported_unharmonized
e1215_c9b3c38247,trade_services,Volume of freight transported by province(*),Total,VN_SRC_SONLA,Son La,2005,annual,2082.0,Thous. tons,not_specified,E1215,https://www.nso.gov.vn/en/px-web?pxid=E1215&theme=Transport%2C%20Postal%20Services%20and%20Telecommunications,source_reported_unharmonized
e1215_c9b3c38247,trade_services,Volume of freight transported by province(*),Total,VN_SRC_SONLA,Son La,2006,annual,2196.0,Thous. tons,not_specified,E1215,https://www.nso.gov.vn/en/px-web?pxid=E1215&theme=Transport%2C%20Postal%20Services%20and%20Telecommunications,source_reported_unharmonized
e1215_c9b3c38247,trade_services,Volume of freight transported by province(*),Total,VN_SRC_SONLA,Son La,2007,annual,2371.0,Thous. tons,not_specified,E1215,https://www.nso.gov.vn/en/px-web?pxid=E1215&theme=Transport%2C%20Postal%20Services%20and%20Telecommunications,source_reported_unharmonized
e1215_c9b3c38247,trade_services,Volume of freight transported by province(*),Total,VN_SRC_SONLA,Son La,2008,annual,2578.0,Thous. tons,not_specified,E1215,https://www.nso.gov.vn/en/px-web?pxid=E1215&theme=Transport%2C%20Postal%20Services%20and%20Telecommunications,source_reported_unharmonized
e1215_c9b3c38247,trade_services,Volume of freight transported by province(*),Total,VN_SRC_SONLA,Son La,2009,annual,2686.0,Thous. tons,not_specified,E1215,https://www.nso.gov.vn/en/px-web?pxid=E1215&theme=Transport%2C%20Postal%20Services%20and%20Telecommunications,source_reported_unharmonized
e1215_c9b3c38247,trade_services,Volume of freight transported by province(*),Total,VN_SRC_SONLA,Son La,2010,annual,2957.4,Thous. tons,not_specified,E1215,https://www.nso.gov.vn/en/px-web?pxid=E1215&theme=Transport%2C%20Postal%20Services%20and%20Telecommunications,source_reported_unharmonized
e1215_c9b3c38247,trade_services,Volume of freight transported by province(*),Total,VN_SRC_SONLA,Son La,2011,annual,3097.6,Thous. tons,not_specified,E1215,https://www.nso.gov.vn/en/px-web?pxid=E1215&theme=Transport%2C%20Postal%20Services%20and%20Telecommunications,source_reported_unharmonized
e1215_c9b3c38247,trade_services,Volume of freight transported by province(*),Total,VN_SRC_SONLA,Son La,2012,annual,3232.6,Thous. tons,not_specified,E1215,https://www.nso.gov.vn/en/px-web?pxid=E1215&theme=Transport%2C%20Postal%20Services%20and%20Telecommunications,source_reported_unharmonized
e1215_c9b3c38247,trade_services,Volume of freight transported by province(*),Total,VN_SRC_SONLA,Son La,2013,annual,3440.8,Thous. tons,not_specified,E1215,https://www.nso.gov.vn/en/px-web?pxid=E1215&theme=Transport%2C%20Postal%20Services%20and%20Telecommunications,source_reported_unharmonized
e1215_c9b3c38247,trade_services,Volume of freight transported by province(*),Total,VN_SRC_SONLA,Son La,2014,annual,3766.5,Thous. tons,not_specified,E1215,https://www.nso.gov.vn/en/px-web?pxid=E1215&theme=Transport%2C%20Postal%20Services%20and%20Telecommunications,source_reported_unharmonized
e1215_c9b3c38247,trade_services,Volume of freight transported by province(*),Total,VN_SRC_SONLA,Son La,2015,annual,4028.0,Thous. tons,not_specified,E1215,https://www.nso.gov.vn/en/px-web?pxid=E1215&theme=Transport%2C%20Postal%20Services%20and%20Telecommunications,source_reported_unharmonized
e1215_c9b3c38247,trade_services,Volume of freight transported by province(*),Total,VN_SRC_SONLA,Son La,2016,annual,4204.9,Thous. tons,not_specified,E1215,https://www.nso.gov.vn/en/px-web?pxid=E1215&theme=Transport%2C%20Postal%20Services%20and%20Telecommunications,source_reported_unharmonized
e1215_c9b3c38247,trade_services,Volume of freight transported by province(*),Total,VN_SRC_SONLA,Son La,2017,annual,5259.8,Thous. tons,not_specified,E1215,https://www.nso.gov.vn/en/px-web?pxid=E1215&theme=Transport%2C%20Postal%20Services%20and%20Telecommunications,source_reported_unharmonized
e1215_c9b3c38247,trade_services,Volume of freight transported by province(*),Total,VN_SRC_SONLA,Son La,2018,annual,5189.5,Thous. tons,not_specified,E1215,https://www.nso.gov.vn/en/px-web?pxid=E1215&theme=Transport%2C%20Postal%20Services%20and%20Telecommunications,source_reported_unharmonized
e1215_c9b3c38247,trade_services,Volume of freight transported by province(*),Total,VN_SRC_SONLA,Son La,2019,annual,5637.7,Thous. tons,not_specified,E1215,https://www.nso.gov.vn/en/px-web?pxid=E1215&theme=Transport%2C%20Postal%20Services%20and%20Telecommunications,source_reported_unharmonized
e1215_c9b3c38247,trade_services,Volume of freight transported by province(*),Total,VN_SRC_SONLA,Son La,2020,annual,6098.8,Thous. tons,not_specified,E1215,https://www.nso.gov.vn/en/px-web?pxid=E1215&theme=Transport%2C%20Postal%20Services%20and%20Telecommunications,source_reported_unharmonized
e1215_c9b3c38247,trade_services,Volume of freight transported by province(*),Total,VN_SRC_SONLA,Son La,2021,annual,5299.9,Thous. tons,not_specified,E1215,https://www.nso.gov.vn/en/px-web?pxid=E1215&theme=Transport%2C%20Postal%20Services%20and%20Telecommunications,source_reported_unharmonized
e1215_c9b3c38247,trade_services,Volume of freight transported by province(*),Total,VN_SRC_SONLA,Son La,2022,annual,5969.9,Thous. tons,not_specified,E1215,https://www.nso.gov.vn/en/px-web?pxid=E1215&theme=Transport%2C%20Postal%20Services%20and%20Telecommunications,source_reported_unharmonized
e1215_c9b3c38247,trade_services,Volume of freight transported by province(*),Total,VN_SRC_SONLA,Son La,2023,annual,6993.1,Thous. tons,not_specified,E1215,https://www.nso.gov.vn/en/px-web?pxid=E1215&theme=Transport%2C%20Postal%20Services%20and%20Telecommunications,source_reported_unharmonized
e1215_c9b3c38247,trade_services,Volume of freight transported by province(*),Total,VN_SRC_SONLA,Son La,2024,annual,7733.3,Thous. tons,not_specified,E1215,https://www.nso.gov.vn/en/px-web?pxid=E1215&theme=Transport%2C%20Postal%20Services%20and%20Telecommunications,source_reported_unharmonized
e1215_c9b3c38247,trade_services,Volume of freight transported by province(*),Total,VN_SRC_SONLA,Son La,2025,annual,8761.7,Thous. tons,preliminary,E1215,https://www.nso.gov.vn/en/px-web?pxid=E1215&theme=Transport%2C%20Postal%20Services%20and%20Telecommunications,source_reported_unharmonized
e1215_c9b3c38247,trade_services,Volume of freight transported by province(*),Total,VN_SRC_HOABINH,Hoa Binh,2000,annual,1480.0,Thous. tons,not_specified,E1215,https://www.nso.gov.vn/en/px-web?pxid=E1215&theme=Transport%2C%20Postal%20Services%20and%20Telecommunications,source_reported_unharmonized
e1215_c9b3c38247,trade_services,Volume of freight transported by province(*),Total,VN_SRC_HOABINH,Hoa Binh,2001,annual,1230.0,Thous. tons,not_specified,E1215,https://www.nso.gov.vn/en/px-web?pxid=E1215&theme=Transport%2C%20Postal%20Services%20and%20Telecommunications,source_reported_unharmonized
e1215_c9b3c38247,trade_services,Volume of freight transported by province(*),Total,VN_SRC_HOABINH,Hoa Binh,2002,annual,1374.0,Thous. tons,not_specified,E1215,https://www.nso.gov.vn/en/px-web?pxid=E1215&theme=Transport%2C%20Postal%20Services%20and%20Telecommunications,source_reported_unharmonized
e1215_c9b3c38247,trade_services,Volume of freight transported by province(*),Total,VN_SRC_HOABINH,Hoa Binh,2003,annual,2110.0,Thous. tons,not_specified,E1215,https://www.nso.gov.vn/en/px-web?pxid=E1215&theme=Transport%2C%20Postal%20Services%20and%20Telecommunications,source_reported_unharmonized
e1215_c9b3c38247,trade_services,Volume of freight transported by province(*),Total,VN_SRC_HOABINH,Hoa Binh,2004,annual,2289.0,Thous. tons,not_specified,E1215,https://www.nso.gov.vn/en/px-web?pxid=E1215&theme=Transport%2C%20Postal%20Services%20and%20Telecommunications,source_reported_unharmonized
e1215_c9b3c38247,trade_services,Volume of freight transported by province(*),Total,VN_SRC_HOABINH,Hoa Binh,2005,annual,2415.0,Thous. tons,not_specified,E1215,https://www.nso.gov.vn/en/px-web?pxid=E1215&theme=Transport%2C%20Postal%20Services%20and%20Telecommunications,source_reported_unharmonized
e1215_c9b3c38247,trade_services,Volume of freight transported by province(*),Total,VN_SRC_HOABINH,Hoa Binh,2006,annual,2559.0,Thous. tons,not_specified,E1215,https://www.nso.gov.vn/en/px-web?pxid=E1215&theme=Transport%2C%20Postal%20Services%20and%20Telecommunications,source_reported_unharmonized
e1215_c9b3c38247,trade_services,Volume of freight transported by province(*),Total,VN_SRC_HOABINH,Hoa Binh,2007,annual,2698.0,Thous. tons,not_specified,E1215,https://www.nso.gov.vn/en/px-web?pxid=E1215&theme=Transport%2C%20Postal%20Services%20and%20Telecommunications,source_reported_unharmonized
e1215_c9b3c38247,trade_services,Volume of freight transported by province(*),Total,VN_SRC_HOABINH,Hoa Binh,2008,annual,3238.0,Thous. tons,not_specified,E1215,https://www.nso.gov.vn/en/px-web?pxid=E1215&theme=Transport%2C%20Postal%20Services%20and%20Telecommunications,source_reported_unharmonized
e1215_c9b3c38247,trade_services,Volume of freight transported by province(*),Total,VN_SRC_HOABINH,Hoa Binh,2009,annual,3842.0,Thous. tons,not_specified,E1215,https://www.nso.gov.vn/en/px-web?pxid=E1215&theme=Transport%2C%20Postal%20Services%20and%20Telecommunications,source_reported_unharmonized
e1215_c9b3c38247,trade_services,Volume of freight transported by province(*),Total,VN_SRC_HOABINH,Hoa Binh,2010,annual,4433.2,Thous. tons,not_specified,E1215,https://www.nso.gov.vn/en/px-web?pxid=E1215&theme=Transport%2C%20Postal%20Services%20and%20Telecommunications,source_reported_unharmonized
e1215_c9b3c38247,trade_services,Volume of freight transported by province(*),Total,VN_SRC_HOABINH,Hoa Binh,2011,annual,5892.8,Thous. tons,not_specified,E1215,https://www.nso.gov.vn/en/px-web?pxid=E1215&theme=Transport%2C%20Postal%20Services%20and%20Telecommunications,source_reported_unharmonized
e1215_c9b3c38247,trade_services,Volume of freight transported by province(*),Total,VN_SRC_HOABINH,Hoa Binh,2012,annual,5730.7,Thous. tons,not_specified,E1215,https://www.nso.gov.vn/en/px-web?pxid=E1215&theme=Transport%2C%20Postal%20Services%20and%20Telecommunications,source_reported_unharmonized
e1215_c9b3c38247,trade_services,Volume of freight transported by province(*),Total,VN_SRC_HOABINH,Hoa Binh,2013,annual,5403.4,Thous. tons,not_specified,E1215,https://www.nso.gov.vn/en/px-web?pxid=E1215&theme=Transport%2C%20Postal%20Services%20and%20Telecommunications,source_reported_unharmonized
e1215_c9b3c38247,trade_services,Volume of freight transported by province(*),Total,VN_SRC_HOABINH,Hoa Binh,2014,annual,5596.9,Thous. tons,not_specified,E1215,https://www.nso.gov.vn/en/px-web?pxid=E1215&theme=Transport%2C%20Postal%20Services%20and%20Telecommunications,source_reported_unharmonized
e1215_c9b3c38247,trade_services,Volume of freight transported by province(*),Total,VN_SRC_HOABINH,Hoa Binh,2015,annual,6949.7,Thous. tons,not_specified,E1215,https://www.nso.gov.vn/en/px-web?pxid=E1215&theme=Transport%2C%20Postal%20Services%20and%20Telecommunications,source_reported_unharmonized
e1215_c9b3c38247,trade_services,Volume of freight transported by province(*),Total,VN_SRC_HOABINH,Hoa Binh,2016,annual,7295.2,Thous. tons,not_specified,E1215,https://www.nso.gov.vn/en/px-web?pxid=E1215&theme=Transport%2C%20Postal%20Services%20and%20Telecommunications,source_reported_unharmonized
e1215_c9b3c38247,trade_services,Volume of freight transported by province(*),Total,VN_SRC_HOABINH,Hoa Binh,2017,annual,7672.4,Thous. tons,not_specified,E1215,https://www.nso.gov.vn/en/px-web?pxid=E1215&theme=Transport%2C%20Postal%20Services%20and%20Telecommunications,source_reported_unharmonized
e1215_c9b3c38247,trade_services,Volume of freight transported by province(*),Total,VN_SRC_HOABINH,Hoa Binh,2018,annual,7851.6,Thous. tons,not_specified,E1215,https://www.nso.gov.vn/en/px-web?pxid=E1215&theme=Transport%2C%20Postal%20Services%20and%20Telecommunications,source_reported_unharmonized
e1215_c9b3c38247,trade_services,Volume of freight transported by province(*),Total,VN_SRC_HOABINH,Hoa Binh,2019,annual,9733.5,Thous. tons,not_specified,E1215,https://www.nso.gov.vn/en/px-web?pxid=E1215&theme=Transport%2C%20Postal%20Services%20and%20Telecommunications,source_reported_unharmonized
e1215_c9b3c38247,trade_services,Volume of freight transported by province(*),Total,VN_SRC_HOABINH,Hoa Binh,2020,annual,8985.2,Thous. tons,not_specified,E1215,https://www.nso.gov.vn/en/px-web?pxid=E1215&theme=Transport%2C%20Postal%20Services%20and%20Telecommunications,source_reported_unharmonized
e1215_c9b3c38247,trade_services,Volume of freight transported by province(*),Total,VN_SRC_HOABINH,Hoa Binh,2021,annual,7737.5,Thous. tons,not_specified,E1215,https://www.nso.gov.vn/en/px-web?pxid=E1215&theme=Transport%2C%20Postal%20Services%20and%20Telecommunications,source_reported_unharmonized
e1215_c9b3c38247,trade_services,Volume of freight transported by province(*),Total,VN_SRC_HOABINH,Hoa Binh,2022,annual,8689.6,Thous. tons,not_specified,E1215,https://www.nso.gov.vn/en/px-web?pxid=E1215&theme=Transport%2C%20Postal%20Services%20and%20Telecommunications,source_reported_unharmonized
e1215_c9b3c38247,trade_services,Volume of freight transported by province(*),Total,VN_SRC_HOABINH,Hoa Binh,2023,annual,8918.6,Thous. tons,not_specified,E1215,https://www.nso.gov.vn/en/px-web?pxid=E1215&theme=Transport%2C%20Postal%20Services%20and%20Telecommunications,source_reported_unharmonized
e1215_c9b3c38247,trade_services,Volume of freight transported by province(*),Total,VN_SRC_HOABINH,Hoa Binh,2024,annual,9991.5,Thous. tons,not_specified,E1215,https://www.nso.gov.vn/en/px-web?pxid=E1215&theme=Transport%2C%20Postal%20Services%20and%20Telecommunications,source_reported_unharmonized
e1215_c9b3c38247,trade_services,Volume of freight transported by province(*),Total,VN_SRC_HOABINH,Hoa Binh,2025,annual,11208.0,Thous. tons,preliminary,E1215,https://www.nso.gov.vn/en/px-web?pxid=E1215&theme=Transport%2C%20Postal%20Services%20and%20Telecommunications,source_reported_unharmonized
e1215_c9b3c38247,trade_services,Volume of freight transported by province(*),Total,VN_SRC_THANHHOA,Thanh Hoa,2000,annual,9280.0,Thous. tons,not_specified,E1215,https://www.nso.gov.vn/en/px-web?pxid=E1215&theme=Transport%2C%20Postal%20Services%20and%20Telecommunications,source_reported_unharmonized
e1215_c9b3c38247,trade_services,Volume of freight transported by province(*),Total,VN_SRC_THANHHOA,Thanh Hoa,2001,annual,9736.0,Thous. tons,not_specified,E1215,https://www.nso.gov.vn/en/px-web?pxid=E1215&theme=Transport%2C%20Postal%20Services%20and%20Telecommunications,source_reported_unharmonized
e1215_c9b3c38247,trade_services,Volume of freight transported by province(*),Total,VN_SRC_THANHHOA,Thanh Hoa,2002,annual,10141.0,Thous. tons,not_specified,E1215,https://www.nso.gov.vn/en/px-web?pxid=E1215&theme=Transport%2C%20Postal%20Services%20and%20Telecommunications,source_reported_unharmonized
e1215_c9b3c38247,trade_services,Volume of freight transported by province(*),Total,VN_SRC_THANHHOA,Thanh Hoa,2003,annual,10578.0,Thous. tons,not_specified,E1215,https://www.nso.gov.vn/en/px-web?pxid=E1215&theme=Transport%2C%20Postal%20Services%20and%20Telecommunications,source_reported_unharmonized
e1215_c9b3c38247,trade_services,Volume of freight transported by province(*),Total,VN_SRC_THANHHOA,Thanh Hoa,2004,annual,11226.0,Thous. tons,not_specified,E1215,https://www.nso.gov.vn/en/px-web?pxid=E1215&theme=Transport%2C%20Postal%20Services%20and%20Telecommunications,source_reported_unharmonized
e1215_c9b3c38247,trade_services,Volume of freight transported by province(*),Total,VN_SRC_THANHHOA,Thanh Hoa,2005,annual,12629.0,Thous. tons,not_specified,E1215,https://www.nso.gov.vn/en/px-web?pxid=E1215&theme=Transport%2C%20Postal%20Services%20and%20Telecommunications,source_reported_unharmonized
e1215_c9b3c38247,trade_services,Volume of freight transported by province(*),Total,VN_SRC_THANHHOA,Thanh Hoa,2006,annual,14631.0,Thous. tons,not_specified,E1215,https://www.nso.gov.vn/en/px-web?pxid=E1215&theme=Transport%2C%20Postal%20Services%20and%20Telecommunications,source_reported_unharmonized
e1215_c9b3c38247,trade_services,Volume of freight transported by province(*),Total,VN_SRC_THANHHOA,Thanh Hoa,2007,annual,16751.0,Thous. tons,not_specified,E1215,https://www.nso.gov.vn/en/px-web?pxid=E1215&theme=Transport%2C%20Postal%20Services%20and%20Telecommunications,source_reported_unharmonized
e1215_c9b3c38247,trade_services,Volume of freight transported by province(*),Total,VN_SRC_THANHHOA,Thanh Hoa,2008,annual,18785.0,Thous. tons,not_specified,E1215,https://www.nso.gov.vn/en/px-web?pxid=E1215&theme=Transport%2C%20Postal%20Services%20and%20Telecommunications,source_reported_unharmonized
e1215_c9b3c38247,trade_services,Volume of freight transported by province(*),Total,VN_SRC_THANHHOA,Thanh Hoa,2009,annual,22147.0,Thous. tons,not_specified,E1215,https://www.nso.gov.vn/en/px-web?pxid=E1215&theme=Transport%2C%20Postal%20Services%20and%20Telecommunications,source_reported_unharmonized
e1215_c9b3c38247,trade_services,Volume of freight transported by province(*),Total,VN_SRC_THANHHOA,Thanh Hoa,2010,annual,24854.8,Thous. tons,not_specified,E1215,https://www.nso.gov.vn/en/px-web?pxid=E1215&theme=Transport%2C%20Postal%20Services%20and%20Telecommunications,source_reported_unharmonized
e1215_c9b3c38247,trade_services,Volume of freight transported by province(*),Total,VN_SRC_THANHHOA,Thanh Hoa,2011,annual,30315.1,Thous. tons,not_specified,E1215,https://www.nso.gov.vn/en/px-web?pxid=E1215&theme=Transport%2C%20Postal%20Services%20and%20Telecommunications,source_reported_unharmonized
e1215_c9b3c38247,trade_services,Volume of freight transported by province(*),Total,VN_SRC_THANHHOA,Thanh Hoa,2012,annual,34457.4,Thous. tons,not_specified,E1215,https://www.nso.gov.vn/en/px-web?pxid=E1215&theme=Transport%2C%20Postal%20Services%20and%20Telecommunications,source_reported_unharmonized
e1215_c9b3c38247,trade_services,Volume of freight transported by province(*),Total,VN_SRC_THANHHOA,Thanh Hoa,2013,annual,38269.5,Thous. tons,not_specified,E1215,https://www.nso.gov.vn/en/px-web?pxid=E1215&theme=Transport%2C%20Postal%20Services%20and%20Telecommunications,source_reported_unharmonized
e1215_c9b3c38247,trade_services,Volume of freight transported by province(*),Total,VN_SRC_THANHHOA,Thanh Hoa,2014,annual,41463.7,Thous. tons,not_specified,E1215,https://www.nso.gov.vn/en/px-web?pxid=E1215&theme=Transport%2C%20Postal%20Services%20and%20Telecommunications,source_reported_unharmonized
e1215_c9b3c38247,trade_services,Volume of freight transported by province(*),Total,VN_SRC_THANHHOA,Thanh Hoa,2015,annual,44458.6,Thous. tons,not_specified,E1215,https://www.nso.gov.vn/en/px-web?pxid=E1215&theme=Transport%2C%20Postal%20Services%20and%20Telecommunications,source_reported_unharmonized
e1215_c9b3c38247,trade_services,Volume of freight transported by province(*),Total,VN_SRC_THANHHOA,Thanh Hoa,2016,annual,49996.4,Thous. tons,not_specified,E1215,https://www.nso.gov.vn/en/px-web?pxid=E1215&theme=Transport%2C%20Postal%20Services%20and%20Telecommunications,source_reported_unharmonized
e1215_c9b3c38247,trade_services,Volume of freight transported by province(*),Total,VN_SRC_THANHHOA,Thanh Hoa,2017,annual,54656.1,Thous. tons,not_specified,E1215,https://www.nso.gov.vn/en/px-web?pxid=E1215&theme=Transport%2C%20Postal%20Services%20and%20Telecommunications,source_reported_unharmonized
e1215_c9b3c38247,trade_services,Volume of freight transported by province(*),Total,VN_SRC_THANHHOA,Thanh Hoa,2018,annual,58307.9,Thous. tons,not_specified,E1215,https://www.nso.gov.vn/en/px-web?pxid=E1215&theme=Transport%2C%20Postal%20Services%20and%20Telecommunications,source_reported_unharmonized
e1215_c9b3c38247,trade_services,Volume of freight transported by province(*),Total,VN_SRC_THANHHOA,Thanh Hoa,2019,annual,60791.0,Thous. tons,not_specified,E1215,https://www.nso.gov.vn/en/px-web?pxid=E1215&theme=Transport%2C%20Postal%20Services%20and%20Telecommunications,source_reported_unharmonized
e1215_c9b3c38247,trade_services,Volume of freight transported by province(*),Total,VN_SRC_THANHHOA,Thanh Hoa,2020,annual,53532.7,Thous. tons,not_specified,E1215,https://www.nso.gov.vn/en/px-web?pxid=E1215&theme=Transport%2C%20Postal%20Services%20and%20Telecommunications,source_reported_unharmonized
e1215_c9b3c38247,trade_services,Volume of freight transported by province(*),Total,VN_SRC_THANHHOA,Thanh Hoa,2021,annual,56005.7,Thous. tons,not_specified,E1215,https://www.nso.gov.vn/en/px-web?pxid=E1215&theme=Transport%2C%20Postal%20Services%20and%20Telecommunications,source_reported_unharmonized
e1215_c9b3c38247,trade_services,Volume of freight transported by province(*),Total,VN_SRC_THANHHOA,Thanh Hoa,2022,annual,61870.4,Thous. tons,not_specified,E1215,https://www.nso.gov.vn/en/px-web?pxid=E1215&theme=Transport%2C%20Postal%20Services%20and%20Telecommunications,source_reported_unharmonized
e1215_c9b3c38247,trade_services,Volume of freight transported by province(*),Total,VN_SRC_THANHHOA,Thanh Hoa,2023,annual,69251.3,Thous. tons,not_specified,E1215,https://www.nso.gov.vn/en/px-web?pxid=E1215&theme=Transport%2C%20Postal%20Services%20and%20Telecommunications,source_reported_unharmonized
e1215_c9b3c38247,trade_services,Volume of freight transported by province(*),Total,VN_SRC_THANHHOA,Thanh Hoa,2024,annual,82634.8,Thous. tons,not_specified,E1215,https://www.nso.gov.vn/en/px-web?pxid=E1215&theme=Transport%2C%20Postal%20Services%20and%20Telecommunications,source_reported_unharmonized
e1215_c9b3c38247,trade_services,Volume of freight transported by province(*),Total,VN_SRC_THANHHOA,Thanh Hoa,2025,annual,95873.7,Thous. tons,preliminary,E1215,https://www.nso.gov.vn/en/px-web?pxid=E1215&theme=Transport%2C%20Postal%20Services%20and%20Telecommunications,source_reported_unharmonized
e1215_c9b3c38247,trade_services,Volume of freight transported by province(*),Total,VN_SRC_NGHEAN,Nghe An,2000,annual,6294.0,Thous. tons,not_specified,E1215,https://www.nso.gov.vn/en/px-web?pxid=E1215&theme=Transport%2C%20Postal%20Services%20and%20Telecommunications,source_reported_unharmonized
e1215_c9b3c38247,trade_services,Volume of freight transported by province(*),Total,VN_SRC_NGHEAN,Nghe An,2001,annual,6725.5,Thous. tons,not_specified,E1215,https://www.nso.gov.vn/en/px-web?pxid=E1215&theme=Transport%2C%20Postal%20Services%20and%20Telecommunications,source_reported_unharmonized
e1215_c9b3c38247,trade_services,Volume of freight transported by province(*),Total,VN_SRC_NGHEAN,Nghe An,2002,annual,9123.0,Thous. tons,not_specified,E1215,https://www.nso.gov.vn/en/px-web?pxid=E1215&theme=Transport%2C%20Postal%20Services%20and%20Telecommunications,source_reported_unharmonized
e1215_c9b3c38247,trade_services,Volume of freight transported by province(*),Total,VN_SRC_NGHEAN,Nghe An,2003,annual,10748.0,Thous. tons,not_specified,E1215,https://www.nso.gov.vn/en/px-web?pxid=E1215&theme=Transport%2C%20Postal%20Services%20and%20Telecommunications,source_reported_unharmonized
e1215_c9b3c38247,trade_services,Volume of freight transported by province(*),Total,VN_SRC_NGHEAN,Nghe An,2004,annual,13594.9,Thous. tons,not_specified,E1215,https://www.nso.gov.vn/en/px-web?pxid=E1215&theme=Transport%2C%20Postal%20Services%20and%20Telecommunications,source_reported_unharmonized
e1215_c9b3c38247,trade_services,Volume of freight transported by province(*),Total,VN_SRC_NGHEAN,Nghe An,2005,annual,18274.0,Thous. tons,not_specified,E1215,https://www.nso.gov.vn/en/px-web?pxid=E1215&theme=Transport%2C%20Postal%20Services%20and%20Telecommunications,source_reported_unharmonized
e1215_c9b3c38247,trade_services,Volume of freight transported by province(*),Total,VN_SRC_NGHEAN,Nghe An,2006,annual,21090.0,Thous. tons,not_specified,E1215,https://www.nso.gov.vn/en/px-web?pxid=E1215&theme=Transport%2C%20Postal%20Services%20and%20Telecommunications,source_reported_unharmonized
e1215_c9b3c38247,trade_services,Volume of freight transported by province(*),Total,VN_SRC_NGHEAN,Nghe An,2007,annual,22567.7,Thous. tons,not_specified,E1215,https://www.nso.gov.vn/en/px-web?pxid=E1215&theme=Transport%2C%20Postal%20Services%20and%20Telecommunications,source_reported_unharmonized
e1215_c9b3c38247,trade_services,Volume of freight transported by province(*),Total,VN_SRC_NGHEAN,Nghe An,2008,annual,24855.0,Thous. tons,not_specified,E1215,https://www.nso.gov.vn/en/px-web?pxid=E1215&theme=Transport%2C%20Postal%20Services%20and%20Telecommunications,source_reported_unharmonized
e1215_c9b3c38247,trade_services,Volume of freight transported by province(*),Total,VN_SRC_NGHEAN,Nghe An,2009,annual,27218.0,Thous. tons,not_specified,E1215,https://www.nso.gov.vn/en/px-web?pxid=E1215&theme=Transport%2C%20Postal%20Services%20and%20Telecommunications,source_reported_unharmonized
e1215_c9b3c38247,trade_services,Volume of freight transported by province(*),Total,VN_SRC_NGHEAN,Nghe An,2010,annual,29313.3,Thous. tons,not_specified,E1215,https://www.nso.gov.vn/en/px-web?pxid=E1215&theme=Transport%2C%20Postal%20Services%20and%20Telecommunications,source_reported_unharmonized
e1215_c9b3c38247,trade_services,Volume of freight transported by province(*),Total,VN_SRC_NGHEAN,Nghe An,2011,annual,35327.4,Thous. tons,not_specified,E1215,https://www.nso.gov.vn/en/px-web?pxid=E1215&theme=Transport%2C%20Postal%20Services%20and%20Telecommunications,source_reported_unharmonized
e1215_c9b3c38247,trade_services,Volume of freight transported by province(*),Total,VN_SRC_NGHEAN,Nghe An,2012,annual,40571.0,Thous. tons,not_specified,E1215,https://www.nso.gov.vn/en/px-web?pxid=E1215&theme=Transport%2C%20Postal%20Services%20and%20Telecommunications,source_reported_unharmonized
e1215_c9b3c38247,trade_services,Volume of freight transported by province(*),Total,VN_SRC_NGHEAN,Nghe An,2013,annual,45372.9,Thous. tons,not_specified,E1215,https://www.nso.gov.vn/en/px-web?pxid=E1215&theme=Transport%2C%20Postal%20Services%20and%20Telecommunications,source_reported_unharmonized
e1215_c9b3c38247,trade_services,Volume of freight transported by province(*),Total,VN_SRC_NGHEAN,Nghe An,2014,annual,50871.6,Thous. tons,not_specified,E1215,https://www.nso.gov.vn/en/px-web?pxid=E1215&theme=Transport%2C%20Postal%20Services%20and%20Telecommunications,source_reported_unharmonized
e1215_c9b3c38247,trade_services,Volume of freight transported by province(*),Total,VN_SRC_NGHEAN,Nghe An,2015,annual,52374.1,Thous. tons,not_specified,E1215,https://www.nso.gov.vn/en/px-web?pxid=E1215&theme=Transport%2C%20Postal%20Services%20and%20Telecommunications,source_reported_unharmonized
e1215_c9b3c38247,trade_services,Volume of freight transported by province(*),Total,VN_SRC_NGHEAN,Nghe An,2016,annual,57068.8,Thous. tons,not_specified,E1215,https://www.nso.gov.vn/en/px-web?pxid=E1215&theme=Transport%2C%20Postal%20Services%20and%20Telecommunications,source_reported_unharmonized
e1215_c9b3c38247,trade_services,Volume of freight transported by province(*),Total,VN_SRC_NGHEAN,Nghe An,2017,annual,64967.3,Thous. tons,not_specified,E1215,https://www.nso.gov.vn/en/px-web?pxid=E1215&theme=Transport%2C%20Postal%20Services%20and%20Telecommunications,source_reported_unharmonized
e1215_c9b3c38247,trade_services,Volume of freight transported by province(*),Total,VN_SRC_NGHEAN,Nghe An,2018,annual,89996.1,Thous. tons,not_specified,E1215,https://www.nso.gov.vn/en/px-web?pxid=E1215&theme=Transport%2C%20Postal%20Services%20and%20Telecommunications,source_reported_unharmonized
e1215_c9b3c38247,trade_services,Volume of freight transported by province(*),Total,VN_SRC_NGHEAN,Nghe An,2019,annual,107139.5,Thous. tons,not_specified,E1215,https://www.nso.gov.vn/en/px-web?pxid=E1215&theme=Transport%2C%20Postal%20Services%20and%20Telecommunications,source_reported_unharmonized
e1215_c9b3c38247,trade_services,Volume of freight transported by province(*),Total,VN_SRC_NGHEAN,Nghe An,2020,annual,118564.3,Thous. tons,not_specified,E1215,https://www.nso.gov.vn/en/px-web?pxid=E1215&theme=Transport%2C%20Postal%20Services%20and%20Telecommunications,source_reported_unharmonized
e1215_c9b3c38247,trade_services,Volume of freight transported by province(*),Total,VN_SRC_NGHEAN,Nghe An,2021,annual,128191.8,Thous. tons,not_specified,E1215,https://www.nso.gov.vn/en/px-web?pxid=E1215&theme=Transport%2C%20Postal%20Services%20and%20Telecommunications,source_reported_unharmonized
e1215_c9b3c38247,trade_services,Volume of freight transported by province(*),Total,VN_SRC_NGHEAN,Nghe An,2022,annual,154268.0,Thous. tons,not_specified,E1215,https://www.nso.gov.vn/en/px-web?pxid=E1215&theme=Transport%2C%20Postal%20Services%20and%20Telecommunications,source_reported_unharmonized
e1215_c9b3c38247,trade_services,Volume of freight transported by province(*),Total,VN_SRC_NGHEAN,Nghe An,2023,annual,167407.9,Thous. tons,not_specified,E1215,https://www.nso.gov.vn/en/px-web?pxid=E1215&theme=Transport%2C%20Postal%20Services%20and%20Telecommunications,source_reported_unharmonized
e1215_c9b3c38247,trade_services,Volume of freight transported by province(*),Total,VN_SRC_NGHEAN,Nghe An,2024,annual,187669.8,Thous. tons,not_specified,E1215,https://www.nso.gov.vn/en/px-web?pxid=E1215&theme=Transport%2C%20Postal%20Services%20and%20Telecommunications,source_reported_unharmonized
e1215_c9b3c38247,trade_services,Volume of freight transported by province(*),Total,VN_SRC_NGHEAN,Nghe An,2025,annual,220643.4,Thous. tons,preliminary,E1215,https://www.nso.gov.vn/en/px-web?pxid=E1215&theme=Transport%2C%20Postal%20Services%20and%20Telecommunications,source_reported_unharmonized
e1215_c9b3c38247,trade_services,Volume of freight transported by province(*),Total,VN_SRC_HATINH,Ha Tinh,2000,annual,3913.0,Thous. tons,not_specified,E1215,https://www.nso.gov.vn/en/px-web?pxid=E1215&theme=Transport%2C%20Postal%20Services%20and%20Telecommunications,source_reported_unharmonized
e1215_c9b3c38247,trade_services,Volume of freight transported by province(*),Total,VN_SRC_HATINH,Ha Tinh,2001,annual,4082.0,Thous. tons,not_specified,E1215,https://www.nso.gov.vn/en/px-web?pxid=E1215&theme=Transport%2C%20Postal%20Services%20and%20Telecommunications,source_reported_unharmonized
e1215_c9b3c38247,trade_services,Volume of freight transported by province(*),Total,VN_SRC_HATINH,Ha Tinh,2002,annual,4281.0,Thous. tons,not_specified,E1215,https://www.nso.gov.vn/en/px-web?pxid=E1215&theme=Transport%2C%20Postal%20Services%20and%20Telecommunications,source_reported_unharmonized
e1215_c9b3c38247,trade_services,Volume of freight transported by province(*),Total,VN_SRC_HATINH,Ha Tinh,2003,annual,4737.0,Thous. tons,not_specified,E1215,https://www.nso.gov.vn/en/px-web?pxid=E1215&theme=Transport%2C%20Postal%20Services%20and%20Telecommunications,source_reported_unharmonized
e1215_c9b3c38247,trade_services,Volume of freight transported by province(*),Total,VN_SRC_HATINH,Ha Tinh,2004,annual,6602.0,Thous. tons,not_specified,E1215,https://www.nso.gov.vn/en/px-web?pxid=E1215&theme=Transport%2C%20Postal%20Services%20and%20Telecommunications,source_reported_unharmonized
e1215_c9b3c38247,trade_services,Volume of freight transported by province(*),Total,VN_SRC_HATINH,Ha Tinh,2005,annual,6889.0,Thous. tons,not_specified,E1215,https://www.nso.gov.vn/en/px-web?pxid=E1215&theme=Transport%2C%20Postal%20Services%20and%20Telecommunications,source_reported_unharmonized
e1215_c9b3c38247,trade_services,Volume of freight transported by province(*),Total,VN_SRC_HATINH,Ha Tinh,2006,annual,8102.9,Thous. tons,not_specified,E1215,https://www.nso.gov.vn/en/px-web?pxid=E1215&theme=Transport%2C%20Postal%20Services%20and%20Telecommunications,source_reported_unharmonized
e1215_c9b3c38247,trade_services,Volume of freight transported by province(*),Total,VN_SRC_HATINH,Ha Tinh,2007,annual,8773.8,Thous. tons,not_specified,E1215,https://www.nso.gov.vn/en/px-web?pxid=E1215&theme=Transport%2C%20Postal%20Services%20and%20Telecommunications,source_reported_unharmonized
e1215_c9b3c38247,trade_services,Volume of freight transported by province(*),Total,VN_SRC_HATINH,Ha Tinh,2008,annual,10480.0,Thous. tons,not_specified,E1215,https://www.nso.gov.vn/en/px-web?pxid=E1215&theme=Transport%2C%20Postal%20Services%20and%20Telecommunications,source_reported_unharmonized
e1215_c9b3c38247,trade_services,Volume of freight transported by province(*),Total,VN_SRC_HATINH,Ha Tinh,2009,annual,11871.0,Thous. tons,not_specified,E1215,https://www.nso.gov.vn/en/px-web?pxid=E1215&theme=Transport%2C%20Postal%20Services%20and%20Telecommunications,source_reported_unharmonized
e1215_c9b3c38247,trade_services,Volume of freight transported by province(*),Total,VN_SRC_HATINH,Ha Tinh,2010,annual,14540.1,Thous. tons,not_specified,E1215,https://www.nso.gov.vn/en/px-web?pxid=E1215&theme=Transport%2C%20Postal%20Services%20and%20Telecommunications,source_reported_unharmonized
e1215_c9b3c38247,trade_services,Volume of freight transported by province(*),Total,VN_SRC_HATINH,Ha Tinh,2011,annual,17647.3,Thous. tons,not_specified,E1215,https://www.nso.gov.vn/en/px-web?pxid=E1215&theme=Transport%2C%20Postal%20Services%20and%20Telecommunications,source_reported_unharmonized
e1215_c9b3c38247,trade_services,Volume of freight transported by province(*),Total,VN_SRC_HATINH,Ha Tinh,2012,annual,19832.0,Thous. tons,not_specified,E1215,https://www.nso.gov.vn/en/px-web?pxid=E1215&theme=Transport%2C%20Postal%20Services%20and%20Telecommunications,source_reported_unharmonized
e1215_c9b3c38247,trade_services,Volume of freight transported by province(*),Total,VN_SRC_HATINH,Ha Tinh,2013,annual,21852.7,Thous. tons,not_specified,E1215,https://www.nso.gov.vn/en/px-web?pxid=E1215&theme=Transport%2C%20Postal%20Services%20and%20Telecommunications,source_reported_unharmonized
e1215_c9b3c38247,trade_services,Volume of freight transported by province(*),Total,VN_SRC_HATINH,Ha Tinh,2014,annual,22911.5,Thous. tons,not_specified,E1215,https://www.nso.gov.vn/en/px-web?pxid=E1215&theme=Transport%2C%20Postal%20Services%20and%20Telecommunications,source_reported_unharmonized
e1215_c9b3c38247,trade_services,Volume of freight transported by province(*),Total,VN_SRC_HATINH,Ha Tinh,2015,annual,26889.3,Thous. tons,not_specified,E1215,https://www.nso.gov.vn/en/px-web?pxid=E1215&theme=Transport%2C%20Postal%20Services%20and%20Telecommunications,source_reported_unharmonized
e1215_c9b3c38247,trade_services,Volume of freight transported by province(*),Total,VN_SRC_HATINH,Ha Tinh,2016,annual,29709.1,Thous. tons,not_specified,E1215,https://www.nso.gov.vn/en/px-web?pxid=E1215&theme=Transport%2C%20Postal%20Services%20and%20Telecommunications,source_reported_unharmonized
e1215_c9b3c38247,trade_services,Volume of freight transported by province(*),Total,VN_SRC_HATINH,Ha Tinh,2017,annual,32111.4,Thous. tons,not_specified,E1215,https://www.nso.gov.vn/en/px-web?pxid=E1215&theme=Transport%2C%20Postal%20Services%20and%20Telecommunications,source_reported_unharmonized
e1215_c9b3c38247,trade_services,Volume of freight transported by province(*),Total,VN_SRC_HATINH,Ha Tinh,2018,annual,34520.6,Thous. tons,not_specified,E1215,https://www.nso.gov.vn/en/px-web?pxid=E1215&theme=Transport%2C%20Postal%20Services%20and%20Telecommunications,source_reported_unharmonized
e1215_c9b3c38247,trade_services,Volume of freight transported by province(*),Total,VN_SRC_HATINH,Ha Tinh,2019,annual,37163.5,Thous. tons,not_specified,E1215,https://www.nso.gov.vn/en/px-web?pxid=E1215&theme=Transport%2C%20Postal%20Services%20and%20Telecommunications,source_reported_unharmonized
e1215_c9b3c38247,trade_services,Volume of freight transported by province(*),Total,VN_SRC_HATINH,Ha Tinh,2020,annual,32933.8,Thous. tons,not_specified,E1215,https://www.nso.gov.vn/en/px-web?pxid=E1215&theme=Transport%2C%20Postal%20Services%20and%20Telecommunications,source_reported_unharmonized
e1215_c9b3c38247,trade_services,Volume of freight transported by province(*),Total,VN_SRC_HATINH,Ha Tinh,2021,annual,29995.2,Thous. tons,not_specified,E1215,https://www.nso.gov.vn/en/px-web?pxid=E1215&theme=Transport%2C%20Postal%20Services%20and%20Telecommunications,source_reported_unharmonized
e1215_c9b3c38247,trade_services,Volume of freight transported by province(*),Total,VN_SRC_HATINH,Ha Tinh,2022,annual,39224.2,Thous. tons,not_specified,E1215,https://www.nso.gov.vn/en/px-web?pxid=E1215&theme=Transport%2C%20Postal%20Services%20and%20Telecommunications,source_reported_unharmonized
e1215_c9b3c38247,trade_services,Volume of freight transported by province(*),Total,VN_SRC_HATINH,Ha Tinh,2023,annual,45741.9,Thous. tons,not_specified,E1215,https://www.nso.gov.vn/en/px-web?pxid=E1215&theme=Transport%2C%20Postal%20Services%20and%20Telecommunications,source_reported_unharmonized
e1215_c9b3c38247,trade_services,Volume of freight transported by province(*),Total,VN_SRC_HATINH,Ha Tinh,2024,annual,47927.9,Thous. tons,not_specified,E1215,https://www.nso.gov.vn/en/px-web?pxid=E1215&theme=Transport%2C%20Postal%20Services%20and%20Telecommunications,source_reported_unharmonized
e1215_c9b3c38247,trade_services,Volume of freight transported by province(*),Total,VN_SRC_HATINH,Ha Tinh,2025,annual,56599.9,Thous. tons,preliminary,E1215,https://www.nso.gov.vn/en/px-web?pxid=E1215&theme=Transport%2C%20Postal%20Services%20and%20Telecommunications,source_reported_unharmonized
e1215_c9b3c38247,trade_services,Volume of freight transported by province(*),Total,VN_SRC_QUANGBINH,Quang Binh,2000,annual,3379.0,Thous. tons,not_specified,E1215,https://www.nso.gov.vn/en/px-web?pxid=E1215&theme=Transport%2C%20Postal%20Services%20and%20Telecommunications,source_reported_unharmonized
e1215_c9b3c38247,trade_services,Volume of freight transported by province(*),Total,VN_SRC_QUANGBINH,Quang Binh,2001,annual,4220.0,Thous. tons,not_specified,E1215,https://www.nso.gov.vn/en/px-web?pxid=E1215&theme=Transport%2C%20Postal%20Services%20and%20Telecommunications,source_reported_unharmonized
e1215_c9b3c38247,trade_services,Volume of freight transported by province(*),Total,VN_SRC_QUANGBINH,Quang Binh,2002,annual,4870.0,Thous. tons,not_specified,E1215,https://www.nso.gov.vn/en/px-web?pxid=E1215&theme=Transport%2C%20Postal%20Services%20and%20Telecommunications,source_reported_unharmonized
e1215_c9b3c38247,trade_services,Volume of freight transported by province(*),Total,VN_SRC_QUANGBINH,Quang Binh,2003,annual,5530.0,Thous. tons,not_specified,E1215,https://www.nso.gov.vn/en/px-web?pxid=E1215&theme=Transport%2C%20Postal%20Services%20and%20Telecommunications,source_reported_unharmonized
e1215_c9b3c38247,trade_services,Volume of freight transported by province(*),Total,VN_SRC_QUANGBINH,Quang Binh,2004,annual,5745.0,Thous. tons,not_specified,E1215,https://www.nso.gov.vn/en/px-web?pxid=E1215&theme=Transport%2C%20Postal%20Services%20and%20Telecommunications,source_reported_unharmonized
e1215_c9b3c38247,trade_services,Volume of freight transported by province(*),Total,VN_SRC_QUANGBINH,Quang Binh,2005,annual,6221.0,Thous. tons,not_specified,E1215,https://www.nso.gov.vn/en/px-web?pxid=E1215&theme=Transport%2C%20Postal%20Services%20and%20Telecommunications,source_reported_unharmonized
e1215_c9b3c38247,trade_services,Volume of freight transported by province(*),Total,VN_SRC_QUANGBINH,Quang Binh,2006,annual,5070.0,Thous. tons,not_specified,E1215,https://www.nso.gov.vn/en/px-web?pxid=E1215&theme=Transport%2C%20Postal%20Services%20and%20Telecommunications,source_reported_unharmonized
e1215_c9b3c38247,trade_services,Volume of freight transported by province(*),Total,VN_SRC_QUANGBINH,Quang Binh,2007,annual,5487.0,Thous. tons,not_specified,E1215,https://www.nso.gov.vn/en/px-web?pxid=E1215&theme=Transport%2C%20Postal%20Services%20and%20Telecommunications,source_reported_unharmonized
e1215_c9b3c38247,trade_services,Volume of freight transported by province(*),Total,VN_SRC_QUANGBINH,Quang Binh,2008,annual,6499.0,Thous. tons,not_specified,E1215,https://www.nso.gov.vn/en/px-web?pxid=E1215&theme=Transport%2C%20Postal%20Services%20and%20Telecommunications,source_reported_unharmonized
e1215_c9b3c38247,trade_services,Volume of freight transported by province(*),Total,VN_SRC_QUANGBINH,Quang Binh,2009,annual,7377.0,Thous. tons,not_specified,E1215,https://www.nso.gov.vn/en/px-web?pxid=E1215&theme=Transport%2C%20Postal%20Services%20and%20Telecommunications,source_reported_unharmonized
e1215_c9b3c38247,trade_services,Volume of freight transported by province(*),Total,VN_SRC_QUANGBINH,Quang Binh,2010,annual,8099.5,Thous. tons,not_specified,E1215,https://www.nso.gov.vn/en/px-web?pxid=E1215&theme=Transport%2C%20Postal%20Services%20and%20Telecommunications,source_reported_unharmonized
e1215_c9b3c38247,trade_services,Volume of freight transported by province(*),Total,VN_SRC_QUANGBINH,Quang Binh,2011,annual,9576.9,Thous. tons,not_specified,E1215,https://www.nso.gov.vn/en/px-web?pxid=E1215&theme=Transport%2C%20Postal%20Services%20and%20Telecommunications,source_reported_unharmonized
e1215_c9b3c38247,trade_services,Volume of freight transported by province(*),Total,VN_SRC_QUANGBINH,Quang Binh,2012,annual,10790.1,Thous. tons,not_specified,E1215,https://www.nso.gov.vn/en/px-web?pxid=E1215&theme=Transport%2C%20Postal%20Services%20and%20Telecommunications,source_reported_unharmonized
e1215_c9b3c38247,trade_services,Volume of freight transported by province(*),Total,VN_SRC_QUANGBINH,Quang Binh,2013,annual,13178.5,Thous. tons,not_specified,E1215,https://www.nso.gov.vn/en/px-web?pxid=E1215&theme=Transport%2C%20Postal%20Services%20and%20Telecommunications,source_reported_unharmonized
e1215_c9b3c38247,trade_services,Volume of freight transported by province(*),Total,VN_SRC_QUANGBINH,Quang Binh,2014,annual,14665.8,Thous. tons,not_specified,E1215,https://www.nso.gov.vn/en/px-web?pxid=E1215&theme=Transport%2C%20Postal%20Services%20and%20Telecommunications,source_reported_unharmonized
e1215_c9b3c38247,trade_services,Volume of freight transported by province(*),Total,VN_SRC_QUANGBINH,Quang Binh,2015,annual,18089.5,Thous. tons,not_specified,E1215,https://www.nso.gov.vn/en/px-web?pxid=E1215&theme=Transport%2C%20Postal%20Services%20and%20Telecommunications,source_reported_unharmonized
e1215_c9b3c38247,trade_services,Volume of freight transported by province(*),Total,VN_SRC_QUANGBINH,Quang Binh,2016,annual,19130.3,Thous. tons,not_specified,E1215,https://www.nso.gov.vn/en/px-web?pxid=E1215&theme=Transport%2C%20Postal%20Services%20and%20Telecommunications,source_reported_unharmonized
e1215_c9b3c38247,trade_services,Volume of freight transported by province(*),Total,VN_SRC_QUANGBINH,Quang Binh,2017,annual,19228.4,Thous. tons,not_specified,E1215,https://www.nso.gov.vn/en/px-web?pxid=E1215&theme=Transport%2C%20Postal%20Services%20and%20Telecommunications,source_reported_unharmonized
e1215_c9b3c38247,trade_services,Volume of freight transported by province(*),Total,VN_SRC_QUANGBINH,Quang Binh,2018,annual,21100.0,Thous. tons,not_specified,E1215,https://www.nso.gov.vn/en/px-web?pxid=E1215&theme=Transport%2C%20Postal%20Services%20and%20Telecommunications,source_reported_unharmonized
e1215_c9b3c38247,trade_services,Volume of freight transported by province(*),Total,VN_SRC_QUANGBINH,Quang Binh,2019,annual,23218.3,Thous. tons,not_specified,E1215,https://www.nso.gov.vn/en/px-web?pxid=E1215&theme=Transport%2C%20Postal%20Services%20and%20Telecommunications,source_reported_unharmonized
e1215_c9b3c38247,trade_services,Volume of freight transported by province(*),Total,VN_SRC_QUANGBINH,Quang Binh,2020,annual,23401.5,Thous. tons,not_specified,E1215,https://www.nso.gov.vn/en/px-web?pxid=E1215&theme=Transport%2C%20Postal%20Services%20and%20Telecommunications,source_reported_unharmonized
e1215_c9b3c38247,trade_services,Volume of freight transported by province(*),Total,VN_SRC_QUANGBINH,Quang Binh,2021,annual,25029.5,Thous. tons,not_specified,E1215,https://www.nso.gov.vn/en/px-web?pxid=E1215&theme=Transport%2C%20Postal%20Services%20and%20Telecommunications,source_reported_unharmonized
e1215_c9b3c38247,trade_services,Volume of freight transported by province(*),Total,VN_SRC_QUANGBINH,Quang Binh,2022,annual,27582.5,Thous. tons,not_specified,E1215,https://www.nso.gov.vn/en/px-web?pxid=E1215&theme=Transport%2C%20Postal%20Services%20and%20Telecommunications,source_reported_unharmonized
e1215_c9b3c38247,trade_services,Volume of freight transported by province(*),Total,VN_SRC_QUANGBINH,Quang Binh,2023,annual,30589.0,Thous. tons,not_specified,E1215,https://www.nso.gov.vn/en/px-web?pxid=E1215&theme=Transport%2C%20Postal%20Services%20and%20Telecommunications,source_reported_unharmonized
e1215_c9b3c38247,trade_services,Volume of freight transported by province(*),Total,VN_SRC_QUANGBINH,Quang Binh,2024,annual,33919.9,Thous. tons,not_specified,E1215,https://www.nso.gov.vn/en/px-web?pxid=E1215&theme=Transport%2C%20Postal%20Services%20and%20Telecommunications,source_reported_unharmonized
e1215_c9b3c38247,trade_services,Volume of freight transported by province(*),Total,VN_SRC_QUANGBINH,Quang Binh,2025,annual,38653.9,Thous. tons,preliminary,E1215,https://www.nso.gov.vn/en/px-web?pxid=E1215&theme=Transport%2C%20Postal%20Services%20and%20Telecommunications,source_reported_unharmonized
e1215_c9b3c38247,trade_services,Volume of freight transported by province(*),Total,VN_SRC_QUANGTRI,Quang Tri,2000,annual,1389.0,Thous. tons,not_specified,E1215,https://www.nso.gov.vn/en/px-web?pxid=E1215&theme=Transport%2C%20Postal%20Services%20and%20Telecommunications,source_reported_unharmonized
e1215_c9b3c38247,trade_services,Volume of freight transported by province(*),Total,VN_SRC_QUANGTRI,Quang Tri,2001,annual,1682.0,Thous. tons,not_specified,E1215,https://www.nso.gov.vn/en/px-web?pxid=E1215&theme=Transport%2C%20Postal%20Services%20and%20Telecommunications,source_reported_unharmonized
e1215_c9b3c38247,trade_services,Volume of freight transported by province(*),Total,VN_SRC_QUANGTRI,Quang Tri,2002,annual,1982.0,Thous. tons,not_specified,E1215,https://www.nso.gov.vn/en/px-web?pxid=E1215&theme=Transport%2C%20Postal%20Services%20and%20Telecommunications,source_reported_unharmonized
e1215_c9b3c38247,trade_services,Volume of freight transported by province(*),Total,VN_SRC_QUANGTRI,Quang Tri,2003,annual,1938.0,Thous. tons,not_specified,E1215,https://www.nso.gov.vn/en/px-web?pxid=E1215&theme=Transport%2C%20Postal%20Services%20and%20Telecommunications,source_reported_unharmonized
e1215_c9b3c38247,trade_services,Volume of freight transported by province(*),Total,VN_SRC_QUANGTRI,Quang Tri,2004,annual,2288.0,Thous. tons,not_specified,E1215,https://www.nso.gov.vn/en/px-web?pxid=E1215&theme=Transport%2C%20Postal%20Services%20and%20Telecommunications,source_reported_unharmonized
e1215_c9b3c38247,trade_services,Volume of freight transported by province(*),Total,VN_SRC_QUANGTRI,Quang Tri,2005,annual,3139.1,Thous. tons,not_specified,E1215,https://www.nso.gov.vn/en/px-web?pxid=E1215&theme=Transport%2C%20Postal%20Services%20and%20Telecommunications,source_reported_unharmonized
e1215_c9b3c38247,trade_services,Volume of freight transported by province(*),Total,VN_SRC_QUANGTRI,Quang Tri,2006,annual,3006.0,Thous. tons,not_specified,E1215,https://www.nso.gov.vn/en/px-web?pxid=E1215&theme=Transport%2C%20Postal%20Services%20and%20Telecommunications,source_reported_unharmonized
e1215_c9b3c38247,trade_services,Volume of freight transported by province(*),Total,VN_SRC_QUANGTRI,Quang Tri,2007,annual,3171.0,Thous. tons,not_specified,E1215,https://www.nso.gov.vn/en/px-web?pxid=E1215&theme=Transport%2C%20Postal%20Services%20and%20Telecommunications,source_reported_unharmonized
e1215_c9b3c38247,trade_services,Volume of freight transported by province(*),Total,VN_SRC_QUANGTRI,Quang Tri,2008,annual,4019.0,Thous. tons,not_specified,E1215,https://www.nso.gov.vn/en/px-web?pxid=E1215&theme=Transport%2C%20Postal%20Services%20and%20Telecommunications,source_reported_unharmonized
e1215_c9b3c38247,trade_services,Volume of freight transported by province(*),Total,VN_SRC_QUANGTRI,Quang Tri,2009,annual,4864.4,Thous. tons,not_specified,E1215,https://www.nso.gov.vn/en/px-web?pxid=E1215&theme=Transport%2C%20Postal%20Services%20and%20Telecommunications,source_reported_unharmonized
e1215_c9b3c38247,trade_services,Volume of freight transported by province(*),Total,VN_SRC_QUANGTRI,Quang Tri,2010,annual,5800.3,Thous. tons,not_specified,E1215,https://www.nso.gov.vn/en/px-web?pxid=E1215&theme=Transport%2C%20Postal%20Services%20and%20Telecommunications,source_reported_unharmonized
e1215_c9b3c38247,trade_services,Volume of freight transported by province(*),Total,VN_SRC_QUANGTRI,Quang Tri,2011,annual,6082.4,Thous. tons,not_specified,E1215,https://www.nso.gov.vn/en/px-web?pxid=E1215&theme=Transport%2C%20Postal%20Services%20and%20Telecommunications,source_reported_unharmonized
e1215_c9b3c38247,trade_services,Volume of freight transported by province(*),Total,VN_SRC_QUANGTRI,Quang Tri,2012,annual,6039.0,Thous. tons,not_specified,E1215,https://www.nso.gov.vn/en/px-web?pxid=E1215&theme=Transport%2C%20Postal%20Services%20and%20Telecommunications,source_reported_unharmonized
e1215_c9b3c38247,trade_services,Volume of freight transported by province(*),Total,VN_SRC_QUANGTRI,Quang Tri,2013,annual,6721.1,Thous. tons,not_specified,E1215,https://www.nso.gov.vn/en/px-web?pxid=E1215&theme=Transport%2C%20Postal%20Services%20and%20Telecommunications,source_reported_unharmonized
e1215_c9b3c38247,trade_services,Volume of freight transported by province(*),Total,VN_SRC_QUANGTRI,Quang Tri,2014,annual,7308.6,Thous. tons,not_specified,E1215,https://www.nso.gov.vn/en/px-web?pxid=E1215&theme=Transport%2C%20Postal%20Services%20and%20Telecommunications,source_reported_unharmonized
e1215_c9b3c38247,trade_services,Volume of freight transported by province(*),Total,VN_SRC_QUANGTRI,Quang Tri,2015,annual,8141.6,Thous. tons,not_specified,E1215,https://www.nso.gov.vn/en/px-web?pxid=E1215&theme=Transport%2C%20Postal%20Services%20and%20Telecommunications,source_reported_unharmonized
e1215_c9b3c38247,trade_services,Volume of freight transported by province(*),Total,VN_SRC_QUANGTRI,Quang Tri,2016,annual,8514.7,Thous. tons,not_specified,E1215,https://www.nso.gov.vn/en/px-web?pxid=E1215&theme=Transport%2C%20Postal%20Services%20and%20Telecommunications,source_reported_unharmonized
e1215_c9b3c38247,trade_services,Volume of freight transported by province(*),Total,VN_SRC_QUANGTRI,Quang Tri,2017,annual,8965.6,Thous. tons,not_specified,E1215,https://www.nso.gov.vn/en/px-web?pxid=E1215&theme=Transport%2C%20Postal%20Services%20and%20Telecommunications,source_reported_unharmonized
e1215_c9b3c38247,trade_services,Volume of freight transported by province(*),Total,VN_SRC_QUANGTRI,Quang Tri,2018,annual,9186.8,Thous. tons,not_specified,E1215,https://www.nso.gov.vn/en/px-web?pxid=E1215&theme=Transport%2C%20Postal%20Services%20and%20Telecommunications,source_reported_unharmonized
e1215_c9b3c38247,trade_services,Volume of freight transported by province(*),Total,VN_SRC_QUANGTRI,Quang Tri,2019,annual,10643.2,Thous. tons,not_specified,E1215,https://www.nso.gov.vn/en/px-web?pxid=E1215&theme=Transport%2C%20Postal%20Services%20and%20Telecommunications,source_reported_unharmonized
e1215_c9b3c38247,trade_services,Volume of freight transported by province(*),Total,VN_SRC_QUANGTRI,Quang Tri,2020,annual,10305.6,Thous. tons,not_specified,E1215,https://www.nso.gov.vn/en/px-web?pxid=E1215&theme=Transport%2C%20Postal%20Services%20and%20Telecommunications,source_reported_unharmonized
e1215_c9b3c38247,trade_services,Volume of freight transported by province(*),Total,VN_SRC_QUANGTRI,Quang Tri,2021,annual,11169.9,Thous. tons,not_specified,E1215,https://www.nso.gov.vn/en/px-web?pxid=E1215&theme=Transport%2C%20Postal%20Services%20and%20Telecommunications,source_reported_unharmonized
e1215_c9b3c38247,trade_services,Volume of freight transported by province(*),Total,VN_SRC_QUANGTRI,Quang Tri,2022,annual,12116.0,Thous. tons,not_specified,E1215,https://www.nso.gov.vn/en/px-web?pxid=E1215&theme=Transport%2C%20Postal%20Services%20and%20Telecommunications,source_reported_unharmonized
e1215_c9b3c38247,trade_services,Volume of freight transported by province(*),Total,VN_SRC_QUANGTRI,Quang Tri,2023,annual,13242.8,Thous. tons,not_specified,E1215,https://www.nso.gov.vn/en/px-web?pxid=E1215&theme=Transport%2C%20Postal%20Services%20and%20Telecommunications,source_reported_unharmonized
e1215_c9b3c38247,trade_services,Volume of freight transported by province(*),Total,VN_SRC_QUANGTRI,Quang Tri,2024,annual,15255.7,Thous. tons,not_specified,E1215,https://www.nso.gov.vn/en/px-web?pxid=E1215&theme=Transport%2C%20Postal%20Services%20and%20Telecommunications,source_reported_unharmonized
e1215_c9b3c38247,trade_services,Volume of freight transported by province(*),Total,VN_SRC_QUANGTRI,Quang Tri,2025,annual,17222.7,Thous. tons,preliminary,E1215,https://www.nso.gov.vn/en/px-web?pxid=E1215&theme=Transport%2C%20Postal%20Services%20and%20Telecommunications,source_reported_unharmonized
e1215_c9b3c38247,trade_services,Volume of freight transported by province(*),Total,VN_SRC_THUATHIENHUE,Thua Thien-Hue,2000,annual,1713.0,Thous. tons,not_specified,E1215,https://www.nso.gov.vn/en/px-web?pxid=E1215&theme=Transport%2C%20Postal%20Services%20and%20Telecommunications,source_reported_unharmonized
e1215_c9b3c38247,trade_services,Volume of freight transported by province(*),Total,VN_SRC_THUATHIENHUE,Thua Thien-Hue,2001,annual,2038.2,Thous. tons,not_specified,E1215,https://www.nso.gov.vn/en/px-web?pxid=E1215&theme=Transport%2C%20Postal%20Services%20and%20Telecommunications,source_reported_unharmonized
e1215_c9b3c38247,trade_services,Volume of freight transported by province(*),Total,VN_SRC_THUATHIENHUE,Thua Thien-Hue,2002,annual,3085.0,Thous. tons,not_specified,E1215,https://www.nso.gov.vn/en/px-web?pxid=E1215&theme=Transport%2C%20Postal%20Services%20and%20Telecommunications,source_reported_unharmonized
e1215_c9b3c38247,trade_services,Volume of freight transported by province(*),Total,VN_SRC_THUATHIENHUE,Thua Thien-Hue,2003,annual,2962.0,Thous. tons,not_specified,E1215,https://www.nso.gov.vn/en/px-web?pxid=E1215&theme=Transport%2C%20Postal%20Services%20and%20Telecommunications,source_reported_unharmonized
e1215_c9b3c38247,trade_services,Volume of freight transported by province(*),Total,VN_SRC_THUATHIENHUE,Thua Thien-Hue,2004,annual,3323.7,Thous. tons,not_specified,E1215,https://www.nso.gov.vn/en/px-web?pxid=E1215&theme=Transport%2C%20Postal%20Services%20and%20Telecommunications,source_reported_unharmonized
e1215_c9b3c38247,trade_services,Volume of freight transported by province(*),Total,VN_SRC_THUATHIENHUE,Thua Thien-Hue,2005,annual,4661.0,Thous. tons,not_specified,E1215,https://www.nso.gov.vn/en/px-web?pxid=E1215&theme=Transport%2C%20Postal%20Services%20and%20Telecommunications,source_reported_unharmonized
e1215_c9b3c38247,trade_services,Volume of freight transported by province(*),Total,VN_SRC_THUATHIENHUE,Thua Thien-Hue,2006,annual,4729.0,Thous. tons,not_specified,E1215,https://www.nso.gov.vn/en/px-web?pxid=E1215&theme=Transport%2C%20Postal%20Services%20and%20Telecommunications,source_reported_unharmonized
e1215_c9b3c38247,trade_services,Volume of freight transported by province(*),Total,VN_SRC_THUATHIENHUE,Thua Thien-Hue,2007,annual,5098.4,Thous. tons,not_specified,E1215,https://www.nso.gov.vn/en/px-web?pxid=E1215&theme=Transport%2C%20Postal%20Services%20and%20Telecommunications,source_reported_unharmonized
e1215_c9b3c38247,trade_services,Volume of freight transported by province(*),Total,VN_SRC_THUATHIENHUE,Thua Thien-Hue,2008,annual,5772.9,Thous. tons,not_specified,E1215,https://www.nso.gov.vn/en/px-web?pxid=E1215&theme=Transport%2C%20Postal%20Services%20and%20Telecommunications,source_reported_unharmonized
e1215_c9b3c38247,trade_services,Volume of freight transported by province(*),Total,VN_SRC_THUATHIENHUE,Thua Thien-Hue,2009,annual,5834.0,Thous. tons,not_specified,E1215,https://www.nso.gov.vn/en/px-web?pxid=E1215&theme=Transport%2C%20Postal%20Services%20and%20Telecommunications,source_reported_unharmonized
e1215_c9b3c38247,trade_services,Volume of freight transported by province(*),Total,VN_SRC_THUATHIENHUE,Thua Thien-Hue,2010,annual,5840.4,Thous. tons,not_specified,E1215,https://www.nso.gov.vn/en/px-web?pxid=E1215&theme=Transport%2C%20Postal%20Services%20and%20Telecommunications,source_reported_unharmonized
e1215_c9b3c38247,trade_services,Volume of freight transported by province(*),Total,VN_SRC_THUATHIENHUE,Thua Thien-Hue,2011,annual,4392.5,Thous. tons,not_specified,E1215,https://www.nso.gov.vn/en/px-web?pxid=E1215&theme=Transport%2C%20Postal%20Services%20and%20Telecommunications,source_reported_unharmonized
e1215_c9b3c38247,trade_services,Volume of freight transported by province(*),Total,VN_SRC_THUATHIENHUE,Thua Thien-Hue,2012,annual,5100.8,Thous. tons,not_specified,E1215,https://www.nso.gov.vn/en/px-web?pxid=E1215&theme=Transport%2C%20Postal%20Services%20and%20Telecommunications,source_reported_unharmonized
e1215_c9b3c38247,trade_services,Volume of freight transported by province(*),Total,VN_SRC_THUATHIENHUE,Thua Thien-Hue,2013,annual,5433.0,Thous. tons,not_specified,E1215,https://www.nso.gov.vn/en/px-web?pxid=E1215&theme=Transport%2C%20Postal%20Services%20and%20Telecommunications,source_reported_unharmonized
e1215_c9b3c38247,trade_services,Volume of freight transported by province(*),Total,VN_SRC_THUATHIENHUE,Thua Thien-Hue,2014,annual,5819.3,Thous. tons,not_specified,E1215,https://www.nso.gov.vn/en/px-web?pxid=E1215&theme=Transport%2C%20Postal%20Services%20and%20Telecommunications,source_reported_unharmonized
e1215_c9b3c38247,trade_services,Volume of freight transported by province(*),Total,VN_SRC_THUATHIENHUE,Thua Thien-Hue,2015,annual,6258.5,Thous. tons,not_specified,E1215,https://www.nso.gov.vn/en/px-web?pxid=E1215&theme=Transport%2C%20Postal%20Services%20and%20Telecommunications,source_reported_unharmonized
e1215_c9b3c38247,trade_services,Volume of freight transported by province(*),Total,VN_SRC_THUATHIENHUE,Thua Thien-Hue,2016,annual,6795.9,Thous. tons,not_specified,E1215,https://www.nso.gov.vn/en/px-web?pxid=E1215&theme=Transport%2C%20Postal%20Services%20and%20Telecommunications,source_reported_unharmonized
e1215_c9b3c38247,trade_services,Volume of freight transported by province(*),Total,VN_SRC_THUATHIENHUE,Thua Thien-Hue,2017,annual,7283.5,Thous. tons,not_specified,E1215,https://www.nso.gov.vn/en/px-web?pxid=E1215&theme=Transport%2C%20Postal%20Services%20and%20Telecommunications,source_reported_unharmonized
e1215_c9b3c38247,trade_services,Volume of freight transported by province(*),Total,VN_SRC_THUATHIENHUE,Thua Thien-Hue,2018,annual,8139.9,Thous. tons,not_specified,E1215,https://www.nso.gov.vn/en/px-web?pxid=E1215&theme=Transport%2C%20Postal%20Services%20and%20Telecommunications,source_reported_unharmonized
e1215_c9b3c38247,trade_services,Volume of freight transported by province(*),Total,VN_SRC_THUATHIENHUE,Thua Thien-Hue,2019,annual,8942.2,Thous. tons,not_specified,E1215,https://www.nso.gov.vn/en/px-web?pxid=E1215&theme=Transport%2C%20Postal%20Services%20and%20Telecommunications,source_reported_unharmonized
e1215_c9b3c38247,trade_services,Volume of freight transported by province(*),Total,VN_SRC_THUATHIENHUE,Thua Thien-Hue,2020,annual,8894.5,Thous. tons,not_specified,E1215,https://www.nso.gov.vn/en/px-web?pxid=E1215&theme=Transport%2C%20Postal%20Services%20and%20Telecommunications,source_reported_unharmonized
e1215_c9b3c38247,trade_services,Volume of freight transported by province(*),Total,VN_SRC_THUATHIENHUE,Thua Thien-Hue,2021,annual,9376.2,Thous. tons,not_specified,E1215,https://www.nso.gov.vn/en/px-web?pxid=E1215&theme=Transport%2C%20Postal%20Services%20and%20Telecommunications,source_reported_unharmonized
e1215_c9b3c38247,trade_services,Volume of freight transported by province(*),Total,VN_SRC_THUATHIENHUE,Thua Thien-Hue,2022,annual,10926.8,Thous. tons,not_specified,E1215,https://www.nso.gov.vn/en/px-web?pxid=E1215&theme=Transport%2C%20Postal%20Services%20and%20Telecommunications,source_reported_unharmonized
e1215_c9b3c38247,trade_services,Volume of freight transported by province(*),Total,VN_SRC_THUATHIENHUE,Thua Thien-Hue,2023,annual,11909.0,Thous. tons,not_specified,E1215,https://www.nso.gov.vn/en/px-web?pxid=E1215&theme=Transport%2C%20Postal%20Services%20and%20Telecommunications,source_reported_unharmonized
e1215_c9b3c38247,trade_services,Volume of freight transported by province(*),Total,VN_SRC_THUATHIENHUE,Thua Thien-Hue,2024,annual,12553.9,Thous. tons,not_specified,E1215,https://www.nso.gov.vn/en/px-web?pxid=E1215&theme=Transport%2C%20Postal%20Services%20and%20Telecommunications,source_reported_unharmonized
e1215_c9b3c38247,trade_services,Volume of freight transported by province(*),Total,VN_SRC_THUATHIENHUE,Thua Thien-Hue,2025,annual,13996.2,Thous. tons,preliminary,E1215,https://www.nso.gov.vn/en/px-web?pxid=E1215&theme=Transport%2C%20Postal%20Services%20and%20Telecommunications,source_reported_unharmonized
e1215_c9b3c38247,trade_services,Volume of freight transported by province(*),Total,VN_SRC_DANANG,Da Nang,2000,annual,4936.9,Thous. tons,not_specified,E1215,https://www.nso.gov.vn/en/px-web?pxid=E1215&theme=Transport%2C%20Postal%20Services%20and%20Telecommunications,source_reported_unharmonized
e1215_c9b3c38247,trade_services,Volume of freight transported by province(*),Total,VN_SRC_DANANG,Da Nang,2001,annual,5565.0,Thous. tons,not_specified,E1215,https://www.nso.gov.vn/en/px-web?pxid=E1215&theme=Transport%2C%20Postal%20Services%20and%20Telecommunications,source_reported_unharmonized
e1215_c9b3c38247,trade_services,Volume of freight transported by province(*),Total,VN_SRC_DANANG,Da Nang,2002,annual,7377.0,Thous. tons,not_specified,E1215,https://www.nso.gov.vn/en/px-web?pxid=E1215&theme=Transport%2C%20Postal%20Services%20and%20Telecommunications,source_reported_unharmonized
e1215_c9b3c38247,trade_services,Volume of freight transported by province(*),Total,VN_SRC_DANANG,Da Nang,2003,annual,10583.4,Thous. tons,not_specified,E1215,https://www.nso.gov.vn/en/px-web?pxid=E1215&theme=Transport%2C%20Postal%20Services%20and%20Telecommunications,source_reported_unharmonized
e1215_c9b3c38247,trade_services,Volume of freight transported by province(*),Total,VN_SRC_DANANG,Da Nang,2004,annual,14582.9,Thous. tons,not_specified,E1215,https://www.nso.gov.vn/en/px-web?pxid=E1215&theme=Transport%2C%20Postal%20Services%20and%20Telecommunications,source_reported_unharmonized
e1215_c9b3c38247,trade_services,Volume of freight transported by province(*),Total,VN_SRC_DANANG,Da Nang,2005,annual,14914.0,Thous. tons,not_specified,E1215,https://www.nso.gov.vn/en/px-web?pxid=E1215&theme=Transport%2C%20Postal%20Services%20and%20Telecommunications,source_reported_unharmonized
e1215_c9b3c38247,trade_services,Volume of freight transported by province(*),Total,VN_SRC_DANANG,Da Nang,2006,annual,15688.3,Thous. tons,not_specified,E1215,https://www.nso.gov.vn/en/px-web?pxid=E1215&theme=Transport%2C%20Postal%20Services%20and%20Telecommunications,source_reported_unharmonized
e1215_c9b3c38247,trade_services,Volume of freight transported by province(*),Total,VN_SRC_DANANG,Da Nang,2007,annual,15018.0,Thous. tons,not_specified,E1215,https://www.nso.gov.vn/en/px-web?pxid=E1215&theme=Transport%2C%20Postal%20Services%20and%20Telecommunications,source_reported_unharmonized
e1215_c9b3c38247,trade_services,Volume of freight transported by province(*),Total,VN_SRC_DANANG,Da Nang,2008,annual,16161.5,Thous. tons,not_specified,E1215,https://www.nso.gov.vn/en/px-web?pxid=E1215&theme=Transport%2C%20Postal%20Services%20and%20Telecommunications,source_reported_unharmonized
e1215_c9b3c38247,trade_services,Volume of freight transported by province(*),Total,VN_SRC_DANANG,Da Nang,2009,annual,17666.0,Thous. tons,not_specified,E1215,https://www.nso.gov.vn/en/px-web?pxid=E1215&theme=Transport%2C%20Postal%20Services%20and%20Telecommunications,source_reported_unharmonized
e1215_c9b3c38247,trade_services,Volume of freight transported by province(*),Total,VN_SRC_DANANG,Da Nang,2010,annual,19190.6,Thous. tons,not_specified,E1215,https://www.nso.gov.vn/en/px-web?pxid=E1215&theme=Transport%2C%20Postal%20Services%20and%20Telecommunications,source_reported_unharmonized
e1215_c9b3c38247,trade_services,Volume of freight transported by province(*),Total,VN_SRC_DANANG,Da Nang,2011,annual,22156.9,Thous. tons,not_specified,E1215,https://www.nso.gov.vn/en/px-web?pxid=E1215&theme=Transport%2C%20Postal%20Services%20and%20Telecommunications,source_reported_unharmonized
e1215_c9b3c38247,trade_services,Volume of freight transported by province(*),Total,VN_SRC_DANANG,Da Nang,2012,annual,25077.0,Thous. tons,not_specified,E1215,https://www.nso.gov.vn/en/px-web?pxid=E1215&theme=Transport%2C%20Postal%20Services%20and%20Telecommunications,source_reported_unharmonized
e1215_c9b3c38247,trade_services,Volume of freight transported by province(*),Total,VN_SRC_DANANG,Da Nang,2013,annual,25391.3,Thous. tons,not_specified,E1215,https://www.nso.gov.vn/en/px-web?pxid=E1215&theme=Transport%2C%20Postal%20Services%20and%20Telecommunications,source_reported_unharmonized
e1215_c9b3c38247,trade_services,Volume of freight transported by province(*),Total,VN_SRC_DANANG,Da Nang,2014,annual,27045.0,Thous. tons,not_specified,E1215,https://www.nso.gov.vn/en/px-web?pxid=E1215&theme=Transport%2C%20Postal%20Services%20and%20Telecommunications,source_reported_unharmonized
e1215_c9b3c38247,trade_services,Volume of freight transported by province(*),Total,VN_SRC_DANANG,Da Nang,2015,annual,27718.1,Thous. tons,not_specified,E1215,https://www.nso.gov.vn/en/px-web?pxid=E1215&theme=Transport%2C%20Postal%20Services%20and%20Telecommunications,source_reported_unharmonized
e1215_c9b3c38247,trade_services,Volume of freight transported by province(*),Total,VN_SRC_DANANG,Da Nang,2016,annual,28827.8,Thous. tons,not_specified,E1215,https://www.nso.gov.vn/en/px-web?pxid=E1215&theme=Transport%2C%20Postal%20Services%20and%20Telecommunications,source_reported_unharmonized
e1215_c9b3c38247,trade_services,Volume of freight transported by province(*),Total,VN_SRC_DANANG,Da Nang,2017,annual,33122.0,Thous. tons,not_specified,E1215,https://www.nso.gov.vn/en/px-web?pxid=E1215&theme=Transport%2C%20Postal%20Services%20and%20Telecommunications,source_reported_unharmonized
e1215_c9b3c38247,trade_services,Volume of freight transported by province(*),Total,VN_SRC_DANANG,Da Nang,2018,annual,33988.2,Thous. tons,not_specified,E1215,https://www.nso.gov.vn/en/px-web?pxid=E1215&theme=Transport%2C%20Postal%20Services%20and%20Telecommunications,source_reported_unharmonized
e1215_c9b3c38247,trade_services,Volume of freight transported by province(*),Total,VN_SRC_DANANG,Da Nang,2019,annual,35569.2,Thous. tons,not_specified,E1215,https://www.nso.gov.vn/en/px-web?pxid=E1215&theme=Transport%2C%20Postal%20Services%20and%20Telecommunications,source_reported_unharmonized
e1215_c9b3c38247,trade_services,Volume of freight transported by province(*),Total,VN_SRC_DANANG,Da Nang,2020,annual,31024.1,Thous. tons,not_specified,E1215,https://www.nso.gov.vn/en/px-web?pxid=E1215&theme=Transport%2C%20Postal%20Services%20and%20Telecommunications,source_reported_unharmonized
e1215_c9b3c38247,trade_services,Volume of freight transported by province(*),Total,VN_SRC_DANANG,Da Nang,2021,annual,30448.6,Thous. tons,not_specified,E1215,https://www.nso.gov.vn/en/px-web?pxid=E1215&theme=Transport%2C%20Postal%20Services%20and%20Telecommunications,source_reported_unharmonized
e1215_c9b3c38247,trade_services,Volume of freight transported by province(*),Total,VN_SRC_DANANG,Da Nang,2022,annual,31949.7,Thous. tons,not_specified,E1215,https://www.nso.gov.vn/en/px-web?pxid=E1215&theme=Transport%2C%20Postal%20Services%20and%20Telecommunications,source_reported_unharmonized
e1215_c9b3c38247,trade_services,Volume of freight transported by province(*),Total,VN_SRC_DANANG,Da Nang,2023,annual,46018.9,Thous. tons,not_specified,E1215,https://www.nso.gov.vn/en/px-web?pxid=E1215&theme=Transport%2C%20Postal%20Services%20and%20Telecommunications,source_reported_unharmonized
e1215_c9b3c38247,trade_services,Volume of freight transported by province(*),Total,VN_SRC_DANANG,Da Nang,2024,annual,53552.1,Thous. tons,not_specified,E1215,https://www.nso.gov.vn/en/px-web?pxid=E1215&theme=Transport%2C%20Postal%20Services%20and%20Telecommunications,source_reported_unharmonized
e1215_c9b3c38247,trade_services,Volume of freight transported by province(*),Total,VN_SRC_DANANG,Da Nang,2025,annual,56834.9,Thous. tons,preliminary,E1215,https://www.nso.gov.vn/en/px-web?pxid=E1215&theme=Transport%2C%20Postal%20Services%20and%20Telecommunications,source_reported_unharmonized
e1215_c9b3c38247,trade_services,Volume of freight transported by province(*),Total,VN_SRC_QUANGNAM,Quang Nam,2000,annual,1618.0,Thous. tons,not_specified,E1215,https://www.nso.gov.vn/en/px-web?pxid=E1215&theme=Transport%2C%20Postal%20Services%20and%20Telecommunications,source_reported_unharmonized
e1215_c9b3c38247,trade_services,Volume of freight transported by province(*),Total,VN_SRC_QUANGNAM,Quang Nam,2001,annual,1865.0,Thous. tons,not_specified,E1215,https://www.nso.gov.vn/en/px-web?pxid=E1215&theme=Transport%2C%20Postal%20Services%20and%20Telecommunications,source_reported_unharmonized
e1215_c9b3c38247,trade_services,Volume of freight transported by province(*),Total,VN_SRC_QUANGNAM,Quang Nam,2002,annual,2125.0,Thous. tons,not_specified,E1215,https://www.nso.gov.vn/en/px-web?pxid=E1215&theme=Transport%2C%20Postal%20Services%20and%20Telecommunications,source_reported_unharmonized
e1215_c9b3c38247,trade_services,Volume of freight transported by province(*),Total,VN_SRC_QUANGNAM,Quang Nam,2003,annual,2453.0,Thous. tons,not_specified,E1215,https://www.nso.gov.vn/en/px-web?pxid=E1215&theme=Transport%2C%20Postal%20Services%20and%20Telecommunications,source_reported_unharmonized
e1215_c9b3c38247,trade_services,Volume of freight transported by province(*),Total,VN_SRC_QUANGNAM,Quang Nam,2004,annual,2094.5,Thous. tons,not_specified,E1215,https://www.nso.gov.vn/en/px-web?pxid=E1215&theme=Transport%2C%20Postal%20Services%20and%20Telecommunications,source_reported_unharmonized
e1215_c9b3c38247,trade_services,Volume of freight transported by province(*),Total,VN_SRC_QUANGNAM,Quang Nam,2005,annual,3247.0,Thous. tons,not_specified,E1215,https://www.nso.gov.vn/en/px-web?pxid=E1215&theme=Transport%2C%20Postal%20Services%20and%20Telecommunications,source_reported_unharmonized
e1215_c9b3c38247,trade_services,Volume of freight transported by province(*),Total,VN_SRC_QUANGNAM,Quang Nam,2006,annual,3688.6,Thous. tons,not_specified,E1215,https://www.nso.gov.vn/en/px-web?pxid=E1215&theme=Transport%2C%20Postal%20Services%20and%20Telecommunications,source_reported_unharmonized
e1215_c9b3c38247,trade_services,Volume of freight transported by province(*),Total,VN_SRC_QUANGNAM,Quang Nam,2007,annual,4427.0,Thous. tons,not_specified,E1215,https://www.nso.gov.vn/en/px-web?pxid=E1215&theme=Transport%2C%20Postal%20Services%20and%20Telecommunications,source_reported_unharmonized
e1215_c9b3c38247,trade_services,Volume of freight transported by province(*),Total,VN_SRC_QUANGNAM,Quang Nam,2008,annual,4756.0,Thous. tons,not_specified,E1215,https://www.nso.gov.vn/en/px-web?pxid=E1215&theme=Transport%2C%20Postal%20Services%20and%20Telecommunications,source_reported_unharmonized
e1215_c9b3c38247,trade_services,Volume of freight transported by province(*),Total,VN_SRC_QUANGNAM,Quang Nam,2009,annual,5567.0,Thous. tons,not_specified,E1215,https://www.nso.gov.vn/en/px-web?pxid=E1215&theme=Transport%2C%20Postal%20Services%20and%20Telecommunications,source_reported_unharmonized
e1215_c9b3c38247,trade_services,Volume of freight transported by province(*),Total,VN_SRC_QUANGNAM,Quang Nam,2010,annual,6637.5,Thous. tons,not_specified,E1215,https://www.nso.gov.vn/en/px-web?pxid=E1215&theme=Transport%2C%20Postal%20Services%20and%20Telecommunications,source_reported_unharmonized
e1215_c9b3c38247,trade_services,Volume of freight transported by province(*),Total,VN_SRC_QUANGNAM,Quang Nam,2011,annual,7654.8,Thous. tons,not_specified,E1215,https://www.nso.gov.vn/en/px-web?pxid=E1215&theme=Transport%2C%20Postal%20Services%20and%20Telecommunications,source_reported_unharmonized
e1215_c9b3c38247,trade_services,Volume of freight transported by province(*),Total,VN_SRC_QUANGNAM,Quang Nam,2012,annual,7414.6,Thous. tons,not_specified,E1215,https://www.nso.gov.vn/en/px-web?pxid=E1215&theme=Transport%2C%20Postal%20Services%20and%20Telecommunications,source_reported_unharmonized
e1215_c9b3c38247,trade_services,Volume of freight transported by province(*),Total,VN_SRC_QUANGNAM,Quang Nam,2013,annual,11865.9,Thous. tons,not_specified,E1215,https://www.nso.gov.vn/en/px-web?pxid=E1215&theme=Transport%2C%20Postal%20Services%20and%20Telecommunications,source_reported_unharmonized
e1215_c9b3c38247,trade_services,Volume of freight transported by province(*),Total,VN_SRC_QUANGNAM,Quang Nam,2014,annual,12496.3,Thous. tons,not_specified,E1215,https://www.nso.gov.vn/en/px-web?pxid=E1215&theme=Transport%2C%20Postal%20Services%20and%20Telecommunications,source_reported_unharmonized
e1215_c9b3c38247,trade_services,Volume of freight transported by province(*),Total,VN_SRC_QUANGNAM,Quang Nam,2015,annual,9848.4,Thous. tons,not_specified,E1215,https://www.nso.gov.vn/en/px-web?pxid=E1215&theme=Transport%2C%20Postal%20Services%20and%20Telecommunications,source_reported_unharmonized
e1215_c9b3c38247,trade_services,Volume of freight transported by province(*),Total,VN_SRC_QUANGNAM,Quang Nam,2016,annual,14807.4,Thous. tons,not_specified,E1215,https://www.nso.gov.vn/en/px-web?pxid=E1215&theme=Transport%2C%20Postal%20Services%20and%20Telecommunications,source_reported_unharmonized
e1215_c9b3c38247,trade_services,Volume of freight transported by province(*),Total,VN_SRC_QUANGNAM,Quang Nam,2017,annual,16966.2,Thous. tons,not_specified,E1215,https://www.nso.gov.vn/en/px-web?pxid=E1215&theme=Transport%2C%20Postal%20Services%20and%20Telecommunications,source_reported_unharmonized
e1215_c9b3c38247,trade_services,Volume of freight transported by province(*),Total,VN_SRC_QUANGNAM,Quang Nam,2018,annual,17944.3,Thous. tons,not_specified,E1215,https://www.nso.gov.vn/en/px-web?pxid=E1215&theme=Transport%2C%20Postal%20Services%20and%20Telecommunications,source_reported_unharmonized
e1215_c9b3c38247,trade_services,Volume of freight transported by province(*),Total,VN_SRC_QUANGNAM,Quang Nam,2019,annual,19121.7,Thous. tons,not_specified,E1215,https://www.nso.gov.vn/en/px-web?pxid=E1215&theme=Transport%2C%20Postal%20Services%20and%20Telecommunications,source_reported_unharmonized
e1215_c9b3c38247,trade_services,Volume of freight transported by province(*),Total,VN_SRC_QUANGNAM,Quang Nam,2020,annual,14147.9,Thous. tons,not_specified,E1215,https://www.nso.gov.vn/en/px-web?pxid=E1215&theme=Transport%2C%20Postal%20Services%20and%20Telecommunications,source_reported_unharmonized
e1215_c9b3c38247,trade_services,Volume of freight transported by province(*),Total,VN_SRC_QUANGNAM,Quang Nam,2021,annual,15785.7,Thous. tons,not_specified,E1215,https://www.nso.gov.vn/en/px-web?pxid=E1215&theme=Transport%2C%20Postal%20Services%20and%20Telecommunications,source_reported_unharmonized
e1215_c9b3c38247,trade_services,Volume of freight transported by province(*),Total,VN_SRC_QUANGNAM,Quang Nam,2022,annual,17140.8,Thous. tons,not_specified,E1215,https://www.nso.gov.vn/en/px-web?pxid=E1215&theme=Transport%2C%20Postal%20Services%20and%20Telecommunications,source_reported_unharmonized
e1215_c9b3c38247,trade_services,Volume of freight transported by province(*),Total,VN_SRC_QUANGNAM,Quang Nam,2023,annual,21939.3,Thous. tons,not_specified,E1215,https://www.nso.gov.vn/en/px-web?pxid=E1215&theme=Transport%2C%20Postal%20Services%20and%20Telecommunications,source_reported_unharmonized
e1215_c9b3c38247,trade_services,Volume of freight transported by province(*),Total,VN_SRC_QUANGNAM,Quang Nam,2024,annual,24111.9,Thous. tons,not_specified,E1215,https://www.nso.gov.vn/en/px-web?pxid=E1215&theme=Transport%2C%20Postal%20Services%20and%20Telecommunications,source_reported_unharmonized
e1215_c9b3c38247,trade_services,Volume of freight transported by province(*),Total,VN_SRC_QUANGNAM,Quang Nam,2025,annual,22382.7,Thous. tons,preliminary,E1215,https://www.nso.gov.vn/en/px-web?pxid=E1215&theme=Transport%2C%20Postal%20Services%20and%20Telecommunications,source_reported_unharmonized
e1215_c9b3c38247,trade_services,Volume of freight transported by province(*),Total,VN_SRC_QUANGNGAI,Quang Ngai,2000,annual,742.0,Thous. tons,not_specified,E1215,https://www.nso.gov.vn/en/px-web?pxid=E1215&theme=Transport%2C%20Postal%20Services%20and%20Telecommunications,source_reported_unharmonized
e1215_c9b3c38247,trade_services,Volume of freight transported by province(*),Total,VN_SRC_QUANGNGAI,Quang Ngai,2001,annual,865.0,Thous. tons,not_specified,E1215,https://www.nso.gov.vn/en/px-web?pxid=E1215&theme=Transport%2C%20Postal%20Services%20and%20Telecommunications,source_reported_unharmonized
e1215_c9b3c38247,trade_services,Volume of freight transported by province(*),Total,VN_SRC_QUANGNGAI,Quang Ngai,2002,annual,938.0,Thous. tons,not_specified,E1215,https://www.nso.gov.vn/en/px-web?pxid=E1215&theme=Transport%2C%20Postal%20Services%20and%20Telecommunications,source_reported_unharmonized
e1215_c9b3c38247,trade_services,Volume of freight transported by province(*),Total,VN_SRC_QUANGNGAI,Quang Ngai,2003,annual,950.0,Thous. tons,not_specified,E1215,https://www.nso.gov.vn/en/px-web?pxid=E1215&theme=Transport%2C%20Postal%20Services%20and%20Telecommunications,source_reported_unharmonized
e1215_c9b3c38247,trade_services,Volume of freight transported by province(*),Total,VN_SRC_QUANGNGAI,Quang Ngai,2004,annual,1048.0,Thous. tons,not_specified,E1215,https://www.nso.gov.vn/en/px-web?pxid=E1215&theme=Transport%2C%20Postal%20Services%20and%20Telecommunications,source_reported_unharmonized
e1215_c9b3c38247,trade_services,Volume of freight transported by province(*),Total,VN_SRC_QUANGNGAI,Quang Ngai,2005,annual,1146.0,Thous. tons,not_specified,E1215,https://www.nso.gov.vn/en/px-web?pxid=E1215&theme=Transport%2C%20Postal%20Services%20and%20Telecommunications,source_reported_unharmonized
e1215_c9b3c38247,trade_services,Volume of freight transported by province(*),Total,VN_SRC_QUANGNGAI,Quang Ngai,2006,annual,2040.0,Thous. tons,not_specified,E1215,https://www.nso.gov.vn/en/px-web?pxid=E1215&theme=Transport%2C%20Postal%20Services%20and%20Telecommunications,source_reported_unharmonized
e1215_c9b3c38247,trade_services,Volume of freight transported by province(*),Total,VN_SRC_QUANGNGAI,Quang Ngai,2007,annual,2694.0,Thous. tons,not_specified,E1215,https://www.nso.gov.vn/en/px-web?pxid=E1215&theme=Transport%2C%20Postal%20Services%20and%20Telecommunications,source_reported_unharmonized
e1215_c9b3c38247,trade_services,Volume of freight transported by province(*),Total,VN_SRC_QUANGNGAI,Quang Ngai,2008,annual,2645.0,Thous. tons,not_specified,E1215,https://www.nso.gov.vn/en/px-web?pxid=E1215&theme=Transport%2C%20Postal%20Services%20and%20Telecommunications,source_reported_unharmonized
e1215_c9b3c38247,trade_services,Volume of freight transported by province(*),Total,VN_SRC_QUANGNGAI,Quang Ngai,2009,annual,3028.0,Thous. tons,not_specified,E1215,https://www.nso.gov.vn/en/px-web?pxid=E1215&theme=Transport%2C%20Postal%20Services%20and%20Telecommunications,source_reported_unharmonized
e1215_c9b3c38247,trade_services,Volume of freight transported by province(*),Total,VN_SRC_QUANGNGAI,Quang Ngai,2010,annual,3185.2,Thous. tons,not_specified,E1215,https://www.nso.gov.vn/en/px-web?pxid=E1215&theme=Transport%2C%20Postal%20Services%20and%20Telecommunications,source_reported_unharmonized
e1215_c9b3c38247,trade_services,Volume of freight transported by province(*),Total,VN_SRC_QUANGNGAI,Quang Ngai,2011,annual,5505.9,Thous. tons,not_specified,E1215,https://www.nso.gov.vn/en/px-web?pxid=E1215&theme=Transport%2C%20Postal%20Services%20and%20Telecommunications,source_reported_unharmonized
e1215_c9b3c38247,trade_services,Volume of freight transported by province(*),Total,VN_SRC_QUANGNGAI,Quang Ngai,2012,annual,6716.5,Thous. tons,not_specified,E1215,https://www.nso.gov.vn/en/px-web?pxid=E1215&theme=Transport%2C%20Postal%20Services%20and%20Telecommunications,source_reported_unharmonized
e1215_c9b3c38247,trade_services,Volume of freight transported by province(*),Total,VN_SRC_QUANGNGAI,Quang Ngai,2013,annual,6737.4,Thous. tons,not_specified,E1215,https://www.nso.gov.vn/en/px-web?pxid=E1215&theme=Transport%2C%20Postal%20Services%20and%20Telecommunications,source_reported_unharmonized
e1215_c9b3c38247,trade_services,Volume of freight transported by province(*),Total,VN_SRC_QUANGNGAI,Quang Ngai,2014,annual,7203.2,Thous. tons,not_specified,E1215,https://www.nso.gov.vn/en/px-web?pxid=E1215&theme=Transport%2C%20Postal%20Services%20and%20Telecommunications,source_reported_unharmonized
e1215_c9b3c38247,trade_services,Volume of freight transported by province(*),Total,VN_SRC_QUANGNGAI,Quang Ngai,2015,annual,8307.7,Thous. tons,not_specified,E1215,https://www.nso.gov.vn/en/px-web?pxid=E1215&theme=Transport%2C%20Postal%20Services%20and%20Telecommunications,source_reported_unharmonized
e1215_c9b3c38247,trade_services,Volume of freight transported by province(*),Total,VN_SRC_QUANGNGAI,Quang Ngai,2016,annual,9034.1,Thous. tons,not_specified,E1215,https://www.nso.gov.vn/en/px-web?pxid=E1215&theme=Transport%2C%20Postal%20Services%20and%20Telecommunications,source_reported_unharmonized
e1215_c9b3c38247,trade_services,Volume of freight transported by province(*),Total,VN_SRC_QUANGNGAI,Quang Ngai,2017,annual,11479.0,Thous. tons,not_specified,E1215,https://www.nso.gov.vn/en/px-web?pxid=E1215&theme=Transport%2C%20Postal%20Services%20and%20Telecommunications,source_reported_unharmonized
e1215_c9b3c38247,trade_services,Volume of freight transported by province(*),Total,VN_SRC_QUANGNGAI,Quang Ngai,2018,annual,12629.0,Thous. tons,not_specified,E1215,https://www.nso.gov.vn/en/px-web?pxid=E1215&theme=Transport%2C%20Postal%20Services%20and%20Telecommunications,source_reported_unharmonized
e1215_c9b3c38247,trade_services,Volume of freight transported by province(*),Total,VN_SRC_QUANGNGAI,Quang Ngai,2019,annual,13866.7,Thous. tons,not_specified,E1215,https://www.nso.gov.vn/en/px-web?pxid=E1215&theme=Transport%2C%20Postal%20Services%20and%20Telecommunications,source_reported_unharmonized
e1215_c9b3c38247,trade_services,Volume of freight transported by province(*),Total,VN_SRC_QUANGNGAI,Quang Ngai,2020,annual,10726.7,Thous. tons,not_specified,E1215,https://www.nso.gov.vn/en/px-web?pxid=E1215&theme=Transport%2C%20Postal%20Services%20and%20Telecommunications,source_reported_unharmonized
e1215_c9b3c38247,trade_services,Volume of freight transported by province(*),Total,VN_SRC_QUANGNGAI,Quang Ngai,2021,annual,10026.9,Thous. tons,not_specified,E1215,https://www.nso.gov.vn/en/px-web?pxid=E1215&theme=Transport%2C%20Postal%20Services%20and%20Telecommunications,source_reported_unharmonized
e1215_c9b3c38247,trade_services,Volume of freight transported by province(*),Total,VN_SRC_QUANGNGAI,Quang Ngai,2022,annual,13790.6,Thous. tons,not_specified,E1215,https://www.nso.gov.vn/en/px-web?pxid=E1215&theme=Transport%2C%20Postal%20Services%20and%20Telecommunications,source_reported_unharmonized
e1215_c9b3c38247,trade_services,Volume of freight transported by province(*),Total,VN_SRC_QUANGNGAI,Quang Ngai,2023,annual,16536.4,Thous. tons,not_specified,E1215,https://www.nso.gov.vn/en/px-web?pxid=E1215&theme=Transport%2C%20Postal%20Services%20and%20Telecommunications,source_reported_unharmonized
e1215_c9b3c38247,trade_services,Volume of freight transported by province(*),Total,VN_SRC_QUANGNGAI,Quang Ngai,2024,annual,17683.7,Thous. tons,not_specified,E1215,https://www.nso.gov.vn/en/px-web?pxid=E1215&theme=Transport%2C%20Postal%20Services%20and%20Telecommunications,source_reported_unharmonized
e1215_c9b3c38247,trade_services,Volume of freight transported by province(*),Total,VN_SRC_QUANGNGAI,Quang Ngai,2025,annual,21915.0,Thous. tons,preliminary,E1215,https://www.nso.gov.vn/en/px-web?pxid=E1215&theme=Transport%2C%20Postal%20Services%20and%20Telecommunications,source_reported_unharmonized
e1215_c9b3c38247,trade_services,Volume of freight transported by province(*),Total,VN_SRC_BINHDINH,Binh Dinh,2000,annual,1421.0,Thous. tons,not_specified,E1215,https://www.nso.gov.vn/en/px-web?pxid=E1215&theme=Transport%2C%20Postal%20Services%20and%20Telecommunications,source_reported_unharmonized
e1215_c9b3c38247,trade_services,Volume of freight transported by province(*),Total,VN_SRC_BINHDINH,Binh Dinh,2001,annual,1474.0,Thous. tons,not_specified,E1215,https://www.nso.gov.vn/en/px-web?pxid=E1215&theme=Transport%2C%20Postal%20Services%20and%20Telecommunications,source_reported_unharmonized
e1215_c9b3c38247,trade_services,Volume of freight transported by province(*),Total,VN_SRC_BINHDINH,Binh Dinh,2002,annual,2051.0,Thous. tons,not_specified,E1215,https://www.nso.gov.vn/en/px-web?pxid=E1215&theme=Transport%2C%20Postal%20Services%20and%20Telecommunications,source_reported_unharmonized
e1215_c9b3c38247,trade_services,Volume of freight transported by province(*),Total,VN_SRC_BINHDINH,Binh Dinh,2003,annual,3132.0,Thous. tons,not_specified,E1215,https://www.nso.gov.vn/en/px-web?pxid=E1215&theme=Transport%2C%20Postal%20Services%20and%20Telecommunications,source_reported_unharmonized
e1215_c9b3c38247,trade_services,Volume of freight transported by province(*),Total,VN_SRC_BINHDINH,Binh Dinh,2004,annual,4571.2,Thous. tons,not_specified,E1215,https://www.nso.gov.vn/en/px-web?pxid=E1215&theme=Transport%2C%20Postal%20Services%20and%20Telecommunications,source_reported_unharmonized
e1215_c9b3c38247,trade_services,Volume of freight transported by province(*),Total,VN_SRC_BINHDINH,Binh Dinh,2005,annual,5813.0,Thous. tons,not_specified,E1215,https://www.nso.gov.vn/en/px-web?pxid=E1215&theme=Transport%2C%20Postal%20Services%20and%20Telecommunications,source_reported_unharmonized
e1215_c9b3c38247,trade_services,Volume of freight transported by province(*),Total,VN_SRC_BINHDINH,Binh Dinh,2006,annual,6581.0,Thous. tons,not_specified,E1215,https://www.nso.gov.vn/en/px-web?pxid=E1215&theme=Transport%2C%20Postal%20Services%20and%20Telecommunications,source_reported_unharmonized
e1215_c9b3c38247,trade_services,Volume of freight transported by province(*),Total,VN_SRC_BINHDINH,Binh Dinh,2007,annual,6997.0,Thous. tons,not_specified,E1215,https://www.nso.gov.vn/en/px-web?pxid=E1215&theme=Transport%2C%20Postal%20Services%20and%20Telecommunications,source_reported_unharmonized
e1215_c9b3c38247,trade_services,Volume of freight transported by province(*),Total,VN_SRC_BINHDINH,Binh Dinh,2008,annual,7342.0,Thous. tons,not_specified,E1215,https://www.nso.gov.vn/en/px-web?pxid=E1215&theme=Transport%2C%20Postal%20Services%20and%20Telecommunications,source_reported_unharmonized
e1215_c9b3c38247,trade_services,Volume of freight transported by province(*),Total,VN_SRC_BINHDINH,Binh Dinh,2009,annual,8080.0,Thous. tons,not_specified,E1215,https://www.nso.gov.vn/en/px-web?pxid=E1215&theme=Transport%2C%20Postal%20Services%20and%20Telecommunications,source_reported_unharmonized
e1215_c9b3c38247,trade_services,Volume of freight transported by province(*),Total,VN_SRC_BINHDINH,Binh Dinh,2010,annual,9049.2,Thous. tons,not_specified,E1215,https://www.nso.gov.vn/en/px-web?pxid=E1215&theme=Transport%2C%20Postal%20Services%20and%20Telecommunications,source_reported_unharmonized
e1215_c9b3c38247,trade_services,Volume of freight transported by province(*),Total,VN_SRC_BINHDINH,Binh Dinh,2011,annual,10265.6,Thous. tons,not_specified,E1215,https://www.nso.gov.vn/en/px-web?pxid=E1215&theme=Transport%2C%20Postal%20Services%20and%20Telecommunications,source_reported_unharmonized
e1215_c9b3c38247,trade_services,Volume of freight transported by province(*),Total,VN_SRC_BINHDINH,Binh Dinh,2012,annual,9574.3,Thous. tons,not_specified,E1215,https://www.nso.gov.vn/en/px-web?pxid=E1215&theme=Transport%2C%20Postal%20Services%20and%20Telecommunications,source_reported_unharmonized
e1215_c9b3c38247,trade_services,Volume of freight transported by province(*),Total,VN_SRC_BINHDINH,Binh Dinh,2013,annual,12230.1,Thous. tons,not_specified,E1215,https://www.nso.gov.vn/en/px-web?pxid=E1215&theme=Transport%2C%20Postal%20Services%20and%20Telecommunications,source_reported_unharmonized
e1215_c9b3c38247,trade_services,Volume of freight transported by province(*),Total,VN_SRC_BINHDINH,Binh Dinh,2014,annual,12812.0,Thous. tons,not_specified,E1215,https://www.nso.gov.vn/en/px-web?pxid=E1215&theme=Transport%2C%20Postal%20Services%20and%20Telecommunications,source_reported_unharmonized
e1215_c9b3c38247,trade_services,Volume of freight transported by province(*),Total,VN_SRC_BINHDINH,Binh Dinh,2015,annual,14860.2,Thous. tons,not_specified,E1215,https://www.nso.gov.vn/en/px-web?pxid=E1215&theme=Transport%2C%20Postal%20Services%20and%20Telecommunications,source_reported_unharmonized
e1215_c9b3c38247,trade_services,Volume of freight transported by province(*),Total,VN_SRC_BINHDINH,Binh Dinh,2016,annual,16876.8,Thous. tons,not_specified,E1215,https://www.nso.gov.vn/en/px-web?pxid=E1215&theme=Transport%2C%20Postal%20Services%20and%20Telecommunications,source_reported_unharmonized
e1215_c9b3c38247,trade_services,Volume of freight transported by province(*),Total,VN_SRC_BINHDINH,Binh Dinh,2017,annual,17115.1,Thous. tons,not_specified,E1215,https://www.nso.gov.vn/en/px-web?pxid=E1215&theme=Transport%2C%20Postal%20Services%20and%20Telecommunications,source_reported_unharmonized
e1215_c9b3c38247,trade_services,Volume of freight transported by province(*),Total,VN_SRC_BINHDINH,Binh Dinh,2018,annual,20084.1,Thous. tons,not_specified,E1215,https://www.nso.gov.vn/en/px-web?pxid=E1215&theme=Transport%2C%20Postal%20Services%20and%20Telecommunications,source_reported_unharmonized
e1215_c9b3c38247,trade_services,Volume of freight transported by province(*),Total,VN_SRC_BINHDINH,Binh Dinh,2019,annual,23917.5,Thous. tons,not_specified,E1215,https://www.nso.gov.vn/en/px-web?pxid=E1215&theme=Transport%2C%20Postal%20Services%20and%20Telecommunications,source_reported_unharmonized
e1215_c9b3c38247,trade_services,Volume of freight transported by province(*),Total,VN_SRC_BINHDINH,Binh Dinh,2020,annual,25014.6,Thous. tons,not_specified,E1215,https://www.nso.gov.vn/en/px-web?pxid=E1215&theme=Transport%2C%20Postal%20Services%20and%20Telecommunications,source_reported_unharmonized
e1215_c9b3c38247,trade_services,Volume of freight transported by province(*),Total,VN_SRC_BINHDINH,Binh Dinh,2021,annual,25501.7,Thous. tons,not_specified,E1215,https://www.nso.gov.vn/en/px-web?pxid=E1215&theme=Transport%2C%20Postal%20Services%20and%20Telecommunications,source_reported_unharmonized
e1215_c9b3c38247,trade_services,Volume of freight transported by province(*),Total,VN_SRC_BINHDINH,Binh Dinh,2022,annual,30920.7,Thous. tons,not_specified,E1215,https://www.nso.gov.vn/en/px-web?pxid=E1215&theme=Transport%2C%20Postal%20Services%20and%20Telecommunications,source_reported_unharmonized
e1215_c9b3c38247,trade_services,Volume of freight transported by province(*),Total,VN_SRC_BINHDINH,Binh Dinh,2023,annual,32720.3,Thous. tons,not_specified,E1215,https://www.nso.gov.vn/en/px-web?pxid=E1215&theme=Transport%2C%20Postal%20Services%20and%20Telecommunications,source_reported_unharmonized
e1215_c9b3c38247,trade_services,Volume of freight transported by province(*),Total,VN_SRC_BINHDINH,Binh Dinh,2024,annual,36195.7,Thous. tons,not_specified,E1215,https://www.nso.gov.vn/en/px-web?pxid=E1215&theme=Transport%2C%20Postal%20Services%20and%20Telecommunications,source_reported_unharmonized
e1215_c9b3c38247,trade_services,Volume of freight transported by province(*),Total,VN_SRC_BINHDINH,Binh Dinh,2025,annual,41042.6,Thous. tons,preliminary,E1215,https://www.nso.gov.vn/en/px-web?pxid=E1215&theme=Transport%2C%20Postal%20Services%20and%20Telecommunications,source_reported_unharmonized
e1215_c9b3c38247,trade_services,Volume of freight transported by province(*),Total,VN_SRC_PHUYEN,Phu Yen,2000,annual,2921.0,Thous. tons,not_specified,E1215,https://www.nso.gov.vn/en/px-web?pxid=E1215&theme=Transport%2C%20Postal%20Services%20and%20Telecommunications,source_reported_unharmonized
e1215_c9b3c38247,trade_services,Volume of freight transported by province(*),Total,VN_SRC_PHUYEN,Phu Yen,2001,annual,3015.0,Thous. tons,not_specified,E1215,https://www.nso.gov.vn/en/px-web?pxid=E1215&theme=Transport%2C%20Postal%20Services%20and%20Telecommunications,source_reported_unharmonized
e1215_c9b3c38247,trade_services,Volume of freight transported by province(*),Total,VN_SRC_PHUYEN,Phu Yen,2002,annual,3141.0,Thous. tons,not_specified,E1215,https://www.nso.gov.vn/en/px-web?pxid=E1215&theme=Transport%2C%20Postal%20Services%20and%20Telecommunications,source_reported_unharmonized
e1215_c9b3c38247,trade_services,Volume of freight transported by province(*),Total,VN_SRC_PHUYEN,Phu Yen,2003,annual,3323.0,Thous. tons,not_specified,E1215,https://www.nso.gov.vn/en/px-web?pxid=E1215&theme=Transport%2C%20Postal%20Services%20and%20Telecommunications,source_reported_unharmonized
e1215_c9b3c38247,trade_services,Volume of freight transported by province(*),Total,VN_SRC_PHUYEN,Phu Yen,2004,annual,3613.0,Thous. tons,not_specified,E1215,https://www.nso.gov.vn/en/px-web?pxid=E1215&theme=Transport%2C%20Postal%20Services%20and%20Telecommunications,source_reported_unharmonized
e1215_c9b3c38247,trade_services,Volume of freight transported by province(*),Total,VN_SRC_PHUYEN,Phu Yen,2005,annual,3943.0,Thous. tons,not_specified,E1215,https://www.nso.gov.vn/en/px-web?pxid=E1215&theme=Transport%2C%20Postal%20Services%20and%20Telecommunications,source_reported_unharmonized
e1215_c9b3c38247,trade_services,Volume of freight transported by province(*),Total,VN_SRC_PHUYEN,Phu Yen,2006,annual,4524.0,Thous. tons,not_specified,E1215,https://www.nso.gov.vn/en/px-web?pxid=E1215&theme=Transport%2C%20Postal%20Services%20and%20Telecommunications,source_reported_unharmonized
e1215_c9b3c38247,trade_services,Volume of freight transported by province(*),Total,VN_SRC_PHUYEN,Phu Yen,2007,annual,4899.0,Thous. tons,not_specified,E1215,https://www.nso.gov.vn/en/px-web?pxid=E1215&theme=Transport%2C%20Postal%20Services%20and%20Telecommunications,source_reported_unharmonized
e1215_c9b3c38247,trade_services,Volume of freight transported by province(*),Total,VN_SRC_PHUYEN,Phu Yen,2008,annual,5499.0,Thous. tons,not_specified,E1215,https://www.nso.gov.vn/en/px-web?pxid=E1215&theme=Transport%2C%20Postal%20Services%20and%20Telecommunications,source_reported_unharmonized
e1215_c9b3c38247,trade_services,Volume of freight transported by province(*),Total,VN_SRC_PHUYEN,Phu Yen,2009,annual,5619.4,Thous. tons,not_specified,E1215,https://www.nso.gov.vn/en/px-web?pxid=E1215&theme=Transport%2C%20Postal%20Services%20and%20Telecommunications,source_reported_unharmonized
e1215_c9b3c38247,trade_services,Volume of freight transported by province(*),Total,VN_SRC_PHUYEN,Phu Yen,2010,annual,6584.1,Thous. tons,not_specified,E1215,https://www.nso.gov.vn/en/px-web?pxid=E1215&theme=Transport%2C%20Postal%20Services%20and%20Telecommunications,source_reported_unharmonized
e1215_c9b3c38247,trade_services,Volume of freight transported by province(*),Total,VN_SRC_PHUYEN,Phu Yen,2011,annual,7415.5,Thous. tons,not_specified,E1215,https://www.nso.gov.vn/en/px-web?pxid=E1215&theme=Transport%2C%20Postal%20Services%20and%20Telecommunications,source_reported_unharmonized
e1215_c9b3c38247,trade_services,Volume of freight transported by province(*),Total,VN_SRC_PHUYEN,Phu Yen,2012,annual,8330.8,Thous. tons,not_specified,E1215,https://www.nso.gov.vn/en/px-web?pxid=E1215&theme=Transport%2C%20Postal%20Services%20and%20Telecommunications,source_reported_unharmonized
e1215_c9b3c38247,trade_services,Volume of freight transported by province(*),Total,VN_SRC_PHUYEN,Phu Yen,2013,annual,8839.0,Thous. tons,not_specified,E1215,https://www.nso.gov.vn/en/px-web?pxid=E1215&theme=Transport%2C%20Postal%20Services%20and%20Telecommunications,source_reported_unharmonized
e1215_c9b3c38247,trade_services,Volume of freight transported by province(*),Total,VN_SRC_PHUYEN,Phu Yen,2014,annual,9395.8,Thous. tons,not_specified,E1215,https://www.nso.gov.vn/en/px-web?pxid=E1215&theme=Transport%2C%20Postal%20Services%20and%20Telecommunications,source_reported_unharmonized
e1215_c9b3c38247,trade_services,Volume of freight transported by province(*),Total,VN_SRC_PHUYEN,Phu Yen,2015,annual,9932.4,Thous. tons,not_specified,E1215,https://www.nso.gov.vn/en/px-web?pxid=E1215&theme=Transport%2C%20Postal%20Services%20and%20Telecommunications,source_reported_unharmonized
e1215_c9b3c38247,trade_services,Volume of freight transported by province(*),Total,VN_SRC_PHUYEN,Phu Yen,2016,annual,10828.0,Thous. tons,not_specified,E1215,https://www.nso.gov.vn/en/px-web?pxid=E1215&theme=Transport%2C%20Postal%20Services%20and%20Telecommunications,source_reported_unharmonized
e1215_c9b3c38247,trade_services,Volume of freight transported by province(*),Total,VN_SRC_PHUYEN,Phu Yen,2017,annual,11326.1,Thous. tons,not_specified,E1215,https://www.nso.gov.vn/en/px-web?pxid=E1215&theme=Transport%2C%20Postal%20Services%20and%20Telecommunications,source_reported_unharmonized
e1215_c9b3c38247,trade_services,Volume of freight transported by province(*),Total,VN_SRC_PHUYEN,Phu Yen,2018,annual,12037.1,Thous. tons,not_specified,E1215,https://www.nso.gov.vn/en/px-web?pxid=E1215&theme=Transport%2C%20Postal%20Services%20and%20Telecommunications,source_reported_unharmonized
e1215_c9b3c38247,trade_services,Volume of freight transported by province(*),Total,VN_SRC_PHUYEN,Phu Yen,2019,annual,12959.0,Thous. tons,not_specified,E1215,https://www.nso.gov.vn/en/px-web?pxid=E1215&theme=Transport%2C%20Postal%20Services%20and%20Telecommunications,source_reported_unharmonized
e1215_c9b3c38247,trade_services,Volume of freight transported by province(*),Total,VN_SRC_PHUYEN,Phu Yen,2020,annual,12198.9,Thous. tons,not_specified,E1215,https://www.nso.gov.vn/en/px-web?pxid=E1215&theme=Transport%2C%20Postal%20Services%20and%20Telecommunications,source_reported_unharmonized
e1215_c9b3c38247,trade_services,Volume of freight transported by province(*),Total,VN_SRC_PHUYEN,Phu Yen,2021,annual,9703.8,Thous. tons,not_specified,E1215,https://www.nso.gov.vn/en/px-web?pxid=E1215&theme=Transport%2C%20Postal%20Services%20and%20Telecommunications,source_reported_unharmonized
e1215_c9b3c38247,trade_services,Volume of freight transported by province(*),Total,VN_SRC_PHUYEN,Phu Yen,2022,annual,10777.1,Thous. tons,not_specified,E1215,https://www.nso.gov.vn/en/px-web?pxid=E1215&theme=Transport%2C%20Postal%20Services%20and%20Telecommunications,source_reported_unharmonized
e1215_c9b3c38247,trade_services,Volume of freight transported by province(*),Total,VN_SRC_PHUYEN,Phu Yen,2023,annual,11545.8,Thous. tons,not_specified,E1215,https://www.nso.gov.vn/en/px-web?pxid=E1215&theme=Transport%2C%20Postal%20Services%20and%20Telecommunications,source_reported_unharmonized
e1215_c9b3c38247,trade_services,Volume of freight transported by province(*),Total,VN_SRC_PHUYEN,Phu Yen,2024,annual,12062.3,Thous. tons,not_specified,E1215,https://www.nso.gov.vn/en/px-web?pxid=E1215&theme=Transport%2C%20Postal%20Services%20and%20Telecommunications,source_reported_unharmonized
e1215_c9b3c38247,trade_services,Volume of freight transported by province(*),Total,VN_SRC_PHUYEN,Phu Yen,2025,annual,12741.8,Thous. tons,preliminary,E1215,https://www.nso.gov.vn/en/px-web?pxid=E1215&theme=Transport%2C%20Postal%20Services%20and%20Telecommunications,source_reported_unharmonized
e1215_c9b3c38247,trade_services,Volume of freight transported by province(*),Total,VN_SRC_KHANHHOA,Khanh Hoa,2000,annual,4200.0,Thous. tons,not_specified,E1215,https://www.nso.gov.vn/en/px-web?pxid=E1215&theme=Transport%2C%20Postal%20Services%20and%20Telecommunications,source_reported_unharmonized
e1215_c9b3c38247,trade_services,Volume of freight transported by province(*),Total,VN_SRC_KHANHHOA,Khanh Hoa,2001,annual,4523.0,Thous. tons,not_specified,E1215,https://www.nso.gov.vn/en/px-web?pxid=E1215&theme=Transport%2C%20Postal%20Services%20and%20Telecommunications,source_reported_unharmonized
e1215_c9b3c38247,trade_services,Volume of freight transported by province(*),Total,VN_SRC_KHANHHOA,Khanh Hoa,2002,annual,4127.0,Thous. tons,not_specified,E1215,https://www.nso.gov.vn/en/px-web?pxid=E1215&theme=Transport%2C%20Postal%20Services%20and%20Telecommunications,source_reported_unharmonized
e1215_c9b3c38247,trade_services,Volume of freight transported by province(*),Total,VN_SRC_KHANHHOA,Khanh Hoa,2003,annual,6002.0,Thous. tons,not_specified,E1215,https://www.nso.gov.vn/en/px-web?pxid=E1215&theme=Transport%2C%20Postal%20Services%20and%20Telecommunications,source_reported_unharmonized
e1215_c9b3c38247,trade_services,Volume of freight transported by province(*),Total,VN_SRC_KHANHHOA,Khanh Hoa,2004,annual,7200.0,Thous. tons,not_specified,E1215,https://www.nso.gov.vn/en/px-web?pxid=E1215&theme=Transport%2C%20Postal%20Services%20and%20Telecommunications,source_reported_unharmonized
e1215_c9b3c38247,trade_services,Volume of freight transported by province(*),Total,VN_SRC_KHANHHOA,Khanh Hoa,2005,annual,8024.0,Thous. tons,not_specified,E1215,https://www.nso.gov.vn/en/px-web?pxid=E1215&theme=Transport%2C%20Postal%20Services%20and%20Telecommunications,source_reported_unharmonized
e1215_c9b3c38247,trade_services,Volume of freight transported by province(*),Total,VN_SRC_KHANHHOA,Khanh Hoa,2006,annual,8842.0,Thous. tons,not_specified,E1215,https://www.nso.gov.vn/en/px-web?pxid=E1215&theme=Transport%2C%20Postal%20Services%20and%20Telecommunications,source_reported_unharmonized
e1215_c9b3c38247,trade_services,Volume of freight transported by province(*),Total,VN_SRC_KHANHHOA,Khanh Hoa,2007,annual,9177.4,Thous. tons,not_specified,E1215,https://www.nso.gov.vn/en/px-web?pxid=E1215&theme=Transport%2C%20Postal%20Services%20and%20Telecommunications,source_reported_unharmonized
e1215_c9b3c38247,trade_services,Volume of freight transported by province(*),Total,VN_SRC_KHANHHOA,Khanh Hoa,2008,annual,10465.0,Thous. tons,not_specified,E1215,https://www.nso.gov.vn/en/px-web?pxid=E1215&theme=Transport%2C%20Postal%20Services%20and%20Telecommunications,source_reported_unharmonized
e1215_c9b3c38247,trade_services,Volume of freight transported by province(*),Total,VN_SRC_KHANHHOA,Khanh Hoa,2009,annual,12175.8,Thous. tons,not_specified,E1215,https://www.nso.gov.vn/en/px-web?pxid=E1215&theme=Transport%2C%20Postal%20Services%20and%20Telecommunications,source_reported_unharmonized
e1215_c9b3c38247,trade_services,Volume of freight transported by province(*),Total,VN_SRC_KHANHHOA,Khanh Hoa,2010,annual,13480.6,Thous. tons,not_specified,E1215,https://www.nso.gov.vn/en/px-web?pxid=E1215&theme=Transport%2C%20Postal%20Services%20and%20Telecommunications,source_reported_unharmonized
e1215_c9b3c38247,trade_services,Volume of freight transported by province(*),Total,VN_SRC_KHANHHOA,Khanh Hoa,2011,annual,12879.1,Thous. tons,not_specified,E1215,https://www.nso.gov.vn/en/px-web?pxid=E1215&theme=Transport%2C%20Postal%20Services%20and%20Telecommunications,source_reported_unharmonized
e1215_c9b3c38247,trade_services,Volume of freight transported by province(*),Total,VN_SRC_KHANHHOA,Khanh Hoa,2012,annual,14447.7,Thous. tons,not_specified,E1215,https://www.nso.gov.vn/en/px-web?pxid=E1215&theme=Transport%2C%20Postal%20Services%20and%20Telecommunications,source_reported_unharmonized
e1215_c9b3c38247,trade_services,Volume of freight transported by province(*),Total,VN_SRC_KHANHHOA,Khanh Hoa,2013,annual,15146.0,Thous. tons,not_specified,E1215,https://www.nso.gov.vn/en/px-web?pxid=E1215&theme=Transport%2C%20Postal%20Services%20and%20Telecommunications,source_reported_unharmonized
e1215_c9b3c38247,trade_services,Volume of freight transported by province(*),Total,VN_SRC_KHANHHOA,Khanh Hoa,2014,annual,16131.6,Thous. tons,not_specified,E1215,https://www.nso.gov.vn/en/px-web?pxid=E1215&theme=Transport%2C%20Postal%20Services%20and%20Telecommunications,source_reported_unharmonized
e1215_c9b3c38247,trade_services,Volume of freight transported by province(*),Total,VN_SRC_KHANHHOA,Khanh Hoa,2015,annual,17071.4,Thous. tons,not_specified,E1215,https://www.nso.gov.vn/en/px-web?pxid=E1215&theme=Transport%2C%20Postal%20Services%20and%20Telecommunications,source_reported_unharmonized
e1215_c9b3c38247,trade_services,Volume of freight transported by province(*),Total,VN_SRC_KHANHHOA,Khanh Hoa,2016,annual,20321.6,Thous. tons,not_specified,E1215,https://www.nso.gov.vn/en/px-web?pxid=E1215&theme=Transport%2C%20Postal%20Services%20and%20Telecommunications,source_reported_unharmonized
e1215_c9b3c38247,trade_services,Volume of freight transported by province(*),Total,VN_SRC_KHANHHOA,Khanh Hoa,2017,annual,22180.1,Thous. tons,not_specified,E1215,https://www.nso.gov.vn/en/px-web?pxid=E1215&theme=Transport%2C%20Postal%20Services%20and%20Telecommunications,source_reported_unharmonized
e1215_c9b3c38247,trade_services,Volume of freight transported by province(*),Total,VN_SRC_KHANHHOA,Khanh Hoa,2018,annual,23668.7,Thous. tons,not_specified,E1215,https://www.nso.gov.vn/en/px-web?pxid=E1215&theme=Transport%2C%20Postal%20Services%20and%20Telecommunications,source_reported_unharmonized
e1215_c9b3c38247,trade_services,Volume of freight transported by province(*),Total,VN_SRC_KHANHHOA,Khanh Hoa,2019,annual,25647.4,Thous. tons,not_specified,E1215,https://www.nso.gov.vn/en/px-web?pxid=E1215&theme=Transport%2C%20Postal%20Services%20and%20Telecommunications,source_reported_unharmonized
e1215_c9b3c38247,trade_services,Volume of freight transported by province(*),Total,VN_SRC_KHANHHOA,Khanh Hoa,2020,annual,19281.3,Thous. tons,not_specified,E1215,https://www.nso.gov.vn/en/px-web?pxid=E1215&theme=Transport%2C%20Postal%20Services%20and%20Telecommunications,source_reported_unharmonized
e1215_c9b3c38247,trade_services,Volume of freight transported by province(*),Total,VN_SRC_KHANHHOA,Khanh Hoa,2021,annual,17820.1,Thous. tons,not_specified,E1215,https://www.nso.gov.vn/en/px-web?pxid=E1215&theme=Transport%2C%20Postal%20Services%20and%20Telecommunications,source_reported_unharmonized
e1215_c9b3c38247,trade_services,Volume of freight transported by province(*),Total,VN_SRC_KHANHHOA,Khanh Hoa,2022,annual,24721.8,Thous. tons,not_specified,E1215,https://www.nso.gov.vn/en/px-web?pxid=E1215&theme=Transport%2C%20Postal%20Services%20and%20Telecommunications,source_reported_unharmonized
e1215_c9b3c38247,trade_services,Volume of freight transported by province(*),Total,VN_SRC_KHANHHOA,Khanh Hoa,2023,annual,28506.7,Thous. tons,not_specified,E1215,https://www.nso.gov.vn/en/px-web?pxid=E1215&theme=Transport%2C%20Postal%20Services%20and%20Telecommunications,source_reported_unharmonized
e1215_c9b3c38247,trade_services,Volume of freight transported by province(*),Total,VN_SRC_KHANHHOA,Khanh Hoa,2024,annual,30430.9,Thous. tons,not_specified,E1215,https://www.nso.gov.vn/en/px-web?pxid=E1215&theme=Transport%2C%20Postal%20Services%20and%20Telecommunications,source_reported_unharmonized
e1215_c9b3c38247,trade_services,Volume of freight transported by province(*),Total,VN_SRC_KHANHHOA,Khanh Hoa,2025,annual,33145.6,Thous. tons,preliminary,E1215,https://www.nso.gov.vn/en/px-web?pxid=E1215&theme=Transport%2C%20Postal%20Services%20and%20Telecommunications,source_reported_unharmonized
e1215_c9b3c38247,trade_services,Volume of freight transported by province(*),Total,VN_SRC_NINHTHUAN,Ninh Thuan,2000,annual,693.0,Thous. tons,not_specified,E1215,https://www.nso.gov.vn/en/px-web?pxid=E1215&theme=Transport%2C%20Postal%20Services%20and%20Telecommunications,source_reported_unharmonized
e1215_c9b3c38247,trade_services,Volume of freight transported by province(*),Total,VN_SRC_NINHTHUAN,Ninh Thuan,2001,annual,790.0,Thous. tons,not_specified,E1215,https://www.nso.gov.vn/en/px-web?pxid=E1215&theme=Transport%2C%20Postal%20Services%20and%20Telecommunications,source_reported_unharmonized
e1215_c9b3c38247,trade_services,Volume of freight transported by province(*),Total,VN_SRC_NINHTHUAN,Ninh Thuan,2002,annual,962.0,Thous. tons,not_specified,E1215,https://www.nso.gov.vn/en/px-web?pxid=E1215&theme=Transport%2C%20Postal%20Services%20and%20Telecommunications,source_reported_unharmonized
e1215_c9b3c38247,trade_services,Volume of freight transported by province(*),Total,VN_SRC_NINHTHUAN,Ninh Thuan,2003,annual,1000.0,Thous. tons,not_specified,E1215,https://www.nso.gov.vn/en/px-web?pxid=E1215&theme=Transport%2C%20Postal%20Services%20and%20Telecommunications,source_reported_unharmonized
e1215_c9b3c38247,trade_services,Volume of freight transported by province(*),Total,VN_SRC_NINHTHUAN,Ninh Thuan,2004,annual,1050.0,Thous. tons,not_specified,E1215,https://www.nso.gov.vn/en/px-web?pxid=E1215&theme=Transport%2C%20Postal%20Services%20and%20Telecommunications,source_reported_unharmonized
e1215_c9b3c38247,trade_services,Volume of freight transported by province(*),Total,VN_SRC_NINHTHUAN,Ninh Thuan,2005,annual,1312.0,Thous. tons,not_specified,E1215,https://www.nso.gov.vn/en/px-web?pxid=E1215&theme=Transport%2C%20Postal%20Services%20and%20Telecommunications,source_reported_unharmonized
e1215_c9b3c38247,trade_services,Volume of freight transported by province(*),Total,VN_SRC_NINHTHUAN,Ninh Thuan,2006,annual,1885.0,Thous. tons,not_specified,E1215,https://www.nso.gov.vn/en/px-web?pxid=E1215&theme=Transport%2C%20Postal%20Services%20and%20Telecommunications,source_reported_unharmonized
e1215_c9b3c38247,trade_services,Volume of freight transported by province(*),Total,VN_SRC_NINHTHUAN,Ninh Thuan,2007,annual,2114.0,Thous. tons,not_specified,E1215,https://www.nso.gov.vn/en/px-web?pxid=E1215&theme=Transport%2C%20Postal%20Services%20and%20Telecommunications,source_reported_unharmonized
e1215_c9b3c38247,trade_services,Volume of freight transported by province(*),Total,VN_SRC_NINHTHUAN,Ninh Thuan,2008,annual,2376.0,Thous. tons,not_specified,E1215,https://www.nso.gov.vn/en/px-web?pxid=E1215&theme=Transport%2C%20Postal%20Services%20and%20Telecommunications,source_reported_unharmonized
e1215_c9b3c38247,trade_services,Volume of freight transported by province(*),Total,VN_SRC_NINHTHUAN,Ninh Thuan,2009,annual,2916.0,Thous. tons,not_specified,E1215,https://www.nso.gov.vn/en/px-web?pxid=E1215&theme=Transport%2C%20Postal%20Services%20and%20Telecommunications,source_reported_unharmonized
e1215_c9b3c38247,trade_services,Volume of freight transported by province(*),Total,VN_SRC_NINHTHUAN,Ninh Thuan,2010,annual,3244.1,Thous. tons,not_specified,E1215,https://www.nso.gov.vn/en/px-web?pxid=E1215&theme=Transport%2C%20Postal%20Services%20and%20Telecommunications,source_reported_unharmonized
e1215_c9b3c38247,trade_services,Volume of freight transported by province(*),Total,VN_SRC_NINHTHUAN,Ninh Thuan,2011,annual,3549.4,Thous. tons,not_specified,E1215,https://www.nso.gov.vn/en/px-web?pxid=E1215&theme=Transport%2C%20Postal%20Services%20and%20Telecommunications,source_reported_unharmonized
e1215_c9b3c38247,trade_services,Volume of freight transported by province(*),Total,VN_SRC_NINHTHUAN,Ninh Thuan,2012,annual,4022.4,Thous. tons,not_specified,E1215,https://www.nso.gov.vn/en/px-web?pxid=E1215&theme=Transport%2C%20Postal%20Services%20and%20Telecommunications,source_reported_unharmonized
e1215_c9b3c38247,trade_services,Volume of freight transported by province(*),Total,VN_SRC_NINHTHUAN,Ninh Thuan,2013,annual,4279.3,Thous. tons,not_specified,E1215,https://www.nso.gov.vn/en/px-web?pxid=E1215&theme=Transport%2C%20Postal%20Services%20and%20Telecommunications,source_reported_unharmonized
e1215_c9b3c38247,trade_services,Volume of freight transported by province(*),Total,VN_SRC_NINHTHUAN,Ninh Thuan,2014,annual,4551.6,Thous. tons,not_specified,E1215,https://www.nso.gov.vn/en/px-web?pxid=E1215&theme=Transport%2C%20Postal%20Services%20and%20Telecommunications,source_reported_unharmonized
e1215_c9b3c38247,trade_services,Volume of freight transported by province(*),Total,VN_SRC_NINHTHUAN,Ninh Thuan,2015,annual,5134.9,Thous. tons,not_specified,E1215,https://www.nso.gov.vn/en/px-web?pxid=E1215&theme=Transport%2C%20Postal%20Services%20and%20Telecommunications,source_reported_unharmonized
e1215_c9b3c38247,trade_services,Volume of freight transported by province(*),Total,VN_SRC_NINHTHUAN,Ninh Thuan,2016,annual,5699.9,Thous. tons,not_specified,E1215,https://www.nso.gov.vn/en/px-web?pxid=E1215&theme=Transport%2C%20Postal%20Services%20and%20Telecommunications,source_reported_unharmonized
e1215_c9b3c38247,trade_services,Volume of freight transported by province(*),Total,VN_SRC_NINHTHUAN,Ninh Thuan,2017,annual,6053.3,Thous. tons,not_specified,E1215,https://www.nso.gov.vn/en/px-web?pxid=E1215&theme=Transport%2C%20Postal%20Services%20and%20Telecommunications,source_reported_unharmonized
e1215_c9b3c38247,trade_services,Volume of freight transported by province(*),Total,VN_SRC_NINHTHUAN,Ninh Thuan,2018,annual,5312.1,Thous. tons,not_specified,E1215,https://www.nso.gov.vn/en/px-web?pxid=E1215&theme=Transport%2C%20Postal%20Services%20and%20Telecommunications,source_reported_unharmonized
e1215_c9b3c38247,trade_services,Volume of freight transported by province(*),Total,VN_SRC_NINHTHUAN,Ninh Thuan,2019,annual,5906.5,Thous. tons,not_specified,E1215,https://www.nso.gov.vn/en/px-web?pxid=E1215&theme=Transport%2C%20Postal%20Services%20and%20Telecommunications,source_reported_unharmonized
e1215_c9b3c38247,trade_services,Volume of freight transported by province(*),Total,VN_SRC_NINHTHUAN,Ninh Thuan,2020,annual,5649.6,Thous. tons,not_specified,E1215,https://www.nso.gov.vn/en/px-web?pxid=E1215&theme=Transport%2C%20Postal%20Services%20and%20Telecommunications,source_reported_unharmonized
e1215_c9b3c38247,trade_services,Volume of freight transported by province(*),Total,VN_SRC_NINHTHUAN,Ninh Thuan,2021,annual,4957.0,Thous. tons,not_specified,E1215,https://www.nso.gov.vn/en/px-web?pxid=E1215&theme=Transport%2C%20Postal%20Services%20and%20Telecommunications,source_reported_unharmonized
e1215_c9b3c38247,trade_services,Volume of freight transported by province(*),Total,VN_SRC_NINHTHUAN,Ninh Thuan,2022,annual,6763.8,Thous. tons,not_specified,E1215,https://www.nso.gov.vn/en/px-web?pxid=E1215&theme=Transport%2C%20Postal%20Services%20and%20Telecommunications,source_reported_unharmonized
e1215_c9b3c38247,trade_services,Volume of freight transported by province(*),Total,VN_SRC_NINHTHUAN,Ninh Thuan,2023,annual,8540.6,Thous. tons,not_specified,E1215,https://www.nso.gov.vn/en/px-web?pxid=E1215&theme=Transport%2C%20Postal%20Services%20and%20Telecommunications,source_reported_unharmonized
e1215_c9b3c38247,trade_services,Volume of freight transported by province(*),Total,VN_SRC_NINHTHUAN,Ninh Thuan,2024,annual,9647.5,Thous. tons,not_specified,E1215,https://www.nso.gov.vn/en/px-web?pxid=E1215&theme=Transport%2C%20Postal%20Services%20and%20Telecommunications,source_reported_unharmonized
e1215_c9b3c38247,trade_services,Volume of freight transported by province(*),Total,VN_SRC_NINHTHUAN,Ninh Thuan,2025,annual,10551.0,Thous. tons,preliminary,E1215,https://www.nso.gov.vn/en/px-web?pxid=E1215&theme=Transport%2C%20Postal%20Services%20and%20Telecommunications,source_reported_unharmonized
e1215_c9b3c38247,trade_services,Volume of freight transported by province(*),Total,VN_SRC_BINHTHUAN,Binh Thuan,2000,annual,1184.0,Thous. tons,not_specified,E1215,https://www.nso.gov.vn/en/px-web?pxid=E1215&theme=Transport%2C%20Postal%20Services%20and%20Telecommunications,source_reported_unharmonized
e1215_c9b3c38247,trade_services,Volume of freight transported by province(*),Total,VN_SRC_BINHTHUAN,Binh Thuan,2001,annual,1277.0,Thous. tons,not_specified,E1215,https://www.nso.gov.vn/en/px-web?pxid=E1215&theme=Transport%2C%20Postal%20Services%20and%20Telecommunications,source_reported_unharmonized
e1215_c9b3c38247,trade_services,Volume of freight transported by province(*),Total,VN_SRC_BINHTHUAN,Binh Thuan,2002,annual,1308.0,Thous. tons,not_specified,E1215,https://www.nso.gov.vn/en/px-web?pxid=E1215&theme=Transport%2C%20Postal%20Services%20and%20Telecommunications,source_reported_unharmonized
e1215_c9b3c38247,trade_services,Volume of freight transported by province(*),Total,VN_SRC_BINHTHUAN,Binh Thuan,2003,annual,1468.0,Thous. tons,not_specified,E1215,https://www.nso.gov.vn/en/px-web?pxid=E1215&theme=Transport%2C%20Postal%20Services%20and%20Telecommunications,source_reported_unharmonized
e1215_c9b3c38247,trade_services,Volume of freight transported by province(*),Total,VN_SRC_BINHTHUAN,Binh Thuan,2004,annual,1679.0,Thous. tons,not_specified,E1215,https://www.nso.gov.vn/en/px-web?pxid=E1215&theme=Transport%2C%20Postal%20Services%20and%20Telecommunications,source_reported_unharmonized
e1215_c9b3c38247,trade_services,Volume of freight transported by province(*),Total,VN_SRC_BINHTHUAN,Binh Thuan,2005,annual,2158.0,Thous. tons,not_specified,E1215,https://www.nso.gov.vn/en/px-web?pxid=E1215&theme=Transport%2C%20Postal%20Services%20and%20Telecommunications,source_reported_unharmonized
e1215_c9b3c38247,trade_services,Volume of freight transported by province(*),Total,VN_SRC_BINHTHUAN,Binh Thuan,2006,annual,2382.0,Thous. tons,not_specified,E1215,https://www.nso.gov.vn/en/px-web?pxid=E1215&theme=Transport%2C%20Postal%20Services%20and%20Telecommunications,source_reported_unharmonized
e1215_c9b3c38247,trade_services,Volume of freight transported by province(*),Total,VN_SRC_BINHTHUAN,Binh Thuan,2007,annual,2700.0,Thous. tons,not_specified,E1215,https://www.nso.gov.vn/en/px-web?pxid=E1215&theme=Transport%2C%20Postal%20Services%20and%20Telecommunications,source_reported_unharmonized
e1215_c9b3c38247,trade_services,Volume of freight transported by province(*),Total,VN_SRC_BINHTHUAN,Binh Thuan,2008,annual,2851.0,Thous. tons,not_specified,E1215,https://www.nso.gov.vn/en/px-web?pxid=E1215&theme=Transport%2C%20Postal%20Services%20and%20Telecommunications,source_reported_unharmonized
e1215_c9b3c38247,trade_services,Volume of freight transported by province(*),Total,VN_SRC_BINHTHUAN,Binh Thuan,2009,annual,2953.0,Thous. tons,not_specified,E1215,https://www.nso.gov.vn/en/px-web?pxid=E1215&theme=Transport%2C%20Postal%20Services%20and%20Telecommunications,source_reported_unharmonized
e1215_c9b3c38247,trade_services,Volume of freight transported by province(*),Total,VN_SRC_BINHTHUAN,Binh Thuan,2010,annual,3313.0,Thous. tons,not_specified,E1215,https://www.nso.gov.vn/en/px-web?pxid=E1215&theme=Transport%2C%20Postal%20Services%20and%20Telecommunications,source_reported_unharmonized
e1215_c9b3c38247,trade_services,Volume of freight transported by province(*),Total,VN_SRC_BINHTHUAN,Binh Thuan,2011,annual,3472.9,Thous. tons,not_specified,E1215,https://www.nso.gov.vn/en/px-web?pxid=E1215&theme=Transport%2C%20Postal%20Services%20and%20Telecommunications,source_reported_unharmonized
e1215_c9b3c38247,trade_services,Volume of freight transported by province(*),Total,VN_SRC_BINHTHUAN,Binh Thuan,2012,annual,4313.9,Thous. tons,not_specified,E1215,https://www.nso.gov.vn/en/px-web?pxid=E1215&theme=Transport%2C%20Postal%20Services%20and%20Telecommunications,source_reported_unharmonized
e1215_c9b3c38247,trade_services,Volume of freight transported by province(*),Total,VN_SRC_BINHTHUAN,Binh Thuan,2013,annual,4964.3,Thous. tons,not_specified,E1215,https://www.nso.gov.vn/en/px-web?pxid=E1215&theme=Transport%2C%20Postal%20Services%20and%20Telecommunications,source_reported_unharmonized
e1215_c9b3c38247,trade_services,Volume of freight transported by province(*),Total,VN_SRC_BINHTHUAN,Binh Thuan,2014,annual,5320.5,Thous. tons,not_specified,E1215,https://www.nso.gov.vn/en/px-web?pxid=E1215&theme=Transport%2C%20Postal%20Services%20and%20Telecommunications,source_reported_unharmonized
e1215_c9b3c38247,trade_services,Volume of freight transported by province(*),Total,VN_SRC_BINHTHUAN,Binh Thuan,2015,annual,5890.7,Thous. tons,not_specified,E1215,https://www.nso.gov.vn/en/px-web?pxid=E1215&theme=Transport%2C%20Postal%20Services%20and%20Telecommunications,source_reported_unharmonized
e1215_c9b3c38247,trade_services,Volume of freight transported by province(*),Total,VN_SRC_BINHTHUAN,Binh Thuan,2016,annual,6460.9,Thous. tons,not_specified,E1215,https://www.nso.gov.vn/en/px-web?pxid=E1215&theme=Transport%2C%20Postal%20Services%20and%20Telecommunications,source_reported_unharmonized
e1215_c9b3c38247,trade_services,Volume of freight transported by province(*),Total,VN_SRC_BINHTHUAN,Binh Thuan,2017,annual,7305.0,Thous. tons,not_specified,E1215,https://www.nso.gov.vn/en/px-web?pxid=E1215&theme=Transport%2C%20Postal%20Services%20and%20Telecommunications,source_reported_unharmonized
e1215_c9b3c38247,trade_services,Volume of freight transported by province(*),Total,VN_SRC_BINHTHUAN,Binh Thuan,2018,annual,8208.6,Thous. tons,not_specified,E1215,https://www.nso.gov.vn/en/px-web?pxid=E1215&theme=Transport%2C%20Postal%20Services%20and%20Telecommunications,source_reported_unharmonized
e1215_c9b3c38247,trade_services,Volume of freight transported by province(*),Total,VN_SRC_BINHTHUAN,Binh Thuan,2019,annual,9109.8,Thous. tons,not_specified,E1215,https://www.nso.gov.vn/en/px-web?pxid=E1215&theme=Transport%2C%20Postal%20Services%20and%20Telecommunications,source_reported_unharmonized
e1215_c9b3c38247,trade_services,Volume of freight transported by province(*),Total,VN_SRC_BINHTHUAN,Binh Thuan,2020,annual,6393.9,Thous. tons,not_specified,E1215,https://www.nso.gov.vn/en/px-web?pxid=E1215&theme=Transport%2C%20Postal%20Services%20and%20Telecommunications,source_reported_unharmonized
e1215_c9b3c38247,trade_services,Volume of freight transported by province(*),Total,VN_SRC_BINHTHUAN,Binh Thuan,2021,annual,4616.4,Thous. tons,not_specified,E1215,https://www.nso.gov.vn/en/px-web?pxid=E1215&theme=Transport%2C%20Postal%20Services%20and%20Telecommunications,source_reported_unharmonized
e1215_c9b3c38247,trade_services,Volume of freight transported by province(*),Total,VN_SRC_BINHTHUAN,Binh Thuan,2022,annual,5388.4,Thous. tons,not_specified,E1215,https://www.nso.gov.vn/en/px-web?pxid=E1215&theme=Transport%2C%20Postal%20Services%20and%20Telecommunications,source_reported_unharmonized
e1215_c9b3c38247,trade_services,Volume of freight transported by province(*),Total,VN_SRC_BINHTHUAN,Binh Thuan,2023,annual,6725.8,Thous. tons,not_specified,E1215,https://www.nso.gov.vn/en/px-web?pxid=E1215&theme=Transport%2C%20Postal%20Services%20and%20Telecommunications,source_reported_unharmonized
e1215_c9b3c38247,trade_services,Volume of freight transported by province(*),Total,VN_SRC_BINHTHUAN,Binh Thuan,2024,annual,7666.4,Thous. tons,not_specified,E1215,https://www.nso.gov.vn/en/px-web?pxid=E1215&theme=Transport%2C%20Postal%20Services%20and%20Telecommunications,source_reported_unharmonized
e1215_c9b3c38247,trade_services,Volume of freight transported by province(*),Total,VN_SRC_BINHTHUAN,Binh Thuan,2025,annual,7951.3,Thous. tons,preliminary,E1215,https://www.nso.gov.vn/en/px-web?pxid=E1215&theme=Transport%2C%20Postal%20Services%20and%20Telecommunications,source_reported_unharmonized
e1215_c9b3c38247,trade_services,Volume of freight transported by province(*),Total,VN_SRC_KONTUM,Kon Tum,2000,annual,516.0,Thous. tons,not_specified,E1215,https://www.nso.gov.vn/en/px-web?pxid=E1215&theme=Transport%2C%20Postal%20Services%20and%20Telecommunications,source_reported_unharmonized
e1215_c9b3c38247,trade_services,Volume of freight transported by province(*),Total,VN_SRC_KONTUM,Kon Tum,2001,annual,586.0,Thous. tons,not_specified,E1215,https://www.nso.gov.vn/en/px-web?pxid=E1215&theme=Transport%2C%20Postal%20Services%20and%20Telecommunications,source_reported_unharmonized
e1215_c9b3c38247,trade_services,Volume of freight transported by province(*),Total,VN_SRC_KONTUM,Kon Tum,2002,annual,665.0,Thous. tons,not_specified,E1215,https://www.nso.gov.vn/en/px-web?pxid=E1215&theme=Transport%2C%20Postal%20Services%20and%20Telecommunications,source_reported_unharmonized
e1215_c9b3c38247,trade_services,Volume of freight transported by province(*),Total,VN_SRC_KONTUM,Kon Tum,2003,annual,720.0,Thous. tons,not_specified,E1215,https://www.nso.gov.vn/en/px-web?pxid=E1215&theme=Transport%2C%20Postal%20Services%20and%20Telecommunications,source_reported_unharmonized
e1215_c9b3c38247,trade_services,Volume of freight transported by province(*),Total,VN_SRC_KONTUM,Kon Tum,2004,annual,885.0,Thous. tons,not_specified,E1215,https://www.nso.gov.vn/en/px-web?pxid=E1215&theme=Transport%2C%20Postal%20Services%20and%20Telecommunications,source_reported_unharmonized
e1215_c9b3c38247,trade_services,Volume of freight transported by province(*),Total,VN_SRC_KONTUM,Kon Tum,2005,annual,1032.0,Thous. tons,not_specified,E1215,https://www.nso.gov.vn/en/px-web?pxid=E1215&theme=Transport%2C%20Postal%20Services%20and%20Telecommunications,source_reported_unharmonized
e1215_c9b3c38247,trade_services,Volume of freight transported by province(*),Total,VN_SRC_KONTUM,Kon Tum,2006,annual,1428.0,Thous. tons,not_specified,E1215,https://www.nso.gov.vn/en/px-web?pxid=E1215&theme=Transport%2C%20Postal%20Services%20and%20Telecommunications,source_reported_unharmonized
e1215_c9b3c38247,trade_services,Volume of freight transported by province(*),Total,VN_SRC_KONTUM,Kon Tum,2007,annual,1738.0,Thous. tons,not_specified,E1215,https://www.nso.gov.vn/en/px-web?pxid=E1215&theme=Transport%2C%20Postal%20Services%20and%20Telecommunications,source_reported_unharmonized
e1215_c9b3c38247,trade_services,Volume of freight transported by province(*),Total,VN_SRC_KONTUM,Kon Tum,2008,annual,1794.0,Thous. tons,not_specified,E1215,https://www.nso.gov.vn/en/px-web?pxid=E1215&theme=Transport%2C%20Postal%20Services%20and%20Telecommunications,source_reported_unharmonized
e1215_c9b3c38247,trade_services,Volume of freight transported by province(*),Total,VN_SRC_KONTUM,Kon Tum,2009,annual,2323.5,Thous. tons,not_specified,E1215,https://www.nso.gov.vn/en/px-web?pxid=E1215&theme=Transport%2C%20Postal%20Services%20and%20Telecommunications,source_reported_unharmonized
e1215_c9b3c38247,trade_services,Volume of freight transported by province(*),Total,VN_SRC_KONTUM,Kon Tum,2010,annual,2486.1,Thous. tons,not_specified,E1215,https://www.nso.gov.vn/en/px-web?pxid=E1215&theme=Transport%2C%20Postal%20Services%20and%20Telecommunications,source_reported_unharmonized
e1215_c9b3c38247,trade_services,Volume of freight transported by province(*),Total,VN_SRC_KONTUM,Kon Tum,2011,annual,2890.1,Thous. tons,not_specified,E1215,https://www.nso.gov.vn/en/px-web?pxid=E1215&theme=Transport%2C%20Postal%20Services%20and%20Telecommunications,source_reported_unharmonized
e1215_c9b3c38247,trade_services,Volume of freight transported by province(*),Total,VN_SRC_KONTUM,Kon Tum,2012,annual,3104.0,Thous. tons,not_specified,E1215,https://www.nso.gov.vn/en/px-web?pxid=E1215&theme=Transport%2C%20Postal%20Services%20and%20Telecommunications,source_reported_unharmonized
e1215_c9b3c38247,trade_services,Volume of freight transported by province(*),Total,VN_SRC_KONTUM,Kon Tum,2013,annual,3467.2,Thous. tons,not_specified,E1215,https://www.nso.gov.vn/en/px-web?pxid=E1215&theme=Transport%2C%20Postal%20Services%20and%20Telecommunications,source_reported_unharmonized
e1215_c9b3c38247,trade_services,Volume of freight transported by province(*),Total,VN_SRC_KONTUM,Kon Tum,2014,annual,3678.7,Thous. tons,not_specified,E1215,https://www.nso.gov.vn/en/px-web?pxid=E1215&theme=Transport%2C%20Postal%20Services%20and%20Telecommunications,source_reported_unharmonized
e1215_c9b3c38247,trade_services,Volume of freight transported by province(*),Total,VN_SRC_KONTUM,Kon Tum,2015,annual,4087.0,Thous. tons,not_specified,E1215,https://www.nso.gov.vn/en/px-web?pxid=E1215&theme=Transport%2C%20Postal%20Services%20and%20Telecommunications,source_reported_unharmonized
e1215_c9b3c38247,trade_services,Volume of freight transported by province(*),Total,VN_SRC_KONTUM,Kon Tum,2016,annual,4509.6,Thous. tons,not_specified,E1215,https://www.nso.gov.vn/en/px-web?pxid=E1215&theme=Transport%2C%20Postal%20Services%20and%20Telecommunications,source_reported_unharmonized
e1215_c9b3c38247,trade_services,Volume of freight transported by province(*),Total,VN_SRC_KONTUM,Kon Tum,2017,annual,4856.9,Thous. tons,not_specified,E1215,https://www.nso.gov.vn/en/px-web?pxid=E1215&theme=Transport%2C%20Postal%20Services%20and%20Telecommunications,source_reported_unharmonized
e1215_c9b3c38247,trade_services,Volume of freight transported by province(*),Total,VN_SRC_KONTUM,Kon Tum,2018,annual,5332.8,Thous. tons,not_specified,E1215,https://www.nso.gov.vn/en/px-web?pxid=E1215&theme=Transport%2C%20Postal%20Services%20and%20Telecommunications,source_reported_unharmonized
e1215_c9b3c38247,trade_services,Volume of freight transported by province(*),Total,VN_SRC_KONTUM,Kon Tum,2019,annual,5884.8,Thous. tons,not_specified,E1215,https://www.nso.gov.vn/en/px-web?pxid=E1215&theme=Transport%2C%20Postal%20Services%20and%20Telecommunications,source_reported_unharmonized
e1215_c9b3c38247,trade_services,Volume of freight transported by province(*),Total,VN_SRC_KONTUM,Kon Tum,2020,annual,6155.0,Thous. tons,not_specified,E1215,https://www.nso.gov.vn/en/px-web?pxid=E1215&theme=Transport%2C%20Postal%20Services%20and%20Telecommunications,source_reported_unharmonized
e1215_c9b3c38247,trade_services,Volume of freight transported by province(*),Total,VN_SRC_KONTUM,Kon Tum,2021,annual,6219.0,Thous. tons,not_specified,E1215,https://www.nso.gov.vn/en/px-web?pxid=E1215&theme=Transport%2C%20Postal%20Services%20and%20Telecommunications,source_reported_unharmonized
e1215_c9b3c38247,trade_services,Volume of freight transported by province(*),Total,VN_SRC_KONTUM,Kon Tum,2022,annual,7962.2,Thous. tons,not_specified,E1215,https://www.nso.gov.vn/en/px-web?pxid=E1215&theme=Transport%2C%20Postal%20Services%20and%20Telecommunications,source_reported_unharmonized
e1215_c9b3c38247,trade_services,Volume of freight transported by province(*),Total,VN_SRC_KONTUM,Kon Tum,2023,annual,8499.6,Thous. tons,not_specified,E1215,https://www.nso.gov.vn/en/px-web?pxid=E1215&theme=Transport%2C%20Postal%20Services%20and%20Telecommunications,source_reported_unharmonized
e1215_c9b3c38247,trade_services,Volume of freight transported by province(*),Total,VN_SRC_KONTUM,Kon Tum,2024,annual,9466.9,Thous. tons,not_specified,E1215,https://www.nso.gov.vn/en/px-web?pxid=E1215&theme=Transport%2C%20Postal%20Services%20and%20Telecommunications,source_reported_unharmonized
e1215_c9b3c38247,trade_services,Volume of freight transported by province(*),Total,VN_SRC_KONTUM,Kon Tum,2025,annual,10739.2,Thous. tons,preliminary,E1215,https://www.nso.gov.vn/en/px-web?pxid=E1215&theme=Transport%2C%20Postal%20Services%20and%20Telecommunications,source_reported_unharmonized
e1215_c9b3c38247,trade_services,Volume of freight transported by province(*),Total,VN_SRC_GIALAI,Gia Lai,2000,annual,1146.0,Thous. tons,not_specified,E1215,https://www.nso.gov.vn/en/px-web?pxid=E1215&theme=Transport%2C%20Postal%20Services%20and%20Telecommunications,source_reported_unharmonized
e1215_c9b3c38247,trade_services,Volume of freight transported by province(*),Total,VN_SRC_GIALAI,Gia Lai,2001,annual,1264.0,Thous. tons,not_specified,E1215,https://www.nso.gov.vn/en/px-web?pxid=E1215&theme=Transport%2C%20Postal%20Services%20and%20Telecommunications,source_reported_unharmonized
e1215_c9b3c38247,trade_services,Volume of freight transported by province(*),Total,VN_SRC_GIALAI,Gia Lai,2002,annual,1725.0,Thous. tons,not_specified,E1215,https://www.nso.gov.vn/en/px-web?pxid=E1215&theme=Transport%2C%20Postal%20Services%20and%20Telecommunications,source_reported_unharmonized
e1215_c9b3c38247,trade_services,Volume of freight transported by province(*),Total,VN_SRC_GIALAI,Gia Lai,2003,annual,2115.0,Thous. tons,not_specified,E1215,https://www.nso.gov.vn/en/px-web?pxid=E1215&theme=Transport%2C%20Postal%20Services%20and%20Telecommunications,source_reported_unharmonized
e1215_c9b3c38247,trade_services,Volume of freight transported by province(*),Total,VN_SRC_GIALAI,Gia Lai,2004,annual,2115.0,Thous. tons,not_specified,E1215,https://www.nso.gov.vn/en/px-web?pxid=E1215&theme=Transport%2C%20Postal%20Services%20and%20Telecommunications,source_reported_unharmonized
e1215_c9b3c38247,trade_services,Volume of freight transported by province(*),Total,VN_SRC_GIALAI,Gia Lai,2005,annual,2636.0,Thous. tons,not_specified,E1215,https://www.nso.gov.vn/en/px-web?pxid=E1215&theme=Transport%2C%20Postal%20Services%20and%20Telecommunications,source_reported_unharmonized
e1215_c9b3c38247,trade_services,Volume of freight transported by province(*),Total,VN_SRC_GIALAI,Gia Lai,2006,annual,3113.0,Thous. tons,not_specified,E1215,https://www.nso.gov.vn/en/px-web?pxid=E1215&theme=Transport%2C%20Postal%20Services%20and%20Telecommunications,source_reported_unharmonized
e1215_c9b3c38247,trade_services,Volume of freight transported by province(*),Total,VN_SRC_GIALAI,Gia Lai,2007,annual,3696.0,Thous. tons,not_specified,E1215,https://www.nso.gov.vn/en/px-web?pxid=E1215&theme=Transport%2C%20Postal%20Services%20and%20Telecommunications,source_reported_unharmonized
e1215_c9b3c38247,trade_services,Volume of freight transported by province(*),Total,VN_SRC_GIALAI,Gia Lai,2008,annual,5506.0,Thous. tons,not_specified,E1215,https://www.nso.gov.vn/en/px-web?pxid=E1215&theme=Transport%2C%20Postal%20Services%20and%20Telecommunications,source_reported_unharmonized
e1215_c9b3c38247,trade_services,Volume of freight transported by province(*),Total,VN_SRC_GIALAI,Gia Lai,2009,annual,6734.0,Thous. tons,not_specified,E1215,https://www.nso.gov.vn/en/px-web?pxid=E1215&theme=Transport%2C%20Postal%20Services%20and%20Telecommunications,source_reported_unharmonized
e1215_c9b3c38247,trade_services,Volume of freight transported by province(*),Total,VN_SRC_GIALAI,Gia Lai,2010,annual,7819.0,Thous. tons,not_specified,E1215,https://www.nso.gov.vn/en/px-web?pxid=E1215&theme=Transport%2C%20Postal%20Services%20and%20Telecommunications,source_reported_unharmonized
e1215_c9b3c38247,trade_services,Volume of freight transported by province(*),Total,VN_SRC_GIALAI,Gia Lai,2011,annual,8264.7,Thous. tons,not_specified,E1215,https://www.nso.gov.vn/en/px-web?pxid=E1215&theme=Transport%2C%20Postal%20Services%20and%20Telecommunications,source_reported_unharmonized
e1215_c9b3c38247,trade_services,Volume of freight transported by province(*),Total,VN_SRC_GIALAI,Gia Lai,2012,annual,8801.9,Thous. tons,not_specified,E1215,https://www.nso.gov.vn/en/px-web?pxid=E1215&theme=Transport%2C%20Postal%20Services%20and%20Telecommunications,source_reported_unharmonized
e1215_c9b3c38247,trade_services,Volume of freight transported by province(*),Total,VN_SRC_GIALAI,Gia Lai,2013,annual,10667.9,Thous. tons,not_specified,E1215,https://www.nso.gov.vn/en/px-web?pxid=E1215&theme=Transport%2C%20Postal%20Services%20and%20Telecommunications,source_reported_unharmonized
e1215_c9b3c38247,trade_services,Volume of freight transported by province(*),Total,VN_SRC_GIALAI,Gia Lai,2014,annual,11414.6,Thous. tons,not_specified,E1215,https://www.nso.gov.vn/en/px-web?pxid=E1215&theme=Transport%2C%20Postal%20Services%20and%20Telecommunications,source_reported_unharmonized
e1215_c9b3c38247,trade_services,Volume of freight transported by province(*),Total,VN_SRC_GIALAI,Gia Lai,2015,annual,13857.4,Thous. tons,not_specified,E1215,https://www.nso.gov.vn/en/px-web?pxid=E1215&theme=Transport%2C%20Postal%20Services%20and%20Telecommunications,source_reported_unharmonized
e1215_c9b3c38247,trade_services,Volume of freight transported by province(*),Total,VN_SRC_GIALAI,Gia Lai,2016,annual,15717.0,Thous. tons,not_specified,E1215,https://www.nso.gov.vn/en/px-web?pxid=E1215&theme=Transport%2C%20Postal%20Services%20and%20Telecommunications,source_reported_unharmonized
e1215_c9b3c38247,trade_services,Volume of freight transported by province(*),Total,VN_SRC_GIALAI,Gia Lai,2017,annual,16943.0,Thous. tons,not_specified,E1215,https://www.nso.gov.vn/en/px-web?pxid=E1215&theme=Transport%2C%20Postal%20Services%20and%20Telecommunications,source_reported_unharmonized
e1215_c9b3c38247,trade_services,Volume of freight transported by province(*),Total,VN_SRC_GIALAI,Gia Lai,2018,annual,18552.5,Thous. tons,not_specified,E1215,https://www.nso.gov.vn/en/px-web?pxid=E1215&theme=Transport%2C%20Postal%20Services%20and%20Telecommunications,source_reported_unharmonized
e1215_c9b3c38247,trade_services,Volume of freight transported by province(*),Total,VN_SRC_GIALAI,Gia Lai,2019,annual,21686.6,Thous. tons,not_specified,E1215,https://www.nso.gov.vn/en/px-web?pxid=E1215&theme=Transport%2C%20Postal%20Services%20and%20Telecommunications,source_reported_unharmonized
e1215_c9b3c38247,trade_services,Volume of freight transported by province(*),Total,VN_SRC_GIALAI,Gia Lai,2020,annual,22575.8,Thous. tons,not_specified,E1215,https://www.nso.gov.vn/en/px-web?pxid=E1215&theme=Transport%2C%20Postal%20Services%20and%20Telecommunications,source_reported_unharmonized
e1215_c9b3c38247,trade_services,Volume of freight transported by province(*),Total,VN_SRC_GIALAI,Gia Lai,2021,annual,16039.0,Thous. tons,not_specified,E1215,https://www.nso.gov.vn/en/px-web?pxid=E1215&theme=Transport%2C%20Postal%20Services%20and%20Telecommunications,source_reported_unharmonized
e1215_c9b3c38247,trade_services,Volume of freight transported by province(*),Total,VN_SRC_GIALAI,Gia Lai,2022,annual,18414.8,Thous. tons,not_specified,E1215,https://www.nso.gov.vn/en/px-web?pxid=E1215&theme=Transport%2C%20Postal%20Services%20and%20Telecommunications,source_reported_unharmonized
e1215_c9b3c38247,trade_services,Volume of freight transported by province(*),Total,VN_SRC_GIALAI,Gia Lai,2023,annual,18812.2,Thous. tons,not_specified,E1215,https://www.nso.gov.vn/en/px-web?pxid=E1215&theme=Transport%2C%20Postal%20Services%20and%20Telecommunications,source_reported_unharmonized
e1215_c9b3c38247,trade_services,Volume of freight transported by province(*),Total,VN_SRC_GIALAI,Gia Lai,2024,annual,18865.3,Thous. tons,not_specified,E1215,https://www.nso.gov.vn/en/px-web?pxid=E1215&theme=Transport%2C%20Postal%20Services%20and%20Telecommunications,source_reported_unharmonized
e1215_c9b3c38247,trade_services,Volume of freight transported by province(*),Total,VN_SRC_GIALAI,Gia Lai,2025,annual,20966.1,Thous. tons,preliminary,E1215,https://www.nso.gov.vn/en/px-web?pxid=E1215&theme=Transport%2C%20Postal%20Services%20and%20Telecommunications,source_reported_unharmonized
e1215_c9b3c38247,trade_services,Volume of freight transported by province(*),Total,VN_SRC_DAKLAK,Dak Lak,2000,annual,1695.0,Thous. tons,not_specified,E1215,https://www.nso.gov.vn/en/px-web?pxid=E1215&theme=Transport%2C%20Postal%20Services%20and%20Telecommunications,source_reported_unharmonized
e1215_c9b3c38247,trade_services,Volume of freight transported by province(*),Total,VN_SRC_DAKLAK,Dak Lak,2001,annual,1877.0,Thous. tons,not_specified,E1215,https://www.nso.gov.vn/en/px-web?pxid=E1215&theme=Transport%2C%20Postal%20Services%20and%20Telecommunications,source_reported_unharmonized
e1215_c9b3c38247,trade_services,Volume of freight transported by province(*),Total,VN_SRC_DAKLAK,Dak Lak,2002,annual,1880.0,Thous. tons,not_specified,E1215,https://www.nso.gov.vn/en/px-web?pxid=E1215&theme=Transport%2C%20Postal%20Services%20and%20Telecommunications,source_reported_unharmonized
e1215_c9b3c38247,trade_services,Volume of freight transported by province(*),Total,VN_SRC_DAKLAK,Dak Lak,2003,annual,1990.0,Thous. tons,not_specified,E1215,https://www.nso.gov.vn/en/px-web?pxid=E1215&theme=Transport%2C%20Postal%20Services%20and%20Telecommunications,source_reported_unharmonized
e1215_c9b3c38247,trade_services,Volume of freight transported by province(*),Total,VN_SRC_DAKLAK,Dak Lak,2004,annual,2034.0,Thous. tons,not_specified,E1215,https://www.nso.gov.vn/en/px-web?pxid=E1215&theme=Transport%2C%20Postal%20Services%20and%20Telecommunications,source_reported_unharmonized
e1215_c9b3c38247,trade_services,Volume of freight transported by province(*),Total,VN_SRC_DAKLAK,Dak Lak,2005,annual,2378.0,Thous. tons,not_specified,E1215,https://www.nso.gov.vn/en/px-web?pxid=E1215&theme=Transport%2C%20Postal%20Services%20and%20Telecommunications,source_reported_unharmonized
e1215_c9b3c38247,trade_services,Volume of freight transported by province(*),Total,VN_SRC_DAKLAK,Dak Lak,2006,annual,2910.0,Thous. tons,not_specified,E1215,https://www.nso.gov.vn/en/px-web?pxid=E1215&theme=Transport%2C%20Postal%20Services%20and%20Telecommunications,source_reported_unharmonized
e1215_c9b3c38247,trade_services,Volume of freight transported by province(*),Total,VN_SRC_DAKLAK,Dak Lak,2007,annual,3728.6,Thous. tons,not_specified,E1215,https://www.nso.gov.vn/en/px-web?pxid=E1215&theme=Transport%2C%20Postal%20Services%20and%20Telecommunications,source_reported_unharmonized
e1215_c9b3c38247,trade_services,Volume of freight transported by province(*),Total,VN_SRC_DAKLAK,Dak Lak,2008,annual,4507.0,Thous. tons,not_specified,E1215,https://www.nso.gov.vn/en/px-web?pxid=E1215&theme=Transport%2C%20Postal%20Services%20and%20Telecommunications,source_reported_unharmonized
e1215_c9b3c38247,trade_services,Volume of freight transported by province(*),Total,VN_SRC_DAKLAK,Dak Lak,2009,annual,4988.0,Thous. tons,not_specified,E1215,https://www.nso.gov.vn/en/px-web?pxid=E1215&theme=Transport%2C%20Postal%20Services%20and%20Telecommunications,source_reported_unharmonized
e1215_c9b3c38247,trade_services,Volume of freight transported by province(*),Total,VN_SRC_DAKLAK,Dak Lak,2010,annual,6925.0,Thous. tons,not_specified,E1215,https://www.nso.gov.vn/en/px-web?pxid=E1215&theme=Transport%2C%20Postal%20Services%20and%20Telecommunications,source_reported_unharmonized
e1215_c9b3c38247,trade_services,Volume of freight transported by province(*),Total,VN_SRC_DAKLAK,Dak Lak,2011,annual,8885.2,Thous. tons,not_specified,E1215,https://www.nso.gov.vn/en/px-web?pxid=E1215&theme=Transport%2C%20Postal%20Services%20and%20Telecommunications,source_reported_unharmonized
e1215_c9b3c38247,trade_services,Volume of freight transported by province(*),Total,VN_SRC_DAKLAK,Dak Lak,2012,annual,10004.9,Thous. tons,not_specified,E1215,https://www.nso.gov.vn/en/px-web?pxid=E1215&theme=Transport%2C%20Postal%20Services%20and%20Telecommunications,source_reported_unharmonized
e1215_c9b3c38247,trade_services,Volume of freight transported by province(*),Total,VN_SRC_DAKLAK,Dak Lak,2013,annual,11225.5,Thous. tons,not_specified,E1215,https://www.nso.gov.vn/en/px-web?pxid=E1215&theme=Transport%2C%20Postal%20Services%20and%20Telecommunications,source_reported_unharmonized
e1215_c9b3c38247,trade_services,Volume of freight transported by province(*),Total,VN_SRC_DAKLAK,Dak Lak,2014,annual,11758.6,Thous. tons,not_specified,E1215,https://www.nso.gov.vn/en/px-web?pxid=E1215&theme=Transport%2C%20Postal%20Services%20and%20Telecommunications,source_reported_unharmonized
e1215_c9b3c38247,trade_services,Volume of freight transported by province(*),Total,VN_SRC_DAKLAK,Dak Lak,2015,annual,12358.0,Thous. tons,not_specified,E1215,https://www.nso.gov.vn/en/px-web?pxid=E1215&theme=Transport%2C%20Postal%20Services%20and%20Telecommunications,source_reported_unharmonized
e1215_c9b3c38247,trade_services,Volume of freight transported by province(*),Total,VN_SRC_DAKLAK,Dak Lak,2016,annual,13087.8,Thous. tons,not_specified,E1215,https://www.nso.gov.vn/en/px-web?pxid=E1215&theme=Transport%2C%20Postal%20Services%20and%20Telecommunications,source_reported_unharmonized
e1215_c9b3c38247,trade_services,Volume of freight transported by province(*),Total,VN_SRC_DAKLAK,Dak Lak,2017,annual,13750.9,Thous. tons,not_specified,E1215,https://www.nso.gov.vn/en/px-web?pxid=E1215&theme=Transport%2C%20Postal%20Services%20and%20Telecommunications,source_reported_unharmonized
e1215_c9b3c38247,trade_services,Volume of freight transported by province(*),Total,VN_SRC_DAKLAK,Dak Lak,2018,annual,15313.2,Thous. tons,not_specified,E1215,https://www.nso.gov.vn/en/px-web?pxid=E1215&theme=Transport%2C%20Postal%20Services%20and%20Telecommunications,source_reported_unharmonized
e1215_c9b3c38247,trade_services,Volume of freight transported by province(*),Total,VN_SRC_DAKLAK,Dak Lak,2019,annual,16566.8,Thous. tons,not_specified,E1215,https://www.nso.gov.vn/en/px-web?pxid=E1215&theme=Transport%2C%20Postal%20Services%20and%20Telecommunications,source_reported_unharmonized
e1215_c9b3c38247,trade_services,Volume of freight transported by province(*),Total,VN_SRC_DAKLAK,Dak Lak,2020,annual,17927.0,Thous. tons,not_specified,E1215,https://www.nso.gov.vn/en/px-web?pxid=E1215&theme=Transport%2C%20Postal%20Services%20and%20Telecommunications,source_reported_unharmonized
e1215_c9b3c38247,trade_services,Volume of freight transported by province(*),Total,VN_SRC_DAKLAK,Dak Lak,2021,annual,18797.2,Thous. tons,not_specified,E1215,https://www.nso.gov.vn/en/px-web?pxid=E1215&theme=Transport%2C%20Postal%20Services%20and%20Telecommunications,source_reported_unharmonized
e1215_c9b3c38247,trade_services,Volume of freight transported by province(*),Total,VN_SRC_DAKLAK,Dak Lak,2022,annual,24436.4,Thous. tons,not_specified,E1215,https://www.nso.gov.vn/en/px-web?pxid=E1215&theme=Transport%2C%20Postal%20Services%20and%20Telecommunications,source_reported_unharmonized
e1215_c9b3c38247,trade_services,Volume of freight transported by province(*),Total,VN_SRC_DAKLAK,Dak Lak,2023,annual,24796.8,Thous. tons,not_specified,E1215,https://www.nso.gov.vn/en/px-web?pxid=E1215&theme=Transport%2C%20Postal%20Services%20and%20Telecommunications,source_reported_unharmonized
e1215_c9b3c38247,trade_services,Volume of freight transported by province(*),Total,VN_SRC_DAKLAK,Dak Lak,2024,annual,22162.7,Thous. tons,not_specified,E1215,https://www.nso.gov.vn/en/px-web?pxid=E1215&theme=Transport%2C%20Postal%20Services%20and%20Telecommunications,source_reported_unharmonized
e1215_c9b3c38247,trade_services,Volume of freight transported by province(*),Total,VN_SRC_DAKLAK,Dak Lak,2025,annual,23298.7,Thous. tons,preliminary,E1215,https://www.nso.gov.vn/en/px-web?pxid=E1215&theme=Transport%2C%20Postal%20Services%20and%20Telecommunications,source_reported_unharmonized
e1215_c9b3c38247,trade_services,Volume of freight transported by province(*),Total,VN_SRC_DAKNONG,Dak Nong,2000,annual,,Thous. tons,not_specified,E1215,https://www.nso.gov.vn/en/px-web?pxid=E1215&theme=Transport%2C%20Postal%20Services%20and%20Telecommunications,source_reported_unharmonized
e1215_c9b3c38247,trade_services,Volume of freight transported by province(*),Total,VN_SRC_DAKNONG,Dak Nong,2001,annual,,Thous. tons,not_specified,E1215,https://www.nso.gov.vn/en/px-web?pxid=E1215&theme=Transport%2C%20Postal%20Services%20and%20Telecommunications,source_reported_unharmonized
e1215_c9b3c38247,trade_services,Volume of freight transported by province(*),Total,VN_SRC_DAKNONG,Dak Nong,2002,annual,,Thous. tons,not_specified,E1215,https://www.nso.gov.vn/en/px-web?pxid=E1215&theme=Transport%2C%20Postal%20Services%20and%20Telecommunications,source_reported_unharmonized
e1215_c9b3c38247,trade_services,Volume of freight transported by province(*),Total,VN_SRC_DAKNONG,Dak Nong,2003,annual,367.0,Thous. tons,not_specified,E1215,https://www.nso.gov.vn/en/px-web?pxid=E1215&theme=Transport%2C%20Postal%20Services%20and%20Telecommunications,source_reported_unharmonized
e1215_c9b3c38247,trade_services,Volume of freight transported by province(*),Total,VN_SRC_DAKNONG,Dak Nong,2004,annual,373.0,Thous. tons,not_specified,E1215,https://www.nso.gov.vn/en/px-web?pxid=E1215&theme=Transport%2C%20Postal%20Services%20and%20Telecommunications,source_reported_unharmonized
e1215_c9b3c38247,trade_services,Volume of freight transported by province(*),Total,VN_SRC_DAKNONG,Dak Nong,2005,annual,399.0,Thous. tons,not_specified,E1215,https://www.nso.gov.vn/en/px-web?pxid=E1215&theme=Transport%2C%20Postal%20Services%20and%20Telecommunications,source_reported_unharmonized
e1215_c9b3c38247,trade_services,Volume of freight transported by province(*),Total,VN_SRC_DAKNONG,Dak Nong,2006,annual,431.0,Thous. tons,not_specified,E1215,https://www.nso.gov.vn/en/px-web?pxid=E1215&theme=Transport%2C%20Postal%20Services%20and%20Telecommunications,source_reported_unharmonized
e1215_c9b3c38247,trade_services,Volume of freight transported by province(*),Total,VN_SRC_DAKNONG,Dak Nong,2007,annual,461.0,Thous. tons,not_specified,E1215,https://www.nso.gov.vn/en/px-web?pxid=E1215&theme=Transport%2C%20Postal%20Services%20and%20Telecommunications,source_reported_unharmonized
e1215_c9b3c38247,trade_services,Volume of freight transported by province(*),Total,VN_SRC_DAKNONG,Dak Nong,2008,annual,530.2,Thous. tons,not_specified,E1215,https://www.nso.gov.vn/en/px-web?pxid=E1215&theme=Transport%2C%20Postal%20Services%20and%20Telecommunications,source_reported_unharmonized
e1215_c9b3c38247,trade_services,Volume of freight transported by province(*),Total,VN_SRC_DAKNONG,Dak Nong,2009,annual,609.7,Thous. tons,not_specified,E1215,https://www.nso.gov.vn/en/px-web?pxid=E1215&theme=Transport%2C%20Postal%20Services%20and%20Telecommunications,source_reported_unharmonized
e1215_c9b3c38247,trade_services,Volume of freight transported by province(*),Total,VN_SRC_DAKNONG,Dak Nong,2010,annual,652.4,Thous. tons,not_specified,E1215,https://www.nso.gov.vn/en/px-web?pxid=E1215&theme=Transport%2C%20Postal%20Services%20and%20Telecommunications,source_reported_unharmonized
e1215_c9b3c38247,trade_services,Volume of freight transported by province(*),Total,VN_SRC_DAKNONG,Dak Nong,2011,annual,774.4,Thous. tons,not_specified,E1215,https://www.nso.gov.vn/en/px-web?pxid=E1215&theme=Transport%2C%20Postal%20Services%20and%20Telecommunications,source_reported_unharmonized
e1215_c9b3c38247,trade_services,Volume of freight transported by province(*),Total,VN_SRC_DAKNONG,Dak Nong,2012,annual,800.7,Thous. tons,not_specified,E1215,https://www.nso.gov.vn/en/px-web?pxid=E1215&theme=Transport%2C%20Postal%20Services%20and%20Telecommunications,source_reported_unharmonized
e1215_c9b3c38247,trade_services,Volume of freight transported by province(*),Total,VN_SRC_DAKNONG,Dak Nong,2013,annual,860.0,Thous. tons,not_specified,E1215,https://www.nso.gov.vn/en/px-web?pxid=E1215&theme=Transport%2C%20Postal%20Services%20and%20Telecommunications,source_reported_unharmonized
e1215_c9b3c38247,trade_services,Volume of freight transported by province(*),Total,VN_SRC_DAKNONG,Dak Nong,2014,annual,885.8,Thous. tons,not_specified,E1215,https://www.nso.gov.vn/en/px-web?pxid=E1215&theme=Transport%2C%20Postal%20Services%20and%20Telecommunications,source_reported_unharmonized
e1215_c9b3c38247,trade_services,Volume of freight transported by province(*),Total,VN_SRC_DAKNONG,Dak Nong,2015,annual,1045.2,Thous. tons,not_specified,E1215,https://www.nso.gov.vn/en/px-web?pxid=E1215&theme=Transport%2C%20Postal%20Services%20and%20Telecommunications,source_reported_unharmonized
e1215_c9b3c38247,trade_services,Volume of freight transported by province(*),Total,VN_SRC_DAKNONG,Dak Nong,2016,annual,1144.3,Thous. tons,not_specified,E1215,https://www.nso.gov.vn/en/px-web?pxid=E1215&theme=Transport%2C%20Postal%20Services%20and%20Telecommunications,source_reported_unharmonized
e1215_c9b3c38247,trade_services,Volume of freight transported by province(*),Total,VN_SRC_DAKNONG,Dak Nong,2017,annual,1235.8,Thous. tons,not_specified,E1215,https://www.nso.gov.vn/en/px-web?pxid=E1215&theme=Transport%2C%20Postal%20Services%20and%20Telecommunications,source_reported_unharmonized
e1215_c9b3c38247,trade_services,Volume of freight transported by province(*),Total,VN_SRC_DAKNONG,Dak Nong,2018,annual,1568.0,Thous. tons,not_specified,E1215,https://www.nso.gov.vn/en/px-web?pxid=E1215&theme=Transport%2C%20Postal%20Services%20and%20Telecommunications,source_reported_unharmonized
e1215_c9b3c38247,trade_services,Volume of freight transported by province(*),Total,VN_SRC_DAKNONG,Dak Nong,2019,annual,1663.8,Thous. tons,not_specified,E1215,https://www.nso.gov.vn/en/px-web?pxid=E1215&theme=Transport%2C%20Postal%20Services%20and%20Telecommunications,source_reported_unharmonized
e1215_c9b3c38247,trade_services,Volume of freight transported by province(*),Total,VN_SRC_DAKNONG,Dak Nong,2020,annual,1777.2,Thous. tons,not_specified,E1215,https://www.nso.gov.vn/en/px-web?pxid=E1215&theme=Transport%2C%20Postal%20Services%20and%20Telecommunications,source_reported_unharmonized
e1215_c9b3c38247,trade_services,Volume of freight transported by province(*),Total,VN_SRC_DAKNONG,Dak Nong,2021,annual,1452.0,Thous. tons,not_specified,E1215,https://www.nso.gov.vn/en/px-web?pxid=E1215&theme=Transport%2C%20Postal%20Services%20and%20Telecommunications,source_reported_unharmonized
e1215_c9b3c38247,trade_services,Volume of freight transported by province(*),Total,VN_SRC_DAKNONG,Dak Nong,2022,annual,1955.5,Thous. tons,not_specified,E1215,https://www.nso.gov.vn/en/px-web?pxid=E1215&theme=Transport%2C%20Postal%20Services%20and%20Telecommunications,source_reported_unharmonized
e1215_c9b3c38247,trade_services,Volume of freight transported by province(*),Total,VN_SRC_DAKNONG,Dak Nong,2023,annual,2356.7,Thous. tons,not_specified,E1215,https://www.nso.gov.vn/en/px-web?pxid=E1215&theme=Transport%2C%20Postal%20Services%20and%20Telecommunications,source_reported_unharmonized
e1215_c9b3c38247,trade_services,Volume of freight transported by province(*),Total,VN_SRC_DAKNONG,Dak Nong,2024,annual,2614.6,Thous. tons,not_specified,E1215,https://www.nso.gov.vn/en/px-web?pxid=E1215&theme=Transport%2C%20Postal%20Services%20and%20Telecommunications,source_reported_unharmonized
e1215_c9b3c38247,trade_services,Volume of freight transported by province(*),Total,VN_SRC_DAKNONG,Dak Nong,2025,annual,2608.7,Thous. tons,preliminary,E1215,https://www.nso.gov.vn/en/px-web?pxid=E1215&theme=Transport%2C%20Postal%20Services%20and%20Telecommunications,source_reported_unharmonized
e1215_c9b3c38247,trade_services,Volume of freight transported by province(*),Total,VN_SRC_LAMDONG,Lam Dong,2000,annual,1477.0,Thous. tons,not_specified,E1215,https://www.nso.gov.vn/en/px-web?pxid=E1215&theme=Transport%2C%20Postal%20Services%20and%20Telecommunications,source_reported_unharmonized
e1215_c9b3c38247,trade_services,Volume of freight transported by province(*),Total,VN_SRC_LAMDONG,Lam Dong,2001,annual,1684.0,Thous. tons,not_specified,E1215,https://www.nso.gov.vn/en/px-web?pxid=E1215&theme=Transport%2C%20Postal%20Services%20and%20Telecommunications,source_reported_unharmonized
e1215_c9b3c38247,trade_services,Volume of freight transported by province(*),Total,VN_SRC_LAMDONG,Lam Dong,2002,annual,1684.0,Thous. tons,not_specified,E1215,https://www.nso.gov.vn/en/px-web?pxid=E1215&theme=Transport%2C%20Postal%20Services%20and%20Telecommunications,source_reported_unharmonized
e1215_c9b3c38247,trade_services,Volume of freight transported by province(*),Total,VN_SRC_LAMDONG,Lam Dong,2003,annual,1737.0,Thous. tons,not_specified,E1215,https://www.nso.gov.vn/en/px-web?pxid=E1215&theme=Transport%2C%20Postal%20Services%20and%20Telecommunications,source_reported_unharmonized
e1215_c9b3c38247,trade_services,Volume of freight transported by province(*),Total,VN_SRC_LAMDONG,Lam Dong,2004,annual,1950.8,Thous. tons,not_specified,E1215,https://www.nso.gov.vn/en/px-web?pxid=E1215&theme=Transport%2C%20Postal%20Services%20and%20Telecommunications,source_reported_unharmonized
e1215_c9b3c38247,trade_services,Volume of freight transported by province(*),Total,VN_SRC_LAMDONG,Lam Dong,2005,annual,2375.5,Thous. tons,not_specified,E1215,https://www.nso.gov.vn/en/px-web?pxid=E1215&theme=Transport%2C%20Postal%20Services%20and%20Telecommunications,source_reported_unharmonized
e1215_c9b3c38247,trade_services,Volume of freight transported by province(*),Total,VN_SRC_LAMDONG,Lam Dong,2006,annual,2962.1,Thous. tons,not_specified,E1215,https://www.nso.gov.vn/en/px-web?pxid=E1215&theme=Transport%2C%20Postal%20Services%20and%20Telecommunications,source_reported_unharmonized
e1215_c9b3c38247,trade_services,Volume of freight transported by province(*),Total,VN_SRC_LAMDONG,Lam Dong,2007,annual,3339.6,Thous. tons,not_specified,E1215,https://www.nso.gov.vn/en/px-web?pxid=E1215&theme=Transport%2C%20Postal%20Services%20and%20Telecommunications,source_reported_unharmonized
e1215_c9b3c38247,trade_services,Volume of freight transported by province(*),Total,VN_SRC_LAMDONG,Lam Dong,2008,annual,3852.0,Thous. tons,not_specified,E1215,https://www.nso.gov.vn/en/px-web?pxid=E1215&theme=Transport%2C%20Postal%20Services%20and%20Telecommunications,source_reported_unharmonized
e1215_c9b3c38247,trade_services,Volume of freight transported by province(*),Total,VN_SRC_LAMDONG,Lam Dong,2009,annual,4347.0,Thous. tons,not_specified,E1215,https://www.nso.gov.vn/en/px-web?pxid=E1215&theme=Transport%2C%20Postal%20Services%20and%20Telecommunications,source_reported_unharmonized
e1215_c9b3c38247,trade_services,Volume of freight transported by province(*),Total,VN_SRC_LAMDONG,Lam Dong,2010,annual,5176.4,Thous. tons,not_specified,E1215,https://www.nso.gov.vn/en/px-web?pxid=E1215&theme=Transport%2C%20Postal%20Services%20and%20Telecommunications,source_reported_unharmonized
e1215_c9b3c38247,trade_services,Volume of freight transported by province(*),Total,VN_SRC_LAMDONG,Lam Dong,2011,annual,6060.4,Thous. tons,not_specified,E1215,https://www.nso.gov.vn/en/px-web?pxid=E1215&theme=Transport%2C%20Postal%20Services%20and%20Telecommunications,source_reported_unharmonized
e1215_c9b3c38247,trade_services,Volume of freight transported by province(*),Total,VN_SRC_LAMDONG,Lam Dong,2012,annual,6628.9,Thous. tons,not_specified,E1215,https://www.nso.gov.vn/en/px-web?pxid=E1215&theme=Transport%2C%20Postal%20Services%20and%20Telecommunications,source_reported_unharmonized
e1215_c9b3c38247,trade_services,Volume of freight transported by province(*),Total,VN_SRC_LAMDONG,Lam Dong,2013,annual,7844.6,Thous. tons,not_specified,E1215,https://www.nso.gov.vn/en/px-web?pxid=E1215&theme=Transport%2C%20Postal%20Services%20and%20Telecommunications,source_reported_unharmonized
e1215_c9b3c38247,trade_services,Volume of freight transported by province(*),Total,VN_SRC_LAMDONG,Lam Dong,2014,annual,8184.7,Thous. tons,not_specified,E1215,https://www.nso.gov.vn/en/px-web?pxid=E1215&theme=Transport%2C%20Postal%20Services%20and%20Telecommunications,source_reported_unharmonized
e1215_c9b3c38247,trade_services,Volume of freight transported by province(*),Total,VN_SRC_LAMDONG,Lam Dong,2015,annual,6255.4,Thous. tons,not_specified,E1215,https://www.nso.gov.vn/en/px-web?pxid=E1215&theme=Transport%2C%20Postal%20Services%20and%20Telecommunications,source_reported_unharmonized
e1215_c9b3c38247,trade_services,Volume of freight transported by province(*),Total,VN_SRC_LAMDONG,Lam Dong,2016,annual,10774.4,Thous. tons,not_specified,E1215,https://www.nso.gov.vn/en/px-web?pxid=E1215&theme=Transport%2C%20Postal%20Services%20and%20Telecommunications,source_reported_unharmonized
e1215_c9b3c38247,trade_services,Volume of freight transported by province(*),Total,VN_SRC_LAMDONG,Lam Dong,2017,annual,11291.5,Thous. tons,not_specified,E1215,https://www.nso.gov.vn/en/px-web?pxid=E1215&theme=Transport%2C%20Postal%20Services%20and%20Telecommunications,source_reported_unharmonized
e1215_c9b3c38247,trade_services,Volume of freight transported by province(*),Total,VN_SRC_LAMDONG,Lam Dong,2018,annual,12648.0,Thous. tons,not_specified,E1215,https://www.nso.gov.vn/en/px-web?pxid=E1215&theme=Transport%2C%20Postal%20Services%20and%20Telecommunications,source_reported_unharmonized
e1215_c9b3c38247,trade_services,Volume of freight transported by province(*),Total,VN_SRC_LAMDONG,Lam Dong,2019,annual,14680.0,Thous. tons,not_specified,E1215,https://www.nso.gov.vn/en/px-web?pxid=E1215&theme=Transport%2C%20Postal%20Services%20and%20Telecommunications,source_reported_unharmonized
e1215_c9b3c38247,trade_services,Volume of freight transported by province(*),Total,VN_SRC_LAMDONG,Lam Dong,2020,annual,16573.0,Thous. tons,not_specified,E1215,https://www.nso.gov.vn/en/px-web?pxid=E1215&theme=Transport%2C%20Postal%20Services%20and%20Telecommunications,source_reported_unharmonized
e1215_c9b3c38247,trade_services,Volume of freight transported by province(*),Total,VN_SRC_LAMDONG,Lam Dong,2021,annual,17251.9,Thous. tons,not_specified,E1215,https://www.nso.gov.vn/en/px-web?pxid=E1215&theme=Transport%2C%20Postal%20Services%20and%20Telecommunications,source_reported_unharmonized
e1215_c9b3c38247,trade_services,Volume of freight transported by province(*),Total,VN_SRC_LAMDONG,Lam Dong,2022,annual,23639.1,Thous. tons,not_specified,E1215,https://www.nso.gov.vn/en/px-web?pxid=E1215&theme=Transport%2C%20Postal%20Services%20and%20Telecommunications,source_reported_unharmonized
e1215_c9b3c38247,trade_services,Volume of freight transported by province(*),Total,VN_SRC_LAMDONG,Lam Dong,2023,annual,28639.4,Thous. tons,not_specified,E1215,https://www.nso.gov.vn/en/px-web?pxid=E1215&theme=Transport%2C%20Postal%20Services%20and%20Telecommunications,source_reported_unharmonized
e1215_c9b3c38247,trade_services,Volume of freight transported by province(*),Total,VN_SRC_LAMDONG,Lam Dong,2024,annual,32293.0,Thous. tons,not_specified,E1215,https://www.nso.gov.vn/en/px-web?pxid=E1215&theme=Transport%2C%20Postal%20Services%20and%20Telecommunications,source_reported_unharmonized
e1215_c9b3c38247,trade_services,Volume of freight transported by province(*),Total,VN_SRC_LAMDONG,Lam Dong,2025,annual,34294.2,Thous. tons,preliminary,E1215,https://www.nso.gov.vn/en/px-web?pxid=E1215&theme=Transport%2C%20Postal%20Services%20and%20Telecommunications,source_reported_unharmonized
e1215_c9b3c38247,trade_services,Volume of freight transported by province(*),Total,VN_SRC_BINHPHUOC,Binh Phuoc,2000,annual,489.0,Thous. tons,not_specified,E1215,https://www.nso.gov.vn/en/px-web?pxid=E1215&theme=Transport%2C%20Postal%20Services%20and%20Telecommunications,source_reported_unharmonized
e1215_c9b3c38247,trade_services,Volume of freight transported by province(*),Total,VN_SRC_BINHPHUOC,Binh Phuoc,2001,annual,511.0,Thous. tons,not_specified,E1215,https://www.nso.gov.vn/en/px-web?pxid=E1215&theme=Transport%2C%20Postal%20Services%20and%20Telecommunications,source_reported_unharmonized
e1215_c9b3c38247,trade_services,Volume of freight transported by province(*),Total,VN_SRC_BINHPHUOC,Binh Phuoc,2002,annual,560.0,Thous. tons,not_specified,E1215,https://www.nso.gov.vn/en/px-web?pxid=E1215&theme=Transport%2C%20Postal%20Services%20and%20Telecommunications,source_reported_unharmonized
e1215_c9b3c38247,trade_services,Volume of freight transported by province(*),Total,VN_SRC_BINHPHUOC,Binh Phuoc,2003,annual,624.0,Thous. tons,not_specified,E1215,https://www.nso.gov.vn/en/px-web?pxid=E1215&theme=Transport%2C%20Postal%20Services%20and%20Telecommunications,source_reported_unharmonized
e1215_c9b3c38247,trade_services,Volume of freight transported by province(*),Total,VN_SRC_BINHPHUOC,Binh Phuoc,2004,annual,844.0,Thous. tons,not_specified,E1215,https://www.nso.gov.vn/en/px-web?pxid=E1215&theme=Transport%2C%20Postal%20Services%20and%20Telecommunications,source_reported_unharmonized
e1215_c9b3c38247,trade_services,Volume of freight transported by province(*),Total,VN_SRC_BINHPHUOC,Binh Phuoc,2005,annual,913.0,Thous. tons,not_specified,E1215,https://www.nso.gov.vn/en/px-web?pxid=E1215&theme=Transport%2C%20Postal%20Services%20and%20Telecommunications,source_reported_unharmonized
e1215_c9b3c38247,trade_services,Volume of freight transported by province(*),Total,VN_SRC_BINHPHUOC,Binh Phuoc,2006,annual,1006.8,Thous. tons,not_specified,E1215,https://www.nso.gov.vn/en/px-web?pxid=E1215&theme=Transport%2C%20Postal%20Services%20and%20Telecommunications,source_reported_unharmonized
e1215_c9b3c38247,trade_services,Volume of freight transported by province(*),Total,VN_SRC_BINHPHUOC,Binh Phuoc,2007,annual,1127.0,Thous. tons,not_specified,E1215,https://www.nso.gov.vn/en/px-web?pxid=E1215&theme=Transport%2C%20Postal%20Services%20and%20Telecommunications,source_reported_unharmonized
e1215_c9b3c38247,trade_services,Volume of freight transported by province(*),Total,VN_SRC_BINHPHUOC,Binh Phuoc,2008,annual,1165.0,Thous. tons,not_specified,E1215,https://www.nso.gov.vn/en/px-web?pxid=E1215&theme=Transport%2C%20Postal%20Services%20and%20Telecommunications,source_reported_unharmonized
e1215_c9b3c38247,trade_services,Volume of freight transported by province(*),Total,VN_SRC_BINHPHUOC,Binh Phuoc,2009,annual,1279.0,Thous. tons,not_specified,E1215,https://www.nso.gov.vn/en/px-web?pxid=E1215&theme=Transport%2C%20Postal%20Services%20and%20Telecommunications,source_reported_unharmonized
e1215_c9b3c38247,trade_services,Volume of freight transported by province(*),Total,VN_SRC_BINHPHUOC,Binh Phuoc,2010,annual,1368.8,Thous. tons,not_specified,E1215,https://www.nso.gov.vn/en/px-web?pxid=E1215&theme=Transport%2C%20Postal%20Services%20and%20Telecommunications,source_reported_unharmonized
e1215_c9b3c38247,trade_services,Volume of freight transported by province(*),Total,VN_SRC_BINHPHUOC,Binh Phuoc,2011,annual,1576.2,Thous. tons,not_specified,E1215,https://www.nso.gov.vn/en/px-web?pxid=E1215&theme=Transport%2C%20Postal%20Services%20and%20Telecommunications,source_reported_unharmonized
e1215_c9b3c38247,trade_services,Volume of freight transported by province(*),Total,VN_SRC_BINHPHUOC,Binh Phuoc,2012,annual,1625.6,Thous. tons,not_specified,E1215,https://www.nso.gov.vn/en/px-web?pxid=E1215&theme=Transport%2C%20Postal%20Services%20and%20Telecommunications,source_reported_unharmonized
e1215_c9b3c38247,trade_services,Volume of freight transported by province(*),Total,VN_SRC_BINHPHUOC,Binh Phuoc,2013,annual,1756.4,Thous. tons,not_specified,E1215,https://www.nso.gov.vn/en/px-web?pxid=E1215&theme=Transport%2C%20Postal%20Services%20and%20Telecommunications,source_reported_unharmonized
e1215_c9b3c38247,trade_services,Volume of freight transported by province(*),Total,VN_SRC_BINHPHUOC,Binh Phuoc,2014,annual,1870.8,Thous. tons,not_specified,E1215,https://www.nso.gov.vn/en/px-web?pxid=E1215&theme=Transport%2C%20Postal%20Services%20and%20Telecommunications,source_reported_unharmonized
e1215_c9b3c38247,trade_services,Volume of freight transported by province(*),Total,VN_SRC_BINHPHUOC,Binh Phuoc,2015,annual,2073.4,Thous. tons,not_specified,E1215,https://www.nso.gov.vn/en/px-web?pxid=E1215&theme=Transport%2C%20Postal%20Services%20and%20Telecommunications,source_reported_unharmonized
e1215_c9b3c38247,trade_services,Volume of freight transported by province(*),Total,VN_SRC_BINHPHUOC,Binh Phuoc,2016,annual,2337.1,Thous. tons,not_specified,E1215,https://www.nso.gov.vn/en/px-web?pxid=E1215&theme=Transport%2C%20Postal%20Services%20and%20Telecommunications,source_reported_unharmonized
e1215_c9b3c38247,trade_services,Volume of freight transported by province(*),Total,VN_SRC_BINHPHUOC,Binh Phuoc,2017,annual,2442.3,Thous. tons,not_specified,E1215,https://www.nso.gov.vn/en/px-web?pxid=E1215&theme=Transport%2C%20Postal%20Services%20and%20Telecommunications,source_reported_unharmonized
e1215_c9b3c38247,trade_services,Volume of freight transported by province(*),Total,VN_SRC_BINHPHUOC,Binh Phuoc,2018,annual,2776.8,Thous. tons,not_specified,E1215,https://www.nso.gov.vn/en/px-web?pxid=E1215&theme=Transport%2C%20Postal%20Services%20and%20Telecommunications,source_reported_unharmonized
e1215_c9b3c38247,trade_services,Volume of freight transported by province(*),Total,VN_SRC_BINHPHUOC,Binh Phuoc,2019,annual,3341.0,Thous. tons,not_specified,E1215,https://www.nso.gov.vn/en/px-web?pxid=E1215&theme=Transport%2C%20Postal%20Services%20and%20Telecommunications,source_reported_unharmonized
e1215_c9b3c38247,trade_services,Volume of freight transported by province(*),Total,VN_SRC_BINHPHUOC,Binh Phuoc,2020,annual,2814.5,Thous. tons,not_specified,E1215,https://www.nso.gov.vn/en/px-web?pxid=E1215&theme=Transport%2C%20Postal%20Services%20and%20Telecommunications,source_reported_unharmonized
e1215_c9b3c38247,trade_services,Volume of freight transported by province(*),Total,VN_SRC_BINHPHUOC,Binh Phuoc,2021,annual,2554.9,Thous. tons,not_specified,E1215,https://www.nso.gov.vn/en/px-web?pxid=E1215&theme=Transport%2C%20Postal%20Services%20and%20Telecommunications,source_reported_unharmonized
e1215_c9b3c38247,trade_services,Volume of freight transported by province(*),Total,VN_SRC_BINHPHUOC,Binh Phuoc,2022,annual,2720.6,Thous. tons,not_specified,E1215,https://www.nso.gov.vn/en/px-web?pxid=E1215&theme=Transport%2C%20Postal%20Services%20and%20Telecommunications,source_reported_unharmonized
e1215_c9b3c38247,trade_services,Volume of freight transported by province(*),Total,VN_SRC_BINHPHUOC,Binh Phuoc,2023,annual,3593.5,Thous. tons,not_specified,E1215,https://www.nso.gov.vn/en/px-web?pxid=E1215&theme=Transport%2C%20Postal%20Services%20and%20Telecommunications,source_reported_unharmonized
e1215_c9b3c38247,trade_services,Volume of freight transported by province(*),Total,VN_SRC_BINHPHUOC,Binh Phuoc,2024,annual,4022.9,Thous. tons,not_specified,E1215,https://www.nso.gov.vn/en/px-web?pxid=E1215&theme=Transport%2C%20Postal%20Services%20and%20Telecommunications,source_reported_unharmonized
e1215_c9b3c38247,trade_services,Volume of freight transported by province(*),Total,VN_SRC_BINHPHUOC,Binh Phuoc,2025,annual,4880.0,Thous. tons,preliminary,E1215,https://www.nso.gov.vn/en/px-web?pxid=E1215&theme=Transport%2C%20Postal%20Services%20and%20Telecommunications,source_reported_unharmonized
e1215_c9b3c38247,trade_services,Volume of freight transported by province(*),Total,VN_SRC_TAYNINH,Tay Ninh,2000,annual,3980.0,Thous. tons,not_specified,E1215,https://www.nso.gov.vn/en/px-web?pxid=E1215&theme=Transport%2C%20Postal%20Services%20and%20Telecommunications,source_reported_unharmonized
e1215_c9b3c38247,trade_services,Volume of freight transported by province(*),Total,VN_SRC_TAYNINH,Tay Ninh,2001,annual,4528.0,Thous. tons,not_specified,E1215,https://www.nso.gov.vn/en/px-web?pxid=E1215&theme=Transport%2C%20Postal%20Services%20and%20Telecommunications,source_reported_unharmonized
e1215_c9b3c38247,trade_services,Volume of freight transported by province(*),Total,VN_SRC_TAYNINH,Tay Ninh,2002,annual,4818.0,Thous. tons,not_specified,E1215,https://www.nso.gov.vn/en/px-web?pxid=E1215&theme=Transport%2C%20Postal%20Services%20and%20Telecommunications,source_reported_unharmonized
e1215_c9b3c38247,trade_services,Volume of freight transported by province(*),Total,VN_SRC_TAYNINH,Tay Ninh,2003,annual,5904.0,Thous. tons,not_specified,E1215,https://www.nso.gov.vn/en/px-web?pxid=E1215&theme=Transport%2C%20Postal%20Services%20and%20Telecommunications,source_reported_unharmonized
e1215_c9b3c38247,trade_services,Volume of freight transported by province(*),Total,VN_SRC_TAYNINH,Tay Ninh,2004,annual,7356.0,Thous. tons,not_specified,E1215,https://www.nso.gov.vn/en/px-web?pxid=E1215&theme=Transport%2C%20Postal%20Services%20and%20Telecommunications,source_reported_unharmonized
e1215_c9b3c38247,trade_services,Volume of freight transported by province(*),Total,VN_SRC_TAYNINH,Tay Ninh,2005,annual,5670.0,Thous. tons,not_specified,E1215,https://www.nso.gov.vn/en/px-web?pxid=E1215&theme=Transport%2C%20Postal%20Services%20and%20Telecommunications,source_reported_unharmonized
e1215_c9b3c38247,trade_services,Volume of freight transported by province(*),Total,VN_SRC_TAYNINH,Tay Ninh,2006,annual,6327.0,Thous. tons,not_specified,E1215,https://www.nso.gov.vn/en/px-web?pxid=E1215&theme=Transport%2C%20Postal%20Services%20and%20Telecommunications,source_reported_unharmonized
e1215_c9b3c38247,trade_services,Volume of freight transported by province(*),Total,VN_SRC_TAYNINH,Tay Ninh,2007,annual,6451.7,Thous. tons,not_specified,E1215,https://www.nso.gov.vn/en/px-web?pxid=E1215&theme=Transport%2C%20Postal%20Services%20and%20Telecommunications,source_reported_unharmonized
e1215_c9b3c38247,trade_services,Volume of freight transported by province(*),Total,VN_SRC_TAYNINH,Tay Ninh,2008,annual,7520.0,Thous. tons,not_specified,E1215,https://www.nso.gov.vn/en/px-web?pxid=E1215&theme=Transport%2C%20Postal%20Services%20and%20Telecommunications,source_reported_unharmonized
e1215_c9b3c38247,trade_services,Volume of freight transported by province(*),Total,VN_SRC_TAYNINH,Tay Ninh,2009,annual,7697.0,Thous. tons,not_specified,E1215,https://www.nso.gov.vn/en/px-web?pxid=E1215&theme=Transport%2C%20Postal%20Services%20and%20Telecommunications,source_reported_unharmonized
e1215_c9b3c38247,trade_services,Volume of freight transported by province(*),Total,VN_SRC_TAYNINH,Tay Ninh,2010,annual,7901.3,Thous. tons,not_specified,E1215,https://www.nso.gov.vn/en/px-web?pxid=E1215&theme=Transport%2C%20Postal%20Services%20and%20Telecommunications,source_reported_unharmonized
e1215_c9b3c38247,trade_services,Volume of freight transported by province(*),Total,VN_SRC_TAYNINH,Tay Ninh,2011,annual,9299.1,Thous. tons,not_specified,E1215,https://www.nso.gov.vn/en/px-web?pxid=E1215&theme=Transport%2C%20Postal%20Services%20and%20Telecommunications,source_reported_unharmonized
e1215_c9b3c38247,trade_services,Volume of freight transported by province(*),Total,VN_SRC_TAYNINH,Tay Ninh,2012,annual,9634.9,Thous. tons,not_specified,E1215,https://www.nso.gov.vn/en/px-web?pxid=E1215&theme=Transport%2C%20Postal%20Services%20and%20Telecommunications,source_reported_unharmonized
e1215_c9b3c38247,trade_services,Volume of freight transported by province(*),Total,VN_SRC_TAYNINH,Tay Ninh,2013,annual,10155.8,Thous. tons,not_specified,E1215,https://www.nso.gov.vn/en/px-web?pxid=E1215&theme=Transport%2C%20Postal%20Services%20and%20Telecommunications,source_reported_unharmonized
e1215_c9b3c38247,trade_services,Volume of freight transported by province(*),Total,VN_SRC_TAYNINH,Tay Ninh,2014,annual,11510.0,Thous. tons,not_specified,E1215,https://www.nso.gov.vn/en/px-web?pxid=E1215&theme=Transport%2C%20Postal%20Services%20and%20Telecommunications,source_reported_unharmonized
e1215_c9b3c38247,trade_services,Volume of freight transported by province(*),Total,VN_SRC_TAYNINH,Tay Ninh,2015,annual,11952.8,Thous. tons,not_specified,E1215,https://www.nso.gov.vn/en/px-web?pxid=E1215&theme=Transport%2C%20Postal%20Services%20and%20Telecommunications,source_reported_unharmonized
e1215_c9b3c38247,trade_services,Volume of freight transported by province(*),Total,VN_SRC_TAYNINH,Tay Ninh,2016,annual,12548.4,Thous. tons,not_specified,E1215,https://www.nso.gov.vn/en/px-web?pxid=E1215&theme=Transport%2C%20Postal%20Services%20and%20Telecommunications,source_reported_unharmonized
e1215_c9b3c38247,trade_services,Volume of freight transported by province(*),Total,VN_SRC_TAYNINH,Tay Ninh,2017,annual,13381.9,Thous. tons,not_specified,E1215,https://www.nso.gov.vn/en/px-web?pxid=E1215&theme=Transport%2C%20Postal%20Services%20and%20Telecommunications,source_reported_unharmonized
e1215_c9b3c38247,trade_services,Volume of freight transported by province(*),Total,VN_SRC_TAYNINH,Tay Ninh,2018,annual,14557.0,Thous. tons,not_specified,E1215,https://www.nso.gov.vn/en/px-web?pxid=E1215&theme=Transport%2C%20Postal%20Services%20and%20Telecommunications,source_reported_unharmonized
e1215_c9b3c38247,trade_services,Volume of freight transported by province(*),Total,VN_SRC_TAYNINH,Tay Ninh,2019,annual,15757.0,Thous. tons,not_specified,E1215,https://www.nso.gov.vn/en/px-web?pxid=E1215&theme=Transport%2C%20Postal%20Services%20and%20Telecommunications,source_reported_unharmonized
e1215_c9b3c38247,trade_services,Volume of freight transported by province(*),Total,VN_SRC_TAYNINH,Tay Ninh,2020,annual,15217.8,Thous. tons,not_specified,E1215,https://www.nso.gov.vn/en/px-web?pxid=E1215&theme=Transport%2C%20Postal%20Services%20and%20Telecommunications,source_reported_unharmonized
e1215_c9b3c38247,trade_services,Volume of freight transported by province(*),Total,VN_SRC_TAYNINH,Tay Ninh,2021,annual,14581.9,Thous. tons,not_specified,E1215,https://www.nso.gov.vn/en/px-web?pxid=E1215&theme=Transport%2C%20Postal%20Services%20and%20Telecommunications,source_reported_unharmonized
e1215_c9b3c38247,trade_services,Volume of freight transported by province(*),Total,VN_SRC_TAYNINH,Tay Ninh,2022,annual,16589.9,Thous. tons,not_specified,E1215,https://www.nso.gov.vn/en/px-web?pxid=E1215&theme=Transport%2C%20Postal%20Services%20and%20Telecommunications,source_reported_unharmonized
e1215_c9b3c38247,trade_services,Volume of freight transported by province(*),Total,VN_SRC_TAYNINH,Tay Ninh,2023,annual,18624.1,Thous. tons,not_specified,E1215,https://www.nso.gov.vn/en/px-web?pxid=E1215&theme=Transport%2C%20Postal%20Services%20and%20Telecommunications,source_reported_unharmonized
e1215_c9b3c38247,trade_services,Volume of freight transported by province(*),Total,VN_SRC_TAYNINH,Tay Ninh,2024,annual,20477.1,Thous. tons,not_specified,E1215,https://www.nso.gov.vn/en/px-web?pxid=E1215&theme=Transport%2C%20Postal%20Services%20and%20Telecommunications,source_reported_unharmonized
e1215_c9b3c38247,trade_services,Volume of freight transported by province(*),Total,VN_SRC_TAYNINH,Tay Ninh,2025,annual,22621.6,Thous. tons,preliminary,E1215,https://www.nso.gov.vn/en/px-web?pxid=E1215&theme=Transport%2C%20Postal%20Services%20and%20Telecommunications,source_reported_unharmonized
e1215_c9b3c38247,trade_services,Volume of freight transported by province(*),Total,VN_SRC_BINHDUONG,Binh Duong,2000,annual,2402.0,Thous. tons,not_specified,E1215,https://www.nso.gov.vn/en/px-web?pxid=E1215&theme=Transport%2C%20Postal%20Services%20and%20Telecommunications,source_reported_unharmonized
e1215_c9b3c38247,trade_services,Volume of freight transported by province(*),Total,VN_SRC_BINHDUONG,Binh Duong,2001,annual,2648.0,Thous. tons,not_specified,E1215,https://www.nso.gov.vn/en/px-web?pxid=E1215&theme=Transport%2C%20Postal%20Services%20and%20Telecommunications,source_reported_unharmonized
e1215_c9b3c38247,trade_services,Volume of freight transported by province(*),Total,VN_SRC_BINHDUONG,Binh Duong,2002,annual,3192.0,Thous. tons,not_specified,E1215,https://www.nso.gov.vn/en/px-web?pxid=E1215&theme=Transport%2C%20Postal%20Services%20and%20Telecommunications,source_reported_unharmonized
e1215_c9b3c38247,trade_services,Volume of freight transported by province(*),Total,VN_SRC_BINHDUONG,Binh Duong,2003,annual,3629.0,Thous. tons,not_specified,E1215,https://www.nso.gov.vn/en/px-web?pxid=E1215&theme=Transport%2C%20Postal%20Services%20and%20Telecommunications,source_reported_unharmonized
e1215_c9b3c38247,trade_services,Volume of freight transported by province(*),Total,VN_SRC_BINHDUONG,Binh Duong,2004,annual,5175.0,Thous. tons,not_specified,E1215,https://www.nso.gov.vn/en/px-web?pxid=E1215&theme=Transport%2C%20Postal%20Services%20and%20Telecommunications,source_reported_unharmonized
e1215_c9b3c38247,trade_services,Volume of freight transported by province(*),Total,VN_SRC_BINHDUONG,Binh Duong,2005,annual,6680.0,Thous. tons,not_specified,E1215,https://www.nso.gov.vn/en/px-web?pxid=E1215&theme=Transport%2C%20Postal%20Services%20and%20Telecommunications,source_reported_unharmonized
e1215_c9b3c38247,trade_services,Volume of freight transported by province(*),Total,VN_SRC_BINHDUONG,Binh Duong,2006,annual,11656.0,Thous. tons,not_specified,E1215,https://www.nso.gov.vn/en/px-web?pxid=E1215&theme=Transport%2C%20Postal%20Services%20and%20Telecommunications,source_reported_unharmonized
e1215_c9b3c38247,trade_services,Volume of freight transported by province(*),Total,VN_SRC_BINHDUONG,Binh Duong,2007,annual,15598.0,Thous. tons,not_specified,E1215,https://www.nso.gov.vn/en/px-web?pxid=E1215&theme=Transport%2C%20Postal%20Services%20and%20Telecommunications,source_reported_unharmonized
e1215_c9b3c38247,trade_services,Volume of freight transported by province(*),Total,VN_SRC_BINHDUONG,Binh Duong,2008,annual,17996.1,Thous. tons,not_specified,E1215,https://www.nso.gov.vn/en/px-web?pxid=E1215&theme=Transport%2C%20Postal%20Services%20and%20Telecommunications,source_reported_unharmonized
e1215_c9b3c38247,trade_services,Volume of freight transported by province(*),Total,VN_SRC_BINHDUONG,Binh Duong,2009,annual,20840.8,Thous. tons,not_specified,E1215,https://www.nso.gov.vn/en/px-web?pxid=E1215&theme=Transport%2C%20Postal%20Services%20and%20Telecommunications,source_reported_unharmonized
e1215_c9b3c38247,trade_services,Volume of freight transported by province(*),Total,VN_SRC_BINHDUONG,Binh Duong,2010,annual,21934.5,Thous. tons,not_specified,E1215,https://www.nso.gov.vn/en/px-web?pxid=E1215&theme=Transport%2C%20Postal%20Services%20and%20Telecommunications,source_reported_unharmonized
e1215_c9b3c38247,trade_services,Volume of freight transported by province(*),Total,VN_SRC_BINHDUONG,Binh Duong,2011,annual,25645.2,Thous. tons,not_specified,E1215,https://www.nso.gov.vn/en/px-web?pxid=E1215&theme=Transport%2C%20Postal%20Services%20and%20Telecommunications,source_reported_unharmonized
e1215_c9b3c38247,trade_services,Volume of freight transported by province(*),Total,VN_SRC_BINHDUONG,Binh Duong,2012,annual,30945.2,Thous. tons,not_specified,E1215,https://www.nso.gov.vn/en/px-web?pxid=E1215&theme=Transport%2C%20Postal%20Services%20and%20Telecommunications,source_reported_unharmonized
e1215_c9b3c38247,trade_services,Volume of freight transported by province(*),Total,VN_SRC_BINHDUONG,Binh Duong,2013,annual,34770.1,Thous. tons,not_specified,E1215,https://www.nso.gov.vn/en/px-web?pxid=E1215&theme=Transport%2C%20Postal%20Services%20and%20Telecommunications,source_reported_unharmonized
e1215_c9b3c38247,trade_services,Volume of freight transported by province(*),Total,VN_SRC_BINHDUONG,Binh Duong,2014,annual,36747.1,Thous. tons,not_specified,E1215,https://www.nso.gov.vn/en/px-web?pxid=E1215&theme=Transport%2C%20Postal%20Services%20and%20Telecommunications,source_reported_unharmonized
e1215_c9b3c38247,trade_services,Volume of freight transported by province(*),Total,VN_SRC_BINHDUONG,Binh Duong,2015,annual,40477.5,Thous. tons,not_specified,E1215,https://www.nso.gov.vn/en/px-web?pxid=E1215&theme=Transport%2C%20Postal%20Services%20and%20Telecommunications,source_reported_unharmonized
e1215_c9b3c38247,trade_services,Volume of freight transported by province(*),Total,VN_SRC_BINHDUONG,Binh Duong,2016,annual,45987.0,Thous. tons,not_specified,E1215,https://www.nso.gov.vn/en/px-web?pxid=E1215&theme=Transport%2C%20Postal%20Services%20and%20Telecommunications,source_reported_unharmonized
e1215_c9b3c38247,trade_services,Volume of freight transported by province(*),Total,VN_SRC_BINHDUONG,Binh Duong,2017,annual,47400.9,Thous. tons,not_specified,E1215,https://www.nso.gov.vn/en/px-web?pxid=E1215&theme=Transport%2C%20Postal%20Services%20and%20Telecommunications,source_reported_unharmonized
e1215_c9b3c38247,trade_services,Volume of freight transported by province(*),Total,VN_SRC_BINHDUONG,Binh Duong,2018,annual,52321.5,Thous. tons,not_specified,E1215,https://www.nso.gov.vn/en/px-web?pxid=E1215&theme=Transport%2C%20Postal%20Services%20and%20Telecommunications,source_reported_unharmonized
e1215_c9b3c38247,trade_services,Volume of freight transported by province(*),Total,VN_SRC_BINHDUONG,Binh Duong,2019,annual,59447.7,Thous. tons,not_specified,E1215,https://www.nso.gov.vn/en/px-web?pxid=E1215&theme=Transport%2C%20Postal%20Services%20and%20Telecommunications,source_reported_unharmonized
e1215_c9b3c38247,trade_services,Volume of freight transported by province(*),Total,VN_SRC_BINHDUONG,Binh Duong,2020,annual,58997.9,Thous. tons,not_specified,E1215,https://www.nso.gov.vn/en/px-web?pxid=E1215&theme=Transport%2C%20Postal%20Services%20and%20Telecommunications,source_reported_unharmonized
e1215_c9b3c38247,trade_services,Volume of freight transported by province(*),Total,VN_SRC_BINHDUONG,Binh Duong,2021,annual,63543.1,Thous. tons,not_specified,E1215,https://www.nso.gov.vn/en/px-web?pxid=E1215&theme=Transport%2C%20Postal%20Services%20and%20Telecommunications,source_reported_unharmonized
e1215_c9b3c38247,trade_services,Volume of freight transported by province(*),Total,VN_SRC_BINHDUONG,Binh Duong,2022,annual,71292.6,Thous. tons,not_specified,E1215,https://www.nso.gov.vn/en/px-web?pxid=E1215&theme=Transport%2C%20Postal%20Services%20and%20Telecommunications,source_reported_unharmonized
e1215_c9b3c38247,trade_services,Volume of freight transported by province(*),Total,VN_SRC_BINHDUONG,Binh Duong,2023,annual,78243.0,Thous. tons,not_specified,E1215,https://www.nso.gov.vn/en/px-web?pxid=E1215&theme=Transport%2C%20Postal%20Services%20and%20Telecommunications,source_reported_unharmonized
e1215_c9b3c38247,trade_services,Volume of freight transported by province(*),Total,VN_SRC_BINHDUONG,Binh Duong,2024,annual,83706.0,Thous. tons,not_specified,E1215,https://www.nso.gov.vn/en/px-web?pxid=E1215&theme=Transport%2C%20Postal%20Services%20and%20Telecommunications,source_reported_unharmonized
e1215_c9b3c38247,trade_services,Volume of freight transported by province(*),Total,VN_SRC_BINHDUONG,Binh Duong,2025,annual,101013.9,Thous. tons,preliminary,E1215,https://www.nso.gov.vn/en/px-web?pxid=E1215&theme=Transport%2C%20Postal%20Services%20and%20Telecommunications,source_reported_unharmonized
e1215_c9b3c38247,trade_services,Volume of freight transported by province(*),Total,VN_SRC_DONGNAI,Dong Nai,2000,annual,9401.0,Thous. tons,not_specified,E1215,https://www.nso.gov.vn/en/px-web?pxid=E1215&theme=Transport%2C%20Postal%20Services%20and%20Telecommunications,source_reported_unharmonized
e1215_c9b3c38247,trade_services,Volume of freight transported by province(*),Total,VN_SRC_DONGNAI,Dong Nai,2001,annual,10770.0,Thous. tons,not_specified,E1215,https://www.nso.gov.vn/en/px-web?pxid=E1215&theme=Transport%2C%20Postal%20Services%20and%20Telecommunications,source_reported_unharmonized
e1215_c9b3c38247,trade_services,Volume of freight transported by province(*),Total,VN_SRC_DONGNAI,Dong Nai,2002,annual,12397.0,Thous. tons,not_specified,E1215,https://www.nso.gov.vn/en/px-web?pxid=E1215&theme=Transport%2C%20Postal%20Services%20and%20Telecommunications,source_reported_unharmonized
e1215_c9b3c38247,trade_services,Volume of freight transported by province(*),Total,VN_SRC_DONGNAI,Dong Nai,2003,annual,14233.0,Thous. tons,not_specified,E1215,https://www.nso.gov.vn/en/px-web?pxid=E1215&theme=Transport%2C%20Postal%20Services%20and%20Telecommunications,source_reported_unharmonized
e1215_c9b3c38247,trade_services,Volume of freight transported by province(*),Total,VN_SRC_DONGNAI,Dong Nai,2004,annual,17198.0,Thous. tons,not_specified,E1215,https://www.nso.gov.vn/en/px-web?pxid=E1215&theme=Transport%2C%20Postal%20Services%20and%20Telecommunications,source_reported_unharmonized
e1215_c9b3c38247,trade_services,Volume of freight transported by province(*),Total,VN_SRC_DONGNAI,Dong Nai,2005,annual,18482.0,Thous. tons,not_specified,E1215,https://www.nso.gov.vn/en/px-web?pxid=E1215&theme=Transport%2C%20Postal%20Services%20and%20Telecommunications,source_reported_unharmonized
e1215_c9b3c38247,trade_services,Volume of freight transported by province(*),Total,VN_SRC_DONGNAI,Dong Nai,2006,annual,22198.6,Thous. tons,not_specified,E1215,https://www.nso.gov.vn/en/px-web?pxid=E1215&theme=Transport%2C%20Postal%20Services%20and%20Telecommunications,source_reported_unharmonized
e1215_c9b3c38247,trade_services,Volume of freight transported by province(*),Total,VN_SRC_DONGNAI,Dong Nai,2007,annual,25261.8,Thous. tons,not_specified,E1215,https://www.nso.gov.vn/en/px-web?pxid=E1215&theme=Transport%2C%20Postal%20Services%20and%20Telecommunications,source_reported_unharmonized
e1215_c9b3c38247,trade_services,Volume of freight transported by province(*),Total,VN_SRC_DONGNAI,Dong Nai,2008,annual,26406.0,Thous. tons,not_specified,E1215,https://www.nso.gov.vn/en/px-web?pxid=E1215&theme=Transport%2C%20Postal%20Services%20and%20Telecommunications,source_reported_unharmonized
e1215_c9b3c38247,trade_services,Volume of freight transported by province(*),Total,VN_SRC_DONGNAI,Dong Nai,2009,annual,28643.0,Thous. tons,not_specified,E1215,https://www.nso.gov.vn/en/px-web?pxid=E1215&theme=Transport%2C%20Postal%20Services%20and%20Telecommunications,source_reported_unharmonized
e1215_c9b3c38247,trade_services,Volume of freight transported by province(*),Total,VN_SRC_DONGNAI,Dong Nai,2010,annual,30687.7,Thous. tons,not_specified,E1215,https://www.nso.gov.vn/en/px-web?pxid=E1215&theme=Transport%2C%20Postal%20Services%20and%20Telecommunications,source_reported_unharmonized
e1215_c9b3c38247,trade_services,Volume of freight transported by province(*),Total,VN_SRC_DONGNAI,Dong Nai,2011,annual,33245.4,Thous. tons,not_specified,E1215,https://www.nso.gov.vn/en/px-web?pxid=E1215&theme=Transport%2C%20Postal%20Services%20and%20Telecommunications,source_reported_unharmonized
e1215_c9b3c38247,trade_services,Volume of freight transported by province(*),Total,VN_SRC_DONGNAI,Dong Nai,2012,annual,37806.8,Thous. tons,not_specified,E1215,https://www.nso.gov.vn/en/px-web?pxid=E1215&theme=Transport%2C%20Postal%20Services%20and%20Telecommunications,source_reported_unharmonized
e1215_c9b3c38247,trade_services,Volume of freight transported by province(*),Total,VN_SRC_DONGNAI,Dong Nai,2013,annual,40301.0,Thous. tons,not_specified,E1215,https://www.nso.gov.vn/en/px-web?pxid=E1215&theme=Transport%2C%20Postal%20Services%20and%20Telecommunications,source_reported_unharmonized
e1215_c9b3c38247,trade_services,Volume of freight transported by province(*),Total,VN_SRC_DONGNAI,Dong Nai,2014,annual,42854.5,Thous. tons,not_specified,E1215,https://www.nso.gov.vn/en/px-web?pxid=E1215&theme=Transport%2C%20Postal%20Services%20and%20Telecommunications,source_reported_unharmonized
e1215_c9b3c38247,trade_services,Volume of freight transported by province(*),Total,VN_SRC_DONGNAI,Dong Nai,2015,annual,45104.8,Thous. tons,not_specified,E1215,https://www.nso.gov.vn/en/px-web?pxid=E1215&theme=Transport%2C%20Postal%20Services%20and%20Telecommunications,source_reported_unharmonized
e1215_c9b3c38247,trade_services,Volume of freight transported by province(*),Total,VN_SRC_DONGNAI,Dong Nai,2016,annual,47642.9,Thous. tons,not_specified,E1215,https://www.nso.gov.vn/en/px-web?pxid=E1215&theme=Transport%2C%20Postal%20Services%20and%20Telecommunications,source_reported_unharmonized
e1215_c9b3c38247,trade_services,Volume of freight transported by province(*),Total,VN_SRC_DONGNAI,Dong Nai,2017,annual,50310.2,Thous. tons,not_specified,E1215,https://www.nso.gov.vn/en/px-web?pxid=E1215&theme=Transport%2C%20Postal%20Services%20and%20Telecommunications,source_reported_unharmonized
e1215_c9b3c38247,trade_services,Volume of freight transported by province(*),Total,VN_SRC_DONGNAI,Dong Nai,2018,annual,53387.6,Thous. tons,not_specified,E1215,https://www.nso.gov.vn/en/px-web?pxid=E1215&theme=Transport%2C%20Postal%20Services%20and%20Telecommunications,source_reported_unharmonized
e1215_c9b3c38247,trade_services,Volume of freight transported by province(*),Total,VN_SRC_DONGNAI,Dong Nai,2019,annual,48192.3,Thous. tons,not_specified,E1215,https://www.nso.gov.vn/en/px-web?pxid=E1215&theme=Transport%2C%20Postal%20Services%20and%20Telecommunications,source_reported_unharmonized
e1215_c9b3c38247,trade_services,Volume of freight transported by province(*),Total,VN_SRC_DONGNAI,Dong Nai,2020,annual,45794.0,Thous. tons,not_specified,E1215,https://www.nso.gov.vn/en/px-web?pxid=E1215&theme=Transport%2C%20Postal%20Services%20and%20Telecommunications,source_reported_unharmonized
e1215_c9b3c38247,trade_services,Volume of freight transported by province(*),Total,VN_SRC_DONGNAI,Dong Nai,2021,annual,41527.8,Thous. tons,not_specified,E1215,https://www.nso.gov.vn/en/px-web?pxid=E1215&theme=Transport%2C%20Postal%20Services%20and%20Telecommunications,source_reported_unharmonized
e1215_c9b3c38247,trade_services,Volume of freight transported by province(*),Total,VN_SRC_DONGNAI,Dong Nai,2022,annual,52533.9,Thous. tons,not_specified,E1215,https://www.nso.gov.vn/en/px-web?pxid=E1215&theme=Transport%2C%20Postal%20Services%20and%20Telecommunications,source_reported_unharmonized
e1215_c9b3c38247,trade_services,Volume of freight transported by province(*),Total,VN_SRC_DONGNAI,Dong Nai,2023,annual,62481.1,Thous. tons,not_specified,E1215,https://www.nso.gov.vn/en/px-web?pxid=E1215&theme=Transport%2C%20Postal%20Services%20and%20Telecommunications,source_reported_unharmonized
e1215_c9b3c38247,trade_services,Volume of freight transported by province(*),Total,VN_SRC_DONGNAI,Dong Nai,2024,annual,68428.5,Thous. tons,not_specified,E1215,https://www.nso.gov.vn/en/px-web?pxid=E1215&theme=Transport%2C%20Postal%20Services%20and%20Telecommunications,source_reported_unharmonized
e1215_c9b3c38247,trade_services,Volume of freight transported by province(*),Total,VN_SRC_DONGNAI,Dong Nai,2025,annual,78467.8,Thous. tons,preliminary,E1215,https://www.nso.gov.vn/en/px-web?pxid=E1215&theme=Transport%2C%20Postal%20Services%20and%20Telecommunications,source_reported_unharmonized
e1215_c9b3c38247,trade_services,Volume of freight transported by province(*),Total,VN_SRC_BARIAVUNGTAU,Ba Ria - Vung Tau,2000,annual,2610.0,Thous. tons,not_specified,E1215,https://www.nso.gov.vn/en/px-web?pxid=E1215&theme=Transport%2C%20Postal%20Services%20and%20Telecommunications,source_reported_unharmonized
e1215_c9b3c38247,trade_services,Volume of freight transported by province(*),Total,VN_SRC_BARIAVUNGTAU,Ba Ria - Vung Tau,2001,annual,2820.0,Thous. tons,not_specified,E1215,https://www.nso.gov.vn/en/px-web?pxid=E1215&theme=Transport%2C%20Postal%20Services%20and%20Telecommunications,source_reported_unharmonized
e1215_c9b3c38247,trade_services,Volume of freight transported by province(*),Total,VN_SRC_BARIAVUNGTAU,Ba Ria - Vung Tau,2002,annual,3257.0,Thous. tons,not_specified,E1215,https://www.nso.gov.vn/en/px-web?pxid=E1215&theme=Transport%2C%20Postal%20Services%20and%20Telecommunications,source_reported_unharmonized
e1215_c9b3c38247,trade_services,Volume of freight transported by province(*),Total,VN_SRC_BARIAVUNGTAU,Ba Ria - Vung Tau,2003,annual,3617.0,Thous. tons,not_specified,E1215,https://www.nso.gov.vn/en/px-web?pxid=E1215&theme=Transport%2C%20Postal%20Services%20and%20Telecommunications,source_reported_unharmonized
e1215_c9b3c38247,trade_services,Volume of freight transported by province(*),Total,VN_SRC_BARIAVUNGTAU,Ba Ria - Vung Tau,2004,annual,4538.0,Thous. tons,not_specified,E1215,https://www.nso.gov.vn/en/px-web?pxid=E1215&theme=Transport%2C%20Postal%20Services%20and%20Telecommunications,source_reported_unharmonized
e1215_c9b3c38247,trade_services,Volume of freight transported by province(*),Total,VN_SRC_BARIAVUNGTAU,Ba Ria - Vung Tau,2005,annual,5426.0,Thous. tons,not_specified,E1215,https://www.nso.gov.vn/en/px-web?pxid=E1215&theme=Transport%2C%20Postal%20Services%20and%20Telecommunications,source_reported_unharmonized
e1215_c9b3c38247,trade_services,Volume of freight transported by province(*),Total,VN_SRC_BARIAVUNGTAU,Ba Ria - Vung Tau,2006,annual,5667.0,Thous. tons,not_specified,E1215,https://www.nso.gov.vn/en/px-web?pxid=E1215&theme=Transport%2C%20Postal%20Services%20and%20Telecommunications,source_reported_unharmonized
e1215_c9b3c38247,trade_services,Volume of freight transported by province(*),Total,VN_SRC_BARIAVUNGTAU,Ba Ria - Vung Tau,2007,annual,6017.0,Thous. tons,not_specified,E1215,https://www.nso.gov.vn/en/px-web?pxid=E1215&theme=Transport%2C%20Postal%20Services%20and%20Telecommunications,source_reported_unharmonized
e1215_c9b3c38247,trade_services,Volume of freight transported by province(*),Total,VN_SRC_BARIAVUNGTAU,Ba Ria - Vung Tau,2008,annual,7128.6,Thous. tons,not_specified,E1215,https://www.nso.gov.vn/en/px-web?pxid=E1215&theme=Transport%2C%20Postal%20Services%20and%20Telecommunications,source_reported_unharmonized
e1215_c9b3c38247,trade_services,Volume of freight transported by province(*),Total,VN_SRC_BARIAVUNGTAU,Ba Ria - Vung Tau,2009,annual,4460.5,Thous. tons,not_specified,E1215,https://www.nso.gov.vn/en/px-web?pxid=E1215&theme=Transport%2C%20Postal%20Services%20and%20Telecommunications,source_reported_unharmonized
e1215_c9b3c38247,trade_services,Volume of freight transported by province(*),Total,VN_SRC_BARIAVUNGTAU,Ba Ria - Vung Tau,2010,annual,4673.6,Thous. tons,not_specified,E1215,https://www.nso.gov.vn/en/px-web?pxid=E1215&theme=Transport%2C%20Postal%20Services%20and%20Telecommunications,source_reported_unharmonized
e1215_c9b3c38247,trade_services,Volume of freight transported by province(*),Total,VN_SRC_BARIAVUNGTAU,Ba Ria - Vung Tau,2011,annual,4733.7,Thous. tons,not_specified,E1215,https://www.nso.gov.vn/en/px-web?pxid=E1215&theme=Transport%2C%20Postal%20Services%20and%20Telecommunications,source_reported_unharmonized
e1215_c9b3c38247,trade_services,Volume of freight transported by province(*),Total,VN_SRC_BARIAVUNGTAU,Ba Ria - Vung Tau,2012,annual,4993.4,Thous. tons,not_specified,E1215,https://www.nso.gov.vn/en/px-web?pxid=E1215&theme=Transport%2C%20Postal%20Services%20and%20Telecommunications,source_reported_unharmonized
e1215_c9b3c38247,trade_services,Volume of freight transported by province(*),Total,VN_SRC_BARIAVUNGTAU,Ba Ria - Vung Tau,2013,annual,5470.6,Thous. tons,not_specified,E1215,https://www.nso.gov.vn/en/px-web?pxid=E1215&theme=Transport%2C%20Postal%20Services%20and%20Telecommunications,source_reported_unharmonized
e1215_c9b3c38247,trade_services,Volume of freight transported by province(*),Total,VN_SRC_BARIAVUNGTAU,Ba Ria - Vung Tau,2014,annual,5759.5,Thous. tons,not_specified,E1215,https://www.nso.gov.vn/en/px-web?pxid=E1215&theme=Transport%2C%20Postal%20Services%20and%20Telecommunications,source_reported_unharmonized
e1215_c9b3c38247,trade_services,Volume of freight transported by province(*),Total,VN_SRC_BARIAVUNGTAU,Ba Ria - Vung Tau,2015,annual,5965.1,Thous. tons,not_specified,E1215,https://www.nso.gov.vn/en/px-web?pxid=E1215&theme=Transport%2C%20Postal%20Services%20and%20Telecommunications,source_reported_unharmonized
e1215_c9b3c38247,trade_services,Volume of freight transported by province(*),Total,VN_SRC_BARIAVUNGTAU,Ba Ria - Vung Tau,2016,annual,6462.4,Thous. tons,not_specified,E1215,https://www.nso.gov.vn/en/px-web?pxid=E1215&theme=Transport%2C%20Postal%20Services%20and%20Telecommunications,source_reported_unharmonized
e1215_c9b3c38247,trade_services,Volume of freight transported by province(*),Total,VN_SRC_BARIAVUNGTAU,Ba Ria - Vung Tau,2017,annual,6748.2,Thous. tons,not_specified,E1215,https://www.nso.gov.vn/en/px-web?pxid=E1215&theme=Transport%2C%20Postal%20Services%20and%20Telecommunications,source_reported_unharmonized
e1215_c9b3c38247,trade_services,Volume of freight transported by province(*),Total,VN_SRC_BARIAVUNGTAU,Ba Ria - Vung Tau,2018,annual,8458.4,Thous. tons,not_specified,E1215,https://www.nso.gov.vn/en/px-web?pxid=E1215&theme=Transport%2C%20Postal%20Services%20and%20Telecommunications,source_reported_unharmonized
e1215_c9b3c38247,trade_services,Volume of freight transported by province(*),Total,VN_SRC_BARIAVUNGTAU,Ba Ria - Vung Tau,2019,annual,8746.6,Thous. tons,not_specified,E1215,https://www.nso.gov.vn/en/px-web?pxid=E1215&theme=Transport%2C%20Postal%20Services%20and%20Telecommunications,source_reported_unharmonized
e1215_c9b3c38247,trade_services,Volume of freight transported by province(*),Total,VN_SRC_BARIAVUNGTAU,Ba Ria - Vung Tau,2020,annual,8241.2,Thous. tons,not_specified,E1215,https://www.nso.gov.vn/en/px-web?pxid=E1215&theme=Transport%2C%20Postal%20Services%20and%20Telecommunications,source_reported_unharmonized
e1215_c9b3c38247,trade_services,Volume of freight transported by province(*),Total,VN_SRC_BARIAVUNGTAU,Ba Ria - Vung Tau,2021,annual,9111.1,Thous. tons,not_specified,E1215,https://www.nso.gov.vn/en/px-web?pxid=E1215&theme=Transport%2C%20Postal%20Services%20and%20Telecommunications,source_reported_unharmonized
e1215_c9b3c38247,trade_services,Volume of freight transported by province(*),Total,VN_SRC_BARIAVUNGTAU,Ba Ria - Vung Tau,2022,annual,10615.6,Thous. tons,not_specified,E1215,https://www.nso.gov.vn/en/px-web?pxid=E1215&theme=Transport%2C%20Postal%20Services%20and%20Telecommunications,source_reported_unharmonized
e1215_c9b3c38247,trade_services,Volume of freight transported by province(*),Total,VN_SRC_BARIAVUNGTAU,Ba Ria - Vung Tau,2023,annual,10880.5,Thous. tons,not_specified,E1215,https://www.nso.gov.vn/en/px-web?pxid=E1215&theme=Transport%2C%20Postal%20Services%20and%20Telecommunications,source_reported_unharmonized
e1215_c9b3c38247,trade_services,Volume of freight transported by province(*),Total,VN_SRC_BARIAVUNGTAU,Ba Ria - Vung Tau,2024,annual,11493.5,Thous. tons,not_specified,E1215,https://www.nso.gov.vn/en/px-web?pxid=E1215&theme=Transport%2C%20Postal%20Services%20and%20Telecommunications,source_reported_unharmonized
e1215_c9b3c38247,trade_services,Volume of freight transported by province(*),Total,VN_SRC_BARIAVUNGTAU,Ba Ria - Vung Tau,2025,annual,12579.5,Thous. tons,preliminary,E1215,https://www.nso.gov.vn/en/px-web?pxid=E1215&theme=Transport%2C%20Postal%20Services%20and%20Telecommunications,source_reported_unharmonized
e1215_c9b3c38247,trade_services,Volume of freight transported by province(*),Total,VN_SRC_HOCHIMINHCITY,Ho Chi Minh city,2000,annual,19405.8,Thous. tons,not_specified,E1215,https://www.nso.gov.vn/en/px-web?pxid=E1215&theme=Transport%2C%20Postal%20Services%20and%20Telecommunications,source_reported_unharmonized
e1215_c9b3c38247,trade_services,Volume of freight transported by province(*),Total,VN_SRC_HOCHIMINHCITY,Ho Chi Minh city,2001,annual,21491.8,Thous. tons,not_specified,E1215,https://www.nso.gov.vn/en/px-web?pxid=E1215&theme=Transport%2C%20Postal%20Services%20and%20Telecommunications,source_reported_unharmonized
e1215_c9b3c38247,trade_services,Volume of freight transported by province(*),Total,VN_SRC_HOCHIMINHCITY,Ho Chi Minh city,2002,annual,22537.0,Thous. tons,not_specified,E1215,https://www.nso.gov.vn/en/px-web?pxid=E1215&theme=Transport%2C%20Postal%20Services%20and%20Telecommunications,source_reported_unharmonized
e1215_c9b3c38247,trade_services,Volume of freight transported by province(*),Total,VN_SRC_HOCHIMINHCITY,Ho Chi Minh city,2003,annual,32773.0,Thous. tons,not_specified,E1215,https://www.nso.gov.vn/en/px-web?pxid=E1215&theme=Transport%2C%20Postal%20Services%20and%20Telecommunications,source_reported_unharmonized
e1215_c9b3c38247,trade_services,Volume of freight transported by province(*),Total,VN_SRC_HOCHIMINHCITY,Ho Chi Minh city,2004,annual,34227.0,Thous. tons,not_specified,E1215,https://www.nso.gov.vn/en/px-web?pxid=E1215&theme=Transport%2C%20Postal%20Services%20and%20Telecommunications,source_reported_unharmonized
e1215_c9b3c38247,trade_services,Volume of freight transported by province(*),Total,VN_SRC_HOCHIMINHCITY,Ho Chi Minh city,2005,annual,33836.0,Thous. tons,not_specified,E1215,https://www.nso.gov.vn/en/px-web?pxid=E1215&theme=Transport%2C%20Postal%20Services%20and%20Telecommunications,source_reported_unharmonized
e1215_c9b3c38247,trade_services,Volume of freight transported by province(*),Total,VN_SRC_HOCHIMINHCITY,Ho Chi Minh city,2006,annual,36275.0,Thous. tons,not_specified,E1215,https://www.nso.gov.vn/en/px-web?pxid=E1215&theme=Transport%2C%20Postal%20Services%20and%20Telecommunications,source_reported_unharmonized
e1215_c9b3c38247,trade_services,Volume of freight transported by province(*),Total,VN_SRC_HOCHIMINHCITY,Ho Chi Minh city,2007,annual,49341.4,Thous. tons,not_specified,E1215,https://www.nso.gov.vn/en/px-web?pxid=E1215&theme=Transport%2C%20Postal%20Services%20and%20Telecommunications,source_reported_unharmonized
e1215_c9b3c38247,trade_services,Volume of freight transported by province(*),Total,VN_SRC_HOCHIMINHCITY,Ho Chi Minh city,2008,annual,53698.0,Thous. tons,not_specified,E1215,https://www.nso.gov.vn/en/px-web?pxid=E1215&theme=Transport%2C%20Postal%20Services%20and%20Telecommunications,source_reported_unharmonized
e1215_c9b3c38247,trade_services,Volume of freight transported by province(*),Total,VN_SRC_HOCHIMINHCITY,Ho Chi Minh city,2009,annual,57437.0,Thous. tons,not_specified,E1215,https://www.nso.gov.vn/en/px-web?pxid=E1215&theme=Transport%2C%20Postal%20Services%20and%20Telecommunications,source_reported_unharmonized
e1215_c9b3c38247,trade_services,Volume of freight transported by province(*),Total,VN_SRC_HOCHIMINHCITY,Ho Chi Minh city,2010,annual,68782.6,Thous. tons,not_specified,E1215,https://www.nso.gov.vn/en/px-web?pxid=E1215&theme=Transport%2C%20Postal%20Services%20and%20Telecommunications,source_reported_unharmonized
e1215_c9b3c38247,trade_services,Volume of freight transported by province(*),Total,VN_SRC_HOCHIMINHCITY,Ho Chi Minh city,2011,annual,75899.7,Thous. tons,not_specified,E1215,https://www.nso.gov.vn/en/px-web?pxid=E1215&theme=Transport%2C%20Postal%20Services%20and%20Telecommunications,source_reported_unharmonized
e1215_c9b3c38247,trade_services,Volume of freight transported by province(*),Total,VN_SRC_HOCHIMINHCITY,Ho Chi Minh city,2012,annual,82597.3,Thous. tons,not_specified,E1215,https://www.nso.gov.vn/en/px-web?pxid=E1215&theme=Transport%2C%20Postal%20Services%20and%20Telecommunications,source_reported_unharmonized
e1215_c9b3c38247,trade_services,Volume of freight transported by province(*),Total,VN_SRC_HOCHIMINHCITY,Ho Chi Minh city,2013,annual,82740.0,Thous. tons,not_specified,E1215,https://www.nso.gov.vn/en/px-web?pxid=E1215&theme=Transport%2C%20Postal%20Services%20and%20Telecommunications,source_reported_unharmonized
e1215_c9b3c38247,trade_services,Volume of freight transported by province(*),Total,VN_SRC_HOCHIMINHCITY,Ho Chi Minh city,2014,annual,91513.8,Thous. tons,not_specified,E1215,https://www.nso.gov.vn/en/px-web?pxid=E1215&theme=Transport%2C%20Postal%20Services%20and%20Telecommunications,source_reported_unharmonized
e1215_c9b3c38247,trade_services,Volume of freight transported by province(*),Total,VN_SRC_HOCHIMINHCITY,Ho Chi Minh city,2015,annual,99443.1,Thous. tons,not_specified,E1215,https://www.nso.gov.vn/en/px-web?pxid=E1215&theme=Transport%2C%20Postal%20Services%20and%20Telecommunications,source_reported_unharmonized
e1215_c9b3c38247,trade_services,Volume of freight transported by province(*),Total,VN_SRC_HOCHIMINHCITY,Ho Chi Minh city,2016,annual,108492.8,Thous. tons,not_specified,E1215,https://www.nso.gov.vn/en/px-web?pxid=E1215&theme=Transport%2C%20Postal%20Services%20and%20Telecommunications,source_reported_unharmonized
e1215_c9b3c38247,trade_services,Volume of freight transported by province(*),Total,VN_SRC_HOCHIMINHCITY,Ho Chi Minh city,2017,annual,126077.3,Thous. tons,not_specified,E1215,https://www.nso.gov.vn/en/px-web?pxid=E1215&theme=Transport%2C%20Postal%20Services%20and%20Telecommunications,source_reported_unharmonized
e1215_c9b3c38247,trade_services,Volume of freight transported by province(*),Total,VN_SRC_HOCHIMINHCITY,Ho Chi Minh city,2018,annual,146639.1,Thous. tons,not_specified,E1215,https://www.nso.gov.vn/en/px-web?pxid=E1215&theme=Transport%2C%20Postal%20Services%20and%20Telecommunications,source_reported_unharmonized
e1215_c9b3c38247,trade_services,Volume of freight transported by province(*),Total,VN_SRC_HOCHIMINHCITY,Ho Chi Minh city,2019,annual,167938.0,Thous. tons,not_specified,E1215,https://www.nso.gov.vn/en/px-web?pxid=E1215&theme=Transport%2C%20Postal%20Services%20and%20Telecommunications,source_reported_unharmonized
e1215_c9b3c38247,trade_services,Volume of freight transported by province(*),Total,VN_SRC_HOCHIMINHCITY,Ho Chi Minh city,2020,annual,154292.2,Thous. tons,not_specified,E1215,https://www.nso.gov.vn/en/px-web?pxid=E1215&theme=Transport%2C%20Postal%20Services%20and%20Telecommunications,source_reported_unharmonized
e1215_c9b3c38247,trade_services,Volume of freight transported by province(*),Total,VN_SRC_HOCHIMINHCITY,Ho Chi Minh city,2021,annual,155414.0,Thous. tons,not_specified,E1215,https://www.nso.gov.vn/en/px-web?pxid=E1215&theme=Transport%2C%20Postal%20Services%20and%20Telecommunications,source_reported_unharmonized
e1215_c9b3c38247,trade_services,Volume of freight transported by province(*),Total,VN_SRC_HOCHIMINHCITY,Ho Chi Minh city,2022,annual,221202.0,Thous. tons,not_specified,E1215,https://www.nso.gov.vn/en/px-web?pxid=E1215&theme=Transport%2C%20Postal%20Services%20and%20Telecommunications,source_reported_unharmonized
e1215_c9b3c38247,trade_services,Volume of freight transported by province(*),Total,VN_SRC_HOCHIMINHCITY,Ho Chi Minh city,2023,annual,207926.0,Thous. tons,not_specified,E1215,https://www.nso.gov.vn/en/px-web?pxid=E1215&theme=Transport%2C%20Postal%20Services%20and%20Telecommunications,source_reported_unharmonized
e1215_c9b3c38247,trade_services,Volume of freight transported by province(*),Total,VN_SRC_HOCHIMINHCITY,Ho Chi Minh city,2024,annual,238556.3,Thous. tons,not_specified,E1215,https://www.nso.gov.vn/en/px-web?pxid=E1215&theme=Transport%2C%20Postal%20Services%20and%20Telecommunications,source_reported_unharmonized
e1215_c9b3c38247,trade_services,Volume of freight transported by province(*),Total,VN_SRC_HOCHIMINHCITY,Ho Chi Minh city,2025,annual,252513.0,Thous. tons,preliminary,E1215,https://www.nso.gov.vn/en/px-web?pxid=E1215&theme=Transport%2C%20Postal%20Services%20and%20Telecommunications,source_reported_unharmonized
e1215_c9b3c38247,trade_services,Volume of freight transported by province(*),Total,VN_SRC_LONGAN,Long An,2000,annual,6982.0,Thous. tons,not_specified,E1215,https://www.nso.gov.vn/en/px-web?pxid=E1215&theme=Transport%2C%20Postal%20Services%20and%20Telecommunications,source_reported_unharmonized
e1215_c9b3c38247,trade_services,Volume of freight transported by province(*),Total,VN_SRC_LONGAN,Long An,2001,annual,7087.0,Thous. tons,not_specified,E1215,https://www.nso.gov.vn/en/px-web?pxid=E1215&theme=Transport%2C%20Postal%20Services%20and%20Telecommunications,source_reported_unharmonized
e1215_c9b3c38247,trade_services,Volume of freight transported by province(*),Total,VN_SRC_LONGAN,Long An,2002,annual,7926.0,Thous. tons,not_specified,E1215,https://www.nso.gov.vn/en/px-web?pxid=E1215&theme=Transport%2C%20Postal%20Services%20and%20Telecommunications,source_reported_unharmonized
e1215_c9b3c38247,trade_services,Volume of freight transported by province(*),Total,VN_SRC_LONGAN,Long An,2003,annual,8132.0,Thous. tons,not_specified,E1215,https://www.nso.gov.vn/en/px-web?pxid=E1215&theme=Transport%2C%20Postal%20Services%20and%20Telecommunications,source_reported_unharmonized
e1215_c9b3c38247,trade_services,Volume of freight transported by province(*),Total,VN_SRC_LONGAN,Long An,2004,annual,7475.0,Thous. tons,not_specified,E1215,https://www.nso.gov.vn/en/px-web?pxid=E1215&theme=Transport%2C%20Postal%20Services%20and%20Telecommunications,source_reported_unharmonized
e1215_c9b3c38247,trade_services,Volume of freight transported by province(*),Total,VN_SRC_LONGAN,Long An,2005,annual,7293.0,Thous. tons,not_specified,E1215,https://www.nso.gov.vn/en/px-web?pxid=E1215&theme=Transport%2C%20Postal%20Services%20and%20Telecommunications,source_reported_unharmonized
e1215_c9b3c38247,trade_services,Volume of freight transported by province(*),Total,VN_SRC_LONGAN,Long An,2006,annual,7880.0,Thous. tons,not_specified,E1215,https://www.nso.gov.vn/en/px-web?pxid=E1215&theme=Transport%2C%20Postal%20Services%20and%20Telecommunications,source_reported_unharmonized
e1215_c9b3c38247,trade_services,Volume of freight transported by province(*),Total,VN_SRC_LONGAN,Long An,2007,annual,11537.2,Thous. tons,not_specified,E1215,https://www.nso.gov.vn/en/px-web?pxid=E1215&theme=Transport%2C%20Postal%20Services%20and%20Telecommunications,source_reported_unharmonized
e1215_c9b3c38247,trade_services,Volume of freight transported by province(*),Total,VN_SRC_LONGAN,Long An,2008,annual,12972.0,Thous. tons,not_specified,E1215,https://www.nso.gov.vn/en/px-web?pxid=E1215&theme=Transport%2C%20Postal%20Services%20and%20Telecommunications,source_reported_unharmonized
e1215_c9b3c38247,trade_services,Volume of freight transported by province(*),Total,VN_SRC_LONGAN,Long An,2009,annual,15097.0,Thous. tons,not_specified,E1215,https://www.nso.gov.vn/en/px-web?pxid=E1215&theme=Transport%2C%20Postal%20Services%20and%20Telecommunications,source_reported_unharmonized
e1215_c9b3c38247,trade_services,Volume of freight transported by province(*),Total,VN_SRC_LONGAN,Long An,2010,annual,15301.5,Thous. tons,not_specified,E1215,https://www.nso.gov.vn/en/px-web?pxid=E1215&theme=Transport%2C%20Postal%20Services%20and%20Telecommunications,source_reported_unharmonized
e1215_c9b3c38247,trade_services,Volume of freight transported by province(*),Total,VN_SRC_LONGAN,Long An,2011,annual,15060.7,Thous. tons,not_specified,E1215,https://www.nso.gov.vn/en/px-web?pxid=E1215&theme=Transport%2C%20Postal%20Services%20and%20Telecommunications,source_reported_unharmonized
e1215_c9b3c38247,trade_services,Volume of freight transported by province(*),Total,VN_SRC_LONGAN,Long An,2012,annual,14769.5,Thous. tons,not_specified,E1215,https://www.nso.gov.vn/en/px-web?pxid=E1215&theme=Transport%2C%20Postal%20Services%20and%20Telecommunications,source_reported_unharmonized
e1215_c9b3c38247,trade_services,Volume of freight transported by province(*),Total,VN_SRC_LONGAN,Long An,2013,annual,15193.5,Thous. tons,not_specified,E1215,https://www.nso.gov.vn/en/px-web?pxid=E1215&theme=Transport%2C%20Postal%20Services%20and%20Telecommunications,source_reported_unharmonized
e1215_c9b3c38247,trade_services,Volume of freight transported by province(*),Total,VN_SRC_LONGAN,Long An,2014,annual,15270.7,Thous. tons,not_specified,E1215,https://www.nso.gov.vn/en/px-web?pxid=E1215&theme=Transport%2C%20Postal%20Services%20and%20Telecommunications,source_reported_unharmonized
e1215_c9b3c38247,trade_services,Volume of freight transported by province(*),Total,VN_SRC_LONGAN,Long An,2015,annual,16714.2,Thous. tons,not_specified,E1215,https://www.nso.gov.vn/en/px-web?pxid=E1215&theme=Transport%2C%20Postal%20Services%20and%20Telecommunications,source_reported_unharmonized
e1215_c9b3c38247,trade_services,Volume of freight transported by province(*),Total,VN_SRC_LONGAN,Long An,2016,annual,18908.4,Thous. tons,not_specified,E1215,https://www.nso.gov.vn/en/px-web?pxid=E1215&theme=Transport%2C%20Postal%20Services%20and%20Telecommunications,source_reported_unharmonized
e1215_c9b3c38247,trade_services,Volume of freight transported by province(*),Total,VN_SRC_LONGAN,Long An,2017,annual,19893.9,Thous. tons,not_specified,E1215,https://www.nso.gov.vn/en/px-web?pxid=E1215&theme=Transport%2C%20Postal%20Services%20and%20Telecommunications,source_reported_unharmonized
e1215_c9b3c38247,trade_services,Volume of freight transported by province(*),Total,VN_SRC_LONGAN,Long An,2018,annual,20595.8,Thous. tons,not_specified,E1215,https://www.nso.gov.vn/en/px-web?pxid=E1215&theme=Transport%2C%20Postal%20Services%20and%20Telecommunications,source_reported_unharmonized
e1215_c9b3c38247,trade_services,Volume of freight transported by province(*),Total,VN_SRC_LONGAN,Long An,2019,annual,21260.1,Thous. tons,not_specified,E1215,https://www.nso.gov.vn/en/px-web?pxid=E1215&theme=Transport%2C%20Postal%20Services%20and%20Telecommunications,source_reported_unharmonized
e1215_c9b3c38247,trade_services,Volume of freight transported by province(*),Total,VN_SRC_LONGAN,Long An,2020,annual,21634.0,Thous. tons,not_specified,E1215,https://www.nso.gov.vn/en/px-web?pxid=E1215&theme=Transport%2C%20Postal%20Services%20and%20Telecommunications,source_reported_unharmonized
e1215_c9b3c38247,trade_services,Volume of freight transported by province(*),Total,VN_SRC_LONGAN,Long An,2021,annual,18289.2,Thous. tons,not_specified,E1215,https://www.nso.gov.vn/en/px-web?pxid=E1215&theme=Transport%2C%20Postal%20Services%20and%20Telecommunications,source_reported_unharmonized
e1215_c9b3c38247,trade_services,Volume of freight transported by province(*),Total,VN_SRC_LONGAN,Long An,2022,annual,20252.2,Thous. tons,not_specified,E1215,https://www.nso.gov.vn/en/px-web?pxid=E1215&theme=Transport%2C%20Postal%20Services%20and%20Telecommunications,source_reported_unharmonized
e1215_c9b3c38247,trade_services,Volume of freight transported by province(*),Total,VN_SRC_LONGAN,Long An,2023,annual,20737.2,Thous. tons,not_specified,E1215,https://www.nso.gov.vn/en/px-web?pxid=E1215&theme=Transport%2C%20Postal%20Services%20and%20Telecommunications,source_reported_unharmonized
e1215_c9b3c38247,trade_services,Volume of freight transported by province(*),Total,VN_SRC_LONGAN,Long An,2024,annual,23296.0,Thous. tons,not_specified,E1215,https://www.nso.gov.vn/en/px-web?pxid=E1215&theme=Transport%2C%20Postal%20Services%20and%20Telecommunications,source_reported_unharmonized
e1215_c9b3c38247,trade_services,Volume of freight transported by province(*),Total,VN_SRC_LONGAN,Long An,2025,annual,24548.2,Thous. tons,preliminary,E1215,https://www.nso.gov.vn/en/px-web?pxid=E1215&theme=Transport%2C%20Postal%20Services%20and%20Telecommunications,source_reported_unharmonized
e1215_c9b3c38247,trade_services,Volume of freight transported by province(*),Total,VN_SRC_TIENGIANG,Tien Giang,2000,annual,3129.0,Thous. tons,not_specified,E1215,https://www.nso.gov.vn/en/px-web?pxid=E1215&theme=Transport%2C%20Postal%20Services%20and%20Telecommunications,source_reported_unharmonized
e1215_c9b3c38247,trade_services,Volume of freight transported by province(*),Total,VN_SRC_TIENGIANG,Tien Giang,2001,annual,3270.0,Thous. tons,not_specified,E1215,https://www.nso.gov.vn/en/px-web?pxid=E1215&theme=Transport%2C%20Postal%20Services%20and%20Telecommunications,source_reported_unharmonized
e1215_c9b3c38247,trade_services,Volume of freight transported by province(*),Total,VN_SRC_TIENGIANG,Tien Giang,2002,annual,3420.0,Thous. tons,not_specified,E1215,https://www.nso.gov.vn/en/px-web?pxid=E1215&theme=Transport%2C%20Postal%20Services%20and%20Telecommunications,source_reported_unharmonized
e1215_c9b3c38247,trade_services,Volume of freight transported by province(*),Total,VN_SRC_TIENGIANG,Tien Giang,2003,annual,3673.0,Thous. tons,not_specified,E1215,https://www.nso.gov.vn/en/px-web?pxid=E1215&theme=Transport%2C%20Postal%20Services%20and%20Telecommunications,source_reported_unharmonized
e1215_c9b3c38247,trade_services,Volume of freight transported by province(*),Total,VN_SRC_TIENGIANG,Tien Giang,2004,annual,4873.0,Thous. tons,not_specified,E1215,https://www.nso.gov.vn/en/px-web?pxid=E1215&theme=Transport%2C%20Postal%20Services%20and%20Telecommunications,source_reported_unharmonized
e1215_c9b3c38247,trade_services,Volume of freight transported by province(*),Total,VN_SRC_TIENGIANG,Tien Giang,2005,annual,5443.0,Thous. tons,not_specified,E1215,https://www.nso.gov.vn/en/px-web?pxid=E1215&theme=Transport%2C%20Postal%20Services%20and%20Telecommunications,source_reported_unharmonized
e1215_c9b3c38247,trade_services,Volume of freight transported by province(*),Total,VN_SRC_TIENGIANG,Tien Giang,2006,annual,5690.0,Thous. tons,not_specified,E1215,https://www.nso.gov.vn/en/px-web?pxid=E1215&theme=Transport%2C%20Postal%20Services%20and%20Telecommunications,source_reported_unharmonized
e1215_c9b3c38247,trade_services,Volume of freight transported by province(*),Total,VN_SRC_TIENGIANG,Tien Giang,2007,annual,6332.8,Thous. tons,not_specified,E1215,https://www.nso.gov.vn/en/px-web?pxid=E1215&theme=Transport%2C%20Postal%20Services%20and%20Telecommunications,source_reported_unharmonized
e1215_c9b3c38247,trade_services,Volume of freight transported by province(*),Total,VN_SRC_TIENGIANG,Tien Giang,2008,annual,7394.0,Thous. tons,not_specified,E1215,https://www.nso.gov.vn/en/px-web?pxid=E1215&theme=Transport%2C%20Postal%20Services%20and%20Telecommunications,source_reported_unharmonized
e1215_c9b3c38247,trade_services,Volume of freight transported by province(*),Total,VN_SRC_TIENGIANG,Tien Giang,2009,annual,8809.0,Thous. tons,not_specified,E1215,https://www.nso.gov.vn/en/px-web?pxid=E1215&theme=Transport%2C%20Postal%20Services%20and%20Telecommunications,source_reported_unharmonized
e1215_c9b3c38247,trade_services,Volume of freight transported by province(*),Total,VN_SRC_TIENGIANG,Tien Giang,2010,annual,9785.3,Thous. tons,not_specified,E1215,https://www.nso.gov.vn/en/px-web?pxid=E1215&theme=Transport%2C%20Postal%20Services%20and%20Telecommunications,source_reported_unharmonized
e1215_c9b3c38247,trade_services,Volume of freight transported by province(*),Total,VN_SRC_TIENGIANG,Tien Giang,2011,annual,10939.8,Thous. tons,not_specified,E1215,https://www.nso.gov.vn/en/px-web?pxid=E1215&theme=Transport%2C%20Postal%20Services%20and%20Telecommunications,source_reported_unharmonized
e1215_c9b3c38247,trade_services,Volume of freight transported by province(*),Total,VN_SRC_TIENGIANG,Tien Giang,2012,annual,12170.7,Thous. tons,not_specified,E1215,https://www.nso.gov.vn/en/px-web?pxid=E1215&theme=Transport%2C%20Postal%20Services%20and%20Telecommunications,source_reported_unharmonized
e1215_c9b3c38247,trade_services,Volume of freight transported by province(*),Total,VN_SRC_TIENGIANG,Tien Giang,2013,annual,12849.6,Thous. tons,not_specified,E1215,https://www.nso.gov.vn/en/px-web?pxid=E1215&theme=Transport%2C%20Postal%20Services%20and%20Telecommunications,source_reported_unharmonized
e1215_c9b3c38247,trade_services,Volume of freight transported by province(*),Total,VN_SRC_TIENGIANG,Tien Giang,2014,annual,13374.3,Thous. tons,not_specified,E1215,https://www.nso.gov.vn/en/px-web?pxid=E1215&theme=Transport%2C%20Postal%20Services%20and%20Telecommunications,source_reported_unharmonized
e1215_c9b3c38247,trade_services,Volume of freight transported by province(*),Total,VN_SRC_TIENGIANG,Tien Giang,2015,annual,13465.6,Thous. tons,not_specified,E1215,https://www.nso.gov.vn/en/px-web?pxid=E1215&theme=Transport%2C%20Postal%20Services%20and%20Telecommunications,source_reported_unharmonized
e1215_c9b3c38247,trade_services,Volume of freight transported by province(*),Total,VN_SRC_TIENGIANG,Tien Giang,2016,annual,13798.9,Thous. tons,not_specified,E1215,https://www.nso.gov.vn/en/px-web?pxid=E1215&theme=Transport%2C%20Postal%20Services%20and%20Telecommunications,source_reported_unharmonized
e1215_c9b3c38247,trade_services,Volume of freight transported by province(*),Total,VN_SRC_TIENGIANG,Tien Giang,2017,annual,14859.7,Thous. tons,not_specified,E1215,https://www.nso.gov.vn/en/px-web?pxid=E1215&theme=Transport%2C%20Postal%20Services%20and%20Telecommunications,source_reported_unharmonized
e1215_c9b3c38247,trade_services,Volume of freight transported by province(*),Total,VN_SRC_TIENGIANG,Tien Giang,2018,annual,15448.2,Thous. tons,not_specified,E1215,https://www.nso.gov.vn/en/px-web?pxid=E1215&theme=Transport%2C%20Postal%20Services%20and%20Telecommunications,source_reported_unharmonized
e1215_c9b3c38247,trade_services,Volume of freight transported by province(*),Total,VN_SRC_TIENGIANG,Tien Giang,2019,annual,16699.8,Thous. tons,not_specified,E1215,https://www.nso.gov.vn/en/px-web?pxid=E1215&theme=Transport%2C%20Postal%20Services%20and%20Telecommunications,source_reported_unharmonized
e1215_c9b3c38247,trade_services,Volume of freight transported by province(*),Total,VN_SRC_TIENGIANG,Tien Giang,2020,annual,13368.6,Thous. tons,not_specified,E1215,https://www.nso.gov.vn/en/px-web?pxid=E1215&theme=Transport%2C%20Postal%20Services%20and%20Telecommunications,source_reported_unharmonized
e1215_c9b3c38247,trade_services,Volume of freight transported by province(*),Total,VN_SRC_TIENGIANG,Tien Giang,2021,annual,11232.8,Thous. tons,not_specified,E1215,https://www.nso.gov.vn/en/px-web?pxid=E1215&theme=Transport%2C%20Postal%20Services%20and%20Telecommunications,source_reported_unharmonized
e1215_c9b3c38247,trade_services,Volume of freight transported by province(*),Total,VN_SRC_TIENGIANG,Tien Giang,2022,annual,13604.0,Thous. tons,not_specified,E1215,https://www.nso.gov.vn/en/px-web?pxid=E1215&theme=Transport%2C%20Postal%20Services%20and%20Telecommunications,source_reported_unharmonized
e1215_c9b3c38247,trade_services,Volume of freight transported by province(*),Total,VN_SRC_TIENGIANG,Tien Giang,2023,annual,15417.7,Thous. tons,not_specified,E1215,https://www.nso.gov.vn/en/px-web?pxid=E1215&theme=Transport%2C%20Postal%20Services%20and%20Telecommunications,source_reported_unharmonized
e1215_c9b3c38247,trade_services,Volume of freight transported by province(*),Total,VN_SRC_TIENGIANG,Tien Giang,2024,annual,17285.5,Thous. tons,not_specified,E1215,https://www.nso.gov.vn/en/px-web?pxid=E1215&theme=Transport%2C%20Postal%20Services%20and%20Telecommunications,source_reported_unharmonized
e1215_c9b3c38247,trade_services,Volume of freight transported by province(*),Total,VN_SRC_TIENGIANG,Tien Giang,2025,annual,18387.2,Thous. tons,preliminary,E1215,https://www.nso.gov.vn/en/px-web?pxid=E1215&theme=Transport%2C%20Postal%20Services%20and%20Telecommunications,source_reported_unharmonized
e1215_c9b3c38247,trade_services,Volume of freight transported by province(*),Total,VN_SRC_BENTRE,Ben Tre,2000,annual,1484.0,Thous. tons,not_specified,E1215,https://www.nso.gov.vn/en/px-web?pxid=E1215&theme=Transport%2C%20Postal%20Services%20and%20Telecommunications,source_reported_unharmonized
e1215_c9b3c38247,trade_services,Volume of freight transported by province(*),Total,VN_SRC_BENTRE,Ben Tre,2001,annual,1659.0,Thous. tons,not_specified,E1215,https://www.nso.gov.vn/en/px-web?pxid=E1215&theme=Transport%2C%20Postal%20Services%20and%20Telecommunications,source_reported_unharmonized
e1215_c9b3c38247,trade_services,Volume of freight transported by province(*),Total,VN_SRC_BENTRE,Ben Tre,2002,annual,1951.0,Thous. tons,not_specified,E1215,https://www.nso.gov.vn/en/px-web?pxid=E1215&theme=Transport%2C%20Postal%20Services%20and%20Telecommunications,source_reported_unharmonized
e1215_c9b3c38247,trade_services,Volume of freight transported by province(*),Total,VN_SRC_BENTRE,Ben Tre,2003,annual,2063.0,Thous. tons,not_specified,E1215,https://www.nso.gov.vn/en/px-web?pxid=E1215&theme=Transport%2C%20Postal%20Services%20and%20Telecommunications,source_reported_unharmonized
e1215_c9b3c38247,trade_services,Volume of freight transported by province(*),Total,VN_SRC_BENTRE,Ben Tre,2004,annual,2191.0,Thous. tons,not_specified,E1215,https://www.nso.gov.vn/en/px-web?pxid=E1215&theme=Transport%2C%20Postal%20Services%20and%20Telecommunications,source_reported_unharmonized
e1215_c9b3c38247,trade_services,Volume of freight transported by province(*),Total,VN_SRC_BENTRE,Ben Tre,2005,annual,2640.0,Thous. tons,not_specified,E1215,https://www.nso.gov.vn/en/px-web?pxid=E1215&theme=Transport%2C%20Postal%20Services%20and%20Telecommunications,source_reported_unharmonized
e1215_c9b3c38247,trade_services,Volume of freight transported by province(*),Total,VN_SRC_BENTRE,Ben Tre,2006,annual,2746.0,Thous. tons,not_specified,E1215,https://www.nso.gov.vn/en/px-web?pxid=E1215&theme=Transport%2C%20Postal%20Services%20and%20Telecommunications,source_reported_unharmonized
e1215_c9b3c38247,trade_services,Volume of freight transported by province(*),Total,VN_SRC_BENTRE,Ben Tre,2007,annual,3005.2,Thous. tons,not_specified,E1215,https://www.nso.gov.vn/en/px-web?pxid=E1215&theme=Transport%2C%20Postal%20Services%20and%20Telecommunications,source_reported_unharmonized
e1215_c9b3c38247,trade_services,Volume of freight transported by province(*),Total,VN_SRC_BENTRE,Ben Tre,2008,annual,3049.7,Thous. tons,not_specified,E1215,https://www.nso.gov.vn/en/px-web?pxid=E1215&theme=Transport%2C%20Postal%20Services%20and%20Telecommunications,source_reported_unharmonized
e1215_c9b3c38247,trade_services,Volume of freight transported by province(*),Total,VN_SRC_BENTRE,Ben Tre,2009,annual,3081.8,Thous. tons,not_specified,E1215,https://www.nso.gov.vn/en/px-web?pxid=E1215&theme=Transport%2C%20Postal%20Services%20and%20Telecommunications,source_reported_unharmonized
e1215_c9b3c38247,trade_services,Volume of freight transported by province(*),Total,VN_SRC_BENTRE,Ben Tre,2010,annual,3216.6,Thous. tons,not_specified,E1215,https://www.nso.gov.vn/en/px-web?pxid=E1215&theme=Transport%2C%20Postal%20Services%20and%20Telecommunications,source_reported_unharmonized
e1215_c9b3c38247,trade_services,Volume of freight transported by province(*),Total,VN_SRC_BENTRE,Ben Tre,2011,annual,3480.8,Thous. tons,not_specified,E1215,https://www.nso.gov.vn/en/px-web?pxid=E1215&theme=Transport%2C%20Postal%20Services%20and%20Telecommunications,source_reported_unharmonized
e1215_c9b3c38247,trade_services,Volume of freight transported by province(*),Total,VN_SRC_BENTRE,Ben Tre,2012,annual,5224.6,Thous. tons,not_specified,E1215,https://www.nso.gov.vn/en/px-web?pxid=E1215&theme=Transport%2C%20Postal%20Services%20and%20Telecommunications,source_reported_unharmonized
e1215_c9b3c38247,trade_services,Volume of freight transported by province(*),Total,VN_SRC_BENTRE,Ben Tre,2013,annual,5316.7,Thous. tons,not_specified,E1215,https://www.nso.gov.vn/en/px-web?pxid=E1215&theme=Transport%2C%20Postal%20Services%20and%20Telecommunications,source_reported_unharmonized
e1215_c9b3c38247,trade_services,Volume of freight transported by province(*),Total,VN_SRC_BENTRE,Ben Tre,2014,annual,5644.1,Thous. tons,not_specified,E1215,https://www.nso.gov.vn/en/px-web?pxid=E1215&theme=Transport%2C%20Postal%20Services%20and%20Telecommunications,source_reported_unharmonized
e1215_c9b3c38247,trade_services,Volume of freight transported by province(*),Total,VN_SRC_BENTRE,Ben Tre,2015,annual,6016.5,Thous. tons,not_specified,E1215,https://www.nso.gov.vn/en/px-web?pxid=E1215&theme=Transport%2C%20Postal%20Services%20and%20Telecommunications,source_reported_unharmonized
e1215_c9b3c38247,trade_services,Volume of freight transported by province(*),Total,VN_SRC_BENTRE,Ben Tre,2016,annual,6461.3,Thous. tons,not_specified,E1215,https://www.nso.gov.vn/en/px-web?pxid=E1215&theme=Transport%2C%20Postal%20Services%20and%20Telecommunications,source_reported_unharmonized
e1215_c9b3c38247,trade_services,Volume of freight transported by province(*),Total,VN_SRC_BENTRE,Ben Tre,2017,annual,6919.5,Thous. tons,not_specified,E1215,https://www.nso.gov.vn/en/px-web?pxid=E1215&theme=Transport%2C%20Postal%20Services%20and%20Telecommunications,source_reported_unharmonized
e1215_c9b3c38247,trade_services,Volume of freight transported by province(*),Total,VN_SRC_BENTRE,Ben Tre,2018,annual,7386.3,Thous. tons,not_specified,E1215,https://www.nso.gov.vn/en/px-web?pxid=E1215&theme=Transport%2C%20Postal%20Services%20and%20Telecommunications,source_reported_unharmonized
e1215_c9b3c38247,trade_services,Volume of freight transported by province(*),Total,VN_SRC_BENTRE,Ben Tre,2019,annual,7447.2,Thous. tons,not_specified,E1215,https://www.nso.gov.vn/en/px-web?pxid=E1215&theme=Transport%2C%20Postal%20Services%20and%20Telecommunications,source_reported_unharmonized
e1215_c9b3c38247,trade_services,Volume of freight transported by province(*),Total,VN_SRC_BENTRE,Ben Tre,2020,annual,7681.8,Thous. tons,not_specified,E1215,https://www.nso.gov.vn/en/px-web?pxid=E1215&theme=Transport%2C%20Postal%20Services%20and%20Telecommunications,source_reported_unharmonized
e1215_c9b3c38247,trade_services,Volume of freight transported by province(*),Total,VN_SRC_BENTRE,Ben Tre,2021,annual,8157.0,Thous. tons,not_specified,E1215,https://www.nso.gov.vn/en/px-web?pxid=E1215&theme=Transport%2C%20Postal%20Services%20and%20Telecommunications,source_reported_unharmonized
e1215_c9b3c38247,trade_services,Volume of freight transported by province(*),Total,VN_SRC_BENTRE,Ben Tre,2022,annual,9705.0,Thous. tons,not_specified,E1215,https://www.nso.gov.vn/en/px-web?pxid=E1215&theme=Transport%2C%20Postal%20Services%20and%20Telecommunications,source_reported_unharmonized
e1215_c9b3c38247,trade_services,Volume of freight transported by province(*),Total,VN_SRC_BENTRE,Ben Tre,2023,annual,10826.4,Thous. tons,not_specified,E1215,https://www.nso.gov.vn/en/px-web?pxid=E1215&theme=Transport%2C%20Postal%20Services%20and%20Telecommunications,source_reported_unharmonized
e1215_c9b3c38247,trade_services,Volume of freight transported by province(*),Total,VN_SRC_BENTRE,Ben Tre,2024,annual,12140.3,Thous. tons,not_specified,E1215,https://www.nso.gov.vn/en/px-web?pxid=E1215&theme=Transport%2C%20Postal%20Services%20and%20Telecommunications,source_reported_unharmonized
e1215_c9b3c38247,trade_services,Volume of freight transported by province(*),Total,VN_SRC_BENTRE,Ben Tre,2025,annual,13154.0,Thous. tons,preliminary,E1215,https://www.nso.gov.vn/en/px-web?pxid=E1215&theme=Transport%2C%20Postal%20Services%20and%20Telecommunications,source_reported_unharmonized
e1215_c9b3c38247,trade_services,Volume of freight transported by province(*),Total,VN_SRC_TRAVINH,Tra Vinh,2000,annual,902.0,Thous. tons,not_specified,E1215,https://www.nso.gov.vn/en/px-web?pxid=E1215&theme=Transport%2C%20Postal%20Services%20and%20Telecommunications,source_reported_unharmonized
e1215_c9b3c38247,trade_services,Volume of freight transported by province(*),Total,VN_SRC_TRAVINH,Tra Vinh,2001,annual,1190.0,Thous. tons,not_specified,E1215,https://www.nso.gov.vn/en/px-web?pxid=E1215&theme=Transport%2C%20Postal%20Services%20and%20Telecommunications,source_reported_unharmonized
e1215_c9b3c38247,trade_services,Volume of freight transported by province(*),Total,VN_SRC_TRAVINH,Tra Vinh,2002,annual,1733.0,Thous. tons,not_specified,E1215,https://www.nso.gov.vn/en/px-web?pxid=E1215&theme=Transport%2C%20Postal%20Services%20and%20Telecommunications,source_reported_unharmonized
e1215_c9b3c38247,trade_services,Volume of freight transported by province(*),Total,VN_SRC_TRAVINH,Tra Vinh,2003,annual,2325.0,Thous. tons,not_specified,E1215,https://www.nso.gov.vn/en/px-web?pxid=E1215&theme=Transport%2C%20Postal%20Services%20and%20Telecommunications,source_reported_unharmonized
e1215_c9b3c38247,trade_services,Volume of freight transported by province(*),Total,VN_SRC_TRAVINH,Tra Vinh,2004,annual,4288.0,Thous. tons,not_specified,E1215,https://www.nso.gov.vn/en/px-web?pxid=E1215&theme=Transport%2C%20Postal%20Services%20and%20Telecommunications,source_reported_unharmonized
e1215_c9b3c38247,trade_services,Volume of freight transported by province(*),Total,VN_SRC_TRAVINH,Tra Vinh,2005,annual,5298.2,Thous. tons,not_specified,E1215,https://www.nso.gov.vn/en/px-web?pxid=E1215&theme=Transport%2C%20Postal%20Services%20and%20Telecommunications,source_reported_unharmonized
e1215_c9b3c38247,trade_services,Volume of freight transported by province(*),Total,VN_SRC_TRAVINH,Tra Vinh,2006,annual,5776.8,Thous. tons,not_specified,E1215,https://www.nso.gov.vn/en/px-web?pxid=E1215&theme=Transport%2C%20Postal%20Services%20and%20Telecommunications,source_reported_unharmonized
e1215_c9b3c38247,trade_services,Volume of freight transported by province(*),Total,VN_SRC_TRAVINH,Tra Vinh,2007,annual,5589.4,Thous. tons,not_specified,E1215,https://www.nso.gov.vn/en/px-web?pxid=E1215&theme=Transport%2C%20Postal%20Services%20and%20Telecommunications,source_reported_unharmonized
e1215_c9b3c38247,trade_services,Volume of freight transported by province(*),Total,VN_SRC_TRAVINH,Tra Vinh,2008,annual,4770.0,Thous. tons,not_specified,E1215,https://www.nso.gov.vn/en/px-web?pxid=E1215&theme=Transport%2C%20Postal%20Services%20and%20Telecommunications,source_reported_unharmonized
e1215_c9b3c38247,trade_services,Volume of freight transported by province(*),Total,VN_SRC_TRAVINH,Tra Vinh,2009,annual,3244.1,Thous. tons,not_specified,E1215,https://www.nso.gov.vn/en/px-web?pxid=E1215&theme=Transport%2C%20Postal%20Services%20and%20Telecommunications,source_reported_unharmonized
e1215_c9b3c38247,trade_services,Volume of freight transported by province(*),Total,VN_SRC_TRAVINH,Tra Vinh,2010,annual,3429.3,Thous. tons,not_specified,E1215,https://www.nso.gov.vn/en/px-web?pxid=E1215&theme=Transport%2C%20Postal%20Services%20and%20Telecommunications,source_reported_unharmonized
e1215_c9b3c38247,trade_services,Volume of freight transported by province(*),Total,VN_SRC_TRAVINH,Tra Vinh,2011,annual,3754.0,Thous. tons,not_specified,E1215,https://www.nso.gov.vn/en/px-web?pxid=E1215&theme=Transport%2C%20Postal%20Services%20and%20Telecommunications,source_reported_unharmonized
e1215_c9b3c38247,trade_services,Volume of freight transported by province(*),Total,VN_SRC_TRAVINH,Tra Vinh,2012,annual,4328.0,Thous. tons,not_specified,E1215,https://www.nso.gov.vn/en/px-web?pxid=E1215&theme=Transport%2C%20Postal%20Services%20and%20Telecommunications,source_reported_unharmonized
e1215_c9b3c38247,trade_services,Volume of freight transported by province(*),Total,VN_SRC_TRAVINH,Tra Vinh,2013,annual,4946.5,Thous. tons,not_specified,E1215,https://www.nso.gov.vn/en/px-web?pxid=E1215&theme=Transport%2C%20Postal%20Services%20and%20Telecommunications,source_reported_unharmonized
e1215_c9b3c38247,trade_services,Volume of freight transported by province(*),Total,VN_SRC_TRAVINH,Tra Vinh,2014,annual,5144.5,Thous. tons,not_specified,E1215,https://www.nso.gov.vn/en/px-web?pxid=E1215&theme=Transport%2C%20Postal%20Services%20and%20Telecommunications,source_reported_unharmonized
e1215_c9b3c38247,trade_services,Volume of freight transported by province(*),Total,VN_SRC_TRAVINH,Tra Vinh,2015,annual,5746.3,Thous. tons,not_specified,E1215,https://www.nso.gov.vn/en/px-web?pxid=E1215&theme=Transport%2C%20Postal%20Services%20and%20Telecommunications,source_reported_unharmonized
e1215_c9b3c38247,trade_services,Volume of freight transported by province(*),Total,VN_SRC_TRAVINH,Tra Vinh,2016,annual,6620.4,Thous. tons,not_specified,E1215,https://www.nso.gov.vn/en/px-web?pxid=E1215&theme=Transport%2C%20Postal%20Services%20and%20Telecommunications,source_reported_unharmonized
e1215_c9b3c38247,trade_services,Volume of freight transported by province(*),Total,VN_SRC_TRAVINH,Tra Vinh,2017,annual,7544.5,Thous. tons,not_specified,E1215,https://www.nso.gov.vn/en/px-web?pxid=E1215&theme=Transport%2C%20Postal%20Services%20and%20Telecommunications,source_reported_unharmonized
e1215_c9b3c38247,trade_services,Volume of freight transported by province(*),Total,VN_SRC_TRAVINH,Tra Vinh,2018,annual,7864.7,Thous. tons,not_specified,E1215,https://www.nso.gov.vn/en/px-web?pxid=E1215&theme=Transport%2C%20Postal%20Services%20and%20Telecommunications,source_reported_unharmonized
e1215_c9b3c38247,trade_services,Volume of freight transported by province(*),Total,VN_SRC_TRAVINH,Tra Vinh,2019,annual,8901.1,Thous. tons,not_specified,E1215,https://www.nso.gov.vn/en/px-web?pxid=E1215&theme=Transport%2C%20Postal%20Services%20and%20Telecommunications,source_reported_unharmonized
e1215_c9b3c38247,trade_services,Volume of freight transported by province(*),Total,VN_SRC_TRAVINH,Tra Vinh,2020,annual,7245.5,Thous. tons,not_specified,E1215,https://www.nso.gov.vn/en/px-web?pxid=E1215&theme=Transport%2C%20Postal%20Services%20and%20Telecommunications,source_reported_unharmonized
e1215_c9b3c38247,trade_services,Volume of freight transported by province(*),Total,VN_SRC_TRAVINH,Tra Vinh,2021,annual,6552.6,Thous. tons,not_specified,E1215,https://www.nso.gov.vn/en/px-web?pxid=E1215&theme=Transport%2C%20Postal%20Services%20and%20Telecommunications,source_reported_unharmonized
e1215_c9b3c38247,trade_services,Volume of freight transported by province(*),Total,VN_SRC_TRAVINH,Tra Vinh,2022,annual,12672.2,Thous. tons,not_specified,E1215,https://www.nso.gov.vn/en/px-web?pxid=E1215&theme=Transport%2C%20Postal%20Services%20and%20Telecommunications,source_reported_unharmonized
e1215_c9b3c38247,trade_services,Volume of freight transported by province(*),Total,VN_SRC_TRAVINH,Tra Vinh,2023,annual,16727.3,Thous. tons,not_specified,E1215,https://www.nso.gov.vn/en/px-web?pxid=E1215&theme=Transport%2C%20Postal%20Services%20and%20Telecommunications,source_reported_unharmonized
e1215_c9b3c38247,trade_services,Volume of freight transported by province(*),Total,VN_SRC_TRAVINH,Tra Vinh,2024,annual,21117.8,Thous. tons,not_specified,E1215,https://www.nso.gov.vn/en/px-web?pxid=E1215&theme=Transport%2C%20Postal%20Services%20and%20Telecommunications,source_reported_unharmonized
e1215_c9b3c38247,trade_services,Volume of freight transported by province(*),Total,VN_SRC_TRAVINH,Tra Vinh,2025,annual,23233.8,Thous. tons,preliminary,E1215,https://www.nso.gov.vn/en/px-web?pxid=E1215&theme=Transport%2C%20Postal%20Services%20and%20Telecommunications,source_reported_unharmonized
e1215_c9b3c38247,trade_services,Volume of freight transported by province(*),Total,VN_SRC_VINHLONG,Vinh Long,2000,annual,2190.0,Thous. tons,not_specified,E1215,https://www.nso.gov.vn/en/px-web?pxid=E1215&theme=Transport%2C%20Postal%20Services%20and%20Telecommunications,source_reported_unharmonized
e1215_c9b3c38247,trade_services,Volume of freight transported by province(*),Total,VN_SRC_VINHLONG,Vinh Long,2001,annual,2348.0,Thous. tons,not_specified,E1215,https://www.nso.gov.vn/en/px-web?pxid=E1215&theme=Transport%2C%20Postal%20Services%20and%20Telecommunications,source_reported_unharmonized
e1215_c9b3c38247,trade_services,Volume of freight transported by province(*),Total,VN_SRC_VINHLONG,Vinh Long,2002,annual,2558.0,Thous. tons,not_specified,E1215,https://www.nso.gov.vn/en/px-web?pxid=E1215&theme=Transport%2C%20Postal%20Services%20and%20Telecommunications,source_reported_unharmonized
e1215_c9b3c38247,trade_services,Volume of freight transported by province(*),Total,VN_SRC_VINHLONG,Vinh Long,2003,annual,2662.0,Thous. tons,not_specified,E1215,https://www.nso.gov.vn/en/px-web?pxid=E1215&theme=Transport%2C%20Postal%20Services%20and%20Telecommunications,source_reported_unharmonized
e1215_c9b3c38247,trade_services,Volume of freight transported by province(*),Total,VN_SRC_VINHLONG,Vinh Long,2004,annual,2718.0,Thous. tons,not_specified,E1215,https://www.nso.gov.vn/en/px-web?pxid=E1215&theme=Transport%2C%20Postal%20Services%20and%20Telecommunications,source_reported_unharmonized
e1215_c9b3c38247,trade_services,Volume of freight transported by province(*),Total,VN_SRC_VINHLONG,Vinh Long,2005,annual,3022.0,Thous. tons,not_specified,E1215,https://www.nso.gov.vn/en/px-web?pxid=E1215&theme=Transport%2C%20Postal%20Services%20and%20Telecommunications,source_reported_unharmonized
e1215_c9b3c38247,trade_services,Volume of freight transported by province(*),Total,VN_SRC_VINHLONG,Vinh Long,2006,annual,3310.0,Thous. tons,not_specified,E1215,https://www.nso.gov.vn/en/px-web?pxid=E1215&theme=Transport%2C%20Postal%20Services%20and%20Telecommunications,source_reported_unharmonized
e1215_c9b3c38247,trade_services,Volume of freight transported by province(*),Total,VN_SRC_VINHLONG,Vinh Long,2007,annual,3520.0,Thous. tons,not_specified,E1215,https://www.nso.gov.vn/en/px-web?pxid=E1215&theme=Transport%2C%20Postal%20Services%20and%20Telecommunications,source_reported_unharmonized
e1215_c9b3c38247,trade_services,Volume of freight transported by province(*),Total,VN_SRC_VINHLONG,Vinh Long,2008,annual,3956.0,Thous. tons,not_specified,E1215,https://www.nso.gov.vn/en/px-web?pxid=E1215&theme=Transport%2C%20Postal%20Services%20and%20Telecommunications,source_reported_unharmonized
e1215_c9b3c38247,trade_services,Volume of freight transported by province(*),Total,VN_SRC_VINHLONG,Vinh Long,2009,annual,4712.0,Thous. tons,not_specified,E1215,https://www.nso.gov.vn/en/px-web?pxid=E1215&theme=Transport%2C%20Postal%20Services%20and%20Telecommunications,source_reported_unharmonized
e1215_c9b3c38247,trade_services,Volume of freight transported by province(*),Total,VN_SRC_VINHLONG,Vinh Long,2010,annual,4926.2,Thous. tons,not_specified,E1215,https://www.nso.gov.vn/en/px-web?pxid=E1215&theme=Transport%2C%20Postal%20Services%20and%20Telecommunications,source_reported_unharmonized
e1215_c9b3c38247,trade_services,Volume of freight transported by province(*),Total,VN_SRC_VINHLONG,Vinh Long,2011,annual,5461.4,Thous. tons,not_specified,E1215,https://www.nso.gov.vn/en/px-web?pxid=E1215&theme=Transport%2C%20Postal%20Services%20and%20Telecommunications,source_reported_unharmonized
e1215_c9b3c38247,trade_services,Volume of freight transported by province(*),Total,VN_SRC_VINHLONG,Vinh Long,2012,annual,5132.8,Thous. tons,not_specified,E1215,https://www.nso.gov.vn/en/px-web?pxid=E1215&theme=Transport%2C%20Postal%20Services%20and%20Telecommunications,source_reported_unharmonized
e1215_c9b3c38247,trade_services,Volume of freight transported by province(*),Total,VN_SRC_VINHLONG,Vinh Long,2013,annual,5171.3,Thous. tons,not_specified,E1215,https://www.nso.gov.vn/en/px-web?pxid=E1215&theme=Transport%2C%20Postal%20Services%20and%20Telecommunications,source_reported_unharmonized
e1215_c9b3c38247,trade_services,Volume of freight transported by province(*),Total,VN_SRC_VINHLONG,Vinh Long,2014,annual,5321.8,Thous. tons,not_specified,E1215,https://www.nso.gov.vn/en/px-web?pxid=E1215&theme=Transport%2C%20Postal%20Services%20and%20Telecommunications,source_reported_unharmonized
e1215_c9b3c38247,trade_services,Volume of freight transported by province(*),Total,VN_SRC_VINHLONG,Vinh Long,2015,annual,5251.1,Thous. tons,not_specified,E1215,https://www.nso.gov.vn/en/px-web?pxid=E1215&theme=Transport%2C%20Postal%20Services%20and%20Telecommunications,source_reported_unharmonized
e1215_c9b3c38247,trade_services,Volume of freight transported by province(*),Total,VN_SRC_VINHLONG,Vinh Long,2016,annual,5283.6,Thous. tons,not_specified,E1215,https://www.nso.gov.vn/en/px-web?pxid=E1215&theme=Transport%2C%20Postal%20Services%20and%20Telecommunications,source_reported_unharmonized
e1215_c9b3c38247,trade_services,Volume of freight transported by province(*),Total,VN_SRC_VINHLONG,Vinh Long,2017,annual,5572.3,Thous. tons,not_specified,E1215,https://www.nso.gov.vn/en/px-web?pxid=E1215&theme=Transport%2C%20Postal%20Services%20and%20Telecommunications,source_reported_unharmonized
e1215_c9b3c38247,trade_services,Volume of freight transported by province(*),Total,VN_SRC_VINHLONG,Vinh Long,2018,annual,5913.2,Thous. tons,not_specified,E1215,https://www.nso.gov.vn/en/px-web?pxid=E1215&theme=Transport%2C%20Postal%20Services%20and%20Telecommunications,source_reported_unharmonized
e1215_c9b3c38247,trade_services,Volume of freight transported by province(*),Total,VN_SRC_VINHLONG,Vinh Long,2019,annual,6380.0,Thous. tons,not_specified,E1215,https://www.nso.gov.vn/en/px-web?pxid=E1215&theme=Transport%2C%20Postal%20Services%20and%20Telecommunications,source_reported_unharmonized
e1215_c9b3c38247,trade_services,Volume of freight transported by province(*),Total,VN_SRC_VINHLONG,Vinh Long,2020,annual,4974.8,Thous. tons,not_specified,E1215,https://www.nso.gov.vn/en/px-web?pxid=E1215&theme=Transport%2C%20Postal%20Services%20and%20Telecommunications,source_reported_unharmonized
e1215_c9b3c38247,trade_services,Volume of freight transported by province(*),Total,VN_SRC_VINHLONG,Vinh Long,2021,annual,3514.0,Thous. tons,not_specified,E1215,https://www.nso.gov.vn/en/px-web?pxid=E1215&theme=Transport%2C%20Postal%20Services%20and%20Telecommunications,source_reported_unharmonized
e1215_c9b3c38247,trade_services,Volume of freight transported by province(*),Total,VN_SRC_VINHLONG,Vinh Long,2022,annual,4114.0,Thous. tons,not_specified,E1215,https://www.nso.gov.vn/en/px-web?pxid=E1215&theme=Transport%2C%20Postal%20Services%20and%20Telecommunications,source_reported_unharmonized
e1215_c9b3c38247,trade_services,Volume of freight transported by province(*),Total,VN_SRC_VINHLONG,Vinh Long,2023,annual,3866.8,Thous. tons,not_specified,E1215,https://www.nso.gov.vn/en/px-web?pxid=E1215&theme=Transport%2C%20Postal%20Services%20and%20Telecommunications,source_reported_unharmonized
e1215_c9b3c38247,trade_services,Volume of freight transported by province(*),Total,VN_SRC_VINHLONG,Vinh Long,2024,annual,4238.5,Thous. tons,not_specified,E1215,https://www.nso.gov.vn/en/px-web?pxid=E1215&theme=Transport%2C%20Postal%20Services%20and%20Telecommunications,source_reported_unharmonized
e1215_c9b3c38247,trade_services,Volume of freight transported by province(*),Total,VN_SRC_VINHLONG,Vinh Long,2025,annual,5062.4,Thous. tons,preliminary,E1215,https://www.nso.gov.vn/en/px-web?pxid=E1215&theme=Transport%2C%20Postal%20Services%20and%20Telecommunications,source_reported_unharmonized
e1215_c9b3c38247,trade_services,Volume of freight transported by province(*),Total,VN_SRC_DONGTHAP,Dong Thap,2000,annual,1924.0,Thous. tons,not_specified,E1215,https://www.nso.gov.vn/en/px-web?pxid=E1215&theme=Transport%2C%20Postal%20Services%20and%20Telecommunications,source_reported_unharmonized
e1215_c9b3c38247,trade_services,Volume of freight transported by province(*),Total,VN_SRC_DONGTHAP,Dong Thap,2001,annual,1945.0,Thous. tons,not_specified,E1215,https://www.nso.gov.vn/en/px-web?pxid=E1215&theme=Transport%2C%20Postal%20Services%20and%20Telecommunications,source_reported_unharmonized
e1215_c9b3c38247,trade_services,Volume of freight transported by province(*),Total,VN_SRC_DONGTHAP,Dong Thap,2002,annual,1987.0,Thous. tons,not_specified,E1215,https://www.nso.gov.vn/en/px-web?pxid=E1215&theme=Transport%2C%20Postal%20Services%20and%20Telecommunications,source_reported_unharmonized
e1215_c9b3c38247,trade_services,Volume of freight transported by province(*),Total,VN_SRC_DONGTHAP,Dong Thap,2003,annual,2031.0,Thous. tons,not_specified,E1215,https://www.nso.gov.vn/en/px-web?pxid=E1215&theme=Transport%2C%20Postal%20Services%20and%20Telecommunications,source_reported_unharmonized
e1215_c9b3c38247,trade_services,Volume of freight transported by province(*),Total,VN_SRC_DONGTHAP,Dong Thap,2004,annual,2233.0,Thous. tons,not_specified,E1215,https://www.nso.gov.vn/en/px-web?pxid=E1215&theme=Transport%2C%20Postal%20Services%20and%20Telecommunications,source_reported_unharmonized
e1215_c9b3c38247,trade_services,Volume of freight transported by province(*),Total,VN_SRC_DONGTHAP,Dong Thap,2005,annual,2428.0,Thous. tons,not_specified,E1215,https://www.nso.gov.vn/en/px-web?pxid=E1215&theme=Transport%2C%20Postal%20Services%20and%20Telecommunications,source_reported_unharmonized
e1215_c9b3c38247,trade_services,Volume of freight transported by province(*),Total,VN_SRC_DONGTHAP,Dong Thap,2006,annual,2576.0,Thous. tons,not_specified,E1215,https://www.nso.gov.vn/en/px-web?pxid=E1215&theme=Transport%2C%20Postal%20Services%20and%20Telecommunications,source_reported_unharmonized
e1215_c9b3c38247,trade_services,Volume of freight transported by province(*),Total,VN_SRC_DONGTHAP,Dong Thap,2007,annual,3341.0,Thous. tons,not_specified,E1215,https://www.nso.gov.vn/en/px-web?pxid=E1215&theme=Transport%2C%20Postal%20Services%20and%20Telecommunications,source_reported_unharmonized
e1215_c9b3c38247,trade_services,Volume of freight transported by province(*),Total,VN_SRC_DONGTHAP,Dong Thap,2008,annual,2836.0,Thous. tons,not_specified,E1215,https://www.nso.gov.vn/en/px-web?pxid=E1215&theme=Transport%2C%20Postal%20Services%20and%20Telecommunications,source_reported_unharmonized
e1215_c9b3c38247,trade_services,Volume of freight transported by province(*),Total,VN_SRC_DONGTHAP,Dong Thap,2009,annual,2944.0,Thous. tons,not_specified,E1215,https://www.nso.gov.vn/en/px-web?pxid=E1215&theme=Transport%2C%20Postal%20Services%20and%20Telecommunications,source_reported_unharmonized
e1215_c9b3c38247,trade_services,Volume of freight transported by province(*),Total,VN_SRC_DONGTHAP,Dong Thap,2010,annual,3019.9,Thous. tons,not_specified,E1215,https://www.nso.gov.vn/en/px-web?pxid=E1215&theme=Transport%2C%20Postal%20Services%20and%20Telecommunications,source_reported_unharmonized
e1215_c9b3c38247,trade_services,Volume of freight transported by province(*),Total,VN_SRC_DONGTHAP,Dong Thap,2011,annual,3278.7,Thous. tons,not_specified,E1215,https://www.nso.gov.vn/en/px-web?pxid=E1215&theme=Transport%2C%20Postal%20Services%20and%20Telecommunications,source_reported_unharmonized
e1215_c9b3c38247,trade_services,Volume of freight transported by province(*),Total,VN_SRC_DONGTHAP,Dong Thap,2012,annual,3358.8,Thous. tons,not_specified,E1215,https://www.nso.gov.vn/en/px-web?pxid=E1215&theme=Transport%2C%20Postal%20Services%20and%20Telecommunications,source_reported_unharmonized
e1215_c9b3c38247,trade_services,Volume of freight transported by province(*),Total,VN_SRC_DONGTHAP,Dong Thap,2013,annual,4241.0,Thous. tons,not_specified,E1215,https://www.nso.gov.vn/en/px-web?pxid=E1215&theme=Transport%2C%20Postal%20Services%20and%20Telecommunications,source_reported_unharmonized
e1215_c9b3c38247,trade_services,Volume of freight transported by province(*),Total,VN_SRC_DONGTHAP,Dong Thap,2014,annual,4143.3,Thous. tons,not_specified,E1215,https://www.nso.gov.vn/en/px-web?pxid=E1215&theme=Transport%2C%20Postal%20Services%20and%20Telecommunications,source_reported_unharmonized
e1215_c9b3c38247,trade_services,Volume of freight transported by province(*),Total,VN_SRC_DONGTHAP,Dong Thap,2015,annual,4300.9,Thous. tons,not_specified,E1215,https://www.nso.gov.vn/en/px-web?pxid=E1215&theme=Transport%2C%20Postal%20Services%20and%20Telecommunications,source_reported_unharmonized
e1215_c9b3c38247,trade_services,Volume of freight transported by province(*),Total,VN_SRC_DONGTHAP,Dong Thap,2016,annual,4676.6,Thous. tons,not_specified,E1215,https://www.nso.gov.vn/en/px-web?pxid=E1215&theme=Transport%2C%20Postal%20Services%20and%20Telecommunications,source_reported_unharmonized
e1215_c9b3c38247,trade_services,Volume of freight transported by province(*),Total,VN_SRC_DONGTHAP,Dong Thap,2017,annual,4961.6,Thous. tons,not_specified,E1215,https://www.nso.gov.vn/en/px-web?pxid=E1215&theme=Transport%2C%20Postal%20Services%20and%20Telecommunications,source_reported_unharmonized
e1215_c9b3c38247,trade_services,Volume of freight transported by province(*),Total,VN_SRC_DONGTHAP,Dong Thap,2018,annual,5525.5,Thous. tons,not_specified,E1215,https://www.nso.gov.vn/en/px-web?pxid=E1215&theme=Transport%2C%20Postal%20Services%20and%20Telecommunications,source_reported_unharmonized
e1215_c9b3c38247,trade_services,Volume of freight transported by province(*),Total,VN_SRC_DONGTHAP,Dong Thap,2019,annual,6493.1,Thous. tons,not_specified,E1215,https://www.nso.gov.vn/en/px-web?pxid=E1215&theme=Transport%2C%20Postal%20Services%20and%20Telecommunications,source_reported_unharmonized
e1215_c9b3c38247,trade_services,Volume of freight transported by province(*),Total,VN_SRC_DONGTHAP,Dong Thap,2020,annual,6679.9,Thous. tons,not_specified,E1215,https://www.nso.gov.vn/en/px-web?pxid=E1215&theme=Transport%2C%20Postal%20Services%20and%20Telecommunications,source_reported_unharmonized
e1215_c9b3c38247,trade_services,Volume of freight transported by province(*),Total,VN_SRC_DONGTHAP,Dong Thap,2021,annual,7234.0,Thous. tons,not_specified,E1215,https://www.nso.gov.vn/en/px-web?pxid=E1215&theme=Transport%2C%20Postal%20Services%20and%20Telecommunications,source_reported_unharmonized
e1215_c9b3c38247,trade_services,Volume of freight transported by province(*),Total,VN_SRC_DONGTHAP,Dong Thap,2022,annual,8229.2,Thous. tons,not_specified,E1215,https://www.nso.gov.vn/en/px-web?pxid=E1215&theme=Transport%2C%20Postal%20Services%20and%20Telecommunications,source_reported_unharmonized
e1215_c9b3c38247,trade_services,Volume of freight transported by province(*),Total,VN_SRC_DONGTHAP,Dong Thap,2023,annual,9361.3,Thous. tons,not_specified,E1215,https://www.nso.gov.vn/en/px-web?pxid=E1215&theme=Transport%2C%20Postal%20Services%20and%20Telecommunications,source_reported_unharmonized
e1215_c9b3c38247,trade_services,Volume of freight transported by province(*),Total,VN_SRC_DONGTHAP,Dong Thap,2024,annual,10495.4,Thous. tons,not_specified,E1215,https://www.nso.gov.vn/en/px-web?pxid=E1215&theme=Transport%2C%20Postal%20Services%20and%20Telecommunications,source_reported_unharmonized
e1215_c9b3c38247,trade_services,Volume of freight transported by province(*),Total,VN_SRC_DONGTHAP,Dong Thap,2025,annual,11875.8,Thous. tons,preliminary,E1215,https://www.nso.gov.vn/en/px-web?pxid=E1215&theme=Transport%2C%20Postal%20Services%20and%20Telecommunications,source_reported_unharmonized
e1215_c9b3c38247,trade_services,Volume of freight transported by province(*),Total,VN_SRC_ANGIANG,An Giang,2000,annual,3018.0,Thous. tons,not_specified,E1215,https://www.nso.gov.vn/en/px-web?pxid=E1215&theme=Transport%2C%20Postal%20Services%20and%20Telecommunications,source_reported_unharmonized
e1215_c9b3c38247,trade_services,Volume of freight transported by province(*),Total,VN_SRC_ANGIANG,An Giang,2001,annual,3325.0,Thous. tons,not_specified,E1215,https://www.nso.gov.vn/en/px-web?pxid=E1215&theme=Transport%2C%20Postal%20Services%20and%20Telecommunications,source_reported_unharmonized
e1215_c9b3c38247,trade_services,Volume of freight transported by province(*),Total,VN_SRC_ANGIANG,An Giang,2002,annual,4103.5,Thous. tons,not_specified,E1215,https://www.nso.gov.vn/en/px-web?pxid=E1215&theme=Transport%2C%20Postal%20Services%20and%20Telecommunications,source_reported_unharmonized
e1215_c9b3c38247,trade_services,Volume of freight transported by province(*),Total,VN_SRC_ANGIANG,An Giang,2003,annual,5258.2,Thous. tons,not_specified,E1215,https://www.nso.gov.vn/en/px-web?pxid=E1215&theme=Transport%2C%20Postal%20Services%20and%20Telecommunications,source_reported_unharmonized
e1215_c9b3c38247,trade_services,Volume of freight transported by province(*),Total,VN_SRC_ANGIANG,An Giang,2004,annual,5961.0,Thous. tons,not_specified,E1215,https://www.nso.gov.vn/en/px-web?pxid=E1215&theme=Transport%2C%20Postal%20Services%20and%20Telecommunications,source_reported_unharmonized
e1215_c9b3c38247,trade_services,Volume of freight transported by province(*),Total,VN_SRC_ANGIANG,An Giang,2005,annual,14845.0,Thous. tons,not_specified,E1215,https://www.nso.gov.vn/en/px-web?pxid=E1215&theme=Transport%2C%20Postal%20Services%20and%20Telecommunications,source_reported_unharmonized
e1215_c9b3c38247,trade_services,Volume of freight transported by province(*),Total,VN_SRC_ANGIANG,An Giang,2006,annual,15729.6,Thous. tons,not_specified,E1215,https://www.nso.gov.vn/en/px-web?pxid=E1215&theme=Transport%2C%20Postal%20Services%20and%20Telecommunications,source_reported_unharmonized
e1215_c9b3c38247,trade_services,Volume of freight transported by province(*),Total,VN_SRC_ANGIANG,An Giang,2007,annual,9509.0,Thous. tons,not_specified,E1215,https://www.nso.gov.vn/en/px-web?pxid=E1215&theme=Transport%2C%20Postal%20Services%20and%20Telecommunications,source_reported_unharmonized
e1215_c9b3c38247,trade_services,Volume of freight transported by province(*),Total,VN_SRC_ANGIANG,An Giang,2008,annual,15503.0,Thous. tons,not_specified,E1215,https://www.nso.gov.vn/en/px-web?pxid=E1215&theme=Transport%2C%20Postal%20Services%20and%20Telecommunications,source_reported_unharmonized
e1215_c9b3c38247,trade_services,Volume of freight transported by province(*),Total,VN_SRC_ANGIANG,An Giang,2009,annual,16154.0,Thous. tons,not_specified,E1215,https://www.nso.gov.vn/en/px-web?pxid=E1215&theme=Transport%2C%20Postal%20Services%20and%20Telecommunications,source_reported_unharmonized
e1215_c9b3c38247,trade_services,Volume of freight transported by province(*),Total,VN_SRC_ANGIANG,An Giang,2010,annual,19801.4,Thous. tons,not_specified,E1215,https://www.nso.gov.vn/en/px-web?pxid=E1215&theme=Transport%2C%20Postal%20Services%20and%20Telecommunications,source_reported_unharmonized
e1215_c9b3c38247,trade_services,Volume of freight transported by province(*),Total,VN_SRC_ANGIANG,An Giang,2011,annual,17926.0,Thous. tons,not_specified,E1215,https://www.nso.gov.vn/en/px-web?pxid=E1215&theme=Transport%2C%20Postal%20Services%20and%20Telecommunications,source_reported_unharmonized
e1215_c9b3c38247,trade_services,Volume of freight transported by province(*),Total,VN_SRC_ANGIANG,An Giang,2012,annual,22047.0,Thous. tons,not_specified,E1215,https://www.nso.gov.vn/en/px-web?pxid=E1215&theme=Transport%2C%20Postal%20Services%20and%20Telecommunications,source_reported_unharmonized
e1215_c9b3c38247,trade_services,Volume of freight transported by province(*),Total,VN_SRC_ANGIANG,An Giang,2013,annual,23293.0,Thous. tons,not_specified,E1215,https://www.nso.gov.vn/en/px-web?pxid=E1215&theme=Transport%2C%20Postal%20Services%20and%20Telecommunications,source_reported_unharmonized
e1215_c9b3c38247,trade_services,Volume of freight transported by province(*),Total,VN_SRC_ANGIANG,An Giang,2014,annual,23943.9,Thous. tons,not_specified,E1215,https://www.nso.gov.vn/en/px-web?pxid=E1215&theme=Transport%2C%20Postal%20Services%20and%20Telecommunications,source_reported_unharmonized
e1215_c9b3c38247,trade_services,Volume of freight transported by province(*),Total,VN_SRC_ANGIANG,An Giang,2015,annual,26049.1,Thous. tons,not_specified,E1215,https://www.nso.gov.vn/en/px-web?pxid=E1215&theme=Transport%2C%20Postal%20Services%20and%20Telecommunications,source_reported_unharmonized
e1215_c9b3c38247,trade_services,Volume of freight transported by province(*),Total,VN_SRC_ANGIANG,An Giang,2016,annual,27749.0,Thous. tons,not_specified,E1215,https://www.nso.gov.vn/en/px-web?pxid=E1215&theme=Transport%2C%20Postal%20Services%20and%20Telecommunications,source_reported_unharmonized
e1215_c9b3c38247,trade_services,Volume of freight transported by province(*),Total,VN_SRC_ANGIANG,An Giang,2017,annual,29534.3,Thous. tons,not_specified,E1215,https://www.nso.gov.vn/en/px-web?pxid=E1215&theme=Transport%2C%20Postal%20Services%20and%20Telecommunications,source_reported_unharmonized
e1215_c9b3c38247,trade_services,Volume of freight transported by province(*),Total,VN_SRC_ANGIANG,An Giang,2018,annual,32915.8,Thous. tons,not_specified,E1215,https://www.nso.gov.vn/en/px-web?pxid=E1215&theme=Transport%2C%20Postal%20Services%20and%20Telecommunications,source_reported_unharmonized
e1215_c9b3c38247,trade_services,Volume of freight transported by province(*),Total,VN_SRC_ANGIANG,An Giang,2019,annual,36684.0,Thous. tons,not_specified,E1215,https://www.nso.gov.vn/en/px-web?pxid=E1215&theme=Transport%2C%20Postal%20Services%20and%20Telecommunications,source_reported_unharmonized
e1215_c9b3c38247,trade_services,Volume of freight transported by province(*),Total,VN_SRC_ANGIANG,An Giang,2020,annual,39263.8,Thous. tons,not_specified,E1215,https://www.nso.gov.vn/en/px-web?pxid=E1215&theme=Transport%2C%20Postal%20Services%20and%20Telecommunications,source_reported_unharmonized
e1215_c9b3c38247,trade_services,Volume of freight transported by province(*),Total,VN_SRC_ANGIANG,An Giang,2021,annual,42341.6,Thous. tons,not_specified,E1215,https://www.nso.gov.vn/en/px-web?pxid=E1215&theme=Transport%2C%20Postal%20Services%20and%20Telecommunications,source_reported_unharmonized
e1215_c9b3c38247,trade_services,Volume of freight transported by province(*),Total,VN_SRC_ANGIANG,An Giang,2022,annual,55368.7,Thous. tons,not_specified,E1215,https://www.nso.gov.vn/en/px-web?pxid=E1215&theme=Transport%2C%20Postal%20Services%20and%20Telecommunications,source_reported_unharmonized
e1215_c9b3c38247,trade_services,Volume of freight transported by province(*),Total,VN_SRC_ANGIANG,An Giang,2023,annual,66017.0,Thous. tons,not_specified,E1215,https://www.nso.gov.vn/en/px-web?pxid=E1215&theme=Transport%2C%20Postal%20Services%20and%20Telecommunications,source_reported_unharmonized
e1215_c9b3c38247,trade_services,Volume of freight transported by province(*),Total,VN_SRC_ANGIANG,An Giang,2024,annual,76522.2,Thous. tons,not_specified,E1215,https://www.nso.gov.vn/en/px-web?pxid=E1215&theme=Transport%2C%20Postal%20Services%20and%20Telecommunications,source_reported_unharmonized
e1215_c9b3c38247,trade_services,Volume of freight transported by province(*),Total,VN_SRC_ANGIANG,An Giang,2025,annual,95421.4,Thous. tons,preliminary,E1215,https://www.nso.gov.vn/en/px-web?pxid=E1215&theme=Transport%2C%20Postal%20Services%20and%20Telecommunications,source_reported_unharmonized
e1215_c9b3c38247,trade_services,Volume of freight transported by province(*),Total,VN_SRC_KIENGIANG,Kien Giang,2000,annual,1770.0,Thous. tons,not_specified,E1215,https://www.nso.gov.vn/en/px-web?pxid=E1215&theme=Transport%2C%20Postal%20Services%20and%20Telecommunications,source_reported_unharmonized
e1215_c9b3c38247,trade_services,Volume of freight transported by province(*),Total,VN_SRC_KIENGIANG,Kien Giang,2001,annual,1912.0,Thous. tons,not_specified,E1215,https://www.nso.gov.vn/en/px-web?pxid=E1215&theme=Transport%2C%20Postal%20Services%20and%20Telecommunications,source_reported_unharmonized
e1215_c9b3c38247,trade_services,Volume of freight transported by province(*),Total,VN_SRC_KIENGIANG,Kien Giang,2002,annual,2182.8,Thous. tons,not_specified,E1215,https://www.nso.gov.vn/en/px-web?pxid=E1215&theme=Transport%2C%20Postal%20Services%20and%20Telecommunications,source_reported_unharmonized
e1215_c9b3c38247,trade_services,Volume of freight transported by province(*),Total,VN_SRC_KIENGIANG,Kien Giang,2003,annual,2770.0,Thous. tons,not_specified,E1215,https://www.nso.gov.vn/en/px-web?pxid=E1215&theme=Transport%2C%20Postal%20Services%20and%20Telecommunications,source_reported_unharmonized
e1215_c9b3c38247,trade_services,Volume of freight transported by province(*),Total,VN_SRC_KIENGIANG,Kien Giang,2004,annual,3298.0,Thous. tons,not_specified,E1215,https://www.nso.gov.vn/en/px-web?pxid=E1215&theme=Transport%2C%20Postal%20Services%20and%20Telecommunications,source_reported_unharmonized
e1215_c9b3c38247,trade_services,Volume of freight transported by province(*),Total,VN_SRC_KIENGIANG,Kien Giang,2005,annual,3664.0,Thous. tons,not_specified,E1215,https://www.nso.gov.vn/en/px-web?pxid=E1215&theme=Transport%2C%20Postal%20Services%20and%20Telecommunications,source_reported_unharmonized
e1215_c9b3c38247,trade_services,Volume of freight transported by province(*),Total,VN_SRC_KIENGIANG,Kien Giang,2006,annual,4127.2,Thous. tons,not_specified,E1215,https://www.nso.gov.vn/en/px-web?pxid=E1215&theme=Transport%2C%20Postal%20Services%20and%20Telecommunications,source_reported_unharmonized
e1215_c9b3c38247,trade_services,Volume of freight transported by province(*),Total,VN_SRC_KIENGIANG,Kien Giang,2007,annual,4127.2,Thous. tons,not_specified,E1215,https://www.nso.gov.vn/en/px-web?pxid=E1215&theme=Transport%2C%20Postal%20Services%20and%20Telecommunications,source_reported_unharmonized
e1215_c9b3c38247,trade_services,Volume of freight transported by province(*),Total,VN_SRC_KIENGIANG,Kien Giang,2008,annual,4730.0,Thous. tons,not_specified,E1215,https://www.nso.gov.vn/en/px-web?pxid=E1215&theme=Transport%2C%20Postal%20Services%20and%20Telecommunications,source_reported_unharmonized
e1215_c9b3c38247,trade_services,Volume of freight transported by province(*),Total,VN_SRC_KIENGIANG,Kien Giang,2009,annual,5233.0,Thous. tons,not_specified,E1215,https://www.nso.gov.vn/en/px-web?pxid=E1215&theme=Transport%2C%20Postal%20Services%20and%20Telecommunications,source_reported_unharmonized
e1215_c9b3c38247,trade_services,Volume of freight transported by province(*),Total,VN_SRC_KIENGIANG,Kien Giang,2010,annual,5789.0,Thous. tons,not_specified,E1215,https://www.nso.gov.vn/en/px-web?pxid=E1215&theme=Transport%2C%20Postal%20Services%20and%20Telecommunications,source_reported_unharmonized
e1215_c9b3c38247,trade_services,Volume of freight transported by province(*),Total,VN_SRC_KIENGIANG,Kien Giang,2011,annual,6188.0,Thous. tons,not_specified,E1215,https://www.nso.gov.vn/en/px-web?pxid=E1215&theme=Transport%2C%20Postal%20Services%20and%20Telecommunications,source_reported_unharmonized
e1215_c9b3c38247,trade_services,Volume of freight transported by province(*),Total,VN_SRC_KIENGIANG,Kien Giang,2012,annual,7149.0,Thous. tons,not_specified,E1215,https://www.nso.gov.vn/en/px-web?pxid=E1215&theme=Transport%2C%20Postal%20Services%20and%20Telecommunications,source_reported_unharmonized
e1215_c9b3c38247,trade_services,Volume of freight transported by province(*),Total,VN_SRC_KIENGIANG,Kien Giang,2013,annual,7998.0,Thous. tons,not_specified,E1215,https://www.nso.gov.vn/en/px-web?pxid=E1215&theme=Transport%2C%20Postal%20Services%20and%20Telecommunications,source_reported_unharmonized
e1215_c9b3c38247,trade_services,Volume of freight transported by province(*),Total,VN_SRC_KIENGIANG,Kien Giang,2014,annual,8287.2,Thous. tons,not_specified,E1215,https://www.nso.gov.vn/en/px-web?pxid=E1215&theme=Transport%2C%20Postal%20Services%20and%20Telecommunications,source_reported_unharmonized
e1215_c9b3c38247,trade_services,Volume of freight transported by province(*),Total,VN_SRC_KIENGIANG,Kien Giang,2015,annual,9338.0,Thous. tons,not_specified,E1215,https://www.nso.gov.vn/en/px-web?pxid=E1215&theme=Transport%2C%20Postal%20Services%20and%20Telecommunications,source_reported_unharmonized
e1215_c9b3c38247,trade_services,Volume of freight transported by province(*),Total,VN_SRC_KIENGIANG,Kien Giang,2016,annual,10010.0,Thous. tons,not_specified,E1215,https://www.nso.gov.vn/en/px-web?pxid=E1215&theme=Transport%2C%20Postal%20Services%20and%20Telecommunications,source_reported_unharmonized
e1215_c9b3c38247,trade_services,Volume of freight transported by province(*),Total,VN_SRC_KIENGIANG,Kien Giang,2017,annual,10634.6,Thous. tons,not_specified,E1215,https://www.nso.gov.vn/en/px-web?pxid=E1215&theme=Transport%2C%20Postal%20Services%20and%20Telecommunications,source_reported_unharmonized
e1215_c9b3c38247,trade_services,Volume of freight transported by province(*),Total,VN_SRC_KIENGIANG,Kien Giang,2018,annual,11497.2,Thous. tons,not_specified,E1215,https://www.nso.gov.vn/en/px-web?pxid=E1215&theme=Transport%2C%20Postal%20Services%20and%20Telecommunications,source_reported_unharmonized
e1215_c9b3c38247,trade_services,Volume of freight transported by province(*),Total,VN_SRC_KIENGIANG,Kien Giang,2019,annual,12739.7,Thous. tons,not_specified,E1215,https://www.nso.gov.vn/en/px-web?pxid=E1215&theme=Transport%2C%20Postal%20Services%20and%20Telecommunications,source_reported_unharmonized
e1215_c9b3c38247,trade_services,Volume of freight transported by province(*),Total,VN_SRC_KIENGIANG,Kien Giang,2020,annual,11884.5,Thous. tons,not_specified,E1215,https://www.nso.gov.vn/en/px-web?pxid=E1215&theme=Transport%2C%20Postal%20Services%20and%20Telecommunications,source_reported_unharmonized
e1215_c9b3c38247,trade_services,Volume of freight transported by province(*),Total,VN_SRC_KIENGIANG,Kien Giang,2021,annual,7652.0,Thous. tons,not_specified,E1215,https://www.nso.gov.vn/en/px-web?pxid=E1215&theme=Transport%2C%20Postal%20Services%20and%20Telecommunications,source_reported_unharmonized
e1215_c9b3c38247,trade_services,Volume of freight transported by province(*),Total,VN_SRC_KIENGIANG,Kien Giang,2022,annual,10922.5,Thous. tons,not_specified,E1215,https://www.nso.gov.vn/en/px-web?pxid=E1215&theme=Transport%2C%20Postal%20Services%20and%20Telecommunications,source_reported_unharmonized
e1215_c9b3c38247,trade_services,Volume of freight transported by province(*),Total,VN_SRC_KIENGIANG,Kien Giang,2023,annual,11984.5,Thous. tons,not_specified,E1215,https://www.nso.gov.vn/en/px-web?pxid=E1215&theme=Transport%2C%20Postal%20Services%20and%20Telecommunications,source_reported_unharmonized
e1215_c9b3c38247,trade_services,Volume of freight transported by province(*),Total,VN_SRC_KIENGIANG,Kien Giang,2024,annual,14037.7,Thous. tons,not_specified,E1215,https://www.nso.gov.vn/en/px-web?pxid=E1215&theme=Transport%2C%20Postal%20Services%20and%20Telecommunications,source_reported_unharmonized
e1215_c9b3c38247,trade_services,Volume of freight transported by province(*),Total,VN_SRC_KIENGIANG,Kien Giang,2025,annual,16172.2,Thous. tons,preliminary,E1215,https://www.nso.gov.vn/en/px-web?pxid=E1215&theme=Transport%2C%20Postal%20Services%20and%20Telecommunications,source_reported_unharmonized
e1215_c9b3c38247,trade_services,Volume of freight transported by province(*),Total,VN_SRC_CANTHO,Can Tho,2000,annual,4029.0,Thous. tons,not_specified,E1215,https://www.nso.gov.vn/en/px-web?pxid=E1215&theme=Transport%2C%20Postal%20Services%20and%20Telecommunications,source_reported_unharmonized
e1215_c9b3c38247,trade_services,Volume of freight transported by province(*),Total,VN_SRC_CANTHO,Can Tho,2001,annual,5158.0,Thous. tons,not_specified,E1215,https://www.nso.gov.vn/en/px-web?pxid=E1215&theme=Transport%2C%20Postal%20Services%20and%20Telecommunications,source_reported_unharmonized
e1215_c9b3c38247,trade_services,Volume of freight transported by province(*),Total,VN_SRC_CANTHO,Can Tho,2002,annual,8904.0,Thous. tons,not_specified,E1215,https://www.nso.gov.vn/en/px-web?pxid=E1215&theme=Transport%2C%20Postal%20Services%20and%20Telecommunications,source_reported_unharmonized
e1215_c9b3c38247,trade_services,Volume of freight transported by province(*),Total,VN_SRC_CANTHO,Can Tho,2003,annual,5481.0,Thous. tons,not_specified,E1215,https://www.nso.gov.vn/en/px-web?pxid=E1215&theme=Transport%2C%20Postal%20Services%20and%20Telecommunications,source_reported_unharmonized
e1215_c9b3c38247,trade_services,Volume of freight transported by province(*),Total,VN_SRC_CANTHO,Can Tho,2004,annual,5156.0,Thous. tons,not_specified,E1215,https://www.nso.gov.vn/en/px-web?pxid=E1215&theme=Transport%2C%20Postal%20Services%20and%20Telecommunications,source_reported_unharmonized
e1215_c9b3c38247,trade_services,Volume of freight transported by province(*),Total,VN_SRC_CANTHO,Can Tho,2005,annual,5995.0,Thous. tons,not_specified,E1215,https://www.nso.gov.vn/en/px-web?pxid=E1215&theme=Transport%2C%20Postal%20Services%20and%20Telecommunications,source_reported_unharmonized
e1215_c9b3c38247,trade_services,Volume of freight transported by province(*),Total,VN_SRC_CANTHO,Can Tho,2006,annual,6780.0,Thous. tons,not_specified,E1215,https://www.nso.gov.vn/en/px-web?pxid=E1215&theme=Transport%2C%20Postal%20Services%20and%20Telecommunications,source_reported_unharmonized
e1215_c9b3c38247,trade_services,Volume of freight transported by province(*),Total,VN_SRC_CANTHO,Can Tho,2007,annual,8268.0,Thous. tons,not_specified,E1215,https://www.nso.gov.vn/en/px-web?pxid=E1215&theme=Transport%2C%20Postal%20Services%20and%20Telecommunications,source_reported_unharmonized
e1215_c9b3c38247,trade_services,Volume of freight transported by province(*),Total,VN_SRC_CANTHO,Can Tho,2008,annual,7938.0,Thous. tons,not_specified,E1215,https://www.nso.gov.vn/en/px-web?pxid=E1215&theme=Transport%2C%20Postal%20Services%20and%20Telecommunications,source_reported_unharmonized
e1215_c9b3c38247,trade_services,Volume of freight transported by province(*),Total,VN_SRC_CANTHO,Can Tho,2009,annual,8774.0,Thous. tons,not_specified,E1215,https://www.nso.gov.vn/en/px-web?pxid=E1215&theme=Transport%2C%20Postal%20Services%20and%20Telecommunications,source_reported_unharmonized
e1215_c9b3c38247,trade_services,Volume of freight transported by province(*),Total,VN_SRC_CANTHO,Can Tho,2010,annual,8739.3,Thous. tons,not_specified,E1215,https://www.nso.gov.vn/en/px-web?pxid=E1215&theme=Transport%2C%20Postal%20Services%20and%20Telecommunications,source_reported_unharmonized
e1215_c9b3c38247,trade_services,Volume of freight transported by province(*),Total,VN_SRC_CANTHO,Can Tho,2011,annual,7463.3,Thous. tons,not_specified,E1215,https://www.nso.gov.vn/en/px-web?pxid=E1215&theme=Transport%2C%20Postal%20Services%20and%20Telecommunications,source_reported_unharmonized
e1215_c9b3c38247,trade_services,Volume of freight transported by province(*),Total,VN_SRC_CANTHO,Can Tho,2012,annual,6939.0,Thous. tons,not_specified,E1215,https://www.nso.gov.vn/en/px-web?pxid=E1215&theme=Transport%2C%20Postal%20Services%20and%20Telecommunications,source_reported_unharmonized
e1215_c9b3c38247,trade_services,Volume of freight transported by province(*),Total,VN_SRC_CANTHO,Can Tho,2013,annual,6044.1,Thous. tons,not_specified,E1215,https://www.nso.gov.vn/en/px-web?pxid=E1215&theme=Transport%2C%20Postal%20Services%20and%20Telecommunications,source_reported_unharmonized
e1215_c9b3c38247,trade_services,Volume of freight transported by province(*),Total,VN_SRC_CANTHO,Can Tho,2014,annual,6373.6,Thous. tons,not_specified,E1215,https://www.nso.gov.vn/en/px-web?pxid=E1215&theme=Transport%2C%20Postal%20Services%20and%20Telecommunications,source_reported_unharmonized
e1215_c9b3c38247,trade_services,Volume of freight transported by province(*),Total,VN_SRC_CANTHO,Can Tho,2015,annual,7471.6,Thous. tons,not_specified,E1215,https://www.nso.gov.vn/en/px-web?pxid=E1215&theme=Transport%2C%20Postal%20Services%20and%20Telecommunications,source_reported_unharmonized
e1215_c9b3c38247,trade_services,Volume of freight transported by province(*),Total,VN_SRC_CANTHO,Can Tho,2016,annual,7876.1,Thous. tons,not_specified,E1215,https://www.nso.gov.vn/en/px-web?pxid=E1215&theme=Transport%2C%20Postal%20Services%20and%20Telecommunications,source_reported_unharmonized
e1215_c9b3c38247,trade_services,Volume of freight transported by province(*),Total,VN_SRC_CANTHO,Can Tho,2017,annual,8543.1,Thous. tons,not_specified,E1215,https://www.nso.gov.vn/en/px-web?pxid=E1215&theme=Transport%2C%20Postal%20Services%20and%20Telecommunications,source_reported_unharmonized
e1215_c9b3c38247,trade_services,Volume of freight transported by province(*),Total,VN_SRC_CANTHO,Can Tho,2018,annual,9304.0,Thous. tons,not_specified,E1215,https://www.nso.gov.vn/en/px-web?pxid=E1215&theme=Transport%2C%20Postal%20Services%20and%20Telecommunications,source_reported_unharmonized
e1215_c9b3c38247,trade_services,Volume of freight transported by province(*),Total,VN_SRC_CANTHO,Can Tho,2019,annual,9585.4,Thous. tons,not_specified,E1215,https://www.nso.gov.vn/en/px-web?pxid=E1215&theme=Transport%2C%20Postal%20Services%20and%20Telecommunications,source_reported_unharmonized
e1215_c9b3c38247,trade_services,Volume of freight transported by province(*),Total,VN_SRC_CANTHO,Can Tho,2020,annual,8034.3,Thous. tons,not_specified,E1215,https://www.nso.gov.vn/en/px-web?pxid=E1215&theme=Transport%2C%20Postal%20Services%20and%20Telecommunications,source_reported_unharmonized
e1215_c9b3c38247,trade_services,Volume of freight transported by province(*),Total,VN_SRC_CANTHO,Can Tho,2021,annual,6142.7,Thous. tons,not_specified,E1215,https://www.nso.gov.vn/en/px-web?pxid=E1215&theme=Transport%2C%20Postal%20Services%20and%20Telecommunications,source_reported_unharmonized
e1215_c9b3c38247,trade_services,Volume of freight transported by province(*),Total,VN_SRC_CANTHO,Can Tho,2022,annual,8910.7,Thous. tons,not_specified,E1215,https://www.nso.gov.vn/en/px-web?pxid=E1215&theme=Transport%2C%20Postal%20Services%20and%20Telecommunications,source_reported_unharmonized
e1215_c9b3c38247,trade_services,Volume of freight transported by province(*),Total,VN_SRC_CANTHO,Can Tho,2023,annual,8795.3,Thous. tons,not_specified,E1215,https://www.nso.gov.vn/en/px-web?pxid=E1215&theme=Transport%2C%20Postal%20Services%20and%20Telecommunications,source_reported_unharmonized
e1215_c9b3c38247,trade_services,Volume of freight transported by province(*),Total,VN_SRC_CANTHO,Can Tho,2024,annual,10055.8,Thous. tons,not_specified,E1215,https://www.nso.gov.vn/en/px-web?pxid=E1215&theme=Transport%2C%20Postal%20Services%20and%20Telecommunications,source_reported_unharmonized
e1215_c9b3c38247,trade_services,Volume of freight transported by province(*),Total,VN_SRC_CANTHO,Can Tho,2025,annual,11722.8,Thous. tons,preliminary,E1215,https://www.nso.gov.vn/en/px-web?pxid=E1215&theme=Transport%2C%20Postal%20Services%20and%20Telecommunications,source_reported_unharmonized
e1215_c9b3c38247,trade_services,Volume of freight transported by province(*),Total,VN_SRC_HAUGIANG,Hau Giang,2000,annual,,Thous. tons,not_specified,E1215,https://www.nso.gov.vn/en/px-web?pxid=E1215&theme=Transport%2C%20Postal%20Services%20and%20Telecommunications,source_reported_unharmonized
e1215_c9b3c38247,trade_services,Volume of freight transported by province(*),Total,VN_SRC_HAUGIANG,Hau Giang,2001,annual,,Thous. tons,not_specified,E1215,https://www.nso.gov.vn/en/px-web?pxid=E1215&theme=Transport%2C%20Postal%20Services%20and%20Telecommunications,source_reported_unharmonized
e1215_c9b3c38247,trade_services,Volume of freight transported by province(*),Total,VN_SRC_HAUGIANG,Hau Giang,2002,annual,,Thous. tons,not_specified,E1215,https://www.nso.gov.vn/en/px-web?pxid=E1215&theme=Transport%2C%20Postal%20Services%20and%20Telecommunications,source_reported_unharmonized
e1215_c9b3c38247,trade_services,Volume of freight transported by province(*),Total,VN_SRC_HAUGIANG,Hau Giang,2003,annual,3450.0,Thous. tons,not_specified,E1215,https://www.nso.gov.vn/en/px-web?pxid=E1215&theme=Transport%2C%20Postal%20Services%20and%20Telecommunications,source_reported_unharmonized
e1215_c9b3c38247,trade_services,Volume of freight transported by province(*),Total,VN_SRC_HAUGIANG,Hau Giang,2004,annual,3616.0,Thous. tons,not_specified,E1215,https://www.nso.gov.vn/en/px-web?pxid=E1215&theme=Transport%2C%20Postal%20Services%20and%20Telecommunications,source_reported_unharmonized
e1215_c9b3c38247,trade_services,Volume of freight transported by province(*),Total,VN_SRC_HAUGIANG,Hau Giang,2005,annual,3684.0,Thous. tons,not_specified,E1215,https://www.nso.gov.vn/en/px-web?pxid=E1215&theme=Transport%2C%20Postal%20Services%20and%20Telecommunications,source_reported_unharmonized
e1215_c9b3c38247,trade_services,Volume of freight transported by province(*),Total,VN_SRC_HAUGIANG,Hau Giang,2006,annual,3933.0,Thous. tons,not_specified,E1215,https://www.nso.gov.vn/en/px-web?pxid=E1215&theme=Transport%2C%20Postal%20Services%20and%20Telecommunications,source_reported_unharmonized
e1215_c9b3c38247,trade_services,Volume of freight transported by province(*),Total,VN_SRC_HAUGIANG,Hau Giang,2007,annual,4292.3,Thous. tons,not_specified,E1215,https://www.nso.gov.vn/en/px-web?pxid=E1215&theme=Transport%2C%20Postal%20Services%20and%20Telecommunications,source_reported_unharmonized
e1215_c9b3c38247,trade_services,Volume of freight transported by province(*),Total,VN_SRC_HAUGIANG,Hau Giang,2008,annual,4594.0,Thous. tons,not_specified,E1215,https://www.nso.gov.vn/en/px-web?pxid=E1215&theme=Transport%2C%20Postal%20Services%20and%20Telecommunications,source_reported_unharmonized
e1215_c9b3c38247,trade_services,Volume of freight transported by province(*),Total,VN_SRC_HAUGIANG,Hau Giang,2009,annual,5042.0,Thous. tons,not_specified,E1215,https://www.nso.gov.vn/en/px-web?pxid=E1215&theme=Transport%2C%20Postal%20Services%20and%20Telecommunications,source_reported_unharmonized
e1215_c9b3c38247,trade_services,Volume of freight transported by province(*),Total,VN_SRC_HAUGIANG,Hau Giang,2010,annual,5556.2,Thous. tons,not_specified,E1215,https://www.nso.gov.vn/en/px-web?pxid=E1215&theme=Transport%2C%20Postal%20Services%20and%20Telecommunications,source_reported_unharmonized
e1215_c9b3c38247,trade_services,Volume of freight transported by province(*),Total,VN_SRC_HAUGIANG,Hau Giang,2011,annual,6201.9,Thous. tons,not_specified,E1215,https://www.nso.gov.vn/en/px-web?pxid=E1215&theme=Transport%2C%20Postal%20Services%20and%20Telecommunications,source_reported_unharmonized
e1215_c9b3c38247,trade_services,Volume of freight transported by province(*),Total,VN_SRC_HAUGIANG,Hau Giang,2012,annual,6734.2,Thous. tons,not_specified,E1215,https://www.nso.gov.vn/en/px-web?pxid=E1215&theme=Transport%2C%20Postal%20Services%20and%20Telecommunications,source_reported_unharmonized
e1215_c9b3c38247,trade_services,Volume of freight transported by province(*),Total,VN_SRC_HAUGIANG,Hau Giang,2013,annual,7589.6,Thous. tons,not_specified,E1215,https://www.nso.gov.vn/en/px-web?pxid=E1215&theme=Transport%2C%20Postal%20Services%20and%20Telecommunications,source_reported_unharmonized
e1215_c9b3c38247,trade_services,Volume of freight transported by province(*),Total,VN_SRC_HAUGIANG,Hau Giang,2014,annual,8099.8,Thous. tons,not_specified,E1215,https://www.nso.gov.vn/en/px-web?pxid=E1215&theme=Transport%2C%20Postal%20Services%20and%20Telecommunications,source_reported_unharmonized
e1215_c9b3c38247,trade_services,Volume of freight transported by province(*),Total,VN_SRC_HAUGIANG,Hau Giang,2015,annual,8614.4,Thous. tons,not_specified,E1215,https://www.nso.gov.vn/en/px-web?pxid=E1215&theme=Transport%2C%20Postal%20Services%20and%20Telecommunications,source_reported_unharmonized
e1215_c9b3c38247,trade_services,Volume of freight transported by province(*),Total,VN_SRC_HAUGIANG,Hau Giang,2016,annual,9209.8,Thous. tons,not_specified,E1215,https://www.nso.gov.vn/en/px-web?pxid=E1215&theme=Transport%2C%20Postal%20Services%20and%20Telecommunications,source_reported_unharmonized
e1215_c9b3c38247,trade_services,Volume of freight transported by province(*),Total,VN_SRC_HAUGIANG,Hau Giang,2017,annual,9719.9,Thous. tons,not_specified,E1215,https://www.nso.gov.vn/en/px-web?pxid=E1215&theme=Transport%2C%20Postal%20Services%20and%20Telecommunications,source_reported_unharmonized
e1215_c9b3c38247,trade_services,Volume of freight transported by province(*),Total,VN_SRC_HAUGIANG,Hau Giang,2018,annual,8339.9,Thous. tons,not_specified,E1215,https://www.nso.gov.vn/en/px-web?pxid=E1215&theme=Transport%2C%20Postal%20Services%20and%20Telecommunications,source_reported_unharmonized
e1215_c9b3c38247,trade_services,Volume of freight transported by province(*),Total,VN_SRC_HAUGIANG,Hau Giang,2019,annual,8744.8,Thous. tons,not_specified,E1215,https://www.nso.gov.vn/en/px-web?pxid=E1215&theme=Transport%2C%20Postal%20Services%20and%20Telecommunications,source_reported_unharmonized
e1215_c9b3c38247,trade_services,Volume of freight transported by province(*),Total,VN_SRC_HAUGIANG,Hau Giang,2020,annual,9656.4,Thous. tons,not_specified,E1215,https://www.nso.gov.vn/en/px-web?pxid=E1215&theme=Transport%2C%20Postal%20Services%20and%20Telecommunications,source_reported_unharmonized
e1215_c9b3c38247,trade_services,Volume of freight transported by province(*),Total,VN_SRC_HAUGIANG,Hau Giang,2021,annual,6714.6,Thous. tons,not_specified,E1215,https://www.nso.gov.vn/en/px-web?pxid=E1215&theme=Transport%2C%20Postal%20Services%20and%20Telecommunications,source_reported_unharmonized
e1215_c9b3c38247,trade_services,Volume of freight transported by province(*),Total,VN_SRC_HAUGIANG,Hau Giang,2022,annual,8702.1,Thous. tons,not_specified,E1215,https://www.nso.gov.vn/en/px-web?pxid=E1215&theme=Transport%2C%20Postal%20Services%20and%20Telecommunications,source_reported_unharmonized
e1215_c9b3c38247,trade_services,Volume of freight transported by province(*),Total,VN_SRC_HAUGIANG,Hau Giang,2023,annual,10594.1,Thous. tons,not_specified,E1215,https://www.nso.gov.vn/en/px-web?pxid=E1215&theme=Transport%2C%20Postal%20Services%20and%20Telecommunications,source_reported_unharmonized
e1215_c9b3c38247,trade_services,Volume of freight transported by province(*),Total,VN_SRC_HAUGIANG,Hau Giang,2024,annual,12083.9,Thous. tons,not_specified,E1215,https://www.nso.gov.vn/en/px-web?pxid=E1215&theme=Transport%2C%20Postal%20Services%20and%20Telecommunications,source_reported_unharmonized
e1215_c9b3c38247,trade_services,Volume of freight transported by province(*),Total,VN_SRC_HAUGIANG,Hau Giang,2025,annual,13840.9,Thous. tons,preliminary,E1215,https://www.nso.gov.vn/en/px-web?pxid=E1215&theme=Transport%2C%20Postal%20Services%20and%20Telecommunications,source_reported_unharmonized
e1215_c9b3c38247,trade_services,Volume of freight transported by province(*),Total,VN_SRC_SOCTRANG,Soc Trang,2000,annual,2210.0,Thous. tons,not_specified,E1215,https://www.nso.gov.vn/en/px-web?pxid=E1215&theme=Transport%2C%20Postal%20Services%20and%20Telecommunications,source_reported_unharmonized
e1215_c9b3c38247,trade_services,Volume of freight transported by province(*),Total,VN_SRC_SOCTRANG,Soc Trang,2001,annual,2255.0,Thous. tons,not_specified,E1215,https://www.nso.gov.vn/en/px-web?pxid=E1215&theme=Transport%2C%20Postal%20Services%20and%20Telecommunications,source_reported_unharmonized
e1215_c9b3c38247,trade_services,Volume of freight transported by province(*),Total,VN_SRC_SOCTRANG,Soc Trang,2002,annual,2351.0,Thous. tons,not_specified,E1215,https://www.nso.gov.vn/en/px-web?pxid=E1215&theme=Transport%2C%20Postal%20Services%20and%20Telecommunications,source_reported_unharmonized
e1215_c9b3c38247,trade_services,Volume of freight transported by province(*),Total,VN_SRC_SOCTRANG,Soc Trang,2003,annual,2456.0,Thous. tons,not_specified,E1215,https://www.nso.gov.vn/en/px-web?pxid=E1215&theme=Transport%2C%20Postal%20Services%20and%20Telecommunications,source_reported_unharmonized
e1215_c9b3c38247,trade_services,Volume of freight transported by province(*),Total,VN_SRC_SOCTRANG,Soc Trang,2004,annual,2605.0,Thous. tons,not_specified,E1215,https://www.nso.gov.vn/en/px-web?pxid=E1215&theme=Transport%2C%20Postal%20Services%20and%20Telecommunications,source_reported_unharmonized
e1215_c9b3c38247,trade_services,Volume of freight transported by province(*),Total,VN_SRC_SOCTRANG,Soc Trang,2005,annual,2708.0,Thous. tons,not_specified,E1215,https://www.nso.gov.vn/en/px-web?pxid=E1215&theme=Transport%2C%20Postal%20Services%20and%20Telecommunications,source_reported_unharmonized
e1215_c9b3c38247,trade_services,Volume of freight transported by province(*),Total,VN_SRC_SOCTRANG,Soc Trang,2006,annual,2844.0,Thous. tons,not_specified,E1215,https://www.nso.gov.vn/en/px-web?pxid=E1215&theme=Transport%2C%20Postal%20Services%20and%20Telecommunications,source_reported_unharmonized
e1215_c9b3c38247,trade_services,Volume of freight transported by province(*),Total,VN_SRC_SOCTRANG,Soc Trang,2007,annual,2227.1,Thous. tons,not_specified,E1215,https://www.nso.gov.vn/en/px-web?pxid=E1215&theme=Transport%2C%20Postal%20Services%20and%20Telecommunications,source_reported_unharmonized
e1215_c9b3c38247,trade_services,Volume of freight transported by province(*),Total,VN_SRC_SOCTRANG,Soc Trang,2008,annual,3130.9,Thous. tons,not_specified,E1215,https://www.nso.gov.vn/en/px-web?pxid=E1215&theme=Transport%2C%20Postal%20Services%20and%20Telecommunications,source_reported_unharmonized
e1215_c9b3c38247,trade_services,Volume of freight transported by province(*),Total,VN_SRC_SOCTRANG,Soc Trang,2009,annual,2416.1,Thous. tons,not_specified,E1215,https://www.nso.gov.vn/en/px-web?pxid=E1215&theme=Transport%2C%20Postal%20Services%20and%20Telecommunications,source_reported_unharmonized
e1215_c9b3c38247,trade_services,Volume of freight transported by province(*),Total,VN_SRC_SOCTRANG,Soc Trang,2010,annual,2617.2,Thous. tons,not_specified,E1215,https://www.nso.gov.vn/en/px-web?pxid=E1215&theme=Transport%2C%20Postal%20Services%20and%20Telecommunications,source_reported_unharmonized
e1215_c9b3c38247,trade_services,Volume of freight transported by province(*),Total,VN_SRC_SOCTRANG,Soc Trang,2011,annual,3321.6,Thous. tons,not_specified,E1215,https://www.nso.gov.vn/en/px-web?pxid=E1215&theme=Transport%2C%20Postal%20Services%20and%20Telecommunications,source_reported_unharmonized
e1215_c9b3c38247,trade_services,Volume of freight transported by province(*),Total,VN_SRC_SOCTRANG,Soc Trang,2012,annual,3907.6,Thous. tons,not_specified,E1215,https://www.nso.gov.vn/en/px-web?pxid=E1215&theme=Transport%2C%20Postal%20Services%20and%20Telecommunications,source_reported_unharmonized
e1215_c9b3c38247,trade_services,Volume of freight transported by province(*),Total,VN_SRC_SOCTRANG,Soc Trang,2013,annual,4683.7,Thous. tons,not_specified,E1215,https://www.nso.gov.vn/en/px-web?pxid=E1215&theme=Transport%2C%20Postal%20Services%20and%20Telecommunications,source_reported_unharmonized
e1215_c9b3c38247,trade_services,Volume of freight transported by province(*),Total,VN_SRC_SOCTRANG,Soc Trang,2014,annual,4784.0,Thous. tons,not_specified,E1215,https://www.nso.gov.vn/en/px-web?pxid=E1215&theme=Transport%2C%20Postal%20Services%20and%20Telecommunications,source_reported_unharmonized
e1215_c9b3c38247,trade_services,Volume of freight transported by province(*),Total,VN_SRC_SOCTRANG,Soc Trang,2015,annual,5295.7,Thous. tons,not_specified,E1215,https://www.nso.gov.vn/en/px-web?pxid=E1215&theme=Transport%2C%20Postal%20Services%20and%20Telecommunications,source_reported_unharmonized
e1215_c9b3c38247,trade_services,Volume of freight transported by province(*),Total,VN_SRC_SOCTRANG,Soc Trang,2016,annual,5839.4,Thous. tons,not_specified,E1215,https://www.nso.gov.vn/en/px-web?pxid=E1215&theme=Transport%2C%20Postal%20Services%20and%20Telecommunications,source_reported_unharmonized
e1215_c9b3c38247,trade_services,Volume of freight transported by province(*),Total,VN_SRC_SOCTRANG,Soc Trang,2017,annual,6264.9,Thous. tons,not_specified,E1215,https://www.nso.gov.vn/en/px-web?pxid=E1215&theme=Transport%2C%20Postal%20Services%20and%20Telecommunications,source_reported_unharmonized
e1215_c9b3c38247,trade_services,Volume of freight transported by province(*),Total,VN_SRC_SOCTRANG,Soc Trang,2018,annual,6607.4,Thous. tons,not_specified,E1215,https://www.nso.gov.vn/en/px-web?pxid=E1215&theme=Transport%2C%20Postal%20Services%20and%20Telecommunications,source_reported_unharmonized
e1215_c9b3c38247,trade_services,Volume of freight transported by province(*),Total,VN_SRC_SOCTRANG,Soc Trang,2019,annual,7809.0,Thous. tons,not_specified,E1215,https://www.nso.gov.vn/en/px-web?pxid=E1215&theme=Transport%2C%20Postal%20Services%20and%20Telecommunications,source_reported_unharmonized
e1215_c9b3c38247,trade_services,Volume of freight transported by province(*),Total,VN_SRC_SOCTRANG,Soc Trang,2020,annual,7867.8,Thous. tons,not_specified,E1215,https://www.nso.gov.vn/en/px-web?pxid=E1215&theme=Transport%2C%20Postal%20Services%20and%20Telecommunications,source_reported_unharmonized
e1215_c9b3c38247,trade_services,Volume of freight transported by province(*),Total,VN_SRC_SOCTRANG,Soc Trang,2021,annual,8341.6,Thous. tons,not_specified,E1215,https://www.nso.gov.vn/en/px-web?pxid=E1215&theme=Transport%2C%20Postal%20Services%20and%20Telecommunications,source_reported_unharmonized
e1215_c9b3c38247,trade_services,Volume of freight transported by province(*),Total,VN_SRC_SOCTRANG,Soc Trang,2022,annual,10323.6,Thous. tons,not_specified,E1215,https://www.nso.gov.vn/en/px-web?pxid=E1215&theme=Transport%2C%20Postal%20Services%20and%20Telecommunications,source_reported_unharmonized
e1215_c9b3c38247,trade_services,Volume of freight transported by province(*),Total,VN_SRC_SOCTRANG,Soc Trang,2023,annual,11488.9,Thous. tons,not_specified,E1215,https://www.nso.gov.vn/en/px-web?pxid=E1215&theme=Transport%2C%20Postal%20Services%20and%20Telecommunications,source_reported_unharmonized
e1215_c9b3c38247,trade_services,Volume of freight transported by province(*),Total,VN_SRC_SOCTRANG,Soc Trang,2024,annual,13218.9,Thous. tons,not_specified,E1215,https://www.nso.gov.vn/en/px-web?pxid=E1215&theme=Transport%2C%20Postal%20Services%20and%20Telecommunications,source_reported_unharmonized
e1215_c9b3c38247,trade_services,Volume of freight transported by province(*),Total,VN_SRC_SOCTRANG,Soc Trang,2025,annual,16126.3,Thous. tons,preliminary,E1215,https://www.nso.gov.vn/en/px-web?pxid=E1215&theme=Transport%2C%20Postal%20Services%20and%20Telecommunications,source_reported_unharmonized
e1215_c9b3c38247,trade_services,Volume of freight transported by province(*),Total,VN_SRC_BACLIEU,Bac Lieu,2000,annual,788.7,Thous. tons,not_specified,E1215,https://www.nso.gov.vn/en/px-web?pxid=E1215&theme=Transport%2C%20Postal%20Services%20and%20Telecommunications,source_reported_unharmonized
e1215_c9b3c38247,trade_services,Volume of freight transported by province(*),Total,VN_SRC_BACLIEU,Bac Lieu,2001,annual,1018.3,Thous. tons,not_specified,E1215,https://www.nso.gov.vn/en/px-web?pxid=E1215&theme=Transport%2C%20Postal%20Services%20and%20Telecommunications,source_reported_unharmonized
e1215_c9b3c38247,trade_services,Volume of freight transported by province(*),Total,VN_SRC_BACLIEU,Bac Lieu,2002,annual,1188.0,Thous. tons,not_specified,E1215,https://www.nso.gov.vn/en/px-web?pxid=E1215&theme=Transport%2C%20Postal%20Services%20and%20Telecommunications,source_reported_unharmonized
e1215_c9b3c38247,trade_services,Volume of freight transported by province(*),Total,VN_SRC_BACLIEU,Bac Lieu,2003,annual,1295.0,Thous. tons,not_specified,E1215,https://www.nso.gov.vn/en/px-web?pxid=E1215&theme=Transport%2C%20Postal%20Services%20and%20Telecommunications,source_reported_unharmonized
e1215_c9b3c38247,trade_services,Volume of freight transported by province(*),Total,VN_SRC_BACLIEU,Bac Lieu,2004,annual,1485.0,Thous. tons,not_specified,E1215,https://www.nso.gov.vn/en/px-web?pxid=E1215&theme=Transport%2C%20Postal%20Services%20and%20Telecommunications,source_reported_unharmonized
e1215_c9b3c38247,trade_services,Volume of freight transported by province(*),Total,VN_SRC_BACLIEU,Bac Lieu,2005,annual,1624.0,Thous. tons,not_specified,E1215,https://www.nso.gov.vn/en/px-web?pxid=E1215&theme=Transport%2C%20Postal%20Services%20and%20Telecommunications,source_reported_unharmonized
e1215_c9b3c38247,trade_services,Volume of freight transported by province(*),Total,VN_SRC_BACLIEU,Bac Lieu,2006,annual,2181.0,Thous. tons,not_specified,E1215,https://www.nso.gov.vn/en/px-web?pxid=E1215&theme=Transport%2C%20Postal%20Services%20and%20Telecommunications,source_reported_unharmonized
e1215_c9b3c38247,trade_services,Volume of freight transported by province(*),Total,VN_SRC_BACLIEU,Bac Lieu,2007,annual,2429.1,Thous. tons,not_specified,E1215,https://www.nso.gov.vn/en/px-web?pxid=E1215&theme=Transport%2C%20Postal%20Services%20and%20Telecommunications,source_reported_unharmonized
e1215_c9b3c38247,trade_services,Volume of freight transported by province(*),Total,VN_SRC_BACLIEU,Bac Lieu,2008,annual,1551.0,Thous. tons,not_specified,E1215,https://www.nso.gov.vn/en/px-web?pxid=E1215&theme=Transport%2C%20Postal%20Services%20and%20Telecommunications,source_reported_unharmonized
e1215_c9b3c38247,trade_services,Volume of freight transported by province(*),Total,VN_SRC_BACLIEU,Bac Lieu,2009,annual,3478.6,Thous. tons,not_specified,E1215,https://www.nso.gov.vn/en/px-web?pxid=E1215&theme=Transport%2C%20Postal%20Services%20and%20Telecommunications,source_reported_unharmonized
e1215_c9b3c38247,trade_services,Volume of freight transported by province(*),Total,VN_SRC_BACLIEU,Bac Lieu,2010,annual,3947.2,Thous. tons,not_specified,E1215,https://www.nso.gov.vn/en/px-web?pxid=E1215&theme=Transport%2C%20Postal%20Services%20and%20Telecommunications,source_reported_unharmonized
e1215_c9b3c38247,trade_services,Volume of freight transported by province(*),Total,VN_SRC_BACLIEU,Bac Lieu,2011,annual,4335.8,Thous. tons,not_specified,E1215,https://www.nso.gov.vn/en/px-web?pxid=E1215&theme=Transport%2C%20Postal%20Services%20and%20Telecommunications,source_reported_unharmonized
e1215_c9b3c38247,trade_services,Volume of freight transported by province(*),Total,VN_SRC_BACLIEU,Bac Lieu,2012,annual,4926.1,Thous. tons,not_specified,E1215,https://www.nso.gov.vn/en/px-web?pxid=E1215&theme=Transport%2C%20Postal%20Services%20and%20Telecommunications,source_reported_unharmonized
e1215_c9b3c38247,trade_services,Volume of freight transported by province(*),Total,VN_SRC_BACLIEU,Bac Lieu,2013,annual,4824.2,Thous. tons,not_specified,E1215,https://www.nso.gov.vn/en/px-web?pxid=E1215&theme=Transport%2C%20Postal%20Services%20and%20Telecommunications,source_reported_unharmonized
e1215_c9b3c38247,trade_services,Volume of freight transported by province(*),Total,VN_SRC_BACLIEU,Bac Lieu,2014,annual,4816.5,Thous. tons,not_specified,E1215,https://www.nso.gov.vn/en/px-web?pxid=E1215&theme=Transport%2C%20Postal%20Services%20and%20Telecommunications,source_reported_unharmonized
e1215_c9b3c38247,trade_services,Volume of freight transported by province(*),Total,VN_SRC_BACLIEU,Bac Lieu,2015,annual,5297.4,Thous. tons,not_specified,E1215,https://www.nso.gov.vn/en/px-web?pxid=E1215&theme=Transport%2C%20Postal%20Services%20and%20Telecommunications,source_reported_unharmonized
e1215_c9b3c38247,trade_services,Volume of freight transported by province(*),Total,VN_SRC_BACLIEU,Bac Lieu,2016,annual,5492.2,Thous. tons,not_specified,E1215,https://www.nso.gov.vn/en/px-web?pxid=E1215&theme=Transport%2C%20Postal%20Services%20and%20Telecommunications,source_reported_unharmonized
e1215_c9b3c38247,trade_services,Volume of freight transported by province(*),Total,VN_SRC_BACLIEU,Bac Lieu,2017,annual,6050.4,Thous. tons,not_specified,E1215,https://www.nso.gov.vn/en/px-web?pxid=E1215&theme=Transport%2C%20Postal%20Services%20and%20Telecommunications,source_reported_unharmonized
e1215_c9b3c38247,trade_services,Volume of freight transported by province(*),Total,VN_SRC_BACLIEU,Bac Lieu,2018,annual,6566.3,Thous. tons,not_specified,E1215,https://www.nso.gov.vn/en/px-web?pxid=E1215&theme=Transport%2C%20Postal%20Services%20and%20Telecommunications,source_reported_unharmonized
e1215_c9b3c38247,trade_services,Volume of freight transported by province(*),Total,VN_SRC_BACLIEU,Bac Lieu,2019,annual,7398.8,Thous. tons,not_specified,E1215,https://www.nso.gov.vn/en/px-web?pxid=E1215&theme=Transport%2C%20Postal%20Services%20and%20Telecommunications,source_reported_unharmonized
e1215_c9b3c38247,trade_services,Volume of freight transported by province(*),Total,VN_SRC_BACLIEU,Bac Lieu,2020,annual,7794.5,Thous. tons,not_specified,E1215,https://www.nso.gov.vn/en/px-web?pxid=E1215&theme=Transport%2C%20Postal%20Services%20and%20Telecommunications,source_reported_unharmonized
e1215_c9b3c38247,trade_services,Volume of freight transported by province(*),Total,VN_SRC_BACLIEU,Bac Lieu,2021,annual,8277.3,Thous. tons,not_specified,E1215,https://www.nso.gov.vn/en/px-web?pxid=E1215&theme=Transport%2C%20Postal%20Services%20and%20Telecommunications,source_reported_unharmonized
e1215_c9b3c38247,trade_services,Volume of freight transported by province(*),Total,VN_SRC_BACLIEU,Bac Lieu,2022,annual,8790.1,Thous. tons,not_specified,E1215,https://www.nso.gov.vn/en/px-web?pxid=E1215&theme=Transport%2C%20Postal%20Services%20and%20Telecommunications,source_reported_unharmonized
e1215_c9b3c38247,trade_services,Volume of freight transported by province(*),Total,VN_SRC_BACLIEU,Bac Lieu,2023,annual,10114.5,Thous. tons,not_specified,E1215,https://www.nso.gov.vn/en/px-web?pxid=E1215&theme=Transport%2C%20Postal%20Services%20and%20Telecommunications,source_reported_unharmonized
e1215_c9b3c38247,trade_services,Volume of freight transported by province(*),Total,VN_SRC_BACLIEU,Bac Lieu,2024,annual,11113.8,Thous. tons,not_specified,E1215,https://www.nso.gov.vn/en/px-web?pxid=E1215&theme=Transport%2C%20Postal%20Services%20and%20Telecommunications,source_reported_unharmonized
e1215_c9b3c38247,trade_services,Volume of freight transported by province(*),Total,VN_SRC_BACLIEU,Bac Lieu,2025,annual,13537.5,Thous. tons,preliminary,E1215,https://www.nso.gov.vn/en/px-web?pxid=E1215&theme=Transport%2C%20Postal%20Services%20and%20Telecommunications,source_reported_unharmonized
e1215_c9b3c38247,trade_services,Volume of freight transported by province(*),Total,VN_SRC_CAMAU,Ca Mau,2000,annual,571.0,Thous. tons,not_specified,E1215,https://www.nso.gov.vn/en/px-web?pxid=E1215&theme=Transport%2C%20Postal%20Services%20and%20Telecommunications,source_reported_unharmonized
e1215_c9b3c38247,trade_services,Volume of freight transported by province(*),Total,VN_SRC_CAMAU,Ca Mau,2001,annual,636.0,Thous. tons,not_specified,E1215,https://www.nso.gov.vn/en/px-web?pxid=E1215&theme=Transport%2C%20Postal%20Services%20and%20Telecommunications,source_reported_unharmonized
e1215_c9b3c38247,trade_services,Volume of freight transported by province(*),Total,VN_SRC_CAMAU,Ca Mau,2002,annual,788.0,Thous. tons,not_specified,E1215,https://www.nso.gov.vn/en/px-web?pxid=E1215&theme=Transport%2C%20Postal%20Services%20and%20Telecommunications,source_reported_unharmonized
e1215_c9b3c38247,trade_services,Volume of freight transported by province(*),Total,VN_SRC_CAMAU,Ca Mau,2003,annual,814.0,Thous. tons,not_specified,E1215,https://www.nso.gov.vn/en/px-web?pxid=E1215&theme=Transport%2C%20Postal%20Services%20and%20Telecommunications,source_reported_unharmonized
e1215_c9b3c38247,trade_services,Volume of freight transported by province(*),Total,VN_SRC_CAMAU,Ca Mau,2004,annual,918.0,Thous. tons,not_specified,E1215,https://www.nso.gov.vn/en/px-web?pxid=E1215&theme=Transport%2C%20Postal%20Services%20and%20Telecommunications,source_reported_unharmonized
e1215_c9b3c38247,trade_services,Volume of freight transported by province(*),Total,VN_SRC_CAMAU,Ca Mau,2005,annual,684.0,Thous. tons,not_specified,E1215,https://www.nso.gov.vn/en/px-web?pxid=E1215&theme=Transport%2C%20Postal%20Services%20and%20Telecommunications,source_reported_unharmonized
e1215_c9b3c38247,trade_services,Volume of freight transported by province(*),Total,VN_SRC_CAMAU,Ca Mau,2006,annual,741.2,Thous. tons,not_specified,E1215,https://www.nso.gov.vn/en/px-web?pxid=E1215&theme=Transport%2C%20Postal%20Services%20and%20Telecommunications,source_reported_unharmonized
e1215_c9b3c38247,trade_services,Volume of freight transported by province(*),Total,VN_SRC_CAMAU,Ca Mau,2007,annual,572.9,Thous. tons,not_specified,E1215,https://www.nso.gov.vn/en/px-web?pxid=E1215&theme=Transport%2C%20Postal%20Services%20and%20Telecommunications,source_reported_unharmonized
e1215_c9b3c38247,trade_services,Volume of freight transported by province(*),Total,VN_SRC_CAMAU,Ca Mau,2008,annual,547.1,Thous. tons,not_specified,E1215,https://www.nso.gov.vn/en/px-web?pxid=E1215&theme=Transport%2C%20Postal%20Services%20and%20Telecommunications,source_reported_unharmonized
e1215_c9b3c38247,trade_services,Volume of freight transported by province(*),Total,VN_SRC_CAMAU,Ca Mau,2009,annual,748.5,Thous. tons,not_specified,E1215,https://www.nso.gov.vn/en/px-web?pxid=E1215&theme=Transport%2C%20Postal%20Services%20and%20Telecommunications,source_reported_unharmonized
e1215_c9b3c38247,trade_services,Volume of freight transported by province(*),Total,VN_SRC_CAMAU,Ca Mau,2010,annual,792.6,Thous. tons,not_specified,E1215,https://www.nso.gov.vn/en/px-web?pxid=E1215&theme=Transport%2C%20Postal%20Services%20and%20Telecommunications,source_reported_unharmonized
e1215_c9b3c38247,trade_services,Volume of freight transported by province(*),Total,VN_SRC_CAMAU,Ca Mau,2011,annual,746.2,Thous. tons,not_specified,E1215,https://www.nso.gov.vn/en/px-web?pxid=E1215&theme=Transport%2C%20Postal%20Services%20and%20Telecommunications,source_reported_unharmonized
e1215_c9b3c38247,trade_services,Volume of freight transported by province(*),Total,VN_SRC_CAMAU,Ca Mau,2012,annual,731.4,Thous. tons,not_specified,E1215,https://www.nso.gov.vn/en/px-web?pxid=E1215&theme=Transport%2C%20Postal%20Services%20and%20Telecommunications,source_reported_unharmonized
e1215_c9b3c38247,trade_services,Volume of freight transported by province(*),Total,VN_SRC_CAMAU,Ca Mau,2013,annual,773.3,Thous. tons,not_specified,E1215,https://www.nso.gov.vn/en/px-web?pxid=E1215&theme=Transport%2C%20Postal%20Services%20and%20Telecommunications,source_reported_unharmonized
e1215_c9b3c38247,trade_services,Volume of freight transported by province(*),Total,VN_SRC_CAMAU,Ca Mau,2014,annual,709.8,Thous. tons,not_specified,E1215,https://www.nso.gov.vn/en/px-web?pxid=E1215&theme=Transport%2C%20Postal%20Services%20and%20Telecommunications,source_reported_unharmonized
e1215_c9b3c38247,trade_services,Volume of freight transported by province(*),Total,VN_SRC_CAMAU,Ca Mau,2015,annual,909.7,Thous. tons,not_specified,E1215,https://www.nso.gov.vn/en/px-web?pxid=E1215&theme=Transport%2C%20Postal%20Services%20and%20Telecommunications,source_reported_unharmonized
e1215_c9b3c38247,trade_services,Volume of freight transported by province(*),Total,VN_SRC_CAMAU,Ca Mau,2016,annual,939.9,Thous. tons,not_specified,E1215,https://www.nso.gov.vn/en/px-web?pxid=E1215&theme=Transport%2C%20Postal%20Services%20and%20Telecommunications,source_reported_unharmonized
e1215_c9b3c38247,trade_services,Volume of freight transported by province(*),Total,VN_SRC_CAMAU,Ca Mau,2017,annual,1027.4,Thous. tons,not_specified,E1215,https://www.nso.gov.vn/en/px-web?pxid=E1215&theme=Transport%2C%20Postal%20Services%20and%20Telecommunications,source_reported_unharmonized
e1215_c9b3c38247,trade_services,Volume of freight transported by province(*),Total,VN_SRC_CAMAU,Ca Mau,2018,annual,1062.9,Thous. tons,not_specified,E1215,https://www.nso.gov.vn/en/px-web?pxid=E1215&theme=Transport%2C%20Postal%20Services%20and%20Telecommunications,source_reported_unharmonized
e1215_c9b3c38247,trade_services,Volume of freight transported by province(*),Total,VN_SRC_CAMAU,Ca Mau,2019,annual,1058.1,Thous. tons,not_specified,E1215,https://www.nso.gov.vn/en/px-web?pxid=E1215&theme=Transport%2C%20Postal%20Services%20and%20Telecommunications,source_reported_unharmonized
e1215_c9b3c38247,trade_services,Volume of freight transported by province(*),Total,VN_SRC_CAMAU,Ca Mau,2020,annual,1009.2,Thous. tons,not_specified,E1215,https://www.nso.gov.vn/en/px-web?pxid=E1215&theme=Transport%2C%20Postal%20Services%20and%20Telecommunications,source_reported_unharmonized
e1215_c9b3c38247,trade_services,Volume of freight transported by province(*),Total,VN_SRC_CAMAU,Ca Mau,2021,annual,1136.6,Thous. tons,not_specified,E1215,https://www.nso.gov.vn/en/px-web?pxid=E1215&theme=Transport%2C%20Postal%20Services%20and%20Telecommunications,source_reported_unharmonized
e1215_c9b3c38247,trade_services,Volume of freight transported by province(*),Total,VN_SRC_CAMAU,Ca Mau,2022,annual,1269.7,Thous. tons,not_specified,E1215,https://www.nso.gov.vn/en/px-web?pxid=E1215&theme=Transport%2C%20Postal%20Services%20and%20Telecommunications,source_reported_unharmonized
e1215_c9b3c38247,trade_services,Volume of freight transported by province(*),Total,VN_SRC_CAMAU,Ca Mau,2023,annual,1678.6,Thous. tons,not_specified,E1215,https://www.nso.gov.vn/en/px-web?pxid=E1215&theme=Transport%2C%20Postal%20Services%20and%20Telecommunications,source_reported_unharmonized
e1215_c9b3c38247,trade_services,Volume of freight transported by province(*),Total,VN_SRC_CAMAU,Ca Mau,2024,annual,1913.0,Thous. tons,not_specified,E1215,https://www.nso.gov.vn/en/px-web?pxid=E1215&theme=Transport%2C%20Postal%20Services%20and%20Telecommunications,source_reported_unharmonized
e1215_c9b3c38247,trade_services,Volume of freight transported by province(*),Total,VN_SRC_CAMAU,Ca Mau,2025,annual,2389.8,Thous. tons,preliminary,E1215,https://www.nso.gov.vn/en/px-web?pxid=E1215&theme=Transport%2C%20Postal%20Services%20and%20Telecommunications,source_reported_unharmonized
