indicator_id,section,indicator,breakdown,province_code,province,period,period_type,value,unit,period_status,source_id,source_url,geography_version
e1312_48946dfa77,education,Number of direct teaching woman teachers of general education as of 30 September by province · Lower secondary,Lower secondary,VN_SRC_HANOI,Ha Noi,2004,annual,7818.0,Person,not_specified,E1312,https://www.nso.gov.vn/en/px-web?pxid=E1312&theme=Education,source_reported_unharmonized
e1312_48946dfa77,education,Number of direct teaching woman teachers of general education as of 30 September by province · Lower secondary,Lower secondary,VN_SRC_HANOI,Ha Noi,2005,annual,7902.0,Person,not_specified,E1312,https://www.nso.gov.vn/en/px-web?pxid=E1312&theme=Education,source_reported_unharmonized
e1312_48946dfa77,education,Number of direct teaching woman teachers of general education as of 30 September by province · Lower secondary,Lower secondary,VN_SRC_HANOI,Ha Noi,2006,annual,7960.0,Person,not_specified,E1312,https://www.nso.gov.vn/en/px-web?pxid=E1312&theme=Education,source_reported_unharmonized
e1312_48946dfa77,education,Number of direct teaching woman teachers of general education as of 30 September by province · Lower secondary,Lower secondary,VN_SRC_HANOI,Ha Noi,2007,annual,7813.0,Person,not_specified,E1312,https://www.nso.gov.vn/en/px-web?pxid=E1312&theme=Education,source_reported_unharmonized
e1312_48946dfa77,education,Number of direct teaching woman teachers of general education as of 30 September by province · Lower secondary,Lower secondary,VN_SRC_HANOI,Ha Noi,2008,annual,16650.0,Person,not_specified,E1312,https://www.nso.gov.vn/en/px-web?pxid=E1312&theme=Education,source_reported_unharmonized
e1312_48946dfa77,education,Number of direct teaching woman teachers of general education as of 30 September by province · Lower secondary,Lower secondary,VN_SRC_HANOI,Ha Noi,2009,annual,16722.0,Person,not_specified,E1312,https://www.nso.gov.vn/en/px-web?pxid=E1312&theme=Education,source_reported_unharmonized
e1312_48946dfa77,education,Number of direct teaching woman teachers of general education as of 30 September by province · Lower secondary,Lower secondary,VN_SRC_HANOI,Ha Noi,2010,annual,16459.0,Person,not_specified,E1312,https://www.nso.gov.vn/en/px-web?pxid=E1312&theme=Education,source_reported_unharmonized
e1312_48946dfa77,education,Number of direct teaching woman teachers of general education as of 30 September by province · Lower secondary,Lower secondary,VN_SRC_HANOI,Ha Noi,2011,annual,15932.0,Person,not_specified,E1312,https://www.nso.gov.vn/en/px-web?pxid=E1312&theme=Education,source_reported_unharmonized
e1312_48946dfa77,education,Number of direct teaching woman teachers of general education as of 30 September by province · Lower secondary,Lower secondary,VN_SRC_HANOI,Ha Noi,2012,annual,15607.0,Person,not_specified,E1312,https://www.nso.gov.vn/en/px-web?pxid=E1312&theme=Education,source_reported_unharmonized
e1312_48946dfa77,education,Number of direct teaching woman teachers of general education as of 30 September by province · Lower secondary,Lower secondary,VN_SRC_HANOI,Ha Noi,2013,annual,16095.0,Person,not_specified,E1312,https://www.nso.gov.vn/en/px-web?pxid=E1312&theme=Education,source_reported_unharmonized
e1312_48946dfa77,education,Number of direct teaching woman teachers of general education as of 30 September by province · Lower secondary,Lower secondary,VN_SRC_HANOI,Ha Noi,2014,annual,16159.0,Person,not_specified,E1312,https://www.nso.gov.vn/en/px-web?pxid=E1312&theme=Education,source_reported_unharmonized
e1312_48946dfa77,education,Number of direct teaching woman teachers of general education as of 30 September by province · Lower secondary,Lower secondary,VN_SRC_HANOI,Ha Noi,2015,annual,17324.0,Person,not_specified,E1312,https://www.nso.gov.vn/en/px-web?pxid=E1312&theme=Education,source_reported_unharmonized
e1312_48946dfa77,education,Number of direct teaching woman teachers of general education as of 30 September by province · Lower secondary,Lower secondary,VN_SRC_HANOI,Ha Noi,2016,annual,17765.0,Person,not_specified,E1312,https://www.nso.gov.vn/en/px-web?pxid=E1312&theme=Education,source_reported_unharmonized
e1312_48946dfa77,education,Number of direct teaching woman teachers of general education as of 30 September by province · Lower secondary,Lower secondary,VN_SRC_HANOI,Ha Noi,2017,annual,17670.0,Person,not_specified,E1312,https://www.nso.gov.vn/en/px-web?pxid=E1312&theme=Education,source_reported_unharmonized
e1312_48946dfa77,education,Number of direct teaching woman teachers of general education as of 30 September by province · Lower secondary,Lower secondary,VN_SRC_HANOI,Ha Noi,2019,annual,16150.0,Person,not_specified,E1312,https://www.nso.gov.vn/en/px-web?pxid=E1312&theme=Education,source_reported_unharmonized
e1312_48946dfa77,education,Number of direct teaching woman teachers of general education as of 30 September by province · Lower secondary,Lower secondary,VN_SRC_HANOI,Ha Noi,2020,annual,18204.0,Person,not_specified,E1312,https://www.nso.gov.vn/en/px-web?pxid=E1312&theme=Education,source_reported_unharmonized
e1312_48946dfa77,education,Number of direct teaching woman teachers of general education as of 30 September by province · Lower secondary,Lower secondary,VN_SRC_HANOI,Ha Noi,2021,annual,19029.0,Person,not_specified,E1312,https://www.nso.gov.vn/en/px-web?pxid=E1312&theme=Education,source_reported_unharmonized
e1312_48946dfa77,education,Number of direct teaching woman teachers of general education as of 30 September by province · Lower secondary,Lower secondary,VN_SRC_HANOI,Ha Noi,2023,annual,19134.0,Person,not_specified,E1312,https://www.nso.gov.vn/en/px-web?pxid=E1312&theme=Education,source_reported_unharmonized
e1312_48946dfa77,education,Number of direct teaching woman teachers of general education as of 30 September by province · Lower secondary,Lower secondary,VN_SRC_HATAY,Ha Tay,2004,annual,8969.0,Person,not_specified,E1312,https://www.nso.gov.vn/en/px-web?pxid=E1312&theme=Education,source_reported_unharmonized
e1312_48946dfa77,education,Number of direct teaching woman teachers of general education as of 30 September by province · Lower secondary,Lower secondary,VN_SRC_HATAY,Ha Tay,2005,annual,8908.0,Person,not_specified,E1312,https://www.nso.gov.vn/en/px-web?pxid=E1312&theme=Education,source_reported_unharmonized
e1312_48946dfa77,education,Number of direct teaching woman teachers of general education as of 30 September by province · Lower secondary,Lower secondary,VN_SRC_HATAY,Ha Tay,2006,annual,8552.0,Person,not_specified,E1312,https://www.nso.gov.vn/en/px-web?pxid=E1312&theme=Education,source_reported_unharmonized
e1312_48946dfa77,education,Number of direct teaching woman teachers of general education as of 30 September by province · Lower secondary,Lower secondary,VN_SRC_HATAY,Ha Tay,2007,annual,8316.0,Person,not_specified,E1312,https://www.nso.gov.vn/en/px-web?pxid=E1312&theme=Education,source_reported_unharmonized
e1312_48946dfa77,education,Number of direct teaching woman teachers of general education as of 30 September by province · Lower secondary,Lower secondary,VN_SRC_HATAY,Ha Tay,2008,annual,,Person,not_specified,E1312,https://www.nso.gov.vn/en/px-web?pxid=E1312&theme=Education,source_reported_unharmonized
e1312_48946dfa77,education,Number of direct teaching woman teachers of general education as of 30 September by province · Lower secondary,Lower secondary,VN_SRC_HATAY,Ha Tay,2009,annual,,Person,not_specified,E1312,https://www.nso.gov.vn/en/px-web?pxid=E1312&theme=Education,source_reported_unharmonized
e1312_48946dfa77,education,Number of direct teaching woman teachers of general education as of 30 September by province · Lower secondary,Lower secondary,VN_SRC_HATAY,Ha Tay,2010,annual,,Person,not_specified,E1312,https://www.nso.gov.vn/en/px-web?pxid=E1312&theme=Education,source_reported_unharmonized
e1312_48946dfa77,education,Number of direct teaching woman teachers of general education as of 30 September by province · Lower secondary,Lower secondary,VN_SRC_HATAY,Ha Tay,2011,annual,,Person,not_specified,E1312,https://www.nso.gov.vn/en/px-web?pxid=E1312&theme=Education,source_reported_unharmonized
e1312_48946dfa77,education,Number of direct teaching woman teachers of general education as of 30 September by province · Lower secondary,Lower secondary,VN_SRC_HATAY,Ha Tay,2012,annual,,Person,not_specified,E1312,https://www.nso.gov.vn/en/px-web?pxid=E1312&theme=Education,source_reported_unharmonized
e1312_48946dfa77,education,Number of direct teaching woman teachers of general education as of 30 September by province · Lower secondary,Lower secondary,VN_SRC_HATAY,Ha Tay,2013,annual,,Person,not_specified,E1312,https://www.nso.gov.vn/en/px-web?pxid=E1312&theme=Education,source_reported_unharmonized
e1312_48946dfa77,education,Number of direct teaching woman teachers of general education as of 30 September by province · Lower secondary,Lower secondary,VN_SRC_HATAY,Ha Tay,2014,annual,,Person,not_specified,E1312,https://www.nso.gov.vn/en/px-web?pxid=E1312&theme=Education,source_reported_unharmonized
e1312_48946dfa77,education,Number of direct teaching woman teachers of general education as of 30 September by province · Lower secondary,Lower secondary,VN_SRC_HATAY,Ha Tay,2015,annual,,Person,not_specified,E1312,https://www.nso.gov.vn/en/px-web?pxid=E1312&theme=Education,source_reported_unharmonized
e1312_48946dfa77,education,Number of direct teaching woman teachers of general education as of 30 September by province · Lower secondary,Lower secondary,VN_SRC_HATAY,Ha Tay,2016,annual,,Person,not_specified,E1312,https://www.nso.gov.vn/en/px-web?pxid=E1312&theme=Education,source_reported_unharmonized
e1312_48946dfa77,education,Number of direct teaching woman teachers of general education as of 30 September by province · Lower secondary,Lower secondary,VN_SRC_HATAY,Ha Tay,2017,annual,,Person,not_specified,E1312,https://www.nso.gov.vn/en/px-web?pxid=E1312&theme=Education,source_reported_unharmonized
e1312_48946dfa77,education,Number of direct teaching woman teachers of general education as of 30 September by province · Lower secondary,Lower secondary,VN_SRC_HATAY,Ha Tay,2019,annual,,Person,not_specified,E1312,https://www.nso.gov.vn/en/px-web?pxid=E1312&theme=Education,source_reported_unharmonized
e1312_48946dfa77,education,Number of direct teaching woman teachers of general education as of 30 September by province · Lower secondary,Lower secondary,VN_SRC_HATAY,Ha Tay,2020,annual,,Person,not_specified,E1312,https://www.nso.gov.vn/en/px-web?pxid=E1312&theme=Education,source_reported_unharmonized
e1312_48946dfa77,education,Number of direct teaching woman teachers of general education as of 30 September by province · Lower secondary,Lower secondary,VN_SRC_HATAY,Ha Tay,2021,annual,,Person,not_specified,E1312,https://www.nso.gov.vn/en/px-web?pxid=E1312&theme=Education,source_reported_unharmonized
e1312_48946dfa77,education,Number of direct teaching woman teachers of general education as of 30 September by province · Lower secondary,Lower secondary,VN_SRC_HATAY,Ha Tay,2023,annual,,Person,not_specified,E1312,https://www.nso.gov.vn/en/px-web?pxid=E1312&theme=Education,source_reported_unharmonized
e1312_48946dfa77,education,Number of direct teaching woman teachers of general education as of 30 September by province · Lower secondary,Lower secondary,VN_SRC_VINHPHUC,Vinh Phuc,2004,annual,3434.0,Person,not_specified,E1312,https://www.nso.gov.vn/en/px-web?pxid=E1312&theme=Education,source_reported_unharmonized
e1312_48946dfa77,education,Number of direct teaching woman teachers of general education as of 30 September by province · Lower secondary,Lower secondary,VN_SRC_VINHPHUC,Vinh Phuc,2005,annual,3384.0,Person,not_specified,E1312,https://www.nso.gov.vn/en/px-web?pxid=E1312&theme=Education,source_reported_unharmonized
e1312_48946dfa77,education,Number of direct teaching woman teachers of general education as of 30 September by province · Lower secondary,Lower secondary,VN_SRC_VINHPHUC,Vinh Phuc,2006,annual,3484.0,Person,not_specified,E1312,https://www.nso.gov.vn/en/px-web?pxid=E1312&theme=Education,source_reported_unharmonized
e1312_48946dfa77,education,Number of direct teaching woman teachers of general education as of 30 September by province · Lower secondary,Lower secondary,VN_SRC_VINHPHUC,Vinh Phuc,2007,annual,3544.0,Person,not_specified,E1312,https://www.nso.gov.vn/en/px-web?pxid=E1312&theme=Education,source_reported_unharmonized
e1312_48946dfa77,education,Number of direct teaching woman teachers of general education as of 30 September by province · Lower secondary,Lower secondary,VN_SRC_VINHPHUC,Vinh Phuc,2008,annual,2968.0,Person,not_specified,E1312,https://www.nso.gov.vn/en/px-web?pxid=E1312&theme=Education,source_reported_unharmonized
e1312_48946dfa77,education,Number of direct teaching woman teachers of general education as of 30 September by province · Lower secondary,Lower secondary,VN_SRC_VINHPHUC,Vinh Phuc,2009,annual,3054.0,Person,not_specified,E1312,https://www.nso.gov.vn/en/px-web?pxid=E1312&theme=Education,source_reported_unharmonized
e1312_48946dfa77,education,Number of direct teaching woman teachers of general education as of 30 September by province · Lower secondary,Lower secondary,VN_SRC_VINHPHUC,Vinh Phuc,2010,annual,2891.0,Person,not_specified,E1312,https://www.nso.gov.vn/en/px-web?pxid=E1312&theme=Education,source_reported_unharmonized
e1312_48946dfa77,education,Number of direct teaching woman teachers of general education as of 30 September by province · Lower secondary,Lower secondary,VN_SRC_VINHPHUC,Vinh Phuc,2011,annual,2961.0,Person,not_specified,E1312,https://www.nso.gov.vn/en/px-web?pxid=E1312&theme=Education,source_reported_unharmonized
e1312_48946dfa77,education,Number of direct teaching woman teachers of general education as of 30 September by province · Lower secondary,Lower secondary,VN_SRC_VINHPHUC,Vinh Phuc,2012,annual,2834.0,Person,not_specified,E1312,https://www.nso.gov.vn/en/px-web?pxid=E1312&theme=Education,source_reported_unharmonized
e1312_48946dfa77,education,Number of direct teaching woman teachers of general education as of 30 September by province · Lower secondary,Lower secondary,VN_SRC_VINHPHUC,Vinh Phuc,2013,annual,2948.0,Person,not_specified,E1312,https://www.nso.gov.vn/en/px-web?pxid=E1312&theme=Education,source_reported_unharmonized
e1312_48946dfa77,education,Number of direct teaching woman teachers of general education as of 30 September by province · Lower secondary,Lower secondary,VN_SRC_VINHPHUC,Vinh Phuc,2014,annual,2878.0,Person,not_specified,E1312,https://www.nso.gov.vn/en/px-web?pxid=E1312&theme=Education,source_reported_unharmonized
e1312_48946dfa77,education,Number of direct teaching woman teachers of general education as of 30 September by province · Lower secondary,Lower secondary,VN_SRC_VINHPHUC,Vinh Phuc,2015,annual,2880.0,Person,not_specified,E1312,https://www.nso.gov.vn/en/px-web?pxid=E1312&theme=Education,source_reported_unharmonized
e1312_48946dfa77,education,Number of direct teaching woman teachers of general education as of 30 September by province · Lower secondary,Lower secondary,VN_SRC_VINHPHUC,Vinh Phuc,2016,annual,2669.0,Person,not_specified,E1312,https://www.nso.gov.vn/en/px-web?pxid=E1312&theme=Education,source_reported_unharmonized
e1312_48946dfa77,education,Number of direct teaching woman teachers of general education as of 30 September by province · Lower secondary,Lower secondary,VN_SRC_VINHPHUC,Vinh Phuc,2017,annual,2640.0,Person,not_specified,E1312,https://www.nso.gov.vn/en/px-web?pxid=E1312&theme=Education,source_reported_unharmonized
e1312_48946dfa77,education,Number of direct teaching woman teachers of general education as of 30 September by province · Lower secondary,Lower secondary,VN_SRC_VINHPHUC,Vinh Phuc,2019,annual,2508.0,Person,not_specified,E1312,https://www.nso.gov.vn/en/px-web?pxid=E1312&theme=Education,source_reported_unharmonized
e1312_48946dfa77,education,Number of direct teaching woman teachers of general education as of 30 September by province · Lower secondary,Lower secondary,VN_SRC_VINHPHUC,Vinh Phuc,2020,annual,2551.0,Person,not_specified,E1312,https://www.nso.gov.vn/en/px-web?pxid=E1312&theme=Education,source_reported_unharmonized
e1312_48946dfa77,education,Number of direct teaching woman teachers of general education as of 30 September by province · Lower secondary,Lower secondary,VN_SRC_VINHPHUC,Vinh Phuc,2021,annual,2520.0,Person,not_specified,E1312,https://www.nso.gov.vn/en/px-web?pxid=E1312&theme=Education,source_reported_unharmonized
e1312_48946dfa77,education,Number of direct teaching woman teachers of general education as of 30 September by province · Lower secondary,Lower secondary,VN_SRC_VINHPHUC,Vinh Phuc,2023,annual,2684.0,Person,not_specified,E1312,https://www.nso.gov.vn/en/px-web?pxid=E1312&theme=Education,source_reported_unharmonized
e1312_48946dfa77,education,Number of direct teaching woman teachers of general education as of 30 September by province · Lower secondary,Lower secondary,VN_SRC_BACNINH,Bac Ninh,2004,annual,2736.0,Person,not_specified,E1312,https://www.nso.gov.vn/en/px-web?pxid=E1312&theme=Education,source_reported_unharmonized
e1312_48946dfa77,education,Number of direct teaching woman teachers of general education as of 30 September by province · Lower secondary,Lower secondary,VN_SRC_BACNINH,Bac Ninh,2005,annual,2737.0,Person,not_specified,E1312,https://www.nso.gov.vn/en/px-web?pxid=E1312&theme=Education,source_reported_unharmonized
e1312_48946dfa77,education,Number of direct teaching woman teachers of general education as of 30 September by province · Lower secondary,Lower secondary,VN_SRC_BACNINH,Bac Ninh,2006,annual,2764.0,Person,not_specified,E1312,https://www.nso.gov.vn/en/px-web?pxid=E1312&theme=Education,source_reported_unharmonized
e1312_48946dfa77,education,Number of direct teaching woman teachers of general education as of 30 September by province · Lower secondary,Lower secondary,VN_SRC_BACNINH,Bac Ninh,2007,annual,2885.0,Person,not_specified,E1312,https://www.nso.gov.vn/en/px-web?pxid=E1312&theme=Education,source_reported_unharmonized
e1312_48946dfa77,education,Number of direct teaching woman teachers of general education as of 30 September by province · Lower secondary,Lower secondary,VN_SRC_BACNINH,Bac Ninh,2008,annual,2738.0,Person,not_specified,E1312,https://www.nso.gov.vn/en/px-web?pxid=E1312&theme=Education,source_reported_unharmonized
e1312_48946dfa77,education,Number of direct teaching woman teachers of general education as of 30 September by province · Lower secondary,Lower secondary,VN_SRC_BACNINH,Bac Ninh,2009,annual,2799.0,Person,not_specified,E1312,https://www.nso.gov.vn/en/px-web?pxid=E1312&theme=Education,source_reported_unharmonized
e1312_48946dfa77,education,Number of direct teaching woman teachers of general education as of 30 September by province · Lower secondary,Lower secondary,VN_SRC_BACNINH,Bac Ninh,2010,annual,2747.0,Person,not_specified,E1312,https://www.nso.gov.vn/en/px-web?pxid=E1312&theme=Education,source_reported_unharmonized
e1312_48946dfa77,education,Number of direct teaching woman teachers of general education as of 30 September by province · Lower secondary,Lower secondary,VN_SRC_BACNINH,Bac Ninh,2011,annual,2788.0,Person,not_specified,E1312,https://www.nso.gov.vn/en/px-web?pxid=E1312&theme=Education,source_reported_unharmonized
e1312_48946dfa77,education,Number of direct teaching woman teachers of general education as of 30 September by province · Lower secondary,Lower secondary,VN_SRC_BACNINH,Bac Ninh,2012,annual,2698.0,Person,not_specified,E1312,https://www.nso.gov.vn/en/px-web?pxid=E1312&theme=Education,source_reported_unharmonized
e1312_48946dfa77,education,Number of direct teaching woman teachers of general education as of 30 September by province · Lower secondary,Lower secondary,VN_SRC_BACNINH,Bac Ninh,2013,annual,2744.0,Person,not_specified,E1312,https://www.nso.gov.vn/en/px-web?pxid=E1312&theme=Education,source_reported_unharmonized
e1312_48946dfa77,education,Number of direct teaching woman teachers of general education as of 30 September by province · Lower secondary,Lower secondary,VN_SRC_BACNINH,Bac Ninh,2014,annual,2771.0,Person,not_specified,E1312,https://www.nso.gov.vn/en/px-web?pxid=E1312&theme=Education,source_reported_unharmonized
e1312_48946dfa77,education,Number of direct teaching woman teachers of general education as of 30 September by province · Lower secondary,Lower secondary,VN_SRC_BACNINH,Bac Ninh,2015,annual,3203.0,Person,not_specified,E1312,https://www.nso.gov.vn/en/px-web?pxid=E1312&theme=Education,source_reported_unharmonized
e1312_48946dfa77,education,Number of direct teaching woman teachers of general education as of 30 September by province · Lower secondary,Lower secondary,VN_SRC_BACNINH,Bac Ninh,2016,annual,3261.0,Person,not_specified,E1312,https://www.nso.gov.vn/en/px-web?pxid=E1312&theme=Education,source_reported_unharmonized
e1312_48946dfa77,education,Number of direct teaching woman teachers of general education as of 30 September by province · Lower secondary,Lower secondary,VN_SRC_BACNINH,Bac Ninh,2017,annual,3207.0,Person,not_specified,E1312,https://www.nso.gov.vn/en/px-web?pxid=E1312&theme=Education,source_reported_unharmonized
e1312_48946dfa77,education,Number of direct teaching woman teachers of general education as of 30 September by province · Lower secondary,Lower secondary,VN_SRC_BACNINH,Bac Ninh,2019,annual,3208.0,Person,not_specified,E1312,https://www.nso.gov.vn/en/px-web?pxid=E1312&theme=Education,source_reported_unharmonized
e1312_48946dfa77,education,Number of direct teaching woman teachers of general education as of 30 September by province · Lower secondary,Lower secondary,VN_SRC_BACNINH,Bac Ninh,2020,annual,3193.0,Person,not_specified,E1312,https://www.nso.gov.vn/en/px-web?pxid=E1312&theme=Education,source_reported_unharmonized
e1312_48946dfa77,education,Number of direct teaching woman teachers of general education as of 30 September by province · Lower secondary,Lower secondary,VN_SRC_BACNINH,Bac Ninh,2021,annual,3304.0,Person,not_specified,E1312,https://www.nso.gov.vn/en/px-web?pxid=E1312&theme=Education,source_reported_unharmonized
e1312_48946dfa77,education,Number of direct teaching woman teachers of general education as of 30 September by province · Lower secondary,Lower secondary,VN_SRC_BACNINH,Bac Ninh,2023,annual,3163.0,Person,not_specified,E1312,https://www.nso.gov.vn/en/px-web?pxid=E1312&theme=Education,source_reported_unharmonized
e1312_48946dfa77,education,Number of direct teaching woman teachers of general education as of 30 September by province · Lower secondary,Lower secondary,VN_SRC_QUANGNINH,Quang Ninh,2004,annual,4091.0,Person,not_specified,E1312,https://www.nso.gov.vn/en/px-web?pxid=E1312&theme=Education,source_reported_unharmonized
e1312_48946dfa77,education,Number of direct teaching woman teachers of general education as of 30 September by province · Lower secondary,Lower secondary,VN_SRC_QUANGNINH,Quang Ninh,2005,annual,4133.0,Person,not_specified,E1312,https://www.nso.gov.vn/en/px-web?pxid=E1312&theme=Education,source_reported_unharmonized
e1312_48946dfa77,education,Number of direct teaching woman teachers of general education as of 30 September by province · Lower secondary,Lower secondary,VN_SRC_QUANGNINH,Quang Ninh,2006,annual,3980.0,Person,not_specified,E1312,https://www.nso.gov.vn/en/px-web?pxid=E1312&theme=Education,source_reported_unharmonized
e1312_48946dfa77,education,Number of direct teaching woman teachers of general education as of 30 September by province · Lower secondary,Lower secondary,VN_SRC_QUANGNINH,Quang Ninh,2007,annual,4006.0,Person,not_specified,E1312,https://www.nso.gov.vn/en/px-web?pxid=E1312&theme=Education,source_reported_unharmonized
e1312_48946dfa77,education,Number of direct teaching woman teachers of general education as of 30 September by province · Lower secondary,Lower secondary,VN_SRC_QUANGNINH,Quang Ninh,2008,annual,3959.0,Person,not_specified,E1312,https://www.nso.gov.vn/en/px-web?pxid=E1312&theme=Education,source_reported_unharmonized
e1312_48946dfa77,education,Number of direct teaching woman teachers of general education as of 30 September by province · Lower secondary,Lower secondary,VN_SRC_QUANGNINH,Quang Ninh,2009,annual,3885.0,Person,not_specified,E1312,https://www.nso.gov.vn/en/px-web?pxid=E1312&theme=Education,source_reported_unharmonized
e1312_48946dfa77,education,Number of direct teaching woman teachers of general education as of 30 September by province · Lower secondary,Lower secondary,VN_SRC_QUANGNINH,Quang Ninh,2010,annual,3814.0,Person,not_specified,E1312,https://www.nso.gov.vn/en/px-web?pxid=E1312&theme=Education,source_reported_unharmonized
e1312_48946dfa77,education,Number of direct teaching woman teachers of general education as of 30 September by province · Lower secondary,Lower secondary,VN_SRC_QUANGNINH,Quang Ninh,2011,annual,3717.0,Person,not_specified,E1312,https://www.nso.gov.vn/en/px-web?pxid=E1312&theme=Education,source_reported_unharmonized
e1312_48946dfa77,education,Number of direct teaching woman teachers of general education as of 30 September by province · Lower secondary,Lower secondary,VN_SRC_QUANGNINH,Quang Ninh,2012,annual,3711.0,Person,not_specified,E1312,https://www.nso.gov.vn/en/px-web?pxid=E1312&theme=Education,source_reported_unharmonized
e1312_48946dfa77,education,Number of direct teaching woman teachers of general education as of 30 September by province · Lower secondary,Lower secondary,VN_SRC_QUANGNINH,Quang Ninh,2013,annual,3753.0,Person,not_specified,E1312,https://www.nso.gov.vn/en/px-web?pxid=E1312&theme=Education,source_reported_unharmonized
e1312_48946dfa77,education,Number of direct teaching woman teachers of general education as of 30 September by province · Lower secondary,Lower secondary,VN_SRC_QUANGNINH,Quang Ninh,2014,annual,3422.0,Person,not_specified,E1312,https://www.nso.gov.vn/en/px-web?pxid=E1312&theme=Education,source_reported_unharmonized
e1312_48946dfa77,education,Number of direct teaching woman teachers of general education as of 30 September by province · Lower secondary,Lower secondary,VN_SRC_QUANGNINH,Quang Ninh,2015,annual,3392.0,Person,not_specified,E1312,https://www.nso.gov.vn/en/px-web?pxid=E1312&theme=Education,source_reported_unharmonized
e1312_48946dfa77,education,Number of direct teaching woman teachers of general education as of 30 September by province · Lower secondary,Lower secondary,VN_SRC_QUANGNINH,Quang Ninh,2016,annual,3362.0,Person,not_specified,E1312,https://www.nso.gov.vn/en/px-web?pxid=E1312&theme=Education,source_reported_unharmonized
e1312_48946dfa77,education,Number of direct teaching woman teachers of general education as of 30 September by province · Lower secondary,Lower secondary,VN_SRC_QUANGNINH,Quang Ninh,2017,annual,3295.0,Person,not_specified,E1312,https://www.nso.gov.vn/en/px-web?pxid=E1312&theme=Education,source_reported_unharmonized
e1312_48946dfa77,education,Number of direct teaching woman teachers of general education as of 30 September by province · Lower secondary,Lower secondary,VN_SRC_QUANGNINH,Quang Ninh,2019,annual,3223.0,Person,not_specified,E1312,https://www.nso.gov.vn/en/px-web?pxid=E1312&theme=Education,source_reported_unharmonized
e1312_48946dfa77,education,Number of direct teaching woman teachers of general education as of 30 September by province · Lower secondary,Lower secondary,VN_SRC_QUANGNINH,Quang Ninh,2020,annual,3323.0,Person,not_specified,E1312,https://www.nso.gov.vn/en/px-web?pxid=E1312&theme=Education,source_reported_unharmonized
e1312_48946dfa77,education,Number of direct teaching woman teachers of general education as of 30 September by province · Lower secondary,Lower secondary,VN_SRC_QUANGNINH,Quang Ninh,2021,annual,3225.0,Person,not_specified,E1312,https://www.nso.gov.vn/en/px-web?pxid=E1312&theme=Education,source_reported_unharmonized
e1312_48946dfa77,education,Number of direct teaching woman teachers of general education as of 30 September by province · Lower secondary,Lower secondary,VN_SRC_QUANGNINH,Quang Ninh,2023,annual,3386.0,Person,not_specified,E1312,https://www.nso.gov.vn/en/px-web?pxid=E1312&theme=Education,source_reported_unharmonized
e1312_48946dfa77,education,Number of direct teaching woman teachers of general education as of 30 September by province · Lower secondary,Lower secondary,VN_SRC_HAIDUONG,Hai Duong,2004,annual,4930.0,Person,not_specified,E1312,https://www.nso.gov.vn/en/px-web?pxid=E1312&theme=Education,source_reported_unharmonized
e1312_48946dfa77,education,Number of direct teaching woman teachers of general education as of 30 September by province · Lower secondary,Lower secondary,VN_SRC_HAIDUONG,Hai Duong,2005,annual,4849.0,Person,not_specified,E1312,https://www.nso.gov.vn/en/px-web?pxid=E1312&theme=Education,source_reported_unharmonized
e1312_48946dfa77,education,Number of direct teaching woman teachers of general education as of 30 September by province · Lower secondary,Lower secondary,VN_SRC_HAIDUONG,Hai Duong,2006,annual,4817.0,Person,not_specified,E1312,https://www.nso.gov.vn/en/px-web?pxid=E1312&theme=Education,source_reported_unharmonized
e1312_48946dfa77,education,Number of direct teaching woman teachers of general education as of 30 September by province · Lower secondary,Lower secondary,VN_SRC_HAIDUONG,Hai Duong,2007,annual,4797.0,Person,not_specified,E1312,https://www.nso.gov.vn/en/px-web?pxid=E1312&theme=Education,source_reported_unharmonized
e1312_48946dfa77,education,Number of direct teaching woman teachers of general education as of 30 September by province · Lower secondary,Lower secondary,VN_SRC_HAIDUONG,Hai Duong,2008,annual,4684.0,Person,not_specified,E1312,https://www.nso.gov.vn/en/px-web?pxid=E1312&theme=Education,source_reported_unharmonized
e1312_48946dfa77,education,Number of direct teaching woman teachers of general education as of 30 September by province · Lower secondary,Lower secondary,VN_SRC_HAIDUONG,Hai Duong,2009,annual,4834.0,Person,not_specified,E1312,https://www.nso.gov.vn/en/px-web?pxid=E1312&theme=Education,source_reported_unharmonized
e1312_48946dfa77,education,Number of direct teaching woman teachers of general education as of 30 September by province · Lower secondary,Lower secondary,VN_SRC_HAIDUONG,Hai Duong,2010,annual,4738.0,Person,not_specified,E1312,https://www.nso.gov.vn/en/px-web?pxid=E1312&theme=Education,source_reported_unharmonized
e1312_48946dfa77,education,Number of direct teaching woman teachers of general education as of 30 September by province · Lower secondary,Lower secondary,VN_SRC_HAIDUONG,Hai Duong,2011,annual,4799.0,Person,not_specified,E1312,https://www.nso.gov.vn/en/px-web?pxid=E1312&theme=Education,source_reported_unharmonized
e1312_48946dfa77,education,Number of direct teaching woman teachers of general education as of 30 September by province · Lower secondary,Lower secondary,VN_SRC_HAIDUONG,Hai Duong,2012,annual,5238.0,Person,not_specified,E1312,https://www.nso.gov.vn/en/px-web?pxid=E1312&theme=Education,source_reported_unharmonized
e1312_48946dfa77,education,Number of direct teaching woman teachers of general education as of 30 September by province · Lower secondary,Lower secondary,VN_SRC_HAIDUONG,Hai Duong,2013,annual,4657.0,Person,not_specified,E1312,https://www.nso.gov.vn/en/px-web?pxid=E1312&theme=Education,source_reported_unharmonized
e1312_48946dfa77,education,Number of direct teaching woman teachers of general education as of 30 September by province · Lower secondary,Lower secondary,VN_SRC_HAIDUONG,Hai Duong,2014,annual,4541.0,Person,not_specified,E1312,https://www.nso.gov.vn/en/px-web?pxid=E1312&theme=Education,source_reported_unharmonized
e1312_48946dfa77,education,Number of direct teaching woman teachers of general education as of 30 September by province · Lower secondary,Lower secondary,VN_SRC_HAIDUONG,Hai Duong,2015,annual,4548.0,Person,not_specified,E1312,https://www.nso.gov.vn/en/px-web?pxid=E1312&theme=Education,source_reported_unharmonized
e1312_48946dfa77,education,Number of direct teaching woman teachers of general education as of 30 September by province · Lower secondary,Lower secondary,VN_SRC_HAIDUONG,Hai Duong,2016,annual,4458.0,Person,not_specified,E1312,https://www.nso.gov.vn/en/px-web?pxid=E1312&theme=Education,source_reported_unharmonized
e1312_48946dfa77,education,Number of direct teaching woman teachers of general education as of 30 September by province · Lower secondary,Lower secondary,VN_SRC_HAIDUONG,Hai Duong,2017,annual,4376.0,Person,not_specified,E1312,https://www.nso.gov.vn/en/px-web?pxid=E1312&theme=Education,source_reported_unharmonized
e1312_48946dfa77,education,Number of direct teaching woman teachers of general education as of 30 September by province · Lower secondary,Lower secondary,VN_SRC_HAIDUONG,Hai Duong,2019,annual,3855.0,Person,not_specified,E1312,https://www.nso.gov.vn/en/px-web?pxid=E1312&theme=Education,source_reported_unharmonized
e1312_48946dfa77,education,Number of direct teaching woman teachers of general education as of 30 September by province · Lower secondary,Lower secondary,VN_SRC_HAIDUONG,Hai Duong,2020,annual,3959.0,Person,not_specified,E1312,https://www.nso.gov.vn/en/px-web?pxid=E1312&theme=Education,source_reported_unharmonized
e1312_48946dfa77,education,Number of direct teaching woman teachers of general education as of 30 September by province · Lower secondary,Lower secondary,VN_SRC_HAIDUONG,Hai Duong,2021,annual,4012.0,Person,not_specified,E1312,https://www.nso.gov.vn/en/px-web?pxid=E1312&theme=Education,source_reported_unharmonized
e1312_48946dfa77,education,Number of direct teaching woman teachers of general education as of 30 September by province · Lower secondary,Lower secondary,VN_SRC_HAIDUONG,Hai Duong,2023,annual,4295.0,Person,not_specified,E1312,https://www.nso.gov.vn/en/px-web?pxid=E1312&theme=Education,source_reported_unharmonized
e1312_48946dfa77,education,Number of direct teaching woman teachers of general education as of 30 September by province · Lower secondary,Lower secondary,VN_SRC_HAIPHONG,Hai Phong,2004,annual,5613.0,Person,not_specified,E1312,https://www.nso.gov.vn/en/px-web?pxid=E1312&theme=Education,source_reported_unharmonized
e1312_48946dfa77,education,Number of direct teaching woman teachers of general education as of 30 September by province · Lower secondary,Lower secondary,VN_SRC_HAIPHONG,Hai Phong,2005,annual,5299.0,Person,not_specified,E1312,https://www.nso.gov.vn/en/px-web?pxid=E1312&theme=Education,source_reported_unharmonized
e1312_48946dfa77,education,Number of direct teaching woman teachers of general education as of 30 September by province · Lower secondary,Lower secondary,VN_SRC_HAIPHONG,Hai Phong,2006,annual,5372.0,Person,not_specified,E1312,https://www.nso.gov.vn/en/px-web?pxid=E1312&theme=Education,source_reported_unharmonized
e1312_48946dfa77,education,Number of direct teaching woman teachers of general education as of 30 September by province · Lower secondary,Lower secondary,VN_SRC_HAIPHONG,Hai Phong,2007,annual,5328.0,Person,not_specified,E1312,https://www.nso.gov.vn/en/px-web?pxid=E1312&theme=Education,source_reported_unharmonized
e1312_48946dfa77,education,Number of direct teaching woman teachers of general education as of 30 September by province · Lower secondary,Lower secondary,VN_SRC_HAIPHONG,Hai Phong,2008,annual,5157.0,Person,not_specified,E1312,https://www.nso.gov.vn/en/px-web?pxid=E1312&theme=Education,source_reported_unharmonized
e1312_48946dfa77,education,Number of direct teaching woman teachers of general education as of 30 September by province · Lower secondary,Lower secondary,VN_SRC_HAIPHONG,Hai Phong,2009,annual,5248.0,Person,not_specified,E1312,https://www.nso.gov.vn/en/px-web?pxid=E1312&theme=Education,source_reported_unharmonized
e1312_48946dfa77,education,Number of direct teaching woman teachers of general education as of 30 September by province · Lower secondary,Lower secondary,VN_SRC_HAIPHONG,Hai Phong,2010,annual,5004.0,Person,not_specified,E1312,https://www.nso.gov.vn/en/px-web?pxid=E1312&theme=Education,source_reported_unharmonized
e1312_48946dfa77,education,Number of direct teaching woman teachers of general education as of 30 September by province · Lower secondary,Lower secondary,VN_SRC_HAIPHONG,Hai Phong,2011,annual,4755.0,Person,not_specified,E1312,https://www.nso.gov.vn/en/px-web?pxid=E1312&theme=Education,source_reported_unharmonized
e1312_48946dfa77,education,Number of direct teaching woman teachers of general education as of 30 September by province · Lower secondary,Lower secondary,VN_SRC_HAIPHONG,Hai Phong,2012,annual,4855.0,Person,not_specified,E1312,https://www.nso.gov.vn/en/px-web?pxid=E1312&theme=Education,source_reported_unharmonized
e1312_48946dfa77,education,Number of direct teaching woman teachers of general education as of 30 September by province · Lower secondary,Lower secondary,VN_SRC_HAIPHONG,Hai Phong,2013,annual,4781.0,Person,not_specified,E1312,https://www.nso.gov.vn/en/px-web?pxid=E1312&theme=Education,source_reported_unharmonized
e1312_48946dfa77,education,Number of direct teaching woman teachers of general education as of 30 September by province · Lower secondary,Lower secondary,VN_SRC_HAIPHONG,Hai Phong,2014,annual,4691.0,Person,not_specified,E1312,https://www.nso.gov.vn/en/px-web?pxid=E1312&theme=Education,source_reported_unharmonized
e1312_48946dfa77,education,Number of direct teaching woman teachers of general education as of 30 September by province · Lower secondary,Lower secondary,VN_SRC_HAIPHONG,Hai Phong,2015,annual,4600.0,Person,not_specified,E1312,https://www.nso.gov.vn/en/px-web?pxid=E1312&theme=Education,source_reported_unharmonized
e1312_48946dfa77,education,Number of direct teaching woman teachers of general education as of 30 September by province · Lower secondary,Lower secondary,VN_SRC_HAIPHONG,Hai Phong,2016,annual,4437.0,Person,not_specified,E1312,https://www.nso.gov.vn/en/px-web?pxid=E1312&theme=Education,source_reported_unharmonized
e1312_48946dfa77,education,Number of direct teaching woman teachers of general education as of 30 September by province · Lower secondary,Lower secondary,VN_SRC_HAIPHONG,Hai Phong,2017,annual,4305.0,Person,not_specified,E1312,https://www.nso.gov.vn/en/px-web?pxid=E1312&theme=Education,source_reported_unharmonized
e1312_48946dfa77,education,Number of direct teaching woman teachers of general education as of 30 September by province · Lower secondary,Lower secondary,VN_SRC_HAIPHONG,Hai Phong,2019,annual,4007.0,Person,not_specified,E1312,https://www.nso.gov.vn/en/px-web?pxid=E1312&theme=Education,source_reported_unharmonized
e1312_48946dfa77,education,Number of direct teaching woman teachers of general education as of 30 September by province · Lower secondary,Lower secondary,VN_SRC_HAIPHONG,Hai Phong,2020,annual,4318.0,Person,not_specified,E1312,https://www.nso.gov.vn/en/px-web?pxid=E1312&theme=Education,source_reported_unharmonized
e1312_48946dfa77,education,Number of direct teaching woman teachers of general education as of 30 September by province · Lower secondary,Lower secondary,VN_SRC_HAIPHONG,Hai Phong,2021,annual,4326.0,Person,not_specified,E1312,https://www.nso.gov.vn/en/px-web?pxid=E1312&theme=Education,source_reported_unharmonized
e1312_48946dfa77,education,Number of direct teaching woman teachers of general education as of 30 September by province · Lower secondary,Lower secondary,VN_SRC_HAIPHONG,Hai Phong,2023,annual,4407.0,Person,not_specified,E1312,https://www.nso.gov.vn/en/px-web?pxid=E1312&theme=Education,source_reported_unharmonized
e1312_48946dfa77,education,Number of direct teaching woman teachers of general education as of 30 September by province · Lower secondary,Lower secondary,VN_SRC_HUNGYEN,Hung Yen,2004,annual,3407.0,Person,not_specified,E1312,https://www.nso.gov.vn/en/px-web?pxid=E1312&theme=Education,source_reported_unharmonized
e1312_48946dfa77,education,Number of direct teaching woman teachers of general education as of 30 September by province · Lower secondary,Lower secondary,VN_SRC_HUNGYEN,Hung Yen,2005,annual,3461.0,Person,not_specified,E1312,https://www.nso.gov.vn/en/px-web?pxid=E1312&theme=Education,source_reported_unharmonized
e1312_48946dfa77,education,Number of direct teaching woman teachers of general education as of 30 September by province · Lower secondary,Lower secondary,VN_SRC_HUNGYEN,Hung Yen,2006,annual,3372.0,Person,not_specified,E1312,https://www.nso.gov.vn/en/px-web?pxid=E1312&theme=Education,source_reported_unharmonized
e1312_48946dfa77,education,Number of direct teaching woman teachers of general education as of 30 September by province · Lower secondary,Lower secondary,VN_SRC_HUNGYEN,Hung Yen,2007,annual,3449.0,Person,not_specified,E1312,https://www.nso.gov.vn/en/px-web?pxid=E1312&theme=Education,source_reported_unharmonized
e1312_48946dfa77,education,Number of direct teaching woman teachers of general education as of 30 September by province · Lower secondary,Lower secondary,VN_SRC_HUNGYEN,Hung Yen,2008,annual,3095.0,Person,not_specified,E1312,https://www.nso.gov.vn/en/px-web?pxid=E1312&theme=Education,source_reported_unharmonized
e1312_48946dfa77,education,Number of direct teaching woman teachers of general education as of 30 September by province · Lower secondary,Lower secondary,VN_SRC_HUNGYEN,Hung Yen,2009,annual,3275.0,Person,not_specified,E1312,https://www.nso.gov.vn/en/px-web?pxid=E1312&theme=Education,source_reported_unharmonized
e1312_48946dfa77,education,Number of direct teaching woman teachers of general education as of 30 September by province · Lower secondary,Lower secondary,VN_SRC_HUNGYEN,Hung Yen,2010,annual,3341.0,Person,not_specified,E1312,https://www.nso.gov.vn/en/px-web?pxid=E1312&theme=Education,source_reported_unharmonized
e1312_48946dfa77,education,Number of direct teaching woman teachers of general education as of 30 September by province · Lower secondary,Lower secondary,VN_SRC_HUNGYEN,Hung Yen,2011,annual,3351.0,Person,not_specified,E1312,https://www.nso.gov.vn/en/px-web?pxid=E1312&theme=Education,source_reported_unharmonized
e1312_48946dfa77,education,Number of direct teaching woman teachers of general education as of 30 September by province · Lower secondary,Lower secondary,VN_SRC_HUNGYEN,Hung Yen,2012,annual,3463.0,Person,not_specified,E1312,https://www.nso.gov.vn/en/px-web?pxid=E1312&theme=Education,source_reported_unharmonized
e1312_48946dfa77,education,Number of direct teaching woman teachers of general education as of 30 September by province · Lower secondary,Lower secondary,VN_SRC_HUNGYEN,Hung Yen,2013,annual,3386.0,Person,not_specified,E1312,https://www.nso.gov.vn/en/px-web?pxid=E1312&theme=Education,source_reported_unharmonized
e1312_48946dfa77,education,Number of direct teaching woman teachers of general education as of 30 September by province · Lower secondary,Lower secondary,VN_SRC_HUNGYEN,Hung Yen,2014,annual,3391.0,Person,not_specified,E1312,https://www.nso.gov.vn/en/px-web?pxid=E1312&theme=Education,source_reported_unharmonized
e1312_48946dfa77,education,Number of direct teaching woman teachers of general education as of 30 September by province · Lower secondary,Lower secondary,VN_SRC_HUNGYEN,Hung Yen,2015,annual,3465.0,Person,not_specified,E1312,https://www.nso.gov.vn/en/px-web?pxid=E1312&theme=Education,source_reported_unharmonized
e1312_48946dfa77,education,Number of direct teaching woman teachers of general education as of 30 September by province · Lower secondary,Lower secondary,VN_SRC_HUNGYEN,Hung Yen,2016,annual,3447.0,Person,not_specified,E1312,https://www.nso.gov.vn/en/px-web?pxid=E1312&theme=Education,source_reported_unharmonized
e1312_48946dfa77,education,Number of direct teaching woman teachers of general education as of 30 September by province · Lower secondary,Lower secondary,VN_SRC_HUNGYEN,Hung Yen,2017,annual,3330.0,Person,not_specified,E1312,https://www.nso.gov.vn/en/px-web?pxid=E1312&theme=Education,source_reported_unharmonized
e1312_48946dfa77,education,Number of direct teaching woman teachers of general education as of 30 September by province · Lower secondary,Lower secondary,VN_SRC_HUNGYEN,Hung Yen,2019,annual,2872.0,Person,not_specified,E1312,https://www.nso.gov.vn/en/px-web?pxid=E1312&theme=Education,source_reported_unharmonized
e1312_48946dfa77,education,Number of direct teaching woman teachers of general education as of 30 September by province · Lower secondary,Lower secondary,VN_SRC_HUNGYEN,Hung Yen,2020,annual,2887.0,Person,not_specified,E1312,https://www.nso.gov.vn/en/px-web?pxid=E1312&theme=Education,source_reported_unharmonized
e1312_48946dfa77,education,Number of direct teaching woman teachers of general education as of 30 September by province · Lower secondary,Lower secondary,VN_SRC_HUNGYEN,Hung Yen,2021,annual,2889.0,Person,not_specified,E1312,https://www.nso.gov.vn/en/px-web?pxid=E1312&theme=Education,source_reported_unharmonized
e1312_48946dfa77,education,Number of direct teaching woman teachers of general education as of 30 September by province · Lower secondary,Lower secondary,VN_SRC_HUNGYEN,Hung Yen,2023,annual,2978.0,Person,not_specified,E1312,https://www.nso.gov.vn/en/px-web?pxid=E1312&theme=Education,source_reported_unharmonized
e1312_48946dfa77,education,Number of direct teaching woman teachers of general education as of 30 September by province · Lower secondary,Lower secondary,VN_SRC_THAIBINH,Thai Binh,2004,annual,5477.0,Person,not_specified,E1312,https://www.nso.gov.vn/en/px-web?pxid=E1312&theme=Education,source_reported_unharmonized
e1312_48946dfa77,education,Number of direct teaching woman teachers of general education as of 30 September by province · Lower secondary,Lower secondary,VN_SRC_THAIBINH,Thai Binh,2005,annual,5866.0,Person,not_specified,E1312,https://www.nso.gov.vn/en/px-web?pxid=E1312&theme=Education,source_reported_unharmonized
e1312_48946dfa77,education,Number of direct teaching woman teachers of general education as of 30 September by province · Lower secondary,Lower secondary,VN_SRC_THAIBINH,Thai Binh,2006,annual,5403.0,Person,not_specified,E1312,https://www.nso.gov.vn/en/px-web?pxid=E1312&theme=Education,source_reported_unharmonized
e1312_48946dfa77,education,Number of direct teaching woman teachers of general education as of 30 September by province · Lower secondary,Lower secondary,VN_SRC_THAIBINH,Thai Binh,2007,annual,5135.0,Person,not_specified,E1312,https://www.nso.gov.vn/en/px-web?pxid=E1312&theme=Education,source_reported_unharmonized
e1312_48946dfa77,education,Number of direct teaching woman teachers of general education as of 30 September by province · Lower secondary,Lower secondary,VN_SRC_THAIBINH,Thai Binh,2008,annual,5085.0,Person,not_specified,E1312,https://www.nso.gov.vn/en/px-web?pxid=E1312&theme=Education,source_reported_unharmonized
e1312_48946dfa77,education,Number of direct teaching woman teachers of general education as of 30 September by province · Lower secondary,Lower secondary,VN_SRC_THAIBINH,Thai Binh,2009,annual,5286.0,Person,not_specified,E1312,https://www.nso.gov.vn/en/px-web?pxid=E1312&theme=Education,source_reported_unharmonized
e1312_48946dfa77,education,Number of direct teaching woman teachers of general education as of 30 September by province · Lower secondary,Lower secondary,VN_SRC_THAIBINH,Thai Binh,2010,annual,5286.0,Person,not_specified,E1312,https://www.nso.gov.vn/en/px-web?pxid=E1312&theme=Education,source_reported_unharmonized
e1312_48946dfa77,education,Number of direct teaching woman teachers of general education as of 30 September by province · Lower secondary,Lower secondary,VN_SRC_THAIBINH,Thai Binh,2011,annual,5509.0,Person,not_specified,E1312,https://www.nso.gov.vn/en/px-web?pxid=E1312&theme=Education,source_reported_unharmonized
e1312_48946dfa77,education,Number of direct teaching woman teachers of general education as of 30 September by province · Lower secondary,Lower secondary,VN_SRC_THAIBINH,Thai Binh,2012,annual,5286.0,Person,not_specified,E1312,https://www.nso.gov.vn/en/px-web?pxid=E1312&theme=Education,source_reported_unharmonized
e1312_48946dfa77,education,Number of direct teaching woman teachers of general education as of 30 September by province · Lower secondary,Lower secondary,VN_SRC_THAIBINH,Thai Binh,2013,annual,5556.0,Person,not_specified,E1312,https://www.nso.gov.vn/en/px-web?pxid=E1312&theme=Education,source_reported_unharmonized
e1312_48946dfa77,education,Number of direct teaching woman teachers of general education as of 30 September by province · Lower secondary,Lower secondary,VN_SRC_THAIBINH,Thai Binh,2014,annual,5421.0,Person,not_specified,E1312,https://www.nso.gov.vn/en/px-web?pxid=E1312&theme=Education,source_reported_unharmonized
e1312_48946dfa77,education,Number of direct teaching woman teachers of general education as of 30 September by province · Lower secondary,Lower secondary,VN_SRC_THAIBINH,Thai Binh,2015,annual,5326.0,Person,not_specified,E1312,https://www.nso.gov.vn/en/px-web?pxid=E1312&theme=Education,source_reported_unharmonized
e1312_48946dfa77,education,Number of direct teaching woman teachers of general education as of 30 September by province · Lower secondary,Lower secondary,VN_SRC_THAIBINH,Thai Binh,2016,annual,5095.0,Person,not_specified,E1312,https://www.nso.gov.vn/en/px-web?pxid=E1312&theme=Education,source_reported_unharmonized
e1312_48946dfa77,education,Number of direct teaching woman teachers of general education as of 30 September by province · Lower secondary,Lower secondary,VN_SRC_THAIBINH,Thai Binh,2017,annual,4924.0,Person,not_specified,E1312,https://www.nso.gov.vn/en/px-web?pxid=E1312&theme=Education,source_reported_unharmonized
e1312_48946dfa77,education,Number of direct teaching woman teachers of general education as of 30 September by province · Lower secondary,Lower secondary,VN_SRC_THAIBINH,Thai Binh,2019,annual,4443.0,Person,not_specified,E1312,https://www.nso.gov.vn/en/px-web?pxid=E1312&theme=Education,source_reported_unharmonized
e1312_48946dfa77,education,Number of direct teaching woman teachers of general education as of 30 September by province · Lower secondary,Lower secondary,VN_SRC_THAIBINH,Thai Binh,2020,annual,4343.0,Person,not_specified,E1312,https://www.nso.gov.vn/en/px-web?pxid=E1312&theme=Education,source_reported_unharmonized
e1312_48946dfa77,education,Number of direct teaching woman teachers of general education as of 30 September by province · Lower secondary,Lower secondary,VN_SRC_THAIBINH,Thai Binh,2021,annual,4320.0,Person,not_specified,E1312,https://www.nso.gov.vn/en/px-web?pxid=E1312&theme=Education,source_reported_unharmonized
e1312_48946dfa77,education,Number of direct teaching woman teachers of general education as of 30 September by province · Lower secondary,Lower secondary,VN_SRC_THAIBINH,Thai Binh,2023,annual,4312.0,Person,not_specified,E1312,https://www.nso.gov.vn/en/px-web?pxid=E1312&theme=Education,source_reported_unharmonized
e1312_48946dfa77,education,Number of direct teaching woman teachers of general education as of 30 September by province · Lower secondary,Lower secondary,VN_SRC_HANAM,Ha Nam,2004,annual,2401.0,Person,not_specified,E1312,https://www.nso.gov.vn/en/px-web?pxid=E1312&theme=Education,source_reported_unharmonized
e1312_48946dfa77,education,Number of direct teaching woman teachers of general education as of 30 September by province · Lower secondary,Lower secondary,VN_SRC_HANAM,Ha Nam,2005,annual,2367.0,Person,not_specified,E1312,https://www.nso.gov.vn/en/px-web?pxid=E1312&theme=Education,source_reported_unharmonized
e1312_48946dfa77,education,Number of direct teaching woman teachers of general education as of 30 September by province · Lower secondary,Lower secondary,VN_SRC_HANAM,Ha Nam,2006,annual,2370.0,Person,not_specified,E1312,https://www.nso.gov.vn/en/px-web?pxid=E1312&theme=Education,source_reported_unharmonized
e1312_48946dfa77,education,Number of direct teaching woman teachers of general education as of 30 September by province · Lower secondary,Lower secondary,VN_SRC_HANAM,Ha Nam,2007,annual,2400.0,Person,not_specified,E1312,https://www.nso.gov.vn/en/px-web?pxid=E1312&theme=Education,source_reported_unharmonized
e1312_48946dfa77,education,Number of direct teaching woman teachers of general education as of 30 September by province · Lower secondary,Lower secondary,VN_SRC_HANAM,Ha Nam,2008,annual,2325.0,Person,not_specified,E1312,https://www.nso.gov.vn/en/px-web?pxid=E1312&theme=Education,source_reported_unharmonized
e1312_48946dfa77,education,Number of direct teaching woman teachers of general education as of 30 September by province · Lower secondary,Lower secondary,VN_SRC_HANAM,Ha Nam,2009,annual,2482.0,Person,not_specified,E1312,https://www.nso.gov.vn/en/px-web?pxid=E1312&theme=Education,source_reported_unharmonized
e1312_48946dfa77,education,Number of direct teaching woman teachers of general education as of 30 September by province · Lower secondary,Lower secondary,VN_SRC_HANAM,Ha Nam,2010,annual,2365.0,Person,not_specified,E1312,https://www.nso.gov.vn/en/px-web?pxid=E1312&theme=Education,source_reported_unharmonized
e1312_48946dfa77,education,Number of direct teaching woman teachers of general education as of 30 September by province · Lower secondary,Lower secondary,VN_SRC_HANAM,Ha Nam,2011,annual,2295.0,Person,not_specified,E1312,https://www.nso.gov.vn/en/px-web?pxid=E1312&theme=Education,source_reported_unharmonized
e1312_48946dfa77,education,Number of direct teaching woman teachers of general education as of 30 September by province · Lower secondary,Lower secondary,VN_SRC_HANAM,Ha Nam,2012,annual,2175.0,Person,not_specified,E1312,https://www.nso.gov.vn/en/px-web?pxid=E1312&theme=Education,source_reported_unharmonized
e1312_48946dfa77,education,Number of direct teaching woman teachers of general education as of 30 September by province · Lower secondary,Lower secondary,VN_SRC_HANAM,Ha Nam,2013,annual,2218.0,Person,not_specified,E1312,https://www.nso.gov.vn/en/px-web?pxid=E1312&theme=Education,source_reported_unharmonized
e1312_48946dfa77,education,Number of direct teaching woman teachers of general education as of 30 September by province · Lower secondary,Lower secondary,VN_SRC_HANAM,Ha Nam,2014,annual,2206.0,Person,not_specified,E1312,https://www.nso.gov.vn/en/px-web?pxid=E1312&theme=Education,source_reported_unharmonized
e1312_48946dfa77,education,Number of direct teaching woman teachers of general education as of 30 September by province · Lower secondary,Lower secondary,VN_SRC_HANAM,Ha Nam,2015,annual,2134.0,Person,not_specified,E1312,https://www.nso.gov.vn/en/px-web?pxid=E1312&theme=Education,source_reported_unharmonized
e1312_48946dfa77,education,Number of direct teaching woman teachers of general education as of 30 September by province · Lower secondary,Lower secondary,VN_SRC_HANAM,Ha Nam,2016,annual,2129.0,Person,not_specified,E1312,https://www.nso.gov.vn/en/px-web?pxid=E1312&theme=Education,source_reported_unharmonized
e1312_48946dfa77,education,Number of direct teaching woman teachers of general education as of 30 September by province · Lower secondary,Lower secondary,VN_SRC_HANAM,Ha Nam,2017,annual,1710.0,Person,not_specified,E1312,https://www.nso.gov.vn/en/px-web?pxid=E1312&theme=Education,source_reported_unharmonized
e1312_48946dfa77,education,Number of direct teaching woman teachers of general education as of 30 September by province · Lower secondary,Lower secondary,VN_SRC_HANAM,Ha Nam,2019,annual,1804.0,Person,not_specified,E1312,https://www.nso.gov.vn/en/px-web?pxid=E1312&theme=Education,source_reported_unharmonized
e1312_48946dfa77,education,Number of direct teaching woman teachers of general education as of 30 September by province · Lower secondary,Lower secondary,VN_SRC_HANAM,Ha Nam,2020,annual,1867.0,Person,not_specified,E1312,https://www.nso.gov.vn/en/px-web?pxid=E1312&theme=Education,source_reported_unharmonized
e1312_48946dfa77,education,Number of direct teaching woman teachers of general education as of 30 September by province · Lower secondary,Lower secondary,VN_SRC_HANAM,Ha Nam,2021,annual,1863.0,Person,not_specified,E1312,https://www.nso.gov.vn/en/px-web?pxid=E1312&theme=Education,source_reported_unharmonized
e1312_48946dfa77,education,Number of direct teaching woman teachers of general education as of 30 September by province · Lower secondary,Lower secondary,VN_SRC_HANAM,Ha Nam,2023,annual,1876.0,Person,not_specified,E1312,https://www.nso.gov.vn/en/px-web?pxid=E1312&theme=Education,source_reported_unharmonized
e1312_48946dfa77,education,Number of direct teaching woman teachers of general education as of 30 September by province · Lower secondary,Lower secondary,VN_SRC_NAMDINH,Nam Dinh,2004,annual,5292.0,Person,not_specified,E1312,https://www.nso.gov.vn/en/px-web?pxid=E1312&theme=Education,source_reported_unharmonized
e1312_48946dfa77,education,Number of direct teaching woman teachers of general education as of 30 September by province · Lower secondary,Lower secondary,VN_SRC_NAMDINH,Nam Dinh,2005,annual,5304.0,Person,not_specified,E1312,https://www.nso.gov.vn/en/px-web?pxid=E1312&theme=Education,source_reported_unharmonized
e1312_48946dfa77,education,Number of direct teaching woman teachers of general education as of 30 September by province · Lower secondary,Lower secondary,VN_SRC_NAMDINH,Nam Dinh,2006,annual,5114.0,Person,not_specified,E1312,https://www.nso.gov.vn/en/px-web?pxid=E1312&theme=Education,source_reported_unharmonized
e1312_48946dfa77,education,Number of direct teaching woman teachers of general education as of 30 September by province · Lower secondary,Lower secondary,VN_SRC_NAMDINH,Nam Dinh,2007,annual,5157.0,Person,not_specified,E1312,https://www.nso.gov.vn/en/px-web?pxid=E1312&theme=Education,source_reported_unharmonized
e1312_48946dfa77,education,Number of direct teaching woman teachers of general education as of 30 September by province · Lower secondary,Lower secondary,VN_SRC_NAMDINH,Nam Dinh,2008,annual,5097.0,Person,not_specified,E1312,https://www.nso.gov.vn/en/px-web?pxid=E1312&theme=Education,source_reported_unharmonized
e1312_48946dfa77,education,Number of direct teaching woman teachers of general education as of 30 September by province · Lower secondary,Lower secondary,VN_SRC_NAMDINH,Nam Dinh,2009,annual,5493.0,Person,not_specified,E1312,https://www.nso.gov.vn/en/px-web?pxid=E1312&theme=Education,source_reported_unharmonized
e1312_48946dfa77,education,Number of direct teaching woman teachers of general education as of 30 September by province · Lower secondary,Lower secondary,VN_SRC_NAMDINH,Nam Dinh,2010,annual,5039.0,Person,not_specified,E1312,https://www.nso.gov.vn/en/px-web?pxid=E1312&theme=Education,source_reported_unharmonized
e1312_48946dfa77,education,Number of direct teaching woman teachers of general education as of 30 September by province · Lower secondary,Lower secondary,VN_SRC_NAMDINH,Nam Dinh,2011,annual,5032.0,Person,not_specified,E1312,https://www.nso.gov.vn/en/px-web?pxid=E1312&theme=Education,source_reported_unharmonized
e1312_48946dfa77,education,Number of direct teaching woman teachers of general education as of 30 September by province · Lower secondary,Lower secondary,VN_SRC_NAMDINH,Nam Dinh,2012,annual,5078.0,Person,not_specified,E1312,https://www.nso.gov.vn/en/px-web?pxid=E1312&theme=Education,source_reported_unharmonized
e1312_48946dfa77,education,Number of direct teaching woman teachers of general education as of 30 September by province · Lower secondary,Lower secondary,VN_SRC_NAMDINH,Nam Dinh,2013,annual,4937.0,Person,not_specified,E1312,https://www.nso.gov.vn/en/px-web?pxid=E1312&theme=Education,source_reported_unharmonized
e1312_48946dfa77,education,Number of direct teaching woman teachers of general education as of 30 September by province · Lower secondary,Lower secondary,VN_SRC_NAMDINH,Nam Dinh,2014,annual,4879.0,Person,not_specified,E1312,https://www.nso.gov.vn/en/px-web?pxid=E1312&theme=Education,source_reported_unharmonized
e1312_48946dfa77,education,Number of direct teaching woman teachers of general education as of 30 September by province · Lower secondary,Lower secondary,VN_SRC_NAMDINH,Nam Dinh,2015,annual,4696.0,Person,not_specified,E1312,https://www.nso.gov.vn/en/px-web?pxid=E1312&theme=Education,source_reported_unharmonized
e1312_48946dfa77,education,Number of direct teaching woman teachers of general education as of 30 September by province · Lower secondary,Lower secondary,VN_SRC_NAMDINH,Nam Dinh,2016,annual,4666.0,Person,not_specified,E1312,https://www.nso.gov.vn/en/px-web?pxid=E1312&theme=Education,source_reported_unharmonized
e1312_48946dfa77,education,Number of direct teaching woman teachers of general education as of 30 September by province · Lower secondary,Lower secondary,VN_SRC_NAMDINH,Nam Dinh,2017,annual,4635.0,Person,not_specified,E1312,https://www.nso.gov.vn/en/px-web?pxid=E1312&theme=Education,source_reported_unharmonized
e1312_48946dfa77,education,Number of direct teaching woman teachers of general education as of 30 September by province · Lower secondary,Lower secondary,VN_SRC_NAMDINH,Nam Dinh,2019,annual,4322.0,Person,not_specified,E1312,https://www.nso.gov.vn/en/px-web?pxid=E1312&theme=Education,source_reported_unharmonized
e1312_48946dfa77,education,Number of direct teaching woman teachers of general education as of 30 September by province · Lower secondary,Lower secondary,VN_SRC_NAMDINH,Nam Dinh,2020,annual,4266.0,Person,not_specified,E1312,https://www.nso.gov.vn/en/px-web?pxid=E1312&theme=Education,source_reported_unharmonized
e1312_48946dfa77,education,Number of direct teaching woman teachers of general education as of 30 September by province · Lower secondary,Lower secondary,VN_SRC_NAMDINH,Nam Dinh,2021,annual,4229.0,Person,not_specified,E1312,https://www.nso.gov.vn/en/px-web?pxid=E1312&theme=Education,source_reported_unharmonized
e1312_48946dfa77,education,Number of direct teaching woman teachers of general education as of 30 September by province · Lower secondary,Lower secondary,VN_SRC_NAMDINH,Nam Dinh,2023,annual,4158.0,Person,not_specified,E1312,https://www.nso.gov.vn/en/px-web?pxid=E1312&theme=Education,source_reported_unharmonized
e1312_48946dfa77,education,Number of direct teaching woman teachers of general education as of 30 September by province · Lower secondary,Lower secondary,VN_SRC_NINHBINH,Ninh Binh,2004,annual,2920.0,Person,not_specified,E1312,https://www.nso.gov.vn/en/px-web?pxid=E1312&theme=Education,source_reported_unharmonized
e1312_48946dfa77,education,Number of direct teaching woman teachers of general education as of 30 September by province · Lower secondary,Lower secondary,VN_SRC_NINHBINH,Ninh Binh,2005,annual,3062.0,Person,not_specified,E1312,https://www.nso.gov.vn/en/px-web?pxid=E1312&theme=Education,source_reported_unharmonized
e1312_48946dfa77,education,Number of direct teaching woman teachers of general education as of 30 September by province · Lower secondary,Lower secondary,VN_SRC_NINHBINH,Ninh Binh,2006,annual,2867.0,Person,not_specified,E1312,https://www.nso.gov.vn/en/px-web?pxid=E1312&theme=Education,source_reported_unharmonized
e1312_48946dfa77,education,Number of direct teaching woman teachers of general education as of 30 September by province · Lower secondary,Lower secondary,VN_SRC_NINHBINH,Ninh Binh,2007,annual,2696.0,Person,not_specified,E1312,https://www.nso.gov.vn/en/px-web?pxid=E1312&theme=Education,source_reported_unharmonized
e1312_48946dfa77,education,Number of direct teaching woman teachers of general education as of 30 September by province · Lower secondary,Lower secondary,VN_SRC_NINHBINH,Ninh Binh,2008,annual,2292.0,Person,not_specified,E1312,https://www.nso.gov.vn/en/px-web?pxid=E1312&theme=Education,source_reported_unharmonized
e1312_48946dfa77,education,Number of direct teaching woman teachers of general education as of 30 September by province · Lower secondary,Lower secondary,VN_SRC_NINHBINH,Ninh Binh,2009,annual,2667.0,Person,not_specified,E1312,https://www.nso.gov.vn/en/px-web?pxid=E1312&theme=Education,source_reported_unharmonized
e1312_48946dfa77,education,Number of direct teaching woman teachers of general education as of 30 September by province · Lower secondary,Lower secondary,VN_SRC_NINHBINH,Ninh Binh,2010,annual,2624.0,Person,not_specified,E1312,https://www.nso.gov.vn/en/px-web?pxid=E1312&theme=Education,source_reported_unharmonized
e1312_48946dfa77,education,Number of direct teaching woman teachers of general education as of 30 September by province · Lower secondary,Lower secondary,VN_SRC_NINHBINH,Ninh Binh,2011,annual,2450.0,Person,not_specified,E1312,https://www.nso.gov.vn/en/px-web?pxid=E1312&theme=Education,source_reported_unharmonized
e1312_48946dfa77,education,Number of direct teaching woman teachers of general education as of 30 September by province · Lower secondary,Lower secondary,VN_SRC_NINHBINH,Ninh Binh,2012,annual,2570.0,Person,not_specified,E1312,https://www.nso.gov.vn/en/px-web?pxid=E1312&theme=Education,source_reported_unharmonized
e1312_48946dfa77,education,Number of direct teaching woman teachers of general education as of 30 September by province · Lower secondary,Lower secondary,VN_SRC_NINHBINH,Ninh Binh,2013,annual,2457.0,Person,not_specified,E1312,https://www.nso.gov.vn/en/px-web?pxid=E1312&theme=Education,source_reported_unharmonized
e1312_48946dfa77,education,Number of direct teaching woman teachers of general education as of 30 September by province · Lower secondary,Lower secondary,VN_SRC_NINHBINH,Ninh Binh,2014,annual,2625.0,Person,not_specified,E1312,https://www.nso.gov.vn/en/px-web?pxid=E1312&theme=Education,source_reported_unharmonized
e1312_48946dfa77,education,Number of direct teaching woman teachers of general education as of 30 September by province · Lower secondary,Lower secondary,VN_SRC_NINHBINH,Ninh Binh,2015,annual,2614.0,Person,not_specified,E1312,https://www.nso.gov.vn/en/px-web?pxid=E1312&theme=Education,source_reported_unharmonized
e1312_48946dfa77,education,Number of direct teaching woman teachers of general education as of 30 September by province · Lower secondary,Lower secondary,VN_SRC_NINHBINH,Ninh Binh,2016,annual,2612.0,Person,not_specified,E1312,https://www.nso.gov.vn/en/px-web?pxid=E1312&theme=Education,source_reported_unharmonized
e1312_48946dfa77,education,Number of direct teaching woman teachers of general education as of 30 September by province · Lower secondary,Lower secondary,VN_SRC_NINHBINH,Ninh Binh,2017,annual,2545.0,Person,not_specified,E1312,https://www.nso.gov.vn/en/px-web?pxid=E1312&theme=Education,source_reported_unharmonized
e1312_48946dfa77,education,Number of direct teaching woman teachers of general education as of 30 September by province · Lower secondary,Lower secondary,VN_SRC_NINHBINH,Ninh Binh,2019,annual,2484.0,Person,not_specified,E1312,https://www.nso.gov.vn/en/px-web?pxid=E1312&theme=Education,source_reported_unharmonized
e1312_48946dfa77,education,Number of direct teaching woman teachers of general education as of 30 September by province · Lower secondary,Lower secondary,VN_SRC_NINHBINH,Ninh Binh,2020,annual,2493.0,Person,not_specified,E1312,https://www.nso.gov.vn/en/px-web?pxid=E1312&theme=Education,source_reported_unharmonized
e1312_48946dfa77,education,Number of direct teaching woman teachers of general education as of 30 September by province · Lower secondary,Lower secondary,VN_SRC_NINHBINH,Ninh Binh,2021,annual,2337.0,Person,not_specified,E1312,https://www.nso.gov.vn/en/px-web?pxid=E1312&theme=Education,source_reported_unharmonized
e1312_48946dfa77,education,Number of direct teaching woman teachers of general education as of 30 September by province · Lower secondary,Lower secondary,VN_SRC_NINHBINH,Ninh Binh,2023,annual,2382.0,Person,not_specified,E1312,https://www.nso.gov.vn/en/px-web?pxid=E1312&theme=Education,source_reported_unharmonized
e1312_48946dfa77,education,Number of direct teaching woman teachers of general education as of 30 September by province · Lower secondary,Lower secondary,VN_SRC_HAGIANG,Ha Giang,2004,annual,1506.0,Person,not_specified,E1312,https://www.nso.gov.vn/en/px-web?pxid=E1312&theme=Education,source_reported_unharmonized
e1312_48946dfa77,education,Number of direct teaching woman teachers of general education as of 30 September by province · Lower secondary,Lower secondary,VN_SRC_HAGIANG,Ha Giang,2005,annual,1746.0,Person,not_specified,E1312,https://www.nso.gov.vn/en/px-web?pxid=E1312&theme=Education,source_reported_unharmonized
e1312_48946dfa77,education,Number of direct teaching woman teachers of general education as of 30 September by province · Lower secondary,Lower secondary,VN_SRC_HAGIANG,Ha Giang,2006,annual,1915.0,Person,not_specified,E1312,https://www.nso.gov.vn/en/px-web?pxid=E1312&theme=Education,source_reported_unharmonized
e1312_48946dfa77,education,Number of direct teaching woman teachers of general education as of 30 September by province · Lower secondary,Lower secondary,VN_SRC_HAGIANG,Ha Giang,2007,annual,2171.0,Person,not_specified,E1312,https://www.nso.gov.vn/en/px-web?pxid=E1312&theme=Education,source_reported_unharmonized
e1312_48946dfa77,education,Number of direct teaching woman teachers of general education as of 30 September by province · Lower secondary,Lower secondary,VN_SRC_HAGIANG,Ha Giang,2008,annual,2122.0,Person,not_specified,E1312,https://www.nso.gov.vn/en/px-web?pxid=E1312&theme=Education,source_reported_unharmonized
e1312_48946dfa77,education,Number of direct teaching woman teachers of general education as of 30 September by province · Lower secondary,Lower secondary,VN_SRC_HAGIANG,Ha Giang,2009,annual,2342.0,Person,not_specified,E1312,https://www.nso.gov.vn/en/px-web?pxid=E1312&theme=Education,source_reported_unharmonized
e1312_48946dfa77,education,Number of direct teaching woman teachers of general education as of 30 September by province · Lower secondary,Lower secondary,VN_SRC_HAGIANG,Ha Giang,2010,annual,2375.0,Person,not_specified,E1312,https://www.nso.gov.vn/en/px-web?pxid=E1312&theme=Education,source_reported_unharmonized
e1312_48946dfa77,education,Number of direct teaching woman teachers of general education as of 30 September by province · Lower secondary,Lower secondary,VN_SRC_HAGIANG,Ha Giang,2011,annual,2223.0,Person,not_specified,E1312,https://www.nso.gov.vn/en/px-web?pxid=E1312&theme=Education,source_reported_unharmonized
e1312_48946dfa77,education,Number of direct teaching woman teachers of general education as of 30 September by province · Lower secondary,Lower secondary,VN_SRC_HAGIANG,Ha Giang,2012,annual,2431.0,Person,not_specified,E1312,https://www.nso.gov.vn/en/px-web?pxid=E1312&theme=Education,source_reported_unharmonized
e1312_48946dfa77,education,Number of direct teaching woman teachers of general education as of 30 September by province · Lower secondary,Lower secondary,VN_SRC_HAGIANG,Ha Giang,2013,annual,2450.0,Person,not_specified,E1312,https://www.nso.gov.vn/en/px-web?pxid=E1312&theme=Education,source_reported_unharmonized
e1312_48946dfa77,education,Number of direct teaching woman teachers of general education as of 30 September by province · Lower secondary,Lower secondary,VN_SRC_HAGIANG,Ha Giang,2014,annual,2386.0,Person,not_specified,E1312,https://www.nso.gov.vn/en/px-web?pxid=E1312&theme=Education,source_reported_unharmonized
e1312_48946dfa77,education,Number of direct teaching woman teachers of general education as of 30 September by province · Lower secondary,Lower secondary,VN_SRC_HAGIANG,Ha Giang,2015,annual,2411.0,Person,not_specified,E1312,https://www.nso.gov.vn/en/px-web?pxid=E1312&theme=Education,source_reported_unharmonized
e1312_48946dfa77,education,Number of direct teaching woman teachers of general education as of 30 September by province · Lower secondary,Lower secondary,VN_SRC_HAGIANG,Ha Giang,2016,annual,2389.0,Person,not_specified,E1312,https://www.nso.gov.vn/en/px-web?pxid=E1312&theme=Education,source_reported_unharmonized
e1312_48946dfa77,education,Number of direct teaching woman teachers of general education as of 30 September by province · Lower secondary,Lower secondary,VN_SRC_HAGIANG,Ha Giang,2017,annual,2374.0,Person,not_specified,E1312,https://www.nso.gov.vn/en/px-web?pxid=E1312&theme=Education,source_reported_unharmonized
e1312_48946dfa77,education,Number of direct teaching woman teachers of general education as of 30 September by province · Lower secondary,Lower secondary,VN_SRC_HAGIANG,Ha Giang,2019,annual,2215.0,Person,not_specified,E1312,https://www.nso.gov.vn/en/px-web?pxid=E1312&theme=Education,source_reported_unharmonized
e1312_48946dfa77,education,Number of direct teaching woman teachers of general education as of 30 September by province · Lower secondary,Lower secondary,VN_SRC_HAGIANG,Ha Giang,2020,annual,2194.0,Person,not_specified,E1312,https://www.nso.gov.vn/en/px-web?pxid=E1312&theme=Education,source_reported_unharmonized
e1312_48946dfa77,education,Number of direct teaching woman teachers of general education as of 30 September by province · Lower secondary,Lower secondary,VN_SRC_HAGIANG,Ha Giang,2021,annual,2150.0,Person,not_specified,E1312,https://www.nso.gov.vn/en/px-web?pxid=E1312&theme=Education,source_reported_unharmonized
e1312_48946dfa77,education,Number of direct teaching woman teachers of general education as of 30 September by province · Lower secondary,Lower secondary,VN_SRC_HAGIANG,Ha Giang,2023,annual,2116.0,Person,not_specified,E1312,https://www.nso.gov.vn/en/px-web?pxid=E1312&theme=Education,source_reported_unharmonized
e1312_48946dfa77,education,Number of direct teaching woman teachers of general education as of 30 September by province · Lower secondary,Lower secondary,VN_SRC_CAOBANG,Cao Bang,2004,annual,1629.0,Person,not_specified,E1312,https://www.nso.gov.vn/en/px-web?pxid=E1312&theme=Education,source_reported_unharmonized
e1312_48946dfa77,education,Number of direct teaching woman teachers of general education as of 30 September by province · Lower secondary,Lower secondary,VN_SRC_CAOBANG,Cao Bang,2005,annual,1729.0,Person,not_specified,E1312,https://www.nso.gov.vn/en/px-web?pxid=E1312&theme=Education,source_reported_unharmonized
e1312_48946dfa77,education,Number of direct teaching woman teachers of general education as of 30 September by province · Lower secondary,Lower secondary,VN_SRC_CAOBANG,Cao Bang,2006,annual,1886.0,Person,not_specified,E1312,https://www.nso.gov.vn/en/px-web?pxid=E1312&theme=Education,source_reported_unharmonized
e1312_48946dfa77,education,Number of direct teaching woman teachers of general education as of 30 September by province · Lower secondary,Lower secondary,VN_SRC_CAOBANG,Cao Bang,2007,annual,1938.0,Person,not_specified,E1312,https://www.nso.gov.vn/en/px-web?pxid=E1312&theme=Education,source_reported_unharmonized
e1312_48946dfa77,education,Number of direct teaching woman teachers of general education as of 30 September by province · Lower secondary,Lower secondary,VN_SRC_CAOBANG,Cao Bang,2008,annual,1909.0,Person,not_specified,E1312,https://www.nso.gov.vn/en/px-web?pxid=E1312&theme=Education,source_reported_unharmonized
e1312_48946dfa77,education,Number of direct teaching woman teachers of general education as of 30 September by province · Lower secondary,Lower secondary,VN_SRC_CAOBANG,Cao Bang,2009,annual,2079.0,Person,not_specified,E1312,https://www.nso.gov.vn/en/px-web?pxid=E1312&theme=Education,source_reported_unharmonized
e1312_48946dfa77,education,Number of direct teaching woman teachers of general education as of 30 September by province · Lower secondary,Lower secondary,VN_SRC_CAOBANG,Cao Bang,2010,annual,2095.0,Person,not_specified,E1312,https://www.nso.gov.vn/en/px-web?pxid=E1312&theme=Education,source_reported_unharmonized
e1312_48946dfa77,education,Number of direct teaching woman teachers of general education as of 30 September by province · Lower secondary,Lower secondary,VN_SRC_CAOBANG,Cao Bang,2011,annual,1898.0,Person,not_specified,E1312,https://www.nso.gov.vn/en/px-web?pxid=E1312&theme=Education,source_reported_unharmonized
e1312_48946dfa77,education,Number of direct teaching woman teachers of general education as of 30 September by province · Lower secondary,Lower secondary,VN_SRC_CAOBANG,Cao Bang,2012,annual,1959.0,Person,not_specified,E1312,https://www.nso.gov.vn/en/px-web?pxid=E1312&theme=Education,source_reported_unharmonized
e1312_48946dfa77,education,Number of direct teaching woman teachers of general education as of 30 September by province · Lower secondary,Lower secondary,VN_SRC_CAOBANG,Cao Bang,2013,annual,1926.0,Person,not_specified,E1312,https://www.nso.gov.vn/en/px-web?pxid=E1312&theme=Education,source_reported_unharmonized
e1312_48946dfa77,education,Number of direct teaching woman teachers of general education as of 30 September by province · Lower secondary,Lower secondary,VN_SRC_CAOBANG,Cao Bang,2014,annual,1917.0,Person,not_specified,E1312,https://www.nso.gov.vn/en/px-web?pxid=E1312&theme=Education,source_reported_unharmonized
e1312_48946dfa77,education,Number of direct teaching woman teachers of general education as of 30 September by province · Lower secondary,Lower secondary,VN_SRC_CAOBANG,Cao Bang,2015,annual,1893.0,Person,not_specified,E1312,https://www.nso.gov.vn/en/px-web?pxid=E1312&theme=Education,source_reported_unharmonized
e1312_48946dfa77,education,Number of direct teaching woman teachers of general education as of 30 September by province · Lower secondary,Lower secondary,VN_SRC_CAOBANG,Cao Bang,2016,annual,1896.0,Person,not_specified,E1312,https://www.nso.gov.vn/en/px-web?pxid=E1312&theme=Education,source_reported_unharmonized
e1312_48946dfa77,education,Number of direct teaching woman teachers of general education as of 30 September by province · Lower secondary,Lower secondary,VN_SRC_CAOBANG,Cao Bang,2017,annual,1826.0,Person,not_specified,E1312,https://www.nso.gov.vn/en/px-web?pxid=E1312&theme=Education,source_reported_unharmonized
e1312_48946dfa77,education,Number of direct teaching woman teachers of general education as of 30 September by province · Lower secondary,Lower secondary,VN_SRC_CAOBANG,Cao Bang,2019,annual,1640.0,Person,not_specified,E1312,https://www.nso.gov.vn/en/px-web?pxid=E1312&theme=Education,source_reported_unharmonized
e1312_48946dfa77,education,Number of direct teaching woman teachers of general education as of 30 September by province · Lower secondary,Lower secondary,VN_SRC_CAOBANG,Cao Bang,2020,annual,1598.0,Person,not_specified,E1312,https://www.nso.gov.vn/en/px-web?pxid=E1312&theme=Education,source_reported_unharmonized
e1312_48946dfa77,education,Number of direct teaching woman teachers of general education as of 30 September by province · Lower secondary,Lower secondary,VN_SRC_CAOBANG,Cao Bang,2021,annual,1545.0,Person,not_specified,E1312,https://www.nso.gov.vn/en/px-web?pxid=E1312&theme=Education,source_reported_unharmonized
e1312_48946dfa77,education,Number of direct teaching woman teachers of general education as of 30 September by province · Lower secondary,Lower secondary,VN_SRC_CAOBANG,Cao Bang,2023,annual,1593.0,Person,not_specified,E1312,https://www.nso.gov.vn/en/px-web?pxid=E1312&theme=Education,source_reported_unharmonized
e1312_48946dfa77,education,Number of direct teaching woman teachers of general education as of 30 September by province · Lower secondary,Lower secondary,VN_SRC_BACKAN,Bac Kan,2004,annual,1063.0,Person,not_specified,E1312,https://www.nso.gov.vn/en/px-web?pxid=E1312&theme=Education,source_reported_unharmonized
e1312_48946dfa77,education,Number of direct teaching woman teachers of general education as of 30 September by province · Lower secondary,Lower secondary,VN_SRC_BACKAN,Bac Kan,2005,annual,1062.0,Person,not_specified,E1312,https://www.nso.gov.vn/en/px-web?pxid=E1312&theme=Education,source_reported_unharmonized
e1312_48946dfa77,education,Number of direct teaching woman teachers of general education as of 30 September by province · Lower secondary,Lower secondary,VN_SRC_BACKAN,Bac Kan,2006,annual,1062.0,Person,not_specified,E1312,https://www.nso.gov.vn/en/px-web?pxid=E1312&theme=Education,source_reported_unharmonized
e1312_48946dfa77,education,Number of direct teaching woman teachers of general education as of 30 September by province · Lower secondary,Lower secondary,VN_SRC_BACKAN,Bac Kan,2007,annual,1056.0,Person,not_specified,E1312,https://www.nso.gov.vn/en/px-web?pxid=E1312&theme=Education,source_reported_unharmonized
e1312_48946dfa77,education,Number of direct teaching woman teachers of general education as of 30 September by province · Lower secondary,Lower secondary,VN_SRC_BACKAN,Bac Kan,2008,annual,1015.0,Person,not_specified,E1312,https://www.nso.gov.vn/en/px-web?pxid=E1312&theme=Education,source_reported_unharmonized
e1312_48946dfa77,education,Number of direct teaching woman teachers of general education as of 30 September by province · Lower secondary,Lower secondary,VN_SRC_BACKAN,Bac Kan,2009,annual,1071.0,Person,not_specified,E1312,https://www.nso.gov.vn/en/px-web?pxid=E1312&theme=Education,source_reported_unharmonized
e1312_48946dfa77,education,Number of direct teaching woman teachers of general education as of 30 September by province · Lower secondary,Lower secondary,VN_SRC_BACKAN,Bac Kan,2010,annual,1076.0,Person,not_specified,E1312,https://www.nso.gov.vn/en/px-web?pxid=E1312&theme=Education,source_reported_unharmonized
e1312_48946dfa77,education,Number of direct teaching woman teachers of general education as of 30 September by province · Lower secondary,Lower secondary,VN_SRC_BACKAN,Bac Kan,2011,annual,965.0,Person,not_specified,E1312,https://www.nso.gov.vn/en/px-web?pxid=E1312&theme=Education,source_reported_unharmonized
e1312_48946dfa77,education,Number of direct teaching woman teachers of general education as of 30 September by province · Lower secondary,Lower secondary,VN_SRC_BACKAN,Bac Kan,2012,annual,970.0,Person,not_specified,E1312,https://www.nso.gov.vn/en/px-web?pxid=E1312&theme=Education,source_reported_unharmonized
e1312_48946dfa77,education,Number of direct teaching woman teachers of general education as of 30 September by province · Lower secondary,Lower secondary,VN_SRC_BACKAN,Bac Kan,2013,annual,981.0,Person,not_specified,E1312,https://www.nso.gov.vn/en/px-web?pxid=E1312&theme=Education,source_reported_unharmonized
e1312_48946dfa77,education,Number of direct teaching woman teachers of general education as of 30 September by province · Lower secondary,Lower secondary,VN_SRC_BACKAN,Bac Kan,2014,annual,1004.0,Person,not_specified,E1312,https://www.nso.gov.vn/en/px-web?pxid=E1312&theme=Education,source_reported_unharmonized
e1312_48946dfa77,education,Number of direct teaching woman teachers of general education as of 30 September by province · Lower secondary,Lower secondary,VN_SRC_BACKAN,Bac Kan,2015,annual,987.0,Person,not_specified,E1312,https://www.nso.gov.vn/en/px-web?pxid=E1312&theme=Education,source_reported_unharmonized
e1312_48946dfa77,education,Number of direct teaching woman teachers of general education as of 30 September by province · Lower secondary,Lower secondary,VN_SRC_BACKAN,Bac Kan,2016,annual,1005.0,Person,not_specified,E1312,https://www.nso.gov.vn/en/px-web?pxid=E1312&theme=Education,source_reported_unharmonized
e1312_48946dfa77,education,Number of direct teaching woman teachers of general education as of 30 September by province · Lower secondary,Lower secondary,VN_SRC_BACKAN,Bac Kan,2017,annual,985.0,Person,not_specified,E1312,https://www.nso.gov.vn/en/px-web?pxid=E1312&theme=Education,source_reported_unharmonized
e1312_48946dfa77,education,Number of direct teaching woman teachers of general education as of 30 September by province · Lower secondary,Lower secondary,VN_SRC_BACKAN,Bac Kan,2019,annual,897.0,Person,not_specified,E1312,https://www.nso.gov.vn/en/px-web?pxid=E1312&theme=Education,source_reported_unharmonized
e1312_48946dfa77,education,Number of direct teaching woman teachers of general education as of 30 September by province · Lower secondary,Lower secondary,VN_SRC_BACKAN,Bac Kan,2020,annual,877.0,Person,not_specified,E1312,https://www.nso.gov.vn/en/px-web?pxid=E1312&theme=Education,source_reported_unharmonized
e1312_48946dfa77,education,Number of direct teaching woman teachers of general education as of 30 September by province · Lower secondary,Lower secondary,VN_SRC_BACKAN,Bac Kan,2021,annual,848.0,Person,not_specified,E1312,https://www.nso.gov.vn/en/px-web?pxid=E1312&theme=Education,source_reported_unharmonized
e1312_48946dfa77,education,Number of direct teaching woman teachers of general education as of 30 September by province · Lower secondary,Lower secondary,VN_SRC_BACKAN,Bac Kan,2023,annual,930.0,Person,not_specified,E1312,https://www.nso.gov.vn/en/px-web?pxid=E1312&theme=Education,source_reported_unharmonized
e1312_48946dfa77,education,Number of direct teaching woman teachers of general education as of 30 September by province · Lower secondary,Lower secondary,VN_SRC_TUYENQUANG,Tuyen Quang,2004,annual,2625.0,Person,not_specified,E1312,https://www.nso.gov.vn/en/px-web?pxid=E1312&theme=Education,source_reported_unharmonized
e1312_48946dfa77,education,Number of direct teaching woman teachers of general education as of 30 September by province · Lower secondary,Lower secondary,VN_SRC_TUYENQUANG,Tuyen Quang,2005,annual,2533.0,Person,not_specified,E1312,https://www.nso.gov.vn/en/px-web?pxid=E1312&theme=Education,source_reported_unharmonized
e1312_48946dfa77,education,Number of direct teaching woman teachers of general education as of 30 September by province · Lower secondary,Lower secondary,VN_SRC_TUYENQUANG,Tuyen Quang,2006,annual,2504.0,Person,not_specified,E1312,https://www.nso.gov.vn/en/px-web?pxid=E1312&theme=Education,source_reported_unharmonized
e1312_48946dfa77,education,Number of direct teaching woman teachers of general education as of 30 September by province · Lower secondary,Lower secondary,VN_SRC_TUYENQUANG,Tuyen Quang,2007,annual,2304.0,Person,not_specified,E1312,https://www.nso.gov.vn/en/px-web?pxid=E1312&theme=Education,source_reported_unharmonized
e1312_48946dfa77,education,Number of direct teaching woman teachers of general education as of 30 September by province · Lower secondary,Lower secondary,VN_SRC_TUYENQUANG,Tuyen Quang,2008,annual,2245.0,Person,not_specified,E1312,https://www.nso.gov.vn/en/px-web?pxid=E1312&theme=Education,source_reported_unharmonized
e1312_48946dfa77,education,Number of direct teaching woman teachers of general education as of 30 September by province · Lower secondary,Lower secondary,VN_SRC_TUYENQUANG,Tuyen Quang,2009,annual,2241.0,Person,not_specified,E1312,https://www.nso.gov.vn/en/px-web?pxid=E1312&theme=Education,source_reported_unharmonized
e1312_48946dfa77,education,Number of direct teaching woman teachers of general education as of 30 September by province · Lower secondary,Lower secondary,VN_SRC_TUYENQUANG,Tuyen Quang,2010,annual,2167.0,Person,not_specified,E1312,https://www.nso.gov.vn/en/px-web?pxid=E1312&theme=Education,source_reported_unharmonized
e1312_48946dfa77,education,Number of direct teaching woman teachers of general education as of 30 September by province · Lower secondary,Lower secondary,VN_SRC_TUYENQUANG,Tuyen Quang,2011,annual,1843.0,Person,not_specified,E1312,https://www.nso.gov.vn/en/px-web?pxid=E1312&theme=Education,source_reported_unharmonized
e1312_48946dfa77,education,Number of direct teaching woman teachers of general education as of 30 September by province · Lower secondary,Lower secondary,VN_SRC_TUYENQUANG,Tuyen Quang,2012,annual,1986.0,Person,not_specified,E1312,https://www.nso.gov.vn/en/px-web?pxid=E1312&theme=Education,source_reported_unharmonized
e1312_48946dfa77,education,Number of direct teaching woman teachers of general education as of 30 September by province · Lower secondary,Lower secondary,VN_SRC_TUYENQUANG,Tuyen Quang,2013,annual,2026.0,Person,not_specified,E1312,https://www.nso.gov.vn/en/px-web?pxid=E1312&theme=Education,source_reported_unharmonized
e1312_48946dfa77,education,Number of direct teaching woman teachers of general education as of 30 September by province · Lower secondary,Lower secondary,VN_SRC_TUYENQUANG,Tuyen Quang,2014,annual,1998.0,Person,not_specified,E1312,https://www.nso.gov.vn/en/px-web?pxid=E1312&theme=Education,source_reported_unharmonized
e1312_48946dfa77,education,Number of direct teaching woman teachers of general education as of 30 September by province · Lower secondary,Lower secondary,VN_SRC_TUYENQUANG,Tuyen Quang,2015,annual,2022.0,Person,not_specified,E1312,https://www.nso.gov.vn/en/px-web?pxid=E1312&theme=Education,source_reported_unharmonized
e1312_48946dfa77,education,Number of direct teaching woman teachers of general education as of 30 September by province · Lower secondary,Lower secondary,VN_SRC_TUYENQUANG,Tuyen Quang,2016,annual,2010.0,Person,not_specified,E1312,https://www.nso.gov.vn/en/px-web?pxid=E1312&theme=Education,source_reported_unharmonized
e1312_48946dfa77,education,Number of direct teaching woman teachers of general education as of 30 September by province · Lower secondary,Lower secondary,VN_SRC_TUYENQUANG,Tuyen Quang,2017,annual,1929.0,Person,not_specified,E1312,https://www.nso.gov.vn/en/px-web?pxid=E1312&theme=Education,source_reported_unharmonized
e1312_48946dfa77,education,Number of direct teaching woman teachers of general education as of 30 September by province · Lower secondary,Lower secondary,VN_SRC_TUYENQUANG,Tuyen Quang,2019,annual,1724.0,Person,not_specified,E1312,https://www.nso.gov.vn/en/px-web?pxid=E1312&theme=Education,source_reported_unharmonized
e1312_48946dfa77,education,Number of direct teaching woman teachers of general education as of 30 September by province · Lower secondary,Lower secondary,VN_SRC_TUYENQUANG,Tuyen Quang,2020,annual,1785.0,Person,not_specified,E1312,https://www.nso.gov.vn/en/px-web?pxid=E1312&theme=Education,source_reported_unharmonized
e1312_48946dfa77,education,Number of direct teaching woman teachers of general education as of 30 September by province · Lower secondary,Lower secondary,VN_SRC_TUYENQUANG,Tuyen Quang,2021,annual,1639.0,Person,not_specified,E1312,https://www.nso.gov.vn/en/px-web?pxid=E1312&theme=Education,source_reported_unharmonized
e1312_48946dfa77,education,Number of direct teaching woman teachers of general education as of 30 September by province · Lower secondary,Lower secondary,VN_SRC_TUYENQUANG,Tuyen Quang,2023,annual,1766.0,Person,not_specified,E1312,https://www.nso.gov.vn/en/px-web?pxid=E1312&theme=Education,source_reported_unharmonized
e1312_48946dfa77,education,Number of direct teaching woman teachers of general education as of 30 September by province · Lower secondary,Lower secondary,VN_SRC_LAOCAI,Lao Cai,2004,annual,2106.0,Person,not_specified,E1312,https://www.nso.gov.vn/en/px-web?pxid=E1312&theme=Education,source_reported_unharmonized
e1312_48946dfa77,education,Number of direct teaching woman teachers of general education as of 30 September by province · Lower secondary,Lower secondary,VN_SRC_LAOCAI,Lao Cai,2005,annual,2119.0,Person,not_specified,E1312,https://www.nso.gov.vn/en/px-web?pxid=E1312&theme=Education,source_reported_unharmonized
e1312_48946dfa77,education,Number of direct teaching woman teachers of general education as of 30 September by province · Lower secondary,Lower secondary,VN_SRC_LAOCAI,Lao Cai,2006,annual,2300.0,Person,not_specified,E1312,https://www.nso.gov.vn/en/px-web?pxid=E1312&theme=Education,source_reported_unharmonized
e1312_48946dfa77,education,Number of direct teaching woman teachers of general education as of 30 September by province · Lower secondary,Lower secondary,VN_SRC_LAOCAI,Lao Cai,2007,annual,2191.0,Person,not_specified,E1312,https://www.nso.gov.vn/en/px-web?pxid=E1312&theme=Education,source_reported_unharmonized
e1312_48946dfa77,education,Number of direct teaching woman teachers of general education as of 30 September by province · Lower secondary,Lower secondary,VN_SRC_LAOCAI,Lao Cai,2008,annual,2277.0,Person,not_specified,E1312,https://www.nso.gov.vn/en/px-web?pxid=E1312&theme=Education,source_reported_unharmonized
e1312_48946dfa77,education,Number of direct teaching woman teachers of general education as of 30 September by province · Lower secondary,Lower secondary,VN_SRC_LAOCAI,Lao Cai,2009,annual,2473.0,Person,not_specified,E1312,https://www.nso.gov.vn/en/px-web?pxid=E1312&theme=Education,source_reported_unharmonized
e1312_48946dfa77,education,Number of direct teaching woman teachers of general education as of 30 September by province · Lower secondary,Lower secondary,VN_SRC_LAOCAI,Lao Cai,2010,annual,2253.0,Person,not_specified,E1312,https://www.nso.gov.vn/en/px-web?pxid=E1312&theme=Education,source_reported_unharmonized
e1312_48946dfa77,education,Number of direct teaching woman teachers of general education as of 30 September by province · Lower secondary,Lower secondary,VN_SRC_LAOCAI,Lao Cai,2011,annual,2357.0,Person,not_specified,E1312,https://www.nso.gov.vn/en/px-web?pxid=E1312&theme=Education,source_reported_unharmonized
e1312_48946dfa77,education,Number of direct teaching woman teachers of general education as of 30 September by province · Lower secondary,Lower secondary,VN_SRC_LAOCAI,Lao Cai,2012,annual,2264.0,Person,not_specified,E1312,https://www.nso.gov.vn/en/px-web?pxid=E1312&theme=Education,source_reported_unharmonized
e1312_48946dfa77,education,Number of direct teaching woman teachers of general education as of 30 September by province · Lower secondary,Lower secondary,VN_SRC_LAOCAI,Lao Cai,2013,annual,2191.0,Person,not_specified,E1312,https://www.nso.gov.vn/en/px-web?pxid=E1312&theme=Education,source_reported_unharmonized
e1312_48946dfa77,education,Number of direct teaching woman teachers of general education as of 30 September by province · Lower secondary,Lower secondary,VN_SRC_LAOCAI,Lao Cai,2014,annual,2322.0,Person,not_specified,E1312,https://www.nso.gov.vn/en/px-web?pxid=E1312&theme=Education,source_reported_unharmonized
e1312_48946dfa77,education,Number of direct teaching woman teachers of general education as of 30 September by province · Lower secondary,Lower secondary,VN_SRC_LAOCAI,Lao Cai,2015,annual,2294.0,Person,not_specified,E1312,https://www.nso.gov.vn/en/px-web?pxid=E1312&theme=Education,source_reported_unharmonized
e1312_48946dfa77,education,Number of direct teaching woman teachers of general education as of 30 September by province · Lower secondary,Lower secondary,VN_SRC_LAOCAI,Lao Cai,2016,annual,2213.0,Person,not_specified,E1312,https://www.nso.gov.vn/en/px-web?pxid=E1312&theme=Education,source_reported_unharmonized
e1312_48946dfa77,education,Number of direct teaching woman teachers of general education as of 30 September by province · Lower secondary,Lower secondary,VN_SRC_LAOCAI,Lao Cai,2017,annual,2204.0,Person,not_specified,E1312,https://www.nso.gov.vn/en/px-web?pxid=E1312&theme=Education,source_reported_unharmonized
e1312_48946dfa77,education,Number of direct teaching woman teachers of general education as of 30 September by province · Lower secondary,Lower secondary,VN_SRC_LAOCAI,Lao Cai,2019,annual,2009.0,Person,not_specified,E1312,https://www.nso.gov.vn/en/px-web?pxid=E1312&theme=Education,source_reported_unharmonized
e1312_48946dfa77,education,Number of direct teaching woman teachers of general education as of 30 September by province · Lower secondary,Lower secondary,VN_SRC_LAOCAI,Lao Cai,2020,annual,1999.0,Person,not_specified,E1312,https://www.nso.gov.vn/en/px-web?pxid=E1312&theme=Education,source_reported_unharmonized
e1312_48946dfa77,education,Number of direct teaching woman teachers of general education as of 30 September by province · Lower secondary,Lower secondary,VN_SRC_LAOCAI,Lao Cai,2021,annual,2039.0,Person,not_specified,E1312,https://www.nso.gov.vn/en/px-web?pxid=E1312&theme=Education,source_reported_unharmonized
e1312_48946dfa77,education,Number of direct teaching woman teachers of general education as of 30 September by province · Lower secondary,Lower secondary,VN_SRC_LAOCAI,Lao Cai,2023,annual,2082.0,Person,not_specified,E1312,https://www.nso.gov.vn/en/px-web?pxid=E1312&theme=Education,source_reported_unharmonized
e1312_48946dfa77,education,Number of direct teaching woman teachers of general education as of 30 September by province · Lower secondary,Lower secondary,VN_SRC_YENBAI,Yen Bai,2004,annual,2637.0,Person,not_specified,E1312,https://www.nso.gov.vn/en/px-web?pxid=E1312&theme=Education,source_reported_unharmonized
e1312_48946dfa77,education,Number of direct teaching woman teachers of general education as of 30 September by province · Lower secondary,Lower secondary,VN_SRC_YENBAI,Yen Bai,2005,annual,2658.0,Person,not_specified,E1312,https://www.nso.gov.vn/en/px-web?pxid=E1312&theme=Education,source_reported_unharmonized
e1312_48946dfa77,education,Number of direct teaching woman teachers of general education as of 30 September by province · Lower secondary,Lower secondary,VN_SRC_YENBAI,Yen Bai,2006,annual,2638.0,Person,not_specified,E1312,https://www.nso.gov.vn/en/px-web?pxid=E1312&theme=Education,source_reported_unharmonized
e1312_48946dfa77,education,Number of direct teaching woman teachers of general education as of 30 September by province · Lower secondary,Lower secondary,VN_SRC_YENBAI,Yen Bai,2007,annual,2582.0,Person,not_specified,E1312,https://www.nso.gov.vn/en/px-web?pxid=E1312&theme=Education,source_reported_unharmonized
e1312_48946dfa77,education,Number of direct teaching woman teachers of general education as of 30 September by province · Lower secondary,Lower secondary,VN_SRC_YENBAI,Yen Bai,2008,annual,2439.0,Person,not_specified,E1312,https://www.nso.gov.vn/en/px-web?pxid=E1312&theme=Education,source_reported_unharmonized
e1312_48946dfa77,education,Number of direct teaching woman teachers of general education as of 30 September by province · Lower secondary,Lower secondary,VN_SRC_YENBAI,Yen Bai,2009,annual,2407.0,Person,not_specified,E1312,https://www.nso.gov.vn/en/px-web?pxid=E1312&theme=Education,source_reported_unharmonized
e1312_48946dfa77,education,Number of direct teaching woman teachers of general education as of 30 September by province · Lower secondary,Lower secondary,VN_SRC_YENBAI,Yen Bai,2010,annual,2279.0,Person,not_specified,E1312,https://www.nso.gov.vn/en/px-web?pxid=E1312&theme=Education,source_reported_unharmonized
e1312_48946dfa77,education,Number of direct teaching woman teachers of general education as of 30 September by province · Lower secondary,Lower secondary,VN_SRC_YENBAI,Yen Bai,2011,annual,2474.0,Person,not_specified,E1312,https://www.nso.gov.vn/en/px-web?pxid=E1312&theme=Education,source_reported_unharmonized
e1312_48946dfa77,education,Number of direct teaching woman teachers of general education as of 30 September by province · Lower secondary,Lower secondary,VN_SRC_YENBAI,Yen Bai,2012,annual,2245.0,Person,not_specified,E1312,https://www.nso.gov.vn/en/px-web?pxid=E1312&theme=Education,source_reported_unharmonized
e1312_48946dfa77,education,Number of direct teaching woman teachers of general education as of 30 September by province · Lower secondary,Lower secondary,VN_SRC_YENBAI,Yen Bai,2013,annual,2180.0,Person,not_specified,E1312,https://www.nso.gov.vn/en/px-web?pxid=E1312&theme=Education,source_reported_unharmonized
e1312_48946dfa77,education,Number of direct teaching woman teachers of general education as of 30 September by province · Lower secondary,Lower secondary,VN_SRC_YENBAI,Yen Bai,2014,annual,2165.0,Person,not_specified,E1312,https://www.nso.gov.vn/en/px-web?pxid=E1312&theme=Education,source_reported_unharmonized
e1312_48946dfa77,education,Number of direct teaching woman teachers of general education as of 30 September by province · Lower secondary,Lower secondary,VN_SRC_YENBAI,Yen Bai,2015,annual,2116.0,Person,not_specified,E1312,https://www.nso.gov.vn/en/px-web?pxid=E1312&theme=Education,source_reported_unharmonized
e1312_48946dfa77,education,Number of direct teaching woman teachers of general education as of 30 September by province · Lower secondary,Lower secondary,VN_SRC_YENBAI,Yen Bai,2016,annual,2054.0,Person,not_specified,E1312,https://www.nso.gov.vn/en/px-web?pxid=E1312&theme=Education,source_reported_unharmonized
e1312_48946dfa77,education,Number of direct teaching woman teachers of general education as of 30 September by province · Lower secondary,Lower secondary,VN_SRC_YENBAI,Yen Bai,2017,annual,1953.0,Person,not_specified,E1312,https://www.nso.gov.vn/en/px-web?pxid=E1312&theme=Education,source_reported_unharmonized
e1312_48946dfa77,education,Number of direct teaching woman teachers of general education as of 30 September by province · Lower secondary,Lower secondary,VN_SRC_YENBAI,Yen Bai,2019,annual,1931.0,Person,not_specified,E1312,https://www.nso.gov.vn/en/px-web?pxid=E1312&theme=Education,source_reported_unharmonized
e1312_48946dfa77,education,Number of direct teaching woman teachers of general education as of 30 September by province · Lower secondary,Lower secondary,VN_SRC_YENBAI,Yen Bai,2020,annual,1854.0,Person,not_specified,E1312,https://www.nso.gov.vn/en/px-web?pxid=E1312&theme=Education,source_reported_unharmonized
e1312_48946dfa77,education,Number of direct teaching woman teachers of general education as of 30 September by province · Lower secondary,Lower secondary,VN_SRC_YENBAI,Yen Bai,2021,annual,1797.0,Person,not_specified,E1312,https://www.nso.gov.vn/en/px-web?pxid=E1312&theme=Education,source_reported_unharmonized
e1312_48946dfa77,education,Number of direct teaching woman teachers of general education as of 30 September by province · Lower secondary,Lower secondary,VN_SRC_YENBAI,Yen Bai,2023,annual,1827.0,Person,not_specified,E1312,https://www.nso.gov.vn/en/px-web?pxid=E1312&theme=Education,source_reported_unharmonized
e1312_48946dfa77,education,Number of direct teaching woman teachers of general education as of 30 September by province · Lower secondary,Lower secondary,VN_SRC_THAINGUYEN,Thai Nguyen,2004,annual,3921.0,Person,not_specified,E1312,https://www.nso.gov.vn/en/px-web?pxid=E1312&theme=Education,source_reported_unharmonized
e1312_48946dfa77,education,Number of direct teaching woman teachers of general education as of 30 September by province · Lower secondary,Lower secondary,VN_SRC_THAINGUYEN,Thai Nguyen,2005,annual,4021.0,Person,not_specified,E1312,https://www.nso.gov.vn/en/px-web?pxid=E1312&theme=Education,source_reported_unharmonized
e1312_48946dfa77,education,Number of direct teaching woman teachers of general education as of 30 September by province · Lower secondary,Lower secondary,VN_SRC_THAINGUYEN,Thai Nguyen,2006,annual,4135.0,Person,not_specified,E1312,https://www.nso.gov.vn/en/px-web?pxid=E1312&theme=Education,source_reported_unharmonized
e1312_48946dfa77,education,Number of direct teaching woman teachers of general education as of 30 September by province · Lower secondary,Lower secondary,VN_SRC_THAINGUYEN,Thai Nguyen,2007,annual,3811.0,Person,not_specified,E1312,https://www.nso.gov.vn/en/px-web?pxid=E1312&theme=Education,source_reported_unharmonized
e1312_48946dfa77,education,Number of direct teaching woman teachers of general education as of 30 September by province · Lower secondary,Lower secondary,VN_SRC_THAINGUYEN,Thai Nguyen,2008,annual,3639.0,Person,not_specified,E1312,https://www.nso.gov.vn/en/px-web?pxid=E1312&theme=Education,source_reported_unharmonized
e1312_48946dfa77,education,Number of direct teaching woman teachers of general education as of 30 September by province · Lower secondary,Lower secondary,VN_SRC_THAINGUYEN,Thai Nguyen,2009,annual,3726.0,Person,not_specified,E1312,https://www.nso.gov.vn/en/px-web?pxid=E1312&theme=Education,source_reported_unharmonized
e1312_48946dfa77,education,Number of direct teaching woman teachers of general education as of 30 September by province · Lower secondary,Lower secondary,VN_SRC_THAINGUYEN,Thai Nguyen,2010,annual,3362.0,Person,not_specified,E1312,https://www.nso.gov.vn/en/px-web?pxid=E1312&theme=Education,source_reported_unharmonized
e1312_48946dfa77,education,Number of direct teaching woman teachers of general education as of 30 September by province · Lower secondary,Lower secondary,VN_SRC_THAINGUYEN,Thai Nguyen,2011,annual,2878.0,Person,not_specified,E1312,https://www.nso.gov.vn/en/px-web?pxid=E1312&theme=Education,source_reported_unharmonized
e1312_48946dfa77,education,Number of direct teaching woman teachers of general education as of 30 September by province · Lower secondary,Lower secondary,VN_SRC_THAINGUYEN,Thai Nguyen,2012,annual,2292.0,Person,not_specified,E1312,https://www.nso.gov.vn/en/px-web?pxid=E1312&theme=Education,source_reported_unharmonized
e1312_48946dfa77,education,Number of direct teaching woman teachers of general education as of 30 September by province · Lower secondary,Lower secondary,VN_SRC_THAINGUYEN,Thai Nguyen,2013,annual,3163.0,Person,not_specified,E1312,https://www.nso.gov.vn/en/px-web?pxid=E1312&theme=Education,source_reported_unharmonized
e1312_48946dfa77,education,Number of direct teaching woman teachers of general education as of 30 September by province · Lower secondary,Lower secondary,VN_SRC_THAINGUYEN,Thai Nguyen,2014,annual,3139.0,Person,not_specified,E1312,https://www.nso.gov.vn/en/px-web?pxid=E1312&theme=Education,source_reported_unharmonized
e1312_48946dfa77,education,Number of direct teaching woman teachers of general education as of 30 September by province · Lower secondary,Lower secondary,VN_SRC_THAINGUYEN,Thai Nguyen,2015,annual,3145.0,Person,not_specified,E1312,https://www.nso.gov.vn/en/px-web?pxid=E1312&theme=Education,source_reported_unharmonized
e1312_48946dfa77,education,Number of direct teaching woman teachers of general education as of 30 September by province · Lower secondary,Lower secondary,VN_SRC_THAINGUYEN,Thai Nguyen,2016,annual,3129.0,Person,not_specified,E1312,https://www.nso.gov.vn/en/px-web?pxid=E1312&theme=Education,source_reported_unharmonized
e1312_48946dfa77,education,Number of direct teaching woman teachers of general education as of 30 September by province · Lower secondary,Lower secondary,VN_SRC_THAINGUYEN,Thai Nguyen,2017,annual,3074.0,Person,not_specified,E1312,https://www.nso.gov.vn/en/px-web?pxid=E1312&theme=Education,source_reported_unharmonized
e1312_48946dfa77,education,Number of direct teaching woman teachers of general education as of 30 September by province · Lower secondary,Lower secondary,VN_SRC_THAINGUYEN,Thai Nguyen,2019,annual,2834.0,Person,not_specified,E1312,https://www.nso.gov.vn/en/px-web?pxid=E1312&theme=Education,source_reported_unharmonized
e1312_48946dfa77,education,Number of direct teaching woman teachers of general education as of 30 September by province · Lower secondary,Lower secondary,VN_SRC_THAINGUYEN,Thai Nguyen,2020,annual,2789.0,Person,not_specified,E1312,https://www.nso.gov.vn/en/px-web?pxid=E1312&theme=Education,source_reported_unharmonized
e1312_48946dfa77,education,Number of direct teaching woman teachers of general education as of 30 September by province · Lower secondary,Lower secondary,VN_SRC_THAINGUYEN,Thai Nguyen,2021,annual,2729.0,Person,not_specified,E1312,https://www.nso.gov.vn/en/px-web?pxid=E1312&theme=Education,source_reported_unharmonized
e1312_48946dfa77,education,Number of direct teaching woman teachers of general education as of 30 September by province · Lower secondary,Lower secondary,VN_SRC_THAINGUYEN,Thai Nguyen,2023,annual,2984.0,Person,not_specified,E1312,https://www.nso.gov.vn/en/px-web?pxid=E1312&theme=Education,source_reported_unharmonized
e1312_48946dfa77,education,Number of direct teaching woman teachers of general education as of 30 September by province · Lower secondary,Lower secondary,VN_SRC_LANGSON,Lang Son,2004,annual,3315.0,Person,not_specified,E1312,https://www.nso.gov.vn/en/px-web?pxid=E1312&theme=Education,source_reported_unharmonized
e1312_48946dfa77,education,Number of direct teaching woman teachers of general education as of 30 September by province · Lower secondary,Lower secondary,VN_SRC_LANGSON,Lang Son,2005,annual,3232.0,Person,not_specified,E1312,https://www.nso.gov.vn/en/px-web?pxid=E1312&theme=Education,source_reported_unharmonized
e1312_48946dfa77,education,Number of direct teaching woman teachers of general education as of 30 September by province · Lower secondary,Lower secondary,VN_SRC_LANGSON,Lang Son,2006,annual,3222.0,Person,not_specified,E1312,https://www.nso.gov.vn/en/px-web?pxid=E1312&theme=Education,source_reported_unharmonized
e1312_48946dfa77,education,Number of direct teaching woman teachers of general education as of 30 September by province · Lower secondary,Lower secondary,VN_SRC_LANGSON,Lang Son,2007,annual,3357.0,Person,not_specified,E1312,https://www.nso.gov.vn/en/px-web?pxid=E1312&theme=Education,source_reported_unharmonized
e1312_48946dfa77,education,Number of direct teaching woman teachers of general education as of 30 September by province · Lower secondary,Lower secondary,VN_SRC_LANGSON,Lang Son,2008,annual,3283.0,Person,not_specified,E1312,https://www.nso.gov.vn/en/px-web?pxid=E1312&theme=Education,source_reported_unharmonized
e1312_48946dfa77,education,Number of direct teaching woman teachers of general education as of 30 September by province · Lower secondary,Lower secondary,VN_SRC_LANGSON,Lang Son,2009,annual,3209.0,Person,not_specified,E1312,https://www.nso.gov.vn/en/px-web?pxid=E1312&theme=Education,source_reported_unharmonized
e1312_48946dfa77,education,Number of direct teaching woman teachers of general education as of 30 September by province · Lower secondary,Lower secondary,VN_SRC_LANGSON,Lang Son,2010,annual,3132.0,Person,not_specified,E1312,https://www.nso.gov.vn/en/px-web?pxid=E1312&theme=Education,source_reported_unharmonized
e1312_48946dfa77,education,Number of direct teaching woman teachers of general education as of 30 September by province · Lower secondary,Lower secondary,VN_SRC_LANGSON,Lang Son,2011,annual,3033.0,Person,not_specified,E1312,https://www.nso.gov.vn/en/px-web?pxid=E1312&theme=Education,source_reported_unharmonized
e1312_48946dfa77,education,Number of direct teaching woman teachers of general education as of 30 September by province · Lower secondary,Lower secondary,VN_SRC_LANGSON,Lang Son,2012,annual,2903.0,Person,not_specified,E1312,https://www.nso.gov.vn/en/px-web?pxid=E1312&theme=Education,source_reported_unharmonized
e1312_48946dfa77,education,Number of direct teaching woman teachers of general education as of 30 September by province · Lower secondary,Lower secondary,VN_SRC_LANGSON,Lang Son,2013,annual,2958.0,Person,not_specified,E1312,https://www.nso.gov.vn/en/px-web?pxid=E1312&theme=Education,source_reported_unharmonized
e1312_48946dfa77,education,Number of direct teaching woman teachers of general education as of 30 September by province · Lower secondary,Lower secondary,VN_SRC_LANGSON,Lang Son,2014,annual,2842.0,Person,not_specified,E1312,https://www.nso.gov.vn/en/px-web?pxid=E1312&theme=Education,source_reported_unharmonized
e1312_48946dfa77,education,Number of direct teaching woman teachers of general education as of 30 September by province · Lower secondary,Lower secondary,VN_SRC_LANGSON,Lang Son,2015,annual,2780.0,Person,not_specified,E1312,https://www.nso.gov.vn/en/px-web?pxid=E1312&theme=Education,source_reported_unharmonized
e1312_48946dfa77,education,Number of direct teaching woman teachers of general education as of 30 September by province · Lower secondary,Lower secondary,VN_SRC_LANGSON,Lang Son,2016,annual,2720.0,Person,not_specified,E1312,https://www.nso.gov.vn/en/px-web?pxid=E1312&theme=Education,source_reported_unharmonized
e1312_48946dfa77,education,Number of direct teaching woman teachers of general education as of 30 September by province · Lower secondary,Lower secondary,VN_SRC_LANGSON,Lang Son,2017,annual,2640.0,Person,not_specified,E1312,https://www.nso.gov.vn/en/px-web?pxid=E1312&theme=Education,source_reported_unharmonized
e1312_48946dfa77,education,Number of direct teaching woman teachers of general education as of 30 September by province · Lower secondary,Lower secondary,VN_SRC_LANGSON,Lang Son,2019,annual,2268.0,Person,not_specified,E1312,https://www.nso.gov.vn/en/px-web?pxid=E1312&theme=Education,source_reported_unharmonized
e1312_48946dfa77,education,Number of direct teaching woman teachers of general education as of 30 September by province · Lower secondary,Lower secondary,VN_SRC_LANGSON,Lang Son,2020,annual,2236.0,Person,not_specified,E1312,https://www.nso.gov.vn/en/px-web?pxid=E1312&theme=Education,source_reported_unharmonized
e1312_48946dfa77,education,Number of direct teaching woman teachers of general education as of 30 September by province · Lower secondary,Lower secondary,VN_SRC_LANGSON,Lang Son,2021,annual,2214.0,Person,not_specified,E1312,https://www.nso.gov.vn/en/px-web?pxid=E1312&theme=Education,source_reported_unharmonized
e1312_48946dfa77,education,Number of direct teaching woman teachers of general education as of 30 September by province · Lower secondary,Lower secondary,VN_SRC_LANGSON,Lang Son,2023,annual,2163.0,Person,not_specified,E1312,https://www.nso.gov.vn/en/px-web?pxid=E1312&theme=Education,source_reported_unharmonized
e1312_48946dfa77,education,Number of direct teaching woman teachers of general education as of 30 September by province · Lower secondary,Lower secondary,VN_SRC_BACGIANG,Bac Giang,2004,annual,4826.0,Person,not_specified,E1312,https://www.nso.gov.vn/en/px-web?pxid=E1312&theme=Education,source_reported_unharmonized
e1312_48946dfa77,education,Number of direct teaching woman teachers of general education as of 30 September by province · Lower secondary,Lower secondary,VN_SRC_BACGIANG,Bac Giang,2005,annual,4658.0,Person,not_specified,E1312,https://www.nso.gov.vn/en/px-web?pxid=E1312&theme=Education,source_reported_unharmonized
e1312_48946dfa77,education,Number of direct teaching woman teachers of general education as of 30 September by province · Lower secondary,Lower secondary,VN_SRC_BACGIANG,Bac Giang,2006,annual,4697.0,Person,not_specified,E1312,https://www.nso.gov.vn/en/px-web?pxid=E1312&theme=Education,source_reported_unharmonized
e1312_48946dfa77,education,Number of direct teaching woman teachers of general education as of 30 September by province · Lower secondary,Lower secondary,VN_SRC_BACGIANG,Bac Giang,2007,annual,4600.0,Person,not_specified,E1312,https://www.nso.gov.vn/en/px-web?pxid=E1312&theme=Education,source_reported_unharmonized
e1312_48946dfa77,education,Number of direct teaching woman teachers of general education as of 30 September by province · Lower secondary,Lower secondary,VN_SRC_BACGIANG,Bac Giang,2008,annual,4272.0,Person,not_specified,E1312,https://www.nso.gov.vn/en/px-web?pxid=E1312&theme=Education,source_reported_unharmonized
e1312_48946dfa77,education,Number of direct teaching woman teachers of general education as of 30 September by province · Lower secondary,Lower secondary,VN_SRC_BACGIANG,Bac Giang,2009,annual,4350.0,Person,not_specified,E1312,https://www.nso.gov.vn/en/px-web?pxid=E1312&theme=Education,source_reported_unharmonized
e1312_48946dfa77,education,Number of direct teaching woman teachers of general education as of 30 September by province · Lower secondary,Lower secondary,VN_SRC_BACGIANG,Bac Giang,2010,annual,4519.0,Person,not_specified,E1312,https://www.nso.gov.vn/en/px-web?pxid=E1312&theme=Education,source_reported_unharmonized
e1312_48946dfa77,education,Number of direct teaching woman teachers of general education as of 30 September by province · Lower secondary,Lower secondary,VN_SRC_BACGIANG,Bac Giang,2011,annual,4373.0,Person,not_specified,E1312,https://www.nso.gov.vn/en/px-web?pxid=E1312&theme=Education,source_reported_unharmonized
e1312_48946dfa77,education,Number of direct teaching woman teachers of general education as of 30 September by province · Lower secondary,Lower secondary,VN_SRC_BACGIANG,Bac Giang,2012,annual,4553.0,Person,not_specified,E1312,https://www.nso.gov.vn/en/px-web?pxid=E1312&theme=Education,source_reported_unharmonized
e1312_48946dfa77,education,Number of direct teaching woman teachers of general education as of 30 September by province · Lower secondary,Lower secondary,VN_SRC_BACGIANG,Bac Giang,2013,annual,4522.0,Person,not_specified,E1312,https://www.nso.gov.vn/en/px-web?pxid=E1312&theme=Education,source_reported_unharmonized
e1312_48946dfa77,education,Number of direct teaching woman teachers of general education as of 30 September by province · Lower secondary,Lower secondary,VN_SRC_BACGIANG,Bac Giang,2014,annual,4425.0,Person,not_specified,E1312,https://www.nso.gov.vn/en/px-web?pxid=E1312&theme=Education,source_reported_unharmonized
e1312_48946dfa77,education,Number of direct teaching woman teachers of general education as of 30 September by province · Lower secondary,Lower secondary,VN_SRC_BACGIANG,Bac Giang,2015,annual,4333.0,Person,not_specified,E1312,https://www.nso.gov.vn/en/px-web?pxid=E1312&theme=Education,source_reported_unharmonized
e1312_48946dfa77,education,Number of direct teaching woman teachers of general education as of 30 September by province · Lower secondary,Lower secondary,VN_SRC_BACGIANG,Bac Giang,2016,annual,4266.0,Person,not_specified,E1312,https://www.nso.gov.vn/en/px-web?pxid=E1312&theme=Education,source_reported_unharmonized
e1312_48946dfa77,education,Number of direct teaching woman teachers of general education as of 30 September by province · Lower secondary,Lower secondary,VN_SRC_BACGIANG,Bac Giang,2017,annual,4368.0,Person,not_specified,E1312,https://www.nso.gov.vn/en/px-web?pxid=E1312&theme=Education,source_reported_unharmonized
e1312_48946dfa77,education,Number of direct teaching woman teachers of general education as of 30 September by province · Lower secondary,Lower secondary,VN_SRC_BACGIANG,Bac Giang,2019,annual,4216.0,Person,not_specified,E1312,https://www.nso.gov.vn/en/px-web?pxid=E1312&theme=Education,source_reported_unharmonized
e1312_48946dfa77,education,Number of direct teaching woman teachers of general education as of 30 September by province · Lower secondary,Lower secondary,VN_SRC_BACGIANG,Bac Giang,2020,annual,4201.0,Person,not_specified,E1312,https://www.nso.gov.vn/en/px-web?pxid=E1312&theme=Education,source_reported_unharmonized
e1312_48946dfa77,education,Number of direct teaching woman teachers of general education as of 30 September by province · Lower secondary,Lower secondary,VN_SRC_BACGIANG,Bac Giang,2021,annual,4231.0,Person,not_specified,E1312,https://www.nso.gov.vn/en/px-web?pxid=E1312&theme=Education,source_reported_unharmonized
e1312_48946dfa77,education,Number of direct teaching woman teachers of general education as of 30 September by province · Lower secondary,Lower secondary,VN_SRC_BACGIANG,Bac Giang,2023,annual,4265.0,Person,not_specified,E1312,https://www.nso.gov.vn/en/px-web?pxid=E1312&theme=Education,source_reported_unharmonized
e1312_48946dfa77,education,Number of direct teaching woman teachers of general education as of 30 September by province · Lower secondary,Lower secondary,VN_SRC_PHUTHO,Phu Tho,2004,annual,4335.0,Person,not_specified,E1312,https://www.nso.gov.vn/en/px-web?pxid=E1312&theme=Education,source_reported_unharmonized
e1312_48946dfa77,education,Number of direct teaching woman teachers of general education as of 30 September by province · Lower secondary,Lower secondary,VN_SRC_PHUTHO,Phu Tho,2005,annual,4338.0,Person,not_specified,E1312,https://www.nso.gov.vn/en/px-web?pxid=E1312&theme=Education,source_reported_unharmonized
e1312_48946dfa77,education,Number of direct teaching woman teachers of general education as of 30 September by province · Lower secondary,Lower secondary,VN_SRC_PHUTHO,Phu Tho,2006,annual,4154.0,Person,not_specified,E1312,https://www.nso.gov.vn/en/px-web?pxid=E1312&theme=Education,source_reported_unharmonized
e1312_48946dfa77,education,Number of direct teaching woman teachers of general education as of 30 September by province · Lower secondary,Lower secondary,VN_SRC_PHUTHO,Phu Tho,2007,annual,4234.0,Person,not_specified,E1312,https://www.nso.gov.vn/en/px-web?pxid=E1312&theme=Education,source_reported_unharmonized
e1312_48946dfa77,education,Number of direct teaching woman teachers of general education as of 30 September by province · Lower secondary,Lower secondary,VN_SRC_PHUTHO,Phu Tho,2008,annual,3961.0,Person,not_specified,E1312,https://www.nso.gov.vn/en/px-web?pxid=E1312&theme=Education,source_reported_unharmonized
e1312_48946dfa77,education,Number of direct teaching woman teachers of general education as of 30 September by province · Lower secondary,Lower secondary,VN_SRC_PHUTHO,Phu Tho,2009,annual,3995.0,Person,not_specified,E1312,https://www.nso.gov.vn/en/px-web?pxid=E1312&theme=Education,source_reported_unharmonized
e1312_48946dfa77,education,Number of direct teaching woman teachers of general education as of 30 September by province · Lower secondary,Lower secondary,VN_SRC_PHUTHO,Phu Tho,2010,annual,4308.0,Person,not_specified,E1312,https://www.nso.gov.vn/en/px-web?pxid=E1312&theme=Education,source_reported_unharmonized
e1312_48946dfa77,education,Number of direct teaching woman teachers of general education as of 30 September by province · Lower secondary,Lower secondary,VN_SRC_PHUTHO,Phu Tho,2011,annual,4147.0,Person,not_specified,E1312,https://www.nso.gov.vn/en/px-web?pxid=E1312&theme=Education,source_reported_unharmonized
e1312_48946dfa77,education,Number of direct teaching woman teachers of general education as of 30 September by province · Lower secondary,Lower secondary,VN_SRC_PHUTHO,Phu Tho,2012,annual,4138.0,Person,not_specified,E1312,https://www.nso.gov.vn/en/px-web?pxid=E1312&theme=Education,source_reported_unharmonized
e1312_48946dfa77,education,Number of direct teaching woman teachers of general education as of 30 September by province · Lower secondary,Lower secondary,VN_SRC_PHUTHO,Phu Tho,2013,annual,4139.0,Person,not_specified,E1312,https://www.nso.gov.vn/en/px-web?pxid=E1312&theme=Education,source_reported_unharmonized
e1312_48946dfa77,education,Number of direct teaching woman teachers of general education as of 30 September by province · Lower secondary,Lower secondary,VN_SRC_PHUTHO,Phu Tho,2014,annual,4402.0,Person,not_specified,E1312,https://www.nso.gov.vn/en/px-web?pxid=E1312&theme=Education,source_reported_unharmonized
e1312_48946dfa77,education,Number of direct teaching woman teachers of general education as of 30 September by province · Lower secondary,Lower secondary,VN_SRC_PHUTHO,Phu Tho,2015,annual,4189.0,Person,not_specified,E1312,https://www.nso.gov.vn/en/px-web?pxid=E1312&theme=Education,source_reported_unharmonized
e1312_48946dfa77,education,Number of direct teaching woman teachers of general education as of 30 September by province · Lower secondary,Lower secondary,VN_SRC_PHUTHO,Phu Tho,2016,annual,4153.0,Person,not_specified,E1312,https://www.nso.gov.vn/en/px-web?pxid=E1312&theme=Education,source_reported_unharmonized
e1312_48946dfa77,education,Number of direct teaching woman teachers of general education as of 30 September by province · Lower secondary,Lower secondary,VN_SRC_PHUTHO,Phu Tho,2017,annual,4070.0,Person,not_specified,E1312,https://www.nso.gov.vn/en/px-web?pxid=E1312&theme=Education,source_reported_unharmonized
e1312_48946dfa77,education,Number of direct teaching woman teachers of general education as of 30 September by province · Lower secondary,Lower secondary,VN_SRC_PHUTHO,Phu Tho,2019,annual,3628.0,Person,not_specified,E1312,https://www.nso.gov.vn/en/px-web?pxid=E1312&theme=Education,source_reported_unharmonized
e1312_48946dfa77,education,Number of direct teaching woman teachers of general education as of 30 September by province · Lower secondary,Lower secondary,VN_SRC_PHUTHO,Phu Tho,2020,annual,3667.0,Person,not_specified,E1312,https://www.nso.gov.vn/en/px-web?pxid=E1312&theme=Education,source_reported_unharmonized
e1312_48946dfa77,education,Number of direct teaching woman teachers of general education as of 30 September by province · Lower secondary,Lower secondary,VN_SRC_PHUTHO,Phu Tho,2021,annual,3715.0,Person,not_specified,E1312,https://www.nso.gov.vn/en/px-web?pxid=E1312&theme=Education,source_reported_unharmonized
e1312_48946dfa77,education,Number of direct teaching woman teachers of general education as of 30 September by province · Lower secondary,Lower secondary,VN_SRC_PHUTHO,Phu Tho,2023,annual,3796.0,Person,not_specified,E1312,https://www.nso.gov.vn/en/px-web?pxid=E1312&theme=Education,source_reported_unharmonized
e1312_48946dfa77,education,Number of direct teaching woman teachers of general education as of 30 September by province · Lower secondary,Lower secondary,VN_SRC_DIENBIEN,Dien Bien,2004,annual,1302.0,Person,not_specified,E1312,https://www.nso.gov.vn/en/px-web?pxid=E1312&theme=Education,source_reported_unharmonized
e1312_48946dfa77,education,Number of direct teaching woman teachers of general education as of 30 September by province · Lower secondary,Lower secondary,VN_SRC_DIENBIEN,Dien Bien,2005,annual,1417.0,Person,not_specified,E1312,https://www.nso.gov.vn/en/px-web?pxid=E1312&theme=Education,source_reported_unharmonized
e1312_48946dfa77,education,Number of direct teaching woman teachers of general education as of 30 September by province · Lower secondary,Lower secondary,VN_SRC_DIENBIEN,Dien Bien,2006,annual,1498.0,Person,not_specified,E1312,https://www.nso.gov.vn/en/px-web?pxid=E1312&theme=Education,source_reported_unharmonized
e1312_48946dfa77,education,Number of direct teaching woman teachers of general education as of 30 September by province · Lower secondary,Lower secondary,VN_SRC_DIENBIEN,Dien Bien,2007,annual,1596.0,Person,not_specified,E1312,https://www.nso.gov.vn/en/px-web?pxid=E1312&theme=Education,source_reported_unharmonized
e1312_48946dfa77,education,Number of direct teaching woman teachers of general education as of 30 September by province · Lower secondary,Lower secondary,VN_SRC_DIENBIEN,Dien Bien,2008,annual,1635.0,Person,not_specified,E1312,https://www.nso.gov.vn/en/px-web?pxid=E1312&theme=Education,source_reported_unharmonized
e1312_48946dfa77,education,Number of direct teaching woman teachers of general education as of 30 September by province · Lower secondary,Lower secondary,VN_SRC_DIENBIEN,Dien Bien,2009,annual,1629.0,Person,not_specified,E1312,https://www.nso.gov.vn/en/px-web?pxid=E1312&theme=Education,source_reported_unharmonized
e1312_48946dfa77,education,Number of direct teaching woman teachers of general education as of 30 September by province · Lower secondary,Lower secondary,VN_SRC_DIENBIEN,Dien Bien,2010,annual,1687.0,Person,not_specified,E1312,https://www.nso.gov.vn/en/px-web?pxid=E1312&theme=Education,source_reported_unharmonized
e1312_48946dfa77,education,Number of direct teaching woman teachers of general education as of 30 September by province · Lower secondary,Lower secondary,VN_SRC_DIENBIEN,Dien Bien,2011,annual,1532.0,Person,not_specified,E1312,https://www.nso.gov.vn/en/px-web?pxid=E1312&theme=Education,source_reported_unharmonized
e1312_48946dfa77,education,Number of direct teaching woman teachers of general education as of 30 September by province · Lower secondary,Lower secondary,VN_SRC_DIENBIEN,Dien Bien,2012,annual,1610.0,Person,not_specified,E1312,https://www.nso.gov.vn/en/px-web?pxid=E1312&theme=Education,source_reported_unharmonized
e1312_48946dfa77,education,Number of direct teaching woman teachers of general education as of 30 September by province · Lower secondary,Lower secondary,VN_SRC_DIENBIEN,Dien Bien,2013,annual,1523.0,Person,not_specified,E1312,https://www.nso.gov.vn/en/px-web?pxid=E1312&theme=Education,source_reported_unharmonized
e1312_48946dfa77,education,Number of direct teaching woman teachers of general education as of 30 September by province · Lower secondary,Lower secondary,VN_SRC_DIENBIEN,Dien Bien,2014,annual,1537.0,Person,not_specified,E1312,https://www.nso.gov.vn/en/px-web?pxid=E1312&theme=Education,source_reported_unharmonized
e1312_48946dfa77,education,Number of direct teaching woman teachers of general education as of 30 September by province · Lower secondary,Lower secondary,VN_SRC_DIENBIEN,Dien Bien,2015,annual,1546.0,Person,not_specified,E1312,https://www.nso.gov.vn/en/px-web?pxid=E1312&theme=Education,source_reported_unharmonized
e1312_48946dfa77,education,Number of direct teaching woman teachers of general education as of 30 September by province · Lower secondary,Lower secondary,VN_SRC_DIENBIEN,Dien Bien,2016,annual,1602.0,Person,not_specified,E1312,https://www.nso.gov.vn/en/px-web?pxid=E1312&theme=Education,source_reported_unharmonized
e1312_48946dfa77,education,Number of direct teaching woman teachers of general education as of 30 September by province · Lower secondary,Lower secondary,VN_SRC_DIENBIEN,Dien Bien,2017,annual,1598.0,Person,not_specified,E1312,https://www.nso.gov.vn/en/px-web?pxid=E1312&theme=Education,source_reported_unharmonized
e1312_48946dfa77,education,Number of direct teaching woman teachers of general education as of 30 September by province · Lower secondary,Lower secondary,VN_SRC_DIENBIEN,Dien Bien,2019,annual,1558.0,Person,not_specified,E1312,https://www.nso.gov.vn/en/px-web?pxid=E1312&theme=Education,source_reported_unharmonized
e1312_48946dfa77,education,Number of direct teaching woman teachers of general education as of 30 September by province · Lower secondary,Lower secondary,VN_SRC_DIENBIEN,Dien Bien,2020,annual,1575.0,Person,not_specified,E1312,https://www.nso.gov.vn/en/px-web?pxid=E1312&theme=Education,source_reported_unharmonized
e1312_48946dfa77,education,Number of direct teaching woman teachers of general education as of 30 September by province · Lower secondary,Lower secondary,VN_SRC_DIENBIEN,Dien Bien,2021,annual,1545.0,Person,not_specified,E1312,https://www.nso.gov.vn/en/px-web?pxid=E1312&theme=Education,source_reported_unharmonized
e1312_48946dfa77,education,Number of direct teaching woman teachers of general education as of 30 September by province · Lower secondary,Lower secondary,VN_SRC_DIENBIEN,Dien Bien,2023,annual,1541.0,Person,not_specified,E1312,https://www.nso.gov.vn/en/px-web?pxid=E1312&theme=Education,source_reported_unharmonized
e1312_48946dfa77,education,Number of direct teaching woman teachers of general education as of 30 September by province · Lower secondary,Lower secondary,VN_SRC_LAICHAU,Lai Chau,2004,annual,611.0,Person,not_specified,E1312,https://www.nso.gov.vn/en/px-web?pxid=E1312&theme=Education,source_reported_unharmonized
e1312_48946dfa77,education,Number of direct teaching woman teachers of general education as of 30 September by province · Lower secondary,Lower secondary,VN_SRC_LAICHAU,Lai Chau,2005,annual,729.0,Person,not_specified,E1312,https://www.nso.gov.vn/en/px-web?pxid=E1312&theme=Education,source_reported_unharmonized
e1312_48946dfa77,education,Number of direct teaching woman teachers of general education as of 30 September by province · Lower secondary,Lower secondary,VN_SRC_LAICHAU,Lai Chau,2006,annual,876.0,Person,not_specified,E1312,https://www.nso.gov.vn/en/px-web?pxid=E1312&theme=Education,source_reported_unharmonized
e1312_48946dfa77,education,Number of direct teaching woman teachers of general education as of 30 September by province · Lower secondary,Lower secondary,VN_SRC_LAICHAU,Lai Chau,2007,annual,948.0,Person,not_specified,E1312,https://www.nso.gov.vn/en/px-web?pxid=E1312&theme=Education,source_reported_unharmonized
e1312_48946dfa77,education,Number of direct teaching woman teachers of general education as of 30 September by province · Lower secondary,Lower secondary,VN_SRC_LAICHAU,Lai Chau,2008,annual,977.0,Person,not_specified,E1312,https://www.nso.gov.vn/en/px-web?pxid=E1312&theme=Education,source_reported_unharmonized
e1312_48946dfa77,education,Number of direct teaching woman teachers of general education as of 30 September by province · Lower secondary,Lower secondary,VN_SRC_LAICHAU,Lai Chau,2009,annual,1026.0,Person,not_specified,E1312,https://www.nso.gov.vn/en/px-web?pxid=E1312&theme=Education,source_reported_unharmonized
e1312_48946dfa77,education,Number of direct teaching woman teachers of general education as of 30 September by province · Lower secondary,Lower secondary,VN_SRC_LAICHAU,Lai Chau,2010,annual,1048.0,Person,not_specified,E1312,https://www.nso.gov.vn/en/px-web?pxid=E1312&theme=Education,source_reported_unharmonized
e1312_48946dfa77,education,Number of direct teaching woman teachers of general education as of 30 September by province · Lower secondary,Lower secondary,VN_SRC_LAICHAU,Lai Chau,2011,annual,1148.0,Person,not_specified,E1312,https://www.nso.gov.vn/en/px-web?pxid=E1312&theme=Education,source_reported_unharmonized
e1312_48946dfa77,education,Number of direct teaching woman teachers of general education as of 30 September by province · Lower secondary,Lower secondary,VN_SRC_LAICHAU,Lai Chau,2012,annual,1142.0,Person,not_specified,E1312,https://www.nso.gov.vn/en/px-web?pxid=E1312&theme=Education,source_reported_unharmonized
e1312_48946dfa77,education,Number of direct teaching woman teachers of general education as of 30 September by province · Lower secondary,Lower secondary,VN_SRC_LAICHAU,Lai Chau,2013,annual,1264.0,Person,not_specified,E1312,https://www.nso.gov.vn/en/px-web?pxid=E1312&theme=Education,source_reported_unharmonized
e1312_48946dfa77,education,Number of direct teaching woman teachers of general education as of 30 September by province · Lower secondary,Lower secondary,VN_SRC_LAICHAU,Lai Chau,2014,annual,1275.0,Person,not_specified,E1312,https://www.nso.gov.vn/en/px-web?pxid=E1312&theme=Education,source_reported_unharmonized
e1312_48946dfa77,education,Number of direct teaching woman teachers of general education as of 30 September by province · Lower secondary,Lower secondary,VN_SRC_LAICHAU,Lai Chau,2015,annual,1212.0,Person,not_specified,E1312,https://www.nso.gov.vn/en/px-web?pxid=E1312&theme=Education,source_reported_unharmonized
e1312_48946dfa77,education,Number of direct teaching woman teachers of general education as of 30 September by province · Lower secondary,Lower secondary,VN_SRC_LAICHAU,Lai Chau,2016,annual,1232.0,Person,not_specified,E1312,https://www.nso.gov.vn/en/px-web?pxid=E1312&theme=Education,source_reported_unharmonized
e1312_48946dfa77,education,Number of direct teaching woman teachers of general education as of 30 September by province · Lower secondary,Lower secondary,VN_SRC_LAICHAU,Lai Chau,2017,annual,1217.0,Person,not_specified,E1312,https://www.nso.gov.vn/en/px-web?pxid=E1312&theme=Education,source_reported_unharmonized
e1312_48946dfa77,education,Number of direct teaching woman teachers of general education as of 30 September by province · Lower secondary,Lower secondary,VN_SRC_LAICHAU,Lai Chau,2019,annual,1225.0,Person,not_specified,E1312,https://www.nso.gov.vn/en/px-web?pxid=E1312&theme=Education,source_reported_unharmonized
e1312_48946dfa77,education,Number of direct teaching woman teachers of general education as of 30 September by province · Lower secondary,Lower secondary,VN_SRC_LAICHAU,Lai Chau,2020,annual,1180.0,Person,not_specified,E1312,https://www.nso.gov.vn/en/px-web?pxid=E1312&theme=Education,source_reported_unharmonized
e1312_48946dfa77,education,Number of direct teaching woman teachers of general education as of 30 September by province · Lower secondary,Lower secondary,VN_SRC_LAICHAU,Lai Chau,2021,annual,1150.0,Person,not_specified,E1312,https://www.nso.gov.vn/en/px-web?pxid=E1312&theme=Education,source_reported_unharmonized
e1312_48946dfa77,education,Number of direct teaching woman teachers of general education as of 30 September by province · Lower secondary,Lower secondary,VN_SRC_LAICHAU,Lai Chau,2023,annual,1083.0,Person,not_specified,E1312,https://www.nso.gov.vn/en/px-web?pxid=E1312&theme=Education,source_reported_unharmonized
e1312_48946dfa77,education,Number of direct teaching woman teachers of general education as of 30 September by province · Lower secondary,Lower secondary,VN_SRC_SONLA,Son La,2004,annual,2678.0,Person,not_specified,E1312,https://www.nso.gov.vn/en/px-web?pxid=E1312&theme=Education,source_reported_unharmonized
e1312_48946dfa77,education,Number of direct teaching woman teachers of general education as of 30 September by province · Lower secondary,Lower secondary,VN_SRC_SONLA,Son La,2005,annual,2851.0,Person,not_specified,E1312,https://www.nso.gov.vn/en/px-web?pxid=E1312&theme=Education,source_reported_unharmonized
e1312_48946dfa77,education,Number of direct teaching woman teachers of general education as of 30 September by province · Lower secondary,Lower secondary,VN_SRC_SONLA,Son La,2006,annual,3097.0,Person,not_specified,E1312,https://www.nso.gov.vn/en/px-web?pxid=E1312&theme=Education,source_reported_unharmonized
e1312_48946dfa77,education,Number of direct teaching woman teachers of general education as of 30 September by province · Lower secondary,Lower secondary,VN_SRC_SONLA,Son La,2007,annual,3219.0,Person,not_specified,E1312,https://www.nso.gov.vn/en/px-web?pxid=E1312&theme=Education,source_reported_unharmonized
e1312_48946dfa77,education,Number of direct teaching woman teachers of general education as of 30 September by province · Lower secondary,Lower secondary,VN_SRC_SONLA,Son La,2008,annual,3250.0,Person,not_specified,E1312,https://www.nso.gov.vn/en/px-web?pxid=E1312&theme=Education,source_reported_unharmonized
e1312_48946dfa77,education,Number of direct teaching woman teachers of general education as of 30 September by province · Lower secondary,Lower secondary,VN_SRC_SONLA,Son La,2009,annual,3116.0,Person,not_specified,E1312,https://www.nso.gov.vn/en/px-web?pxid=E1312&theme=Education,source_reported_unharmonized
e1312_48946dfa77,education,Number of direct teaching woman teachers of general education as of 30 September by province · Lower secondary,Lower secondary,VN_SRC_SONLA,Son La,2010,annual,3265.0,Person,not_specified,E1312,https://www.nso.gov.vn/en/px-web?pxid=E1312&theme=Education,source_reported_unharmonized
e1312_48946dfa77,education,Number of direct teaching woman teachers of general education as of 30 September by province · Lower secondary,Lower secondary,VN_SRC_SONLA,Son La,2011,annual,3261.0,Person,not_specified,E1312,https://www.nso.gov.vn/en/px-web?pxid=E1312&theme=Education,source_reported_unharmonized
e1312_48946dfa77,education,Number of direct teaching woman teachers of general education as of 30 September by province · Lower secondary,Lower secondary,VN_SRC_SONLA,Son La,2012,annual,3217.0,Person,not_specified,E1312,https://www.nso.gov.vn/en/px-web?pxid=E1312&theme=Education,source_reported_unharmonized
e1312_48946dfa77,education,Number of direct teaching woman teachers of general education as of 30 September by province · Lower secondary,Lower secondary,VN_SRC_SONLA,Son La,2013,annual,3206.0,Person,not_specified,E1312,https://www.nso.gov.vn/en/px-web?pxid=E1312&theme=Education,source_reported_unharmonized
e1312_48946dfa77,education,Number of direct teaching woman teachers of general education as of 30 September by province · Lower secondary,Lower secondary,VN_SRC_SONLA,Son La,2014,annual,3220.0,Person,not_specified,E1312,https://www.nso.gov.vn/en/px-web?pxid=E1312&theme=Education,source_reported_unharmonized
e1312_48946dfa77,education,Number of direct teaching woman teachers of general education as of 30 September by province · Lower secondary,Lower secondary,VN_SRC_SONLA,Son La,2015,annual,3214.0,Person,not_specified,E1312,https://www.nso.gov.vn/en/px-web?pxid=E1312&theme=Education,source_reported_unharmonized
e1312_48946dfa77,education,Number of direct teaching woman teachers of general education as of 30 September by province · Lower secondary,Lower secondary,VN_SRC_SONLA,Son La,2016,annual,3203.0,Person,not_specified,E1312,https://www.nso.gov.vn/en/px-web?pxid=E1312&theme=Education,source_reported_unharmonized
e1312_48946dfa77,education,Number of direct teaching woman teachers of general education as of 30 September by province · Lower secondary,Lower secondary,VN_SRC_SONLA,Son La,2017,annual,3171.0,Person,not_specified,E1312,https://www.nso.gov.vn/en/px-web?pxid=E1312&theme=Education,source_reported_unharmonized
e1312_48946dfa77,education,Number of direct teaching woman teachers of general education as of 30 September by province · Lower secondary,Lower secondary,VN_SRC_SONLA,Son La,2019,annual,2909.0,Person,not_specified,E1312,https://www.nso.gov.vn/en/px-web?pxid=E1312&theme=Education,source_reported_unharmonized
e1312_48946dfa77,education,Number of direct teaching woman teachers of general education as of 30 September by province · Lower secondary,Lower secondary,VN_SRC_SONLA,Son La,2020,annual,2974.0,Person,not_specified,E1312,https://www.nso.gov.vn/en/px-web?pxid=E1312&theme=Education,source_reported_unharmonized
e1312_48946dfa77,education,Number of direct teaching woman teachers of general education as of 30 September by province · Lower secondary,Lower secondary,VN_SRC_SONLA,Son La,2021,annual,2978.0,Person,not_specified,E1312,https://www.nso.gov.vn/en/px-web?pxid=E1312&theme=Education,source_reported_unharmonized
e1312_48946dfa77,education,Number of direct teaching woman teachers of general education as of 30 September by province · Lower secondary,Lower secondary,VN_SRC_SONLA,Son La,2023,annual,2945.0,Person,not_specified,E1312,https://www.nso.gov.vn/en/px-web?pxid=E1312&theme=Education,source_reported_unharmonized
e1312_48946dfa77,education,Number of direct teaching woman teachers of general education as of 30 September by province · Lower secondary,Lower secondary,VN_SRC_HOABINH,Hoa Binh,2004,annual,3253.0,Person,not_specified,E1312,https://www.nso.gov.vn/en/px-web?pxid=E1312&theme=Education,source_reported_unharmonized
e1312_48946dfa77,education,Number of direct teaching woman teachers of general education as of 30 September by province · Lower secondary,Lower secondary,VN_SRC_HOABINH,Hoa Binh,2005,annual,3217.0,Person,not_specified,E1312,https://www.nso.gov.vn/en/px-web?pxid=E1312&theme=Education,source_reported_unharmonized
e1312_48946dfa77,education,Number of direct teaching woman teachers of general education as of 30 September by province · Lower secondary,Lower secondary,VN_SRC_HOABINH,Hoa Binh,2006,annual,3337.0,Person,not_specified,E1312,https://www.nso.gov.vn/en/px-web?pxid=E1312&theme=Education,source_reported_unharmonized
e1312_48946dfa77,education,Number of direct teaching woman teachers of general education as of 30 September by province · Lower secondary,Lower secondary,VN_SRC_HOABINH,Hoa Binh,2007,annual,3310.0,Person,not_specified,E1312,https://www.nso.gov.vn/en/px-web?pxid=E1312&theme=Education,source_reported_unharmonized
e1312_48946dfa77,education,Number of direct teaching woman teachers of general education as of 30 September by province · Lower secondary,Lower secondary,VN_SRC_HOABINH,Hoa Binh,2008,annual,3302.0,Person,not_specified,E1312,https://www.nso.gov.vn/en/px-web?pxid=E1312&theme=Education,source_reported_unharmonized
e1312_48946dfa77,education,Number of direct teaching woman teachers of general education as of 30 September by province · Lower secondary,Lower secondary,VN_SRC_HOABINH,Hoa Binh,2009,annual,3034.0,Person,not_specified,E1312,https://www.nso.gov.vn/en/px-web?pxid=E1312&theme=Education,source_reported_unharmonized
e1312_48946dfa77,education,Number of direct teaching woman teachers of general education as of 30 September by province · Lower secondary,Lower secondary,VN_SRC_HOABINH,Hoa Binh,2010,annual,3215.0,Person,not_specified,E1312,https://www.nso.gov.vn/en/px-web?pxid=E1312&theme=Education,source_reported_unharmonized
e1312_48946dfa77,education,Number of direct teaching woman teachers of general education as of 30 September by province · Lower secondary,Lower secondary,VN_SRC_HOABINH,Hoa Binh,2011,annual,2871.0,Person,not_specified,E1312,https://www.nso.gov.vn/en/px-web?pxid=E1312&theme=Education,source_reported_unharmonized
e1312_48946dfa77,education,Number of direct teaching woman teachers of general education as of 30 September by province · Lower secondary,Lower secondary,VN_SRC_HOABINH,Hoa Binh,2012,annual,3113.0,Person,not_specified,E1312,https://www.nso.gov.vn/en/px-web?pxid=E1312&theme=Education,source_reported_unharmonized
e1312_48946dfa77,education,Number of direct teaching woman teachers of general education as of 30 September by province · Lower secondary,Lower secondary,VN_SRC_HOABINH,Hoa Binh,2013,annual,2857.0,Person,not_specified,E1312,https://www.nso.gov.vn/en/px-web?pxid=E1312&theme=Education,source_reported_unharmonized
e1312_48946dfa77,education,Number of direct teaching woman teachers of general education as of 30 September by province · Lower secondary,Lower secondary,VN_SRC_HOABINH,Hoa Binh,2014,annual,2795.0,Person,not_specified,E1312,https://www.nso.gov.vn/en/px-web?pxid=E1312&theme=Education,source_reported_unharmonized
e1312_48946dfa77,education,Number of direct teaching woman teachers of general education as of 30 September by province · Lower secondary,Lower secondary,VN_SRC_HOABINH,Hoa Binh,2015,annual,2721.0,Person,not_specified,E1312,https://www.nso.gov.vn/en/px-web?pxid=E1312&theme=Education,source_reported_unharmonized
e1312_48946dfa77,education,Number of direct teaching woman teachers of general education as of 30 September by province · Lower secondary,Lower secondary,VN_SRC_HOABINH,Hoa Binh,2016,annual,2689.0,Person,not_specified,E1312,https://www.nso.gov.vn/en/px-web?pxid=E1312&theme=Education,source_reported_unharmonized
e1312_48946dfa77,education,Number of direct teaching woman teachers of general education as of 30 September by province · Lower secondary,Lower secondary,VN_SRC_HOABINH,Hoa Binh,2017,annual,2611.0,Person,not_specified,E1312,https://www.nso.gov.vn/en/px-web?pxid=E1312&theme=Education,source_reported_unharmonized
e1312_48946dfa77,education,Number of direct teaching woman teachers of general education as of 30 September by province · Lower secondary,Lower secondary,VN_SRC_HOABINH,Hoa Binh,2019,annual,6807.0,Person,not_specified,E1312,https://www.nso.gov.vn/en/px-web?pxid=E1312&theme=Education,source_reported_unharmonized
e1312_48946dfa77,education,Number of direct teaching woman teachers of general education as of 30 September by province · Lower secondary,Lower secondary,VN_SRC_HOABINH,Hoa Binh,2020,annual,2530.0,Person,not_specified,E1312,https://www.nso.gov.vn/en/px-web?pxid=E1312&theme=Education,source_reported_unharmonized
e1312_48946dfa77,education,Number of direct teaching woman teachers of general education as of 30 September by province · Lower secondary,Lower secondary,VN_SRC_HOABINH,Hoa Binh,2021,annual,2468.0,Person,not_specified,E1312,https://www.nso.gov.vn/en/px-web?pxid=E1312&theme=Education,source_reported_unharmonized
e1312_48946dfa77,education,Number of direct teaching woman teachers of general education as of 30 September by province · Lower secondary,Lower secondary,VN_SRC_HOABINH,Hoa Binh,2023,annual,2551.0,Person,not_specified,E1312,https://www.nso.gov.vn/en/px-web?pxid=E1312&theme=Education,source_reported_unharmonized
e1312_48946dfa77,education,Number of direct teaching woman teachers of general education as of 30 September by province · Lower secondary,Lower secondary,VN_SRC_THANHHOA,Thanh Hoa,2004,annual,10996.0,Person,not_specified,E1312,https://www.nso.gov.vn/en/px-web?pxid=E1312&theme=Education,source_reported_unharmonized
e1312_48946dfa77,education,Number of direct teaching woman teachers of general education as of 30 September by province · Lower secondary,Lower secondary,VN_SRC_THANHHOA,Thanh Hoa,2005,annual,9905.0,Person,not_specified,E1312,https://www.nso.gov.vn/en/px-web?pxid=E1312&theme=Education,source_reported_unharmonized
e1312_48946dfa77,education,Number of direct teaching woman teachers of general education as of 30 September by province · Lower secondary,Lower secondary,VN_SRC_THANHHOA,Thanh Hoa,2006,annual,11571.0,Person,not_specified,E1312,https://www.nso.gov.vn/en/px-web?pxid=E1312&theme=Education,source_reported_unharmonized
e1312_48946dfa77,education,Number of direct teaching woman teachers of general education as of 30 September by province · Lower secondary,Lower secondary,VN_SRC_THANHHOA,Thanh Hoa,2007,annual,10753.0,Person,not_specified,E1312,https://www.nso.gov.vn/en/px-web?pxid=E1312&theme=Education,source_reported_unharmonized
e1312_48946dfa77,education,Number of direct teaching woman teachers of general education as of 30 September by province · Lower secondary,Lower secondary,VN_SRC_THANHHOA,Thanh Hoa,2008,annual,10432.0,Person,not_specified,E1312,https://www.nso.gov.vn/en/px-web?pxid=E1312&theme=Education,source_reported_unharmonized
e1312_48946dfa77,education,Number of direct teaching woman teachers of general education as of 30 September by province · Lower secondary,Lower secondary,VN_SRC_THANHHOA,Thanh Hoa,2009,annual,10270.0,Person,not_specified,E1312,https://www.nso.gov.vn/en/px-web?pxid=E1312&theme=Education,source_reported_unharmonized
e1312_48946dfa77,education,Number of direct teaching woman teachers of general education as of 30 September by province · Lower secondary,Lower secondary,VN_SRC_THANHHOA,Thanh Hoa,2010,annual,10117.0,Person,not_specified,E1312,https://www.nso.gov.vn/en/px-web?pxid=E1312&theme=Education,source_reported_unharmonized
e1312_48946dfa77,education,Number of direct teaching woman teachers of general education as of 30 September by province · Lower secondary,Lower secondary,VN_SRC_THANHHOA,Thanh Hoa,2011,annual,9350.0,Person,not_specified,E1312,https://www.nso.gov.vn/en/px-web?pxid=E1312&theme=Education,source_reported_unharmonized
e1312_48946dfa77,education,Number of direct teaching woman teachers of general education as of 30 September by province · Lower secondary,Lower secondary,VN_SRC_THANHHOA,Thanh Hoa,2012,annual,8764.0,Person,not_specified,E1312,https://www.nso.gov.vn/en/px-web?pxid=E1312&theme=Education,source_reported_unharmonized
e1312_48946dfa77,education,Number of direct teaching woman teachers of general education as of 30 September by province · Lower secondary,Lower secondary,VN_SRC_THANHHOA,Thanh Hoa,2013,annual,9181.0,Person,not_specified,E1312,https://www.nso.gov.vn/en/px-web?pxid=E1312&theme=Education,source_reported_unharmonized
e1312_48946dfa77,education,Number of direct teaching woman teachers of general education as of 30 September by province · Lower secondary,Lower secondary,VN_SRC_THANHHOA,Thanh Hoa,2014,annual,8461.0,Person,not_specified,E1312,https://www.nso.gov.vn/en/px-web?pxid=E1312&theme=Education,source_reported_unharmonized
e1312_48946dfa77,education,Number of direct teaching woman teachers of general education as of 30 September by province · Lower secondary,Lower secondary,VN_SRC_THANHHOA,Thanh Hoa,2015,annual,8560.0,Person,not_specified,E1312,https://www.nso.gov.vn/en/px-web?pxid=E1312&theme=Education,source_reported_unharmonized
e1312_48946dfa77,education,Number of direct teaching woman teachers of general education as of 30 September by province · Lower secondary,Lower secondary,VN_SRC_THANHHOA,Thanh Hoa,2016,annual,7988.0,Person,not_specified,E1312,https://www.nso.gov.vn/en/px-web?pxid=E1312&theme=Education,source_reported_unharmonized
e1312_48946dfa77,education,Number of direct teaching woman teachers of general education as of 30 September by province · Lower secondary,Lower secondary,VN_SRC_THANHHOA,Thanh Hoa,2017,annual,7382.0,Person,not_specified,E1312,https://www.nso.gov.vn/en/px-web?pxid=E1312&theme=Education,source_reported_unharmonized
e1312_48946dfa77,education,Number of direct teaching woman teachers of general education as of 30 September by province · Lower secondary,Lower secondary,VN_SRC_THANHHOA,Thanh Hoa,2019,annual,6807.0,Person,not_specified,E1312,https://www.nso.gov.vn/en/px-web?pxid=E1312&theme=Education,source_reported_unharmonized
e1312_48946dfa77,education,Number of direct teaching woman teachers of general education as of 30 September by province · Lower secondary,Lower secondary,VN_SRC_THANHHOA,Thanh Hoa,2020,annual,6877.0,Person,not_specified,E1312,https://www.nso.gov.vn/en/px-web?pxid=E1312&theme=Education,source_reported_unharmonized
e1312_48946dfa77,education,Number of direct teaching woman teachers of general education as of 30 September by province · Lower secondary,Lower secondary,VN_SRC_THANHHOA,Thanh Hoa,2021,annual,6873.0,Person,not_specified,E1312,https://www.nso.gov.vn/en/px-web?pxid=E1312&theme=Education,source_reported_unharmonized
e1312_48946dfa77,education,Number of direct teaching woman teachers of general education as of 30 September by province · Lower secondary,Lower secondary,VN_SRC_THANHHOA,Thanh Hoa,2023,annual,6627.0,Person,not_specified,E1312,https://www.nso.gov.vn/en/px-web?pxid=E1312&theme=Education,source_reported_unharmonized
e1312_48946dfa77,education,Number of direct teaching woman teachers of general education as of 30 September by province · Lower secondary,Lower secondary,VN_SRC_NGHEAN,Nghe An,2004,annual,8428.0,Person,not_specified,E1312,https://www.nso.gov.vn/en/px-web?pxid=E1312&theme=Education,source_reported_unharmonized
e1312_48946dfa77,education,Number of direct teaching woman teachers of general education as of 30 September by province · Lower secondary,Lower secondary,VN_SRC_NGHEAN,Nghe An,2005,annual,9308.0,Person,not_specified,E1312,https://www.nso.gov.vn/en/px-web?pxid=E1312&theme=Education,source_reported_unharmonized
e1312_48946dfa77,education,Number of direct teaching woman teachers of general education as of 30 September by province · Lower secondary,Lower secondary,VN_SRC_NGHEAN,Nghe An,2006,annual,9443.0,Person,not_specified,E1312,https://www.nso.gov.vn/en/px-web?pxid=E1312&theme=Education,source_reported_unharmonized
e1312_48946dfa77,education,Number of direct teaching woman teachers of general education as of 30 September by province · Lower secondary,Lower secondary,VN_SRC_NGHEAN,Nghe An,2007,annual,9295.0,Person,not_specified,E1312,https://www.nso.gov.vn/en/px-web?pxid=E1312&theme=Education,source_reported_unharmonized
e1312_48946dfa77,education,Number of direct teaching woman teachers of general education as of 30 September by province · Lower secondary,Lower secondary,VN_SRC_NGHEAN,Nghe An,2008,annual,9075.0,Person,not_specified,E1312,https://www.nso.gov.vn/en/px-web?pxid=E1312&theme=Education,source_reported_unharmonized
e1312_48946dfa77,education,Number of direct teaching woman teachers of general education as of 30 September by province · Lower secondary,Lower secondary,VN_SRC_NGHEAN,Nghe An,2009,annual,8926.0,Person,not_specified,E1312,https://www.nso.gov.vn/en/px-web?pxid=E1312&theme=Education,source_reported_unharmonized
e1312_48946dfa77,education,Number of direct teaching woman teachers of general education as of 30 September by province · Lower secondary,Lower secondary,VN_SRC_NGHEAN,Nghe An,2010,annual,8919.0,Person,not_specified,E1312,https://www.nso.gov.vn/en/px-web?pxid=E1312&theme=Education,source_reported_unharmonized
e1312_48946dfa77,education,Number of direct teaching woman teachers of general education as of 30 September by province · Lower secondary,Lower secondary,VN_SRC_NGHEAN,Nghe An,2011,annual,8283.0,Person,not_specified,E1312,https://www.nso.gov.vn/en/px-web?pxid=E1312&theme=Education,source_reported_unharmonized
e1312_48946dfa77,education,Number of direct teaching woman teachers of general education as of 30 September by province · Lower secondary,Lower secondary,VN_SRC_NGHEAN,Nghe An,2012,annual,8700.0,Person,not_specified,E1312,https://www.nso.gov.vn/en/px-web?pxid=E1312&theme=Education,source_reported_unharmonized
e1312_48946dfa77,education,Number of direct teaching woman teachers of general education as of 30 September by province · Lower secondary,Lower secondary,VN_SRC_NGHEAN,Nghe An,2013,annual,8884.0,Person,not_specified,E1312,https://www.nso.gov.vn/en/px-web?pxid=E1312&theme=Education,source_reported_unharmonized
e1312_48946dfa77,education,Number of direct teaching woman teachers of general education as of 30 September by province · Lower secondary,Lower secondary,VN_SRC_NGHEAN,Nghe An,2014,annual,8352.0,Person,not_specified,E1312,https://www.nso.gov.vn/en/px-web?pxid=E1312&theme=Education,source_reported_unharmonized
e1312_48946dfa77,education,Number of direct teaching woman teachers of general education as of 30 September by province · Lower secondary,Lower secondary,VN_SRC_NGHEAN,Nghe An,2015,annual,8022.0,Person,not_specified,E1312,https://www.nso.gov.vn/en/px-web?pxid=E1312&theme=Education,source_reported_unharmonized
e1312_48946dfa77,education,Number of direct teaching woman teachers of general education as of 30 September by province · Lower secondary,Lower secondary,VN_SRC_NGHEAN,Nghe An,2016,annual,7828.0,Person,not_specified,E1312,https://www.nso.gov.vn/en/px-web?pxid=E1312&theme=Education,source_reported_unharmonized
e1312_48946dfa77,education,Number of direct teaching woman teachers of general education as of 30 September by province · Lower secondary,Lower secondary,VN_SRC_NGHEAN,Nghe An,2017,annual,7624.0,Person,not_specified,E1312,https://www.nso.gov.vn/en/px-web?pxid=E1312&theme=Education,source_reported_unharmonized
e1312_48946dfa77,education,Number of direct teaching woman teachers of general education as of 30 September by province · Lower secondary,Lower secondary,VN_SRC_NGHEAN,Nghe An,2019,annual,6937.0,Person,not_specified,E1312,https://www.nso.gov.vn/en/px-web?pxid=E1312&theme=Education,source_reported_unharmonized
e1312_48946dfa77,education,Number of direct teaching woman teachers of general education as of 30 September by province · Lower secondary,Lower secondary,VN_SRC_NGHEAN,Nghe An,2020,annual,6906.0,Person,not_specified,E1312,https://www.nso.gov.vn/en/px-web?pxid=E1312&theme=Education,source_reported_unharmonized
e1312_48946dfa77,education,Number of direct teaching woman teachers of general education as of 30 September by province · Lower secondary,Lower secondary,VN_SRC_NGHEAN,Nghe An,2021,annual,6778.0,Person,not_specified,E1312,https://www.nso.gov.vn/en/px-web?pxid=E1312&theme=Education,source_reported_unharmonized
e1312_48946dfa77,education,Number of direct teaching woman teachers of general education as of 30 September by province · Lower secondary,Lower secondary,VN_SRC_NGHEAN,Nghe An,2023,annual,6680.0,Person,not_specified,E1312,https://www.nso.gov.vn/en/px-web?pxid=E1312&theme=Education,source_reported_unharmonized
e1312_48946dfa77,education,Number of direct teaching woman teachers of general education as of 30 September by province · Lower secondary,Lower secondary,VN_SRC_HATINH,Ha Tinh,2004,annual,4627.0,Person,not_specified,E1312,https://www.nso.gov.vn/en/px-web?pxid=E1312&theme=Education,source_reported_unharmonized
e1312_48946dfa77,education,Number of direct teaching woman teachers of general education as of 30 September by province · Lower secondary,Lower secondary,VN_SRC_HATINH,Ha Tinh,2005,annual,4266.0,Person,not_specified,E1312,https://www.nso.gov.vn/en/px-web?pxid=E1312&theme=Education,source_reported_unharmonized
e1312_48946dfa77,education,Number of direct teaching woman teachers of general education as of 30 September by province · Lower secondary,Lower secondary,VN_SRC_HATINH,Ha Tinh,2006,annual,4404.0,Person,not_specified,E1312,https://www.nso.gov.vn/en/px-web?pxid=E1312&theme=Education,source_reported_unharmonized
e1312_48946dfa77,education,Number of direct teaching woman teachers of general education as of 30 September by province · Lower secondary,Lower secondary,VN_SRC_HATINH,Ha Tinh,2007,annual,4469.0,Person,not_specified,E1312,https://www.nso.gov.vn/en/px-web?pxid=E1312&theme=Education,source_reported_unharmonized
e1312_48946dfa77,education,Number of direct teaching woman teachers of general education as of 30 September by province · Lower secondary,Lower secondary,VN_SRC_HATINH,Ha Tinh,2008,annual,3988.0,Person,not_specified,E1312,https://www.nso.gov.vn/en/px-web?pxid=E1312&theme=Education,source_reported_unharmonized
e1312_48946dfa77,education,Number of direct teaching woman teachers of general education as of 30 September by province · Lower secondary,Lower secondary,VN_SRC_HATINH,Ha Tinh,2009,annual,4075.0,Person,not_specified,E1312,https://www.nso.gov.vn/en/px-web?pxid=E1312&theme=Education,source_reported_unharmonized
e1312_48946dfa77,education,Number of direct teaching woman teachers of general education as of 30 September by province · Lower secondary,Lower secondary,VN_SRC_HATINH,Ha Tinh,2010,annual,3915.0,Person,not_specified,E1312,https://www.nso.gov.vn/en/px-web?pxid=E1312&theme=Education,source_reported_unharmonized
e1312_48946dfa77,education,Number of direct teaching woman teachers of general education as of 30 September by province · Lower secondary,Lower secondary,VN_SRC_HATINH,Ha Tinh,2011,annual,3627.0,Person,not_specified,E1312,https://www.nso.gov.vn/en/px-web?pxid=E1312&theme=Education,source_reported_unharmonized
e1312_48946dfa77,education,Number of direct teaching woman teachers of general education as of 30 September by province · Lower secondary,Lower secondary,VN_SRC_HATINH,Ha Tinh,2012,annual,3822.0,Person,not_specified,E1312,https://www.nso.gov.vn/en/px-web?pxid=E1312&theme=Education,source_reported_unharmonized
e1312_48946dfa77,education,Number of direct teaching woman teachers of general education as of 30 September by province · Lower secondary,Lower secondary,VN_SRC_HATINH,Ha Tinh,2013,annual,3559.0,Person,not_specified,E1312,https://www.nso.gov.vn/en/px-web?pxid=E1312&theme=Education,source_reported_unharmonized
e1312_48946dfa77,education,Number of direct teaching woman teachers of general education as of 30 September by province · Lower secondary,Lower secondary,VN_SRC_HATINH,Ha Tinh,2014,annual,3403.0,Person,not_specified,E1312,https://www.nso.gov.vn/en/px-web?pxid=E1312&theme=Education,source_reported_unharmonized
e1312_48946dfa77,education,Number of direct teaching woman teachers of general education as of 30 September by province · Lower secondary,Lower secondary,VN_SRC_HATINH,Ha Tinh,2015,annual,3248.0,Person,not_specified,E1312,https://www.nso.gov.vn/en/px-web?pxid=E1312&theme=Education,source_reported_unharmonized
e1312_48946dfa77,education,Number of direct teaching woman teachers of general education as of 30 September by province · Lower secondary,Lower secondary,VN_SRC_HATINH,Ha Tinh,2016,annual,3162.0,Person,not_specified,E1312,https://www.nso.gov.vn/en/px-web?pxid=E1312&theme=Education,source_reported_unharmonized
e1312_48946dfa77,education,Number of direct teaching woman teachers of general education as of 30 September by province · Lower secondary,Lower secondary,VN_SRC_HATINH,Ha Tinh,2017,annual,3147.0,Person,not_specified,E1312,https://www.nso.gov.vn/en/px-web?pxid=E1312&theme=Education,source_reported_unharmonized
e1312_48946dfa77,education,Number of direct teaching woman teachers of general education as of 30 September by province · Lower secondary,Lower secondary,VN_SRC_HATINH,Ha Tinh,2019,annual,3030.0,Person,not_specified,E1312,https://www.nso.gov.vn/en/px-web?pxid=E1312&theme=Education,source_reported_unharmonized
e1312_48946dfa77,education,Number of direct teaching woman teachers of general education as of 30 September by province · Lower secondary,Lower secondary,VN_SRC_HATINH,Ha Tinh,2020,annual,2993.0,Person,not_specified,E1312,https://www.nso.gov.vn/en/px-web?pxid=E1312&theme=Education,source_reported_unharmonized
e1312_48946dfa77,education,Number of direct teaching woman teachers of general education as of 30 September by province · Lower secondary,Lower secondary,VN_SRC_HATINH,Ha Tinh,2021,annual,3051.0,Person,not_specified,E1312,https://www.nso.gov.vn/en/px-web?pxid=E1312&theme=Education,source_reported_unharmonized
e1312_48946dfa77,education,Number of direct teaching woman teachers of general education as of 30 September by province · Lower secondary,Lower secondary,VN_SRC_HATINH,Ha Tinh,2023,annual,3024.0,Person,not_specified,E1312,https://www.nso.gov.vn/en/px-web?pxid=E1312&theme=Education,source_reported_unharmonized
e1312_48946dfa77,education,Number of direct teaching woman teachers of general education as of 30 September by province · Lower secondary,Lower secondary,VN_SRC_QUANGBINH,Quang Binh,2004,annual,2635.0,Person,not_specified,E1312,https://www.nso.gov.vn/en/px-web?pxid=E1312&theme=Education,source_reported_unharmonized
e1312_48946dfa77,education,Number of direct teaching woman teachers of general education as of 30 September by province · Lower secondary,Lower secondary,VN_SRC_QUANGBINH,Quang Binh,2005,annual,2676.0,Person,not_specified,E1312,https://www.nso.gov.vn/en/px-web?pxid=E1312&theme=Education,source_reported_unharmonized
e1312_48946dfa77,education,Number of direct teaching woman teachers of general education as of 30 September by province · Lower secondary,Lower secondary,VN_SRC_QUANGBINH,Quang Binh,2006,annual,2579.0,Person,not_specified,E1312,https://www.nso.gov.vn/en/px-web?pxid=E1312&theme=Education,source_reported_unharmonized
e1312_48946dfa77,education,Number of direct teaching woman teachers of general education as of 30 September by province · Lower secondary,Lower secondary,VN_SRC_QUANGBINH,Quang Binh,2007,annual,2728.0,Person,not_specified,E1312,https://www.nso.gov.vn/en/px-web?pxid=E1312&theme=Education,source_reported_unharmonized
e1312_48946dfa77,education,Number of direct teaching woman teachers of general education as of 30 September by province · Lower secondary,Lower secondary,VN_SRC_QUANGBINH,Quang Binh,2008,annual,2570.0,Person,not_specified,E1312,https://www.nso.gov.vn/en/px-web?pxid=E1312&theme=Education,source_reported_unharmonized
e1312_48946dfa77,education,Number of direct teaching woman teachers of general education as of 30 September by province · Lower secondary,Lower secondary,VN_SRC_QUANGBINH,Quang Binh,2009,annual,2506.0,Person,not_specified,E1312,https://www.nso.gov.vn/en/px-web?pxid=E1312&theme=Education,source_reported_unharmonized
e1312_48946dfa77,education,Number of direct teaching woman teachers of general education as of 30 September by province · Lower secondary,Lower secondary,VN_SRC_QUANGBINH,Quang Binh,2010,annual,2362.0,Person,not_specified,E1312,https://www.nso.gov.vn/en/px-web?pxid=E1312&theme=Education,source_reported_unharmonized
e1312_48946dfa77,education,Number of direct teaching woman teachers of general education as of 30 September by province · Lower secondary,Lower secondary,VN_SRC_QUANGBINH,Quang Binh,2011,annual,2320.0,Person,not_specified,E1312,https://www.nso.gov.vn/en/px-web?pxid=E1312&theme=Education,source_reported_unharmonized
e1312_48946dfa77,education,Number of direct teaching woman teachers of general education as of 30 September by province · Lower secondary,Lower secondary,VN_SRC_QUANGBINH,Quang Binh,2012,annual,2337.0,Person,not_specified,E1312,https://www.nso.gov.vn/en/px-web?pxid=E1312&theme=Education,source_reported_unharmonized
e1312_48946dfa77,education,Number of direct teaching woman teachers of general education as of 30 September by province · Lower secondary,Lower secondary,VN_SRC_QUANGBINH,Quang Binh,2013,annual,2271.0,Person,not_specified,E1312,https://www.nso.gov.vn/en/px-web?pxid=E1312&theme=Education,source_reported_unharmonized
e1312_48946dfa77,education,Number of direct teaching woman teachers of general education as of 30 September by province · Lower secondary,Lower secondary,VN_SRC_QUANGBINH,Quang Binh,2014,annual,2291.0,Person,not_specified,E1312,https://www.nso.gov.vn/en/px-web?pxid=E1312&theme=Education,source_reported_unharmonized
e1312_48946dfa77,education,Number of direct teaching woman teachers of general education as of 30 September by province · Lower secondary,Lower secondary,VN_SRC_QUANGBINH,Quang Binh,2015,annual,2348.0,Person,not_specified,E1312,https://www.nso.gov.vn/en/px-web?pxid=E1312&theme=Education,source_reported_unharmonized
e1312_48946dfa77,education,Number of direct teaching woman teachers of general education as of 30 September by province · Lower secondary,Lower secondary,VN_SRC_QUANGBINH,Quang Binh,2016,annual,2269.0,Person,not_specified,E1312,https://www.nso.gov.vn/en/px-web?pxid=E1312&theme=Education,source_reported_unharmonized
e1312_48946dfa77,education,Number of direct teaching woman teachers of general education as of 30 September by province · Lower secondary,Lower secondary,VN_SRC_QUANGBINH,Quang Binh,2017,annual,2261.0,Person,not_specified,E1312,https://www.nso.gov.vn/en/px-web?pxid=E1312&theme=Education,source_reported_unharmonized
e1312_48946dfa77,education,Number of direct teaching woman teachers of general education as of 30 September by province · Lower secondary,Lower secondary,VN_SRC_QUANGBINH,Quang Binh,2019,annual,2106.0,Person,not_specified,E1312,https://www.nso.gov.vn/en/px-web?pxid=E1312&theme=Education,source_reported_unharmonized
e1312_48946dfa77,education,Number of direct teaching woman teachers of general education as of 30 September by province · Lower secondary,Lower secondary,VN_SRC_QUANGBINH,Quang Binh,2020,annual,2089.0,Person,not_specified,E1312,https://www.nso.gov.vn/en/px-web?pxid=E1312&theme=Education,source_reported_unharmonized
e1312_48946dfa77,education,Number of direct teaching woman teachers of general education as of 30 September by province · Lower secondary,Lower secondary,VN_SRC_QUANGBINH,Quang Binh,2021,annual,2079.0,Person,not_specified,E1312,https://www.nso.gov.vn/en/px-web?pxid=E1312&theme=Education,source_reported_unharmonized
e1312_48946dfa77,education,Number of direct teaching woman teachers of general education as of 30 September by province · Lower secondary,Lower secondary,VN_SRC_QUANGBINH,Quang Binh,2023,annual,2150.0,Person,not_specified,E1312,https://www.nso.gov.vn/en/px-web?pxid=E1312&theme=Education,source_reported_unharmonized
e1312_48946dfa77,education,Number of direct teaching woman teachers of general education as of 30 September by province · Lower secondary,Lower secondary,VN_SRC_QUANGTRI,Quang Tri,2004,annual,1735.0,Person,not_specified,E1312,https://www.nso.gov.vn/en/px-web?pxid=E1312&theme=Education,source_reported_unharmonized
e1312_48946dfa77,education,Number of direct teaching woman teachers of general education as of 30 September by province · Lower secondary,Lower secondary,VN_SRC_QUANGTRI,Quang Tri,2005,annual,1840.0,Person,not_specified,E1312,https://www.nso.gov.vn/en/px-web?pxid=E1312&theme=Education,source_reported_unharmonized
e1312_48946dfa77,education,Number of direct teaching woman teachers of general education as of 30 September by province · Lower secondary,Lower secondary,VN_SRC_QUANGTRI,Quang Tri,2006,annual,1911.0,Person,not_specified,E1312,https://www.nso.gov.vn/en/px-web?pxid=E1312&theme=Education,source_reported_unharmonized
e1312_48946dfa77,education,Number of direct teaching woman teachers of general education as of 30 September by province · Lower secondary,Lower secondary,VN_SRC_QUANGTRI,Quang Tri,2007,annual,1951.0,Person,not_specified,E1312,https://www.nso.gov.vn/en/px-web?pxid=E1312&theme=Education,source_reported_unharmonized
e1312_48946dfa77,education,Number of direct teaching woman teachers of general education as of 30 September by province · Lower secondary,Lower secondary,VN_SRC_QUANGTRI,Quang Tri,2008,annual,1884.0,Person,not_specified,E1312,https://www.nso.gov.vn/en/px-web?pxid=E1312&theme=Education,source_reported_unharmonized
e1312_48946dfa77,education,Number of direct teaching woman teachers of general education as of 30 September by province · Lower secondary,Lower secondary,VN_SRC_QUANGTRI,Quang Tri,2009,annual,1949.0,Person,not_specified,E1312,https://www.nso.gov.vn/en/px-web?pxid=E1312&theme=Education,source_reported_unharmonized
e1312_48946dfa77,education,Number of direct teaching woman teachers of general education as of 30 September by province · Lower secondary,Lower secondary,VN_SRC_QUANGTRI,Quang Tri,2010,annual,1857.0,Person,not_specified,E1312,https://www.nso.gov.vn/en/px-web?pxid=E1312&theme=Education,source_reported_unharmonized
e1312_48946dfa77,education,Number of direct teaching woman teachers of general education as of 30 September by province · Lower secondary,Lower secondary,VN_SRC_QUANGTRI,Quang Tri,2011,annual,1782.0,Person,not_specified,E1312,https://www.nso.gov.vn/en/px-web?pxid=E1312&theme=Education,source_reported_unharmonized
e1312_48946dfa77,education,Number of direct teaching woman teachers of general education as of 30 September by province · Lower secondary,Lower secondary,VN_SRC_QUANGTRI,Quang Tri,2012,annual,1818.0,Person,not_specified,E1312,https://www.nso.gov.vn/en/px-web?pxid=E1312&theme=Education,source_reported_unharmonized
e1312_48946dfa77,education,Number of direct teaching woman teachers of general education as of 30 September by province · Lower secondary,Lower secondary,VN_SRC_QUANGTRI,Quang Tri,2013,annual,1704.0,Person,not_specified,E1312,https://www.nso.gov.vn/en/px-web?pxid=E1312&theme=Education,source_reported_unharmonized
e1312_48946dfa77,education,Number of direct teaching woman teachers of general education as of 30 September by province · Lower secondary,Lower secondary,VN_SRC_QUANGTRI,Quang Tri,2014,annual,1676.0,Person,not_specified,E1312,https://www.nso.gov.vn/en/px-web?pxid=E1312&theme=Education,source_reported_unharmonized
e1312_48946dfa77,education,Number of direct teaching woman teachers of general education as of 30 September by province · Lower secondary,Lower secondary,VN_SRC_QUANGTRI,Quang Tri,2015,annual,1709.0,Person,not_specified,E1312,https://www.nso.gov.vn/en/px-web?pxid=E1312&theme=Education,source_reported_unharmonized
e1312_48946dfa77,education,Number of direct teaching woman teachers of general education as of 30 September by province · Lower secondary,Lower secondary,VN_SRC_QUANGTRI,Quang Tri,2016,annual,1705.0,Person,not_specified,E1312,https://www.nso.gov.vn/en/px-web?pxid=E1312&theme=Education,source_reported_unharmonized
e1312_48946dfa77,education,Number of direct teaching woman teachers of general education as of 30 September by province · Lower secondary,Lower secondary,VN_SRC_QUANGTRI,Quang Tri,2017,annual,1661.0,Person,not_specified,E1312,https://www.nso.gov.vn/en/px-web?pxid=E1312&theme=Education,source_reported_unharmonized
e1312_48946dfa77,education,Number of direct teaching woman teachers of general education as of 30 September by province · Lower secondary,Lower secondary,VN_SRC_QUANGTRI,Quang Tri,2019,annual,1519.0,Person,not_specified,E1312,https://www.nso.gov.vn/en/px-web?pxid=E1312&theme=Education,source_reported_unharmonized
e1312_48946dfa77,education,Number of direct teaching woman teachers of general education as of 30 September by province · Lower secondary,Lower secondary,VN_SRC_QUANGTRI,Quang Tri,2020,annual,1563.0,Person,not_specified,E1312,https://www.nso.gov.vn/en/px-web?pxid=E1312&theme=Education,source_reported_unharmonized
e1312_48946dfa77,education,Number of direct teaching woman teachers of general education as of 30 September by province · Lower secondary,Lower secondary,VN_SRC_QUANGTRI,Quang Tri,2021,annual,1581.0,Person,not_specified,E1312,https://www.nso.gov.vn/en/px-web?pxid=E1312&theme=Education,source_reported_unharmonized
e1312_48946dfa77,education,Number of direct teaching woman teachers of general education as of 30 September by province · Lower secondary,Lower secondary,VN_SRC_QUANGTRI,Quang Tri,2023,annual,1574.0,Person,not_specified,E1312,https://www.nso.gov.vn/en/px-web?pxid=E1312&theme=Education,source_reported_unharmonized
e1312_48946dfa77,education,Number of direct teaching woman teachers of general education as of 30 September by province · Lower secondary,Lower secondary,VN_SRC_THUATHIENHUE,Thua Thien-Hue,2004,annual,2385.0,Person,not_specified,E1312,https://www.nso.gov.vn/en/px-web?pxid=E1312&theme=Education,source_reported_unharmonized
e1312_48946dfa77,education,Number of direct teaching woman teachers of general education as of 30 September by province · Lower secondary,Lower secondary,VN_SRC_THUATHIENHUE,Thua Thien-Hue,2005,annual,2525.0,Person,not_specified,E1312,https://www.nso.gov.vn/en/px-web?pxid=E1312&theme=Education,source_reported_unharmonized
e1312_48946dfa77,education,Number of direct teaching woman teachers of general education as of 30 September by province · Lower secondary,Lower secondary,VN_SRC_THUATHIENHUE,Thua Thien-Hue,2006,annual,2704.0,Person,not_specified,E1312,https://www.nso.gov.vn/en/px-web?pxid=E1312&theme=Education,source_reported_unharmonized
e1312_48946dfa77,education,Number of direct teaching woman teachers of general education as of 30 September by province · Lower secondary,Lower secondary,VN_SRC_THUATHIENHUE,Thua Thien-Hue,2007,annual,2812.0,Person,not_specified,E1312,https://www.nso.gov.vn/en/px-web?pxid=E1312&theme=Education,source_reported_unharmonized
e1312_48946dfa77,education,Number of direct teaching woman teachers of general education as of 30 September by province · Lower secondary,Lower secondary,VN_SRC_THUATHIENHUE,Thua Thien-Hue,2008,annual,2757.0,Person,not_specified,E1312,https://www.nso.gov.vn/en/px-web?pxid=E1312&theme=Education,source_reported_unharmonized
e1312_48946dfa77,education,Number of direct teaching woman teachers of general education as of 30 September by province · Lower secondary,Lower secondary,VN_SRC_THUATHIENHUE,Thua Thien-Hue,2009,annual,2816.0,Person,not_specified,E1312,https://www.nso.gov.vn/en/px-web?pxid=E1312&theme=Education,source_reported_unharmonized
e1312_48946dfa77,education,Number of direct teaching woman teachers of general education as of 30 September by province · Lower secondary,Lower secondary,VN_SRC_THUATHIENHUE,Thua Thien-Hue,2010,annual,2836.0,Person,not_specified,E1312,https://www.nso.gov.vn/en/px-web?pxid=E1312&theme=Education,source_reported_unharmonized
e1312_48946dfa77,education,Number of direct teaching woman teachers of general education as of 30 September by province · Lower secondary,Lower secondary,VN_SRC_THUATHIENHUE,Thua Thien-Hue,2011,annual,2593.0,Person,not_specified,E1312,https://www.nso.gov.vn/en/px-web?pxid=E1312&theme=Education,source_reported_unharmonized
e1312_48946dfa77,education,Number of direct teaching woman teachers of general education as of 30 September by province · Lower secondary,Lower secondary,VN_SRC_THUATHIENHUE,Thua Thien-Hue,2012,annual,2904.0,Person,not_specified,E1312,https://www.nso.gov.vn/en/px-web?pxid=E1312&theme=Education,source_reported_unharmonized
e1312_48946dfa77,education,Number of direct teaching woman teachers of general education as of 30 September by province · Lower secondary,Lower secondary,VN_SRC_THUATHIENHUE,Thua Thien-Hue,2013,annual,2870.0,Person,not_specified,E1312,https://www.nso.gov.vn/en/px-web?pxid=E1312&theme=Education,source_reported_unharmonized
e1312_48946dfa77,education,Number of direct teaching woman teachers of general education as of 30 September by province · Lower secondary,Lower secondary,VN_SRC_THUATHIENHUE,Thua Thien-Hue,2014,annual,2737.0,Person,not_specified,E1312,https://www.nso.gov.vn/en/px-web?pxid=E1312&theme=Education,source_reported_unharmonized
e1312_48946dfa77,education,Number of direct teaching woman teachers of general education as of 30 September by province · Lower secondary,Lower secondary,VN_SRC_THUATHIENHUE,Thua Thien-Hue,2015,annual,2617.0,Person,not_specified,E1312,https://www.nso.gov.vn/en/px-web?pxid=E1312&theme=Education,source_reported_unharmonized
e1312_48946dfa77,education,Number of direct teaching woman teachers of general education as of 30 September by province · Lower secondary,Lower secondary,VN_SRC_THUATHIENHUE,Thua Thien-Hue,2016,annual,2544.0,Person,not_specified,E1312,https://www.nso.gov.vn/en/px-web?pxid=E1312&theme=Education,source_reported_unharmonized
e1312_48946dfa77,education,Number of direct teaching woman teachers of general education as of 30 September by province · Lower secondary,Lower secondary,VN_SRC_THUATHIENHUE,Thua Thien-Hue,2017,annual,2557.0,Person,not_specified,E1312,https://www.nso.gov.vn/en/px-web?pxid=E1312&theme=Education,source_reported_unharmonized
e1312_48946dfa77,education,Number of direct teaching woman teachers of general education as of 30 September by province · Lower secondary,Lower secondary,VN_SRC_THUATHIENHUE,Thua Thien-Hue,2019,annual,2312.0,Person,not_specified,E1312,https://www.nso.gov.vn/en/px-web?pxid=E1312&theme=Education,source_reported_unharmonized
e1312_48946dfa77,education,Number of direct teaching woman teachers of general education as of 30 September by province · Lower secondary,Lower secondary,VN_SRC_THUATHIENHUE,Thua Thien-Hue,2020,annual,2360.0,Person,not_specified,E1312,https://www.nso.gov.vn/en/px-web?pxid=E1312&theme=Education,source_reported_unharmonized
e1312_48946dfa77,education,Number of direct teaching woman teachers of general education as of 30 September by province · Lower secondary,Lower secondary,VN_SRC_THUATHIENHUE,Thua Thien-Hue,2021,annual,2349.0,Person,not_specified,E1312,https://www.nso.gov.vn/en/px-web?pxid=E1312&theme=Education,source_reported_unharmonized
e1312_48946dfa77,education,Number of direct teaching woman teachers of general education as of 30 September by province · Lower secondary,Lower secondary,VN_SRC_THUATHIENHUE,Thua Thien-Hue,2023,annual,2413.0,Person,not_specified,E1312,https://www.nso.gov.vn/en/px-web?pxid=E1312&theme=Education,source_reported_unharmonized
e1312_48946dfa77,education,Number of direct teaching woman teachers of general education as of 30 September by province · Lower secondary,Lower secondary,VN_SRC_DANANG,Da Nang,2004,annual,2060.0,Person,not_specified,E1312,https://www.nso.gov.vn/en/px-web?pxid=E1312&theme=Education,source_reported_unharmonized
e1312_48946dfa77,education,Number of direct teaching woman teachers of general education as of 30 September by province · Lower secondary,Lower secondary,VN_SRC_DANANG,Da Nang,2005,annual,2101.0,Person,not_specified,E1312,https://www.nso.gov.vn/en/px-web?pxid=E1312&theme=Education,source_reported_unharmonized
e1312_48946dfa77,education,Number of direct teaching woman teachers of general education as of 30 September by province · Lower secondary,Lower secondary,VN_SRC_DANANG,Da Nang,2006,annual,2072.0,Person,not_specified,E1312,https://www.nso.gov.vn/en/px-web?pxid=E1312&theme=Education,source_reported_unharmonized
e1312_48946dfa77,education,Number of direct teaching woman teachers of general education as of 30 September by province · Lower secondary,Lower secondary,VN_SRC_DANANG,Da Nang,2007,annual,2092.0,Person,not_specified,E1312,https://www.nso.gov.vn/en/px-web?pxid=E1312&theme=Education,source_reported_unharmonized
e1312_48946dfa77,education,Number of direct teaching woman teachers of general education as of 30 September by province · Lower secondary,Lower secondary,VN_SRC_DANANG,Da Nang,2008,annual,2139.0,Person,not_specified,E1312,https://www.nso.gov.vn/en/px-web?pxid=E1312&theme=Education,source_reported_unharmonized
e1312_48946dfa77,education,Number of direct teaching woman teachers of general education as of 30 September by province · Lower secondary,Lower secondary,VN_SRC_DANANG,Da Nang,2009,annual,2131.0,Person,not_specified,E1312,https://www.nso.gov.vn/en/px-web?pxid=E1312&theme=Education,source_reported_unharmonized
e1312_48946dfa77,education,Number of direct teaching woman teachers of general education as of 30 September by province · Lower secondary,Lower secondary,VN_SRC_DANANG,Da Nang,2010,annual,2046.0,Person,not_specified,E1312,https://www.nso.gov.vn/en/px-web?pxid=E1312&theme=Education,source_reported_unharmonized
e1312_48946dfa77,education,Number of direct teaching woman teachers of general education as of 30 September by province · Lower secondary,Lower secondary,VN_SRC_DANANG,Da Nang,2011,annual,2107.0,Person,not_specified,E1312,https://www.nso.gov.vn/en/px-web?pxid=E1312&theme=Education,source_reported_unharmonized
e1312_48946dfa77,education,Number of direct teaching woman teachers of general education as of 30 September by province · Lower secondary,Lower secondary,VN_SRC_DANANG,Da Nang,2012,annual,2133.0,Person,not_specified,E1312,https://www.nso.gov.vn/en/px-web?pxid=E1312&theme=Education,source_reported_unharmonized
e1312_48946dfa77,education,Number of direct teaching woman teachers of general education as of 30 September by province · Lower secondary,Lower secondary,VN_SRC_DANANG,Da Nang,2013,annual,2016.0,Person,not_specified,E1312,https://www.nso.gov.vn/en/px-web?pxid=E1312&theme=Education,source_reported_unharmonized
e1312_48946dfa77,education,Number of direct teaching woman teachers of general education as of 30 September by province · Lower secondary,Lower secondary,VN_SRC_DANANG,Da Nang,2014,annual,2107.0,Person,not_specified,E1312,https://www.nso.gov.vn/en/px-web?pxid=E1312&theme=Education,source_reported_unharmonized
e1312_48946dfa77,education,Number of direct teaching woman teachers of general education as of 30 September by province · Lower secondary,Lower secondary,VN_SRC_DANANG,Da Nang,2015,annual,2091.0,Person,not_specified,E1312,https://www.nso.gov.vn/en/px-web?pxid=E1312&theme=Education,source_reported_unharmonized
e1312_48946dfa77,education,Number of direct teaching woman teachers of general education as of 30 September by province · Lower secondary,Lower secondary,VN_SRC_DANANG,Da Nang,2016,annual,2134.0,Person,not_specified,E1312,https://www.nso.gov.vn/en/px-web?pxid=E1312&theme=Education,source_reported_unharmonized
e1312_48946dfa77,education,Number of direct teaching woman teachers of general education as of 30 September by province · Lower secondary,Lower secondary,VN_SRC_DANANG,Da Nang,2017,annual,2297.0,Person,not_specified,E1312,https://www.nso.gov.vn/en/px-web?pxid=E1312&theme=Education,source_reported_unharmonized
e1312_48946dfa77,education,Number of direct teaching woman teachers of general education as of 30 September by province · Lower secondary,Lower secondary,VN_SRC_DANANG,Da Nang,2019,annual,2427.0,Person,not_specified,E1312,https://www.nso.gov.vn/en/px-web?pxid=E1312&theme=Education,source_reported_unharmonized
e1312_48946dfa77,education,Number of direct teaching woman teachers of general education as of 30 September by province · Lower secondary,Lower secondary,VN_SRC_DANANG,Da Nang,2020,annual,2416.0,Person,not_specified,E1312,https://www.nso.gov.vn/en/px-web?pxid=E1312&theme=Education,source_reported_unharmonized
e1312_48946dfa77,education,Number of direct teaching woman teachers of general education as of 30 September by province · Lower secondary,Lower secondary,VN_SRC_DANANG,Da Nang,2021,annual,2527.0,Person,not_specified,E1312,https://www.nso.gov.vn/en/px-web?pxid=E1312&theme=Education,source_reported_unharmonized
e1312_48946dfa77,education,Number of direct teaching woman teachers of general education as of 30 September by province · Lower secondary,Lower secondary,VN_SRC_DANANG,Da Nang,2023,annual,2714.0,Person,not_specified,E1312,https://www.nso.gov.vn/en/px-web?pxid=E1312&theme=Education,source_reported_unharmonized
e1312_48946dfa77,education,Number of direct teaching woman teachers of general education as of 30 September by province · Lower secondary,Lower secondary,VN_SRC_QUANGNAM,Quang Nam,2004,annual,3296.0,Person,not_specified,E1312,https://www.nso.gov.vn/en/px-web?pxid=E1312&theme=Education,source_reported_unharmonized
e1312_48946dfa77,education,Number of direct teaching woman teachers of general education as of 30 September by province · Lower secondary,Lower secondary,VN_SRC_QUANGNAM,Quang Nam,2005,annual,3605.0,Person,not_specified,E1312,https://www.nso.gov.vn/en/px-web?pxid=E1312&theme=Education,source_reported_unharmonized
e1312_48946dfa77,education,Number of direct teaching woman teachers of general education as of 30 September by province · Lower secondary,Lower secondary,VN_SRC_QUANGNAM,Quang Nam,2006,annual,3721.0,Person,not_specified,E1312,https://www.nso.gov.vn/en/px-web?pxid=E1312&theme=Education,source_reported_unharmonized
e1312_48946dfa77,education,Number of direct teaching woman teachers of general education as of 30 September by province · Lower secondary,Lower secondary,VN_SRC_QUANGNAM,Quang Nam,2007,annual,3774.0,Person,not_specified,E1312,https://www.nso.gov.vn/en/px-web?pxid=E1312&theme=Education,source_reported_unharmonized
e1312_48946dfa77,education,Number of direct teaching woman teachers of general education as of 30 September by province · Lower secondary,Lower secondary,VN_SRC_QUANGNAM,Quang Nam,2008,annual,3732.0,Person,not_specified,E1312,https://www.nso.gov.vn/en/px-web?pxid=E1312&theme=Education,source_reported_unharmonized
e1312_48946dfa77,education,Number of direct teaching woman teachers of general education as of 30 September by province · Lower secondary,Lower secondary,VN_SRC_QUANGNAM,Quang Nam,2009,annual,3984.0,Person,not_specified,E1312,https://www.nso.gov.vn/en/px-web?pxid=E1312&theme=Education,source_reported_unharmonized
e1312_48946dfa77,education,Number of direct teaching woman teachers of general education as of 30 September by province · Lower secondary,Lower secondary,VN_SRC_QUANGNAM,Quang Nam,2010,annual,3805.0,Person,not_specified,E1312,https://www.nso.gov.vn/en/px-web?pxid=E1312&theme=Education,source_reported_unharmonized
e1312_48946dfa77,education,Number of direct teaching woman teachers of general education as of 30 September by province · Lower secondary,Lower secondary,VN_SRC_QUANGNAM,Quang Nam,2011,annual,3757.0,Person,not_specified,E1312,https://www.nso.gov.vn/en/px-web?pxid=E1312&theme=Education,source_reported_unharmonized
e1312_48946dfa77,education,Number of direct teaching woman teachers of general education as of 30 September by province · Lower secondary,Lower secondary,VN_SRC_QUANGNAM,Quang Nam,2012,annual,3775.0,Person,not_specified,E1312,https://www.nso.gov.vn/en/px-web?pxid=E1312&theme=Education,source_reported_unharmonized
e1312_48946dfa77,education,Number of direct teaching woman teachers of general education as of 30 September by province · Lower secondary,Lower secondary,VN_SRC_QUANGNAM,Quang Nam,2013,annual,3739.0,Person,not_specified,E1312,https://www.nso.gov.vn/en/px-web?pxid=E1312&theme=Education,source_reported_unharmonized
e1312_48946dfa77,education,Number of direct teaching woman teachers of general education as of 30 September by province · Lower secondary,Lower secondary,VN_SRC_QUANGNAM,Quang Nam,2014,annual,3823.0,Person,not_specified,E1312,https://www.nso.gov.vn/en/px-web?pxid=E1312&theme=Education,source_reported_unharmonized
e1312_48946dfa77,education,Number of direct teaching woman teachers of general education as of 30 September by province · Lower secondary,Lower secondary,VN_SRC_QUANGNAM,Quang Nam,2015,annual,3847.0,Person,not_specified,E1312,https://www.nso.gov.vn/en/px-web?pxid=E1312&theme=Education,source_reported_unharmonized
e1312_48946dfa77,education,Number of direct teaching woman teachers of general education as of 30 September by province · Lower secondary,Lower secondary,VN_SRC_QUANGNAM,Quang Nam,2016,annual,3818.0,Person,not_specified,E1312,https://www.nso.gov.vn/en/px-web?pxid=E1312&theme=Education,source_reported_unharmonized
e1312_48946dfa77,education,Number of direct teaching woman teachers of general education as of 30 September by province · Lower secondary,Lower secondary,VN_SRC_QUANGNAM,Quang Nam,2017,annual,3704.0,Person,not_specified,E1312,https://www.nso.gov.vn/en/px-web?pxid=E1312&theme=Education,source_reported_unharmonized
e1312_48946dfa77,education,Number of direct teaching woman teachers of general education as of 30 September by province · Lower secondary,Lower secondary,VN_SRC_QUANGNAM,Quang Nam,2019,annual,3326.0,Person,not_specified,E1312,https://www.nso.gov.vn/en/px-web?pxid=E1312&theme=Education,source_reported_unharmonized
e1312_48946dfa77,education,Number of direct teaching woman teachers of general education as of 30 September by province · Lower secondary,Lower secondary,VN_SRC_QUANGNAM,Quang Nam,2020,annual,3183.0,Person,not_specified,E1312,https://www.nso.gov.vn/en/px-web?pxid=E1312&theme=Education,source_reported_unharmonized
e1312_48946dfa77,education,Number of direct teaching woman teachers of general education as of 30 September by province · Lower secondary,Lower secondary,VN_SRC_QUANGNAM,Quang Nam,2021,annual,3212.0,Person,not_specified,E1312,https://www.nso.gov.vn/en/px-web?pxid=E1312&theme=Education,source_reported_unharmonized
e1312_48946dfa77,education,Number of direct teaching woman teachers of general education as of 30 September by province · Lower secondary,Lower secondary,VN_SRC_QUANGNAM,Quang Nam,2023,annual,3320.0,Person,not_specified,E1312,https://www.nso.gov.vn/en/px-web?pxid=E1312&theme=Education,source_reported_unharmonized
e1312_48946dfa77,education,Number of direct teaching woman teachers of general education as of 30 September by province · Lower secondary,Lower secondary,VN_SRC_QUANGNGAI,Quang Ngai,2004,annual,2708.0,Person,not_specified,E1312,https://www.nso.gov.vn/en/px-web?pxid=E1312&theme=Education,source_reported_unharmonized
e1312_48946dfa77,education,Number of direct teaching woman teachers of general education as of 30 September by province · Lower secondary,Lower secondary,VN_SRC_QUANGNGAI,Quang Ngai,2005,annual,2873.0,Person,not_specified,E1312,https://www.nso.gov.vn/en/px-web?pxid=E1312&theme=Education,source_reported_unharmonized
e1312_48946dfa77,education,Number of direct teaching woman teachers of general education as of 30 September by province · Lower secondary,Lower secondary,VN_SRC_QUANGNGAI,Quang Ngai,2006,annual,3079.0,Person,not_specified,E1312,https://www.nso.gov.vn/en/px-web?pxid=E1312&theme=Education,source_reported_unharmonized
e1312_48946dfa77,education,Number of direct teaching woman teachers of general education as of 30 September by province · Lower secondary,Lower secondary,VN_SRC_QUANGNGAI,Quang Ngai,2007,annual,2971.0,Person,not_specified,E1312,https://www.nso.gov.vn/en/px-web?pxid=E1312&theme=Education,source_reported_unharmonized
e1312_48946dfa77,education,Number of direct teaching woman teachers of general education as of 30 September by province · Lower secondary,Lower secondary,VN_SRC_QUANGNGAI,Quang Ngai,2008,annual,3031.0,Person,not_specified,E1312,https://www.nso.gov.vn/en/px-web?pxid=E1312&theme=Education,source_reported_unharmonized
e1312_48946dfa77,education,Number of direct teaching woman teachers of general education as of 30 September by province · Lower secondary,Lower secondary,VN_SRC_QUANGNGAI,Quang Ngai,2009,annual,3232.0,Person,not_specified,E1312,https://www.nso.gov.vn/en/px-web?pxid=E1312&theme=Education,source_reported_unharmonized
e1312_48946dfa77,education,Number of direct teaching woman teachers of general education as of 30 September by province · Lower secondary,Lower secondary,VN_SRC_QUANGNGAI,Quang Ngai,2010,annual,3170.0,Person,not_specified,E1312,https://www.nso.gov.vn/en/px-web?pxid=E1312&theme=Education,source_reported_unharmonized
e1312_48946dfa77,education,Number of direct teaching woman teachers of general education as of 30 September by province · Lower secondary,Lower secondary,VN_SRC_QUANGNGAI,Quang Ngai,2011,annual,3108.0,Person,not_specified,E1312,https://www.nso.gov.vn/en/px-web?pxid=E1312&theme=Education,source_reported_unharmonized
e1312_48946dfa77,education,Number of direct teaching woman teachers of general education as of 30 September by province · Lower secondary,Lower secondary,VN_SRC_QUANGNGAI,Quang Ngai,2012,annual,3206.0,Person,not_specified,E1312,https://www.nso.gov.vn/en/px-web?pxid=E1312&theme=Education,source_reported_unharmonized
e1312_48946dfa77,education,Number of direct teaching woman teachers of general education as of 30 September by province · Lower secondary,Lower secondary,VN_SRC_QUANGNGAI,Quang Ngai,2013,annual,3069.0,Person,not_specified,E1312,https://www.nso.gov.vn/en/px-web?pxid=E1312&theme=Education,source_reported_unharmonized
e1312_48946dfa77,education,Number of direct teaching woman teachers of general education as of 30 September by province · Lower secondary,Lower secondary,VN_SRC_QUANGNGAI,Quang Ngai,2014,annual,3139.0,Person,not_specified,E1312,https://www.nso.gov.vn/en/px-web?pxid=E1312&theme=Education,source_reported_unharmonized
e1312_48946dfa77,education,Number of direct teaching woman teachers of general education as of 30 September by province · Lower secondary,Lower secondary,VN_SRC_QUANGNGAI,Quang Ngai,2015,annual,3209.0,Person,not_specified,E1312,https://www.nso.gov.vn/en/px-web?pxid=E1312&theme=Education,source_reported_unharmonized
e1312_48946dfa77,education,Number of direct teaching woman teachers of general education as of 30 September by province · Lower secondary,Lower secondary,VN_SRC_QUANGNGAI,Quang Ngai,2016,annual,3198.0,Person,not_specified,E1312,https://www.nso.gov.vn/en/px-web?pxid=E1312&theme=Education,source_reported_unharmonized
e1312_48946dfa77,education,Number of direct teaching woman teachers of general education as of 30 September by province · Lower secondary,Lower secondary,VN_SRC_QUANGNGAI,Quang Ngai,2017,annual,3105.0,Person,not_specified,E1312,https://www.nso.gov.vn/en/px-web?pxid=E1312&theme=Education,source_reported_unharmonized
e1312_48946dfa77,education,Number of direct teaching woman teachers of general education as of 30 September by province · Lower secondary,Lower secondary,VN_SRC_QUANGNGAI,Quang Ngai,2019,annual,2863.0,Person,not_specified,E1312,https://www.nso.gov.vn/en/px-web?pxid=E1312&theme=Education,source_reported_unharmonized
e1312_48946dfa77,education,Number of direct teaching woman teachers of general education as of 30 September by province · Lower secondary,Lower secondary,VN_SRC_QUANGNGAI,Quang Ngai,2020,annual,2833.0,Person,not_specified,E1312,https://www.nso.gov.vn/en/px-web?pxid=E1312&theme=Education,source_reported_unharmonized
e1312_48946dfa77,education,Number of direct teaching woman teachers of general education as of 30 September by province · Lower secondary,Lower secondary,VN_SRC_QUANGNGAI,Quang Ngai,2021,annual,2793.0,Person,not_specified,E1312,https://www.nso.gov.vn/en/px-web?pxid=E1312&theme=Education,source_reported_unharmonized
e1312_48946dfa77,education,Number of direct teaching woman teachers of general education as of 30 September by province · Lower secondary,Lower secondary,VN_SRC_QUANGNGAI,Quang Ngai,2023,annual,2900.0,Person,not_specified,E1312,https://www.nso.gov.vn/en/px-web?pxid=E1312&theme=Education,source_reported_unharmonized
e1312_48946dfa77,education,Number of direct teaching woman teachers of general education as of 30 September by province · Lower secondary,Lower secondary,VN_SRC_BINHDINH,Binh Dinh,2004,annual,2494.0,Person,not_specified,E1312,https://www.nso.gov.vn/en/px-web?pxid=E1312&theme=Education,source_reported_unharmonized
e1312_48946dfa77,education,Number of direct teaching woman teachers of general education as of 30 September by province · Lower secondary,Lower secondary,VN_SRC_BINHDINH,Binh Dinh,2005,annual,2733.0,Person,not_specified,E1312,https://www.nso.gov.vn/en/px-web?pxid=E1312&theme=Education,source_reported_unharmonized
e1312_48946dfa77,education,Number of direct teaching woman teachers of general education as of 30 September by province · Lower secondary,Lower secondary,VN_SRC_BINHDINH,Binh Dinh,2006,annual,2872.0,Person,not_specified,E1312,https://www.nso.gov.vn/en/px-web?pxid=E1312&theme=Education,source_reported_unharmonized
e1312_48946dfa77,education,Number of direct teaching woman teachers of general education as of 30 September by province · Lower secondary,Lower secondary,VN_SRC_BINHDINH,Binh Dinh,2007,annual,3016.0,Person,not_specified,E1312,https://www.nso.gov.vn/en/px-web?pxid=E1312&theme=Education,source_reported_unharmonized
e1312_48946dfa77,education,Number of direct teaching woman teachers of general education as of 30 September by province · Lower secondary,Lower secondary,VN_SRC_BINHDINH,Binh Dinh,2008,annual,3075.0,Person,not_specified,E1312,https://www.nso.gov.vn/en/px-web?pxid=E1312&theme=Education,source_reported_unharmonized
e1312_48946dfa77,education,Number of direct teaching woman teachers of general education as of 30 September by province · Lower secondary,Lower secondary,VN_SRC_BINHDINH,Binh Dinh,2009,annual,3120.0,Person,not_specified,E1312,https://www.nso.gov.vn/en/px-web?pxid=E1312&theme=Education,source_reported_unharmonized
e1312_48946dfa77,education,Number of direct teaching woman teachers of general education as of 30 September by province · Lower secondary,Lower secondary,VN_SRC_BINHDINH,Binh Dinh,2010,annual,3078.0,Person,not_specified,E1312,https://www.nso.gov.vn/en/px-web?pxid=E1312&theme=Education,source_reported_unharmonized
e1312_48946dfa77,education,Number of direct teaching woman teachers of general education as of 30 September by province · Lower secondary,Lower secondary,VN_SRC_BINHDINH,Binh Dinh,2011,annual,3070.0,Person,not_specified,E1312,https://www.nso.gov.vn/en/px-web?pxid=E1312&theme=Education,source_reported_unharmonized
e1312_48946dfa77,education,Number of direct teaching woman teachers of general education as of 30 September by province · Lower secondary,Lower secondary,VN_SRC_BINHDINH,Binh Dinh,2012,annual,3117.0,Person,not_specified,E1312,https://www.nso.gov.vn/en/px-web?pxid=E1312&theme=Education,source_reported_unharmonized
e1312_48946dfa77,education,Number of direct teaching woman teachers of general education as of 30 September by province · Lower secondary,Lower secondary,VN_SRC_BINHDINH,Binh Dinh,2013,annual,3041.0,Person,not_specified,E1312,https://www.nso.gov.vn/en/px-web?pxid=E1312&theme=Education,source_reported_unharmonized
e1312_48946dfa77,education,Number of direct teaching woman teachers of general education as of 30 September by province · Lower secondary,Lower secondary,VN_SRC_BINHDINH,Binh Dinh,2014,annual,3042.0,Person,not_specified,E1312,https://www.nso.gov.vn/en/px-web?pxid=E1312&theme=Education,source_reported_unharmonized
e1312_48946dfa77,education,Number of direct teaching woman teachers of general education as of 30 September by province · Lower secondary,Lower secondary,VN_SRC_BINHDINH,Binh Dinh,2015,annual,3069.0,Person,not_specified,E1312,https://www.nso.gov.vn/en/px-web?pxid=E1312&theme=Education,source_reported_unharmonized
e1312_48946dfa77,education,Number of direct teaching woman teachers of general education as of 30 September by province · Lower secondary,Lower secondary,VN_SRC_BINHDINH,Binh Dinh,2016,annual,3051.0,Person,not_specified,E1312,https://www.nso.gov.vn/en/px-web?pxid=E1312&theme=Education,source_reported_unharmonized
e1312_48946dfa77,education,Number of direct teaching woman teachers of general education as of 30 September by province · Lower secondary,Lower secondary,VN_SRC_BINHDINH,Binh Dinh,2017,annual,3026.0,Person,not_specified,E1312,https://www.nso.gov.vn/en/px-web?pxid=E1312&theme=Education,source_reported_unharmonized
e1312_48946dfa77,education,Number of direct teaching woman teachers of general education as of 30 September by province · Lower secondary,Lower secondary,VN_SRC_BINHDINH,Binh Dinh,2019,annual,2871.0,Person,not_specified,E1312,https://www.nso.gov.vn/en/px-web?pxid=E1312&theme=Education,source_reported_unharmonized
e1312_48946dfa77,education,Number of direct teaching woman teachers of general education as of 30 September by province · Lower secondary,Lower secondary,VN_SRC_BINHDINH,Binh Dinh,2020,annual,2863.0,Person,not_specified,E1312,https://www.nso.gov.vn/en/px-web?pxid=E1312&theme=Education,source_reported_unharmonized
e1312_48946dfa77,education,Number of direct teaching woman teachers of general education as of 30 September by province · Lower secondary,Lower secondary,VN_SRC_BINHDINH,Binh Dinh,2021,annual,2863.0,Person,not_specified,E1312,https://www.nso.gov.vn/en/px-web?pxid=E1312&theme=Education,source_reported_unharmonized
e1312_48946dfa77,education,Number of direct teaching woman teachers of general education as of 30 September by province · Lower secondary,Lower secondary,VN_SRC_BINHDINH,Binh Dinh,2023,annual,2919.0,Person,not_specified,E1312,https://www.nso.gov.vn/en/px-web?pxid=E1312&theme=Education,source_reported_unharmonized
e1312_48946dfa77,education,Number of direct teaching woman teachers of general education as of 30 September by province · Lower secondary,Lower secondary,VN_SRC_PHUYEN,Phu Yen,2004,annual,2182.0,Person,not_specified,E1312,https://www.nso.gov.vn/en/px-web?pxid=E1312&theme=Education,source_reported_unharmonized
e1312_48946dfa77,education,Number of direct teaching woman teachers of general education as of 30 September by province · Lower secondary,Lower secondary,VN_SRC_PHUYEN,Phu Yen,2005,annual,2366.0,Person,not_specified,E1312,https://www.nso.gov.vn/en/px-web?pxid=E1312&theme=Education,source_reported_unharmonized
e1312_48946dfa77,education,Number of direct teaching woman teachers of general education as of 30 September by province · Lower secondary,Lower secondary,VN_SRC_PHUYEN,Phu Yen,2006,annual,2514.0,Person,not_specified,E1312,https://www.nso.gov.vn/en/px-web?pxid=E1312&theme=Education,source_reported_unharmonized
e1312_48946dfa77,education,Number of direct teaching woman teachers of general education as of 30 September by province · Lower secondary,Lower secondary,VN_SRC_PHUYEN,Phu Yen,2007,annual,2388.0,Person,not_specified,E1312,https://www.nso.gov.vn/en/px-web?pxid=E1312&theme=Education,source_reported_unharmonized
e1312_48946dfa77,education,Number of direct teaching woman teachers of general education as of 30 September by province · Lower secondary,Lower secondary,VN_SRC_PHUYEN,Phu Yen,2008,annual,2462.0,Person,not_specified,E1312,https://www.nso.gov.vn/en/px-web?pxid=E1312&theme=Education,source_reported_unharmonized
e1312_48946dfa77,education,Number of direct teaching woman teachers of general education as of 30 September by province · Lower secondary,Lower secondary,VN_SRC_PHUYEN,Phu Yen,2009,annual,2366.0,Person,not_specified,E1312,https://www.nso.gov.vn/en/px-web?pxid=E1312&theme=Education,source_reported_unharmonized
e1312_48946dfa77,education,Number of direct teaching woman teachers of general education as of 30 September by province · Lower secondary,Lower secondary,VN_SRC_PHUYEN,Phu Yen,2010,annual,2401.0,Person,not_specified,E1312,https://www.nso.gov.vn/en/px-web?pxid=E1312&theme=Education,source_reported_unharmonized
e1312_48946dfa77,education,Number of direct teaching woman teachers of general education as of 30 September by province · Lower secondary,Lower secondary,VN_SRC_PHUYEN,Phu Yen,2011,annual,2603.0,Person,not_specified,E1312,https://www.nso.gov.vn/en/px-web?pxid=E1312&theme=Education,source_reported_unharmonized
e1312_48946dfa77,education,Number of direct teaching woman teachers of general education as of 30 September by province · Lower secondary,Lower secondary,VN_SRC_PHUYEN,Phu Yen,2012,annual,2527.0,Person,not_specified,E1312,https://www.nso.gov.vn/en/px-web?pxid=E1312&theme=Education,source_reported_unharmonized
e1312_48946dfa77,education,Number of direct teaching woman teachers of general education as of 30 September by province · Lower secondary,Lower secondary,VN_SRC_PHUYEN,Phu Yen,2013,annual,2563.0,Person,not_specified,E1312,https://www.nso.gov.vn/en/px-web?pxid=E1312&theme=Education,source_reported_unharmonized
e1312_48946dfa77,education,Number of direct teaching woman teachers of general education as of 30 September by province · Lower secondary,Lower secondary,VN_SRC_PHUYEN,Phu Yen,2014,annual,2507.0,Person,not_specified,E1312,https://www.nso.gov.vn/en/px-web?pxid=E1312&theme=Education,source_reported_unharmonized
e1312_48946dfa77,education,Number of direct teaching woman teachers of general education as of 30 September by province · Lower secondary,Lower secondary,VN_SRC_PHUYEN,Phu Yen,2015,annual,2455.0,Person,not_specified,E1312,https://www.nso.gov.vn/en/px-web?pxid=E1312&theme=Education,source_reported_unharmonized
e1312_48946dfa77,education,Number of direct teaching woman teachers of general education as of 30 September by province · Lower secondary,Lower secondary,VN_SRC_PHUYEN,Phu Yen,2016,annual,2470.0,Person,not_specified,E1312,https://www.nso.gov.vn/en/px-web?pxid=E1312&theme=Education,source_reported_unharmonized
e1312_48946dfa77,education,Number of direct teaching woman teachers of general education as of 30 September by province · Lower secondary,Lower secondary,VN_SRC_PHUYEN,Phu Yen,2017,annual,2393.0,Person,not_specified,E1312,https://www.nso.gov.vn/en/px-web?pxid=E1312&theme=Education,source_reported_unharmonized
e1312_48946dfa77,education,Number of direct teaching woman teachers of general education as of 30 September by province · Lower secondary,Lower secondary,VN_SRC_PHUYEN,Phu Yen,2019,annual,2203.0,Person,not_specified,E1312,https://www.nso.gov.vn/en/px-web?pxid=E1312&theme=Education,source_reported_unharmonized
e1312_48946dfa77,education,Number of direct teaching woman teachers of general education as of 30 September by province · Lower secondary,Lower secondary,VN_SRC_PHUYEN,Phu Yen,2020,annual,2096.0,Person,not_specified,E1312,https://www.nso.gov.vn/en/px-web?pxid=E1312&theme=Education,source_reported_unharmonized
e1312_48946dfa77,education,Number of direct teaching woman teachers of general education as of 30 September by province · Lower secondary,Lower secondary,VN_SRC_PHUYEN,Phu Yen,2021,annual,2028.0,Person,not_specified,E1312,https://www.nso.gov.vn/en/px-web?pxid=E1312&theme=Education,source_reported_unharmonized
e1312_48946dfa77,education,Number of direct teaching woman teachers of general education as of 30 September by province · Lower secondary,Lower secondary,VN_SRC_PHUYEN,Phu Yen,2023,annual,1968.0,Person,not_specified,E1312,https://www.nso.gov.vn/en/px-web?pxid=E1312&theme=Education,source_reported_unharmonized
e1312_48946dfa77,education,Number of direct teaching woman teachers of general education as of 30 September by province · Lower secondary,Lower secondary,VN_SRC_KHANHHOA,Khanh Hoa,2004,annual,2679.0,Person,not_specified,E1312,https://www.nso.gov.vn/en/px-web?pxid=E1312&theme=Education,source_reported_unharmonized
e1312_48946dfa77,education,Number of direct teaching woman teachers of general education as of 30 September by province · Lower secondary,Lower secondary,VN_SRC_KHANHHOA,Khanh Hoa,2005,annual,2908.0,Person,not_specified,E1312,https://www.nso.gov.vn/en/px-web?pxid=E1312&theme=Education,source_reported_unharmonized
e1312_48946dfa77,education,Number of direct teaching woman teachers of general education as of 30 September by province · Lower secondary,Lower secondary,VN_SRC_KHANHHOA,Khanh Hoa,2006,annual,3067.0,Person,not_specified,E1312,https://www.nso.gov.vn/en/px-web?pxid=E1312&theme=Education,source_reported_unharmonized
e1312_48946dfa77,education,Number of direct teaching woman teachers of general education as of 30 September by province · Lower secondary,Lower secondary,VN_SRC_KHANHHOA,Khanh Hoa,2007,annual,3128.0,Person,not_specified,E1312,https://www.nso.gov.vn/en/px-web?pxid=E1312&theme=Education,source_reported_unharmonized
e1312_48946dfa77,education,Number of direct teaching woman teachers of general education as of 30 September by province · Lower secondary,Lower secondary,VN_SRC_KHANHHOA,Khanh Hoa,2008,annual,3307.0,Person,not_specified,E1312,https://www.nso.gov.vn/en/px-web?pxid=E1312&theme=Education,source_reported_unharmonized
e1312_48946dfa77,education,Number of direct teaching woman teachers of general education as of 30 September by province · Lower secondary,Lower secondary,VN_SRC_KHANHHOA,Khanh Hoa,2009,annual,2995.0,Person,not_specified,E1312,https://www.nso.gov.vn/en/px-web?pxid=E1312&theme=Education,source_reported_unharmonized
e1312_48946dfa77,education,Number of direct teaching woman teachers of general education as of 30 September by province · Lower secondary,Lower secondary,VN_SRC_KHANHHOA,Khanh Hoa,2010,annual,2988.0,Person,not_specified,E1312,https://www.nso.gov.vn/en/px-web?pxid=E1312&theme=Education,source_reported_unharmonized
e1312_48946dfa77,education,Number of direct teaching woman teachers of general education as of 30 September by province · Lower secondary,Lower secondary,VN_SRC_KHANHHOA,Khanh Hoa,2011,annual,2919.0,Person,not_specified,E1312,https://www.nso.gov.vn/en/px-web?pxid=E1312&theme=Education,source_reported_unharmonized
e1312_48946dfa77,education,Number of direct teaching woman teachers of general education as of 30 September by province · Lower secondary,Lower secondary,VN_SRC_KHANHHOA,Khanh Hoa,2012,annual,2991.0,Person,not_specified,E1312,https://www.nso.gov.vn/en/px-web?pxid=E1312&theme=Education,source_reported_unharmonized
e1312_48946dfa77,education,Number of direct teaching woman teachers of general education as of 30 September by province · Lower secondary,Lower secondary,VN_SRC_KHANHHOA,Khanh Hoa,2013,annual,2965.0,Person,not_specified,E1312,https://www.nso.gov.vn/en/px-web?pxid=E1312&theme=Education,source_reported_unharmonized
e1312_48946dfa77,education,Number of direct teaching woman teachers of general education as of 30 September by province · Lower secondary,Lower secondary,VN_SRC_KHANHHOA,Khanh Hoa,2014,annual,3027.0,Person,not_specified,E1312,https://www.nso.gov.vn/en/px-web?pxid=E1312&theme=Education,source_reported_unharmonized
e1312_48946dfa77,education,Number of direct teaching woman teachers of general education as of 30 September by province · Lower secondary,Lower secondary,VN_SRC_KHANHHOA,Khanh Hoa,2015,annual,3056.0,Person,not_specified,E1312,https://www.nso.gov.vn/en/px-web?pxid=E1312&theme=Education,source_reported_unharmonized
e1312_48946dfa77,education,Number of direct teaching woman teachers of general education as of 30 September by province · Lower secondary,Lower secondary,VN_SRC_KHANHHOA,Khanh Hoa,2016,annual,3006.0,Person,not_specified,E1312,https://www.nso.gov.vn/en/px-web?pxid=E1312&theme=Education,source_reported_unharmonized
e1312_48946dfa77,education,Number of direct teaching woman teachers of general education as of 30 September by province · Lower secondary,Lower secondary,VN_SRC_KHANHHOA,Khanh Hoa,2017,annual,3076.0,Person,not_specified,E1312,https://www.nso.gov.vn/en/px-web?pxid=E1312&theme=Education,source_reported_unharmonized
e1312_48946dfa77,education,Number of direct teaching woman teachers of general education as of 30 September by province · Lower secondary,Lower secondary,VN_SRC_KHANHHOA,Khanh Hoa,2019,annual,2858.0,Person,not_specified,E1312,https://www.nso.gov.vn/en/px-web?pxid=E1312&theme=Education,source_reported_unharmonized
e1312_48946dfa77,education,Number of direct teaching woman teachers of general education as of 30 September by province · Lower secondary,Lower secondary,VN_SRC_KHANHHOA,Khanh Hoa,2020,annual,2768.0,Person,not_specified,E1312,https://www.nso.gov.vn/en/px-web?pxid=E1312&theme=Education,source_reported_unharmonized
e1312_48946dfa77,education,Number of direct teaching woman teachers of general education as of 30 September by province · Lower secondary,Lower secondary,VN_SRC_KHANHHOA,Khanh Hoa,2021,annual,2710.0,Person,not_specified,E1312,https://www.nso.gov.vn/en/px-web?pxid=E1312&theme=Education,source_reported_unharmonized
e1312_48946dfa77,education,Number of direct teaching woman teachers of general education as of 30 September by province · Lower secondary,Lower secondary,VN_SRC_KHANHHOA,Khanh Hoa,2023,annual,2605.0,Person,not_specified,E1312,https://www.nso.gov.vn/en/px-web?pxid=E1312&theme=Education,source_reported_unharmonized
e1312_48946dfa77,education,Number of direct teaching woman teachers of general education as of 30 September by province · Lower secondary,Lower secondary,VN_SRC_NINHTHUAN,Ninh Thuan,2004,annual,1099.0,Person,not_specified,E1312,https://www.nso.gov.vn/en/px-web?pxid=E1312&theme=Education,source_reported_unharmonized
e1312_48946dfa77,education,Number of direct teaching woman teachers of general education as of 30 September by province · Lower secondary,Lower secondary,VN_SRC_NINHTHUAN,Ninh Thuan,2005,annual,1190.0,Person,not_specified,E1312,https://www.nso.gov.vn/en/px-web?pxid=E1312&theme=Education,source_reported_unharmonized
e1312_48946dfa77,education,Number of direct teaching woman teachers of general education as of 30 September by province · Lower secondary,Lower secondary,VN_SRC_NINHTHUAN,Ninh Thuan,2006,annual,1318.0,Person,not_specified,E1312,https://www.nso.gov.vn/en/px-web?pxid=E1312&theme=Education,source_reported_unharmonized
e1312_48946dfa77,education,Number of direct teaching woman teachers of general education as of 30 September by province · Lower secondary,Lower secondary,VN_SRC_NINHTHUAN,Ninh Thuan,2007,annual,1261.0,Person,not_specified,E1312,https://www.nso.gov.vn/en/px-web?pxid=E1312&theme=Education,source_reported_unharmonized
e1312_48946dfa77,education,Number of direct teaching woman teachers of general education as of 30 September by province · Lower secondary,Lower secondary,VN_SRC_NINHTHUAN,Ninh Thuan,2008,annual,1329.0,Person,not_specified,E1312,https://www.nso.gov.vn/en/px-web?pxid=E1312&theme=Education,source_reported_unharmonized
e1312_48946dfa77,education,Number of direct teaching woman teachers of general education as of 30 September by province · Lower secondary,Lower secondary,VN_SRC_NINHTHUAN,Ninh Thuan,2009,annual,1334.0,Person,not_specified,E1312,https://www.nso.gov.vn/en/px-web?pxid=E1312&theme=Education,source_reported_unharmonized
e1312_48946dfa77,education,Number of direct teaching woman teachers of general education as of 30 September by province · Lower secondary,Lower secondary,VN_SRC_NINHTHUAN,Ninh Thuan,2010,annual,1495.0,Person,not_specified,E1312,https://www.nso.gov.vn/en/px-web?pxid=E1312&theme=Education,source_reported_unharmonized
e1312_48946dfa77,education,Number of direct teaching woman teachers of general education as of 30 September by province · Lower secondary,Lower secondary,VN_SRC_NINHTHUAN,Ninh Thuan,2011,annual,1333.0,Person,not_specified,E1312,https://www.nso.gov.vn/en/px-web?pxid=E1312&theme=Education,source_reported_unharmonized
e1312_48946dfa77,education,Number of direct teaching woman teachers of general education as of 30 September by province · Lower secondary,Lower secondary,VN_SRC_NINHTHUAN,Ninh Thuan,2012,annual,1287.0,Person,not_specified,E1312,https://www.nso.gov.vn/en/px-web?pxid=E1312&theme=Education,source_reported_unharmonized
e1312_48946dfa77,education,Number of direct teaching woman teachers of general education as of 30 September by province · Lower secondary,Lower secondary,VN_SRC_NINHTHUAN,Ninh Thuan,2013,annual,1398.0,Person,not_specified,E1312,https://www.nso.gov.vn/en/px-web?pxid=E1312&theme=Education,source_reported_unharmonized
e1312_48946dfa77,education,Number of direct teaching woman teachers of general education as of 30 September by province · Lower secondary,Lower secondary,VN_SRC_NINHTHUAN,Ninh Thuan,2014,annual,1410.0,Person,not_specified,E1312,https://www.nso.gov.vn/en/px-web?pxid=E1312&theme=Education,source_reported_unharmonized
e1312_48946dfa77,education,Number of direct teaching woman teachers of general education as of 30 September by province · Lower secondary,Lower secondary,VN_SRC_NINHTHUAN,Ninh Thuan,2015,annual,1386.0,Person,not_specified,E1312,https://www.nso.gov.vn/en/px-web?pxid=E1312&theme=Education,source_reported_unharmonized
e1312_48946dfa77,education,Number of direct teaching woman teachers of general education as of 30 September by province · Lower secondary,Lower secondary,VN_SRC_NINHTHUAN,Ninh Thuan,2016,annual,1389.0,Person,not_specified,E1312,https://www.nso.gov.vn/en/px-web?pxid=E1312&theme=Education,source_reported_unharmonized
e1312_48946dfa77,education,Number of direct teaching woman teachers of general education as of 30 September by province · Lower secondary,Lower secondary,VN_SRC_NINHTHUAN,Ninh Thuan,2017,annual,1397.0,Person,not_specified,E1312,https://www.nso.gov.vn/en/px-web?pxid=E1312&theme=Education,source_reported_unharmonized
e1312_48946dfa77,education,Number of direct teaching woman teachers of general education as of 30 September by province · Lower secondary,Lower secondary,VN_SRC_NINHTHUAN,Ninh Thuan,2019,annual,1253.0,Person,not_specified,E1312,https://www.nso.gov.vn/en/px-web?pxid=E1312&theme=Education,source_reported_unharmonized
e1312_48946dfa77,education,Number of direct teaching woman teachers of general education as of 30 September by province · Lower secondary,Lower secondary,VN_SRC_NINHTHUAN,Ninh Thuan,2020,annual,1259.0,Person,not_specified,E1312,https://www.nso.gov.vn/en/px-web?pxid=E1312&theme=Education,source_reported_unharmonized
e1312_48946dfa77,education,Number of direct teaching woman teachers of general education as of 30 September by province · Lower secondary,Lower secondary,VN_SRC_NINHTHUAN,Ninh Thuan,2021,annual,1247.0,Person,not_specified,E1312,https://www.nso.gov.vn/en/px-web?pxid=E1312&theme=Education,source_reported_unharmonized
e1312_48946dfa77,education,Number of direct teaching woman teachers of general education as of 30 September by province · Lower secondary,Lower secondary,VN_SRC_NINHTHUAN,Ninh Thuan,2023,annual,1206.0,Person,not_specified,E1312,https://www.nso.gov.vn/en/px-web?pxid=E1312&theme=Education,source_reported_unharmonized
e1312_48946dfa77,education,Number of direct teaching woman teachers of general education as of 30 September by province · Lower secondary,Lower secondary,VN_SRC_BINHTHUAN,Binh Thuan,2004,annual,2528.0,Person,not_specified,E1312,https://www.nso.gov.vn/en/px-web?pxid=E1312&theme=Education,source_reported_unharmonized
e1312_48946dfa77,education,Number of direct teaching woman teachers of general education as of 30 September by province · Lower secondary,Lower secondary,VN_SRC_BINHTHUAN,Binh Thuan,2005,annual,2765.0,Person,not_specified,E1312,https://www.nso.gov.vn/en/px-web?pxid=E1312&theme=Education,source_reported_unharmonized
e1312_48946dfa77,education,Number of direct teaching woman teachers of general education as of 30 September by province · Lower secondary,Lower secondary,VN_SRC_BINHTHUAN,Binh Thuan,2006,annual,2893.0,Person,not_specified,E1312,https://www.nso.gov.vn/en/px-web?pxid=E1312&theme=Education,source_reported_unharmonized
e1312_48946dfa77,education,Number of direct teaching woman teachers of general education as of 30 September by province · Lower secondary,Lower secondary,VN_SRC_BINHTHUAN,Binh Thuan,2007,annual,3095.0,Person,not_specified,E1312,https://www.nso.gov.vn/en/px-web?pxid=E1312&theme=Education,source_reported_unharmonized
e1312_48946dfa77,education,Number of direct teaching woman teachers of general education as of 30 September by province · Lower secondary,Lower secondary,VN_SRC_BINHTHUAN,Binh Thuan,2008,annual,3135.0,Person,not_specified,E1312,https://www.nso.gov.vn/en/px-web?pxid=E1312&theme=Education,source_reported_unharmonized
e1312_48946dfa77,education,Number of direct teaching woman teachers of general education as of 30 September by province · Lower secondary,Lower secondary,VN_SRC_BINHTHUAN,Binh Thuan,2009,annual,3226.0,Person,not_specified,E1312,https://www.nso.gov.vn/en/px-web?pxid=E1312&theme=Education,source_reported_unharmonized
e1312_48946dfa77,education,Number of direct teaching woman teachers of general education as of 30 September by province · Lower secondary,Lower secondary,VN_SRC_BINHTHUAN,Binh Thuan,2010,annual,3210.0,Person,not_specified,E1312,https://www.nso.gov.vn/en/px-web?pxid=E1312&theme=Education,source_reported_unharmonized
e1312_48946dfa77,education,Number of direct teaching woman teachers of general education as of 30 September by province · Lower secondary,Lower secondary,VN_SRC_BINHTHUAN,Binh Thuan,2011,annual,3197.0,Person,not_specified,E1312,https://www.nso.gov.vn/en/px-web?pxid=E1312&theme=Education,source_reported_unharmonized
e1312_48946dfa77,education,Number of direct teaching woman teachers of general education as of 30 September by province · Lower secondary,Lower secondary,VN_SRC_BINHTHUAN,Binh Thuan,2012,annual,3197.0,Person,not_specified,E1312,https://www.nso.gov.vn/en/px-web?pxid=E1312&theme=Education,source_reported_unharmonized
e1312_48946dfa77,education,Number of direct teaching woman teachers of general education as of 30 September by province · Lower secondary,Lower secondary,VN_SRC_BINHTHUAN,Binh Thuan,2013,annual,3220.0,Person,not_specified,E1312,https://www.nso.gov.vn/en/px-web?pxid=E1312&theme=Education,source_reported_unharmonized
e1312_48946dfa77,education,Number of direct teaching woman teachers of general education as of 30 September by province · Lower secondary,Lower secondary,VN_SRC_BINHTHUAN,Binh Thuan,2014,annual,3205.0,Person,not_specified,E1312,https://www.nso.gov.vn/en/px-web?pxid=E1312&theme=Education,source_reported_unharmonized
e1312_48946dfa77,education,Number of direct teaching woman teachers of general education as of 30 September by province · Lower secondary,Lower secondary,VN_SRC_BINHTHUAN,Binh Thuan,2015,annual,3182.0,Person,not_specified,E1312,https://www.nso.gov.vn/en/px-web?pxid=E1312&theme=Education,source_reported_unharmonized
e1312_48946dfa77,education,Number of direct teaching woman teachers of general education as of 30 September by province · Lower secondary,Lower secondary,VN_SRC_BINHTHUAN,Binh Thuan,2016,annual,3147.0,Person,not_specified,E1312,https://www.nso.gov.vn/en/px-web?pxid=E1312&theme=Education,source_reported_unharmonized
e1312_48946dfa77,education,Number of direct teaching woman teachers of general education as of 30 September by province · Lower secondary,Lower secondary,VN_SRC_BINHTHUAN,Binh Thuan,2017,annual,3049.0,Person,not_specified,E1312,https://www.nso.gov.vn/en/px-web?pxid=E1312&theme=Education,source_reported_unharmonized
e1312_48946dfa77,education,Number of direct teaching woman teachers of general education as of 30 September by province · Lower secondary,Lower secondary,VN_SRC_BINHTHUAN,Binh Thuan,2019,annual,2927.0,Person,not_specified,E1312,https://www.nso.gov.vn/en/px-web?pxid=E1312&theme=Education,source_reported_unharmonized
e1312_48946dfa77,education,Number of direct teaching woman teachers of general education as of 30 September by province · Lower secondary,Lower secondary,VN_SRC_BINHTHUAN,Binh Thuan,2020,annual,2902.0,Person,not_specified,E1312,https://www.nso.gov.vn/en/px-web?pxid=E1312&theme=Education,source_reported_unharmonized
e1312_48946dfa77,education,Number of direct teaching woman teachers of general education as of 30 September by province · Lower secondary,Lower secondary,VN_SRC_BINHTHUAN,Binh Thuan,2021,annual,2864.0,Person,not_specified,E1312,https://www.nso.gov.vn/en/px-web?pxid=E1312&theme=Education,source_reported_unharmonized
e1312_48946dfa77,education,Number of direct teaching woman teachers of general education as of 30 September by province · Lower secondary,Lower secondary,VN_SRC_BINHTHUAN,Binh Thuan,2023,annual,2804.0,Person,not_specified,E1312,https://www.nso.gov.vn/en/px-web?pxid=E1312&theme=Education,source_reported_unharmonized
e1312_48946dfa77,education,Number of direct teaching woman teachers of general education as of 30 September by province · Lower secondary,Lower secondary,VN_SRC_KONTUM,Kon Tum,2004,annual,1246.0,Person,not_specified,E1312,https://www.nso.gov.vn/en/px-web?pxid=E1312&theme=Education,source_reported_unharmonized
e1312_48946dfa77,education,Number of direct teaching woman teachers of general education as of 30 September by province · Lower secondary,Lower secondary,VN_SRC_KONTUM,Kon Tum,2005,annual,1480.0,Person,not_specified,E1312,https://www.nso.gov.vn/en/px-web?pxid=E1312&theme=Education,source_reported_unharmonized
e1312_48946dfa77,education,Number of direct teaching woman teachers of general education as of 30 September by province · Lower secondary,Lower secondary,VN_SRC_KONTUM,Kon Tum,2006,annual,1401.0,Person,not_specified,E1312,https://www.nso.gov.vn/en/px-web?pxid=E1312&theme=Education,source_reported_unharmonized
e1312_48946dfa77,education,Number of direct teaching woman teachers of general education as of 30 September by province · Lower secondary,Lower secondary,VN_SRC_KONTUM,Kon Tum,2007,annual,1504.0,Person,not_specified,E1312,https://www.nso.gov.vn/en/px-web?pxid=E1312&theme=Education,source_reported_unharmonized
e1312_48946dfa77,education,Number of direct teaching woman teachers of general education as of 30 September by province · Lower secondary,Lower secondary,VN_SRC_KONTUM,Kon Tum,2008,annual,1546.0,Person,not_specified,E1312,https://www.nso.gov.vn/en/px-web?pxid=E1312&theme=Education,source_reported_unharmonized
e1312_48946dfa77,education,Number of direct teaching woman teachers of general education as of 30 September by province · Lower secondary,Lower secondary,VN_SRC_KONTUM,Kon Tum,2009,annual,1645.0,Person,not_specified,E1312,https://www.nso.gov.vn/en/px-web?pxid=E1312&theme=Education,source_reported_unharmonized
e1312_48946dfa77,education,Number of direct teaching woman teachers of general education as of 30 September by province · Lower secondary,Lower secondary,VN_SRC_KONTUM,Kon Tum,2010,annual,1729.0,Person,not_specified,E1312,https://www.nso.gov.vn/en/px-web?pxid=E1312&theme=Education,source_reported_unharmonized
e1312_48946dfa77,education,Number of direct teaching woman teachers of general education as of 30 September by province · Lower secondary,Lower secondary,VN_SRC_KONTUM,Kon Tum,2011,annual,1694.0,Person,not_specified,E1312,https://www.nso.gov.vn/en/px-web?pxid=E1312&theme=Education,source_reported_unharmonized
e1312_48946dfa77,education,Number of direct teaching woman teachers of general education as of 30 September by province · Lower secondary,Lower secondary,VN_SRC_KONTUM,Kon Tum,2012,annual,1659.0,Person,not_specified,E1312,https://www.nso.gov.vn/en/px-web?pxid=E1312&theme=Education,source_reported_unharmonized
e1312_48946dfa77,education,Number of direct teaching woman teachers of general education as of 30 September by province · Lower secondary,Lower secondary,VN_SRC_KONTUM,Kon Tum,2013,annual,1834.0,Person,not_specified,E1312,https://www.nso.gov.vn/en/px-web?pxid=E1312&theme=Education,source_reported_unharmonized
e1312_48946dfa77,education,Number of direct teaching woman teachers of general education as of 30 September by province · Lower secondary,Lower secondary,VN_SRC_KONTUM,Kon Tum,2014,annual,1841.0,Person,not_specified,E1312,https://www.nso.gov.vn/en/px-web?pxid=E1312&theme=Education,source_reported_unharmonized
e1312_48946dfa77,education,Number of direct teaching woman teachers of general education as of 30 September by province · Lower secondary,Lower secondary,VN_SRC_KONTUM,Kon Tum,2015,annual,1790.0,Person,not_specified,E1312,https://www.nso.gov.vn/en/px-web?pxid=E1312&theme=Education,source_reported_unharmonized
e1312_48946dfa77,education,Number of direct teaching woman teachers of general education as of 30 September by province · Lower secondary,Lower secondary,VN_SRC_KONTUM,Kon Tum,2016,annual,1828.0,Person,not_specified,E1312,https://www.nso.gov.vn/en/px-web?pxid=E1312&theme=Education,source_reported_unharmonized
e1312_48946dfa77,education,Number of direct teaching woman teachers of general education as of 30 September by province · Lower secondary,Lower secondary,VN_SRC_KONTUM,Kon Tum,2017,annual,1805.0,Person,not_specified,E1312,https://www.nso.gov.vn/en/px-web?pxid=E1312&theme=Education,source_reported_unharmonized
e1312_48946dfa77,education,Number of direct teaching woman teachers of general education as of 30 September by province · Lower secondary,Lower secondary,VN_SRC_KONTUM,Kon Tum,2019,annual,1771.0,Person,not_specified,E1312,https://www.nso.gov.vn/en/px-web?pxid=E1312&theme=Education,source_reported_unharmonized
e1312_48946dfa77,education,Number of direct teaching woman teachers of general education as of 30 September by province · Lower secondary,Lower secondary,VN_SRC_KONTUM,Kon Tum,2020,annual,1768.0,Person,not_specified,E1312,https://www.nso.gov.vn/en/px-web?pxid=E1312&theme=Education,source_reported_unharmonized
e1312_48946dfa77,education,Number of direct teaching woman teachers of general education as of 30 September by province · Lower secondary,Lower secondary,VN_SRC_KONTUM,Kon Tum,2021,annual,1718.0,Person,not_specified,E1312,https://www.nso.gov.vn/en/px-web?pxid=E1312&theme=Education,source_reported_unharmonized
e1312_48946dfa77,education,Number of direct teaching woman teachers of general education as of 30 September by province · Lower secondary,Lower secondary,VN_SRC_KONTUM,Kon Tum,2023,annual,1721.0,Person,not_specified,E1312,https://www.nso.gov.vn/en/px-web?pxid=E1312&theme=Education,source_reported_unharmonized
e1312_48946dfa77,education,Number of direct teaching woman teachers of general education as of 30 September by province · Lower secondary,Lower secondary,VN_SRC_GIALAI,Gia Lai,2004,annual,2406.0,Person,not_specified,E1312,https://www.nso.gov.vn/en/px-web?pxid=E1312&theme=Education,source_reported_unharmonized
e1312_48946dfa77,education,Number of direct teaching woman teachers of general education as of 30 September by province · Lower secondary,Lower secondary,VN_SRC_GIALAI,Gia Lai,2005,annual,2666.0,Person,not_specified,E1312,https://www.nso.gov.vn/en/px-web?pxid=E1312&theme=Education,source_reported_unharmonized
e1312_48946dfa77,education,Number of direct teaching woman teachers of general education as of 30 September by province · Lower secondary,Lower secondary,VN_SRC_GIALAI,Gia Lai,2006,annual,2891.0,Person,not_specified,E1312,https://www.nso.gov.vn/en/px-web?pxid=E1312&theme=Education,source_reported_unharmonized
e1312_48946dfa77,education,Number of direct teaching woman teachers of general education as of 30 September by province · Lower secondary,Lower secondary,VN_SRC_GIALAI,Gia Lai,2007,annual,2964.0,Person,not_specified,E1312,https://www.nso.gov.vn/en/px-web?pxid=E1312&theme=Education,source_reported_unharmonized
e1312_48946dfa77,education,Number of direct teaching woman teachers of general education as of 30 September by province · Lower secondary,Lower secondary,VN_SRC_GIALAI,Gia Lai,2008,annual,3013.0,Person,not_specified,E1312,https://www.nso.gov.vn/en/px-web?pxid=E1312&theme=Education,source_reported_unharmonized
e1312_48946dfa77,education,Number of direct teaching woman teachers of general education as of 30 September by province · Lower secondary,Lower secondary,VN_SRC_GIALAI,Gia Lai,2009,annual,3247.0,Person,not_specified,E1312,https://www.nso.gov.vn/en/px-web?pxid=E1312&theme=Education,source_reported_unharmonized
e1312_48946dfa77,education,Number of direct teaching woman teachers of general education as of 30 September by province · Lower secondary,Lower secondary,VN_SRC_GIALAI,Gia Lai,2010,annual,3349.0,Person,not_specified,E1312,https://www.nso.gov.vn/en/px-web?pxid=E1312&theme=Education,source_reported_unharmonized
e1312_48946dfa77,education,Number of direct teaching woman teachers of general education as of 30 September by province · Lower secondary,Lower secondary,VN_SRC_GIALAI,Gia Lai,2011,annual,3363.0,Person,not_specified,E1312,https://www.nso.gov.vn/en/px-web?pxid=E1312&theme=Education,source_reported_unharmonized
e1312_48946dfa77,education,Number of direct teaching woman teachers of general education as of 30 September by province · Lower secondary,Lower secondary,VN_SRC_GIALAI,Gia Lai,2012,annual,3402.0,Person,not_specified,E1312,https://www.nso.gov.vn/en/px-web?pxid=E1312&theme=Education,source_reported_unharmonized
e1312_48946dfa77,education,Number of direct teaching woman teachers of general education as of 30 September by province · Lower secondary,Lower secondary,VN_SRC_GIALAI,Gia Lai,2013,annual,3563.0,Person,not_specified,E1312,https://www.nso.gov.vn/en/px-web?pxid=E1312&theme=Education,source_reported_unharmonized
e1312_48946dfa77,education,Number of direct teaching woman teachers of general education as of 30 September by province · Lower secondary,Lower secondary,VN_SRC_GIALAI,Gia Lai,2014,annual,3509.0,Person,not_specified,E1312,https://www.nso.gov.vn/en/px-web?pxid=E1312&theme=Education,source_reported_unharmonized
e1312_48946dfa77,education,Number of direct teaching woman teachers of general education as of 30 September by province · Lower secondary,Lower secondary,VN_SRC_GIALAI,Gia Lai,2015,annual,3522.0,Person,not_specified,E1312,https://www.nso.gov.vn/en/px-web?pxid=E1312&theme=Education,source_reported_unharmonized
e1312_48946dfa77,education,Number of direct teaching woman teachers of general education as of 30 September by province · Lower secondary,Lower secondary,VN_SRC_GIALAI,Gia Lai,2016,annual,3474.0,Person,not_specified,E1312,https://www.nso.gov.vn/en/px-web?pxid=E1312&theme=Education,source_reported_unharmonized
e1312_48946dfa77,education,Number of direct teaching woman teachers of general education as of 30 September by province · Lower secondary,Lower secondary,VN_SRC_GIALAI,Gia Lai,2017,annual,3428.0,Person,not_specified,E1312,https://www.nso.gov.vn/en/px-web?pxid=E1312&theme=Education,source_reported_unharmonized
e1312_48946dfa77,education,Number of direct teaching woman teachers of general education as of 30 September by province · Lower secondary,Lower secondary,VN_SRC_GIALAI,Gia Lai,2019,annual,3175.0,Person,not_specified,E1312,https://www.nso.gov.vn/en/px-web?pxid=E1312&theme=Education,source_reported_unharmonized
e1312_48946dfa77,education,Number of direct teaching woman teachers of general education as of 30 September by province · Lower secondary,Lower secondary,VN_SRC_GIALAI,Gia Lai,2020,annual,3106.0,Person,not_specified,E1312,https://www.nso.gov.vn/en/px-web?pxid=E1312&theme=Education,source_reported_unharmonized
e1312_48946dfa77,education,Number of direct teaching woman teachers of general education as of 30 September by province · Lower secondary,Lower secondary,VN_SRC_GIALAI,Gia Lai,2021,annual,3100.0,Person,not_specified,E1312,https://www.nso.gov.vn/en/px-web?pxid=E1312&theme=Education,source_reported_unharmonized
e1312_48946dfa77,education,Number of direct teaching woman teachers of general education as of 30 September by province · Lower secondary,Lower secondary,VN_SRC_GIALAI,Gia Lai,2023,annual,3093.0,Person,not_specified,E1312,https://www.nso.gov.vn/en/px-web?pxid=E1312&theme=Education,source_reported_unharmonized
e1312_48946dfa77,education,Number of direct teaching woman teachers of general education as of 30 September by province · Lower secondary,Lower secondary,VN_SRC_DAKLAK,Dak Lak,2004,annual,4130.0,Person,not_specified,E1312,https://www.nso.gov.vn/en/px-web?pxid=E1312&theme=Education,source_reported_unharmonized
e1312_48946dfa77,education,Number of direct teaching woman teachers of general education as of 30 September by province · Lower secondary,Lower secondary,VN_SRC_DAKLAK,Dak Lak,2005,annual,4134.0,Person,not_specified,E1312,https://www.nso.gov.vn/en/px-web?pxid=E1312&theme=Education,source_reported_unharmonized
e1312_48946dfa77,education,Number of direct teaching woman teachers of general education as of 30 September by province · Lower secondary,Lower secondary,VN_SRC_DAKLAK,Dak Lak,2006,annual,4329.0,Person,not_specified,E1312,https://www.nso.gov.vn/en/px-web?pxid=E1312&theme=Education,source_reported_unharmonized
e1312_48946dfa77,education,Number of direct teaching woman teachers of general education as of 30 September by province · Lower secondary,Lower secondary,VN_SRC_DAKLAK,Dak Lak,2007,annual,4704.0,Person,not_specified,E1312,https://www.nso.gov.vn/en/px-web?pxid=E1312&theme=Education,source_reported_unharmonized
e1312_48946dfa77,education,Number of direct teaching woman teachers of general education as of 30 September by province · Lower secondary,Lower secondary,VN_SRC_DAKLAK,Dak Lak,2008,annual,4806.0,Person,not_specified,E1312,https://www.nso.gov.vn/en/px-web?pxid=E1312&theme=Education,source_reported_unharmonized
e1312_48946dfa77,education,Number of direct teaching woman teachers of general education as of 30 September by province · Lower secondary,Lower secondary,VN_SRC_DAKLAK,Dak Lak,2009,annual,4910.0,Person,not_specified,E1312,https://www.nso.gov.vn/en/px-web?pxid=E1312&theme=Education,source_reported_unharmonized
e1312_48946dfa77,education,Number of direct teaching woman teachers of general education as of 30 September by province · Lower secondary,Lower secondary,VN_SRC_DAKLAK,Dak Lak,2010,annual,5042.0,Person,not_specified,E1312,https://www.nso.gov.vn/en/px-web?pxid=E1312&theme=Education,source_reported_unharmonized
e1312_48946dfa77,education,Number of direct teaching woman teachers of general education as of 30 September by province · Lower secondary,Lower secondary,VN_SRC_DAKLAK,Dak Lak,2011,annual,4642.0,Person,not_specified,E1312,https://www.nso.gov.vn/en/px-web?pxid=E1312&theme=Education,source_reported_unharmonized
e1312_48946dfa77,education,Number of direct teaching woman teachers of general education as of 30 September by province · Lower secondary,Lower secondary,VN_SRC_DAKLAK,Dak Lak,2012,annual,4977.0,Person,not_specified,E1312,https://www.nso.gov.vn/en/px-web?pxid=E1312&theme=Education,source_reported_unharmonized
e1312_48946dfa77,education,Number of direct teaching woman teachers of general education as of 30 September by province · Lower secondary,Lower secondary,VN_SRC_DAKLAK,Dak Lak,2013,annual,5092.0,Person,not_specified,E1312,https://www.nso.gov.vn/en/px-web?pxid=E1312&theme=Education,source_reported_unharmonized
e1312_48946dfa77,education,Number of direct teaching woman teachers of general education as of 30 September by province · Lower secondary,Lower secondary,VN_SRC_DAKLAK,Dak Lak,2014,annual,5188.0,Person,not_specified,E1312,https://www.nso.gov.vn/en/px-web?pxid=E1312&theme=Education,source_reported_unharmonized
e1312_48946dfa77,education,Number of direct teaching woman teachers of general education as of 30 September by province · Lower secondary,Lower secondary,VN_SRC_DAKLAK,Dak Lak,2015,annual,5197.0,Person,not_specified,E1312,https://www.nso.gov.vn/en/px-web?pxid=E1312&theme=Education,source_reported_unharmonized
e1312_48946dfa77,education,Number of direct teaching woman teachers of general education as of 30 September by province · Lower secondary,Lower secondary,VN_SRC_DAKLAK,Dak Lak,2016,annual,5222.0,Person,not_specified,E1312,https://www.nso.gov.vn/en/px-web?pxid=E1312&theme=Education,source_reported_unharmonized
e1312_48946dfa77,education,Number of direct teaching woman teachers of general education as of 30 September by province · Lower secondary,Lower secondary,VN_SRC_DAKLAK,Dak Lak,2017,annual,5135.0,Person,not_specified,E1312,https://www.nso.gov.vn/en/px-web?pxid=E1312&theme=Education,source_reported_unharmonized
e1312_48946dfa77,education,Number of direct teaching woman teachers of general education as of 30 September by province · Lower secondary,Lower secondary,VN_SRC_DAKLAK,Dak Lak,2019,annual,4704.0,Person,not_specified,E1312,https://www.nso.gov.vn/en/px-web?pxid=E1312&theme=Education,source_reported_unharmonized
e1312_48946dfa77,education,Number of direct teaching woman teachers of general education as of 30 September by province · Lower secondary,Lower secondary,VN_SRC_DAKLAK,Dak Lak,2020,annual,4630.0,Person,not_specified,E1312,https://www.nso.gov.vn/en/px-web?pxid=E1312&theme=Education,source_reported_unharmonized
e1312_48946dfa77,education,Number of direct teaching woman teachers of general education as of 30 September by province · Lower secondary,Lower secondary,VN_SRC_DAKLAK,Dak Lak,2021,annual,4568.0,Person,not_specified,E1312,https://www.nso.gov.vn/en/px-web?pxid=E1312&theme=Education,source_reported_unharmonized
e1312_48946dfa77,education,Number of direct teaching woman teachers of general education as of 30 September by province · Lower secondary,Lower secondary,VN_SRC_DAKLAK,Dak Lak,2023,annual,4359.0,Person,not_specified,E1312,https://www.nso.gov.vn/en/px-web?pxid=E1312&theme=Education,source_reported_unharmonized
e1312_48946dfa77,education,Number of direct teaching woman teachers of general education as of 30 September by province · Lower secondary,Lower secondary,VN_SRC_DAKNONG,Dak Nong,2004,annual,762.0,Person,not_specified,E1312,https://www.nso.gov.vn/en/px-web?pxid=E1312&theme=Education,source_reported_unharmonized
e1312_48946dfa77,education,Number of direct teaching woman teachers of general education as of 30 September by province · Lower secondary,Lower secondary,VN_SRC_DAKNONG,Dak Nong,2005,annual,907.0,Person,not_specified,E1312,https://www.nso.gov.vn/en/px-web?pxid=E1312&theme=Education,source_reported_unharmonized
e1312_48946dfa77,education,Number of direct teaching woman teachers of general education as of 30 September by province · Lower secondary,Lower secondary,VN_SRC_DAKNONG,Dak Nong,2006,annual,918.0,Person,not_specified,E1312,https://www.nso.gov.vn/en/px-web?pxid=E1312&theme=Education,source_reported_unharmonized
e1312_48946dfa77,education,Number of direct teaching woman teachers of general education as of 30 September by province · Lower secondary,Lower secondary,VN_SRC_DAKNONG,Dak Nong,2007,annual,954.0,Person,not_specified,E1312,https://www.nso.gov.vn/en/px-web?pxid=E1312&theme=Education,source_reported_unharmonized
e1312_48946dfa77,education,Number of direct teaching woman teachers of general education as of 30 September by province · Lower secondary,Lower secondary,VN_SRC_DAKNONG,Dak Nong,2008,annual,1151.0,Person,not_specified,E1312,https://www.nso.gov.vn/en/px-web?pxid=E1312&theme=Education,source_reported_unharmonized
e1312_48946dfa77,education,Number of direct teaching woman teachers of general education as of 30 September by province · Lower secondary,Lower secondary,VN_SRC_DAKNONG,Dak Nong,2009,annual,1229.0,Person,not_specified,E1312,https://www.nso.gov.vn/en/px-web?pxid=E1312&theme=Education,source_reported_unharmonized
e1312_48946dfa77,education,Number of direct teaching woman teachers of general education as of 30 September by province · Lower secondary,Lower secondary,VN_SRC_DAKNONG,Dak Nong,2010,annual,1349.0,Person,not_specified,E1312,https://www.nso.gov.vn/en/px-web?pxid=E1312&theme=Education,source_reported_unharmonized
e1312_48946dfa77,education,Number of direct teaching woman teachers of general education as of 30 September by province · Lower secondary,Lower secondary,VN_SRC_DAKNONG,Dak Nong,2011,annual,1368.0,Person,not_specified,E1312,https://www.nso.gov.vn/en/px-web?pxid=E1312&theme=Education,source_reported_unharmonized
e1312_48946dfa77,education,Number of direct teaching woman teachers of general education as of 30 September by province · Lower secondary,Lower secondary,VN_SRC_DAKNONG,Dak Nong,2012,annual,1400.0,Person,not_specified,E1312,https://www.nso.gov.vn/en/px-web?pxid=E1312&theme=Education,source_reported_unharmonized
e1312_48946dfa77,education,Number of direct teaching woman teachers of general education as of 30 September by province · Lower secondary,Lower secondary,VN_SRC_DAKNONG,Dak Nong,2013,annual,1423.0,Person,not_specified,E1312,https://www.nso.gov.vn/en/px-web?pxid=E1312&theme=Education,source_reported_unharmonized
e1312_48946dfa77,education,Number of direct teaching woman teachers of general education as of 30 September by province · Lower secondary,Lower secondary,VN_SRC_DAKNONG,Dak Nong,2014,annual,1480.0,Person,not_specified,E1312,https://www.nso.gov.vn/en/px-web?pxid=E1312&theme=Education,source_reported_unharmonized
e1312_48946dfa77,education,Number of direct teaching woman teachers of general education as of 30 September by province · Lower secondary,Lower secondary,VN_SRC_DAKNONG,Dak Nong,2015,annual,1488.0,Person,not_specified,E1312,https://www.nso.gov.vn/en/px-web?pxid=E1312&theme=Education,source_reported_unharmonized
e1312_48946dfa77,education,Number of direct teaching woman teachers of general education as of 30 September by province · Lower secondary,Lower secondary,VN_SRC_DAKNONG,Dak Nong,2016,annual,1475.0,Person,not_specified,E1312,https://www.nso.gov.vn/en/px-web?pxid=E1312&theme=Education,source_reported_unharmonized
e1312_48946dfa77,education,Number of direct teaching woman teachers of general education as of 30 September by province · Lower secondary,Lower secondary,VN_SRC_DAKNONG,Dak Nong,2017,annual,1450.0,Person,not_specified,E1312,https://www.nso.gov.vn/en/px-web?pxid=E1312&theme=Education,source_reported_unharmonized
e1312_48946dfa77,education,Number of direct teaching woman teachers of general education as of 30 September by province · Lower secondary,Lower secondary,VN_SRC_DAKNONG,Dak Nong,2019,annual,1431.0,Person,not_specified,E1312,https://www.nso.gov.vn/en/px-web?pxid=E1312&theme=Education,source_reported_unharmonized
e1312_48946dfa77,education,Number of direct teaching woman teachers of general education as of 30 September by province · Lower secondary,Lower secondary,VN_SRC_DAKNONG,Dak Nong,2020,annual,1483.0,Person,not_specified,E1312,https://www.nso.gov.vn/en/px-web?pxid=E1312&theme=Education,source_reported_unharmonized
e1312_48946dfa77,education,Number of direct teaching woman teachers of general education as of 30 September by province · Lower secondary,Lower secondary,VN_SRC_DAKNONG,Dak Nong,2021,annual,1432.0,Person,not_specified,E1312,https://www.nso.gov.vn/en/px-web?pxid=E1312&theme=Education,source_reported_unharmonized
e1312_48946dfa77,education,Number of direct teaching woman teachers of general education as of 30 September by province · Lower secondary,Lower secondary,VN_SRC_DAKNONG,Dak Nong,2023,annual,1452.0,Person,not_specified,E1312,https://www.nso.gov.vn/en/px-web?pxid=E1312&theme=Education,source_reported_unharmonized
e1312_48946dfa77,education,Number of direct teaching woman teachers of general education as of 30 September by province · Lower secondary,Lower secondary,VN_SRC_LAMDONG,Lam Dong,2004,annual,2929.0,Person,not_specified,E1312,https://www.nso.gov.vn/en/px-web?pxid=E1312&theme=Education,source_reported_unharmonized
e1312_48946dfa77,education,Number of direct teaching woman teachers of general education as of 30 September by province · Lower secondary,Lower secondary,VN_SRC_LAMDONG,Lam Dong,2005,annual,3009.0,Person,not_specified,E1312,https://www.nso.gov.vn/en/px-web?pxid=E1312&theme=Education,source_reported_unharmonized
e1312_48946dfa77,education,Number of direct teaching woman teachers of general education as of 30 September by province · Lower secondary,Lower secondary,VN_SRC_LAMDONG,Lam Dong,2006,annual,3085.0,Person,not_specified,E1312,https://www.nso.gov.vn/en/px-web?pxid=E1312&theme=Education,source_reported_unharmonized
e1312_48946dfa77,education,Number of direct teaching woman teachers of general education as of 30 September by province · Lower secondary,Lower secondary,VN_SRC_LAMDONG,Lam Dong,2007,annual,2857.0,Person,not_specified,E1312,https://www.nso.gov.vn/en/px-web?pxid=E1312&theme=Education,source_reported_unharmonized
e1312_48946dfa77,education,Number of direct teaching woman teachers of general education as of 30 September by province · Lower secondary,Lower secondary,VN_SRC_LAMDONG,Lam Dong,2008,annual,2980.0,Person,not_specified,E1312,https://www.nso.gov.vn/en/px-web?pxid=E1312&theme=Education,source_reported_unharmonized
e1312_48946dfa77,education,Number of direct teaching woman teachers of general education as of 30 September by province · Lower secondary,Lower secondary,VN_SRC_LAMDONG,Lam Dong,2009,annual,3310.0,Person,not_specified,E1312,https://www.nso.gov.vn/en/px-web?pxid=E1312&theme=Education,source_reported_unharmonized
e1312_48946dfa77,education,Number of direct teaching woman teachers of general education as of 30 September by province · Lower secondary,Lower secondary,VN_SRC_LAMDONG,Lam Dong,2010,annual,3432.0,Person,not_specified,E1312,https://www.nso.gov.vn/en/px-web?pxid=E1312&theme=Education,source_reported_unharmonized
e1312_48946dfa77,education,Number of direct teaching woman teachers of general education as of 30 September by province · Lower secondary,Lower secondary,VN_SRC_LAMDONG,Lam Dong,2011,annual,3269.0,Person,not_specified,E1312,https://www.nso.gov.vn/en/px-web?pxid=E1312&theme=Education,source_reported_unharmonized
e1312_48946dfa77,education,Number of direct teaching woman teachers of general education as of 30 September by province · Lower secondary,Lower secondary,VN_SRC_LAMDONG,Lam Dong,2012,annual,3253.0,Person,not_specified,E1312,https://www.nso.gov.vn/en/px-web?pxid=E1312&theme=Education,source_reported_unharmonized
e1312_48946dfa77,education,Number of direct teaching woman teachers of general education as of 30 September by province · Lower secondary,Lower secondary,VN_SRC_LAMDONG,Lam Dong,2013,annual,3370.0,Person,not_specified,E1312,https://www.nso.gov.vn/en/px-web?pxid=E1312&theme=Education,source_reported_unharmonized
e1312_48946dfa77,education,Number of direct teaching woman teachers of general education as of 30 September by province · Lower secondary,Lower secondary,VN_SRC_LAMDONG,Lam Dong,2014,annual,3500.0,Person,not_specified,E1312,https://www.nso.gov.vn/en/px-web?pxid=E1312&theme=Education,source_reported_unharmonized
e1312_48946dfa77,education,Number of direct teaching woman teachers of general education as of 30 September by province · Lower secondary,Lower secondary,VN_SRC_LAMDONG,Lam Dong,2015,annual,3476.0,Person,not_specified,E1312,https://www.nso.gov.vn/en/px-web?pxid=E1312&theme=Education,source_reported_unharmonized
e1312_48946dfa77,education,Number of direct teaching woman teachers of general education as of 30 September by province · Lower secondary,Lower secondary,VN_SRC_LAMDONG,Lam Dong,2016,annual,3451.0,Person,not_specified,E1312,https://www.nso.gov.vn/en/px-web?pxid=E1312&theme=Education,source_reported_unharmonized
e1312_48946dfa77,education,Number of direct teaching woman teachers of general education as of 30 September by province · Lower secondary,Lower secondary,VN_SRC_LAMDONG,Lam Dong,2017,annual,3340.0,Person,not_specified,E1312,https://www.nso.gov.vn/en/px-web?pxid=E1312&theme=Education,source_reported_unharmonized
e1312_48946dfa77,education,Number of direct teaching woman teachers of general education as of 30 September by province · Lower secondary,Lower secondary,VN_SRC_LAMDONG,Lam Dong,2019,annual,3273.0,Person,not_specified,E1312,https://www.nso.gov.vn/en/px-web?pxid=E1312&theme=Education,source_reported_unharmonized
e1312_48946dfa77,education,Number of direct teaching woman teachers of general education as of 30 September by province · Lower secondary,Lower secondary,VN_SRC_LAMDONG,Lam Dong,2020,annual,3314.0,Person,not_specified,E1312,https://www.nso.gov.vn/en/px-web?pxid=E1312&theme=Education,source_reported_unharmonized
e1312_48946dfa77,education,Number of direct teaching woman teachers of general education as of 30 September by province · Lower secondary,Lower secondary,VN_SRC_LAMDONG,Lam Dong,2021,annual,3267.0,Person,not_specified,E1312,https://www.nso.gov.vn/en/px-web?pxid=E1312&theme=Education,source_reported_unharmonized
e1312_48946dfa77,education,Number of direct teaching woman teachers of general education as of 30 September by province · Lower secondary,Lower secondary,VN_SRC_LAMDONG,Lam Dong,2023,annual,3129.0,Person,not_specified,E1312,https://www.nso.gov.vn/en/px-web?pxid=E1312&theme=Education,source_reported_unharmonized
e1312_48946dfa77,education,Number of direct teaching woman teachers of general education as of 30 September by province · Lower secondary,Lower secondary,VN_SRC_BINHPHUOC,Binh Phuoc,2004,annual,1438.0,Person,not_specified,E1312,https://www.nso.gov.vn/en/px-web?pxid=E1312&theme=Education,source_reported_unharmonized
e1312_48946dfa77,education,Number of direct teaching woman teachers of general education as of 30 September by province · Lower secondary,Lower secondary,VN_SRC_BINHPHUOC,Binh Phuoc,2005,annual,1588.0,Person,not_specified,E1312,https://www.nso.gov.vn/en/px-web?pxid=E1312&theme=Education,source_reported_unharmonized
e1312_48946dfa77,education,Number of direct teaching woman teachers of general education as of 30 September by province · Lower secondary,Lower secondary,VN_SRC_BINHPHUOC,Binh Phuoc,2006,annual,1815.0,Person,not_specified,E1312,https://www.nso.gov.vn/en/px-web?pxid=E1312&theme=Education,source_reported_unharmonized
e1312_48946dfa77,education,Number of direct teaching woman teachers of general education as of 30 September by province · Lower secondary,Lower secondary,VN_SRC_BINHPHUOC,Binh Phuoc,2007,annual,2050.0,Person,not_specified,E1312,https://www.nso.gov.vn/en/px-web?pxid=E1312&theme=Education,source_reported_unharmonized
e1312_48946dfa77,education,Number of direct teaching woman teachers of general education as of 30 September by province · Lower secondary,Lower secondary,VN_SRC_BINHPHUOC,Binh Phuoc,2008,annual,2143.0,Person,not_specified,E1312,https://www.nso.gov.vn/en/px-web?pxid=E1312&theme=Education,source_reported_unharmonized
e1312_48946dfa77,education,Number of direct teaching woman teachers of general education as of 30 September by province · Lower secondary,Lower secondary,VN_SRC_BINHPHUOC,Binh Phuoc,2009,annual,1919.0,Person,not_specified,E1312,https://www.nso.gov.vn/en/px-web?pxid=E1312&theme=Education,source_reported_unharmonized
e1312_48946dfa77,education,Number of direct teaching woman teachers of general education as of 30 September by province · Lower secondary,Lower secondary,VN_SRC_BINHPHUOC,Binh Phuoc,2010,annual,2257.0,Person,not_specified,E1312,https://www.nso.gov.vn/en/px-web?pxid=E1312&theme=Education,source_reported_unharmonized
e1312_48946dfa77,education,Number of direct teaching woman teachers of general education as of 30 September by province · Lower secondary,Lower secondary,VN_SRC_BINHPHUOC,Binh Phuoc,2011,annual,2204.0,Person,not_specified,E1312,https://www.nso.gov.vn/en/px-web?pxid=E1312&theme=Education,source_reported_unharmonized
e1312_48946dfa77,education,Number of direct teaching woman teachers of general education as of 30 September by province · Lower secondary,Lower secondary,VN_SRC_BINHPHUOC,Binh Phuoc,2012,annual,1874.0,Person,not_specified,E1312,https://www.nso.gov.vn/en/px-web?pxid=E1312&theme=Education,source_reported_unharmonized
e1312_48946dfa77,education,Number of direct teaching woman teachers of general education as of 30 September by province · Lower secondary,Lower secondary,VN_SRC_BINHPHUOC,Binh Phuoc,2013,annual,2410.0,Person,not_specified,E1312,https://www.nso.gov.vn/en/px-web?pxid=E1312&theme=Education,source_reported_unharmonized
e1312_48946dfa77,education,Number of direct teaching woman teachers of general education as of 30 September by province · Lower secondary,Lower secondary,VN_SRC_BINHPHUOC,Binh Phuoc,2014,annual,2437.0,Person,not_specified,E1312,https://www.nso.gov.vn/en/px-web?pxid=E1312&theme=Education,source_reported_unharmonized
e1312_48946dfa77,education,Number of direct teaching woman teachers of general education as of 30 September by province · Lower secondary,Lower secondary,VN_SRC_BINHPHUOC,Binh Phuoc,2015,annual,2468.0,Person,not_specified,E1312,https://www.nso.gov.vn/en/px-web?pxid=E1312&theme=Education,source_reported_unharmonized
e1312_48946dfa77,education,Number of direct teaching woman teachers of general education as of 30 September by province · Lower secondary,Lower secondary,VN_SRC_BINHPHUOC,Binh Phuoc,2016,annual,2495.0,Person,not_specified,E1312,https://www.nso.gov.vn/en/px-web?pxid=E1312&theme=Education,source_reported_unharmonized
e1312_48946dfa77,education,Number of direct teaching woman teachers of general education as of 30 September by province · Lower secondary,Lower secondary,VN_SRC_BINHPHUOC,Binh Phuoc,2017,annual,2437.0,Person,not_specified,E1312,https://www.nso.gov.vn/en/px-web?pxid=E1312&theme=Education,source_reported_unharmonized
e1312_48946dfa77,education,Number of direct teaching woman teachers of general education as of 30 September by province · Lower secondary,Lower secondary,VN_SRC_BINHPHUOC,Binh Phuoc,2019,annual,2538.0,Person,not_specified,E1312,https://www.nso.gov.vn/en/px-web?pxid=E1312&theme=Education,source_reported_unharmonized
e1312_48946dfa77,education,Number of direct teaching woman teachers of general education as of 30 September by province · Lower secondary,Lower secondary,VN_SRC_BINHPHUOC,Binh Phuoc,2020,annual,2529.0,Person,not_specified,E1312,https://www.nso.gov.vn/en/px-web?pxid=E1312&theme=Education,source_reported_unharmonized
e1312_48946dfa77,education,Number of direct teaching woman teachers of general education as of 30 September by province · Lower secondary,Lower secondary,VN_SRC_BINHPHUOC,Binh Phuoc,2021,annual,2445.0,Person,not_specified,E1312,https://www.nso.gov.vn/en/px-web?pxid=E1312&theme=Education,source_reported_unharmonized
e1312_48946dfa77,education,Number of direct teaching woman teachers of general education as of 30 September by province · Lower secondary,Lower secondary,VN_SRC_BINHPHUOC,Binh Phuoc,2023,annual,2404.0,Person,not_specified,E1312,https://www.nso.gov.vn/en/px-web?pxid=E1312&theme=Education,source_reported_unharmonized
e1312_48946dfa77,education,Number of direct teaching woman teachers of general education as of 30 September by province · Lower secondary,Lower secondary,VN_SRC_TAYNINH,Tay Ninh,2004,annual,2409.0,Person,not_specified,E1312,https://www.nso.gov.vn/en/px-web?pxid=E1312&theme=Education,source_reported_unharmonized
e1312_48946dfa77,education,Number of direct teaching woman teachers of general education as of 30 September by province · Lower secondary,Lower secondary,VN_SRC_TAYNINH,Tay Ninh,2005,annual,2432.0,Person,not_specified,E1312,https://www.nso.gov.vn/en/px-web?pxid=E1312&theme=Education,source_reported_unharmonized
e1312_48946dfa77,education,Number of direct teaching woman teachers of general education as of 30 September by province · Lower secondary,Lower secondary,VN_SRC_TAYNINH,Tay Ninh,2006,annual,2452.0,Person,not_specified,E1312,https://www.nso.gov.vn/en/px-web?pxid=E1312&theme=Education,source_reported_unharmonized
e1312_48946dfa77,education,Number of direct teaching woman teachers of general education as of 30 September by province · Lower secondary,Lower secondary,VN_SRC_TAYNINH,Tay Ninh,2007,annual,2424.0,Person,not_specified,E1312,https://www.nso.gov.vn/en/px-web?pxid=E1312&theme=Education,source_reported_unharmonized
e1312_48946dfa77,education,Number of direct teaching woman teachers of general education as of 30 September by province · Lower secondary,Lower secondary,VN_SRC_TAYNINH,Tay Ninh,2008,annual,2423.0,Person,not_specified,E1312,https://www.nso.gov.vn/en/px-web?pxid=E1312&theme=Education,source_reported_unharmonized
e1312_48946dfa77,education,Number of direct teaching woman teachers of general education as of 30 September by province · Lower secondary,Lower secondary,VN_SRC_TAYNINH,Tay Ninh,2009,annual,2396.0,Person,not_specified,E1312,https://www.nso.gov.vn/en/px-web?pxid=E1312&theme=Education,source_reported_unharmonized
e1312_48946dfa77,education,Number of direct teaching woman teachers of general education as of 30 September by province · Lower secondary,Lower secondary,VN_SRC_TAYNINH,Tay Ninh,2010,annual,2358.0,Person,not_specified,E1312,https://www.nso.gov.vn/en/px-web?pxid=E1312&theme=Education,source_reported_unharmonized
e1312_48946dfa77,education,Number of direct teaching woman teachers of general education as of 30 September by province · Lower secondary,Lower secondary,VN_SRC_TAYNINH,Tay Ninh,2011,annual,2304.0,Person,not_specified,E1312,https://www.nso.gov.vn/en/px-web?pxid=E1312&theme=Education,source_reported_unharmonized
e1312_48946dfa77,education,Number of direct teaching woman teachers of general education as of 30 September by province · Lower secondary,Lower secondary,VN_SRC_TAYNINH,Tay Ninh,2012,annual,2275.0,Person,not_specified,E1312,https://www.nso.gov.vn/en/px-web?pxid=E1312&theme=Education,source_reported_unharmonized
e1312_48946dfa77,education,Number of direct teaching woman teachers of general education as of 30 September by province · Lower secondary,Lower secondary,VN_SRC_TAYNINH,Tay Ninh,2013,annual,2283.0,Person,not_specified,E1312,https://www.nso.gov.vn/en/px-web?pxid=E1312&theme=Education,source_reported_unharmonized
e1312_48946dfa77,education,Number of direct teaching woman teachers of general education as of 30 September by province · Lower secondary,Lower secondary,VN_SRC_TAYNINH,Tay Ninh,2014,annual,2269.0,Person,not_specified,E1312,https://www.nso.gov.vn/en/px-web?pxid=E1312&theme=Education,source_reported_unharmonized
e1312_48946dfa77,education,Number of direct teaching woman teachers of general education as of 30 September by province · Lower secondary,Lower secondary,VN_SRC_TAYNINH,Tay Ninh,2015,annual,2319.0,Person,not_specified,E1312,https://www.nso.gov.vn/en/px-web?pxid=E1312&theme=Education,source_reported_unharmonized
e1312_48946dfa77,education,Number of direct teaching woman teachers of general education as of 30 September by province · Lower secondary,Lower secondary,VN_SRC_TAYNINH,Tay Ninh,2016,annual,2297.0,Person,not_specified,E1312,https://www.nso.gov.vn/en/px-web?pxid=E1312&theme=Education,source_reported_unharmonized
e1312_48946dfa77,education,Number of direct teaching woman teachers of general education as of 30 September by province · Lower secondary,Lower secondary,VN_SRC_TAYNINH,Tay Ninh,2017,annual,2279.0,Person,not_specified,E1312,https://www.nso.gov.vn/en/px-web?pxid=E1312&theme=Education,source_reported_unharmonized
e1312_48946dfa77,education,Number of direct teaching woman teachers of general education as of 30 September by province · Lower secondary,Lower secondary,VN_SRC_TAYNINH,Tay Ninh,2019,annual,2170.0,Person,not_specified,E1312,https://www.nso.gov.vn/en/px-web?pxid=E1312&theme=Education,source_reported_unharmonized
e1312_48946dfa77,education,Number of direct teaching woman teachers of general education as of 30 September by province · Lower secondary,Lower secondary,VN_SRC_TAYNINH,Tay Ninh,2020,annual,2063.0,Person,not_specified,E1312,https://www.nso.gov.vn/en/px-web?pxid=E1312&theme=Education,source_reported_unharmonized
e1312_48946dfa77,education,Number of direct teaching woman teachers of general education as of 30 September by province · Lower secondary,Lower secondary,VN_SRC_TAYNINH,Tay Ninh,2021,annual,1983.0,Person,not_specified,E1312,https://www.nso.gov.vn/en/px-web?pxid=E1312&theme=Education,source_reported_unharmonized
e1312_48946dfa77,education,Number of direct teaching woman teachers of general education as of 30 September by province · Lower secondary,Lower secondary,VN_SRC_TAYNINH,Tay Ninh,2023,annual,1877.0,Person,not_specified,E1312,https://www.nso.gov.vn/en/px-web?pxid=E1312&theme=Education,source_reported_unharmonized
e1312_48946dfa77,education,Number of direct teaching woman teachers of general education as of 30 September by province · Lower secondary,Lower secondary,VN_SRC_BINHDUONG,Binh Duong,2004,annual,1715.0,Person,not_specified,E1312,https://www.nso.gov.vn/en/px-web?pxid=E1312&theme=Education,source_reported_unharmonized
e1312_48946dfa77,education,Number of direct teaching woman teachers of general education as of 30 September by province · Lower secondary,Lower secondary,VN_SRC_BINHDUONG,Binh Duong,2005,annual,1812.0,Person,not_specified,E1312,https://www.nso.gov.vn/en/px-web?pxid=E1312&theme=Education,source_reported_unharmonized
e1312_48946dfa77,education,Number of direct teaching woman teachers of general education as of 30 September by province · Lower secondary,Lower secondary,VN_SRC_BINHDUONG,Binh Duong,2006,annual,1866.0,Person,not_specified,E1312,https://www.nso.gov.vn/en/px-web?pxid=E1312&theme=Education,source_reported_unharmonized
e1312_48946dfa77,education,Number of direct teaching woman teachers of general education as of 30 September by province · Lower secondary,Lower secondary,VN_SRC_BINHDUONG,Binh Duong,2007,annual,2270.0,Person,not_specified,E1312,https://www.nso.gov.vn/en/px-web?pxid=E1312&theme=Education,source_reported_unharmonized
e1312_48946dfa77,education,Number of direct teaching woman teachers of general education as of 30 September by province · Lower secondary,Lower secondary,VN_SRC_BINHDUONG,Binh Duong,2008,annual,1993.0,Person,not_specified,E1312,https://www.nso.gov.vn/en/px-web?pxid=E1312&theme=Education,source_reported_unharmonized
e1312_48946dfa77,education,Number of direct teaching woman teachers of general education as of 30 September by province · Lower secondary,Lower secondary,VN_SRC_BINHDUONG,Binh Duong,2009,annual,2092.0,Person,not_specified,E1312,https://www.nso.gov.vn/en/px-web?pxid=E1312&theme=Education,source_reported_unharmonized
e1312_48946dfa77,education,Number of direct teaching woman teachers of general education as of 30 September by province · Lower secondary,Lower secondary,VN_SRC_BINHDUONG,Binh Duong,2010,annual,2114.0,Person,not_specified,E1312,https://www.nso.gov.vn/en/px-web?pxid=E1312&theme=Education,source_reported_unharmonized
e1312_48946dfa77,education,Number of direct teaching woman teachers of general education as of 30 September by province · Lower secondary,Lower secondary,VN_SRC_BINHDUONG,Binh Duong,2011,annual,2158.0,Person,not_specified,E1312,https://www.nso.gov.vn/en/px-web?pxid=E1312&theme=Education,source_reported_unharmonized
e1312_48946dfa77,education,Number of direct teaching woman teachers of general education as of 30 September by province · Lower secondary,Lower secondary,VN_SRC_BINHDUONG,Binh Duong,2012,annual,2411.0,Person,not_specified,E1312,https://www.nso.gov.vn/en/px-web?pxid=E1312&theme=Education,source_reported_unharmonized
e1312_48946dfa77,education,Number of direct teaching woman teachers of general education as of 30 September by province · Lower secondary,Lower secondary,VN_SRC_BINHDUONG,Binh Duong,2013,annual,2231.0,Person,not_specified,E1312,https://www.nso.gov.vn/en/px-web?pxid=E1312&theme=Education,source_reported_unharmonized
e1312_48946dfa77,education,Number of direct teaching woman teachers of general education as of 30 September by province · Lower secondary,Lower secondary,VN_SRC_BINHDUONG,Binh Duong,2014,annual,2854.0,Person,not_specified,E1312,https://www.nso.gov.vn/en/px-web?pxid=E1312&theme=Education,source_reported_unharmonized
e1312_48946dfa77,education,Number of direct teaching woman teachers of general education as of 30 September by province · Lower secondary,Lower secondary,VN_SRC_BINHDUONG,Binh Duong,2015,annual,2960.0,Person,not_specified,E1312,https://www.nso.gov.vn/en/px-web?pxid=E1312&theme=Education,source_reported_unharmonized
e1312_48946dfa77,education,Number of direct teaching woman teachers of general education as of 30 September by province · Lower secondary,Lower secondary,VN_SRC_BINHDUONG,Binh Duong,2016,annual,3172.0,Person,not_specified,E1312,https://www.nso.gov.vn/en/px-web?pxid=E1312&theme=Education,source_reported_unharmonized
e1312_48946dfa77,education,Number of direct teaching woman teachers of general education as of 30 September by province · Lower secondary,Lower secondary,VN_SRC_BINHDUONG,Binh Duong,2017,annual,3464.0,Person,not_specified,E1312,https://www.nso.gov.vn/en/px-web?pxid=E1312&theme=Education,source_reported_unharmonized
e1312_48946dfa77,education,Number of direct teaching woman teachers of general education as of 30 September by province · Lower secondary,Lower secondary,VN_SRC_BINHDUONG,Binh Duong,2019,annual,3370.0,Person,not_specified,E1312,https://www.nso.gov.vn/en/px-web?pxid=E1312&theme=Education,source_reported_unharmonized
e1312_48946dfa77,education,Number of direct teaching woman teachers of general education as of 30 September by province · Lower secondary,Lower secondary,VN_SRC_BINHDUONG,Binh Duong,2020,annual,3442.0,Person,not_specified,E1312,https://www.nso.gov.vn/en/px-web?pxid=E1312&theme=Education,source_reported_unharmonized
e1312_48946dfa77,education,Number of direct teaching woman teachers of general education as of 30 September by province · Lower secondary,Lower secondary,VN_SRC_BINHDUONG,Binh Duong,2021,annual,3475.0,Person,not_specified,E1312,https://www.nso.gov.vn/en/px-web?pxid=E1312&theme=Education,source_reported_unharmonized
e1312_48946dfa77,education,Number of direct teaching woman teachers of general education as of 30 September by province · Lower secondary,Lower secondary,VN_SRC_BINHDUONG,Binh Duong,2023,annual,3447.0,Person,not_specified,E1312,https://www.nso.gov.vn/en/px-web?pxid=E1312&theme=Education,source_reported_unharmonized
e1312_48946dfa77,education,Number of direct teaching woman teachers of general education as of 30 September by province · Lower secondary,Lower secondary,VN_SRC_DONGNAI,Dong Nai,2004,annual,4444.0,Person,not_specified,E1312,https://www.nso.gov.vn/en/px-web?pxid=E1312&theme=Education,source_reported_unharmonized
e1312_48946dfa77,education,Number of direct teaching woman teachers of general education as of 30 September by province · Lower secondary,Lower secondary,VN_SRC_DONGNAI,Dong Nai,2005,annual,4467.0,Person,not_specified,E1312,https://www.nso.gov.vn/en/px-web?pxid=E1312&theme=Education,source_reported_unharmonized
e1312_48946dfa77,education,Number of direct teaching woman teachers of general education as of 30 September by province · Lower secondary,Lower secondary,VN_SRC_DONGNAI,Dong Nai,2006,annual,4828.0,Person,not_specified,E1312,https://www.nso.gov.vn/en/px-web?pxid=E1312&theme=Education,source_reported_unharmonized
e1312_48946dfa77,education,Number of direct teaching woman teachers of general education as of 30 September by province · Lower secondary,Lower secondary,VN_SRC_DONGNAI,Dong Nai,2007,annual,5043.0,Person,not_specified,E1312,https://www.nso.gov.vn/en/px-web?pxid=E1312&theme=Education,source_reported_unharmonized
e1312_48946dfa77,education,Number of direct teaching woman teachers of general education as of 30 September by province · Lower secondary,Lower secondary,VN_SRC_DONGNAI,Dong Nai,2008,annual,5267.0,Person,not_specified,E1312,https://www.nso.gov.vn/en/px-web?pxid=E1312&theme=Education,source_reported_unharmonized
e1312_48946dfa77,education,Number of direct teaching woman teachers of general education as of 30 September by province · Lower secondary,Lower secondary,VN_SRC_DONGNAI,Dong Nai,2009,annual,5674.0,Person,not_specified,E1312,https://www.nso.gov.vn/en/px-web?pxid=E1312&theme=Education,source_reported_unharmonized
e1312_48946dfa77,education,Number of direct teaching woman teachers of general education as of 30 September by province · Lower secondary,Lower secondary,VN_SRC_DONGNAI,Dong Nai,2010,annual,5712.0,Person,not_specified,E1312,https://www.nso.gov.vn/en/px-web?pxid=E1312&theme=Education,source_reported_unharmonized
e1312_48946dfa77,education,Number of direct teaching woman teachers of general education as of 30 September by province · Lower secondary,Lower secondary,VN_SRC_DONGNAI,Dong Nai,2011,annual,5465.0,Person,not_specified,E1312,https://www.nso.gov.vn/en/px-web?pxid=E1312&theme=Education,source_reported_unharmonized
e1312_48946dfa77,education,Number of direct teaching woman teachers of general education as of 30 September by province · Lower secondary,Lower secondary,VN_SRC_DONGNAI,Dong Nai,2012,annual,5591.0,Person,not_specified,E1312,https://www.nso.gov.vn/en/px-web?pxid=E1312&theme=Education,source_reported_unharmonized
e1312_48946dfa77,education,Number of direct teaching woman teachers of general education as of 30 September by province · Lower secondary,Lower secondary,VN_SRC_DONGNAI,Dong Nai,2013,annual,5637.0,Person,not_specified,E1312,https://www.nso.gov.vn/en/px-web?pxid=E1312&theme=Education,source_reported_unharmonized
e1312_48946dfa77,education,Number of direct teaching woman teachers of general education as of 30 September by province · Lower secondary,Lower secondary,VN_SRC_DONGNAI,Dong Nai,2014,annual,5753.0,Person,not_specified,E1312,https://www.nso.gov.vn/en/px-web?pxid=E1312&theme=Education,source_reported_unharmonized
e1312_48946dfa77,education,Number of direct teaching woman teachers of general education as of 30 September by province · Lower secondary,Lower secondary,VN_SRC_DONGNAI,Dong Nai,2015,annual,5820.0,Person,not_specified,E1312,https://www.nso.gov.vn/en/px-web?pxid=E1312&theme=Education,source_reported_unharmonized
e1312_48946dfa77,education,Number of direct teaching woman teachers of general education as of 30 September by province · Lower secondary,Lower secondary,VN_SRC_DONGNAI,Dong Nai,2016,annual,5851.0,Person,not_specified,E1312,https://www.nso.gov.vn/en/px-web?pxid=E1312&theme=Education,source_reported_unharmonized
e1312_48946dfa77,education,Number of direct teaching woman teachers of general education as of 30 September by province · Lower secondary,Lower secondary,VN_SRC_DONGNAI,Dong Nai,2017,annual,5905.0,Person,not_specified,E1312,https://www.nso.gov.vn/en/px-web?pxid=E1312&theme=Education,source_reported_unharmonized
e1312_48946dfa77,education,Number of direct teaching woman teachers of general education as of 30 September by province · Lower secondary,Lower secondary,VN_SRC_DONGNAI,Dong Nai,2019,annual,5966.0,Person,not_specified,E1312,https://www.nso.gov.vn/en/px-web?pxid=E1312&theme=Education,source_reported_unharmonized
e1312_48946dfa77,education,Number of direct teaching woman teachers of general education as of 30 September by province · Lower secondary,Lower secondary,VN_SRC_DONGNAI,Dong Nai,2020,annual,6043.0,Person,not_specified,E1312,https://www.nso.gov.vn/en/px-web?pxid=E1312&theme=Education,source_reported_unharmonized
e1312_48946dfa77,education,Number of direct teaching woman teachers of general education as of 30 September by province · Lower secondary,Lower secondary,VN_SRC_DONGNAI,Dong Nai,2021,annual,6117.0,Person,not_specified,E1312,https://www.nso.gov.vn/en/px-web?pxid=E1312&theme=Education,source_reported_unharmonized
e1312_48946dfa77,education,Number of direct teaching woman teachers of general education as of 30 September by province · Lower secondary,Lower secondary,VN_SRC_DONGNAI,Dong Nai,2023,annual,5837.0,Person,not_specified,E1312,https://www.nso.gov.vn/en/px-web?pxid=E1312&theme=Education,source_reported_unharmonized
e1312_48946dfa77,education,Number of direct teaching woman teachers of general education as of 30 September by province · Lower secondary,Lower secondary,VN_SRC_BARIAVUNGTAU,Ba Ria - Vung Tau,2004,annual,2224.0,Person,not_specified,E1312,https://www.nso.gov.vn/en/px-web?pxid=E1312&theme=Education,source_reported_unharmonized
e1312_48946dfa77,education,Number of direct teaching woman teachers of general education as of 30 September by province · Lower secondary,Lower secondary,VN_SRC_BARIAVUNGTAU,Ba Ria - Vung Tau,2005,annual,2284.0,Person,not_specified,E1312,https://www.nso.gov.vn/en/px-web?pxid=E1312&theme=Education,source_reported_unharmonized
e1312_48946dfa77,education,Number of direct teaching woman teachers of general education as of 30 September by province · Lower secondary,Lower secondary,VN_SRC_BARIAVUNGTAU,Ba Ria - Vung Tau,2006,annual,2354.0,Person,not_specified,E1312,https://www.nso.gov.vn/en/px-web?pxid=E1312&theme=Education,source_reported_unharmonized
e1312_48946dfa77,education,Number of direct teaching woman teachers of general education as of 30 September by province · Lower secondary,Lower secondary,VN_SRC_BARIAVUNGTAU,Ba Ria - Vung Tau,2007,annual,2466.0,Person,not_specified,E1312,https://www.nso.gov.vn/en/px-web?pxid=E1312&theme=Education,source_reported_unharmonized
e1312_48946dfa77,education,Number of direct teaching woman teachers of general education as of 30 September by province · Lower secondary,Lower secondary,VN_SRC_BARIAVUNGTAU,Ba Ria - Vung Tau,2008,annual,2628.0,Person,not_specified,E1312,https://www.nso.gov.vn/en/px-web?pxid=E1312&theme=Education,source_reported_unharmonized
e1312_48946dfa77,education,Number of direct teaching woman teachers of general education as of 30 September by province · Lower secondary,Lower secondary,VN_SRC_BARIAVUNGTAU,Ba Ria - Vung Tau,2009,annual,2658.0,Person,not_specified,E1312,https://www.nso.gov.vn/en/px-web?pxid=E1312&theme=Education,source_reported_unharmonized
e1312_48946dfa77,education,Number of direct teaching woman teachers of general education as of 30 September by province · Lower secondary,Lower secondary,VN_SRC_BARIAVUNGTAU,Ba Ria - Vung Tau,2010,annual,2668.0,Person,not_specified,E1312,https://www.nso.gov.vn/en/px-web?pxid=E1312&theme=Education,source_reported_unharmonized
e1312_48946dfa77,education,Number of direct teaching woman teachers of general education as of 30 September by province · Lower secondary,Lower secondary,VN_SRC_BARIAVUNGTAU,Ba Ria - Vung Tau,2011,annual,2648.0,Person,not_specified,E1312,https://www.nso.gov.vn/en/px-web?pxid=E1312&theme=Education,source_reported_unharmonized
e1312_48946dfa77,education,Number of direct teaching woman teachers of general education as of 30 September by province · Lower secondary,Lower secondary,VN_SRC_BARIAVUNGTAU,Ba Ria - Vung Tau,2012,annual,2687.0,Person,not_specified,E1312,https://www.nso.gov.vn/en/px-web?pxid=E1312&theme=Education,source_reported_unharmonized
e1312_48946dfa77,education,Number of direct teaching woman teachers of general education as of 30 September by province · Lower secondary,Lower secondary,VN_SRC_BARIAVUNGTAU,Ba Ria - Vung Tau,2013,annual,2738.0,Person,not_specified,E1312,https://www.nso.gov.vn/en/px-web?pxid=E1312&theme=Education,source_reported_unharmonized
e1312_48946dfa77,education,Number of direct teaching woman teachers of general education as of 30 September by province · Lower secondary,Lower secondary,VN_SRC_BARIAVUNGTAU,Ba Ria - Vung Tau,2014,annual,2758.0,Person,not_specified,E1312,https://www.nso.gov.vn/en/px-web?pxid=E1312&theme=Education,source_reported_unharmonized
e1312_48946dfa77,education,Number of direct teaching woman teachers of general education as of 30 September by province · Lower secondary,Lower secondary,VN_SRC_BARIAVUNGTAU,Ba Ria - Vung Tau,2015,annual,2866.0,Person,not_specified,E1312,https://www.nso.gov.vn/en/px-web?pxid=E1312&theme=Education,source_reported_unharmonized
e1312_48946dfa77,education,Number of direct teaching woman teachers of general education as of 30 September by province · Lower secondary,Lower secondary,VN_SRC_BARIAVUNGTAU,Ba Ria - Vung Tau,2016,annual,2840.0,Person,not_specified,E1312,https://www.nso.gov.vn/en/px-web?pxid=E1312&theme=Education,source_reported_unharmonized
e1312_48946dfa77,education,Number of direct teaching woman teachers of general education as of 30 September by province · Lower secondary,Lower secondary,VN_SRC_BARIAVUNGTAU,Ba Ria - Vung Tau,2017,annual,2829.0,Person,not_specified,E1312,https://www.nso.gov.vn/en/px-web?pxid=E1312&theme=Education,source_reported_unharmonized
e1312_48946dfa77,education,Number of direct teaching woman teachers of general education as of 30 September by province · Lower secondary,Lower secondary,VN_SRC_BARIAVUNGTAU,Ba Ria - Vung Tau,2019,annual,2870.0,Person,not_specified,E1312,https://www.nso.gov.vn/en/px-web?pxid=E1312&theme=Education,source_reported_unharmonized
e1312_48946dfa77,education,Number of direct teaching woman teachers of general education as of 30 September by province · Lower secondary,Lower secondary,VN_SRC_BARIAVUNGTAU,Ba Ria - Vung Tau,2020,annual,2823.0,Person,not_specified,E1312,https://www.nso.gov.vn/en/px-web?pxid=E1312&theme=Education,source_reported_unharmonized
e1312_48946dfa77,education,Number of direct teaching woman teachers of general education as of 30 September by province · Lower secondary,Lower secondary,VN_SRC_BARIAVUNGTAU,Ba Ria - Vung Tau,2021,annual,2927.0,Person,not_specified,E1312,https://www.nso.gov.vn/en/px-web?pxid=E1312&theme=Education,source_reported_unharmonized
e1312_48946dfa77,education,Number of direct teaching woman teachers of general education as of 30 September by province · Lower secondary,Lower secondary,VN_SRC_BARIAVUNGTAU,Ba Ria - Vung Tau,2023,annual,2900.0,Person,not_specified,E1312,https://www.nso.gov.vn/en/px-web?pxid=E1312&theme=Education,source_reported_unharmonized
e1312_48946dfa77,education,Number of direct teaching woman teachers of general education as of 30 September by province · Lower secondary,Lower secondary,VN_SRC_HOCHIMINHCITY,Ho Chi Minh city,2004,annual,9504.0,Person,not_specified,E1312,https://www.nso.gov.vn/en/px-web?pxid=E1312&theme=Education,source_reported_unharmonized
e1312_48946dfa77,education,Number of direct teaching woman teachers of general education as of 30 September by province · Lower secondary,Lower secondary,VN_SRC_HOCHIMINHCITY,Ho Chi Minh city,2005,annual,9694.0,Person,not_specified,E1312,https://www.nso.gov.vn/en/px-web?pxid=E1312&theme=Education,source_reported_unharmonized
e1312_48946dfa77,education,Number of direct teaching woman teachers of general education as of 30 September by province · Lower secondary,Lower secondary,VN_SRC_HOCHIMINHCITY,Ho Chi Minh city,2006,annual,9759.0,Person,not_specified,E1312,https://www.nso.gov.vn/en/px-web?pxid=E1312&theme=Education,source_reported_unharmonized
e1312_48946dfa77,education,Number of direct teaching woman teachers of general education as of 30 September by province · Lower secondary,Lower secondary,VN_SRC_HOCHIMINHCITY,Ho Chi Minh city,2007,annual,10077.0,Person,not_specified,E1312,https://www.nso.gov.vn/en/px-web?pxid=E1312&theme=Education,source_reported_unharmonized
e1312_48946dfa77,education,Number of direct teaching woman teachers of general education as of 30 September by province · Lower secondary,Lower secondary,VN_SRC_HOCHIMINHCITY,Ho Chi Minh city,2008,annual,10279.0,Person,not_specified,E1312,https://www.nso.gov.vn/en/px-web?pxid=E1312&theme=Education,source_reported_unharmonized
e1312_48946dfa77,education,Number of direct teaching woman teachers of general education as of 30 September by province · Lower secondary,Lower secondary,VN_SRC_HOCHIMINHCITY,Ho Chi Minh city,2009,annual,10517.0,Person,not_specified,E1312,https://www.nso.gov.vn/en/px-web?pxid=E1312&theme=Education,source_reported_unharmonized
e1312_48946dfa77,education,Number of direct teaching woman teachers of general education as of 30 September by province · Lower secondary,Lower secondary,VN_SRC_HOCHIMINHCITY,Ho Chi Minh city,2010,annual,10436.0,Person,not_specified,E1312,https://www.nso.gov.vn/en/px-web?pxid=E1312&theme=Education,source_reported_unharmonized
e1312_48946dfa77,education,Number of direct teaching woman teachers of general education as of 30 September by province · Lower secondary,Lower secondary,VN_SRC_HOCHIMINHCITY,Ho Chi Minh city,2011,annual,11656.0,Person,not_specified,E1312,https://www.nso.gov.vn/en/px-web?pxid=E1312&theme=Education,source_reported_unharmonized
e1312_48946dfa77,education,Number of direct teaching woman teachers of general education as of 30 September by province · Lower secondary,Lower secondary,VN_SRC_HOCHIMINHCITY,Ho Chi Minh city,2012,annual,11606.0,Person,not_specified,E1312,https://www.nso.gov.vn/en/px-web?pxid=E1312&theme=Education,source_reported_unharmonized
e1312_48946dfa77,education,Number of direct teaching woman teachers of general education as of 30 September by province · Lower secondary,Lower secondary,VN_SRC_HOCHIMINHCITY,Ho Chi Minh city,2013,annual,12066.0,Person,not_specified,E1312,https://www.nso.gov.vn/en/px-web?pxid=E1312&theme=Education,source_reported_unharmonized
e1312_48946dfa77,education,Number of direct teaching woman teachers of general education as of 30 September by province · Lower secondary,Lower secondary,VN_SRC_HOCHIMINHCITY,Ho Chi Minh city,2014,annual,12453.0,Person,not_specified,E1312,https://www.nso.gov.vn/en/px-web?pxid=E1312&theme=Education,source_reported_unharmonized
e1312_48946dfa77,education,Number of direct teaching woman teachers of general education as of 30 September by province · Lower secondary,Lower secondary,VN_SRC_HOCHIMINHCITY,Ho Chi Minh city,2015,annual,12580.0,Person,not_specified,E1312,https://www.nso.gov.vn/en/px-web?pxid=E1312&theme=Education,source_reported_unharmonized
e1312_48946dfa77,education,Number of direct teaching woman teachers of general education as of 30 September by province · Lower secondary,Lower secondary,VN_SRC_HOCHIMINHCITY,Ho Chi Minh city,2016,annual,12627.0,Person,not_specified,E1312,https://www.nso.gov.vn/en/px-web?pxid=E1312&theme=Education,source_reported_unharmonized
e1312_48946dfa77,education,Number of direct teaching woman teachers of general education as of 30 September by province · Lower secondary,Lower secondary,VN_SRC_HOCHIMINHCITY,Ho Chi Minh city,2017,annual,12864.0,Person,not_specified,E1312,https://www.nso.gov.vn/en/px-web?pxid=E1312&theme=Education,source_reported_unharmonized
e1312_48946dfa77,education,Number of direct teaching woman teachers of general education as of 30 September by province · Lower secondary,Lower secondary,VN_SRC_HOCHIMINHCITY,Ho Chi Minh city,2019,annual,12470.0,Person,not_specified,E1312,https://www.nso.gov.vn/en/px-web?pxid=E1312&theme=Education,source_reported_unharmonized
e1312_48946dfa77,education,Number of direct teaching woman teachers of general education as of 30 September by province · Lower secondary,Lower secondary,VN_SRC_HOCHIMINHCITY,Ho Chi Minh city,2020,annual,12673.0,Person,not_specified,E1312,https://www.nso.gov.vn/en/px-web?pxid=E1312&theme=Education,source_reported_unharmonized
e1312_48946dfa77,education,Number of direct teaching woman teachers of general education as of 30 September by province · Lower secondary,Lower secondary,VN_SRC_HOCHIMINHCITY,Ho Chi Minh city,2021,annual,12640.0,Person,not_specified,E1312,https://www.nso.gov.vn/en/px-web?pxid=E1312&theme=Education,source_reported_unharmonized
e1312_48946dfa77,education,Number of direct teaching woman teachers of general education as of 30 September by province · Lower secondary,Lower secondary,VN_SRC_HOCHIMINHCITY,Ho Chi Minh city,2023,annual,13262.0,Person,not_specified,E1312,https://www.nso.gov.vn/en/px-web?pxid=E1312&theme=Education,source_reported_unharmonized
e1312_48946dfa77,education,Number of direct teaching woman teachers of general education as of 30 September by province · Lower secondary,Lower secondary,VN_SRC_LONGAN,Long An,2004,annual,3067.0,Person,not_specified,E1312,https://www.nso.gov.vn/en/px-web?pxid=E1312&theme=Education,source_reported_unharmonized
e1312_48946dfa77,education,Number of direct teaching woman teachers of general education as of 30 September by province · Lower secondary,Lower secondary,VN_SRC_LONGAN,Long An,2005,annual,3082.0,Person,not_specified,E1312,https://www.nso.gov.vn/en/px-web?pxid=E1312&theme=Education,source_reported_unharmonized
e1312_48946dfa77,education,Number of direct teaching woman teachers of general education as of 30 September by province · Lower secondary,Lower secondary,VN_SRC_LONGAN,Long An,2006,annual,3058.0,Person,not_specified,E1312,https://www.nso.gov.vn/en/px-web?pxid=E1312&theme=Education,source_reported_unharmonized
e1312_48946dfa77,education,Number of direct teaching woman teachers of general education as of 30 September by province · Lower secondary,Lower secondary,VN_SRC_LONGAN,Long An,2007,annual,3175.0,Person,not_specified,E1312,https://www.nso.gov.vn/en/px-web?pxid=E1312&theme=Education,source_reported_unharmonized
e1312_48946dfa77,education,Number of direct teaching woman teachers of general education as of 30 September by province · Lower secondary,Lower secondary,VN_SRC_LONGAN,Long An,2008,annual,3250.0,Person,not_specified,E1312,https://www.nso.gov.vn/en/px-web?pxid=E1312&theme=Education,source_reported_unharmonized
e1312_48946dfa77,education,Number of direct teaching woman teachers of general education as of 30 September by province · Lower secondary,Lower secondary,VN_SRC_LONGAN,Long An,2009,annual,3372.0,Person,not_specified,E1312,https://www.nso.gov.vn/en/px-web?pxid=E1312&theme=Education,source_reported_unharmonized
e1312_48946dfa77,education,Number of direct teaching woman teachers of general education as of 30 September by province · Lower secondary,Lower secondary,VN_SRC_LONGAN,Long An,2010,annual,3326.0,Person,not_specified,E1312,https://www.nso.gov.vn/en/px-web?pxid=E1312&theme=Education,source_reported_unharmonized
e1312_48946dfa77,education,Number of direct teaching woman teachers of general education as of 30 September by province · Lower secondary,Lower secondary,VN_SRC_LONGAN,Long An,2011,annual,3355.0,Person,not_specified,E1312,https://www.nso.gov.vn/en/px-web?pxid=E1312&theme=Education,source_reported_unharmonized
e1312_48946dfa77,education,Number of direct teaching woman teachers of general education as of 30 September by province · Lower secondary,Lower secondary,VN_SRC_LONGAN,Long An,2012,annual,3526.0,Person,not_specified,E1312,https://www.nso.gov.vn/en/px-web?pxid=E1312&theme=Education,source_reported_unharmonized
e1312_48946dfa77,education,Number of direct teaching woman teachers of general education as of 30 September by province · Lower secondary,Lower secondary,VN_SRC_LONGAN,Long An,2013,annual,3438.0,Person,not_specified,E1312,https://www.nso.gov.vn/en/px-web?pxid=E1312&theme=Education,source_reported_unharmonized
e1312_48946dfa77,education,Number of direct teaching woman teachers of general education as of 30 September by province · Lower secondary,Lower secondary,VN_SRC_LONGAN,Long An,2014,annual,3411.0,Person,not_specified,E1312,https://www.nso.gov.vn/en/px-web?pxid=E1312&theme=Education,source_reported_unharmonized
e1312_48946dfa77,education,Number of direct teaching woman teachers of general education as of 30 September by province · Lower secondary,Lower secondary,VN_SRC_LONGAN,Long An,2015,annual,3321.0,Person,not_specified,E1312,https://www.nso.gov.vn/en/px-web?pxid=E1312&theme=Education,source_reported_unharmonized
e1312_48946dfa77,education,Number of direct teaching woman teachers of general education as of 30 September by province · Lower secondary,Lower secondary,VN_SRC_LONGAN,Long An,2016,annual,3280.0,Person,not_specified,E1312,https://www.nso.gov.vn/en/px-web?pxid=E1312&theme=Education,source_reported_unharmonized
e1312_48946dfa77,education,Number of direct teaching woman teachers of general education as of 30 September by province · Lower secondary,Lower secondary,VN_SRC_LONGAN,Long An,2017,annual,3232.0,Person,not_specified,E1312,https://www.nso.gov.vn/en/px-web?pxid=E1312&theme=Education,source_reported_unharmonized
e1312_48946dfa77,education,Number of direct teaching woman teachers of general education as of 30 September by province · Lower secondary,Lower secondary,VN_SRC_LONGAN,Long An,2019,annual,3035.0,Person,not_specified,E1312,https://www.nso.gov.vn/en/px-web?pxid=E1312&theme=Education,source_reported_unharmonized
e1312_48946dfa77,education,Number of direct teaching woman teachers of general education as of 30 September by province · Lower secondary,Lower secondary,VN_SRC_LONGAN,Long An,2020,annual,2908.0,Person,not_specified,E1312,https://www.nso.gov.vn/en/px-web?pxid=E1312&theme=Education,source_reported_unharmonized
e1312_48946dfa77,education,Number of direct teaching woman teachers of general education as of 30 September by province · Lower secondary,Lower secondary,VN_SRC_LONGAN,Long An,2021,annual,2836.0,Person,not_specified,E1312,https://www.nso.gov.vn/en/px-web?pxid=E1312&theme=Education,source_reported_unharmonized
e1312_48946dfa77,education,Number of direct teaching woman teachers of general education as of 30 September by province · Lower secondary,Lower secondary,VN_SRC_LONGAN,Long An,2023,annual,2616.0,Person,not_specified,E1312,https://www.nso.gov.vn/en/px-web?pxid=E1312&theme=Education,source_reported_unharmonized
e1312_48946dfa77,education,Number of direct teaching woman teachers of general education as of 30 September by province · Lower secondary,Lower secondary,VN_SRC_TIENGIANG,Tien Giang,2004,annual,3178.0,Person,not_specified,E1312,https://www.nso.gov.vn/en/px-web?pxid=E1312&theme=Education,source_reported_unharmonized
e1312_48946dfa77,education,Number of direct teaching woman teachers of general education as of 30 September by province · Lower secondary,Lower secondary,VN_SRC_TIENGIANG,Tien Giang,2005,annual,3291.0,Person,not_specified,E1312,https://www.nso.gov.vn/en/px-web?pxid=E1312&theme=Education,source_reported_unharmonized
e1312_48946dfa77,education,Number of direct teaching woman teachers of general education as of 30 September by province · Lower secondary,Lower secondary,VN_SRC_TIENGIANG,Tien Giang,2006,annual,3257.0,Person,not_specified,E1312,https://www.nso.gov.vn/en/px-web?pxid=E1312&theme=Education,source_reported_unharmonized
e1312_48946dfa77,education,Number of direct teaching woman teachers of general education as of 30 September by province · Lower secondary,Lower secondary,VN_SRC_TIENGIANG,Tien Giang,2007,annual,3237.0,Person,not_specified,E1312,https://www.nso.gov.vn/en/px-web?pxid=E1312&theme=Education,source_reported_unharmonized
e1312_48946dfa77,education,Number of direct teaching woman teachers of general education as of 30 September by province · Lower secondary,Lower secondary,VN_SRC_TIENGIANG,Tien Giang,2008,annual,3271.0,Person,not_specified,E1312,https://www.nso.gov.vn/en/px-web?pxid=E1312&theme=Education,source_reported_unharmonized
e1312_48946dfa77,education,Number of direct teaching woman teachers of general education as of 30 September by province · Lower secondary,Lower secondary,VN_SRC_TIENGIANG,Tien Giang,2009,annual,3118.0,Person,not_specified,E1312,https://www.nso.gov.vn/en/px-web?pxid=E1312&theme=Education,source_reported_unharmonized
e1312_48946dfa77,education,Number of direct teaching woman teachers of general education as of 30 September by province · Lower secondary,Lower secondary,VN_SRC_TIENGIANG,Tien Giang,2010,annual,3151.0,Person,not_specified,E1312,https://www.nso.gov.vn/en/px-web?pxid=E1312&theme=Education,source_reported_unharmonized
e1312_48946dfa77,education,Number of direct teaching woman teachers of general education as of 30 September by province · Lower secondary,Lower secondary,VN_SRC_TIENGIANG,Tien Giang,2011,annual,3162.0,Person,not_specified,E1312,https://www.nso.gov.vn/en/px-web?pxid=E1312&theme=Education,source_reported_unharmonized
e1312_48946dfa77,education,Number of direct teaching woman teachers of general education as of 30 September by province · Lower secondary,Lower secondary,VN_SRC_TIENGIANG,Tien Giang,2012,annual,3116.0,Person,not_specified,E1312,https://www.nso.gov.vn/en/px-web?pxid=E1312&theme=Education,source_reported_unharmonized
e1312_48946dfa77,education,Number of direct teaching woman teachers of general education as of 30 September by province · Lower secondary,Lower secondary,VN_SRC_TIENGIANG,Tien Giang,2013,annual,3065.0,Person,not_specified,E1312,https://www.nso.gov.vn/en/px-web?pxid=E1312&theme=Education,source_reported_unharmonized
e1312_48946dfa77,education,Number of direct teaching woman teachers of general education as of 30 September by province · Lower secondary,Lower secondary,VN_SRC_TIENGIANG,Tien Giang,2014,annual,3098.0,Person,not_specified,E1312,https://www.nso.gov.vn/en/px-web?pxid=E1312&theme=Education,source_reported_unharmonized
e1312_48946dfa77,education,Number of direct teaching woman teachers of general education as of 30 September by province · Lower secondary,Lower secondary,VN_SRC_TIENGIANG,Tien Giang,2015,annual,3116.0,Person,not_specified,E1312,https://www.nso.gov.vn/en/px-web?pxid=E1312&theme=Education,source_reported_unharmonized
e1312_48946dfa77,education,Number of direct teaching woman teachers of general education as of 30 September by province · Lower secondary,Lower secondary,VN_SRC_TIENGIANG,Tien Giang,2016,annual,3031.0,Person,not_specified,E1312,https://www.nso.gov.vn/en/px-web?pxid=E1312&theme=Education,source_reported_unharmonized
e1312_48946dfa77,education,Number of direct teaching woman teachers of general education as of 30 September by province · Lower secondary,Lower secondary,VN_SRC_TIENGIANG,Tien Giang,2017,annual,3008.0,Person,not_specified,E1312,https://www.nso.gov.vn/en/px-web?pxid=E1312&theme=Education,source_reported_unharmonized
e1312_48946dfa77,education,Number of direct teaching woman teachers of general education as of 30 September by province · Lower secondary,Lower secondary,VN_SRC_TIENGIANG,Tien Giang,2019,annual,2831.0,Person,not_specified,E1312,https://www.nso.gov.vn/en/px-web?pxid=E1312&theme=Education,source_reported_unharmonized
e1312_48946dfa77,education,Number of direct teaching woman teachers of general education as of 30 September by province · Lower secondary,Lower secondary,VN_SRC_TIENGIANG,Tien Giang,2020,annual,2744.0,Person,not_specified,E1312,https://www.nso.gov.vn/en/px-web?pxid=E1312&theme=Education,source_reported_unharmonized
e1312_48946dfa77,education,Number of direct teaching woman teachers of general education as of 30 September by province · Lower secondary,Lower secondary,VN_SRC_TIENGIANG,Tien Giang,2021,annual,2609.0,Person,not_specified,E1312,https://www.nso.gov.vn/en/px-web?pxid=E1312&theme=Education,source_reported_unharmonized
e1312_48946dfa77,education,Number of direct teaching woman teachers of general education as of 30 September by province · Lower secondary,Lower secondary,VN_SRC_TIENGIANG,Tien Giang,2023,annual,2442.0,Person,not_specified,E1312,https://www.nso.gov.vn/en/px-web?pxid=E1312&theme=Education,source_reported_unharmonized
e1312_48946dfa77,education,Number of direct teaching woman teachers of general education as of 30 September by province · Lower secondary,Lower secondary,VN_SRC_BENTRE,Ben Tre,2004,annual,2504.0,Person,not_specified,E1312,https://www.nso.gov.vn/en/px-web?pxid=E1312&theme=Education,source_reported_unharmonized
e1312_48946dfa77,education,Number of direct teaching woman teachers of general education as of 30 September by province · Lower secondary,Lower secondary,VN_SRC_BENTRE,Ben Tre,2005,annual,2781.0,Person,not_specified,E1312,https://www.nso.gov.vn/en/px-web?pxid=E1312&theme=Education,source_reported_unharmonized
e1312_48946dfa77,education,Number of direct teaching woman teachers of general education as of 30 September by province · Lower secondary,Lower secondary,VN_SRC_BENTRE,Ben Tre,2006,annual,2868.0,Person,not_specified,E1312,https://www.nso.gov.vn/en/px-web?pxid=E1312&theme=Education,source_reported_unharmonized
e1312_48946dfa77,education,Number of direct teaching woman teachers of general education as of 30 September by province · Lower secondary,Lower secondary,VN_SRC_BENTRE,Ben Tre,2007,annual,2882.0,Person,not_specified,E1312,https://www.nso.gov.vn/en/px-web?pxid=E1312&theme=Education,source_reported_unharmonized
e1312_48946dfa77,education,Number of direct teaching woman teachers of general education as of 30 September by province · Lower secondary,Lower secondary,VN_SRC_BENTRE,Ben Tre,2008,annual,2806.0,Person,not_specified,E1312,https://www.nso.gov.vn/en/px-web?pxid=E1312&theme=Education,source_reported_unharmonized
e1312_48946dfa77,education,Number of direct teaching woman teachers of general education as of 30 September by province · Lower secondary,Lower secondary,VN_SRC_BENTRE,Ben Tre,2009,annual,2768.0,Person,not_specified,E1312,https://www.nso.gov.vn/en/px-web?pxid=E1312&theme=Education,source_reported_unharmonized
e1312_48946dfa77,education,Number of direct teaching woman teachers of general education as of 30 September by province · Lower secondary,Lower secondary,VN_SRC_BENTRE,Ben Tre,2010,annual,2732.0,Person,not_specified,E1312,https://www.nso.gov.vn/en/px-web?pxid=E1312&theme=Education,source_reported_unharmonized
e1312_48946dfa77,education,Number of direct teaching woman teachers of general education as of 30 September by province · Lower secondary,Lower secondary,VN_SRC_BENTRE,Ben Tre,2011,annual,2686.0,Person,not_specified,E1312,https://www.nso.gov.vn/en/px-web?pxid=E1312&theme=Education,source_reported_unharmonized
e1312_48946dfa77,education,Number of direct teaching woman teachers of general education as of 30 September by province · Lower secondary,Lower secondary,VN_SRC_BENTRE,Ben Tre,2012,annual,2727.0,Person,not_specified,E1312,https://www.nso.gov.vn/en/px-web?pxid=E1312&theme=Education,source_reported_unharmonized
e1312_48946dfa77,education,Number of direct teaching woman teachers of general education as of 30 September by province · Lower secondary,Lower secondary,VN_SRC_BENTRE,Ben Tre,2013,annual,2654.0,Person,not_specified,E1312,https://www.nso.gov.vn/en/px-web?pxid=E1312&theme=Education,source_reported_unharmonized
e1312_48946dfa77,education,Number of direct teaching woman teachers of general education as of 30 September by province · Lower secondary,Lower secondary,VN_SRC_BENTRE,Ben Tre,2014,annual,2623.0,Person,not_specified,E1312,https://www.nso.gov.vn/en/px-web?pxid=E1312&theme=Education,source_reported_unharmonized
e1312_48946dfa77,education,Number of direct teaching woman teachers of general education as of 30 September by province · Lower secondary,Lower secondary,VN_SRC_BENTRE,Ben Tre,2015,annual,2606.0,Person,not_specified,E1312,https://www.nso.gov.vn/en/px-web?pxid=E1312&theme=Education,source_reported_unharmonized
e1312_48946dfa77,education,Number of direct teaching woman teachers of general education as of 30 September by province · Lower secondary,Lower secondary,VN_SRC_BENTRE,Ben Tre,2016,annual,2573.0,Person,not_specified,E1312,https://www.nso.gov.vn/en/px-web?pxid=E1312&theme=Education,source_reported_unharmonized
e1312_48946dfa77,education,Number of direct teaching woman teachers of general education as of 30 September by province · Lower secondary,Lower secondary,VN_SRC_BENTRE,Ben Tre,2017,annual,2502.0,Person,not_specified,E1312,https://www.nso.gov.vn/en/px-web?pxid=E1312&theme=Education,source_reported_unharmonized
e1312_48946dfa77,education,Number of direct teaching woman teachers of general education as of 30 September by province · Lower secondary,Lower secondary,VN_SRC_BENTRE,Ben Tre,2019,annual,2415.0,Person,not_specified,E1312,https://www.nso.gov.vn/en/px-web?pxid=E1312&theme=Education,source_reported_unharmonized
e1312_48946dfa77,education,Number of direct teaching woman teachers of general education as of 30 September by province · Lower secondary,Lower secondary,VN_SRC_BENTRE,Ben Tre,2020,annual,2343.0,Person,not_specified,E1312,https://www.nso.gov.vn/en/px-web?pxid=E1312&theme=Education,source_reported_unharmonized
e1312_48946dfa77,education,Number of direct teaching woman teachers of general education as of 30 September by province · Lower secondary,Lower secondary,VN_SRC_BENTRE,Ben Tre,2021,annual,2244.0,Person,not_specified,E1312,https://www.nso.gov.vn/en/px-web?pxid=E1312&theme=Education,source_reported_unharmonized
e1312_48946dfa77,education,Number of direct teaching woman teachers of general education as of 30 September by province · Lower secondary,Lower secondary,VN_SRC_BENTRE,Ben Tre,2023,annual,2140.0,Person,not_specified,E1312,https://www.nso.gov.vn/en/px-web?pxid=E1312&theme=Education,source_reported_unharmonized
e1312_48946dfa77,education,Number of direct teaching woman teachers of general education as of 30 September by province · Lower secondary,Lower secondary,VN_SRC_TRAVINH,Tra Vinh,2004,annual,1950.0,Person,not_specified,E1312,https://www.nso.gov.vn/en/px-web?pxid=E1312&theme=Education,source_reported_unharmonized
e1312_48946dfa77,education,Number of direct teaching woman teachers of general education as of 30 September by province · Lower secondary,Lower secondary,VN_SRC_TRAVINH,Tra Vinh,2005,annual,1976.0,Person,not_specified,E1312,https://www.nso.gov.vn/en/px-web?pxid=E1312&theme=Education,source_reported_unharmonized
e1312_48946dfa77,education,Number of direct teaching woman teachers of general education as of 30 September by province · Lower secondary,Lower secondary,VN_SRC_TRAVINH,Tra Vinh,2006,annual,1910.0,Person,not_specified,E1312,https://www.nso.gov.vn/en/px-web?pxid=E1312&theme=Education,source_reported_unharmonized
e1312_48946dfa77,education,Number of direct teaching woman teachers of general education as of 30 September by province · Lower secondary,Lower secondary,VN_SRC_TRAVINH,Tra Vinh,2007,annual,1883.0,Person,not_specified,E1312,https://www.nso.gov.vn/en/px-web?pxid=E1312&theme=Education,source_reported_unharmonized
e1312_48946dfa77,education,Number of direct teaching woman teachers of general education as of 30 September by province · Lower secondary,Lower secondary,VN_SRC_TRAVINH,Tra Vinh,2008,annual,1883.0,Person,not_specified,E1312,https://www.nso.gov.vn/en/px-web?pxid=E1312&theme=Education,source_reported_unharmonized
e1312_48946dfa77,education,Number of direct teaching woman teachers of general education as of 30 September by province · Lower secondary,Lower secondary,VN_SRC_TRAVINH,Tra Vinh,2009,annual,1894.0,Person,not_specified,E1312,https://www.nso.gov.vn/en/px-web?pxid=E1312&theme=Education,source_reported_unharmonized
e1312_48946dfa77,education,Number of direct teaching woman teachers of general education as of 30 September by province · Lower secondary,Lower secondary,VN_SRC_TRAVINH,Tra Vinh,2010,annual,1911.0,Person,not_specified,E1312,https://www.nso.gov.vn/en/px-web?pxid=E1312&theme=Education,source_reported_unharmonized
e1312_48946dfa77,education,Number of direct teaching woman teachers of general education as of 30 September by province · Lower secondary,Lower secondary,VN_SRC_TRAVINH,Tra Vinh,2011,annual,1902.0,Person,not_specified,E1312,https://www.nso.gov.vn/en/px-web?pxid=E1312&theme=Education,source_reported_unharmonized
e1312_48946dfa77,education,Number of direct teaching woman teachers of general education as of 30 September by province · Lower secondary,Lower secondary,VN_SRC_TRAVINH,Tra Vinh,2012,annual,1873.0,Person,not_specified,E1312,https://www.nso.gov.vn/en/px-web?pxid=E1312&theme=Education,source_reported_unharmonized
e1312_48946dfa77,education,Number of direct teaching woman teachers of general education as of 30 September by province · Lower secondary,Lower secondary,VN_SRC_TRAVINH,Tra Vinh,2013,annual,1852.0,Person,not_specified,E1312,https://www.nso.gov.vn/en/px-web?pxid=E1312&theme=Education,source_reported_unharmonized
e1312_48946dfa77,education,Number of direct teaching woman teachers of general education as of 30 September by province · Lower secondary,Lower secondary,VN_SRC_TRAVINH,Tra Vinh,2014,annual,1881.0,Person,not_specified,E1312,https://www.nso.gov.vn/en/px-web?pxid=E1312&theme=Education,source_reported_unharmonized
e1312_48946dfa77,education,Number of direct teaching woman teachers of general education as of 30 September by province · Lower secondary,Lower secondary,VN_SRC_TRAVINH,Tra Vinh,2015,annual,1920.0,Person,not_specified,E1312,https://www.nso.gov.vn/en/px-web?pxid=E1312&theme=Education,source_reported_unharmonized
e1312_48946dfa77,education,Number of direct teaching woman teachers of general education as of 30 September by province · Lower secondary,Lower secondary,VN_SRC_TRAVINH,Tra Vinh,2016,annual,1941.0,Person,not_specified,E1312,https://www.nso.gov.vn/en/px-web?pxid=E1312&theme=Education,source_reported_unharmonized
e1312_48946dfa77,education,Number of direct teaching woman teachers of general education as of 30 September by province · Lower secondary,Lower secondary,VN_SRC_TRAVINH,Tra Vinh,2017,annual,1941.0,Person,not_specified,E1312,https://www.nso.gov.vn/en/px-web?pxid=E1312&theme=Education,source_reported_unharmonized
e1312_48946dfa77,education,Number of direct teaching woman teachers of general education as of 30 September by province · Lower secondary,Lower secondary,VN_SRC_TRAVINH,Tra Vinh,2019,annual,1852.0,Person,not_specified,E1312,https://www.nso.gov.vn/en/px-web?pxid=E1312&theme=Education,source_reported_unharmonized
e1312_48946dfa77,education,Number of direct teaching woman teachers of general education as of 30 September by province · Lower secondary,Lower secondary,VN_SRC_TRAVINH,Tra Vinh,2020,annual,1823.0,Person,not_specified,E1312,https://www.nso.gov.vn/en/px-web?pxid=E1312&theme=Education,source_reported_unharmonized
e1312_48946dfa77,education,Number of direct teaching woman teachers of general education as of 30 September by province · Lower secondary,Lower secondary,VN_SRC_TRAVINH,Tra Vinh,2021,annual,1793.0,Person,not_specified,E1312,https://www.nso.gov.vn/en/px-web?pxid=E1312&theme=Education,source_reported_unharmonized
e1312_48946dfa77,education,Number of direct teaching woman teachers of general education as of 30 September by province · Lower secondary,Lower secondary,VN_SRC_TRAVINH,Tra Vinh,2023,annual,1794.0,Person,not_specified,E1312,https://www.nso.gov.vn/en/px-web?pxid=E1312&theme=Education,source_reported_unharmonized
e1312_48946dfa77,education,Number of direct teaching woman teachers of general education as of 30 September by province · Lower secondary,Lower secondary,VN_SRC_VINHLONG,Vinh Long,2004,annual,2023.0,Person,not_specified,E1312,https://www.nso.gov.vn/en/px-web?pxid=E1312&theme=Education,source_reported_unharmonized
e1312_48946dfa77,education,Number of direct teaching woman teachers of general education as of 30 September by province · Lower secondary,Lower secondary,VN_SRC_VINHLONG,Vinh Long,2005,annual,2003.0,Person,not_specified,E1312,https://www.nso.gov.vn/en/px-web?pxid=E1312&theme=Education,source_reported_unharmonized
e1312_48946dfa77,education,Number of direct teaching woman teachers of general education as of 30 September by province · Lower secondary,Lower secondary,VN_SRC_VINHLONG,Vinh Long,2006,annual,2075.0,Person,not_specified,E1312,https://www.nso.gov.vn/en/px-web?pxid=E1312&theme=Education,source_reported_unharmonized
e1312_48946dfa77,education,Number of direct teaching woman teachers of general education as of 30 September by province · Lower secondary,Lower secondary,VN_SRC_VINHLONG,Vinh Long,2007,annual,2127.0,Person,not_specified,E1312,https://www.nso.gov.vn/en/px-web?pxid=E1312&theme=Education,source_reported_unharmonized
e1312_48946dfa77,education,Number of direct teaching woman teachers of general education as of 30 September by province · Lower secondary,Lower secondary,VN_SRC_VINHLONG,Vinh Long,2008,annual,2205.0,Person,not_specified,E1312,https://www.nso.gov.vn/en/px-web?pxid=E1312&theme=Education,source_reported_unharmonized
e1312_48946dfa77,education,Number of direct teaching woman teachers of general education as of 30 September by province · Lower secondary,Lower secondary,VN_SRC_VINHLONG,Vinh Long,2009,annual,2175.0,Person,not_specified,E1312,https://www.nso.gov.vn/en/px-web?pxid=E1312&theme=Education,source_reported_unharmonized
e1312_48946dfa77,education,Number of direct teaching woman teachers of general education as of 30 September by province · Lower secondary,Lower secondary,VN_SRC_VINHLONG,Vinh Long,2010,annual,2133.0,Person,not_specified,E1312,https://www.nso.gov.vn/en/px-web?pxid=E1312&theme=Education,source_reported_unharmonized
e1312_48946dfa77,education,Number of direct teaching woman teachers of general education as of 30 September by province · Lower secondary,Lower secondary,VN_SRC_VINHLONG,Vinh Long,2011,annual,2121.0,Person,not_specified,E1312,https://www.nso.gov.vn/en/px-web?pxid=E1312&theme=Education,source_reported_unharmonized
e1312_48946dfa77,education,Number of direct teaching woman teachers of general education as of 30 September by province · Lower secondary,Lower secondary,VN_SRC_VINHLONG,Vinh Long,2012,annual,2151.0,Person,not_specified,E1312,https://www.nso.gov.vn/en/px-web?pxid=E1312&theme=Education,source_reported_unharmonized
e1312_48946dfa77,education,Number of direct teaching woman teachers of general education as of 30 September by province · Lower secondary,Lower secondary,VN_SRC_VINHLONG,Vinh Long,2013,annual,2076.0,Person,not_specified,E1312,https://www.nso.gov.vn/en/px-web?pxid=E1312&theme=Education,source_reported_unharmonized
e1312_48946dfa77,education,Number of direct teaching woman teachers of general education as of 30 September by province · Lower secondary,Lower secondary,VN_SRC_VINHLONG,Vinh Long,2014,annual,2093.0,Person,not_specified,E1312,https://www.nso.gov.vn/en/px-web?pxid=E1312&theme=Education,source_reported_unharmonized
e1312_48946dfa77,education,Number of direct teaching woman teachers of general education as of 30 September by province · Lower secondary,Lower secondary,VN_SRC_VINHLONG,Vinh Long,2015,annual,2092.0,Person,not_specified,E1312,https://www.nso.gov.vn/en/px-web?pxid=E1312&theme=Education,source_reported_unharmonized
e1312_48946dfa77,education,Number of direct teaching woman teachers of general education as of 30 September by province · Lower secondary,Lower secondary,VN_SRC_VINHLONG,Vinh Long,2016,annual,2064.0,Person,not_specified,E1312,https://www.nso.gov.vn/en/px-web?pxid=E1312&theme=Education,source_reported_unharmonized
e1312_48946dfa77,education,Number of direct teaching woman teachers of general education as of 30 September by province · Lower secondary,Lower secondary,VN_SRC_VINHLONG,Vinh Long,2017,annual,2018.0,Person,not_specified,E1312,https://www.nso.gov.vn/en/px-web?pxid=E1312&theme=Education,source_reported_unharmonized
e1312_48946dfa77,education,Number of direct teaching woman teachers of general education as of 30 September by province · Lower secondary,Lower secondary,VN_SRC_VINHLONG,Vinh Long,2019,annual,1906.0,Person,not_specified,E1312,https://www.nso.gov.vn/en/px-web?pxid=E1312&theme=Education,source_reported_unharmonized
e1312_48946dfa77,education,Number of direct teaching woman teachers of general education as of 30 September by province · Lower secondary,Lower secondary,VN_SRC_VINHLONG,Vinh Long,2020,annual,1854.0,Person,not_specified,E1312,https://www.nso.gov.vn/en/px-web?pxid=E1312&theme=Education,source_reported_unharmonized
e1312_48946dfa77,education,Number of direct teaching woman teachers of general education as of 30 September by province · Lower secondary,Lower secondary,VN_SRC_VINHLONG,Vinh Long,2021,annual,1846.0,Person,not_specified,E1312,https://www.nso.gov.vn/en/px-web?pxid=E1312&theme=Education,source_reported_unharmonized
e1312_48946dfa77,education,Number of direct teaching woman teachers of general education as of 30 September by province · Lower secondary,Lower secondary,VN_SRC_VINHLONG,Vinh Long,2023,annual,1825.0,Person,not_specified,E1312,https://www.nso.gov.vn/en/px-web?pxid=E1312&theme=Education,source_reported_unharmonized
e1312_48946dfa77,education,Number of direct teaching woman teachers of general education as of 30 September by province · Lower secondary,Lower secondary,VN_SRC_DONGTHAP,Dong Thap,2004,annual,2555.0,Person,not_specified,E1312,https://www.nso.gov.vn/en/px-web?pxid=E1312&theme=Education,source_reported_unharmonized
e1312_48946dfa77,education,Number of direct teaching woman teachers of general education as of 30 September by province · Lower secondary,Lower secondary,VN_SRC_DONGTHAP,Dong Thap,2005,annual,2678.0,Person,not_specified,E1312,https://www.nso.gov.vn/en/px-web?pxid=E1312&theme=Education,source_reported_unharmonized
e1312_48946dfa77,education,Number of direct teaching woman teachers of general education as of 30 September by province · Lower secondary,Lower secondary,VN_SRC_DONGTHAP,Dong Thap,2006,annual,2713.0,Person,not_specified,E1312,https://www.nso.gov.vn/en/px-web?pxid=E1312&theme=Education,source_reported_unharmonized
e1312_48946dfa77,education,Number of direct teaching woman teachers of general education as of 30 September by province · Lower secondary,Lower secondary,VN_SRC_DONGTHAP,Dong Thap,2007,annual,2784.0,Person,not_specified,E1312,https://www.nso.gov.vn/en/px-web?pxid=E1312&theme=Education,source_reported_unharmonized
e1312_48946dfa77,education,Number of direct teaching woman teachers of general education as of 30 September by province · Lower secondary,Lower secondary,VN_SRC_DONGTHAP,Dong Thap,2008,annual,2839.0,Person,not_specified,E1312,https://www.nso.gov.vn/en/px-web?pxid=E1312&theme=Education,source_reported_unharmonized
e1312_48946dfa77,education,Number of direct teaching woman teachers of general education as of 30 September by province · Lower secondary,Lower secondary,VN_SRC_DONGTHAP,Dong Thap,2009,annual,2839.0,Person,not_specified,E1312,https://www.nso.gov.vn/en/px-web?pxid=E1312&theme=Education,source_reported_unharmonized
e1312_48946dfa77,education,Number of direct teaching woman teachers of general education as of 30 September by province · Lower secondary,Lower secondary,VN_SRC_DONGTHAP,Dong Thap,2010,annual,2870.0,Person,not_specified,E1312,https://www.nso.gov.vn/en/px-web?pxid=E1312&theme=Education,source_reported_unharmonized
e1312_48946dfa77,education,Number of direct teaching woman teachers of general education as of 30 September by province · Lower secondary,Lower secondary,VN_SRC_DONGTHAP,Dong Thap,2011,annual,3690.0,Person,not_specified,E1312,https://www.nso.gov.vn/en/px-web?pxid=E1312&theme=Education,source_reported_unharmonized
e1312_48946dfa77,education,Number of direct teaching woman teachers of general education as of 30 September by province · Lower secondary,Lower secondary,VN_SRC_DONGTHAP,Dong Thap,2012,annual,2846.0,Person,not_specified,E1312,https://www.nso.gov.vn/en/px-web?pxid=E1312&theme=Education,source_reported_unharmonized
e1312_48946dfa77,education,Number of direct teaching woman teachers of general education as of 30 September by province · Lower secondary,Lower secondary,VN_SRC_DONGTHAP,Dong Thap,2013,annual,2829.0,Person,not_specified,E1312,https://www.nso.gov.vn/en/px-web?pxid=E1312&theme=Education,source_reported_unharmonized
e1312_48946dfa77,education,Number of direct teaching woman teachers of general education as of 30 September by province · Lower secondary,Lower secondary,VN_SRC_DONGTHAP,Dong Thap,2014,annual,2828.0,Person,not_specified,E1312,https://www.nso.gov.vn/en/px-web?pxid=E1312&theme=Education,source_reported_unharmonized
e1312_48946dfa77,education,Number of direct teaching woman teachers of general education as of 30 September by province · Lower secondary,Lower secondary,VN_SRC_DONGTHAP,Dong Thap,2015,annual,2787.0,Person,not_specified,E1312,https://www.nso.gov.vn/en/px-web?pxid=E1312&theme=Education,source_reported_unharmonized
e1312_48946dfa77,education,Number of direct teaching woman teachers of general education as of 30 September by province · Lower secondary,Lower secondary,VN_SRC_DONGTHAP,Dong Thap,2016,annual,2775.0,Person,not_specified,E1312,https://www.nso.gov.vn/en/px-web?pxid=E1312&theme=Education,source_reported_unharmonized
e1312_48946dfa77,education,Number of direct teaching woman teachers of general education as of 30 September by province · Lower secondary,Lower secondary,VN_SRC_DONGTHAP,Dong Thap,2017,annual,2771.0,Person,not_specified,E1312,https://www.nso.gov.vn/en/px-web?pxid=E1312&theme=Education,source_reported_unharmonized
e1312_48946dfa77,education,Number of direct teaching woman teachers of general education as of 30 September by province · Lower secondary,Lower secondary,VN_SRC_DONGTHAP,Dong Thap,2019,annual,2640.0,Person,not_specified,E1312,https://www.nso.gov.vn/en/px-web?pxid=E1312&theme=Education,source_reported_unharmonized
e1312_48946dfa77,education,Number of direct teaching woman teachers of general education as of 30 September by province · Lower secondary,Lower secondary,VN_SRC_DONGTHAP,Dong Thap,2020,annual,2613.0,Person,not_specified,E1312,https://www.nso.gov.vn/en/px-web?pxid=E1312&theme=Education,source_reported_unharmonized
e1312_48946dfa77,education,Number of direct teaching woman teachers of general education as of 30 September by province · Lower secondary,Lower secondary,VN_SRC_DONGTHAP,Dong Thap,2021,annual,2585.0,Person,not_specified,E1312,https://www.nso.gov.vn/en/px-web?pxid=E1312&theme=Education,source_reported_unharmonized
e1312_48946dfa77,education,Number of direct teaching woman teachers of general education as of 30 September by province · Lower secondary,Lower secondary,VN_SRC_DONGTHAP,Dong Thap,2023,annual,2577.0,Person,not_specified,E1312,https://www.nso.gov.vn/en/px-web?pxid=E1312&theme=Education,source_reported_unharmonized
e1312_48946dfa77,education,Number of direct teaching woman teachers of general education as of 30 September by province · Lower secondary,Lower secondary,VN_SRC_ANGIANG,An Giang,2004,annual,2925.0,Person,not_specified,E1312,https://www.nso.gov.vn/en/px-web?pxid=E1312&theme=Education,source_reported_unharmonized
e1312_48946dfa77,education,Number of direct teaching woman teachers of general education as of 30 September by province · Lower secondary,Lower secondary,VN_SRC_ANGIANG,An Giang,2005,annual,3038.0,Person,not_specified,E1312,https://www.nso.gov.vn/en/px-web?pxid=E1312&theme=Education,source_reported_unharmonized
e1312_48946dfa77,education,Number of direct teaching woman teachers of general education as of 30 September by province · Lower secondary,Lower secondary,VN_SRC_ANGIANG,An Giang,2006,annual,3248.0,Person,not_specified,E1312,https://www.nso.gov.vn/en/px-web?pxid=E1312&theme=Education,source_reported_unharmonized
e1312_48946dfa77,education,Number of direct teaching woman teachers of general education as of 30 September by province · Lower secondary,Lower secondary,VN_SRC_ANGIANG,An Giang,2007,annual,3486.0,Person,not_specified,E1312,https://www.nso.gov.vn/en/px-web?pxid=E1312&theme=Education,source_reported_unharmonized
e1312_48946dfa77,education,Number of direct teaching woman teachers of general education as of 30 September by province · Lower secondary,Lower secondary,VN_SRC_ANGIANG,An Giang,2008,annual,3621.0,Person,not_specified,E1312,https://www.nso.gov.vn/en/px-web?pxid=E1312&theme=Education,source_reported_unharmonized
e1312_48946dfa77,education,Number of direct teaching woman teachers of general education as of 30 September by province · Lower secondary,Lower secondary,VN_SRC_ANGIANG,An Giang,2009,annual,3707.0,Person,not_specified,E1312,https://www.nso.gov.vn/en/px-web?pxid=E1312&theme=Education,source_reported_unharmonized
e1312_48946dfa77,education,Number of direct teaching woman teachers of general education as of 30 September by province · Lower secondary,Lower secondary,VN_SRC_ANGIANG,An Giang,2010,annual,3867.0,Person,not_specified,E1312,https://www.nso.gov.vn/en/px-web?pxid=E1312&theme=Education,source_reported_unharmonized
e1312_48946dfa77,education,Number of direct teaching woman teachers of general education as of 30 September by province · Lower secondary,Lower secondary,VN_SRC_ANGIANG,An Giang,2011,annual,3813.0,Person,not_specified,E1312,https://www.nso.gov.vn/en/px-web?pxid=E1312&theme=Education,source_reported_unharmonized
e1312_48946dfa77,education,Number of direct teaching woman teachers of general education as of 30 September by province · Lower secondary,Lower secondary,VN_SRC_ANGIANG,An Giang,2012,annual,3882.0,Person,not_specified,E1312,https://www.nso.gov.vn/en/px-web?pxid=E1312&theme=Education,source_reported_unharmonized
e1312_48946dfa77,education,Number of direct teaching woman teachers of general education as of 30 September by province · Lower secondary,Lower secondary,VN_SRC_ANGIANG,An Giang,2013,annual,4037.0,Person,not_specified,E1312,https://www.nso.gov.vn/en/px-web?pxid=E1312&theme=Education,source_reported_unharmonized
e1312_48946dfa77,education,Number of direct teaching woman teachers of general education as of 30 September by province · Lower secondary,Lower secondary,VN_SRC_ANGIANG,An Giang,2014,annual,4012.0,Person,not_specified,E1312,https://www.nso.gov.vn/en/px-web?pxid=E1312&theme=Education,source_reported_unharmonized
e1312_48946dfa77,education,Number of direct teaching woman teachers of general education as of 30 September by province · Lower secondary,Lower secondary,VN_SRC_ANGIANG,An Giang,2015,annual,3929.0,Person,not_specified,E1312,https://www.nso.gov.vn/en/px-web?pxid=E1312&theme=Education,source_reported_unharmonized
e1312_48946dfa77,education,Number of direct teaching woman teachers of general education as of 30 September by province · Lower secondary,Lower secondary,VN_SRC_ANGIANG,An Giang,2016,annual,3885.0,Person,not_specified,E1312,https://www.nso.gov.vn/en/px-web?pxid=E1312&theme=Education,source_reported_unharmonized
e1312_48946dfa77,education,Number of direct teaching woman teachers of general education as of 30 September by province · Lower secondary,Lower secondary,VN_SRC_ANGIANG,An Giang,2017,annual,3872.0,Person,not_specified,E1312,https://www.nso.gov.vn/en/px-web?pxid=E1312&theme=Education,source_reported_unharmonized
e1312_48946dfa77,education,Number of direct teaching woman teachers of general education as of 30 September by province · Lower secondary,Lower secondary,VN_SRC_ANGIANG,An Giang,2019,annual,3786.0,Person,not_specified,E1312,https://www.nso.gov.vn/en/px-web?pxid=E1312&theme=Education,source_reported_unharmonized
e1312_48946dfa77,education,Number of direct teaching woman teachers of general education as of 30 September by province · Lower secondary,Lower secondary,VN_SRC_ANGIANG,An Giang,2020,annual,3752.0,Person,not_specified,E1312,https://www.nso.gov.vn/en/px-web?pxid=E1312&theme=Education,source_reported_unharmonized
e1312_48946dfa77,education,Number of direct teaching woman teachers of general education as of 30 September by province · Lower secondary,Lower secondary,VN_SRC_ANGIANG,An Giang,2021,annual,3773.0,Person,not_specified,E1312,https://www.nso.gov.vn/en/px-web?pxid=E1312&theme=Education,source_reported_unharmonized
e1312_48946dfa77,education,Number of direct teaching woman teachers of general education as of 30 September by province · Lower secondary,Lower secondary,VN_SRC_ANGIANG,An Giang,2023,annual,3645.0,Person,not_specified,E1312,https://www.nso.gov.vn/en/px-web?pxid=E1312&theme=Education,source_reported_unharmonized
e1312_48946dfa77,education,Number of direct teaching woman teachers of general education as of 30 September by province · Lower secondary,Lower secondary,VN_SRC_KIENGIANG,Kien Giang,2004,annual,2565.0,Person,not_specified,E1312,https://www.nso.gov.vn/en/px-web?pxid=E1312&theme=Education,source_reported_unharmonized
e1312_48946dfa77,education,Number of direct teaching woman teachers of general education as of 30 September by province · Lower secondary,Lower secondary,VN_SRC_KIENGIANG,Kien Giang,2005,annual,2729.0,Person,not_specified,E1312,https://www.nso.gov.vn/en/px-web?pxid=E1312&theme=Education,source_reported_unharmonized
e1312_48946dfa77,education,Number of direct teaching woman teachers of general education as of 30 September by province · Lower secondary,Lower secondary,VN_SRC_KIENGIANG,Kien Giang,2006,annual,2986.0,Person,not_specified,E1312,https://www.nso.gov.vn/en/px-web?pxid=E1312&theme=Education,source_reported_unharmonized
e1312_48946dfa77,education,Number of direct teaching woman teachers of general education as of 30 September by province · Lower secondary,Lower secondary,VN_SRC_KIENGIANG,Kien Giang,2007,annual,2915.0,Person,not_specified,E1312,https://www.nso.gov.vn/en/px-web?pxid=E1312&theme=Education,source_reported_unharmonized
e1312_48946dfa77,education,Number of direct teaching woman teachers of general education as of 30 September by province · Lower secondary,Lower secondary,VN_SRC_KIENGIANG,Kien Giang,2008,annual,3097.0,Person,not_specified,E1312,https://www.nso.gov.vn/en/px-web?pxid=E1312&theme=Education,source_reported_unharmonized
e1312_48946dfa77,education,Number of direct teaching woman teachers of general education as of 30 September by province · Lower secondary,Lower secondary,VN_SRC_KIENGIANG,Kien Giang,2009,annual,3074.0,Person,not_specified,E1312,https://www.nso.gov.vn/en/px-web?pxid=E1312&theme=Education,source_reported_unharmonized
e1312_48946dfa77,education,Number of direct teaching woman teachers of general education as of 30 September by province · Lower secondary,Lower secondary,VN_SRC_KIENGIANG,Kien Giang,2010,annual,3101.0,Person,not_specified,E1312,https://www.nso.gov.vn/en/px-web?pxid=E1312&theme=Education,source_reported_unharmonized
e1312_48946dfa77,education,Number of direct teaching woman teachers of general education as of 30 September by province · Lower secondary,Lower secondary,VN_SRC_KIENGIANG,Kien Giang,2011,annual,3068.0,Person,not_specified,E1312,https://www.nso.gov.vn/en/px-web?pxid=E1312&theme=Education,source_reported_unharmonized
e1312_48946dfa77,education,Number of direct teaching woman teachers of general education as of 30 September by province · Lower secondary,Lower secondary,VN_SRC_KIENGIANG,Kien Giang,2012,annual,3028.0,Person,not_specified,E1312,https://www.nso.gov.vn/en/px-web?pxid=E1312&theme=Education,source_reported_unharmonized
e1312_48946dfa77,education,Number of direct teaching woman teachers of general education as of 30 September by province · Lower secondary,Lower secondary,VN_SRC_KIENGIANG,Kien Giang,2013,annual,3012.0,Person,not_specified,E1312,https://www.nso.gov.vn/en/px-web?pxid=E1312&theme=Education,source_reported_unharmonized
e1312_48946dfa77,education,Number of direct teaching woman teachers of general education as of 30 September by province · Lower secondary,Lower secondary,VN_SRC_KIENGIANG,Kien Giang,2014,annual,2995.0,Person,not_specified,E1312,https://www.nso.gov.vn/en/px-web?pxid=E1312&theme=Education,source_reported_unharmonized
e1312_48946dfa77,education,Number of direct teaching woman teachers of general education as of 30 September by province · Lower secondary,Lower secondary,VN_SRC_KIENGIANG,Kien Giang,2015,annual,3005.0,Person,not_specified,E1312,https://www.nso.gov.vn/en/px-web?pxid=E1312&theme=Education,source_reported_unharmonized
e1312_48946dfa77,education,Number of direct teaching woman teachers of general education as of 30 September by province · Lower secondary,Lower secondary,VN_SRC_KIENGIANG,Kien Giang,2016,annual,2980.0,Person,not_specified,E1312,https://www.nso.gov.vn/en/px-web?pxid=E1312&theme=Education,source_reported_unharmonized
e1312_48946dfa77,education,Number of direct teaching woman teachers of general education as of 30 September by province · Lower secondary,Lower secondary,VN_SRC_KIENGIANG,Kien Giang,2017,annual,2998.0,Person,not_specified,E1312,https://www.nso.gov.vn/en/px-web?pxid=E1312&theme=Education,source_reported_unharmonized
e1312_48946dfa77,education,Number of direct teaching woman teachers of general education as of 30 September by province · Lower secondary,Lower secondary,VN_SRC_KIENGIANG,Kien Giang,2019,annual,2905.0,Person,not_specified,E1312,https://www.nso.gov.vn/en/px-web?pxid=E1312&theme=Education,source_reported_unharmonized
e1312_48946dfa77,education,Number of direct teaching woman teachers of general education as of 30 September by province · Lower secondary,Lower secondary,VN_SRC_KIENGIANG,Kien Giang,2020,annual,2860.0,Person,not_specified,E1312,https://www.nso.gov.vn/en/px-web?pxid=E1312&theme=Education,source_reported_unharmonized
e1312_48946dfa77,education,Number of direct teaching woman teachers of general education as of 30 September by province · Lower secondary,Lower secondary,VN_SRC_KIENGIANG,Kien Giang,2021,annual,2787.0,Person,not_specified,E1312,https://www.nso.gov.vn/en/px-web?pxid=E1312&theme=Education,source_reported_unharmonized
e1312_48946dfa77,education,Number of direct teaching woman teachers of general education as of 30 September by province · Lower secondary,Lower secondary,VN_SRC_KIENGIANG,Kien Giang,2023,annual,2772.0,Person,not_specified,E1312,https://www.nso.gov.vn/en/px-web?pxid=E1312&theme=Education,source_reported_unharmonized
e1312_48946dfa77,education,Number of direct teaching woman teachers of general education as of 30 September by province · Lower secondary,Lower secondary,VN_SRC_CANTHO,Can Tho,2004,annual,1713.0,Person,not_specified,E1312,https://www.nso.gov.vn/en/px-web?pxid=E1312&theme=Education,source_reported_unharmonized
e1312_48946dfa77,education,Number of direct teaching woman teachers of general education as of 30 September by province · Lower secondary,Lower secondary,VN_SRC_CANTHO,Can Tho,2005,annual,1938.0,Person,not_specified,E1312,https://www.nso.gov.vn/en/px-web?pxid=E1312&theme=Education,source_reported_unharmonized
e1312_48946dfa77,education,Number of direct teaching woman teachers of general education as of 30 September by province · Lower secondary,Lower secondary,VN_SRC_CANTHO,Can Tho,2006,annual,1999.0,Person,not_specified,E1312,https://www.nso.gov.vn/en/px-web?pxid=E1312&theme=Education,source_reported_unharmonized
e1312_48946dfa77,education,Number of direct teaching woman teachers of general education as of 30 September by province · Lower secondary,Lower secondary,VN_SRC_CANTHO,Can Tho,2007,annual,2053.0,Person,not_specified,E1312,https://www.nso.gov.vn/en/px-web?pxid=E1312&theme=Education,source_reported_unharmonized
e1312_48946dfa77,education,Number of direct teaching woman teachers of general education as of 30 September by province · Lower secondary,Lower secondary,VN_SRC_CANTHO,Can Tho,2008,annual,2122.0,Person,not_specified,E1312,https://www.nso.gov.vn/en/px-web?pxid=E1312&theme=Education,source_reported_unharmonized
e1312_48946dfa77,education,Number of direct teaching woman teachers of general education as of 30 September by province · Lower secondary,Lower secondary,VN_SRC_CANTHO,Can Tho,2009,annual,2166.0,Person,not_specified,E1312,https://www.nso.gov.vn/en/px-web?pxid=E1312&theme=Education,source_reported_unharmonized
e1312_48946dfa77,education,Number of direct teaching woman teachers of general education as of 30 September by province · Lower secondary,Lower secondary,VN_SRC_CANTHO,Can Tho,2010,annual,2185.0,Person,not_specified,E1312,https://www.nso.gov.vn/en/px-web?pxid=E1312&theme=Education,source_reported_unharmonized
e1312_48946dfa77,education,Number of direct teaching woman teachers of general education as of 30 September by province · Lower secondary,Lower secondary,VN_SRC_CANTHO,Can Tho,2011,annual,2140.0,Person,not_specified,E1312,https://www.nso.gov.vn/en/px-web?pxid=E1312&theme=Education,source_reported_unharmonized
e1312_48946dfa77,education,Number of direct teaching woman teachers of general education as of 30 September by province · Lower secondary,Lower secondary,VN_SRC_CANTHO,Can Tho,2012,annual,2182.0,Person,not_specified,E1312,https://www.nso.gov.vn/en/px-web?pxid=E1312&theme=Education,source_reported_unharmonized
e1312_48946dfa77,education,Number of direct teaching woman teachers of general education as of 30 September by province · Lower secondary,Lower secondary,VN_SRC_CANTHO,Can Tho,2013,annual,2158.0,Person,not_specified,E1312,https://www.nso.gov.vn/en/px-web?pxid=E1312&theme=Education,source_reported_unharmonized
e1312_48946dfa77,education,Number of direct teaching woman teachers of general education as of 30 September by province · Lower secondary,Lower secondary,VN_SRC_CANTHO,Can Tho,2014,annual,2240.0,Person,not_specified,E1312,https://www.nso.gov.vn/en/px-web?pxid=E1312&theme=Education,source_reported_unharmonized
e1312_48946dfa77,education,Number of direct teaching woman teachers of general education as of 30 September by province · Lower secondary,Lower secondary,VN_SRC_CANTHO,Can Tho,2015,annual,2264.0,Person,not_specified,E1312,https://www.nso.gov.vn/en/px-web?pxid=E1312&theme=Education,source_reported_unharmonized
e1312_48946dfa77,education,Number of direct teaching woman teachers of general education as of 30 September by province · Lower secondary,Lower secondary,VN_SRC_CANTHO,Can Tho,2016,annual,2301.0,Person,not_specified,E1312,https://www.nso.gov.vn/en/px-web?pxid=E1312&theme=Education,source_reported_unharmonized
e1312_48946dfa77,education,Number of direct teaching woman teachers of general education as of 30 September by province · Lower secondary,Lower secondary,VN_SRC_CANTHO,Can Tho,2017,annual,2306.0,Person,not_specified,E1312,https://www.nso.gov.vn/en/px-web?pxid=E1312&theme=Education,source_reported_unharmonized
e1312_48946dfa77,education,Number of direct teaching woman teachers of general education as of 30 September by province · Lower secondary,Lower secondary,VN_SRC_CANTHO,Can Tho,2019,annual,2234.0,Person,not_specified,E1312,https://www.nso.gov.vn/en/px-web?pxid=E1312&theme=Education,source_reported_unharmonized
e1312_48946dfa77,education,Number of direct teaching woman teachers of general education as of 30 September by province · Lower secondary,Lower secondary,VN_SRC_CANTHO,Can Tho,2020,annual,2233.0,Person,not_specified,E1312,https://www.nso.gov.vn/en/px-web?pxid=E1312&theme=Education,source_reported_unharmonized
e1312_48946dfa77,education,Number of direct teaching woman teachers of general education as of 30 September by province · Lower secondary,Lower secondary,VN_SRC_CANTHO,Can Tho,2021,annual,2238.0,Person,not_specified,E1312,https://www.nso.gov.vn/en/px-web?pxid=E1312&theme=Education,source_reported_unharmonized
e1312_48946dfa77,education,Number of direct teaching woman teachers of general education as of 30 September by province · Lower secondary,Lower secondary,VN_SRC_CANTHO,Can Tho,2023,annual,2261.0,Person,not_specified,E1312,https://www.nso.gov.vn/en/px-web?pxid=E1312&theme=Education,source_reported_unharmonized
e1312_48946dfa77,education,Number of direct teaching woman teachers of general education as of 30 September by province · Lower secondary,Lower secondary,VN_SRC_HAUGIANG,Hau Giang,2004,annual,1103.0,Person,not_specified,E1312,https://www.nso.gov.vn/en/px-web?pxid=E1312&theme=Education,source_reported_unharmonized
e1312_48946dfa77,education,Number of direct teaching woman teachers of general education as of 30 September by province · Lower secondary,Lower secondary,VN_SRC_HAUGIANG,Hau Giang,2005,annual,1149.0,Person,not_specified,E1312,https://www.nso.gov.vn/en/px-web?pxid=E1312&theme=Education,source_reported_unharmonized
e1312_48946dfa77,education,Number of direct teaching woman teachers of general education as of 30 September by province · Lower secondary,Lower secondary,VN_SRC_HAUGIANG,Hau Giang,2006,annual,1193.0,Person,not_specified,E1312,https://www.nso.gov.vn/en/px-web?pxid=E1312&theme=Education,source_reported_unharmonized
e1312_48946dfa77,education,Number of direct teaching woman teachers of general education as of 30 September by province · Lower secondary,Lower secondary,VN_SRC_HAUGIANG,Hau Giang,2007,annual,1275.0,Person,not_specified,E1312,https://www.nso.gov.vn/en/px-web?pxid=E1312&theme=Education,source_reported_unharmonized
e1312_48946dfa77,education,Number of direct teaching woman teachers of general education as of 30 September by province · Lower secondary,Lower secondary,VN_SRC_HAUGIANG,Hau Giang,2008,annual,1229.0,Person,not_specified,E1312,https://www.nso.gov.vn/en/px-web?pxid=E1312&theme=Education,source_reported_unharmonized
e1312_48946dfa77,education,Number of direct teaching woman teachers of general education as of 30 September by province · Lower secondary,Lower secondary,VN_SRC_HAUGIANG,Hau Giang,2009,annual,1231.0,Person,not_specified,E1312,https://www.nso.gov.vn/en/px-web?pxid=E1312&theme=Education,source_reported_unharmonized
e1312_48946dfa77,education,Number of direct teaching woman teachers of general education as of 30 September by province · Lower secondary,Lower secondary,VN_SRC_HAUGIANG,Hau Giang,2010,annual,1274.0,Person,not_specified,E1312,https://www.nso.gov.vn/en/px-web?pxid=E1312&theme=Education,source_reported_unharmonized
e1312_48946dfa77,education,Number of direct teaching woman teachers of general education as of 30 September by province · Lower secondary,Lower secondary,VN_SRC_HAUGIANG,Hau Giang,2011,annual,1229.0,Person,not_specified,E1312,https://www.nso.gov.vn/en/px-web?pxid=E1312&theme=Education,source_reported_unharmonized
e1312_48946dfa77,education,Number of direct teaching woman teachers of general education as of 30 September by province · Lower secondary,Lower secondary,VN_SRC_HAUGIANG,Hau Giang,2012,annual,1270.0,Person,not_specified,E1312,https://www.nso.gov.vn/en/px-web?pxid=E1312&theme=Education,source_reported_unharmonized
e1312_48946dfa77,education,Number of direct teaching woman teachers of general education as of 30 September by province · Lower secondary,Lower secondary,VN_SRC_HAUGIANG,Hau Giang,2013,annual,1283.0,Person,not_specified,E1312,https://www.nso.gov.vn/en/px-web?pxid=E1312&theme=Education,source_reported_unharmonized
e1312_48946dfa77,education,Number of direct teaching woman teachers of general education as of 30 September by province · Lower secondary,Lower secondary,VN_SRC_HAUGIANG,Hau Giang,2014,annual,1165.0,Person,not_specified,E1312,https://www.nso.gov.vn/en/px-web?pxid=E1312&theme=Education,source_reported_unharmonized
e1312_48946dfa77,education,Number of direct teaching woman teachers of general education as of 30 September by province · Lower secondary,Lower secondary,VN_SRC_HAUGIANG,Hau Giang,2015,annual,1286.0,Person,not_specified,E1312,https://www.nso.gov.vn/en/px-web?pxid=E1312&theme=Education,source_reported_unharmonized
e1312_48946dfa77,education,Number of direct teaching woman teachers of general education as of 30 September by province · Lower secondary,Lower secondary,VN_SRC_HAUGIANG,Hau Giang,2016,annual,1330.0,Person,not_specified,E1312,https://www.nso.gov.vn/en/px-web?pxid=E1312&theme=Education,source_reported_unharmonized
e1312_48946dfa77,education,Number of direct teaching woman teachers of general education as of 30 September by province · Lower secondary,Lower secondary,VN_SRC_HAUGIANG,Hau Giang,2017,annual,1349.0,Person,not_specified,E1312,https://www.nso.gov.vn/en/px-web?pxid=E1312&theme=Education,source_reported_unharmonized
e1312_48946dfa77,education,Number of direct teaching woman teachers of general education as of 30 September by province · Lower secondary,Lower secondary,VN_SRC_HAUGIANG,Hau Giang,2019,annual,1298.0,Person,not_specified,E1312,https://www.nso.gov.vn/en/px-web?pxid=E1312&theme=Education,source_reported_unharmonized
e1312_48946dfa77,education,Number of direct teaching woman teachers of general education as of 30 September by province · Lower secondary,Lower secondary,VN_SRC_HAUGIANG,Hau Giang,2020,annual,1284.0,Person,not_specified,E1312,https://www.nso.gov.vn/en/px-web?pxid=E1312&theme=Education,source_reported_unharmonized
e1312_48946dfa77,education,Number of direct teaching woman teachers of general education as of 30 September by province · Lower secondary,Lower secondary,VN_SRC_HAUGIANG,Hau Giang,2021,annual,1261.0,Person,not_specified,E1312,https://www.nso.gov.vn/en/px-web?pxid=E1312&theme=Education,source_reported_unharmonized
e1312_48946dfa77,education,Number of direct teaching woman teachers of general education as of 30 September by province · Lower secondary,Lower secondary,VN_SRC_HAUGIANG,Hau Giang,2023,annual,1237.0,Person,not_specified,E1312,https://www.nso.gov.vn/en/px-web?pxid=E1312&theme=Education,source_reported_unharmonized
e1312_48946dfa77,education,Number of direct teaching woman teachers of general education as of 30 September by province · Lower secondary,Lower secondary,VN_SRC_SOCTRANG,Soc Trang,2004,annual,1719.0,Person,not_specified,E1312,https://www.nso.gov.vn/en/px-web?pxid=E1312&theme=Education,source_reported_unharmonized
e1312_48946dfa77,education,Number of direct teaching woman teachers of general education as of 30 September by province · Lower secondary,Lower secondary,VN_SRC_SOCTRANG,Soc Trang,2005,annual,1764.0,Person,not_specified,E1312,https://www.nso.gov.vn/en/px-web?pxid=E1312&theme=Education,source_reported_unharmonized
e1312_48946dfa77,education,Number of direct teaching woman teachers of general education as of 30 September by province · Lower secondary,Lower secondary,VN_SRC_SOCTRANG,Soc Trang,2006,annual,1806.0,Person,not_specified,E1312,https://www.nso.gov.vn/en/px-web?pxid=E1312&theme=Education,source_reported_unharmonized
e1312_48946dfa77,education,Number of direct teaching woman teachers of general education as of 30 September by province · Lower secondary,Lower secondary,VN_SRC_SOCTRANG,Soc Trang,2007,annual,1781.0,Person,not_specified,E1312,https://www.nso.gov.vn/en/px-web?pxid=E1312&theme=Education,source_reported_unharmonized
e1312_48946dfa77,education,Number of direct teaching woman teachers of general education as of 30 September by province · Lower secondary,Lower secondary,VN_SRC_SOCTRANG,Soc Trang,2008,annual,1980.0,Person,not_specified,E1312,https://www.nso.gov.vn/en/px-web?pxid=E1312&theme=Education,source_reported_unharmonized
e1312_48946dfa77,education,Number of direct teaching woman teachers of general education as of 30 September by province · Lower secondary,Lower secondary,VN_SRC_SOCTRANG,Soc Trang,2009,annual,1975.0,Person,not_specified,E1312,https://www.nso.gov.vn/en/px-web?pxid=E1312&theme=Education,source_reported_unharmonized
e1312_48946dfa77,education,Number of direct teaching woman teachers of general education as of 30 September by province · Lower secondary,Lower secondary,VN_SRC_SOCTRANG,Soc Trang,2010,annual,2071.0,Person,not_specified,E1312,https://www.nso.gov.vn/en/px-web?pxid=E1312&theme=Education,source_reported_unharmonized
e1312_48946dfa77,education,Number of direct teaching woman teachers of general education as of 30 September by province · Lower secondary,Lower secondary,VN_SRC_SOCTRANG,Soc Trang,2011,annual,2106.0,Person,not_specified,E1312,https://www.nso.gov.vn/en/px-web?pxid=E1312&theme=Education,source_reported_unharmonized
e1312_48946dfa77,education,Number of direct teaching woman teachers of general education as of 30 September by province · Lower secondary,Lower secondary,VN_SRC_SOCTRANG,Soc Trang,2012,annual,2056.0,Person,not_specified,E1312,https://www.nso.gov.vn/en/px-web?pxid=E1312&theme=Education,source_reported_unharmonized
e1312_48946dfa77,education,Number of direct teaching woman teachers of general education as of 30 September by province · Lower secondary,Lower secondary,VN_SRC_SOCTRANG,Soc Trang,2013,annual,2168.0,Person,not_specified,E1312,https://www.nso.gov.vn/en/px-web?pxid=E1312&theme=Education,source_reported_unharmonized
e1312_48946dfa77,education,Number of direct teaching woman teachers of general education as of 30 September by province · Lower secondary,Lower secondary,VN_SRC_SOCTRANG,Soc Trang,2014,annual,2196.0,Person,not_specified,E1312,https://www.nso.gov.vn/en/px-web?pxid=E1312&theme=Education,source_reported_unharmonized
e1312_48946dfa77,education,Number of direct teaching woman teachers of general education as of 30 September by province · Lower secondary,Lower secondary,VN_SRC_SOCTRANG,Soc Trang,2015,annual,2232.0,Person,not_specified,E1312,https://www.nso.gov.vn/en/px-web?pxid=E1312&theme=Education,source_reported_unharmonized
e1312_48946dfa77,education,Number of direct teaching woman teachers of general education as of 30 September by province · Lower secondary,Lower secondary,VN_SRC_SOCTRANG,Soc Trang,2016,annual,2194.0,Person,not_specified,E1312,https://www.nso.gov.vn/en/px-web?pxid=E1312&theme=Education,source_reported_unharmonized
e1312_48946dfa77,education,Number of direct teaching woman teachers of general education as of 30 September by province · Lower secondary,Lower secondary,VN_SRC_SOCTRANG,Soc Trang,2017,annual,2168.0,Person,not_specified,E1312,https://www.nso.gov.vn/en/px-web?pxid=E1312&theme=Education,source_reported_unharmonized
e1312_48946dfa77,education,Number of direct teaching woman teachers of general education as of 30 September by province · Lower secondary,Lower secondary,VN_SRC_SOCTRANG,Soc Trang,2019,annual,2059.0,Person,not_specified,E1312,https://www.nso.gov.vn/en/px-web?pxid=E1312&theme=Education,source_reported_unharmonized
e1312_48946dfa77,education,Number of direct teaching woman teachers of general education as of 30 September by province · Lower secondary,Lower secondary,VN_SRC_SOCTRANG,Soc Trang,2020,annual,2014.0,Person,not_specified,E1312,https://www.nso.gov.vn/en/px-web?pxid=E1312&theme=Education,source_reported_unharmonized
e1312_48946dfa77,education,Number of direct teaching woman teachers of general education as of 30 September by province · Lower secondary,Lower secondary,VN_SRC_SOCTRANG,Soc Trang,2021,annual,1968.0,Person,not_specified,E1312,https://www.nso.gov.vn/en/px-web?pxid=E1312&theme=Education,source_reported_unharmonized
e1312_48946dfa77,education,Number of direct teaching woman teachers of general education as of 30 September by province · Lower secondary,Lower secondary,VN_SRC_SOCTRANG,Soc Trang,2023,annual,1769.0,Person,not_specified,E1312,https://www.nso.gov.vn/en/px-web?pxid=E1312&theme=Education,source_reported_unharmonized
e1312_48946dfa77,education,Number of direct teaching woman teachers of general education as of 30 September by province · Lower secondary,Lower secondary,VN_SRC_BACLIEU,Bac Lieu,2004,annual,1133.0,Person,not_specified,E1312,https://www.nso.gov.vn/en/px-web?pxid=E1312&theme=Education,source_reported_unharmonized
e1312_48946dfa77,education,Number of direct teaching woman teachers of general education as of 30 September by province · Lower secondary,Lower secondary,VN_SRC_BACLIEU,Bac Lieu,2005,annual,1218.0,Person,not_specified,E1312,https://www.nso.gov.vn/en/px-web?pxid=E1312&theme=Education,source_reported_unharmonized
e1312_48946dfa77,education,Number of direct teaching woman teachers of general education as of 30 September by province · Lower secondary,Lower secondary,VN_SRC_BACLIEU,Bac Lieu,2006,annual,1330.0,Person,not_specified,E1312,https://www.nso.gov.vn/en/px-web?pxid=E1312&theme=Education,source_reported_unharmonized
e1312_48946dfa77,education,Number of direct teaching woman teachers of general education as of 30 September by province · Lower secondary,Lower secondary,VN_SRC_BACLIEU,Bac Lieu,2007,annual,1243.0,Person,not_specified,E1312,https://www.nso.gov.vn/en/px-web?pxid=E1312&theme=Education,source_reported_unharmonized
e1312_48946dfa77,education,Number of direct teaching woman teachers of general education as of 30 September by province · Lower secondary,Lower secondary,VN_SRC_BACLIEU,Bac Lieu,2008,annual,1162.0,Person,not_specified,E1312,https://www.nso.gov.vn/en/px-web?pxid=E1312&theme=Education,source_reported_unharmonized
e1312_48946dfa77,education,Number of direct teaching woman teachers of general education as of 30 September by province · Lower secondary,Lower secondary,VN_SRC_BACLIEU,Bac Lieu,2009,annual,1138.0,Person,not_specified,E1312,https://www.nso.gov.vn/en/px-web?pxid=E1312&theme=Education,source_reported_unharmonized
e1312_48946dfa77,education,Number of direct teaching woman teachers of general education as of 30 September by province · Lower secondary,Lower secondary,VN_SRC_BACLIEU,Bac Lieu,2010,annual,1165.0,Person,not_specified,E1312,https://www.nso.gov.vn/en/px-web?pxid=E1312&theme=Education,source_reported_unharmonized
e1312_48946dfa77,education,Number of direct teaching woman teachers of general education as of 30 September by province · Lower secondary,Lower secondary,VN_SRC_BACLIEU,Bac Lieu,2011,annual,1150.0,Person,not_specified,E1312,https://www.nso.gov.vn/en/px-web?pxid=E1312&theme=Education,source_reported_unharmonized
e1312_48946dfa77,education,Number of direct teaching woman teachers of general education as of 30 September by province · Lower secondary,Lower secondary,VN_SRC_BACLIEU,Bac Lieu,2012,annual,1178.0,Person,not_specified,E1312,https://www.nso.gov.vn/en/px-web?pxid=E1312&theme=Education,source_reported_unharmonized
e1312_48946dfa77,education,Number of direct teaching woman teachers of general education as of 30 September by province · Lower secondary,Lower secondary,VN_SRC_BACLIEU,Bac Lieu,2013,annual,1199.0,Person,not_specified,E1312,https://www.nso.gov.vn/en/px-web?pxid=E1312&theme=Education,source_reported_unharmonized
e1312_48946dfa77,education,Number of direct teaching woman teachers of general education as of 30 September by province · Lower secondary,Lower secondary,VN_SRC_BACLIEU,Bac Lieu,2014,annual,1217.0,Person,not_specified,E1312,https://www.nso.gov.vn/en/px-web?pxid=E1312&theme=Education,source_reported_unharmonized
e1312_48946dfa77,education,Number of direct teaching woman teachers of general education as of 30 September by province · Lower secondary,Lower secondary,VN_SRC_BACLIEU,Bac Lieu,2015,annual,1262.0,Person,not_specified,E1312,https://www.nso.gov.vn/en/px-web?pxid=E1312&theme=Education,source_reported_unharmonized
e1312_48946dfa77,education,Number of direct teaching woman teachers of general education as of 30 September by province · Lower secondary,Lower secondary,VN_SRC_BACLIEU,Bac Lieu,2016,annual,1257.0,Person,not_specified,E1312,https://www.nso.gov.vn/en/px-web?pxid=E1312&theme=Education,source_reported_unharmonized
e1312_48946dfa77,education,Number of direct teaching woman teachers of general education as of 30 September by province · Lower secondary,Lower secondary,VN_SRC_BACLIEU,Bac Lieu,2017,annual,1284.0,Person,not_specified,E1312,https://www.nso.gov.vn/en/px-web?pxid=E1312&theme=Education,source_reported_unharmonized
e1312_48946dfa77,education,Number of direct teaching woman teachers of general education as of 30 September by province · Lower secondary,Lower secondary,VN_SRC_BACLIEU,Bac Lieu,2019,annual,1232.0,Person,not_specified,E1312,https://www.nso.gov.vn/en/px-web?pxid=E1312&theme=Education,source_reported_unharmonized
e1312_48946dfa77,education,Number of direct teaching woman teachers of general education as of 30 September by province · Lower secondary,Lower secondary,VN_SRC_BACLIEU,Bac Lieu,2020,annual,1219.0,Person,not_specified,E1312,https://www.nso.gov.vn/en/px-web?pxid=E1312&theme=Education,source_reported_unharmonized
e1312_48946dfa77,education,Number of direct teaching woman teachers of general education as of 30 September by province · Lower secondary,Lower secondary,VN_SRC_BACLIEU,Bac Lieu,2021,annual,1211.0,Person,not_specified,E1312,https://www.nso.gov.vn/en/px-web?pxid=E1312&theme=Education,source_reported_unharmonized
e1312_48946dfa77,education,Number of direct teaching woman teachers of general education as of 30 September by province · Lower secondary,Lower secondary,VN_SRC_BACLIEU,Bac Lieu,2023,annual,1215.0,Person,not_specified,E1312,https://www.nso.gov.vn/en/px-web?pxid=E1312&theme=Education,source_reported_unharmonized
e1312_48946dfa77,education,Number of direct teaching woman teachers of general education as of 30 September by province · Lower secondary,Lower secondary,VN_SRC_CAMAU,Ca Mau,2004,annual,2044.0,Person,not_specified,E1312,https://www.nso.gov.vn/en/px-web?pxid=E1312&theme=Education,source_reported_unharmonized
e1312_48946dfa77,education,Number of direct teaching woman teachers of general education as of 30 September by province · Lower secondary,Lower secondary,VN_SRC_CAMAU,Ca Mau,2005,annual,2013.0,Person,not_specified,E1312,https://www.nso.gov.vn/en/px-web?pxid=E1312&theme=Education,source_reported_unharmonized
e1312_48946dfa77,education,Number of direct teaching woman teachers of general education as of 30 September by province · Lower secondary,Lower secondary,VN_SRC_CAMAU,Ca Mau,2006,annual,2141.0,Person,not_specified,E1312,https://www.nso.gov.vn/en/px-web?pxid=E1312&theme=Education,source_reported_unharmonized
e1312_48946dfa77,education,Number of direct teaching woman teachers of general education as of 30 September by province · Lower secondary,Lower secondary,VN_SRC_CAMAU,Ca Mau,2007,annual,2261.0,Person,not_specified,E1312,https://www.nso.gov.vn/en/px-web?pxid=E1312&theme=Education,source_reported_unharmonized
e1312_48946dfa77,education,Number of direct teaching woman teachers of general education as of 30 September by province · Lower secondary,Lower secondary,VN_SRC_CAMAU,Ca Mau,2008,annual,2347.0,Person,not_specified,E1312,https://www.nso.gov.vn/en/px-web?pxid=E1312&theme=Education,source_reported_unharmonized
e1312_48946dfa77,education,Number of direct teaching woman teachers of general education as of 30 September by province · Lower secondary,Lower secondary,VN_SRC_CAMAU,Ca Mau,2009,annual,2350.0,Person,not_specified,E1312,https://www.nso.gov.vn/en/px-web?pxid=E1312&theme=Education,source_reported_unharmonized
e1312_48946dfa77,education,Number of direct teaching woman teachers of general education as of 30 September by province · Lower secondary,Lower secondary,VN_SRC_CAMAU,Ca Mau,2010,annual,2173.0,Person,not_specified,E1312,https://www.nso.gov.vn/en/px-web?pxid=E1312&theme=Education,source_reported_unharmonized
e1312_48946dfa77,education,Number of direct teaching woman teachers of general education as of 30 September by province · Lower secondary,Lower secondary,VN_SRC_CAMAU,Ca Mau,2011,annual,2161.0,Person,not_specified,E1312,https://www.nso.gov.vn/en/px-web?pxid=E1312&theme=Education,source_reported_unharmonized
e1312_48946dfa77,education,Number of direct teaching woman teachers of general education as of 30 September by province · Lower secondary,Lower secondary,VN_SRC_CAMAU,Ca Mau,2012,annual,2181.0,Person,not_specified,E1312,https://www.nso.gov.vn/en/px-web?pxid=E1312&theme=Education,source_reported_unharmonized
e1312_48946dfa77,education,Number of direct teaching woman teachers of general education as of 30 September by province · Lower secondary,Lower secondary,VN_SRC_CAMAU,Ca Mau,2013,annual,2213.0,Person,not_specified,E1312,https://www.nso.gov.vn/en/px-web?pxid=E1312&theme=Education,source_reported_unharmonized
e1312_48946dfa77,education,Number of direct teaching woman teachers of general education as of 30 September by province · Lower secondary,Lower secondary,VN_SRC_CAMAU,Ca Mau,2014,annual,2233.0,Person,not_specified,E1312,https://www.nso.gov.vn/en/px-web?pxid=E1312&theme=Education,source_reported_unharmonized
e1312_48946dfa77,education,Number of direct teaching woman teachers of general education as of 30 September by province · Lower secondary,Lower secondary,VN_SRC_CAMAU,Ca Mau,2015,annual,2277.0,Person,not_specified,E1312,https://www.nso.gov.vn/en/px-web?pxid=E1312&theme=Education,source_reported_unharmonized
e1312_48946dfa77,education,Number of direct teaching woman teachers of general education as of 30 September by province · Lower secondary,Lower secondary,VN_SRC_CAMAU,Ca Mau,2016,annual,2298.0,Person,not_specified,E1312,https://www.nso.gov.vn/en/px-web?pxid=E1312&theme=Education,source_reported_unharmonized
e1312_48946dfa77,education,Number of direct teaching woman teachers of general education as of 30 September by province · Lower secondary,Lower secondary,VN_SRC_CAMAU,Ca Mau,2017,annual,2225.0,Person,not_specified,E1312,https://www.nso.gov.vn/en/px-web?pxid=E1312&theme=Education,source_reported_unharmonized
e1312_48946dfa77,education,Number of direct teaching woman teachers of general education as of 30 September by province · Lower secondary,Lower secondary,VN_SRC_CAMAU,Ca Mau,2019,annual,2052.0,Person,not_specified,E1312,https://www.nso.gov.vn/en/px-web?pxid=E1312&theme=Education,source_reported_unharmonized
e1312_48946dfa77,education,Number of direct teaching woman teachers of general education as of 30 September by province · Lower secondary,Lower secondary,VN_SRC_CAMAU,Ca Mau,2020,annual,2048.0,Person,not_specified,E1312,https://www.nso.gov.vn/en/px-web?pxid=E1312&theme=Education,source_reported_unharmonized
e1312_48946dfa77,education,Number of direct teaching woman teachers of general education as of 30 September by province · Lower secondary,Lower secondary,VN_SRC_CAMAU,Ca Mau,2021,annual,2043.0,Person,not_specified,E1312,https://www.nso.gov.vn/en/px-web?pxid=E1312&theme=Education,source_reported_unharmonized
e1312_48946dfa77,education,Number of direct teaching woman teachers of general education as of 30 September by province · Lower secondary,Lower secondary,VN_SRC_CAMAU,Ca Mau,2023,annual,2000.0,Person,not_specified,E1312,https://www.nso.gov.vn/en/px-web?pxid=E1312&theme=Education,source_reported_unharmonized
