indicator_id,section,indicator,breakdown,province_code,province,period,period_type,value,unit,period_status,source_id,source_url,geography_version
e1410_6ed30ea5f2,health_culture_environment,Number of patient beds under provincial departments of health by province · Medical service unit,Medical service unit,VN_SRC_HANOI,Ha Noi,2002,annual,704.0,Bed,not_specified,E1410,https://www.nso.gov.vn/en/px-web?pxid=E1410&theme=Health%2C%20Culture%2C%20Sport%20and%20Living%20standard,source_reported_unharmonized
e1410_6ed30ea5f2,health_culture_environment,Number of patient beds under provincial departments of health by province · Medical service unit,Medical service unit,VN_SRC_HANOI,Ha Noi,2003,annual,704.0,Bed,not_specified,E1410,https://www.nso.gov.vn/en/px-web?pxid=E1410&theme=Health%2C%20Culture%2C%20Sport%20and%20Living%20standard,source_reported_unharmonized
e1410_6ed30ea5f2,health_culture_environment,Number of patient beds under provincial departments of health by province · Medical service unit,Medical service unit,VN_SRC_HANOI,Ha Noi,2004,annual,471.0,Bed,not_specified,E1410,https://www.nso.gov.vn/en/px-web?pxid=E1410&theme=Health%2C%20Culture%2C%20Sport%20and%20Living%20standard,source_reported_unharmonized
e1410_6ed30ea5f2,health_culture_environment,Number of patient beds under provincial departments of health by province · Medical service unit,Medical service unit,VN_SRC_HANOI,Ha Noi,2005,annual,389.0,Bed,not_specified,E1410,https://www.nso.gov.vn/en/px-web?pxid=E1410&theme=Health%2C%20Culture%2C%20Sport%20and%20Living%20standard,source_reported_unharmonized
e1410_6ed30ea5f2,health_culture_environment,Number of patient beds under provincial departments of health by province · Medical service unit,Medical service unit,VN_SRC_HANOI,Ha Noi,2006,annual,357.0,Bed,not_specified,E1410,https://www.nso.gov.vn/en/px-web?pxid=E1410&theme=Health%2C%20Culture%2C%20Sport%20and%20Living%20standard,source_reported_unharmonized
e1410_6ed30ea5f2,health_culture_environment,Number of patient beds under provincial departments of health by province · Medical service unit,Medical service unit,VN_SRC_HANOI,Ha Noi,2007,annual,314.0,Bed,not_specified,E1410,https://www.nso.gov.vn/en/px-web?pxid=E1410&theme=Health%2C%20Culture%2C%20Sport%20and%20Living%20standard,source_reported_unharmonized
e1410_6ed30ea5f2,health_culture_environment,Number of patient beds under provincial departments of health by province · Medical service unit,Medical service unit,VN_SRC_HANOI,Ha Noi,2008,annual,2065.0,Bed,not_specified,E1410,https://www.nso.gov.vn/en/px-web?pxid=E1410&theme=Health%2C%20Culture%2C%20Sport%20and%20Living%20standard,source_reported_unharmonized
e1410_6ed30ea5f2,health_culture_environment,Number of patient beds under provincial departments of health by province · Medical service unit,Medical service unit,VN_SRC_HANOI,Ha Noi,2009,annual,2300.0,Bed,not_specified,E1410,https://www.nso.gov.vn/en/px-web?pxid=E1410&theme=Health%2C%20Culture%2C%20Sport%20and%20Living%20standard,source_reported_unharmonized
e1410_6ed30ea5f2,health_culture_environment,Number of patient beds under provincial departments of health by province · Medical service unit,Medical service unit,VN_SRC_HANOI,Ha Noi,2010,annual,2300.0,Bed,not_specified,E1410,https://www.nso.gov.vn/en/px-web?pxid=E1410&theme=Health%2C%20Culture%2C%20Sport%20and%20Living%20standard,source_reported_unharmonized
e1410_6ed30ea5f2,health_culture_environment,Number of patient beds under provincial departments of health by province · Medical service unit,Medical service unit,VN_SRC_HANOI,Ha Noi,2011,annual,2300.0,Bed,not_specified,E1410,https://www.nso.gov.vn/en/px-web?pxid=E1410&theme=Health%2C%20Culture%2C%20Sport%20and%20Living%20standard,source_reported_unharmonized
e1410_6ed30ea5f2,health_culture_environment,Number of patient beds under provincial departments of health by province · Medical service unit,Medical service unit,VN_SRC_HANOI,Ha Noi,2012,annual,2310.0,Bed,not_specified,E1410,https://www.nso.gov.vn/en/px-web?pxid=E1410&theme=Health%2C%20Culture%2C%20Sport%20and%20Living%20standard,source_reported_unharmonized
e1410_6ed30ea5f2,health_culture_environment,Number of patient beds under provincial departments of health by province · Medical service unit,Medical service unit,VN_SRC_HANOI,Ha Noi,2013,annual,2890.0,Bed,not_specified,E1410,https://www.nso.gov.vn/en/px-web?pxid=E1410&theme=Health%2C%20Culture%2C%20Sport%20and%20Living%20standard,source_reported_unharmonized
e1410_6ed30ea5f2,health_culture_environment,Number of patient beds under provincial departments of health by province · Medical service unit,Medical service unit,VN_SRC_HANOI,Ha Noi,2014,annual,2899.0,Bed,not_specified,E1410,https://www.nso.gov.vn/en/px-web?pxid=E1410&theme=Health%2C%20Culture%2C%20Sport%20and%20Living%20standard,source_reported_unharmonized
e1410_6ed30ea5f2,health_culture_environment,Number of patient beds under provincial departments of health by province · Medical service unit,Medical service unit,VN_SRC_HANOI,Ha Noi,2015,annual,2899.0,Bed,not_specified,E1410,https://www.nso.gov.vn/en/px-web?pxid=E1410&theme=Health%2C%20Culture%2C%20Sport%20and%20Living%20standard,source_reported_unharmonized
e1410_6ed30ea5f2,health_culture_environment,Number of patient beds under provincial departments of health by province · Medical service unit,Medical service unit,VN_SRC_HANOI,Ha Noi,2016,annual,2899.0,Bed,not_specified,E1410,https://www.nso.gov.vn/en/px-web?pxid=E1410&theme=Health%2C%20Culture%2C%20Sport%20and%20Living%20standard,source_reported_unharmonized
e1410_6ed30ea5f2,health_culture_environment,Number of patient beds under provincial departments of health by province · Medical service unit,Medical service unit,VN_SRC_HANOI,Ha Noi,2017,annual,1520.0,Bed,not_specified,E1410,https://www.nso.gov.vn/en/px-web?pxid=E1410&theme=Health%2C%20Culture%2C%20Sport%20and%20Living%20standard,source_reported_unharmonized
e1410_6ed30ea5f2,health_culture_environment,Number of patient beds under provincial departments of health by province · Medical service unit,Medical service unit,VN_SRC_HATAY,Ha Tay,2002,annual,1615.0,Bed,not_specified,E1410,https://www.nso.gov.vn/en/px-web?pxid=E1410&theme=Health%2C%20Culture%2C%20Sport%20and%20Living%20standard,source_reported_unharmonized
e1410_6ed30ea5f2,health_culture_environment,Number of patient beds under provincial departments of health by province · Medical service unit,Medical service unit,VN_SRC_HATAY,Ha Tay,2003,annual,1625.0,Bed,not_specified,E1410,https://www.nso.gov.vn/en/px-web?pxid=E1410&theme=Health%2C%20Culture%2C%20Sport%20and%20Living%20standard,source_reported_unharmonized
e1410_6ed30ea5f2,health_culture_environment,Number of patient beds under provincial departments of health by province · Medical service unit,Medical service unit,VN_SRC_HATAY,Ha Tay,2004,annual,1544.0,Bed,not_specified,E1410,https://www.nso.gov.vn/en/px-web?pxid=E1410&theme=Health%2C%20Culture%2C%20Sport%20and%20Living%20standard,source_reported_unharmonized
e1410_6ed30ea5f2,health_culture_environment,Number of patient beds under provincial departments of health by province · Medical service unit,Medical service unit,VN_SRC_HATAY,Ha Tay,2005,annual,1625.0,Bed,not_specified,E1410,https://www.nso.gov.vn/en/px-web?pxid=E1410&theme=Health%2C%20Culture%2C%20Sport%20and%20Living%20standard,source_reported_unharmonized
e1410_6ed30ea5f2,health_culture_environment,Number of patient beds under provincial departments of health by province · Medical service unit,Medical service unit,VN_SRC_HATAY,Ha Tay,2006,annual,1610.0,Bed,not_specified,E1410,https://www.nso.gov.vn/en/px-web?pxid=E1410&theme=Health%2C%20Culture%2C%20Sport%20and%20Living%20standard,source_reported_unharmonized
e1410_6ed30ea5f2,health_culture_environment,Number of patient beds under provincial departments of health by province · Medical service unit,Medical service unit,VN_SRC_HATAY,Ha Tay,2007,annual,1610.0,Bed,not_specified,E1410,https://www.nso.gov.vn/en/px-web?pxid=E1410&theme=Health%2C%20Culture%2C%20Sport%20and%20Living%20standard,source_reported_unharmonized
e1410_6ed30ea5f2,health_culture_environment,Number of patient beds under provincial departments of health by province · Medical service unit,Medical service unit,VN_SRC_HATAY,Ha Tay,2008,annual,,Bed,not_specified,E1410,https://www.nso.gov.vn/en/px-web?pxid=E1410&theme=Health%2C%20Culture%2C%20Sport%20and%20Living%20standard,source_reported_unharmonized
e1410_6ed30ea5f2,health_culture_environment,Number of patient beds under provincial departments of health by province · Medical service unit,Medical service unit,VN_SRC_HATAY,Ha Tay,2009,annual,,Bed,not_specified,E1410,https://www.nso.gov.vn/en/px-web?pxid=E1410&theme=Health%2C%20Culture%2C%20Sport%20and%20Living%20standard,source_reported_unharmonized
e1410_6ed30ea5f2,health_culture_environment,Number of patient beds under provincial departments of health by province · Medical service unit,Medical service unit,VN_SRC_HATAY,Ha Tay,2010,annual,,Bed,not_specified,E1410,https://www.nso.gov.vn/en/px-web?pxid=E1410&theme=Health%2C%20Culture%2C%20Sport%20and%20Living%20standard,source_reported_unharmonized
e1410_6ed30ea5f2,health_culture_environment,Number of patient beds under provincial departments of health by province · Medical service unit,Medical service unit,VN_SRC_HATAY,Ha Tay,2011,annual,,Bed,not_specified,E1410,https://www.nso.gov.vn/en/px-web?pxid=E1410&theme=Health%2C%20Culture%2C%20Sport%20and%20Living%20standard,source_reported_unharmonized
e1410_6ed30ea5f2,health_culture_environment,Number of patient beds under provincial departments of health by province · Medical service unit,Medical service unit,VN_SRC_HATAY,Ha Tay,2012,annual,,Bed,not_specified,E1410,https://www.nso.gov.vn/en/px-web?pxid=E1410&theme=Health%2C%20Culture%2C%20Sport%20and%20Living%20standard,source_reported_unharmonized
e1410_6ed30ea5f2,health_culture_environment,Number of patient beds under provincial departments of health by province · Medical service unit,Medical service unit,VN_SRC_HATAY,Ha Tay,2013,annual,,Bed,not_specified,E1410,https://www.nso.gov.vn/en/px-web?pxid=E1410&theme=Health%2C%20Culture%2C%20Sport%20and%20Living%20standard,source_reported_unharmonized
e1410_6ed30ea5f2,health_culture_environment,Number of patient beds under provincial departments of health by province · Medical service unit,Medical service unit,VN_SRC_HATAY,Ha Tay,2014,annual,,Bed,not_specified,E1410,https://www.nso.gov.vn/en/px-web?pxid=E1410&theme=Health%2C%20Culture%2C%20Sport%20and%20Living%20standard,source_reported_unharmonized
e1410_6ed30ea5f2,health_culture_environment,Number of patient beds under provincial departments of health by province · Medical service unit,Medical service unit,VN_SRC_HATAY,Ha Tay,2015,annual,,Bed,not_specified,E1410,https://www.nso.gov.vn/en/px-web?pxid=E1410&theme=Health%2C%20Culture%2C%20Sport%20and%20Living%20standard,source_reported_unharmonized
e1410_6ed30ea5f2,health_culture_environment,Number of patient beds under provincial departments of health by province · Medical service unit,Medical service unit,VN_SRC_HATAY,Ha Tay,2016,annual,,Bed,not_specified,E1410,https://www.nso.gov.vn/en/px-web?pxid=E1410&theme=Health%2C%20Culture%2C%20Sport%20and%20Living%20standard,source_reported_unharmonized
e1410_6ed30ea5f2,health_culture_environment,Number of patient beds under provincial departments of health by province · Medical service unit,Medical service unit,VN_SRC_HATAY,Ha Tay,2017,annual,,Bed,not_specified,E1410,https://www.nso.gov.vn/en/px-web?pxid=E1410&theme=Health%2C%20Culture%2C%20Sport%20and%20Living%20standard,source_reported_unharmonized
e1410_6ed30ea5f2,health_culture_environment,Number of patient beds under provincial departments of health by province · Medical service unit,Medical service unit,VN_SRC_VINHPHUC,Vinh Phuc,2002,annual,701.0,Bed,not_specified,E1410,https://www.nso.gov.vn/en/px-web?pxid=E1410&theme=Health%2C%20Culture%2C%20Sport%20and%20Living%20standard,source_reported_unharmonized
e1410_6ed30ea5f2,health_culture_environment,Number of patient beds under provincial departments of health by province · Medical service unit,Medical service unit,VN_SRC_VINHPHUC,Vinh Phuc,2003,annual,701.0,Bed,not_specified,E1410,https://www.nso.gov.vn/en/px-web?pxid=E1410&theme=Health%2C%20Culture%2C%20Sport%20and%20Living%20standard,source_reported_unharmonized
e1410_6ed30ea5f2,health_culture_environment,Number of patient beds under provincial departments of health by province · Medical service unit,Medical service unit,VN_SRC_VINHPHUC,Vinh Phuc,2004,annual,701.0,Bed,not_specified,E1410,https://www.nso.gov.vn/en/px-web?pxid=E1410&theme=Health%2C%20Culture%2C%20Sport%20and%20Living%20standard,source_reported_unharmonized
e1410_6ed30ea5f2,health_culture_environment,Number of patient beds under provincial departments of health by province · Medical service unit,Medical service unit,VN_SRC_VINHPHUC,Vinh Phuc,2005,annual,701.0,Bed,not_specified,E1410,https://www.nso.gov.vn/en/px-web?pxid=E1410&theme=Health%2C%20Culture%2C%20Sport%20and%20Living%20standard,source_reported_unharmonized
e1410_6ed30ea5f2,health_culture_environment,Number of patient beds under provincial departments of health by province · Medical service unit,Medical service unit,VN_SRC_VINHPHUC,Vinh Phuc,2006,annual,762.0,Bed,not_specified,E1410,https://www.nso.gov.vn/en/px-web?pxid=E1410&theme=Health%2C%20Culture%2C%20Sport%20and%20Living%20standard,source_reported_unharmonized
e1410_6ed30ea5f2,health_culture_environment,Number of patient beds under provincial departments of health by province · Medical service unit,Medical service unit,VN_SRC_VINHPHUC,Vinh Phuc,2007,annual,818.0,Bed,not_specified,E1410,https://www.nso.gov.vn/en/px-web?pxid=E1410&theme=Health%2C%20Culture%2C%20Sport%20and%20Living%20standard,source_reported_unharmonized
e1410_6ed30ea5f2,health_culture_environment,Number of patient beds under provincial departments of health by province · Medical service unit,Medical service unit,VN_SRC_VINHPHUC,Vinh Phuc,2008,annual,650.0,Bed,not_specified,E1410,https://www.nso.gov.vn/en/px-web?pxid=E1410&theme=Health%2C%20Culture%2C%20Sport%20and%20Living%20standard,source_reported_unharmonized
e1410_6ed30ea5f2,health_culture_environment,Number of patient beds under provincial departments of health by province · Medical service unit,Medical service unit,VN_SRC_VINHPHUC,Vinh Phuc,2009,annual,1370.0,Bed,not_specified,E1410,https://www.nso.gov.vn/en/px-web?pxid=E1410&theme=Health%2C%20Culture%2C%20Sport%20and%20Living%20standard,source_reported_unharmonized
e1410_6ed30ea5f2,health_culture_environment,Number of patient beds under provincial departments of health by province · Medical service unit,Medical service unit,VN_SRC_VINHPHUC,Vinh Phuc,2010,annual,1370.0,Bed,not_specified,E1410,https://www.nso.gov.vn/en/px-web?pxid=E1410&theme=Health%2C%20Culture%2C%20Sport%20and%20Living%20standard,source_reported_unharmonized
e1410_6ed30ea5f2,health_culture_environment,Number of patient beds under provincial departments of health by province · Medical service unit,Medical service unit,VN_SRC_VINHPHUC,Vinh Phuc,2011,annual,1370.0,Bed,not_specified,E1410,https://www.nso.gov.vn/en/px-web?pxid=E1410&theme=Health%2C%20Culture%2C%20Sport%20and%20Living%20standard,source_reported_unharmonized
e1410_6ed30ea5f2,health_culture_environment,Number of patient beds under provincial departments of health by province · Medical service unit,Medical service unit,VN_SRC_VINHPHUC,Vinh Phuc,2012,annual,1370.0,Bed,not_specified,E1410,https://www.nso.gov.vn/en/px-web?pxid=E1410&theme=Health%2C%20Culture%2C%20Sport%20and%20Living%20standard,source_reported_unharmonized
e1410_6ed30ea5f2,health_culture_environment,Number of patient beds under provincial departments of health by province · Medical service unit,Medical service unit,VN_SRC_VINHPHUC,Vinh Phuc,2013,annual,1370.0,Bed,not_specified,E1410,https://www.nso.gov.vn/en/px-web?pxid=E1410&theme=Health%2C%20Culture%2C%20Sport%20and%20Living%20standard,source_reported_unharmonized
e1410_6ed30ea5f2,health_culture_environment,Number of patient beds under provincial departments of health by province · Medical service unit,Medical service unit,VN_SRC_VINHPHUC,Vinh Phuc,2014,annual,1370.0,Bed,not_specified,E1410,https://www.nso.gov.vn/en/px-web?pxid=E1410&theme=Health%2C%20Culture%2C%20Sport%20and%20Living%20standard,source_reported_unharmonized
e1410_6ed30ea5f2,health_culture_environment,Number of patient beds under provincial departments of health by province · Medical service unit,Medical service unit,VN_SRC_VINHPHUC,Vinh Phuc,2015,annual,1370.0,Bed,not_specified,E1410,https://www.nso.gov.vn/en/px-web?pxid=E1410&theme=Health%2C%20Culture%2C%20Sport%20and%20Living%20standard,source_reported_unharmonized
e1410_6ed30ea5f2,health_culture_environment,Number of patient beds under provincial departments of health by province · Medical service unit,Medical service unit,VN_SRC_VINHPHUC,Vinh Phuc,2016,annual,1370.0,Bed,not_specified,E1410,https://www.nso.gov.vn/en/px-web?pxid=E1410&theme=Health%2C%20Culture%2C%20Sport%20and%20Living%20standard,source_reported_unharmonized
e1410_6ed30ea5f2,health_culture_environment,Number of patient beds under provincial departments of health by province · Medical service unit,Medical service unit,VN_SRC_VINHPHUC,Vinh Phuc,2017,annual,1370.0,Bed,not_specified,E1410,https://www.nso.gov.vn/en/px-web?pxid=E1410&theme=Health%2C%20Culture%2C%20Sport%20and%20Living%20standard,source_reported_unharmonized
e1410_6ed30ea5f2,health_culture_environment,Number of patient beds under provincial departments of health by province · Medical service unit,Medical service unit,VN_SRC_BACNINH,Bac Ninh,2002,annual,615.0,Bed,not_specified,E1410,https://www.nso.gov.vn/en/px-web?pxid=E1410&theme=Health%2C%20Culture%2C%20Sport%20and%20Living%20standard,source_reported_unharmonized
e1410_6ed30ea5f2,health_culture_environment,Number of patient beds under provincial departments of health by province · Medical service unit,Medical service unit,VN_SRC_BACNINH,Bac Ninh,2003,annual,630.0,Bed,not_specified,E1410,https://www.nso.gov.vn/en/px-web?pxid=E1410&theme=Health%2C%20Culture%2C%20Sport%20and%20Living%20standard,source_reported_unharmonized
e1410_6ed30ea5f2,health_culture_environment,Number of patient beds under provincial departments of health by province · Medical service unit,Medical service unit,VN_SRC_BACNINH,Bac Ninh,2004,annual,630.0,Bed,not_specified,E1410,https://www.nso.gov.vn/en/px-web?pxid=E1410&theme=Health%2C%20Culture%2C%20Sport%20and%20Living%20standard,source_reported_unharmonized
e1410_6ed30ea5f2,health_culture_environment,Number of patient beds under provincial departments of health by province · Medical service unit,Medical service unit,VN_SRC_BACNINH,Bac Ninh,2005,annual,630.0,Bed,not_specified,E1410,https://www.nso.gov.vn/en/px-web?pxid=E1410&theme=Health%2C%20Culture%2C%20Sport%20and%20Living%20standard,source_reported_unharmonized
e1410_6ed30ea5f2,health_culture_environment,Number of patient beds under provincial departments of health by province · Medical service unit,Medical service unit,VN_SRC_BACNINH,Bac Ninh,2006,annual,630.0,Bed,not_specified,E1410,https://www.nso.gov.vn/en/px-web?pxid=E1410&theme=Health%2C%20Culture%2C%20Sport%20and%20Living%20standard,source_reported_unharmonized
e1410_6ed30ea5f2,health_culture_environment,Number of patient beds under provincial departments of health by province · Medical service unit,Medical service unit,VN_SRC_BACNINH,Bac Ninh,2007,annual,630.0,Bed,not_specified,E1410,https://www.nso.gov.vn/en/px-web?pxid=E1410&theme=Health%2C%20Culture%2C%20Sport%20and%20Living%20standard,source_reported_unharmonized
e1410_6ed30ea5f2,health_culture_environment,Number of patient beds under provincial departments of health by province · Medical service unit,Medical service unit,VN_SRC_BACNINH,Bac Ninh,2008,annual,630.0,Bed,not_specified,E1410,https://www.nso.gov.vn/en/px-web?pxid=E1410&theme=Health%2C%20Culture%2C%20Sport%20and%20Living%20standard,source_reported_unharmonized
e1410_6ed30ea5f2,health_culture_environment,Number of patient beds under provincial departments of health by province · Medical service unit,Medical service unit,VN_SRC_BACNINH,Bac Ninh,2009,annual,630.0,Bed,not_specified,E1410,https://www.nso.gov.vn/en/px-web?pxid=E1410&theme=Health%2C%20Culture%2C%20Sport%20and%20Living%20standard,source_reported_unharmonized
e1410_6ed30ea5f2,health_culture_environment,Number of patient beds under provincial departments of health by province · Medical service unit,Medical service unit,VN_SRC_BACNINH,Bac Ninh,2010,annual,630.0,Bed,not_specified,E1410,https://www.nso.gov.vn/en/px-web?pxid=E1410&theme=Health%2C%20Culture%2C%20Sport%20and%20Living%20standard,source_reported_unharmonized
e1410_6ed30ea5f2,health_culture_environment,Number of patient beds under provincial departments of health by province · Medical service unit,Medical service unit,VN_SRC_BACNINH,Bac Ninh,2011,annual,630.0,Bed,not_specified,E1410,https://www.nso.gov.vn/en/px-web?pxid=E1410&theme=Health%2C%20Culture%2C%20Sport%20and%20Living%20standard,source_reported_unharmonized
e1410_6ed30ea5f2,health_culture_environment,Number of patient beds under provincial departments of health by province · Medical service unit,Medical service unit,VN_SRC_BACNINH,Bac Ninh,2012,annual,630.0,Bed,not_specified,E1410,https://www.nso.gov.vn/en/px-web?pxid=E1410&theme=Health%2C%20Culture%2C%20Sport%20and%20Living%20standard,source_reported_unharmonized
e1410_6ed30ea5f2,health_culture_environment,Number of patient beds under provincial departments of health by province · Medical service unit,Medical service unit,VN_SRC_BACNINH,Bac Ninh,2013,annual,630.0,Bed,not_specified,E1410,https://www.nso.gov.vn/en/px-web?pxid=E1410&theme=Health%2C%20Culture%2C%20Sport%20and%20Living%20standard,source_reported_unharmonized
e1410_6ed30ea5f2,health_culture_environment,Number of patient beds under provincial departments of health by province · Medical service unit,Medical service unit,VN_SRC_BACNINH,Bac Ninh,2014,annual,630.0,Bed,not_specified,E1410,https://www.nso.gov.vn/en/px-web?pxid=E1410&theme=Health%2C%20Culture%2C%20Sport%20and%20Living%20standard,source_reported_unharmonized
e1410_6ed30ea5f2,health_culture_environment,Number of patient beds under provincial departments of health by province · Medical service unit,Medical service unit,VN_SRC_BACNINH,Bac Ninh,2015,annual,797.0,Bed,not_specified,E1410,https://www.nso.gov.vn/en/px-web?pxid=E1410&theme=Health%2C%20Culture%2C%20Sport%20and%20Living%20standard,source_reported_unharmonized
e1410_6ed30ea5f2,health_culture_environment,Number of patient beds under provincial departments of health by province · Medical service unit,Medical service unit,VN_SRC_BACNINH,Bac Ninh,2016,annual,783.0,Bed,not_specified,E1410,https://www.nso.gov.vn/en/px-web?pxid=E1410&theme=Health%2C%20Culture%2C%20Sport%20and%20Living%20standard,source_reported_unharmonized
e1410_6ed30ea5f2,health_culture_environment,Number of patient beds under provincial departments of health by province · Medical service unit,Medical service unit,VN_SRC_BACNINH,Bac Ninh,2017,annual,783.0,Bed,not_specified,E1410,https://www.nso.gov.vn/en/px-web?pxid=E1410&theme=Health%2C%20Culture%2C%20Sport%20and%20Living%20standard,source_reported_unharmonized
e1410_6ed30ea5f2,health_culture_environment,Number of patient beds under provincial departments of health by province · Medical service unit,Medical service unit,VN_SRC_QUANGNINH,Quang Ninh,2002,annual,549.0,Bed,not_specified,E1410,https://www.nso.gov.vn/en/px-web?pxid=E1410&theme=Health%2C%20Culture%2C%20Sport%20and%20Living%20standard,source_reported_unharmonized
e1410_6ed30ea5f2,health_culture_environment,Number of patient beds under provincial departments of health by province · Medical service unit,Medical service unit,VN_SRC_QUANGNINH,Quang Ninh,2003,annual,566.0,Bed,not_specified,E1410,https://www.nso.gov.vn/en/px-web?pxid=E1410&theme=Health%2C%20Culture%2C%20Sport%20and%20Living%20standard,source_reported_unharmonized
e1410_6ed30ea5f2,health_culture_environment,Number of patient beds under provincial departments of health by province · Medical service unit,Medical service unit,VN_SRC_QUANGNINH,Quang Ninh,2004,annual,566.0,Bed,not_specified,E1410,https://www.nso.gov.vn/en/px-web?pxid=E1410&theme=Health%2C%20Culture%2C%20Sport%20and%20Living%20standard,source_reported_unharmonized
e1410_6ed30ea5f2,health_culture_environment,Number of patient beds under provincial departments of health by province · Medical service unit,Medical service unit,VN_SRC_QUANGNINH,Quang Ninh,2005,annual,566.0,Bed,not_specified,E1410,https://www.nso.gov.vn/en/px-web?pxid=E1410&theme=Health%2C%20Culture%2C%20Sport%20and%20Living%20standard,source_reported_unharmonized
e1410_6ed30ea5f2,health_culture_environment,Number of patient beds under provincial departments of health by province · Medical service unit,Medical service unit,VN_SRC_QUANGNINH,Quang Ninh,2006,annual,566.0,Bed,not_specified,E1410,https://www.nso.gov.vn/en/px-web?pxid=E1410&theme=Health%2C%20Culture%2C%20Sport%20and%20Living%20standard,source_reported_unharmonized
e1410_6ed30ea5f2,health_culture_environment,Number of patient beds under provincial departments of health by province · Medical service unit,Medical service unit,VN_SRC_QUANGNINH,Quang Ninh,2007,annual,566.0,Bed,not_specified,E1410,https://www.nso.gov.vn/en/px-web?pxid=E1410&theme=Health%2C%20Culture%2C%20Sport%20and%20Living%20standard,source_reported_unharmonized
e1410_6ed30ea5f2,health_culture_environment,Number of patient beds under provincial departments of health by province · Medical service unit,Medical service unit,VN_SRC_QUANGNINH,Quang Ninh,2008,annual,566.0,Bed,not_specified,E1410,https://www.nso.gov.vn/en/px-web?pxid=E1410&theme=Health%2C%20Culture%2C%20Sport%20and%20Living%20standard,source_reported_unharmonized
e1410_6ed30ea5f2,health_culture_environment,Number of patient beds under provincial departments of health by province · Medical service unit,Medical service unit,VN_SRC_QUANGNINH,Quang Ninh,2009,annual,566.0,Bed,not_specified,E1410,https://www.nso.gov.vn/en/px-web?pxid=E1410&theme=Health%2C%20Culture%2C%20Sport%20and%20Living%20standard,source_reported_unharmonized
e1410_6ed30ea5f2,health_culture_environment,Number of patient beds under provincial departments of health by province · Medical service unit,Medical service unit,VN_SRC_QUANGNINH,Quang Ninh,2010,annual,474.0,Bed,not_specified,E1410,https://www.nso.gov.vn/en/px-web?pxid=E1410&theme=Health%2C%20Culture%2C%20Sport%20and%20Living%20standard,source_reported_unharmonized
e1410_6ed30ea5f2,health_culture_environment,Number of patient beds under provincial departments of health by province · Medical service unit,Medical service unit,VN_SRC_QUANGNINH,Quang Ninh,2011,annual,423.0,Bed,not_specified,E1410,https://www.nso.gov.vn/en/px-web?pxid=E1410&theme=Health%2C%20Culture%2C%20Sport%20and%20Living%20standard,source_reported_unharmonized
e1410_6ed30ea5f2,health_culture_environment,Number of patient beds under provincial departments of health by province · Medical service unit,Medical service unit,VN_SRC_QUANGNINH,Quang Ninh,2012,annual,423.0,Bed,not_specified,E1410,https://www.nso.gov.vn/en/px-web?pxid=E1410&theme=Health%2C%20Culture%2C%20Sport%20and%20Living%20standard,source_reported_unharmonized
e1410_6ed30ea5f2,health_culture_environment,Number of patient beds under provincial departments of health by province · Medical service unit,Medical service unit,VN_SRC_QUANGNINH,Quang Ninh,2013,annual,552.0,Bed,not_specified,E1410,https://www.nso.gov.vn/en/px-web?pxid=E1410&theme=Health%2C%20Culture%2C%20Sport%20and%20Living%20standard,source_reported_unharmonized
e1410_6ed30ea5f2,health_culture_environment,Number of patient beds under provincial departments of health by province · Medical service unit,Medical service unit,VN_SRC_QUANGNINH,Quang Ninh,2014,annual,552.0,Bed,not_specified,E1410,https://www.nso.gov.vn/en/px-web?pxid=E1410&theme=Health%2C%20Culture%2C%20Sport%20and%20Living%20standard,source_reported_unharmonized
e1410_6ed30ea5f2,health_culture_environment,Number of patient beds under provincial departments of health by province · Medical service unit,Medical service unit,VN_SRC_QUANGNINH,Quang Ninh,2015,annual,552.0,Bed,not_specified,E1410,https://www.nso.gov.vn/en/px-web?pxid=E1410&theme=Health%2C%20Culture%2C%20Sport%20and%20Living%20standard,source_reported_unharmonized
e1410_6ed30ea5f2,health_culture_environment,Number of patient beds under provincial departments of health by province · Medical service unit,Medical service unit,VN_SRC_QUANGNINH,Quang Ninh,2016,annual,261.0,Bed,not_specified,E1410,https://www.nso.gov.vn/en/px-web?pxid=E1410&theme=Health%2C%20Culture%2C%20Sport%20and%20Living%20standard,source_reported_unharmonized
e1410_6ed30ea5f2,health_culture_environment,Number of patient beds under provincial departments of health by province · Medical service unit,Medical service unit,VN_SRC_QUANGNINH,Quang Ninh,2017,annual,397.0,Bed,not_specified,E1410,https://www.nso.gov.vn/en/px-web?pxid=E1410&theme=Health%2C%20Culture%2C%20Sport%20and%20Living%20standard,source_reported_unharmonized
e1410_6ed30ea5f2,health_culture_environment,Number of patient beds under provincial departments of health by province · Medical service unit,Medical service unit,VN_SRC_HAIDUONG,Hai Duong,2002,annual,1052.0,Bed,not_specified,E1410,https://www.nso.gov.vn/en/px-web?pxid=E1410&theme=Health%2C%20Culture%2C%20Sport%20and%20Living%20standard,source_reported_unharmonized
e1410_6ed30ea5f2,health_culture_environment,Number of patient beds under provincial departments of health by province · Medical service unit,Medical service unit,VN_SRC_HAIDUONG,Hai Duong,2003,annual,1052.0,Bed,not_specified,E1410,https://www.nso.gov.vn/en/px-web?pxid=E1410&theme=Health%2C%20Culture%2C%20Sport%20and%20Living%20standard,source_reported_unharmonized
e1410_6ed30ea5f2,health_culture_environment,Number of patient beds under provincial departments of health by province · Medical service unit,Medical service unit,VN_SRC_HAIDUONG,Hai Duong,2004,annual,1052.0,Bed,not_specified,E1410,https://www.nso.gov.vn/en/px-web?pxid=E1410&theme=Health%2C%20Culture%2C%20Sport%20and%20Living%20standard,source_reported_unharmonized
e1410_6ed30ea5f2,health_culture_environment,Number of patient beds under provincial departments of health by province · Medical service unit,Medical service unit,VN_SRC_HAIDUONG,Hai Duong,2005,annual,1050.0,Bed,not_specified,E1410,https://www.nso.gov.vn/en/px-web?pxid=E1410&theme=Health%2C%20Culture%2C%20Sport%20and%20Living%20standard,source_reported_unharmonized
e1410_6ed30ea5f2,health_culture_environment,Number of patient beds under provincial departments of health by province · Medical service unit,Medical service unit,VN_SRC_HAIDUONG,Hai Duong,2006,annual,1052.0,Bed,not_specified,E1410,https://www.nso.gov.vn/en/px-web?pxid=E1410&theme=Health%2C%20Culture%2C%20Sport%20and%20Living%20standard,source_reported_unharmonized
e1410_6ed30ea5f2,health_culture_environment,Number of patient beds under provincial departments of health by province · Medical service unit,Medical service unit,VN_SRC_HAIDUONG,Hai Duong,2007,annual,1052.0,Bed,not_specified,E1410,https://www.nso.gov.vn/en/px-web?pxid=E1410&theme=Health%2C%20Culture%2C%20Sport%20and%20Living%20standard,source_reported_unharmonized
e1410_6ed30ea5f2,health_culture_environment,Number of patient beds under provincial departments of health by province · Medical service unit,Medical service unit,VN_SRC_HAIDUONG,Hai Duong,2008,annual,1052.0,Bed,not_specified,E1410,https://www.nso.gov.vn/en/px-web?pxid=E1410&theme=Health%2C%20Culture%2C%20Sport%20and%20Living%20standard,source_reported_unharmonized
e1410_6ed30ea5f2,health_culture_environment,Number of patient beds under provincial departments of health by province · Medical service unit,Medical service unit,VN_SRC_HAIDUONG,Hai Duong,2009,annual,1052.0,Bed,not_specified,E1410,https://www.nso.gov.vn/en/px-web?pxid=E1410&theme=Health%2C%20Culture%2C%20Sport%20and%20Living%20standard,source_reported_unharmonized
e1410_6ed30ea5f2,health_culture_environment,Number of patient beds under provincial departments of health by province · Medical service unit,Medical service unit,VN_SRC_HAIDUONG,Hai Duong,2010,annual,1060.0,Bed,not_specified,E1410,https://www.nso.gov.vn/en/px-web?pxid=E1410&theme=Health%2C%20Culture%2C%20Sport%20and%20Living%20standard,source_reported_unharmonized
e1410_6ed30ea5f2,health_culture_environment,Number of patient beds under provincial departments of health by province · Medical service unit,Medical service unit,VN_SRC_HAIDUONG,Hai Duong,2011,annual,1060.0,Bed,not_specified,E1410,https://www.nso.gov.vn/en/px-web?pxid=E1410&theme=Health%2C%20Culture%2C%20Sport%20and%20Living%20standard,source_reported_unharmonized
e1410_6ed30ea5f2,health_culture_environment,Number of patient beds under provincial departments of health by province · Medical service unit,Medical service unit,VN_SRC_HAIDUONG,Hai Duong,2012,annual,1060.0,Bed,not_specified,E1410,https://www.nso.gov.vn/en/px-web?pxid=E1410&theme=Health%2C%20Culture%2C%20Sport%20and%20Living%20standard,source_reported_unharmonized
e1410_6ed30ea5f2,health_culture_environment,Number of patient beds under provincial departments of health by province · Medical service unit,Medical service unit,VN_SRC_HAIDUONG,Hai Duong,2013,annual,1060.0,Bed,not_specified,E1410,https://www.nso.gov.vn/en/px-web?pxid=E1410&theme=Health%2C%20Culture%2C%20Sport%20and%20Living%20standard,source_reported_unharmonized
e1410_6ed30ea5f2,health_culture_environment,Number of patient beds under provincial departments of health by province · Medical service unit,Medical service unit,VN_SRC_HAIDUONG,Hai Duong,2014,annual,1060.0,Bed,not_specified,E1410,https://www.nso.gov.vn/en/px-web?pxid=E1410&theme=Health%2C%20Culture%2C%20Sport%20and%20Living%20standard,source_reported_unharmonized
e1410_6ed30ea5f2,health_culture_environment,Number of patient beds under provincial departments of health by province · Medical service unit,Medical service unit,VN_SRC_HAIDUONG,Hai Duong,2015,annual,1060.0,Bed,not_specified,E1410,https://www.nso.gov.vn/en/px-web?pxid=E1410&theme=Health%2C%20Culture%2C%20Sport%20and%20Living%20standard,source_reported_unharmonized
e1410_6ed30ea5f2,health_culture_environment,Number of patient beds under provincial departments of health by province · Medical service unit,Medical service unit,VN_SRC_HAIDUONG,Hai Duong,2016,annual,1060.0,Bed,not_specified,E1410,https://www.nso.gov.vn/en/px-web?pxid=E1410&theme=Health%2C%20Culture%2C%20Sport%20and%20Living%20standard,source_reported_unharmonized
e1410_6ed30ea5f2,health_culture_environment,Number of patient beds under provincial departments of health by province · Medical service unit,Medical service unit,VN_SRC_HAIDUONG,Hai Duong,2017,annual,1060.0,Bed,not_specified,E1410,https://www.nso.gov.vn/en/px-web?pxid=E1410&theme=Health%2C%20Culture%2C%20Sport%20and%20Living%20standard,source_reported_unharmonized
e1410_6ed30ea5f2,health_culture_environment,Number of patient beds under provincial departments of health by province · Medical service unit,Medical service unit,VN_SRC_HAIPHONG,Hai Phong,2002,annual,1080.0,Bed,not_specified,E1410,https://www.nso.gov.vn/en/px-web?pxid=E1410&theme=Health%2C%20Culture%2C%20Sport%20and%20Living%20standard,source_reported_unharmonized
e1410_6ed30ea5f2,health_culture_environment,Number of patient beds under provincial departments of health by province · Medical service unit,Medical service unit,VN_SRC_HAIPHONG,Hai Phong,2003,annual,1080.0,Bed,not_specified,E1410,https://www.nso.gov.vn/en/px-web?pxid=E1410&theme=Health%2C%20Culture%2C%20Sport%20and%20Living%20standard,source_reported_unharmonized
e1410_6ed30ea5f2,health_culture_environment,Number of patient beds under provincial departments of health by province · Medical service unit,Medical service unit,VN_SRC_HAIPHONG,Hai Phong,2004,annual,1090.0,Bed,not_specified,E1410,https://www.nso.gov.vn/en/px-web?pxid=E1410&theme=Health%2C%20Culture%2C%20Sport%20and%20Living%20standard,source_reported_unharmonized
e1410_6ed30ea5f2,health_culture_environment,Number of patient beds under provincial departments of health by province · Medical service unit,Medical service unit,VN_SRC_HAIPHONG,Hai Phong,2005,annual,1090.0,Bed,not_specified,E1410,https://www.nso.gov.vn/en/px-web?pxid=E1410&theme=Health%2C%20Culture%2C%20Sport%20and%20Living%20standard,source_reported_unharmonized
e1410_6ed30ea5f2,health_culture_environment,Number of patient beds under provincial departments of health by province · Medical service unit,Medical service unit,VN_SRC_HAIPHONG,Hai Phong,2006,annual,1090.0,Bed,not_specified,E1410,https://www.nso.gov.vn/en/px-web?pxid=E1410&theme=Health%2C%20Culture%2C%20Sport%20and%20Living%20standard,source_reported_unharmonized
e1410_6ed30ea5f2,health_culture_environment,Number of patient beds under provincial departments of health by province · Medical service unit,Medical service unit,VN_SRC_HAIPHONG,Hai Phong,2007,annual,1100.0,Bed,not_specified,E1410,https://www.nso.gov.vn/en/px-web?pxid=E1410&theme=Health%2C%20Culture%2C%20Sport%20and%20Living%20standard,source_reported_unharmonized
e1410_6ed30ea5f2,health_culture_environment,Number of patient beds under provincial departments of health by province · Medical service unit,Medical service unit,VN_SRC_HAIPHONG,Hai Phong,2008,annual,1120.0,Bed,not_specified,E1410,https://www.nso.gov.vn/en/px-web?pxid=E1410&theme=Health%2C%20Culture%2C%20Sport%20and%20Living%20standard,source_reported_unharmonized
e1410_6ed30ea5f2,health_culture_environment,Number of patient beds under provincial departments of health by province · Medical service unit,Medical service unit,VN_SRC_HAIPHONG,Hai Phong,2009,annual,1120.0,Bed,not_specified,E1410,https://www.nso.gov.vn/en/px-web?pxid=E1410&theme=Health%2C%20Culture%2C%20Sport%20and%20Living%20standard,source_reported_unharmonized
e1410_6ed30ea5f2,health_culture_environment,Number of patient beds under provincial departments of health by province · Medical service unit,Medical service unit,VN_SRC_HAIPHONG,Hai Phong,2010,annual,1120.0,Bed,not_specified,E1410,https://www.nso.gov.vn/en/px-web?pxid=E1410&theme=Health%2C%20Culture%2C%20Sport%20and%20Living%20standard,source_reported_unharmonized
e1410_6ed30ea5f2,health_culture_environment,Number of patient beds under provincial departments of health by province · Medical service unit,Medical service unit,VN_SRC_HAIPHONG,Hai Phong,2011,annual,1120.0,Bed,not_specified,E1410,https://www.nso.gov.vn/en/px-web?pxid=E1410&theme=Health%2C%20Culture%2C%20Sport%20and%20Living%20standard,source_reported_unharmonized
e1410_6ed30ea5f2,health_culture_environment,Number of patient beds under provincial departments of health by province · Medical service unit,Medical service unit,VN_SRC_HAIPHONG,Hai Phong,2012,annual,1120.0,Bed,not_specified,E1410,https://www.nso.gov.vn/en/px-web?pxid=E1410&theme=Health%2C%20Culture%2C%20Sport%20and%20Living%20standard,source_reported_unharmonized
e1410_6ed30ea5f2,health_culture_environment,Number of patient beds under provincial departments of health by province · Medical service unit,Medical service unit,VN_SRC_HAIPHONG,Hai Phong,2013,annual,1120.0,Bed,not_specified,E1410,https://www.nso.gov.vn/en/px-web?pxid=E1410&theme=Health%2C%20Culture%2C%20Sport%20and%20Living%20standard,source_reported_unharmonized
e1410_6ed30ea5f2,health_culture_environment,Number of patient beds under provincial departments of health by province · Medical service unit,Medical service unit,VN_SRC_HAIPHONG,Hai Phong,2014,annual,1120.0,Bed,not_specified,E1410,https://www.nso.gov.vn/en/px-web?pxid=E1410&theme=Health%2C%20Culture%2C%20Sport%20and%20Living%20standard,source_reported_unharmonized
e1410_6ed30ea5f2,health_culture_environment,Number of patient beds under provincial departments of health by province · Medical service unit,Medical service unit,VN_SRC_HAIPHONG,Hai Phong,2015,annual,1120.0,Bed,not_specified,E1410,https://www.nso.gov.vn/en/px-web?pxid=E1410&theme=Health%2C%20Culture%2C%20Sport%20and%20Living%20standard,source_reported_unharmonized
e1410_6ed30ea5f2,health_culture_environment,Number of patient beds under provincial departments of health by province · Medical service unit,Medical service unit,VN_SRC_HAIPHONG,Hai Phong,2016,annual,1120.0,Bed,not_specified,E1410,https://www.nso.gov.vn/en/px-web?pxid=E1410&theme=Health%2C%20Culture%2C%20Sport%20and%20Living%20standard,source_reported_unharmonized
e1410_6ed30ea5f2,health_culture_environment,Number of patient beds under provincial departments of health by province · Medical service unit,Medical service unit,VN_SRC_HAIPHONG,Hai Phong,2017,annual,1120.0,Bed,not_specified,E1410,https://www.nso.gov.vn/en/px-web?pxid=E1410&theme=Health%2C%20Culture%2C%20Sport%20and%20Living%20standard,source_reported_unharmonized
e1410_6ed30ea5f2,health_culture_environment,Number of patient beds under provincial departments of health by province · Medical service unit,Medical service unit,VN_SRC_HUNGYEN,Hung Yen,2002,annual,805.0,Bed,not_specified,E1410,https://www.nso.gov.vn/en/px-web?pxid=E1410&theme=Health%2C%20Culture%2C%20Sport%20and%20Living%20standard,source_reported_unharmonized
e1410_6ed30ea5f2,health_culture_environment,Number of patient beds under provincial departments of health by province · Medical service unit,Medical service unit,VN_SRC_HUNGYEN,Hung Yen,2003,annual,805.0,Bed,not_specified,E1410,https://www.nso.gov.vn/en/px-web?pxid=E1410&theme=Health%2C%20Culture%2C%20Sport%20and%20Living%20standard,source_reported_unharmonized
e1410_6ed30ea5f2,health_culture_environment,Number of patient beds under provincial departments of health by province · Medical service unit,Medical service unit,VN_SRC_HUNGYEN,Hung Yen,2004,annual,805.0,Bed,not_specified,E1410,https://www.nso.gov.vn/en/px-web?pxid=E1410&theme=Health%2C%20Culture%2C%20Sport%20and%20Living%20standard,source_reported_unharmonized
e1410_6ed30ea5f2,health_culture_environment,Number of patient beds under provincial departments of health by province · Medical service unit,Medical service unit,VN_SRC_HUNGYEN,Hung Yen,2005,annual,805.0,Bed,not_specified,E1410,https://www.nso.gov.vn/en/px-web?pxid=E1410&theme=Health%2C%20Culture%2C%20Sport%20and%20Living%20standard,source_reported_unharmonized
e1410_6ed30ea5f2,health_culture_environment,Number of patient beds under provincial departments of health by province · Medical service unit,Medical service unit,VN_SRC_HUNGYEN,Hung Yen,2006,annual,805.0,Bed,not_specified,E1410,https://www.nso.gov.vn/en/px-web?pxid=E1410&theme=Health%2C%20Culture%2C%20Sport%20and%20Living%20standard,source_reported_unharmonized
e1410_6ed30ea5f2,health_culture_environment,Number of patient beds under provincial departments of health by province · Medical service unit,Medical service unit,VN_SRC_HUNGYEN,Hung Yen,2007,annual,825.0,Bed,not_specified,E1410,https://www.nso.gov.vn/en/px-web?pxid=E1410&theme=Health%2C%20Culture%2C%20Sport%20and%20Living%20standard,source_reported_unharmonized
e1410_6ed30ea5f2,health_culture_environment,Number of patient beds under provincial departments of health by province · Medical service unit,Medical service unit,VN_SRC_HUNGYEN,Hung Yen,2008,annual,840.0,Bed,not_specified,E1410,https://www.nso.gov.vn/en/px-web?pxid=E1410&theme=Health%2C%20Culture%2C%20Sport%20and%20Living%20standard,source_reported_unharmonized
e1410_6ed30ea5f2,health_culture_environment,Number of patient beds under provincial departments of health by province · Medical service unit,Medical service unit,VN_SRC_HUNGYEN,Hung Yen,2009,annual,810.0,Bed,not_specified,E1410,https://www.nso.gov.vn/en/px-web?pxid=E1410&theme=Health%2C%20Culture%2C%20Sport%20and%20Living%20standard,source_reported_unharmonized
e1410_6ed30ea5f2,health_culture_environment,Number of patient beds under provincial departments of health by province · Medical service unit,Medical service unit,VN_SRC_HUNGYEN,Hung Yen,2010,annual,810.0,Bed,not_specified,E1410,https://www.nso.gov.vn/en/px-web?pxid=E1410&theme=Health%2C%20Culture%2C%20Sport%20and%20Living%20standard,source_reported_unharmonized
e1410_6ed30ea5f2,health_culture_environment,Number of patient beds under provincial departments of health by province · Medical service unit,Medical service unit,VN_SRC_HUNGYEN,Hung Yen,2011,annual,810.0,Bed,not_specified,E1410,https://www.nso.gov.vn/en/px-web?pxid=E1410&theme=Health%2C%20Culture%2C%20Sport%20and%20Living%20standard,source_reported_unharmonized
e1410_6ed30ea5f2,health_culture_environment,Number of patient beds under provincial departments of health by province · Medical service unit,Medical service unit,VN_SRC_HUNGYEN,Hung Yen,2012,annual,810.0,Bed,not_specified,E1410,https://www.nso.gov.vn/en/px-web?pxid=E1410&theme=Health%2C%20Culture%2C%20Sport%20and%20Living%20standard,source_reported_unharmonized
e1410_6ed30ea5f2,health_culture_environment,Number of patient beds under provincial departments of health by province · Medical service unit,Medical service unit,VN_SRC_HUNGYEN,Hung Yen,2013,annual,810.0,Bed,not_specified,E1410,https://www.nso.gov.vn/en/px-web?pxid=E1410&theme=Health%2C%20Culture%2C%20Sport%20and%20Living%20standard,source_reported_unharmonized
e1410_6ed30ea5f2,health_culture_environment,Number of patient beds under provincial departments of health by province · Medical service unit,Medical service unit,VN_SRC_HUNGYEN,Hung Yen,2014,annual,810.0,Bed,not_specified,E1410,https://www.nso.gov.vn/en/px-web?pxid=E1410&theme=Health%2C%20Culture%2C%20Sport%20and%20Living%20standard,source_reported_unharmonized
e1410_6ed30ea5f2,health_culture_environment,Number of patient beds under provincial departments of health by province · Medical service unit,Medical service unit,VN_SRC_HUNGYEN,Hung Yen,2015,annual,810.0,Bed,not_specified,E1410,https://www.nso.gov.vn/en/px-web?pxid=E1410&theme=Health%2C%20Culture%2C%20Sport%20and%20Living%20standard,source_reported_unharmonized
e1410_6ed30ea5f2,health_culture_environment,Number of patient beds under provincial departments of health by province · Medical service unit,Medical service unit,VN_SRC_HUNGYEN,Hung Yen,2016,annual,810.0,Bed,not_specified,E1410,https://www.nso.gov.vn/en/px-web?pxid=E1410&theme=Health%2C%20Culture%2C%20Sport%20and%20Living%20standard,source_reported_unharmonized
e1410_6ed30ea5f2,health_culture_environment,Number of patient beds under provincial departments of health by province · Medical service unit,Medical service unit,VN_SRC_HUNGYEN,Hung Yen,2017,annual,810.0,Bed,not_specified,E1410,https://www.nso.gov.vn/en/px-web?pxid=E1410&theme=Health%2C%20Culture%2C%20Sport%20and%20Living%20standard,source_reported_unharmonized
e1410_6ed30ea5f2,health_culture_environment,Number of patient beds under provincial departments of health by province · Medical service unit,Medical service unit,VN_SRC_THAIBINH,Thai Binh,2002,annual,855.0,Bed,not_specified,E1410,https://www.nso.gov.vn/en/px-web?pxid=E1410&theme=Health%2C%20Culture%2C%20Sport%20and%20Living%20standard,source_reported_unharmonized
e1410_6ed30ea5f2,health_culture_environment,Number of patient beds under provincial departments of health by province · Medical service unit,Medical service unit,VN_SRC_THAIBINH,Thai Binh,2003,annual,855.0,Bed,not_specified,E1410,https://www.nso.gov.vn/en/px-web?pxid=E1410&theme=Health%2C%20Culture%2C%20Sport%20and%20Living%20standard,source_reported_unharmonized
e1410_6ed30ea5f2,health_culture_environment,Number of patient beds under provincial departments of health by province · Medical service unit,Medical service unit,VN_SRC_THAIBINH,Thai Binh,2004,annual,855.0,Bed,not_specified,E1410,https://www.nso.gov.vn/en/px-web?pxid=E1410&theme=Health%2C%20Culture%2C%20Sport%20and%20Living%20standard,source_reported_unharmonized
e1410_6ed30ea5f2,health_culture_environment,Number of patient beds under provincial departments of health by province · Medical service unit,Medical service unit,VN_SRC_THAIBINH,Thai Binh,2005,annual,855.0,Bed,not_specified,E1410,https://www.nso.gov.vn/en/px-web?pxid=E1410&theme=Health%2C%20Culture%2C%20Sport%20and%20Living%20standard,source_reported_unharmonized
e1410_6ed30ea5f2,health_culture_environment,Number of patient beds under provincial departments of health by province · Medical service unit,Medical service unit,VN_SRC_THAIBINH,Thai Binh,2006,annual,855.0,Bed,not_specified,E1410,https://www.nso.gov.vn/en/px-web?pxid=E1410&theme=Health%2C%20Culture%2C%20Sport%20and%20Living%20standard,source_reported_unharmonized
e1410_6ed30ea5f2,health_culture_environment,Number of patient beds under provincial departments of health by province · Medical service unit,Medical service unit,VN_SRC_THAIBINH,Thai Binh,2007,annual,855.0,Bed,not_specified,E1410,https://www.nso.gov.vn/en/px-web?pxid=E1410&theme=Health%2C%20Culture%2C%20Sport%20and%20Living%20standard,source_reported_unharmonized
e1410_6ed30ea5f2,health_culture_environment,Number of patient beds under provincial departments of health by province · Medical service unit,Medical service unit,VN_SRC_THAIBINH,Thai Binh,2008,annual,855.0,Bed,not_specified,E1410,https://www.nso.gov.vn/en/px-web?pxid=E1410&theme=Health%2C%20Culture%2C%20Sport%20and%20Living%20standard,source_reported_unharmonized
e1410_6ed30ea5f2,health_culture_environment,Number of patient beds under provincial departments of health by province · Medical service unit,Medical service unit,VN_SRC_THAIBINH,Thai Binh,2009,annual,858.0,Bed,not_specified,E1410,https://www.nso.gov.vn/en/px-web?pxid=E1410&theme=Health%2C%20Culture%2C%20Sport%20and%20Living%20standard,source_reported_unharmonized
e1410_6ed30ea5f2,health_culture_environment,Number of patient beds under provincial departments of health by province · Medical service unit,Medical service unit,VN_SRC_THAIBINH,Thai Binh,2010,annual,858.0,Bed,not_specified,E1410,https://www.nso.gov.vn/en/px-web?pxid=E1410&theme=Health%2C%20Culture%2C%20Sport%20and%20Living%20standard,source_reported_unharmonized
e1410_6ed30ea5f2,health_culture_environment,Number of patient beds under provincial departments of health by province · Medical service unit,Medical service unit,VN_SRC_THAIBINH,Thai Binh,2011,annual,860.0,Bed,not_specified,E1410,https://www.nso.gov.vn/en/px-web?pxid=E1410&theme=Health%2C%20Culture%2C%20Sport%20and%20Living%20standard,source_reported_unharmonized
e1410_6ed30ea5f2,health_culture_environment,Number of patient beds under provincial departments of health by province · Medical service unit,Medical service unit,VN_SRC_THAIBINH,Thai Binh,2012,annual,850.0,Bed,not_specified,E1410,https://www.nso.gov.vn/en/px-web?pxid=E1410&theme=Health%2C%20Culture%2C%20Sport%20and%20Living%20standard,source_reported_unharmonized
e1410_6ed30ea5f2,health_culture_environment,Number of patient beds under provincial departments of health by province · Medical service unit,Medical service unit,VN_SRC_THAIBINH,Thai Binh,2013,annual,852.0,Bed,not_specified,E1410,https://www.nso.gov.vn/en/px-web?pxid=E1410&theme=Health%2C%20Culture%2C%20Sport%20and%20Living%20standard,source_reported_unharmonized
e1410_6ed30ea5f2,health_culture_environment,Number of patient beds under provincial departments of health by province · Medical service unit,Medical service unit,VN_SRC_THAIBINH,Thai Binh,2014,annual,854.0,Bed,not_specified,E1410,https://www.nso.gov.vn/en/px-web?pxid=E1410&theme=Health%2C%20Culture%2C%20Sport%20and%20Living%20standard,source_reported_unharmonized
e1410_6ed30ea5f2,health_culture_environment,Number of patient beds under provincial departments of health by province · Medical service unit,Medical service unit,VN_SRC_THAIBINH,Thai Binh,2015,annual,854.0,Bed,not_specified,E1410,https://www.nso.gov.vn/en/px-web?pxid=E1410&theme=Health%2C%20Culture%2C%20Sport%20and%20Living%20standard,source_reported_unharmonized
e1410_6ed30ea5f2,health_culture_environment,Number of patient beds under provincial departments of health by province · Medical service unit,Medical service unit,VN_SRC_THAIBINH,Thai Binh,2016,annual,854.0,Bed,not_specified,E1410,https://www.nso.gov.vn/en/px-web?pxid=E1410&theme=Health%2C%20Culture%2C%20Sport%20and%20Living%20standard,source_reported_unharmonized
e1410_6ed30ea5f2,health_culture_environment,Number of patient beds under provincial departments of health by province · Medical service unit,Medical service unit,VN_SRC_THAIBINH,Thai Binh,2017,annual,1671.0,Bed,not_specified,E1410,https://www.nso.gov.vn/en/px-web?pxid=E1410&theme=Health%2C%20Culture%2C%20Sport%20and%20Living%20standard,source_reported_unharmonized
e1410_6ed30ea5f2,health_culture_environment,Number of patient beds under provincial departments of health by province · Medical service unit,Medical service unit,VN_SRC_HANAM,Ha Nam,2002,annual,830.0,Bed,not_specified,E1410,https://www.nso.gov.vn/en/px-web?pxid=E1410&theme=Health%2C%20Culture%2C%20Sport%20and%20Living%20standard,source_reported_unharmonized
e1410_6ed30ea5f2,health_culture_environment,Number of patient beds under provincial departments of health by province · Medical service unit,Medical service unit,VN_SRC_HANAM,Ha Nam,2003,annual,830.0,Bed,not_specified,E1410,https://www.nso.gov.vn/en/px-web?pxid=E1410&theme=Health%2C%20Culture%2C%20Sport%20and%20Living%20standard,source_reported_unharmonized
e1410_6ed30ea5f2,health_culture_environment,Number of patient beds under provincial departments of health by province · Medical service unit,Medical service unit,VN_SRC_HANAM,Ha Nam,2004,annual,820.0,Bed,not_specified,E1410,https://www.nso.gov.vn/en/px-web?pxid=E1410&theme=Health%2C%20Culture%2C%20Sport%20and%20Living%20standard,source_reported_unharmonized
e1410_6ed30ea5f2,health_culture_environment,Number of patient beds under provincial departments of health by province · Medical service unit,Medical service unit,VN_SRC_HANAM,Ha Nam,2005,annual,820.0,Bed,not_specified,E1410,https://www.nso.gov.vn/en/px-web?pxid=E1410&theme=Health%2C%20Culture%2C%20Sport%20and%20Living%20standard,source_reported_unharmonized
e1410_6ed30ea5f2,health_culture_environment,Number of patient beds under provincial departments of health by province · Medical service unit,Medical service unit,VN_SRC_HANAM,Ha Nam,2006,annual,820.0,Bed,not_specified,E1410,https://www.nso.gov.vn/en/px-web?pxid=E1410&theme=Health%2C%20Culture%2C%20Sport%20and%20Living%20standard,source_reported_unharmonized
e1410_6ed30ea5f2,health_culture_environment,Number of patient beds under provincial departments of health by province · Medical service unit,Medical service unit,VN_SRC_HANAM,Ha Nam,2007,annual,820.0,Bed,not_specified,E1410,https://www.nso.gov.vn/en/px-web?pxid=E1410&theme=Health%2C%20Culture%2C%20Sport%20and%20Living%20standard,source_reported_unharmonized
e1410_6ed30ea5f2,health_culture_environment,Number of patient beds under provincial departments of health by province · Medical service unit,Medical service unit,VN_SRC_HANAM,Ha Nam,2008,annual,820.0,Bed,not_specified,E1410,https://www.nso.gov.vn/en/px-web?pxid=E1410&theme=Health%2C%20Culture%2C%20Sport%20and%20Living%20standard,source_reported_unharmonized
e1410_6ed30ea5f2,health_culture_environment,Number of patient beds under provincial departments of health by province · Medical service unit,Medical service unit,VN_SRC_HANAM,Ha Nam,2009,annual,820.0,Bed,not_specified,E1410,https://www.nso.gov.vn/en/px-web?pxid=E1410&theme=Health%2C%20Culture%2C%20Sport%20and%20Living%20standard,source_reported_unharmonized
e1410_6ed30ea5f2,health_culture_environment,Number of patient beds under provincial departments of health by province · Medical service unit,Medical service unit,VN_SRC_HANAM,Ha Nam,2010,annual,820.0,Bed,not_specified,E1410,https://www.nso.gov.vn/en/px-web?pxid=E1410&theme=Health%2C%20Culture%2C%20Sport%20and%20Living%20standard,source_reported_unharmonized
e1410_6ed30ea5f2,health_culture_environment,Number of patient beds under provincial departments of health by province · Medical service unit,Medical service unit,VN_SRC_HANAM,Ha Nam,2011,annual,820.0,Bed,not_specified,E1410,https://www.nso.gov.vn/en/px-web?pxid=E1410&theme=Health%2C%20Culture%2C%20Sport%20and%20Living%20standard,source_reported_unharmonized
e1410_6ed30ea5f2,health_culture_environment,Number of patient beds under provincial departments of health by province · Medical service unit,Medical service unit,VN_SRC_HANAM,Ha Nam,2012,annual,820.0,Bed,not_specified,E1410,https://www.nso.gov.vn/en/px-web?pxid=E1410&theme=Health%2C%20Culture%2C%20Sport%20and%20Living%20standard,source_reported_unharmonized
e1410_6ed30ea5f2,health_culture_environment,Number of patient beds under provincial departments of health by province · Medical service unit,Medical service unit,VN_SRC_HANAM,Ha Nam,2013,annual,820.0,Bed,not_specified,E1410,https://www.nso.gov.vn/en/px-web?pxid=E1410&theme=Health%2C%20Culture%2C%20Sport%20and%20Living%20standard,source_reported_unharmonized
e1410_6ed30ea5f2,health_culture_environment,Number of patient beds under provincial departments of health by province · Medical service unit,Medical service unit,VN_SRC_HANAM,Ha Nam,2014,annual,864.0,Bed,not_specified,E1410,https://www.nso.gov.vn/en/px-web?pxid=E1410&theme=Health%2C%20Culture%2C%20Sport%20and%20Living%20standard,source_reported_unharmonized
e1410_6ed30ea5f2,health_culture_environment,Number of patient beds under provincial departments of health by province · Medical service unit,Medical service unit,VN_SRC_HANAM,Ha Nam,2015,annual,864.0,Bed,not_specified,E1410,https://www.nso.gov.vn/en/px-web?pxid=E1410&theme=Health%2C%20Culture%2C%20Sport%20and%20Living%20standard,source_reported_unharmonized
e1410_6ed30ea5f2,health_culture_environment,Number of patient beds under provincial departments of health by province · Medical service unit,Medical service unit,VN_SRC_HANAM,Ha Nam,2016,annual,820.0,Bed,not_specified,E1410,https://www.nso.gov.vn/en/px-web?pxid=E1410&theme=Health%2C%20Culture%2C%20Sport%20and%20Living%20standard,source_reported_unharmonized
e1410_6ed30ea5f2,health_culture_environment,Number of patient beds under provincial departments of health by province · Medical service unit,Medical service unit,VN_SRC_HANAM,Ha Nam,2017,annual,864.0,Bed,not_specified,E1410,https://www.nso.gov.vn/en/px-web?pxid=E1410&theme=Health%2C%20Culture%2C%20Sport%20and%20Living%20standard,source_reported_unharmonized
e1410_6ed30ea5f2,health_culture_environment,Number of patient beds under provincial departments of health by province · Medical service unit,Medical service unit,VN_SRC_NAMDINH,Nam Dinh,2002,annual,1112.0,Bed,not_specified,E1410,https://www.nso.gov.vn/en/px-web?pxid=E1410&theme=Health%2C%20Culture%2C%20Sport%20and%20Living%20standard,source_reported_unharmonized
e1410_6ed30ea5f2,health_culture_environment,Number of patient beds under provincial departments of health by province · Medical service unit,Medical service unit,VN_SRC_NAMDINH,Nam Dinh,2003,annual,1125.0,Bed,not_specified,E1410,https://www.nso.gov.vn/en/px-web?pxid=E1410&theme=Health%2C%20Culture%2C%20Sport%20and%20Living%20standard,source_reported_unharmonized
e1410_6ed30ea5f2,health_culture_environment,Number of patient beds under provincial departments of health by province · Medical service unit,Medical service unit,VN_SRC_NAMDINH,Nam Dinh,2004,annual,1145.0,Bed,not_specified,E1410,https://www.nso.gov.vn/en/px-web?pxid=E1410&theme=Health%2C%20Culture%2C%20Sport%20and%20Living%20standard,source_reported_unharmonized
e1410_6ed30ea5f2,health_culture_environment,Number of patient beds under provincial departments of health by province · Medical service unit,Medical service unit,VN_SRC_NAMDINH,Nam Dinh,2005,annual,1155.0,Bed,not_specified,E1410,https://www.nso.gov.vn/en/px-web?pxid=E1410&theme=Health%2C%20Culture%2C%20Sport%20and%20Living%20standard,source_reported_unharmonized
e1410_6ed30ea5f2,health_culture_environment,Number of patient beds under provincial departments of health by province · Medical service unit,Medical service unit,VN_SRC_NAMDINH,Nam Dinh,2006,annual,1145.0,Bed,not_specified,E1410,https://www.nso.gov.vn/en/px-web?pxid=E1410&theme=Health%2C%20Culture%2C%20Sport%20and%20Living%20standard,source_reported_unharmonized
e1410_6ed30ea5f2,health_culture_environment,Number of patient beds under provincial departments of health by province · Medical service unit,Medical service unit,VN_SRC_NAMDINH,Nam Dinh,2007,annual,1145.0,Bed,not_specified,E1410,https://www.nso.gov.vn/en/px-web?pxid=E1410&theme=Health%2C%20Culture%2C%20Sport%20and%20Living%20standard,source_reported_unharmonized
e1410_6ed30ea5f2,health_culture_environment,Number of patient beds under provincial departments of health by province · Medical service unit,Medical service unit,VN_SRC_NAMDINH,Nam Dinh,2008,annual,1160.0,Bed,not_specified,E1410,https://www.nso.gov.vn/en/px-web?pxid=E1410&theme=Health%2C%20Culture%2C%20Sport%20and%20Living%20standard,source_reported_unharmonized
e1410_6ed30ea5f2,health_culture_environment,Number of patient beds under provincial departments of health by province · Medical service unit,Medical service unit,VN_SRC_NAMDINH,Nam Dinh,2009,annual,1371.0,Bed,not_specified,E1410,https://www.nso.gov.vn/en/px-web?pxid=E1410&theme=Health%2C%20Culture%2C%20Sport%20and%20Living%20standard,source_reported_unharmonized
e1410_6ed30ea5f2,health_culture_environment,Number of patient beds under provincial departments of health by province · Medical service unit,Medical service unit,VN_SRC_NAMDINH,Nam Dinh,2010,annual,1346.0,Bed,not_specified,E1410,https://www.nso.gov.vn/en/px-web?pxid=E1410&theme=Health%2C%20Culture%2C%20Sport%20and%20Living%20standard,source_reported_unharmonized
e1410_6ed30ea5f2,health_culture_environment,Number of patient beds under provincial departments of health by province · Medical service unit,Medical service unit,VN_SRC_NAMDINH,Nam Dinh,2011,annual,1346.0,Bed,not_specified,E1410,https://www.nso.gov.vn/en/px-web?pxid=E1410&theme=Health%2C%20Culture%2C%20Sport%20and%20Living%20standard,source_reported_unharmonized
e1410_6ed30ea5f2,health_culture_environment,Number of patient beds under provincial departments of health by province · Medical service unit,Medical service unit,VN_SRC_NAMDINH,Nam Dinh,2012,annual,1346.0,Bed,not_specified,E1410,https://www.nso.gov.vn/en/px-web?pxid=E1410&theme=Health%2C%20Culture%2C%20Sport%20and%20Living%20standard,source_reported_unharmonized
e1410_6ed30ea5f2,health_culture_environment,Number of patient beds under provincial departments of health by province · Medical service unit,Medical service unit,VN_SRC_NAMDINH,Nam Dinh,2013,annual,1368.0,Bed,not_specified,E1410,https://www.nso.gov.vn/en/px-web?pxid=E1410&theme=Health%2C%20Culture%2C%20Sport%20and%20Living%20standard,source_reported_unharmonized
e1410_6ed30ea5f2,health_culture_environment,Number of patient beds under provincial departments of health by province · Medical service unit,Medical service unit,VN_SRC_NAMDINH,Nam Dinh,2014,annual,1368.0,Bed,not_specified,E1410,https://www.nso.gov.vn/en/px-web?pxid=E1410&theme=Health%2C%20Culture%2C%20Sport%20and%20Living%20standard,source_reported_unharmonized
e1410_6ed30ea5f2,health_culture_environment,Number of patient beds under provincial departments of health by province · Medical service unit,Medical service unit,VN_SRC_NAMDINH,Nam Dinh,2015,annual,1376.0,Bed,not_specified,E1410,https://www.nso.gov.vn/en/px-web?pxid=E1410&theme=Health%2C%20Culture%2C%20Sport%20and%20Living%20standard,source_reported_unharmonized
e1410_6ed30ea5f2,health_culture_environment,Number of patient beds under provincial departments of health by province · Medical service unit,Medical service unit,VN_SRC_NAMDINH,Nam Dinh,2016,annual,1376.0,Bed,not_specified,E1410,https://www.nso.gov.vn/en/px-web?pxid=E1410&theme=Health%2C%20Culture%2C%20Sport%20and%20Living%20standard,source_reported_unharmonized
e1410_6ed30ea5f2,health_culture_environment,Number of patient beds under provincial departments of health by province · Medical service unit,Medical service unit,VN_SRC_NAMDINH,Nam Dinh,2017,annual,1404.0,Bed,not_specified,E1410,https://www.nso.gov.vn/en/px-web?pxid=E1410&theme=Health%2C%20Culture%2C%20Sport%20and%20Living%20standard,source_reported_unharmonized
e1410_6ed30ea5f2,health_culture_environment,Number of patient beds under provincial departments of health by province · Medical service unit,Medical service unit,VN_SRC_NINHBINH,Ninh Binh,2002,annual,720.0,Bed,not_specified,E1410,https://www.nso.gov.vn/en/px-web?pxid=E1410&theme=Health%2C%20Culture%2C%20Sport%20and%20Living%20standard,source_reported_unharmonized
e1410_6ed30ea5f2,health_culture_environment,Number of patient beds under provincial departments of health by province · Medical service unit,Medical service unit,VN_SRC_NINHBINH,Ninh Binh,2003,annual,720.0,Bed,not_specified,E1410,https://www.nso.gov.vn/en/px-web?pxid=E1410&theme=Health%2C%20Culture%2C%20Sport%20and%20Living%20standard,source_reported_unharmonized
e1410_6ed30ea5f2,health_culture_environment,Number of patient beds under provincial departments of health by province · Medical service unit,Medical service unit,VN_SRC_NINHBINH,Ninh Binh,2004,annual,720.0,Bed,not_specified,E1410,https://www.nso.gov.vn/en/px-web?pxid=E1410&theme=Health%2C%20Culture%2C%20Sport%20and%20Living%20standard,source_reported_unharmonized
e1410_6ed30ea5f2,health_culture_environment,Number of patient beds under provincial departments of health by province · Medical service unit,Medical service unit,VN_SRC_NINHBINH,Ninh Binh,2005,annual,725.0,Bed,not_specified,E1410,https://www.nso.gov.vn/en/px-web?pxid=E1410&theme=Health%2C%20Culture%2C%20Sport%20and%20Living%20standard,source_reported_unharmonized
e1410_6ed30ea5f2,health_culture_environment,Number of patient beds under provincial departments of health by province · Medical service unit,Medical service unit,VN_SRC_NINHBINH,Ninh Binh,2006,annual,725.0,Bed,not_specified,E1410,https://www.nso.gov.vn/en/px-web?pxid=E1410&theme=Health%2C%20Culture%2C%20Sport%20and%20Living%20standard,source_reported_unharmonized
e1410_6ed30ea5f2,health_culture_environment,Number of patient beds under provincial departments of health by province · Medical service unit,Medical service unit,VN_SRC_NINHBINH,Ninh Binh,2007,annual,725.0,Bed,not_specified,E1410,https://www.nso.gov.vn/en/px-web?pxid=E1410&theme=Health%2C%20Culture%2C%20Sport%20and%20Living%20standard,source_reported_unharmonized
e1410_6ed30ea5f2,health_culture_environment,Number of patient beds under provincial departments of health by province · Medical service unit,Medical service unit,VN_SRC_NINHBINH,Ninh Binh,2008,annual,725.0,Bed,not_specified,E1410,https://www.nso.gov.vn/en/px-web?pxid=E1410&theme=Health%2C%20Culture%2C%20Sport%20and%20Living%20standard,source_reported_unharmonized
e1410_6ed30ea5f2,health_culture_environment,Number of patient beds under provincial departments of health by province · Medical service unit,Medical service unit,VN_SRC_NINHBINH,Ninh Binh,2009,annual,720.0,Bed,not_specified,E1410,https://www.nso.gov.vn/en/px-web?pxid=E1410&theme=Health%2C%20Culture%2C%20Sport%20and%20Living%20standard,source_reported_unharmonized
e1410_6ed30ea5f2,health_culture_environment,Number of patient beds under provincial departments of health by province · Medical service unit,Medical service unit,VN_SRC_NINHBINH,Ninh Binh,2010,annual,735.0,Bed,not_specified,E1410,https://www.nso.gov.vn/en/px-web?pxid=E1410&theme=Health%2C%20Culture%2C%20Sport%20and%20Living%20standard,source_reported_unharmonized
e1410_6ed30ea5f2,health_culture_environment,Number of patient beds under provincial departments of health by province · Medical service unit,Medical service unit,VN_SRC_NINHBINH,Ninh Binh,2011,annual,730.0,Bed,not_specified,E1410,https://www.nso.gov.vn/en/px-web?pxid=E1410&theme=Health%2C%20Culture%2C%20Sport%20and%20Living%20standard,source_reported_unharmonized
e1410_6ed30ea5f2,health_culture_environment,Number of patient beds under provincial departments of health by province · Medical service unit,Medical service unit,VN_SRC_NINHBINH,Ninh Binh,2012,annual,730.0,Bed,not_specified,E1410,https://www.nso.gov.vn/en/px-web?pxid=E1410&theme=Health%2C%20Culture%2C%20Sport%20and%20Living%20standard,source_reported_unharmonized
e1410_6ed30ea5f2,health_culture_environment,Number of patient beds under provincial departments of health by province · Medical service unit,Medical service unit,VN_SRC_NINHBINH,Ninh Binh,2013,annual,725.0,Bed,not_specified,E1410,https://www.nso.gov.vn/en/px-web?pxid=E1410&theme=Health%2C%20Culture%2C%20Sport%20and%20Living%20standard,source_reported_unharmonized
e1410_6ed30ea5f2,health_culture_environment,Number of patient beds under provincial departments of health by province · Medical service unit,Medical service unit,VN_SRC_NINHBINH,Ninh Binh,2014,annual,725.0,Bed,not_specified,E1410,https://www.nso.gov.vn/en/px-web?pxid=E1410&theme=Health%2C%20Culture%2C%20Sport%20and%20Living%20standard,source_reported_unharmonized
e1410_6ed30ea5f2,health_culture_environment,Number of patient beds under provincial departments of health by province · Medical service unit,Medical service unit,VN_SRC_NINHBINH,Ninh Binh,2015,annual,725.0,Bed,not_specified,E1410,https://www.nso.gov.vn/en/px-web?pxid=E1410&theme=Health%2C%20Culture%2C%20Sport%20and%20Living%20standard,source_reported_unharmonized
e1410_6ed30ea5f2,health_culture_environment,Number of patient beds under provincial departments of health by province · Medical service unit,Medical service unit,VN_SRC_NINHBINH,Ninh Binh,2016,annual,725.0,Bed,not_specified,E1410,https://www.nso.gov.vn/en/px-web?pxid=E1410&theme=Health%2C%20Culture%2C%20Sport%20and%20Living%20standard,source_reported_unharmonized
e1410_6ed30ea5f2,health_culture_environment,Number of patient beds under provincial departments of health by province · Medical service unit,Medical service unit,VN_SRC_NINHBINH,Ninh Binh,2017,annual,725.0,Bed,not_specified,E1410,https://www.nso.gov.vn/en/px-web?pxid=E1410&theme=Health%2C%20Culture%2C%20Sport%20and%20Living%20standard,source_reported_unharmonized
e1410_6ed30ea5f2,health_culture_environment,Number of patient beds under provincial departments of health by province · Medical service unit,Medical service unit,VN_SRC_HAGIANG,Ha Giang,2002,annual,609.0,Bed,not_specified,E1410,https://www.nso.gov.vn/en/px-web?pxid=E1410&theme=Health%2C%20Culture%2C%20Sport%20and%20Living%20standard,source_reported_unharmonized
e1410_6ed30ea5f2,health_culture_environment,Number of patient beds under provincial departments of health by province · Medical service unit,Medical service unit,VN_SRC_HAGIANG,Ha Giang,2003,annual,604.0,Bed,not_specified,E1410,https://www.nso.gov.vn/en/px-web?pxid=E1410&theme=Health%2C%20Culture%2C%20Sport%20and%20Living%20standard,source_reported_unharmonized
e1410_6ed30ea5f2,health_culture_environment,Number of patient beds under provincial departments of health by province · Medical service unit,Medical service unit,VN_SRC_HAGIANG,Ha Giang,2004,annual,510.0,Bed,not_specified,E1410,https://www.nso.gov.vn/en/px-web?pxid=E1410&theme=Health%2C%20Culture%2C%20Sport%20and%20Living%20standard,source_reported_unharmonized
e1410_6ed30ea5f2,health_culture_environment,Number of patient beds under provincial departments of health by province · Medical service unit,Medical service unit,VN_SRC_HAGIANG,Ha Giang,2005,annual,510.0,Bed,not_specified,E1410,https://www.nso.gov.vn/en/px-web?pxid=E1410&theme=Health%2C%20Culture%2C%20Sport%20and%20Living%20standard,source_reported_unharmonized
e1410_6ed30ea5f2,health_culture_environment,Number of patient beds under provincial departments of health by province · Medical service unit,Medical service unit,VN_SRC_HAGIANG,Ha Giang,2006,annual,510.0,Bed,not_specified,E1410,https://www.nso.gov.vn/en/px-web?pxid=E1410&theme=Health%2C%20Culture%2C%20Sport%20and%20Living%20standard,source_reported_unharmonized
e1410_6ed30ea5f2,health_culture_environment,Number of patient beds under provincial departments of health by province · Medical service unit,Medical service unit,VN_SRC_HAGIANG,Ha Giang,2007,annual,519.0,Bed,not_specified,E1410,https://www.nso.gov.vn/en/px-web?pxid=E1410&theme=Health%2C%20Culture%2C%20Sport%20and%20Living%20standard,source_reported_unharmonized
e1410_6ed30ea5f2,health_culture_environment,Number of patient beds under provincial departments of health by province · Medical service unit,Medical service unit,VN_SRC_HAGIANG,Ha Giang,2008,annual,516.0,Bed,not_specified,E1410,https://www.nso.gov.vn/en/px-web?pxid=E1410&theme=Health%2C%20Culture%2C%20Sport%20and%20Living%20standard,source_reported_unharmonized
e1410_6ed30ea5f2,health_culture_environment,Number of patient beds under provincial departments of health by province · Medical service unit,Medical service unit,VN_SRC_HAGIANG,Ha Giang,2009,annual,516.0,Bed,not_specified,E1410,https://www.nso.gov.vn/en/px-web?pxid=E1410&theme=Health%2C%20Culture%2C%20Sport%20and%20Living%20standard,source_reported_unharmonized
e1410_6ed30ea5f2,health_culture_environment,Number of patient beds under provincial departments of health by province · Medical service unit,Medical service unit,VN_SRC_HAGIANG,Ha Giang,2010,annual,516.0,Bed,not_specified,E1410,https://www.nso.gov.vn/en/px-web?pxid=E1410&theme=Health%2C%20Culture%2C%20Sport%20and%20Living%20standard,source_reported_unharmonized
e1410_6ed30ea5f2,health_culture_environment,Number of patient beds under provincial departments of health by province · Medical service unit,Medical service unit,VN_SRC_HAGIANG,Ha Giang,2011,annual,519.0,Bed,not_specified,E1410,https://www.nso.gov.vn/en/px-web?pxid=E1410&theme=Health%2C%20Culture%2C%20Sport%20and%20Living%20standard,source_reported_unharmonized
e1410_6ed30ea5f2,health_culture_environment,Number of patient beds under provincial departments of health by province · Medical service unit,Medical service unit,VN_SRC_HAGIANG,Ha Giang,2012,annual,521.0,Bed,not_specified,E1410,https://www.nso.gov.vn/en/px-web?pxid=E1410&theme=Health%2C%20Culture%2C%20Sport%20and%20Living%20standard,source_reported_unharmonized
e1410_6ed30ea5f2,health_culture_environment,Number of patient beds under provincial departments of health by province · Medical service unit,Medical service unit,VN_SRC_HAGIANG,Ha Giang,2013,annual,521.0,Bed,not_specified,E1410,https://www.nso.gov.vn/en/px-web?pxid=E1410&theme=Health%2C%20Culture%2C%20Sport%20and%20Living%20standard,source_reported_unharmonized
e1410_6ed30ea5f2,health_culture_environment,Number of patient beds under provincial departments of health by province · Medical service unit,Medical service unit,VN_SRC_HAGIANG,Ha Giang,2014,annual,521.0,Bed,not_specified,E1410,https://www.nso.gov.vn/en/px-web?pxid=E1410&theme=Health%2C%20Culture%2C%20Sport%20and%20Living%20standard,source_reported_unharmonized
e1410_6ed30ea5f2,health_culture_environment,Number of patient beds under provincial departments of health by province · Medical service unit,Medical service unit,VN_SRC_HAGIANG,Ha Giang,2015,annual,521.0,Bed,not_specified,E1410,https://www.nso.gov.vn/en/px-web?pxid=E1410&theme=Health%2C%20Culture%2C%20Sport%20and%20Living%20standard,source_reported_unharmonized
e1410_6ed30ea5f2,health_culture_environment,Number of patient beds under provincial departments of health by province · Medical service unit,Medical service unit,VN_SRC_HAGIANG,Ha Giang,2016,annual,521.0,Bed,not_specified,E1410,https://www.nso.gov.vn/en/px-web?pxid=E1410&theme=Health%2C%20Culture%2C%20Sport%20and%20Living%20standard,source_reported_unharmonized
e1410_6ed30ea5f2,health_culture_environment,Number of patient beds under provincial departments of health by province · Medical service unit,Medical service unit,VN_SRC_HAGIANG,Ha Giang,2017,annual,521.0,Bed,not_specified,E1410,https://www.nso.gov.vn/en/px-web?pxid=E1410&theme=Health%2C%20Culture%2C%20Sport%20and%20Living%20standard,source_reported_unharmonized
e1410_6ed30ea5f2,health_culture_environment,Number of patient beds under provincial departments of health by province · Medical service unit,Medical service unit,VN_SRC_CAOBANG,Cao Bang,2002,annual,567.0,Bed,not_specified,E1410,https://www.nso.gov.vn/en/px-web?pxid=E1410&theme=Health%2C%20Culture%2C%20Sport%20and%20Living%20standard,source_reported_unharmonized
e1410_6ed30ea5f2,health_culture_environment,Number of patient beds under provincial departments of health by province · Medical service unit,Medical service unit,VN_SRC_CAOBANG,Cao Bang,2003,annual,567.0,Bed,not_specified,E1410,https://www.nso.gov.vn/en/px-web?pxid=E1410&theme=Health%2C%20Culture%2C%20Sport%20and%20Living%20standard,source_reported_unharmonized
e1410_6ed30ea5f2,health_culture_environment,Number of patient beds under provincial departments of health by province · Medical service unit,Medical service unit,VN_SRC_CAOBANG,Cao Bang,2004,annual,567.0,Bed,not_specified,E1410,https://www.nso.gov.vn/en/px-web?pxid=E1410&theme=Health%2C%20Culture%2C%20Sport%20and%20Living%20standard,source_reported_unharmonized
e1410_6ed30ea5f2,health_culture_environment,Number of patient beds under provincial departments of health by province · Medical service unit,Medical service unit,VN_SRC_CAOBANG,Cao Bang,2005,annual,567.0,Bed,not_specified,E1410,https://www.nso.gov.vn/en/px-web?pxid=E1410&theme=Health%2C%20Culture%2C%20Sport%20and%20Living%20standard,source_reported_unharmonized
e1410_6ed30ea5f2,health_culture_environment,Number of patient beds under provincial departments of health by province · Medical service unit,Medical service unit,VN_SRC_CAOBANG,Cao Bang,2006,annual,567.0,Bed,not_specified,E1410,https://www.nso.gov.vn/en/px-web?pxid=E1410&theme=Health%2C%20Culture%2C%20Sport%20and%20Living%20standard,source_reported_unharmonized
e1410_6ed30ea5f2,health_culture_environment,Number of patient beds under provincial departments of health by province · Medical service unit,Medical service unit,VN_SRC_CAOBANG,Cao Bang,2007,annual,570.0,Bed,not_specified,E1410,https://www.nso.gov.vn/en/px-web?pxid=E1410&theme=Health%2C%20Culture%2C%20Sport%20and%20Living%20standard,source_reported_unharmonized
e1410_6ed30ea5f2,health_culture_environment,Number of patient beds under provincial departments of health by province · Medical service unit,Medical service unit,VN_SRC_CAOBANG,Cao Bang,2008,annual,567.0,Bed,not_specified,E1410,https://www.nso.gov.vn/en/px-web?pxid=E1410&theme=Health%2C%20Culture%2C%20Sport%20and%20Living%20standard,source_reported_unharmonized
e1410_6ed30ea5f2,health_culture_environment,Number of patient beds under provincial departments of health by province · Medical service unit,Medical service unit,VN_SRC_CAOBANG,Cao Bang,2009,annual,597.0,Bed,not_specified,E1410,https://www.nso.gov.vn/en/px-web?pxid=E1410&theme=Health%2C%20Culture%2C%20Sport%20and%20Living%20standard,source_reported_unharmonized
e1410_6ed30ea5f2,health_culture_environment,Number of patient beds under provincial departments of health by province · Medical service unit,Medical service unit,VN_SRC_CAOBANG,Cao Bang,2010,annual,597.0,Bed,not_specified,E1410,https://www.nso.gov.vn/en/px-web?pxid=E1410&theme=Health%2C%20Culture%2C%20Sport%20and%20Living%20standard,source_reported_unharmonized
e1410_6ed30ea5f2,health_culture_environment,Number of patient beds under provincial departments of health by province · Medical service unit,Medical service unit,VN_SRC_CAOBANG,Cao Bang,2011,annual,597.0,Bed,not_specified,E1410,https://www.nso.gov.vn/en/px-web?pxid=E1410&theme=Health%2C%20Culture%2C%20Sport%20and%20Living%20standard,source_reported_unharmonized
e1410_6ed30ea5f2,health_culture_environment,Number of patient beds under provincial departments of health by province · Medical service unit,Medical service unit,VN_SRC_CAOBANG,Cao Bang,2012,annual,597.0,Bed,not_specified,E1410,https://www.nso.gov.vn/en/px-web?pxid=E1410&theme=Health%2C%20Culture%2C%20Sport%20and%20Living%20standard,source_reported_unharmonized
e1410_6ed30ea5f2,health_culture_environment,Number of patient beds under provincial departments of health by province · Medical service unit,Medical service unit,VN_SRC_CAOBANG,Cao Bang,2013,annual,597.0,Bed,not_specified,E1410,https://www.nso.gov.vn/en/px-web?pxid=E1410&theme=Health%2C%20Culture%2C%20Sport%20and%20Living%20standard,source_reported_unharmonized
e1410_6ed30ea5f2,health_culture_environment,Number of patient beds under provincial departments of health by province · Medical service unit,Medical service unit,VN_SRC_CAOBANG,Cao Bang,2014,annual,597.0,Bed,not_specified,E1410,https://www.nso.gov.vn/en/px-web?pxid=E1410&theme=Health%2C%20Culture%2C%20Sport%20and%20Living%20standard,source_reported_unharmonized
e1410_6ed30ea5f2,health_culture_environment,Number of patient beds under provincial departments of health by province · Medical service unit,Medical service unit,VN_SRC_CAOBANG,Cao Bang,2015,annual,597.0,Bed,not_specified,E1410,https://www.nso.gov.vn/en/px-web?pxid=E1410&theme=Health%2C%20Culture%2C%20Sport%20and%20Living%20standard,source_reported_unharmonized
e1410_6ed30ea5f2,health_culture_environment,Number of patient beds under provincial departments of health by province · Medical service unit,Medical service unit,VN_SRC_CAOBANG,Cao Bang,2016,annual,597.0,Bed,not_specified,E1410,https://www.nso.gov.vn/en/px-web?pxid=E1410&theme=Health%2C%20Culture%2C%20Sport%20and%20Living%20standard,source_reported_unharmonized
e1410_6ed30ea5f2,health_culture_environment,Number of patient beds under provincial departments of health by province · Medical service unit,Medical service unit,VN_SRC_CAOBANG,Cao Bang,2017,annual,597.0,Bed,not_specified,E1410,https://www.nso.gov.vn/en/px-web?pxid=E1410&theme=Health%2C%20Culture%2C%20Sport%20and%20Living%20standard,source_reported_unharmonized
e1410_6ed30ea5f2,health_culture_environment,Number of patient beds under provincial departments of health by province · Medical service unit,Medical service unit,VN_SRC_BACKAN,Bac Kan,2002,annual,330.0,Bed,not_specified,E1410,https://www.nso.gov.vn/en/px-web?pxid=E1410&theme=Health%2C%20Culture%2C%20Sport%20and%20Living%20standard,source_reported_unharmonized
e1410_6ed30ea5f2,health_culture_environment,Number of patient beds under provincial departments of health by province · Medical service unit,Medical service unit,VN_SRC_BACKAN,Bac Kan,2003,annual,330.0,Bed,not_specified,E1410,https://www.nso.gov.vn/en/px-web?pxid=E1410&theme=Health%2C%20Culture%2C%20Sport%20and%20Living%20standard,source_reported_unharmonized
e1410_6ed30ea5f2,health_culture_environment,Number of patient beds under provincial departments of health by province · Medical service unit,Medical service unit,VN_SRC_BACKAN,Bac Kan,2004,annual,330.0,Bed,not_specified,E1410,https://www.nso.gov.vn/en/px-web?pxid=E1410&theme=Health%2C%20Culture%2C%20Sport%20and%20Living%20standard,source_reported_unharmonized
e1410_6ed30ea5f2,health_culture_environment,Number of patient beds under provincial departments of health by province · Medical service unit,Medical service unit,VN_SRC_BACKAN,Bac Kan,2005,annual,330.0,Bed,not_specified,E1410,https://www.nso.gov.vn/en/px-web?pxid=E1410&theme=Health%2C%20Culture%2C%20Sport%20and%20Living%20standard,source_reported_unharmonized
e1410_6ed30ea5f2,health_culture_environment,Number of patient beds under provincial departments of health by province · Medical service unit,Medical service unit,VN_SRC_BACKAN,Bac Kan,2006,annual,330.0,Bed,not_specified,E1410,https://www.nso.gov.vn/en/px-web?pxid=E1410&theme=Health%2C%20Culture%2C%20Sport%20and%20Living%20standard,source_reported_unharmonized
e1410_6ed30ea5f2,health_culture_environment,Number of patient beds under provincial departments of health by province · Medical service unit,Medical service unit,VN_SRC_BACKAN,Bac Kan,2007,annual,372.0,Bed,not_specified,E1410,https://www.nso.gov.vn/en/px-web?pxid=E1410&theme=Health%2C%20Culture%2C%20Sport%20and%20Living%20standard,source_reported_unharmonized
e1410_6ed30ea5f2,health_culture_environment,Number of patient beds under provincial departments of health by province · Medical service unit,Medical service unit,VN_SRC_BACKAN,Bac Kan,2008,annual,372.0,Bed,not_specified,E1410,https://www.nso.gov.vn/en/px-web?pxid=E1410&theme=Health%2C%20Culture%2C%20Sport%20and%20Living%20standard,source_reported_unharmonized
e1410_6ed30ea5f2,health_culture_environment,Number of patient beds under provincial departments of health by province · Medical service unit,Medical service unit,VN_SRC_BACKAN,Bac Kan,2009,annual,372.0,Bed,not_specified,E1410,https://www.nso.gov.vn/en/px-web?pxid=E1410&theme=Health%2C%20Culture%2C%20Sport%20and%20Living%20standard,source_reported_unharmonized
e1410_6ed30ea5f2,health_culture_environment,Number of patient beds under provincial departments of health by province · Medical service unit,Medical service unit,VN_SRC_BACKAN,Bac Kan,2010,annual,350.0,Bed,not_specified,E1410,https://www.nso.gov.vn/en/px-web?pxid=E1410&theme=Health%2C%20Culture%2C%20Sport%20and%20Living%20standard,source_reported_unharmonized
e1410_6ed30ea5f2,health_culture_environment,Number of patient beds under provincial departments of health by province · Medical service unit,Medical service unit,VN_SRC_BACKAN,Bac Kan,2011,annual,350.0,Bed,not_specified,E1410,https://www.nso.gov.vn/en/px-web?pxid=E1410&theme=Health%2C%20Culture%2C%20Sport%20and%20Living%20standard,source_reported_unharmonized
e1410_6ed30ea5f2,health_culture_environment,Number of patient beds under provincial departments of health by province · Medical service unit,Medical service unit,VN_SRC_BACKAN,Bac Kan,2012,annual,244.0,Bed,not_specified,E1410,https://www.nso.gov.vn/en/px-web?pxid=E1410&theme=Health%2C%20Culture%2C%20Sport%20and%20Living%20standard,source_reported_unharmonized
e1410_6ed30ea5f2,health_culture_environment,Number of patient beds under provincial departments of health by province · Medical service unit,Medical service unit,VN_SRC_BACKAN,Bac Kan,2013,annual,244.0,Bed,not_specified,E1410,https://www.nso.gov.vn/en/px-web?pxid=E1410&theme=Health%2C%20Culture%2C%20Sport%20and%20Living%20standard,source_reported_unharmonized
e1410_6ed30ea5f2,health_culture_environment,Number of patient beds under provincial departments of health by province · Medical service unit,Medical service unit,VN_SRC_BACKAN,Bac Kan,2014,annual,244.0,Bed,not_specified,E1410,https://www.nso.gov.vn/en/px-web?pxid=E1410&theme=Health%2C%20Culture%2C%20Sport%20and%20Living%20standard,source_reported_unharmonized
e1410_6ed30ea5f2,health_culture_environment,Number of patient beds under provincial departments of health by province · Medical service unit,Medical service unit,VN_SRC_BACKAN,Bac Kan,2015,annual,244.0,Bed,not_specified,E1410,https://www.nso.gov.vn/en/px-web?pxid=E1410&theme=Health%2C%20Culture%2C%20Sport%20and%20Living%20standard,source_reported_unharmonized
e1410_6ed30ea5f2,health_culture_environment,Number of patient beds under provincial departments of health by province · Medical service unit,Medical service unit,VN_SRC_BACKAN,Bac Kan,2016,annual,244.0,Bed,not_specified,E1410,https://www.nso.gov.vn/en/px-web?pxid=E1410&theme=Health%2C%20Culture%2C%20Sport%20and%20Living%20standard,source_reported_unharmonized
e1410_6ed30ea5f2,health_culture_environment,Number of patient beds under provincial departments of health by province · Medical service unit,Medical service unit,VN_SRC_BACKAN,Bac Kan,2017,annual,102.0,Bed,not_specified,E1410,https://www.nso.gov.vn/en/px-web?pxid=E1410&theme=Health%2C%20Culture%2C%20Sport%20and%20Living%20standard,source_reported_unharmonized
e1410_6ed30ea5f2,health_culture_environment,Number of patient beds under provincial departments of health by province · Medical service unit,Medical service unit,VN_SRC_TUYENQUANG,Tuyen Quang,2002,annual,655.0,Bed,not_specified,E1410,https://www.nso.gov.vn/en/px-web?pxid=E1410&theme=Health%2C%20Culture%2C%20Sport%20and%20Living%20standard,source_reported_unharmonized
e1410_6ed30ea5f2,health_culture_environment,Number of patient beds under provincial departments of health by province · Medical service unit,Medical service unit,VN_SRC_TUYENQUANG,Tuyen Quang,2003,annual,710.0,Bed,not_specified,E1410,https://www.nso.gov.vn/en/px-web?pxid=E1410&theme=Health%2C%20Culture%2C%20Sport%20and%20Living%20standard,source_reported_unharmonized
e1410_6ed30ea5f2,health_culture_environment,Number of patient beds under provincial departments of health by province · Medical service unit,Medical service unit,VN_SRC_TUYENQUANG,Tuyen Quang,2004,annual,645.0,Bed,not_specified,E1410,https://www.nso.gov.vn/en/px-web?pxid=E1410&theme=Health%2C%20Culture%2C%20Sport%20and%20Living%20standard,source_reported_unharmonized
e1410_6ed30ea5f2,health_culture_environment,Number of patient beds under provincial departments of health by province · Medical service unit,Medical service unit,VN_SRC_TUYENQUANG,Tuyen Quang,2005,annual,690.0,Bed,not_specified,E1410,https://www.nso.gov.vn/en/px-web?pxid=E1410&theme=Health%2C%20Culture%2C%20Sport%20and%20Living%20standard,source_reported_unharmonized
e1410_6ed30ea5f2,health_culture_environment,Number of patient beds under provincial departments of health by province · Medical service unit,Medical service unit,VN_SRC_TUYENQUANG,Tuyen Quang,2006,annual,690.0,Bed,not_specified,E1410,https://www.nso.gov.vn/en/px-web?pxid=E1410&theme=Health%2C%20Culture%2C%20Sport%20and%20Living%20standard,source_reported_unharmonized
e1410_6ed30ea5f2,health_culture_environment,Number of patient beds under provincial departments of health by province · Medical service unit,Medical service unit,VN_SRC_TUYENQUANG,Tuyen Quang,2007,annual,700.0,Bed,not_specified,E1410,https://www.nso.gov.vn/en/px-web?pxid=E1410&theme=Health%2C%20Culture%2C%20Sport%20and%20Living%20standard,source_reported_unharmonized
e1410_6ed30ea5f2,health_culture_environment,Number of patient beds under provincial departments of health by province · Medical service unit,Medical service unit,VN_SRC_TUYENQUANG,Tuyen Quang,2008,annual,700.0,Bed,not_specified,E1410,https://www.nso.gov.vn/en/px-web?pxid=E1410&theme=Health%2C%20Culture%2C%20Sport%20and%20Living%20standard,source_reported_unharmonized
e1410_6ed30ea5f2,health_culture_environment,Number of patient beds under provincial departments of health by province · Medical service unit,Medical service unit,VN_SRC_TUYENQUANG,Tuyen Quang,2009,annual,700.0,Bed,not_specified,E1410,https://www.nso.gov.vn/en/px-web?pxid=E1410&theme=Health%2C%20Culture%2C%20Sport%20and%20Living%20standard,source_reported_unharmonized
e1410_6ed30ea5f2,health_culture_environment,Number of patient beds under provincial departments of health by province · Medical service unit,Medical service unit,VN_SRC_TUYENQUANG,Tuyen Quang,2010,annual,705.0,Bed,not_specified,E1410,https://www.nso.gov.vn/en/px-web?pxid=E1410&theme=Health%2C%20Culture%2C%20Sport%20and%20Living%20standard,source_reported_unharmonized
e1410_6ed30ea5f2,health_culture_environment,Number of patient beds under provincial departments of health by province · Medical service unit,Medical service unit,VN_SRC_TUYENQUANG,Tuyen Quang,2011,annual,705.0,Bed,not_specified,E1410,https://www.nso.gov.vn/en/px-web?pxid=E1410&theme=Health%2C%20Culture%2C%20Sport%20and%20Living%20standard,source_reported_unharmonized
e1410_6ed30ea5f2,health_culture_environment,Number of patient beds under provincial departments of health by province · Medical service unit,Medical service unit,VN_SRC_TUYENQUANG,Tuyen Quang,2012,annual,705.0,Bed,not_specified,E1410,https://www.nso.gov.vn/en/px-web?pxid=E1410&theme=Health%2C%20Culture%2C%20Sport%20and%20Living%20standard,source_reported_unharmonized
e1410_6ed30ea5f2,health_culture_environment,Number of patient beds under provincial departments of health by province · Medical service unit,Medical service unit,VN_SRC_TUYENQUANG,Tuyen Quang,2013,annual,645.0,Bed,not_specified,E1410,https://www.nso.gov.vn/en/px-web?pxid=E1410&theme=Health%2C%20Culture%2C%20Sport%20and%20Living%20standard,source_reported_unharmonized
e1410_6ed30ea5f2,health_culture_environment,Number of patient beds under provincial departments of health by province · Medical service unit,Medical service unit,VN_SRC_TUYENQUANG,Tuyen Quang,2014,annual,645.0,Bed,not_specified,E1410,https://www.nso.gov.vn/en/px-web?pxid=E1410&theme=Health%2C%20Culture%2C%20Sport%20and%20Living%20standard,source_reported_unharmonized
e1410_6ed30ea5f2,health_culture_environment,Number of patient beds under provincial departments of health by province · Medical service unit,Medical service unit,VN_SRC_TUYENQUANG,Tuyen Quang,2015,annual,645.0,Bed,not_specified,E1410,https://www.nso.gov.vn/en/px-web?pxid=E1410&theme=Health%2C%20Culture%2C%20Sport%20and%20Living%20standard,source_reported_unharmonized
e1410_6ed30ea5f2,health_culture_environment,Number of patient beds under provincial departments of health by province · Medical service unit,Medical service unit,VN_SRC_TUYENQUANG,Tuyen Quang,2016,annual,705.0,Bed,not_specified,E1410,https://www.nso.gov.vn/en/px-web?pxid=E1410&theme=Health%2C%20Culture%2C%20Sport%20and%20Living%20standard,source_reported_unharmonized
e1410_6ed30ea5f2,health_culture_environment,Number of patient beds under provincial departments of health by province · Medical service unit,Medical service unit,VN_SRC_TUYENQUANG,Tuyen Quang,2017,annual,705.0,Bed,not_specified,E1410,https://www.nso.gov.vn/en/px-web?pxid=E1410&theme=Health%2C%20Culture%2C%20Sport%20and%20Living%20standard,source_reported_unharmonized
e1410_6ed30ea5f2,health_culture_environment,Number of patient beds under provincial departments of health by province · Medical service unit,Medical service unit,VN_SRC_LAOCAI,Lao Cai,2002,annual,900.0,Bed,not_specified,E1410,https://www.nso.gov.vn/en/px-web?pxid=E1410&theme=Health%2C%20Culture%2C%20Sport%20and%20Living%20standard,source_reported_unharmonized
e1410_6ed30ea5f2,health_culture_environment,Number of patient beds under provincial departments of health by province · Medical service unit,Medical service unit,VN_SRC_LAOCAI,Lao Cai,2003,annual,900.0,Bed,not_specified,E1410,https://www.nso.gov.vn/en/px-web?pxid=E1410&theme=Health%2C%20Culture%2C%20Sport%20and%20Living%20standard,source_reported_unharmonized
e1410_6ed30ea5f2,health_culture_environment,Number of patient beds under provincial departments of health by province · Medical service unit,Medical service unit,VN_SRC_LAOCAI,Lao Cai,2004,annual,815.0,Bed,not_specified,E1410,https://www.nso.gov.vn/en/px-web?pxid=E1410&theme=Health%2C%20Culture%2C%20Sport%20and%20Living%20standard,source_reported_unharmonized
e1410_6ed30ea5f2,health_culture_environment,Number of patient beds under provincial departments of health by province · Medical service unit,Medical service unit,VN_SRC_LAOCAI,Lao Cai,2005,annual,820.0,Bed,not_specified,E1410,https://www.nso.gov.vn/en/px-web?pxid=E1410&theme=Health%2C%20Culture%2C%20Sport%20and%20Living%20standard,source_reported_unharmonized
e1410_6ed30ea5f2,health_culture_environment,Number of patient beds under provincial departments of health by province · Medical service unit,Medical service unit,VN_SRC_LAOCAI,Lao Cai,2006,annual,820.0,Bed,not_specified,E1410,https://www.nso.gov.vn/en/px-web?pxid=E1410&theme=Health%2C%20Culture%2C%20Sport%20and%20Living%20standard,source_reported_unharmonized
e1410_6ed30ea5f2,health_culture_environment,Number of patient beds under provincial departments of health by province · Medical service unit,Medical service unit,VN_SRC_LAOCAI,Lao Cai,2007,annual,820.0,Bed,not_specified,E1410,https://www.nso.gov.vn/en/px-web?pxid=E1410&theme=Health%2C%20Culture%2C%20Sport%20and%20Living%20standard,source_reported_unharmonized
e1410_6ed30ea5f2,health_culture_environment,Number of patient beds under provincial departments of health by province · Medical service unit,Medical service unit,VN_SRC_LAOCAI,Lao Cai,2008,annual,820.0,Bed,not_specified,E1410,https://www.nso.gov.vn/en/px-web?pxid=E1410&theme=Health%2C%20Culture%2C%20Sport%20and%20Living%20standard,source_reported_unharmonized
e1410_6ed30ea5f2,health_culture_environment,Number of patient beds under provincial departments of health by province · Medical service unit,Medical service unit,VN_SRC_LAOCAI,Lao Cai,2009,annual,820.0,Bed,not_specified,E1410,https://www.nso.gov.vn/en/px-web?pxid=E1410&theme=Health%2C%20Culture%2C%20Sport%20and%20Living%20standard,source_reported_unharmonized
e1410_6ed30ea5f2,health_culture_environment,Number of patient beds under provincial departments of health by province · Medical service unit,Medical service unit,VN_SRC_LAOCAI,Lao Cai,2010,annual,820.0,Bed,not_specified,E1410,https://www.nso.gov.vn/en/px-web?pxid=E1410&theme=Health%2C%20Culture%2C%20Sport%20and%20Living%20standard,source_reported_unharmonized
e1410_6ed30ea5f2,health_culture_environment,Number of patient beds under provincial departments of health by province · Medical service unit,Medical service unit,VN_SRC_LAOCAI,Lao Cai,2011,annual,820.0,Bed,not_specified,E1410,https://www.nso.gov.vn/en/px-web?pxid=E1410&theme=Health%2C%20Culture%2C%20Sport%20and%20Living%20standard,source_reported_unharmonized
e1410_6ed30ea5f2,health_culture_environment,Number of patient beds under provincial departments of health by province · Medical service unit,Medical service unit,VN_SRC_LAOCAI,Lao Cai,2012,annual,820.0,Bed,not_specified,E1410,https://www.nso.gov.vn/en/px-web?pxid=E1410&theme=Health%2C%20Culture%2C%20Sport%20and%20Living%20standard,source_reported_unharmonized
e1410_6ed30ea5f2,health_culture_environment,Number of patient beds under provincial departments of health by province · Medical service unit,Medical service unit,VN_SRC_LAOCAI,Lao Cai,2013,annual,820.0,Bed,not_specified,E1410,https://www.nso.gov.vn/en/px-web?pxid=E1410&theme=Health%2C%20Culture%2C%20Sport%20and%20Living%20standard,source_reported_unharmonized
e1410_6ed30ea5f2,health_culture_environment,Number of patient beds under provincial departments of health by province · Medical service unit,Medical service unit,VN_SRC_LAOCAI,Lao Cai,2014,annual,820.0,Bed,not_specified,E1410,https://www.nso.gov.vn/en/px-web?pxid=E1410&theme=Health%2C%20Culture%2C%20Sport%20and%20Living%20standard,source_reported_unharmonized
e1410_6ed30ea5f2,health_culture_environment,Number of patient beds under provincial departments of health by province · Medical service unit,Medical service unit,VN_SRC_LAOCAI,Lao Cai,2015,annual,820.0,Bed,not_specified,E1410,https://www.nso.gov.vn/en/px-web?pxid=E1410&theme=Health%2C%20Culture%2C%20Sport%20and%20Living%20standard,source_reported_unharmonized
e1410_6ed30ea5f2,health_culture_environment,Number of patient beds under provincial departments of health by province · Medical service unit,Medical service unit,VN_SRC_LAOCAI,Lao Cai,2016,annual,820.0,Bed,not_specified,E1410,https://www.nso.gov.vn/en/px-web?pxid=E1410&theme=Health%2C%20Culture%2C%20Sport%20and%20Living%20standard,source_reported_unharmonized
e1410_6ed30ea5f2,health_culture_environment,Number of patient beds under provincial departments of health by province · Medical service unit,Medical service unit,VN_SRC_LAOCAI,Lao Cai,2017,annual,820.0,Bed,not_specified,E1410,https://www.nso.gov.vn/en/px-web?pxid=E1410&theme=Health%2C%20Culture%2C%20Sport%20and%20Living%20standard,source_reported_unharmonized
e1410_6ed30ea5f2,health_culture_environment,Number of patient beds under provincial departments of health by province · Medical service unit,Medical service unit,VN_SRC_YENBAI,Yen Bai,2002,annual,983.0,Bed,not_specified,E1410,https://www.nso.gov.vn/en/px-web?pxid=E1410&theme=Health%2C%20Culture%2C%20Sport%20and%20Living%20standard,source_reported_unharmonized
e1410_6ed30ea5f2,health_culture_environment,Number of patient beds under provincial departments of health by province · Medical service unit,Medical service unit,VN_SRC_YENBAI,Yen Bai,2003,annual,983.0,Bed,not_specified,E1410,https://www.nso.gov.vn/en/px-web?pxid=E1410&theme=Health%2C%20Culture%2C%20Sport%20and%20Living%20standard,source_reported_unharmonized
e1410_6ed30ea5f2,health_culture_environment,Number of patient beds under provincial departments of health by province · Medical service unit,Medical service unit,VN_SRC_YENBAI,Yen Bai,2004,annual,983.0,Bed,not_specified,E1410,https://www.nso.gov.vn/en/px-web?pxid=E1410&theme=Health%2C%20Culture%2C%20Sport%20and%20Living%20standard,source_reported_unharmonized
e1410_6ed30ea5f2,health_culture_environment,Number of patient beds under provincial departments of health by province · Medical service unit,Medical service unit,VN_SRC_YENBAI,Yen Bai,2005,annual,983.0,Bed,not_specified,E1410,https://www.nso.gov.vn/en/px-web?pxid=E1410&theme=Health%2C%20Culture%2C%20Sport%20and%20Living%20standard,source_reported_unharmonized
e1410_6ed30ea5f2,health_culture_environment,Number of patient beds under provincial departments of health by province · Medical service unit,Medical service unit,VN_SRC_YENBAI,Yen Bai,2006,annual,983.0,Bed,not_specified,E1410,https://www.nso.gov.vn/en/px-web?pxid=E1410&theme=Health%2C%20Culture%2C%20Sport%20and%20Living%20standard,source_reported_unharmonized
e1410_6ed30ea5f2,health_culture_environment,Number of patient beds under provincial departments of health by province · Medical service unit,Medical service unit,VN_SRC_YENBAI,Yen Bai,2007,annual,983.0,Bed,not_specified,E1410,https://www.nso.gov.vn/en/px-web?pxid=E1410&theme=Health%2C%20Culture%2C%20Sport%20and%20Living%20standard,source_reported_unharmonized
e1410_6ed30ea5f2,health_culture_environment,Number of patient beds under provincial departments of health by province · Medical service unit,Medical service unit,VN_SRC_YENBAI,Yen Bai,2008,annual,983.0,Bed,not_specified,E1410,https://www.nso.gov.vn/en/px-web?pxid=E1410&theme=Health%2C%20Culture%2C%20Sport%20and%20Living%20standard,source_reported_unharmonized
e1410_6ed30ea5f2,health_culture_environment,Number of patient beds under provincial departments of health by province · Medical service unit,Medical service unit,VN_SRC_YENBAI,Yen Bai,2009,annual,983.0,Bed,not_specified,E1410,https://www.nso.gov.vn/en/px-web?pxid=E1410&theme=Health%2C%20Culture%2C%20Sport%20and%20Living%20standard,source_reported_unharmonized
e1410_6ed30ea5f2,health_culture_environment,Number of patient beds under provincial departments of health by province · Medical service unit,Medical service unit,VN_SRC_YENBAI,Yen Bai,2010,annual,993.0,Bed,not_specified,E1410,https://www.nso.gov.vn/en/px-web?pxid=E1410&theme=Health%2C%20Culture%2C%20Sport%20and%20Living%20standard,source_reported_unharmonized
e1410_6ed30ea5f2,health_culture_environment,Number of patient beds under provincial departments of health by province · Medical service unit,Medical service unit,VN_SRC_YENBAI,Yen Bai,2011,annual,993.0,Bed,not_specified,E1410,https://www.nso.gov.vn/en/px-web?pxid=E1410&theme=Health%2C%20Culture%2C%20Sport%20and%20Living%20standard,source_reported_unharmonized
e1410_6ed30ea5f2,health_culture_environment,Number of patient beds under provincial departments of health by province · Medical service unit,Medical service unit,VN_SRC_YENBAI,Yen Bai,2012,annual,993.0,Bed,not_specified,E1410,https://www.nso.gov.vn/en/px-web?pxid=E1410&theme=Health%2C%20Culture%2C%20Sport%20and%20Living%20standard,source_reported_unharmonized
e1410_6ed30ea5f2,health_culture_environment,Number of patient beds under provincial departments of health by province · Medical service unit,Medical service unit,VN_SRC_YENBAI,Yen Bai,2013,annual,993.0,Bed,not_specified,E1410,https://www.nso.gov.vn/en/px-web?pxid=E1410&theme=Health%2C%20Culture%2C%20Sport%20and%20Living%20standard,source_reported_unharmonized
e1410_6ed30ea5f2,health_culture_environment,Number of patient beds under provincial departments of health by province · Medical service unit,Medical service unit,VN_SRC_YENBAI,Yen Bai,2014,annual,993.0,Bed,not_specified,E1410,https://www.nso.gov.vn/en/px-web?pxid=E1410&theme=Health%2C%20Culture%2C%20Sport%20and%20Living%20standard,source_reported_unharmonized
e1410_6ed30ea5f2,health_culture_environment,Number of patient beds under provincial departments of health by province · Medical service unit,Medical service unit,VN_SRC_YENBAI,Yen Bai,2015,annual,993.0,Bed,not_specified,E1410,https://www.nso.gov.vn/en/px-web?pxid=E1410&theme=Health%2C%20Culture%2C%20Sport%20and%20Living%20standard,source_reported_unharmonized
e1410_6ed30ea5f2,health_culture_environment,Number of patient beds under provincial departments of health by province · Medical service unit,Medical service unit,VN_SRC_YENBAI,Yen Bai,2016,annual,993.0,Bed,not_specified,E1410,https://www.nso.gov.vn/en/px-web?pxid=E1410&theme=Health%2C%20Culture%2C%20Sport%20and%20Living%20standard,source_reported_unharmonized
e1410_6ed30ea5f2,health_culture_environment,Number of patient beds under provincial departments of health by province · Medical service unit,Medical service unit,VN_SRC_YENBAI,Yen Bai,2017,annual,993.0,Bed,not_specified,E1410,https://www.nso.gov.vn/en/px-web?pxid=E1410&theme=Health%2C%20Culture%2C%20Sport%20and%20Living%20standard,source_reported_unharmonized
e1410_6ed30ea5f2,health_culture_environment,Number of patient beds under provincial departments of health by province · Medical service unit,Medical service unit,VN_SRC_THAINGUYEN,Thai Nguyen,2002,annual,845.0,Bed,not_specified,E1410,https://www.nso.gov.vn/en/px-web?pxid=E1410&theme=Health%2C%20Culture%2C%20Sport%20and%20Living%20standard,source_reported_unharmonized
e1410_6ed30ea5f2,health_culture_environment,Number of patient beds under provincial departments of health by province · Medical service unit,Medical service unit,VN_SRC_THAINGUYEN,Thai Nguyen,2003,annual,861.0,Bed,not_specified,E1410,https://www.nso.gov.vn/en/px-web?pxid=E1410&theme=Health%2C%20Culture%2C%20Sport%20and%20Living%20standard,source_reported_unharmonized
e1410_6ed30ea5f2,health_culture_environment,Number of patient beds under provincial departments of health by province · Medical service unit,Medical service unit,VN_SRC_THAINGUYEN,Thai Nguyen,2004,annual,875.0,Bed,not_specified,E1410,https://www.nso.gov.vn/en/px-web?pxid=E1410&theme=Health%2C%20Culture%2C%20Sport%20and%20Living%20standard,source_reported_unharmonized
e1410_6ed30ea5f2,health_culture_environment,Number of patient beds under provincial departments of health by province · Medical service unit,Medical service unit,VN_SRC_THAINGUYEN,Thai Nguyen,2005,annual,875.0,Bed,not_specified,E1410,https://www.nso.gov.vn/en/px-web?pxid=E1410&theme=Health%2C%20Culture%2C%20Sport%20and%20Living%20standard,source_reported_unharmonized
e1410_6ed30ea5f2,health_culture_environment,Number of patient beds under provincial departments of health by province · Medical service unit,Medical service unit,VN_SRC_THAINGUYEN,Thai Nguyen,2006,annual,818.0,Bed,not_specified,E1410,https://www.nso.gov.vn/en/px-web?pxid=E1410&theme=Health%2C%20Culture%2C%20Sport%20and%20Living%20standard,source_reported_unharmonized
e1410_6ed30ea5f2,health_culture_environment,Number of patient beds under provincial departments of health by province · Medical service unit,Medical service unit,VN_SRC_THAINGUYEN,Thai Nguyen,2007,annual,840.0,Bed,not_specified,E1410,https://www.nso.gov.vn/en/px-web?pxid=E1410&theme=Health%2C%20Culture%2C%20Sport%20and%20Living%20standard,source_reported_unharmonized
e1410_6ed30ea5f2,health_culture_environment,Number of patient beds under provincial departments of health by province · Medical service unit,Medical service unit,VN_SRC_THAINGUYEN,Thai Nguyen,2008,annual,840.0,Bed,not_specified,E1410,https://www.nso.gov.vn/en/px-web?pxid=E1410&theme=Health%2C%20Culture%2C%20Sport%20and%20Living%20standard,source_reported_unharmonized
e1410_6ed30ea5f2,health_culture_environment,Number of patient beds under provincial departments of health by province · Medical service unit,Medical service unit,VN_SRC_THAINGUYEN,Thai Nguyen,2009,annual,813.0,Bed,not_specified,E1410,https://www.nso.gov.vn/en/px-web?pxid=E1410&theme=Health%2C%20Culture%2C%20Sport%20and%20Living%20standard,source_reported_unharmonized
e1410_6ed30ea5f2,health_culture_environment,Number of patient beds under provincial departments of health by province · Medical service unit,Medical service unit,VN_SRC_THAINGUYEN,Thai Nguyen,2010,annual,900.0,Bed,not_specified,E1410,https://www.nso.gov.vn/en/px-web?pxid=E1410&theme=Health%2C%20Culture%2C%20Sport%20and%20Living%20standard,source_reported_unharmonized
e1410_6ed30ea5f2,health_culture_environment,Number of patient beds under provincial departments of health by province · Medical service unit,Medical service unit,VN_SRC_THAINGUYEN,Thai Nguyen,2011,annual,905.0,Bed,not_specified,E1410,https://www.nso.gov.vn/en/px-web?pxid=E1410&theme=Health%2C%20Culture%2C%20Sport%20and%20Living%20standard,source_reported_unharmonized
e1410_6ed30ea5f2,health_culture_environment,Number of patient beds under provincial departments of health by province · Medical service unit,Medical service unit,VN_SRC_THAINGUYEN,Thai Nguyen,2012,annual,905.0,Bed,not_specified,E1410,https://www.nso.gov.vn/en/px-web?pxid=E1410&theme=Health%2C%20Culture%2C%20Sport%20and%20Living%20standard,source_reported_unharmonized
e1410_6ed30ea5f2,health_culture_environment,Number of patient beds under provincial departments of health by province · Medical service unit,Medical service unit,VN_SRC_THAINGUYEN,Thai Nguyen,2013,annual,905.0,Bed,not_specified,E1410,https://www.nso.gov.vn/en/px-web?pxid=E1410&theme=Health%2C%20Culture%2C%20Sport%20and%20Living%20standard,source_reported_unharmonized
e1410_6ed30ea5f2,health_culture_environment,Number of patient beds under provincial departments of health by province · Medical service unit,Medical service unit,VN_SRC_THAINGUYEN,Thai Nguyen,2014,annual,900.0,Bed,not_specified,E1410,https://www.nso.gov.vn/en/px-web?pxid=E1410&theme=Health%2C%20Culture%2C%20Sport%20and%20Living%20standard,source_reported_unharmonized
e1410_6ed30ea5f2,health_culture_environment,Number of patient beds under provincial departments of health by province · Medical service unit,Medical service unit,VN_SRC_THAINGUYEN,Thai Nguyen,2015,annual,900.0,Bed,not_specified,E1410,https://www.nso.gov.vn/en/px-web?pxid=E1410&theme=Health%2C%20Culture%2C%20Sport%20and%20Living%20standard,source_reported_unharmonized
e1410_6ed30ea5f2,health_culture_environment,Number of patient beds under provincial departments of health by province · Medical service unit,Medical service unit,VN_SRC_THAINGUYEN,Thai Nguyen,2016,annual,900.0,Bed,not_specified,E1410,https://www.nso.gov.vn/en/px-web?pxid=E1410&theme=Health%2C%20Culture%2C%20Sport%20and%20Living%20standard,source_reported_unharmonized
e1410_6ed30ea5f2,health_culture_environment,Number of patient beds under provincial departments of health by province · Medical service unit,Medical service unit,VN_SRC_THAINGUYEN,Thai Nguyen,2017,annual,905.0,Bed,not_specified,E1410,https://www.nso.gov.vn/en/px-web?pxid=E1410&theme=Health%2C%20Culture%2C%20Sport%20and%20Living%20standard,source_reported_unharmonized
e1410_6ed30ea5f2,health_culture_environment,Number of patient beds under provincial departments of health by province · Medical service unit,Medical service unit,VN_SRC_LANGSON,Lang Son,2002,annual,678.0,Bed,not_specified,E1410,https://www.nso.gov.vn/en/px-web?pxid=E1410&theme=Health%2C%20Culture%2C%20Sport%20and%20Living%20standard,source_reported_unharmonized
e1410_6ed30ea5f2,health_culture_environment,Number of patient beds under provincial departments of health by province · Medical service unit,Medical service unit,VN_SRC_LANGSON,Lang Son,2003,annual,678.0,Bed,not_specified,E1410,https://www.nso.gov.vn/en/px-web?pxid=E1410&theme=Health%2C%20Culture%2C%20Sport%20and%20Living%20standard,source_reported_unharmonized
e1410_6ed30ea5f2,health_culture_environment,Number of patient beds under provincial departments of health by province · Medical service unit,Medical service unit,VN_SRC_LANGSON,Lang Son,2004,annual,678.0,Bed,not_specified,E1410,https://www.nso.gov.vn/en/px-web?pxid=E1410&theme=Health%2C%20Culture%2C%20Sport%20and%20Living%20standard,source_reported_unharmonized
e1410_6ed30ea5f2,health_culture_environment,Number of patient beds under provincial departments of health by province · Medical service unit,Medical service unit,VN_SRC_LANGSON,Lang Son,2005,annual,678.0,Bed,not_specified,E1410,https://www.nso.gov.vn/en/px-web?pxid=E1410&theme=Health%2C%20Culture%2C%20Sport%20and%20Living%20standard,source_reported_unharmonized
e1410_6ed30ea5f2,health_culture_environment,Number of patient beds under provincial departments of health by province · Medical service unit,Medical service unit,VN_SRC_LANGSON,Lang Son,2006,annual,678.0,Bed,not_specified,E1410,https://www.nso.gov.vn/en/px-web?pxid=E1410&theme=Health%2C%20Culture%2C%20Sport%20and%20Living%20standard,source_reported_unharmonized
e1410_6ed30ea5f2,health_culture_environment,Number of patient beds under provincial departments of health by province · Medical service unit,Medical service unit,VN_SRC_LANGSON,Lang Son,2007,annual,679.0,Bed,not_specified,E1410,https://www.nso.gov.vn/en/px-web?pxid=E1410&theme=Health%2C%20Culture%2C%20Sport%20and%20Living%20standard,source_reported_unharmonized
e1410_6ed30ea5f2,health_culture_environment,Number of patient beds under provincial departments of health by province · Medical service unit,Medical service unit,VN_SRC_LANGSON,Lang Son,2008,annual,678.0,Bed,not_specified,E1410,https://www.nso.gov.vn/en/px-web?pxid=E1410&theme=Health%2C%20Culture%2C%20Sport%20and%20Living%20standard,source_reported_unharmonized
e1410_6ed30ea5f2,health_culture_environment,Number of patient beds under provincial departments of health by province · Medical service unit,Medical service unit,VN_SRC_LANGSON,Lang Son,2009,annual,678.0,Bed,not_specified,E1410,https://www.nso.gov.vn/en/px-web?pxid=E1410&theme=Health%2C%20Culture%2C%20Sport%20and%20Living%20standard,source_reported_unharmonized
e1410_6ed30ea5f2,health_culture_environment,Number of patient beds under provincial departments of health by province · Medical service unit,Medical service unit,VN_SRC_LANGSON,Lang Son,2010,annual,685.0,Bed,not_specified,E1410,https://www.nso.gov.vn/en/px-web?pxid=E1410&theme=Health%2C%20Culture%2C%20Sport%20and%20Living%20standard,source_reported_unharmonized
e1410_6ed30ea5f2,health_culture_environment,Number of patient beds under provincial departments of health by province · Medical service unit,Medical service unit,VN_SRC_LANGSON,Lang Son,2011,annual,691.0,Bed,not_specified,E1410,https://www.nso.gov.vn/en/px-web?pxid=E1410&theme=Health%2C%20Culture%2C%20Sport%20and%20Living%20standard,source_reported_unharmonized
e1410_6ed30ea5f2,health_culture_environment,Number of patient beds under provincial departments of health by province · Medical service unit,Medical service unit,VN_SRC_LANGSON,Lang Son,2012,annual,678.0,Bed,not_specified,E1410,https://www.nso.gov.vn/en/px-web?pxid=E1410&theme=Health%2C%20Culture%2C%20Sport%20and%20Living%20standard,source_reported_unharmonized
e1410_6ed30ea5f2,health_culture_environment,Number of patient beds under provincial departments of health by province · Medical service unit,Medical service unit,VN_SRC_LANGSON,Lang Son,2013,annual,678.0,Bed,not_specified,E1410,https://www.nso.gov.vn/en/px-web?pxid=E1410&theme=Health%2C%20Culture%2C%20Sport%20and%20Living%20standard,source_reported_unharmonized
e1410_6ed30ea5f2,health_culture_environment,Number of patient beds under provincial departments of health by province · Medical service unit,Medical service unit,VN_SRC_LANGSON,Lang Son,2014,annual,678.0,Bed,not_specified,E1410,https://www.nso.gov.vn/en/px-web?pxid=E1410&theme=Health%2C%20Culture%2C%20Sport%20and%20Living%20standard,source_reported_unharmonized
e1410_6ed30ea5f2,health_culture_environment,Number of patient beds under provincial departments of health by province · Medical service unit,Medical service unit,VN_SRC_LANGSON,Lang Son,2015,annual,678.0,Bed,not_specified,E1410,https://www.nso.gov.vn/en/px-web?pxid=E1410&theme=Health%2C%20Culture%2C%20Sport%20and%20Living%20standard,source_reported_unharmonized
e1410_6ed30ea5f2,health_culture_environment,Number of patient beds under provincial departments of health by province · Medical service unit,Medical service unit,VN_SRC_LANGSON,Lang Son,2016,annual,678.0,Bed,not_specified,E1410,https://www.nso.gov.vn/en/px-web?pxid=E1410&theme=Health%2C%20Culture%2C%20Sport%20and%20Living%20standard,source_reported_unharmonized
e1410_6ed30ea5f2,health_culture_environment,Number of patient beds under provincial departments of health by province · Medical service unit,Medical service unit,VN_SRC_LANGSON,Lang Son,2017,annual,678.0,Bed,not_specified,E1410,https://www.nso.gov.vn/en/px-web?pxid=E1410&theme=Health%2C%20Culture%2C%20Sport%20and%20Living%20standard,source_reported_unharmonized
e1410_6ed30ea5f2,health_culture_environment,Number of patient beds under provincial departments of health by province · Medical service unit,Medical service unit,VN_SRC_BACGIANG,Bac Giang,2002,annual,1135.0,Bed,not_specified,E1410,https://www.nso.gov.vn/en/px-web?pxid=E1410&theme=Health%2C%20Culture%2C%20Sport%20and%20Living%20standard,source_reported_unharmonized
e1410_6ed30ea5f2,health_culture_environment,Number of patient beds under provincial departments of health by province · Medical service unit,Medical service unit,VN_SRC_BACGIANG,Bac Giang,2003,annual,1135.0,Bed,not_specified,E1410,https://www.nso.gov.vn/en/px-web?pxid=E1410&theme=Health%2C%20Culture%2C%20Sport%20and%20Living%20standard,source_reported_unharmonized
e1410_6ed30ea5f2,health_culture_environment,Number of patient beds under provincial departments of health by province · Medical service unit,Medical service unit,VN_SRC_BACGIANG,Bac Giang,2004,annual,1145.0,Bed,not_specified,E1410,https://www.nso.gov.vn/en/px-web?pxid=E1410&theme=Health%2C%20Culture%2C%20Sport%20and%20Living%20standard,source_reported_unharmonized
e1410_6ed30ea5f2,health_culture_environment,Number of patient beds under provincial departments of health by province · Medical service unit,Medical service unit,VN_SRC_BACGIANG,Bac Giang,2005,annual,1145.0,Bed,not_specified,E1410,https://www.nso.gov.vn/en/px-web?pxid=E1410&theme=Health%2C%20Culture%2C%20Sport%20and%20Living%20standard,source_reported_unharmonized
e1410_6ed30ea5f2,health_culture_environment,Number of patient beds under provincial departments of health by province · Medical service unit,Medical service unit,VN_SRC_BACGIANG,Bac Giang,2006,annual,1145.0,Bed,not_specified,E1410,https://www.nso.gov.vn/en/px-web?pxid=E1410&theme=Health%2C%20Culture%2C%20Sport%20and%20Living%20standard,source_reported_unharmonized
e1410_6ed30ea5f2,health_culture_environment,Number of patient beds under provincial departments of health by province · Medical service unit,Medical service unit,VN_SRC_BACGIANG,Bac Giang,2007,annual,1140.0,Bed,not_specified,E1410,https://www.nso.gov.vn/en/px-web?pxid=E1410&theme=Health%2C%20Culture%2C%20Sport%20and%20Living%20standard,source_reported_unharmonized
e1410_6ed30ea5f2,health_culture_environment,Number of patient beds under provincial departments of health by province · Medical service unit,Medical service unit,VN_SRC_BACGIANG,Bac Giang,2008,annual,1145.0,Bed,not_specified,E1410,https://www.nso.gov.vn/en/px-web?pxid=E1410&theme=Health%2C%20Culture%2C%20Sport%20and%20Living%20standard,source_reported_unharmonized
e1410_6ed30ea5f2,health_culture_environment,Number of patient beds under provincial departments of health by province · Medical service unit,Medical service unit,VN_SRC_BACGIANG,Bac Giang,2009,annual,1145.0,Bed,not_specified,E1410,https://www.nso.gov.vn/en/px-web?pxid=E1410&theme=Health%2C%20Culture%2C%20Sport%20and%20Living%20standard,source_reported_unharmonized
e1410_6ed30ea5f2,health_culture_environment,Number of patient beds under provincial departments of health by province · Medical service unit,Medical service unit,VN_SRC_BACGIANG,Bac Giang,2010,annual,1235.0,Bed,not_specified,E1410,https://www.nso.gov.vn/en/px-web?pxid=E1410&theme=Health%2C%20Culture%2C%20Sport%20and%20Living%20standard,source_reported_unharmonized
e1410_6ed30ea5f2,health_culture_environment,Number of patient beds under provincial departments of health by province · Medical service unit,Medical service unit,VN_SRC_BACGIANG,Bac Giang,2011,annual,1235.0,Bed,not_specified,E1410,https://www.nso.gov.vn/en/px-web?pxid=E1410&theme=Health%2C%20Culture%2C%20Sport%20and%20Living%20standard,source_reported_unharmonized
e1410_6ed30ea5f2,health_culture_environment,Number of patient beds under provincial departments of health by province · Medical service unit,Medical service unit,VN_SRC_BACGIANG,Bac Giang,2012,annual,1272.0,Bed,not_specified,E1410,https://www.nso.gov.vn/en/px-web?pxid=E1410&theme=Health%2C%20Culture%2C%20Sport%20and%20Living%20standard,source_reported_unharmonized
e1410_6ed30ea5f2,health_culture_environment,Number of patient beds under provincial departments of health by province · Medical service unit,Medical service unit,VN_SRC_BACGIANG,Bac Giang,2013,annual,1272.0,Bed,not_specified,E1410,https://www.nso.gov.vn/en/px-web?pxid=E1410&theme=Health%2C%20Culture%2C%20Sport%20and%20Living%20standard,source_reported_unharmonized
e1410_6ed30ea5f2,health_culture_environment,Number of patient beds under provincial departments of health by province · Medical service unit,Medical service unit,VN_SRC_BACGIANG,Bac Giang,2014,annual,1272.0,Bed,not_specified,E1410,https://www.nso.gov.vn/en/px-web?pxid=E1410&theme=Health%2C%20Culture%2C%20Sport%20and%20Living%20standard,source_reported_unharmonized
e1410_6ed30ea5f2,health_culture_environment,Number of patient beds under provincial departments of health by province · Medical service unit,Medical service unit,VN_SRC_BACGIANG,Bac Giang,2015,annual,1272.0,Bed,not_specified,E1410,https://www.nso.gov.vn/en/px-web?pxid=E1410&theme=Health%2C%20Culture%2C%20Sport%20and%20Living%20standard,source_reported_unharmonized
e1410_6ed30ea5f2,health_culture_environment,Number of patient beds under provincial departments of health by province · Medical service unit,Medical service unit,VN_SRC_BACGIANG,Bac Giang,2016,annual,1272.0,Bed,not_specified,E1410,https://www.nso.gov.vn/en/px-web?pxid=E1410&theme=Health%2C%20Culture%2C%20Sport%20and%20Living%20standard,source_reported_unharmonized
e1410_6ed30ea5f2,health_culture_environment,Number of patient beds under provincial departments of health by province · Medical service unit,Medical service unit,VN_SRC_BACGIANG,Bac Giang,2017,annual,1150.0,Bed,not_specified,E1410,https://www.nso.gov.vn/en/px-web?pxid=E1410&theme=Health%2C%20Culture%2C%20Sport%20and%20Living%20standard,source_reported_unharmonized
e1410_6ed30ea5f2,health_culture_environment,Number of patient beds under provincial departments of health by province · Medical service unit,Medical service unit,VN_SRC_PHUTHO,Phu Tho,2002,annual,1084.0,Bed,not_specified,E1410,https://www.nso.gov.vn/en/px-web?pxid=E1410&theme=Health%2C%20Culture%2C%20Sport%20and%20Living%20standard,source_reported_unharmonized
e1410_6ed30ea5f2,health_culture_environment,Number of patient beds under provincial departments of health by province · Medical service unit,Medical service unit,VN_SRC_PHUTHO,Phu Tho,2003,annual,1092.0,Bed,not_specified,E1410,https://www.nso.gov.vn/en/px-web?pxid=E1410&theme=Health%2C%20Culture%2C%20Sport%20and%20Living%20standard,source_reported_unharmonized
e1410_6ed30ea5f2,health_culture_environment,Number of patient beds under provincial departments of health by province · Medical service unit,Medical service unit,VN_SRC_PHUTHO,Phu Tho,2004,annual,1365.0,Bed,not_specified,E1410,https://www.nso.gov.vn/en/px-web?pxid=E1410&theme=Health%2C%20Culture%2C%20Sport%20and%20Living%20standard,source_reported_unharmonized
e1410_6ed30ea5f2,health_culture_environment,Number of patient beds under provincial departments of health by province · Medical service unit,Medical service unit,VN_SRC_PHUTHO,Phu Tho,2005,annual,1365.0,Bed,not_specified,E1410,https://www.nso.gov.vn/en/px-web?pxid=E1410&theme=Health%2C%20Culture%2C%20Sport%20and%20Living%20standard,source_reported_unharmonized
e1410_6ed30ea5f2,health_culture_environment,Number of patient beds under provincial departments of health by province · Medical service unit,Medical service unit,VN_SRC_PHUTHO,Phu Tho,2006,annual,1365.0,Bed,not_specified,E1410,https://www.nso.gov.vn/en/px-web?pxid=E1410&theme=Health%2C%20Culture%2C%20Sport%20and%20Living%20standard,source_reported_unharmonized
e1410_6ed30ea5f2,health_culture_environment,Number of patient beds under provincial departments of health by province · Medical service unit,Medical service unit,VN_SRC_PHUTHO,Phu Tho,2007,annual,1372.0,Bed,not_specified,E1410,https://www.nso.gov.vn/en/px-web?pxid=E1410&theme=Health%2C%20Culture%2C%20Sport%20and%20Living%20standard,source_reported_unharmonized
e1410_6ed30ea5f2,health_culture_environment,Number of patient beds under provincial departments of health by province · Medical service unit,Medical service unit,VN_SRC_PHUTHO,Phu Tho,2008,annual,1376.0,Bed,not_specified,E1410,https://www.nso.gov.vn/en/px-web?pxid=E1410&theme=Health%2C%20Culture%2C%20Sport%20and%20Living%20standard,source_reported_unharmonized
e1410_6ed30ea5f2,health_culture_environment,Number of patient beds under provincial departments of health by province · Medical service unit,Medical service unit,VN_SRC_PHUTHO,Phu Tho,2009,annual,1375.0,Bed,not_specified,E1410,https://www.nso.gov.vn/en/px-web?pxid=E1410&theme=Health%2C%20Culture%2C%20Sport%20and%20Living%20standard,source_reported_unharmonized
e1410_6ed30ea5f2,health_culture_environment,Number of patient beds under provincial departments of health by province · Medical service unit,Medical service unit,VN_SRC_PHUTHO,Phu Tho,2010,annual,1375.0,Bed,not_specified,E1410,https://www.nso.gov.vn/en/px-web?pxid=E1410&theme=Health%2C%20Culture%2C%20Sport%20and%20Living%20standard,source_reported_unharmonized
e1410_6ed30ea5f2,health_culture_environment,Number of patient beds under provincial departments of health by province · Medical service unit,Medical service unit,VN_SRC_PHUTHO,Phu Tho,2011,annual,1385.0,Bed,not_specified,E1410,https://www.nso.gov.vn/en/px-web?pxid=E1410&theme=Health%2C%20Culture%2C%20Sport%20and%20Living%20standard,source_reported_unharmonized
e1410_6ed30ea5f2,health_culture_environment,Number of patient beds under provincial departments of health by province · Medical service unit,Medical service unit,VN_SRC_PHUTHO,Phu Tho,2012,annual,1385.0,Bed,not_specified,E1410,https://www.nso.gov.vn/en/px-web?pxid=E1410&theme=Health%2C%20Culture%2C%20Sport%20and%20Living%20standard,source_reported_unharmonized
e1410_6ed30ea5f2,health_culture_environment,Number of patient beds under provincial departments of health by province · Medical service unit,Medical service unit,VN_SRC_PHUTHO,Phu Tho,2013,annual,1540.0,Bed,not_specified,E1410,https://www.nso.gov.vn/en/px-web?pxid=E1410&theme=Health%2C%20Culture%2C%20Sport%20and%20Living%20standard,source_reported_unharmonized
e1410_6ed30ea5f2,health_culture_environment,Number of patient beds under provincial departments of health by province · Medical service unit,Medical service unit,VN_SRC_PHUTHO,Phu Tho,2014,annual,1539.0,Bed,not_specified,E1410,https://www.nso.gov.vn/en/px-web?pxid=E1410&theme=Health%2C%20Culture%2C%20Sport%20and%20Living%20standard,source_reported_unharmonized
e1410_6ed30ea5f2,health_culture_environment,Number of patient beds under provincial departments of health by province · Medical service unit,Medical service unit,VN_SRC_PHUTHO,Phu Tho,2015,annual,1548.0,Bed,not_specified,E1410,https://www.nso.gov.vn/en/px-web?pxid=E1410&theme=Health%2C%20Culture%2C%20Sport%20and%20Living%20standard,source_reported_unharmonized
e1410_6ed30ea5f2,health_culture_environment,Number of patient beds under provincial departments of health by province · Medical service unit,Medical service unit,VN_SRC_PHUTHO,Phu Tho,2016,annual,1548.0,Bed,not_specified,E1410,https://www.nso.gov.vn/en/px-web?pxid=E1410&theme=Health%2C%20Culture%2C%20Sport%20and%20Living%20standard,source_reported_unharmonized
e1410_6ed30ea5f2,health_culture_environment,Number of patient beds under provincial departments of health by province · Medical service unit,Medical service unit,VN_SRC_PHUTHO,Phu Tho,2017,annual,1364.0,Bed,not_specified,E1410,https://www.nso.gov.vn/en/px-web?pxid=E1410&theme=Health%2C%20Culture%2C%20Sport%20and%20Living%20standard,source_reported_unharmonized
e1410_6ed30ea5f2,health_culture_environment,Number of patient beds under provincial departments of health by province · Medical service unit,Medical service unit,VN_SRC_DIENBIEN,Dien Bien,2002,annual,,Bed,not_specified,E1410,https://www.nso.gov.vn/en/px-web?pxid=E1410&theme=Health%2C%20Culture%2C%20Sport%20and%20Living%20standard,source_reported_unharmonized
e1410_6ed30ea5f2,health_culture_environment,Number of patient beds under provincial departments of health by province · Medical service unit,Medical service unit,VN_SRC_DIENBIEN,Dien Bien,2003,annual,,Bed,not_specified,E1410,https://www.nso.gov.vn/en/px-web?pxid=E1410&theme=Health%2C%20Culture%2C%20Sport%20and%20Living%20standard,source_reported_unharmonized
e1410_6ed30ea5f2,health_culture_environment,Number of patient beds under provincial departments of health by province · Medical service unit,Medical service unit,VN_SRC_DIENBIEN,Dien Bien,2004,annual,246.0,Bed,not_specified,E1410,https://www.nso.gov.vn/en/px-web?pxid=E1410&theme=Health%2C%20Culture%2C%20Sport%20and%20Living%20standard,source_reported_unharmonized
e1410_6ed30ea5f2,health_culture_environment,Number of patient beds under provincial departments of health by province · Medical service unit,Medical service unit,VN_SRC_DIENBIEN,Dien Bien,2005,annual,264.0,Bed,not_specified,E1410,https://www.nso.gov.vn/en/px-web?pxid=E1410&theme=Health%2C%20Culture%2C%20Sport%20and%20Living%20standard,source_reported_unharmonized
e1410_6ed30ea5f2,health_culture_environment,Number of patient beds under provincial departments of health by province · Medical service unit,Medical service unit,VN_SRC_DIENBIEN,Dien Bien,2006,annual,290.0,Bed,not_specified,E1410,https://www.nso.gov.vn/en/px-web?pxid=E1410&theme=Health%2C%20Culture%2C%20Sport%20and%20Living%20standard,source_reported_unharmonized
e1410_6ed30ea5f2,health_culture_environment,Number of patient beds under provincial departments of health by province · Medical service unit,Medical service unit,VN_SRC_DIENBIEN,Dien Bien,2007,annual,318.0,Bed,not_specified,E1410,https://www.nso.gov.vn/en/px-web?pxid=E1410&theme=Health%2C%20Culture%2C%20Sport%20and%20Living%20standard,source_reported_unharmonized
e1410_6ed30ea5f2,health_culture_environment,Number of patient beds under provincial departments of health by province · Medical service unit,Medical service unit,VN_SRC_DIENBIEN,Dien Bien,2008,annual,318.0,Bed,not_specified,E1410,https://www.nso.gov.vn/en/px-web?pxid=E1410&theme=Health%2C%20Culture%2C%20Sport%20and%20Living%20standard,source_reported_unharmonized
e1410_6ed30ea5f2,health_culture_environment,Number of patient beds under provincial departments of health by province · Medical service unit,Medical service unit,VN_SRC_DIENBIEN,Dien Bien,2009,annual,112.0,Bed,not_specified,E1410,https://www.nso.gov.vn/en/px-web?pxid=E1410&theme=Health%2C%20Culture%2C%20Sport%20and%20Living%20standard,source_reported_unharmonized
e1410_6ed30ea5f2,health_culture_environment,Number of patient beds under provincial departments of health by province · Medical service unit,Medical service unit,VN_SRC_DIENBIEN,Dien Bien,2010,annual,336.0,Bed,not_specified,E1410,https://www.nso.gov.vn/en/px-web?pxid=E1410&theme=Health%2C%20Culture%2C%20Sport%20and%20Living%20standard,source_reported_unharmonized
e1410_6ed30ea5f2,health_culture_environment,Number of patient beds under provincial departments of health by province · Medical service unit,Medical service unit,VN_SRC_DIENBIEN,Dien Bien,2011,annual,336.0,Bed,not_specified,E1410,https://www.nso.gov.vn/en/px-web?pxid=E1410&theme=Health%2C%20Culture%2C%20Sport%20and%20Living%20standard,source_reported_unharmonized
e1410_6ed30ea5f2,health_culture_environment,Number of patient beds under provincial departments of health by province · Medical service unit,Medical service unit,VN_SRC_DIENBIEN,Dien Bien,2012,annual,336.0,Bed,not_specified,E1410,https://www.nso.gov.vn/en/px-web?pxid=E1410&theme=Health%2C%20Culture%2C%20Sport%20and%20Living%20standard,source_reported_unharmonized
e1410_6ed30ea5f2,health_culture_environment,Number of patient beds under provincial departments of health by province · Medical service unit,Medical service unit,VN_SRC_DIENBIEN,Dien Bien,2013,annual,336.0,Bed,not_specified,E1410,https://www.nso.gov.vn/en/px-web?pxid=E1410&theme=Health%2C%20Culture%2C%20Sport%20and%20Living%20standard,source_reported_unharmonized
e1410_6ed30ea5f2,health_culture_environment,Number of patient beds under provincial departments of health by province · Medical service unit,Medical service unit,VN_SRC_DIENBIEN,Dien Bien,2014,annual,348.0,Bed,not_specified,E1410,https://www.nso.gov.vn/en/px-web?pxid=E1410&theme=Health%2C%20Culture%2C%20Sport%20and%20Living%20standard,source_reported_unharmonized
e1410_6ed30ea5f2,health_culture_environment,Number of patient beds under provincial departments of health by province · Medical service unit,Medical service unit,VN_SRC_DIENBIEN,Dien Bien,2015,annual,390.0,Bed,not_specified,E1410,https://www.nso.gov.vn/en/px-web?pxid=E1410&theme=Health%2C%20Culture%2C%20Sport%20and%20Living%20standard,source_reported_unharmonized
e1410_6ed30ea5f2,health_culture_environment,Number of patient beds under provincial departments of health by province · Medical service unit,Medical service unit,VN_SRC_DIENBIEN,Dien Bien,2016,annual,390.0,Bed,not_specified,E1410,https://www.nso.gov.vn/en/px-web?pxid=E1410&theme=Health%2C%20Culture%2C%20Sport%20and%20Living%20standard,source_reported_unharmonized
e1410_6ed30ea5f2,health_culture_environment,Number of patient beds under provincial departments of health by province · Medical service unit,Medical service unit,VN_SRC_DIENBIEN,Dien Bien,2017,annual,390.0,Bed,not_specified,E1410,https://www.nso.gov.vn/en/px-web?pxid=E1410&theme=Health%2C%20Culture%2C%20Sport%20and%20Living%20standard,source_reported_unharmonized
e1410_6ed30ea5f2,health_culture_environment,Number of patient beds under provincial departments of health by province · Medical service unit,Medical service unit,VN_SRC_LAICHAU,Lai Chau,2002,annual,456.0,Bed,not_specified,E1410,https://www.nso.gov.vn/en/px-web?pxid=E1410&theme=Health%2C%20Culture%2C%20Sport%20and%20Living%20standard,source_reported_unharmonized
e1410_6ed30ea5f2,health_culture_environment,Number of patient beds under provincial departments of health by province · Medical service unit,Medical service unit,VN_SRC_LAICHAU,Lai Chau,2003,annual,541.0,Bed,not_specified,E1410,https://www.nso.gov.vn/en/px-web?pxid=E1410&theme=Health%2C%20Culture%2C%20Sport%20and%20Living%20standard,source_reported_unharmonized
e1410_6ed30ea5f2,health_culture_environment,Number of patient beds under provincial departments of health by province · Medical service unit,Medical service unit,VN_SRC_LAICHAU,Lai Chau,2004,annual,286.0,Bed,not_specified,E1410,https://www.nso.gov.vn/en/px-web?pxid=E1410&theme=Health%2C%20Culture%2C%20Sport%20and%20Living%20standard,source_reported_unharmonized
e1410_6ed30ea5f2,health_culture_environment,Number of patient beds under provincial departments of health by province · Medical service unit,Medical service unit,VN_SRC_LAICHAU,Lai Chau,2005,annual,298.0,Bed,not_specified,E1410,https://www.nso.gov.vn/en/px-web?pxid=E1410&theme=Health%2C%20Culture%2C%20Sport%20and%20Living%20standard,source_reported_unharmonized
e1410_6ed30ea5f2,health_culture_environment,Number of patient beds under provincial departments of health by province · Medical service unit,Medical service unit,VN_SRC_LAICHAU,Lai Chau,2006,annual,305.0,Bed,not_specified,E1410,https://www.nso.gov.vn/en/px-web?pxid=E1410&theme=Health%2C%20Culture%2C%20Sport%20and%20Living%20standard,source_reported_unharmonized
e1410_6ed30ea5f2,health_culture_environment,Number of patient beds under provincial departments of health by province · Medical service unit,Medical service unit,VN_SRC_LAICHAU,Lai Chau,2007,annual,359.0,Bed,not_specified,E1410,https://www.nso.gov.vn/en/px-web?pxid=E1410&theme=Health%2C%20Culture%2C%20Sport%20and%20Living%20standard,source_reported_unharmonized
e1410_6ed30ea5f2,health_culture_environment,Number of patient beds under provincial departments of health by province · Medical service unit,Medical service unit,VN_SRC_LAICHAU,Lai Chau,2008,annual,359.0,Bed,not_specified,E1410,https://www.nso.gov.vn/en/px-web?pxid=E1410&theme=Health%2C%20Culture%2C%20Sport%20and%20Living%20standard,source_reported_unharmonized
e1410_6ed30ea5f2,health_culture_environment,Number of patient beds under provincial departments of health by province · Medical service unit,Medical service unit,VN_SRC_LAICHAU,Lai Chau,2009,annual,406.0,Bed,not_specified,E1410,https://www.nso.gov.vn/en/px-web?pxid=E1410&theme=Health%2C%20Culture%2C%20Sport%20and%20Living%20standard,source_reported_unharmonized
e1410_6ed30ea5f2,health_culture_environment,Number of patient beds under provincial departments of health by province · Medical service unit,Medical service unit,VN_SRC_LAICHAU,Lai Chau,2010,annual,414.0,Bed,not_specified,E1410,https://www.nso.gov.vn/en/px-web?pxid=E1410&theme=Health%2C%20Culture%2C%20Sport%20and%20Living%20standard,source_reported_unharmonized
e1410_6ed30ea5f2,health_culture_environment,Number of patient beds under provincial departments of health by province · Medical service unit,Medical service unit,VN_SRC_LAICHAU,Lai Chau,2011,annual,414.0,Bed,not_specified,E1410,https://www.nso.gov.vn/en/px-web?pxid=E1410&theme=Health%2C%20Culture%2C%20Sport%20and%20Living%20standard,source_reported_unharmonized
e1410_6ed30ea5f2,health_culture_environment,Number of patient beds under provincial departments of health by province · Medical service unit,Medical service unit,VN_SRC_LAICHAU,Lai Chau,2012,annual,415.0,Bed,not_specified,E1410,https://www.nso.gov.vn/en/px-web?pxid=E1410&theme=Health%2C%20Culture%2C%20Sport%20and%20Living%20standard,source_reported_unharmonized
e1410_6ed30ea5f2,health_culture_environment,Number of patient beds under provincial departments of health by province · Medical service unit,Medical service unit,VN_SRC_LAICHAU,Lai Chau,2013,annual,415.0,Bed,not_specified,E1410,https://www.nso.gov.vn/en/px-web?pxid=E1410&theme=Health%2C%20Culture%2C%20Sport%20and%20Living%20standard,source_reported_unharmonized
e1410_6ed30ea5f2,health_culture_environment,Number of patient beds under provincial departments of health by province · Medical service unit,Medical service unit,VN_SRC_LAICHAU,Lai Chau,2014,annual,406.0,Bed,not_specified,E1410,https://www.nso.gov.vn/en/px-web?pxid=E1410&theme=Health%2C%20Culture%2C%20Sport%20and%20Living%20standard,source_reported_unharmonized
e1410_6ed30ea5f2,health_culture_environment,Number of patient beds under provincial departments of health by province · Medical service unit,Medical service unit,VN_SRC_LAICHAU,Lai Chau,2015,annual,406.0,Bed,not_specified,E1410,https://www.nso.gov.vn/en/px-web?pxid=E1410&theme=Health%2C%20Culture%2C%20Sport%20and%20Living%20standard,source_reported_unharmonized
e1410_6ed30ea5f2,health_culture_environment,Number of patient beds under provincial departments of health by province · Medical service unit,Medical service unit,VN_SRC_LAICHAU,Lai Chau,2016,annual,400.0,Bed,not_specified,E1410,https://www.nso.gov.vn/en/px-web?pxid=E1410&theme=Health%2C%20Culture%2C%20Sport%20and%20Living%20standard,source_reported_unharmonized
e1410_6ed30ea5f2,health_culture_environment,Number of patient beds under provincial departments of health by province · Medical service unit,Medical service unit,VN_SRC_LAICHAU,Lai Chau,2017,annual,406.0,Bed,not_specified,E1410,https://www.nso.gov.vn/en/px-web?pxid=E1410&theme=Health%2C%20Culture%2C%20Sport%20and%20Living%20standard,source_reported_unharmonized
e1410_6ed30ea5f2,health_culture_environment,Number of patient beds under provincial departments of health by province · Medical service unit,Medical service unit,VN_SRC_SONLA,Son La,2002,annual,1005.0,Bed,not_specified,E1410,https://www.nso.gov.vn/en/px-web?pxid=E1410&theme=Health%2C%20Culture%2C%20Sport%20and%20Living%20standard,source_reported_unharmonized
e1410_6ed30ea5f2,health_culture_environment,Number of patient beds under provincial departments of health by province · Medical service unit,Medical service unit,VN_SRC_SONLA,Son La,2003,annual,1000.0,Bed,not_specified,E1410,https://www.nso.gov.vn/en/px-web?pxid=E1410&theme=Health%2C%20Culture%2C%20Sport%20and%20Living%20standard,source_reported_unharmonized
e1410_6ed30ea5f2,health_culture_environment,Number of patient beds under provincial departments of health by province · Medical service unit,Medical service unit,VN_SRC_SONLA,Son La,2004,annual,1005.0,Bed,not_specified,E1410,https://www.nso.gov.vn/en/px-web?pxid=E1410&theme=Health%2C%20Culture%2C%20Sport%20and%20Living%20standard,source_reported_unharmonized
e1410_6ed30ea5f2,health_culture_environment,Number of patient beds under provincial departments of health by province · Medical service unit,Medical service unit,VN_SRC_SONLA,Son La,2005,annual,1005.0,Bed,not_specified,E1410,https://www.nso.gov.vn/en/px-web?pxid=E1410&theme=Health%2C%20Culture%2C%20Sport%20and%20Living%20standard,source_reported_unharmonized
e1410_6ed30ea5f2,health_culture_environment,Number of patient beds under provincial departments of health by province · Medical service unit,Medical service unit,VN_SRC_SONLA,Son La,2006,annual,1005.0,Bed,not_specified,E1410,https://www.nso.gov.vn/en/px-web?pxid=E1410&theme=Health%2C%20Culture%2C%20Sport%20and%20Living%20standard,source_reported_unharmonized
e1410_6ed30ea5f2,health_culture_environment,Number of patient beds under provincial departments of health by province · Medical service unit,Medical service unit,VN_SRC_SONLA,Son La,2007,annual,1005.0,Bed,not_specified,E1410,https://www.nso.gov.vn/en/px-web?pxid=E1410&theme=Health%2C%20Culture%2C%20Sport%20and%20Living%20standard,source_reported_unharmonized
e1410_6ed30ea5f2,health_culture_environment,Number of patient beds under provincial departments of health by province · Medical service unit,Medical service unit,VN_SRC_SONLA,Son La,2008,annual,1005.0,Bed,not_specified,E1410,https://www.nso.gov.vn/en/px-web?pxid=E1410&theme=Health%2C%20Culture%2C%20Sport%20and%20Living%20standard,source_reported_unharmonized
e1410_6ed30ea5f2,health_culture_environment,Number of patient beds under provincial departments of health by province · Medical service unit,Medical service unit,VN_SRC_SONLA,Son La,2009,annual,1005.0,Bed,not_specified,E1410,https://www.nso.gov.vn/en/px-web?pxid=E1410&theme=Health%2C%20Culture%2C%20Sport%20and%20Living%20standard,source_reported_unharmonized
e1410_6ed30ea5f2,health_culture_environment,Number of patient beds under provincial departments of health by province · Medical service unit,Medical service unit,VN_SRC_SONLA,Son La,2010,annual,1005.0,Bed,not_specified,E1410,https://www.nso.gov.vn/en/px-web?pxid=E1410&theme=Health%2C%20Culture%2C%20Sport%20and%20Living%20standard,source_reported_unharmonized
e1410_6ed30ea5f2,health_culture_environment,Number of patient beds under provincial departments of health by province · Medical service unit,Medical service unit,VN_SRC_SONLA,Son La,2011,annual,1020.0,Bed,not_specified,E1410,https://www.nso.gov.vn/en/px-web?pxid=E1410&theme=Health%2C%20Culture%2C%20Sport%20and%20Living%20standard,source_reported_unharmonized
e1410_6ed30ea5f2,health_culture_environment,Number of patient beds under provincial departments of health by province · Medical service unit,Medical service unit,VN_SRC_SONLA,Son La,2012,annual,1020.0,Bed,not_specified,E1410,https://www.nso.gov.vn/en/px-web?pxid=E1410&theme=Health%2C%20Culture%2C%20Sport%20and%20Living%20standard,source_reported_unharmonized
e1410_6ed30ea5f2,health_culture_environment,Number of patient beds under provincial departments of health by province · Medical service unit,Medical service unit,VN_SRC_SONLA,Son La,2013,annual,1020.0,Bed,not_specified,E1410,https://www.nso.gov.vn/en/px-web?pxid=E1410&theme=Health%2C%20Culture%2C%20Sport%20and%20Living%20standard,source_reported_unharmonized
e1410_6ed30ea5f2,health_culture_environment,Number of patient beds under provincial departments of health by province · Medical service unit,Medical service unit,VN_SRC_SONLA,Son La,2014,annual,1020.0,Bed,not_specified,E1410,https://www.nso.gov.vn/en/px-web?pxid=E1410&theme=Health%2C%20Culture%2C%20Sport%20and%20Living%20standard,source_reported_unharmonized
e1410_6ed30ea5f2,health_culture_environment,Number of patient beds under provincial departments of health by province · Medical service unit,Medical service unit,VN_SRC_SONLA,Son La,2015,annual,1020.0,Bed,not_specified,E1410,https://www.nso.gov.vn/en/px-web?pxid=E1410&theme=Health%2C%20Culture%2C%20Sport%20and%20Living%20standard,source_reported_unharmonized
e1410_6ed30ea5f2,health_culture_environment,Number of patient beds under provincial departments of health by province · Medical service unit,Medical service unit,VN_SRC_SONLA,Son La,2016,annual,1020.0,Bed,not_specified,E1410,https://www.nso.gov.vn/en/px-web?pxid=E1410&theme=Health%2C%20Culture%2C%20Sport%20and%20Living%20standard,source_reported_unharmonized
e1410_6ed30ea5f2,health_culture_environment,Number of patient beds under provincial departments of health by province · Medical service unit,Medical service unit,VN_SRC_SONLA,Son La,2017,annual,1020.0,Bed,not_specified,E1410,https://www.nso.gov.vn/en/px-web?pxid=E1410&theme=Health%2C%20Culture%2C%20Sport%20and%20Living%20standard,source_reported_unharmonized
e1410_6ed30ea5f2,health_culture_environment,Number of patient beds under provincial departments of health by province · Medical service unit,Medical service unit,VN_SRC_HOABINH,Hoa Binh,2002,annual,963.0,Bed,not_specified,E1410,https://www.nso.gov.vn/en/px-web?pxid=E1410&theme=Health%2C%20Culture%2C%20Sport%20and%20Living%20standard,source_reported_unharmonized
e1410_6ed30ea5f2,health_culture_environment,Number of patient beds under provincial departments of health by province · Medical service unit,Medical service unit,VN_SRC_HOABINH,Hoa Binh,2003,annual,856.0,Bed,not_specified,E1410,https://www.nso.gov.vn/en/px-web?pxid=E1410&theme=Health%2C%20Culture%2C%20Sport%20and%20Living%20standard,source_reported_unharmonized
e1410_6ed30ea5f2,health_culture_environment,Number of patient beds under provincial departments of health by province · Medical service unit,Medical service unit,VN_SRC_HOABINH,Hoa Binh,2004,annual,840.0,Bed,not_specified,E1410,https://www.nso.gov.vn/en/px-web?pxid=E1410&theme=Health%2C%20Culture%2C%20Sport%20and%20Living%20standard,source_reported_unharmonized
e1410_6ed30ea5f2,health_culture_environment,Number of patient beds under provincial departments of health by province · Medical service unit,Medical service unit,VN_SRC_HOABINH,Hoa Binh,2005,annual,893.0,Bed,not_specified,E1410,https://www.nso.gov.vn/en/px-web?pxid=E1410&theme=Health%2C%20Culture%2C%20Sport%20and%20Living%20standard,source_reported_unharmonized
e1410_6ed30ea5f2,health_culture_environment,Number of patient beds under provincial departments of health by province · Medical service unit,Medical service unit,VN_SRC_HOABINH,Hoa Binh,2006,annual,836.0,Bed,not_specified,E1410,https://www.nso.gov.vn/en/px-web?pxid=E1410&theme=Health%2C%20Culture%2C%20Sport%20and%20Living%20standard,source_reported_unharmonized
e1410_6ed30ea5f2,health_culture_environment,Number of patient beds under provincial departments of health by province · Medical service unit,Medical service unit,VN_SRC_HOABINH,Hoa Binh,2007,annual,836.0,Bed,not_specified,E1410,https://www.nso.gov.vn/en/px-web?pxid=E1410&theme=Health%2C%20Culture%2C%20Sport%20and%20Living%20standard,source_reported_unharmonized
e1410_6ed30ea5f2,health_culture_environment,Number of patient beds under provincial departments of health by province · Medical service unit,Medical service unit,VN_SRC_HOABINH,Hoa Binh,2008,annual,840.0,Bed,not_specified,E1410,https://www.nso.gov.vn/en/px-web?pxid=E1410&theme=Health%2C%20Culture%2C%20Sport%20and%20Living%20standard,source_reported_unharmonized
e1410_6ed30ea5f2,health_culture_environment,Number of patient beds under provincial departments of health by province · Medical service unit,Medical service unit,VN_SRC_HOABINH,Hoa Binh,2009,annual,835.0,Bed,not_specified,E1410,https://www.nso.gov.vn/en/px-web?pxid=E1410&theme=Health%2C%20Culture%2C%20Sport%20and%20Living%20standard,source_reported_unharmonized
e1410_6ed30ea5f2,health_culture_environment,Number of patient beds under provincial departments of health by province · Medical service unit,Medical service unit,VN_SRC_HOABINH,Hoa Binh,2010,annual,840.0,Bed,not_specified,E1410,https://www.nso.gov.vn/en/px-web?pxid=E1410&theme=Health%2C%20Culture%2C%20Sport%20and%20Living%20standard,source_reported_unharmonized
e1410_6ed30ea5f2,health_culture_environment,Number of patient beds under provincial departments of health by province · Medical service unit,Medical service unit,VN_SRC_HOABINH,Hoa Binh,2011,annual,840.0,Bed,not_specified,E1410,https://www.nso.gov.vn/en/px-web?pxid=E1410&theme=Health%2C%20Culture%2C%20Sport%20and%20Living%20standard,source_reported_unharmonized
e1410_6ed30ea5f2,health_culture_environment,Number of patient beds under provincial departments of health by province · Medical service unit,Medical service unit,VN_SRC_HOABINH,Hoa Binh,2012,annual,840.0,Bed,not_specified,E1410,https://www.nso.gov.vn/en/px-web?pxid=E1410&theme=Health%2C%20Culture%2C%20Sport%20and%20Living%20standard,source_reported_unharmonized
e1410_6ed30ea5f2,health_culture_environment,Number of patient beds under provincial departments of health by province · Medical service unit,Medical service unit,VN_SRC_HOABINH,Hoa Binh,2013,annual,840.0,Bed,not_specified,E1410,https://www.nso.gov.vn/en/px-web?pxid=E1410&theme=Health%2C%20Culture%2C%20Sport%20and%20Living%20standard,source_reported_unharmonized
e1410_6ed30ea5f2,health_culture_environment,Number of patient beds under provincial departments of health by province · Medical service unit,Medical service unit,VN_SRC_HOABINH,Hoa Binh,2014,annual,840.0,Bed,not_specified,E1410,https://www.nso.gov.vn/en/px-web?pxid=E1410&theme=Health%2C%20Culture%2C%20Sport%20and%20Living%20standard,source_reported_unharmonized
e1410_6ed30ea5f2,health_culture_environment,Number of patient beds under provincial departments of health by province · Medical service unit,Medical service unit,VN_SRC_HOABINH,Hoa Binh,2015,annual,840.0,Bed,not_specified,E1410,https://www.nso.gov.vn/en/px-web?pxid=E1410&theme=Health%2C%20Culture%2C%20Sport%20and%20Living%20standard,source_reported_unharmonized
e1410_6ed30ea5f2,health_culture_environment,Number of patient beds under provincial departments of health by province · Medical service unit,Medical service unit,VN_SRC_HOABINH,Hoa Binh,2016,annual,646.0,Bed,not_specified,E1410,https://www.nso.gov.vn/en/px-web?pxid=E1410&theme=Health%2C%20Culture%2C%20Sport%20and%20Living%20standard,source_reported_unharmonized
e1410_6ed30ea5f2,health_culture_environment,Number of patient beds under provincial departments of health by province · Medical service unit,Medical service unit,VN_SRC_HOABINH,Hoa Binh,2017,annual,840.0,Bed,not_specified,E1410,https://www.nso.gov.vn/en/px-web?pxid=E1410&theme=Health%2C%20Culture%2C%20Sport%20and%20Living%20standard,source_reported_unharmonized
e1410_6ed30ea5f2,health_culture_environment,Number of patient beds under provincial departments of health by province · Medical service unit,Medical service unit,VN_SRC_THANHHOA,Thanh Hoa,2002,annual,6300.0,Bed,not_specified,E1410,https://www.nso.gov.vn/en/px-web?pxid=E1410&theme=Health%2C%20Culture%2C%20Sport%20and%20Living%20standard,source_reported_unharmonized
e1410_6ed30ea5f2,health_culture_environment,Number of patient beds under provincial departments of health by province · Medical service unit,Medical service unit,VN_SRC_THANHHOA,Thanh Hoa,2003,annual,3450.0,Bed,not_specified,E1410,https://www.nso.gov.vn/en/px-web?pxid=E1410&theme=Health%2C%20Culture%2C%20Sport%20and%20Living%20standard,source_reported_unharmonized
e1410_6ed30ea5f2,health_culture_environment,Number of patient beds under provincial departments of health by province · Medical service unit,Medical service unit,VN_SRC_THANHHOA,Thanh Hoa,2004,annual,3222.0,Bed,not_specified,E1410,https://www.nso.gov.vn/en/px-web?pxid=E1410&theme=Health%2C%20Culture%2C%20Sport%20and%20Living%20standard,source_reported_unharmonized
e1410_6ed30ea5f2,health_culture_environment,Number of patient beds under provincial departments of health by province · Medical service unit,Medical service unit,VN_SRC_THANHHOA,Thanh Hoa,2005,annual,3600.0,Bed,not_specified,E1410,https://www.nso.gov.vn/en/px-web?pxid=E1410&theme=Health%2C%20Culture%2C%20Sport%20and%20Living%20standard,source_reported_unharmonized
e1410_6ed30ea5f2,health_culture_environment,Number of patient beds under provincial departments of health by province · Medical service unit,Medical service unit,VN_SRC_THANHHOA,Thanh Hoa,2006,annual,3600.0,Bed,not_specified,E1410,https://www.nso.gov.vn/en/px-web?pxid=E1410&theme=Health%2C%20Culture%2C%20Sport%20and%20Living%20standard,source_reported_unharmonized
e1410_6ed30ea5f2,health_culture_environment,Number of patient beds under provincial departments of health by province · Medical service unit,Medical service unit,VN_SRC_THANHHOA,Thanh Hoa,2007,annual,3600.0,Bed,not_specified,E1410,https://www.nso.gov.vn/en/px-web?pxid=E1410&theme=Health%2C%20Culture%2C%20Sport%20and%20Living%20standard,source_reported_unharmonized
e1410_6ed30ea5f2,health_culture_environment,Number of patient beds under provincial departments of health by province · Medical service unit,Medical service unit,VN_SRC_THANHHOA,Thanh Hoa,2008,annual,3600.0,Bed,not_specified,E1410,https://www.nso.gov.vn/en/px-web?pxid=E1410&theme=Health%2C%20Culture%2C%20Sport%20and%20Living%20standard,source_reported_unharmonized
e1410_6ed30ea5f2,health_culture_environment,Number of patient beds under provincial departments of health by province · Medical service unit,Medical service unit,VN_SRC_THANHHOA,Thanh Hoa,2009,annual,3625.0,Bed,not_specified,E1410,https://www.nso.gov.vn/en/px-web?pxid=E1410&theme=Health%2C%20Culture%2C%20Sport%20and%20Living%20standard,source_reported_unharmonized
e1410_6ed30ea5f2,health_culture_environment,Number of patient beds under provincial departments of health by province · Medical service unit,Medical service unit,VN_SRC_THANHHOA,Thanh Hoa,2010,annual,3660.0,Bed,not_specified,E1410,https://www.nso.gov.vn/en/px-web?pxid=E1410&theme=Health%2C%20Culture%2C%20Sport%20and%20Living%20standard,source_reported_unharmonized
e1410_6ed30ea5f2,health_culture_environment,Number of patient beds under provincial departments of health by province · Medical service unit,Medical service unit,VN_SRC_THANHHOA,Thanh Hoa,2011,annual,3660.0,Bed,not_specified,E1410,https://www.nso.gov.vn/en/px-web?pxid=E1410&theme=Health%2C%20Culture%2C%20Sport%20and%20Living%20standard,source_reported_unharmonized
e1410_6ed30ea5f2,health_culture_environment,Number of patient beds under provincial departments of health by province · Medical service unit,Medical service unit,VN_SRC_THANHHOA,Thanh Hoa,2012,annual,3660.0,Bed,not_specified,E1410,https://www.nso.gov.vn/en/px-web?pxid=E1410&theme=Health%2C%20Culture%2C%20Sport%20and%20Living%20standard,source_reported_unharmonized
e1410_6ed30ea5f2,health_culture_environment,Number of patient beds under provincial departments of health by province · Medical service unit,Medical service unit,VN_SRC_THANHHOA,Thanh Hoa,2013,annual,3660.0,Bed,not_specified,E1410,https://www.nso.gov.vn/en/px-web?pxid=E1410&theme=Health%2C%20Culture%2C%20Sport%20and%20Living%20standard,source_reported_unharmonized
e1410_6ed30ea5f2,health_culture_environment,Number of patient beds under provincial departments of health by province · Medical service unit,Medical service unit,VN_SRC_THANHHOA,Thanh Hoa,2014,annual,3660.0,Bed,not_specified,E1410,https://www.nso.gov.vn/en/px-web?pxid=E1410&theme=Health%2C%20Culture%2C%20Sport%20and%20Living%20standard,source_reported_unharmonized
e1410_6ed30ea5f2,health_culture_environment,Number of patient beds under provincial departments of health by province · Medical service unit,Medical service unit,VN_SRC_THANHHOA,Thanh Hoa,2015,annual,3660.0,Bed,not_specified,E1410,https://www.nso.gov.vn/en/px-web?pxid=E1410&theme=Health%2C%20Culture%2C%20Sport%20and%20Living%20standard,source_reported_unharmonized
e1410_6ed30ea5f2,health_culture_environment,Number of patient beds under provincial departments of health by province · Medical service unit,Medical service unit,VN_SRC_THANHHOA,Thanh Hoa,2016,annual,3660.0,Bed,not_specified,E1410,https://www.nso.gov.vn/en/px-web?pxid=E1410&theme=Health%2C%20Culture%2C%20Sport%20and%20Living%20standard,source_reported_unharmonized
e1410_6ed30ea5f2,health_culture_environment,Number of patient beds under provincial departments of health by province · Medical service unit,Medical service unit,VN_SRC_THANHHOA,Thanh Hoa,2017,annual,3185.0,Bed,not_specified,E1410,https://www.nso.gov.vn/en/px-web?pxid=E1410&theme=Health%2C%20Culture%2C%20Sport%20and%20Living%20standard,source_reported_unharmonized
e1410_6ed30ea5f2,health_culture_environment,Number of patient beds under provincial departments of health by province · Medical service unit,Medical service unit,VN_SRC_NGHEAN,Nghe An,2002,annual,2335.0,Bed,not_specified,E1410,https://www.nso.gov.vn/en/px-web?pxid=E1410&theme=Health%2C%20Culture%2C%20Sport%20and%20Living%20standard,source_reported_unharmonized
e1410_6ed30ea5f2,health_culture_environment,Number of patient beds under provincial departments of health by province · Medical service unit,Medical service unit,VN_SRC_NGHEAN,Nghe An,2003,annual,2360.0,Bed,not_specified,E1410,https://www.nso.gov.vn/en/px-web?pxid=E1410&theme=Health%2C%20Culture%2C%20Sport%20and%20Living%20standard,source_reported_unharmonized
e1410_6ed30ea5f2,health_culture_environment,Number of patient beds under provincial departments of health by province · Medical service unit,Medical service unit,VN_SRC_NGHEAN,Nghe An,2004,annual,2360.0,Bed,not_specified,E1410,https://www.nso.gov.vn/en/px-web?pxid=E1410&theme=Health%2C%20Culture%2C%20Sport%20and%20Living%20standard,source_reported_unharmonized
e1410_6ed30ea5f2,health_culture_environment,Number of patient beds under provincial departments of health by province · Medical service unit,Medical service unit,VN_SRC_NGHEAN,Nghe An,2005,annual,2345.0,Bed,not_specified,E1410,https://www.nso.gov.vn/en/px-web?pxid=E1410&theme=Health%2C%20Culture%2C%20Sport%20and%20Living%20standard,source_reported_unharmonized
e1410_6ed30ea5f2,health_culture_environment,Number of patient beds under provincial departments of health by province · Medical service unit,Medical service unit,VN_SRC_NGHEAN,Nghe An,2006,annual,2345.0,Bed,not_specified,E1410,https://www.nso.gov.vn/en/px-web?pxid=E1410&theme=Health%2C%20Culture%2C%20Sport%20and%20Living%20standard,source_reported_unharmonized
e1410_6ed30ea5f2,health_culture_environment,Number of patient beds under provincial departments of health by province · Medical service unit,Medical service unit,VN_SRC_NGHEAN,Nghe An,2007,annual,2380.0,Bed,not_specified,E1410,https://www.nso.gov.vn/en/px-web?pxid=E1410&theme=Health%2C%20Culture%2C%20Sport%20and%20Living%20standard,source_reported_unharmonized
e1410_6ed30ea5f2,health_culture_environment,Number of patient beds under provincial departments of health by province · Medical service unit,Medical service unit,VN_SRC_NGHEAN,Nghe An,2008,annual,2390.0,Bed,not_specified,E1410,https://www.nso.gov.vn/en/px-web?pxid=E1410&theme=Health%2C%20Culture%2C%20Sport%20and%20Living%20standard,source_reported_unharmonized
e1410_6ed30ea5f2,health_culture_environment,Number of patient beds under provincial departments of health by province · Medical service unit,Medical service unit,VN_SRC_NGHEAN,Nghe An,2009,annual,2395.0,Bed,not_specified,E1410,https://www.nso.gov.vn/en/px-web?pxid=E1410&theme=Health%2C%20Culture%2C%20Sport%20and%20Living%20standard,source_reported_unharmonized
e1410_6ed30ea5f2,health_culture_environment,Number of patient beds under provincial departments of health by province · Medical service unit,Medical service unit,VN_SRC_NGHEAN,Nghe An,2010,annual,2395.0,Bed,not_specified,E1410,https://www.nso.gov.vn/en/px-web?pxid=E1410&theme=Health%2C%20Culture%2C%20Sport%20and%20Living%20standard,source_reported_unharmonized
e1410_6ed30ea5f2,health_culture_environment,Number of patient beds under provincial departments of health by province · Medical service unit,Medical service unit,VN_SRC_NGHEAN,Nghe An,2011,annual,2395.0,Bed,not_specified,E1410,https://www.nso.gov.vn/en/px-web?pxid=E1410&theme=Health%2C%20Culture%2C%20Sport%20and%20Living%20standard,source_reported_unharmonized
e1410_6ed30ea5f2,health_culture_environment,Number of patient beds under provincial departments of health by province · Medical service unit,Medical service unit,VN_SRC_NGHEAN,Nghe An,2012,annual,2400.0,Bed,not_specified,E1410,https://www.nso.gov.vn/en/px-web?pxid=E1410&theme=Health%2C%20Culture%2C%20Sport%20and%20Living%20standard,source_reported_unharmonized
e1410_6ed30ea5f2,health_culture_environment,Number of patient beds under provincial departments of health by province · Medical service unit,Medical service unit,VN_SRC_NGHEAN,Nghe An,2013,annual,2400.0,Bed,not_specified,E1410,https://www.nso.gov.vn/en/px-web?pxid=E1410&theme=Health%2C%20Culture%2C%20Sport%20and%20Living%20standard,source_reported_unharmonized
e1410_6ed30ea5f2,health_culture_environment,Number of patient beds under provincial departments of health by province · Medical service unit,Medical service unit,VN_SRC_NGHEAN,Nghe An,2014,annual,2430.0,Bed,not_specified,E1410,https://www.nso.gov.vn/en/px-web?pxid=E1410&theme=Health%2C%20Culture%2C%20Sport%20and%20Living%20standard,source_reported_unharmonized
e1410_6ed30ea5f2,health_culture_environment,Number of patient beds under provincial departments of health by province · Medical service unit,Medical service unit,VN_SRC_NGHEAN,Nghe An,2015,annual,2400.0,Bed,not_specified,E1410,https://www.nso.gov.vn/en/px-web?pxid=E1410&theme=Health%2C%20Culture%2C%20Sport%20and%20Living%20standard,source_reported_unharmonized
e1410_6ed30ea5f2,health_culture_environment,Number of patient beds under provincial departments of health by province · Medical service unit,Medical service unit,VN_SRC_NGHEAN,Nghe An,2016,annual,2430.0,Bed,not_specified,E1410,https://www.nso.gov.vn/en/px-web?pxid=E1410&theme=Health%2C%20Culture%2C%20Sport%20and%20Living%20standard,source_reported_unharmonized
e1410_6ed30ea5f2,health_culture_environment,Number of patient beds under provincial departments of health by province · Medical service unit,Medical service unit,VN_SRC_NGHEAN,Nghe An,2017,annual,2616.0,Bed,not_specified,E1410,https://www.nso.gov.vn/en/px-web?pxid=E1410&theme=Health%2C%20Culture%2C%20Sport%20and%20Living%20standard,source_reported_unharmonized
e1410_6ed30ea5f2,health_culture_environment,Number of patient beds under provincial departments of health by province · Medical service unit,Medical service unit,VN_SRC_HATINH,Ha Tinh,2002,annual,1259.0,Bed,not_specified,E1410,https://www.nso.gov.vn/en/px-web?pxid=E1410&theme=Health%2C%20Culture%2C%20Sport%20and%20Living%20standard,source_reported_unharmonized
e1410_6ed30ea5f2,health_culture_environment,Number of patient beds under provincial departments of health by province · Medical service unit,Medical service unit,VN_SRC_HATINH,Ha Tinh,2003,annual,1259.0,Bed,not_specified,E1410,https://www.nso.gov.vn/en/px-web?pxid=E1410&theme=Health%2C%20Culture%2C%20Sport%20and%20Living%20standard,source_reported_unharmonized
e1410_6ed30ea5f2,health_culture_environment,Number of patient beds under provincial departments of health by province · Medical service unit,Medical service unit,VN_SRC_HATINH,Ha Tinh,2004,annual,1305.0,Bed,not_specified,E1410,https://www.nso.gov.vn/en/px-web?pxid=E1410&theme=Health%2C%20Culture%2C%20Sport%20and%20Living%20standard,source_reported_unharmonized
e1410_6ed30ea5f2,health_culture_environment,Number of patient beds under provincial departments of health by province · Medical service unit,Medical service unit,VN_SRC_HATINH,Ha Tinh,2005,annual,1305.0,Bed,not_specified,E1410,https://www.nso.gov.vn/en/px-web?pxid=E1410&theme=Health%2C%20Culture%2C%20Sport%20and%20Living%20standard,source_reported_unharmonized
e1410_6ed30ea5f2,health_culture_environment,Number of patient beds under provincial departments of health by province · Medical service unit,Medical service unit,VN_SRC_HATINH,Ha Tinh,2006,annual,1305.0,Bed,not_specified,E1410,https://www.nso.gov.vn/en/px-web?pxid=E1410&theme=Health%2C%20Culture%2C%20Sport%20and%20Living%20standard,source_reported_unharmonized
e1410_6ed30ea5f2,health_culture_environment,Number of patient beds under provincial departments of health by province · Medical service unit,Medical service unit,VN_SRC_HATINH,Ha Tinh,2007,annual,1310.0,Bed,not_specified,E1410,https://www.nso.gov.vn/en/px-web?pxid=E1410&theme=Health%2C%20Culture%2C%20Sport%20and%20Living%20standard,source_reported_unharmonized
e1410_6ed30ea5f2,health_culture_environment,Number of patient beds under provincial departments of health by province · Medical service unit,Medical service unit,VN_SRC_HATINH,Ha Tinh,2008,annual,1310.0,Bed,not_specified,E1410,https://www.nso.gov.vn/en/px-web?pxid=E1410&theme=Health%2C%20Culture%2C%20Sport%20and%20Living%20standard,source_reported_unharmonized
e1410_6ed30ea5f2,health_culture_environment,Number of patient beds under provincial departments of health by province · Medical service unit,Medical service unit,VN_SRC_HATINH,Ha Tinh,2009,annual,1368.0,Bed,not_specified,E1410,https://www.nso.gov.vn/en/px-web?pxid=E1410&theme=Health%2C%20Culture%2C%20Sport%20and%20Living%20standard,source_reported_unharmonized
e1410_6ed30ea5f2,health_culture_environment,Number of patient beds under provincial departments of health by province · Medical service unit,Medical service unit,VN_SRC_HATINH,Ha Tinh,2010,annual,1368.0,Bed,not_specified,E1410,https://www.nso.gov.vn/en/px-web?pxid=E1410&theme=Health%2C%20Culture%2C%20Sport%20and%20Living%20standard,source_reported_unharmonized
e1410_6ed30ea5f2,health_culture_environment,Number of patient beds under provincial departments of health by province · Medical service unit,Medical service unit,VN_SRC_HATINH,Ha Tinh,2011,annual,1310.0,Bed,not_specified,E1410,https://www.nso.gov.vn/en/px-web?pxid=E1410&theme=Health%2C%20Culture%2C%20Sport%20and%20Living%20standard,source_reported_unharmonized
e1410_6ed30ea5f2,health_culture_environment,Number of patient beds under provincial departments of health by province · Medical service unit,Medical service unit,VN_SRC_HATINH,Ha Tinh,2012,annual,1310.0,Bed,not_specified,E1410,https://www.nso.gov.vn/en/px-web?pxid=E1410&theme=Health%2C%20Culture%2C%20Sport%20and%20Living%20standard,source_reported_unharmonized
e1410_6ed30ea5f2,health_culture_environment,Number of patient beds under provincial departments of health by province · Medical service unit,Medical service unit,VN_SRC_HATINH,Ha Tinh,2013,annual,1310.0,Bed,not_specified,E1410,https://www.nso.gov.vn/en/px-web?pxid=E1410&theme=Health%2C%20Culture%2C%20Sport%20and%20Living%20standard,source_reported_unharmonized
e1410_6ed30ea5f2,health_culture_environment,Number of patient beds under provincial departments of health by province · Medical service unit,Medical service unit,VN_SRC_HATINH,Ha Tinh,2014,annual,1310.0,Bed,not_specified,E1410,https://www.nso.gov.vn/en/px-web?pxid=E1410&theme=Health%2C%20Culture%2C%20Sport%20and%20Living%20standard,source_reported_unharmonized
e1410_6ed30ea5f2,health_culture_environment,Number of patient beds under provincial departments of health by province · Medical service unit,Medical service unit,VN_SRC_HATINH,Ha Tinh,2015,annual,1310.0,Bed,not_specified,E1410,https://www.nso.gov.vn/en/px-web?pxid=E1410&theme=Health%2C%20Culture%2C%20Sport%20and%20Living%20standard,source_reported_unharmonized
e1410_6ed30ea5f2,health_culture_environment,Number of patient beds under provincial departments of health by province · Medical service unit,Medical service unit,VN_SRC_HATINH,Ha Tinh,2016,annual,1310.0,Bed,not_specified,E1410,https://www.nso.gov.vn/en/px-web?pxid=E1410&theme=Health%2C%20Culture%2C%20Sport%20and%20Living%20standard,source_reported_unharmonized
e1410_6ed30ea5f2,health_culture_environment,Number of patient beds under provincial departments of health by province · Medical service unit,Medical service unit,VN_SRC_HATINH,Ha Tinh,2017,annual,1310.0,Bed,not_specified,E1410,https://www.nso.gov.vn/en/px-web?pxid=E1410&theme=Health%2C%20Culture%2C%20Sport%20and%20Living%20standard,source_reported_unharmonized
e1410_6ed30ea5f2,health_culture_environment,Number of patient beds under provincial departments of health by province · Medical service unit,Medical service unit,VN_SRC_QUANGBINH,Quang Binh,2002,annual,655.0,Bed,not_specified,E1410,https://www.nso.gov.vn/en/px-web?pxid=E1410&theme=Health%2C%20Culture%2C%20Sport%20and%20Living%20standard,source_reported_unharmonized
e1410_6ed30ea5f2,health_culture_environment,Number of patient beds under provincial departments of health by province · Medical service unit,Medical service unit,VN_SRC_QUANGBINH,Quang Binh,2003,annual,655.0,Bed,not_specified,E1410,https://www.nso.gov.vn/en/px-web?pxid=E1410&theme=Health%2C%20Culture%2C%20Sport%20and%20Living%20standard,source_reported_unharmonized
e1410_6ed30ea5f2,health_culture_environment,Number of patient beds under provincial departments of health by province · Medical service unit,Medical service unit,VN_SRC_QUANGBINH,Quang Binh,2004,annual,670.0,Bed,not_specified,E1410,https://www.nso.gov.vn/en/px-web?pxid=E1410&theme=Health%2C%20Culture%2C%20Sport%20and%20Living%20standard,source_reported_unharmonized
e1410_6ed30ea5f2,health_culture_environment,Number of patient beds under provincial departments of health by province · Medical service unit,Medical service unit,VN_SRC_QUANGBINH,Quang Binh,2005,annual,670.0,Bed,not_specified,E1410,https://www.nso.gov.vn/en/px-web?pxid=E1410&theme=Health%2C%20Culture%2C%20Sport%20and%20Living%20standard,source_reported_unharmonized
e1410_6ed30ea5f2,health_culture_environment,Number of patient beds under provincial departments of health by province · Medical service unit,Medical service unit,VN_SRC_QUANGBINH,Quang Binh,2006,annual,718.0,Bed,not_specified,E1410,https://www.nso.gov.vn/en/px-web?pxid=E1410&theme=Health%2C%20Culture%2C%20Sport%20and%20Living%20standard,source_reported_unharmonized
e1410_6ed30ea5f2,health_culture_environment,Number of patient beds under provincial departments of health by province · Medical service unit,Medical service unit,VN_SRC_QUANGBINH,Quang Binh,2007,annual,724.0,Bed,not_specified,E1410,https://www.nso.gov.vn/en/px-web?pxid=E1410&theme=Health%2C%20Culture%2C%20Sport%20and%20Living%20standard,source_reported_unharmonized
e1410_6ed30ea5f2,health_culture_environment,Number of patient beds under provincial departments of health by province · Medical service unit,Medical service unit,VN_SRC_QUANGBINH,Quang Binh,2008,annual,758.0,Bed,not_specified,E1410,https://www.nso.gov.vn/en/px-web?pxid=E1410&theme=Health%2C%20Culture%2C%20Sport%20and%20Living%20standard,source_reported_unharmonized
e1410_6ed30ea5f2,health_culture_environment,Number of patient beds under provincial departments of health by province · Medical service unit,Medical service unit,VN_SRC_QUANGBINH,Quang Binh,2009,annual,772.0,Bed,not_specified,E1410,https://www.nso.gov.vn/en/px-web?pxid=E1410&theme=Health%2C%20Culture%2C%20Sport%20and%20Living%20standard,source_reported_unharmonized
e1410_6ed30ea5f2,health_culture_environment,Number of patient beds under provincial departments of health by province · Medical service unit,Medical service unit,VN_SRC_QUANGBINH,Quang Binh,2010,annual,846.0,Bed,not_specified,E1410,https://www.nso.gov.vn/en/px-web?pxid=E1410&theme=Health%2C%20Culture%2C%20Sport%20and%20Living%20standard,source_reported_unharmonized
e1410_6ed30ea5f2,health_culture_environment,Number of patient beds under provincial departments of health by province · Medical service unit,Medical service unit,VN_SRC_QUANGBINH,Quang Binh,2011,annual,796.0,Bed,not_specified,E1410,https://www.nso.gov.vn/en/px-web?pxid=E1410&theme=Health%2C%20Culture%2C%20Sport%20and%20Living%20standard,source_reported_unharmonized
e1410_6ed30ea5f2,health_culture_environment,Number of patient beds under provincial departments of health by province · Medical service unit,Medical service unit,VN_SRC_QUANGBINH,Quang Binh,2012,annual,814.0,Bed,not_specified,E1410,https://www.nso.gov.vn/en/px-web?pxid=E1410&theme=Health%2C%20Culture%2C%20Sport%20and%20Living%20standard,source_reported_unharmonized
e1410_6ed30ea5f2,health_culture_environment,Number of patient beds under provincial departments of health by province · Medical service unit,Medical service unit,VN_SRC_QUANGBINH,Quang Binh,2013,annual,815.0,Bed,not_specified,E1410,https://www.nso.gov.vn/en/px-web?pxid=E1410&theme=Health%2C%20Culture%2C%20Sport%20and%20Living%20standard,source_reported_unharmonized
e1410_6ed30ea5f2,health_culture_environment,Number of patient beds under provincial departments of health by province · Medical service unit,Medical service unit,VN_SRC_QUANGBINH,Quang Binh,2014,annual,820.0,Bed,not_specified,E1410,https://www.nso.gov.vn/en/px-web?pxid=E1410&theme=Health%2C%20Culture%2C%20Sport%20and%20Living%20standard,source_reported_unharmonized
e1410_6ed30ea5f2,health_culture_environment,Number of patient beds under provincial departments of health by province · Medical service unit,Medical service unit,VN_SRC_QUANGBINH,Quang Binh,2015,annual,851.0,Bed,not_specified,E1410,https://www.nso.gov.vn/en/px-web?pxid=E1410&theme=Health%2C%20Culture%2C%20Sport%20and%20Living%20standard,source_reported_unharmonized
e1410_6ed30ea5f2,health_culture_environment,Number of patient beds under provincial departments of health by province · Medical service unit,Medical service unit,VN_SRC_QUANGBINH,Quang Binh,2016,annual,844.0,Bed,not_specified,E1410,https://www.nso.gov.vn/en/px-web?pxid=E1410&theme=Health%2C%20Culture%2C%20Sport%20and%20Living%20standard,source_reported_unharmonized
e1410_6ed30ea5f2,health_culture_environment,Number of patient beds under provincial departments of health by province · Medical service unit,Medical service unit,VN_SRC_QUANGBINH,Quang Binh,2017,annual,845.0,Bed,not_specified,E1410,https://www.nso.gov.vn/en/px-web?pxid=E1410&theme=Health%2C%20Culture%2C%20Sport%20and%20Living%20standard,source_reported_unharmonized
e1410_6ed30ea5f2,health_culture_environment,Number of patient beds under provincial departments of health by province · Medical service unit,Medical service unit,VN_SRC_QUANGTRI,Quang Tri,2002,annual,496.0,Bed,not_specified,E1410,https://www.nso.gov.vn/en/px-web?pxid=E1410&theme=Health%2C%20Culture%2C%20Sport%20and%20Living%20standard,source_reported_unharmonized
e1410_6ed30ea5f2,health_culture_environment,Number of patient beds under provincial departments of health by province · Medical service unit,Medical service unit,VN_SRC_QUANGTRI,Quang Tri,2003,annual,507.0,Bed,not_specified,E1410,https://www.nso.gov.vn/en/px-web?pxid=E1410&theme=Health%2C%20Culture%2C%20Sport%20and%20Living%20standard,source_reported_unharmonized
e1410_6ed30ea5f2,health_culture_environment,Number of patient beds under provincial departments of health by province · Medical service unit,Medical service unit,VN_SRC_QUANGTRI,Quang Tri,2004,annual,584.0,Bed,not_specified,E1410,https://www.nso.gov.vn/en/px-web?pxid=E1410&theme=Health%2C%20Culture%2C%20Sport%20and%20Living%20standard,source_reported_unharmonized
e1410_6ed30ea5f2,health_culture_environment,Number of patient beds under provincial departments of health by province · Medical service unit,Medical service unit,VN_SRC_QUANGTRI,Quang Tri,2005,annual,554.0,Bed,not_specified,E1410,https://www.nso.gov.vn/en/px-web?pxid=E1410&theme=Health%2C%20Culture%2C%20Sport%20and%20Living%20standard,source_reported_unharmonized
e1410_6ed30ea5f2,health_culture_environment,Number of patient beds under provincial departments of health by province · Medical service unit,Medical service unit,VN_SRC_QUANGTRI,Quang Tri,2006,annual,574.0,Bed,not_specified,E1410,https://www.nso.gov.vn/en/px-web?pxid=E1410&theme=Health%2C%20Culture%2C%20Sport%20and%20Living%20standard,source_reported_unharmonized
e1410_6ed30ea5f2,health_culture_environment,Number of patient beds under provincial departments of health by province · Medical service unit,Medical service unit,VN_SRC_QUANGTRI,Quang Tri,2007,annual,624.0,Bed,not_specified,E1410,https://www.nso.gov.vn/en/px-web?pxid=E1410&theme=Health%2C%20Culture%2C%20Sport%20and%20Living%20standard,source_reported_unharmonized
e1410_6ed30ea5f2,health_culture_environment,Number of patient beds under provincial departments of health by province · Medical service unit,Medical service unit,VN_SRC_QUANGTRI,Quang Tri,2008,annual,667.0,Bed,not_specified,E1410,https://www.nso.gov.vn/en/px-web?pxid=E1410&theme=Health%2C%20Culture%2C%20Sport%20and%20Living%20standard,source_reported_unharmonized
e1410_6ed30ea5f2,health_culture_environment,Number of patient beds under provincial departments of health by province · Medical service unit,Medical service unit,VN_SRC_QUANGTRI,Quang Tri,2009,annual,717.0,Bed,not_specified,E1410,https://www.nso.gov.vn/en/px-web?pxid=E1410&theme=Health%2C%20Culture%2C%20Sport%20and%20Living%20standard,source_reported_unharmonized
e1410_6ed30ea5f2,health_culture_environment,Number of patient beds under provincial departments of health by province · Medical service unit,Medical service unit,VN_SRC_QUANGTRI,Quang Tri,2010,annual,730.0,Bed,not_specified,E1410,https://www.nso.gov.vn/en/px-web?pxid=E1410&theme=Health%2C%20Culture%2C%20Sport%20and%20Living%20standard,source_reported_unharmonized
e1410_6ed30ea5f2,health_culture_environment,Number of patient beds under provincial departments of health by province · Medical service unit,Medical service unit,VN_SRC_QUANGTRI,Quang Tri,2011,annual,800.0,Bed,not_specified,E1410,https://www.nso.gov.vn/en/px-web?pxid=E1410&theme=Health%2C%20Culture%2C%20Sport%20and%20Living%20standard,source_reported_unharmonized
e1410_6ed30ea5f2,health_culture_environment,Number of patient beds under provincial departments of health by province · Medical service unit,Medical service unit,VN_SRC_QUANGTRI,Quang Tri,2012,annual,867.0,Bed,not_specified,E1410,https://www.nso.gov.vn/en/px-web?pxid=E1410&theme=Health%2C%20Culture%2C%20Sport%20and%20Living%20standard,source_reported_unharmonized
e1410_6ed30ea5f2,health_culture_environment,Number of patient beds under provincial departments of health by province · Medical service unit,Medical service unit,VN_SRC_QUANGTRI,Quang Tri,2013,annual,859.0,Bed,not_specified,E1410,https://www.nso.gov.vn/en/px-web?pxid=E1410&theme=Health%2C%20Culture%2C%20Sport%20and%20Living%20standard,source_reported_unharmonized
e1410_6ed30ea5f2,health_culture_environment,Number of patient beds under provincial departments of health by province · Medical service unit,Medical service unit,VN_SRC_QUANGTRI,Quang Tri,2014,annual,859.0,Bed,not_specified,E1410,https://www.nso.gov.vn/en/px-web?pxid=E1410&theme=Health%2C%20Culture%2C%20Sport%20and%20Living%20standard,source_reported_unharmonized
e1410_6ed30ea5f2,health_culture_environment,Number of patient beds under provincial departments of health by province · Medical service unit,Medical service unit,VN_SRC_QUANGTRI,Quang Tri,2015,annual,859.0,Bed,not_specified,E1410,https://www.nso.gov.vn/en/px-web?pxid=E1410&theme=Health%2C%20Culture%2C%20Sport%20and%20Living%20standard,source_reported_unharmonized
e1410_6ed30ea5f2,health_culture_environment,Number of patient beds under provincial departments of health by province · Medical service unit,Medical service unit,VN_SRC_QUANGTRI,Quang Tri,2016,annual,680.0,Bed,not_specified,E1410,https://www.nso.gov.vn/en/px-web?pxid=E1410&theme=Health%2C%20Culture%2C%20Sport%20and%20Living%20standard,source_reported_unharmonized
e1410_6ed30ea5f2,health_culture_environment,Number of patient beds under provincial departments of health by province · Medical service unit,Medical service unit,VN_SRC_QUANGTRI,Quang Tri,2017,annual,680.0,Bed,not_specified,E1410,https://www.nso.gov.vn/en/px-web?pxid=E1410&theme=Health%2C%20Culture%2C%20Sport%20and%20Living%20standard,source_reported_unharmonized
e1410_6ed30ea5f2,health_culture_environment,Number of patient beds under provincial departments of health by province · Medical service unit,Medical service unit,VN_SRC_THUATHIENHUE,Thua Thien-Hue,2002,annual,450.0,Bed,not_specified,E1410,https://www.nso.gov.vn/en/px-web?pxid=E1410&theme=Health%2C%20Culture%2C%20Sport%20and%20Living%20standard,source_reported_unharmonized
e1410_6ed30ea5f2,health_culture_environment,Number of patient beds under provincial departments of health by province · Medical service unit,Medical service unit,VN_SRC_THUATHIENHUE,Thua Thien-Hue,2003,annual,450.0,Bed,not_specified,E1410,https://www.nso.gov.vn/en/px-web?pxid=E1410&theme=Health%2C%20Culture%2C%20Sport%20and%20Living%20standard,source_reported_unharmonized
e1410_6ed30ea5f2,health_culture_environment,Number of patient beds under provincial departments of health by province · Medical service unit,Medical service unit,VN_SRC_THUATHIENHUE,Thua Thien-Hue,2004,annual,450.0,Bed,not_specified,E1410,https://www.nso.gov.vn/en/px-web?pxid=E1410&theme=Health%2C%20Culture%2C%20Sport%20and%20Living%20standard,source_reported_unharmonized
e1410_6ed30ea5f2,health_culture_environment,Number of patient beds under provincial departments of health by province · Medical service unit,Medical service unit,VN_SRC_THUATHIENHUE,Thua Thien-Hue,2005,annual,450.0,Bed,not_specified,E1410,https://www.nso.gov.vn/en/px-web?pxid=E1410&theme=Health%2C%20Culture%2C%20Sport%20and%20Living%20standard,source_reported_unharmonized
e1410_6ed30ea5f2,health_culture_environment,Number of patient beds under provincial departments of health by province · Medical service unit,Medical service unit,VN_SRC_THUATHIENHUE,Thua Thien-Hue,2006,annual,450.0,Bed,not_specified,E1410,https://www.nso.gov.vn/en/px-web?pxid=E1410&theme=Health%2C%20Culture%2C%20Sport%20and%20Living%20standard,source_reported_unharmonized
e1410_6ed30ea5f2,health_culture_environment,Number of patient beds under provincial departments of health by province · Medical service unit,Medical service unit,VN_SRC_THUATHIENHUE,Thua Thien-Hue,2007,annual,450.0,Bed,not_specified,E1410,https://www.nso.gov.vn/en/px-web?pxid=E1410&theme=Health%2C%20Culture%2C%20Sport%20and%20Living%20standard,source_reported_unharmonized
e1410_6ed30ea5f2,health_culture_environment,Number of patient beds under provincial departments of health by province · Medical service unit,Medical service unit,VN_SRC_THUATHIENHUE,Thua Thien-Hue,2008,annual,450.0,Bed,not_specified,E1410,https://www.nso.gov.vn/en/px-web?pxid=E1410&theme=Health%2C%20Culture%2C%20Sport%20and%20Living%20standard,source_reported_unharmonized
e1410_6ed30ea5f2,health_culture_environment,Number of patient beds under provincial departments of health by province · Medical service unit,Medical service unit,VN_SRC_THUATHIENHUE,Thua Thien-Hue,2009,annual,450.0,Bed,not_specified,E1410,https://www.nso.gov.vn/en/px-web?pxid=E1410&theme=Health%2C%20Culture%2C%20Sport%20and%20Living%20standard,source_reported_unharmonized
e1410_6ed30ea5f2,health_culture_environment,Number of patient beds under provincial departments of health by province · Medical service unit,Medical service unit,VN_SRC_THUATHIENHUE,Thua Thien-Hue,2010,annual,456.0,Bed,not_specified,E1410,https://www.nso.gov.vn/en/px-web?pxid=E1410&theme=Health%2C%20Culture%2C%20Sport%20and%20Living%20standard,source_reported_unharmonized
e1410_6ed30ea5f2,health_culture_environment,Number of patient beds under provincial departments of health by province · Medical service unit,Medical service unit,VN_SRC_THUATHIENHUE,Thua Thien-Hue,2011,annual,456.0,Bed,not_specified,E1410,https://www.nso.gov.vn/en/px-web?pxid=E1410&theme=Health%2C%20Culture%2C%20Sport%20and%20Living%20standard,source_reported_unharmonized
e1410_6ed30ea5f2,health_culture_environment,Number of patient beds under provincial departments of health by province · Medical service unit,Medical service unit,VN_SRC_THUATHIENHUE,Thua Thien-Hue,2012,annual,513.0,Bed,not_specified,E1410,https://www.nso.gov.vn/en/px-web?pxid=E1410&theme=Health%2C%20Culture%2C%20Sport%20and%20Living%20standard,source_reported_unharmonized
e1410_6ed30ea5f2,health_culture_environment,Number of patient beds under provincial departments of health by province · Medical service unit,Medical service unit,VN_SRC_THUATHIENHUE,Thua Thien-Hue,2013,annual,513.0,Bed,not_specified,E1410,https://www.nso.gov.vn/en/px-web?pxid=E1410&theme=Health%2C%20Culture%2C%20Sport%20and%20Living%20standard,source_reported_unharmonized
e1410_6ed30ea5f2,health_culture_environment,Number of patient beds under provincial departments of health by province · Medical service unit,Medical service unit,VN_SRC_THUATHIENHUE,Thua Thien-Hue,2014,annual,573.0,Bed,not_specified,E1410,https://www.nso.gov.vn/en/px-web?pxid=E1410&theme=Health%2C%20Culture%2C%20Sport%20and%20Living%20standard,source_reported_unharmonized
e1410_6ed30ea5f2,health_culture_environment,Number of patient beds under provincial departments of health by province · Medical service unit,Medical service unit,VN_SRC_THUATHIENHUE,Thua Thien-Hue,2015,annual,760.0,Bed,not_specified,E1410,https://www.nso.gov.vn/en/px-web?pxid=E1410&theme=Health%2C%20Culture%2C%20Sport%20and%20Living%20standard,source_reported_unharmonized
e1410_6ed30ea5f2,health_culture_environment,Number of patient beds under provincial departments of health by province · Medical service unit,Medical service unit,VN_SRC_THUATHIENHUE,Thua Thien-Hue,2016,annual,760.0,Bed,not_specified,E1410,https://www.nso.gov.vn/en/px-web?pxid=E1410&theme=Health%2C%20Culture%2C%20Sport%20and%20Living%20standard,source_reported_unharmonized
e1410_6ed30ea5f2,health_culture_environment,Number of patient beds under provincial departments of health by province · Medical service unit,Medical service unit,VN_SRC_THUATHIENHUE,Thua Thien-Hue,2017,annual,625.0,Bed,not_specified,E1410,https://www.nso.gov.vn/en/px-web?pxid=E1410&theme=Health%2C%20Culture%2C%20Sport%20and%20Living%20standard,source_reported_unharmonized
e1410_6ed30ea5f2,health_culture_environment,Number of patient beds under provincial departments of health by province · Medical service unit,Medical service unit,VN_SRC_DANANG,Da Nang,2002,annual,332.0,Bed,not_specified,E1410,https://www.nso.gov.vn/en/px-web?pxid=E1410&theme=Health%2C%20Culture%2C%20Sport%20and%20Living%20standard,source_reported_unharmonized
e1410_6ed30ea5f2,health_culture_environment,Number of patient beds under provincial departments of health by province · Medical service unit,Medical service unit,VN_SRC_DANANG,Da Nang,2003,annual,352.0,Bed,not_specified,E1410,https://www.nso.gov.vn/en/px-web?pxid=E1410&theme=Health%2C%20Culture%2C%20Sport%20and%20Living%20standard,source_reported_unharmonized
e1410_6ed30ea5f2,health_culture_environment,Number of patient beds under provincial departments of health by province · Medical service unit,Medical service unit,VN_SRC_DANANG,Da Nang,2004,annual,332.0,Bed,not_specified,E1410,https://www.nso.gov.vn/en/px-web?pxid=E1410&theme=Health%2C%20Culture%2C%20Sport%20and%20Living%20standard,source_reported_unharmonized
e1410_6ed30ea5f2,health_culture_environment,Number of patient beds under provincial departments of health by province · Medical service unit,Medical service unit,VN_SRC_DANANG,Da Nang,2005,annual,350.0,Bed,not_specified,E1410,https://www.nso.gov.vn/en/px-web?pxid=E1410&theme=Health%2C%20Culture%2C%20Sport%20and%20Living%20standard,source_reported_unharmonized
e1410_6ed30ea5f2,health_culture_environment,Number of patient beds under provincial departments of health by province · Medical service unit,Medical service unit,VN_SRC_DANANG,Da Nang,2006,annual,386.0,Bed,not_specified,E1410,https://www.nso.gov.vn/en/px-web?pxid=E1410&theme=Health%2C%20Culture%2C%20Sport%20and%20Living%20standard,source_reported_unharmonized
e1410_6ed30ea5f2,health_culture_environment,Number of patient beds under provincial departments of health by province · Medical service unit,Medical service unit,VN_SRC_DANANG,Da Nang,2007,annual,392.0,Bed,not_specified,E1410,https://www.nso.gov.vn/en/px-web?pxid=E1410&theme=Health%2C%20Culture%2C%20Sport%20and%20Living%20standard,source_reported_unharmonized
e1410_6ed30ea5f2,health_culture_environment,Number of patient beds under provincial departments of health by province · Medical service unit,Medical service unit,VN_SRC_DANANG,Da Nang,2008,annual,392.0,Bed,not_specified,E1410,https://www.nso.gov.vn/en/px-web?pxid=E1410&theme=Health%2C%20Culture%2C%20Sport%20and%20Living%20standard,source_reported_unharmonized
e1410_6ed30ea5f2,health_culture_environment,Number of patient beds under provincial departments of health by province · Medical service unit,Medical service unit,VN_SRC_DANANG,Da Nang,2009,annual,392.0,Bed,not_specified,E1410,https://www.nso.gov.vn/en/px-web?pxid=E1410&theme=Health%2C%20Culture%2C%20Sport%20and%20Living%20standard,source_reported_unharmonized
e1410_6ed30ea5f2,health_culture_environment,Number of patient beds under provincial departments of health by province · Medical service unit,Medical service unit,VN_SRC_DANANG,Da Nang,2010,annual,392.0,Bed,not_specified,E1410,https://www.nso.gov.vn/en/px-web?pxid=E1410&theme=Health%2C%20Culture%2C%20Sport%20and%20Living%20standard,source_reported_unharmonized
e1410_6ed30ea5f2,health_culture_environment,Number of patient beds under provincial departments of health by province · Medical service unit,Medical service unit,VN_SRC_DANANG,Da Nang,2011,annual,392.0,Bed,not_specified,E1410,https://www.nso.gov.vn/en/px-web?pxid=E1410&theme=Health%2C%20Culture%2C%20Sport%20and%20Living%20standard,source_reported_unharmonized
e1410_6ed30ea5f2,health_culture_environment,Number of patient beds under provincial departments of health by province · Medical service unit,Medical service unit,VN_SRC_DANANG,Da Nang,2012,annual,392.0,Bed,not_specified,E1410,https://www.nso.gov.vn/en/px-web?pxid=E1410&theme=Health%2C%20Culture%2C%20Sport%20and%20Living%20standard,source_reported_unharmonized
e1410_6ed30ea5f2,health_culture_environment,Number of patient beds under provincial departments of health by province · Medical service unit,Medical service unit,VN_SRC_DANANG,Da Nang,2013,annual,392.0,Bed,not_specified,E1410,https://www.nso.gov.vn/en/px-web?pxid=E1410&theme=Health%2C%20Culture%2C%20Sport%20and%20Living%20standard,source_reported_unharmonized
e1410_6ed30ea5f2,health_culture_environment,Number of patient beds under provincial departments of health by province · Medical service unit,Medical service unit,VN_SRC_DANANG,Da Nang,2014,annual,392.0,Bed,not_specified,E1410,https://www.nso.gov.vn/en/px-web?pxid=E1410&theme=Health%2C%20Culture%2C%20Sport%20and%20Living%20standard,source_reported_unharmonized
e1410_6ed30ea5f2,health_culture_environment,Number of patient beds under provincial departments of health by province · Medical service unit,Medical service unit,VN_SRC_DANANG,Da Nang,2015,annual,392.0,Bed,not_specified,E1410,https://www.nso.gov.vn/en/px-web?pxid=E1410&theme=Health%2C%20Culture%2C%20Sport%20and%20Living%20standard,source_reported_unharmonized
e1410_6ed30ea5f2,health_culture_environment,Number of patient beds under provincial departments of health by province · Medical service unit,Medical service unit,VN_SRC_DANANG,Da Nang,2016,annual,392.0,Bed,not_specified,E1410,https://www.nso.gov.vn/en/px-web?pxid=E1410&theme=Health%2C%20Culture%2C%20Sport%20and%20Living%20standard,source_reported_unharmonized
e1410_6ed30ea5f2,health_culture_environment,Number of patient beds under provincial departments of health by province · Medical service unit,Medical service unit,VN_SRC_DANANG,Da Nang,2017,annual,392.0,Bed,not_specified,E1410,https://www.nso.gov.vn/en/px-web?pxid=E1410&theme=Health%2C%20Culture%2C%20Sport%20and%20Living%20standard,source_reported_unharmonized
e1410_6ed30ea5f2,health_culture_environment,Number of patient beds under provincial departments of health by province · Medical service unit,Medical service unit,VN_SRC_QUANGNAM,Quang Nam,2002,annual,1085.0,Bed,not_specified,E1410,https://www.nso.gov.vn/en/px-web?pxid=E1410&theme=Health%2C%20Culture%2C%20Sport%20and%20Living%20standard,source_reported_unharmonized
e1410_6ed30ea5f2,health_culture_environment,Number of patient beds under provincial departments of health by province · Medical service unit,Medical service unit,VN_SRC_QUANGNAM,Quang Nam,2003,annual,1110.0,Bed,not_specified,E1410,https://www.nso.gov.vn/en/px-web?pxid=E1410&theme=Health%2C%20Culture%2C%20Sport%20and%20Living%20standard,source_reported_unharmonized
e1410_6ed30ea5f2,health_culture_environment,Number of patient beds under provincial departments of health by province · Medical service unit,Medical service unit,VN_SRC_QUANGNAM,Quang Nam,2004,annual,1125.0,Bed,not_specified,E1410,https://www.nso.gov.vn/en/px-web?pxid=E1410&theme=Health%2C%20Culture%2C%20Sport%20and%20Living%20standard,source_reported_unharmonized
e1410_6ed30ea5f2,health_culture_environment,Number of patient beds under provincial departments of health by province · Medical service unit,Medical service unit,VN_SRC_QUANGNAM,Quang Nam,2005,annual,1125.0,Bed,not_specified,E1410,https://www.nso.gov.vn/en/px-web?pxid=E1410&theme=Health%2C%20Culture%2C%20Sport%20and%20Living%20standard,source_reported_unharmonized
e1410_6ed30ea5f2,health_culture_environment,Number of patient beds under provincial departments of health by province · Medical service unit,Medical service unit,VN_SRC_QUANGNAM,Quang Nam,2006,annual,1165.0,Bed,not_specified,E1410,https://www.nso.gov.vn/en/px-web?pxid=E1410&theme=Health%2C%20Culture%2C%20Sport%20and%20Living%20standard,source_reported_unharmonized
e1410_6ed30ea5f2,health_culture_environment,Number of patient beds under provincial departments of health by province · Medical service unit,Medical service unit,VN_SRC_QUANGNAM,Quang Nam,2007,annual,1180.0,Bed,not_specified,E1410,https://www.nso.gov.vn/en/px-web?pxid=E1410&theme=Health%2C%20Culture%2C%20Sport%20and%20Living%20standard,source_reported_unharmonized
e1410_6ed30ea5f2,health_culture_environment,Number of patient beds under provincial departments of health by province · Medical service unit,Medical service unit,VN_SRC_QUANGNAM,Quang Nam,2008,annual,1200.0,Bed,not_specified,E1410,https://www.nso.gov.vn/en/px-web?pxid=E1410&theme=Health%2C%20Culture%2C%20Sport%20and%20Living%20standard,source_reported_unharmonized
e1410_6ed30ea5f2,health_culture_environment,Number of patient beds under provincial departments of health by province · Medical service unit,Medical service unit,VN_SRC_QUANGNAM,Quang Nam,2009,annual,1200.0,Bed,not_specified,E1410,https://www.nso.gov.vn/en/px-web?pxid=E1410&theme=Health%2C%20Culture%2C%20Sport%20and%20Living%20standard,source_reported_unharmonized
e1410_6ed30ea5f2,health_culture_environment,Number of patient beds under provincial departments of health by province · Medical service unit,Medical service unit,VN_SRC_QUANGNAM,Quang Nam,2010,annual,1205.0,Bed,not_specified,E1410,https://www.nso.gov.vn/en/px-web?pxid=E1410&theme=Health%2C%20Culture%2C%20Sport%20and%20Living%20standard,source_reported_unharmonized
e1410_6ed30ea5f2,health_culture_environment,Number of patient beds under provincial departments of health by province · Medical service unit,Medical service unit,VN_SRC_QUANGNAM,Quang Nam,2011,annual,1220.0,Bed,not_specified,E1410,https://www.nso.gov.vn/en/px-web?pxid=E1410&theme=Health%2C%20Culture%2C%20Sport%20and%20Living%20standard,source_reported_unharmonized
e1410_6ed30ea5f2,health_culture_environment,Number of patient beds under provincial departments of health by province · Medical service unit,Medical service unit,VN_SRC_QUANGNAM,Quang Nam,2012,annual,1220.0,Bed,not_specified,E1410,https://www.nso.gov.vn/en/px-web?pxid=E1410&theme=Health%2C%20Culture%2C%20Sport%20and%20Living%20standard,source_reported_unharmonized
e1410_6ed30ea5f2,health_culture_environment,Number of patient beds under provincial departments of health by province · Medical service unit,Medical service unit,VN_SRC_QUANGNAM,Quang Nam,2013,annual,1220.0,Bed,not_specified,E1410,https://www.nso.gov.vn/en/px-web?pxid=E1410&theme=Health%2C%20Culture%2C%20Sport%20and%20Living%20standard,source_reported_unharmonized
e1410_6ed30ea5f2,health_culture_environment,Number of patient beds under provincial departments of health by province · Medical service unit,Medical service unit,VN_SRC_QUANGNAM,Quang Nam,2014,annual,1220.0,Bed,not_specified,E1410,https://www.nso.gov.vn/en/px-web?pxid=E1410&theme=Health%2C%20Culture%2C%20Sport%20and%20Living%20standard,source_reported_unharmonized
e1410_6ed30ea5f2,health_culture_environment,Number of patient beds under provincial departments of health by province · Medical service unit,Medical service unit,VN_SRC_QUANGNAM,Quang Nam,2015,annual,1220.0,Bed,not_specified,E1410,https://www.nso.gov.vn/en/px-web?pxid=E1410&theme=Health%2C%20Culture%2C%20Sport%20and%20Living%20standard,source_reported_unharmonized
e1410_6ed30ea5f2,health_culture_environment,Number of patient beds under provincial departments of health by province · Medical service unit,Medical service unit,VN_SRC_QUANGNAM,Quang Nam,2016,annual,1220.0,Bed,not_specified,E1410,https://www.nso.gov.vn/en/px-web?pxid=E1410&theme=Health%2C%20Culture%2C%20Sport%20and%20Living%20standard,source_reported_unharmonized
e1410_6ed30ea5f2,health_culture_environment,Number of patient beds under provincial departments of health by province · Medical service unit,Medical service unit,VN_SRC_QUANGNAM,Quang Nam,2017,annual,1080.0,Bed,not_specified,E1410,https://www.nso.gov.vn/en/px-web?pxid=E1410&theme=Health%2C%20Culture%2C%20Sport%20and%20Living%20standard,source_reported_unharmonized
e1410_6ed30ea5f2,health_culture_environment,Number of patient beds under provincial departments of health by province · Medical service unit,Medical service unit,VN_SRC_QUANGNGAI,Quang Ngai,2002,annual,593.0,Bed,not_specified,E1410,https://www.nso.gov.vn/en/px-web?pxid=E1410&theme=Health%2C%20Culture%2C%20Sport%20and%20Living%20standard,source_reported_unharmonized
e1410_6ed30ea5f2,health_culture_environment,Number of patient beds under provincial departments of health by province · Medical service unit,Medical service unit,VN_SRC_QUANGNGAI,Quang Ngai,2003,annual,528.0,Bed,not_specified,E1410,https://www.nso.gov.vn/en/px-web?pxid=E1410&theme=Health%2C%20Culture%2C%20Sport%20and%20Living%20standard,source_reported_unharmonized
e1410_6ed30ea5f2,health_culture_environment,Number of patient beds under provincial departments of health by province · Medical service unit,Medical service unit,VN_SRC_QUANGNGAI,Quang Ngai,2004,annual,485.0,Bed,not_specified,E1410,https://www.nso.gov.vn/en/px-web?pxid=E1410&theme=Health%2C%20Culture%2C%20Sport%20and%20Living%20standard,source_reported_unharmonized
e1410_6ed30ea5f2,health_culture_environment,Number of patient beds under provincial departments of health by province · Medical service unit,Medical service unit,VN_SRC_QUANGNGAI,Quang Ngai,2005,annual,501.0,Bed,not_specified,E1410,https://www.nso.gov.vn/en/px-web?pxid=E1410&theme=Health%2C%20Culture%2C%20Sport%20and%20Living%20standard,source_reported_unharmonized
e1410_6ed30ea5f2,health_culture_environment,Number of patient beds under provincial departments of health by province · Medical service unit,Medical service unit,VN_SRC_QUANGNGAI,Quang Ngai,2006,annual,573.0,Bed,not_specified,E1410,https://www.nso.gov.vn/en/px-web?pxid=E1410&theme=Health%2C%20Culture%2C%20Sport%20and%20Living%20standard,source_reported_unharmonized
e1410_6ed30ea5f2,health_culture_environment,Number of patient beds under provincial departments of health by province · Medical service unit,Medical service unit,VN_SRC_QUANGNGAI,Quang Ngai,2007,annual,537.0,Bed,not_specified,E1410,https://www.nso.gov.vn/en/px-web?pxid=E1410&theme=Health%2C%20Culture%2C%20Sport%20and%20Living%20standard,source_reported_unharmonized
e1410_6ed30ea5f2,health_culture_environment,Number of patient beds under provincial departments of health by province · Medical service unit,Medical service unit,VN_SRC_QUANGNGAI,Quang Ngai,2008,annual,584.0,Bed,not_specified,E1410,https://www.nso.gov.vn/en/px-web?pxid=E1410&theme=Health%2C%20Culture%2C%20Sport%20and%20Living%20standard,source_reported_unharmonized
e1410_6ed30ea5f2,health_culture_environment,Number of patient beds under provincial departments of health by province · Medical service unit,Medical service unit,VN_SRC_QUANGNGAI,Quang Ngai,2009,annual,598.0,Bed,not_specified,E1410,https://www.nso.gov.vn/en/px-web?pxid=E1410&theme=Health%2C%20Culture%2C%20Sport%20and%20Living%20standard,source_reported_unharmonized
e1410_6ed30ea5f2,health_culture_environment,Number of patient beds under provincial departments of health by province · Medical service unit,Medical service unit,VN_SRC_QUANGNGAI,Quang Ngai,2010,annual,587.0,Bed,not_specified,E1410,https://www.nso.gov.vn/en/px-web?pxid=E1410&theme=Health%2C%20Culture%2C%20Sport%20and%20Living%20standard,source_reported_unharmonized
e1410_6ed30ea5f2,health_culture_environment,Number of patient beds under provincial departments of health by province · Medical service unit,Medical service unit,VN_SRC_QUANGNGAI,Quang Ngai,2011,annual,614.0,Bed,not_specified,E1410,https://www.nso.gov.vn/en/px-web?pxid=E1410&theme=Health%2C%20Culture%2C%20Sport%20and%20Living%20standard,source_reported_unharmonized
e1410_6ed30ea5f2,health_culture_environment,Number of patient beds under provincial departments of health by province · Medical service unit,Medical service unit,VN_SRC_QUANGNGAI,Quang Ngai,2012,annual,665.0,Bed,not_specified,E1410,https://www.nso.gov.vn/en/px-web?pxid=E1410&theme=Health%2C%20Culture%2C%20Sport%20and%20Living%20standard,source_reported_unharmonized
e1410_6ed30ea5f2,health_culture_environment,Number of patient beds under provincial departments of health by province · Medical service unit,Medical service unit,VN_SRC_QUANGNGAI,Quang Ngai,2013,annual,760.0,Bed,not_specified,E1410,https://www.nso.gov.vn/en/px-web?pxid=E1410&theme=Health%2C%20Culture%2C%20Sport%20and%20Living%20standard,source_reported_unharmonized
e1410_6ed30ea5f2,health_culture_environment,Number of patient beds under provincial departments of health by province · Medical service unit,Medical service unit,VN_SRC_QUANGNGAI,Quang Ngai,2014,annual,736.0,Bed,not_specified,E1410,https://www.nso.gov.vn/en/px-web?pxid=E1410&theme=Health%2C%20Culture%2C%20Sport%20and%20Living%20standard,source_reported_unharmonized
e1410_6ed30ea5f2,health_culture_environment,Number of patient beds under provincial departments of health by province · Medical service unit,Medical service unit,VN_SRC_QUANGNGAI,Quang Ngai,2015,annual,915.0,Bed,not_specified,E1410,https://www.nso.gov.vn/en/px-web?pxid=E1410&theme=Health%2C%20Culture%2C%20Sport%20and%20Living%20standard,source_reported_unharmonized
e1410_6ed30ea5f2,health_culture_environment,Number of patient beds under provincial departments of health by province · Medical service unit,Medical service unit,VN_SRC_QUANGNGAI,Quang Ngai,2016,annual,915.0,Bed,not_specified,E1410,https://www.nso.gov.vn/en/px-web?pxid=E1410&theme=Health%2C%20Culture%2C%20Sport%20and%20Living%20standard,source_reported_unharmonized
e1410_6ed30ea5f2,health_culture_environment,Number of patient beds under provincial departments of health by province · Medical service unit,Medical service unit,VN_SRC_QUANGNGAI,Quang Ngai,2017,annual,48.0,Bed,not_specified,E1410,https://www.nso.gov.vn/en/px-web?pxid=E1410&theme=Health%2C%20Culture%2C%20Sport%20and%20Living%20standard,source_reported_unharmonized
e1410_6ed30ea5f2,health_culture_environment,Number of patient beds under provincial departments of health by province · Medical service unit,Medical service unit,VN_SRC_BINHDINH,Binh Dinh,2002,annual,304.0,Bed,not_specified,E1410,https://www.nso.gov.vn/en/px-web?pxid=E1410&theme=Health%2C%20Culture%2C%20Sport%20and%20Living%20standard,source_reported_unharmonized
e1410_6ed30ea5f2,health_culture_environment,Number of patient beds under provincial departments of health by province · Medical service unit,Medical service unit,VN_SRC_BINHDINH,Binh Dinh,2003,annual,330.0,Bed,not_specified,E1410,https://www.nso.gov.vn/en/px-web?pxid=E1410&theme=Health%2C%20Culture%2C%20Sport%20and%20Living%20standard,source_reported_unharmonized
e1410_6ed30ea5f2,health_culture_environment,Number of patient beds under provincial departments of health by province · Medical service unit,Medical service unit,VN_SRC_BINHDINH,Binh Dinh,2004,annual,330.0,Bed,not_specified,E1410,https://www.nso.gov.vn/en/px-web?pxid=E1410&theme=Health%2C%20Culture%2C%20Sport%20and%20Living%20standard,source_reported_unharmonized
e1410_6ed30ea5f2,health_culture_environment,Number of patient beds under provincial departments of health by province · Medical service unit,Medical service unit,VN_SRC_BINHDINH,Binh Dinh,2005,annual,330.0,Bed,not_specified,E1410,https://www.nso.gov.vn/en/px-web?pxid=E1410&theme=Health%2C%20Culture%2C%20Sport%20and%20Living%20standard,source_reported_unharmonized
e1410_6ed30ea5f2,health_culture_environment,Number of patient beds under provincial departments of health by province · Medical service unit,Medical service unit,VN_SRC_BINHDINH,Binh Dinh,2006,annual,342.0,Bed,not_specified,E1410,https://www.nso.gov.vn/en/px-web?pxid=E1410&theme=Health%2C%20Culture%2C%20Sport%20and%20Living%20standard,source_reported_unharmonized
e1410_6ed30ea5f2,health_culture_environment,Number of patient beds under provincial departments of health by province · Medical service unit,Medical service unit,VN_SRC_BINHDINH,Binh Dinh,2007,annual,556.0,Bed,not_specified,E1410,https://www.nso.gov.vn/en/px-web?pxid=E1410&theme=Health%2C%20Culture%2C%20Sport%20and%20Living%20standard,source_reported_unharmonized
e1410_6ed30ea5f2,health_culture_environment,Number of patient beds under provincial departments of health by province · Medical service unit,Medical service unit,VN_SRC_BINHDINH,Binh Dinh,2008,annual,556.0,Bed,not_specified,E1410,https://www.nso.gov.vn/en/px-web?pxid=E1410&theme=Health%2C%20Culture%2C%20Sport%20and%20Living%20standard,source_reported_unharmonized
e1410_6ed30ea5f2,health_culture_environment,Number of patient beds under provincial departments of health by province · Medical service unit,Medical service unit,VN_SRC_BINHDINH,Binh Dinh,2009,annual,556.0,Bed,not_specified,E1410,https://www.nso.gov.vn/en/px-web?pxid=E1410&theme=Health%2C%20Culture%2C%20Sport%20and%20Living%20standard,source_reported_unharmonized
e1410_6ed30ea5f2,health_culture_environment,Number of patient beds under provincial departments of health by province · Medical service unit,Medical service unit,VN_SRC_BINHDINH,Binh Dinh,2010,annual,556.0,Bed,not_specified,E1410,https://www.nso.gov.vn/en/px-web?pxid=E1410&theme=Health%2C%20Culture%2C%20Sport%20and%20Living%20standard,source_reported_unharmonized
e1410_6ed30ea5f2,health_culture_environment,Number of patient beds under provincial departments of health by province · Medical service unit,Medical service unit,VN_SRC_BINHDINH,Binh Dinh,2011,annual,556.0,Bed,not_specified,E1410,https://www.nso.gov.vn/en/px-web?pxid=E1410&theme=Health%2C%20Culture%2C%20Sport%20and%20Living%20standard,source_reported_unharmonized
e1410_6ed30ea5f2,health_culture_environment,Number of patient beds under provincial departments of health by province · Medical service unit,Medical service unit,VN_SRC_BINHDINH,Binh Dinh,2012,annual,550.0,Bed,not_specified,E1410,https://www.nso.gov.vn/en/px-web?pxid=E1410&theme=Health%2C%20Culture%2C%20Sport%20and%20Living%20standard,source_reported_unharmonized
e1410_6ed30ea5f2,health_culture_environment,Number of patient beds under provincial departments of health by province · Medical service unit,Medical service unit,VN_SRC_BINHDINH,Binh Dinh,2013,annual,550.0,Bed,not_specified,E1410,https://www.nso.gov.vn/en/px-web?pxid=E1410&theme=Health%2C%20Culture%2C%20Sport%20and%20Living%20standard,source_reported_unharmonized
e1410_6ed30ea5f2,health_culture_environment,Number of patient beds under provincial departments of health by province · Medical service unit,Medical service unit,VN_SRC_BINHDINH,Binh Dinh,2014,annual,550.0,Bed,not_specified,E1410,https://www.nso.gov.vn/en/px-web?pxid=E1410&theme=Health%2C%20Culture%2C%20Sport%20and%20Living%20standard,source_reported_unharmonized
e1410_6ed30ea5f2,health_culture_environment,Number of patient beds under provincial departments of health by province · Medical service unit,Medical service unit,VN_SRC_BINHDINH,Binh Dinh,2015,annual,550.0,Bed,not_specified,E1410,https://www.nso.gov.vn/en/px-web?pxid=E1410&theme=Health%2C%20Culture%2C%20Sport%20and%20Living%20standard,source_reported_unharmonized
e1410_6ed30ea5f2,health_culture_environment,Number of patient beds under provincial departments of health by province · Medical service unit,Medical service unit,VN_SRC_BINHDINH,Binh Dinh,2016,annual,550.0,Bed,not_specified,E1410,https://www.nso.gov.vn/en/px-web?pxid=E1410&theme=Health%2C%20Culture%2C%20Sport%20and%20Living%20standard,source_reported_unharmonized
e1410_6ed30ea5f2,health_culture_environment,Number of patient beds under provincial departments of health by province · Medical service unit,Medical service unit,VN_SRC_BINHDINH,Binh Dinh,2017,annual,0.0,Bed,not_specified,E1410,https://www.nso.gov.vn/en/px-web?pxid=E1410&theme=Health%2C%20Culture%2C%20Sport%20and%20Living%20standard,source_reported_unharmonized
e1410_6ed30ea5f2,health_culture_environment,Number of patient beds under provincial departments of health by province · Medical service unit,Medical service unit,VN_SRC_PHUYEN,Phu Yen,2002,annual,240.0,Bed,not_specified,E1410,https://www.nso.gov.vn/en/px-web?pxid=E1410&theme=Health%2C%20Culture%2C%20Sport%20and%20Living%20standard,source_reported_unharmonized
e1410_6ed30ea5f2,health_culture_environment,Number of patient beds under provincial departments of health by province · Medical service unit,Medical service unit,VN_SRC_PHUYEN,Phu Yen,2003,annual,250.0,Bed,not_specified,E1410,https://www.nso.gov.vn/en/px-web?pxid=E1410&theme=Health%2C%20Culture%2C%20Sport%20and%20Living%20standard,source_reported_unharmonized
e1410_6ed30ea5f2,health_culture_environment,Number of patient beds under provincial departments of health by province · Medical service unit,Medical service unit,VN_SRC_PHUYEN,Phu Yen,2004,annual,250.0,Bed,not_specified,E1410,https://www.nso.gov.vn/en/px-web?pxid=E1410&theme=Health%2C%20Culture%2C%20Sport%20and%20Living%20standard,source_reported_unharmonized
e1410_6ed30ea5f2,health_culture_environment,Number of patient beds under provincial departments of health by province · Medical service unit,Medical service unit,VN_SRC_PHUYEN,Phu Yen,2005,annual,260.0,Bed,not_specified,E1410,https://www.nso.gov.vn/en/px-web?pxid=E1410&theme=Health%2C%20Culture%2C%20Sport%20and%20Living%20standard,source_reported_unharmonized
e1410_6ed30ea5f2,health_culture_environment,Number of patient beds under provincial departments of health by province · Medical service unit,Medical service unit,VN_SRC_PHUYEN,Phu Yen,2006,annual,250.0,Bed,not_specified,E1410,https://www.nso.gov.vn/en/px-web?pxid=E1410&theme=Health%2C%20Culture%2C%20Sport%20and%20Living%20standard,source_reported_unharmonized
e1410_6ed30ea5f2,health_culture_environment,Number of patient beds under provincial departments of health by province · Medical service unit,Medical service unit,VN_SRC_PHUYEN,Phu Yen,2007,annual,250.0,Bed,not_specified,E1410,https://www.nso.gov.vn/en/px-web?pxid=E1410&theme=Health%2C%20Culture%2C%20Sport%20and%20Living%20standard,source_reported_unharmonized
e1410_6ed30ea5f2,health_culture_environment,Number of patient beds under provincial departments of health by province · Medical service unit,Medical service unit,VN_SRC_PHUYEN,Phu Yen,2008,annual,280.0,Bed,not_specified,E1410,https://www.nso.gov.vn/en/px-web?pxid=E1410&theme=Health%2C%20Culture%2C%20Sport%20and%20Living%20standard,source_reported_unharmonized
e1410_6ed30ea5f2,health_culture_environment,Number of patient beds under provincial departments of health by province · Medical service unit,Medical service unit,VN_SRC_PHUYEN,Phu Yen,2009,annual,310.0,Bed,not_specified,E1410,https://www.nso.gov.vn/en/px-web?pxid=E1410&theme=Health%2C%20Culture%2C%20Sport%20and%20Living%20standard,source_reported_unharmonized
e1410_6ed30ea5f2,health_culture_environment,Number of patient beds under provincial departments of health by province · Medical service unit,Medical service unit,VN_SRC_PHUYEN,Phu Yen,2010,annual,310.0,Bed,not_specified,E1410,https://www.nso.gov.vn/en/px-web?pxid=E1410&theme=Health%2C%20Culture%2C%20Sport%20and%20Living%20standard,source_reported_unharmonized
e1410_6ed30ea5f2,health_culture_environment,Number of patient beds under provincial departments of health by province · Medical service unit,Medical service unit,VN_SRC_PHUYEN,Phu Yen,2011,annual,310.0,Bed,not_specified,E1410,https://www.nso.gov.vn/en/px-web?pxid=E1410&theme=Health%2C%20Culture%2C%20Sport%20and%20Living%20standard,source_reported_unharmonized
e1410_6ed30ea5f2,health_culture_environment,Number of patient beds under provincial departments of health by province · Medical service unit,Medical service unit,VN_SRC_PHUYEN,Phu Yen,2012,annual,361.0,Bed,not_specified,E1410,https://www.nso.gov.vn/en/px-web?pxid=E1410&theme=Health%2C%20Culture%2C%20Sport%20and%20Living%20standard,source_reported_unharmonized
e1410_6ed30ea5f2,health_culture_environment,Number of patient beds under provincial departments of health by province · Medical service unit,Medical service unit,VN_SRC_PHUYEN,Phu Yen,2013,annual,361.0,Bed,not_specified,E1410,https://www.nso.gov.vn/en/px-web?pxid=E1410&theme=Health%2C%20Culture%2C%20Sport%20and%20Living%20standard,source_reported_unharmonized
e1410_6ed30ea5f2,health_culture_environment,Number of patient beds under provincial departments of health by province · Medical service unit,Medical service unit,VN_SRC_PHUYEN,Phu Yen,2014,annual,361.0,Bed,not_specified,E1410,https://www.nso.gov.vn/en/px-web?pxid=E1410&theme=Health%2C%20Culture%2C%20Sport%20and%20Living%20standard,source_reported_unharmonized
e1410_6ed30ea5f2,health_culture_environment,Number of patient beds under provincial departments of health by province · Medical service unit,Medical service unit,VN_SRC_PHUYEN,Phu Yen,2015,annual,361.0,Bed,not_specified,E1410,https://www.nso.gov.vn/en/px-web?pxid=E1410&theme=Health%2C%20Culture%2C%20Sport%20and%20Living%20standard,source_reported_unharmonized
e1410_6ed30ea5f2,health_culture_environment,Number of patient beds under provincial departments of health by province · Medical service unit,Medical service unit,VN_SRC_PHUYEN,Phu Yen,2016,annual,361.0,Bed,not_specified,E1410,https://www.nso.gov.vn/en/px-web?pxid=E1410&theme=Health%2C%20Culture%2C%20Sport%20and%20Living%20standard,source_reported_unharmonized
e1410_6ed30ea5f2,health_culture_environment,Number of patient beds under provincial departments of health by province · Medical service unit,Medical service unit,VN_SRC_PHUYEN,Phu Yen,2017,annual,361.0,Bed,not_specified,E1410,https://www.nso.gov.vn/en/px-web?pxid=E1410&theme=Health%2C%20Culture%2C%20Sport%20and%20Living%20standard,source_reported_unharmonized
e1410_6ed30ea5f2,health_culture_environment,Number of patient beds under provincial departments of health by province · Medical service unit,Medical service unit,VN_SRC_KHANHHOA,Khanh Hoa,2002,annual,130.0,Bed,not_specified,E1410,https://www.nso.gov.vn/en/px-web?pxid=E1410&theme=Health%2C%20Culture%2C%20Sport%20and%20Living%20standard,source_reported_unharmonized
e1410_6ed30ea5f2,health_culture_environment,Number of patient beds under provincial departments of health by province · Medical service unit,Medical service unit,VN_SRC_KHANHHOA,Khanh Hoa,2003,annual,133.0,Bed,not_specified,E1410,https://www.nso.gov.vn/en/px-web?pxid=E1410&theme=Health%2C%20Culture%2C%20Sport%20and%20Living%20standard,source_reported_unharmonized
e1410_6ed30ea5f2,health_culture_environment,Number of patient beds under provincial departments of health by province · Medical service unit,Medical service unit,VN_SRC_KHANHHOA,Khanh Hoa,2004,annual,143.0,Bed,not_specified,E1410,https://www.nso.gov.vn/en/px-web?pxid=E1410&theme=Health%2C%20Culture%2C%20Sport%20and%20Living%20standard,source_reported_unharmonized
e1410_6ed30ea5f2,health_culture_environment,Number of patient beds under provincial departments of health by province · Medical service unit,Medical service unit,VN_SRC_KHANHHOA,Khanh Hoa,2005,annual,126.0,Bed,not_specified,E1410,https://www.nso.gov.vn/en/px-web?pxid=E1410&theme=Health%2C%20Culture%2C%20Sport%20and%20Living%20standard,source_reported_unharmonized
e1410_6ed30ea5f2,health_culture_environment,Number of patient beds under provincial departments of health by province · Medical service unit,Medical service unit,VN_SRC_KHANHHOA,Khanh Hoa,2006,annual,135.0,Bed,not_specified,E1410,https://www.nso.gov.vn/en/px-web?pxid=E1410&theme=Health%2C%20Culture%2C%20Sport%20and%20Living%20standard,source_reported_unharmonized
e1410_6ed30ea5f2,health_culture_environment,Number of patient beds under provincial departments of health by province · Medical service unit,Medical service unit,VN_SRC_KHANHHOA,Khanh Hoa,2007,annual,137.0,Bed,not_specified,E1410,https://www.nso.gov.vn/en/px-web?pxid=E1410&theme=Health%2C%20Culture%2C%20Sport%20and%20Living%20standard,source_reported_unharmonized
e1410_6ed30ea5f2,health_culture_environment,Number of patient beds under provincial departments of health by province · Medical service unit,Medical service unit,VN_SRC_KHANHHOA,Khanh Hoa,2008,annual,137.0,Bed,not_specified,E1410,https://www.nso.gov.vn/en/px-web?pxid=E1410&theme=Health%2C%20Culture%2C%20Sport%20and%20Living%20standard,source_reported_unharmonized
e1410_6ed30ea5f2,health_culture_environment,Number of patient beds under provincial departments of health by province · Medical service unit,Medical service unit,VN_SRC_KHANHHOA,Khanh Hoa,2009,annual,114.0,Bed,not_specified,E1410,https://www.nso.gov.vn/en/px-web?pxid=E1410&theme=Health%2C%20Culture%2C%20Sport%20and%20Living%20standard,source_reported_unharmonized
e1410_6ed30ea5f2,health_culture_environment,Number of patient beds under provincial departments of health by province · Medical service unit,Medical service unit,VN_SRC_KHANHHOA,Khanh Hoa,2010,annual,140.0,Bed,not_specified,E1410,https://www.nso.gov.vn/en/px-web?pxid=E1410&theme=Health%2C%20Culture%2C%20Sport%20and%20Living%20standard,source_reported_unharmonized
e1410_6ed30ea5f2,health_culture_environment,Number of patient beds under provincial departments of health by province · Medical service unit,Medical service unit,VN_SRC_KHANHHOA,Khanh Hoa,2011,annual,140.0,Bed,not_specified,E1410,https://www.nso.gov.vn/en/px-web?pxid=E1410&theme=Health%2C%20Culture%2C%20Sport%20and%20Living%20standard,source_reported_unharmonized
e1410_6ed30ea5f2,health_culture_environment,Number of patient beds under provincial departments of health by province · Medical service unit,Medical service unit,VN_SRC_KHANHHOA,Khanh Hoa,2012,annual,140.0,Bed,not_specified,E1410,https://www.nso.gov.vn/en/px-web?pxid=E1410&theme=Health%2C%20Culture%2C%20Sport%20and%20Living%20standard,source_reported_unharmonized
e1410_6ed30ea5f2,health_culture_environment,Number of patient beds under provincial departments of health by province · Medical service unit,Medical service unit,VN_SRC_KHANHHOA,Khanh Hoa,2013,annual,137.0,Bed,not_specified,E1410,https://www.nso.gov.vn/en/px-web?pxid=E1410&theme=Health%2C%20Culture%2C%20Sport%20and%20Living%20standard,source_reported_unharmonized
e1410_6ed30ea5f2,health_culture_environment,Number of patient beds under provincial departments of health by province · Medical service unit,Medical service unit,VN_SRC_KHANHHOA,Khanh Hoa,2014,annual,137.0,Bed,not_specified,E1410,https://www.nso.gov.vn/en/px-web?pxid=E1410&theme=Health%2C%20Culture%2C%20Sport%20and%20Living%20standard,source_reported_unharmonized
e1410_6ed30ea5f2,health_culture_environment,Number of patient beds under provincial departments of health by province · Medical service unit,Medical service unit,VN_SRC_KHANHHOA,Khanh Hoa,2015,annual,137.0,Bed,not_specified,E1410,https://www.nso.gov.vn/en/px-web?pxid=E1410&theme=Health%2C%20Culture%2C%20Sport%20and%20Living%20standard,source_reported_unharmonized
e1410_6ed30ea5f2,health_culture_environment,Number of patient beds under provincial departments of health by province · Medical service unit,Medical service unit,VN_SRC_KHANHHOA,Khanh Hoa,2016,annual,140.0,Bed,not_specified,E1410,https://www.nso.gov.vn/en/px-web?pxid=E1410&theme=Health%2C%20Culture%2C%20Sport%20and%20Living%20standard,source_reported_unharmonized
e1410_6ed30ea5f2,health_culture_environment,Number of patient beds under provincial departments of health by province · Medical service unit,Medical service unit,VN_SRC_KHANHHOA,Khanh Hoa,2017,annual,100.0,Bed,not_specified,E1410,https://www.nso.gov.vn/en/px-web?pxid=E1410&theme=Health%2C%20Culture%2C%20Sport%20and%20Living%20standard,source_reported_unharmonized
e1410_6ed30ea5f2,health_culture_environment,Number of patient beds under provincial departments of health by province · Medical service unit,Medical service unit,VN_SRC_NINHTHUAN,Ninh Thuan,2002,annual,285.0,Bed,not_specified,E1410,https://www.nso.gov.vn/en/px-web?pxid=E1410&theme=Health%2C%20Culture%2C%20Sport%20and%20Living%20standard,source_reported_unharmonized
e1410_6ed30ea5f2,health_culture_environment,Number of patient beds under provincial departments of health by province · Medical service unit,Medical service unit,VN_SRC_NINHTHUAN,Ninh Thuan,2003,annual,290.0,Bed,not_specified,E1410,https://www.nso.gov.vn/en/px-web?pxid=E1410&theme=Health%2C%20Culture%2C%20Sport%20and%20Living%20standard,source_reported_unharmonized
e1410_6ed30ea5f2,health_culture_environment,Number of patient beds under provincial departments of health by province · Medical service unit,Medical service unit,VN_SRC_NINHTHUAN,Ninh Thuan,2004,annual,295.0,Bed,not_specified,E1410,https://www.nso.gov.vn/en/px-web?pxid=E1410&theme=Health%2C%20Culture%2C%20Sport%20and%20Living%20standard,source_reported_unharmonized
e1410_6ed30ea5f2,health_culture_environment,Number of patient beds under provincial departments of health by province · Medical service unit,Medical service unit,VN_SRC_NINHTHUAN,Ninh Thuan,2005,annual,295.0,Bed,not_specified,E1410,https://www.nso.gov.vn/en/px-web?pxid=E1410&theme=Health%2C%20Culture%2C%20Sport%20and%20Living%20standard,source_reported_unharmonized
e1410_6ed30ea5f2,health_culture_environment,Number of patient beds under provincial departments of health by province · Medical service unit,Medical service unit,VN_SRC_NINHTHUAN,Ninh Thuan,2006,annual,310.0,Bed,not_specified,E1410,https://www.nso.gov.vn/en/px-web?pxid=E1410&theme=Health%2C%20Culture%2C%20Sport%20and%20Living%20standard,source_reported_unharmonized
e1410_6ed30ea5f2,health_culture_environment,Number of patient beds under provincial departments of health by province · Medical service unit,Medical service unit,VN_SRC_NINHTHUAN,Ninh Thuan,2007,annual,310.0,Bed,not_specified,E1410,https://www.nso.gov.vn/en/px-web?pxid=E1410&theme=Health%2C%20Culture%2C%20Sport%20and%20Living%20standard,source_reported_unharmonized
e1410_6ed30ea5f2,health_culture_environment,Number of patient beds under provincial departments of health by province · Medical service unit,Medical service unit,VN_SRC_NINHTHUAN,Ninh Thuan,2008,annual,315.0,Bed,not_specified,E1410,https://www.nso.gov.vn/en/px-web?pxid=E1410&theme=Health%2C%20Culture%2C%20Sport%20and%20Living%20standard,source_reported_unharmonized
e1410_6ed30ea5f2,health_culture_environment,Number of patient beds under provincial departments of health by province · Medical service unit,Medical service unit,VN_SRC_NINHTHUAN,Ninh Thuan,2009,annual,325.0,Bed,not_specified,E1410,https://www.nso.gov.vn/en/px-web?pxid=E1410&theme=Health%2C%20Culture%2C%20Sport%20and%20Living%20standard,source_reported_unharmonized
e1410_6ed30ea5f2,health_culture_environment,Number of patient beds under provincial departments of health by province · Medical service unit,Medical service unit,VN_SRC_NINHTHUAN,Ninh Thuan,2010,annual,325.0,Bed,not_specified,E1410,https://www.nso.gov.vn/en/px-web?pxid=E1410&theme=Health%2C%20Culture%2C%20Sport%20and%20Living%20standard,source_reported_unharmonized
e1410_6ed30ea5f2,health_culture_environment,Number of patient beds under provincial departments of health by province · Medical service unit,Medical service unit,VN_SRC_NINHTHUAN,Ninh Thuan,2011,annual,325.0,Bed,not_specified,E1410,https://www.nso.gov.vn/en/px-web?pxid=E1410&theme=Health%2C%20Culture%2C%20Sport%20and%20Living%20standard,source_reported_unharmonized
e1410_6ed30ea5f2,health_culture_environment,Number of patient beds under provincial departments of health by province · Medical service unit,Medical service unit,VN_SRC_NINHTHUAN,Ninh Thuan,2012,annual,325.0,Bed,not_specified,E1410,https://www.nso.gov.vn/en/px-web?pxid=E1410&theme=Health%2C%20Culture%2C%20Sport%20and%20Living%20standard,source_reported_unharmonized
e1410_6ed30ea5f2,health_culture_environment,Number of patient beds under provincial departments of health by province · Medical service unit,Medical service unit,VN_SRC_NINHTHUAN,Ninh Thuan,2013,annual,325.0,Bed,not_specified,E1410,https://www.nso.gov.vn/en/px-web?pxid=E1410&theme=Health%2C%20Culture%2C%20Sport%20and%20Living%20standard,source_reported_unharmonized
e1410_6ed30ea5f2,health_culture_environment,Number of patient beds under provincial departments of health by province · Medical service unit,Medical service unit,VN_SRC_NINHTHUAN,Ninh Thuan,2014,annual,325.0,Bed,not_specified,E1410,https://www.nso.gov.vn/en/px-web?pxid=E1410&theme=Health%2C%20Culture%2C%20Sport%20and%20Living%20standard,source_reported_unharmonized
e1410_6ed30ea5f2,health_culture_environment,Number of patient beds under provincial departments of health by province · Medical service unit,Medical service unit,VN_SRC_NINHTHUAN,Ninh Thuan,2015,annual,325.0,Bed,not_specified,E1410,https://www.nso.gov.vn/en/px-web?pxid=E1410&theme=Health%2C%20Culture%2C%20Sport%20and%20Living%20standard,source_reported_unharmonized
e1410_6ed30ea5f2,health_culture_environment,Number of patient beds under provincial departments of health by province · Medical service unit,Medical service unit,VN_SRC_NINHTHUAN,Ninh Thuan,2016,annual,325.0,Bed,not_specified,E1410,https://www.nso.gov.vn/en/px-web?pxid=E1410&theme=Health%2C%20Culture%2C%20Sport%20and%20Living%20standard,source_reported_unharmonized
e1410_6ed30ea5f2,health_culture_environment,Number of patient beds under provincial departments of health by province · Medical service unit,Medical service unit,VN_SRC_NINHTHUAN,Ninh Thuan,2017,annual,325.0,Bed,not_specified,E1410,https://www.nso.gov.vn/en/px-web?pxid=E1410&theme=Health%2C%20Culture%2C%20Sport%20and%20Living%20standard,source_reported_unharmonized
e1410_6ed30ea5f2,health_culture_environment,Number of patient beds under provincial departments of health by province · Medical service unit,Medical service unit,VN_SRC_BINHTHUAN,Binh Thuan,2002,annual,510.0,Bed,not_specified,E1410,https://www.nso.gov.vn/en/px-web?pxid=E1410&theme=Health%2C%20Culture%2C%20Sport%20and%20Living%20standard,source_reported_unharmonized
e1410_6ed30ea5f2,health_culture_environment,Number of patient beds under provincial departments of health by province · Medical service unit,Medical service unit,VN_SRC_BINHTHUAN,Binh Thuan,2003,annual,515.0,Bed,not_specified,E1410,https://www.nso.gov.vn/en/px-web?pxid=E1410&theme=Health%2C%20Culture%2C%20Sport%20and%20Living%20standard,source_reported_unharmonized
e1410_6ed30ea5f2,health_culture_environment,Number of patient beds under provincial departments of health by province · Medical service unit,Medical service unit,VN_SRC_BINHTHUAN,Binh Thuan,2004,annual,515.0,Bed,not_specified,E1410,https://www.nso.gov.vn/en/px-web?pxid=E1410&theme=Health%2C%20Culture%2C%20Sport%20and%20Living%20standard,source_reported_unharmonized
e1410_6ed30ea5f2,health_culture_environment,Number of patient beds under provincial departments of health by province · Medical service unit,Medical service unit,VN_SRC_BINHTHUAN,Binh Thuan,2005,annual,520.0,Bed,not_specified,E1410,https://www.nso.gov.vn/en/px-web?pxid=E1410&theme=Health%2C%20Culture%2C%20Sport%20and%20Living%20standard,source_reported_unharmonized
e1410_6ed30ea5f2,health_culture_environment,Number of patient beds under provincial departments of health by province · Medical service unit,Medical service unit,VN_SRC_BINHTHUAN,Binh Thuan,2006,annual,550.0,Bed,not_specified,E1410,https://www.nso.gov.vn/en/px-web?pxid=E1410&theme=Health%2C%20Culture%2C%20Sport%20and%20Living%20standard,source_reported_unharmonized
e1410_6ed30ea5f2,health_culture_environment,Number of patient beds under provincial departments of health by province · Medical service unit,Medical service unit,VN_SRC_BINHTHUAN,Binh Thuan,2007,annual,580.0,Bed,not_specified,E1410,https://www.nso.gov.vn/en/px-web?pxid=E1410&theme=Health%2C%20Culture%2C%20Sport%20and%20Living%20standard,source_reported_unharmonized
e1410_6ed30ea5f2,health_culture_environment,Number of patient beds under provincial departments of health by province · Medical service unit,Medical service unit,VN_SRC_BINHTHUAN,Binh Thuan,2008,annual,585.0,Bed,not_specified,E1410,https://www.nso.gov.vn/en/px-web?pxid=E1410&theme=Health%2C%20Culture%2C%20Sport%20and%20Living%20standard,source_reported_unharmonized
e1410_6ed30ea5f2,health_culture_environment,Number of patient beds under provincial departments of health by province · Medical service unit,Medical service unit,VN_SRC_BINHTHUAN,Binh Thuan,2009,annual,585.0,Bed,not_specified,E1410,https://www.nso.gov.vn/en/px-web?pxid=E1410&theme=Health%2C%20Culture%2C%20Sport%20and%20Living%20standard,source_reported_unharmonized
e1410_6ed30ea5f2,health_culture_environment,Number of patient beds under provincial departments of health by province · Medical service unit,Medical service unit,VN_SRC_BINHTHUAN,Binh Thuan,2010,annual,640.0,Bed,not_specified,E1410,https://www.nso.gov.vn/en/px-web?pxid=E1410&theme=Health%2C%20Culture%2C%20Sport%20and%20Living%20standard,source_reported_unharmonized
e1410_6ed30ea5f2,health_culture_environment,Number of patient beds under provincial departments of health by province · Medical service unit,Medical service unit,VN_SRC_BINHTHUAN,Binh Thuan,2011,annual,635.0,Bed,not_specified,E1410,https://www.nso.gov.vn/en/px-web?pxid=E1410&theme=Health%2C%20Culture%2C%20Sport%20and%20Living%20standard,source_reported_unharmonized
e1410_6ed30ea5f2,health_culture_environment,Number of patient beds under provincial departments of health by province · Medical service unit,Medical service unit,VN_SRC_BINHTHUAN,Binh Thuan,2012,annual,635.0,Bed,not_specified,E1410,https://www.nso.gov.vn/en/px-web?pxid=E1410&theme=Health%2C%20Culture%2C%20Sport%20and%20Living%20standard,source_reported_unharmonized
e1410_6ed30ea5f2,health_culture_environment,Number of patient beds under provincial departments of health by province · Medical service unit,Medical service unit,VN_SRC_BINHTHUAN,Binh Thuan,2013,annual,635.0,Bed,not_specified,E1410,https://www.nso.gov.vn/en/px-web?pxid=E1410&theme=Health%2C%20Culture%2C%20Sport%20and%20Living%20standard,source_reported_unharmonized
e1410_6ed30ea5f2,health_culture_environment,Number of patient beds under provincial departments of health by province · Medical service unit,Medical service unit,VN_SRC_BINHTHUAN,Binh Thuan,2014,annual,635.0,Bed,not_specified,E1410,https://www.nso.gov.vn/en/px-web?pxid=E1410&theme=Health%2C%20Culture%2C%20Sport%20and%20Living%20standard,source_reported_unharmonized
e1410_6ed30ea5f2,health_culture_environment,Number of patient beds under provincial departments of health by province · Medical service unit,Medical service unit,VN_SRC_BINHTHUAN,Binh Thuan,2015,annual,635.0,Bed,not_specified,E1410,https://www.nso.gov.vn/en/px-web?pxid=E1410&theme=Health%2C%20Culture%2C%20Sport%20and%20Living%20standard,source_reported_unharmonized
e1410_6ed30ea5f2,health_culture_environment,Number of patient beds under provincial departments of health by province · Medical service unit,Medical service unit,VN_SRC_BINHTHUAN,Binh Thuan,2016,annual,585.0,Bed,not_specified,E1410,https://www.nso.gov.vn/en/px-web?pxid=E1410&theme=Health%2C%20Culture%2C%20Sport%20and%20Living%20standard,source_reported_unharmonized
e1410_6ed30ea5f2,health_culture_environment,Number of patient beds under provincial departments of health by province · Medical service unit,Medical service unit,VN_SRC_BINHTHUAN,Binh Thuan,2017,annual,585.0,Bed,not_specified,E1410,https://www.nso.gov.vn/en/px-web?pxid=E1410&theme=Health%2C%20Culture%2C%20Sport%20and%20Living%20standard,source_reported_unharmonized
e1410_6ed30ea5f2,health_culture_environment,Number of patient beds under provincial departments of health by province · Medical service unit,Medical service unit,VN_SRC_KONTUM,Kon Tum,2002,annual,410.0,Bed,not_specified,E1410,https://www.nso.gov.vn/en/px-web?pxid=E1410&theme=Health%2C%20Culture%2C%20Sport%20and%20Living%20standard,source_reported_unharmonized
e1410_6ed30ea5f2,health_culture_environment,Number of patient beds under provincial departments of health by province · Medical service unit,Medical service unit,VN_SRC_KONTUM,Kon Tum,2003,annual,410.0,Bed,not_specified,E1410,https://www.nso.gov.vn/en/px-web?pxid=E1410&theme=Health%2C%20Culture%2C%20Sport%20and%20Living%20standard,source_reported_unharmonized
e1410_6ed30ea5f2,health_culture_environment,Number of patient beds under provincial departments of health by province · Medical service unit,Medical service unit,VN_SRC_KONTUM,Kon Tum,2004,annual,460.0,Bed,not_specified,E1410,https://www.nso.gov.vn/en/px-web?pxid=E1410&theme=Health%2C%20Culture%2C%20Sport%20and%20Living%20standard,source_reported_unharmonized
e1410_6ed30ea5f2,health_culture_environment,Number of patient beds under provincial departments of health by province · Medical service unit,Medical service unit,VN_SRC_KONTUM,Kon Tum,2005,annual,475.0,Bed,not_specified,E1410,https://www.nso.gov.vn/en/px-web?pxid=E1410&theme=Health%2C%20Culture%2C%20Sport%20and%20Living%20standard,source_reported_unharmonized
e1410_6ed30ea5f2,health_culture_environment,Number of patient beds under provincial departments of health by province · Medical service unit,Medical service unit,VN_SRC_KONTUM,Kon Tum,2006,annual,480.0,Bed,not_specified,E1410,https://www.nso.gov.vn/en/px-web?pxid=E1410&theme=Health%2C%20Culture%2C%20Sport%20and%20Living%20standard,source_reported_unharmonized
e1410_6ed30ea5f2,health_culture_environment,Number of patient beds under provincial departments of health by province · Medical service unit,Medical service unit,VN_SRC_KONTUM,Kon Tum,2007,annual,480.0,Bed,not_specified,E1410,https://www.nso.gov.vn/en/px-web?pxid=E1410&theme=Health%2C%20Culture%2C%20Sport%20and%20Living%20standard,source_reported_unharmonized
e1410_6ed30ea5f2,health_culture_environment,Number of patient beds under provincial departments of health by province · Medical service unit,Medical service unit,VN_SRC_KONTUM,Kon Tum,2008,annual,480.0,Bed,not_specified,E1410,https://www.nso.gov.vn/en/px-web?pxid=E1410&theme=Health%2C%20Culture%2C%20Sport%20and%20Living%20standard,source_reported_unharmonized
e1410_6ed30ea5f2,health_culture_environment,Number of patient beds under provincial departments of health by province · Medical service unit,Medical service unit,VN_SRC_KONTUM,Kon Tum,2009,annual,485.0,Bed,not_specified,E1410,https://www.nso.gov.vn/en/px-web?pxid=E1410&theme=Health%2C%20Culture%2C%20Sport%20and%20Living%20standard,source_reported_unharmonized
e1410_6ed30ea5f2,health_culture_environment,Number of patient beds under provincial departments of health by province · Medical service unit,Medical service unit,VN_SRC_KONTUM,Kon Tum,2010,annual,485.0,Bed,not_specified,E1410,https://www.nso.gov.vn/en/px-web?pxid=E1410&theme=Health%2C%20Culture%2C%20Sport%20and%20Living%20standard,source_reported_unharmonized
e1410_6ed30ea5f2,health_culture_environment,Number of patient beds under provincial departments of health by province · Medical service unit,Medical service unit,VN_SRC_KONTUM,Kon Tum,2011,annual,485.0,Bed,not_specified,E1410,https://www.nso.gov.vn/en/px-web?pxid=E1410&theme=Health%2C%20Culture%2C%20Sport%20and%20Living%20standard,source_reported_unharmonized
e1410_6ed30ea5f2,health_culture_environment,Number of patient beds under provincial departments of health by province · Medical service unit,Medical service unit,VN_SRC_KONTUM,Kon Tum,2012,annual,485.0,Bed,not_specified,E1410,https://www.nso.gov.vn/en/px-web?pxid=E1410&theme=Health%2C%20Culture%2C%20Sport%20and%20Living%20standard,source_reported_unharmonized
e1410_6ed30ea5f2,health_culture_environment,Number of patient beds under provincial departments of health by province · Medical service unit,Medical service unit,VN_SRC_KONTUM,Kon Tum,2013,annual,485.0,Bed,not_specified,E1410,https://www.nso.gov.vn/en/px-web?pxid=E1410&theme=Health%2C%20Culture%2C%20Sport%20and%20Living%20standard,source_reported_unharmonized
e1410_6ed30ea5f2,health_culture_environment,Number of patient beds under provincial departments of health by province · Medical service unit,Medical service unit,VN_SRC_KONTUM,Kon Tum,2014,annual,510.0,Bed,not_specified,E1410,https://www.nso.gov.vn/en/px-web?pxid=E1410&theme=Health%2C%20Culture%2C%20Sport%20and%20Living%20standard,source_reported_unharmonized
e1410_6ed30ea5f2,health_culture_environment,Number of patient beds under provincial departments of health by province · Medical service unit,Medical service unit,VN_SRC_KONTUM,Kon Tum,2015,annual,510.0,Bed,not_specified,E1410,https://www.nso.gov.vn/en/px-web?pxid=E1410&theme=Health%2C%20Culture%2C%20Sport%20and%20Living%20standard,source_reported_unharmonized
e1410_6ed30ea5f2,health_culture_environment,Number of patient beds under provincial departments of health by province · Medical service unit,Medical service unit,VN_SRC_KONTUM,Kon Tum,2016,annual,510.0,Bed,not_specified,E1410,https://www.nso.gov.vn/en/px-web?pxid=E1410&theme=Health%2C%20Culture%2C%20Sport%20and%20Living%20standard,source_reported_unharmonized
e1410_6ed30ea5f2,health_culture_environment,Number of patient beds under provincial departments of health by province · Medical service unit,Medical service unit,VN_SRC_KONTUM,Kon Tum,2017,annual,510.0,Bed,not_specified,E1410,https://www.nso.gov.vn/en/px-web?pxid=E1410&theme=Health%2C%20Culture%2C%20Sport%20and%20Living%20standard,source_reported_unharmonized
e1410_6ed30ea5f2,health_culture_environment,Number of patient beds under provincial departments of health by province · Medical service unit,Medical service unit,VN_SRC_GIALAI,Gia Lai,2002,annual,810.0,Bed,not_specified,E1410,https://www.nso.gov.vn/en/px-web?pxid=E1410&theme=Health%2C%20Culture%2C%20Sport%20and%20Living%20standard,source_reported_unharmonized
e1410_6ed30ea5f2,health_culture_environment,Number of patient beds under provincial departments of health by province · Medical service unit,Medical service unit,VN_SRC_GIALAI,Gia Lai,2003,annual,791.0,Bed,not_specified,E1410,https://www.nso.gov.vn/en/px-web?pxid=E1410&theme=Health%2C%20Culture%2C%20Sport%20and%20Living%20standard,source_reported_unharmonized
e1410_6ed30ea5f2,health_culture_environment,Number of patient beds under provincial departments of health by province · Medical service unit,Medical service unit,VN_SRC_GIALAI,Gia Lai,2004,annual,771.0,Bed,not_specified,E1410,https://www.nso.gov.vn/en/px-web?pxid=E1410&theme=Health%2C%20Culture%2C%20Sport%20and%20Living%20standard,source_reported_unharmonized
e1410_6ed30ea5f2,health_culture_environment,Number of patient beds under provincial departments of health by province · Medical service unit,Medical service unit,VN_SRC_GIALAI,Gia Lai,2005,annual,820.0,Bed,not_specified,E1410,https://www.nso.gov.vn/en/px-web?pxid=E1410&theme=Health%2C%20Culture%2C%20Sport%20and%20Living%20standard,source_reported_unharmonized
e1410_6ed30ea5f2,health_culture_environment,Number of patient beds under provincial departments of health by province · Medical service unit,Medical service unit,VN_SRC_GIALAI,Gia Lai,2006,annual,820.0,Bed,not_specified,E1410,https://www.nso.gov.vn/en/px-web?pxid=E1410&theme=Health%2C%20Culture%2C%20Sport%20and%20Living%20standard,source_reported_unharmonized
e1410_6ed30ea5f2,health_culture_environment,Number of patient beds under provincial departments of health by province · Medical service unit,Medical service unit,VN_SRC_GIALAI,Gia Lai,2007,annual,880.0,Bed,not_specified,E1410,https://www.nso.gov.vn/en/px-web?pxid=E1410&theme=Health%2C%20Culture%2C%20Sport%20and%20Living%20standard,source_reported_unharmonized
e1410_6ed30ea5f2,health_culture_environment,Number of patient beds under provincial departments of health by province · Medical service unit,Medical service unit,VN_SRC_GIALAI,Gia Lai,2008,annual,880.0,Bed,not_specified,E1410,https://www.nso.gov.vn/en/px-web?pxid=E1410&theme=Health%2C%20Culture%2C%20Sport%20and%20Living%20standard,source_reported_unharmonized
e1410_6ed30ea5f2,health_culture_environment,Number of patient beds under provincial departments of health by province · Medical service unit,Medical service unit,VN_SRC_GIALAI,Gia Lai,2009,annual,1035.0,Bed,not_specified,E1410,https://www.nso.gov.vn/en/px-web?pxid=E1410&theme=Health%2C%20Culture%2C%20Sport%20and%20Living%20standard,source_reported_unharmonized
e1410_6ed30ea5f2,health_culture_environment,Number of patient beds under provincial departments of health by province · Medical service unit,Medical service unit,VN_SRC_GIALAI,Gia Lai,2010,annual,1040.0,Bed,not_specified,E1410,https://www.nso.gov.vn/en/px-web?pxid=E1410&theme=Health%2C%20Culture%2C%20Sport%20and%20Living%20standard,source_reported_unharmonized
e1410_6ed30ea5f2,health_culture_environment,Number of patient beds under provincial departments of health by province · Medical service unit,Medical service unit,VN_SRC_GIALAI,Gia Lai,2011,annual,1040.0,Bed,not_specified,E1410,https://www.nso.gov.vn/en/px-web?pxid=E1410&theme=Health%2C%20Culture%2C%20Sport%20and%20Living%20standard,source_reported_unharmonized
e1410_6ed30ea5f2,health_culture_environment,Number of patient beds under provincial departments of health by province · Medical service unit,Medical service unit,VN_SRC_GIALAI,Gia Lai,2012,annual,1040.0,Bed,not_specified,E1410,https://www.nso.gov.vn/en/px-web?pxid=E1410&theme=Health%2C%20Culture%2C%20Sport%20and%20Living%20standard,source_reported_unharmonized
e1410_6ed30ea5f2,health_culture_environment,Number of patient beds under provincial departments of health by province · Medical service unit,Medical service unit,VN_SRC_GIALAI,Gia Lai,2013,annual,1180.0,Bed,not_specified,E1410,https://www.nso.gov.vn/en/px-web?pxid=E1410&theme=Health%2C%20Culture%2C%20Sport%20and%20Living%20standard,source_reported_unharmonized
e1410_6ed30ea5f2,health_culture_environment,Number of patient beds under provincial departments of health by province · Medical service unit,Medical service unit,VN_SRC_GIALAI,Gia Lai,2014,annual,1040.0,Bed,not_specified,E1410,https://www.nso.gov.vn/en/px-web?pxid=E1410&theme=Health%2C%20Culture%2C%20Sport%20and%20Living%20standard,source_reported_unharmonized
e1410_6ed30ea5f2,health_culture_environment,Number of patient beds under provincial departments of health by province · Medical service unit,Medical service unit,VN_SRC_GIALAI,Gia Lai,2015,annual,1040.0,Bed,not_specified,E1410,https://www.nso.gov.vn/en/px-web?pxid=E1410&theme=Health%2C%20Culture%2C%20Sport%20and%20Living%20standard,source_reported_unharmonized
e1410_6ed30ea5f2,health_culture_environment,Number of patient beds under provincial departments of health by province · Medical service unit,Medical service unit,VN_SRC_GIALAI,Gia Lai,2016,annual,1040.0,Bed,not_specified,E1410,https://www.nso.gov.vn/en/px-web?pxid=E1410&theme=Health%2C%20Culture%2C%20Sport%20and%20Living%20standard,source_reported_unharmonized
e1410_6ed30ea5f2,health_culture_environment,Number of patient beds under provincial departments of health by province · Medical service unit,Medical service unit,VN_SRC_GIALAI,Gia Lai,2017,annual,1040.0,Bed,not_specified,E1410,https://www.nso.gov.vn/en/px-web?pxid=E1410&theme=Health%2C%20Culture%2C%20Sport%20and%20Living%20standard,source_reported_unharmonized
e1410_6ed30ea5f2,health_culture_environment,Number of patient beds under provincial departments of health by province · Medical service unit,Medical service unit,VN_SRC_DAKLAK,Dak Lak,2002,annual,636.0,Bed,not_specified,E1410,https://www.nso.gov.vn/en/px-web?pxid=E1410&theme=Health%2C%20Culture%2C%20Sport%20and%20Living%20standard,source_reported_unharmonized
e1410_6ed30ea5f2,health_culture_environment,Number of patient beds under provincial departments of health by province · Medical service unit,Medical service unit,VN_SRC_DAKLAK,Dak Lak,2003,annual,624.0,Bed,not_specified,E1410,https://www.nso.gov.vn/en/px-web?pxid=E1410&theme=Health%2C%20Culture%2C%20Sport%20and%20Living%20standard,source_reported_unharmonized
e1410_6ed30ea5f2,health_culture_environment,Number of patient beds under provincial departments of health by province · Medical service unit,Medical service unit,VN_SRC_DAKLAK,Dak Lak,2004,annual,474.0,Bed,not_specified,E1410,https://www.nso.gov.vn/en/px-web?pxid=E1410&theme=Health%2C%20Culture%2C%20Sport%20and%20Living%20standard,source_reported_unharmonized
e1410_6ed30ea5f2,health_culture_environment,Number of patient beds under provincial departments of health by province · Medical service unit,Medical service unit,VN_SRC_DAKLAK,Dak Lak,2005,annual,603.0,Bed,not_specified,E1410,https://www.nso.gov.vn/en/px-web?pxid=E1410&theme=Health%2C%20Culture%2C%20Sport%20and%20Living%20standard,source_reported_unharmonized
e1410_6ed30ea5f2,health_culture_environment,Number of patient beds under provincial departments of health by province · Medical service unit,Medical service unit,VN_SRC_DAKLAK,Dak Lak,2006,annual,579.0,Bed,not_specified,E1410,https://www.nso.gov.vn/en/px-web?pxid=E1410&theme=Health%2C%20Culture%2C%20Sport%20and%20Living%20standard,source_reported_unharmonized
e1410_6ed30ea5f2,health_culture_environment,Number of patient beds under provincial departments of health by province · Medical service unit,Medical service unit,VN_SRC_DAKLAK,Dak Lak,2007,annual,570.0,Bed,not_specified,E1410,https://www.nso.gov.vn/en/px-web?pxid=E1410&theme=Health%2C%20Culture%2C%20Sport%20and%20Living%20standard,source_reported_unharmonized
e1410_6ed30ea5f2,health_culture_environment,Number of patient beds under provincial departments of health by province · Medical service unit,Medical service unit,VN_SRC_DAKLAK,Dak Lak,2008,annual,570.0,Bed,not_specified,E1410,https://www.nso.gov.vn/en/px-web?pxid=E1410&theme=Health%2C%20Culture%2C%20Sport%20and%20Living%20standard,source_reported_unharmonized
e1410_6ed30ea5f2,health_culture_environment,Number of patient beds under provincial departments of health by province · Medical service unit,Medical service unit,VN_SRC_DAKLAK,Dak Lak,2009,annual,570.0,Bed,not_specified,E1410,https://www.nso.gov.vn/en/px-web?pxid=E1410&theme=Health%2C%20Culture%2C%20Sport%20and%20Living%20standard,source_reported_unharmonized
e1410_6ed30ea5f2,health_culture_environment,Number of patient beds under provincial departments of health by province · Medical service unit,Medical service unit,VN_SRC_DAKLAK,Dak Lak,2010,annual,570.0,Bed,not_specified,E1410,https://www.nso.gov.vn/en/px-web?pxid=E1410&theme=Health%2C%20Culture%2C%20Sport%20and%20Living%20standard,source_reported_unharmonized
e1410_6ed30ea5f2,health_culture_environment,Number of patient beds under provincial departments of health by province · Medical service unit,Medical service unit,VN_SRC_DAKLAK,Dak Lak,2011,annual,920.0,Bed,not_specified,E1410,https://www.nso.gov.vn/en/px-web?pxid=E1410&theme=Health%2C%20Culture%2C%20Sport%20and%20Living%20standard,source_reported_unharmonized
e1410_6ed30ea5f2,health_culture_environment,Number of patient beds under provincial departments of health by province · Medical service unit,Medical service unit,VN_SRC_DAKLAK,Dak Lak,2012,annual,920.0,Bed,not_specified,E1410,https://www.nso.gov.vn/en/px-web?pxid=E1410&theme=Health%2C%20Culture%2C%20Sport%20and%20Living%20standard,source_reported_unharmonized
e1410_6ed30ea5f2,health_culture_environment,Number of patient beds under provincial departments of health by province · Medical service unit,Medical service unit,VN_SRC_DAKLAK,Dak Lak,2013,annual,920.0,Bed,not_specified,E1410,https://www.nso.gov.vn/en/px-web?pxid=E1410&theme=Health%2C%20Culture%2C%20Sport%20and%20Living%20standard,source_reported_unharmonized
e1410_6ed30ea5f2,health_culture_environment,Number of patient beds under provincial departments of health by province · Medical service unit,Medical service unit,VN_SRC_DAKLAK,Dak Lak,2014,annual,920.0,Bed,not_specified,E1410,https://www.nso.gov.vn/en/px-web?pxid=E1410&theme=Health%2C%20Culture%2C%20Sport%20and%20Living%20standard,source_reported_unharmonized
e1410_6ed30ea5f2,health_culture_environment,Number of patient beds under provincial departments of health by province · Medical service unit,Medical service unit,VN_SRC_DAKLAK,Dak Lak,2015,annual,920.0,Bed,not_specified,E1410,https://www.nso.gov.vn/en/px-web?pxid=E1410&theme=Health%2C%20Culture%2C%20Sport%20and%20Living%20standard,source_reported_unharmonized
e1410_6ed30ea5f2,health_culture_environment,Number of patient beds under provincial departments of health by province · Medical service unit,Medical service unit,VN_SRC_DAKLAK,Dak Lak,2016,annual,920.0,Bed,not_specified,E1410,https://www.nso.gov.vn/en/px-web?pxid=E1410&theme=Health%2C%20Culture%2C%20Sport%20and%20Living%20standard,source_reported_unharmonized
e1410_6ed30ea5f2,health_culture_environment,Number of patient beds under provincial departments of health by province · Medical service unit,Medical service unit,VN_SRC_DAKLAK,Dak Lak,2017,annual,920.0,Bed,not_specified,E1410,https://www.nso.gov.vn/en/px-web?pxid=E1410&theme=Health%2C%20Culture%2C%20Sport%20and%20Living%20standard,source_reported_unharmonized
e1410_6ed30ea5f2,health_culture_environment,Number of patient beds under provincial departments of health by province · Medical service unit,Medical service unit,VN_SRC_DAKNONG,Dak Nong,2002,annual,,Bed,not_specified,E1410,https://www.nso.gov.vn/en/px-web?pxid=E1410&theme=Health%2C%20Culture%2C%20Sport%20and%20Living%20standard,source_reported_unharmonized
e1410_6ed30ea5f2,health_culture_environment,Number of patient beds under provincial departments of health by province · Medical service unit,Medical service unit,VN_SRC_DAKNONG,Dak Nong,2003,annual,,Bed,not_specified,E1410,https://www.nso.gov.vn/en/px-web?pxid=E1410&theme=Health%2C%20Culture%2C%20Sport%20and%20Living%20standard,source_reported_unharmonized
e1410_6ed30ea5f2,health_culture_environment,Number of patient beds under provincial departments of health by province · Medical service unit,Medical service unit,VN_SRC_DAKNONG,Dak Nong,2004,annual,150.0,Bed,not_specified,E1410,https://www.nso.gov.vn/en/px-web?pxid=E1410&theme=Health%2C%20Culture%2C%20Sport%20and%20Living%20standard,source_reported_unharmonized
e1410_6ed30ea5f2,health_culture_environment,Number of patient beds under provincial departments of health by province · Medical service unit,Medical service unit,VN_SRC_DAKNONG,Dak Nong,2005,annual,168.0,Bed,not_specified,E1410,https://www.nso.gov.vn/en/px-web?pxid=E1410&theme=Health%2C%20Culture%2C%20Sport%20and%20Living%20standard,source_reported_unharmonized
e1410_6ed30ea5f2,health_culture_environment,Number of patient beds under provincial departments of health by province · Medical service unit,Medical service unit,VN_SRC_DAKNONG,Dak Nong,2006,annual,168.0,Bed,not_specified,E1410,https://www.nso.gov.vn/en/px-web?pxid=E1410&theme=Health%2C%20Culture%2C%20Sport%20and%20Living%20standard,source_reported_unharmonized
e1410_6ed30ea5f2,health_culture_environment,Number of patient beds under provincial departments of health by province · Medical service unit,Medical service unit,VN_SRC_DAKNONG,Dak Nong,2007,annual,237.0,Bed,not_specified,E1410,https://www.nso.gov.vn/en/px-web?pxid=E1410&theme=Health%2C%20Culture%2C%20Sport%20and%20Living%20standard,source_reported_unharmonized
e1410_6ed30ea5f2,health_culture_environment,Number of patient beds under provincial departments of health by province · Medical service unit,Medical service unit,VN_SRC_DAKNONG,Dak Nong,2008,annual,286.0,Bed,not_specified,E1410,https://www.nso.gov.vn/en/px-web?pxid=E1410&theme=Health%2C%20Culture%2C%20Sport%20and%20Living%20standard,source_reported_unharmonized
e1410_6ed30ea5f2,health_culture_environment,Number of patient beds under provincial departments of health by province · Medical service unit,Medical service unit,VN_SRC_DAKNONG,Dak Nong,2009,annual,283.0,Bed,not_specified,E1410,https://www.nso.gov.vn/en/px-web?pxid=E1410&theme=Health%2C%20Culture%2C%20Sport%20and%20Living%20standard,source_reported_unharmonized
e1410_6ed30ea5f2,health_culture_environment,Number of patient beds under provincial departments of health by province · Medical service unit,Medical service unit,VN_SRC_DAKNONG,Dak Nong,2010,annual,250.0,Bed,not_specified,E1410,https://www.nso.gov.vn/en/px-web?pxid=E1410&theme=Health%2C%20Culture%2C%20Sport%20and%20Living%20standard,source_reported_unharmonized
e1410_6ed30ea5f2,health_culture_environment,Number of patient beds under provincial departments of health by province · Medical service unit,Medical service unit,VN_SRC_DAKNONG,Dak Nong,2011,annual,247.0,Bed,not_specified,E1410,https://www.nso.gov.vn/en/px-web?pxid=E1410&theme=Health%2C%20Culture%2C%20Sport%20and%20Living%20standard,source_reported_unharmonized
e1410_6ed30ea5f2,health_culture_environment,Number of patient beds under provincial departments of health by province · Medical service unit,Medical service unit,VN_SRC_DAKNONG,Dak Nong,2012,annual,272.0,Bed,not_specified,E1410,https://www.nso.gov.vn/en/px-web?pxid=E1410&theme=Health%2C%20Culture%2C%20Sport%20and%20Living%20standard,source_reported_unharmonized
e1410_6ed30ea5f2,health_culture_environment,Number of patient beds under provincial departments of health by province · Medical service unit,Medical service unit,VN_SRC_DAKNONG,Dak Nong,2013,annual,294.0,Bed,not_specified,E1410,https://www.nso.gov.vn/en/px-web?pxid=E1410&theme=Health%2C%20Culture%2C%20Sport%20and%20Living%20standard,source_reported_unharmonized
e1410_6ed30ea5f2,health_culture_environment,Number of patient beds under provincial departments of health by province · Medical service unit,Medical service unit,VN_SRC_DAKNONG,Dak Nong,2014,annual,294.0,Bed,not_specified,E1410,https://www.nso.gov.vn/en/px-web?pxid=E1410&theme=Health%2C%20Culture%2C%20Sport%20and%20Living%20standard,source_reported_unharmonized
e1410_6ed30ea5f2,health_culture_environment,Number of patient beds under provincial departments of health by province · Medical service unit,Medical service unit,VN_SRC_DAKNONG,Dak Nong,2015,annual,294.0,Bed,not_specified,E1410,https://www.nso.gov.vn/en/px-web?pxid=E1410&theme=Health%2C%20Culture%2C%20Sport%20and%20Living%20standard,source_reported_unharmonized
e1410_6ed30ea5f2,health_culture_environment,Number of patient beds under provincial departments of health by province · Medical service unit,Medical service unit,VN_SRC_DAKNONG,Dak Nong,2016,annual,305.0,Bed,not_specified,E1410,https://www.nso.gov.vn/en/px-web?pxid=E1410&theme=Health%2C%20Culture%2C%20Sport%20and%20Living%20standard,source_reported_unharmonized
e1410_6ed30ea5f2,health_culture_environment,Number of patient beds under provincial departments of health by province · Medical service unit,Medical service unit,VN_SRC_DAKNONG,Dak Nong,2017,annual,289.0,Bed,not_specified,E1410,https://www.nso.gov.vn/en/px-web?pxid=E1410&theme=Health%2C%20Culture%2C%20Sport%20and%20Living%20standard,source_reported_unharmonized
e1410_6ed30ea5f2,health_culture_environment,Number of patient beds under provincial departments of health by province · Medical service unit,Medical service unit,VN_SRC_LAMDONG,Lam Dong,2002,annual,565.0,Bed,not_specified,E1410,https://www.nso.gov.vn/en/px-web?pxid=E1410&theme=Health%2C%20Culture%2C%20Sport%20and%20Living%20standard,source_reported_unharmonized
e1410_6ed30ea5f2,health_culture_environment,Number of patient beds under provincial departments of health by province · Medical service unit,Medical service unit,VN_SRC_LAMDONG,Lam Dong,2003,annual,592.0,Bed,not_specified,E1410,https://www.nso.gov.vn/en/px-web?pxid=E1410&theme=Health%2C%20Culture%2C%20Sport%20and%20Living%20standard,source_reported_unharmonized
e1410_6ed30ea5f2,health_culture_environment,Number of patient beds under provincial departments of health by province · Medical service unit,Medical service unit,VN_SRC_LAMDONG,Lam Dong,2004,annual,580.0,Bed,not_specified,E1410,https://www.nso.gov.vn/en/px-web?pxid=E1410&theme=Health%2C%20Culture%2C%20Sport%20and%20Living%20standard,source_reported_unharmonized
e1410_6ed30ea5f2,health_culture_environment,Number of patient beds under provincial departments of health by province · Medical service unit,Medical service unit,VN_SRC_LAMDONG,Lam Dong,2005,annual,622.0,Bed,not_specified,E1410,https://www.nso.gov.vn/en/px-web?pxid=E1410&theme=Health%2C%20Culture%2C%20Sport%20and%20Living%20standard,source_reported_unharmonized
e1410_6ed30ea5f2,health_culture_environment,Number of patient beds under provincial departments of health by province · Medical service unit,Medical service unit,VN_SRC_LAMDONG,Lam Dong,2006,annual,622.0,Bed,not_specified,E1410,https://www.nso.gov.vn/en/px-web?pxid=E1410&theme=Health%2C%20Culture%2C%20Sport%20and%20Living%20standard,source_reported_unharmonized
e1410_6ed30ea5f2,health_culture_environment,Number of patient beds under provincial departments of health by province · Medical service unit,Medical service unit,VN_SRC_LAMDONG,Lam Dong,2007,annual,590.0,Bed,not_specified,E1410,https://www.nso.gov.vn/en/px-web?pxid=E1410&theme=Health%2C%20Culture%2C%20Sport%20and%20Living%20standard,source_reported_unharmonized
e1410_6ed30ea5f2,health_culture_environment,Number of patient beds under provincial departments of health by province · Medical service unit,Medical service unit,VN_SRC_LAMDONG,Lam Dong,2008,annual,590.0,Bed,not_specified,E1410,https://www.nso.gov.vn/en/px-web?pxid=E1410&theme=Health%2C%20Culture%2C%20Sport%20and%20Living%20standard,source_reported_unharmonized
e1410_6ed30ea5f2,health_culture_environment,Number of patient beds under provincial departments of health by province · Medical service unit,Medical service unit,VN_SRC_LAMDONG,Lam Dong,2009,annual,580.0,Bed,not_specified,E1410,https://www.nso.gov.vn/en/px-web?pxid=E1410&theme=Health%2C%20Culture%2C%20Sport%20and%20Living%20standard,source_reported_unharmonized
e1410_6ed30ea5f2,health_culture_environment,Number of patient beds under provincial departments of health by province · Medical service unit,Medical service unit,VN_SRC_LAMDONG,Lam Dong,2010,annual,610.0,Bed,not_specified,E1410,https://www.nso.gov.vn/en/px-web?pxid=E1410&theme=Health%2C%20Culture%2C%20Sport%20and%20Living%20standard,source_reported_unharmonized
e1410_6ed30ea5f2,health_culture_environment,Number of patient beds under provincial departments of health by province · Medical service unit,Medical service unit,VN_SRC_LAMDONG,Lam Dong,2011,annual,610.0,Bed,not_specified,E1410,https://www.nso.gov.vn/en/px-web?pxid=E1410&theme=Health%2C%20Culture%2C%20Sport%20and%20Living%20standard,source_reported_unharmonized
e1410_6ed30ea5f2,health_culture_environment,Number of patient beds under provincial departments of health by province · Medical service unit,Medical service unit,VN_SRC_LAMDONG,Lam Dong,2012,annual,633.0,Bed,not_specified,E1410,https://www.nso.gov.vn/en/px-web?pxid=E1410&theme=Health%2C%20Culture%2C%20Sport%20and%20Living%20standard,source_reported_unharmonized
e1410_6ed30ea5f2,health_culture_environment,Number of patient beds under provincial departments of health by province · Medical service unit,Medical service unit,VN_SRC_LAMDONG,Lam Dong,2013,annual,635.0,Bed,not_specified,E1410,https://www.nso.gov.vn/en/px-web?pxid=E1410&theme=Health%2C%20Culture%2C%20Sport%20and%20Living%20standard,source_reported_unharmonized
e1410_6ed30ea5f2,health_culture_environment,Number of patient beds under provincial departments of health by province · Medical service unit,Medical service unit,VN_SRC_LAMDONG,Lam Dong,2014,annual,635.0,Bed,not_specified,E1410,https://www.nso.gov.vn/en/px-web?pxid=E1410&theme=Health%2C%20Culture%2C%20Sport%20and%20Living%20standard,source_reported_unharmonized
e1410_6ed30ea5f2,health_culture_environment,Number of patient beds under provincial departments of health by province · Medical service unit,Medical service unit,VN_SRC_LAMDONG,Lam Dong,2015,annual,635.0,Bed,not_specified,E1410,https://www.nso.gov.vn/en/px-web?pxid=E1410&theme=Health%2C%20Culture%2C%20Sport%20and%20Living%20standard,source_reported_unharmonized
e1410_6ed30ea5f2,health_culture_environment,Number of patient beds under provincial departments of health by province · Medical service unit,Medical service unit,VN_SRC_LAMDONG,Lam Dong,2016,annual,635.0,Bed,not_specified,E1410,https://www.nso.gov.vn/en/px-web?pxid=E1410&theme=Health%2C%20Culture%2C%20Sport%20and%20Living%20standard,source_reported_unharmonized
e1410_6ed30ea5f2,health_culture_environment,Number of patient beds under provincial departments of health by province · Medical service unit,Medical service unit,VN_SRC_LAMDONG,Lam Dong,2017,annual,635.0,Bed,not_specified,E1410,https://www.nso.gov.vn/en/px-web?pxid=E1410&theme=Health%2C%20Culture%2C%20Sport%20and%20Living%20standard,source_reported_unharmonized
e1410_6ed30ea5f2,health_culture_environment,Number of patient beds under provincial departments of health by province · Medical service unit,Medical service unit,VN_SRC_BINHPHUOC,Binh Phuoc,2002,annual,242.0,Bed,not_specified,E1410,https://www.nso.gov.vn/en/px-web?pxid=E1410&theme=Health%2C%20Culture%2C%20Sport%20and%20Living%20standard,source_reported_unharmonized
e1410_6ed30ea5f2,health_culture_environment,Number of patient beds under provincial departments of health by province · Medical service unit,Medical service unit,VN_SRC_BINHPHUOC,Binh Phuoc,2003,annual,261.0,Bed,not_specified,E1410,https://www.nso.gov.vn/en/px-web?pxid=E1410&theme=Health%2C%20Culture%2C%20Sport%20and%20Living%20standard,source_reported_unharmonized
e1410_6ed30ea5f2,health_culture_environment,Number of patient beds under provincial departments of health by province · Medical service unit,Medical service unit,VN_SRC_BINHPHUOC,Binh Phuoc,2004,annual,267.0,Bed,not_specified,E1410,https://www.nso.gov.vn/en/px-web?pxid=E1410&theme=Health%2C%20Culture%2C%20Sport%20and%20Living%20standard,source_reported_unharmonized
e1410_6ed30ea5f2,health_culture_environment,Number of patient beds under provincial departments of health by province · Medical service unit,Medical service unit,VN_SRC_BINHPHUOC,Binh Phuoc,2005,annual,273.0,Bed,not_specified,E1410,https://www.nso.gov.vn/en/px-web?pxid=E1410&theme=Health%2C%20Culture%2C%20Sport%20and%20Living%20standard,source_reported_unharmonized
e1410_6ed30ea5f2,health_culture_environment,Number of patient beds under provincial departments of health by province · Medical service unit,Medical service unit,VN_SRC_BINHPHUOC,Binh Phuoc,2006,annual,278.0,Bed,not_specified,E1410,https://www.nso.gov.vn/en/px-web?pxid=E1410&theme=Health%2C%20Culture%2C%20Sport%20and%20Living%20standard,source_reported_unharmonized
e1410_6ed30ea5f2,health_culture_environment,Number of patient beds under provincial departments of health by province · Medical service unit,Medical service unit,VN_SRC_BINHPHUOC,Binh Phuoc,2007,annual,297.0,Bed,not_specified,E1410,https://www.nso.gov.vn/en/px-web?pxid=E1410&theme=Health%2C%20Culture%2C%20Sport%20and%20Living%20standard,source_reported_unharmonized
e1410_6ed30ea5f2,health_culture_environment,Number of patient beds under provincial departments of health by province · Medical service unit,Medical service unit,VN_SRC_BINHPHUOC,Binh Phuoc,2008,annual,408.0,Bed,not_specified,E1410,https://www.nso.gov.vn/en/px-web?pxid=E1410&theme=Health%2C%20Culture%2C%20Sport%20and%20Living%20standard,source_reported_unharmonized
e1410_6ed30ea5f2,health_culture_environment,Number of patient beds under provincial departments of health by province · Medical service unit,Medical service unit,VN_SRC_BINHPHUOC,Binh Phuoc,2009,annual,408.0,Bed,not_specified,E1410,https://www.nso.gov.vn/en/px-web?pxid=E1410&theme=Health%2C%20Culture%2C%20Sport%20and%20Living%20standard,source_reported_unharmonized
e1410_6ed30ea5f2,health_culture_environment,Number of patient beds under provincial departments of health by province · Medical service unit,Medical service unit,VN_SRC_BINHPHUOC,Binh Phuoc,2010,annual,555.0,Bed,not_specified,E1410,https://www.nso.gov.vn/en/px-web?pxid=E1410&theme=Health%2C%20Culture%2C%20Sport%20and%20Living%20standard,source_reported_unharmonized
e1410_6ed30ea5f2,health_culture_environment,Number of patient beds under provincial departments of health by province · Medical service unit,Medical service unit,VN_SRC_BINHPHUOC,Binh Phuoc,2011,annual,555.0,Bed,not_specified,E1410,https://www.nso.gov.vn/en/px-web?pxid=E1410&theme=Health%2C%20Culture%2C%20Sport%20and%20Living%20standard,source_reported_unharmonized
e1410_6ed30ea5f2,health_culture_environment,Number of patient beds under provincial departments of health by province · Medical service unit,Medical service unit,VN_SRC_BINHPHUOC,Binh Phuoc,2012,annual,555.0,Bed,not_specified,E1410,https://www.nso.gov.vn/en/px-web?pxid=E1410&theme=Health%2C%20Culture%2C%20Sport%20and%20Living%20standard,source_reported_unharmonized
e1410_6ed30ea5f2,health_culture_environment,Number of patient beds under provincial departments of health by province · Medical service unit,Medical service unit,VN_SRC_BINHPHUOC,Binh Phuoc,2013,annual,555.0,Bed,not_specified,E1410,https://www.nso.gov.vn/en/px-web?pxid=E1410&theme=Health%2C%20Culture%2C%20Sport%20and%20Living%20standard,source_reported_unharmonized
e1410_6ed30ea5f2,health_culture_environment,Number of patient beds under provincial departments of health by province · Medical service unit,Medical service unit,VN_SRC_BINHPHUOC,Binh Phuoc,2014,annual,555.0,Bed,not_specified,E1410,https://www.nso.gov.vn/en/px-web?pxid=E1410&theme=Health%2C%20Culture%2C%20Sport%20and%20Living%20standard,source_reported_unharmonized
e1410_6ed30ea5f2,health_culture_environment,Number of patient beds under provincial departments of health by province · Medical service unit,Medical service unit,VN_SRC_BINHPHUOC,Binh Phuoc,2015,annual,575.0,Bed,not_specified,E1410,https://www.nso.gov.vn/en/px-web?pxid=E1410&theme=Health%2C%20Culture%2C%20Sport%20and%20Living%20standard,source_reported_unharmonized
e1410_6ed30ea5f2,health_culture_environment,Number of patient beds under provincial departments of health by province · Medical service unit,Medical service unit,VN_SRC_BINHPHUOC,Binh Phuoc,2016,annual,626.0,Bed,not_specified,E1410,https://www.nso.gov.vn/en/px-web?pxid=E1410&theme=Health%2C%20Culture%2C%20Sport%20and%20Living%20standard,source_reported_unharmonized
e1410_6ed30ea5f2,health_culture_environment,Number of patient beds under provincial departments of health by province · Medical service unit,Medical service unit,VN_SRC_BINHPHUOC,Binh Phuoc,2017,annual,576.0,Bed,not_specified,E1410,https://www.nso.gov.vn/en/px-web?pxid=E1410&theme=Health%2C%20Culture%2C%20Sport%20and%20Living%20standard,source_reported_unharmonized
e1410_6ed30ea5f2,health_culture_environment,Number of patient beds under provincial departments of health by province · Medical service unit,Medical service unit,VN_SRC_TAYNINH,Tay Ninh,2002,annual,445.0,Bed,not_specified,E1410,https://www.nso.gov.vn/en/px-web?pxid=E1410&theme=Health%2C%20Culture%2C%20Sport%20and%20Living%20standard,source_reported_unharmonized
e1410_6ed30ea5f2,health_culture_environment,Number of patient beds under provincial departments of health by province · Medical service unit,Medical service unit,VN_SRC_TAYNINH,Tay Ninh,2003,annual,420.0,Bed,not_specified,E1410,https://www.nso.gov.vn/en/px-web?pxid=E1410&theme=Health%2C%20Culture%2C%20Sport%20and%20Living%20standard,source_reported_unharmonized
e1410_6ed30ea5f2,health_culture_environment,Number of patient beds under provincial departments of health by province · Medical service unit,Medical service unit,VN_SRC_TAYNINH,Tay Ninh,2004,annual,425.0,Bed,not_specified,E1410,https://www.nso.gov.vn/en/px-web?pxid=E1410&theme=Health%2C%20Culture%2C%20Sport%20and%20Living%20standard,source_reported_unharmonized
e1410_6ed30ea5f2,health_culture_environment,Number of patient beds under provincial departments of health by province · Medical service unit,Medical service unit,VN_SRC_TAYNINH,Tay Ninh,2005,annual,430.0,Bed,not_specified,E1410,https://www.nso.gov.vn/en/px-web?pxid=E1410&theme=Health%2C%20Culture%2C%20Sport%20and%20Living%20standard,source_reported_unharmonized
e1410_6ed30ea5f2,health_culture_environment,Number of patient beds under provincial departments of health by province · Medical service unit,Medical service unit,VN_SRC_TAYNINH,Tay Ninh,2006,annual,430.0,Bed,not_specified,E1410,https://www.nso.gov.vn/en/px-web?pxid=E1410&theme=Health%2C%20Culture%2C%20Sport%20and%20Living%20standard,source_reported_unharmonized
e1410_6ed30ea5f2,health_culture_environment,Number of patient beds under provincial departments of health by province · Medical service unit,Medical service unit,VN_SRC_TAYNINH,Tay Ninh,2007,annual,430.0,Bed,not_specified,E1410,https://www.nso.gov.vn/en/px-web?pxid=E1410&theme=Health%2C%20Culture%2C%20Sport%20and%20Living%20standard,source_reported_unharmonized
e1410_6ed30ea5f2,health_culture_environment,Number of patient beds under provincial departments of health by province · Medical service unit,Medical service unit,VN_SRC_TAYNINH,Tay Ninh,2008,annual,430.0,Bed,not_specified,E1410,https://www.nso.gov.vn/en/px-web?pxid=E1410&theme=Health%2C%20Culture%2C%20Sport%20and%20Living%20standard,source_reported_unharmonized
e1410_6ed30ea5f2,health_culture_environment,Number of patient beds under provincial departments of health by province · Medical service unit,Medical service unit,VN_SRC_TAYNINH,Tay Ninh,2009,annual,430.0,Bed,not_specified,E1410,https://www.nso.gov.vn/en/px-web?pxid=E1410&theme=Health%2C%20Culture%2C%20Sport%20and%20Living%20standard,source_reported_unharmonized
e1410_6ed30ea5f2,health_culture_environment,Number of patient beds under provincial departments of health by province · Medical service unit,Medical service unit,VN_SRC_TAYNINH,Tay Ninh,2010,annual,475.0,Bed,not_specified,E1410,https://www.nso.gov.vn/en/px-web?pxid=E1410&theme=Health%2C%20Culture%2C%20Sport%20and%20Living%20standard,source_reported_unharmonized
e1410_6ed30ea5f2,health_culture_environment,Number of patient beds under provincial departments of health by province · Medical service unit,Medical service unit,VN_SRC_TAYNINH,Tay Ninh,2011,annual,475.0,Bed,not_specified,E1410,https://www.nso.gov.vn/en/px-web?pxid=E1410&theme=Health%2C%20Culture%2C%20Sport%20and%20Living%20standard,source_reported_unharmonized
e1410_6ed30ea5f2,health_culture_environment,Number of patient beds under provincial departments of health by province · Medical service unit,Medical service unit,VN_SRC_TAYNINH,Tay Ninh,2012,annual,475.0,Bed,not_specified,E1410,https://www.nso.gov.vn/en/px-web?pxid=E1410&theme=Health%2C%20Culture%2C%20Sport%20and%20Living%20standard,source_reported_unharmonized
e1410_6ed30ea5f2,health_culture_environment,Number of patient beds under provincial departments of health by province · Medical service unit,Medical service unit,VN_SRC_TAYNINH,Tay Ninh,2013,annual,465.0,Bed,not_specified,E1410,https://www.nso.gov.vn/en/px-web?pxid=E1410&theme=Health%2C%20Culture%2C%20Sport%20and%20Living%20standard,source_reported_unharmonized
e1410_6ed30ea5f2,health_culture_environment,Number of patient beds under provincial departments of health by province · Medical service unit,Medical service unit,VN_SRC_TAYNINH,Tay Ninh,2014,annual,465.0,Bed,not_specified,E1410,https://www.nso.gov.vn/en/px-web?pxid=E1410&theme=Health%2C%20Culture%2C%20Sport%20and%20Living%20standard,source_reported_unharmonized
e1410_6ed30ea5f2,health_culture_environment,Number of patient beds under provincial departments of health by province · Medical service unit,Medical service unit,VN_SRC_TAYNINH,Tay Ninh,2015,annual,465.0,Bed,not_specified,E1410,https://www.nso.gov.vn/en/px-web?pxid=E1410&theme=Health%2C%20Culture%2C%20Sport%20and%20Living%20standard,source_reported_unharmonized
e1410_6ed30ea5f2,health_culture_environment,Number of patient beds under provincial departments of health by province · Medical service unit,Medical service unit,VN_SRC_TAYNINH,Tay Ninh,2016,annual,465.0,Bed,not_specified,E1410,https://www.nso.gov.vn/en/px-web?pxid=E1410&theme=Health%2C%20Culture%2C%20Sport%20and%20Living%20standard,source_reported_unharmonized
e1410_6ed30ea5f2,health_culture_environment,Number of patient beds under provincial departments of health by province · Medical service unit,Medical service unit,VN_SRC_TAYNINH,Tay Ninh,2017,annual,485.0,Bed,not_specified,E1410,https://www.nso.gov.vn/en/px-web?pxid=E1410&theme=Health%2C%20Culture%2C%20Sport%20and%20Living%20standard,source_reported_unharmonized
e1410_6ed30ea5f2,health_culture_environment,Number of patient beds under provincial departments of health by province · Medical service unit,Medical service unit,VN_SRC_BINHDUONG,Binh Duong,2002,annual,395.0,Bed,not_specified,E1410,https://www.nso.gov.vn/en/px-web?pxid=E1410&theme=Health%2C%20Culture%2C%20Sport%20and%20Living%20standard,source_reported_unharmonized
e1410_6ed30ea5f2,health_culture_environment,Number of patient beds under provincial departments of health by province · Medical service unit,Medical service unit,VN_SRC_BINHDUONG,Binh Duong,2003,annual,395.0,Bed,not_specified,E1410,https://www.nso.gov.vn/en/px-web?pxid=E1410&theme=Health%2C%20Culture%2C%20Sport%20and%20Living%20standard,source_reported_unharmonized
e1410_6ed30ea5f2,health_culture_environment,Number of patient beds under provincial departments of health by province · Medical service unit,Medical service unit,VN_SRC_BINHDUONG,Binh Duong,2004,annual,420.0,Bed,not_specified,E1410,https://www.nso.gov.vn/en/px-web?pxid=E1410&theme=Health%2C%20Culture%2C%20Sport%20and%20Living%20standard,source_reported_unharmonized
e1410_6ed30ea5f2,health_culture_environment,Number of patient beds under provincial departments of health by province · Medical service unit,Medical service unit,VN_SRC_BINHDUONG,Binh Duong,2005,annual,445.0,Bed,not_specified,E1410,https://www.nso.gov.vn/en/px-web?pxid=E1410&theme=Health%2C%20Culture%2C%20Sport%20and%20Living%20standard,source_reported_unharmonized
e1410_6ed30ea5f2,health_culture_environment,Number of patient beds under provincial departments of health by province · Medical service unit,Medical service unit,VN_SRC_BINHDUONG,Binh Duong,2006,annual,445.0,Bed,not_specified,E1410,https://www.nso.gov.vn/en/px-web?pxid=E1410&theme=Health%2C%20Culture%2C%20Sport%20and%20Living%20standard,source_reported_unharmonized
e1410_6ed30ea5f2,health_culture_environment,Number of patient beds under provincial departments of health by province · Medical service unit,Medical service unit,VN_SRC_BINHDUONG,Binh Duong,2007,annual,435.0,Bed,not_specified,E1410,https://www.nso.gov.vn/en/px-web?pxid=E1410&theme=Health%2C%20Culture%2C%20Sport%20and%20Living%20standard,source_reported_unharmonized
e1410_6ed30ea5f2,health_culture_environment,Number of patient beds under provincial departments of health by province · Medical service unit,Medical service unit,VN_SRC_BINHDUONG,Binh Duong,2008,annual,445.0,Bed,not_specified,E1410,https://www.nso.gov.vn/en/px-web?pxid=E1410&theme=Health%2C%20Culture%2C%20Sport%20and%20Living%20standard,source_reported_unharmonized
e1410_6ed30ea5f2,health_culture_environment,Number of patient beds under provincial departments of health by province · Medical service unit,Medical service unit,VN_SRC_BINHDUONG,Binh Duong,2009,annual,455.0,Bed,not_specified,E1410,https://www.nso.gov.vn/en/px-web?pxid=E1410&theme=Health%2C%20Culture%2C%20Sport%20and%20Living%20standard,source_reported_unharmonized
e1410_6ed30ea5f2,health_culture_environment,Number of patient beds under provincial departments of health by province · Medical service unit,Medical service unit,VN_SRC_BINHDUONG,Binh Duong,2010,annual,455.0,Bed,not_specified,E1410,https://www.nso.gov.vn/en/px-web?pxid=E1410&theme=Health%2C%20Culture%2C%20Sport%20and%20Living%20standard,source_reported_unharmonized
e1410_6ed30ea5f2,health_culture_environment,Number of patient beds under provincial departments of health by province · Medical service unit,Medical service unit,VN_SRC_BINHDUONG,Binh Duong,2011,annual,455.0,Bed,not_specified,E1410,https://www.nso.gov.vn/en/px-web?pxid=E1410&theme=Health%2C%20Culture%2C%20Sport%20and%20Living%20standard,source_reported_unharmonized
e1410_6ed30ea5f2,health_culture_environment,Number of patient beds under provincial departments of health by province · Medical service unit,Medical service unit,VN_SRC_BINHDUONG,Binh Duong,2012,annual,455.0,Bed,not_specified,E1410,https://www.nso.gov.vn/en/px-web?pxid=E1410&theme=Health%2C%20Culture%2C%20Sport%20and%20Living%20standard,source_reported_unharmonized
e1410_6ed30ea5f2,health_culture_environment,Number of patient beds under provincial departments of health by province · Medical service unit,Medical service unit,VN_SRC_BINHDUONG,Binh Duong,2013,annual,455.0,Bed,not_specified,E1410,https://www.nso.gov.vn/en/px-web?pxid=E1410&theme=Health%2C%20Culture%2C%20Sport%20and%20Living%20standard,source_reported_unharmonized
e1410_6ed30ea5f2,health_culture_environment,Number of patient beds under provincial departments of health by province · Medical service unit,Medical service unit,VN_SRC_BINHDUONG,Binh Duong,2014,annual,455.0,Bed,not_specified,E1410,https://www.nso.gov.vn/en/px-web?pxid=E1410&theme=Health%2C%20Culture%2C%20Sport%20and%20Living%20standard,source_reported_unharmonized
e1410_6ed30ea5f2,health_culture_environment,Number of patient beds under provincial departments of health by province · Medical service unit,Medical service unit,VN_SRC_BINHDUONG,Binh Duong,2015,annual,455.0,Bed,not_specified,E1410,https://www.nso.gov.vn/en/px-web?pxid=E1410&theme=Health%2C%20Culture%2C%20Sport%20and%20Living%20standard,source_reported_unharmonized
e1410_6ed30ea5f2,health_culture_environment,Number of patient beds under provincial departments of health by province · Medical service unit,Medical service unit,VN_SRC_BINHDUONG,Binh Duong,2016,annual,455.0,Bed,not_specified,E1410,https://www.nso.gov.vn/en/px-web?pxid=E1410&theme=Health%2C%20Culture%2C%20Sport%20and%20Living%20standard,source_reported_unharmonized
e1410_6ed30ea5f2,health_culture_environment,Number of patient beds under provincial departments of health by province · Medical service unit,Medical service unit,VN_SRC_BINHDUONG,Binh Duong,2017,annual,455.0,Bed,not_specified,E1410,https://www.nso.gov.vn/en/px-web?pxid=E1410&theme=Health%2C%20Culture%2C%20Sport%20and%20Living%20standard,source_reported_unharmonized
e1410_6ed30ea5f2,health_culture_environment,Number of patient beds under provincial departments of health by province · Medical service unit,Medical service unit,VN_SRC_DONGNAI,Dong Nai,2002,annual,815.0,Bed,not_specified,E1410,https://www.nso.gov.vn/en/px-web?pxid=E1410&theme=Health%2C%20Culture%2C%20Sport%20and%20Living%20standard,source_reported_unharmonized
e1410_6ed30ea5f2,health_culture_environment,Number of patient beds under provincial departments of health by province · Medical service unit,Medical service unit,VN_SRC_DONGNAI,Dong Nai,2003,annual,825.0,Bed,not_specified,E1410,https://www.nso.gov.vn/en/px-web?pxid=E1410&theme=Health%2C%20Culture%2C%20Sport%20and%20Living%20standard,source_reported_unharmonized
e1410_6ed30ea5f2,health_culture_environment,Number of patient beds under provincial departments of health by province · Medical service unit,Medical service unit,VN_SRC_DONGNAI,Dong Nai,2004,annual,855.0,Bed,not_specified,E1410,https://www.nso.gov.vn/en/px-web?pxid=E1410&theme=Health%2C%20Culture%2C%20Sport%20and%20Living%20standard,source_reported_unharmonized
e1410_6ed30ea5f2,health_culture_environment,Number of patient beds under provincial departments of health by province · Medical service unit,Medical service unit,VN_SRC_DONGNAI,Dong Nai,2005,annual,855.0,Bed,not_specified,E1410,https://www.nso.gov.vn/en/px-web?pxid=E1410&theme=Health%2C%20Culture%2C%20Sport%20and%20Living%20standard,source_reported_unharmonized
e1410_6ed30ea5f2,health_culture_environment,Number of patient beds under provincial departments of health by province · Medical service unit,Medical service unit,VN_SRC_DONGNAI,Dong Nai,2006,annual,855.0,Bed,not_specified,E1410,https://www.nso.gov.vn/en/px-web?pxid=E1410&theme=Health%2C%20Culture%2C%20Sport%20and%20Living%20standard,source_reported_unharmonized
e1410_6ed30ea5f2,health_culture_environment,Number of patient beds under provincial departments of health by province · Medical service unit,Medical service unit,VN_SRC_DONGNAI,Dong Nai,2007,annual,855.0,Bed,not_specified,E1410,https://www.nso.gov.vn/en/px-web?pxid=E1410&theme=Health%2C%20Culture%2C%20Sport%20and%20Living%20standard,source_reported_unharmonized
e1410_6ed30ea5f2,health_culture_environment,Number of patient beds under provincial departments of health by province · Medical service unit,Medical service unit,VN_SRC_DONGNAI,Dong Nai,2008,annual,855.0,Bed,not_specified,E1410,https://www.nso.gov.vn/en/px-web?pxid=E1410&theme=Health%2C%20Culture%2C%20Sport%20and%20Living%20standard,source_reported_unharmonized
e1410_6ed30ea5f2,health_culture_environment,Number of patient beds under provincial departments of health by province · Medical service unit,Medical service unit,VN_SRC_DONGNAI,Dong Nai,2009,annual,855.0,Bed,not_specified,E1410,https://www.nso.gov.vn/en/px-web?pxid=E1410&theme=Health%2C%20Culture%2C%20Sport%20and%20Living%20standard,source_reported_unharmonized
e1410_6ed30ea5f2,health_culture_environment,Number of patient beds under provincial departments of health by province · Medical service unit,Medical service unit,VN_SRC_DONGNAI,Dong Nai,2010,annual,855.0,Bed,not_specified,E1410,https://www.nso.gov.vn/en/px-web?pxid=E1410&theme=Health%2C%20Culture%2C%20Sport%20and%20Living%20standard,source_reported_unharmonized
e1410_6ed30ea5f2,health_culture_environment,Number of patient beds under provincial departments of health by province · Medical service unit,Medical service unit,VN_SRC_DONGNAI,Dong Nai,2011,annual,855.0,Bed,not_specified,E1410,https://www.nso.gov.vn/en/px-web?pxid=E1410&theme=Health%2C%20Culture%2C%20Sport%20and%20Living%20standard,source_reported_unharmonized
e1410_6ed30ea5f2,health_culture_environment,Number of patient beds under provincial departments of health by province · Medical service unit,Medical service unit,VN_SRC_DONGNAI,Dong Nai,2012,annual,855.0,Bed,not_specified,E1410,https://www.nso.gov.vn/en/px-web?pxid=E1410&theme=Health%2C%20Culture%2C%20Sport%20and%20Living%20standard,source_reported_unharmonized
e1410_6ed30ea5f2,health_culture_environment,Number of patient beds under provincial departments of health by province · Medical service unit,Medical service unit,VN_SRC_DONGNAI,Dong Nai,2013,annual,855.0,Bed,not_specified,E1410,https://www.nso.gov.vn/en/px-web?pxid=E1410&theme=Health%2C%20Culture%2C%20Sport%20and%20Living%20standard,source_reported_unharmonized
e1410_6ed30ea5f2,health_culture_environment,Number of patient beds under provincial departments of health by province · Medical service unit,Medical service unit,VN_SRC_DONGNAI,Dong Nai,2014,annual,855.0,Bed,not_specified,E1410,https://www.nso.gov.vn/en/px-web?pxid=E1410&theme=Health%2C%20Culture%2C%20Sport%20and%20Living%20standard,source_reported_unharmonized
e1410_6ed30ea5f2,health_culture_environment,Number of patient beds under provincial departments of health by province · Medical service unit,Medical service unit,VN_SRC_DONGNAI,Dong Nai,2015,annual,855.0,Bed,not_specified,E1410,https://www.nso.gov.vn/en/px-web?pxid=E1410&theme=Health%2C%20Culture%2C%20Sport%20and%20Living%20standard,source_reported_unharmonized
e1410_6ed30ea5f2,health_culture_environment,Number of patient beds under provincial departments of health by province · Medical service unit,Medical service unit,VN_SRC_DONGNAI,Dong Nai,2016,annual,855.0,Bed,not_specified,E1410,https://www.nso.gov.vn/en/px-web?pxid=E1410&theme=Health%2C%20Culture%2C%20Sport%20and%20Living%20standard,source_reported_unharmonized
e1410_6ed30ea5f2,health_culture_environment,Number of patient beds under provincial departments of health by province · Medical service unit,Medical service unit,VN_SRC_DONGNAI,Dong Nai,2017,annual,855.0,Bed,not_specified,E1410,https://www.nso.gov.vn/en/px-web?pxid=E1410&theme=Health%2C%20Culture%2C%20Sport%20and%20Living%20standard,source_reported_unharmonized
e1410_6ed30ea5f2,health_culture_environment,Number of patient beds under provincial departments of health by province · Medical service unit,Medical service unit,VN_SRC_BARIAVUNGTAU,Ba Ria - Vung Tau,2002,annual,156.0,Bed,not_specified,E1410,https://www.nso.gov.vn/en/px-web?pxid=E1410&theme=Health%2C%20Culture%2C%20Sport%20and%20Living%20standard,source_reported_unharmonized
e1410_6ed30ea5f2,health_culture_environment,Number of patient beds under provincial departments of health by province · Medical service unit,Medical service unit,VN_SRC_BARIAVUNGTAU,Ba Ria - Vung Tau,2003,annual,154.0,Bed,not_specified,E1410,https://www.nso.gov.vn/en/px-web?pxid=E1410&theme=Health%2C%20Culture%2C%20Sport%20and%20Living%20standard,source_reported_unharmonized
e1410_6ed30ea5f2,health_culture_environment,Number of patient beds under provincial departments of health by province · Medical service unit,Medical service unit,VN_SRC_BARIAVUNGTAU,Ba Ria - Vung Tau,2004,annual,172.0,Bed,not_specified,E1410,https://www.nso.gov.vn/en/px-web?pxid=E1410&theme=Health%2C%20Culture%2C%20Sport%20and%20Living%20standard,source_reported_unharmonized
e1410_6ed30ea5f2,health_culture_environment,Number of patient beds under provincial departments of health by province · Medical service unit,Medical service unit,VN_SRC_BARIAVUNGTAU,Ba Ria - Vung Tau,2005,annual,234.0,Bed,not_specified,E1410,https://www.nso.gov.vn/en/px-web?pxid=E1410&theme=Health%2C%20Culture%2C%20Sport%20and%20Living%20standard,source_reported_unharmonized
e1410_6ed30ea5f2,health_culture_environment,Number of patient beds under provincial departments of health by province · Medical service unit,Medical service unit,VN_SRC_BARIAVUNGTAU,Ba Ria - Vung Tau,2006,annual,182.0,Bed,not_specified,E1410,https://www.nso.gov.vn/en/px-web?pxid=E1410&theme=Health%2C%20Culture%2C%20Sport%20and%20Living%20standard,source_reported_unharmonized
e1410_6ed30ea5f2,health_culture_environment,Number of patient beds under provincial departments of health by province · Medical service unit,Medical service unit,VN_SRC_BARIAVUNGTAU,Ba Ria - Vung Tau,2007,annual,186.0,Bed,not_specified,E1410,https://www.nso.gov.vn/en/px-web?pxid=E1410&theme=Health%2C%20Culture%2C%20Sport%20and%20Living%20standard,source_reported_unharmonized
e1410_6ed30ea5f2,health_culture_environment,Number of patient beds under provincial departments of health by province · Medical service unit,Medical service unit,VN_SRC_BARIAVUNGTAU,Ba Ria - Vung Tau,2008,annual,196.0,Bed,not_specified,E1410,https://www.nso.gov.vn/en/px-web?pxid=E1410&theme=Health%2C%20Culture%2C%20Sport%20and%20Living%20standard,source_reported_unharmonized
e1410_6ed30ea5f2,health_culture_environment,Number of patient beds under provincial departments of health by province · Medical service unit,Medical service unit,VN_SRC_BARIAVUNGTAU,Ba Ria - Vung Tau,2009,annual,164.0,Bed,not_specified,E1410,https://www.nso.gov.vn/en/px-web?pxid=E1410&theme=Health%2C%20Culture%2C%20Sport%20and%20Living%20standard,source_reported_unharmonized
e1410_6ed30ea5f2,health_culture_environment,Number of patient beds under provincial departments of health by province · Medical service unit,Medical service unit,VN_SRC_BARIAVUNGTAU,Ba Ria - Vung Tau,2010,annual,164.0,Bed,not_specified,E1410,https://www.nso.gov.vn/en/px-web?pxid=E1410&theme=Health%2C%20Culture%2C%20Sport%20and%20Living%20standard,source_reported_unharmonized
e1410_6ed30ea5f2,health_culture_environment,Number of patient beds under provincial departments of health by province · Medical service unit,Medical service unit,VN_SRC_BARIAVUNGTAU,Ba Ria - Vung Tau,2011,annual,164.0,Bed,not_specified,E1410,https://www.nso.gov.vn/en/px-web?pxid=E1410&theme=Health%2C%20Culture%2C%20Sport%20and%20Living%20standard,source_reported_unharmonized
e1410_6ed30ea5f2,health_culture_environment,Number of patient beds under provincial departments of health by province · Medical service unit,Medical service unit,VN_SRC_BARIAVUNGTAU,Ba Ria - Vung Tau,2012,annual,164.0,Bed,not_specified,E1410,https://www.nso.gov.vn/en/px-web?pxid=E1410&theme=Health%2C%20Culture%2C%20Sport%20and%20Living%20standard,source_reported_unharmonized
e1410_6ed30ea5f2,health_culture_environment,Number of patient beds under provincial departments of health by province · Medical service unit,Medical service unit,VN_SRC_BARIAVUNGTAU,Ba Ria - Vung Tau,2013,annual,164.0,Bed,not_specified,E1410,https://www.nso.gov.vn/en/px-web?pxid=E1410&theme=Health%2C%20Culture%2C%20Sport%20and%20Living%20standard,source_reported_unharmonized
e1410_6ed30ea5f2,health_culture_environment,Number of patient beds under provincial departments of health by province · Medical service unit,Medical service unit,VN_SRC_BARIAVUNGTAU,Ba Ria - Vung Tau,2014,annual,164.0,Bed,not_specified,E1410,https://www.nso.gov.vn/en/px-web?pxid=E1410&theme=Health%2C%20Culture%2C%20Sport%20and%20Living%20standard,source_reported_unharmonized
e1410_6ed30ea5f2,health_culture_environment,Number of patient beds under provincial departments of health by province · Medical service unit,Medical service unit,VN_SRC_BARIAVUNGTAU,Ba Ria - Vung Tau,2015,annual,164.0,Bed,not_specified,E1410,https://www.nso.gov.vn/en/px-web?pxid=E1410&theme=Health%2C%20Culture%2C%20Sport%20and%20Living%20standard,source_reported_unharmonized
e1410_6ed30ea5f2,health_culture_environment,Number of patient beds under provincial departments of health by province · Medical service unit,Medical service unit,VN_SRC_BARIAVUNGTAU,Ba Ria - Vung Tau,2016,annual,164.0,Bed,not_specified,E1410,https://www.nso.gov.vn/en/px-web?pxid=E1410&theme=Health%2C%20Culture%2C%20Sport%20and%20Living%20standard,source_reported_unharmonized
e1410_6ed30ea5f2,health_culture_environment,Number of patient beds under provincial departments of health by province · Medical service unit,Medical service unit,VN_SRC_BARIAVUNGTAU,Ba Ria - Vung Tau,2017,annual,164.0,Bed,not_specified,E1410,https://www.nso.gov.vn/en/px-web?pxid=E1410&theme=Health%2C%20Culture%2C%20Sport%20and%20Living%20standard,source_reported_unharmonized
e1410_6ed30ea5f2,health_culture_environment,Number of patient beds under provincial departments of health by province · Medical service unit,Medical service unit,VN_SRC_HOCHIMINHCITY,Ho Chi Minh city,2002,annual,840.0,Bed,not_specified,E1410,https://www.nso.gov.vn/en/px-web?pxid=E1410&theme=Health%2C%20Culture%2C%20Sport%20and%20Living%20standard,source_reported_unharmonized
e1410_6ed30ea5f2,health_culture_environment,Number of patient beds under provincial departments of health by province · Medical service unit,Medical service unit,VN_SRC_HOCHIMINHCITY,Ho Chi Minh city,2003,annual,867.0,Bed,not_specified,E1410,https://www.nso.gov.vn/en/px-web?pxid=E1410&theme=Health%2C%20Culture%2C%20Sport%20and%20Living%20standard,source_reported_unharmonized
e1410_6ed30ea5f2,health_culture_environment,Number of patient beds under provincial departments of health by province · Medical service unit,Medical service unit,VN_SRC_HOCHIMINHCITY,Ho Chi Minh city,2004,annual,409.0,Bed,not_specified,E1410,https://www.nso.gov.vn/en/px-web?pxid=E1410&theme=Health%2C%20Culture%2C%20Sport%20and%20Living%20standard,source_reported_unharmonized
e1410_6ed30ea5f2,health_culture_environment,Number of patient beds under provincial departments of health by province · Medical service unit,Medical service unit,VN_SRC_HOCHIMINHCITY,Ho Chi Minh city,2005,annual,410.0,Bed,not_specified,E1410,https://www.nso.gov.vn/en/px-web?pxid=E1410&theme=Health%2C%20Culture%2C%20Sport%20and%20Living%20standard,source_reported_unharmonized
e1410_6ed30ea5f2,health_culture_environment,Number of patient beds under provincial departments of health by province · Medical service unit,Medical service unit,VN_SRC_HOCHIMINHCITY,Ho Chi Minh city,2006,annual,409.0,Bed,not_specified,E1410,https://www.nso.gov.vn/en/px-web?pxid=E1410&theme=Health%2C%20Culture%2C%20Sport%20and%20Living%20standard,source_reported_unharmonized
e1410_6ed30ea5f2,health_culture_environment,Number of patient beds under provincial departments of health by province · Medical service unit,Medical service unit,VN_SRC_HOCHIMINHCITY,Ho Chi Minh city,2007,annual,409.0,Bed,not_specified,E1410,https://www.nso.gov.vn/en/px-web?pxid=E1410&theme=Health%2C%20Culture%2C%20Sport%20and%20Living%20standard,source_reported_unharmonized
e1410_6ed30ea5f2,health_culture_environment,Number of patient beds under provincial departments of health by province · Medical service unit,Medical service unit,VN_SRC_HOCHIMINHCITY,Ho Chi Minh city,2008,annual,513.0,Bed,not_specified,E1410,https://www.nso.gov.vn/en/px-web?pxid=E1410&theme=Health%2C%20Culture%2C%20Sport%20and%20Living%20standard,source_reported_unharmonized
e1410_6ed30ea5f2,health_culture_environment,Number of patient beds under provincial departments of health by province · Medical service unit,Medical service unit,VN_SRC_HOCHIMINHCITY,Ho Chi Minh city,2009,annual,427.0,Bed,not_specified,E1410,https://www.nso.gov.vn/en/px-web?pxid=E1410&theme=Health%2C%20Culture%2C%20Sport%20and%20Living%20standard,source_reported_unharmonized
e1410_6ed30ea5f2,health_culture_environment,Number of patient beds under provincial departments of health by province · Medical service unit,Medical service unit,VN_SRC_HOCHIMINHCITY,Ho Chi Minh city,2010,annual,427.0,Bed,not_specified,E1410,https://www.nso.gov.vn/en/px-web?pxid=E1410&theme=Health%2C%20Culture%2C%20Sport%20and%20Living%20standard,source_reported_unharmonized
e1410_6ed30ea5f2,health_culture_environment,Number of patient beds under provincial departments of health by province · Medical service unit,Medical service unit,VN_SRC_HOCHIMINHCITY,Ho Chi Minh city,2011,annual,432.0,Bed,not_specified,E1410,https://www.nso.gov.vn/en/px-web?pxid=E1410&theme=Health%2C%20Culture%2C%20Sport%20and%20Living%20standard,source_reported_unharmonized
e1410_6ed30ea5f2,health_culture_environment,Number of patient beds under provincial departments of health by province · Medical service unit,Medical service unit,VN_SRC_HOCHIMINHCITY,Ho Chi Minh city,2012,annual,400.0,Bed,not_specified,E1410,https://www.nso.gov.vn/en/px-web?pxid=E1410&theme=Health%2C%20Culture%2C%20Sport%20and%20Living%20standard,source_reported_unharmonized
e1410_6ed30ea5f2,health_culture_environment,Number of patient beds under provincial departments of health by province · Medical service unit,Medical service unit,VN_SRC_HOCHIMINHCITY,Ho Chi Minh city,2013,annual,432.0,Bed,not_specified,E1410,https://www.nso.gov.vn/en/px-web?pxid=E1410&theme=Health%2C%20Culture%2C%20Sport%20and%20Living%20standard,source_reported_unharmonized
e1410_6ed30ea5f2,health_culture_environment,Number of patient beds under provincial departments of health by province · Medical service unit,Medical service unit,VN_SRC_HOCHIMINHCITY,Ho Chi Minh city,2014,annual,432.0,Bed,not_specified,E1410,https://www.nso.gov.vn/en/px-web?pxid=E1410&theme=Health%2C%20Culture%2C%20Sport%20and%20Living%20standard,source_reported_unharmonized
e1410_6ed30ea5f2,health_culture_environment,Number of patient beds under provincial departments of health by province · Medical service unit,Medical service unit,VN_SRC_HOCHIMINHCITY,Ho Chi Minh city,2015,annual,432.0,Bed,not_specified,E1410,https://www.nso.gov.vn/en/px-web?pxid=E1410&theme=Health%2C%20Culture%2C%20Sport%20and%20Living%20standard,source_reported_unharmonized
e1410_6ed30ea5f2,health_culture_environment,Number of patient beds under provincial departments of health by province · Medical service unit,Medical service unit,VN_SRC_HOCHIMINHCITY,Ho Chi Minh city,2016,annual,432.0,Bed,not_specified,E1410,https://www.nso.gov.vn/en/px-web?pxid=E1410&theme=Health%2C%20Culture%2C%20Sport%20and%20Living%20standard,source_reported_unharmonized
e1410_6ed30ea5f2,health_culture_environment,Number of patient beds under provincial departments of health by province · Medical service unit,Medical service unit,VN_SRC_HOCHIMINHCITY,Ho Chi Minh city,2017,annual,432.0,Bed,not_specified,E1410,https://www.nso.gov.vn/en/px-web?pxid=E1410&theme=Health%2C%20Culture%2C%20Sport%20and%20Living%20standard,source_reported_unharmonized
e1410_6ed30ea5f2,health_culture_environment,Number of patient beds under provincial departments of health by province · Medical service unit,Medical service unit,VN_SRC_LONGAN,Long An,2002,annual,640.0,Bed,not_specified,E1410,https://www.nso.gov.vn/en/px-web?pxid=E1410&theme=Health%2C%20Culture%2C%20Sport%20and%20Living%20standard,source_reported_unharmonized
e1410_6ed30ea5f2,health_culture_environment,Number of patient beds under provincial departments of health by province · Medical service unit,Medical service unit,VN_SRC_LONGAN,Long An,2003,annual,519.0,Bed,not_specified,E1410,https://www.nso.gov.vn/en/px-web?pxid=E1410&theme=Health%2C%20Culture%2C%20Sport%20and%20Living%20standard,source_reported_unharmonized
e1410_6ed30ea5f2,health_culture_environment,Number of patient beds under provincial departments of health by province · Medical service unit,Medical service unit,VN_SRC_LONGAN,Long An,2004,annual,495.0,Bed,not_specified,E1410,https://www.nso.gov.vn/en/px-web?pxid=E1410&theme=Health%2C%20Culture%2C%20Sport%20and%20Living%20standard,source_reported_unharmonized
e1410_6ed30ea5f2,health_culture_environment,Number of patient beds under provincial departments of health by province · Medical service unit,Medical service unit,VN_SRC_LONGAN,Long An,2005,annual,519.0,Bed,not_specified,E1410,https://www.nso.gov.vn/en/px-web?pxid=E1410&theme=Health%2C%20Culture%2C%20Sport%20and%20Living%20standard,source_reported_unharmonized
e1410_6ed30ea5f2,health_culture_environment,Number of patient beds under provincial departments of health by province · Medical service unit,Medical service unit,VN_SRC_LONGAN,Long An,2006,annual,519.0,Bed,not_specified,E1410,https://www.nso.gov.vn/en/px-web?pxid=E1410&theme=Health%2C%20Culture%2C%20Sport%20and%20Living%20standard,source_reported_unharmonized
e1410_6ed30ea5f2,health_culture_environment,Number of patient beds under provincial departments of health by province · Medical service unit,Medical service unit,VN_SRC_LONGAN,Long An,2007,annual,760.0,Bed,not_specified,E1410,https://www.nso.gov.vn/en/px-web?pxid=E1410&theme=Health%2C%20Culture%2C%20Sport%20and%20Living%20standard,source_reported_unharmonized
e1410_6ed30ea5f2,health_culture_environment,Number of patient beds under provincial departments of health by province · Medical service unit,Medical service unit,VN_SRC_LONGAN,Long An,2008,annual,732.0,Bed,not_specified,E1410,https://www.nso.gov.vn/en/px-web?pxid=E1410&theme=Health%2C%20Culture%2C%20Sport%20and%20Living%20standard,source_reported_unharmonized
e1410_6ed30ea5f2,health_culture_environment,Number of patient beds under provincial departments of health by province · Medical service unit,Medical service unit,VN_SRC_LONGAN,Long An,2009,annual,732.0,Bed,not_specified,E1410,https://www.nso.gov.vn/en/px-web?pxid=E1410&theme=Health%2C%20Culture%2C%20Sport%20and%20Living%20standard,source_reported_unharmonized
e1410_6ed30ea5f2,health_culture_environment,Number of patient beds under provincial departments of health by province · Medical service unit,Medical service unit,VN_SRC_LONGAN,Long An,2010,annual,732.0,Bed,not_specified,E1410,https://www.nso.gov.vn/en/px-web?pxid=E1410&theme=Health%2C%20Culture%2C%20Sport%20and%20Living%20standard,source_reported_unharmonized
e1410_6ed30ea5f2,health_culture_environment,Number of patient beds under provincial departments of health by province · Medical service unit,Medical service unit,VN_SRC_LONGAN,Long An,2011,annual,732.0,Bed,not_specified,E1410,https://www.nso.gov.vn/en/px-web?pxid=E1410&theme=Health%2C%20Culture%2C%20Sport%20and%20Living%20standard,source_reported_unharmonized
e1410_6ed30ea5f2,health_culture_environment,Number of patient beds under provincial departments of health by province · Medical service unit,Medical service unit,VN_SRC_LONGAN,Long An,2012,annual,685.0,Bed,not_specified,E1410,https://www.nso.gov.vn/en/px-web?pxid=E1410&theme=Health%2C%20Culture%2C%20Sport%20and%20Living%20standard,source_reported_unharmonized
e1410_6ed30ea5f2,health_culture_environment,Number of patient beds under provincial departments of health by province · Medical service unit,Medical service unit,VN_SRC_LONGAN,Long An,2013,annual,685.0,Bed,not_specified,E1410,https://www.nso.gov.vn/en/px-web?pxid=E1410&theme=Health%2C%20Culture%2C%20Sport%20and%20Living%20standard,source_reported_unharmonized
e1410_6ed30ea5f2,health_culture_environment,Number of patient beds under provincial departments of health by province · Medical service unit,Medical service unit,VN_SRC_LONGAN,Long An,2014,annual,732.0,Bed,not_specified,E1410,https://www.nso.gov.vn/en/px-web?pxid=E1410&theme=Health%2C%20Culture%2C%20Sport%20and%20Living%20standard,source_reported_unharmonized
e1410_6ed30ea5f2,health_culture_environment,Number of patient beds under provincial departments of health by province · Medical service unit,Medical service unit,VN_SRC_LONGAN,Long An,2015,annual,732.0,Bed,not_specified,E1410,https://www.nso.gov.vn/en/px-web?pxid=E1410&theme=Health%2C%20Culture%2C%20Sport%20and%20Living%20standard,source_reported_unharmonized
e1410_6ed30ea5f2,health_culture_environment,Number of patient beds under provincial departments of health by province · Medical service unit,Medical service unit,VN_SRC_LONGAN,Long An,2016,annual,925.0,Bed,not_specified,E1410,https://www.nso.gov.vn/en/px-web?pxid=E1410&theme=Health%2C%20Culture%2C%20Sport%20and%20Living%20standard,source_reported_unharmonized
e1410_6ed30ea5f2,health_culture_environment,Number of patient beds under provincial departments of health by province · Medical service unit,Medical service unit,VN_SRC_LONGAN,Long An,2017,annual,974.0,Bed,not_specified,E1410,https://www.nso.gov.vn/en/px-web?pxid=E1410&theme=Health%2C%20Culture%2C%20Sport%20and%20Living%20standard,source_reported_unharmonized
e1410_6ed30ea5f2,health_culture_environment,Number of patient beds under provincial departments of health by province · Medical service unit,Medical service unit,VN_SRC_TIENGIANG,Tien Giang,2002,annual,766.0,Bed,not_specified,E1410,https://www.nso.gov.vn/en/px-web?pxid=E1410&theme=Health%2C%20Culture%2C%20Sport%20and%20Living%20standard,source_reported_unharmonized
e1410_6ed30ea5f2,health_culture_environment,Number of patient beds under provincial departments of health by province · Medical service unit,Medical service unit,VN_SRC_TIENGIANG,Tien Giang,2003,annual,766.0,Bed,not_specified,E1410,https://www.nso.gov.vn/en/px-web?pxid=E1410&theme=Health%2C%20Culture%2C%20Sport%20and%20Living%20standard,source_reported_unharmonized
e1410_6ed30ea5f2,health_culture_environment,Number of patient beds under provincial departments of health by province · Medical service unit,Medical service unit,VN_SRC_TIENGIANG,Tien Giang,2004,annual,795.0,Bed,not_specified,E1410,https://www.nso.gov.vn/en/px-web?pxid=E1410&theme=Health%2C%20Culture%2C%20Sport%20and%20Living%20standard,source_reported_unharmonized
e1410_6ed30ea5f2,health_culture_environment,Number of patient beds under provincial departments of health by province · Medical service unit,Medical service unit,VN_SRC_TIENGIANG,Tien Giang,2005,annual,795.0,Bed,not_specified,E1410,https://www.nso.gov.vn/en/px-web?pxid=E1410&theme=Health%2C%20Culture%2C%20Sport%20and%20Living%20standard,source_reported_unharmonized
e1410_6ed30ea5f2,health_culture_environment,Number of patient beds under provincial departments of health by province · Medical service unit,Medical service unit,VN_SRC_TIENGIANG,Tien Giang,2006,annual,795.0,Bed,not_specified,E1410,https://www.nso.gov.vn/en/px-web?pxid=E1410&theme=Health%2C%20Culture%2C%20Sport%20and%20Living%20standard,source_reported_unharmonized
e1410_6ed30ea5f2,health_culture_environment,Number of patient beds under provincial departments of health by province · Medical service unit,Medical service unit,VN_SRC_TIENGIANG,Tien Giang,2007,annual,795.0,Bed,not_specified,E1410,https://www.nso.gov.vn/en/px-web?pxid=E1410&theme=Health%2C%20Culture%2C%20Sport%20and%20Living%20standard,source_reported_unharmonized
e1410_6ed30ea5f2,health_culture_environment,Number of patient beds under provincial departments of health by province · Medical service unit,Medical service unit,VN_SRC_TIENGIANG,Tien Giang,2008,annual,817.0,Bed,not_specified,E1410,https://www.nso.gov.vn/en/px-web?pxid=E1410&theme=Health%2C%20Culture%2C%20Sport%20and%20Living%20standard,source_reported_unharmonized
e1410_6ed30ea5f2,health_culture_environment,Number of patient beds under provincial departments of health by province · Medical service unit,Medical service unit,VN_SRC_TIENGIANG,Tien Giang,2009,annual,845.0,Bed,not_specified,E1410,https://www.nso.gov.vn/en/px-web?pxid=E1410&theme=Health%2C%20Culture%2C%20Sport%20and%20Living%20standard,source_reported_unharmonized
e1410_6ed30ea5f2,health_culture_environment,Number of patient beds under provincial departments of health by province · Medical service unit,Medical service unit,VN_SRC_TIENGIANG,Tien Giang,2010,annual,845.0,Bed,not_specified,E1410,https://www.nso.gov.vn/en/px-web?pxid=E1410&theme=Health%2C%20Culture%2C%20Sport%20and%20Living%20standard,source_reported_unharmonized
e1410_6ed30ea5f2,health_culture_environment,Number of patient beds under provincial departments of health by province · Medical service unit,Medical service unit,VN_SRC_TIENGIANG,Tien Giang,2011,annual,845.0,Bed,not_specified,E1410,https://www.nso.gov.vn/en/px-web?pxid=E1410&theme=Health%2C%20Culture%2C%20Sport%20and%20Living%20standard,source_reported_unharmonized
e1410_6ed30ea5f2,health_culture_environment,Number of patient beds under provincial departments of health by province · Medical service unit,Medical service unit,VN_SRC_TIENGIANG,Tien Giang,2012,annual,845.0,Bed,not_specified,E1410,https://www.nso.gov.vn/en/px-web?pxid=E1410&theme=Health%2C%20Culture%2C%20Sport%20and%20Living%20standard,source_reported_unharmonized
e1410_6ed30ea5f2,health_culture_environment,Number of patient beds under provincial departments of health by province · Medical service unit,Medical service unit,VN_SRC_TIENGIANG,Tien Giang,2013,annual,845.0,Bed,not_specified,E1410,https://www.nso.gov.vn/en/px-web?pxid=E1410&theme=Health%2C%20Culture%2C%20Sport%20and%20Living%20standard,source_reported_unharmonized
e1410_6ed30ea5f2,health_culture_environment,Number of patient beds under provincial departments of health by province · Medical service unit,Medical service unit,VN_SRC_TIENGIANG,Tien Giang,2014,annual,845.0,Bed,not_specified,E1410,https://www.nso.gov.vn/en/px-web?pxid=E1410&theme=Health%2C%20Culture%2C%20Sport%20and%20Living%20standard,source_reported_unharmonized
e1410_6ed30ea5f2,health_culture_environment,Number of patient beds under provincial departments of health by province · Medical service unit,Medical service unit,VN_SRC_TIENGIANG,Tien Giang,2015,annual,845.0,Bed,not_specified,E1410,https://www.nso.gov.vn/en/px-web?pxid=E1410&theme=Health%2C%20Culture%2C%20Sport%20and%20Living%20standard,source_reported_unharmonized
e1410_6ed30ea5f2,health_culture_environment,Number of patient beds under provincial departments of health by province · Medical service unit,Medical service unit,VN_SRC_TIENGIANG,Tien Giang,2016,annual,845.0,Bed,not_specified,E1410,https://www.nso.gov.vn/en/px-web?pxid=E1410&theme=Health%2C%20Culture%2C%20Sport%20and%20Living%20standard,source_reported_unharmonized
e1410_6ed30ea5f2,health_culture_environment,Number of patient beds under provincial departments of health by province · Medical service unit,Medical service unit,VN_SRC_TIENGIANG,Tien Giang,2017,annual,825.0,Bed,not_specified,E1410,https://www.nso.gov.vn/en/px-web?pxid=E1410&theme=Health%2C%20Culture%2C%20Sport%20and%20Living%20standard,source_reported_unharmonized
e1410_6ed30ea5f2,health_culture_environment,Number of patient beds under provincial departments of health by province · Medical service unit,Medical service unit,VN_SRC_BENTRE,Ben Tre,2002,annual,576.0,Bed,not_specified,E1410,https://www.nso.gov.vn/en/px-web?pxid=E1410&theme=Health%2C%20Culture%2C%20Sport%20and%20Living%20standard,source_reported_unharmonized
e1410_6ed30ea5f2,health_culture_environment,Number of patient beds under provincial departments of health by province · Medical service unit,Medical service unit,VN_SRC_BENTRE,Ben Tre,2003,annual,544.0,Bed,not_specified,E1410,https://www.nso.gov.vn/en/px-web?pxid=E1410&theme=Health%2C%20Culture%2C%20Sport%20and%20Living%20standard,source_reported_unharmonized
e1410_6ed30ea5f2,health_culture_environment,Number of patient beds under provincial departments of health by province · Medical service unit,Medical service unit,VN_SRC_BENTRE,Ben Tre,2004,annual,680.0,Bed,not_specified,E1410,https://www.nso.gov.vn/en/px-web?pxid=E1410&theme=Health%2C%20Culture%2C%20Sport%20and%20Living%20standard,source_reported_unharmonized
e1410_6ed30ea5f2,health_culture_environment,Number of patient beds under provincial departments of health by province · Medical service unit,Medical service unit,VN_SRC_BENTRE,Ben Tre,2005,annual,680.0,Bed,not_specified,E1410,https://www.nso.gov.vn/en/px-web?pxid=E1410&theme=Health%2C%20Culture%2C%20Sport%20and%20Living%20standard,source_reported_unharmonized
e1410_6ed30ea5f2,health_culture_environment,Number of patient beds under provincial departments of health by province · Medical service unit,Medical service unit,VN_SRC_BENTRE,Ben Tre,2006,annual,680.0,Bed,not_specified,E1410,https://www.nso.gov.vn/en/px-web?pxid=E1410&theme=Health%2C%20Culture%2C%20Sport%20and%20Living%20standard,source_reported_unharmonized
e1410_6ed30ea5f2,health_culture_environment,Number of patient beds under provincial departments of health by province · Medical service unit,Medical service unit,VN_SRC_BENTRE,Ben Tre,2007,annual,680.0,Bed,not_specified,E1410,https://www.nso.gov.vn/en/px-web?pxid=E1410&theme=Health%2C%20Culture%2C%20Sport%20and%20Living%20standard,source_reported_unharmonized
e1410_6ed30ea5f2,health_culture_environment,Number of patient beds under provincial departments of health by province · Medical service unit,Medical service unit,VN_SRC_BENTRE,Ben Tre,2008,annual,680.0,Bed,not_specified,E1410,https://www.nso.gov.vn/en/px-web?pxid=E1410&theme=Health%2C%20Culture%2C%20Sport%20and%20Living%20standard,source_reported_unharmonized
e1410_6ed30ea5f2,health_culture_environment,Number of patient beds under provincial departments of health by province · Medical service unit,Medical service unit,VN_SRC_BENTRE,Ben Tre,2009,annual,680.0,Bed,not_specified,E1410,https://www.nso.gov.vn/en/px-web?pxid=E1410&theme=Health%2C%20Culture%2C%20Sport%20and%20Living%20standard,source_reported_unharmonized
e1410_6ed30ea5f2,health_culture_environment,Number of patient beds under provincial departments of health by province · Medical service unit,Medical service unit,VN_SRC_BENTRE,Ben Tre,2010,annual,695.0,Bed,not_specified,E1410,https://www.nso.gov.vn/en/px-web?pxid=E1410&theme=Health%2C%20Culture%2C%20Sport%20and%20Living%20standard,source_reported_unharmonized
e1410_6ed30ea5f2,health_culture_environment,Number of patient beds under provincial departments of health by province · Medical service unit,Medical service unit,VN_SRC_BENTRE,Ben Tre,2011,annual,695.0,Bed,not_specified,E1410,https://www.nso.gov.vn/en/px-web?pxid=E1410&theme=Health%2C%20Culture%2C%20Sport%20and%20Living%20standard,source_reported_unharmonized
e1410_6ed30ea5f2,health_culture_environment,Number of patient beds under provincial departments of health by province · Medical service unit,Medical service unit,VN_SRC_BENTRE,Ben Tre,2012,annual,690.0,Bed,not_specified,E1410,https://www.nso.gov.vn/en/px-web?pxid=E1410&theme=Health%2C%20Culture%2C%20Sport%20and%20Living%20standard,source_reported_unharmonized
e1410_6ed30ea5f2,health_culture_environment,Number of patient beds under provincial departments of health by province · Medical service unit,Medical service unit,VN_SRC_BENTRE,Ben Tre,2013,annual,690.0,Bed,not_specified,E1410,https://www.nso.gov.vn/en/px-web?pxid=E1410&theme=Health%2C%20Culture%2C%20Sport%20and%20Living%20standard,source_reported_unharmonized
e1410_6ed30ea5f2,health_culture_environment,Number of patient beds under provincial departments of health by province · Medical service unit,Medical service unit,VN_SRC_BENTRE,Ben Tre,2014,annual,690.0,Bed,not_specified,E1410,https://www.nso.gov.vn/en/px-web?pxid=E1410&theme=Health%2C%20Culture%2C%20Sport%20and%20Living%20standard,source_reported_unharmonized
e1410_6ed30ea5f2,health_culture_environment,Number of patient beds under provincial departments of health by province · Medical service unit,Medical service unit,VN_SRC_BENTRE,Ben Tre,2015,annual,690.0,Bed,not_specified,E1410,https://www.nso.gov.vn/en/px-web?pxid=E1410&theme=Health%2C%20Culture%2C%20Sport%20and%20Living%20standard,source_reported_unharmonized
e1410_6ed30ea5f2,health_culture_environment,Number of patient beds under provincial departments of health by province · Medical service unit,Medical service unit,VN_SRC_BENTRE,Ben Tre,2016,annual,690.0,Bed,not_specified,E1410,https://www.nso.gov.vn/en/px-web?pxid=E1410&theme=Health%2C%20Culture%2C%20Sport%20and%20Living%20standard,source_reported_unharmonized
e1410_6ed30ea5f2,health_culture_environment,Number of patient beds under provincial departments of health by province · Medical service unit,Medical service unit,VN_SRC_BENTRE,Ben Tre,2017,annual,690.0,Bed,not_specified,E1410,https://www.nso.gov.vn/en/px-web?pxid=E1410&theme=Health%2C%20Culture%2C%20Sport%20and%20Living%20standard,source_reported_unharmonized
e1410_6ed30ea5f2,health_culture_environment,Number of patient beds under provincial departments of health by province · Medical service unit,Medical service unit,VN_SRC_TRAVINH,Tra Vinh,2002,annual,395.0,Bed,not_specified,E1410,https://www.nso.gov.vn/en/px-web?pxid=E1410&theme=Health%2C%20Culture%2C%20Sport%20and%20Living%20standard,source_reported_unharmonized
e1410_6ed30ea5f2,health_culture_environment,Number of patient beds under provincial departments of health by province · Medical service unit,Medical service unit,VN_SRC_TRAVINH,Tra Vinh,2003,annual,395.0,Bed,not_specified,E1410,https://www.nso.gov.vn/en/px-web?pxid=E1410&theme=Health%2C%20Culture%2C%20Sport%20and%20Living%20standard,source_reported_unharmonized
e1410_6ed30ea5f2,health_culture_environment,Number of patient beds under provincial departments of health by province · Medical service unit,Medical service unit,VN_SRC_TRAVINH,Tra Vinh,2004,annual,400.0,Bed,not_specified,E1410,https://www.nso.gov.vn/en/px-web?pxid=E1410&theme=Health%2C%20Culture%2C%20Sport%20and%20Living%20standard,source_reported_unharmonized
e1410_6ed30ea5f2,health_culture_environment,Number of patient beds under provincial departments of health by province · Medical service unit,Medical service unit,VN_SRC_TRAVINH,Tra Vinh,2005,annual,400.0,Bed,not_specified,E1410,https://www.nso.gov.vn/en/px-web?pxid=E1410&theme=Health%2C%20Culture%2C%20Sport%20and%20Living%20standard,source_reported_unharmonized
e1410_6ed30ea5f2,health_culture_environment,Number of patient beds under provincial departments of health by province · Medical service unit,Medical service unit,VN_SRC_TRAVINH,Tra Vinh,2006,annual,400.0,Bed,not_specified,E1410,https://www.nso.gov.vn/en/px-web?pxid=E1410&theme=Health%2C%20Culture%2C%20Sport%20and%20Living%20standard,source_reported_unharmonized
e1410_6ed30ea5f2,health_culture_environment,Number of patient beds under provincial departments of health by province · Medical service unit,Medical service unit,VN_SRC_TRAVINH,Tra Vinh,2007,annual,440.0,Bed,not_specified,E1410,https://www.nso.gov.vn/en/px-web?pxid=E1410&theme=Health%2C%20Culture%2C%20Sport%20and%20Living%20standard,source_reported_unharmonized
e1410_6ed30ea5f2,health_culture_environment,Number of patient beds under provincial departments of health by province · Medical service unit,Medical service unit,VN_SRC_TRAVINH,Tra Vinh,2008,annual,440.0,Bed,not_specified,E1410,https://www.nso.gov.vn/en/px-web?pxid=E1410&theme=Health%2C%20Culture%2C%20Sport%20and%20Living%20standard,source_reported_unharmonized
e1410_6ed30ea5f2,health_culture_environment,Number of patient beds under provincial departments of health by province · Medical service unit,Medical service unit,VN_SRC_TRAVINH,Tra Vinh,2009,annual,440.0,Bed,not_specified,E1410,https://www.nso.gov.vn/en/px-web?pxid=E1410&theme=Health%2C%20Culture%2C%20Sport%20and%20Living%20standard,source_reported_unharmonized
e1410_6ed30ea5f2,health_culture_environment,Number of patient beds under provincial departments of health by province · Medical service unit,Medical service unit,VN_SRC_TRAVINH,Tra Vinh,2010,annual,445.0,Bed,not_specified,E1410,https://www.nso.gov.vn/en/px-web?pxid=E1410&theme=Health%2C%20Culture%2C%20Sport%20and%20Living%20standard,source_reported_unharmonized
e1410_6ed30ea5f2,health_culture_environment,Number of patient beds under provincial departments of health by province · Medical service unit,Medical service unit,VN_SRC_TRAVINH,Tra Vinh,2011,annual,455.0,Bed,not_specified,E1410,https://www.nso.gov.vn/en/px-web?pxid=E1410&theme=Health%2C%20Culture%2C%20Sport%20and%20Living%20standard,source_reported_unharmonized
e1410_6ed30ea5f2,health_culture_environment,Number of patient beds under provincial departments of health by province · Medical service unit,Medical service unit,VN_SRC_TRAVINH,Tra Vinh,2012,annual,465.0,Bed,not_specified,E1410,https://www.nso.gov.vn/en/px-web?pxid=E1410&theme=Health%2C%20Culture%2C%20Sport%20and%20Living%20standard,source_reported_unharmonized
e1410_6ed30ea5f2,health_culture_environment,Number of patient beds under provincial departments of health by province · Medical service unit,Medical service unit,VN_SRC_TRAVINH,Tra Vinh,2013,annual,465.0,Bed,not_specified,E1410,https://www.nso.gov.vn/en/px-web?pxid=E1410&theme=Health%2C%20Culture%2C%20Sport%20and%20Living%20standard,source_reported_unharmonized
e1410_6ed30ea5f2,health_culture_environment,Number of patient beds under provincial departments of health by province · Medical service unit,Medical service unit,VN_SRC_TRAVINH,Tra Vinh,2014,annual,465.0,Bed,not_specified,E1410,https://www.nso.gov.vn/en/px-web?pxid=E1410&theme=Health%2C%20Culture%2C%20Sport%20and%20Living%20standard,source_reported_unharmonized
e1410_6ed30ea5f2,health_culture_environment,Number of patient beds under provincial departments of health by province · Medical service unit,Medical service unit,VN_SRC_TRAVINH,Tra Vinh,2015,annual,470.0,Bed,not_specified,E1410,https://www.nso.gov.vn/en/px-web?pxid=E1410&theme=Health%2C%20Culture%2C%20Sport%20and%20Living%20standard,source_reported_unharmonized
e1410_6ed30ea5f2,health_culture_environment,Number of patient beds under provincial departments of health by province · Medical service unit,Medical service unit,VN_SRC_TRAVINH,Tra Vinh,2016,annual,470.0,Bed,not_specified,E1410,https://www.nso.gov.vn/en/px-web?pxid=E1410&theme=Health%2C%20Culture%2C%20Sport%20and%20Living%20standard,source_reported_unharmonized
e1410_6ed30ea5f2,health_culture_environment,Number of patient beds under provincial departments of health by province · Medical service unit,Medical service unit,VN_SRC_TRAVINH,Tra Vinh,2017,annual,470.0,Bed,not_specified,E1410,https://www.nso.gov.vn/en/px-web?pxid=E1410&theme=Health%2C%20Culture%2C%20Sport%20and%20Living%20standard,source_reported_unharmonized
e1410_6ed30ea5f2,health_culture_environment,Number of patient beds under provincial departments of health by province · Medical service unit,Medical service unit,VN_SRC_VINHLONG,Vinh Long,2002,annual,510.0,Bed,not_specified,E1410,https://www.nso.gov.vn/en/px-web?pxid=E1410&theme=Health%2C%20Culture%2C%20Sport%20and%20Living%20standard,source_reported_unharmonized
e1410_6ed30ea5f2,health_culture_environment,Number of patient beds under provincial departments of health by province · Medical service unit,Medical service unit,VN_SRC_VINHLONG,Vinh Long,2003,annual,510.0,Bed,not_specified,E1410,https://www.nso.gov.vn/en/px-web?pxid=E1410&theme=Health%2C%20Culture%2C%20Sport%20and%20Living%20standard,source_reported_unharmonized
e1410_6ed30ea5f2,health_culture_environment,Number of patient beds under provincial departments of health by province · Medical service unit,Medical service unit,VN_SRC_VINHLONG,Vinh Long,2004,annual,510.0,Bed,not_specified,E1410,https://www.nso.gov.vn/en/px-web?pxid=E1410&theme=Health%2C%20Culture%2C%20Sport%20and%20Living%20standard,source_reported_unharmonized
e1410_6ed30ea5f2,health_culture_environment,Number of patient beds under provincial departments of health by province · Medical service unit,Medical service unit,VN_SRC_VINHLONG,Vinh Long,2005,annual,505.0,Bed,not_specified,E1410,https://www.nso.gov.vn/en/px-web?pxid=E1410&theme=Health%2C%20Culture%2C%20Sport%20and%20Living%20standard,source_reported_unharmonized
e1410_6ed30ea5f2,health_culture_environment,Number of patient beds under provincial departments of health by province · Medical service unit,Medical service unit,VN_SRC_VINHLONG,Vinh Long,2006,annual,505.0,Bed,not_specified,E1410,https://www.nso.gov.vn/en/px-web?pxid=E1410&theme=Health%2C%20Culture%2C%20Sport%20and%20Living%20standard,source_reported_unharmonized
e1410_6ed30ea5f2,health_culture_environment,Number of patient beds under provincial departments of health by province · Medical service unit,Medical service unit,VN_SRC_VINHLONG,Vinh Long,2007,annual,505.0,Bed,not_specified,E1410,https://www.nso.gov.vn/en/px-web?pxid=E1410&theme=Health%2C%20Culture%2C%20Sport%20and%20Living%20standard,source_reported_unharmonized
e1410_6ed30ea5f2,health_culture_environment,Number of patient beds under provincial departments of health by province · Medical service unit,Medical service unit,VN_SRC_VINHLONG,Vinh Long,2008,annual,505.0,Bed,not_specified,E1410,https://www.nso.gov.vn/en/px-web?pxid=E1410&theme=Health%2C%20Culture%2C%20Sport%20and%20Living%20standard,source_reported_unharmonized
e1410_6ed30ea5f2,health_culture_environment,Number of patient beds under provincial departments of health by province · Medical service unit,Medical service unit,VN_SRC_VINHLONG,Vinh Long,2009,annual,510.0,Bed,not_specified,E1410,https://www.nso.gov.vn/en/px-web?pxid=E1410&theme=Health%2C%20Culture%2C%20Sport%20and%20Living%20standard,source_reported_unharmonized
e1410_6ed30ea5f2,health_culture_environment,Number of patient beds under provincial departments of health by province · Medical service unit,Medical service unit,VN_SRC_VINHLONG,Vinh Long,2010,annual,510.0,Bed,not_specified,E1410,https://www.nso.gov.vn/en/px-web?pxid=E1410&theme=Health%2C%20Culture%2C%20Sport%20and%20Living%20standard,source_reported_unharmonized
e1410_6ed30ea5f2,health_culture_environment,Number of patient beds under provincial departments of health by province · Medical service unit,Medical service unit,VN_SRC_VINHLONG,Vinh Long,2011,annual,510.0,Bed,not_specified,E1410,https://www.nso.gov.vn/en/px-web?pxid=E1410&theme=Health%2C%20Culture%2C%20Sport%20and%20Living%20standard,source_reported_unharmonized
e1410_6ed30ea5f2,health_culture_environment,Number of patient beds under provincial departments of health by province · Medical service unit,Medical service unit,VN_SRC_VINHLONG,Vinh Long,2012,annual,510.0,Bed,not_specified,E1410,https://www.nso.gov.vn/en/px-web?pxid=E1410&theme=Health%2C%20Culture%2C%20Sport%20and%20Living%20standard,source_reported_unharmonized
e1410_6ed30ea5f2,health_culture_environment,Number of patient beds under provincial departments of health by province · Medical service unit,Medical service unit,VN_SRC_VINHLONG,Vinh Long,2013,annual,545.0,Bed,not_specified,E1410,https://www.nso.gov.vn/en/px-web?pxid=E1410&theme=Health%2C%20Culture%2C%20Sport%20and%20Living%20standard,source_reported_unharmonized
e1410_6ed30ea5f2,health_culture_environment,Number of patient beds under provincial departments of health by province · Medical service unit,Medical service unit,VN_SRC_VINHLONG,Vinh Long,2014,annual,545.0,Bed,not_specified,E1410,https://www.nso.gov.vn/en/px-web?pxid=E1410&theme=Health%2C%20Culture%2C%20Sport%20and%20Living%20standard,source_reported_unharmonized
e1410_6ed30ea5f2,health_culture_environment,Number of patient beds under provincial departments of health by province · Medical service unit,Medical service unit,VN_SRC_VINHLONG,Vinh Long,2015,annual,545.0,Bed,not_specified,E1410,https://www.nso.gov.vn/en/px-web?pxid=E1410&theme=Health%2C%20Culture%2C%20Sport%20and%20Living%20standard,source_reported_unharmonized
e1410_6ed30ea5f2,health_culture_environment,Number of patient beds under provincial departments of health by province · Medical service unit,Medical service unit,VN_SRC_VINHLONG,Vinh Long,2016,annual,545.0,Bed,not_specified,E1410,https://www.nso.gov.vn/en/px-web?pxid=E1410&theme=Health%2C%20Culture%2C%20Sport%20and%20Living%20standard,source_reported_unharmonized
e1410_6ed30ea5f2,health_culture_environment,Number of patient beds under provincial departments of health by province · Medical service unit,Medical service unit,VN_SRC_VINHLONG,Vinh Long,2017,annual,545.0,Bed,not_specified,E1410,https://www.nso.gov.vn/en/px-web?pxid=E1410&theme=Health%2C%20Culture%2C%20Sport%20and%20Living%20standard,source_reported_unharmonized
e1410_6ed30ea5f2,health_culture_environment,Number of patient beds under provincial departments of health by province · Medical service unit,Medical service unit,VN_SRC_DONGTHAP,Dong Thap,2002,annual,658.0,Bed,not_specified,E1410,https://www.nso.gov.vn/en/px-web?pxid=E1410&theme=Health%2C%20Culture%2C%20Sport%20and%20Living%20standard,source_reported_unharmonized
e1410_6ed30ea5f2,health_culture_environment,Number of patient beds under provincial departments of health by province · Medical service unit,Medical service unit,VN_SRC_DONGTHAP,Dong Thap,2003,annual,672.0,Bed,not_specified,E1410,https://www.nso.gov.vn/en/px-web?pxid=E1410&theme=Health%2C%20Culture%2C%20Sport%20and%20Living%20standard,source_reported_unharmonized
e1410_6ed30ea5f2,health_culture_environment,Number of patient beds under provincial departments of health by province · Medical service unit,Medical service unit,VN_SRC_DONGTHAP,Dong Thap,2004,annual,688.0,Bed,not_specified,E1410,https://www.nso.gov.vn/en/px-web?pxid=E1410&theme=Health%2C%20Culture%2C%20Sport%20and%20Living%20standard,source_reported_unharmonized
e1410_6ed30ea5f2,health_culture_environment,Number of patient beds under provincial departments of health by province · Medical service unit,Medical service unit,VN_SRC_DONGTHAP,Dong Thap,2005,annual,708.0,Bed,not_specified,E1410,https://www.nso.gov.vn/en/px-web?pxid=E1410&theme=Health%2C%20Culture%2C%20Sport%20and%20Living%20standard,source_reported_unharmonized
e1410_6ed30ea5f2,health_culture_environment,Number of patient beds under provincial departments of health by province · Medical service unit,Medical service unit,VN_SRC_DONGTHAP,Dong Thap,2006,annual,706.0,Bed,not_specified,E1410,https://www.nso.gov.vn/en/px-web?pxid=E1410&theme=Health%2C%20Culture%2C%20Sport%20and%20Living%20standard,source_reported_unharmonized
e1410_6ed30ea5f2,health_culture_environment,Number of patient beds under provincial departments of health by province · Medical service unit,Medical service unit,VN_SRC_DONGTHAP,Dong Thap,2007,annual,695.0,Bed,not_specified,E1410,https://www.nso.gov.vn/en/px-web?pxid=E1410&theme=Health%2C%20Culture%2C%20Sport%20and%20Living%20standard,source_reported_unharmonized
e1410_6ed30ea5f2,health_culture_environment,Number of patient beds under provincial departments of health by province · Medical service unit,Medical service unit,VN_SRC_DONGTHAP,Dong Thap,2008,annual,788.0,Bed,not_specified,E1410,https://www.nso.gov.vn/en/px-web?pxid=E1410&theme=Health%2C%20Culture%2C%20Sport%20and%20Living%20standard,source_reported_unharmonized
e1410_6ed30ea5f2,health_culture_environment,Number of patient beds under provincial departments of health by province · Medical service unit,Medical service unit,VN_SRC_DONGTHAP,Dong Thap,2009,annual,793.0,Bed,not_specified,E1410,https://www.nso.gov.vn/en/px-web?pxid=E1410&theme=Health%2C%20Culture%2C%20Sport%20and%20Living%20standard,source_reported_unharmonized
e1410_6ed30ea5f2,health_culture_environment,Number of patient beds under provincial departments of health by province · Medical service unit,Medical service unit,VN_SRC_DONGTHAP,Dong Thap,2010,annual,925.0,Bed,not_specified,E1410,https://www.nso.gov.vn/en/px-web?pxid=E1410&theme=Health%2C%20Culture%2C%20Sport%20and%20Living%20standard,source_reported_unharmonized
e1410_6ed30ea5f2,health_culture_environment,Number of patient beds under provincial departments of health by province · Medical service unit,Medical service unit,VN_SRC_DONGTHAP,Dong Thap,2011,annual,884.0,Bed,not_specified,E1410,https://www.nso.gov.vn/en/px-web?pxid=E1410&theme=Health%2C%20Culture%2C%20Sport%20and%20Living%20standard,source_reported_unharmonized
e1410_6ed30ea5f2,health_culture_environment,Number of patient beds under provincial departments of health by province · Medical service unit,Medical service unit,VN_SRC_DONGTHAP,Dong Thap,2012,annual,893.0,Bed,not_specified,E1410,https://www.nso.gov.vn/en/px-web?pxid=E1410&theme=Health%2C%20Culture%2C%20Sport%20and%20Living%20standard,source_reported_unharmonized
e1410_6ed30ea5f2,health_culture_environment,Number of patient beds under provincial departments of health by province · Medical service unit,Medical service unit,VN_SRC_DONGTHAP,Dong Thap,2013,annual,840.0,Bed,not_specified,E1410,https://www.nso.gov.vn/en/px-web?pxid=E1410&theme=Health%2C%20Culture%2C%20Sport%20and%20Living%20standard,source_reported_unharmonized
e1410_6ed30ea5f2,health_culture_environment,Number of patient beds under provincial departments of health by province · Medical service unit,Medical service unit,VN_SRC_DONGTHAP,Dong Thap,2014,annual,900.0,Bed,not_specified,E1410,https://www.nso.gov.vn/en/px-web?pxid=E1410&theme=Health%2C%20Culture%2C%20Sport%20and%20Living%20standard,source_reported_unharmonized
e1410_6ed30ea5f2,health_culture_environment,Number of patient beds under provincial departments of health by province · Medical service unit,Medical service unit,VN_SRC_DONGTHAP,Dong Thap,2015,annual,901.0,Bed,not_specified,E1410,https://www.nso.gov.vn/en/px-web?pxid=E1410&theme=Health%2C%20Culture%2C%20Sport%20and%20Living%20standard,source_reported_unharmonized
e1410_6ed30ea5f2,health_culture_environment,Number of patient beds under provincial departments of health by province · Medical service unit,Medical service unit,VN_SRC_DONGTHAP,Dong Thap,2016,annual,913.0,Bed,not_specified,E1410,https://www.nso.gov.vn/en/px-web?pxid=E1410&theme=Health%2C%20Culture%2C%20Sport%20and%20Living%20standard,source_reported_unharmonized
e1410_6ed30ea5f2,health_culture_environment,Number of patient beds under provincial departments of health by province · Medical service unit,Medical service unit,VN_SRC_DONGTHAP,Dong Thap,2017,annual,913.0,Bed,not_specified,E1410,https://www.nso.gov.vn/en/px-web?pxid=E1410&theme=Health%2C%20Culture%2C%20Sport%20and%20Living%20standard,source_reported_unharmonized
e1410_6ed30ea5f2,health_culture_environment,Number of patient beds under provincial departments of health by province · Medical service unit,Medical service unit,VN_SRC_ANGIANG,An Giang,2002,annual,1310.0,Bed,not_specified,E1410,https://www.nso.gov.vn/en/px-web?pxid=E1410&theme=Health%2C%20Culture%2C%20Sport%20and%20Living%20standard,source_reported_unharmonized
e1410_6ed30ea5f2,health_culture_environment,Number of patient beds under provincial departments of health by province · Medical service unit,Medical service unit,VN_SRC_ANGIANG,An Giang,2003,annual,1340.0,Bed,not_specified,E1410,https://www.nso.gov.vn/en/px-web?pxid=E1410&theme=Health%2C%20Culture%2C%20Sport%20and%20Living%20standard,source_reported_unharmonized
e1410_6ed30ea5f2,health_culture_environment,Number of patient beds under provincial departments of health by province · Medical service unit,Medical service unit,VN_SRC_ANGIANG,An Giang,2004,annual,1390.0,Bed,not_specified,E1410,https://www.nso.gov.vn/en/px-web?pxid=E1410&theme=Health%2C%20Culture%2C%20Sport%20and%20Living%20standard,source_reported_unharmonized
e1410_6ed30ea5f2,health_culture_environment,Number of patient beds under provincial departments of health by province · Medical service unit,Medical service unit,VN_SRC_ANGIANG,An Giang,2005,annual,1430.0,Bed,not_specified,E1410,https://www.nso.gov.vn/en/px-web?pxid=E1410&theme=Health%2C%20Culture%2C%20Sport%20and%20Living%20standard,source_reported_unharmonized
e1410_6ed30ea5f2,health_culture_environment,Number of patient beds under provincial departments of health by province · Medical service unit,Medical service unit,VN_SRC_ANGIANG,An Giang,2006,annual,1540.0,Bed,not_specified,E1410,https://www.nso.gov.vn/en/px-web?pxid=E1410&theme=Health%2C%20Culture%2C%20Sport%20and%20Living%20standard,source_reported_unharmonized
e1410_6ed30ea5f2,health_culture_environment,Number of patient beds under provincial departments of health by province · Medical service unit,Medical service unit,VN_SRC_ANGIANG,An Giang,2007,annual,1540.0,Bed,not_specified,E1410,https://www.nso.gov.vn/en/px-web?pxid=E1410&theme=Health%2C%20Culture%2C%20Sport%20and%20Living%20standard,source_reported_unharmonized
e1410_6ed30ea5f2,health_culture_environment,Number of patient beds under provincial departments of health by province · Medical service unit,Medical service unit,VN_SRC_ANGIANG,An Giang,2008,annual,1540.0,Bed,not_specified,E1410,https://www.nso.gov.vn/en/px-web?pxid=E1410&theme=Health%2C%20Culture%2C%20Sport%20and%20Living%20standard,source_reported_unharmonized
e1410_6ed30ea5f2,health_culture_environment,Number of patient beds under provincial departments of health by province · Medical service unit,Medical service unit,VN_SRC_ANGIANG,An Giang,2009,annual,1560.0,Bed,not_specified,E1410,https://www.nso.gov.vn/en/px-web?pxid=E1410&theme=Health%2C%20Culture%2C%20Sport%20and%20Living%20standard,source_reported_unharmonized
e1410_6ed30ea5f2,health_culture_environment,Number of patient beds under provincial departments of health by province · Medical service unit,Medical service unit,VN_SRC_ANGIANG,An Giang,2010,annual,1560.0,Bed,not_specified,E1410,https://www.nso.gov.vn/en/px-web?pxid=E1410&theme=Health%2C%20Culture%2C%20Sport%20and%20Living%20standard,source_reported_unharmonized
e1410_6ed30ea5f2,health_culture_environment,Number of patient beds under provincial departments of health by province · Medical service unit,Medical service unit,VN_SRC_ANGIANG,An Giang,2011,annual,1560.0,Bed,not_specified,E1410,https://www.nso.gov.vn/en/px-web?pxid=E1410&theme=Health%2C%20Culture%2C%20Sport%20and%20Living%20standard,source_reported_unharmonized
e1410_6ed30ea5f2,health_culture_environment,Number of patient beds under provincial departments of health by province · Medical service unit,Medical service unit,VN_SRC_ANGIANG,An Giang,2012,annual,1560.0,Bed,not_specified,E1410,https://www.nso.gov.vn/en/px-web?pxid=E1410&theme=Health%2C%20Culture%2C%20Sport%20and%20Living%20standard,source_reported_unharmonized
e1410_6ed30ea5f2,health_culture_environment,Number of patient beds under provincial departments of health by province · Medical service unit,Medical service unit,VN_SRC_ANGIANG,An Giang,2013,annual,1560.0,Bed,not_specified,E1410,https://www.nso.gov.vn/en/px-web?pxid=E1410&theme=Health%2C%20Culture%2C%20Sport%20and%20Living%20standard,source_reported_unharmonized
e1410_6ed30ea5f2,health_culture_environment,Number of patient beds under provincial departments of health by province · Medical service unit,Medical service unit,VN_SRC_ANGIANG,An Giang,2014,annual,1560.0,Bed,not_specified,E1410,https://www.nso.gov.vn/en/px-web?pxid=E1410&theme=Health%2C%20Culture%2C%20Sport%20and%20Living%20standard,source_reported_unharmonized
e1410_6ed30ea5f2,health_culture_environment,Number of patient beds under provincial departments of health by province · Medical service unit,Medical service unit,VN_SRC_ANGIANG,An Giang,2015,annual,1560.0,Bed,not_specified,E1410,https://www.nso.gov.vn/en/px-web?pxid=E1410&theme=Health%2C%20Culture%2C%20Sport%20and%20Living%20standard,source_reported_unharmonized
e1410_6ed30ea5f2,health_culture_environment,Number of patient beds under provincial departments of health by province · Medical service unit,Medical service unit,VN_SRC_ANGIANG,An Giang,2016,annual,1560.0,Bed,not_specified,E1410,https://www.nso.gov.vn/en/px-web?pxid=E1410&theme=Health%2C%20Culture%2C%20Sport%20and%20Living%20standard,source_reported_unharmonized
e1410_6ed30ea5f2,health_culture_environment,Number of patient beds under provincial departments of health by province · Medical service unit,Medical service unit,VN_SRC_ANGIANG,An Giang,2017,annual,1560.0,Bed,not_specified,E1410,https://www.nso.gov.vn/en/px-web?pxid=E1410&theme=Health%2C%20Culture%2C%20Sport%20and%20Living%20standard,source_reported_unharmonized
e1410_6ed30ea5f2,health_culture_environment,Number of patient beds under provincial departments of health by province · Medical service unit,Medical service unit,VN_SRC_KIENGIANG,Kien Giang,2002,annual,640.0,Bed,not_specified,E1410,https://www.nso.gov.vn/en/px-web?pxid=E1410&theme=Health%2C%20Culture%2C%20Sport%20and%20Living%20standard,source_reported_unharmonized
e1410_6ed30ea5f2,health_culture_environment,Number of patient beds under provincial departments of health by province · Medical service unit,Medical service unit,VN_SRC_KIENGIANG,Kien Giang,2003,annual,640.0,Bed,not_specified,E1410,https://www.nso.gov.vn/en/px-web?pxid=E1410&theme=Health%2C%20Culture%2C%20Sport%20and%20Living%20standard,source_reported_unharmonized
e1410_6ed30ea5f2,health_culture_environment,Number of patient beds under provincial departments of health by province · Medical service unit,Medical service unit,VN_SRC_KIENGIANG,Kien Giang,2004,annual,658.0,Bed,not_specified,E1410,https://www.nso.gov.vn/en/px-web?pxid=E1410&theme=Health%2C%20Culture%2C%20Sport%20and%20Living%20standard,source_reported_unharmonized
e1410_6ed30ea5f2,health_culture_environment,Number of patient beds under provincial departments of health by province · Medical service unit,Medical service unit,VN_SRC_KIENGIANG,Kien Giang,2005,annual,696.0,Bed,not_specified,E1410,https://www.nso.gov.vn/en/px-web?pxid=E1410&theme=Health%2C%20Culture%2C%20Sport%20and%20Living%20standard,source_reported_unharmonized
e1410_6ed30ea5f2,health_culture_environment,Number of patient beds under provincial departments of health by province · Medical service unit,Medical service unit,VN_SRC_KIENGIANG,Kien Giang,2006,annual,738.0,Bed,not_specified,E1410,https://www.nso.gov.vn/en/px-web?pxid=E1410&theme=Health%2C%20Culture%2C%20Sport%20and%20Living%20standard,source_reported_unharmonized
e1410_6ed30ea5f2,health_culture_environment,Number of patient beds under provincial departments of health by province · Medical service unit,Medical service unit,VN_SRC_KIENGIANG,Kien Giang,2007,annual,570.0,Bed,not_specified,E1410,https://www.nso.gov.vn/en/px-web?pxid=E1410&theme=Health%2C%20Culture%2C%20Sport%20and%20Living%20standard,source_reported_unharmonized
e1410_6ed30ea5f2,health_culture_environment,Number of patient beds under provincial departments of health by province · Medical service unit,Medical service unit,VN_SRC_KIENGIANG,Kien Giang,2008,annual,630.0,Bed,not_specified,E1410,https://www.nso.gov.vn/en/px-web?pxid=E1410&theme=Health%2C%20Culture%2C%20Sport%20and%20Living%20standard,source_reported_unharmonized
e1410_6ed30ea5f2,health_culture_environment,Number of patient beds under provincial departments of health by province · Medical service unit,Medical service unit,VN_SRC_KIENGIANG,Kien Giang,2009,annual,780.0,Bed,not_specified,E1410,https://www.nso.gov.vn/en/px-web?pxid=E1410&theme=Health%2C%20Culture%2C%20Sport%20and%20Living%20standard,source_reported_unharmonized
e1410_6ed30ea5f2,health_culture_environment,Number of patient beds under provincial departments of health by province · Medical service unit,Medical service unit,VN_SRC_KIENGIANG,Kien Giang,2010,annual,780.0,Bed,not_specified,E1410,https://www.nso.gov.vn/en/px-web?pxid=E1410&theme=Health%2C%20Culture%2C%20Sport%20and%20Living%20standard,source_reported_unharmonized
e1410_6ed30ea5f2,health_culture_environment,Number of patient beds under provincial departments of health by province · Medical service unit,Medical service unit,VN_SRC_KIENGIANG,Kien Giang,2011,annual,780.0,Bed,not_specified,E1410,https://www.nso.gov.vn/en/px-web?pxid=E1410&theme=Health%2C%20Culture%2C%20Sport%20and%20Living%20standard,source_reported_unharmonized
e1410_6ed30ea5f2,health_culture_environment,Number of patient beds under provincial departments of health by province · Medical service unit,Medical service unit,VN_SRC_KIENGIANG,Kien Giang,2012,annual,780.0,Bed,not_specified,E1410,https://www.nso.gov.vn/en/px-web?pxid=E1410&theme=Health%2C%20Culture%2C%20Sport%20and%20Living%20standard,source_reported_unharmonized
e1410_6ed30ea5f2,health_culture_environment,Number of patient beds under provincial departments of health by province · Medical service unit,Medical service unit,VN_SRC_KIENGIANG,Kien Giang,2013,annual,780.0,Bed,not_specified,E1410,https://www.nso.gov.vn/en/px-web?pxid=E1410&theme=Health%2C%20Culture%2C%20Sport%20and%20Living%20standard,source_reported_unharmonized
e1410_6ed30ea5f2,health_culture_environment,Number of patient beds under provincial departments of health by province · Medical service unit,Medical service unit,VN_SRC_KIENGIANG,Kien Giang,2014,annual,780.0,Bed,not_specified,E1410,https://www.nso.gov.vn/en/px-web?pxid=E1410&theme=Health%2C%20Culture%2C%20Sport%20and%20Living%20standard,source_reported_unharmonized
e1410_6ed30ea5f2,health_culture_environment,Number of patient beds under provincial departments of health by province · Medical service unit,Medical service unit,VN_SRC_KIENGIANG,Kien Giang,2015,annual,842.0,Bed,not_specified,E1410,https://www.nso.gov.vn/en/px-web?pxid=E1410&theme=Health%2C%20Culture%2C%20Sport%20and%20Living%20standard,source_reported_unharmonized
e1410_6ed30ea5f2,health_culture_environment,Number of patient beds under provincial departments of health by province · Medical service unit,Medical service unit,VN_SRC_KIENGIANG,Kien Giang,2016,annual,842.0,Bed,not_specified,E1410,https://www.nso.gov.vn/en/px-web?pxid=E1410&theme=Health%2C%20Culture%2C%20Sport%20and%20Living%20standard,source_reported_unharmonized
e1410_6ed30ea5f2,health_culture_environment,Number of patient beds under provincial departments of health by province · Medical service unit,Medical service unit,VN_SRC_KIENGIANG,Kien Giang,2017,annual,842.0,Bed,not_specified,E1410,https://www.nso.gov.vn/en/px-web?pxid=E1410&theme=Health%2C%20Culture%2C%20Sport%20and%20Living%20standard,source_reported_unharmonized
e1410_6ed30ea5f2,health_culture_environment,Number of patient beds under provincial departments of health by province · Medical service unit,Medical service unit,VN_SRC_CANTHO,Can Tho,2002,annual,249.0,Bed,not_specified,E1410,https://www.nso.gov.vn/en/px-web?pxid=E1410&theme=Health%2C%20Culture%2C%20Sport%20and%20Living%20standard,source_reported_unharmonized
e1410_6ed30ea5f2,health_culture_environment,Number of patient beds under provincial departments of health by province · Medical service unit,Medical service unit,VN_SRC_CANTHO,Can Tho,2003,annual,262.0,Bed,not_specified,E1410,https://www.nso.gov.vn/en/px-web?pxid=E1410&theme=Health%2C%20Culture%2C%20Sport%20and%20Living%20standard,source_reported_unharmonized
e1410_6ed30ea5f2,health_culture_environment,Number of patient beds under provincial departments of health by province · Medical service unit,Medical service unit,VN_SRC_CANTHO,Can Tho,2004,annual,194.0,Bed,not_specified,E1410,https://www.nso.gov.vn/en/px-web?pxid=E1410&theme=Health%2C%20Culture%2C%20Sport%20and%20Living%20standard,source_reported_unharmonized
e1410_6ed30ea5f2,health_culture_environment,Number of patient beds under provincial departments of health by province · Medical service unit,Medical service unit,VN_SRC_CANTHO,Can Tho,2005,annual,215.0,Bed,not_specified,E1410,https://www.nso.gov.vn/en/px-web?pxid=E1410&theme=Health%2C%20Culture%2C%20Sport%20and%20Living%20standard,source_reported_unharmonized
e1410_6ed30ea5f2,health_culture_environment,Number of patient beds under provincial departments of health by province · Medical service unit,Medical service unit,VN_SRC_CANTHO,Can Tho,2006,annual,215.0,Bed,not_specified,E1410,https://www.nso.gov.vn/en/px-web?pxid=E1410&theme=Health%2C%20Culture%2C%20Sport%20and%20Living%20standard,source_reported_unharmonized
e1410_6ed30ea5f2,health_culture_environment,Number of patient beds under provincial departments of health by province · Medical service unit,Medical service unit,VN_SRC_CANTHO,Can Tho,2007,annual,215.0,Bed,not_specified,E1410,https://www.nso.gov.vn/en/px-web?pxid=E1410&theme=Health%2C%20Culture%2C%20Sport%20and%20Living%20standard,source_reported_unharmonized
e1410_6ed30ea5f2,health_culture_environment,Number of patient beds under provincial departments of health by province · Medical service unit,Medical service unit,VN_SRC_CANTHO,Can Tho,2008,annual,215.0,Bed,not_specified,E1410,https://www.nso.gov.vn/en/px-web?pxid=E1410&theme=Health%2C%20Culture%2C%20Sport%20and%20Living%20standard,source_reported_unharmonized
e1410_6ed30ea5f2,health_culture_environment,Number of patient beds under provincial departments of health by province · Medical service unit,Medical service unit,VN_SRC_CANTHO,Can Tho,2009,annual,214.0,Bed,not_specified,E1410,https://www.nso.gov.vn/en/px-web?pxid=E1410&theme=Health%2C%20Culture%2C%20Sport%20and%20Living%20standard,source_reported_unharmonized
e1410_6ed30ea5f2,health_culture_environment,Number of patient beds under provincial departments of health by province · Medical service unit,Medical service unit,VN_SRC_CANTHO,Can Tho,2010,annual,214.0,Bed,not_specified,E1410,https://www.nso.gov.vn/en/px-web?pxid=E1410&theme=Health%2C%20Culture%2C%20Sport%20and%20Living%20standard,source_reported_unharmonized
e1410_6ed30ea5f2,health_culture_environment,Number of patient beds under provincial departments of health by province · Medical service unit,Medical service unit,VN_SRC_CANTHO,Can Tho,2011,annual,214.0,Bed,not_specified,E1410,https://www.nso.gov.vn/en/px-web?pxid=E1410&theme=Health%2C%20Culture%2C%20Sport%20and%20Living%20standard,source_reported_unharmonized
e1410_6ed30ea5f2,health_culture_environment,Number of patient beds under provincial departments of health by province · Medical service unit,Medical service unit,VN_SRC_CANTHO,Can Tho,2012,annual,214.0,Bed,not_specified,E1410,https://www.nso.gov.vn/en/px-web?pxid=E1410&theme=Health%2C%20Culture%2C%20Sport%20and%20Living%20standard,source_reported_unharmonized
e1410_6ed30ea5f2,health_culture_environment,Number of patient beds under provincial departments of health by province · Medical service unit,Medical service unit,VN_SRC_CANTHO,Can Tho,2013,annual,214.0,Bed,not_specified,E1410,https://www.nso.gov.vn/en/px-web?pxid=E1410&theme=Health%2C%20Culture%2C%20Sport%20and%20Living%20standard,source_reported_unharmonized
e1410_6ed30ea5f2,health_culture_environment,Number of patient beds under provincial departments of health by province · Medical service unit,Medical service unit,VN_SRC_CANTHO,Can Tho,2014,annual,431.0,Bed,not_specified,E1410,https://www.nso.gov.vn/en/px-web?pxid=E1410&theme=Health%2C%20Culture%2C%20Sport%20and%20Living%20standard,source_reported_unharmonized
e1410_6ed30ea5f2,health_culture_environment,Number of patient beds under provincial departments of health by province · Medical service unit,Medical service unit,VN_SRC_CANTHO,Can Tho,2015,annual,431.0,Bed,not_specified,E1410,https://www.nso.gov.vn/en/px-web?pxid=E1410&theme=Health%2C%20Culture%2C%20Sport%20and%20Living%20standard,source_reported_unharmonized
e1410_6ed30ea5f2,health_culture_environment,Number of patient beds under provincial departments of health by province · Medical service unit,Medical service unit,VN_SRC_CANTHO,Can Tho,2016,annual,451.0,Bed,not_specified,E1410,https://www.nso.gov.vn/en/px-web?pxid=E1410&theme=Health%2C%20Culture%2C%20Sport%20and%20Living%20standard,source_reported_unharmonized
e1410_6ed30ea5f2,health_culture_environment,Number of patient beds under provincial departments of health by province · Medical service unit,Medical service unit,VN_SRC_CANTHO,Can Tho,2017,annual,451.0,Bed,not_specified,E1410,https://www.nso.gov.vn/en/px-web?pxid=E1410&theme=Health%2C%20Culture%2C%20Sport%20and%20Living%20standard,source_reported_unharmonized
e1410_6ed30ea5f2,health_culture_environment,Number of patient beds under provincial departments of health by province · Medical service unit,Medical service unit,VN_SRC_HAUGIANG,Hau Giang,2002,annual,,Bed,not_specified,E1410,https://www.nso.gov.vn/en/px-web?pxid=E1410&theme=Health%2C%20Culture%2C%20Sport%20and%20Living%20standard,source_reported_unharmonized
e1410_6ed30ea5f2,health_culture_environment,Number of patient beds under provincial departments of health by province · Medical service unit,Medical service unit,VN_SRC_HAUGIANG,Hau Giang,2003,annual,,Bed,not_specified,E1410,https://www.nso.gov.vn/en/px-web?pxid=E1410&theme=Health%2C%20Culture%2C%20Sport%20and%20Living%20standard,source_reported_unharmonized
e1410_6ed30ea5f2,health_culture_environment,Number of patient beds under provincial departments of health by province · Medical service unit,Medical service unit,VN_SRC_HAUGIANG,Hau Giang,2004,annual,174.0,Bed,not_specified,E1410,https://www.nso.gov.vn/en/px-web?pxid=E1410&theme=Health%2C%20Culture%2C%20Sport%20and%20Living%20standard,source_reported_unharmonized
e1410_6ed30ea5f2,health_culture_environment,Number of patient beds under provincial departments of health by province · Medical service unit,Medical service unit,VN_SRC_HAUGIANG,Hau Giang,2005,annual,160.0,Bed,not_specified,E1410,https://www.nso.gov.vn/en/px-web?pxid=E1410&theme=Health%2C%20Culture%2C%20Sport%20and%20Living%20standard,source_reported_unharmonized
e1410_6ed30ea5f2,health_culture_environment,Number of patient beds under provincial departments of health by province · Medical service unit,Medical service unit,VN_SRC_HAUGIANG,Hau Giang,2006,annual,168.0,Bed,not_specified,E1410,https://www.nso.gov.vn/en/px-web?pxid=E1410&theme=Health%2C%20Culture%2C%20Sport%20and%20Living%20standard,source_reported_unharmonized
e1410_6ed30ea5f2,health_culture_environment,Number of patient beds under provincial departments of health by province · Medical service unit,Medical service unit,VN_SRC_HAUGIANG,Hau Giang,2007,annual,488.0,Bed,not_specified,E1410,https://www.nso.gov.vn/en/px-web?pxid=E1410&theme=Health%2C%20Culture%2C%20Sport%20and%20Living%20standard,source_reported_unharmonized
e1410_6ed30ea5f2,health_culture_environment,Number of patient beds under provincial departments of health by province · Medical service unit,Medical service unit,VN_SRC_HAUGIANG,Hau Giang,2008,annual,492.0,Bed,not_specified,E1410,https://www.nso.gov.vn/en/px-web?pxid=E1410&theme=Health%2C%20Culture%2C%20Sport%20and%20Living%20standard,source_reported_unharmonized
e1410_6ed30ea5f2,health_culture_environment,Number of patient beds under provincial departments of health by province · Medical service unit,Medical service unit,VN_SRC_HAUGIANG,Hau Giang,2009,annual,512.0,Bed,not_specified,E1410,https://www.nso.gov.vn/en/px-web?pxid=E1410&theme=Health%2C%20Culture%2C%20Sport%20and%20Living%20standard,source_reported_unharmonized
e1410_6ed30ea5f2,health_culture_environment,Number of patient beds under provincial departments of health by province · Medical service unit,Medical service unit,VN_SRC_HAUGIANG,Hau Giang,2010,annual,516.0,Bed,not_specified,E1410,https://www.nso.gov.vn/en/px-web?pxid=E1410&theme=Health%2C%20Culture%2C%20Sport%20and%20Living%20standard,source_reported_unharmonized
e1410_6ed30ea5f2,health_culture_environment,Number of patient beds under provincial departments of health by province · Medical service unit,Medical service unit,VN_SRC_HAUGIANG,Hau Giang,2011,annual,538.0,Bed,not_specified,E1410,https://www.nso.gov.vn/en/px-web?pxid=E1410&theme=Health%2C%20Culture%2C%20Sport%20and%20Living%20standard,source_reported_unharmonized
e1410_6ed30ea5f2,health_culture_environment,Number of patient beds under provincial departments of health by province · Medical service unit,Medical service unit,VN_SRC_HAUGIANG,Hau Giang,2012,annual,495.0,Bed,not_specified,E1410,https://www.nso.gov.vn/en/px-web?pxid=E1410&theme=Health%2C%20Culture%2C%20Sport%20and%20Living%20standard,source_reported_unharmonized
e1410_6ed30ea5f2,health_culture_environment,Number of patient beds under provincial departments of health by province · Medical service unit,Medical service unit,VN_SRC_HAUGIANG,Hau Giang,2013,annual,495.0,Bed,not_specified,E1410,https://www.nso.gov.vn/en/px-web?pxid=E1410&theme=Health%2C%20Culture%2C%20Sport%20and%20Living%20standard,source_reported_unharmonized
e1410_6ed30ea5f2,health_culture_environment,Number of patient beds under provincial departments of health by province · Medical service unit,Medical service unit,VN_SRC_HAUGIANG,Hau Giang,2014,annual,495.0,Bed,not_specified,E1410,https://www.nso.gov.vn/en/px-web?pxid=E1410&theme=Health%2C%20Culture%2C%20Sport%20and%20Living%20standard,source_reported_unharmonized
e1410_6ed30ea5f2,health_culture_environment,Number of patient beds under provincial departments of health by province · Medical service unit,Medical service unit,VN_SRC_HAUGIANG,Hau Giang,2015,annual,495.0,Bed,not_specified,E1410,https://www.nso.gov.vn/en/px-web?pxid=E1410&theme=Health%2C%20Culture%2C%20Sport%20and%20Living%20standard,source_reported_unharmonized
e1410_6ed30ea5f2,health_culture_environment,Number of patient beds under provincial departments of health by province · Medical service unit,Medical service unit,VN_SRC_HAUGIANG,Hau Giang,2016,annual,335.0,Bed,not_specified,E1410,https://www.nso.gov.vn/en/px-web?pxid=E1410&theme=Health%2C%20Culture%2C%20Sport%20and%20Living%20standard,source_reported_unharmonized
e1410_6ed30ea5f2,health_culture_environment,Number of patient beds under provincial departments of health by province · Medical service unit,Medical service unit,VN_SRC_HAUGIANG,Hau Giang,2017,annual,335.0,Bed,not_specified,E1410,https://www.nso.gov.vn/en/px-web?pxid=E1410&theme=Health%2C%20Culture%2C%20Sport%20and%20Living%20standard,source_reported_unharmonized
e1410_6ed30ea5f2,health_culture_environment,Number of patient beds under provincial departments of health by province · Medical service unit,Medical service unit,VN_SRC_SOCTRANG,Soc Trang,2002,annual,458.0,Bed,not_specified,E1410,https://www.nso.gov.vn/en/px-web?pxid=E1410&theme=Health%2C%20Culture%2C%20Sport%20and%20Living%20standard,source_reported_unharmonized
e1410_6ed30ea5f2,health_culture_environment,Number of patient beds under provincial departments of health by province · Medical service unit,Medical service unit,VN_SRC_SOCTRANG,Soc Trang,2003,annual,469.0,Bed,not_specified,E1410,https://www.nso.gov.vn/en/px-web?pxid=E1410&theme=Health%2C%20Culture%2C%20Sport%20and%20Living%20standard,source_reported_unharmonized
e1410_6ed30ea5f2,health_culture_environment,Number of patient beds under provincial departments of health by province · Medical service unit,Medical service unit,VN_SRC_SOCTRANG,Soc Trang,2004,annual,421.0,Bed,not_specified,E1410,https://www.nso.gov.vn/en/px-web?pxid=E1410&theme=Health%2C%20Culture%2C%20Sport%20and%20Living%20standard,source_reported_unharmonized
e1410_6ed30ea5f2,health_culture_environment,Number of patient beds under provincial departments of health by province · Medical service unit,Medical service unit,VN_SRC_SOCTRANG,Soc Trang,2005,annual,471.0,Bed,not_specified,E1410,https://www.nso.gov.vn/en/px-web?pxid=E1410&theme=Health%2C%20Culture%2C%20Sport%20and%20Living%20standard,source_reported_unharmonized
e1410_6ed30ea5f2,health_culture_environment,Number of patient beds under provincial departments of health by province · Medical service unit,Medical service unit,VN_SRC_SOCTRANG,Soc Trang,2006,annual,491.0,Bed,not_specified,E1410,https://www.nso.gov.vn/en/px-web?pxid=E1410&theme=Health%2C%20Culture%2C%20Sport%20and%20Living%20standard,source_reported_unharmonized
e1410_6ed30ea5f2,health_culture_environment,Number of patient beds under provincial departments of health by province · Medical service unit,Medical service unit,VN_SRC_SOCTRANG,Soc Trang,2007,annual,606.0,Bed,not_specified,E1410,https://www.nso.gov.vn/en/px-web?pxid=E1410&theme=Health%2C%20Culture%2C%20Sport%20and%20Living%20standard,source_reported_unharmonized
e1410_6ed30ea5f2,health_culture_environment,Number of patient beds under provincial departments of health by province · Medical service unit,Medical service unit,VN_SRC_SOCTRANG,Soc Trang,2008,annual,581.0,Bed,not_specified,E1410,https://www.nso.gov.vn/en/px-web?pxid=E1410&theme=Health%2C%20Culture%2C%20Sport%20and%20Living%20standard,source_reported_unharmonized
e1410_6ed30ea5f2,health_culture_environment,Number of patient beds under provincial departments of health by province · Medical service unit,Medical service unit,VN_SRC_SOCTRANG,Soc Trang,2009,annual,581.0,Bed,not_specified,E1410,https://www.nso.gov.vn/en/px-web?pxid=E1410&theme=Health%2C%20Culture%2C%20Sport%20and%20Living%20standard,source_reported_unharmonized
e1410_6ed30ea5f2,health_culture_environment,Number of patient beds under provincial departments of health by province · Medical service unit,Medical service unit,VN_SRC_SOCTRANG,Soc Trang,2010,annual,581.0,Bed,not_specified,E1410,https://www.nso.gov.vn/en/px-web?pxid=E1410&theme=Health%2C%20Culture%2C%20Sport%20and%20Living%20standard,source_reported_unharmonized
e1410_6ed30ea5f2,health_culture_environment,Number of patient beds under provincial departments of health by province · Medical service unit,Medical service unit,VN_SRC_SOCTRANG,Soc Trang,2011,annual,571.0,Bed,not_specified,E1410,https://www.nso.gov.vn/en/px-web?pxid=E1410&theme=Health%2C%20Culture%2C%20Sport%20and%20Living%20standard,source_reported_unharmonized
e1410_6ed30ea5f2,health_culture_environment,Number of patient beds under provincial departments of health by province · Medical service unit,Medical service unit,VN_SRC_SOCTRANG,Soc Trang,2012,annual,570.0,Bed,not_specified,E1410,https://www.nso.gov.vn/en/px-web?pxid=E1410&theme=Health%2C%20Culture%2C%20Sport%20and%20Living%20standard,source_reported_unharmonized
e1410_6ed30ea5f2,health_culture_environment,Number of patient beds under provincial departments of health by province · Medical service unit,Medical service unit,VN_SRC_SOCTRANG,Soc Trang,2013,annual,570.0,Bed,not_specified,E1410,https://www.nso.gov.vn/en/px-web?pxid=E1410&theme=Health%2C%20Culture%2C%20Sport%20and%20Living%20standard,source_reported_unharmonized
e1410_6ed30ea5f2,health_culture_environment,Number of patient beds under provincial departments of health by province · Medical service unit,Medical service unit,VN_SRC_SOCTRANG,Soc Trang,2014,annual,581.0,Bed,not_specified,E1410,https://www.nso.gov.vn/en/px-web?pxid=E1410&theme=Health%2C%20Culture%2C%20Sport%20and%20Living%20standard,source_reported_unharmonized
e1410_6ed30ea5f2,health_culture_environment,Number of patient beds under provincial departments of health by province · Medical service unit,Medical service unit,VN_SRC_SOCTRANG,Soc Trang,2015,annual,581.0,Bed,not_specified,E1410,https://www.nso.gov.vn/en/px-web?pxid=E1410&theme=Health%2C%20Culture%2C%20Sport%20and%20Living%20standard,source_reported_unharmonized
e1410_6ed30ea5f2,health_culture_environment,Number of patient beds under provincial departments of health by province · Medical service unit,Medical service unit,VN_SRC_SOCTRANG,Soc Trang,2016,annual,581.0,Bed,not_specified,E1410,https://www.nso.gov.vn/en/px-web?pxid=E1410&theme=Health%2C%20Culture%2C%20Sport%20and%20Living%20standard,source_reported_unharmonized
e1410_6ed30ea5f2,health_culture_environment,Number of patient beds under provincial departments of health by province · Medical service unit,Medical service unit,VN_SRC_SOCTRANG,Soc Trang,2017,annual,581.0,Bed,not_specified,E1410,https://www.nso.gov.vn/en/px-web?pxid=E1410&theme=Health%2C%20Culture%2C%20Sport%20and%20Living%20standard,source_reported_unharmonized
e1410_6ed30ea5f2,health_culture_environment,Number of patient beds under provincial departments of health by province · Medical service unit,Medical service unit,VN_SRC_BACLIEU,Bac Lieu,2002,annual,226.0,Bed,not_specified,E1410,https://www.nso.gov.vn/en/px-web?pxid=E1410&theme=Health%2C%20Culture%2C%20Sport%20and%20Living%20standard,source_reported_unharmonized
e1410_6ed30ea5f2,health_culture_environment,Number of patient beds under provincial departments of health by province · Medical service unit,Medical service unit,VN_SRC_BACLIEU,Bac Lieu,2003,annual,221.0,Bed,not_specified,E1410,https://www.nso.gov.vn/en/px-web?pxid=E1410&theme=Health%2C%20Culture%2C%20Sport%20and%20Living%20standard,source_reported_unharmonized
e1410_6ed30ea5f2,health_culture_environment,Number of patient beds under provincial departments of health by province · Medical service unit,Medical service unit,VN_SRC_BACLIEU,Bac Lieu,2004,annual,244.0,Bed,not_specified,E1410,https://www.nso.gov.vn/en/px-web?pxid=E1410&theme=Health%2C%20Culture%2C%20Sport%20and%20Living%20standard,source_reported_unharmonized
e1410_6ed30ea5f2,health_culture_environment,Number of patient beds under provincial departments of health by province · Medical service unit,Medical service unit,VN_SRC_BACLIEU,Bac Lieu,2005,annual,244.0,Bed,not_specified,E1410,https://www.nso.gov.vn/en/px-web?pxid=E1410&theme=Health%2C%20Culture%2C%20Sport%20and%20Living%20standard,source_reported_unharmonized
e1410_6ed30ea5f2,health_culture_environment,Number of patient beds under provincial departments of health by province · Medical service unit,Medical service unit,VN_SRC_BACLIEU,Bac Lieu,2006,annual,244.0,Bed,not_specified,E1410,https://www.nso.gov.vn/en/px-web?pxid=E1410&theme=Health%2C%20Culture%2C%20Sport%20and%20Living%20standard,source_reported_unharmonized
e1410_6ed30ea5f2,health_culture_environment,Number of patient beds under provincial departments of health by province · Medical service unit,Medical service unit,VN_SRC_BACLIEU,Bac Lieu,2007,annual,262.0,Bed,not_specified,E1410,https://www.nso.gov.vn/en/px-web?pxid=E1410&theme=Health%2C%20Culture%2C%20Sport%20and%20Living%20standard,source_reported_unharmonized
e1410_6ed30ea5f2,health_culture_environment,Number of patient beds under provincial departments of health by province · Medical service unit,Medical service unit,VN_SRC_BACLIEU,Bac Lieu,2008,annual,274.0,Bed,not_specified,E1410,https://www.nso.gov.vn/en/px-web?pxid=E1410&theme=Health%2C%20Culture%2C%20Sport%20and%20Living%20standard,source_reported_unharmonized
e1410_6ed30ea5f2,health_culture_environment,Number of patient beds under provincial departments of health by province · Medical service unit,Medical service unit,VN_SRC_BACLIEU,Bac Lieu,2009,annual,274.0,Bed,not_specified,E1410,https://www.nso.gov.vn/en/px-web?pxid=E1410&theme=Health%2C%20Culture%2C%20Sport%20and%20Living%20standard,source_reported_unharmonized
e1410_6ed30ea5f2,health_culture_environment,Number of patient beds under provincial departments of health by province · Medical service unit,Medical service unit,VN_SRC_BACLIEU,Bac Lieu,2010,annual,274.0,Bed,not_specified,E1410,https://www.nso.gov.vn/en/px-web?pxid=E1410&theme=Health%2C%20Culture%2C%20Sport%20and%20Living%20standard,source_reported_unharmonized
e1410_6ed30ea5f2,health_culture_environment,Number of patient beds under provincial departments of health by province · Medical service unit,Medical service unit,VN_SRC_BACLIEU,Bac Lieu,2011,annual,274.0,Bed,not_specified,E1410,https://www.nso.gov.vn/en/px-web?pxid=E1410&theme=Health%2C%20Culture%2C%20Sport%20and%20Living%20standard,source_reported_unharmonized
e1410_6ed30ea5f2,health_culture_environment,Number of patient beds under provincial departments of health by province · Medical service unit,Medical service unit,VN_SRC_BACLIEU,Bac Lieu,2012,annual,274.0,Bed,not_specified,E1410,https://www.nso.gov.vn/en/px-web?pxid=E1410&theme=Health%2C%20Culture%2C%20Sport%20and%20Living%20standard,source_reported_unharmonized
e1410_6ed30ea5f2,health_culture_environment,Number of patient beds under provincial departments of health by province · Medical service unit,Medical service unit,VN_SRC_BACLIEU,Bac Lieu,2013,annual,274.0,Bed,not_specified,E1410,https://www.nso.gov.vn/en/px-web?pxid=E1410&theme=Health%2C%20Culture%2C%20Sport%20and%20Living%20standard,source_reported_unharmonized
e1410_6ed30ea5f2,health_culture_environment,Number of patient beds under provincial departments of health by province · Medical service unit,Medical service unit,VN_SRC_BACLIEU,Bac Lieu,2014,annual,274.0,Bed,not_specified,E1410,https://www.nso.gov.vn/en/px-web?pxid=E1410&theme=Health%2C%20Culture%2C%20Sport%20and%20Living%20standard,source_reported_unharmonized
e1410_6ed30ea5f2,health_culture_environment,Number of patient beds under provincial departments of health by province · Medical service unit,Medical service unit,VN_SRC_BACLIEU,Bac Lieu,2015,annual,274.0,Bed,not_specified,E1410,https://www.nso.gov.vn/en/px-web?pxid=E1410&theme=Health%2C%20Culture%2C%20Sport%20and%20Living%20standard,source_reported_unharmonized
e1410_6ed30ea5f2,health_culture_environment,Number of patient beds under provincial departments of health by province · Medical service unit,Medical service unit,VN_SRC_BACLIEU,Bac Lieu,2016,annual,256.0,Bed,not_specified,E1410,https://www.nso.gov.vn/en/px-web?pxid=E1410&theme=Health%2C%20Culture%2C%20Sport%20and%20Living%20standard,source_reported_unharmonized
e1410_6ed30ea5f2,health_culture_environment,Number of patient beds under provincial departments of health by province · Medical service unit,Medical service unit,VN_SRC_BACLIEU,Bac Lieu,2017,annual,274.0,Bed,not_specified,E1410,https://www.nso.gov.vn/en/px-web?pxid=E1410&theme=Health%2C%20Culture%2C%20Sport%20and%20Living%20standard,source_reported_unharmonized
e1410_6ed30ea5f2,health_culture_environment,Number of patient beds under provincial departments of health by province · Medical service unit,Medical service unit,VN_SRC_CAMAU,Ca Mau,2002,annual,289.0,Bed,not_specified,E1410,https://www.nso.gov.vn/en/px-web?pxid=E1410&theme=Health%2C%20Culture%2C%20Sport%20and%20Living%20standard,source_reported_unharmonized
e1410_6ed30ea5f2,health_culture_environment,Number of patient beds under provincial departments of health by province · Medical service unit,Medical service unit,VN_SRC_CAMAU,Ca Mau,2003,annual,289.0,Bed,not_specified,E1410,https://www.nso.gov.vn/en/px-web?pxid=E1410&theme=Health%2C%20Culture%2C%20Sport%20and%20Living%20standard,source_reported_unharmonized
e1410_6ed30ea5f2,health_culture_environment,Number of patient beds under provincial departments of health by province · Medical service unit,Medical service unit,VN_SRC_CAMAU,Ca Mau,2004,annual,256.0,Bed,not_specified,E1410,https://www.nso.gov.vn/en/px-web?pxid=E1410&theme=Health%2C%20Culture%2C%20Sport%20and%20Living%20standard,source_reported_unharmonized
e1410_6ed30ea5f2,health_culture_environment,Number of patient beds under provincial departments of health by province · Medical service unit,Medical service unit,VN_SRC_CAMAU,Ca Mau,2005,annual,363.0,Bed,not_specified,E1410,https://www.nso.gov.vn/en/px-web?pxid=E1410&theme=Health%2C%20Culture%2C%20Sport%20and%20Living%20standard,source_reported_unharmonized
e1410_6ed30ea5f2,health_culture_environment,Number of patient beds under provincial departments of health by province · Medical service unit,Medical service unit,VN_SRC_CAMAU,Ca Mau,2006,annual,363.0,Bed,not_specified,E1410,https://www.nso.gov.vn/en/px-web?pxid=E1410&theme=Health%2C%20Culture%2C%20Sport%20and%20Living%20standard,source_reported_unharmonized
e1410_6ed30ea5f2,health_culture_environment,Number of patient beds under provincial departments of health by province · Medical service unit,Medical service unit,VN_SRC_CAMAU,Ca Mau,2007,annual,377.0,Bed,not_specified,E1410,https://www.nso.gov.vn/en/px-web?pxid=E1410&theme=Health%2C%20Culture%2C%20Sport%20and%20Living%20standard,source_reported_unharmonized
e1410_6ed30ea5f2,health_culture_environment,Number of patient beds under provincial departments of health by province · Medical service unit,Medical service unit,VN_SRC_CAMAU,Ca Mau,2008,annual,406.0,Bed,not_specified,E1410,https://www.nso.gov.vn/en/px-web?pxid=E1410&theme=Health%2C%20Culture%2C%20Sport%20and%20Living%20standard,source_reported_unharmonized
e1410_6ed30ea5f2,health_culture_environment,Number of patient beds under provincial departments of health by province · Medical service unit,Medical service unit,VN_SRC_CAMAU,Ca Mau,2009,annual,411.0,Bed,not_specified,E1410,https://www.nso.gov.vn/en/px-web?pxid=E1410&theme=Health%2C%20Culture%2C%20Sport%20and%20Living%20standard,source_reported_unharmonized
e1410_6ed30ea5f2,health_culture_environment,Number of patient beds under provincial departments of health by province · Medical service unit,Medical service unit,VN_SRC_CAMAU,Ca Mau,2010,annual,427.0,Bed,not_specified,E1410,https://www.nso.gov.vn/en/px-web?pxid=E1410&theme=Health%2C%20Culture%2C%20Sport%20and%20Living%20standard,source_reported_unharmonized
e1410_6ed30ea5f2,health_culture_environment,Number of patient beds under provincial departments of health by province · Medical service unit,Medical service unit,VN_SRC_CAMAU,Ca Mau,2011,annual,448.0,Bed,not_specified,E1410,https://www.nso.gov.vn/en/px-web?pxid=E1410&theme=Health%2C%20Culture%2C%20Sport%20and%20Living%20standard,source_reported_unharmonized
e1410_6ed30ea5f2,health_culture_environment,Number of patient beds under provincial departments of health by province · Medical service unit,Medical service unit,VN_SRC_CAMAU,Ca Mau,2012,annual,452.0,Bed,not_specified,E1410,https://www.nso.gov.vn/en/px-web?pxid=E1410&theme=Health%2C%20Culture%2C%20Sport%20and%20Living%20standard,source_reported_unharmonized
e1410_6ed30ea5f2,health_culture_environment,Number of patient beds under provincial departments of health by province · Medical service unit,Medical service unit,VN_SRC_CAMAU,Ca Mau,2013,annual,452.0,Bed,not_specified,E1410,https://www.nso.gov.vn/en/px-web?pxid=E1410&theme=Health%2C%20Culture%2C%20Sport%20and%20Living%20standard,source_reported_unharmonized
e1410_6ed30ea5f2,health_culture_environment,Number of patient beds under provincial departments of health by province · Medical service unit,Medical service unit,VN_SRC_CAMAU,Ca Mau,2014,annual,437.0,Bed,not_specified,E1410,https://www.nso.gov.vn/en/px-web?pxid=E1410&theme=Health%2C%20Culture%2C%20Sport%20and%20Living%20standard,source_reported_unharmonized
e1410_6ed30ea5f2,health_culture_environment,Number of patient beds under provincial departments of health by province · Medical service unit,Medical service unit,VN_SRC_CAMAU,Ca Mau,2015,annual,437.0,Bed,not_specified,E1410,https://www.nso.gov.vn/en/px-web?pxid=E1410&theme=Health%2C%20Culture%2C%20Sport%20and%20Living%20standard,source_reported_unharmonized
e1410_6ed30ea5f2,health_culture_environment,Number of patient beds under provincial departments of health by province · Medical service unit,Medical service unit,VN_SRC_CAMAU,Ca Mau,2016,annual,437.0,Bed,not_specified,E1410,https://www.nso.gov.vn/en/px-web?pxid=E1410&theme=Health%2C%20Culture%2C%20Sport%20and%20Living%20standard,source_reported_unharmonized
e1410_6ed30ea5f2,health_culture_environment,Number of patient beds under provincial departments of health by province · Medical service unit,Medical service unit,VN_SRC_CAMAU,Ca Mau,2017,annual,155.0,Bed,not_specified,E1410,https://www.nso.gov.vn/en/px-web?pxid=E1410&theme=Health%2C%20Culture%2C%20Sport%20and%20Living%20standard,source_reported_unharmonized
