indicator_id,section,indicator,breakdown,province_code,province,period,period_type,value,unit,period_status,source_id,source_url,geography_version
e1428_c9b3c38247,health_culture_environment,Monthly average income per capita at current prices by income source and by province,Total,VN_SRC_HANOI,Ha Noi,2010,annual,2013.0,Thous. dongs,not_specified,E1428,https://www.nso.gov.vn/en/px-web?pxid=E1428&theme=Health%2C%20Culture%2C%20Sport%20and%20Living%20standard,source_reported_unharmonized
e1428_c9b3c38247,health_culture_environment,Monthly average income per capita at current prices by income source and by province,Total,VN_SRC_HANOI,Ha Noi,2012,annual,2945.0,Thous. dongs,not_specified,E1428,https://www.nso.gov.vn/en/px-web?pxid=E1428&theme=Health%2C%20Culture%2C%20Sport%20and%20Living%20standard,source_reported_unharmonized
e1428_c9b3c38247,health_culture_environment,Monthly average income per capita at current prices by income source and by province,Total,VN_SRC_HANOI,Ha Noi,2014,annual,4113.0,Thous. dongs,not_specified,E1428,https://www.nso.gov.vn/en/px-web?pxid=E1428&theme=Health%2C%20Culture%2C%20Sport%20and%20Living%20standard,source_reported_unharmonized
e1428_c9b3c38247,health_culture_environment,Monthly average income per capita at current prices by income source and by province,Total,VN_SRC_HANOI,Ha Noi,2016,annual,4875.0,Thous. dongs,not_specified,E1428,https://www.nso.gov.vn/en/px-web?pxid=E1428&theme=Health%2C%20Culture%2C%20Sport%20and%20Living%20standard,source_reported_unharmonized
e1428_c9b3c38247,health_culture_environment,Monthly average income per capita at current prices by income source and by province,Total,VN_SRC_HANOI,Ha Noi,2018,annual,6054.0,Thous. dongs,not_specified,E1428,https://www.nso.gov.vn/en/px-web?pxid=E1428&theme=Health%2C%20Culture%2C%20Sport%20and%20Living%20standard,source_reported_unharmonized
e1428_c9b3c38247,health_culture_environment,Monthly average income per capita at current prices by income source and by province,Total,VN_SRC_HANOI,Ha Noi,2019,annual,6403.0,Thous. dongs,not_specified,E1428,https://www.nso.gov.vn/en/px-web?pxid=E1428&theme=Health%2C%20Culture%2C%20Sport%20and%20Living%20standard,source_reported_unharmonized
e1428_c9b3c38247,health_culture_environment,Monthly average income per capita at current prices by income source and by province,Total,VN_SRC_HANOI,Ha Noi,2020,annual,6205.45,Thous. dongs,not_specified,E1428,https://www.nso.gov.vn/en/px-web?pxid=E1428&theme=Health%2C%20Culture%2C%20Sport%20and%20Living%20standard,source_reported_unharmonized
e1428_c9b3c38247,health_culture_environment,Monthly average income per capita at current prices by income source and by province,Total,VN_SRC_HANOI,Ha Noi,2021,annual,6001.57,Thous. dongs,not_specified,E1428,https://www.nso.gov.vn/en/px-web?pxid=E1428&theme=Health%2C%20Culture%2C%20Sport%20and%20Living%20standard,source_reported_unharmonized
e1428_c9b3c38247,health_culture_environment,Monthly average income per capita at current prices by income source and by province,Total,VN_SRC_HANOI,Ha Noi,2022,annual,6423.29,Thous. dongs,not_specified,E1428,https://www.nso.gov.vn/en/px-web?pxid=E1428&theme=Health%2C%20Culture%2C%20Sport%20and%20Living%20standard,source_reported_unharmonized
e1428_c9b3c38247,health_culture_environment,Monthly average income per capita at current prices by income source and by province,Total,VN_SRC_HANOI,Ha Noi,2023,annual,6868.83,Thous. dongs,not_specified,E1428,https://www.nso.gov.vn/en/px-web?pxid=E1428&theme=Health%2C%20Culture%2C%20Sport%20and%20Living%20standard,source_reported_unharmonized
e1428_c9b3c38247,health_culture_environment,Monthly average income per capita at current prices by income source and by province,Total,VN_SRC_HANOI,Ha Noi,2024,annual,7550.02,Thous. dongs,not_specified,E1428,https://www.nso.gov.vn/en/px-web?pxid=E1428&theme=Health%2C%20Culture%2C%20Sport%20and%20Living%20standard,source_reported_unharmonized
e1428_c9b3c38247,health_culture_environment,Monthly average income per capita at current prices by income source and by province,Total,VN_SRC_HANOI,Ha Noi,2025,annual,8374.25,Thous. dongs,not_specified,E1428,https://www.nso.gov.vn/en/px-web?pxid=E1428&theme=Health%2C%20Culture%2C%20Sport%20and%20Living%20standard,source_reported_unharmonized
e1428_c9b3c38247,health_culture_environment,Monthly average income per capita at current prices by income source and by province,Total,VN_SRC_VINHPHUC,Vinh Phuc,2010,annual,1232.0,Thous. dongs,not_specified,E1428,https://www.nso.gov.vn/en/px-web?pxid=E1428&theme=Health%2C%20Culture%2C%20Sport%20and%20Living%20standard,source_reported_unharmonized
e1428_c9b3c38247,health_culture_environment,Monthly average income per capita at current prices by income source and by province,Total,VN_SRC_VINHPHUC,Vinh Phuc,2012,annual,1867.0,Thous. dongs,not_specified,E1428,https://www.nso.gov.vn/en/px-web?pxid=E1428&theme=Health%2C%20Culture%2C%20Sport%20and%20Living%20standard,source_reported_unharmonized
e1428_c9b3c38247,health_culture_environment,Monthly average income per capita at current prices by income source and by province,Total,VN_SRC_VINHPHUC,Vinh Phuc,2014,annual,2378.0,Thous. dongs,not_specified,E1428,https://www.nso.gov.vn/en/px-web?pxid=E1428&theme=Health%2C%20Culture%2C%20Sport%20and%20Living%20standard,source_reported_unharmonized
e1428_c9b3c38247,health_culture_environment,Monthly average income per capita at current prices by income source and by province,Total,VN_SRC_VINHPHUC,Vinh Phuc,2016,annual,2860.0,Thous. dongs,not_specified,E1428,https://www.nso.gov.vn/en/px-web?pxid=E1428&theme=Health%2C%20Culture%2C%20Sport%20and%20Living%20standard,source_reported_unharmonized
e1428_c9b3c38247,health_culture_environment,Monthly average income per capita at current prices by income source and by province,Total,VN_SRC_VINHPHUC,Vinh Phuc,2018,annual,3699.0,Thous. dongs,not_specified,E1428,https://www.nso.gov.vn/en/px-web?pxid=E1428&theme=Health%2C%20Culture%2C%20Sport%20and%20Living%20standard,source_reported_unharmonized
e1428_c9b3c38247,health_culture_environment,Monthly average income per capita at current prices by income source and by province,Total,VN_SRC_VINHPHUC,Vinh Phuc,2019,annual,4086.0,Thous. dongs,not_specified,E1428,https://www.nso.gov.vn/en/px-web?pxid=E1428&theme=Health%2C%20Culture%2C%20Sport%20and%20Living%20standard,source_reported_unharmonized
e1428_c9b3c38247,health_culture_environment,Monthly average income per capita at current prices by income source and by province,Total,VN_SRC_VINHPHUC,Vinh Phuc,2020,annual,4289.92,Thous. dongs,not_specified,E1428,https://www.nso.gov.vn/en/px-web?pxid=E1428&theme=Health%2C%20Culture%2C%20Sport%20and%20Living%20standard,source_reported_unharmonized
e1428_c9b3c38247,health_culture_environment,Monthly average income per capita at current prices by income source and by province,Total,VN_SRC_VINHPHUC,Vinh Phuc,2021,annual,4511.22,Thous. dongs,not_specified,E1428,https://www.nso.gov.vn/en/px-web?pxid=E1428&theme=Health%2C%20Culture%2C%20Sport%20and%20Living%20standard,source_reported_unharmonized
e1428_c9b3c38247,health_culture_environment,Monthly average income per capita at current prices by income source and by province,Total,VN_SRC_VINHPHUC,Vinh Phuc,2022,annual,5194.11,Thous. dongs,not_specified,E1428,https://www.nso.gov.vn/en/px-web?pxid=E1428&theme=Health%2C%20Culture%2C%20Sport%20and%20Living%20standard,source_reported_unharmonized
e1428_c9b3c38247,health_culture_environment,Monthly average income per capita at current prices by income source and by province,Total,VN_SRC_VINHPHUC,Vinh Phuc,2023,annual,5462.72,Thous. dongs,not_specified,E1428,https://www.nso.gov.vn/en/px-web?pxid=E1428&theme=Health%2C%20Culture%2C%20Sport%20and%20Living%20standard,source_reported_unharmonized
e1428_c9b3c38247,health_culture_environment,Monthly average income per capita at current prices by income source and by province,Total,VN_SRC_VINHPHUC,Vinh Phuc,2024,annual,5844.1,Thous. dongs,not_specified,E1428,https://www.nso.gov.vn/en/px-web?pxid=E1428&theme=Health%2C%20Culture%2C%20Sport%20and%20Living%20standard,source_reported_unharmonized
e1428_c9b3c38247,health_culture_environment,Monthly average income per capita at current prices by income source and by province,Total,VN_SRC_VINHPHUC,Vinh Phuc,2025,annual,6433.21,Thous. dongs,not_specified,E1428,https://www.nso.gov.vn/en/px-web?pxid=E1428&theme=Health%2C%20Culture%2C%20Sport%20and%20Living%20standard,source_reported_unharmonized
e1428_c9b3c38247,health_culture_environment,Monthly average income per capita at current prices by income source and by province,Total,VN_SRC_BACNINH,Bac Ninh,2010,annual,1646.0,Thous. dongs,not_specified,E1428,https://www.nso.gov.vn/en/px-web?pxid=E1428&theme=Health%2C%20Culture%2C%20Sport%20and%20Living%20standard,source_reported_unharmonized
e1428_c9b3c38247,health_culture_environment,Monthly average income per capita at current prices by income source and by province,Total,VN_SRC_BACNINH,Bac Ninh,2012,annual,2502.0,Thous. dongs,not_specified,E1428,https://www.nso.gov.vn/en/px-web?pxid=E1428&theme=Health%2C%20Culture%2C%20Sport%20and%20Living%20standard,source_reported_unharmonized
e1428_c9b3c38247,health_culture_environment,Monthly average income per capita at current prices by income source and by province,Total,VN_SRC_BACNINH,Bac Ninh,2014,annual,3512.0,Thous. dongs,not_specified,E1428,https://www.nso.gov.vn/en/px-web?pxid=E1428&theme=Health%2C%20Culture%2C%20Sport%20and%20Living%20standard,source_reported_unharmonized
e1428_c9b3c38247,health_culture_environment,Monthly average income per capita at current prices by income source and by province,Total,VN_SRC_BACNINH,Bac Ninh,2016,annual,4308.0,Thous. dongs,not_specified,E1428,https://www.nso.gov.vn/en/px-web?pxid=E1428&theme=Health%2C%20Culture%2C%20Sport%20and%20Living%20standard,source_reported_unharmonized
e1428_c9b3c38247,health_culture_environment,Monthly average income per capita at current prices by income source and by province,Total,VN_SRC_BACNINH,Bac Ninh,2018,annual,5446.0,Thous. dongs,not_specified,E1428,https://www.nso.gov.vn/en/px-web?pxid=E1428&theme=Health%2C%20Culture%2C%20Sport%20and%20Living%20standard,source_reported_unharmonized
e1428_c9b3c38247,health_culture_environment,Monthly average income per capita at current prices by income source and by province,Total,VN_SRC_BACNINH,Bac Ninh,2019,annual,5714.0,Thous. dongs,not_specified,E1428,https://www.nso.gov.vn/en/px-web?pxid=E1428&theme=Health%2C%20Culture%2C%20Sport%20and%20Living%20standard,source_reported_unharmonized
e1428_c9b3c38247,health_culture_environment,Monthly average income per capita at current prices by income source and by province,Total,VN_SRC_BACNINH,Bac Ninh,2020,annual,5439.2,Thous. dongs,not_specified,E1428,https://www.nso.gov.vn/en/px-web?pxid=E1428&theme=Health%2C%20Culture%2C%20Sport%20and%20Living%20standard,source_reported_unharmonized
e1428_c9b3c38247,health_culture_environment,Monthly average income per capita at current prices by income source and by province,Total,VN_SRC_BACNINH,Bac Ninh,2021,annual,4916.68,Thous. dongs,not_specified,E1428,https://www.nso.gov.vn/en/px-web?pxid=E1428&theme=Health%2C%20Culture%2C%20Sport%20and%20Living%20standard,source_reported_unharmonized
e1428_c9b3c38247,health_culture_environment,Monthly average income per capita at current prices by income source and by province,Total,VN_SRC_BACNINH,Bac Ninh,2022,annual,5469.73,Thous. dongs,not_specified,E1428,https://www.nso.gov.vn/en/px-web?pxid=E1428&theme=Health%2C%20Culture%2C%20Sport%20and%20Living%20standard,source_reported_unharmonized
e1428_c9b3c38247,health_culture_environment,Monthly average income per capita at current prices by income source and by province,Total,VN_SRC_BACNINH,Bac Ninh,2023,annual,5278.85,Thous. dongs,not_specified,E1428,https://www.nso.gov.vn/en/px-web?pxid=E1428&theme=Health%2C%20Culture%2C%20Sport%20and%20Living%20standard,source_reported_unharmonized
e1428_c9b3c38247,health_culture_environment,Monthly average income per capita at current prices by income source and by province,Total,VN_SRC_BACNINH,Bac Ninh,2024,annual,5750.66,Thous. dongs,not_specified,E1428,https://www.nso.gov.vn/en/px-web?pxid=E1428&theme=Health%2C%20Culture%2C%20Sport%20and%20Living%20standard,source_reported_unharmonized
e1428_c9b3c38247,health_culture_environment,Monthly average income per capita at current prices by income source and by province,Total,VN_SRC_BACNINH,Bac Ninh,2025,annual,6605.57,Thous. dongs,not_specified,E1428,https://www.nso.gov.vn/en/px-web?pxid=E1428&theme=Health%2C%20Culture%2C%20Sport%20and%20Living%20standard,source_reported_unharmonized
e1428_c9b3c38247,health_culture_environment,Monthly average income per capita at current prices by income source and by province,Total,VN_SRC_QUANGNINH,Quang Ninh,2010,annual,1787.0,Thous. dongs,not_specified,E1428,https://www.nso.gov.vn/en/px-web?pxid=E1428&theme=Health%2C%20Culture%2C%20Sport%20and%20Living%20standard,source_reported_unharmonized
e1428_c9b3c38247,health_culture_environment,Monthly average income per capita at current prices by income source and by province,Total,VN_SRC_QUANGNINH,Quang Ninh,2012,annual,2557.0,Thous. dongs,not_specified,E1428,https://www.nso.gov.vn/en/px-web?pxid=E1428&theme=Health%2C%20Culture%2C%20Sport%20and%20Living%20standard,source_reported_unharmonized
e1428_c9b3c38247,health_culture_environment,Monthly average income per capita at current prices by income source and by province,Total,VN_SRC_QUANGNINH,Quang Ninh,2014,annual,3053.0,Thous. dongs,not_specified,E1428,https://www.nso.gov.vn/en/px-web?pxid=E1428&theme=Health%2C%20Culture%2C%20Sport%20and%20Living%20standard,source_reported_unharmonized
e1428_c9b3c38247,health_culture_environment,Monthly average income per capita at current prices by income source and by province,Total,VN_SRC_QUANGNINH,Quang Ninh,2016,annual,3747.0,Thous. dongs,not_specified,E1428,https://www.nso.gov.vn/en/px-web?pxid=E1428&theme=Health%2C%20Culture%2C%20Sport%20and%20Living%20standard,source_reported_unharmonized
e1428_c9b3c38247,health_culture_environment,Monthly average income per capita at current prices by income source and by province,Total,VN_SRC_QUANGNINH,Quang Ninh,2018,annual,4777.0,Thous. dongs,not_specified,E1428,https://www.nso.gov.vn/en/px-web?pxid=E1428&theme=Health%2C%20Culture%2C%20Sport%20and%20Living%20standard,source_reported_unharmonized
e1428_c9b3c38247,health_culture_environment,Monthly average income per capita at current prices by income source and by province,Total,VN_SRC_QUANGNINH,Quang Ninh,2019,annual,5198.0,Thous. dongs,not_specified,E1428,https://www.nso.gov.vn/en/px-web?pxid=E1428&theme=Health%2C%20Culture%2C%20Sport%20and%20Living%20standard,source_reported_unharmonized
e1428_c9b3c38247,health_culture_environment,Monthly average income per capita at current prices by income source and by province,Total,VN_SRC_QUANGNINH,Quang Ninh,2020,annual,4539.47,Thous. dongs,not_specified,E1428,https://www.nso.gov.vn/en/px-web?pxid=E1428&theme=Health%2C%20Culture%2C%20Sport%20and%20Living%20standard,source_reported_unharmonized
e1428_c9b3c38247,health_culture_environment,Monthly average income per capita at current prices by income source and by province,Total,VN_SRC_QUANGNINH,Quang Ninh,2021,annual,3991.58,Thous. dongs,not_specified,E1428,https://www.nso.gov.vn/en/px-web?pxid=E1428&theme=Health%2C%20Culture%2C%20Sport%20and%20Living%20standard,source_reported_unharmonized
e1428_c9b3c38247,health_culture_environment,Monthly average income per capita at current prices by income source and by province,Total,VN_SRC_QUANGNINH,Quang Ninh,2022,annual,4811.3,Thous. dongs,not_specified,E1428,https://www.nso.gov.vn/en/px-web?pxid=E1428&theme=Health%2C%20Culture%2C%20Sport%20and%20Living%20standard,source_reported_unharmonized
e1428_c9b3c38247,health_culture_environment,Monthly average income per capita at current prices by income source and by province,Total,VN_SRC_QUANGNINH,Quang Ninh,2023,annual,5294.93,Thous. dongs,not_specified,E1428,https://www.nso.gov.vn/en/px-web?pxid=E1428&theme=Health%2C%20Culture%2C%20Sport%20and%20Living%20standard,source_reported_unharmonized
e1428_c9b3c38247,health_culture_environment,Monthly average income per capita at current prices by income source and by province,Total,VN_SRC_QUANGNINH,Quang Ninh,2024,annual,5900.25,Thous. dongs,not_specified,E1428,https://www.nso.gov.vn/en/px-web?pxid=E1428&theme=Health%2C%20Culture%2C%20Sport%20and%20Living%20standard,source_reported_unharmonized
e1428_c9b3c38247,health_culture_environment,Monthly average income per capita at current prices by income source and by province,Total,VN_SRC_QUANGNINH,Quang Ninh,2025,annual,6917.16,Thous. dongs,not_specified,E1428,https://www.nso.gov.vn/en/px-web?pxid=E1428&theme=Health%2C%20Culture%2C%20Sport%20and%20Living%20standard,source_reported_unharmonized
e1428_c9b3c38247,health_culture_environment,Monthly average income per capita at current prices by income source and by province,Total,VN_SRC_HAIDUONG,Hai Duong,2010,annual,1306.0,Thous. dongs,not_specified,E1428,https://www.nso.gov.vn/en/px-web?pxid=E1428&theme=Health%2C%20Culture%2C%20Sport%20and%20Living%20standard,source_reported_unharmonized
e1428_c9b3c38247,health_culture_environment,Monthly average income per capita at current prices by income source and by province,Total,VN_SRC_HAIDUONG,Hai Duong,2012,annual,2047.0,Thous. dongs,not_specified,E1428,https://www.nso.gov.vn/en/px-web?pxid=E1428&theme=Health%2C%20Culture%2C%20Sport%20and%20Living%20standard,source_reported_unharmonized
e1428_c9b3c38247,health_culture_environment,Monthly average income per capita at current prices by income source and by province,Total,VN_SRC_HAIDUONG,Hai Duong,2014,annual,2755.0,Thous. dongs,not_specified,E1428,https://www.nso.gov.vn/en/px-web?pxid=E1428&theme=Health%2C%20Culture%2C%20Sport%20and%20Living%20standard,source_reported_unharmonized
e1428_c9b3c38247,health_culture_environment,Monthly average income per capita at current prices by income source and by province,Total,VN_SRC_HAIDUONG,Hai Duong,2016,annual,3169.0,Thous. dongs,not_specified,E1428,https://www.nso.gov.vn/en/px-web?pxid=E1428&theme=Health%2C%20Culture%2C%20Sport%20and%20Living%20standard,source_reported_unharmonized
e1428_c9b3c38247,health_culture_environment,Monthly average income per capita at current prices by income source and by province,Total,VN_SRC_HAIDUONG,Hai Duong,2018,annual,3693.0,Thous. dongs,not_specified,E1428,https://www.nso.gov.vn/en/px-web?pxid=E1428&theme=Health%2C%20Culture%2C%20Sport%20and%20Living%20standard,source_reported_unharmonized
e1428_c9b3c38247,health_culture_environment,Monthly average income per capita at current prices by income source and by province,Total,VN_SRC_HAIDUONG,Hai Duong,2019,annual,4091.0,Thous. dongs,not_specified,E1428,https://www.nso.gov.vn/en/px-web?pxid=E1428&theme=Health%2C%20Culture%2C%20Sport%20and%20Living%20standard,source_reported_unharmonized
e1428_c9b3c38247,health_culture_environment,Monthly average income per capita at current prices by income source and by province,Total,VN_SRC_HAIDUONG,Hai Duong,2020,annual,4388.45,Thous. dongs,not_specified,E1428,https://www.nso.gov.vn/en/px-web?pxid=E1428&theme=Health%2C%20Culture%2C%20Sport%20and%20Living%20standard,source_reported_unharmonized
e1428_c9b3c38247,health_culture_environment,Monthly average income per capita at current prices by income source and by province,Total,VN_SRC_HAIDUONG,Hai Duong,2021,annual,4303.57,Thous. dongs,not_specified,E1428,https://www.nso.gov.vn/en/px-web?pxid=E1428&theme=Health%2C%20Culture%2C%20Sport%20and%20Living%20standard,source_reported_unharmonized
e1428_c9b3c38247,health_culture_environment,Monthly average income per capita at current prices by income source and by province,Total,VN_SRC_HAIDUONG,Hai Duong,2022,annual,4936.32,Thous. dongs,not_specified,E1428,https://www.nso.gov.vn/en/px-web?pxid=E1428&theme=Health%2C%20Culture%2C%20Sport%20and%20Living%20standard,source_reported_unharmonized
e1428_c9b3c38247,health_culture_environment,Monthly average income per capita at current prices by income source and by province,Total,VN_SRC_HAIDUONG,Hai Duong,2023,annual,5335.7,Thous. dongs,not_specified,E1428,https://www.nso.gov.vn/en/px-web?pxid=E1428&theme=Health%2C%20Culture%2C%20Sport%20and%20Living%20standard,source_reported_unharmonized
e1428_c9b3c38247,health_culture_environment,Monthly average income per capita at current prices by income source and by province,Total,VN_SRC_HAIDUONG,Hai Duong,2024,annual,5880.64,Thous. dongs,not_specified,E1428,https://www.nso.gov.vn/en/px-web?pxid=E1428&theme=Health%2C%20Culture%2C%20Sport%20and%20Living%20standard,source_reported_unharmonized
e1428_c9b3c38247,health_culture_environment,Monthly average income per capita at current prices by income source and by province,Total,VN_SRC_HAIDUONG,Hai Duong,2025,annual,6785.31,Thous. dongs,not_specified,E1428,https://www.nso.gov.vn/en/px-web?pxid=E1428&theme=Health%2C%20Culture%2C%20Sport%20and%20Living%20standard,source_reported_unharmonized
e1428_c9b3c38247,health_culture_environment,Monthly average income per capita at current prices by income source and by province,Total,VN_SRC_HAIPHONG,Hai Phong,2010,annual,1694.0,Thous. dongs,not_specified,E1428,https://www.nso.gov.vn/en/px-web?pxid=E1428&theme=Health%2C%20Culture%2C%20Sport%20and%20Living%20standard,source_reported_unharmonized
e1428_c9b3c38247,health_culture_environment,Monthly average income per capita at current prices by income source and by province,Total,VN_SRC_HAIPHONG,Hai Phong,2012,annual,2526.0,Thous. dongs,not_specified,E1428,https://www.nso.gov.vn/en/px-web?pxid=E1428&theme=Health%2C%20Culture%2C%20Sport%20and%20Living%20standard,source_reported_unharmonized
e1428_c9b3c38247,health_culture_environment,Monthly average income per capita at current prices by income source and by province,Total,VN_SRC_HAIPHONG,Hai Phong,2014,annual,3923.0,Thous. dongs,not_specified,E1428,https://www.nso.gov.vn/en/px-web?pxid=E1428&theme=Health%2C%20Culture%2C%20Sport%20and%20Living%20standard,source_reported_unharmonized
e1428_c9b3c38247,health_culture_environment,Monthly average income per capita at current prices by income source and by province,Total,VN_SRC_HAIPHONG,Hai Phong,2016,annual,4375.0,Thous. dongs,not_specified,E1428,https://www.nso.gov.vn/en/px-web?pxid=E1428&theme=Health%2C%20Culture%2C%20Sport%20and%20Living%20standard,source_reported_unharmonized
e1428_c9b3c38247,health_culture_environment,Monthly average income per capita at current prices by income source and by province,Total,VN_SRC_HAIPHONG,Hai Phong,2018,annual,5116.0,Thous. dongs,not_specified,E1428,https://www.nso.gov.vn/en/px-web?pxid=E1428&theme=Health%2C%20Culture%2C%20Sport%20and%20Living%20standard,source_reported_unharmonized
e1428_c9b3c38247,health_culture_environment,Monthly average income per capita at current prices by income source and by province,Total,VN_SRC_HAIPHONG,Hai Phong,2019,annual,5576.0,Thous. dongs,not_specified,E1428,https://www.nso.gov.vn/en/px-web?pxid=E1428&theme=Health%2C%20Culture%2C%20Sport%20and%20Living%20standard,source_reported_unharmonized
e1428_c9b3c38247,health_culture_environment,Monthly average income per capita at current prices by income source and by province,Total,VN_SRC_HAIPHONG,Hai Phong,2020,annual,5199.4,Thous. dongs,not_specified,E1428,https://www.nso.gov.vn/en/px-web?pxid=E1428&theme=Health%2C%20Culture%2C%20Sport%20and%20Living%20standard,source_reported_unharmonized
e1428_c9b3c38247,health_culture_environment,Monthly average income per capita at current prices by income source and by province,Total,VN_SRC_HAIPHONG,Hai Phong,2021,annual,5093.36,Thous. dongs,not_specified,E1428,https://www.nso.gov.vn/en/px-web?pxid=E1428&theme=Health%2C%20Culture%2C%20Sport%20and%20Living%20standard,source_reported_unharmonized
e1428_c9b3c38247,health_culture_environment,Monthly average income per capita at current prices by income source and by province,Total,VN_SRC_HAIPHONG,Hai Phong,2022,annual,5897.38,Thous. dongs,not_specified,E1428,https://www.nso.gov.vn/en/px-web?pxid=E1428&theme=Health%2C%20Culture%2C%20Sport%20and%20Living%20standard,source_reported_unharmonized
e1428_c9b3c38247,health_culture_environment,Monthly average income per capita at current prices by income source and by province,Total,VN_SRC_HAIPHONG,Hai Phong,2023,annual,6391.52,Thous. dongs,not_specified,E1428,https://www.nso.gov.vn/en/px-web?pxid=E1428&theme=Health%2C%20Culture%2C%20Sport%20and%20Living%20standard,source_reported_unharmonized
e1428_c9b3c38247,health_culture_environment,Monthly average income per capita at current prices by income source and by province,Total,VN_SRC_HAIPHONG,Hai Phong,2024,annual,7034.49,Thous. dongs,not_specified,E1428,https://www.nso.gov.vn/en/px-web?pxid=E1428&theme=Health%2C%20Culture%2C%20Sport%20and%20Living%20standard,source_reported_unharmonized
e1428_c9b3c38247,health_culture_environment,Monthly average income per capita at current prices by income source and by province,Total,VN_SRC_HAIPHONG,Hai Phong,2025,annual,7467.96,Thous. dongs,not_specified,E1428,https://www.nso.gov.vn/en/px-web?pxid=E1428&theme=Health%2C%20Culture%2C%20Sport%20and%20Living%20standard,source_reported_unharmonized
e1428_c9b3c38247,health_culture_environment,Monthly average income per capita at current prices by income source and by province,Total,VN_SRC_HUNGYEN,Hung Yen,2010,annual,1199.0,Thous. dongs,not_specified,E1428,https://www.nso.gov.vn/en/px-web?pxid=E1428&theme=Health%2C%20Culture%2C%20Sport%20and%20Living%20standard,source_reported_unharmonized
e1428_c9b3c38247,health_culture_environment,Monthly average income per capita at current prices by income source and by province,Total,VN_SRC_HUNGYEN,Hung Yen,2012,annual,1803.0,Thous. dongs,not_specified,E1428,https://www.nso.gov.vn/en/px-web?pxid=E1428&theme=Health%2C%20Culture%2C%20Sport%20and%20Living%20standard,source_reported_unharmonized
e1428_c9b3c38247,health_culture_environment,Monthly average income per capita at current prices by income source and by province,Total,VN_SRC_HUNGYEN,Hung Yen,2014,annual,2192.0,Thous. dongs,not_specified,E1428,https://www.nso.gov.vn/en/px-web?pxid=E1428&theme=Health%2C%20Culture%2C%20Sport%20and%20Living%20standard,source_reported_unharmonized
e1428_c9b3c38247,health_culture_environment,Monthly average income per capita at current prices by income source and by province,Total,VN_SRC_HUNGYEN,Hung Yen,2016,annual,2895.0,Thous. dongs,not_specified,E1428,https://www.nso.gov.vn/en/px-web?pxid=E1428&theme=Health%2C%20Culture%2C%20Sport%20and%20Living%20standard,source_reported_unharmonized
e1428_c9b3c38247,health_culture_environment,Monthly average income per capita at current prices by income source and by province,Total,VN_SRC_HUNGYEN,Hung Yen,2018,annual,3843.0,Thous. dongs,not_specified,E1428,https://www.nso.gov.vn/en/px-web?pxid=E1428&theme=Health%2C%20Culture%2C%20Sport%20and%20Living%20standard,source_reported_unharmonized
e1428_c9b3c38247,health_culture_environment,Monthly average income per capita at current prices by income source and by province,Total,VN_SRC_HUNGYEN,Hung Yen,2019,annual,4183.0,Thous. dongs,not_specified,E1428,https://www.nso.gov.vn/en/px-web?pxid=E1428&theme=Health%2C%20Culture%2C%20Sport%20and%20Living%20standard,source_reported_unharmonized
e1428_c9b3c38247,health_culture_environment,Monthly average income per capita at current prices by income source and by province,Total,VN_SRC_HUNGYEN,Hung Yen,2020,annual,4042.63,Thous. dongs,not_specified,E1428,https://www.nso.gov.vn/en/px-web?pxid=E1428&theme=Health%2C%20Culture%2C%20Sport%20and%20Living%20standard,source_reported_unharmonized
e1428_c9b3c38247,health_culture_environment,Monthly average income per capita at current prices by income source and by province,Total,VN_SRC_HUNGYEN,Hung Yen,2021,annual,4192.33,Thous. dongs,not_specified,E1428,https://www.nso.gov.vn/en/px-web?pxid=E1428&theme=Health%2C%20Culture%2C%20Sport%20and%20Living%20standard,source_reported_unharmonized
e1428_c9b3c38247,health_culture_environment,Monthly average income per capita at current prices by income source and by province,Total,VN_SRC_HUNGYEN,Hung Yen,2022,annual,4746.71,Thous. dongs,not_specified,E1428,https://www.nso.gov.vn/en/px-web?pxid=E1428&theme=Health%2C%20Culture%2C%20Sport%20and%20Living%20standard,source_reported_unharmonized
e1428_c9b3c38247,health_culture_environment,Monthly average income per capita at current prices by income source and by province,Total,VN_SRC_HUNGYEN,Hung Yen,2023,annual,5289.69,Thous. dongs,not_specified,E1428,https://www.nso.gov.vn/en/px-web?pxid=E1428&theme=Health%2C%20Culture%2C%20Sport%20and%20Living%20standard,source_reported_unharmonized
e1428_c9b3c38247,health_culture_environment,Monthly average income per capita at current prices by income source and by province,Total,VN_SRC_HUNGYEN,Hung Yen,2024,annual,5867.47,Thous. dongs,not_specified,E1428,https://www.nso.gov.vn/en/px-web?pxid=E1428&theme=Health%2C%20Culture%2C%20Sport%20and%20Living%20standard,source_reported_unharmonized
e1428_c9b3c38247,health_culture_environment,Monthly average income per capita at current prices by income source and by province,Total,VN_SRC_HUNGYEN,Hung Yen,2025,annual,6576.46,Thous. dongs,not_specified,E1428,https://www.nso.gov.vn/en/px-web?pxid=E1428&theme=Health%2C%20Culture%2C%20Sport%20and%20Living%20standard,source_reported_unharmonized
e1428_c9b3c38247,health_culture_environment,Monthly average income per capita at current prices by income source and by province,Total,VN_SRC_THAIBINH,Thai Binh,2010,annual,1129.0,Thous. dongs,not_specified,E1428,https://www.nso.gov.vn/en/px-web?pxid=E1428&theme=Health%2C%20Culture%2C%20Sport%20and%20Living%20standard,source_reported_unharmonized
e1428_c9b3c38247,health_culture_environment,Monthly average income per capita at current prices by income source and by province,Total,VN_SRC_THAIBINH,Thai Binh,2012,annual,1729.0,Thous. dongs,not_specified,E1428,https://www.nso.gov.vn/en/px-web?pxid=E1428&theme=Health%2C%20Culture%2C%20Sport%20and%20Living%20standard,source_reported_unharmonized
e1428_c9b3c38247,health_culture_environment,Monthly average income per capita at current prices by income source and by province,Total,VN_SRC_THAIBINH,Thai Binh,2014,annual,2469.0,Thous. dongs,not_specified,E1428,https://www.nso.gov.vn/en/px-web?pxid=E1428&theme=Health%2C%20Culture%2C%20Sport%20and%20Living%20standard,source_reported_unharmonized
e1428_c9b3c38247,health_culture_environment,Monthly average income per capita at current prices by income source and by province,Total,VN_SRC_THAIBINH,Thai Binh,2016,annual,2812.0,Thous. dongs,not_specified,E1428,https://www.nso.gov.vn/en/px-web?pxid=E1428&theme=Health%2C%20Culture%2C%20Sport%20and%20Living%20standard,source_reported_unharmonized
e1428_c9b3c38247,health_culture_environment,Monthly average income per capita at current prices by income source and by province,Total,VN_SRC_THAIBINH,Thai Binh,2018,annual,3547.0,Thous. dongs,not_specified,E1428,https://www.nso.gov.vn/en/px-web?pxid=E1428&theme=Health%2C%20Culture%2C%20Sport%20and%20Living%20standard,source_reported_unharmonized
e1428_c9b3c38247,health_culture_environment,Monthly average income per capita at current prices by income source and by province,Total,VN_SRC_THAIBINH,Thai Binh,2019,annual,3866.0,Thous. dongs,not_specified,E1428,https://www.nso.gov.vn/en/px-web?pxid=E1428&theme=Health%2C%20Culture%2C%20Sport%20and%20Living%20standard,source_reported_unharmonized
e1428_c9b3c38247,health_culture_environment,Monthly average income per capita at current prices by income source and by province,Total,VN_SRC_THAIBINH,Thai Binh,2020,annual,4208.78,Thous. dongs,not_specified,E1428,https://www.nso.gov.vn/en/px-web?pxid=E1428&theme=Health%2C%20Culture%2C%20Sport%20and%20Living%20standard,source_reported_unharmonized
e1428_c9b3c38247,health_culture_environment,Monthly average income per capita at current prices by income source and by province,Total,VN_SRC_THAIBINH,Thai Binh,2021,annual,4333.88,Thous. dongs,not_specified,E1428,https://www.nso.gov.vn/en/px-web?pxid=E1428&theme=Health%2C%20Culture%2C%20Sport%20and%20Living%20standard,source_reported_unharmonized
e1428_c9b3c38247,health_culture_environment,Monthly average income per capita at current prices by income source and by province,Total,VN_SRC_THAIBINH,Thai Binh,2022,annual,4749.49,Thous. dongs,not_specified,E1428,https://www.nso.gov.vn/en/px-web?pxid=E1428&theme=Health%2C%20Culture%2C%20Sport%20and%20Living%20standard,source_reported_unharmonized
e1428_c9b3c38247,health_culture_environment,Monthly average income per capita at current prices by income source and by province,Total,VN_SRC_THAIBINH,Thai Binh,2023,annual,5266.1,Thous. dongs,not_specified,E1428,https://www.nso.gov.vn/en/px-web?pxid=E1428&theme=Health%2C%20Culture%2C%20Sport%20and%20Living%20standard,source_reported_unharmonized
e1428_c9b3c38247,health_culture_environment,Monthly average income per capita at current prices by income source and by province,Total,VN_SRC_THAIBINH,Thai Binh,2024,annual,5700.21,Thous. dongs,not_specified,E1428,https://www.nso.gov.vn/en/px-web?pxid=E1428&theme=Health%2C%20Culture%2C%20Sport%20and%20Living%20standard,source_reported_unharmonized
e1428_c9b3c38247,health_culture_environment,Monthly average income per capita at current prices by income source and by province,Total,VN_SRC_THAIBINH,Thai Binh,2025,annual,6533.3,Thous. dongs,not_specified,E1428,https://www.nso.gov.vn/en/px-web?pxid=E1428&theme=Health%2C%20Culture%2C%20Sport%20and%20Living%20standard,source_reported_unharmonized
e1428_c9b3c38247,health_culture_environment,Monthly average income per capita at current prices by income source and by province,Total,VN_SRC_HANAM,Ha Nam,2010,annual,1150.0,Thous. dongs,not_specified,E1428,https://www.nso.gov.vn/en/px-web?pxid=E1428&theme=Health%2C%20Culture%2C%20Sport%20and%20Living%20standard,source_reported_unharmonized
e1428_c9b3c38247,health_culture_environment,Monthly average income per capita at current prices by income source and by province,Total,VN_SRC_HANAM,Ha Nam,2012,annual,1754.0,Thous. dongs,not_specified,E1428,https://www.nso.gov.vn/en/px-web?pxid=E1428&theme=Health%2C%20Culture%2C%20Sport%20and%20Living%20standard,source_reported_unharmonized
e1428_c9b3c38247,health_culture_environment,Monthly average income per capita at current prices by income source and by province,Total,VN_SRC_HANAM,Ha Nam,2014,annual,2198.0,Thous. dongs,not_specified,E1428,https://www.nso.gov.vn/en/px-web?pxid=E1428&theme=Health%2C%20Culture%2C%20Sport%20and%20Living%20standard,source_reported_unharmonized
e1428_c9b3c38247,health_culture_environment,Monthly average income per capita at current prices by income source and by province,Total,VN_SRC_HANAM,Ha Nam,2016,annual,2826.0,Thous. dongs,not_specified,E1428,https://www.nso.gov.vn/en/px-web?pxid=E1428&theme=Health%2C%20Culture%2C%20Sport%20and%20Living%20standard,source_reported_unharmonized
e1428_c9b3c38247,health_culture_environment,Monthly average income per capita at current prices by income source and by province,Total,VN_SRC_HANAM,Ha Nam,2018,annual,3608.0,Thous. dongs,not_specified,E1428,https://www.nso.gov.vn/en/px-web?pxid=E1428&theme=Health%2C%20Culture%2C%20Sport%20and%20Living%20standard,source_reported_unharmonized
e1428_c9b3c38247,health_culture_environment,Monthly average income per capita at current prices by income source and by province,Total,VN_SRC_HANAM,Ha Nam,2019,annual,3928.0,Thous. dongs,not_specified,E1428,https://www.nso.gov.vn/en/px-web?pxid=E1428&theme=Health%2C%20Culture%2C%20Sport%20and%20Living%20standard,source_reported_unharmonized
e1428_c9b3c38247,health_culture_environment,Monthly average income per capita at current prices by income source and by province,Total,VN_SRC_HANAM,Ha Nam,2020,annual,4028.7,Thous. dongs,not_specified,E1428,https://www.nso.gov.vn/en/px-web?pxid=E1428&theme=Health%2C%20Culture%2C%20Sport%20and%20Living%20standard,source_reported_unharmonized
e1428_c9b3c38247,health_culture_environment,Monthly average income per capita at current prices by income source and by province,Total,VN_SRC_HANAM,Ha Nam,2021,annual,4372.05,Thous. dongs,not_specified,E1428,https://www.nso.gov.vn/en/px-web?pxid=E1428&theme=Health%2C%20Culture%2C%20Sport%20and%20Living%20standard,source_reported_unharmonized
e1428_c9b3c38247,health_culture_environment,Monthly average income per capita at current prices by income source and by province,Total,VN_SRC_HANAM,Ha Nam,2022,annual,4744.8,Thous. dongs,not_specified,E1428,https://www.nso.gov.vn/en/px-web?pxid=E1428&theme=Health%2C%20Culture%2C%20Sport%20and%20Living%20standard,source_reported_unharmonized
e1428_c9b3c38247,health_culture_environment,Monthly average income per capita at current prices by income source and by province,Total,VN_SRC_HANAM,Ha Nam,2023,annual,5072.07,Thous. dongs,not_specified,E1428,https://www.nso.gov.vn/en/px-web?pxid=E1428&theme=Health%2C%20Culture%2C%20Sport%20and%20Living%20standard,source_reported_unharmonized
e1428_c9b3c38247,health_culture_environment,Monthly average income per capita at current prices by income source and by province,Total,VN_SRC_HANAM,Ha Nam,2024,annual,5600.47,Thous. dongs,not_specified,E1428,https://www.nso.gov.vn/en/px-web?pxid=E1428&theme=Health%2C%20Culture%2C%20Sport%20and%20Living%20standard,source_reported_unharmonized
e1428_c9b3c38247,health_culture_environment,Monthly average income per capita at current prices by income source and by province,Total,VN_SRC_HANAM,Ha Nam,2025,annual,6356.78,Thous. dongs,not_specified,E1428,https://www.nso.gov.vn/en/px-web?pxid=E1428&theme=Health%2C%20Culture%2C%20Sport%20and%20Living%20standard,source_reported_unharmonized
e1428_c9b3c38247,health_culture_environment,Monthly average income per capita at current prices by income source and by province,Total,VN_SRC_NAMDINH,Nam Dinh,2010,annual,1237.0,Thous. dongs,not_specified,E1428,https://www.nso.gov.vn/en/px-web?pxid=E1428&theme=Health%2C%20Culture%2C%20Sport%20and%20Living%20standard,source_reported_unharmonized
e1428_c9b3c38247,health_culture_environment,Monthly average income per capita at current prices by income source and by province,Total,VN_SRC_NAMDINH,Nam Dinh,2012,annual,1791.0,Thous. dongs,not_specified,E1428,https://www.nso.gov.vn/en/px-web?pxid=E1428&theme=Health%2C%20Culture%2C%20Sport%20and%20Living%20standard,source_reported_unharmonized
e1428_c9b3c38247,health_culture_environment,Monthly average income per capita at current prices by income source and by province,Total,VN_SRC_NAMDINH,Nam Dinh,2014,annual,2816.0,Thous. dongs,not_specified,E1428,https://www.nso.gov.vn/en/px-web?pxid=E1428&theme=Health%2C%20Culture%2C%20Sport%20and%20Living%20standard,source_reported_unharmonized
e1428_c9b3c38247,health_culture_environment,Monthly average income per capita at current prices by income source and by province,Total,VN_SRC_NAMDINH,Nam Dinh,2016,annual,3014.0,Thous. dongs,not_specified,E1428,https://www.nso.gov.vn/en/px-web?pxid=E1428&theme=Health%2C%20Culture%2C%20Sport%20and%20Living%20standard,source_reported_unharmonized
e1428_c9b3c38247,health_culture_environment,Monthly average income per capita at current prices by income source and by province,Total,VN_SRC_NAMDINH,Nam Dinh,2018,annual,3384.0,Thous. dongs,not_specified,E1428,https://www.nso.gov.vn/en/px-web?pxid=E1428&theme=Health%2C%20Culture%2C%20Sport%20and%20Living%20standard,source_reported_unharmonized
e1428_c9b3c38247,health_culture_environment,Monthly average income per capita at current prices by income source and by province,Total,VN_SRC_NAMDINH,Nam Dinh,2019,annual,3684.0,Thous. dongs,not_specified,E1428,https://www.nso.gov.vn/en/px-web?pxid=E1428&theme=Health%2C%20Culture%2C%20Sport%20and%20Living%20standard,source_reported_unharmonized
e1428_c9b3c38247,health_culture_environment,Monthly average income per capita at current prices by income source and by province,Total,VN_SRC_NAMDINH,Nam Dinh,2020,annual,4096.22,Thous. dongs,not_specified,E1428,https://www.nso.gov.vn/en/px-web?pxid=E1428&theme=Health%2C%20Culture%2C%20Sport%20and%20Living%20standard,source_reported_unharmonized
e1428_c9b3c38247,health_culture_environment,Monthly average income per capita at current prices by income source and by province,Total,VN_SRC_NAMDINH,Nam Dinh,2021,annual,4412.54,Thous. dongs,not_specified,E1428,https://www.nso.gov.vn/en/px-web?pxid=E1428&theme=Health%2C%20Culture%2C%20Sport%20and%20Living%20standard,source_reported_unharmonized
e1428_c9b3c38247,health_culture_environment,Monthly average income per capita at current prices by income source and by province,Total,VN_SRC_NAMDINH,Nam Dinh,2022,annual,5100.41,Thous. dongs,not_specified,E1428,https://www.nso.gov.vn/en/px-web?pxid=E1428&theme=Health%2C%20Culture%2C%20Sport%20and%20Living%20standard,source_reported_unharmonized
e1428_c9b3c38247,health_culture_environment,Monthly average income per capita at current prices by income source and by province,Total,VN_SRC_NAMDINH,Nam Dinh,2023,annual,5502.07,Thous. dongs,not_specified,E1428,https://www.nso.gov.vn/en/px-web?pxid=E1428&theme=Health%2C%20Culture%2C%20Sport%20and%20Living%20standard,source_reported_unharmonized
e1428_c9b3c38247,health_culture_environment,Monthly average income per capita at current prices by income source and by province,Total,VN_SRC_NAMDINH,Nam Dinh,2024,annual,5925.21,Thous. dongs,not_specified,E1428,https://www.nso.gov.vn/en/px-web?pxid=E1428&theme=Health%2C%20Culture%2C%20Sport%20and%20Living%20standard,source_reported_unharmonized
e1428_c9b3c38247,health_culture_environment,Monthly average income per capita at current prices by income source and by province,Total,VN_SRC_NAMDINH,Nam Dinh,2025,annual,6561.39,Thous. dongs,not_specified,E1428,https://www.nso.gov.vn/en/px-web?pxid=E1428&theme=Health%2C%20Culture%2C%20Sport%20and%20Living%20standard,source_reported_unharmonized
e1428_c9b3c38247,health_culture_environment,Monthly average income per capita at current prices by income source and by province,Total,VN_SRC_NINHBINH,Ninh Binh,2010,annual,1202.0,Thous. dongs,not_specified,E1428,https://www.nso.gov.vn/en/px-web?pxid=E1428&theme=Health%2C%20Culture%2C%20Sport%20and%20Living%20standard,source_reported_unharmonized
e1428_c9b3c38247,health_culture_environment,Monthly average income per capita at current prices by income source and by province,Total,VN_SRC_NINHBINH,Ninh Binh,2012,annual,1696.0,Thous. dongs,not_specified,E1428,https://www.nso.gov.vn/en/px-web?pxid=E1428&theme=Health%2C%20Culture%2C%20Sport%20and%20Living%20standard,source_reported_unharmonized
e1428_c9b3c38247,health_culture_environment,Monthly average income per capita at current prices by income source and by province,Total,VN_SRC_NINHBINH,Ninh Binh,2014,annual,2215.0,Thous. dongs,not_specified,E1428,https://www.nso.gov.vn/en/px-web?pxid=E1428&theme=Health%2C%20Culture%2C%20Sport%20and%20Living%20standard,source_reported_unharmonized
e1428_c9b3c38247,health_culture_environment,Monthly average income per capita at current prices by income source and by province,Total,VN_SRC_NINHBINH,Ninh Binh,2016,annual,2914.0,Thous. dongs,not_specified,E1428,https://www.nso.gov.vn/en/px-web?pxid=E1428&theme=Health%2C%20Culture%2C%20Sport%20and%20Living%20standard,source_reported_unharmonized
e1428_c9b3c38247,health_culture_environment,Monthly average income per capita at current prices by income source and by province,Total,VN_SRC_NINHBINH,Ninh Binh,2018,annual,3778.0,Thous. dongs,not_specified,E1428,https://www.nso.gov.vn/en/px-web?pxid=E1428&theme=Health%2C%20Culture%2C%20Sport%20and%20Living%20standard,source_reported_unharmonized
e1428_c9b3c38247,health_culture_environment,Monthly average income per capita at current prices by income source and by province,Total,VN_SRC_NINHBINH,Ninh Binh,2019,annual,3997.0,Thous. dongs,not_specified,E1428,https://www.nso.gov.vn/en/px-web?pxid=E1428&theme=Health%2C%20Culture%2C%20Sport%20and%20Living%20standard,source_reported_unharmonized
e1428_c9b3c38247,health_culture_environment,Monthly average income per capita at current prices by income source and by province,Total,VN_SRC_NINHBINH,Ninh Binh,2020,annual,3904.38,Thous. dongs,not_specified,E1428,https://www.nso.gov.vn/en/px-web?pxid=E1428&theme=Health%2C%20Culture%2C%20Sport%20and%20Living%20standard,source_reported_unharmonized
e1428_c9b3c38247,health_culture_environment,Monthly average income per capita at current prices by income source and by province,Total,VN_SRC_NINHBINH,Ninh Binh,2021,annual,4281.68,Thous. dongs,not_specified,E1428,https://www.nso.gov.vn/en/px-web?pxid=E1428&theme=Health%2C%20Culture%2C%20Sport%20and%20Living%20standard,source_reported_unharmonized
e1428_c9b3c38247,health_culture_environment,Monthly average income per capita at current prices by income source and by province,Total,VN_SRC_NINHBINH,Ninh Binh,2022,annual,4892.86,Thous. dongs,not_specified,E1428,https://www.nso.gov.vn/en/px-web?pxid=E1428&theme=Health%2C%20Culture%2C%20Sport%20and%20Living%20standard,source_reported_unharmonized
e1428_c9b3c38247,health_culture_environment,Monthly average income per capita at current prices by income source and by province,Total,VN_SRC_NINHBINH,Ninh Binh,2023,annual,5333.34,Thous. dongs,not_specified,E1428,https://www.nso.gov.vn/en/px-web?pxid=E1428&theme=Health%2C%20Culture%2C%20Sport%20and%20Living%20standard,source_reported_unharmonized
e1428_c9b3c38247,health_culture_environment,Monthly average income per capita at current prices by income source and by province,Total,VN_SRC_NINHBINH,Ninh Binh,2024,annual,5901.57,Thous. dongs,not_specified,E1428,https://www.nso.gov.vn/en/px-web?pxid=E1428&theme=Health%2C%20Culture%2C%20Sport%20and%20Living%20standard,source_reported_unharmonized
e1428_c9b3c38247,health_culture_environment,Monthly average income per capita at current prices by income source and by province,Total,VN_SRC_NINHBINH,Ninh Binh,2025,annual,6776.04,Thous. dongs,not_specified,E1428,https://www.nso.gov.vn/en/px-web?pxid=E1428&theme=Health%2C%20Culture%2C%20Sport%20and%20Living%20standard,source_reported_unharmonized
e1428_c9b3c38247,health_culture_environment,Monthly average income per capita at current prices by income source and by province,Total,VN_SRC_HAGIANG,Ha Giang,2010,annual,610.0,Thous. dongs,not_specified,E1428,https://www.nso.gov.vn/en/px-web?pxid=E1428&theme=Health%2C%20Culture%2C%20Sport%20and%20Living%20standard,source_reported_unharmonized
e1428_c9b3c38247,health_culture_environment,Monthly average income per capita at current prices by income source and by province,Total,VN_SRC_HAGIANG,Ha Giang,2012,annual,850.0,Thous. dongs,not_specified,E1428,https://www.nso.gov.vn/en/px-web?pxid=E1428&theme=Health%2C%20Culture%2C%20Sport%20and%20Living%20standard,source_reported_unharmonized
e1428_c9b3c38247,health_culture_environment,Monthly average income per capita at current prices by income source and by province,Total,VN_SRC_HAGIANG,Ha Giang,2014,annual,1121.0,Thous. dongs,not_specified,E1428,https://www.nso.gov.vn/en/px-web?pxid=E1428&theme=Health%2C%20Culture%2C%20Sport%20and%20Living%20standard,source_reported_unharmonized
e1428_c9b3c38247,health_culture_environment,Monthly average income per capita at current prices by income source and by province,Total,VN_SRC_HAGIANG,Ha Giang,2016,annual,1324.0,Thous. dongs,not_specified,E1428,https://www.nso.gov.vn/en/px-web?pxid=E1428&theme=Health%2C%20Culture%2C%20Sport%20and%20Living%20standard,source_reported_unharmonized
e1428_c9b3c38247,health_culture_environment,Monthly average income per capita at current prices by income source and by province,Total,VN_SRC_HAGIANG,Ha Giang,2018,annual,1725.0,Thous. dongs,not_specified,E1428,https://www.nso.gov.vn/en/px-web?pxid=E1428&theme=Health%2C%20Culture%2C%20Sport%20and%20Living%20standard,source_reported_unharmonized
e1428_c9b3c38247,health_culture_environment,Monthly average income per capita at current prices by income source and by province,Total,VN_SRC_HAGIANG,Ha Giang,2019,annual,1832.0,Thous. dongs,not_specified,E1428,https://www.nso.gov.vn/en/px-web?pxid=E1428&theme=Health%2C%20Culture%2C%20Sport%20and%20Living%20standard,source_reported_unharmonized
e1428_c9b3c38247,health_culture_environment,Monthly average income per capita at current prices by income source and by province,Total,VN_SRC_HAGIANG,Ha Giang,2020,annual,1834.55,Thous. dongs,not_specified,E1428,https://www.nso.gov.vn/en/px-web?pxid=E1428&theme=Health%2C%20Culture%2C%20Sport%20and%20Living%20standard,source_reported_unharmonized
e1428_c9b3c38247,health_culture_environment,Monthly average income per capita at current prices by income source and by province,Total,VN_SRC_HAGIANG,Ha Giang,2021,annual,1933.32,Thous. dongs,not_specified,E1428,https://www.nso.gov.vn/en/px-web?pxid=E1428&theme=Health%2C%20Culture%2C%20Sport%20and%20Living%20standard,source_reported_unharmonized
e1428_c9b3c38247,health_culture_environment,Monthly average income per capita at current prices by income source and by province,Total,VN_SRC_HAGIANG,Ha Giang,2022,annual,2061.77,Thous. dongs,not_specified,E1428,https://www.nso.gov.vn/en/px-web?pxid=E1428&theme=Health%2C%20Culture%2C%20Sport%20and%20Living%20standard,source_reported_unharmonized
e1428_c9b3c38247,health_culture_environment,Monthly average income per capita at current prices by income source and by province,Total,VN_SRC_HAGIANG,Ha Giang,2023,annual,2251.7,Thous. dongs,not_specified,E1428,https://www.nso.gov.vn/en/px-web?pxid=E1428&theme=Health%2C%20Culture%2C%20Sport%20and%20Living%20standard,source_reported_unharmonized
e1428_c9b3c38247,health_culture_environment,Monthly average income per capita at current prices by income source and by province,Total,VN_SRC_HAGIANG,Ha Giang,2024,annual,2450.59,Thous. dongs,not_specified,E1428,https://www.nso.gov.vn/en/px-web?pxid=E1428&theme=Health%2C%20Culture%2C%20Sport%20and%20Living%20standard,source_reported_unharmonized
e1428_c9b3c38247,health_culture_environment,Monthly average income per capita at current prices by income source and by province,Total,VN_SRC_HAGIANG,Ha Giang,2025,annual,2552.32,Thous. dongs,not_specified,E1428,https://www.nso.gov.vn/en/px-web?pxid=E1428&theme=Health%2C%20Culture%2C%20Sport%20and%20Living%20standard,source_reported_unharmonized
e1428_c9b3c38247,health_culture_environment,Monthly average income per capita at current prices by income source and by province,Total,VN_SRC_CAOBANG,Cao Bang,2010,annual,749.0,Thous. dongs,not_specified,E1428,https://www.nso.gov.vn/en/px-web?pxid=E1428&theme=Health%2C%20Culture%2C%20Sport%20and%20Living%20standard,source_reported_unharmonized
e1428_c9b3c38247,health_culture_environment,Monthly average income per capita at current prices by income source and by province,Total,VN_SRC_CAOBANG,Cao Bang,2012,annual,1054.0,Thous. dongs,not_specified,E1428,https://www.nso.gov.vn/en/px-web?pxid=E1428&theme=Health%2C%20Culture%2C%20Sport%20and%20Living%20standard,source_reported_unharmonized
e1428_c9b3c38247,health_culture_environment,Monthly average income per capita at current prices by income source and by province,Total,VN_SRC_CAOBANG,Cao Bang,2014,annual,1252.0,Thous. dongs,not_specified,E1428,https://www.nso.gov.vn/en/px-web?pxid=E1428&theme=Health%2C%20Culture%2C%20Sport%20and%20Living%20standard,source_reported_unharmonized
e1428_c9b3c38247,health_culture_environment,Monthly average income per capita at current prices by income source and by province,Total,VN_SRC_CAOBANG,Cao Bang,2016,annual,1643.0,Thous. dongs,not_specified,E1428,https://www.nso.gov.vn/en/px-web?pxid=E1428&theme=Health%2C%20Culture%2C%20Sport%20and%20Living%20standard,source_reported_unharmonized
e1428_c9b3c38247,health_culture_environment,Monthly average income per capita at current prices by income source and by province,Total,VN_SRC_CAOBANG,Cao Bang,2018,annual,1856.0,Thous. dongs,not_specified,E1428,https://www.nso.gov.vn/en/px-web?pxid=E1428&theme=Health%2C%20Culture%2C%20Sport%20and%20Living%20standard,source_reported_unharmonized
e1428_c9b3c38247,health_culture_environment,Monthly average income per capita at current prices by income source and by province,Total,VN_SRC_CAOBANG,Cao Bang,2019,annual,1975.0,Thous. dongs,not_specified,E1428,https://www.nso.gov.vn/en/px-web?pxid=E1428&theme=Health%2C%20Culture%2C%20Sport%20and%20Living%20standard,source_reported_unharmonized
e1428_c9b3c38247,health_culture_environment,Monthly average income per capita at current prices by income source and by province,Total,VN_SRC_CAOBANG,Cao Bang,2020,annual,2184.71,Thous. dongs,not_specified,E1428,https://www.nso.gov.vn/en/px-web?pxid=E1428&theme=Health%2C%20Culture%2C%20Sport%20and%20Living%20standard,source_reported_unharmonized
e1428_c9b3c38247,health_culture_environment,Monthly average income per capita at current prices by income source and by province,Total,VN_SRC_CAOBANG,Cao Bang,2021,annual,2273.27,Thous. dongs,not_specified,E1428,https://www.nso.gov.vn/en/px-web?pxid=E1428&theme=Health%2C%20Culture%2C%20Sport%20and%20Living%20standard,source_reported_unharmonized
e1428_c9b3c38247,health_culture_environment,Monthly average income per capita at current prices by income source and by province,Total,VN_SRC_CAOBANG,Cao Bang,2022,annual,2354.85,Thous. dongs,not_specified,E1428,https://www.nso.gov.vn/en/px-web?pxid=E1428&theme=Health%2C%20Culture%2C%20Sport%20and%20Living%20standard,source_reported_unharmonized
e1428_c9b3c38247,health_culture_environment,Monthly average income per capita at current prices by income source and by province,Total,VN_SRC_CAOBANG,Cao Bang,2023,annual,2438.54,Thous. dongs,not_specified,E1428,https://www.nso.gov.vn/en/px-web?pxid=E1428&theme=Health%2C%20Culture%2C%20Sport%20and%20Living%20standard,source_reported_unharmonized
e1428_c9b3c38247,health_culture_environment,Monthly average income per capita at current prices by income source and by province,Total,VN_SRC_CAOBANG,Cao Bang,2024,annual,2603.9,Thous. dongs,not_specified,E1428,https://www.nso.gov.vn/en/px-web?pxid=E1428&theme=Health%2C%20Culture%2C%20Sport%20and%20Living%20standard,source_reported_unharmonized
e1428_c9b3c38247,health_culture_environment,Monthly average income per capita at current prices by income source and by province,Total,VN_SRC_CAOBANG,Cao Bang,2025,annual,2690.35,Thous. dongs,not_specified,E1428,https://www.nso.gov.vn/en/px-web?pxid=E1428&theme=Health%2C%20Culture%2C%20Sport%20and%20Living%20standard,source_reported_unharmonized
e1428_c9b3c38247,health_culture_environment,Monthly average income per capita at current prices by income source and by province,Total,VN_SRC_BACKAN,Bac Kan,2010,annual,776.0,Thous. dongs,not_specified,E1428,https://www.nso.gov.vn/en/px-web?pxid=E1428&theme=Health%2C%20Culture%2C%20Sport%20and%20Living%20standard,source_reported_unharmonized
e1428_c9b3c38247,health_culture_environment,Monthly average income per capita at current prices by income source and by province,Total,VN_SRC_BACKAN,Bac Kan,2012,annual,1142.0,Thous. dongs,not_specified,E1428,https://www.nso.gov.vn/en/px-web?pxid=E1428&theme=Health%2C%20Culture%2C%20Sport%20and%20Living%20standard,source_reported_unharmonized
e1428_c9b3c38247,health_culture_environment,Monthly average income per capita at current prices by income source and by province,Total,VN_SRC_BACKAN,Bac Kan,2014,annual,1216.0,Thous. dongs,not_specified,E1428,https://www.nso.gov.vn/en/px-web?pxid=E1428&theme=Health%2C%20Culture%2C%20Sport%20and%20Living%20standard,source_reported_unharmonized
e1428_c9b3c38247,health_culture_environment,Monthly average income per capita at current prices by income source and by province,Total,VN_SRC_BACKAN,Bac Kan,2016,annual,1401.0,Thous. dongs,not_specified,E1428,https://www.nso.gov.vn/en/px-web?pxid=E1428&theme=Health%2C%20Culture%2C%20Sport%20and%20Living%20standard,source_reported_unharmonized
e1428_c9b3c38247,health_culture_environment,Monthly average income per capita at current prices by income source and by province,Total,VN_SRC_BACKAN,Bac Kan,2018,annual,1945.0,Thous. dongs,not_specified,E1428,https://www.nso.gov.vn/en/px-web?pxid=E1428&theme=Health%2C%20Culture%2C%20Sport%20and%20Living%20standard,source_reported_unharmonized
e1428_c9b3c38247,health_culture_environment,Monthly average income per capita at current prices by income source and by province,Total,VN_SRC_BACKAN,Bac Kan,2019,annual,2071.0,Thous. dongs,not_specified,E1428,https://www.nso.gov.vn/en/px-web?pxid=E1428&theme=Health%2C%20Culture%2C%20Sport%20and%20Living%20standard,source_reported_unharmonized
e1428_c9b3c38247,health_culture_environment,Monthly average income per capita at current prices by income source and by province,Total,VN_SRC_BACKAN,Bac Kan,2020,annual,2191.84,Thous. dongs,not_specified,E1428,https://www.nso.gov.vn/en/px-web?pxid=E1428&theme=Health%2C%20Culture%2C%20Sport%20and%20Living%20standard,source_reported_unharmonized
e1428_c9b3c38247,health_culture_environment,Monthly average income per capita at current prices by income source and by province,Total,VN_SRC_BACKAN,Bac Kan,2021,annual,2125.17,Thous. dongs,not_specified,E1428,https://www.nso.gov.vn/en/px-web?pxid=E1428&theme=Health%2C%20Culture%2C%20Sport%20and%20Living%20standard,source_reported_unharmonized
e1428_c9b3c38247,health_culture_environment,Monthly average income per capita at current prices by income source and by province,Total,VN_SRC_BACKAN,Bac Kan,2022,annual,2342.45,Thous. dongs,not_specified,E1428,https://www.nso.gov.vn/en/px-web?pxid=E1428&theme=Health%2C%20Culture%2C%20Sport%20and%20Living%20standard,source_reported_unharmonized
e1428_c9b3c38247,health_culture_environment,Monthly average income per capita at current prices by income source and by province,Total,VN_SRC_BACKAN,Bac Kan,2023,annual,2518.76,Thous. dongs,not_specified,E1428,https://www.nso.gov.vn/en/px-web?pxid=E1428&theme=Health%2C%20Culture%2C%20Sport%20and%20Living%20standard,source_reported_unharmonized
e1428_c9b3c38247,health_culture_environment,Monthly average income per capita at current prices by income source and by province,Total,VN_SRC_BACKAN,Bac Kan,2024,annual,2752.12,Thous. dongs,not_specified,E1428,https://www.nso.gov.vn/en/px-web?pxid=E1428&theme=Health%2C%20Culture%2C%20Sport%20and%20Living%20standard,source_reported_unharmonized
e1428_c9b3c38247,health_culture_environment,Monthly average income per capita at current prices by income source and by province,Total,VN_SRC_BACKAN,Bac Kan,2025,annual,3276.11,Thous. dongs,not_specified,E1428,https://www.nso.gov.vn/en/px-web?pxid=E1428&theme=Health%2C%20Culture%2C%20Sport%20and%20Living%20standard,source_reported_unharmonized
e1428_c9b3c38247,health_culture_environment,Monthly average income per capita at current prices by income source and by province,Total,VN_SRC_TUYENQUANG,Tuyen Quang,2010,annual,887.0,Thous. dongs,not_specified,E1428,https://www.nso.gov.vn/en/px-web?pxid=E1428&theme=Health%2C%20Culture%2C%20Sport%20and%20Living%20standard,source_reported_unharmonized
e1428_c9b3c38247,health_culture_environment,Monthly average income per capita at current prices by income source and by province,Total,VN_SRC_TUYENQUANG,Tuyen Quang,2012,annual,1162.0,Thous. dongs,not_specified,E1428,https://www.nso.gov.vn/en/px-web?pxid=E1428&theme=Health%2C%20Culture%2C%20Sport%20and%20Living%20standard,source_reported_unharmonized
e1428_c9b3c38247,health_culture_environment,Monthly average income per capita at current prices by income source and by province,Total,VN_SRC_TUYENQUANG,Tuyen Quang,2014,annual,1571.0,Thous. dongs,not_specified,E1428,https://www.nso.gov.vn/en/px-web?pxid=E1428&theme=Health%2C%20Culture%2C%20Sport%20and%20Living%20standard,source_reported_unharmonized
e1428_c9b3c38247,health_culture_environment,Monthly average income per capita at current prices by income source and by province,Total,VN_SRC_TUYENQUANG,Tuyen Quang,2016,annual,1759.0,Thous. dongs,not_specified,E1428,https://www.nso.gov.vn/en/px-web?pxid=E1428&theme=Health%2C%20Culture%2C%20Sport%20and%20Living%20standard,source_reported_unharmonized
e1428_c9b3c38247,health_culture_environment,Monthly average income per capita at current prices by income source and by province,Total,VN_SRC_TUYENQUANG,Tuyen Quang,2018,annual,2262.0,Thous. dongs,not_specified,E1428,https://www.nso.gov.vn/en/px-web?pxid=E1428&theme=Health%2C%20Culture%2C%20Sport%20and%20Living%20standard,source_reported_unharmonized
e1428_c9b3c38247,health_culture_environment,Monthly average income per capita at current prices by income source and by province,Total,VN_SRC_TUYENQUANG,Tuyen Quang,2019,annual,2437.0,Thous. dongs,not_specified,E1428,https://www.nso.gov.vn/en/px-web?pxid=E1428&theme=Health%2C%20Culture%2C%20Sport%20and%20Living%20standard,source_reported_unharmonized
e1428_c9b3c38247,health_culture_environment,Monthly average income per capita at current prices by income source and by province,Total,VN_SRC_TUYENQUANG,Tuyen Quang,2020,annual,2681.01,Thous. dongs,not_specified,E1428,https://www.nso.gov.vn/en/px-web?pxid=E1428&theme=Health%2C%20Culture%2C%20Sport%20and%20Living%20standard,source_reported_unharmonized
e1428_c9b3c38247,health_culture_environment,Monthly average income per capita at current prices by income source and by province,Total,VN_SRC_TUYENQUANG,Tuyen Quang,2021,annual,2872.44,Thous. dongs,not_specified,E1428,https://www.nso.gov.vn/en/px-web?pxid=E1428&theme=Health%2C%20Culture%2C%20Sport%20and%20Living%20standard,source_reported_unharmonized
e1428_c9b3c38247,health_culture_environment,Monthly average income per capita at current prices by income source and by province,Total,VN_SRC_TUYENQUANG,Tuyen Quang,2022,annual,3142.31,Thous. dongs,not_specified,E1428,https://www.nso.gov.vn/en/px-web?pxid=E1428&theme=Health%2C%20Culture%2C%20Sport%20and%20Living%20standard,source_reported_unharmonized
e1428_c9b3c38247,health_culture_environment,Monthly average income per capita at current prices by income source and by province,Total,VN_SRC_TUYENQUANG,Tuyen Quang,2023,annual,3397.9,Thous. dongs,not_specified,E1428,https://www.nso.gov.vn/en/px-web?pxid=E1428&theme=Health%2C%20Culture%2C%20Sport%20and%20Living%20standard,source_reported_unharmonized
e1428_c9b3c38247,health_culture_environment,Monthly average income per capita at current prices by income source and by province,Total,VN_SRC_TUYENQUANG,Tuyen Quang,2024,annual,3689.67,Thous. dongs,not_specified,E1428,https://www.nso.gov.vn/en/px-web?pxid=E1428&theme=Health%2C%20Culture%2C%20Sport%20and%20Living%20standard,source_reported_unharmonized
e1428_c9b3c38247,health_culture_environment,Monthly average income per capita at current prices by income source and by province,Total,VN_SRC_TUYENQUANG,Tuyen Quang,2025,annual,4145.9,Thous. dongs,not_specified,E1428,https://www.nso.gov.vn/en/px-web?pxid=E1428&theme=Health%2C%20Culture%2C%20Sport%20and%20Living%20standard,source_reported_unharmonized
e1428_c9b3c38247,health_culture_environment,Monthly average income per capita at current prices by income source and by province,Total,VN_SRC_LAOCAI,Lao Cai,2010,annual,819.0,Thous. dongs,not_specified,E1428,https://www.nso.gov.vn/en/px-web?pxid=E1428&theme=Health%2C%20Culture%2C%20Sport%20and%20Living%20standard,source_reported_unharmonized
e1428_c9b3c38247,health_culture_environment,Monthly average income per capita at current prices by income source and by province,Total,VN_SRC_LAOCAI,Lao Cai,2012,annual,1085.0,Thous. dongs,not_specified,E1428,https://www.nso.gov.vn/en/px-web?pxid=E1428&theme=Health%2C%20Culture%2C%20Sport%20and%20Living%20standard,source_reported_unharmonized
e1428_c9b3c38247,health_culture_environment,Monthly average income per capita at current prices by income source and by province,Total,VN_SRC_LAOCAI,Lao Cai,2014,annual,1468.0,Thous. dongs,not_specified,E1428,https://www.nso.gov.vn/en/px-web?pxid=E1428&theme=Health%2C%20Culture%2C%20Sport%20and%20Living%20standard,source_reported_unharmonized
e1428_c9b3c38247,health_culture_environment,Monthly average income per capita at current prices by income source and by province,Total,VN_SRC_LAOCAI,Lao Cai,2016,annual,1856.0,Thous. dongs,not_specified,E1428,https://www.nso.gov.vn/en/px-web?pxid=E1428&theme=Health%2C%20Culture%2C%20Sport%20and%20Living%20standard,source_reported_unharmonized
e1428_c9b3c38247,health_culture_environment,Monthly average income per capita at current prices by income source and by province,Total,VN_SRC_LAOCAI,Lao Cai,2018,annual,2324.0,Thous. dongs,not_specified,E1428,https://www.nso.gov.vn/en/px-web?pxid=E1428&theme=Health%2C%20Culture%2C%20Sport%20and%20Living%20standard,source_reported_unharmonized
e1428_c9b3c38247,health_culture_environment,Monthly average income per capita at current prices by income source and by province,Total,VN_SRC_LAOCAI,Lao Cai,2019,annual,2540.0,Thous. dongs,not_specified,E1428,https://www.nso.gov.vn/en/px-web?pxid=E1428&theme=Health%2C%20Culture%2C%20Sport%20and%20Living%20standard,source_reported_unharmonized
e1428_c9b3c38247,health_culture_environment,Monthly average income per capita at current prices by income source and by province,Total,VN_SRC_LAOCAI,Lao Cai,2020,annual,2427.04,Thous. dongs,not_specified,E1428,https://www.nso.gov.vn/en/px-web?pxid=E1428&theme=Health%2C%20Culture%2C%20Sport%20and%20Living%20standard,source_reported_unharmonized
e1428_c9b3c38247,health_culture_environment,Monthly average income per capita at current prices by income source and by province,Total,VN_SRC_LAOCAI,Lao Cai,2021,annual,2515.48,Thous. dongs,not_specified,E1428,https://www.nso.gov.vn/en/px-web?pxid=E1428&theme=Health%2C%20Culture%2C%20Sport%20and%20Living%20standard,source_reported_unharmonized
e1428_c9b3c38247,health_culture_environment,Monthly average income per capita at current prices by income source and by province,Total,VN_SRC_LAOCAI,Lao Cai,2022,annual,2880.82,Thous. dongs,not_specified,E1428,https://www.nso.gov.vn/en/px-web?pxid=E1428&theme=Health%2C%20Culture%2C%20Sport%20and%20Living%20standard,source_reported_unharmonized
e1428_c9b3c38247,health_culture_environment,Monthly average income per capita at current prices by income source and by province,Total,VN_SRC_LAOCAI,Lao Cai,2023,annual,3200.19,Thous. dongs,not_specified,E1428,https://www.nso.gov.vn/en/px-web?pxid=E1428&theme=Health%2C%20Culture%2C%20Sport%20and%20Living%20standard,source_reported_unharmonized
e1428_c9b3c38247,health_culture_environment,Monthly average income per capita at current prices by income source and by province,Total,VN_SRC_LAOCAI,Lao Cai,2024,annual,3545.38,Thous. dongs,not_specified,E1428,https://www.nso.gov.vn/en/px-web?pxid=E1428&theme=Health%2C%20Culture%2C%20Sport%20and%20Living%20standard,source_reported_unharmonized
e1428_c9b3c38247,health_culture_environment,Monthly average income per capita at current prices by income source and by province,Total,VN_SRC_LAOCAI,Lao Cai,2025,annual,3780.73,Thous. dongs,not_specified,E1428,https://www.nso.gov.vn/en/px-web?pxid=E1428&theme=Health%2C%20Culture%2C%20Sport%20and%20Living%20standard,source_reported_unharmonized
e1428_c9b3c38247,health_culture_environment,Monthly average income per capita at current prices by income source and by province,Total,VN_SRC_YENBAI,Yen Bai,2010,annual,844.0,Thous. dongs,not_specified,E1428,https://www.nso.gov.vn/en/px-web?pxid=E1428&theme=Health%2C%20Culture%2C%20Sport%20and%20Living%20standard,source_reported_unharmonized
e1428_c9b3c38247,health_culture_environment,Monthly average income per capita at current prices by income source and by province,Total,VN_SRC_YENBAI,Yen Bai,2012,annual,1114.0,Thous. dongs,not_specified,E1428,https://www.nso.gov.vn/en/px-web?pxid=E1428&theme=Health%2C%20Culture%2C%20Sport%20and%20Living%20standard,source_reported_unharmonized
e1428_c9b3c38247,health_culture_environment,Monthly average income per capita at current prices by income source and by province,Total,VN_SRC_YENBAI,Yen Bai,2014,annual,1386.0,Thous. dongs,not_specified,E1428,https://www.nso.gov.vn/en/px-web?pxid=E1428&theme=Health%2C%20Culture%2C%20Sport%20and%20Living%20standard,source_reported_unharmonized
e1428_c9b3c38247,health_culture_environment,Monthly average income per capita at current prices by income source and by province,Total,VN_SRC_YENBAI,Yen Bai,2016,annual,1805.0,Thous. dongs,not_specified,E1428,https://www.nso.gov.vn/en/px-web?pxid=E1428&theme=Health%2C%20Culture%2C%20Sport%20and%20Living%20standard,source_reported_unharmonized
e1428_c9b3c38247,health_culture_environment,Monthly average income per capita at current prices by income source and by province,Total,VN_SRC_YENBAI,Yen Bai,2018,annual,2290.0,Thous. dongs,not_specified,E1428,https://www.nso.gov.vn/en/px-web?pxid=E1428&theme=Health%2C%20Culture%2C%20Sport%20and%20Living%20standard,source_reported_unharmonized
e1428_c9b3c38247,health_culture_environment,Monthly average income per capita at current prices by income source and by province,Total,VN_SRC_YENBAI,Yen Bai,2019,annual,2458.0,Thous. dongs,not_specified,E1428,https://www.nso.gov.vn/en/px-web?pxid=E1428&theme=Health%2C%20Culture%2C%20Sport%20and%20Living%20standard,source_reported_unharmonized
e1428_c9b3c38247,health_culture_environment,Monthly average income per capita at current prices by income source and by province,Total,VN_SRC_YENBAI,Yen Bai,2020,annual,2522.46,Thous. dongs,not_specified,E1428,https://www.nso.gov.vn/en/px-web?pxid=E1428&theme=Health%2C%20Culture%2C%20Sport%20and%20Living%20standard,source_reported_unharmonized
e1428_c9b3c38247,health_culture_environment,Monthly average income per capita at current prices by income source and by province,Total,VN_SRC_YENBAI,Yen Bai,2021,annual,2539.91,Thous. dongs,not_specified,E1428,https://www.nso.gov.vn/en/px-web?pxid=E1428&theme=Health%2C%20Culture%2C%20Sport%20and%20Living%20standard,source_reported_unharmonized
e1428_c9b3c38247,health_culture_environment,Monthly average income per capita at current prices by income source and by province,Total,VN_SRC_YENBAI,Yen Bai,2022,annual,2845.88,Thous. dongs,not_specified,E1428,https://www.nso.gov.vn/en/px-web?pxid=E1428&theme=Health%2C%20Culture%2C%20Sport%20and%20Living%20standard,source_reported_unharmonized
e1428_c9b3c38247,health_culture_environment,Monthly average income per capita at current prices by income source and by province,Total,VN_SRC_YENBAI,Yen Bai,2023,annual,3155.14,Thous. dongs,not_specified,E1428,https://www.nso.gov.vn/en/px-web?pxid=E1428&theme=Health%2C%20Culture%2C%20Sport%20and%20Living%20standard,source_reported_unharmonized
e1428_c9b3c38247,health_culture_environment,Monthly average income per capita at current prices by income source and by province,Total,VN_SRC_YENBAI,Yen Bai,2024,annual,3501.71,Thous. dongs,not_specified,E1428,https://www.nso.gov.vn/en/px-web?pxid=E1428&theme=Health%2C%20Culture%2C%20Sport%20and%20Living%20standard,source_reported_unharmonized
e1428_c9b3c38247,health_culture_environment,Monthly average income per capita at current prices by income source and by province,Total,VN_SRC_YENBAI,Yen Bai,2025,annual,3900.82,Thous. dongs,not_specified,E1428,https://www.nso.gov.vn/en/px-web?pxid=E1428&theme=Health%2C%20Culture%2C%20Sport%20and%20Living%20standard,source_reported_unharmonized
e1428_c9b3c38247,health_culture_environment,Monthly average income per capita at current prices by income source and by province,Total,VN_SRC_THAINGUYEN,Thai Nguyen,2010,annual,1149.0,Thous. dongs,not_specified,E1428,https://www.nso.gov.vn/en/px-web?pxid=E1428&theme=Health%2C%20Culture%2C%20Sport%20and%20Living%20standard,source_reported_unharmonized
e1428_c9b3c38247,health_culture_environment,Monthly average income per capita at current prices by income source and by province,Total,VN_SRC_THAINGUYEN,Thai Nguyen,2012,annual,1747.0,Thous. dongs,not_specified,E1428,https://www.nso.gov.vn/en/px-web?pxid=E1428&theme=Health%2C%20Culture%2C%20Sport%20and%20Living%20standard,source_reported_unharmonized
e1428_c9b3c38247,health_culture_environment,Monthly average income per capita at current prices by income source and by province,Total,VN_SRC_THAINGUYEN,Thai Nguyen,2014,annual,2238.0,Thous. dongs,not_specified,E1428,https://www.nso.gov.vn/en/px-web?pxid=E1428&theme=Health%2C%20Culture%2C%20Sport%20and%20Living%20standard,source_reported_unharmonized
e1428_c9b3c38247,health_culture_environment,Monthly average income per capita at current prices by income source and by province,Total,VN_SRC_THAINGUYEN,Thai Nguyen,2016,annual,3005.0,Thous. dongs,not_specified,E1428,https://www.nso.gov.vn/en/px-web?pxid=E1428&theme=Health%2C%20Culture%2C%20Sport%20and%20Living%20standard,source_reported_unharmonized
e1428_c9b3c38247,health_culture_environment,Monthly average income per capita at current prices by income source and by province,Total,VN_SRC_THAINGUYEN,Thai Nguyen,2018,annual,4015.0,Thous. dongs,not_specified,E1428,https://www.nso.gov.vn/en/px-web?pxid=E1428&theme=Health%2C%20Culture%2C%20Sport%20and%20Living%20standard,source_reported_unharmonized
e1428_c9b3c38247,health_culture_environment,Monthly average income per capita at current prices by income source and by province,Total,VN_SRC_THAINGUYEN,Thai Nguyen,2019,annual,4279.0,Thous. dongs,not_specified,E1428,https://www.nso.gov.vn/en/px-web?pxid=E1428&theme=Health%2C%20Culture%2C%20Sport%20and%20Living%20standard,source_reported_unharmonized
e1428_c9b3c38247,health_culture_environment,Monthly average income per capita at current prices by income source and by province,Total,VN_SRC_THAINGUYEN,Thai Nguyen,2020,annual,3805.66,Thous. dongs,not_specified,E1428,https://www.nso.gov.vn/en/px-web?pxid=E1428&theme=Health%2C%20Culture%2C%20Sport%20and%20Living%20standard,source_reported_unharmonized
e1428_c9b3c38247,health_culture_environment,Monthly average income per capita at current prices by income source and by province,Total,VN_SRC_THAINGUYEN,Thai Nguyen,2021,annual,3813.65,Thous. dongs,not_specified,E1428,https://www.nso.gov.vn/en/px-web?pxid=E1428&theme=Health%2C%20Culture%2C%20Sport%20and%20Living%20standard,source_reported_unharmonized
e1428_c9b3c38247,health_culture_environment,Monthly average income per capita at current prices by income source and by province,Total,VN_SRC_THAINGUYEN,Thai Nguyen,2022,annual,4586.69,Thous. dongs,not_specified,E1428,https://www.nso.gov.vn/en/px-web?pxid=E1428&theme=Health%2C%20Culture%2C%20Sport%20and%20Living%20standard,source_reported_unharmonized
e1428_c9b3c38247,health_culture_environment,Monthly average income per capita at current prices by income source and by province,Total,VN_SRC_THAINGUYEN,Thai Nguyen,2023,annual,4908.36,Thous. dongs,not_specified,E1428,https://www.nso.gov.vn/en/px-web?pxid=E1428&theme=Health%2C%20Culture%2C%20Sport%20and%20Living%20standard,source_reported_unharmonized
e1428_c9b3c38247,health_culture_environment,Monthly average income per capita at current prices by income source and by province,Total,VN_SRC_THAINGUYEN,Thai Nguyen,2024,annual,5325.21,Thous. dongs,not_specified,E1428,https://www.nso.gov.vn/en/px-web?pxid=E1428&theme=Health%2C%20Culture%2C%20Sport%20and%20Living%20standard,source_reported_unharmonized
e1428_c9b3c38247,health_culture_environment,Monthly average income per capita at current prices by income source and by province,Total,VN_SRC_THAINGUYEN,Thai Nguyen,2025,annual,5338.8,Thous. dongs,not_specified,E1428,https://www.nso.gov.vn/en/px-web?pxid=E1428&theme=Health%2C%20Culture%2C%20Sport%20and%20Living%20standard,source_reported_unharmonized
e1428_c9b3c38247,health_culture_environment,Monthly average income per capita at current prices by income source and by province,Total,VN_SRC_LANGSON,Lang Son,2010,annual,929.0,Thous. dongs,not_specified,E1428,https://www.nso.gov.vn/en/px-web?pxid=E1428&theme=Health%2C%20Culture%2C%20Sport%20and%20Living%20standard,source_reported_unharmonized
e1428_c9b3c38247,health_culture_environment,Monthly average income per capita at current prices by income source and by province,Total,VN_SRC_LANGSON,Lang Son,2012,annual,1212.0,Thous. dongs,not_specified,E1428,https://www.nso.gov.vn/en/px-web?pxid=E1428&theme=Health%2C%20Culture%2C%20Sport%20and%20Living%20standard,source_reported_unharmonized
e1428_c9b3c38247,health_culture_environment,Monthly average income per capita at current prices by income source and by province,Total,VN_SRC_LANGSON,Lang Son,2014,annual,1437.0,Thous. dongs,not_specified,E1428,https://www.nso.gov.vn/en/px-web?pxid=E1428&theme=Health%2C%20Culture%2C%20Sport%20and%20Living%20standard,source_reported_unharmonized
e1428_c9b3c38247,health_culture_environment,Monthly average income per capita at current prices by income source and by province,Total,VN_SRC_LANGSON,Lang Son,2016,annual,1684.0,Thous. dongs,not_specified,E1428,https://www.nso.gov.vn/en/px-web?pxid=E1428&theme=Health%2C%20Culture%2C%20Sport%20and%20Living%20standard,source_reported_unharmonized
e1428_c9b3c38247,health_culture_environment,Monthly average income per capita at current prices by income source and by province,Total,VN_SRC_LANGSON,Lang Son,2018,annual,2047.0,Thous. dongs,not_specified,E1428,https://www.nso.gov.vn/en/px-web?pxid=E1428&theme=Health%2C%20Culture%2C%20Sport%20and%20Living%20standard,source_reported_unharmonized
e1428_c9b3c38247,health_culture_environment,Monthly average income per capita at current prices by income source and by province,Total,VN_SRC_LANGSON,Lang Son,2019,annual,2250.0,Thous. dongs,not_specified,E1428,https://www.nso.gov.vn/en/px-web?pxid=E1428&theme=Health%2C%20Culture%2C%20Sport%20and%20Living%20standard,source_reported_unharmonized
e1428_c9b3c38247,health_culture_environment,Monthly average income per capita at current prices by income source and by province,Total,VN_SRC_LANGSON,Lang Son,2020,annual,2296.51,Thous. dongs,not_specified,E1428,https://www.nso.gov.vn/en/px-web?pxid=E1428&theme=Health%2C%20Culture%2C%20Sport%20and%20Living%20standard,source_reported_unharmonized
e1428_c9b3c38247,health_culture_environment,Monthly average income per capita at current prices by income source and by province,Total,VN_SRC_LANGSON,Lang Son,2021,annual,2471.22,Thous. dongs,not_specified,E1428,https://www.nso.gov.vn/en/px-web?pxid=E1428&theme=Health%2C%20Culture%2C%20Sport%20and%20Living%20standard,source_reported_unharmonized
e1428_c9b3c38247,health_culture_environment,Monthly average income per capita at current prices by income source and by province,Total,VN_SRC_LANGSON,Lang Son,2022,annual,2700.81,Thous. dongs,not_specified,E1428,https://www.nso.gov.vn/en/px-web?pxid=E1428&theme=Health%2C%20Culture%2C%20Sport%20and%20Living%20standard,source_reported_unharmonized
e1428_c9b3c38247,health_culture_environment,Monthly average income per capita at current prices by income source and by province,Total,VN_SRC_LANGSON,Lang Son,2023,annual,2884.33,Thous. dongs,not_specified,E1428,https://www.nso.gov.vn/en/px-web?pxid=E1428&theme=Health%2C%20Culture%2C%20Sport%20and%20Living%20standard,source_reported_unharmonized
e1428_c9b3c38247,health_culture_environment,Monthly average income per capita at current prices by income source and by province,Total,VN_SRC_LANGSON,Lang Son,2024,annual,3200.7,Thous. dongs,not_specified,E1428,https://www.nso.gov.vn/en/px-web?pxid=E1428&theme=Health%2C%20Culture%2C%20Sport%20and%20Living%20standard,source_reported_unharmonized
e1428_c9b3c38247,health_culture_environment,Monthly average income per capita at current prices by income source and by province,Total,VN_SRC_LANGSON,Lang Son,2025,annual,3581.16,Thous. dongs,not_specified,E1428,https://www.nso.gov.vn/en/px-web?pxid=E1428&theme=Health%2C%20Culture%2C%20Sport%20and%20Living%20standard,source_reported_unharmonized
e1428_c9b3c38247,health_culture_environment,Monthly average income per capita at current prices by income source and by province,Total,VN_SRC_BACGIANG,Bac Giang,2010,annual,1103.0,Thous. dongs,not_specified,E1428,https://www.nso.gov.vn/en/px-web?pxid=E1428&theme=Health%2C%20Culture%2C%20Sport%20and%20Living%20standard,source_reported_unharmonized
e1428_c9b3c38247,health_culture_environment,Monthly average income per capita at current prices by income source and by province,Total,VN_SRC_BACGIANG,Bac Giang,2012,annual,1568.0,Thous. dongs,not_specified,E1428,https://www.nso.gov.vn/en/px-web?pxid=E1428&theme=Health%2C%20Culture%2C%20Sport%20and%20Living%20standard,source_reported_unharmonized
e1428_c9b3c38247,health_culture_environment,Monthly average income per capita at current prices by income source and by province,Total,VN_SRC_BACGIANG,Bac Giang,2014,annual,2174.0,Thous. dongs,not_specified,E1428,https://www.nso.gov.vn/en/px-web?pxid=E1428&theme=Health%2C%20Culture%2C%20Sport%20and%20Living%20standard,source_reported_unharmonized
e1428_c9b3c38247,health_culture_environment,Monthly average income per capita at current prices by income source and by province,Total,VN_SRC_BACGIANG,Bac Giang,2016,annual,2778.0,Thous. dongs,not_specified,E1428,https://www.nso.gov.vn/en/px-web?pxid=E1428&theme=Health%2C%20Culture%2C%20Sport%20and%20Living%20standard,source_reported_unharmonized
e1428_c9b3c38247,health_culture_environment,Monthly average income per capita at current prices by income source and by province,Total,VN_SRC_BACGIANG,Bac Giang,2018,annual,3450.0,Thous. dongs,not_specified,E1428,https://www.nso.gov.vn/en/px-web?pxid=E1428&theme=Health%2C%20Culture%2C%20Sport%20and%20Living%20standard,source_reported_unharmonized
e1428_c9b3c38247,health_culture_environment,Monthly average income per capita at current prices by income source and by province,Total,VN_SRC_BACGIANG,Bac Giang,2019,annual,3773.0,Thous. dongs,not_specified,E1428,https://www.nso.gov.vn/en/px-web?pxid=E1428&theme=Health%2C%20Culture%2C%20Sport%20and%20Living%20standard,source_reported_unharmonized
e1428_c9b3c38247,health_culture_environment,Monthly average income per capita at current prices by income source and by province,Total,VN_SRC_BACGIANG,Bac Giang,2020,annual,3929.68,Thous. dongs,not_specified,E1428,https://www.nso.gov.vn/en/px-web?pxid=E1428&theme=Health%2C%20Culture%2C%20Sport%20and%20Living%20standard,source_reported_unharmonized
e1428_c9b3c38247,health_culture_environment,Monthly average income per capita at current prices by income source and by province,Total,VN_SRC_BACGIANG,Bac Giang,2021,annual,3965.74,Thous. dongs,not_specified,E1428,https://www.nso.gov.vn/en/px-web?pxid=E1428&theme=Health%2C%20Culture%2C%20Sport%20and%20Living%20standard,source_reported_unharmonized
e1428_c9b3c38247,health_culture_environment,Monthly average income per capita at current prices by income source and by province,Total,VN_SRC_BACGIANG,Bac Giang,2022,annual,4297.21,Thous. dongs,not_specified,E1428,https://www.nso.gov.vn/en/px-web?pxid=E1428&theme=Health%2C%20Culture%2C%20Sport%20and%20Living%20standard,source_reported_unharmonized
e1428_c9b3c38247,health_culture_environment,Monthly average income per capita at current prices by income source and by province,Total,VN_SRC_BACGIANG,Bac Giang,2023,annual,4636.38,Thous. dongs,not_specified,E1428,https://www.nso.gov.vn/en/px-web?pxid=E1428&theme=Health%2C%20Culture%2C%20Sport%20and%20Living%20standard,source_reported_unharmonized
e1428_c9b3c38247,health_culture_environment,Monthly average income per capita at current prices by income source and by province,Total,VN_SRC_BACGIANG,Bac Giang,2024,annual,5124.09,Thous. dongs,not_specified,E1428,https://www.nso.gov.vn/en/px-web?pxid=E1428&theme=Health%2C%20Culture%2C%20Sport%20and%20Living%20standard,source_reported_unharmonized
e1428_c9b3c38247,health_culture_environment,Monthly average income per capita at current prices by income source and by province,Total,VN_SRC_BACGIANG,Bac Giang,2025,annual,5558.48,Thous. dongs,not_specified,E1428,https://www.nso.gov.vn/en/px-web?pxid=E1428&theme=Health%2C%20Culture%2C%20Sport%20and%20Living%20standard,source_reported_unharmonized
e1428_c9b3c38247,health_culture_environment,Monthly average income per capita at current prices by income source and by province,Total,VN_SRC_PHUTHO,Phu Tho,2010,annual,1126.0,Thous. dongs,not_specified,E1428,https://www.nso.gov.vn/en/px-web?pxid=E1428&theme=Health%2C%20Culture%2C%20Sport%20and%20Living%20standard,source_reported_unharmonized
e1428_c9b3c38247,health_culture_environment,Monthly average income per capita at current prices by income source and by province,Total,VN_SRC_PHUTHO,Phu Tho,2012,annual,1579.0,Thous. dongs,not_specified,E1428,https://www.nso.gov.vn/en/px-web?pxid=E1428&theme=Health%2C%20Culture%2C%20Sport%20and%20Living%20standard,source_reported_unharmonized
e1428_c9b3c38247,health_culture_environment,Monthly average income per capita at current prices by income source and by province,Total,VN_SRC_PHUTHO,Phu Tho,2014,annual,1954.0,Thous. dongs,not_specified,E1428,https://www.nso.gov.vn/en/px-web?pxid=E1428&theme=Health%2C%20Culture%2C%20Sport%20and%20Living%20standard,source_reported_unharmonized
e1428_c9b3c38247,health_culture_environment,Monthly average income per capita at current prices by income source and by province,Total,VN_SRC_PHUTHO,Phu Tho,2016,annual,2375.0,Thous. dongs,not_specified,E1428,https://www.nso.gov.vn/en/px-web?pxid=E1428&theme=Health%2C%20Culture%2C%20Sport%20and%20Living%20standard,source_reported_unharmonized
e1428_c9b3c38247,health_culture_environment,Monthly average income per capita at current prices by income source and by province,Total,VN_SRC_PHUTHO,Phu Tho,2018,annual,2892.0,Thous. dongs,not_specified,E1428,https://www.nso.gov.vn/en/px-web?pxid=E1428&theme=Health%2C%20Culture%2C%20Sport%20and%20Living%20standard,source_reported_unharmonized
e1428_c9b3c38247,health_culture_environment,Monthly average income per capita at current prices by income source and by province,Total,VN_SRC_PHUTHO,Phu Tho,2019,annual,3182.0,Thous. dongs,not_specified,E1428,https://www.nso.gov.vn/en/px-web?pxid=E1428&theme=Health%2C%20Culture%2C%20Sport%20and%20Living%20standard,source_reported_unharmonized
e1428_c9b3c38247,health_culture_environment,Monthly average income per capita at current prices by income source and by province,Total,VN_SRC_PHUTHO,Phu Tho,2020,annual,3331.09,Thous. dongs,not_specified,E1428,https://www.nso.gov.vn/en/px-web?pxid=E1428&theme=Health%2C%20Culture%2C%20Sport%20and%20Living%20standard,source_reported_unharmonized
e1428_c9b3c38247,health_culture_environment,Monthly average income per capita at current prices by income source and by province,Total,VN_SRC_PHUTHO,Phu Tho,2021,annual,3588.57,Thous. dongs,not_specified,E1428,https://www.nso.gov.vn/en/px-web?pxid=E1428&theme=Health%2C%20Culture%2C%20Sport%20and%20Living%20standard,source_reported_unharmonized
e1428_c9b3c38247,health_culture_environment,Monthly average income per capita at current prices by income source and by province,Total,VN_SRC_PHUTHO,Phu Tho,2022,annual,3911.0,Thous. dongs,not_specified,E1428,https://www.nso.gov.vn/en/px-web?pxid=E1428&theme=Health%2C%20Culture%2C%20Sport%20and%20Living%20standard,source_reported_unharmonized
e1428_c9b3c38247,health_culture_environment,Monthly average income per capita at current prices by income source and by province,Total,VN_SRC_PHUTHO,Phu Tho,2023,annual,4330.2,Thous. dongs,not_specified,E1428,https://www.nso.gov.vn/en/px-web?pxid=E1428&theme=Health%2C%20Culture%2C%20Sport%20and%20Living%20standard,source_reported_unharmonized
e1428_c9b3c38247,health_culture_environment,Monthly average income per capita at current prices by income source and by province,Total,VN_SRC_PHUTHO,Phu Tho,2024,annual,4715.31,Thous. dongs,not_specified,E1428,https://www.nso.gov.vn/en/px-web?pxid=E1428&theme=Health%2C%20Culture%2C%20Sport%20and%20Living%20standard,source_reported_unharmonized
e1428_c9b3c38247,health_culture_environment,Monthly average income per capita at current prices by income source and by province,Total,VN_SRC_PHUTHO,Phu Tho,2025,annual,5241.18,Thous. dongs,not_specified,E1428,https://www.nso.gov.vn/en/px-web?pxid=E1428&theme=Health%2C%20Culture%2C%20Sport%20and%20Living%20standard,source_reported_unharmonized
e1428_c9b3c38247,health_culture_environment,Monthly average income per capita at current prices by income source and by province,Total,VN_SRC_DIENBIEN,Dien Bien,2010,annual,611.0,Thous. dongs,not_specified,E1428,https://www.nso.gov.vn/en/px-web?pxid=E1428&theme=Health%2C%20Culture%2C%20Sport%20and%20Living%20standard,source_reported_unharmonized
e1428_c9b3c38247,health_culture_environment,Monthly average income per capita at current prices by income source and by province,Total,VN_SRC_DIENBIEN,Dien Bien,2012,annual,819.0,Thous. dongs,not_specified,E1428,https://www.nso.gov.vn/en/px-web?pxid=E1428&theme=Health%2C%20Culture%2C%20Sport%20and%20Living%20standard,source_reported_unharmonized
e1428_c9b3c38247,health_culture_environment,Monthly average income per capita at current prices by income source and by province,Total,VN_SRC_DIENBIEN,Dien Bien,2014,annual,1200.0,Thous. dongs,not_specified,E1428,https://www.nso.gov.vn/en/px-web?pxid=E1428&theme=Health%2C%20Culture%2C%20Sport%20and%20Living%20standard,source_reported_unharmonized
e1428_c9b3c38247,health_culture_environment,Monthly average income per capita at current prices by income source and by province,Total,VN_SRC_DIENBIEN,Dien Bien,2016,annual,1221.0,Thous. dongs,not_specified,E1428,https://www.nso.gov.vn/en/px-web?pxid=E1428&theme=Health%2C%20Culture%2C%20Sport%20and%20Living%20standard,source_reported_unharmonized
e1428_c9b3c38247,health_culture_environment,Monthly average income per capita at current prices by income source and by province,Total,VN_SRC_DIENBIEN,Dien Bien,2018,annual,1477.0,Thous. dongs,not_specified,E1428,https://www.nso.gov.vn/en/px-web?pxid=E1428&theme=Health%2C%20Culture%2C%20Sport%20and%20Living%20standard,source_reported_unharmonized
e1428_c9b3c38247,health_culture_environment,Monthly average income per capita at current prices by income source and by province,Total,VN_SRC_DIENBIEN,Dien Bien,2019,annual,1583.0,Thous. dongs,not_specified,E1428,https://www.nso.gov.vn/en/px-web?pxid=E1428&theme=Health%2C%20Culture%2C%20Sport%20and%20Living%20standard,source_reported_unharmonized
e1428_c9b3c38247,health_culture_environment,Monthly average income per capita at current prices by income source and by province,Total,VN_SRC_DIENBIEN,Dien Bien,2020,annual,1737.12,Thous. dongs,not_specified,E1428,https://www.nso.gov.vn/en/px-web?pxid=E1428&theme=Health%2C%20Culture%2C%20Sport%20and%20Living%20standard,source_reported_unharmonized
e1428_c9b3c38247,health_culture_environment,Monthly average income per capita at current prices by income source and by province,Total,VN_SRC_DIENBIEN,Dien Bien,2021,annual,1820.69,Thous. dongs,not_specified,E1428,https://www.nso.gov.vn/en/px-web?pxid=E1428&theme=Health%2C%20Culture%2C%20Sport%20and%20Living%20standard,source_reported_unharmonized
e1428_c9b3c38247,health_culture_environment,Monthly average income per capita at current prices by income source and by province,Total,VN_SRC_DIENBIEN,Dien Bien,2022,annual,2080.05,Thous. dongs,not_specified,E1428,https://www.nso.gov.vn/en/px-web?pxid=E1428&theme=Health%2C%20Culture%2C%20Sport%20and%20Living%20standard,source_reported_unharmonized
e1428_c9b3c38247,health_culture_environment,Monthly average income per capita at current prices by income source and by province,Total,VN_SRC_DIENBIEN,Dien Bien,2023,annual,2182.39,Thous. dongs,not_specified,E1428,https://www.nso.gov.vn/en/px-web?pxid=E1428&theme=Health%2C%20Culture%2C%20Sport%20and%20Living%20standard,source_reported_unharmonized
e1428_c9b3c38247,health_culture_environment,Monthly average income per capita at current prices by income source and by province,Total,VN_SRC_DIENBIEN,Dien Bien,2024,annual,2380.9,Thous. dongs,not_specified,E1428,https://www.nso.gov.vn/en/px-web?pxid=E1428&theme=Health%2C%20Culture%2C%20Sport%20and%20Living%20standard,source_reported_unharmonized
e1428_c9b3c38247,health_culture_environment,Monthly average income per capita at current prices by income source and by province,Total,VN_SRC_DIENBIEN,Dien Bien,2025,annual,2583.05,Thous. dongs,not_specified,E1428,https://www.nso.gov.vn/en/px-web?pxid=E1428&theme=Health%2C%20Culture%2C%20Sport%20and%20Living%20standard,source_reported_unharmonized
e1428_c9b3c38247,health_culture_environment,Monthly average income per capita at current prices by income source and by province,Total,VN_SRC_LAICHAU,Lai Chau,2010,annual,567.0,Thous. dongs,not_specified,E1428,https://www.nso.gov.vn/en/px-web?pxid=E1428&theme=Health%2C%20Culture%2C%20Sport%20and%20Living%20standard,source_reported_unharmonized
e1428_c9b3c38247,health_culture_environment,Monthly average income per capita at current prices by income source and by province,Total,VN_SRC_LAICHAU,Lai Chau,2012,annual,758.0,Thous. dongs,not_specified,E1428,https://www.nso.gov.vn/en/px-web?pxid=E1428&theme=Health%2C%20Culture%2C%20Sport%20and%20Living%20standard,source_reported_unharmonized
e1428_c9b3c38247,health_culture_environment,Monthly average income per capita at current prices by income source and by province,Total,VN_SRC_LAICHAU,Lai Chau,2014,annual,987.0,Thous. dongs,not_specified,E1428,https://www.nso.gov.vn/en/px-web?pxid=E1428&theme=Health%2C%20Culture%2C%20Sport%20and%20Living%20standard,source_reported_unharmonized
e1428_c9b3c38247,health_culture_environment,Monthly average income per capita at current prices by income source and by province,Total,VN_SRC_LAICHAU,Lai Chau,2016,annual,1312.0,Thous. dongs,not_specified,E1428,https://www.nso.gov.vn/en/px-web?pxid=E1428&theme=Health%2C%20Culture%2C%20Sport%20and%20Living%20standard,source_reported_unharmonized
e1428_c9b3c38247,health_culture_environment,Monthly average income per capita at current prices by income source and by province,Total,VN_SRC_LAICHAU,Lai Chau,2018,annual,1493.0,Thous. dongs,not_specified,E1428,https://www.nso.gov.vn/en/px-web?pxid=E1428&theme=Health%2C%20Culture%2C%20Sport%20and%20Living%20standard,source_reported_unharmonized
e1428_c9b3c38247,health_culture_environment,Monthly average income per capita at current prices by income source and by province,Total,VN_SRC_LAICHAU,Lai Chau,2019,annual,1594.0,Thous. dongs,not_specified,E1428,https://www.nso.gov.vn/en/px-web?pxid=E1428&theme=Health%2C%20Culture%2C%20Sport%20and%20Living%20standard,source_reported_unharmonized
e1428_c9b3c38247,health_culture_environment,Monthly average income per capita at current prices by income source and by province,Total,VN_SRC_LAICHAU,Lai Chau,2020,annual,1904.81,Thous. dongs,not_specified,E1428,https://www.nso.gov.vn/en/px-web?pxid=E1428&theme=Health%2C%20Culture%2C%20Sport%20and%20Living%20standard,source_reported_unharmonized
e1428_c9b3c38247,health_culture_environment,Monthly average income per capita at current prices by income source and by province,Total,VN_SRC_LAICHAU,Lai Chau,2021,annual,2049.6,Thous. dongs,not_specified,E1428,https://www.nso.gov.vn/en/px-web?pxid=E1428&theme=Health%2C%20Culture%2C%20Sport%20and%20Living%20standard,source_reported_unharmonized
e1428_c9b3c38247,health_culture_environment,Monthly average income per capita at current prices by income source and by province,Total,VN_SRC_LAICHAU,Lai Chau,2022,annual,2211.74,Thous. dongs,not_specified,E1428,https://www.nso.gov.vn/en/px-web?pxid=E1428&theme=Health%2C%20Culture%2C%20Sport%20and%20Living%20standard,source_reported_unharmonized
e1428_c9b3c38247,health_culture_environment,Monthly average income per capita at current prices by income source and by province,Total,VN_SRC_LAICHAU,Lai Chau,2023,annual,2323.8,Thous. dongs,not_specified,E1428,https://www.nso.gov.vn/en/px-web?pxid=E1428&theme=Health%2C%20Culture%2C%20Sport%20and%20Living%20standard,source_reported_unharmonized
e1428_c9b3c38247,health_culture_environment,Monthly average income per capita at current prices by income source and by province,Total,VN_SRC_LAICHAU,Lai Chau,2024,annual,2500.11,Thous. dongs,not_specified,E1428,https://www.nso.gov.vn/en/px-web?pxid=E1428&theme=Health%2C%20Culture%2C%20Sport%20and%20Living%20standard,source_reported_unharmonized
e1428_c9b3c38247,health_culture_environment,Monthly average income per capita at current prices by income source and by province,Total,VN_SRC_LAICHAU,Lai Chau,2025,annual,2920.47,Thous. dongs,not_specified,E1428,https://www.nso.gov.vn/en/px-web?pxid=E1428&theme=Health%2C%20Culture%2C%20Sport%20and%20Living%20standard,source_reported_unharmonized
e1428_c9b3c38247,health_culture_environment,Monthly average income per capita at current prices by income source and by province,Total,VN_SRC_SONLA,Son La,2010,annual,802.0,Thous. dongs,not_specified,E1428,https://www.nso.gov.vn/en/px-web?pxid=E1428&theme=Health%2C%20Culture%2C%20Sport%20and%20Living%20standard,source_reported_unharmonized
e1428_c9b3c38247,health_culture_environment,Monthly average income per capita at current prices by income source and by province,Total,VN_SRC_SONLA,Son La,2012,annual,1020.0,Thous. dongs,not_specified,E1428,https://www.nso.gov.vn/en/px-web?pxid=E1428&theme=Health%2C%20Culture%2C%20Sport%20and%20Living%20standard,source_reported_unharmonized
e1428_c9b3c38247,health_culture_environment,Monthly average income per capita at current prices by income source and by province,Total,VN_SRC_SONLA,Son La,2014,annual,1178.0,Thous. dongs,not_specified,E1428,https://www.nso.gov.vn/en/px-web?pxid=E1428&theme=Health%2C%20Culture%2C%20Sport%20and%20Living%20standard,source_reported_unharmonized
e1428_c9b3c38247,health_culture_environment,Monthly average income per capita at current prices by income source and by province,Total,VN_SRC_SONLA,Son La,2016,annual,1288.0,Thous. dongs,not_specified,E1428,https://www.nso.gov.vn/en/px-web?pxid=E1428&theme=Health%2C%20Culture%2C%20Sport%20and%20Living%20standard,source_reported_unharmonized
e1428_c9b3c38247,health_culture_environment,Monthly average income per capita at current prices by income source and by province,Total,VN_SRC_SONLA,Son La,2018,annual,1483.0,Thous. dongs,not_specified,E1428,https://www.nso.gov.vn/en/px-web?pxid=E1428&theme=Health%2C%20Culture%2C%20Sport%20and%20Living%20standard,source_reported_unharmonized
e1428_c9b3c38247,health_culture_environment,Monthly average income per capita at current prices by income source and by province,Total,VN_SRC_SONLA,Son La,2019,annual,1605.0,Thous. dongs,not_specified,E1428,https://www.nso.gov.vn/en/px-web?pxid=E1428&theme=Health%2C%20Culture%2C%20Sport%20and%20Living%20standard,source_reported_unharmonized
e1428_c9b3c38247,health_culture_environment,Monthly average income per capita at current prices by income source and by province,Total,VN_SRC_SONLA,Son La,2020,annual,1745.01,Thous. dongs,not_specified,E1428,https://www.nso.gov.vn/en/px-web?pxid=E1428&theme=Health%2C%20Culture%2C%20Sport%20and%20Living%20standard,source_reported_unharmonized
e1428_c9b3c38247,health_culture_environment,Monthly average income per capita at current prices by income source and by province,Total,VN_SRC_SONLA,Son La,2021,annual,1834.29,Thous. dongs,not_specified,E1428,https://www.nso.gov.vn/en/px-web?pxid=E1428&theme=Health%2C%20Culture%2C%20Sport%20and%20Living%20standard,source_reported_unharmonized
e1428_c9b3c38247,health_culture_environment,Monthly average income per capita at current prices by income source and by province,Total,VN_SRC_SONLA,Son La,2022,annual,2141.45,Thous. dongs,not_specified,E1428,https://www.nso.gov.vn/en/px-web?pxid=E1428&theme=Health%2C%20Culture%2C%20Sport%20and%20Living%20standard,source_reported_unharmonized
e1428_c9b3c38247,health_culture_environment,Monthly average income per capita at current prices by income source and by province,Total,VN_SRC_SONLA,Son La,2023,annual,2392.07,Thous. dongs,not_specified,E1428,https://www.nso.gov.vn/en/px-web?pxid=E1428&theme=Health%2C%20Culture%2C%20Sport%20and%20Living%20standard,source_reported_unharmonized
e1428_c9b3c38247,health_culture_environment,Monthly average income per capita at current prices by income source and by province,Total,VN_SRC_SONLA,Son La,2024,annual,2600.0,Thous. dongs,not_specified,E1428,https://www.nso.gov.vn/en/px-web?pxid=E1428&theme=Health%2C%20Culture%2C%20Sport%20and%20Living%20standard,source_reported_unharmonized
e1428_c9b3c38247,health_culture_environment,Monthly average income per capita at current prices by income source and by province,Total,VN_SRC_SONLA,Son La,2025,annual,3052.08,Thous. dongs,not_specified,E1428,https://www.nso.gov.vn/en/px-web?pxid=E1428&theme=Health%2C%20Culture%2C%20Sport%20and%20Living%20standard,source_reported_unharmonized
e1428_c9b3c38247,health_culture_environment,Monthly average income per capita at current prices by income source and by province,Total,VN_SRC_HOABINH,Hoa Binh,2010,annual,829.0,Thous. dongs,not_specified,E1428,https://www.nso.gov.vn/en/px-web?pxid=E1428&theme=Health%2C%20Culture%2C%20Sport%20and%20Living%20standard,source_reported_unharmonized
e1428_c9b3c38247,health_culture_environment,Monthly average income per capita at current prices by income source and by province,Total,VN_SRC_HOABINH,Hoa Binh,2012,annual,1219.0,Thous. dongs,not_specified,E1428,https://www.nso.gov.vn/en/px-web?pxid=E1428&theme=Health%2C%20Culture%2C%20Sport%20and%20Living%20standard,source_reported_unharmonized
e1428_c9b3c38247,health_culture_environment,Monthly average income per capita at current prices by income source and by province,Total,VN_SRC_HOABINH,Hoa Binh,2014,annual,1598.0,Thous. dongs,not_specified,E1428,https://www.nso.gov.vn/en/px-web?pxid=E1428&theme=Health%2C%20Culture%2C%20Sport%20and%20Living%20standard,source_reported_unharmonized
e1428_c9b3c38247,health_culture_environment,Monthly average income per capita at current prices by income source and by province,Total,VN_SRC_HOABINH,Hoa Binh,2016,annual,1925.0,Thous. dongs,not_specified,E1428,https://www.nso.gov.vn/en/px-web?pxid=E1428&theme=Health%2C%20Culture%2C%20Sport%20and%20Living%20standard,source_reported_unharmonized
e1428_c9b3c38247,health_culture_environment,Monthly average income per capita at current prices by income source and by province,Total,VN_SRC_HOABINH,Hoa Binh,2018,annual,2295.0,Thous. dongs,not_specified,E1428,https://www.nso.gov.vn/en/px-web?pxid=E1428&theme=Health%2C%20Culture%2C%20Sport%20and%20Living%20standard,source_reported_unharmonized
e1428_c9b3c38247,health_culture_environment,Monthly average income per capita at current prices by income source and by province,Total,VN_SRC_HOABINH,Hoa Binh,2019,annual,2494.0,Thous. dongs,not_specified,E1428,https://www.nso.gov.vn/en/px-web?pxid=E1428&theme=Health%2C%20Culture%2C%20Sport%20and%20Living%20standard,source_reported_unharmonized
e1428_c9b3c38247,health_culture_environment,Monthly average income per capita at current prices by income source and by province,Total,VN_SRC_HOABINH,Hoa Binh,2020,annual,2707.25,Thous. dongs,not_specified,E1428,https://www.nso.gov.vn/en/px-web?pxid=E1428&theme=Health%2C%20Culture%2C%20Sport%20and%20Living%20standard,source_reported_unharmonized
e1428_c9b3c38247,health_culture_environment,Monthly average income per capita at current prices by income source and by province,Total,VN_SRC_HOABINH,Hoa Binh,2021,annual,2644.33,Thous. dongs,not_specified,E1428,https://www.nso.gov.vn/en/px-web?pxid=E1428&theme=Health%2C%20Culture%2C%20Sport%20and%20Living%20standard,source_reported_unharmonized
e1428_c9b3c38247,health_culture_environment,Monthly average income per capita at current prices by income source and by province,Total,VN_SRC_HOABINH,Hoa Binh,2022,annual,3142.68,Thous. dongs,not_specified,E1428,https://www.nso.gov.vn/en/px-web?pxid=E1428&theme=Health%2C%20Culture%2C%20Sport%20and%20Living%20standard,source_reported_unharmonized
e1428_c9b3c38247,health_culture_environment,Monthly average income per capita at current prices by income source and by province,Total,VN_SRC_HOABINH,Hoa Binh,2023,annual,3300.08,Thous. dongs,not_specified,E1428,https://www.nso.gov.vn/en/px-web?pxid=E1428&theme=Health%2C%20Culture%2C%20Sport%20and%20Living%20standard,source_reported_unharmonized
e1428_c9b3c38247,health_culture_environment,Monthly average income per capita at current prices by income source and by province,Total,VN_SRC_HOABINH,Hoa Binh,2024,annual,3600.97,Thous. dongs,not_specified,E1428,https://www.nso.gov.vn/en/px-web?pxid=E1428&theme=Health%2C%20Culture%2C%20Sport%20and%20Living%20standard,source_reported_unharmonized
e1428_c9b3c38247,health_culture_environment,Monthly average income per capita at current prices by income source and by province,Total,VN_SRC_HOABINH,Hoa Binh,2025,annual,4760.39,Thous. dongs,not_specified,E1428,https://www.nso.gov.vn/en/px-web?pxid=E1428&theme=Health%2C%20Culture%2C%20Sport%20and%20Living%20standard,source_reported_unharmonized
e1428_c9b3c38247,health_culture_environment,Monthly average income per capita at current prices by income source and by province,Total,VN_SRC_THANHHOA,Thanh Hoa,2010,annual,840.0,Thous. dongs,not_specified,E1428,https://www.nso.gov.vn/en/px-web?pxid=E1428&theme=Health%2C%20Culture%2C%20Sport%20and%20Living%20standard,source_reported_unharmonized
e1428_c9b3c38247,health_culture_environment,Monthly average income per capita at current prices by income source and by province,Total,VN_SRC_THANHHOA,Thanh Hoa,2012,annual,1207.0,Thous. dongs,not_specified,E1428,https://www.nso.gov.vn/en/px-web?pxid=E1428&theme=Health%2C%20Culture%2C%20Sport%20and%20Living%20standard,source_reported_unharmonized
e1428_c9b3c38247,health_culture_environment,Monthly average income per capita at current prices by income source and by province,Total,VN_SRC_THANHHOA,Thanh Hoa,2014,annual,1635.0,Thous. dongs,not_specified,E1428,https://www.nso.gov.vn/en/px-web?pxid=E1428&theme=Health%2C%20Culture%2C%20Sport%20and%20Living%20standard,source_reported_unharmonized
e1428_c9b3c38247,health_culture_environment,Monthly average income per capita at current prices by income source and by province,Total,VN_SRC_THANHHOA,Thanh Hoa,2016,annual,2212.0,Thous. dongs,not_specified,E1428,https://www.nso.gov.vn/en/px-web?pxid=E1428&theme=Health%2C%20Culture%2C%20Sport%20and%20Living%20standard,source_reported_unharmonized
e1428_c9b3c38247,health_culture_environment,Monthly average income per capita at current prices by income source and by province,Total,VN_SRC_THANHHOA,Thanh Hoa,2018,annual,3015.0,Thous. dongs,not_specified,E1428,https://www.nso.gov.vn/en/px-web?pxid=E1428&theme=Health%2C%20Culture%2C%20Sport%20and%20Living%20standard,source_reported_unharmonized
e1428_c9b3c38247,health_culture_environment,Monthly average income per capita at current prices by income source and by province,Total,VN_SRC_THANHHOA,Thanh Hoa,2019,annual,3277.0,Thous. dongs,not_specified,E1428,https://www.nso.gov.vn/en/px-web?pxid=E1428&theme=Health%2C%20Culture%2C%20Sport%20and%20Living%20standard,source_reported_unharmonized
e1428_c9b3c38247,health_culture_environment,Monthly average income per capita at current prices by income source and by province,Total,VN_SRC_THANHHOA,Thanh Hoa,2020,annual,3509.7,Thous. dongs,not_specified,E1428,https://www.nso.gov.vn/en/px-web?pxid=E1428&theme=Health%2C%20Culture%2C%20Sport%20and%20Living%20standard,source_reported_unharmonized
e1428_c9b3c38247,health_culture_environment,Monthly average income per capita at current prices by income source and by province,Total,VN_SRC_THANHHOA,Thanh Hoa,2021,annual,3651.56,Thous. dongs,not_specified,E1428,https://www.nso.gov.vn/en/px-web?pxid=E1428&theme=Health%2C%20Culture%2C%20Sport%20and%20Living%20standard,source_reported_unharmonized
e1428_c9b3c38247,health_culture_environment,Monthly average income per capita at current prices by income source and by province,Total,VN_SRC_THANHHOA,Thanh Hoa,2022,annual,4308.79,Thous. dongs,not_specified,E1428,https://www.nso.gov.vn/en/px-web?pxid=E1428&theme=Health%2C%20Culture%2C%20Sport%20and%20Living%20standard,source_reported_unharmonized
e1428_c9b3c38247,health_culture_environment,Monthly average income per capita at current prices by income source and by province,Total,VN_SRC_THANHHOA,Thanh Hoa,2023,annual,4653.1,Thous. dongs,not_specified,E1428,https://www.nso.gov.vn/en/px-web?pxid=E1428&theme=Health%2C%20Culture%2C%20Sport%20and%20Living%20standard,source_reported_unharmonized
e1428_c9b3c38247,health_culture_environment,Monthly average income per capita at current prices by income source and by province,Total,VN_SRC_THANHHOA,Thanh Hoa,2024,annual,5073.61,Thous. dongs,not_specified,E1428,https://www.nso.gov.vn/en/px-web?pxid=E1428&theme=Health%2C%20Culture%2C%20Sport%20and%20Living%20standard,source_reported_unharmonized
e1428_c9b3c38247,health_culture_environment,Monthly average income per capita at current prices by income source and by province,Total,VN_SRC_THANHHOA,Thanh Hoa,2025,annual,5429.53,Thous. dongs,not_specified,E1428,https://www.nso.gov.vn/en/px-web?pxid=E1428&theme=Health%2C%20Culture%2C%20Sport%20and%20Living%20standard,source_reported_unharmonized
e1428_c9b3c38247,health_culture_environment,Monthly average income per capita at current prices by income source and by province,Total,VN_SRC_NGHEAN,Nghe An,2010,annual,920.0,Thous. dongs,not_specified,E1428,https://www.nso.gov.vn/en/px-web?pxid=E1428&theme=Health%2C%20Culture%2C%20Sport%20and%20Living%20standard,source_reported_unharmonized
e1428_c9b3c38247,health_culture_environment,Monthly average income per capita at current prices by income source and by province,Total,VN_SRC_NGHEAN,Nghe An,2012,annual,1367.0,Thous. dongs,not_specified,E1428,https://www.nso.gov.vn/en/px-web?pxid=E1428&theme=Health%2C%20Culture%2C%20Sport%20and%20Living%20standard,source_reported_unharmonized
e1428_c9b3c38247,health_culture_environment,Monthly average income per capita at current prices by income source and by province,Total,VN_SRC_NGHEAN,Nghe An,2014,annual,1583.0,Thous. dongs,not_specified,E1428,https://www.nso.gov.vn/en/px-web?pxid=E1428&theme=Health%2C%20Culture%2C%20Sport%20and%20Living%20standard,source_reported_unharmonized
e1428_c9b3c38247,health_culture_environment,Monthly average income per capita at current prices by income source and by province,Total,VN_SRC_NGHEAN,Nghe An,2016,annual,1820.0,Thous. dongs,not_specified,E1428,https://www.nso.gov.vn/en/px-web?pxid=E1428&theme=Health%2C%20Culture%2C%20Sport%20and%20Living%20standard,source_reported_unharmonized
e1428_c9b3c38247,health_culture_environment,Monthly average income per capita at current prices by income source and by province,Total,VN_SRC_NGHEAN,Nghe An,2018,annual,2543.0,Thous. dongs,not_specified,E1428,https://www.nso.gov.vn/en/px-web?pxid=E1428&theme=Health%2C%20Culture%2C%20Sport%20and%20Living%20standard,source_reported_unharmonized
e1428_c9b3c38247,health_culture_environment,Monthly average income per capita at current prices by income source and by province,Total,VN_SRC_NGHEAN,Nghe An,2019,annual,2794.0,Thous. dongs,not_specified,E1428,https://www.nso.gov.vn/en/px-web?pxid=E1428&theme=Health%2C%20Culture%2C%20Sport%20and%20Living%20standard,source_reported_unharmonized
e1428_c9b3c38247,health_culture_environment,Monthly average income per capita at current prices by income source and by province,Total,VN_SRC_NGHEAN,Nghe An,2020,annual,3004.08,Thous. dongs,not_specified,E1428,https://www.nso.gov.vn/en/px-web?pxid=E1428&theme=Health%2C%20Culture%2C%20Sport%20and%20Living%20standard,source_reported_unharmonized
e1428_c9b3c38247,health_culture_environment,Monthly average income per capita at current prices by income source and by province,Total,VN_SRC_NGHEAN,Nghe An,2021,annual,3094.83,Thous. dongs,not_specified,E1428,https://www.nso.gov.vn/en/px-web?pxid=E1428&theme=Health%2C%20Culture%2C%20Sport%20and%20Living%20standard,source_reported_unharmonized
e1428_c9b3c38247,health_culture_environment,Monthly average income per capita at current prices by income source and by province,Total,VN_SRC_NGHEAN,Nghe An,2022,annual,3629.37,Thous. dongs,not_specified,E1428,https://www.nso.gov.vn/en/px-web?pxid=E1428&theme=Health%2C%20Culture%2C%20Sport%20and%20Living%20standard,source_reported_unharmonized
e1428_c9b3c38247,health_culture_environment,Monthly average income per capita at current prices by income source and by province,Total,VN_SRC_NGHEAN,Nghe An,2023,annual,4050.45,Thous. dongs,not_specified,E1428,https://www.nso.gov.vn/en/px-web?pxid=E1428&theme=Health%2C%20Culture%2C%20Sport%20and%20Living%20standard,source_reported_unharmonized
e1428_c9b3c38247,health_culture_environment,Monthly average income per capita at current prices by income source and by province,Total,VN_SRC_NGHEAN,Nghe An,2024,annual,4420.35,Thous. dongs,not_specified,E1428,https://www.nso.gov.vn/en/px-web?pxid=E1428&theme=Health%2C%20Culture%2C%20Sport%20and%20Living%20standard,source_reported_unharmonized
e1428_c9b3c38247,health_culture_environment,Monthly average income per capita at current prices by income source and by province,Total,VN_SRC_NGHEAN,Nghe An,2025,annual,4789.8,Thous. dongs,not_specified,E1428,https://www.nso.gov.vn/en/px-web?pxid=E1428&theme=Health%2C%20Culture%2C%20Sport%20and%20Living%20standard,source_reported_unharmonized
e1428_c9b3c38247,health_culture_environment,Monthly average income per capita at current prices by income source and by province,Total,VN_SRC_HATINH,Ha Tinh,2010,annual,840.0,Thous. dongs,not_specified,E1428,https://www.nso.gov.vn/en/px-web?pxid=E1428&theme=Health%2C%20Culture%2C%20Sport%20and%20Living%20standard,source_reported_unharmonized
e1428_c9b3c38247,health_culture_environment,Monthly average income per capita at current prices by income source and by province,Total,VN_SRC_HATINH,Ha Tinh,2012,annual,1299.0,Thous. dongs,not_specified,E1428,https://www.nso.gov.vn/en/px-web?pxid=E1428&theme=Health%2C%20Culture%2C%20Sport%20and%20Living%20standard,source_reported_unharmonized
e1428_c9b3c38247,health_culture_environment,Monthly average income per capita at current prices by income source and by province,Total,VN_SRC_HATINH,Ha Tinh,2014,annual,1810.0,Thous. dongs,not_specified,E1428,https://www.nso.gov.vn/en/px-web?pxid=E1428&theme=Health%2C%20Culture%2C%20Sport%20and%20Living%20standard,source_reported_unharmonized
e1428_c9b3c38247,health_culture_environment,Monthly average income per capita at current prices by income source and by province,Total,VN_SRC_HATINH,Ha Tinh,2016,annual,2078.0,Thous. dongs,not_specified,E1428,https://www.nso.gov.vn/en/px-web?pxid=E1428&theme=Health%2C%20Culture%2C%20Sport%20and%20Living%20standard,source_reported_unharmonized
e1428_c9b3c38247,health_culture_environment,Monthly average income per capita at current prices by income source and by province,Total,VN_SRC_HATINH,Ha Tinh,2018,annual,2844.0,Thous. dongs,not_specified,E1428,https://www.nso.gov.vn/en/px-web?pxid=E1428&theme=Health%2C%20Culture%2C%20Sport%20and%20Living%20standard,source_reported_unharmonized
e1428_c9b3c38247,health_culture_environment,Monthly average income per capita at current prices by income source and by province,Total,VN_SRC_HATINH,Ha Tinh,2019,annual,3123.0,Thous. dongs,not_specified,E1428,https://www.nso.gov.vn/en/px-web?pxid=E1428&theme=Health%2C%20Culture%2C%20Sport%20and%20Living%20standard,source_reported_unharmonized
e1428_c9b3c38247,health_culture_environment,Monthly average income per capita at current prices by income source and by province,Total,VN_SRC_HATINH,Ha Tinh,2020,annual,3230.14,Thous. dongs,not_specified,E1428,https://www.nso.gov.vn/en/px-web?pxid=E1428&theme=Health%2C%20Culture%2C%20Sport%20and%20Living%20standard,source_reported_unharmonized
e1428_c9b3c38247,health_culture_environment,Monthly average income per capita at current prices by income source and by province,Total,VN_SRC_HATINH,Ha Tinh,2021,annual,2980.54,Thous. dongs,not_specified,E1428,https://www.nso.gov.vn/en/px-web?pxid=E1428&theme=Health%2C%20Culture%2C%20Sport%20and%20Living%20standard,source_reported_unharmonized
e1428_c9b3c38247,health_culture_environment,Monthly average income per capita at current prices by income source and by province,Total,VN_SRC_HATINH,Ha Tinh,2022,annual,3485.86,Thous. dongs,not_specified,E1428,https://www.nso.gov.vn/en/px-web?pxid=E1428&theme=Health%2C%20Culture%2C%20Sport%20and%20Living%20standard,source_reported_unharmonized
e1428_c9b3c38247,health_culture_environment,Monthly average income per capita at current prices by income source and by province,Total,VN_SRC_HATINH,Ha Tinh,2023,annual,3811.26,Thous. dongs,not_specified,E1428,https://www.nso.gov.vn/en/px-web?pxid=E1428&theme=Health%2C%20Culture%2C%20Sport%20and%20Living%20standard,source_reported_unharmonized
e1428_c9b3c38247,health_culture_environment,Monthly average income per capita at current prices by income source and by province,Total,VN_SRC_HATINH,Ha Tinh,2024,annual,4150.8,Thous. dongs,not_specified,E1428,https://www.nso.gov.vn/en/px-web?pxid=E1428&theme=Health%2C%20Culture%2C%20Sport%20and%20Living%20standard,source_reported_unharmonized
e1428_c9b3c38247,health_culture_environment,Monthly average income per capita at current prices by income source and by province,Total,VN_SRC_HATINH,Ha Tinh,2025,annual,4456.79,Thous. dongs,not_specified,E1428,https://www.nso.gov.vn/en/px-web?pxid=E1428&theme=Health%2C%20Culture%2C%20Sport%20and%20Living%20standard,source_reported_unharmonized
e1428_c9b3c38247,health_culture_environment,Monthly average income per capita at current prices by income source and by province,Total,VN_SRC_QUANGBINH,Quang Binh,2010,annual,950.0,Thous. dongs,not_specified,E1428,https://www.nso.gov.vn/en/px-web?pxid=E1428&theme=Health%2C%20Culture%2C%20Sport%20and%20Living%20standard,source_reported_unharmonized
e1428_c9b3c38247,health_culture_environment,Monthly average income per capita at current prices by income source and by province,Total,VN_SRC_QUANGBINH,Quang Binh,2012,annual,1410.0,Thous. dongs,not_specified,E1428,https://www.nso.gov.vn/en/px-web?pxid=E1428&theme=Health%2C%20Culture%2C%20Sport%20and%20Living%20standard,source_reported_unharmonized
e1428_c9b3c38247,health_culture_environment,Monthly average income per capita at current prices by income source and by province,Total,VN_SRC_QUANGBINH,Quang Binh,2014,annual,1837.0,Thous. dongs,not_specified,E1428,https://www.nso.gov.vn/en/px-web?pxid=E1428&theme=Health%2C%20Culture%2C%20Sport%20and%20Living%20standard,source_reported_unharmonized
e1428_c9b3c38247,health_culture_environment,Monthly average income per capita at current prices by income source and by province,Total,VN_SRC_QUANGBINH,Quang Binh,2016,annual,2256.0,Thous. dongs,not_specified,E1428,https://www.nso.gov.vn/en/px-web?pxid=E1428&theme=Health%2C%20Culture%2C%20Sport%20and%20Living%20standard,source_reported_unharmonized
e1428_c9b3c38247,health_culture_environment,Monthly average income per capita at current prices by income source and by province,Total,VN_SRC_QUANGBINH,Quang Binh,2018,annual,2666.0,Thous. dongs,not_specified,E1428,https://www.nso.gov.vn/en/px-web?pxid=E1428&theme=Health%2C%20Culture%2C%20Sport%20and%20Living%20standard,source_reported_unharmonized
e1428_c9b3c38247,health_culture_environment,Monthly average income per capita at current prices by income source and by province,Total,VN_SRC_QUANGBINH,Quang Binh,2019,annual,2928.0,Thous. dongs,not_specified,E1428,https://www.nso.gov.vn/en/px-web?pxid=E1428&theme=Health%2C%20Culture%2C%20Sport%20and%20Living%20standard,source_reported_unharmonized
e1428_c9b3c38247,health_culture_environment,Monthly average income per capita at current prices by income source and by province,Total,VN_SRC_QUANGBINH,Quang Binh,2020,annual,3149.9,Thous. dongs,not_specified,E1428,https://www.nso.gov.vn/en/px-web?pxid=E1428&theme=Health%2C%20Culture%2C%20Sport%20and%20Living%20standard,source_reported_unharmonized
e1428_c9b3c38247,health_culture_environment,Monthly average income per capita at current prices by income source and by province,Total,VN_SRC_QUANGBINH,Quang Binh,2021,annual,3338.2,Thous. dongs,not_specified,E1428,https://www.nso.gov.vn/en/px-web?pxid=E1428&theme=Health%2C%20Culture%2C%20Sport%20and%20Living%20standard,source_reported_unharmonized
e1428_c9b3c38247,health_culture_environment,Monthly average income per capita at current prices by income source and by province,Total,VN_SRC_QUANGBINH,Quang Binh,2022,annual,3625.3,Thous. dongs,not_specified,E1428,https://www.nso.gov.vn/en/px-web?pxid=E1428&theme=Health%2C%20Culture%2C%20Sport%20and%20Living%20standard,source_reported_unharmonized
e1428_c9b3c38247,health_culture_environment,Monthly average income per capita at current prices by income source and by province,Total,VN_SRC_QUANGBINH,Quang Binh,2023,annual,3870.73,Thous. dongs,not_specified,E1428,https://www.nso.gov.vn/en/px-web?pxid=E1428&theme=Health%2C%20Culture%2C%20Sport%20and%20Living%20standard,source_reported_unharmonized
e1428_c9b3c38247,health_culture_environment,Monthly average income per capita at current prices by income source and by province,Total,VN_SRC_QUANGBINH,Quang Binh,2024,annual,4180.65,Thous. dongs,not_specified,E1428,https://www.nso.gov.vn/en/px-web?pxid=E1428&theme=Health%2C%20Culture%2C%20Sport%20and%20Living%20standard,source_reported_unharmonized
e1428_c9b3c38247,health_culture_environment,Monthly average income per capita at current prices by income source and by province,Total,VN_SRC_QUANGBINH,Quang Binh,2025,annual,4665.74,Thous. dongs,not_specified,E1428,https://www.nso.gov.vn/en/px-web?pxid=E1428&theme=Health%2C%20Culture%2C%20Sport%20and%20Living%20standard,source_reported_unharmonized
e1428_c9b3c38247,health_culture_environment,Monthly average income per capita at current prices by income source and by province,Total,VN_SRC_QUANGTRI,Quang Tri,2010,annual,951.0,Thous. dongs,not_specified,E1428,https://www.nso.gov.vn/en/px-web?pxid=E1428&theme=Health%2C%20Culture%2C%20Sport%20and%20Living%20standard,source_reported_unharmonized
e1428_c9b3c38247,health_culture_environment,Monthly average income per capita at current prices by income source and by province,Total,VN_SRC_QUANGTRI,Quang Tri,2012,annual,1300.0,Thous. dongs,not_specified,E1428,https://www.nso.gov.vn/en/px-web?pxid=E1428&theme=Health%2C%20Culture%2C%20Sport%20and%20Living%20standard,source_reported_unharmonized
e1428_c9b3c38247,health_culture_environment,Monthly average income per capita at current prices by income source and by province,Total,VN_SRC_QUANGTRI,Quang Tri,2014,annual,1673.0,Thous. dongs,not_specified,E1428,https://www.nso.gov.vn/en/px-web?pxid=E1428&theme=Health%2C%20Culture%2C%20Sport%20and%20Living%20standard,source_reported_unharmonized
e1428_c9b3c38247,health_culture_environment,Monthly average income per capita at current prices by income source and by province,Total,VN_SRC_QUANGTRI,Quang Tri,2016,annual,2044.0,Thous. dongs,not_specified,E1428,https://www.nso.gov.vn/en/px-web?pxid=E1428&theme=Health%2C%20Culture%2C%20Sport%20and%20Living%20standard,source_reported_unharmonized
e1428_c9b3c38247,health_culture_environment,Monthly average income per capita at current prices by income source and by province,Total,VN_SRC_QUANGTRI,Quang Tri,2018,annual,2543.0,Thous. dongs,not_specified,E1428,https://www.nso.gov.vn/en/px-web?pxid=E1428&theme=Health%2C%20Culture%2C%20Sport%20and%20Living%20standard,source_reported_unharmonized
e1428_c9b3c38247,health_culture_environment,Monthly average income per capita at current prices by income source and by province,Total,VN_SRC_QUANGTRI,Quang Tri,2019,annual,2762.0,Thous. dongs,not_specified,E1428,https://www.nso.gov.vn/en/px-web?pxid=E1428&theme=Health%2C%20Culture%2C%20Sport%20and%20Living%20standard,source_reported_unharmonized
e1428_c9b3c38247,health_culture_environment,Monthly average income per capita at current prices by income source and by province,Total,VN_SRC_QUANGTRI,Quang Tri,2020,annual,2853.39,Thous. dongs,not_specified,E1428,https://www.nso.gov.vn/en/px-web?pxid=E1428&theme=Health%2C%20Culture%2C%20Sport%20and%20Living%20standard,source_reported_unharmonized
e1428_c9b3c38247,health_culture_environment,Monthly average income per capita at current prices by income source and by province,Total,VN_SRC_QUANGTRI,Quang Tri,2021,annual,3025.73,Thous. dongs,not_specified,E1428,https://www.nso.gov.vn/en/px-web?pxid=E1428&theme=Health%2C%20Culture%2C%20Sport%20and%20Living%20standard,source_reported_unharmonized
e1428_c9b3c38247,health_culture_environment,Monthly average income per capita at current prices by income source and by province,Total,VN_SRC_QUANGTRI,Quang Tri,2022,annual,3382.0,Thous. dongs,not_specified,E1428,https://www.nso.gov.vn/en/px-web?pxid=E1428&theme=Health%2C%20Culture%2C%20Sport%20and%20Living%20standard,source_reported_unharmonized
e1428_c9b3c38247,health_culture_environment,Monthly average income per capita at current prices by income source and by province,Total,VN_SRC_QUANGTRI,Quang Tri,2023,annual,3582.47,Thous. dongs,not_specified,E1428,https://www.nso.gov.vn/en/px-web?pxid=E1428&theme=Health%2C%20Culture%2C%20Sport%20and%20Living%20standard,source_reported_unharmonized
e1428_c9b3c38247,health_culture_environment,Monthly average income per capita at current prices by income source and by province,Total,VN_SRC_QUANGTRI,Quang Tri,2024,annual,3903.18,Thous. dongs,not_specified,E1428,https://www.nso.gov.vn/en/px-web?pxid=E1428&theme=Health%2C%20Culture%2C%20Sport%20and%20Living%20standard,source_reported_unharmonized
e1428_c9b3c38247,health_culture_environment,Monthly average income per capita at current prices by income source and by province,Total,VN_SRC_QUANGTRI,Quang Tri,2025,annual,4272.99,Thous. dongs,not_specified,E1428,https://www.nso.gov.vn/en/px-web?pxid=E1428&theme=Health%2C%20Culture%2C%20Sport%20and%20Living%20standard,source_reported_unharmonized
e1428_c9b3c38247,health_culture_environment,Monthly average income per capita at current prices by income source and by province,Total,VN_SRC_THUATHIENHUE,Thua Thien-Hue,2010,annual,1058.0,Thous. dongs,not_specified,E1428,https://www.nso.gov.vn/en/px-web?pxid=E1428&theme=Health%2C%20Culture%2C%20Sport%20and%20Living%20standard,source_reported_unharmonized
e1428_c9b3c38247,health_culture_environment,Monthly average income per capita at current prices by income source and by province,Total,VN_SRC_THUATHIENHUE,Thua Thien-Hue,2012,annual,1747.0,Thous. dongs,not_specified,E1428,https://www.nso.gov.vn/en/px-web?pxid=E1428&theme=Health%2C%20Culture%2C%20Sport%20and%20Living%20standard,source_reported_unharmonized
e1428_c9b3c38247,health_culture_environment,Monthly average income per capita at current prices by income source and by province,Total,VN_SRC_THUATHIENHUE,Thua Thien-Hue,2014,annual,2175.0,Thous. dongs,not_specified,E1428,https://www.nso.gov.vn/en/px-web?pxid=E1428&theme=Health%2C%20Culture%2C%20Sport%20and%20Living%20standard,source_reported_unharmonized
e1428_c9b3c38247,health_culture_environment,Monthly average income per capita at current prices by income source and by province,Total,VN_SRC_THUATHIENHUE,Thua Thien-Hue,2016,annual,2604.0,Thous. dongs,not_specified,E1428,https://www.nso.gov.vn/en/px-web?pxid=E1428&theme=Health%2C%20Culture%2C%20Sport%20and%20Living%20standard,source_reported_unharmonized
e1428_c9b3c38247,health_culture_environment,Monthly average income per capita at current prices by income source and by province,Total,VN_SRC_THUATHIENHUE,Thua Thien-Hue,2018,annual,3084.0,Thous. dongs,not_specified,E1428,https://www.nso.gov.vn/en/px-web?pxid=E1428&theme=Health%2C%20Culture%2C%20Sport%20and%20Living%20standard,source_reported_unharmonized
e1428_c9b3c38247,health_culture_environment,Monthly average income per capita at current prices by income source and by province,Total,VN_SRC_THUATHIENHUE,Thua Thien-Hue,2019,annual,3423.0,Thous. dongs,not_specified,E1428,https://www.nso.gov.vn/en/px-web?pxid=E1428&theme=Health%2C%20Culture%2C%20Sport%20and%20Living%20standard,source_reported_unharmonized
e1428_c9b3c38247,health_culture_environment,Monthly average income per capita at current prices by income source and by province,Total,VN_SRC_THUATHIENHUE,Thua Thien-Hue,2020,annual,3212.37,Thous. dongs,not_specified,E1428,https://www.nso.gov.vn/en/px-web?pxid=E1428&theme=Health%2C%20Culture%2C%20Sport%20and%20Living%20standard,source_reported_unharmonized
e1428_c9b3c38247,health_culture_environment,Monthly average income per capita at current prices by income source and by province,Total,VN_SRC_THUATHIENHUE,Thua Thien-Hue,2021,annual,3525.42,Thous. dongs,not_specified,E1428,https://www.nso.gov.vn/en/px-web?pxid=E1428&theme=Health%2C%20Culture%2C%20Sport%20and%20Living%20standard,source_reported_unharmonized
e1428_c9b3c38247,health_culture_environment,Monthly average income per capita at current prices by income source and by province,Total,VN_SRC_THUATHIENHUE,Thua Thien-Hue,2022,annual,4280.64,Thous. dongs,not_specified,E1428,https://www.nso.gov.vn/en/px-web?pxid=E1428&theme=Health%2C%20Culture%2C%20Sport%20and%20Living%20standard,source_reported_unharmonized
e1428_c9b3c38247,health_culture_environment,Monthly average income per capita at current prices by income source and by province,Total,VN_SRC_THUATHIENHUE,Thua Thien-Hue,2023,annual,4703.26,Thous. dongs,not_specified,E1428,https://www.nso.gov.vn/en/px-web?pxid=E1428&theme=Health%2C%20Culture%2C%20Sport%20and%20Living%20standard,source_reported_unharmonized
e1428_c9b3c38247,health_culture_environment,Monthly average income per capita at current prices by income source and by province,Total,VN_SRC_THUATHIENHUE,Thua Thien-Hue,2024,annual,5128.21,Thous. dongs,not_specified,E1428,https://www.nso.gov.vn/en/px-web?pxid=E1428&theme=Health%2C%20Culture%2C%20Sport%20and%20Living%20standard,source_reported_unharmonized
e1428_c9b3c38247,health_culture_environment,Monthly average income per capita at current prices by income source and by province,Total,VN_SRC_THUATHIENHUE,Thua Thien-Hue,2025,annual,5696.62,Thous. dongs,not_specified,E1428,https://www.nso.gov.vn/en/px-web?pxid=E1428&theme=Health%2C%20Culture%2C%20Sport%20and%20Living%20standard,source_reported_unharmonized
e1428_c9b3c38247,health_culture_environment,Monthly average income per capita at current prices by income source and by province,Total,VN_SRC_DANANG,Da Nang,2010,annual,1897.0,Thous. dongs,not_specified,E1428,https://www.nso.gov.vn/en/px-web?pxid=E1428&theme=Health%2C%20Culture%2C%20Sport%20and%20Living%20standard,source_reported_unharmonized
e1428_c9b3c38247,health_culture_environment,Monthly average income per capita at current prices by income source and by province,Total,VN_SRC_DANANG,Da Nang,2012,annual,2865.0,Thous. dongs,not_specified,E1428,https://www.nso.gov.vn/en/px-web?pxid=E1428&theme=Health%2C%20Culture%2C%20Sport%20and%20Living%20standard,source_reported_unharmonized
e1428_c9b3c38247,health_culture_environment,Monthly average income per capita at current prices by income source and by province,Total,VN_SRC_DANANG,Da Nang,2014,annual,3612.0,Thous. dongs,not_specified,E1428,https://www.nso.gov.vn/en/px-web?pxid=E1428&theme=Health%2C%20Culture%2C%20Sport%20and%20Living%20standard,source_reported_unharmonized
e1428_c9b3c38247,health_culture_environment,Monthly average income per capita at current prices by income source and by province,Total,VN_SRC_DANANG,Da Nang,2016,annual,4441.0,Thous. dongs,not_specified,E1428,https://www.nso.gov.vn/en/px-web?pxid=E1428&theme=Health%2C%20Culture%2C%20Sport%20and%20Living%20standard,source_reported_unharmonized
e1428_c9b3c38247,health_culture_environment,Monthly average income per capita at current prices by income source and by province,Total,VN_SRC_DANANG,Da Nang,2018,annual,5506.0,Thous. dongs,not_specified,E1428,https://www.nso.gov.vn/en/px-web?pxid=E1428&theme=Health%2C%20Culture%2C%20Sport%20and%20Living%20standard,source_reported_unharmonized
e1428_c9b3c38247,health_culture_environment,Monthly average income per capita at current prices by income source and by province,Total,VN_SRC_DANANG,Da Nang,2019,annual,6057.0,Thous. dongs,not_specified,E1428,https://www.nso.gov.vn/en/px-web?pxid=E1428&theme=Health%2C%20Culture%2C%20Sport%20and%20Living%20standard,source_reported_unharmonized
e1428_c9b3c38247,health_culture_environment,Monthly average income per capita at current prices by income source and by province,Total,VN_SRC_DANANG,Da Nang,2020,annual,5283.63,Thous. dongs,not_specified,E1428,https://www.nso.gov.vn/en/px-web?pxid=E1428&theme=Health%2C%20Culture%2C%20Sport%20and%20Living%20standard,source_reported_unharmonized
e1428_c9b3c38247,health_culture_environment,Monthly average income per capita at current prices by income source and by province,Total,VN_SRC_DANANG,Da Nang,2021,annual,5229.94,Thous. dongs,not_specified,E1428,https://www.nso.gov.vn/en/px-web?pxid=E1428&theme=Health%2C%20Culture%2C%20Sport%20and%20Living%20standard,source_reported_unharmonized
e1428_c9b3c38247,health_culture_environment,Monthly average income per capita at current prices by income source and by province,Total,VN_SRC_DANANG,Da Nang,2022,annual,5806.52,Thous. dongs,not_specified,E1428,https://www.nso.gov.vn/en/px-web?pxid=E1428&theme=Health%2C%20Culture%2C%20Sport%20and%20Living%20standard,source_reported_unharmonized
e1428_c9b3c38247,health_culture_environment,Monthly average income per capita at current prices by income source and by province,Total,VN_SRC_DANANG,Da Nang,2023,annual,6223.73,Thous. dongs,not_specified,E1428,https://www.nso.gov.vn/en/px-web?pxid=E1428&theme=Health%2C%20Culture%2C%20Sport%20and%20Living%20standard,source_reported_unharmonized
e1428_c9b3c38247,health_culture_environment,Monthly average income per capita at current prices by income source and by province,Total,VN_SRC_DANANG,Da Nang,2024,annual,6709.65,Thous. dongs,not_specified,E1428,https://www.nso.gov.vn/en/px-web?pxid=E1428&theme=Health%2C%20Culture%2C%20Sport%20and%20Living%20standard,source_reported_unharmonized
e1428_c9b3c38247,health_culture_environment,Monthly average income per capita at current prices by income source and by province,Total,VN_SRC_DANANG,Da Nang,2025,annual,6852.92,Thous. dongs,not_specified,E1428,https://www.nso.gov.vn/en/px-web?pxid=E1428&theme=Health%2C%20Culture%2C%20Sport%20and%20Living%20standard,source_reported_unharmonized
e1428_c9b3c38247,health_culture_environment,Monthly average income per capita at current prices by income source and by province,Total,VN_SRC_QUANGNAM,Quang Nam,2010,annual,935.0,Thous. dongs,not_specified,E1428,https://www.nso.gov.vn/en/px-web?pxid=E1428&theme=Health%2C%20Culture%2C%20Sport%20and%20Living%20standard,source_reported_unharmonized
e1428_c9b3c38247,health_culture_environment,Monthly average income per capita at current prices by income source and by province,Total,VN_SRC_QUANGNAM,Quang Nam,2012,annual,1376.0,Thous. dongs,not_specified,E1428,https://www.nso.gov.vn/en/px-web?pxid=E1428&theme=Health%2C%20Culture%2C%20Sport%20and%20Living%20standard,source_reported_unharmonized
e1428_c9b3c38247,health_culture_environment,Monthly average income per capita at current prices by income source and by province,Total,VN_SRC_QUANGNAM,Quang Nam,2014,annual,1784.0,Thous. dongs,not_specified,E1428,https://www.nso.gov.vn/en/px-web?pxid=E1428&theme=Health%2C%20Culture%2C%20Sport%20and%20Living%20standard,source_reported_unharmonized
e1428_c9b3c38247,health_culture_environment,Monthly average income per capita at current prices by income source and by province,Total,VN_SRC_QUANGNAM,Quang Nam,2016,annual,2187.0,Thous. dongs,not_specified,E1428,https://www.nso.gov.vn/en/px-web?pxid=E1428&theme=Health%2C%20Culture%2C%20Sport%20and%20Living%20standard,source_reported_unharmonized
e1428_c9b3c38247,health_culture_environment,Monthly average income per capita at current prices by income source and by province,Total,VN_SRC_QUANGNAM,Quang Nam,2018,annual,2906.0,Thous. dongs,not_specified,E1428,https://www.nso.gov.vn/en/px-web?pxid=E1428&theme=Health%2C%20Culture%2C%20Sport%20and%20Living%20standard,source_reported_unharmonized
e1428_c9b3c38247,health_culture_environment,Monthly average income per capita at current prices by income source and by province,Total,VN_SRC_QUANGNAM,Quang Nam,2019,annual,3192.0,Thous. dongs,not_specified,E1428,https://www.nso.gov.vn/en/px-web?pxid=E1428&theme=Health%2C%20Culture%2C%20Sport%20and%20Living%20standard,source_reported_unharmonized
e1428_c9b3c38247,health_culture_environment,Monthly average income per capita at current prices by income source and by province,Total,VN_SRC_QUANGNAM,Quang Nam,2020,annual,3554.99,Thous. dongs,not_specified,E1428,https://www.nso.gov.vn/en/px-web?pxid=E1428&theme=Health%2C%20Culture%2C%20Sport%20and%20Living%20standard,source_reported_unharmonized
e1428_c9b3c38247,health_culture_environment,Monthly average income per capita at current prices by income source and by province,Total,VN_SRC_QUANGNAM,Quang Nam,2021,annual,3653.16,Thous. dongs,not_specified,E1428,https://www.nso.gov.vn/en/px-web?pxid=E1428&theme=Health%2C%20Culture%2C%20Sport%20and%20Living%20standard,source_reported_unharmonized
e1428_c9b3c38247,health_culture_environment,Monthly average income per capita at current prices by income source and by province,Total,VN_SRC_QUANGNAM,Quang Nam,2022,annual,3824.72,Thous. dongs,not_specified,E1428,https://www.nso.gov.vn/en/px-web?pxid=E1428&theme=Health%2C%20Culture%2C%20Sport%20and%20Living%20standard,source_reported_unharmonized
e1428_c9b3c38247,health_culture_environment,Monthly average income per capita at current prices by income source and by province,Total,VN_SRC_QUANGNAM,Quang Nam,2023,annual,3662.06,Thous. dongs,not_specified,E1428,https://www.nso.gov.vn/en/px-web?pxid=E1428&theme=Health%2C%20Culture%2C%20Sport%20and%20Living%20standard,source_reported_unharmonized
e1428_c9b3c38247,health_culture_environment,Monthly average income per capita at current prices by income source and by province,Total,VN_SRC_QUANGNAM,Quang Nam,2024,annual,4099.61,Thous. dongs,not_specified,E1428,https://www.nso.gov.vn/en/px-web?pxid=E1428&theme=Health%2C%20Culture%2C%20Sport%20and%20Living%20standard,source_reported_unharmonized
e1428_c9b3c38247,health_culture_environment,Monthly average income per capita at current prices by income source and by province,Total,VN_SRC_QUANGNAM,Quang Nam,2025,annual,4544.61,Thous. dongs,not_specified,E1428,https://www.nso.gov.vn/en/px-web?pxid=E1428&theme=Health%2C%20Culture%2C%20Sport%20and%20Living%20standard,source_reported_unharmonized
e1428_c9b3c38247,health_culture_environment,Monthly average income per capita at current prices by income source and by province,Total,VN_SRC_QUANGNGAI,Quang Ngai,2010,annual,909.0,Thous. dongs,not_specified,E1428,https://www.nso.gov.vn/en/px-web?pxid=E1428&theme=Health%2C%20Culture%2C%20Sport%20and%20Living%20standard,source_reported_unharmonized
e1428_c9b3c38247,health_culture_environment,Monthly average income per capita at current prices by income source and by province,Total,VN_SRC_QUANGNGAI,Quang Ngai,2012,annual,1300.0,Thous. dongs,not_specified,E1428,https://www.nso.gov.vn/en/px-web?pxid=E1428&theme=Health%2C%20Culture%2C%20Sport%20and%20Living%20standard,source_reported_unharmonized
e1428_c9b3c38247,health_culture_environment,Monthly average income per capita at current prices by income source and by province,Total,VN_SRC_QUANGNGAI,Quang Ngai,2014,annual,1619.0,Thous. dongs,not_specified,E1428,https://www.nso.gov.vn/en/px-web?pxid=E1428&theme=Health%2C%20Culture%2C%20Sport%20and%20Living%20standard,source_reported_unharmonized
e1428_c9b3c38247,health_culture_environment,Monthly average income per capita at current prices by income source and by province,Total,VN_SRC_QUANGNGAI,Quang Ngai,2016,annual,2153.0,Thous. dongs,not_specified,E1428,https://www.nso.gov.vn/en/px-web?pxid=E1428&theme=Health%2C%20Culture%2C%20Sport%20and%20Living%20standard,source_reported_unharmonized
e1428_c9b3c38247,health_culture_environment,Monthly average income per capita at current prices by income source and by province,Total,VN_SRC_QUANGNGAI,Quang Ngai,2018,annual,2900.0,Thous. dongs,not_specified,E1428,https://www.nso.gov.vn/en/px-web?pxid=E1428&theme=Health%2C%20Culture%2C%20Sport%20and%20Living%20standard,source_reported_unharmonized
e1428_c9b3c38247,health_culture_environment,Monthly average income per capita at current prices by income source and by province,Total,VN_SRC_QUANGNGAI,Quang Ngai,2019,annual,3084.0,Thous. dongs,not_specified,E1428,https://www.nso.gov.vn/en/px-web?pxid=E1428&theme=Health%2C%20Culture%2C%20Sport%20and%20Living%20standard,source_reported_unharmonized
e1428_c9b3c38247,health_culture_environment,Monthly average income per capita at current prices by income source and by province,Total,VN_SRC_QUANGNGAI,Quang Ngai,2020,annual,3158.59,Thous. dongs,not_specified,E1428,https://www.nso.gov.vn/en/px-web?pxid=E1428&theme=Health%2C%20Culture%2C%20Sport%20and%20Living%20standard,source_reported_unharmonized
e1428_c9b3c38247,health_culture_environment,Monthly average income per capita at current prices by income source and by province,Total,VN_SRC_QUANGNGAI,Quang Ngai,2021,annual,3219.48,Thous. dongs,not_specified,E1428,https://www.nso.gov.vn/en/px-web?pxid=E1428&theme=Health%2C%20Culture%2C%20Sport%20and%20Living%20standard,source_reported_unharmonized
e1428_c9b3c38247,health_culture_environment,Monthly average income per capita at current prices by income source and by province,Total,VN_SRC_QUANGNGAI,Quang Ngai,2022,annual,3717.15,Thous. dongs,not_specified,E1428,https://www.nso.gov.vn/en/px-web?pxid=E1428&theme=Health%2C%20Culture%2C%20Sport%20and%20Living%20standard,source_reported_unharmonized
e1428_c9b3c38247,health_culture_environment,Monthly average income per capita at current prices by income source and by province,Total,VN_SRC_QUANGNGAI,Quang Ngai,2023,annual,3922.3,Thous. dongs,not_specified,E1428,https://www.nso.gov.vn/en/px-web?pxid=E1428&theme=Health%2C%20Culture%2C%20Sport%20and%20Living%20standard,source_reported_unharmonized
e1428_c9b3c38247,health_culture_environment,Monthly average income per capita at current prices by income source and by province,Total,VN_SRC_QUANGNGAI,Quang Ngai,2024,annual,4250.63,Thous. dongs,not_specified,E1428,https://www.nso.gov.vn/en/px-web?pxid=E1428&theme=Health%2C%20Culture%2C%20Sport%20and%20Living%20standard,source_reported_unharmonized
e1428_c9b3c38247,health_culture_environment,Monthly average income per capita at current prices by income source and by province,Total,VN_SRC_QUANGNGAI,Quang Ngai,2025,annual,4516.4,Thous. dongs,not_specified,E1428,https://www.nso.gov.vn/en/px-web?pxid=E1428&theme=Health%2C%20Culture%2C%20Sport%20and%20Living%20standard,source_reported_unharmonized
e1428_c9b3c38247,health_culture_environment,Monthly average income per capita at current prices by income source and by province,Total,VN_SRC_BINHDINH,Binh Dinh,2010,annual,1150.0,Thous. dongs,not_specified,E1428,https://www.nso.gov.vn/en/px-web?pxid=E1428&theme=Health%2C%20Culture%2C%20Sport%20and%20Living%20standard,source_reported_unharmonized
e1428_c9b3c38247,health_culture_environment,Monthly average income per capita at current prices by income source and by province,Total,VN_SRC_BINHDINH,Binh Dinh,2012,annual,1719.0,Thous. dongs,not_specified,E1428,https://www.nso.gov.vn/en/px-web?pxid=E1428&theme=Health%2C%20Culture%2C%20Sport%20and%20Living%20standard,source_reported_unharmonized
e1428_c9b3c38247,health_culture_environment,Monthly average income per capita at current prices by income source and by province,Total,VN_SRC_BINHDINH,Binh Dinh,2014,annual,2346.0,Thous. dongs,not_specified,E1428,https://www.nso.gov.vn/en/px-web?pxid=E1428&theme=Health%2C%20Culture%2C%20Sport%20and%20Living%20standard,source_reported_unharmonized
e1428_c9b3c38247,health_culture_environment,Monthly average income per capita at current prices by income source and by province,Total,VN_SRC_BINHDINH,Binh Dinh,2016,annual,2605.0,Thous. dongs,not_specified,E1428,https://www.nso.gov.vn/en/px-web?pxid=E1428&theme=Health%2C%20Culture%2C%20Sport%20and%20Living%20standard,source_reported_unharmonized
e1428_c9b3c38247,health_culture_environment,Monthly average income per capita at current prices by income source and by province,Total,VN_SRC_BINHDINH,Binh Dinh,2018,annual,3024.0,Thous. dongs,not_specified,E1428,https://www.nso.gov.vn/en/px-web?pxid=E1428&theme=Health%2C%20Culture%2C%20Sport%20and%20Living%20standard,source_reported_unharmonized
e1428_c9b3c38247,health_culture_environment,Monthly average income per capita at current prices by income source and by province,Total,VN_SRC_BINHDINH,Binh Dinh,2019,annual,3355.0,Thous. dongs,not_specified,E1428,https://www.nso.gov.vn/en/px-web?pxid=E1428&theme=Health%2C%20Culture%2C%20Sport%20and%20Living%20standard,source_reported_unharmonized
e1428_c9b3c38247,health_culture_environment,Monthly average income per capita at current prices by income source and by province,Total,VN_SRC_BINHDINH,Binh Dinh,2020,annual,3441.21,Thous. dongs,not_specified,E1428,https://www.nso.gov.vn/en/px-web?pxid=E1428&theme=Health%2C%20Culture%2C%20Sport%20and%20Living%20standard,source_reported_unharmonized
e1428_c9b3c38247,health_culture_environment,Monthly average income per capita at current prices by income source and by province,Total,VN_SRC_BINHDINH,Binh Dinh,2021,annual,3468.51,Thous. dongs,not_specified,E1428,https://www.nso.gov.vn/en/px-web?pxid=E1428&theme=Health%2C%20Culture%2C%20Sport%20and%20Living%20standard,source_reported_unharmonized
e1428_c9b3c38247,health_culture_environment,Monthly average income per capita at current prices by income source and by province,Total,VN_SRC_BINHDINH,Binh Dinh,2022,annual,3896.8,Thous. dongs,not_specified,E1428,https://www.nso.gov.vn/en/px-web?pxid=E1428&theme=Health%2C%20Culture%2C%20Sport%20and%20Living%20standard,source_reported_unharmonized
e1428_c9b3c38247,health_culture_environment,Monthly average income per capita at current prices by income source and by province,Total,VN_SRC_BINHDINH,Binh Dinh,2023,annual,4364.43,Thous. dongs,not_specified,E1428,https://www.nso.gov.vn/en/px-web?pxid=E1428&theme=Health%2C%20Culture%2C%20Sport%20and%20Living%20standard,source_reported_unharmonized
e1428_c9b3c38247,health_culture_environment,Monthly average income per capita at current prices by income source and by province,Total,VN_SRC_BINHDINH,Binh Dinh,2024,annual,4751.55,Thous. dongs,not_specified,E1428,https://www.nso.gov.vn/en/px-web?pxid=E1428&theme=Health%2C%20Culture%2C%20Sport%20and%20Living%20standard,source_reported_unharmonized
e1428_c9b3c38247,health_culture_environment,Monthly average income per capita at current prices by income source and by province,Total,VN_SRC_BINHDINH,Binh Dinh,2025,annual,5049.67,Thous. dongs,not_specified,E1428,https://www.nso.gov.vn/en/px-web?pxid=E1428&theme=Health%2C%20Culture%2C%20Sport%20and%20Living%20standard,source_reported_unharmonized
e1428_c9b3c38247,health_culture_environment,Monthly average income per capita at current prices by income source and by province,Total,VN_SRC_PHUYEN,Phu Yen,2010,annual,1013.0,Thous. dongs,not_specified,E1428,https://www.nso.gov.vn/en/px-web?pxid=E1428&theme=Health%2C%20Culture%2C%20Sport%20and%20Living%20standard,source_reported_unharmonized
e1428_c9b3c38247,health_culture_environment,Monthly average income per capita at current prices by income source and by province,Total,VN_SRC_PHUYEN,Phu Yen,2012,annual,1440.0,Thous. dongs,not_specified,E1428,https://www.nso.gov.vn/en/px-web?pxid=E1428&theme=Health%2C%20Culture%2C%20Sport%20and%20Living%20standard,source_reported_unharmonized
e1428_c9b3c38247,health_culture_environment,Monthly average income per capita at current prices by income source and by province,Total,VN_SRC_PHUYEN,Phu Yen,2014,annual,1979.0,Thous. dongs,not_specified,E1428,https://www.nso.gov.vn/en/px-web?pxid=E1428&theme=Health%2C%20Culture%2C%20Sport%20and%20Living%20standard,source_reported_unharmonized
e1428_c9b3c38247,health_culture_environment,Monthly average income per capita at current prices by income source and by province,Total,VN_SRC_PHUYEN,Phu Yen,2016,annual,2358.0,Thous. dongs,not_specified,E1428,https://www.nso.gov.vn/en/px-web?pxid=E1428&theme=Health%2C%20Culture%2C%20Sport%20and%20Living%20standard,source_reported_unharmonized
e1428_c9b3c38247,health_culture_environment,Monthly average income per capita at current prices by income source and by province,Total,VN_SRC_PHUYEN,Phu Yen,2018,annual,2837.0,Thous. dongs,not_specified,E1428,https://www.nso.gov.vn/en/px-web?pxid=E1428&theme=Health%2C%20Culture%2C%20Sport%20and%20Living%20standard,source_reported_unharmonized
e1428_c9b3c38247,health_culture_environment,Monthly average income per capita at current prices by income source and by province,Total,VN_SRC_PHUYEN,Phu Yen,2019,annual,3080.0,Thous. dongs,not_specified,E1428,https://www.nso.gov.vn/en/px-web?pxid=E1428&theme=Health%2C%20Culture%2C%20Sport%20and%20Living%20standard,source_reported_unharmonized
e1428_c9b3c38247,health_culture_environment,Monthly average income per capita at current prices by income source and by province,Total,VN_SRC_PHUYEN,Phu Yen,2020,annual,3223.61,Thous. dongs,not_specified,E1428,https://www.nso.gov.vn/en/px-web?pxid=E1428&theme=Health%2C%20Culture%2C%20Sport%20and%20Living%20standard,source_reported_unharmonized
e1428_c9b3c38247,health_culture_environment,Monthly average income per capita at current prices by income source and by province,Total,VN_SRC_PHUYEN,Phu Yen,2021,annual,3296.38,Thous. dongs,not_specified,E1428,https://www.nso.gov.vn/en/px-web?pxid=E1428&theme=Health%2C%20Culture%2C%20Sport%20and%20Living%20standard,source_reported_unharmonized
e1428_c9b3c38247,health_culture_environment,Monthly average income per capita at current prices by income source and by province,Total,VN_SRC_PHUYEN,Phu Yen,2022,annual,3474.72,Thous. dongs,not_specified,E1428,https://www.nso.gov.vn/en/px-web?pxid=E1428&theme=Health%2C%20Culture%2C%20Sport%20and%20Living%20standard,source_reported_unharmonized
e1428_c9b3c38247,health_culture_environment,Monthly average income per capita at current prices by income source and by province,Total,VN_SRC_PHUYEN,Phu Yen,2023,annual,3657.46,Thous. dongs,not_specified,E1428,https://www.nso.gov.vn/en/px-web?pxid=E1428&theme=Health%2C%20Culture%2C%20Sport%20and%20Living%20standard,source_reported_unharmonized
e1428_c9b3c38247,health_culture_environment,Monthly average income per capita at current prices by income source and by province,Total,VN_SRC_PHUYEN,Phu Yen,2024,annual,3960.09,Thous. dongs,not_specified,E1428,https://www.nso.gov.vn/en/px-web?pxid=E1428&theme=Health%2C%20Culture%2C%20Sport%20and%20Living%20standard,source_reported_unharmonized
e1428_c9b3c38247,health_culture_environment,Monthly average income per capita at current prices by income source and by province,Total,VN_SRC_PHUYEN,Phu Yen,2025,annual,4315.96,Thous. dongs,not_specified,E1428,https://www.nso.gov.vn/en/px-web?pxid=E1428&theme=Health%2C%20Culture%2C%20Sport%20and%20Living%20standard,source_reported_unharmonized
e1428_c9b3c38247,health_culture_environment,Monthly average income per capita at current prices by income source and by province,Total,VN_SRC_KHANHHOA,Khanh Hoa,2010,annual,1258.0,Thous. dongs,not_specified,E1428,https://www.nso.gov.vn/en/px-web?pxid=E1428&theme=Health%2C%20Culture%2C%20Sport%20and%20Living%20standard,source_reported_unharmonized
e1428_c9b3c38247,health_culture_environment,Monthly average income per capita at current prices by income source and by province,Total,VN_SRC_KHANHHOA,Khanh Hoa,2012,annual,1896.0,Thous. dongs,not_specified,E1428,https://www.nso.gov.vn/en/px-web?pxid=E1428&theme=Health%2C%20Culture%2C%20Sport%20and%20Living%20standard,source_reported_unharmonized
e1428_c9b3c38247,health_culture_environment,Monthly average income per capita at current prices by income source and by province,Total,VN_SRC_KHANHHOA,Khanh Hoa,2014,annual,2670.0,Thous. dongs,not_specified,E1428,https://www.nso.gov.vn/en/px-web?pxid=E1428&theme=Health%2C%20Culture%2C%20Sport%20and%20Living%20standard,source_reported_unharmonized
e1428_c9b3c38247,health_culture_environment,Monthly average income per capita at current prices by income source and by province,Total,VN_SRC_KHANHHOA,Khanh Hoa,2016,annual,2891.0,Thous. dongs,not_specified,E1428,https://www.nso.gov.vn/en/px-web?pxid=E1428&theme=Health%2C%20Culture%2C%20Sport%20and%20Living%20standard,source_reported_unharmonized
e1428_c9b3c38247,health_culture_environment,Monthly average income per capita at current prices by income source and by province,Total,VN_SRC_KHANHHOA,Khanh Hoa,2018,annual,3455.0,Thous. dongs,not_specified,E1428,https://www.nso.gov.vn/en/px-web?pxid=E1428&theme=Health%2C%20Culture%2C%20Sport%20and%20Living%20standard,source_reported_unharmonized
e1428_c9b3c38247,health_culture_environment,Monthly average income per capita at current prices by income source and by province,Total,VN_SRC_KHANHHOA,Khanh Hoa,2019,annual,3797.0,Thous. dongs,not_specified,E1428,https://www.nso.gov.vn/en/px-web?pxid=E1428&theme=Health%2C%20Culture%2C%20Sport%20and%20Living%20standard,source_reported_unharmonized
e1428_c9b3c38247,health_culture_environment,Monthly average income per capita at current prices by income source and by province,Total,VN_SRC_KHANHHOA,Khanh Hoa,2020,annual,3152.68,Thous. dongs,not_specified,E1428,https://www.nso.gov.vn/en/px-web?pxid=E1428&theme=Health%2C%20Culture%2C%20Sport%20and%20Living%20standard,source_reported_unharmonized
e1428_c9b3c38247,health_culture_environment,Monthly average income per capita at current prices by income source and by province,Total,VN_SRC_KHANHHOA,Khanh Hoa,2021,annual,3235.53,Thous. dongs,not_specified,E1428,https://www.nso.gov.vn/en/px-web?pxid=E1428&theme=Health%2C%20Culture%2C%20Sport%20and%20Living%20standard,source_reported_unharmonized
e1428_c9b3c38247,health_culture_environment,Monthly average income per capita at current prices by income source and by province,Total,VN_SRC_KHANHHOA,Khanh Hoa,2022,annual,3729.43,Thous. dongs,not_specified,E1428,https://www.nso.gov.vn/en/px-web?pxid=E1428&theme=Health%2C%20Culture%2C%20Sport%20and%20Living%20standard,source_reported_unharmonized
e1428_c9b3c38247,health_culture_environment,Monthly average income per capita at current prices by income source and by province,Total,VN_SRC_KHANHHOA,Khanh Hoa,2023,annual,4024.52,Thous. dongs,not_specified,E1428,https://www.nso.gov.vn/en/px-web?pxid=E1428&theme=Health%2C%20Culture%2C%20Sport%20and%20Living%20standard,source_reported_unharmonized
e1428_c9b3c38247,health_culture_environment,Monthly average income per capita at current prices by income source and by province,Total,VN_SRC_KHANHHOA,Khanh Hoa,2024,annual,4501.75,Thous. dongs,not_specified,E1428,https://www.nso.gov.vn/en/px-web?pxid=E1428&theme=Health%2C%20Culture%2C%20Sport%20and%20Living%20standard,source_reported_unharmonized
e1428_c9b3c38247,health_culture_environment,Monthly average income per capita at current prices by income source and by province,Total,VN_SRC_KHANHHOA,Khanh Hoa,2025,annual,5682.34,Thous. dongs,not_specified,E1428,https://www.nso.gov.vn/en/px-web?pxid=E1428&theme=Health%2C%20Culture%2C%20Sport%20and%20Living%20standard,source_reported_unharmonized
e1428_c9b3c38247,health_culture_environment,Monthly average income per capita at current prices by income source and by province,Total,VN_SRC_NINHTHUAN,Ninh Thuan,2010,annual,947.0,Thous. dongs,not_specified,E1428,https://www.nso.gov.vn/en/px-web?pxid=E1428&theme=Health%2C%20Culture%2C%20Sport%20and%20Living%20standard,source_reported_unharmonized
e1428_c9b3c38247,health_culture_environment,Monthly average income per capita at current prices by income source and by province,Total,VN_SRC_NINHTHUAN,Ninh Thuan,2012,annual,1637.0,Thous. dongs,not_specified,E1428,https://www.nso.gov.vn/en/px-web?pxid=E1428&theme=Health%2C%20Culture%2C%20Sport%20and%20Living%20standard,source_reported_unharmonized
e1428_c9b3c38247,health_culture_environment,Monthly average income per capita at current prices by income source and by province,Total,VN_SRC_NINHTHUAN,Ninh Thuan,2014,annual,2331.0,Thous. dongs,not_specified,E1428,https://www.nso.gov.vn/en/px-web?pxid=E1428&theme=Health%2C%20Culture%2C%20Sport%20and%20Living%20standard,source_reported_unharmonized
e1428_c9b3c38247,health_culture_environment,Monthly average income per capita at current prices by income source and by province,Total,VN_SRC_NINHTHUAN,Ninh Thuan,2016,annual,2340.0,Thous. dongs,not_specified,E1428,https://www.nso.gov.vn/en/px-web?pxid=E1428&theme=Health%2C%20Culture%2C%20Sport%20and%20Living%20standard,source_reported_unharmonized
e1428_c9b3c38247,health_culture_environment,Monthly average income per capita at current prices by income source and by province,Total,VN_SRC_NINHTHUAN,Ninh Thuan,2018,annual,2631.0,Thous. dongs,not_specified,E1428,https://www.nso.gov.vn/en/px-web?pxid=E1428&theme=Health%2C%20Culture%2C%20Sport%20and%20Living%20standard,source_reported_unharmonized
e1428_c9b3c38247,health_culture_environment,Monthly average income per capita at current prices by income source and by province,Total,VN_SRC_NINHTHUAN,Ninh Thuan,2019,annual,2834.0,Thous. dongs,not_specified,E1428,https://www.nso.gov.vn/en/px-web?pxid=E1428&theme=Health%2C%20Culture%2C%20Sport%20and%20Living%20standard,source_reported_unharmonized
e1428_c9b3c38247,health_culture_environment,Monthly average income per capita at current prices by income source and by province,Total,VN_SRC_NINHTHUAN,Ninh Thuan,2020,annual,2917.97,Thous. dongs,not_specified,E1428,https://www.nso.gov.vn/en/px-web?pxid=E1428&theme=Health%2C%20Culture%2C%20Sport%20and%20Living%20standard,source_reported_unharmonized
e1428_c9b3c38247,health_culture_environment,Monthly average income per capita at current prices by income source and by province,Total,VN_SRC_NINHTHUAN,Ninh Thuan,2021,annual,2854.97,Thous. dongs,not_specified,E1428,https://www.nso.gov.vn/en/px-web?pxid=E1428&theme=Health%2C%20Culture%2C%20Sport%20and%20Living%20standard,source_reported_unharmonized
e1428_c9b3c38247,health_culture_environment,Monthly average income per capita at current prices by income source and by province,Total,VN_SRC_NINHTHUAN,Ninh Thuan,2022,annual,3040.21,Thous. dongs,not_specified,E1428,https://www.nso.gov.vn/en/px-web?pxid=E1428&theme=Health%2C%20Culture%2C%20Sport%20and%20Living%20standard,source_reported_unharmonized
e1428_c9b3c38247,health_culture_environment,Monthly average income per capita at current prices by income source and by province,Total,VN_SRC_NINHTHUAN,Ninh Thuan,2023,annual,3325.99,Thous. dongs,not_specified,E1428,https://www.nso.gov.vn/en/px-web?pxid=E1428&theme=Health%2C%20Culture%2C%20Sport%20and%20Living%20standard,source_reported_unharmonized
e1428_c9b3c38247,health_culture_environment,Monthly average income per capita at current prices by income source and by province,Total,VN_SRC_NINHTHUAN,Ninh Thuan,2024,annual,3469.29,Thous. dongs,not_specified,E1428,https://www.nso.gov.vn/en/px-web?pxid=E1428&theme=Health%2C%20Culture%2C%20Sport%20and%20Living%20standard,source_reported_unharmonized
e1428_c9b3c38247,health_culture_environment,Monthly average income per capita at current prices by income source and by province,Total,VN_SRC_NINHTHUAN,Ninh Thuan,2025,annual,4463.18,Thous. dongs,not_specified,E1428,https://www.nso.gov.vn/en/px-web?pxid=E1428&theme=Health%2C%20Culture%2C%20Sport%20and%20Living%20standard,source_reported_unharmonized
e1428_c9b3c38247,health_culture_environment,Monthly average income per capita at current prices by income source and by province,Total,VN_SRC_BINHTHUAN,Binh Thuan,2010,annual,1160.0,Thous. dongs,not_specified,E1428,https://www.nso.gov.vn/en/px-web?pxid=E1428&theme=Health%2C%20Culture%2C%20Sport%20and%20Living%20standard,source_reported_unharmonized
e1428_c9b3c38247,health_culture_environment,Monthly average income per capita at current prices by income source and by province,Total,VN_SRC_BINHTHUAN,Binh Thuan,2012,annual,1747.0,Thous. dongs,not_specified,E1428,https://www.nso.gov.vn/en/px-web?pxid=E1428&theme=Health%2C%20Culture%2C%20Sport%20and%20Living%20standard,source_reported_unharmonized
e1428_c9b3c38247,health_culture_environment,Monthly average income per capita at current prices by income source and by province,Total,VN_SRC_BINHTHUAN,Binh Thuan,2014,annual,2395.0,Thous. dongs,not_specified,E1428,https://www.nso.gov.vn/en/px-web?pxid=E1428&theme=Health%2C%20Culture%2C%20Sport%20and%20Living%20standard,source_reported_unharmonized
e1428_c9b3c38247,health_culture_environment,Monthly average income per capita at current prices by income source and by province,Total,VN_SRC_BINHTHUAN,Binh Thuan,2016,annual,2714.0,Thous. dongs,not_specified,E1428,https://www.nso.gov.vn/en/px-web?pxid=E1428&theme=Health%2C%20Culture%2C%20Sport%20and%20Living%20standard,source_reported_unharmonized
e1428_c9b3c38247,health_culture_environment,Monthly average income per capita at current prices by income source and by province,Total,VN_SRC_BINHTHUAN,Binh Thuan,2018,annual,3445.0,Thous. dongs,not_specified,E1428,https://www.nso.gov.vn/en/px-web?pxid=E1428&theme=Health%2C%20Culture%2C%20Sport%20and%20Living%20standard,source_reported_unharmonized
e1428_c9b3c38247,health_culture_environment,Monthly average income per capita at current prices by income source and by province,Total,VN_SRC_BINHTHUAN,Binh Thuan,2019,annual,3718.0,Thous. dongs,not_specified,E1428,https://www.nso.gov.vn/en/px-web?pxid=E1428&theme=Health%2C%20Culture%2C%20Sport%20and%20Living%20standard,source_reported_unharmonized
e1428_c9b3c38247,health_culture_environment,Monthly average income per capita at current prices by income source and by province,Total,VN_SRC_BINHTHUAN,Binh Thuan,2020,annual,3981.14,Thous. dongs,not_specified,E1428,https://www.nso.gov.vn/en/px-web?pxid=E1428&theme=Health%2C%20Culture%2C%20Sport%20and%20Living%20standard,source_reported_unharmonized
e1428_c9b3c38247,health_culture_environment,Monthly average income per capita at current prices by income source and by province,Total,VN_SRC_BINHTHUAN,Binh Thuan,2021,annual,4076.88,Thous. dongs,not_specified,E1428,https://www.nso.gov.vn/en/px-web?pxid=E1428&theme=Health%2C%20Culture%2C%20Sport%20and%20Living%20standard,source_reported_unharmonized
e1428_c9b3c38247,health_culture_environment,Monthly average income per capita at current prices by income source and by province,Total,VN_SRC_BINHTHUAN,Binh Thuan,2022,annual,4307.39,Thous. dongs,not_specified,E1428,https://www.nso.gov.vn/en/px-web?pxid=E1428&theme=Health%2C%20Culture%2C%20Sport%20and%20Living%20standard,source_reported_unharmonized
e1428_c9b3c38247,health_culture_environment,Monthly average income per capita at current prices by income source and by province,Total,VN_SRC_BINHTHUAN,Binh Thuan,2023,annual,4570.71,Thous. dongs,not_specified,E1428,https://www.nso.gov.vn/en/px-web?pxid=E1428&theme=Health%2C%20Culture%2C%20Sport%20and%20Living%20standard,source_reported_unharmonized
e1428_c9b3c38247,health_culture_environment,Monthly average income per capita at current prices by income source and by province,Total,VN_SRC_BINHTHUAN,Binh Thuan,2024,annual,4884.89,Thous. dongs,not_specified,E1428,https://www.nso.gov.vn/en/px-web?pxid=E1428&theme=Health%2C%20Culture%2C%20Sport%20and%20Living%20standard,source_reported_unharmonized
e1428_c9b3c38247,health_culture_environment,Monthly average income per capita at current prices by income source and by province,Total,VN_SRC_BINHTHUAN,Binh Thuan,2025,annual,5012.95,Thous. dongs,not_specified,E1428,https://www.nso.gov.vn/en/px-web?pxid=E1428&theme=Health%2C%20Culture%2C%20Sport%20and%20Living%20standard,source_reported_unharmonized
e1428_c9b3c38247,health_culture_environment,Monthly average income per capita at current prices by income source and by province,Total,VN_SRC_KONTUM,Kon Tum,2010,annual,947.0,Thous. dongs,not_specified,E1428,https://www.nso.gov.vn/en/px-web?pxid=E1428&theme=Health%2C%20Culture%2C%20Sport%20and%20Living%20standard,source_reported_unharmonized
e1428_c9b3c38247,health_culture_environment,Monthly average income per capita at current prices by income source and by province,Total,VN_SRC_KONTUM,Kon Tum,2012,annual,1294.0,Thous. dongs,not_specified,E1428,https://www.nso.gov.vn/en/px-web?pxid=E1428&theme=Health%2C%20Culture%2C%20Sport%20and%20Living%20standard,source_reported_unharmonized
e1428_c9b3c38247,health_culture_environment,Monthly average income per capita at current prices by income source and by province,Total,VN_SRC_KONTUM,Kon Tum,2014,annual,1587.0,Thous. dongs,not_specified,E1428,https://www.nso.gov.vn/en/px-web?pxid=E1428&theme=Health%2C%20Culture%2C%20Sport%20and%20Living%20standard,source_reported_unharmonized
e1428_c9b3c38247,health_culture_environment,Monthly average income per capita at current prices by income source and by province,Total,VN_SRC_KONTUM,Kon Tum,2016,annual,1951.0,Thous. dongs,not_specified,E1428,https://www.nso.gov.vn/en/px-web?pxid=E1428&theme=Health%2C%20Culture%2C%20Sport%20and%20Living%20standard,source_reported_unharmonized
e1428_c9b3c38247,health_culture_environment,Monthly average income per capita at current prices by income source and by province,Total,VN_SRC_KONTUM,Kon Tum,2018,annual,2007.0,Thous. dongs,not_specified,E1428,https://www.nso.gov.vn/en/px-web?pxid=E1428&theme=Health%2C%20Culture%2C%20Sport%20and%20Living%20standard,source_reported_unharmonized
e1428_c9b3c38247,health_culture_environment,Monthly average income per capita at current prices by income source and by province,Total,VN_SRC_KONTUM,Kon Tum,2019,annual,2147.0,Thous. dongs,not_specified,E1428,https://www.nso.gov.vn/en/px-web?pxid=E1428&theme=Health%2C%20Culture%2C%20Sport%20and%20Living%20standard,source_reported_unharmonized
e1428_c9b3c38247,health_culture_environment,Monthly average income per capita at current prices by income source and by province,Total,VN_SRC_KONTUM,Kon Tum,2020,annual,2375.25,Thous. dongs,not_specified,E1428,https://www.nso.gov.vn/en/px-web?pxid=E1428&theme=Health%2C%20Culture%2C%20Sport%20and%20Living%20standard,source_reported_unharmonized
e1428_c9b3c38247,health_culture_environment,Monthly average income per capita at current prices by income source and by province,Total,VN_SRC_KONTUM,Kon Tum,2021,annual,2517.44,Thous. dongs,not_specified,E1428,https://www.nso.gov.vn/en/px-web?pxid=E1428&theme=Health%2C%20Culture%2C%20Sport%20and%20Living%20standard,source_reported_unharmonized
e1428_c9b3c38247,health_culture_environment,Monthly average income per capita at current prices by income source and by province,Total,VN_SRC_KONTUM,Kon Tum,2022,annual,2927.19,Thous. dongs,not_specified,E1428,https://www.nso.gov.vn/en/px-web?pxid=E1428&theme=Health%2C%20Culture%2C%20Sport%20and%20Living%20standard,source_reported_unharmonized
e1428_c9b3c38247,health_culture_environment,Monthly average income per capita at current prices by income source and by province,Total,VN_SRC_KONTUM,Kon Tum,2023,annual,3210.01,Thous. dongs,not_specified,E1428,https://www.nso.gov.vn/en/px-web?pxid=E1428&theme=Health%2C%20Culture%2C%20Sport%20and%20Living%20standard,source_reported_unharmonized
e1428_c9b3c38247,health_culture_environment,Monthly average income per capita at current prices by income source and by province,Total,VN_SRC_KONTUM,Kon Tum,2024,annual,3480.83,Thous. dongs,not_specified,E1428,https://www.nso.gov.vn/en/px-web?pxid=E1428&theme=Health%2C%20Culture%2C%20Sport%20and%20Living%20standard,source_reported_unharmonized
e1428_c9b3c38247,health_culture_environment,Monthly average income per capita at current prices by income source and by province,Total,VN_SRC_KONTUM,Kon Tum,2025,annual,4242.9,Thous. dongs,not_specified,E1428,https://www.nso.gov.vn/en/px-web?pxid=E1428&theme=Health%2C%20Culture%2C%20Sport%20and%20Living%20standard,source_reported_unharmonized
e1428_c9b3c38247,health_culture_environment,Monthly average income per capita at current prices by income source and by province,Total,VN_SRC_GIALAI,Gia Lai,2010,annual,1027.0,Thous. dongs,not_specified,E1428,https://www.nso.gov.vn/en/px-web?pxid=E1428&theme=Health%2C%20Culture%2C%20Sport%20and%20Living%20standard,source_reported_unharmonized
e1428_c9b3c38247,health_culture_environment,Monthly average income per capita at current prices by income source and by province,Total,VN_SRC_GIALAI,Gia Lai,2012,annual,1563.0,Thous. dongs,not_specified,E1428,https://www.nso.gov.vn/en/px-web?pxid=E1428&theme=Health%2C%20Culture%2C%20Sport%20and%20Living%20standard,source_reported_unharmonized
e1428_c9b3c38247,health_culture_environment,Monthly average income per capita at current prices by income source and by province,Total,VN_SRC_GIALAI,Gia Lai,2014,annual,1760.0,Thous. dongs,not_specified,E1428,https://www.nso.gov.vn/en/px-web?pxid=E1428&theme=Health%2C%20Culture%2C%20Sport%20and%20Living%20standard,source_reported_unharmonized
e1428_c9b3c38247,health_culture_environment,Monthly average income per capita at current prices by income source and by province,Total,VN_SRC_GIALAI,Gia Lai,2016,annual,1950.0,Thous. dongs,not_specified,E1428,https://www.nso.gov.vn/en/px-web?pxid=E1428&theme=Health%2C%20Culture%2C%20Sport%20and%20Living%20standard,source_reported_unharmonized
e1428_c9b3c38247,health_culture_environment,Monthly average income per capita at current prices by income source and by province,Total,VN_SRC_GIALAI,Gia Lai,2018,annual,2586.0,Thous. dongs,not_specified,E1428,https://www.nso.gov.vn/en/px-web?pxid=E1428&theme=Health%2C%20Culture%2C%20Sport%20and%20Living%20standard,source_reported_unharmonized
e1428_c9b3c38247,health_culture_environment,Monthly average income per capita at current prices by income source and by province,Total,VN_SRC_GIALAI,Gia Lai,2019,annual,2755.0,Thous. dongs,not_specified,E1428,https://www.nso.gov.vn/en/px-web?pxid=E1428&theme=Health%2C%20Culture%2C%20Sport%20and%20Living%20standard,source_reported_unharmonized
e1428_c9b3c38247,health_culture_environment,Monthly average income per capita at current prices by income source and by province,Total,VN_SRC_GIALAI,Gia Lai,2020,annual,2314.42,Thous. dongs,not_specified,E1428,https://www.nso.gov.vn/en/px-web?pxid=E1428&theme=Health%2C%20Culture%2C%20Sport%20and%20Living%20standard,source_reported_unharmonized
e1428_c9b3c38247,health_culture_environment,Monthly average income per capita at current prices by income source and by province,Total,VN_SRC_GIALAI,Gia Lai,2021,annual,2329.43,Thous. dongs,not_specified,E1428,https://www.nso.gov.vn/en/px-web?pxid=E1428&theme=Health%2C%20Culture%2C%20Sport%20and%20Living%20standard,source_reported_unharmonized
e1428_c9b3c38247,health_culture_environment,Monthly average income per capita at current prices by income source and by province,Total,VN_SRC_GIALAI,Gia Lai,2022,annual,2567.14,Thous. dongs,not_specified,E1428,https://www.nso.gov.vn/en/px-web?pxid=E1428&theme=Health%2C%20Culture%2C%20Sport%20and%20Living%20standard,source_reported_unharmonized
e1428_c9b3c38247,health_culture_environment,Monthly average income per capita at current prices by income source and by province,Total,VN_SRC_GIALAI,Gia Lai,2023,annual,2805.1,Thous. dongs,not_specified,E1428,https://www.nso.gov.vn/en/px-web?pxid=E1428&theme=Health%2C%20Culture%2C%20Sport%20and%20Living%20standard,source_reported_unharmonized
e1428_c9b3c38247,health_culture_environment,Monthly average income per capita at current prices by income source and by province,Total,VN_SRC_GIALAI,Gia Lai,2024,annual,3103.91,Thous. dongs,not_specified,E1428,https://www.nso.gov.vn/en/px-web?pxid=E1428&theme=Health%2C%20Culture%2C%20Sport%20and%20Living%20standard,source_reported_unharmonized
e1428_c9b3c38247,health_culture_environment,Monthly average income per capita at current prices by income source and by province,Total,VN_SRC_GIALAI,Gia Lai,2025,annual,4064.87,Thous. dongs,not_specified,E1428,https://www.nso.gov.vn/en/px-web?pxid=E1428&theme=Health%2C%20Culture%2C%20Sport%20and%20Living%20standard,source_reported_unharmonized
e1428_c9b3c38247,health_culture_environment,Monthly average income per capita at current prices by income source and by province,Total,VN_SRC_DAKLAK,Dak Lak,2010,annual,1068.0,Thous. dongs,not_specified,E1428,https://www.nso.gov.vn/en/px-web?pxid=E1428&theme=Health%2C%20Culture%2C%20Sport%20and%20Living%20standard,source_reported_unharmonized
e1428_c9b3c38247,health_culture_environment,Monthly average income per capita at current prices by income source and by province,Total,VN_SRC_DAKLAK,Dak Lak,2012,annual,1639.0,Thous. dongs,not_specified,E1428,https://www.nso.gov.vn/en/px-web?pxid=E1428&theme=Health%2C%20Culture%2C%20Sport%20and%20Living%20standard,source_reported_unharmonized
e1428_c9b3c38247,health_culture_environment,Monthly average income per capita at current prices by income source and by province,Total,VN_SRC_DAKLAK,Dak Lak,2014,annual,1988.0,Thous. dongs,not_specified,E1428,https://www.nso.gov.vn/en/px-web?pxid=E1428&theme=Health%2C%20Culture%2C%20Sport%20and%20Living%20standard,source_reported_unharmonized
e1428_c9b3c38247,health_culture_environment,Monthly average income per capita at current prices by income source and by province,Total,VN_SRC_DAKLAK,Dak Lak,2016,annual,2329.0,Thous. dongs,not_specified,E1428,https://www.nso.gov.vn/en/px-web?pxid=E1428&theme=Health%2C%20Culture%2C%20Sport%20and%20Living%20standard,source_reported_unharmonized
e1428_c9b3c38247,health_culture_environment,Monthly average income per capita at current prices by income source and by province,Total,VN_SRC_DAKLAK,Dak Lak,2018,annual,2748.0,Thous. dongs,not_specified,E1428,https://www.nso.gov.vn/en/px-web?pxid=E1428&theme=Health%2C%20Culture%2C%20Sport%20and%20Living%20standard,source_reported_unharmonized
e1428_c9b3c38247,health_culture_environment,Monthly average income per capita at current prices by income source and by province,Total,VN_SRC_DAKLAK,Dak Lak,2019,annual,2997.0,Thous. dongs,not_specified,E1428,https://www.nso.gov.vn/en/px-web?pxid=E1428&theme=Health%2C%20Culture%2C%20Sport%20and%20Living%20standard,source_reported_unharmonized
e1428_c9b3c38247,health_culture_environment,Monthly average income per capita at current prices by income source and by province,Total,VN_SRC_DAKLAK,Dak Lak,2020,annual,2715.18,Thous. dongs,not_specified,E1428,https://www.nso.gov.vn/en/px-web?pxid=E1428&theme=Health%2C%20Culture%2C%20Sport%20and%20Living%20standard,source_reported_unharmonized
e1428_c9b3c38247,health_culture_environment,Monthly average income per capita at current prices by income source and by province,Total,VN_SRC_DAKLAK,Dak Lak,2021,annual,2810.64,Thous. dongs,not_specified,E1428,https://www.nso.gov.vn/en/px-web?pxid=E1428&theme=Health%2C%20Culture%2C%20Sport%20and%20Living%20standard,source_reported_unharmonized
e1428_c9b3c38247,health_culture_environment,Monthly average income per capita at current prices by income source and by province,Total,VN_SRC_DAKLAK,Dak Lak,2022,annual,3238.39,Thous. dongs,not_specified,E1428,https://www.nso.gov.vn/en/px-web?pxid=E1428&theme=Health%2C%20Culture%2C%20Sport%20and%20Living%20standard,source_reported_unharmonized
e1428_c9b3c38247,health_culture_environment,Monthly average income per capita at current prices by income source and by province,Total,VN_SRC_DAKLAK,Dak Lak,2023,annual,3486.18,Thous. dongs,not_specified,E1428,https://www.nso.gov.vn/en/px-web?pxid=E1428&theme=Health%2C%20Culture%2C%20Sport%20and%20Living%20standard,source_reported_unharmonized
e1428_c9b3c38247,health_culture_environment,Monthly average income per capita at current prices by income source and by province,Total,VN_SRC_DAKLAK,Dak Lak,2024,annual,3721.52,Thous. dongs,not_specified,E1428,https://www.nso.gov.vn/en/px-web?pxid=E1428&theme=Health%2C%20Culture%2C%20Sport%20and%20Living%20standard,source_reported_unharmonized
e1428_c9b3c38247,health_culture_environment,Monthly average income per capita at current prices by income source and by province,Total,VN_SRC_DAKLAK,Dak Lak,2025,annual,4468.26,Thous. dongs,not_specified,E1428,https://www.nso.gov.vn/en/px-web?pxid=E1428&theme=Health%2C%20Culture%2C%20Sport%20and%20Living%20standard,source_reported_unharmonized
e1428_c9b3c38247,health_culture_environment,Monthly average income per capita at current prices by income source and by province,Total,VN_SRC_DAKNONG,Dak Nong,2010,annual,1039.0,Thous. dongs,not_specified,E1428,https://www.nso.gov.vn/en/px-web?pxid=E1428&theme=Health%2C%20Culture%2C%20Sport%20and%20Living%20standard,source_reported_unharmonized
e1428_c9b3c38247,health_culture_environment,Monthly average income per capita at current prices by income source and by province,Total,VN_SRC_DAKNONG,Dak Nong,2012,annual,1611.0,Thous. dongs,not_specified,E1428,https://www.nso.gov.vn/en/px-web?pxid=E1428&theme=Health%2C%20Culture%2C%20Sport%20and%20Living%20standard,source_reported_unharmonized
e1428_c9b3c38247,health_culture_environment,Monthly average income per capita at current prices by income source and by province,Total,VN_SRC_DAKNONG,Dak Nong,2014,annual,1824.0,Thous. dongs,not_specified,E1428,https://www.nso.gov.vn/en/px-web?pxid=E1428&theme=Health%2C%20Culture%2C%20Sport%20and%20Living%20standard,source_reported_unharmonized
e1428_c9b3c38247,health_culture_environment,Monthly average income per capita at current prices by income source and by province,Total,VN_SRC_DAKNONG,Dak Nong,2016,annual,2335.0,Thous. dongs,not_specified,E1428,https://www.nso.gov.vn/en/px-web?pxid=E1428&theme=Health%2C%20Culture%2C%20Sport%20and%20Living%20standard,source_reported_unharmonized
e1428_c9b3c38247,health_culture_environment,Monthly average income per capita at current prices by income source and by province,Total,VN_SRC_DAKNONG,Dak Nong,2018,annual,3030.0,Thous. dongs,not_specified,E1428,https://www.nso.gov.vn/en/px-web?pxid=E1428&theme=Health%2C%20Culture%2C%20Sport%20and%20Living%20standard,source_reported_unharmonized
e1428_c9b3c38247,health_culture_environment,Monthly average income per capita at current prices by income source and by province,Total,VN_SRC_DAKNONG,Dak Nong,2019,annual,3234.0,Thous. dongs,not_specified,E1428,https://www.nso.gov.vn/en/px-web?pxid=E1428&theme=Health%2C%20Culture%2C%20Sport%20and%20Living%20standard,source_reported_unharmonized
e1428_c9b3c38247,health_culture_environment,Monthly average income per capita at current prices by income source and by province,Total,VN_SRC_DAKNONG,Dak Nong,2020,annual,2808.54,Thous. dongs,not_specified,E1428,https://www.nso.gov.vn/en/px-web?pxid=E1428&theme=Health%2C%20Culture%2C%20Sport%20and%20Living%20standard,source_reported_unharmonized
e1428_c9b3c38247,health_culture_environment,Monthly average income per capita at current prices by income source and by province,Total,VN_SRC_DAKNONG,Dak Nong,2021,annual,2744.99,Thous. dongs,not_specified,E1428,https://www.nso.gov.vn/en/px-web?pxid=E1428&theme=Health%2C%20Culture%2C%20Sport%20and%20Living%20standard,source_reported_unharmonized
e1428_c9b3c38247,health_culture_environment,Monthly average income per capita at current prices by income source and by province,Total,VN_SRC_DAKNONG,Dak Nong,2022,annual,3182.5,Thous. dongs,not_specified,E1428,https://www.nso.gov.vn/en/px-web?pxid=E1428&theme=Health%2C%20Culture%2C%20Sport%20and%20Living%20standard,source_reported_unharmonized
e1428_c9b3c38247,health_culture_environment,Monthly average income per capita at current prices by income source and by province,Total,VN_SRC_DAKNONG,Dak Nong,2023,annual,3388.06,Thous. dongs,not_specified,E1428,https://www.nso.gov.vn/en/px-web?pxid=E1428&theme=Health%2C%20Culture%2C%20Sport%20and%20Living%20standard,source_reported_unharmonized
e1428_c9b3c38247,health_culture_environment,Monthly average income per capita at current prices by income source and by province,Total,VN_SRC_DAKNONG,Dak Nong,2024,annual,3702.38,Thous. dongs,not_specified,E1428,https://www.nso.gov.vn/en/px-web?pxid=E1428&theme=Health%2C%20Culture%2C%20Sport%20and%20Living%20standard,source_reported_unharmonized
e1428_c9b3c38247,health_culture_environment,Monthly average income per capita at current prices by income source and by province,Total,VN_SRC_DAKNONG,Dak Nong,2025,annual,5766.37,Thous. dongs,not_specified,E1428,https://www.nso.gov.vn/en/px-web?pxid=E1428&theme=Health%2C%20Culture%2C%20Sport%20and%20Living%20standard,source_reported_unharmonized
e1428_c9b3c38247,health_culture_environment,Monthly average income per capita at current prices by income source and by province,Total,VN_SRC_LAMDONG,Lam Dong,2010,annual,1257.0,Thous. dongs,not_specified,E1428,https://www.nso.gov.vn/en/px-web?pxid=E1428&theme=Health%2C%20Culture%2C%20Sport%20and%20Living%20standard,source_reported_unharmonized
e1428_c9b3c38247,health_culture_environment,Monthly average income per capita at current prices by income source and by province,Total,VN_SRC_LAMDONG,Lam Dong,2012,annual,1848.0,Thous. dongs,not_specified,E1428,https://www.nso.gov.vn/en/px-web?pxid=E1428&theme=Health%2C%20Culture%2C%20Sport%20and%20Living%20standard,source_reported_unharmonized
e1428_c9b3c38247,health_culture_environment,Monthly average income per capita at current prices by income source and by province,Total,VN_SRC_LAMDONG,Lam Dong,2014,annual,2499.0,Thous. dongs,not_specified,E1428,https://www.nso.gov.vn/en/px-web?pxid=E1428&theme=Health%2C%20Culture%2C%20Sport%20and%20Living%20standard,source_reported_unharmonized
e1428_c9b3c38247,health_culture_environment,Monthly average income per capita at current prices by income source and by province,Total,VN_SRC_LAMDONG,Lam Dong,2016,annual,2979.0,Thous. dongs,not_specified,E1428,https://www.nso.gov.vn/en/px-web?pxid=E1428&theme=Health%2C%20Culture%2C%20Sport%20and%20Living%20standard,source_reported_unharmonized
e1428_c9b3c38247,health_culture_environment,Monthly average income per capita at current prices by income source and by province,Total,VN_SRC_LAMDONG,Lam Dong,2018,annual,3641.0,Thous. dongs,not_specified,E1428,https://www.nso.gov.vn/en/px-web?pxid=E1428&theme=Health%2C%20Culture%2C%20Sport%20and%20Living%20standard,source_reported_unharmonized
e1428_c9b3c38247,health_culture_environment,Monthly average income per capita at current prices by income source and by province,Total,VN_SRC_LAMDONG,Lam Dong,2019,annual,3929.0,Thous. dongs,not_specified,E1428,https://www.nso.gov.vn/en/px-web?pxid=E1428&theme=Health%2C%20Culture%2C%20Sport%20and%20Living%20standard,source_reported_unharmonized
e1428_c9b3c38247,health_culture_environment,Monthly average income per capita at current prices by income source and by province,Total,VN_SRC_LAMDONG,Lam Dong,2020,annual,3741.92,Thous. dongs,not_specified,E1428,https://www.nso.gov.vn/en/px-web?pxid=E1428&theme=Health%2C%20Culture%2C%20Sport%20and%20Living%20standard,source_reported_unharmonized
e1428_c9b3c38247,health_culture_environment,Monthly average income per capita at current prices by income source and by province,Total,VN_SRC_LAMDONG,Lam Dong,2021,annual,3718.16,Thous. dongs,not_specified,E1428,https://www.nso.gov.vn/en/px-web?pxid=E1428&theme=Health%2C%20Culture%2C%20Sport%20and%20Living%20standard,source_reported_unharmonized
e1428_c9b3c38247,health_culture_environment,Monthly average income per capita at current prices by income source and by province,Total,VN_SRC_LAMDONG,Lam Dong,2022,annual,4427.82,Thous. dongs,not_specified,E1428,https://www.nso.gov.vn/en/px-web?pxid=E1428&theme=Health%2C%20Culture%2C%20Sport%20and%20Living%20standard,source_reported_unharmonized
e1428_c9b3c38247,health_culture_environment,Monthly average income per capita at current prices by income source and by province,Total,VN_SRC_LAMDONG,Lam Dong,2023,annual,4857.17,Thous. dongs,not_specified,E1428,https://www.nso.gov.vn/en/px-web?pxid=E1428&theme=Health%2C%20Culture%2C%20Sport%20and%20Living%20standard,source_reported_unharmonized
e1428_c9b3c38247,health_culture_environment,Monthly average income per capita at current prices by income source and by province,Total,VN_SRC_LAMDONG,Lam Dong,2024,annual,5312.9,Thous. dongs,not_specified,E1428,https://www.nso.gov.vn/en/px-web?pxid=E1428&theme=Health%2C%20Culture%2C%20Sport%20and%20Living%20standard,source_reported_unharmonized
e1428_c9b3c38247,health_culture_environment,Monthly average income per capita at current prices by income source and by province,Total,VN_SRC_LAMDONG,Lam Dong,2025,annual,5757.11,Thous. dongs,not_specified,E1428,https://www.nso.gov.vn/en/px-web?pxid=E1428&theme=Health%2C%20Culture%2C%20Sport%20and%20Living%20standard,source_reported_unharmonized
e1428_c9b3c38247,health_culture_environment,Monthly average income per capita at current prices by income source and by province,Total,VN_SRC_BINHPHUOC,Binh Phuoc,2010,annual,1526.0,Thous. dongs,not_specified,E1428,https://www.nso.gov.vn/en/px-web?pxid=E1428&theme=Health%2C%20Culture%2C%20Sport%20and%20Living%20standard,source_reported_unharmonized
e1428_c9b3c38247,health_culture_environment,Monthly average income per capita at current prices by income source and by province,Total,VN_SRC_BINHPHUOC,Binh Phuoc,2012,annual,2218.0,Thous. dongs,not_specified,E1428,https://www.nso.gov.vn/en/px-web?pxid=E1428&theme=Health%2C%20Culture%2C%20Sport%20and%20Living%20standard,source_reported_unharmonized
e1428_c9b3c38247,health_culture_environment,Monthly average income per capita at current prices by income source and by province,Total,VN_SRC_BINHPHUOC,Binh Phuoc,2014,annual,2693.0,Thous. dongs,not_specified,E1428,https://www.nso.gov.vn/en/px-web?pxid=E1428&theme=Health%2C%20Culture%2C%20Sport%20and%20Living%20standard,source_reported_unharmonized
e1428_c9b3c38247,health_culture_environment,Monthly average income per capita at current prices by income source and by province,Total,VN_SRC_BINHPHUOC,Binh Phuoc,2016,annual,3148.0,Thous. dongs,not_specified,E1428,https://www.nso.gov.vn/en/px-web?pxid=E1428&theme=Health%2C%20Culture%2C%20Sport%20and%20Living%20standard,source_reported_unharmonized
e1428_c9b3c38247,health_culture_environment,Monthly average income per capita at current prices by income source and by province,Total,VN_SRC_BINHPHUOC,Binh Phuoc,2018,annual,3604.0,Thous. dongs,not_specified,E1428,https://www.nso.gov.vn/en/px-web?pxid=E1428&theme=Health%2C%20Culture%2C%20Sport%20and%20Living%20standard,source_reported_unharmonized
e1428_c9b3c38247,health_culture_environment,Monthly average income per capita at current prices by income source and by province,Total,VN_SRC_BINHPHUOC,Binh Phuoc,2019,annual,3881.0,Thous. dongs,not_specified,E1428,https://www.nso.gov.vn/en/px-web?pxid=E1428&theme=Health%2C%20Culture%2C%20Sport%20and%20Living%20standard,source_reported_unharmonized
e1428_c9b3c38247,health_culture_environment,Monthly average income per capita at current prices by income source and by province,Total,VN_SRC_BINHPHUOC,Binh Phuoc,2020,annual,4038.69,Thous. dongs,not_specified,E1428,https://www.nso.gov.vn/en/px-web?pxid=E1428&theme=Health%2C%20Culture%2C%20Sport%20and%20Living%20standard,source_reported_unharmonized
e1428_c9b3c38247,health_culture_environment,Monthly average income per capita at current prices by income source and by province,Total,VN_SRC_BINHPHUOC,Binh Phuoc,2021,annual,4002.3,Thous. dongs,not_specified,E1428,https://www.nso.gov.vn/en/px-web?pxid=E1428&theme=Health%2C%20Culture%2C%20Sport%20and%20Living%20standard,source_reported_unharmonized
e1428_c9b3c38247,health_culture_environment,Monthly average income per capita at current prices by income source and by province,Total,VN_SRC_BINHPHUOC,Binh Phuoc,2022,annual,4592.06,Thous. dongs,not_specified,E1428,https://www.nso.gov.vn/en/px-web?pxid=E1428&theme=Health%2C%20Culture%2C%20Sport%20and%20Living%20standard,source_reported_unharmonized
e1428_c9b3c38247,health_culture_environment,Monthly average income per capita at current prices by income source and by province,Total,VN_SRC_BINHPHUOC,Binh Phuoc,2023,annual,4800.46,Thous. dongs,not_specified,E1428,https://www.nso.gov.vn/en/px-web?pxid=E1428&theme=Health%2C%20Culture%2C%20Sport%20and%20Living%20standard,source_reported_unharmonized
e1428_c9b3c38247,health_culture_environment,Monthly average income per capita at current prices by income source and by province,Total,VN_SRC_BINHPHUOC,Binh Phuoc,2024,annual,5084.08,Thous. dongs,not_specified,E1428,https://www.nso.gov.vn/en/px-web?pxid=E1428&theme=Health%2C%20Culture%2C%20Sport%20and%20Living%20standard,source_reported_unharmonized
e1428_c9b3c38247,health_culture_environment,Monthly average income per capita at current prices by income source and by province,Total,VN_SRC_BINHPHUOC,Binh Phuoc,2025,annual,5579.67,Thous. dongs,not_specified,E1428,https://www.nso.gov.vn/en/px-web?pxid=E1428&theme=Health%2C%20Culture%2C%20Sport%20and%20Living%20standard,source_reported_unharmonized
e1428_c9b3c38247,health_culture_environment,Monthly average income per capita at current prices by income source and by province,Total,VN_SRC_TAYNINH,Tay Ninh,2010,annual,1435.0,Thous. dongs,not_specified,E1428,https://www.nso.gov.vn/en/px-web?pxid=E1428&theme=Health%2C%20Culture%2C%20Sport%20and%20Living%20standard,source_reported_unharmonized
e1428_c9b3c38247,health_culture_environment,Monthly average income per capita at current prices by income source and by province,Total,VN_SRC_TAYNINH,Tay Ninh,2012,annual,2100.0,Thous. dongs,not_specified,E1428,https://www.nso.gov.vn/en/px-web?pxid=E1428&theme=Health%2C%20Culture%2C%20Sport%20and%20Living%20standard,source_reported_unharmonized
e1428_c9b3c38247,health_culture_environment,Monthly average income per capita at current prices by income source and by province,Total,VN_SRC_TAYNINH,Tay Ninh,2014,annual,2796.0,Thous. dongs,not_specified,E1428,https://www.nso.gov.vn/en/px-web?pxid=E1428&theme=Health%2C%20Culture%2C%20Sport%20and%20Living%20standard,source_reported_unharmonized
e1428_c9b3c38247,health_culture_environment,Monthly average income per capita at current prices by income source and by province,Total,VN_SRC_TAYNINH,Tay Ninh,2016,annual,3391.0,Thous. dongs,not_specified,E1428,https://www.nso.gov.vn/en/px-web?pxid=E1428&theme=Health%2C%20Culture%2C%20Sport%20and%20Living%20standard,source_reported_unharmonized
e1428_c9b3c38247,health_culture_environment,Monthly average income per capita at current prices by income source and by province,Total,VN_SRC_TAYNINH,Tay Ninh,2018,annual,4258.0,Thous. dongs,not_specified,E1428,https://www.nso.gov.vn/en/px-web?pxid=E1428&theme=Health%2C%20Culture%2C%20Sport%20and%20Living%20standard,source_reported_unharmonized
e1428_c9b3c38247,health_culture_environment,Monthly average income per capita at current prices by income source and by province,Total,VN_SRC_TAYNINH,Tay Ninh,2019,annual,4549.0,Thous. dongs,not_specified,E1428,https://www.nso.gov.vn/en/px-web?pxid=E1428&theme=Health%2C%20Culture%2C%20Sport%20and%20Living%20standard,source_reported_unharmonized
e1428_c9b3c38247,health_culture_environment,Monthly average income per capita at current prices by income source and by province,Total,VN_SRC_TAYNINH,Tay Ninh,2020,annual,4246.05,Thous. dongs,not_specified,E1428,https://www.nso.gov.vn/en/px-web?pxid=E1428&theme=Health%2C%20Culture%2C%20Sport%20and%20Living%20standard,source_reported_unharmonized
e1428_c9b3c38247,health_culture_environment,Monthly average income per capita at current prices by income source and by province,Total,VN_SRC_TAYNINH,Tay Ninh,2021,annual,4036.44,Thous. dongs,not_specified,E1428,https://www.nso.gov.vn/en/px-web?pxid=E1428&theme=Health%2C%20Culture%2C%20Sport%20and%20Living%20standard,source_reported_unharmonized
e1428_c9b3c38247,health_culture_environment,Monthly average income per capita at current prices by income source and by province,Total,VN_SRC_TAYNINH,Tay Ninh,2022,annual,4616.52,Thous. dongs,not_specified,E1428,https://www.nso.gov.vn/en/px-web?pxid=E1428&theme=Health%2C%20Culture%2C%20Sport%20and%20Living%20standard,source_reported_unharmonized
e1428_c9b3c38247,health_culture_environment,Monthly average income per capita at current prices by income source and by province,Total,VN_SRC_TAYNINH,Tay Ninh,2023,annual,4876.04,Thous. dongs,not_specified,E1428,https://www.nso.gov.vn/en/px-web?pxid=E1428&theme=Health%2C%20Culture%2C%20Sport%20and%20Living%20standard,source_reported_unharmonized
e1428_c9b3c38247,health_culture_environment,Monthly average income per capita at current prices by income source and by province,Total,VN_SRC_TAYNINH,Tay Ninh,2024,annual,5301.49,Thous. dongs,not_specified,E1428,https://www.nso.gov.vn/en/px-web?pxid=E1428&theme=Health%2C%20Culture%2C%20Sport%20and%20Living%20standard,source_reported_unharmonized
e1428_c9b3c38247,health_culture_environment,Monthly average income per capita at current prices by income source and by province,Total,VN_SRC_TAYNINH,Tay Ninh,2025,annual,5617.38,Thous. dongs,not_specified,E1428,https://www.nso.gov.vn/en/px-web?pxid=E1428&theme=Health%2C%20Culture%2C%20Sport%20and%20Living%20standard,source_reported_unharmonized
e1428_c9b3c38247,health_culture_environment,Monthly average income per capita at current prices by income source and by province,Total,VN_SRC_BINHDUONG,Binh Duong,2010,annual,2698.0,Thous. dongs,not_specified,E1428,https://www.nso.gov.vn/en/px-web?pxid=E1428&theme=Health%2C%20Culture%2C%20Sport%20and%20Living%20standard,source_reported_unharmonized
e1428_c9b3c38247,health_culture_environment,Monthly average income per capita at current prices by income source and by province,Total,VN_SRC_BINHDUONG,Binh Duong,2012,annual,3568.0,Thous. dongs,not_specified,E1428,https://www.nso.gov.vn/en/px-web?pxid=E1428&theme=Health%2C%20Culture%2C%20Sport%20and%20Living%20standard,source_reported_unharmonized
e1428_c9b3c38247,health_culture_environment,Monthly average income per capita at current prices by income source and by province,Total,VN_SRC_BINHDUONG,Binh Duong,2014,annual,3769.0,Thous. dongs,not_specified,E1428,https://www.nso.gov.vn/en/px-web?pxid=E1428&theme=Health%2C%20Culture%2C%20Sport%20and%20Living%20standard,source_reported_unharmonized
e1428_c9b3c38247,health_culture_environment,Monthly average income per capita at current prices by income source and by province,Total,VN_SRC_BINHDUONG,Binh Duong,2016,annual,5005.0,Thous. dongs,not_specified,E1428,https://www.nso.gov.vn/en/px-web?pxid=E1428&theme=Health%2C%20Culture%2C%20Sport%20and%20Living%20standard,source_reported_unharmonized
e1428_c9b3c38247,health_culture_environment,Monthly average income per capita at current prices by income source and by province,Total,VN_SRC_BINHDUONG,Binh Duong,2018,annual,6823.0,Thous. dongs,not_specified,E1428,https://www.nso.gov.vn/en/px-web?pxid=E1428&theme=Health%2C%20Culture%2C%20Sport%20and%20Living%20standard,source_reported_unharmonized
e1428_c9b3c38247,health_culture_environment,Monthly average income per capita at current prices by income source and by province,Total,VN_SRC_BINHDUONG,Binh Duong,2019,annual,7433.0,Thous. dongs,not_specified,E1428,https://www.nso.gov.vn/en/px-web?pxid=E1428&theme=Health%2C%20Culture%2C%20Sport%20and%20Living%20standard,source_reported_unharmonized
e1428_c9b3c38247,health_culture_environment,Monthly average income per capita at current prices by income source and by province,Total,VN_SRC_BINHDUONG,Binh Duong,2020,annual,7033.77,Thous. dongs,not_specified,E1428,https://www.nso.gov.vn/en/px-web?pxid=E1428&theme=Health%2C%20Culture%2C%20Sport%20and%20Living%20standard,source_reported_unharmonized
e1428_c9b3c38247,health_culture_environment,Monthly average income per capita at current prices by income source and by province,Total,VN_SRC_BINHDUONG,Binh Duong,2021,annual,7122.96,Thous. dongs,not_specified,E1428,https://www.nso.gov.vn/en/px-web?pxid=E1428&theme=Health%2C%20Culture%2C%20Sport%20and%20Living%20standard,source_reported_unharmonized
e1428_c9b3c38247,health_culture_environment,Monthly average income per capita at current prices by income source and by province,Total,VN_SRC_BINHDUONG,Binh Duong,2022,annual,8076.34,Thous. dongs,not_specified,E1428,https://www.nso.gov.vn/en/px-web?pxid=E1428&theme=Health%2C%20Culture%2C%20Sport%20and%20Living%20standard,source_reported_unharmonized
e1428_c9b3c38247,health_culture_environment,Monthly average income per capita at current prices by income source and by province,Total,VN_SRC_BINHDUONG,Binh Duong,2023,annual,8298.41,Thous. dongs,not_specified,E1428,https://www.nso.gov.vn/en/px-web?pxid=E1428&theme=Health%2C%20Culture%2C%20Sport%20and%20Living%20standard,source_reported_unharmonized
e1428_c9b3c38247,health_culture_environment,Monthly average income per capita at current prices by income source and by province,Total,VN_SRC_BINHDUONG,Binh Duong,2024,annual,8937.18,Thous. dongs,not_specified,E1428,https://www.nso.gov.vn/en/px-web?pxid=E1428&theme=Health%2C%20Culture%2C%20Sport%20and%20Living%20standard,source_reported_unharmonized
e1428_c9b3c38247,health_culture_environment,Monthly average income per capita at current prices by income source and by province,Total,VN_SRC_BINHDUONG,Binh Duong,2025,annual,9393.98,Thous. dongs,not_specified,E1428,https://www.nso.gov.vn/en/px-web?pxid=E1428&theme=Health%2C%20Culture%2C%20Sport%20and%20Living%20standard,source_reported_unharmonized
e1428_c9b3c38247,health_culture_environment,Monthly average income per capita at current prices by income source and by province,Total,VN_SRC_DONGNAI,Dong Nai,2010,annual,1763.0,Thous. dongs,not_specified,E1428,https://www.nso.gov.vn/en/px-web?pxid=E1428&theme=Health%2C%20Culture%2C%20Sport%20and%20Living%20standard,source_reported_unharmonized
e1428_c9b3c38247,health_culture_environment,Monthly average income per capita at current prices by income source and by province,Total,VN_SRC_DONGNAI,Dong Nai,2012,annual,2577.0,Thous. dongs,not_specified,E1428,https://www.nso.gov.vn/en/px-web?pxid=E1428&theme=Health%2C%20Culture%2C%20Sport%20and%20Living%20standard,source_reported_unharmonized
e1428_c9b3c38247,health_culture_environment,Monthly average income per capita at current prices by income source and by province,Total,VN_SRC_DONGNAI,Dong Nai,2014,annual,3504.0,Thous. dongs,not_specified,E1428,https://www.nso.gov.vn/en/px-web?pxid=E1428&theme=Health%2C%20Culture%2C%20Sport%20and%20Living%20standard,source_reported_unharmonized
e1428_c9b3c38247,health_culture_environment,Monthly average income per capita at current prices by income source and by province,Total,VN_SRC_DONGNAI,Dong Nai,2016,annual,4328.0,Thous. dongs,not_specified,E1428,https://www.nso.gov.vn/en/px-web?pxid=E1428&theme=Health%2C%20Culture%2C%20Sport%20and%20Living%20standard,source_reported_unharmonized
e1428_c9b3c38247,health_culture_environment,Monthly average income per capita at current prices by income source and by province,Total,VN_SRC_DONGNAI,Dong Nai,2018,annual,5300.0,Thous. dongs,not_specified,E1428,https://www.nso.gov.vn/en/px-web?pxid=E1428&theme=Health%2C%20Culture%2C%20Sport%20and%20Living%20standard,source_reported_unharmonized
e1428_c9b3c38247,health_culture_environment,Monthly average income per capita at current prices by income source and by province,Total,VN_SRC_DONGNAI,Dong Nai,2019,annual,5860.0,Thous. dongs,not_specified,E1428,https://www.nso.gov.vn/en/px-web?pxid=E1428&theme=Health%2C%20Culture%2C%20Sport%20and%20Living%20standard,source_reported_unharmonized
e1428_c9b3c38247,health_culture_environment,Monthly average income per capita at current prices by income source and by province,Total,VN_SRC_DONGNAI,Dong Nai,2020,annual,5621.32,Thous. dongs,not_specified,E1428,https://www.nso.gov.vn/en/px-web?pxid=E1428&theme=Health%2C%20Culture%2C%20Sport%20and%20Living%20standard,source_reported_unharmonized
e1428_c9b3c38247,health_culture_environment,Monthly average income per capita at current prices by income source and by province,Total,VN_SRC_DONGNAI,Dong Nai,2021,annual,5751.45,Thous. dongs,not_specified,E1428,https://www.nso.gov.vn/en/px-web?pxid=E1428&theme=Health%2C%20Culture%2C%20Sport%20and%20Living%20standard,source_reported_unharmonized
e1428_c9b3c38247,health_culture_environment,Monthly average income per capita at current prices by income source and by province,Total,VN_SRC_DONGNAI,Dong Nai,2022,annual,6345.84,Thous. dongs,not_specified,E1428,https://www.nso.gov.vn/en/px-web?pxid=E1428&theme=Health%2C%20Culture%2C%20Sport%20and%20Living%20standard,source_reported_unharmonized
e1428_c9b3c38247,health_culture_environment,Monthly average income per capita at current prices by income source and by province,Total,VN_SRC_DONGNAI,Dong Nai,2023,annual,6579.49,Thous. dongs,not_specified,E1428,https://www.nso.gov.vn/en/px-web?pxid=E1428&theme=Health%2C%20Culture%2C%20Sport%20and%20Living%20standard,source_reported_unharmonized
e1428_c9b3c38247,health_culture_environment,Monthly average income per capita at current prices by income source and by province,Total,VN_SRC_DONGNAI,Dong Nai,2024,annual,7150.29,Thous. dongs,not_specified,E1428,https://www.nso.gov.vn/en/px-web?pxid=E1428&theme=Health%2C%20Culture%2C%20Sport%20and%20Living%20standard,source_reported_unharmonized
e1428_c9b3c38247,health_culture_environment,Monthly average income per capita at current prices by income source and by province,Total,VN_SRC_DONGNAI,Dong Nai,2025,annual,7677.03,Thous. dongs,not_specified,E1428,https://www.nso.gov.vn/en/px-web?pxid=E1428&theme=Health%2C%20Culture%2C%20Sport%20and%20Living%20standard,source_reported_unharmonized
e1428_c9b3c38247,health_culture_environment,Monthly average income per capita at current prices by income source and by province,Total,VN_SRC_BARIAVUNGTAU,Ba Ria - Vung Tau,2010,annual,1695.0,Thous. dongs,not_specified,E1428,https://www.nso.gov.vn/en/px-web?pxid=E1428&theme=Health%2C%20Culture%2C%20Sport%20and%20Living%20standard,source_reported_unharmonized
e1428_c9b3c38247,health_culture_environment,Monthly average income per capita at current prices by income source and by province,Total,VN_SRC_BARIAVUNGTAU,Ba Ria - Vung Tau,2012,annual,2904.0,Thous. dongs,not_specified,E1428,https://www.nso.gov.vn/en/px-web?pxid=E1428&theme=Health%2C%20Culture%2C%20Sport%20and%20Living%20standard,source_reported_unharmonized
e1428_c9b3c38247,health_culture_environment,Monthly average income per capita at current prices by income source and by province,Total,VN_SRC_BARIAVUNGTAU,Ba Ria - Vung Tau,2014,annual,3752.0,Thous. dongs,not_specified,E1428,https://www.nso.gov.vn/en/px-web?pxid=E1428&theme=Health%2C%20Culture%2C%20Sport%20and%20Living%20standard,source_reported_unharmonized
e1428_c9b3c38247,health_culture_environment,Monthly average income per capita at current prices by income source and by province,Total,VN_SRC_BARIAVUNGTAU,Ba Ria - Vung Tau,2016,annual,4413.0,Thous. dongs,not_specified,E1428,https://www.nso.gov.vn/en/px-web?pxid=E1428&theme=Health%2C%20Culture%2C%20Sport%20and%20Living%20standard,source_reported_unharmonized
e1428_c9b3c38247,health_culture_environment,Monthly average income per capita at current prices by income source and by province,Total,VN_SRC_BARIAVUNGTAU,Ba Ria - Vung Tau,2018,annual,4881.0,Thous. dongs,not_specified,E1428,https://www.nso.gov.vn/en/px-web?pxid=E1428&theme=Health%2C%20Culture%2C%20Sport%20and%20Living%20standard,source_reported_unharmonized
e1428_c9b3c38247,health_culture_environment,Monthly average income per capita at current prices by income source and by province,Total,VN_SRC_BARIAVUNGTAU,Ba Ria - Vung Tau,2019,annual,5310.0,Thous. dongs,not_specified,E1428,https://www.nso.gov.vn/en/px-web?pxid=E1428&theme=Health%2C%20Culture%2C%20Sport%20and%20Living%20standard,source_reported_unharmonized
e1428_c9b3c38247,health_culture_environment,Monthly average income per capita at current prices by income source and by province,Total,VN_SRC_BARIAVUNGTAU,Ba Ria - Vung Tau,2020,annual,4610.35,Thous. dongs,not_specified,E1428,https://www.nso.gov.vn/en/px-web?pxid=E1428&theme=Health%2C%20Culture%2C%20Sport%20and%20Living%20standard,source_reported_unharmonized
e1428_c9b3c38247,health_culture_environment,Monthly average income per capita at current prices by income source and by province,Total,VN_SRC_BARIAVUNGTAU,Ba Ria - Vung Tau,2021,annual,4419.45,Thous. dongs,not_specified,E1428,https://www.nso.gov.vn/en/px-web?pxid=E1428&theme=Health%2C%20Culture%2C%20Sport%20and%20Living%20standard,source_reported_unharmonized
e1428_c9b3c38247,health_culture_environment,Monthly average income per capita at current prices by income source and by province,Total,VN_SRC_BARIAVUNGTAU,Ba Ria - Vung Tau,2022,annual,4815.23,Thous. dongs,not_specified,E1428,https://www.nso.gov.vn/en/px-web?pxid=E1428&theme=Health%2C%20Culture%2C%20Sport%20and%20Living%20standard,source_reported_unharmonized
e1428_c9b3c38247,health_culture_environment,Monthly average income per capita at current prices by income source and by province,Total,VN_SRC_BARIAVUNGTAU,Ba Ria - Vung Tau,2023,annual,5339.6,Thous. dongs,not_specified,E1428,https://www.nso.gov.vn/en/px-web?pxid=E1428&theme=Health%2C%20Culture%2C%20Sport%20and%20Living%20standard,source_reported_unharmonized
e1428_c9b3c38247,health_culture_environment,Monthly average income per capita at current prices by income source and by province,Total,VN_SRC_BARIAVUNGTAU,Ba Ria - Vung Tau,2024,annual,5704.09,Thous. dongs,not_specified,E1428,https://www.nso.gov.vn/en/px-web?pxid=E1428&theme=Health%2C%20Culture%2C%20Sport%20and%20Living%20standard,source_reported_unharmonized
e1428_c9b3c38247,health_culture_environment,Monthly average income per capita at current prices by income source and by province,Total,VN_SRC_BARIAVUNGTAU,Ba Ria - Vung Tau,2025,annual,6154.29,Thous. dongs,not_specified,E1428,https://www.nso.gov.vn/en/px-web?pxid=E1428&theme=Health%2C%20Culture%2C%20Sport%20and%20Living%20standard,source_reported_unharmonized
e1428_c9b3c38247,health_culture_environment,Monthly average income per capita at current prices by income source and by province,Total,VN_SRC_HOCHIMINHCITY,Ho Chi Minh city,2010,annual,2737.0,Thous. dongs,not_specified,E1428,https://www.nso.gov.vn/en/px-web?pxid=E1428&theme=Health%2C%20Culture%2C%20Sport%20and%20Living%20standard,source_reported_unharmonized
e1428_c9b3c38247,health_culture_environment,Monthly average income per capita at current prices by income source and by province,Total,VN_SRC_HOCHIMINHCITY,Ho Chi Minh city,2012,annual,3653.0,Thous. dongs,not_specified,E1428,https://www.nso.gov.vn/en/px-web?pxid=E1428&theme=Health%2C%20Culture%2C%20Sport%20and%20Living%20standard,source_reported_unharmonized
e1428_c9b3c38247,health_culture_environment,Monthly average income per capita at current prices by income source and by province,Total,VN_SRC_HOCHIMINHCITY,Ho Chi Minh city,2014,annual,4840.0,Thous. dongs,not_specified,E1428,https://www.nso.gov.vn/en/px-web?pxid=E1428&theme=Health%2C%20Culture%2C%20Sport%20and%20Living%20standard,source_reported_unharmonized
e1428_c9b3c38247,health_culture_environment,Monthly average income per capita at current prices by income source and by province,Total,VN_SRC_HOCHIMINHCITY,Ho Chi Minh city,2016,annual,5109.0,Thous. dongs,not_specified,E1428,https://www.nso.gov.vn/en/px-web?pxid=E1428&theme=Health%2C%20Culture%2C%20Sport%20and%20Living%20standard,source_reported_unharmonized
e1428_c9b3c38247,health_culture_environment,Monthly average income per capita at current prices by income source and by province,Total,VN_SRC_HOCHIMINHCITY,Ho Chi Minh city,2018,annual,6177.0,Thous. dongs,not_specified,E1428,https://www.nso.gov.vn/en/px-web?pxid=E1428&theme=Health%2C%20Culture%2C%20Sport%20and%20Living%20standard,source_reported_unharmonized
e1428_c9b3c38247,health_culture_environment,Monthly average income per capita at current prices by income source and by province,Total,VN_SRC_HOCHIMINHCITY,Ho Chi Minh city,2019,annual,6758.0,Thous. dongs,not_specified,E1428,https://www.nso.gov.vn/en/px-web?pxid=E1428&theme=Health%2C%20Culture%2C%20Sport%20and%20Living%20standard,source_reported_unharmonized
e1428_c9b3c38247,health_culture_environment,Monthly average income per capita at current prices by income source and by province,Total,VN_SRC_HOCHIMINHCITY,Ho Chi Minh city,2020,annual,6536.88,Thous. dongs,not_specified,E1428,https://www.nso.gov.vn/en/px-web?pxid=E1428&theme=Health%2C%20Culture%2C%20Sport%20and%20Living%20standard,source_reported_unharmonized
e1428_c9b3c38247,health_culture_environment,Monthly average income per capita at current prices by income source and by province,Total,VN_SRC_HOCHIMINHCITY,Ho Chi Minh city,2021,annual,6007.58,Thous. dongs,not_specified,E1428,https://www.nso.gov.vn/en/px-web?pxid=E1428&theme=Health%2C%20Culture%2C%20Sport%20and%20Living%20standard,source_reported_unharmonized
e1428_c9b3c38247,health_culture_environment,Monthly average income per capita at current prices by income source and by province,Total,VN_SRC_HOCHIMINHCITY,Ho Chi Minh city,2022,annual,6391.59,Thous. dongs,not_specified,E1428,https://www.nso.gov.vn/en/px-web?pxid=E1428&theme=Health%2C%20Culture%2C%20Sport%20and%20Living%20standard,source_reported_unharmonized
e1428_c9b3c38247,health_culture_environment,Monthly average income per capita at current prices by income source and by province,Total,VN_SRC_HOCHIMINHCITY,Ho Chi Minh city,2023,annual,6516.26,Thous. dongs,not_specified,E1428,https://www.nso.gov.vn/en/px-web?pxid=E1428&theme=Health%2C%20Culture%2C%20Sport%20and%20Living%20standard,source_reported_unharmonized
e1428_c9b3c38247,health_culture_environment,Monthly average income per capita at current prices by income source and by province,Total,VN_SRC_HOCHIMINHCITY,Ho Chi Minh city,2024,annual,7105.85,Thous. dongs,not_specified,E1428,https://www.nso.gov.vn/en/px-web?pxid=E1428&theme=Health%2C%20Culture%2C%20Sport%20and%20Living%20standard,source_reported_unharmonized
e1428_c9b3c38247,health_culture_environment,Monthly average income per capita at current prices by income source and by province,Total,VN_SRC_HOCHIMINHCITY,Ho Chi Minh city,2025,annual,7898.91,Thous. dongs,not_specified,E1428,https://www.nso.gov.vn/en/px-web?pxid=E1428&theme=Health%2C%20Culture%2C%20Sport%20and%20Living%20standard,source_reported_unharmonized
e1428_c9b3c38247,health_culture_environment,Monthly average income per capita at current prices by income source and by province,Total,VN_SRC_LONGAN,Long An,2010,annual,1289.0,Thous. dongs,not_specified,E1428,https://www.nso.gov.vn/en/px-web?pxid=E1428&theme=Health%2C%20Culture%2C%20Sport%20and%20Living%20standard,source_reported_unharmonized
e1428_c9b3c38247,health_culture_environment,Monthly average income per capita at current prices by income source and by province,Total,VN_SRC_LONGAN,Long An,2012,annual,1956.0,Thous. dongs,not_specified,E1428,https://www.nso.gov.vn/en/px-web?pxid=E1428&theme=Health%2C%20Culture%2C%20Sport%20and%20Living%20standard,source_reported_unharmonized
e1428_c9b3c38247,health_culture_environment,Monthly average income per capita at current prices by income source and by province,Total,VN_SRC_LONGAN,Long An,2014,annual,2430.0,Thous. dongs,not_specified,E1428,https://www.nso.gov.vn/en/px-web?pxid=E1428&theme=Health%2C%20Culture%2C%20Sport%20and%20Living%20standard,source_reported_unharmonized
e1428_c9b3c38247,health_culture_environment,Monthly average income per capita at current prices by income source and by province,Total,VN_SRC_LONGAN,Long An,2016,annual,3242.0,Thous. dongs,not_specified,E1428,https://www.nso.gov.vn/en/px-web?pxid=E1428&theme=Health%2C%20Culture%2C%20Sport%20and%20Living%20standard,source_reported_unharmonized
e1428_c9b3c38247,health_culture_environment,Monthly average income per capita at current prices by income source and by province,Total,VN_SRC_LONGAN,Long An,2018,annual,4215.0,Thous. dongs,not_specified,E1428,https://www.nso.gov.vn/en/px-web?pxid=E1428&theme=Health%2C%20Culture%2C%20Sport%20and%20Living%20standard,source_reported_unharmonized
e1428_c9b3c38247,health_culture_environment,Monthly average income per capita at current prices by income source and by province,Total,VN_SRC_LONGAN,Long An,2019,annual,4544.0,Thous. dongs,not_specified,E1428,https://www.nso.gov.vn/en/px-web?pxid=E1428&theme=Health%2C%20Culture%2C%20Sport%20and%20Living%20standard,source_reported_unharmonized
e1428_c9b3c38247,health_culture_environment,Monthly average income per capita at current prices by income source and by province,Total,VN_SRC_LONGAN,Long An,2020,annual,4231.85,Thous. dongs,not_specified,E1428,https://www.nso.gov.vn/en/px-web?pxid=E1428&theme=Health%2C%20Culture%2C%20Sport%20and%20Living%20standard,source_reported_unharmonized
e1428_c9b3c38247,health_culture_environment,Monthly average income per capita at current prices by income source and by province,Total,VN_SRC_LONGAN,Long An,2021,annual,3724.87,Thous. dongs,not_specified,E1428,https://www.nso.gov.vn/en/px-web?pxid=E1428&theme=Health%2C%20Culture%2C%20Sport%20and%20Living%20standard,source_reported_unharmonized
e1428_c9b3c38247,health_culture_environment,Monthly average income per capita at current prices by income source and by province,Total,VN_SRC_LONGAN,Long An,2022,annual,3865.32,Thous. dongs,not_specified,E1428,https://www.nso.gov.vn/en/px-web?pxid=E1428&theme=Health%2C%20Culture%2C%20Sport%20and%20Living%20standard,source_reported_unharmonized
e1428_c9b3c38247,health_culture_environment,Monthly average income per capita at current prices by income source and by province,Total,VN_SRC_LONGAN,Long An,2023,annual,4235.65,Thous. dongs,not_specified,E1428,https://www.nso.gov.vn/en/px-web?pxid=E1428&theme=Health%2C%20Culture%2C%20Sport%20and%20Living%20standard,source_reported_unharmonized
e1428_c9b3c38247,health_culture_environment,Monthly average income per capita at current prices by income source and by province,Total,VN_SRC_LONGAN,Long An,2024,annual,4603.34,Thous. dongs,not_specified,E1428,https://www.nso.gov.vn/en/px-web?pxid=E1428&theme=Health%2C%20Culture%2C%20Sport%20and%20Living%20standard,source_reported_unharmonized
e1428_c9b3c38247,health_culture_environment,Monthly average income per capita at current prices by income source and by province,Total,VN_SRC_LONGAN,Long An,2025,annual,5273.64,Thous. dongs,not_specified,E1428,https://www.nso.gov.vn/en/px-web?pxid=E1428&theme=Health%2C%20Culture%2C%20Sport%20and%20Living%20standard,source_reported_unharmonized
e1428_c9b3c38247,health_culture_environment,Monthly average income per capita at current prices by income source and by province,Total,VN_SRC_TIENGIANG,Tien Giang,2010,annual,1313.0,Thous. dongs,not_specified,E1428,https://www.nso.gov.vn/en/px-web?pxid=E1428&theme=Health%2C%20Culture%2C%20Sport%20and%20Living%20standard,source_reported_unharmonized
e1428_c9b3c38247,health_culture_environment,Monthly average income per capita at current prices by income source and by province,Total,VN_SRC_TIENGIANG,Tien Giang,2012,annual,1941.0,Thous. dongs,not_specified,E1428,https://www.nso.gov.vn/en/px-web?pxid=E1428&theme=Health%2C%20Culture%2C%20Sport%20and%20Living%20standard,source_reported_unharmonized
e1428_c9b3c38247,health_culture_environment,Monthly average income per capita at current prices by income source and by province,Total,VN_SRC_TIENGIANG,Tien Giang,2014,annual,2596.0,Thous. dongs,not_specified,E1428,https://www.nso.gov.vn/en/px-web?pxid=E1428&theme=Health%2C%20Culture%2C%20Sport%20and%20Living%20standard,source_reported_unharmonized
e1428_c9b3c38247,health_culture_environment,Monthly average income per capita at current prices by income source and by province,Total,VN_SRC_TIENGIANG,Tien Giang,2016,annual,3139.0,Thous. dongs,not_specified,E1428,https://www.nso.gov.vn/en/px-web?pxid=E1428&theme=Health%2C%20Culture%2C%20Sport%20and%20Living%20standard,source_reported_unharmonized
e1428_c9b3c38247,health_culture_environment,Monthly average income per capita at current prices by income source and by province,Total,VN_SRC_TIENGIANG,Tien Giang,2018,annual,3984.0,Thous. dongs,not_specified,E1428,https://www.nso.gov.vn/en/px-web?pxid=E1428&theme=Health%2C%20Culture%2C%20Sport%20and%20Living%20standard,source_reported_unharmonized
e1428_c9b3c38247,health_culture_environment,Monthly average income per capita at current prices by income source and by province,Total,VN_SRC_TIENGIANG,Tien Giang,2019,annual,4296.0,Thous. dongs,not_specified,E1428,https://www.nso.gov.vn/en/px-web?pxid=E1428&theme=Health%2C%20Culture%2C%20Sport%20and%20Living%20standard,source_reported_unharmonized
e1428_c9b3c38247,health_culture_environment,Monthly average income per capita at current prices by income source and by province,Total,VN_SRC_TIENGIANG,Tien Giang,2020,annual,4534.3,Thous. dongs,not_specified,E1428,https://www.nso.gov.vn/en/px-web?pxid=E1428&theme=Health%2C%20Culture%2C%20Sport%20and%20Living%20standard,source_reported_unharmonized
e1428_c9b3c38247,health_culture_environment,Monthly average income per capita at current prices by income source and by province,Total,VN_SRC_TIENGIANG,Tien Giang,2021,annual,3932.13,Thous. dongs,not_specified,E1428,https://www.nso.gov.vn/en/px-web?pxid=E1428&theme=Health%2C%20Culture%2C%20Sport%20and%20Living%20standard,source_reported_unharmonized
e1428_c9b3c38247,health_culture_environment,Monthly average income per capita at current prices by income source and by province,Total,VN_SRC_TIENGIANG,Tien Giang,2022,annual,4118.47,Thous. dongs,not_specified,E1428,https://www.nso.gov.vn/en/px-web?pxid=E1428&theme=Health%2C%20Culture%2C%20Sport%20and%20Living%20standard,source_reported_unharmonized
e1428_c9b3c38247,health_culture_environment,Monthly average income per capita at current prices by income source and by province,Total,VN_SRC_TIENGIANG,Tien Giang,2023,annual,4600.59,Thous. dongs,not_specified,E1428,https://www.nso.gov.vn/en/px-web?pxid=E1428&theme=Health%2C%20Culture%2C%20Sport%20and%20Living%20standard,source_reported_unharmonized
e1428_c9b3c38247,health_culture_environment,Monthly average income per capita at current prices by income source and by province,Total,VN_SRC_TIENGIANG,Tien Giang,2024,annual,5020.84,Thous. dongs,not_specified,E1428,https://www.nso.gov.vn/en/px-web?pxid=E1428&theme=Health%2C%20Culture%2C%20Sport%20and%20Living%20standard,source_reported_unharmonized
e1428_c9b3c38247,health_culture_environment,Monthly average income per capita at current prices by income source and by province,Total,VN_SRC_TIENGIANG,Tien Giang,2025,annual,5529.45,Thous. dongs,not_specified,E1428,https://www.nso.gov.vn/en/px-web?pxid=E1428&theme=Health%2C%20Culture%2C%20Sport%20and%20Living%20standard,source_reported_unharmonized
e1428_c9b3c38247,health_culture_environment,Monthly average income per capita at current prices by income source and by province,Total,VN_SRC_BENTRE,Ben Tre,2010,annual,1200.0,Thous. dongs,not_specified,E1428,https://www.nso.gov.vn/en/px-web?pxid=E1428&theme=Health%2C%20Culture%2C%20Sport%20and%20Living%20standard,source_reported_unharmonized
e1428_c9b3c38247,health_culture_environment,Monthly average income per capita at current prices by income source and by province,Total,VN_SRC_BENTRE,Ben Tre,2012,annual,1580.0,Thous. dongs,not_specified,E1428,https://www.nso.gov.vn/en/px-web?pxid=E1428&theme=Health%2C%20Culture%2C%20Sport%20and%20Living%20standard,source_reported_unharmonized
e1428_c9b3c38247,health_culture_environment,Monthly average income per capita at current prices by income source and by province,Total,VN_SRC_BENTRE,Ben Tre,2014,annual,2162.0,Thous. dongs,not_specified,E1428,https://www.nso.gov.vn/en/px-web?pxid=E1428&theme=Health%2C%20Culture%2C%20Sport%20and%20Living%20standard,source_reported_unharmonized
e1428_c9b3c38247,health_culture_environment,Monthly average income per capita at current prices by income source and by province,Total,VN_SRC_BENTRE,Ben Tre,2016,annual,2450.0,Thous. dongs,not_specified,E1428,https://www.nso.gov.vn/en/px-web?pxid=E1428&theme=Health%2C%20Culture%2C%20Sport%20and%20Living%20standard,source_reported_unharmonized
e1428_c9b3c38247,health_culture_environment,Monthly average income per capita at current prices by income source and by province,Total,VN_SRC_BENTRE,Ben Tre,2018,annual,3409.0,Thous. dongs,not_specified,E1428,https://www.nso.gov.vn/en/px-web?pxid=E1428&theme=Health%2C%20Culture%2C%20Sport%20and%20Living%20standard,source_reported_unharmonized
e1428_c9b3c38247,health_culture_environment,Monthly average income per capita at current prices by income source and by province,Total,VN_SRC_BENTRE,Ben Tre,2019,annual,3685.0,Thous. dongs,not_specified,E1428,https://www.nso.gov.vn/en/px-web?pxid=E1428&theme=Health%2C%20Culture%2C%20Sport%20and%20Living%20standard,source_reported_unharmonized
e1428_c9b3c38247,health_culture_environment,Monthly average income per capita at current prices by income source and by province,Total,VN_SRC_BENTRE,Ben Tre,2020,annual,3544.07,Thous. dongs,not_specified,E1428,https://www.nso.gov.vn/en/px-web?pxid=E1428&theme=Health%2C%20Culture%2C%20Sport%20and%20Living%20standard,source_reported_unharmonized
e1428_c9b3c38247,health_culture_environment,Monthly average income per capita at current prices by income source and by province,Total,VN_SRC_BENTRE,Ben Tre,2021,annual,3367.27,Thous. dongs,not_specified,E1428,https://www.nso.gov.vn/en/px-web?pxid=E1428&theme=Health%2C%20Culture%2C%20Sport%20and%20Living%20standard,source_reported_unharmonized
e1428_c9b3c38247,health_culture_environment,Monthly average income per capita at current prices by income source and by province,Total,VN_SRC_BENTRE,Ben Tre,2022,annual,3840.15,Thous. dongs,not_specified,E1428,https://www.nso.gov.vn/en/px-web?pxid=E1428&theme=Health%2C%20Culture%2C%20Sport%20and%20Living%20standard,source_reported_unharmonized
e1428_c9b3c38247,health_culture_environment,Monthly average income per capita at current prices by income source and by province,Total,VN_SRC_BENTRE,Ben Tre,2023,annual,4008.63,Thous. dongs,not_specified,E1428,https://www.nso.gov.vn/en/px-web?pxid=E1428&theme=Health%2C%20Culture%2C%20Sport%20and%20Living%20standard,source_reported_unharmonized
e1428_c9b3c38247,health_culture_environment,Monthly average income per capita at current prices by income source and by province,Total,VN_SRC_BENTRE,Ben Tre,2024,annual,4380.94,Thous. dongs,not_specified,E1428,https://www.nso.gov.vn/en/px-web?pxid=E1428&theme=Health%2C%20Culture%2C%20Sport%20and%20Living%20standard,source_reported_unharmonized
e1428_c9b3c38247,health_culture_environment,Monthly average income per capita at current prices by income source and by province,Total,VN_SRC_BENTRE,Ben Tre,2025,annual,5034.35,Thous. dongs,not_specified,E1428,https://www.nso.gov.vn/en/px-web?pxid=E1428&theme=Health%2C%20Culture%2C%20Sport%20and%20Living%20standard,source_reported_unharmonized
e1428_c9b3c38247,health_culture_environment,Monthly average income per capita at current prices by income source and by province,Total,VN_SRC_TRAVINH,Tra Vinh,2010,annual,1089.0,Thous. dongs,not_specified,E1428,https://www.nso.gov.vn/en/px-web?pxid=E1428&theme=Health%2C%20Culture%2C%20Sport%20and%20Living%20standard,source_reported_unharmonized
e1428_c9b3c38247,health_culture_environment,Monthly average income per capita at current prices by income source and by province,Total,VN_SRC_TRAVINH,Tra Vinh,2012,annual,1398.0,Thous. dongs,not_specified,E1428,https://www.nso.gov.vn/en/px-web?pxid=E1428&theme=Health%2C%20Culture%2C%20Sport%20and%20Living%20standard,source_reported_unharmonized
e1428_c9b3c38247,health_culture_environment,Monthly average income per capita at current prices by income source and by province,Total,VN_SRC_TRAVINH,Tra Vinh,2014,annual,2098.0,Thous. dongs,not_specified,E1428,https://www.nso.gov.vn/en/px-web?pxid=E1428&theme=Health%2C%20Culture%2C%20Sport%20and%20Living%20standard,source_reported_unharmonized
e1428_c9b3c38247,health_culture_environment,Monthly average income per capita at current prices by income source and by province,Total,VN_SRC_TRAVINH,Tra Vinh,2016,annual,2220.0,Thous. dongs,not_specified,E1428,https://www.nso.gov.vn/en/px-web?pxid=E1428&theme=Health%2C%20Culture%2C%20Sport%20and%20Living%20standard,source_reported_unharmonized
e1428_c9b3c38247,health_culture_environment,Monthly average income per capita at current prices by income source and by province,Total,VN_SRC_TRAVINH,Tra Vinh,2018,annual,2869.0,Thous. dongs,not_specified,E1428,https://www.nso.gov.vn/en/px-web?pxid=E1428&theme=Health%2C%20Culture%2C%20Sport%20and%20Living%20standard,source_reported_unharmonized
e1428_c9b3c38247,health_culture_environment,Monthly average income per capita at current prices by income source and by province,Total,VN_SRC_TRAVINH,Tra Vinh,2019,annual,3138.0,Thous. dongs,not_specified,E1428,https://www.nso.gov.vn/en/px-web?pxid=E1428&theme=Health%2C%20Culture%2C%20Sport%20and%20Living%20standard,source_reported_unharmonized
e1428_c9b3c38247,health_culture_environment,Monthly average income per capita at current prices by income source and by province,Total,VN_SRC_TRAVINH,Tra Vinh,2020,annual,3436.71,Thous. dongs,not_specified,E1428,https://www.nso.gov.vn/en/px-web?pxid=E1428&theme=Health%2C%20Culture%2C%20Sport%20and%20Living%20standard,source_reported_unharmonized
e1428_c9b3c38247,health_culture_environment,Monthly average income per capita at current prices by income source and by province,Total,VN_SRC_TRAVINH,Tra Vinh,2021,annual,3290.07,Thous. dongs,not_specified,E1428,https://www.nso.gov.vn/en/px-web?pxid=E1428&theme=Health%2C%20Culture%2C%20Sport%20and%20Living%20standard,source_reported_unharmonized
e1428_c9b3c38247,health_culture_environment,Monthly average income per capita at current prices by income source and by province,Total,VN_SRC_TRAVINH,Tra Vinh,2022,annual,3711.23,Thous. dongs,not_specified,E1428,https://www.nso.gov.vn/en/px-web?pxid=E1428&theme=Health%2C%20Culture%2C%20Sport%20and%20Living%20standard,source_reported_unharmonized
e1428_c9b3c38247,health_culture_environment,Monthly average income per capita at current prices by income source and by province,Total,VN_SRC_TRAVINH,Tra Vinh,2023,annual,3858.51,Thous. dongs,not_specified,E1428,https://www.nso.gov.vn/en/px-web?pxid=E1428&theme=Health%2C%20Culture%2C%20Sport%20and%20Living%20standard,source_reported_unharmonized
e1428_c9b3c38247,health_culture_environment,Monthly average income per capita at current prices by income source and by province,Total,VN_SRC_TRAVINH,Tra Vinh,2024,annual,4182.55,Thous. dongs,not_specified,E1428,https://www.nso.gov.vn/en/px-web?pxid=E1428&theme=Health%2C%20Culture%2C%20Sport%20and%20Living%20standard,source_reported_unharmonized
e1428_c9b3c38247,health_culture_environment,Monthly average income per capita at current prices by income source and by province,Total,VN_SRC_TRAVINH,Tra Vinh,2025,annual,5215.29,Thous. dongs,not_specified,E1428,https://www.nso.gov.vn/en/px-web?pxid=E1428&theme=Health%2C%20Culture%2C%20Sport%20and%20Living%20standard,source_reported_unharmonized
e1428_c9b3c38247,health_culture_environment,Monthly average income per capita at current prices by income source and by province,Total,VN_SRC_VINHLONG,Vinh Long,2010,annual,1239.0,Thous. dongs,not_specified,E1428,https://www.nso.gov.vn/en/px-web?pxid=E1428&theme=Health%2C%20Culture%2C%20Sport%20and%20Living%20standard,source_reported_unharmonized
e1428_c9b3c38247,health_culture_environment,Monthly average income per capita at current prices by income source and by province,Total,VN_SRC_VINHLONG,Vinh Long,2012,annual,1744.0,Thous. dongs,not_specified,E1428,https://www.nso.gov.vn/en/px-web?pxid=E1428&theme=Health%2C%20Culture%2C%20Sport%20and%20Living%20standard,source_reported_unharmonized
e1428_c9b3c38247,health_culture_environment,Monthly average income per capita at current prices by income source and by province,Total,VN_SRC_VINHLONG,Vinh Long,2014,annual,2205.0,Thous. dongs,not_specified,E1428,https://www.nso.gov.vn/en/px-web?pxid=E1428&theme=Health%2C%20Culture%2C%20Sport%20and%20Living%20standard,source_reported_unharmonized
e1428_c9b3c38247,health_culture_environment,Monthly average income per capita at current prices by income source and by province,Total,VN_SRC_VINHLONG,Vinh Long,2016,annual,2378.0,Thous. dongs,not_specified,E1428,https://www.nso.gov.vn/en/px-web?pxid=E1428&theme=Health%2C%20Culture%2C%20Sport%20and%20Living%20standard,source_reported_unharmonized
e1428_c9b3c38247,health_culture_environment,Monthly average income per capita at current prices by income source and by province,Total,VN_SRC_VINHLONG,Vinh Long,2018,annual,3089.0,Thous. dongs,not_specified,E1428,https://www.nso.gov.vn/en/px-web?pxid=E1428&theme=Health%2C%20Culture%2C%20Sport%20and%20Living%20standard,source_reported_unharmonized
e1428_c9b3c38247,health_culture_environment,Monthly average income per capita at current prices by income source and by province,Total,VN_SRC_VINHLONG,Vinh Long,2019,annual,3329.0,Thous. dongs,not_specified,E1428,https://www.nso.gov.vn/en/px-web?pxid=E1428&theme=Health%2C%20Culture%2C%20Sport%20and%20Living%20standard,source_reported_unharmonized
e1428_c9b3c38247,health_culture_environment,Monthly average income per capita at current prices by income source and by province,Total,VN_SRC_VINHLONG,Vinh Long,2020,annual,3201.26,Thous. dongs,not_specified,E1428,https://www.nso.gov.vn/en/px-web?pxid=E1428&theme=Health%2C%20Culture%2C%20Sport%20and%20Living%20standard,source_reported_unharmonized
e1428_c9b3c38247,health_culture_environment,Monthly average income per capita at current prices by income source and by province,Total,VN_SRC_VINHLONG,Vinh Long,2021,annual,3172.77,Thous. dongs,not_specified,E1428,https://www.nso.gov.vn/en/px-web?pxid=E1428&theme=Health%2C%20Culture%2C%20Sport%20and%20Living%20standard,source_reported_unharmonized
e1428_c9b3c38247,health_culture_environment,Monthly average income per capita at current prices by income source and by province,Total,VN_SRC_VINHLONG,Vinh Long,2022,annual,3501.68,Thous. dongs,not_specified,E1428,https://www.nso.gov.vn/en/px-web?pxid=E1428&theme=Health%2C%20Culture%2C%20Sport%20and%20Living%20standard,source_reported_unharmonized
e1428_c9b3c38247,health_culture_environment,Monthly average income per capita at current prices by income source and by province,Total,VN_SRC_VINHLONG,Vinh Long,2023,annual,3757.0,Thous. dongs,not_specified,E1428,https://www.nso.gov.vn/en/px-web?pxid=E1428&theme=Health%2C%20Culture%2C%20Sport%20and%20Living%20standard,source_reported_unharmonized
e1428_c9b3c38247,health_culture_environment,Monthly average income per capita at current prices by income source and by province,Total,VN_SRC_VINHLONG,Vinh Long,2024,annual,4084.74,Thous. dongs,not_specified,E1428,https://www.nso.gov.vn/en/px-web?pxid=E1428&theme=Health%2C%20Culture%2C%20Sport%20and%20Living%20standard,source_reported_unharmonized
e1428_c9b3c38247,health_culture_environment,Monthly average income per capita at current prices by income source and by province,Total,VN_SRC_VINHLONG,Vinh Long,2025,annual,4433.73,Thous. dongs,not_specified,E1428,https://www.nso.gov.vn/en/px-web?pxid=E1428&theme=Health%2C%20Culture%2C%20Sport%20and%20Living%20standard,source_reported_unharmonized
e1428_c9b3c38247,health_culture_environment,Monthly average income per capita at current prices by income source and by province,Total,VN_SRC_DONGTHAP,Dong Thap,2010,annual,1138.0,Thous. dongs,not_specified,E1428,https://www.nso.gov.vn/en/px-web?pxid=E1428&theme=Health%2C%20Culture%2C%20Sport%20and%20Living%20standard,source_reported_unharmonized
e1428_c9b3c38247,health_culture_environment,Monthly average income per capita at current prices by income source and by province,Total,VN_SRC_DONGTHAP,Dong Thap,2012,annual,1666.0,Thous. dongs,not_specified,E1428,https://www.nso.gov.vn/en/px-web?pxid=E1428&theme=Health%2C%20Culture%2C%20Sport%20and%20Living%20standard,source_reported_unharmonized
e1428_c9b3c38247,health_culture_environment,Monthly average income per capita at current prices by income source and by province,Total,VN_SRC_DONGTHAP,Dong Thap,2014,annual,2134.0,Thous. dongs,not_specified,E1428,https://www.nso.gov.vn/en/px-web?pxid=E1428&theme=Health%2C%20Culture%2C%20Sport%20and%20Living%20standard,source_reported_unharmonized
e1428_c9b3c38247,health_culture_environment,Monthly average income per capita at current prices by income source and by province,Total,VN_SRC_DONGTHAP,Dong Thap,2016,annual,2691.0,Thous. dongs,not_specified,E1428,https://www.nso.gov.vn/en/px-web?pxid=E1428&theme=Health%2C%20Culture%2C%20Sport%20and%20Living%20standard,source_reported_unharmonized
e1428_c9b3c38247,health_culture_environment,Monthly average income per capita at current prices by income source and by province,Total,VN_SRC_DONGTHAP,Dong Thap,2018,annual,3500.0,Thous. dongs,not_specified,E1428,https://www.nso.gov.vn/en/px-web?pxid=E1428&theme=Health%2C%20Culture%2C%20Sport%20and%20Living%20standard,source_reported_unharmonized
e1428_c9b3c38247,health_culture_environment,Monthly average income per capita at current prices by income source and by province,Total,VN_SRC_DONGTHAP,Dong Thap,2019,annual,3777.0,Thous. dongs,not_specified,E1428,https://www.nso.gov.vn/en/px-web?pxid=E1428&theme=Health%2C%20Culture%2C%20Sport%20and%20Living%20standard,source_reported_unharmonized
e1428_c9b3c38247,health_culture_environment,Monthly average income per capita at current prices by income source and by province,Total,VN_SRC_DONGTHAP,Dong Thap,2020,annual,3965.11,Thous. dongs,not_specified,E1428,https://www.nso.gov.vn/en/px-web?pxid=E1428&theme=Health%2C%20Culture%2C%20Sport%20and%20Living%20standard,source_reported_unharmonized
e1428_c9b3c38247,health_culture_environment,Monthly average income per capita at current prices by income source and by province,Total,VN_SRC_DONGTHAP,Dong Thap,2021,annual,4198.93,Thous. dongs,not_specified,E1428,https://www.nso.gov.vn/en/px-web?pxid=E1428&theme=Health%2C%20Culture%2C%20Sport%20and%20Living%20standard,source_reported_unharmonized
e1428_c9b3c38247,health_culture_environment,Monthly average income per capita at current prices by income source and by province,Total,VN_SRC_DONGTHAP,Dong Thap,2022,annual,4546.87,Thous. dongs,not_specified,E1428,https://www.nso.gov.vn/en/px-web?pxid=E1428&theme=Health%2C%20Culture%2C%20Sport%20and%20Living%20standard,source_reported_unharmonized
e1428_c9b3c38247,health_culture_environment,Monthly average income per capita at current prices by income source and by province,Total,VN_SRC_DONGTHAP,Dong Thap,2023,annual,4905.95,Thous. dongs,not_specified,E1428,https://www.nso.gov.vn/en/px-web?pxid=E1428&theme=Health%2C%20Culture%2C%20Sport%20and%20Living%20standard,source_reported_unharmonized
e1428_c9b3c38247,health_culture_environment,Monthly average income per capita at current prices by income source and by province,Total,VN_SRC_DONGTHAP,Dong Thap,2024,annual,5313.51,Thous. dongs,not_specified,E1428,https://www.nso.gov.vn/en/px-web?pxid=E1428&theme=Health%2C%20Culture%2C%20Sport%20and%20Living%20standard,source_reported_unharmonized
e1428_c9b3c38247,health_culture_environment,Monthly average income per capita at current prices by income source and by province,Total,VN_SRC_DONGTHAP,Dong Thap,2025,annual,5648.38,Thous. dongs,not_specified,E1428,https://www.nso.gov.vn/en/px-web?pxid=E1428&theme=Health%2C%20Culture%2C%20Sport%20and%20Living%20standard,source_reported_unharmonized
e1428_c9b3c38247,health_culture_environment,Monthly average income per capita at current prices by income source and by province,Total,VN_SRC_ANGIANG,An Giang,2010,annual,1319.0,Thous. dongs,not_specified,E1428,https://www.nso.gov.vn/en/px-web?pxid=E1428&theme=Health%2C%20Culture%2C%20Sport%20and%20Living%20standard,source_reported_unharmonized
e1428_c9b3c38247,health_culture_environment,Monthly average income per capita at current prices by income source and by province,Total,VN_SRC_ANGIANG,An Giang,2012,annual,1871.0,Thous. dongs,not_specified,E1428,https://www.nso.gov.vn/en/px-web?pxid=E1428&theme=Health%2C%20Culture%2C%20Sport%20and%20Living%20standard,source_reported_unharmonized
e1428_c9b3c38247,health_culture_environment,Monthly average income per capita at current prices by income source and by province,Total,VN_SRC_ANGIANG,An Giang,2014,annual,2472.0,Thous. dongs,not_specified,E1428,https://www.nso.gov.vn/en/px-web?pxid=E1428&theme=Health%2C%20Culture%2C%20Sport%20and%20Living%20standard,source_reported_unharmonized
e1428_c9b3c38247,health_culture_environment,Monthly average income per capita at current prices by income source and by province,Total,VN_SRC_ANGIANG,An Giang,2016,annual,2892.0,Thous. dongs,not_specified,E1428,https://www.nso.gov.vn/en/px-web?pxid=E1428&theme=Health%2C%20Culture%2C%20Sport%20and%20Living%20standard,source_reported_unharmonized
e1428_c9b3c38247,health_culture_environment,Monthly average income per capita at current prices by income source and by province,Total,VN_SRC_ANGIANG,An Giang,2018,annual,3560.0,Thous. dongs,not_specified,E1428,https://www.nso.gov.vn/en/px-web?pxid=E1428&theme=Health%2C%20Culture%2C%20Sport%20and%20Living%20standard,source_reported_unharmonized
e1428_c9b3c38247,health_culture_environment,Monthly average income per capita at current prices by income source and by province,Total,VN_SRC_ANGIANG,An Giang,2019,annual,3841.0,Thous. dongs,not_specified,E1428,https://www.nso.gov.vn/en/px-web?pxid=E1428&theme=Health%2C%20Culture%2C%20Sport%20and%20Living%20standard,source_reported_unharmonized
e1428_c9b3c38247,health_culture_environment,Monthly average income per capita at current prices by income source and by province,Total,VN_SRC_ANGIANG,An Giang,2020,annual,3338.19,Thous. dongs,not_specified,E1428,https://www.nso.gov.vn/en/px-web?pxid=E1428&theme=Health%2C%20Culture%2C%20Sport%20and%20Living%20standard,source_reported_unharmonized
e1428_c9b3c38247,health_culture_environment,Monthly average income per capita at current prices by income source and by province,Total,VN_SRC_ANGIANG,An Giang,2021,annual,3406.12,Thous. dongs,not_specified,E1428,https://www.nso.gov.vn/en/px-web?pxid=E1428&theme=Health%2C%20Culture%2C%20Sport%20and%20Living%20standard,source_reported_unharmonized
e1428_c9b3c38247,health_culture_environment,Monthly average income per capita at current prices by income source and by province,Total,VN_SRC_ANGIANG,An Giang,2022,annual,3645.6,Thous. dongs,not_specified,E1428,https://www.nso.gov.vn/en/px-web?pxid=E1428&theme=Health%2C%20Culture%2C%20Sport%20and%20Living%20standard,source_reported_unharmonized
e1428_c9b3c38247,health_culture_environment,Monthly average income per capita at current prices by income source and by province,Total,VN_SRC_ANGIANG,An Giang,2023,annual,3896.72,Thous. dongs,not_specified,E1428,https://www.nso.gov.vn/en/px-web?pxid=E1428&theme=Health%2C%20Culture%2C%20Sport%20and%20Living%20standard,source_reported_unharmonized
e1428_c9b3c38247,health_culture_environment,Monthly average income per capita at current prices by income source and by province,Total,VN_SRC_ANGIANG,An Giang,2024,annual,4219.6,Thous. dongs,not_specified,E1428,https://www.nso.gov.vn/en/px-web?pxid=E1428&theme=Health%2C%20Culture%2C%20Sport%20and%20Living%20standard,source_reported_unharmonized
e1428_c9b3c38247,health_culture_environment,Monthly average income per capita at current prices by income source and by province,Total,VN_SRC_ANGIANG,An Giang,2025,annual,4548.52,Thous. dongs,not_specified,E1428,https://www.nso.gov.vn/en/px-web?pxid=E1428&theme=Health%2C%20Culture%2C%20Sport%20and%20Living%20standard,source_reported_unharmonized
e1428_c9b3c38247,health_culture_environment,Monthly average income per capita at current prices by income source and by province,Total,VN_SRC_KIENGIANG,Kien Giang,2010,annual,1316.0,Thous. dongs,not_specified,E1428,https://www.nso.gov.vn/en/px-web?pxid=E1428&theme=Health%2C%20Culture%2C%20Sport%20and%20Living%20standard,source_reported_unharmonized
e1428_c9b3c38247,health_culture_environment,Monthly average income per capita at current prices by income source and by province,Total,VN_SRC_KIENGIANG,Kien Giang,2012,annual,1963.0,Thous. dongs,not_specified,E1428,https://www.nso.gov.vn/en/px-web?pxid=E1428&theme=Health%2C%20Culture%2C%20Sport%20and%20Living%20standard,source_reported_unharmonized
e1428_c9b3c38247,health_culture_environment,Monthly average income per capita at current prices by income source and by province,Total,VN_SRC_KIENGIANG,Kien Giang,2014,annual,2642.0,Thous. dongs,not_specified,E1428,https://www.nso.gov.vn/en/px-web?pxid=E1428&theme=Health%2C%20Culture%2C%20Sport%20and%20Living%20standard,source_reported_unharmonized
e1428_c9b3c38247,health_culture_environment,Monthly average income per capita at current prices by income source and by province,Total,VN_SRC_KIENGIANG,Kien Giang,2016,annual,3016.0,Thous. dongs,not_specified,E1428,https://www.nso.gov.vn/en/px-web?pxid=E1428&theme=Health%2C%20Culture%2C%20Sport%20and%20Living%20standard,source_reported_unharmonized
e1428_c9b3c38247,health_culture_environment,Monthly average income per capita at current prices by income source and by province,Total,VN_SRC_KIENGIANG,Kien Giang,2018,annual,3779.0,Thous. dongs,not_specified,E1428,https://www.nso.gov.vn/en/px-web?pxid=E1428&theme=Health%2C%20Culture%2C%20Sport%20and%20Living%20standard,source_reported_unharmonized
e1428_c9b3c38247,health_culture_environment,Monthly average income per capita at current prices by income source and by province,Total,VN_SRC_KIENGIANG,Kien Giang,2019,annual,4079.0,Thous. dongs,not_specified,E1428,https://www.nso.gov.vn/en/px-web?pxid=E1428&theme=Health%2C%20Culture%2C%20Sport%20and%20Living%20standard,source_reported_unharmonized
e1428_c9b3c38247,health_culture_environment,Monthly average income per capita at current prices by income source and by province,Total,VN_SRC_KIENGIANG,Kien Giang,2020,annual,4368.54,Thous. dongs,not_specified,E1428,https://www.nso.gov.vn/en/px-web?pxid=E1428&theme=Health%2C%20Culture%2C%20Sport%20and%20Living%20standard,source_reported_unharmonized
e1428_c9b3c38247,health_culture_environment,Monthly average income per capita at current prices by income source and by province,Total,VN_SRC_KIENGIANG,Kien Giang,2021,annual,3986.42,Thous. dongs,not_specified,E1428,https://www.nso.gov.vn/en/px-web?pxid=E1428&theme=Health%2C%20Culture%2C%20Sport%20and%20Living%20standard,source_reported_unharmonized
e1428_c9b3c38247,health_culture_environment,Monthly average income per capita at current prices by income source and by province,Total,VN_SRC_KIENGIANG,Kien Giang,2022,annual,4287.26,Thous. dongs,not_specified,E1428,https://www.nso.gov.vn/en/px-web?pxid=E1428&theme=Health%2C%20Culture%2C%20Sport%20and%20Living%20standard,source_reported_unharmonized
e1428_c9b3c38247,health_culture_environment,Monthly average income per capita at current prices by income source and by province,Total,VN_SRC_KIENGIANG,Kien Giang,2023,annual,4723.03,Thous. dongs,not_specified,E1428,https://www.nso.gov.vn/en/px-web?pxid=E1428&theme=Health%2C%20Culture%2C%20Sport%20and%20Living%20standard,source_reported_unharmonized
e1428_c9b3c38247,health_culture_environment,Monthly average income per capita at current prices by income source and by province,Total,VN_SRC_KIENGIANG,Kien Giang,2024,annual,5152.99,Thous. dongs,not_specified,E1428,https://www.nso.gov.vn/en/px-web?pxid=E1428&theme=Health%2C%20Culture%2C%20Sport%20and%20Living%20standard,source_reported_unharmonized
e1428_c9b3c38247,health_culture_environment,Monthly average income per capita at current prices by income source and by province,Total,VN_SRC_KIENGIANG,Kien Giang,2025,annual,5685.5,Thous. dongs,not_specified,E1428,https://www.nso.gov.vn/en/px-web?pxid=E1428&theme=Health%2C%20Culture%2C%20Sport%20and%20Living%20standard,source_reported_unharmonized
e1428_c9b3c38247,health_culture_environment,Monthly average income per capita at current prices by income source and by province,Total,VN_SRC_CANTHO,Can Tho,2010,annual,1540.0,Thous. dongs,not_specified,E1428,https://www.nso.gov.vn/en/px-web?pxid=E1428&theme=Health%2C%20Culture%2C%20Sport%20and%20Living%20standard,source_reported_unharmonized
e1428_c9b3c38247,health_culture_environment,Monthly average income per capita at current prices by income source and by province,Total,VN_SRC_CANTHO,Can Tho,2012,annual,2325.0,Thous. dongs,not_specified,E1428,https://www.nso.gov.vn/en/px-web?pxid=E1428&theme=Health%2C%20Culture%2C%20Sport%20and%20Living%20standard,source_reported_unharmonized
e1428_c9b3c38247,health_culture_environment,Monthly average income per capita at current prices by income source and by province,Total,VN_SRC_CANTHO,Can Tho,2014,annual,2673.0,Thous. dongs,not_specified,E1428,https://www.nso.gov.vn/en/px-web?pxid=E1428&theme=Health%2C%20Culture%2C%20Sport%20and%20Living%20standard,source_reported_unharmonized
e1428_c9b3c38247,health_culture_environment,Monthly average income per capita at current prices by income source and by province,Total,VN_SRC_CANTHO,Can Tho,2016,annual,3365.0,Thous. dongs,not_specified,E1428,https://www.nso.gov.vn/en/px-web?pxid=E1428&theme=Health%2C%20Culture%2C%20Sport%20and%20Living%20standard,source_reported_unharmonized
e1428_c9b3c38247,health_culture_environment,Monthly average income per capita at current prices by income source and by province,Total,VN_SRC_CANTHO,Can Tho,2018,annual,4371.0,Thous. dongs,not_specified,E1428,https://www.nso.gov.vn/en/px-web?pxid=E1428&theme=Health%2C%20Culture%2C%20Sport%20and%20Living%20standard,source_reported_unharmonized
e1428_c9b3c38247,health_culture_environment,Monthly average income per capita at current prices by income source and by province,Total,VN_SRC_CANTHO,Can Tho,2019,annual,4713.0,Thous. dongs,not_specified,E1428,https://www.nso.gov.vn/en/px-web?pxid=E1428&theme=Health%2C%20Culture%2C%20Sport%20and%20Living%20standard,source_reported_unharmonized
e1428_c9b3c38247,health_culture_environment,Monthly average income per capita at current prices by income source and by province,Total,VN_SRC_CANTHO,Can Tho,2020,annual,5031.09,Thous. dongs,not_specified,E1428,https://www.nso.gov.vn/en/px-web?pxid=E1428&theme=Health%2C%20Culture%2C%20Sport%20and%20Living%20standard,source_reported_unharmonized
e1428_c9b3c38247,health_culture_environment,Monthly average income per capita at current prices by income source and by province,Total,VN_SRC_CANTHO,Can Tho,2021,annual,4794.17,Thous. dongs,not_specified,E1428,https://www.nso.gov.vn/en/px-web?pxid=E1428&theme=Health%2C%20Culture%2C%20Sport%20and%20Living%20standard,source_reported_unharmonized
e1428_c9b3c38247,health_culture_environment,Monthly average income per capita at current prices by income source and by province,Total,VN_SRC_CANTHO,Can Tho,2022,annual,5323.66,Thous. dongs,not_specified,E1428,https://www.nso.gov.vn/en/px-web?pxid=E1428&theme=Health%2C%20Culture%2C%20Sport%20and%20Living%20standard,source_reported_unharmonized
e1428_c9b3c38247,health_culture_environment,Monthly average income per capita at current prices by income source and by province,Total,VN_SRC_CANTHO,Can Tho,2023,annual,5579.1,Thous. dongs,not_specified,E1428,https://www.nso.gov.vn/en/px-web?pxid=E1428&theme=Health%2C%20Culture%2C%20Sport%20and%20Living%20standard,source_reported_unharmonized
e1428_c9b3c38247,health_culture_environment,Monthly average income per capita at current prices by income source and by province,Total,VN_SRC_CANTHO,Can Tho,2024,annual,6050.72,Thous. dongs,not_specified,E1428,https://www.nso.gov.vn/en/px-web?pxid=E1428&theme=Health%2C%20Culture%2C%20Sport%20and%20Living%20standard,source_reported_unharmonized
e1428_c9b3c38247,health_culture_environment,Monthly average income per capita at current prices by income source and by province,Total,VN_SRC_CANTHO,Can Tho,2025,annual,6579.21,Thous. dongs,not_specified,E1428,https://www.nso.gov.vn/en/px-web?pxid=E1428&theme=Health%2C%20Culture%2C%20Sport%20and%20Living%20standard,source_reported_unharmonized
e1428_c9b3c38247,health_culture_environment,Monthly average income per capita at current prices by income source and by province,Total,VN_SRC_HAUGIANG,Hau Giang,2010,annual,1098.0,Thous. dongs,not_specified,E1428,https://www.nso.gov.vn/en/px-web?pxid=E1428&theme=Health%2C%20Culture%2C%20Sport%20and%20Living%20standard,source_reported_unharmonized
e1428_c9b3c38247,health_culture_environment,Monthly average income per capita at current prices by income source and by province,Total,VN_SRC_HAUGIANG,Hau Giang,2012,annual,1527.0,Thous. dongs,not_specified,E1428,https://www.nso.gov.vn/en/px-web?pxid=E1428&theme=Health%2C%20Culture%2C%20Sport%20and%20Living%20standard,source_reported_unharmonized
e1428_c9b3c38247,health_culture_environment,Monthly average income per capita at current prices by income source and by province,Total,VN_SRC_HAUGIANG,Hau Giang,2014,annual,2088.0,Thous. dongs,not_specified,E1428,https://www.nso.gov.vn/en/px-web?pxid=E1428&theme=Health%2C%20Culture%2C%20Sport%20and%20Living%20standard,source_reported_unharmonized
e1428_c9b3c38247,health_culture_environment,Monthly average income per capita at current prices by income source and by province,Total,VN_SRC_HAUGIANG,Hau Giang,2016,annual,2611.0,Thous. dongs,not_specified,E1428,https://www.nso.gov.vn/en/px-web?pxid=E1428&theme=Health%2C%20Culture%2C%20Sport%20and%20Living%20standard,source_reported_unharmonized
e1428_c9b3c38247,health_culture_environment,Monthly average income per capita at current prices by income source and by province,Total,VN_SRC_HAUGIANG,Hau Giang,2018,annual,3548.0,Thous. dongs,not_specified,E1428,https://www.nso.gov.vn/en/px-web?pxid=E1428&theme=Health%2C%20Culture%2C%20Sport%20and%20Living%20standard,source_reported_unharmonized
e1428_c9b3c38247,health_culture_environment,Monthly average income per capita at current prices by income source and by province,Total,VN_SRC_HAUGIANG,Hau Giang,2019,annual,3871.0,Thous. dongs,not_specified,E1428,https://www.nso.gov.vn/en/px-web?pxid=E1428&theme=Health%2C%20Culture%2C%20Sport%20and%20Living%20standard,source_reported_unharmonized
e1428_c9b3c38247,health_culture_environment,Monthly average income per capita at current prices by income source and by province,Total,VN_SRC_HAUGIANG,Hau Giang,2020,annual,3974.29,Thous. dongs,not_specified,E1428,https://www.nso.gov.vn/en/px-web?pxid=E1428&theme=Health%2C%20Culture%2C%20Sport%20and%20Living%20standard,source_reported_unharmonized
e1428_c9b3c38247,health_culture_environment,Monthly average income per capita at current prices by income source and by province,Total,VN_SRC_HAUGIANG,Hau Giang,2021,annual,3761.04,Thous. dongs,not_specified,E1428,https://www.nso.gov.vn/en/px-web?pxid=E1428&theme=Health%2C%20Culture%2C%20Sport%20and%20Living%20standard,source_reported_unharmonized
e1428_c9b3c38247,health_culture_environment,Monthly average income per capita at current prices by income source and by province,Total,VN_SRC_HAUGIANG,Hau Giang,2022,annual,4185.44,Thous. dongs,not_specified,E1428,https://www.nso.gov.vn/en/px-web?pxid=E1428&theme=Health%2C%20Culture%2C%20Sport%20and%20Living%20standard,source_reported_unharmonized
e1428_c9b3c38247,health_culture_environment,Monthly average income per capita at current prices by income source and by province,Total,VN_SRC_HAUGIANG,Hau Giang,2023,annual,4234.74,Thous. dongs,not_specified,E1428,https://www.nso.gov.vn/en/px-web?pxid=E1428&theme=Health%2C%20Culture%2C%20Sport%20and%20Living%20standard,source_reported_unharmonized
e1428_c9b3c38247,health_culture_environment,Monthly average income per capita at current prices by income source and by province,Total,VN_SRC_HAUGIANG,Hau Giang,2024,annual,4579.81,Thous. dongs,not_specified,E1428,https://www.nso.gov.vn/en/px-web?pxid=E1428&theme=Health%2C%20Culture%2C%20Sport%20and%20Living%20standard,source_reported_unharmonized
e1428_c9b3c38247,health_culture_environment,Monthly average income per capita at current prices by income source and by province,Total,VN_SRC_HAUGIANG,Hau Giang,2025,annual,4877.37,Thous. dongs,not_specified,E1428,https://www.nso.gov.vn/en/px-web?pxid=E1428&theme=Health%2C%20Culture%2C%20Sport%20and%20Living%20standard,source_reported_unharmonized
e1428_c9b3c38247,health_culture_environment,Monthly average income per capita at current prices by income source and by province,Total,VN_SRC_SOCTRANG,Soc Trang,2010,annual,1029.0,Thous. dongs,not_specified,E1428,https://www.nso.gov.vn/en/px-web?pxid=E1428&theme=Health%2C%20Culture%2C%20Sport%20and%20Living%20standard,source_reported_unharmonized
e1428_c9b3c38247,health_culture_environment,Monthly average income per capita at current prices by income source and by province,Total,VN_SRC_SOCTRANG,Soc Trang,2012,annual,1324.0,Thous. dongs,not_specified,E1428,https://www.nso.gov.vn/en/px-web?pxid=E1428&theme=Health%2C%20Culture%2C%20Sport%20and%20Living%20standard,source_reported_unharmonized
e1428_c9b3c38247,health_culture_environment,Monthly average income per capita at current prices by income source and by province,Total,VN_SRC_SOCTRANG,Soc Trang,2014,annual,1913.0,Thous. dongs,not_specified,E1428,https://www.nso.gov.vn/en/px-web?pxid=E1428&theme=Health%2C%20Culture%2C%20Sport%20and%20Living%20standard,source_reported_unharmonized
e1428_c9b3c38247,health_culture_environment,Monthly average income per capita at current prices by income source and by province,Total,VN_SRC_SOCTRANG,Soc Trang,2016,annual,2548.0,Thous. dongs,not_specified,E1428,https://www.nso.gov.vn/en/px-web?pxid=E1428&theme=Health%2C%20Culture%2C%20Sport%20and%20Living%20standard,source_reported_unharmonized
e1428_c9b3c38247,health_culture_environment,Monthly average income per capita at current prices by income source and by province,Total,VN_SRC_SOCTRANG,Soc Trang,2018,annual,3653.0,Thous. dongs,not_specified,E1428,https://www.nso.gov.vn/en/px-web?pxid=E1428&theme=Health%2C%20Culture%2C%20Sport%20and%20Living%20standard,source_reported_unharmonized
e1428_c9b3c38247,health_culture_environment,Monthly average income per capita at current prices by income source and by province,Total,VN_SRC_SOCTRANG,Soc Trang,2019,annual,3898.0,Thous. dongs,not_specified,E1428,https://www.nso.gov.vn/en/px-web?pxid=E1428&theme=Health%2C%20Culture%2C%20Sport%20and%20Living%20standard,source_reported_unharmonized
e1428_c9b3c38247,health_culture_environment,Monthly average income per capita at current prices by income source and by province,Total,VN_SRC_SOCTRANG,Soc Trang,2020,annual,3635.02,Thous. dongs,not_specified,E1428,https://www.nso.gov.vn/en/px-web?pxid=E1428&theme=Health%2C%20Culture%2C%20Sport%20and%20Living%20standard,source_reported_unharmonized
e1428_c9b3c38247,health_culture_environment,Monthly average income per capita at current prices by income source and by province,Total,VN_SRC_SOCTRANG,Soc Trang,2021,annual,3246.2,Thous. dongs,not_specified,E1428,https://www.nso.gov.vn/en/px-web?pxid=E1428&theme=Health%2C%20Culture%2C%20Sport%20and%20Living%20standard,source_reported_unharmonized
e1428_c9b3c38247,health_culture_environment,Monthly average income per capita at current prices by income source and by province,Total,VN_SRC_SOCTRANG,Soc Trang,2022,annual,3650.75,Thous. dongs,not_specified,E1428,https://www.nso.gov.vn/en/px-web?pxid=E1428&theme=Health%2C%20Culture%2C%20Sport%20and%20Living%20standard,source_reported_unharmonized
e1428_c9b3c38247,health_culture_environment,Monthly average income per capita at current prices by income source and by province,Total,VN_SRC_SOCTRANG,Soc Trang,2023,annual,3912.33,Thous. dongs,not_specified,E1428,https://www.nso.gov.vn/en/px-web?pxid=E1428&theme=Health%2C%20Culture%2C%20Sport%20and%20Living%20standard,source_reported_unharmonized
e1428_c9b3c38247,health_culture_environment,Monthly average income per capita at current prices by income source and by province,Total,VN_SRC_SOCTRANG,Soc Trang,2024,annual,4269.79,Thous. dongs,not_specified,E1428,https://www.nso.gov.vn/en/px-web?pxid=E1428&theme=Health%2C%20Culture%2C%20Sport%20and%20Living%20standard,source_reported_unharmonized
e1428_c9b3c38247,health_culture_environment,Monthly average income per capita at current prices by income source and by province,Total,VN_SRC_SOCTRANG,Soc Trang,2025,annual,4653.58,Thous. dongs,not_specified,E1428,https://www.nso.gov.vn/en/px-web?pxid=E1428&theme=Health%2C%20Culture%2C%20Sport%20and%20Living%20standard,source_reported_unharmonized
e1428_c9b3c38247,health_culture_environment,Monthly average income per capita at current prices by income source and by province,Total,VN_SRC_BACLIEU,Bac Lieu,2010,annual,1273.0,Thous. dongs,not_specified,E1428,https://www.nso.gov.vn/en/px-web?pxid=E1428&theme=Health%2C%20Culture%2C%20Sport%20and%20Living%20standard,source_reported_unharmonized
e1428_c9b3c38247,health_culture_environment,Monthly average income per capita at current prices by income source and by province,Total,VN_SRC_BACLIEU,Bac Lieu,2012,annual,2035.0,Thous. dongs,not_specified,E1428,https://www.nso.gov.vn/en/px-web?pxid=E1428&theme=Health%2C%20Culture%2C%20Sport%20and%20Living%20standard,source_reported_unharmonized
e1428_c9b3c38247,health_culture_environment,Monthly average income per capita at current prices by income source and by province,Total,VN_SRC_BACLIEU,Bac Lieu,2014,annual,2214.0,Thous. dongs,not_specified,E1428,https://www.nso.gov.vn/en/px-web?pxid=E1428&theme=Health%2C%20Culture%2C%20Sport%20and%20Living%20standard,source_reported_unharmonized
e1428_c9b3c38247,health_culture_environment,Monthly average income per capita at current prices by income source and by province,Total,VN_SRC_BACLIEU,Bac Lieu,2016,annual,2319.0,Thous. dongs,not_specified,E1428,https://www.nso.gov.vn/en/px-web?pxid=E1428&theme=Health%2C%20Culture%2C%20Sport%20and%20Living%20standard,source_reported_unharmonized
e1428_c9b3c38247,health_culture_environment,Monthly average income per capita at current prices by income source and by province,Total,VN_SRC_BACLIEU,Bac Lieu,2018,annual,2699.0,Thous. dongs,not_specified,E1428,https://www.nso.gov.vn/en/px-web?pxid=E1428&theme=Health%2C%20Culture%2C%20Sport%20and%20Living%20standard,source_reported_unharmonized
e1428_c9b3c38247,health_culture_environment,Monthly average income per capita at current prices by income source and by province,Total,VN_SRC_BACLIEU,Bac Lieu,2019,annual,2965.0,Thous. dongs,not_specified,E1428,https://www.nso.gov.vn/en/px-web?pxid=E1428&theme=Health%2C%20Culture%2C%20Sport%20and%20Living%20standard,source_reported_unharmonized
e1428_c9b3c38247,health_culture_environment,Monthly average income per capita at current prices by income source and by province,Total,VN_SRC_BACLIEU,Bac Lieu,2020,annual,3338.48,Thous. dongs,not_specified,E1428,https://www.nso.gov.vn/en/px-web?pxid=E1428&theme=Health%2C%20Culture%2C%20Sport%20and%20Living%20standard,source_reported_unharmonized
e1428_c9b3c38247,health_culture_environment,Monthly average income per capita at current prices by income source and by province,Total,VN_SRC_BACLIEU,Bac Lieu,2021,annual,3642.08,Thous. dongs,not_specified,E1428,https://www.nso.gov.vn/en/px-web?pxid=E1428&theme=Health%2C%20Culture%2C%20Sport%20and%20Living%20standard,source_reported_unharmonized
e1428_c9b3c38247,health_culture_environment,Monthly average income per capita at current prices by income source and by province,Total,VN_SRC_BACLIEU,Bac Lieu,2022,annual,4305.39,Thous. dongs,not_specified,E1428,https://www.nso.gov.vn/en/px-web?pxid=E1428&theme=Health%2C%20Culture%2C%20Sport%20and%20Living%20standard,source_reported_unharmonized
e1428_c9b3c38247,health_culture_environment,Monthly average income per capita at current prices by income source and by province,Total,VN_SRC_BACLIEU,Bac Lieu,2023,annual,4755.44,Thous. dongs,not_specified,E1428,https://www.nso.gov.vn/en/px-web?pxid=E1428&theme=Health%2C%20Culture%2C%20Sport%20and%20Living%20standard,source_reported_unharmonized
e1428_c9b3c38247,health_culture_environment,Monthly average income per capita at current prices by income source and by province,Total,VN_SRC_BACLIEU,Bac Lieu,2024,annual,5170.32,Thous. dongs,not_specified,E1428,https://www.nso.gov.vn/en/px-web?pxid=E1428&theme=Health%2C%20Culture%2C%20Sport%20and%20Living%20standard,source_reported_unharmonized
e1428_c9b3c38247,health_culture_environment,Monthly average income per capita at current prices by income source and by province,Total,VN_SRC_BACLIEU,Bac Lieu,2025,annual,5882.75,Thous. dongs,not_specified,E1428,https://www.nso.gov.vn/en/px-web?pxid=E1428&theme=Health%2C%20Culture%2C%20Sport%20and%20Living%20standard,source_reported_unharmonized
e1428_c9b3c38247,health_culture_environment,Monthly average income per capita at current prices by income source and by province,Total,VN_SRC_CAMAU,Ca Mau,2010,annual,1250.0,Thous. dongs,not_specified,E1428,https://www.nso.gov.vn/en/px-web?pxid=E1428&theme=Health%2C%20Culture%2C%20Sport%20and%20Living%20standard,source_reported_unharmonized
e1428_c9b3c38247,health_culture_environment,Monthly average income per capita at current prices by income source and by province,Total,VN_SRC_CAMAU,Ca Mau,2012,annual,1779.0,Thous. dongs,not_specified,E1428,https://www.nso.gov.vn/en/px-web?pxid=E1428&theme=Health%2C%20Culture%2C%20Sport%20and%20Living%20standard,source_reported_unharmonized
e1428_c9b3c38247,health_culture_environment,Monthly average income per capita at current prices by income source and by province,Total,VN_SRC_CAMAU,Ca Mau,2014,annual,2154.0,Thous. dongs,not_specified,E1428,https://www.nso.gov.vn/en/px-web?pxid=E1428&theme=Health%2C%20Culture%2C%20Sport%20and%20Living%20standard,source_reported_unharmonized
e1428_c9b3c38247,health_culture_environment,Monthly average income per capita at current prices by income source and by province,Total,VN_SRC_CAMAU,Ca Mau,2016,annual,2372.0,Thous. dongs,not_specified,E1428,https://www.nso.gov.vn/en/px-web?pxid=E1428&theme=Health%2C%20Culture%2C%20Sport%20and%20Living%20standard,source_reported_unharmonized
e1428_c9b3c38247,health_culture_environment,Monthly average income per capita at current prices by income source and by province,Total,VN_SRC_CAMAU,Ca Mau,2018,annual,2986.0,Thous. dongs,not_specified,E1428,https://www.nso.gov.vn/en/px-web?pxid=E1428&theme=Health%2C%20Culture%2C%20Sport%20and%20Living%20standard,source_reported_unharmonized
e1428_c9b3c38247,health_culture_environment,Monthly average income per capita at current prices by income source and by province,Total,VN_SRC_CAMAU,Ca Mau,2019,annual,3214.0,Thous. dongs,not_specified,E1428,https://www.nso.gov.vn/en/px-web?pxid=E1428&theme=Health%2C%20Culture%2C%20Sport%20and%20Living%20standard,source_reported_unharmonized
e1428_c9b3c38247,health_culture_environment,Monthly average income per capita at current prices by income source and by province,Total,VN_SRC_CAMAU,Ca Mau,2020,annual,3034.4,Thous. dongs,not_specified,E1428,https://www.nso.gov.vn/en/px-web?pxid=E1428&theme=Health%2C%20Culture%2C%20Sport%20and%20Living%20standard,source_reported_unharmonized
e1428_c9b3c38247,health_culture_environment,Monthly average income per capita at current prices by income source and by province,Total,VN_SRC_CAMAU,Ca Mau,2021,annual,3239.26,Thous. dongs,not_specified,E1428,https://www.nso.gov.vn/en/px-web?pxid=E1428&theme=Health%2C%20Culture%2C%20Sport%20and%20Living%20standard,source_reported_unharmonized
e1428_c9b3c38247,health_culture_environment,Monthly average income per capita at current prices by income source and by province,Total,VN_SRC_CAMAU,Ca Mau,2022,annual,3768.17,Thous. dongs,not_specified,E1428,https://www.nso.gov.vn/en/px-web?pxid=E1428&theme=Health%2C%20Culture%2C%20Sport%20and%20Living%20standard,source_reported_unharmonized
e1428_c9b3c38247,health_culture_environment,Monthly average income per capita at current prices by income source and by province,Total,VN_SRC_CAMAU,Ca Mau,2023,annual,4096.04,Thous. dongs,not_specified,E1428,https://www.nso.gov.vn/en/px-web?pxid=E1428&theme=Health%2C%20Culture%2C%20Sport%20and%20Living%20standard,source_reported_unharmonized
e1428_c9b3c38247,health_culture_environment,Monthly average income per capita at current prices by income source and by province,Total,VN_SRC_CAMAU,Ca Mau,2024,annual,4451.54,Thous. dongs,not_specified,E1428,https://www.nso.gov.vn/en/px-web?pxid=E1428&theme=Health%2C%20Culture%2C%20Sport%20and%20Living%20standard,source_reported_unharmonized
e1428_c9b3c38247,health_culture_environment,Monthly average income per capita at current prices by income source and by province,Total,VN_SRC_CAMAU,Ca Mau,2025,annual,5000.97,Thous. dongs,not_specified,E1428,https://www.nso.gov.vn/en/px-web?pxid=E1428&theme=Health%2C%20Culture%2C%20Sport%20and%20Living%20standard,source_reported_unharmonized
