indicator_id,section,indicator,breakdown,province_code,province,period,period_type,value,unit,period_status,source_id,source_url,geography_version
e0221_23_7705749b2e,population,In-migration rate,Immigration rate,VN_SRC_HANOI,Ha Noi,2005,annual,13.8,‰,not_specified,E0221-23,https://www.nso.gov.vn/en/px-web?pxid=E0221-23&theme=Population%20and%20Employment,source_reported_unharmonized
e0221_23_7705749b2e,population,In-migration rate,Immigration rate,VN_SRC_HANOI,Ha Noi,2007,annual,14.8,‰,not_specified,E0221-23,https://www.nso.gov.vn/en/px-web?pxid=E0221-23&theme=Population%20and%20Employment,source_reported_unharmonized
e0221_23_7705749b2e,population,In-migration rate,Immigration rate,VN_SRC_HANOI,Ha Noi,2008,annual,10.7,‰,not_specified,E0221-23,https://www.nso.gov.vn/en/px-web?pxid=E0221-23&theme=Population%20and%20Employment,source_reported_unharmonized
e0221_23_7705749b2e,population,In-migration rate,Immigration rate,VN_SRC_HANOI,Ha Noi,2009,annual,13.1,‰,not_specified,E0221-23,https://www.nso.gov.vn/en/px-web?pxid=E0221-23&theme=Population%20and%20Employment,source_reported_unharmonized
e0221_23_7705749b2e,population,In-migration rate,Immigration rate,VN_SRC_HANOI,Ha Noi,2010,annual,10.8,‰,not_specified,E0221-23,https://www.nso.gov.vn/en/px-web?pxid=E0221-23&theme=Population%20and%20Employment,source_reported_unharmonized
e0221_23_7705749b2e,population,In-migration rate,Immigration rate,VN_SRC_HANOI,Ha Noi,2011,annual,11.0,‰,not_specified,E0221-23,https://www.nso.gov.vn/en/px-web?pxid=E0221-23&theme=Population%20and%20Employment,source_reported_unharmonized
e0221_23_7705749b2e,population,In-migration rate,Immigration rate,VN_SRC_HANOI,Ha Noi,2012,annual,6.1,‰,not_specified,E0221-23,https://www.nso.gov.vn/en/px-web?pxid=E0221-23&theme=Population%20and%20Employment,source_reported_unharmonized
e0221_23_7705749b2e,population,In-migration rate,Immigration rate,VN_SRC_HANOI,Ha Noi,2013,annual,7.7,‰,not_specified,E0221-23,https://www.nso.gov.vn/en/px-web?pxid=E0221-23&theme=Population%20and%20Employment,source_reported_unharmonized
e0221_23_7705749b2e,population,In-migration rate,Immigration rate,VN_SRC_HANOI,Ha Noi,2014,annual,7.5,‰,not_specified,E0221-23,https://www.nso.gov.vn/en/px-web?pxid=E0221-23&theme=Population%20and%20Employment,source_reported_unharmonized
e0221_23_7705749b2e,population,In-migration rate,Immigration rate,VN_SRC_HANOI,Ha Noi,2015,annual,4.7,‰,not_specified,E0221-23,https://www.nso.gov.vn/en/px-web?pxid=E0221-23&theme=Population%20and%20Employment,source_reported_unharmonized
e0221_23_7705749b2e,population,In-migration rate,Immigration rate,VN_SRC_HANOI,Ha Noi,2016,annual,4.6,‰,not_specified,E0221-23,https://www.nso.gov.vn/en/px-web?pxid=E0221-23&theme=Population%20and%20Employment,source_reported_unharmonized
e0221_23_7705749b2e,population,In-migration rate,Immigration rate,VN_SRC_HANOI,Ha Noi,2017,annual,3.0,‰,not_specified,E0221-23,https://www.nso.gov.vn/en/px-web?pxid=E0221-23&theme=Population%20and%20Employment,source_reported_unharmonized
e0221_23_7705749b2e,population,In-migration rate,Immigration rate,VN_SRC_HANOI,Ha Noi,2018,annual,4.7,‰,not_specified,E0221-23,https://www.nso.gov.vn/en/px-web?pxid=E0221-23&theme=Population%20and%20Employment,source_reported_unharmonized
e0221_23_7705749b2e,population,In-migration rate,Immigration rate,VN_SRC_HANOI,Ha Noi,2019,annual,8.8,‰,not_specified,E0221-23,https://www.nso.gov.vn/en/px-web?pxid=E0221-23&theme=Population%20and%20Employment,source_reported_unharmonized
e0221_23_7705749b2e,population,In-migration rate,Immigration rate,VN_SRC_HANOI,Ha Noi,2020,annual,6.26,‰,not_specified,E0221-23,https://www.nso.gov.vn/en/px-web?pxid=E0221-23&theme=Population%20and%20Employment,source_reported_unharmonized
e0221_23_7705749b2e,population,In-migration rate,Immigration rate,VN_SRC_HANOI,Ha Noi,2021,annual,7.68,‰,not_specified,E0221-23,https://www.nso.gov.vn/en/px-web?pxid=E0221-23&theme=Population%20and%20Employment,source_reported_unharmonized
e0221_23_7705749b2e,population,In-migration rate,Immigration rate,VN_SRC_HANOI,Ha Noi,2022,annual,4.79,‰,not_specified,E0221-23,https://www.nso.gov.vn/en/px-web?pxid=E0221-23&theme=Population%20and%20Employment,source_reported_unharmonized
e0221_23_7705749b2e,population,In-migration rate,Immigration rate,VN_SRC_HANOI,Ha Noi,2023,annual,5.85,‰,not_specified,E0221-23,https://www.nso.gov.vn/en/px-web?pxid=E0221-23&theme=Population%20and%20Employment,source_reported_unharmonized
e0221_23_7705749b2e,population,In-migration rate,Immigration rate,VN_SRC_HANOI,Ha Noi,2024,annual,5.91,‰,not_specified,E0221-23,https://www.nso.gov.vn/en/px-web?pxid=E0221-23&theme=Population%20and%20Employment,source_reported_unharmonized
e0221_23_7705749b2e,population,In-migration rate,Immigration rate,VN_SRC_HANOI,Ha Noi,2025,annual,2.83,‰,preliminary,E0221-23,https://www.nso.gov.vn/en/px-web?pxid=E0221-23&theme=Population%20and%20Employment,source_reported_unharmonized
e0221_23_7705749b2e,population,In-migration rate,Immigration rate,VN_SRC_HATAY,Ha Tay,2005,annual,2.2,‰,not_specified,E0221-23,https://www.nso.gov.vn/en/px-web?pxid=E0221-23&theme=Population%20and%20Employment,source_reported_unharmonized
e0221_23_7705749b2e,population,In-migration rate,Immigration rate,VN_SRC_HATAY,Ha Tay,2007,annual,2.8,‰,not_specified,E0221-23,https://www.nso.gov.vn/en/px-web?pxid=E0221-23&theme=Population%20and%20Employment,source_reported_unharmonized
e0221_23_7705749b2e,population,In-migration rate,Immigration rate,VN_SRC_HATAY,Ha Tay,2008,annual,,‰,not_specified,E0221-23,https://www.nso.gov.vn/en/px-web?pxid=E0221-23&theme=Population%20and%20Employment,source_reported_unharmonized
e0221_23_7705749b2e,population,In-migration rate,Immigration rate,VN_SRC_HATAY,Ha Tay,2009,annual,,‰,not_specified,E0221-23,https://www.nso.gov.vn/en/px-web?pxid=E0221-23&theme=Population%20and%20Employment,source_reported_unharmonized
e0221_23_7705749b2e,population,In-migration rate,Immigration rate,VN_SRC_HATAY,Ha Tay,2010,annual,,‰,not_specified,E0221-23,https://www.nso.gov.vn/en/px-web?pxid=E0221-23&theme=Population%20and%20Employment,source_reported_unharmonized
e0221_23_7705749b2e,population,In-migration rate,Immigration rate,VN_SRC_HATAY,Ha Tay,2011,annual,,‰,not_specified,E0221-23,https://www.nso.gov.vn/en/px-web?pxid=E0221-23&theme=Population%20and%20Employment,source_reported_unharmonized
e0221_23_7705749b2e,population,In-migration rate,Immigration rate,VN_SRC_HATAY,Ha Tay,2012,annual,,‰,not_specified,E0221-23,https://www.nso.gov.vn/en/px-web?pxid=E0221-23&theme=Population%20and%20Employment,source_reported_unharmonized
e0221_23_7705749b2e,population,In-migration rate,Immigration rate,VN_SRC_HATAY,Ha Tay,2013,annual,,‰,not_specified,E0221-23,https://www.nso.gov.vn/en/px-web?pxid=E0221-23&theme=Population%20and%20Employment,source_reported_unharmonized
e0221_23_7705749b2e,population,In-migration rate,Immigration rate,VN_SRC_HATAY,Ha Tay,2014,annual,,‰,not_specified,E0221-23,https://www.nso.gov.vn/en/px-web?pxid=E0221-23&theme=Population%20and%20Employment,source_reported_unharmonized
e0221_23_7705749b2e,population,In-migration rate,Immigration rate,VN_SRC_HATAY,Ha Tay,2015,annual,,‰,not_specified,E0221-23,https://www.nso.gov.vn/en/px-web?pxid=E0221-23&theme=Population%20and%20Employment,source_reported_unharmonized
e0221_23_7705749b2e,population,In-migration rate,Immigration rate,VN_SRC_HATAY,Ha Tay,2016,annual,,‰,not_specified,E0221-23,https://www.nso.gov.vn/en/px-web?pxid=E0221-23&theme=Population%20and%20Employment,source_reported_unharmonized
e0221_23_7705749b2e,population,In-migration rate,Immigration rate,VN_SRC_HATAY,Ha Tay,2017,annual,,‰,not_specified,E0221-23,https://www.nso.gov.vn/en/px-web?pxid=E0221-23&theme=Population%20and%20Employment,source_reported_unharmonized
e0221_23_7705749b2e,population,In-migration rate,Immigration rate,VN_SRC_HATAY,Ha Tay,2018,annual,,‰,not_specified,E0221-23,https://www.nso.gov.vn/en/px-web?pxid=E0221-23&theme=Population%20and%20Employment,source_reported_unharmonized
e0221_23_7705749b2e,population,In-migration rate,Immigration rate,VN_SRC_HATAY,Ha Tay,2019,annual,,‰,not_specified,E0221-23,https://www.nso.gov.vn/en/px-web?pxid=E0221-23&theme=Population%20and%20Employment,source_reported_unharmonized
e0221_23_7705749b2e,population,In-migration rate,Immigration rate,VN_SRC_HATAY,Ha Tay,2020,annual,,‰,not_specified,E0221-23,https://www.nso.gov.vn/en/px-web?pxid=E0221-23&theme=Population%20and%20Employment,source_reported_unharmonized
e0221_23_7705749b2e,population,In-migration rate,Immigration rate,VN_SRC_HATAY,Ha Tay,2021,annual,,‰,not_specified,E0221-23,https://www.nso.gov.vn/en/px-web?pxid=E0221-23&theme=Population%20and%20Employment,source_reported_unharmonized
e0221_23_7705749b2e,population,In-migration rate,Immigration rate,VN_SRC_HATAY,Ha Tay,2022,annual,,‰,not_specified,E0221-23,https://www.nso.gov.vn/en/px-web?pxid=E0221-23&theme=Population%20and%20Employment,source_reported_unharmonized
e0221_23_7705749b2e,population,In-migration rate,Immigration rate,VN_SRC_HATAY,Ha Tay,2023,annual,,‰,not_specified,E0221-23,https://www.nso.gov.vn/en/px-web?pxid=E0221-23&theme=Population%20and%20Employment,source_reported_unharmonized
e0221_23_7705749b2e,population,In-migration rate,Immigration rate,VN_SRC_HATAY,Ha Tay,2024,annual,,‰,not_specified,E0221-23,https://www.nso.gov.vn/en/px-web?pxid=E0221-23&theme=Population%20and%20Employment,source_reported_unharmonized
e0221_23_7705749b2e,population,In-migration rate,Immigration rate,VN_SRC_HATAY,Ha Tay,2025,annual,,‰,preliminary,E0221-23,https://www.nso.gov.vn/en/px-web?pxid=E0221-23&theme=Population%20and%20Employment,source_reported_unharmonized
e0221_23_7705749b2e,population,In-migration rate,Immigration rate,VN_SRC_VINHPHUC,Vinh Phuc,2005,annual,2.5,‰,not_specified,E0221-23,https://www.nso.gov.vn/en/px-web?pxid=E0221-23&theme=Population%20and%20Employment,source_reported_unharmonized
e0221_23_7705749b2e,population,In-migration rate,Immigration rate,VN_SRC_VINHPHUC,Vinh Phuc,2007,annual,2.4,‰,not_specified,E0221-23,https://www.nso.gov.vn/en/px-web?pxid=E0221-23&theme=Population%20and%20Employment,source_reported_unharmonized
e0221_23_7705749b2e,population,In-migration rate,Immigration rate,VN_SRC_VINHPHUC,Vinh Phuc,2008,annual,3.8,‰,not_specified,E0221-23,https://www.nso.gov.vn/en/px-web?pxid=E0221-23&theme=Population%20and%20Employment,source_reported_unharmonized
e0221_23_7705749b2e,population,In-migration rate,Immigration rate,VN_SRC_VINHPHUC,Vinh Phuc,2009,annual,4.5,‰,not_specified,E0221-23,https://www.nso.gov.vn/en/px-web?pxid=E0221-23&theme=Population%20and%20Employment,source_reported_unharmonized
e0221_23_7705749b2e,population,In-migration rate,Immigration rate,VN_SRC_VINHPHUC,Vinh Phuc,2010,annual,4.8,‰,not_specified,E0221-23,https://www.nso.gov.vn/en/px-web?pxid=E0221-23&theme=Population%20and%20Employment,source_reported_unharmonized
e0221_23_7705749b2e,population,In-migration rate,Immigration rate,VN_SRC_VINHPHUC,Vinh Phuc,2011,annual,4.3,‰,not_specified,E0221-23,https://www.nso.gov.vn/en/px-web?pxid=E0221-23&theme=Population%20and%20Employment,source_reported_unharmonized
e0221_23_7705749b2e,population,In-migration rate,Immigration rate,VN_SRC_VINHPHUC,Vinh Phuc,2012,annual,2.9,‰,not_specified,E0221-23,https://www.nso.gov.vn/en/px-web?pxid=E0221-23&theme=Population%20and%20Employment,source_reported_unharmonized
e0221_23_7705749b2e,population,In-migration rate,Immigration rate,VN_SRC_VINHPHUC,Vinh Phuc,2013,annual,6.4,‰,not_specified,E0221-23,https://www.nso.gov.vn/en/px-web?pxid=E0221-23&theme=Population%20and%20Employment,source_reported_unharmonized
e0221_23_7705749b2e,population,In-migration rate,Immigration rate,VN_SRC_VINHPHUC,Vinh Phuc,2014,annual,4.9,‰,not_specified,E0221-23,https://www.nso.gov.vn/en/px-web?pxid=E0221-23&theme=Population%20and%20Employment,source_reported_unharmonized
e0221_23_7705749b2e,population,In-migration rate,Immigration rate,VN_SRC_VINHPHUC,Vinh Phuc,2015,annual,2.8,‰,not_specified,E0221-23,https://www.nso.gov.vn/en/px-web?pxid=E0221-23&theme=Population%20and%20Employment,source_reported_unharmonized
e0221_23_7705749b2e,population,In-migration rate,Immigration rate,VN_SRC_VINHPHUC,Vinh Phuc,2016,annual,2.4,‰,not_specified,E0221-23,https://www.nso.gov.vn/en/px-web?pxid=E0221-23&theme=Population%20and%20Employment,source_reported_unharmonized
e0221_23_7705749b2e,population,In-migration rate,Immigration rate,VN_SRC_VINHPHUC,Vinh Phuc,2017,annual,1.7,‰,not_specified,E0221-23,https://www.nso.gov.vn/en/px-web?pxid=E0221-23&theme=Population%20and%20Employment,source_reported_unharmonized
e0221_23_7705749b2e,population,In-migration rate,Immigration rate,VN_SRC_VINHPHUC,Vinh Phuc,2018,annual,2.0,‰,not_specified,E0221-23,https://www.nso.gov.vn/en/px-web?pxid=E0221-23&theme=Population%20and%20Employment,source_reported_unharmonized
e0221_23_7705749b2e,population,In-migration rate,Immigration rate,VN_SRC_VINHPHUC,Vinh Phuc,2019,annual,2.5,‰,not_specified,E0221-23,https://www.nso.gov.vn/en/px-web?pxid=E0221-23&theme=Population%20and%20Employment,source_reported_unharmonized
e0221_23_7705749b2e,population,In-migration rate,Immigration rate,VN_SRC_VINHPHUC,Vinh Phuc,2020,annual,2.16,‰,not_specified,E0221-23,https://www.nso.gov.vn/en/px-web?pxid=E0221-23&theme=Population%20and%20Employment,source_reported_unharmonized
e0221_23_7705749b2e,population,In-migration rate,Immigration rate,VN_SRC_VINHPHUC,Vinh Phuc,2021,annual,2.31,‰,not_specified,E0221-23,https://www.nso.gov.vn/en/px-web?pxid=E0221-23&theme=Population%20and%20Employment,source_reported_unharmonized
e0221_23_7705749b2e,population,In-migration rate,Immigration rate,VN_SRC_VINHPHUC,Vinh Phuc,2022,annual,1.45,‰,not_specified,E0221-23,https://www.nso.gov.vn/en/px-web?pxid=E0221-23&theme=Population%20and%20Employment,source_reported_unharmonized
e0221_23_7705749b2e,population,In-migration rate,Immigration rate,VN_SRC_VINHPHUC,Vinh Phuc,2023,annual,2.53,‰,not_specified,E0221-23,https://www.nso.gov.vn/en/px-web?pxid=E0221-23&theme=Population%20and%20Employment,source_reported_unharmonized
e0221_23_7705749b2e,population,In-migration rate,Immigration rate,VN_SRC_VINHPHUC,Vinh Phuc,2024,annual,4.91,‰,not_specified,E0221-23,https://www.nso.gov.vn/en/px-web?pxid=E0221-23&theme=Population%20and%20Employment,source_reported_unharmonized
e0221_23_7705749b2e,population,In-migration rate,Immigration rate,VN_SRC_VINHPHUC,Vinh Phuc,2025,annual,1.68,‰,preliminary,E0221-23,https://www.nso.gov.vn/en/px-web?pxid=E0221-23&theme=Population%20and%20Employment,source_reported_unharmonized
e0221_23_7705749b2e,population,In-migration rate,Immigration rate,VN_SRC_BACNINH,Bac Ninh,2005,annual,5.3,‰,not_specified,E0221-23,https://www.nso.gov.vn/en/px-web?pxid=E0221-23&theme=Population%20and%20Employment,source_reported_unharmonized
e0221_23_7705749b2e,population,In-migration rate,Immigration rate,VN_SRC_BACNINH,Bac Ninh,2007,annual,12.4,‰,not_specified,E0221-23,https://www.nso.gov.vn/en/px-web?pxid=E0221-23&theme=Population%20and%20Employment,source_reported_unharmonized
e0221_23_7705749b2e,population,In-migration rate,Immigration rate,VN_SRC_BACNINH,Bac Ninh,2008,annual,6.2,‰,not_specified,E0221-23,https://www.nso.gov.vn/en/px-web?pxid=E0221-23&theme=Population%20and%20Employment,source_reported_unharmonized
e0221_23_7705749b2e,population,In-migration rate,Immigration rate,VN_SRC_BACNINH,Bac Ninh,2009,annual,6.4,‰,not_specified,E0221-23,https://www.nso.gov.vn/en/px-web?pxid=E0221-23&theme=Population%20and%20Employment,source_reported_unharmonized
e0221_23_7705749b2e,population,In-migration rate,Immigration rate,VN_SRC_BACNINH,Bac Ninh,2010,annual,9.8,‰,not_specified,E0221-23,https://www.nso.gov.vn/en/px-web?pxid=E0221-23&theme=Population%20and%20Employment,source_reported_unharmonized
e0221_23_7705749b2e,population,In-migration rate,Immigration rate,VN_SRC_BACNINH,Bac Ninh,2011,annual,13.4,‰,not_specified,E0221-23,https://www.nso.gov.vn/en/px-web?pxid=E0221-23&theme=Population%20and%20Employment,source_reported_unharmonized
e0221_23_7705749b2e,population,In-migration rate,Immigration rate,VN_SRC_BACNINH,Bac Ninh,2012,annual,12.7,‰,not_specified,E0221-23,https://www.nso.gov.vn/en/px-web?pxid=E0221-23&theme=Population%20and%20Employment,source_reported_unharmonized
e0221_23_7705749b2e,population,In-migration rate,Immigration rate,VN_SRC_BACNINH,Bac Ninh,2013,annual,19.4,‰,not_specified,E0221-23,https://www.nso.gov.vn/en/px-web?pxid=E0221-23&theme=Population%20and%20Employment,source_reported_unharmonized
e0221_23_7705749b2e,population,In-migration rate,Immigration rate,VN_SRC_BACNINH,Bac Ninh,2014,annual,15.4,‰,not_specified,E0221-23,https://www.nso.gov.vn/en/px-web?pxid=E0221-23&theme=Population%20and%20Employment,source_reported_unharmonized
e0221_23_7705749b2e,population,In-migration rate,Immigration rate,VN_SRC_BACNINH,Bac Ninh,2015,annual,16.0,‰,not_specified,E0221-23,https://www.nso.gov.vn/en/px-web?pxid=E0221-23&theme=Population%20and%20Employment,source_reported_unharmonized
e0221_23_7705749b2e,population,In-migration rate,Immigration rate,VN_SRC_BACNINH,Bac Ninh,2016,annual,11.0,‰,not_specified,E0221-23,https://www.nso.gov.vn/en/px-web?pxid=E0221-23&theme=Population%20and%20Employment,source_reported_unharmonized
e0221_23_7705749b2e,population,In-migration rate,Immigration rate,VN_SRC_BACNINH,Bac Ninh,2017,annual,9.7,‰,not_specified,E0221-23,https://www.nso.gov.vn/en/px-web?pxid=E0221-23&theme=Population%20and%20Employment,source_reported_unharmonized
e0221_23_7705749b2e,population,In-migration rate,Immigration rate,VN_SRC_BACNINH,Bac Ninh,2018,annual,11.1,‰,not_specified,E0221-23,https://www.nso.gov.vn/en/px-web?pxid=E0221-23&theme=Population%20and%20Employment,source_reported_unharmonized
e0221_23_7705749b2e,population,In-migration rate,Immigration rate,VN_SRC_BACNINH,Bac Ninh,2019,annual,21.4,‰,not_specified,E0221-23,https://www.nso.gov.vn/en/px-web?pxid=E0221-23&theme=Population%20and%20Employment,source_reported_unharmonized
e0221_23_7705749b2e,population,In-migration rate,Immigration rate,VN_SRC_BACNINH,Bac Ninh,2020,annual,40.92,‰,not_specified,E0221-23,https://www.nso.gov.vn/en/px-web?pxid=E0221-23&theme=Population%20and%20Employment,source_reported_unharmonized
e0221_23_7705749b2e,population,In-migration rate,Immigration rate,VN_SRC_BACNINH,Bac Ninh,2021,annual,45.66,‰,not_specified,E0221-23,https://www.nso.gov.vn/en/px-web?pxid=E0221-23&theme=Population%20and%20Employment,source_reported_unharmonized
e0221_23_7705749b2e,population,In-migration rate,Immigration rate,VN_SRC_BACNINH,Bac Ninh,2022,annual,39.35,‰,not_specified,E0221-23,https://www.nso.gov.vn/en/px-web?pxid=E0221-23&theme=Population%20and%20Employment,source_reported_unharmonized
e0221_23_7705749b2e,population,In-migration rate,Immigration rate,VN_SRC_BACNINH,Bac Ninh,2023,annual,39.93,‰,not_specified,E0221-23,https://www.nso.gov.vn/en/px-web?pxid=E0221-23&theme=Population%20and%20Employment,source_reported_unharmonized
e0221_23_7705749b2e,population,In-migration rate,Immigration rate,VN_SRC_BACNINH,Bac Ninh,2024,annual,24.26,‰,not_specified,E0221-23,https://www.nso.gov.vn/en/px-web?pxid=E0221-23&theme=Population%20and%20Employment,source_reported_unharmonized
e0221_23_7705749b2e,population,In-migration rate,Immigration rate,VN_SRC_BACNINH,Bac Ninh,2025,annual,45.72,‰,preliminary,E0221-23,https://www.nso.gov.vn/en/px-web?pxid=E0221-23&theme=Population%20and%20Employment,source_reported_unharmonized
e0221_23_7705749b2e,population,In-migration rate,Immigration rate,VN_SRC_QUANGNINH,Quang Ninh,2005,annual,3.6,‰,not_specified,E0221-23,https://www.nso.gov.vn/en/px-web?pxid=E0221-23&theme=Population%20and%20Employment,source_reported_unharmonized
e0221_23_7705749b2e,population,In-migration rate,Immigration rate,VN_SRC_QUANGNINH,Quang Ninh,2007,annual,3.5,‰,not_specified,E0221-23,https://www.nso.gov.vn/en/px-web?pxid=E0221-23&theme=Population%20and%20Employment,source_reported_unharmonized
e0221_23_7705749b2e,population,In-migration rate,Immigration rate,VN_SRC_QUANGNINH,Quang Ninh,2008,annual,2.6,‰,not_specified,E0221-23,https://www.nso.gov.vn/en/px-web?pxid=E0221-23&theme=Population%20and%20Employment,source_reported_unharmonized
e0221_23_7705749b2e,population,In-migration rate,Immigration rate,VN_SRC_QUANGNINH,Quang Ninh,2009,annual,5.7,‰,not_specified,E0221-23,https://www.nso.gov.vn/en/px-web?pxid=E0221-23&theme=Population%20and%20Employment,source_reported_unharmonized
e0221_23_7705749b2e,population,In-migration rate,Immigration rate,VN_SRC_QUANGNINH,Quang Ninh,2010,annual,3.7,‰,not_specified,E0221-23,https://www.nso.gov.vn/en/px-web?pxid=E0221-23&theme=Population%20and%20Employment,source_reported_unharmonized
e0221_23_7705749b2e,population,In-migration rate,Immigration rate,VN_SRC_QUANGNINH,Quang Ninh,2011,annual,3.6,‰,not_specified,E0221-23,https://www.nso.gov.vn/en/px-web?pxid=E0221-23&theme=Population%20and%20Employment,source_reported_unharmonized
e0221_23_7705749b2e,population,In-migration rate,Immigration rate,VN_SRC_QUANGNINH,Quang Ninh,2012,annual,2.0,‰,not_specified,E0221-23,https://www.nso.gov.vn/en/px-web?pxid=E0221-23&theme=Population%20and%20Employment,source_reported_unharmonized
e0221_23_7705749b2e,population,In-migration rate,Immigration rate,VN_SRC_QUANGNINH,Quang Ninh,2013,annual,4.5,‰,not_specified,E0221-23,https://www.nso.gov.vn/en/px-web?pxid=E0221-23&theme=Population%20and%20Employment,source_reported_unharmonized
e0221_23_7705749b2e,population,In-migration rate,Immigration rate,VN_SRC_QUANGNINH,Quang Ninh,2014,annual,3.8,‰,not_specified,E0221-23,https://www.nso.gov.vn/en/px-web?pxid=E0221-23&theme=Population%20and%20Employment,source_reported_unharmonized
e0221_23_7705749b2e,population,In-migration rate,Immigration rate,VN_SRC_QUANGNINH,Quang Ninh,2015,annual,1.7,‰,not_specified,E0221-23,https://www.nso.gov.vn/en/px-web?pxid=E0221-23&theme=Population%20and%20Employment,source_reported_unharmonized
e0221_23_7705749b2e,population,In-migration rate,Immigration rate,VN_SRC_QUANGNINH,Quang Ninh,2016,annual,1.1,‰,not_specified,E0221-23,https://www.nso.gov.vn/en/px-web?pxid=E0221-23&theme=Population%20and%20Employment,source_reported_unharmonized
e0221_23_7705749b2e,population,In-migration rate,Immigration rate,VN_SRC_QUANGNINH,Quang Ninh,2017,annual,1.1,‰,not_specified,E0221-23,https://www.nso.gov.vn/en/px-web?pxid=E0221-23&theme=Population%20and%20Employment,source_reported_unharmonized
e0221_23_7705749b2e,population,In-migration rate,Immigration rate,VN_SRC_QUANGNINH,Quang Ninh,2018,annual,1.4,‰,not_specified,E0221-23,https://www.nso.gov.vn/en/px-web?pxid=E0221-23&theme=Population%20and%20Employment,source_reported_unharmonized
e0221_23_7705749b2e,population,In-migration rate,Immigration rate,VN_SRC_QUANGNINH,Quang Ninh,2019,annual,2.4,‰,not_specified,E0221-23,https://www.nso.gov.vn/en/px-web?pxid=E0221-23&theme=Population%20and%20Employment,source_reported_unharmonized
e0221_23_7705749b2e,population,In-migration rate,Immigration rate,VN_SRC_QUANGNINH,Quang Ninh,2020,annual,0.95,‰,not_specified,E0221-23,https://www.nso.gov.vn/en/px-web?pxid=E0221-23&theme=Population%20and%20Employment,source_reported_unharmonized
e0221_23_7705749b2e,population,In-migration rate,Immigration rate,VN_SRC_QUANGNINH,Quang Ninh,2021,annual,0.37,‰,not_specified,E0221-23,https://www.nso.gov.vn/en/px-web?pxid=E0221-23&theme=Population%20and%20Employment,source_reported_unharmonized
e0221_23_7705749b2e,population,In-migration rate,Immigration rate,VN_SRC_QUANGNINH,Quang Ninh,2022,annual,1.05,‰,not_specified,E0221-23,https://www.nso.gov.vn/en/px-web?pxid=E0221-23&theme=Population%20and%20Employment,source_reported_unharmonized
e0221_23_7705749b2e,population,In-migration rate,Immigration rate,VN_SRC_QUANGNINH,Quang Ninh,2023,annual,0.53,‰,not_specified,E0221-23,https://www.nso.gov.vn/en/px-web?pxid=E0221-23&theme=Population%20and%20Employment,source_reported_unharmonized
e0221_23_7705749b2e,population,In-migration rate,Immigration rate,VN_SRC_QUANGNINH,Quang Ninh,2024,annual,1.62,‰,not_specified,E0221-23,https://www.nso.gov.vn/en/px-web?pxid=E0221-23&theme=Population%20and%20Employment,source_reported_unharmonized
e0221_23_7705749b2e,population,In-migration rate,Immigration rate,VN_SRC_QUANGNINH,Quang Ninh,2025,annual,0.73,‰,preliminary,E0221-23,https://www.nso.gov.vn/en/px-web?pxid=E0221-23&theme=Population%20and%20Employment,source_reported_unharmonized
e0221_23_7705749b2e,population,In-migration rate,Immigration rate,VN_SRC_HAIDUONG,Hai Duong,2005,annual,3.1,‰,not_specified,E0221-23,https://www.nso.gov.vn/en/px-web?pxid=E0221-23&theme=Population%20and%20Employment,source_reported_unharmonized
e0221_23_7705749b2e,population,In-migration rate,Immigration rate,VN_SRC_HAIDUONG,Hai Duong,2007,annual,3.1,‰,not_specified,E0221-23,https://www.nso.gov.vn/en/px-web?pxid=E0221-23&theme=Population%20and%20Employment,source_reported_unharmonized
e0221_23_7705749b2e,population,In-migration rate,Immigration rate,VN_SRC_HAIDUONG,Hai Duong,2008,annual,4.5,‰,not_specified,E0221-23,https://www.nso.gov.vn/en/px-web?pxid=E0221-23&theme=Population%20and%20Employment,source_reported_unharmonized
e0221_23_7705749b2e,population,In-migration rate,Immigration rate,VN_SRC_HAIDUONG,Hai Duong,2009,annual,4.3,‰,not_specified,E0221-23,https://www.nso.gov.vn/en/px-web?pxid=E0221-23&theme=Population%20and%20Employment,source_reported_unharmonized
e0221_23_7705749b2e,population,In-migration rate,Immigration rate,VN_SRC_HAIDUONG,Hai Duong,2010,annual,5.0,‰,not_specified,E0221-23,https://www.nso.gov.vn/en/px-web?pxid=E0221-23&theme=Population%20and%20Employment,source_reported_unharmonized
e0221_23_7705749b2e,population,In-migration rate,Immigration rate,VN_SRC_HAIDUONG,Hai Duong,2011,annual,7.8,‰,not_specified,E0221-23,https://www.nso.gov.vn/en/px-web?pxid=E0221-23&theme=Population%20and%20Employment,source_reported_unharmonized
e0221_23_7705749b2e,population,In-migration rate,Immigration rate,VN_SRC_HAIDUONG,Hai Duong,2012,annual,5.6,‰,not_specified,E0221-23,https://www.nso.gov.vn/en/px-web?pxid=E0221-23&theme=Population%20and%20Employment,source_reported_unharmonized
e0221_23_7705749b2e,population,In-migration rate,Immigration rate,VN_SRC_HAIDUONG,Hai Duong,2013,annual,5.6,‰,not_specified,E0221-23,https://www.nso.gov.vn/en/px-web?pxid=E0221-23&theme=Population%20and%20Employment,source_reported_unharmonized
e0221_23_7705749b2e,population,In-migration rate,Immigration rate,VN_SRC_HAIDUONG,Hai Duong,2014,annual,4.0,‰,not_specified,E0221-23,https://www.nso.gov.vn/en/px-web?pxid=E0221-23&theme=Population%20and%20Employment,source_reported_unharmonized
e0221_23_7705749b2e,population,In-migration rate,Immigration rate,VN_SRC_HAIDUONG,Hai Duong,2015,annual,1.4,‰,not_specified,E0221-23,https://www.nso.gov.vn/en/px-web?pxid=E0221-23&theme=Population%20and%20Employment,source_reported_unharmonized
e0221_23_7705749b2e,population,In-migration rate,Immigration rate,VN_SRC_HAIDUONG,Hai Duong,2016,annual,1.2,‰,not_specified,E0221-23,https://www.nso.gov.vn/en/px-web?pxid=E0221-23&theme=Population%20and%20Employment,source_reported_unharmonized
e0221_23_7705749b2e,population,In-migration rate,Immigration rate,VN_SRC_HAIDUONG,Hai Duong,2017,annual,1.4,‰,not_specified,E0221-23,https://www.nso.gov.vn/en/px-web?pxid=E0221-23&theme=Population%20and%20Employment,source_reported_unharmonized
e0221_23_7705749b2e,population,In-migration rate,Immigration rate,VN_SRC_HAIDUONG,Hai Duong,2018,annual,3.8,‰,not_specified,E0221-23,https://www.nso.gov.vn/en/px-web?pxid=E0221-23&theme=Population%20and%20Employment,source_reported_unharmonized
e0221_23_7705749b2e,population,In-migration rate,Immigration rate,VN_SRC_HAIDUONG,Hai Duong,2019,annual,2.5,‰,not_specified,E0221-23,https://www.nso.gov.vn/en/px-web?pxid=E0221-23&theme=Population%20and%20Employment,source_reported_unharmonized
e0221_23_7705749b2e,population,In-migration rate,Immigration rate,VN_SRC_HAIDUONG,Hai Duong,2020,annual,2.46,‰,not_specified,E0221-23,https://www.nso.gov.vn/en/px-web?pxid=E0221-23&theme=Population%20and%20Employment,source_reported_unharmonized
e0221_23_7705749b2e,population,In-migration rate,Immigration rate,VN_SRC_HAIDUONG,Hai Duong,2021,annual,1.01,‰,not_specified,E0221-23,https://www.nso.gov.vn/en/px-web?pxid=E0221-23&theme=Population%20and%20Employment,source_reported_unharmonized
e0221_23_7705749b2e,population,In-migration rate,Immigration rate,VN_SRC_HAIDUONG,Hai Duong,2022,annual,1.86,‰,not_specified,E0221-23,https://www.nso.gov.vn/en/px-web?pxid=E0221-23&theme=Population%20and%20Employment,source_reported_unharmonized
e0221_23_7705749b2e,population,In-migration rate,Immigration rate,VN_SRC_HAIDUONG,Hai Duong,2023,annual,1.92,‰,not_specified,E0221-23,https://www.nso.gov.vn/en/px-web?pxid=E0221-23&theme=Population%20and%20Employment,source_reported_unharmonized
e0221_23_7705749b2e,population,In-migration rate,Immigration rate,VN_SRC_HAIDUONG,Hai Duong,2024,annual,3.36,‰,not_specified,E0221-23,https://www.nso.gov.vn/en/px-web?pxid=E0221-23&theme=Population%20and%20Employment,source_reported_unharmonized
e0221_23_7705749b2e,population,In-migration rate,Immigration rate,VN_SRC_HAIDUONG,Hai Duong,2025,annual,2.5,‰,preliminary,E0221-23,https://www.nso.gov.vn/en/px-web?pxid=E0221-23&theme=Population%20and%20Employment,source_reported_unharmonized
e0221_23_7705749b2e,population,In-migration rate,Immigration rate,VN_SRC_HAIPHONG,Hai Phong,2005,annual,4.1,‰,not_specified,E0221-23,https://www.nso.gov.vn/en/px-web?pxid=E0221-23&theme=Population%20and%20Employment,source_reported_unharmonized
e0221_23_7705749b2e,population,In-migration rate,Immigration rate,VN_SRC_HAIPHONG,Hai Phong,2007,annual,4.5,‰,not_specified,E0221-23,https://www.nso.gov.vn/en/px-web?pxid=E0221-23&theme=Population%20and%20Employment,source_reported_unharmonized
e0221_23_7705749b2e,population,In-migration rate,Immigration rate,VN_SRC_HAIPHONG,Hai Phong,2008,annual,3.9,‰,not_specified,E0221-23,https://www.nso.gov.vn/en/px-web?pxid=E0221-23&theme=Population%20and%20Employment,source_reported_unharmonized
e0221_23_7705749b2e,population,In-migration rate,Immigration rate,VN_SRC_HAIPHONG,Hai Phong,2009,annual,5.6,‰,not_specified,E0221-23,https://www.nso.gov.vn/en/px-web?pxid=E0221-23&theme=Population%20and%20Employment,source_reported_unharmonized
e0221_23_7705749b2e,population,In-migration rate,Immigration rate,VN_SRC_HAIPHONG,Hai Phong,2010,annual,7.0,‰,not_specified,E0221-23,https://www.nso.gov.vn/en/px-web?pxid=E0221-23&theme=Population%20and%20Employment,source_reported_unharmonized
e0221_23_7705749b2e,population,In-migration rate,Immigration rate,VN_SRC_HAIPHONG,Hai Phong,2011,annual,7.1,‰,not_specified,E0221-23,https://www.nso.gov.vn/en/px-web?pxid=E0221-23&theme=Population%20and%20Employment,source_reported_unharmonized
e0221_23_7705749b2e,population,In-migration rate,Immigration rate,VN_SRC_HAIPHONG,Hai Phong,2012,annual,6.0,‰,not_specified,E0221-23,https://www.nso.gov.vn/en/px-web?pxid=E0221-23&theme=Population%20and%20Employment,source_reported_unharmonized
e0221_23_7705749b2e,population,In-migration rate,Immigration rate,VN_SRC_HAIPHONG,Hai Phong,2013,annual,6.6,‰,not_specified,E0221-23,https://www.nso.gov.vn/en/px-web?pxid=E0221-23&theme=Population%20and%20Employment,source_reported_unharmonized
e0221_23_7705749b2e,population,In-migration rate,Immigration rate,VN_SRC_HAIPHONG,Hai Phong,2014,annual,4.0,‰,not_specified,E0221-23,https://www.nso.gov.vn/en/px-web?pxid=E0221-23&theme=Population%20and%20Employment,source_reported_unharmonized
e0221_23_7705749b2e,population,In-migration rate,Immigration rate,VN_SRC_HAIPHONG,Hai Phong,2015,annual,2.9,‰,not_specified,E0221-23,https://www.nso.gov.vn/en/px-web?pxid=E0221-23&theme=Population%20and%20Employment,source_reported_unharmonized
e0221_23_7705749b2e,population,In-migration rate,Immigration rate,VN_SRC_HAIPHONG,Hai Phong,2016,annual,1.4,‰,not_specified,E0221-23,https://www.nso.gov.vn/en/px-web?pxid=E0221-23&theme=Population%20and%20Employment,source_reported_unharmonized
e0221_23_7705749b2e,population,In-migration rate,Immigration rate,VN_SRC_HAIPHONG,Hai Phong,2017,annual,2.2,‰,not_specified,E0221-23,https://www.nso.gov.vn/en/px-web?pxid=E0221-23&theme=Population%20and%20Employment,source_reported_unharmonized
e0221_23_7705749b2e,population,In-migration rate,Immigration rate,VN_SRC_HAIPHONG,Hai Phong,2018,annual,1.6,‰,not_specified,E0221-23,https://www.nso.gov.vn/en/px-web?pxid=E0221-23&theme=Population%20and%20Employment,source_reported_unharmonized
e0221_23_7705749b2e,population,In-migration rate,Immigration rate,VN_SRC_HAIPHONG,Hai Phong,2019,annual,2.7,‰,not_specified,E0221-23,https://www.nso.gov.vn/en/px-web?pxid=E0221-23&theme=Population%20and%20Employment,source_reported_unharmonized
e0221_23_7705749b2e,population,In-migration rate,Immigration rate,VN_SRC_HAIPHONG,Hai Phong,2020,annual,2.55,‰,not_specified,E0221-23,https://www.nso.gov.vn/en/px-web?pxid=E0221-23&theme=Population%20and%20Employment,source_reported_unharmonized
e0221_23_7705749b2e,population,In-migration rate,Immigration rate,VN_SRC_HAIPHONG,Hai Phong,2021,annual,5.93,‰,not_specified,E0221-23,https://www.nso.gov.vn/en/px-web?pxid=E0221-23&theme=Population%20and%20Employment,source_reported_unharmonized
e0221_23_7705749b2e,population,In-migration rate,Immigration rate,VN_SRC_HAIPHONG,Hai Phong,2022,annual,2.53,‰,not_specified,E0221-23,https://www.nso.gov.vn/en/px-web?pxid=E0221-23&theme=Population%20and%20Employment,source_reported_unharmonized
e0221_23_7705749b2e,population,In-migration rate,Immigration rate,VN_SRC_HAIPHONG,Hai Phong,2023,annual,2.8,‰,not_specified,E0221-23,https://www.nso.gov.vn/en/px-web?pxid=E0221-23&theme=Population%20and%20Employment,source_reported_unharmonized
e0221_23_7705749b2e,population,In-migration rate,Immigration rate,VN_SRC_HAIPHONG,Hai Phong,2024,annual,4.67,‰,not_specified,E0221-23,https://www.nso.gov.vn/en/px-web?pxid=E0221-23&theme=Population%20and%20Employment,source_reported_unharmonized
e0221_23_7705749b2e,population,In-migration rate,Immigration rate,VN_SRC_HAIPHONG,Hai Phong,2025,annual,3.02,‰,preliminary,E0221-23,https://www.nso.gov.vn/en/px-web?pxid=E0221-23&theme=Population%20and%20Employment,source_reported_unharmonized
e0221_23_7705749b2e,population,In-migration rate,Immigration rate,VN_SRC_HUNGYEN,Hung Yen,2005,annual,6.8,‰,not_specified,E0221-23,https://www.nso.gov.vn/en/px-web?pxid=E0221-23&theme=Population%20and%20Employment,source_reported_unharmonized
e0221_23_7705749b2e,population,In-migration rate,Immigration rate,VN_SRC_HUNGYEN,Hung Yen,2007,annual,6.7,‰,not_specified,E0221-23,https://www.nso.gov.vn/en/px-web?pxid=E0221-23&theme=Population%20and%20Employment,source_reported_unharmonized
e0221_23_7705749b2e,population,In-migration rate,Immigration rate,VN_SRC_HUNGYEN,Hung Yen,2008,annual,3.9,‰,not_specified,E0221-23,https://www.nso.gov.vn/en/px-web?pxid=E0221-23&theme=Population%20and%20Employment,source_reported_unharmonized
e0221_23_7705749b2e,population,In-migration rate,Immigration rate,VN_SRC_HUNGYEN,Hung Yen,2009,annual,5.4,‰,not_specified,E0221-23,https://www.nso.gov.vn/en/px-web?pxid=E0221-23&theme=Population%20and%20Employment,source_reported_unharmonized
e0221_23_7705749b2e,population,In-migration rate,Immigration rate,VN_SRC_HUNGYEN,Hung Yen,2010,annual,6.5,‰,not_specified,E0221-23,https://www.nso.gov.vn/en/px-web?pxid=E0221-23&theme=Population%20and%20Employment,source_reported_unharmonized
e0221_23_7705749b2e,population,In-migration rate,Immigration rate,VN_SRC_HUNGYEN,Hung Yen,2011,annual,8.0,‰,not_specified,E0221-23,https://www.nso.gov.vn/en/px-web?pxid=E0221-23&theme=Population%20and%20Employment,source_reported_unharmonized
e0221_23_7705749b2e,population,In-migration rate,Immigration rate,VN_SRC_HUNGYEN,Hung Yen,2012,annual,7.0,‰,not_specified,E0221-23,https://www.nso.gov.vn/en/px-web?pxid=E0221-23&theme=Population%20and%20Employment,source_reported_unharmonized
e0221_23_7705749b2e,population,In-migration rate,Immigration rate,VN_SRC_HUNGYEN,Hung Yen,2013,annual,10.9,‰,not_specified,E0221-23,https://www.nso.gov.vn/en/px-web?pxid=E0221-23&theme=Population%20and%20Employment,source_reported_unharmonized
e0221_23_7705749b2e,population,In-migration rate,Immigration rate,VN_SRC_HUNGYEN,Hung Yen,2014,annual,7.4,‰,not_specified,E0221-23,https://www.nso.gov.vn/en/px-web?pxid=E0221-23&theme=Population%20and%20Employment,source_reported_unharmonized
e0221_23_7705749b2e,population,In-migration rate,Immigration rate,VN_SRC_HUNGYEN,Hung Yen,2015,annual,3.5,‰,not_specified,E0221-23,https://www.nso.gov.vn/en/px-web?pxid=E0221-23&theme=Population%20and%20Employment,source_reported_unharmonized
e0221_23_7705749b2e,population,In-migration rate,Immigration rate,VN_SRC_HUNGYEN,Hung Yen,2016,annual,3.9,‰,not_specified,E0221-23,https://www.nso.gov.vn/en/px-web?pxid=E0221-23&theme=Population%20and%20Employment,source_reported_unharmonized
e0221_23_7705749b2e,population,In-migration rate,Immigration rate,VN_SRC_HUNGYEN,Hung Yen,2017,annual,3.2,‰,not_specified,E0221-23,https://www.nso.gov.vn/en/px-web?pxid=E0221-23&theme=Population%20and%20Employment,source_reported_unharmonized
e0221_23_7705749b2e,population,In-migration rate,Immigration rate,VN_SRC_HUNGYEN,Hung Yen,2018,annual,3.4,‰,not_specified,E0221-23,https://www.nso.gov.vn/en/px-web?pxid=E0221-23&theme=Population%20and%20Employment,source_reported_unharmonized
e0221_23_7705749b2e,population,In-migration rate,Immigration rate,VN_SRC_HUNGYEN,Hung Yen,2019,annual,4.5,‰,not_specified,E0221-23,https://www.nso.gov.vn/en/px-web?pxid=E0221-23&theme=Population%20and%20Employment,source_reported_unharmonized
e0221_23_7705749b2e,population,In-migration rate,Immigration rate,VN_SRC_HUNGYEN,Hung Yen,2020,annual,8.65,‰,not_specified,E0221-23,https://www.nso.gov.vn/en/px-web?pxid=E0221-23&theme=Population%20and%20Employment,source_reported_unharmonized
e0221_23_7705749b2e,population,In-migration rate,Immigration rate,VN_SRC_HUNGYEN,Hung Yen,2021,annual,3.64,‰,not_specified,E0221-23,https://www.nso.gov.vn/en/px-web?pxid=E0221-23&theme=Population%20and%20Employment,source_reported_unharmonized
e0221_23_7705749b2e,population,In-migration rate,Immigration rate,VN_SRC_HUNGYEN,Hung Yen,2022,annual,3.49,‰,not_specified,E0221-23,https://www.nso.gov.vn/en/px-web?pxid=E0221-23&theme=Population%20and%20Employment,source_reported_unharmonized
e0221_23_7705749b2e,population,In-migration rate,Immigration rate,VN_SRC_HUNGYEN,Hung Yen,2023,annual,3.34,‰,not_specified,E0221-23,https://www.nso.gov.vn/en/px-web?pxid=E0221-23&theme=Population%20and%20Employment,source_reported_unharmonized
e0221_23_7705749b2e,population,In-migration rate,Immigration rate,VN_SRC_HUNGYEN,Hung Yen,2024,annual,6.88,‰,not_specified,E0221-23,https://www.nso.gov.vn/en/px-web?pxid=E0221-23&theme=Population%20and%20Employment,source_reported_unharmonized
e0221_23_7705749b2e,population,In-migration rate,Immigration rate,VN_SRC_HUNGYEN,Hung Yen,2025,annual,8.73,‰,preliminary,E0221-23,https://www.nso.gov.vn/en/px-web?pxid=E0221-23&theme=Population%20and%20Employment,source_reported_unharmonized
e0221_23_7705749b2e,population,In-migration rate,Immigration rate,VN_SRC_THAIBINH,Thai Binh,2005,annual,5.8,‰,not_specified,E0221-23,https://www.nso.gov.vn/en/px-web?pxid=E0221-23&theme=Population%20and%20Employment,source_reported_unharmonized
e0221_23_7705749b2e,population,In-migration rate,Immigration rate,VN_SRC_THAIBINH,Thai Binh,2007,annual,9.7,‰,not_specified,E0221-23,https://www.nso.gov.vn/en/px-web?pxid=E0221-23&theme=Population%20and%20Employment,source_reported_unharmonized
e0221_23_7705749b2e,population,In-migration rate,Immigration rate,VN_SRC_THAIBINH,Thai Binh,2008,annual,4.8,‰,not_specified,E0221-23,https://www.nso.gov.vn/en/px-web?pxid=E0221-23&theme=Population%20and%20Employment,source_reported_unharmonized
e0221_23_7705749b2e,population,In-migration rate,Immigration rate,VN_SRC_THAIBINH,Thai Binh,2009,annual,1.6,‰,not_specified,E0221-23,https://www.nso.gov.vn/en/px-web?pxid=E0221-23&theme=Population%20and%20Employment,source_reported_unharmonized
e0221_23_7705749b2e,population,In-migration rate,Immigration rate,VN_SRC_THAIBINH,Thai Binh,2010,annual,2.7,‰,not_specified,E0221-23,https://www.nso.gov.vn/en/px-web?pxid=E0221-23&theme=Population%20and%20Employment,source_reported_unharmonized
e0221_23_7705749b2e,population,In-migration rate,Immigration rate,VN_SRC_THAIBINH,Thai Binh,2011,annual,2.3,‰,not_specified,E0221-23,https://www.nso.gov.vn/en/px-web?pxid=E0221-23&theme=Population%20and%20Employment,source_reported_unharmonized
e0221_23_7705749b2e,population,In-migration rate,Immigration rate,VN_SRC_THAIBINH,Thai Binh,2012,annual,1.2,‰,not_specified,E0221-23,https://www.nso.gov.vn/en/px-web?pxid=E0221-23&theme=Population%20and%20Employment,source_reported_unharmonized
e0221_23_7705749b2e,population,In-migration rate,Immigration rate,VN_SRC_THAIBINH,Thai Binh,2013,annual,2.2,‰,not_specified,E0221-23,https://www.nso.gov.vn/en/px-web?pxid=E0221-23&theme=Population%20and%20Employment,source_reported_unharmonized
e0221_23_7705749b2e,population,In-migration rate,Immigration rate,VN_SRC_THAIBINH,Thai Binh,2014,annual,4.7,‰,not_specified,E0221-23,https://www.nso.gov.vn/en/px-web?pxid=E0221-23&theme=Population%20and%20Employment,source_reported_unharmonized
e0221_23_7705749b2e,population,In-migration rate,Immigration rate,VN_SRC_THAIBINH,Thai Binh,2015,annual,0.5,‰,not_specified,E0221-23,https://www.nso.gov.vn/en/px-web?pxid=E0221-23&theme=Population%20and%20Employment,source_reported_unharmonized
e0221_23_7705749b2e,population,In-migration rate,Immigration rate,VN_SRC_THAIBINH,Thai Binh,2016,annual,1.6,‰,not_specified,E0221-23,https://www.nso.gov.vn/en/px-web?pxid=E0221-23&theme=Population%20and%20Employment,source_reported_unharmonized
e0221_23_7705749b2e,population,In-migration rate,Immigration rate,VN_SRC_THAIBINH,Thai Binh,2017,annual,1.1,‰,not_specified,E0221-23,https://www.nso.gov.vn/en/px-web?pxid=E0221-23&theme=Population%20and%20Employment,source_reported_unharmonized
e0221_23_7705749b2e,population,In-migration rate,Immigration rate,VN_SRC_THAIBINH,Thai Binh,2018,annual,1.0,‰,not_specified,E0221-23,https://www.nso.gov.vn/en/px-web?pxid=E0221-23&theme=Population%20and%20Employment,source_reported_unharmonized
e0221_23_7705749b2e,population,In-migration rate,Immigration rate,VN_SRC_THAIBINH,Thai Binh,2019,annual,1.7,‰,not_specified,E0221-23,https://www.nso.gov.vn/en/px-web?pxid=E0221-23&theme=Population%20and%20Employment,source_reported_unharmonized
e0221_23_7705749b2e,population,In-migration rate,Immigration rate,VN_SRC_THAIBINH,Thai Binh,2020,annual,0.66,‰,not_specified,E0221-23,https://www.nso.gov.vn/en/px-web?pxid=E0221-23&theme=Population%20and%20Employment,source_reported_unharmonized
e0221_23_7705749b2e,population,In-migration rate,Immigration rate,VN_SRC_THAIBINH,Thai Binh,2021,annual,0.71,‰,not_specified,E0221-23,https://www.nso.gov.vn/en/px-web?pxid=E0221-23&theme=Population%20and%20Employment,source_reported_unharmonized
e0221_23_7705749b2e,population,In-migration rate,Immigration rate,VN_SRC_THAIBINH,Thai Binh,2022,annual,0.96,‰,not_specified,E0221-23,https://www.nso.gov.vn/en/px-web?pxid=E0221-23&theme=Population%20and%20Employment,source_reported_unharmonized
e0221_23_7705749b2e,population,In-migration rate,Immigration rate,VN_SRC_THAIBINH,Thai Binh,2023,annual,0.52,‰,not_specified,E0221-23,https://www.nso.gov.vn/en/px-web?pxid=E0221-23&theme=Population%20and%20Employment,source_reported_unharmonized
e0221_23_7705749b2e,population,In-migration rate,Immigration rate,VN_SRC_THAIBINH,Thai Binh,2024,annual,3.53,‰,not_specified,E0221-23,https://www.nso.gov.vn/en/px-web?pxid=E0221-23&theme=Population%20and%20Employment,source_reported_unharmonized
e0221_23_7705749b2e,population,In-migration rate,Immigration rate,VN_SRC_THAIBINH,Thai Binh,2025,annual,1.06,‰,preliminary,E0221-23,https://www.nso.gov.vn/en/px-web?pxid=E0221-23&theme=Population%20and%20Employment,source_reported_unharmonized
e0221_23_7705749b2e,population,In-migration rate,Immigration rate,VN_SRC_HANAM,Ha Nam,2005,annual,2.3,‰,not_specified,E0221-23,https://www.nso.gov.vn/en/px-web?pxid=E0221-23&theme=Population%20and%20Employment,source_reported_unharmonized
e0221_23_7705749b2e,population,In-migration rate,Immigration rate,VN_SRC_HANAM,Ha Nam,2007,annual,2.8,‰,not_specified,E0221-23,https://www.nso.gov.vn/en/px-web?pxid=E0221-23&theme=Population%20and%20Employment,source_reported_unharmonized
e0221_23_7705749b2e,population,In-migration rate,Immigration rate,VN_SRC_HANAM,Ha Nam,2008,annual,4.9,‰,not_specified,E0221-23,https://www.nso.gov.vn/en/px-web?pxid=E0221-23&theme=Population%20and%20Employment,source_reported_unharmonized
e0221_23_7705749b2e,population,In-migration rate,Immigration rate,VN_SRC_HANAM,Ha Nam,2009,annual,2.4,‰,not_specified,E0221-23,https://www.nso.gov.vn/en/px-web?pxid=E0221-23&theme=Population%20and%20Employment,source_reported_unharmonized
e0221_23_7705749b2e,population,In-migration rate,Immigration rate,VN_SRC_HANAM,Ha Nam,2010,annual,4.1,‰,not_specified,E0221-23,https://www.nso.gov.vn/en/px-web?pxid=E0221-23&theme=Population%20and%20Employment,source_reported_unharmonized
e0221_23_7705749b2e,population,In-migration rate,Immigration rate,VN_SRC_HANAM,Ha Nam,2011,annual,6.6,‰,not_specified,E0221-23,https://www.nso.gov.vn/en/px-web?pxid=E0221-23&theme=Population%20and%20Employment,source_reported_unharmonized
e0221_23_7705749b2e,population,In-migration rate,Immigration rate,VN_SRC_HANAM,Ha Nam,2012,annual,1.4,‰,not_specified,E0221-23,https://www.nso.gov.vn/en/px-web?pxid=E0221-23&theme=Population%20and%20Employment,source_reported_unharmonized
e0221_23_7705749b2e,population,In-migration rate,Immigration rate,VN_SRC_HANAM,Ha Nam,2013,annual,6.1,‰,not_specified,E0221-23,https://www.nso.gov.vn/en/px-web?pxid=E0221-23&theme=Population%20and%20Employment,source_reported_unharmonized
e0221_23_7705749b2e,population,In-migration rate,Immigration rate,VN_SRC_HANAM,Ha Nam,2014,annual,6.7,‰,not_specified,E0221-23,https://www.nso.gov.vn/en/px-web?pxid=E0221-23&theme=Population%20and%20Employment,source_reported_unharmonized
e0221_23_7705749b2e,population,In-migration rate,Immigration rate,VN_SRC_HANAM,Ha Nam,2015,annual,2.6,‰,not_specified,E0221-23,https://www.nso.gov.vn/en/px-web?pxid=E0221-23&theme=Population%20and%20Employment,source_reported_unharmonized
e0221_23_7705749b2e,population,In-migration rate,Immigration rate,VN_SRC_HANAM,Ha Nam,2016,annual,3.0,‰,not_specified,E0221-23,https://www.nso.gov.vn/en/px-web?pxid=E0221-23&theme=Population%20and%20Employment,source_reported_unharmonized
e0221_23_7705749b2e,population,In-migration rate,Immigration rate,VN_SRC_HANAM,Ha Nam,2017,annual,1.1,‰,not_specified,E0221-23,https://www.nso.gov.vn/en/px-web?pxid=E0221-23&theme=Population%20and%20Employment,source_reported_unharmonized
e0221_23_7705749b2e,population,In-migration rate,Immigration rate,VN_SRC_HANAM,Ha Nam,2018,annual,1.6,‰,not_specified,E0221-23,https://www.nso.gov.vn/en/px-web?pxid=E0221-23&theme=Population%20and%20Employment,source_reported_unharmonized
e0221_23_7705749b2e,population,In-migration rate,Immigration rate,VN_SRC_HANAM,Ha Nam,2019,annual,3.3,‰,not_specified,E0221-23,https://www.nso.gov.vn/en/px-web?pxid=E0221-23&theme=Population%20and%20Employment,source_reported_unharmonized
e0221_23_7705749b2e,population,In-migration rate,Immigration rate,VN_SRC_HANAM,Ha Nam,2020,annual,6.4,‰,not_specified,E0221-23,https://www.nso.gov.vn/en/px-web?pxid=E0221-23&theme=Population%20and%20Employment,source_reported_unharmonized
e0221_23_7705749b2e,population,In-migration rate,Immigration rate,VN_SRC_HANAM,Ha Nam,2021,annual,3.01,‰,not_specified,E0221-23,https://www.nso.gov.vn/en/px-web?pxid=E0221-23&theme=Population%20and%20Employment,source_reported_unharmonized
e0221_23_7705749b2e,population,In-migration rate,Immigration rate,VN_SRC_HANAM,Ha Nam,2022,annual,1.5,‰,not_specified,E0221-23,https://www.nso.gov.vn/en/px-web?pxid=E0221-23&theme=Population%20and%20Employment,source_reported_unharmonized
e0221_23_7705749b2e,population,In-migration rate,Immigration rate,VN_SRC_HANAM,Ha Nam,2023,annual,1.88,‰,not_specified,E0221-23,https://www.nso.gov.vn/en/px-web?pxid=E0221-23&theme=Population%20and%20Employment,source_reported_unharmonized
e0221_23_7705749b2e,population,In-migration rate,Immigration rate,VN_SRC_HANAM,Ha Nam,2024,annual,7.15,‰,not_specified,E0221-23,https://www.nso.gov.vn/en/px-web?pxid=E0221-23&theme=Population%20and%20Employment,source_reported_unharmonized
e0221_23_7705749b2e,population,In-migration rate,Immigration rate,VN_SRC_HANAM,Ha Nam,2025,annual,1.24,‰,preliminary,E0221-23,https://www.nso.gov.vn/en/px-web?pxid=E0221-23&theme=Population%20and%20Employment,source_reported_unharmonized
e0221_23_7705749b2e,population,In-migration rate,Immigration rate,VN_SRC_NAMDINH,Nam Dinh,2005,annual,1.9,‰,not_specified,E0221-23,https://www.nso.gov.vn/en/px-web?pxid=E0221-23&theme=Population%20and%20Employment,source_reported_unharmonized
e0221_23_7705749b2e,population,In-migration rate,Immigration rate,VN_SRC_NAMDINH,Nam Dinh,2007,annual,3.9,‰,not_specified,E0221-23,https://www.nso.gov.vn/en/px-web?pxid=E0221-23&theme=Population%20and%20Employment,source_reported_unharmonized
e0221_23_7705749b2e,population,In-migration rate,Immigration rate,VN_SRC_NAMDINH,Nam Dinh,2008,annual,0.7,‰,not_specified,E0221-23,https://www.nso.gov.vn/en/px-web?pxid=E0221-23&theme=Population%20and%20Employment,source_reported_unharmonized
e0221_23_7705749b2e,population,In-migration rate,Immigration rate,VN_SRC_NAMDINH,Nam Dinh,2009,annual,2.2,‰,not_specified,E0221-23,https://www.nso.gov.vn/en/px-web?pxid=E0221-23&theme=Population%20and%20Employment,source_reported_unharmonized
e0221_23_7705749b2e,population,In-migration rate,Immigration rate,VN_SRC_NAMDINH,Nam Dinh,2010,annual,4.1,‰,not_specified,E0221-23,https://www.nso.gov.vn/en/px-web?pxid=E0221-23&theme=Population%20and%20Employment,source_reported_unharmonized
e0221_23_7705749b2e,population,In-migration rate,Immigration rate,VN_SRC_NAMDINH,Nam Dinh,2011,annual,6.1,‰,not_specified,E0221-23,https://www.nso.gov.vn/en/px-web?pxid=E0221-23&theme=Population%20and%20Employment,source_reported_unharmonized
e0221_23_7705749b2e,population,In-migration rate,Immigration rate,VN_SRC_NAMDINH,Nam Dinh,2012,annual,2.3,‰,not_specified,E0221-23,https://www.nso.gov.vn/en/px-web?pxid=E0221-23&theme=Population%20and%20Employment,source_reported_unharmonized
e0221_23_7705749b2e,population,In-migration rate,Immigration rate,VN_SRC_NAMDINH,Nam Dinh,2013,annual,3.5,‰,not_specified,E0221-23,https://www.nso.gov.vn/en/px-web?pxid=E0221-23&theme=Population%20and%20Employment,source_reported_unharmonized
e0221_23_7705749b2e,population,In-migration rate,Immigration rate,VN_SRC_NAMDINH,Nam Dinh,2014,annual,4.6,‰,not_specified,E0221-23,https://www.nso.gov.vn/en/px-web?pxid=E0221-23&theme=Population%20and%20Employment,source_reported_unharmonized
e0221_23_7705749b2e,population,In-migration rate,Immigration rate,VN_SRC_NAMDINH,Nam Dinh,2015,annual,0.6,‰,not_specified,E0221-23,https://www.nso.gov.vn/en/px-web?pxid=E0221-23&theme=Population%20and%20Employment,source_reported_unharmonized
e0221_23_7705749b2e,population,In-migration rate,Immigration rate,VN_SRC_NAMDINH,Nam Dinh,2016,annual,0.7,‰,not_specified,E0221-23,https://www.nso.gov.vn/en/px-web?pxid=E0221-23&theme=Population%20and%20Employment,source_reported_unharmonized
e0221_23_7705749b2e,population,In-migration rate,Immigration rate,VN_SRC_NAMDINH,Nam Dinh,2017,annual,1.9,‰,not_specified,E0221-23,https://www.nso.gov.vn/en/px-web?pxid=E0221-23&theme=Population%20and%20Employment,source_reported_unharmonized
e0221_23_7705749b2e,population,In-migration rate,Immigration rate,VN_SRC_NAMDINH,Nam Dinh,2018,annual,2.4,‰,not_specified,E0221-23,https://www.nso.gov.vn/en/px-web?pxid=E0221-23&theme=Population%20and%20Employment,source_reported_unharmonized
e0221_23_7705749b2e,population,In-migration rate,Immigration rate,VN_SRC_NAMDINH,Nam Dinh,2019,annual,1.6,‰,not_specified,E0221-23,https://www.nso.gov.vn/en/px-web?pxid=E0221-23&theme=Population%20and%20Employment,source_reported_unharmonized
e0221_23_7705749b2e,population,In-migration rate,Immigration rate,VN_SRC_NAMDINH,Nam Dinh,2020,annual,1.96,‰,not_specified,E0221-23,https://www.nso.gov.vn/en/px-web?pxid=E0221-23&theme=Population%20and%20Employment,source_reported_unharmonized
e0221_23_7705749b2e,population,In-migration rate,Immigration rate,VN_SRC_NAMDINH,Nam Dinh,2021,annual,1.04,‰,not_specified,E0221-23,https://www.nso.gov.vn/en/px-web?pxid=E0221-23&theme=Population%20and%20Employment,source_reported_unharmonized
e0221_23_7705749b2e,population,In-migration rate,Immigration rate,VN_SRC_NAMDINH,Nam Dinh,2022,annual,2.11,‰,not_specified,E0221-23,https://www.nso.gov.vn/en/px-web?pxid=E0221-23&theme=Population%20and%20Employment,source_reported_unharmonized
e0221_23_7705749b2e,population,In-migration rate,Immigration rate,VN_SRC_NAMDINH,Nam Dinh,2023,annual,2.43,‰,not_specified,E0221-23,https://www.nso.gov.vn/en/px-web?pxid=E0221-23&theme=Population%20and%20Employment,source_reported_unharmonized
e0221_23_7705749b2e,population,In-migration rate,Immigration rate,VN_SRC_NAMDINH,Nam Dinh,2024,annual,1.97,‰,not_specified,E0221-23,https://www.nso.gov.vn/en/px-web?pxid=E0221-23&theme=Population%20and%20Employment,source_reported_unharmonized
e0221_23_7705749b2e,population,In-migration rate,Immigration rate,VN_SRC_NAMDINH,Nam Dinh,2025,annual,0.33,‰,preliminary,E0221-23,https://www.nso.gov.vn/en/px-web?pxid=E0221-23&theme=Population%20and%20Employment,source_reported_unharmonized
e0221_23_7705749b2e,population,In-migration rate,Immigration rate,VN_SRC_NINHBINH,Ninh Binh,2005,annual,3.6,‰,not_specified,E0221-23,https://www.nso.gov.vn/en/px-web?pxid=E0221-23&theme=Population%20and%20Employment,source_reported_unharmonized
e0221_23_7705749b2e,population,In-migration rate,Immigration rate,VN_SRC_NINHBINH,Ninh Binh,2007,annual,6.4,‰,not_specified,E0221-23,https://www.nso.gov.vn/en/px-web?pxid=E0221-23&theme=Population%20and%20Employment,source_reported_unharmonized
e0221_23_7705749b2e,population,In-migration rate,Immigration rate,VN_SRC_NINHBINH,Ninh Binh,2008,annual,4.6,‰,not_specified,E0221-23,https://www.nso.gov.vn/en/px-web?pxid=E0221-23&theme=Population%20and%20Employment,source_reported_unharmonized
e0221_23_7705749b2e,population,In-migration rate,Immigration rate,VN_SRC_NINHBINH,Ninh Binh,2009,annual,3.5,‰,not_specified,E0221-23,https://www.nso.gov.vn/en/px-web?pxid=E0221-23&theme=Population%20and%20Employment,source_reported_unharmonized
e0221_23_7705749b2e,population,In-migration rate,Immigration rate,VN_SRC_NINHBINH,Ninh Binh,2010,annual,5.9,‰,not_specified,E0221-23,https://www.nso.gov.vn/en/px-web?pxid=E0221-23&theme=Population%20and%20Employment,source_reported_unharmonized
e0221_23_7705749b2e,population,In-migration rate,Immigration rate,VN_SRC_NINHBINH,Ninh Binh,2011,annual,10.2,‰,not_specified,E0221-23,https://www.nso.gov.vn/en/px-web?pxid=E0221-23&theme=Population%20and%20Employment,source_reported_unharmonized
e0221_23_7705749b2e,population,In-migration rate,Immigration rate,VN_SRC_NINHBINH,Ninh Binh,2012,annual,10.2,‰,not_specified,E0221-23,https://www.nso.gov.vn/en/px-web?pxid=E0221-23&theme=Population%20and%20Employment,source_reported_unharmonized
e0221_23_7705749b2e,population,In-migration rate,Immigration rate,VN_SRC_NINHBINH,Ninh Binh,2013,annual,11.9,‰,not_specified,E0221-23,https://www.nso.gov.vn/en/px-web?pxid=E0221-23&theme=Population%20and%20Employment,source_reported_unharmonized
e0221_23_7705749b2e,population,In-migration rate,Immigration rate,VN_SRC_NINHBINH,Ninh Binh,2014,annual,7.9,‰,not_specified,E0221-23,https://www.nso.gov.vn/en/px-web?pxid=E0221-23&theme=Population%20and%20Employment,source_reported_unharmonized
e0221_23_7705749b2e,population,In-migration rate,Immigration rate,VN_SRC_NINHBINH,Ninh Binh,2015,annual,5.6,‰,not_specified,E0221-23,https://www.nso.gov.vn/en/px-web?pxid=E0221-23&theme=Population%20and%20Employment,source_reported_unharmonized
e0221_23_7705749b2e,population,In-migration rate,Immigration rate,VN_SRC_NINHBINH,Ninh Binh,2016,annual,3.4,‰,not_specified,E0221-23,https://www.nso.gov.vn/en/px-web?pxid=E0221-23&theme=Population%20and%20Employment,source_reported_unharmonized
e0221_23_7705749b2e,population,In-migration rate,Immigration rate,VN_SRC_NINHBINH,Ninh Binh,2017,annual,3.9,‰,not_specified,E0221-23,https://www.nso.gov.vn/en/px-web?pxid=E0221-23&theme=Population%20and%20Employment,source_reported_unharmonized
e0221_23_7705749b2e,population,In-migration rate,Immigration rate,VN_SRC_NINHBINH,Ninh Binh,2018,annual,4.8,‰,not_specified,E0221-23,https://www.nso.gov.vn/en/px-web?pxid=E0221-23&theme=Population%20and%20Employment,source_reported_unharmonized
e0221_23_7705749b2e,population,In-migration rate,Immigration rate,VN_SRC_NINHBINH,Ninh Binh,2019,annual,2.6,‰,not_specified,E0221-23,https://www.nso.gov.vn/en/px-web?pxid=E0221-23&theme=Population%20and%20Employment,source_reported_unharmonized
e0221_23_7705749b2e,population,In-migration rate,Immigration rate,VN_SRC_NINHBINH,Ninh Binh,2020,annual,1.8,‰,not_specified,E0221-23,https://www.nso.gov.vn/en/px-web?pxid=E0221-23&theme=Population%20and%20Employment,source_reported_unharmonized
e0221_23_7705749b2e,population,In-migration rate,Immigration rate,VN_SRC_NINHBINH,Ninh Binh,2021,annual,2.39,‰,not_specified,E0221-23,https://www.nso.gov.vn/en/px-web?pxid=E0221-23&theme=Population%20and%20Employment,source_reported_unharmonized
e0221_23_7705749b2e,population,In-migration rate,Immigration rate,VN_SRC_NINHBINH,Ninh Binh,2022,annual,4.21,‰,not_specified,E0221-23,https://www.nso.gov.vn/en/px-web?pxid=E0221-23&theme=Population%20and%20Employment,source_reported_unharmonized
e0221_23_7705749b2e,population,In-migration rate,Immigration rate,VN_SRC_NINHBINH,Ninh Binh,2023,annual,3.2,‰,not_specified,E0221-23,https://www.nso.gov.vn/en/px-web?pxid=E0221-23&theme=Population%20and%20Employment,source_reported_unharmonized
e0221_23_7705749b2e,population,In-migration rate,Immigration rate,VN_SRC_NINHBINH,Ninh Binh,2024,annual,4.63,‰,not_specified,E0221-23,https://www.nso.gov.vn/en/px-web?pxid=E0221-23&theme=Population%20and%20Employment,source_reported_unharmonized
e0221_23_7705749b2e,population,In-migration rate,Immigration rate,VN_SRC_NINHBINH,Ninh Binh,2025,annual,2.03,‰,preliminary,E0221-23,https://www.nso.gov.vn/en/px-web?pxid=E0221-23&theme=Population%20and%20Employment,source_reported_unharmonized
e0221_23_7705749b2e,population,In-migration rate,Immigration rate,VN_SRC_HAGIANG,Ha Giang,2005,annual,0.6,‰,not_specified,E0221-23,https://www.nso.gov.vn/en/px-web?pxid=E0221-23&theme=Population%20and%20Employment,source_reported_unharmonized
e0221_23_7705749b2e,population,In-migration rate,Immigration rate,VN_SRC_HAGIANG,Ha Giang,2007,annual,0.9,‰,not_specified,E0221-23,https://www.nso.gov.vn/en/px-web?pxid=E0221-23&theme=Population%20and%20Employment,source_reported_unharmonized
e0221_23_7705749b2e,population,In-migration rate,Immigration rate,VN_SRC_HAGIANG,Ha Giang,2008,annual,0.9,‰,not_specified,E0221-23,https://www.nso.gov.vn/en/px-web?pxid=E0221-23&theme=Population%20and%20Employment,source_reported_unharmonized
e0221_23_7705749b2e,population,In-migration rate,Immigration rate,VN_SRC_HAGIANG,Ha Giang,2009,annual,2.2,‰,not_specified,E0221-23,https://www.nso.gov.vn/en/px-web?pxid=E0221-23&theme=Population%20and%20Employment,source_reported_unharmonized
e0221_23_7705749b2e,population,In-migration rate,Immigration rate,VN_SRC_HAGIANG,Ha Giang,2010,annual,1.9,‰,not_specified,E0221-23,https://www.nso.gov.vn/en/px-web?pxid=E0221-23&theme=Population%20and%20Employment,source_reported_unharmonized
e0221_23_7705749b2e,population,In-migration rate,Immigration rate,VN_SRC_HAGIANG,Ha Giang,2011,annual,2.4,‰,not_specified,E0221-23,https://www.nso.gov.vn/en/px-web?pxid=E0221-23&theme=Population%20and%20Employment,source_reported_unharmonized
e0221_23_7705749b2e,population,In-migration rate,Immigration rate,VN_SRC_HAGIANG,Ha Giang,2012,annual,1.3,‰,not_specified,E0221-23,https://www.nso.gov.vn/en/px-web?pxid=E0221-23&theme=Population%20and%20Employment,source_reported_unharmonized
e0221_23_7705749b2e,population,In-migration rate,Immigration rate,VN_SRC_HAGIANG,Ha Giang,2013,annual,2.8,‰,not_specified,E0221-23,https://www.nso.gov.vn/en/px-web?pxid=E0221-23&theme=Population%20and%20Employment,source_reported_unharmonized
e0221_23_7705749b2e,population,In-migration rate,Immigration rate,VN_SRC_HAGIANG,Ha Giang,2014,annual,1.4,‰,not_specified,E0221-23,https://www.nso.gov.vn/en/px-web?pxid=E0221-23&theme=Population%20and%20Employment,source_reported_unharmonized
e0221_23_7705749b2e,population,In-migration rate,Immigration rate,VN_SRC_HAGIANG,Ha Giang,2015,annual,1.1,‰,not_specified,E0221-23,https://www.nso.gov.vn/en/px-web?pxid=E0221-23&theme=Population%20and%20Employment,source_reported_unharmonized
e0221_23_7705749b2e,population,In-migration rate,Immigration rate,VN_SRC_HAGIANG,Ha Giang,2016,annual,0.2,‰,not_specified,E0221-23,https://www.nso.gov.vn/en/px-web?pxid=E0221-23&theme=Population%20and%20Employment,source_reported_unharmonized
e0221_23_7705749b2e,population,In-migration rate,Immigration rate,VN_SRC_HAGIANG,Ha Giang,2017,annual,0.1,‰,not_specified,E0221-23,https://www.nso.gov.vn/en/px-web?pxid=E0221-23&theme=Population%20and%20Employment,source_reported_unharmonized
e0221_23_7705749b2e,population,In-migration rate,Immigration rate,VN_SRC_HAGIANG,Ha Giang,2018,annual,0.1,‰,not_specified,E0221-23,https://www.nso.gov.vn/en/px-web?pxid=E0221-23&theme=Population%20and%20Employment,source_reported_unharmonized
e0221_23_7705749b2e,population,In-migration rate,Immigration rate,VN_SRC_HAGIANG,Ha Giang,2019,annual,1.0,‰,not_specified,E0221-23,https://www.nso.gov.vn/en/px-web?pxid=E0221-23&theme=Population%20and%20Employment,source_reported_unharmonized
e0221_23_7705749b2e,population,In-migration rate,Immigration rate,VN_SRC_HAGIANG,Ha Giang,2020,annual,0.71,‰,not_specified,E0221-23,https://www.nso.gov.vn/en/px-web?pxid=E0221-23&theme=Population%20and%20Employment,source_reported_unharmonized
e0221_23_7705749b2e,population,In-migration rate,Immigration rate,VN_SRC_HAGIANG,Ha Giang,2021,annual,0.32,‰,not_specified,E0221-23,https://www.nso.gov.vn/en/px-web?pxid=E0221-23&theme=Population%20and%20Employment,source_reported_unharmonized
e0221_23_7705749b2e,population,In-migration rate,Immigration rate,VN_SRC_HAGIANG,Ha Giang,2022,annual,0.51,‰,not_specified,E0221-23,https://www.nso.gov.vn/en/px-web?pxid=E0221-23&theme=Population%20and%20Employment,source_reported_unharmonized
e0221_23_7705749b2e,population,In-migration rate,Immigration rate,VN_SRC_HAGIANG,Ha Giang,2023,annual,0.21,‰,not_specified,E0221-23,https://www.nso.gov.vn/en/px-web?pxid=E0221-23&theme=Population%20and%20Employment,source_reported_unharmonized
e0221_23_7705749b2e,population,In-migration rate,Immigration rate,VN_SRC_HAGIANG,Ha Giang,2024,annual,2.68,‰,not_specified,E0221-23,https://www.nso.gov.vn/en/px-web?pxid=E0221-23&theme=Population%20and%20Employment,source_reported_unharmonized
e0221_23_7705749b2e,population,In-migration rate,Immigration rate,VN_SRC_HAGIANG,Ha Giang,2025,annual,1.39,‰,preliminary,E0221-23,https://www.nso.gov.vn/en/px-web?pxid=E0221-23&theme=Population%20and%20Employment,source_reported_unharmonized
e0221_23_7705749b2e,population,In-migration rate,Immigration rate,VN_SRC_CAOBANG,Cao Bang,2005,annual,4.2,‰,not_specified,E0221-23,https://www.nso.gov.vn/en/px-web?pxid=E0221-23&theme=Population%20and%20Employment,source_reported_unharmonized
e0221_23_7705749b2e,population,In-migration rate,Immigration rate,VN_SRC_CAOBANG,Cao Bang,2007,annual,5.9,‰,not_specified,E0221-23,https://www.nso.gov.vn/en/px-web?pxid=E0221-23&theme=Population%20and%20Employment,source_reported_unharmonized
e0221_23_7705749b2e,population,In-migration rate,Immigration rate,VN_SRC_CAOBANG,Cao Bang,2008,annual,5.2,‰,not_specified,E0221-23,https://www.nso.gov.vn/en/px-web?pxid=E0221-23&theme=Population%20and%20Employment,source_reported_unharmonized
e0221_23_7705749b2e,population,In-migration rate,Immigration rate,VN_SRC_CAOBANG,Cao Bang,2009,annual,3.7,‰,not_specified,E0221-23,https://www.nso.gov.vn/en/px-web?pxid=E0221-23&theme=Population%20and%20Employment,source_reported_unharmonized
e0221_23_7705749b2e,population,In-migration rate,Immigration rate,VN_SRC_CAOBANG,Cao Bang,2010,annual,4.7,‰,not_specified,E0221-23,https://www.nso.gov.vn/en/px-web?pxid=E0221-23&theme=Population%20and%20Employment,source_reported_unharmonized
e0221_23_7705749b2e,population,In-migration rate,Immigration rate,VN_SRC_CAOBANG,Cao Bang,2011,annual,4.6,‰,not_specified,E0221-23,https://www.nso.gov.vn/en/px-web?pxid=E0221-23&theme=Population%20and%20Employment,source_reported_unharmonized
e0221_23_7705749b2e,population,In-migration rate,Immigration rate,VN_SRC_CAOBANG,Cao Bang,2012,annual,4.4,‰,not_specified,E0221-23,https://www.nso.gov.vn/en/px-web?pxid=E0221-23&theme=Population%20and%20Employment,source_reported_unharmonized
e0221_23_7705749b2e,population,In-migration rate,Immigration rate,VN_SRC_CAOBANG,Cao Bang,2013,annual,8.1,‰,not_specified,E0221-23,https://www.nso.gov.vn/en/px-web?pxid=E0221-23&theme=Population%20and%20Employment,source_reported_unharmonized
e0221_23_7705749b2e,population,In-migration rate,Immigration rate,VN_SRC_CAOBANG,Cao Bang,2014,annual,3.3,‰,not_specified,E0221-23,https://www.nso.gov.vn/en/px-web?pxid=E0221-23&theme=Population%20and%20Employment,source_reported_unharmonized
e0221_23_7705749b2e,population,In-migration rate,Immigration rate,VN_SRC_CAOBANG,Cao Bang,2015,annual,4.0,‰,not_specified,E0221-23,https://www.nso.gov.vn/en/px-web?pxid=E0221-23&theme=Population%20and%20Employment,source_reported_unharmonized
e0221_23_7705749b2e,population,In-migration rate,Immigration rate,VN_SRC_CAOBANG,Cao Bang,2016,annual,3.3,‰,not_specified,E0221-23,https://www.nso.gov.vn/en/px-web?pxid=E0221-23&theme=Population%20and%20Employment,source_reported_unharmonized
e0221_23_7705749b2e,population,In-migration rate,Immigration rate,VN_SRC_CAOBANG,Cao Bang,2017,annual,1.7,‰,not_specified,E0221-23,https://www.nso.gov.vn/en/px-web?pxid=E0221-23&theme=Population%20and%20Employment,source_reported_unharmonized
e0221_23_7705749b2e,population,In-migration rate,Immigration rate,VN_SRC_CAOBANG,Cao Bang,2018,annual,1.9,‰,not_specified,E0221-23,https://www.nso.gov.vn/en/px-web?pxid=E0221-23&theme=Population%20and%20Employment,source_reported_unharmonized
e0221_23_7705749b2e,population,In-migration rate,Immigration rate,VN_SRC_CAOBANG,Cao Bang,2019,annual,1.8,‰,not_specified,E0221-23,https://www.nso.gov.vn/en/px-web?pxid=E0221-23&theme=Population%20and%20Employment,source_reported_unharmonized
e0221_23_7705749b2e,population,In-migration rate,Immigration rate,VN_SRC_CAOBANG,Cao Bang,2020,annual,2.19,‰,not_specified,E0221-23,https://www.nso.gov.vn/en/px-web?pxid=E0221-23&theme=Population%20and%20Employment,source_reported_unharmonized
e0221_23_7705749b2e,population,In-migration rate,Immigration rate,VN_SRC_CAOBANG,Cao Bang,2021,annual,2.5,‰,not_specified,E0221-23,https://www.nso.gov.vn/en/px-web?pxid=E0221-23&theme=Population%20and%20Employment,source_reported_unharmonized
e0221_23_7705749b2e,population,In-migration rate,Immigration rate,VN_SRC_CAOBANG,Cao Bang,2022,annual,2.74,‰,not_specified,E0221-23,https://www.nso.gov.vn/en/px-web?pxid=E0221-23&theme=Population%20and%20Employment,source_reported_unharmonized
e0221_23_7705749b2e,population,In-migration rate,Immigration rate,VN_SRC_CAOBANG,Cao Bang,2023,annual,2.12,‰,not_specified,E0221-23,https://www.nso.gov.vn/en/px-web?pxid=E0221-23&theme=Population%20and%20Employment,source_reported_unharmonized
e0221_23_7705749b2e,population,In-migration rate,Immigration rate,VN_SRC_CAOBANG,Cao Bang,2024,annual,3.84,‰,not_specified,E0221-23,https://www.nso.gov.vn/en/px-web?pxid=E0221-23&theme=Population%20and%20Employment,source_reported_unharmonized
e0221_23_7705749b2e,population,In-migration rate,Immigration rate,VN_SRC_CAOBANG,Cao Bang,2025,annual,2.72,‰,preliminary,E0221-23,https://www.nso.gov.vn/en/px-web?pxid=E0221-23&theme=Population%20and%20Employment,source_reported_unharmonized
e0221_23_7705749b2e,population,In-migration rate,Immigration rate,VN_SRC_BACKAN,Bac Kan,2005,annual,4.3,‰,not_specified,E0221-23,https://www.nso.gov.vn/en/px-web?pxid=E0221-23&theme=Population%20and%20Employment,source_reported_unharmonized
e0221_23_7705749b2e,population,In-migration rate,Immigration rate,VN_SRC_BACKAN,Bac Kan,2007,annual,5.0,‰,not_specified,E0221-23,https://www.nso.gov.vn/en/px-web?pxid=E0221-23&theme=Population%20and%20Employment,source_reported_unharmonized
e0221_23_7705749b2e,population,In-migration rate,Immigration rate,VN_SRC_BACKAN,Bac Kan,2008,annual,2.6,‰,not_specified,E0221-23,https://www.nso.gov.vn/en/px-web?pxid=E0221-23&theme=Population%20and%20Employment,source_reported_unharmonized
e0221_23_7705749b2e,population,In-migration rate,Immigration rate,VN_SRC_BACKAN,Bac Kan,2009,annual,4.7,‰,not_specified,E0221-23,https://www.nso.gov.vn/en/px-web?pxid=E0221-23&theme=Population%20and%20Employment,source_reported_unharmonized
e0221_23_7705749b2e,population,In-migration rate,Immigration rate,VN_SRC_BACKAN,Bac Kan,2010,annual,4.6,‰,not_specified,E0221-23,https://www.nso.gov.vn/en/px-web?pxid=E0221-23&theme=Population%20and%20Employment,source_reported_unharmonized
e0221_23_7705749b2e,population,In-migration rate,Immigration rate,VN_SRC_BACKAN,Bac Kan,2011,annual,4.8,‰,not_specified,E0221-23,https://www.nso.gov.vn/en/px-web?pxid=E0221-23&theme=Population%20and%20Employment,source_reported_unharmonized
e0221_23_7705749b2e,population,In-migration rate,Immigration rate,VN_SRC_BACKAN,Bac Kan,2012,annual,3.1,‰,not_specified,E0221-23,https://www.nso.gov.vn/en/px-web?pxid=E0221-23&theme=Population%20and%20Employment,source_reported_unharmonized
e0221_23_7705749b2e,population,In-migration rate,Immigration rate,VN_SRC_BACKAN,Bac Kan,2013,annual,4.7,‰,not_specified,E0221-23,https://www.nso.gov.vn/en/px-web?pxid=E0221-23&theme=Population%20and%20Employment,source_reported_unharmonized
e0221_23_7705749b2e,population,In-migration rate,Immigration rate,VN_SRC_BACKAN,Bac Kan,2014,annual,4.0,‰,not_specified,E0221-23,https://www.nso.gov.vn/en/px-web?pxid=E0221-23&theme=Population%20and%20Employment,source_reported_unharmonized
e0221_23_7705749b2e,population,In-migration rate,Immigration rate,VN_SRC_BACKAN,Bac Kan,2015,annual,2.2,‰,not_specified,E0221-23,https://www.nso.gov.vn/en/px-web?pxid=E0221-23&theme=Population%20and%20Employment,source_reported_unharmonized
e0221_23_7705749b2e,population,In-migration rate,Immigration rate,VN_SRC_BACKAN,Bac Kan,2016,annual,1.0,‰,not_specified,E0221-23,https://www.nso.gov.vn/en/px-web?pxid=E0221-23&theme=Population%20and%20Employment,source_reported_unharmonized
e0221_23_7705749b2e,population,In-migration rate,Immigration rate,VN_SRC_BACKAN,Bac Kan,2017,annual,1.6,‰,not_specified,E0221-23,https://www.nso.gov.vn/en/px-web?pxid=E0221-23&theme=Population%20and%20Employment,source_reported_unharmonized
e0221_23_7705749b2e,population,In-migration rate,Immigration rate,VN_SRC_BACKAN,Bac Kan,2018,annual,1.2,‰,not_specified,E0221-23,https://www.nso.gov.vn/en/px-web?pxid=E0221-23&theme=Population%20and%20Employment,source_reported_unharmonized
e0221_23_7705749b2e,population,In-migration rate,Immigration rate,VN_SRC_BACKAN,Bac Kan,2019,annual,1.6,‰,not_specified,E0221-23,https://www.nso.gov.vn/en/px-web?pxid=E0221-23&theme=Population%20and%20Employment,source_reported_unharmonized
e0221_23_7705749b2e,population,In-migration rate,Immigration rate,VN_SRC_BACKAN,Bac Kan,2020,annual,0.95,‰,not_specified,E0221-23,https://www.nso.gov.vn/en/px-web?pxid=E0221-23&theme=Population%20and%20Employment,source_reported_unharmonized
e0221_23_7705749b2e,population,In-migration rate,Immigration rate,VN_SRC_BACKAN,Bac Kan,2021,annual,1.42,‰,not_specified,E0221-23,https://www.nso.gov.vn/en/px-web?pxid=E0221-23&theme=Population%20and%20Employment,source_reported_unharmonized
e0221_23_7705749b2e,population,In-migration rate,Immigration rate,VN_SRC_BACKAN,Bac Kan,2022,annual,1.51,‰,not_specified,E0221-23,https://www.nso.gov.vn/en/px-web?pxid=E0221-23&theme=Population%20and%20Employment,source_reported_unharmonized
e0221_23_7705749b2e,population,In-migration rate,Immigration rate,VN_SRC_BACKAN,Bac Kan,2023,annual,0.83,‰,not_specified,E0221-23,https://www.nso.gov.vn/en/px-web?pxid=E0221-23&theme=Population%20and%20Employment,source_reported_unharmonized
e0221_23_7705749b2e,population,In-migration rate,Immigration rate,VN_SRC_BACKAN,Bac Kan,2024,annual,3.85,‰,not_specified,E0221-23,https://www.nso.gov.vn/en/px-web?pxid=E0221-23&theme=Population%20and%20Employment,source_reported_unharmonized
e0221_23_7705749b2e,population,In-migration rate,Immigration rate,VN_SRC_BACKAN,Bac Kan,2025,annual,0.9,‰,preliminary,E0221-23,https://www.nso.gov.vn/en/px-web?pxid=E0221-23&theme=Population%20and%20Employment,source_reported_unharmonized
e0221_23_7705749b2e,population,In-migration rate,Immigration rate,VN_SRC_TUYENQUANG,Tuyen Quang,2005,annual,2.8,‰,not_specified,E0221-23,https://www.nso.gov.vn/en/px-web?pxid=E0221-23&theme=Population%20and%20Employment,source_reported_unharmonized
e0221_23_7705749b2e,population,In-migration rate,Immigration rate,VN_SRC_TUYENQUANG,Tuyen Quang,2007,annual,2.6,‰,not_specified,E0221-23,https://www.nso.gov.vn/en/px-web?pxid=E0221-23&theme=Population%20and%20Employment,source_reported_unharmonized
e0221_23_7705749b2e,population,In-migration rate,Immigration rate,VN_SRC_TUYENQUANG,Tuyen Quang,2008,annual,3.9,‰,not_specified,E0221-23,https://www.nso.gov.vn/en/px-web?pxid=E0221-23&theme=Population%20and%20Employment,source_reported_unharmonized
e0221_23_7705749b2e,population,In-migration rate,Immigration rate,VN_SRC_TUYENQUANG,Tuyen Quang,2009,annual,2.4,‰,not_specified,E0221-23,https://www.nso.gov.vn/en/px-web?pxid=E0221-23&theme=Population%20and%20Employment,source_reported_unharmonized
e0221_23_7705749b2e,population,In-migration rate,Immigration rate,VN_SRC_TUYENQUANG,Tuyen Quang,2010,annual,2.8,‰,not_specified,E0221-23,https://www.nso.gov.vn/en/px-web?pxid=E0221-23&theme=Population%20and%20Employment,source_reported_unharmonized
e0221_23_7705749b2e,population,In-migration rate,Immigration rate,VN_SRC_TUYENQUANG,Tuyen Quang,2011,annual,3.7,‰,not_specified,E0221-23,https://www.nso.gov.vn/en/px-web?pxid=E0221-23&theme=Population%20and%20Employment,source_reported_unharmonized
e0221_23_7705749b2e,population,In-migration rate,Immigration rate,VN_SRC_TUYENQUANG,Tuyen Quang,2012,annual,2.1,‰,not_specified,E0221-23,https://www.nso.gov.vn/en/px-web?pxid=E0221-23&theme=Population%20and%20Employment,source_reported_unharmonized
e0221_23_7705749b2e,population,In-migration rate,Immigration rate,VN_SRC_TUYENQUANG,Tuyen Quang,2013,annual,3.3,‰,not_specified,E0221-23,https://www.nso.gov.vn/en/px-web?pxid=E0221-23&theme=Population%20and%20Employment,source_reported_unharmonized
e0221_23_7705749b2e,population,In-migration rate,Immigration rate,VN_SRC_TUYENQUANG,Tuyen Quang,2014,annual,3.9,‰,not_specified,E0221-23,https://www.nso.gov.vn/en/px-web?pxid=E0221-23&theme=Population%20and%20Employment,source_reported_unharmonized
e0221_23_7705749b2e,population,In-migration rate,Immigration rate,VN_SRC_TUYENQUANG,Tuyen Quang,2015,annual,1.4,‰,not_specified,E0221-23,https://www.nso.gov.vn/en/px-web?pxid=E0221-23&theme=Population%20and%20Employment,source_reported_unharmonized
e0221_23_7705749b2e,population,In-migration rate,Immigration rate,VN_SRC_TUYENQUANG,Tuyen Quang,2016,annual,1.4,‰,not_specified,E0221-23,https://www.nso.gov.vn/en/px-web?pxid=E0221-23&theme=Population%20and%20Employment,source_reported_unharmonized
e0221_23_7705749b2e,population,In-migration rate,Immigration rate,VN_SRC_TUYENQUANG,Tuyen Quang,2017,annual,1.2,‰,not_specified,E0221-23,https://www.nso.gov.vn/en/px-web?pxid=E0221-23&theme=Population%20and%20Employment,source_reported_unharmonized
e0221_23_7705749b2e,population,In-migration rate,Immigration rate,VN_SRC_TUYENQUANG,Tuyen Quang,2018,annual,1.5,‰,not_specified,E0221-23,https://www.nso.gov.vn/en/px-web?pxid=E0221-23&theme=Population%20and%20Employment,source_reported_unharmonized
e0221_23_7705749b2e,population,In-migration rate,Immigration rate,VN_SRC_TUYENQUANG,Tuyen Quang,2019,annual,1.6,‰,not_specified,E0221-23,https://www.nso.gov.vn/en/px-web?pxid=E0221-23&theme=Population%20and%20Employment,source_reported_unharmonized
e0221_23_7705749b2e,population,In-migration rate,Immigration rate,VN_SRC_TUYENQUANG,Tuyen Quang,2020,annual,1.44,‰,not_specified,E0221-23,https://www.nso.gov.vn/en/px-web?pxid=E0221-23&theme=Population%20and%20Employment,source_reported_unharmonized
e0221_23_7705749b2e,population,In-migration rate,Immigration rate,VN_SRC_TUYENQUANG,Tuyen Quang,2021,annual,3.29,‰,not_specified,E0221-23,https://www.nso.gov.vn/en/px-web?pxid=E0221-23&theme=Population%20and%20Employment,source_reported_unharmonized
e0221_23_7705749b2e,population,In-migration rate,Immigration rate,VN_SRC_TUYENQUANG,Tuyen Quang,2022,annual,0.7,‰,not_specified,E0221-23,https://www.nso.gov.vn/en/px-web?pxid=E0221-23&theme=Population%20and%20Employment,source_reported_unharmonized
e0221_23_7705749b2e,population,In-migration rate,Immigration rate,VN_SRC_TUYENQUANG,Tuyen Quang,2023,annual,0.31,‰,not_specified,E0221-23,https://www.nso.gov.vn/en/px-web?pxid=E0221-23&theme=Population%20and%20Employment,source_reported_unharmonized
e0221_23_7705749b2e,population,In-migration rate,Immigration rate,VN_SRC_TUYENQUANG,Tuyen Quang,2024,annual,3.75,‰,not_specified,E0221-23,https://www.nso.gov.vn/en/px-web?pxid=E0221-23&theme=Population%20and%20Employment,source_reported_unharmonized
e0221_23_7705749b2e,population,In-migration rate,Immigration rate,VN_SRC_TUYENQUANG,Tuyen Quang,2025,annual,0.16,‰,preliminary,E0221-23,https://www.nso.gov.vn/en/px-web?pxid=E0221-23&theme=Population%20and%20Employment,source_reported_unharmonized
e0221_23_7705749b2e,population,In-migration rate,Immigration rate,VN_SRC_LAOCAI,Lao Cai,2005,annual,1.2,‰,not_specified,E0221-23,https://www.nso.gov.vn/en/px-web?pxid=E0221-23&theme=Population%20and%20Employment,source_reported_unharmonized
e0221_23_7705749b2e,population,In-migration rate,Immigration rate,VN_SRC_LAOCAI,Lao Cai,2007,annual,1.8,‰,not_specified,E0221-23,https://www.nso.gov.vn/en/px-web?pxid=E0221-23&theme=Population%20and%20Employment,source_reported_unharmonized
e0221_23_7705749b2e,population,In-migration rate,Immigration rate,VN_SRC_LAOCAI,Lao Cai,2008,annual,1.4,‰,not_specified,E0221-23,https://www.nso.gov.vn/en/px-web?pxid=E0221-23&theme=Population%20and%20Employment,source_reported_unharmonized
e0221_23_7705749b2e,population,In-migration rate,Immigration rate,VN_SRC_LAOCAI,Lao Cai,2009,annual,3.9,‰,not_specified,E0221-23,https://www.nso.gov.vn/en/px-web?pxid=E0221-23&theme=Population%20and%20Employment,source_reported_unharmonized
e0221_23_7705749b2e,population,In-migration rate,Immigration rate,VN_SRC_LAOCAI,Lao Cai,2010,annual,3.7,‰,not_specified,E0221-23,https://www.nso.gov.vn/en/px-web?pxid=E0221-23&theme=Population%20and%20Employment,source_reported_unharmonized
e0221_23_7705749b2e,population,In-migration rate,Immigration rate,VN_SRC_LAOCAI,Lao Cai,2011,annual,3.4,‰,not_specified,E0221-23,https://www.nso.gov.vn/en/px-web?pxid=E0221-23&theme=Population%20and%20Employment,source_reported_unharmonized
e0221_23_7705749b2e,population,In-migration rate,Immigration rate,VN_SRC_LAOCAI,Lao Cai,2012,annual,2.9,‰,not_specified,E0221-23,https://www.nso.gov.vn/en/px-web?pxid=E0221-23&theme=Population%20and%20Employment,source_reported_unharmonized
e0221_23_7705749b2e,population,In-migration rate,Immigration rate,VN_SRC_LAOCAI,Lao Cai,2013,annual,4.4,‰,not_specified,E0221-23,https://www.nso.gov.vn/en/px-web?pxid=E0221-23&theme=Population%20and%20Employment,source_reported_unharmonized
e0221_23_7705749b2e,population,In-migration rate,Immigration rate,VN_SRC_LAOCAI,Lao Cai,2014,annual,2.0,‰,not_specified,E0221-23,https://www.nso.gov.vn/en/px-web?pxid=E0221-23&theme=Population%20and%20Employment,source_reported_unharmonized
e0221_23_7705749b2e,population,In-migration rate,Immigration rate,VN_SRC_LAOCAI,Lao Cai,2015,annual,1.9,‰,not_specified,E0221-23,https://www.nso.gov.vn/en/px-web?pxid=E0221-23&theme=Population%20and%20Employment,source_reported_unharmonized
e0221_23_7705749b2e,population,In-migration rate,Immigration rate,VN_SRC_LAOCAI,Lao Cai,2016,annual,1.4,‰,not_specified,E0221-23,https://www.nso.gov.vn/en/px-web?pxid=E0221-23&theme=Population%20and%20Employment,source_reported_unharmonized
e0221_23_7705749b2e,population,In-migration rate,Immigration rate,VN_SRC_LAOCAI,Lao Cai,2017,annual,2.6,‰,not_specified,E0221-23,https://www.nso.gov.vn/en/px-web?pxid=E0221-23&theme=Population%20and%20Employment,source_reported_unharmonized
e0221_23_7705749b2e,population,In-migration rate,Immigration rate,VN_SRC_LAOCAI,Lao Cai,2018,annual,0.5,‰,not_specified,E0221-23,https://www.nso.gov.vn/en/px-web?pxid=E0221-23&theme=Population%20and%20Employment,source_reported_unharmonized
e0221_23_7705749b2e,population,In-migration rate,Immigration rate,VN_SRC_LAOCAI,Lao Cai,2019,annual,2.2,‰,not_specified,E0221-23,https://www.nso.gov.vn/en/px-web?pxid=E0221-23&theme=Population%20and%20Employment,source_reported_unharmonized
e0221_23_7705749b2e,population,In-migration rate,Immigration rate,VN_SRC_LAOCAI,Lao Cai,2020,annual,0.82,‰,not_specified,E0221-23,https://www.nso.gov.vn/en/px-web?pxid=E0221-23&theme=Population%20and%20Employment,source_reported_unharmonized
e0221_23_7705749b2e,population,In-migration rate,Immigration rate,VN_SRC_LAOCAI,Lao Cai,2021,annual,0.69,‰,not_specified,E0221-23,https://www.nso.gov.vn/en/px-web?pxid=E0221-23&theme=Population%20and%20Employment,source_reported_unharmonized
e0221_23_7705749b2e,population,In-migration rate,Immigration rate,VN_SRC_LAOCAI,Lao Cai,2022,annual,0.64,‰,not_specified,E0221-23,https://www.nso.gov.vn/en/px-web?pxid=E0221-23&theme=Population%20and%20Employment,source_reported_unharmonized
e0221_23_7705749b2e,population,In-migration rate,Immigration rate,VN_SRC_LAOCAI,Lao Cai,2023,annual,0.47,‰,not_specified,E0221-23,https://www.nso.gov.vn/en/px-web?pxid=E0221-23&theme=Population%20and%20Employment,source_reported_unharmonized
e0221_23_7705749b2e,population,In-migration rate,Immigration rate,VN_SRC_LAOCAI,Lao Cai,2024,annual,1.22,‰,not_specified,E0221-23,https://www.nso.gov.vn/en/px-web?pxid=E0221-23&theme=Population%20and%20Employment,source_reported_unharmonized
e0221_23_7705749b2e,population,In-migration rate,Immigration rate,VN_SRC_LAOCAI,Lao Cai,2025,annual,0.49,‰,preliminary,E0221-23,https://www.nso.gov.vn/en/px-web?pxid=E0221-23&theme=Population%20and%20Employment,source_reported_unharmonized
e0221_23_7705749b2e,population,In-migration rate,Immigration rate,VN_SRC_YENBAI,Yen Bai,2005,annual,2.3,‰,not_specified,E0221-23,https://www.nso.gov.vn/en/px-web?pxid=E0221-23&theme=Population%20and%20Employment,source_reported_unharmonized
e0221_23_7705749b2e,population,In-migration rate,Immigration rate,VN_SRC_YENBAI,Yen Bai,2007,annual,3.8,‰,not_specified,E0221-23,https://www.nso.gov.vn/en/px-web?pxid=E0221-23&theme=Population%20and%20Employment,source_reported_unharmonized
e0221_23_7705749b2e,population,In-migration rate,Immigration rate,VN_SRC_YENBAI,Yen Bai,2008,annual,3.6,‰,not_specified,E0221-23,https://www.nso.gov.vn/en/px-web?pxid=E0221-23&theme=Population%20and%20Employment,source_reported_unharmonized
e0221_23_7705749b2e,population,In-migration rate,Immigration rate,VN_SRC_YENBAI,Yen Bai,2009,annual,2.1,‰,not_specified,E0221-23,https://www.nso.gov.vn/en/px-web?pxid=E0221-23&theme=Population%20and%20Employment,source_reported_unharmonized
e0221_23_7705749b2e,population,In-migration rate,Immigration rate,VN_SRC_YENBAI,Yen Bai,2010,annual,3.4,‰,not_specified,E0221-23,https://www.nso.gov.vn/en/px-web?pxid=E0221-23&theme=Population%20and%20Employment,source_reported_unharmonized
e0221_23_7705749b2e,population,In-migration rate,Immigration rate,VN_SRC_YENBAI,Yen Bai,2011,annual,4.4,‰,not_specified,E0221-23,https://www.nso.gov.vn/en/px-web?pxid=E0221-23&theme=Population%20and%20Employment,source_reported_unharmonized
e0221_23_7705749b2e,population,In-migration rate,Immigration rate,VN_SRC_YENBAI,Yen Bai,2012,annual,1.8,‰,not_specified,E0221-23,https://www.nso.gov.vn/en/px-web?pxid=E0221-23&theme=Population%20and%20Employment,source_reported_unharmonized
e0221_23_7705749b2e,population,In-migration rate,Immigration rate,VN_SRC_YENBAI,Yen Bai,2013,annual,4.0,‰,not_specified,E0221-23,https://www.nso.gov.vn/en/px-web?pxid=E0221-23&theme=Population%20and%20Employment,source_reported_unharmonized
e0221_23_7705749b2e,population,In-migration rate,Immigration rate,VN_SRC_YENBAI,Yen Bai,2014,annual,4.4,‰,not_specified,E0221-23,https://www.nso.gov.vn/en/px-web?pxid=E0221-23&theme=Population%20and%20Employment,source_reported_unharmonized
e0221_23_7705749b2e,population,In-migration rate,Immigration rate,VN_SRC_YENBAI,Yen Bai,2015,annual,2.2,‰,not_specified,E0221-23,https://www.nso.gov.vn/en/px-web?pxid=E0221-23&theme=Population%20and%20Employment,source_reported_unharmonized
e0221_23_7705749b2e,population,In-migration rate,Immigration rate,VN_SRC_YENBAI,Yen Bai,2016,annual,1.4,‰,not_specified,E0221-23,https://www.nso.gov.vn/en/px-web?pxid=E0221-23&theme=Population%20and%20Employment,source_reported_unharmonized
e0221_23_7705749b2e,population,In-migration rate,Immigration rate,VN_SRC_YENBAI,Yen Bai,2017,annual,1.3,‰,not_specified,E0221-23,https://www.nso.gov.vn/en/px-web?pxid=E0221-23&theme=Population%20and%20Employment,source_reported_unharmonized
e0221_23_7705749b2e,population,In-migration rate,Immigration rate,VN_SRC_YENBAI,Yen Bai,2018,annual,2.1,‰,not_specified,E0221-23,https://www.nso.gov.vn/en/px-web?pxid=E0221-23&theme=Population%20and%20Employment,source_reported_unharmonized
e0221_23_7705749b2e,population,In-migration rate,Immigration rate,VN_SRC_YENBAI,Yen Bai,2019,annual,1.6,‰,not_specified,E0221-23,https://www.nso.gov.vn/en/px-web?pxid=E0221-23&theme=Population%20and%20Employment,source_reported_unharmonized
e0221_23_7705749b2e,population,In-migration rate,Immigration rate,VN_SRC_YENBAI,Yen Bai,2020,annual,2.17,‰,not_specified,E0221-23,https://www.nso.gov.vn/en/px-web?pxid=E0221-23&theme=Population%20and%20Employment,source_reported_unharmonized
e0221_23_7705749b2e,population,In-migration rate,Immigration rate,VN_SRC_YENBAI,Yen Bai,2021,annual,1.54,‰,not_specified,E0221-23,https://www.nso.gov.vn/en/px-web?pxid=E0221-23&theme=Population%20and%20Employment,source_reported_unharmonized
e0221_23_7705749b2e,population,In-migration rate,Immigration rate,VN_SRC_YENBAI,Yen Bai,2022,annual,1.6,‰,not_specified,E0221-23,https://www.nso.gov.vn/en/px-web?pxid=E0221-23&theme=Population%20and%20Employment,source_reported_unharmonized
e0221_23_7705749b2e,population,In-migration rate,Immigration rate,VN_SRC_YENBAI,Yen Bai,2023,annual,1.45,‰,not_specified,E0221-23,https://www.nso.gov.vn/en/px-web?pxid=E0221-23&theme=Population%20and%20Employment,source_reported_unharmonized
e0221_23_7705749b2e,population,In-migration rate,Immigration rate,VN_SRC_YENBAI,Yen Bai,2024,annual,2.1,‰,not_specified,E0221-23,https://www.nso.gov.vn/en/px-web?pxid=E0221-23&theme=Population%20and%20Employment,source_reported_unharmonized
e0221_23_7705749b2e,population,In-migration rate,Immigration rate,VN_SRC_YENBAI,Yen Bai,2025,annual,0.57,‰,preliminary,E0221-23,https://www.nso.gov.vn/en/px-web?pxid=E0221-23&theme=Population%20and%20Employment,source_reported_unharmonized
e0221_23_7705749b2e,population,In-migration rate,Immigration rate,VN_SRC_THAINGUYEN,Thai Nguyen,2005,annual,5.9,‰,not_specified,E0221-23,https://www.nso.gov.vn/en/px-web?pxid=E0221-23&theme=Population%20and%20Employment,source_reported_unharmonized
e0221_23_7705749b2e,population,In-migration rate,Immigration rate,VN_SRC_THAINGUYEN,Thai Nguyen,2007,annual,6.1,‰,not_specified,E0221-23,https://www.nso.gov.vn/en/px-web?pxid=E0221-23&theme=Population%20and%20Employment,source_reported_unharmonized
e0221_23_7705749b2e,population,In-migration rate,Immigration rate,VN_SRC_THAINGUYEN,Thai Nguyen,2008,annual,4.3,‰,not_specified,E0221-23,https://www.nso.gov.vn/en/px-web?pxid=E0221-23&theme=Population%20and%20Employment,source_reported_unharmonized
e0221_23_7705749b2e,population,In-migration rate,Immigration rate,VN_SRC_THAINGUYEN,Thai Nguyen,2009,annual,6.0,‰,not_specified,E0221-23,https://www.nso.gov.vn/en/px-web?pxid=E0221-23&theme=Population%20and%20Employment,source_reported_unharmonized
e0221_23_7705749b2e,population,In-migration rate,Immigration rate,VN_SRC_THAINGUYEN,Thai Nguyen,2010,annual,11.5,‰,not_specified,E0221-23,https://www.nso.gov.vn/en/px-web?pxid=E0221-23&theme=Population%20and%20Employment,source_reported_unharmonized
e0221_23_7705749b2e,population,In-migration rate,Immigration rate,VN_SRC_THAINGUYEN,Thai Nguyen,2011,annual,7.7,‰,not_specified,E0221-23,https://www.nso.gov.vn/en/px-web?pxid=E0221-23&theme=Population%20and%20Employment,source_reported_unharmonized
e0221_23_7705749b2e,population,In-migration rate,Immigration rate,VN_SRC_THAINGUYEN,Thai Nguyen,2012,annual,4.7,‰,not_specified,E0221-23,https://www.nso.gov.vn/en/px-web?pxid=E0221-23&theme=Population%20and%20Employment,source_reported_unharmonized
e0221_23_7705749b2e,population,In-migration rate,Immigration rate,VN_SRC_THAINGUYEN,Thai Nguyen,2013,annual,4.1,‰,not_specified,E0221-23,https://www.nso.gov.vn/en/px-web?pxid=E0221-23&theme=Population%20and%20Employment,source_reported_unharmonized
e0221_23_7705749b2e,population,In-migration rate,Immigration rate,VN_SRC_THAINGUYEN,Thai Nguyen,2014,annual,6.5,‰,not_specified,E0221-23,https://www.nso.gov.vn/en/px-web?pxid=E0221-23&theme=Population%20and%20Employment,source_reported_unharmonized
e0221_23_7705749b2e,population,In-migration rate,Immigration rate,VN_SRC_THAINGUYEN,Thai Nguyen,2015,annual,3.5,‰,not_specified,E0221-23,https://www.nso.gov.vn/en/px-web?pxid=E0221-23&theme=Population%20and%20Employment,source_reported_unharmonized
e0221_23_7705749b2e,population,In-migration rate,Immigration rate,VN_SRC_THAINGUYEN,Thai Nguyen,2016,annual,2.9,‰,not_specified,E0221-23,https://www.nso.gov.vn/en/px-web?pxid=E0221-23&theme=Population%20and%20Employment,source_reported_unharmonized
e0221_23_7705749b2e,population,In-migration rate,Immigration rate,VN_SRC_THAINGUYEN,Thai Nguyen,2017,annual,2.8,‰,not_specified,E0221-23,https://www.nso.gov.vn/en/px-web?pxid=E0221-23&theme=Population%20and%20Employment,source_reported_unharmonized
e0221_23_7705749b2e,population,In-migration rate,Immigration rate,VN_SRC_THAINGUYEN,Thai Nguyen,2018,annual,3.0,‰,not_specified,E0221-23,https://www.nso.gov.vn/en/px-web?pxid=E0221-23&theme=Population%20and%20Employment,source_reported_unharmonized
e0221_23_7705749b2e,population,In-migration rate,Immigration rate,VN_SRC_THAINGUYEN,Thai Nguyen,2019,annual,6.9,‰,not_specified,E0221-23,https://www.nso.gov.vn/en/px-web?pxid=E0221-23&theme=Population%20and%20Employment,source_reported_unharmonized
e0221_23_7705749b2e,population,In-migration rate,Immigration rate,VN_SRC_THAINGUYEN,Thai Nguyen,2020,annual,1.01,‰,not_specified,E0221-23,https://www.nso.gov.vn/en/px-web?pxid=E0221-23&theme=Population%20and%20Employment,source_reported_unharmonized
e0221_23_7705749b2e,population,In-migration rate,Immigration rate,VN_SRC_THAINGUYEN,Thai Nguyen,2021,annual,1.74,‰,not_specified,E0221-23,https://www.nso.gov.vn/en/px-web?pxid=E0221-23&theme=Population%20and%20Employment,source_reported_unharmonized
e0221_23_7705749b2e,population,In-migration rate,Immigration rate,VN_SRC_THAINGUYEN,Thai Nguyen,2022,annual,0.78,‰,not_specified,E0221-23,https://www.nso.gov.vn/en/px-web?pxid=E0221-23&theme=Population%20and%20Employment,source_reported_unharmonized
e0221_23_7705749b2e,population,In-migration rate,Immigration rate,VN_SRC_THAINGUYEN,Thai Nguyen,2023,annual,1.3,‰,not_specified,E0221-23,https://www.nso.gov.vn/en/px-web?pxid=E0221-23&theme=Population%20and%20Employment,source_reported_unharmonized
e0221_23_7705749b2e,population,In-migration rate,Immigration rate,VN_SRC_THAINGUYEN,Thai Nguyen,2024,annual,3.75,‰,not_specified,E0221-23,https://www.nso.gov.vn/en/px-web?pxid=E0221-23&theme=Population%20and%20Employment,source_reported_unharmonized
e0221_23_7705749b2e,population,In-migration rate,Immigration rate,VN_SRC_THAINGUYEN,Thai Nguyen,2025,annual,1.45,‰,preliminary,E0221-23,https://www.nso.gov.vn/en/px-web?pxid=E0221-23&theme=Population%20and%20Employment,source_reported_unharmonized
e0221_23_7705749b2e,population,In-migration rate,Immigration rate,VN_SRC_LANGSON,Lang Son,2005,annual,1.2,‰,not_specified,E0221-23,https://www.nso.gov.vn/en/px-web?pxid=E0221-23&theme=Population%20and%20Employment,source_reported_unharmonized
e0221_23_7705749b2e,population,In-migration rate,Immigration rate,VN_SRC_LANGSON,Lang Son,2007,annual,1.3,‰,not_specified,E0221-23,https://www.nso.gov.vn/en/px-web?pxid=E0221-23&theme=Population%20and%20Employment,source_reported_unharmonized
e0221_23_7705749b2e,population,In-migration rate,Immigration rate,VN_SRC_LANGSON,Lang Son,2008,annual,2.5,‰,not_specified,E0221-23,https://www.nso.gov.vn/en/px-web?pxid=E0221-23&theme=Population%20and%20Employment,source_reported_unharmonized
e0221_23_7705749b2e,population,In-migration rate,Immigration rate,VN_SRC_LANGSON,Lang Son,2009,annual,2.6,‰,not_specified,E0221-23,https://www.nso.gov.vn/en/px-web?pxid=E0221-23&theme=Population%20and%20Employment,source_reported_unharmonized
e0221_23_7705749b2e,population,In-migration rate,Immigration rate,VN_SRC_LANGSON,Lang Son,2010,annual,3.0,‰,not_specified,E0221-23,https://www.nso.gov.vn/en/px-web?pxid=E0221-23&theme=Population%20and%20Employment,source_reported_unharmonized
e0221_23_7705749b2e,population,In-migration rate,Immigration rate,VN_SRC_LANGSON,Lang Son,2011,annual,6.2,‰,not_specified,E0221-23,https://www.nso.gov.vn/en/px-web?pxid=E0221-23&theme=Population%20and%20Employment,source_reported_unharmonized
e0221_23_7705749b2e,population,In-migration rate,Immigration rate,VN_SRC_LANGSON,Lang Son,2012,annual,3.5,‰,not_specified,E0221-23,https://www.nso.gov.vn/en/px-web?pxid=E0221-23&theme=Population%20and%20Employment,source_reported_unharmonized
e0221_23_7705749b2e,population,In-migration rate,Immigration rate,VN_SRC_LANGSON,Lang Son,2013,annual,6.1,‰,not_specified,E0221-23,https://www.nso.gov.vn/en/px-web?pxid=E0221-23&theme=Population%20and%20Employment,source_reported_unharmonized
e0221_23_7705749b2e,population,In-migration rate,Immigration rate,VN_SRC_LANGSON,Lang Son,2014,annual,2.0,‰,not_specified,E0221-23,https://www.nso.gov.vn/en/px-web?pxid=E0221-23&theme=Population%20and%20Employment,source_reported_unharmonized
e0221_23_7705749b2e,population,In-migration rate,Immigration rate,VN_SRC_LANGSON,Lang Son,2015,annual,2.4,‰,not_specified,E0221-23,https://www.nso.gov.vn/en/px-web?pxid=E0221-23&theme=Population%20and%20Employment,source_reported_unharmonized
e0221_23_7705749b2e,population,In-migration rate,Immigration rate,VN_SRC_LANGSON,Lang Son,2016,annual,1.4,‰,not_specified,E0221-23,https://www.nso.gov.vn/en/px-web?pxid=E0221-23&theme=Population%20and%20Employment,source_reported_unharmonized
e0221_23_7705749b2e,population,In-migration rate,Immigration rate,VN_SRC_LANGSON,Lang Son,2017,annual,1.3,‰,not_specified,E0221-23,https://www.nso.gov.vn/en/px-web?pxid=E0221-23&theme=Population%20and%20Employment,source_reported_unharmonized
e0221_23_7705749b2e,population,In-migration rate,Immigration rate,VN_SRC_LANGSON,Lang Son,2018,annual,2.2,‰,not_specified,E0221-23,https://www.nso.gov.vn/en/px-web?pxid=E0221-23&theme=Population%20and%20Employment,source_reported_unharmonized
e0221_23_7705749b2e,population,In-migration rate,Immigration rate,VN_SRC_LANGSON,Lang Son,2019,annual,1.3,‰,not_specified,E0221-23,https://www.nso.gov.vn/en/px-web?pxid=E0221-23&theme=Population%20and%20Employment,source_reported_unharmonized
e0221_23_7705749b2e,population,In-migration rate,Immigration rate,VN_SRC_LANGSON,Lang Son,2020,annual,1.69,‰,not_specified,E0221-23,https://www.nso.gov.vn/en/px-web?pxid=E0221-23&theme=Population%20and%20Employment,source_reported_unharmonized
e0221_23_7705749b2e,population,In-migration rate,Immigration rate,VN_SRC_LANGSON,Lang Son,2021,annual,0.86,‰,not_specified,E0221-23,https://www.nso.gov.vn/en/px-web?pxid=E0221-23&theme=Population%20and%20Employment,source_reported_unharmonized
e0221_23_7705749b2e,population,In-migration rate,Immigration rate,VN_SRC_LANGSON,Lang Son,2022,annual,1.28,‰,not_specified,E0221-23,https://www.nso.gov.vn/en/px-web?pxid=E0221-23&theme=Population%20and%20Employment,source_reported_unharmonized
e0221_23_7705749b2e,population,In-migration rate,Immigration rate,VN_SRC_LANGSON,Lang Son,2023,annual,0.98,‰,not_specified,E0221-23,https://www.nso.gov.vn/en/px-web?pxid=E0221-23&theme=Population%20and%20Employment,source_reported_unharmonized
e0221_23_7705749b2e,population,In-migration rate,Immigration rate,VN_SRC_LANGSON,Lang Son,2024,annual,6.42,‰,not_specified,E0221-23,https://www.nso.gov.vn/en/px-web?pxid=E0221-23&theme=Population%20and%20Employment,source_reported_unharmonized
e0221_23_7705749b2e,population,In-migration rate,Immigration rate,VN_SRC_LANGSON,Lang Son,2025,annual,1.51,‰,preliminary,E0221-23,https://www.nso.gov.vn/en/px-web?pxid=E0221-23&theme=Population%20and%20Employment,source_reported_unharmonized
e0221_23_7705749b2e,population,In-migration rate,Immigration rate,VN_SRC_BACGIANG,Bac Giang,2005,annual,2.4,‰,not_specified,E0221-23,https://www.nso.gov.vn/en/px-web?pxid=E0221-23&theme=Population%20and%20Employment,source_reported_unharmonized
e0221_23_7705749b2e,population,In-migration rate,Immigration rate,VN_SRC_BACGIANG,Bac Giang,2007,annual,3.4,‰,not_specified,E0221-23,https://www.nso.gov.vn/en/px-web?pxid=E0221-23&theme=Population%20and%20Employment,source_reported_unharmonized
e0221_23_7705749b2e,population,In-migration rate,Immigration rate,VN_SRC_BACGIANG,Bac Giang,2008,annual,3.3,‰,not_specified,E0221-23,https://www.nso.gov.vn/en/px-web?pxid=E0221-23&theme=Population%20and%20Employment,source_reported_unharmonized
e0221_23_7705749b2e,population,In-migration rate,Immigration rate,VN_SRC_BACGIANG,Bac Giang,2009,annual,1.6,‰,not_specified,E0221-23,https://www.nso.gov.vn/en/px-web?pxid=E0221-23&theme=Population%20and%20Employment,source_reported_unharmonized
e0221_23_7705749b2e,population,In-migration rate,Immigration rate,VN_SRC_BACGIANG,Bac Giang,2010,annual,3.0,‰,not_specified,E0221-23,https://www.nso.gov.vn/en/px-web?pxid=E0221-23&theme=Population%20and%20Employment,source_reported_unharmonized
e0221_23_7705749b2e,population,In-migration rate,Immigration rate,VN_SRC_BACGIANG,Bac Giang,2011,annual,5.5,‰,not_specified,E0221-23,https://www.nso.gov.vn/en/px-web?pxid=E0221-23&theme=Population%20and%20Employment,source_reported_unharmonized
e0221_23_7705749b2e,population,In-migration rate,Immigration rate,VN_SRC_BACGIANG,Bac Giang,2012,annual,3.2,‰,not_specified,E0221-23,https://www.nso.gov.vn/en/px-web?pxid=E0221-23&theme=Population%20and%20Employment,source_reported_unharmonized
e0221_23_7705749b2e,population,In-migration rate,Immigration rate,VN_SRC_BACGIANG,Bac Giang,2013,annual,4.6,‰,not_specified,E0221-23,https://www.nso.gov.vn/en/px-web?pxid=E0221-23&theme=Population%20and%20Employment,source_reported_unharmonized
e0221_23_7705749b2e,population,In-migration rate,Immigration rate,VN_SRC_BACGIANG,Bac Giang,2014,annual,4.8,‰,not_specified,E0221-23,https://www.nso.gov.vn/en/px-web?pxid=E0221-23&theme=Population%20and%20Employment,source_reported_unharmonized
e0221_23_7705749b2e,population,In-migration rate,Immigration rate,VN_SRC_BACGIANG,Bac Giang,2015,annual,3.1,‰,not_specified,E0221-23,https://www.nso.gov.vn/en/px-web?pxid=E0221-23&theme=Population%20and%20Employment,source_reported_unharmonized
e0221_23_7705749b2e,population,In-migration rate,Immigration rate,VN_SRC_BACGIANG,Bac Giang,2016,annual,1.8,‰,not_specified,E0221-23,https://www.nso.gov.vn/en/px-web?pxid=E0221-23&theme=Population%20and%20Employment,source_reported_unharmonized
e0221_23_7705749b2e,population,In-migration rate,Immigration rate,VN_SRC_BACGIANG,Bac Giang,2017,annual,1.3,‰,not_specified,E0221-23,https://www.nso.gov.vn/en/px-web?pxid=E0221-23&theme=Population%20and%20Employment,source_reported_unharmonized
e0221_23_7705749b2e,population,In-migration rate,Immigration rate,VN_SRC_BACGIANG,Bac Giang,2018,annual,1.6,‰,not_specified,E0221-23,https://www.nso.gov.vn/en/px-web?pxid=E0221-23&theme=Population%20and%20Employment,source_reported_unharmonized
e0221_23_7705749b2e,population,In-migration rate,Immigration rate,VN_SRC_BACGIANG,Bac Giang,2019,annual,2.5,‰,not_specified,E0221-23,https://www.nso.gov.vn/en/px-web?pxid=E0221-23&theme=Population%20and%20Employment,source_reported_unharmonized
e0221_23_7705749b2e,population,In-migration rate,Immigration rate,VN_SRC_BACGIANG,Bac Giang,2020,annual,3.5,‰,not_specified,E0221-23,https://www.nso.gov.vn/en/px-web?pxid=E0221-23&theme=Population%20and%20Employment,source_reported_unharmonized
e0221_23_7705749b2e,population,In-migration rate,Immigration rate,VN_SRC_BACGIANG,Bac Giang,2021,annual,4.16,‰,not_specified,E0221-23,https://www.nso.gov.vn/en/px-web?pxid=E0221-23&theme=Population%20and%20Employment,source_reported_unharmonized
e0221_23_7705749b2e,population,In-migration rate,Immigration rate,VN_SRC_BACGIANG,Bac Giang,2022,annual,1.28,‰,not_specified,E0221-23,https://www.nso.gov.vn/en/px-web?pxid=E0221-23&theme=Population%20and%20Employment,source_reported_unharmonized
e0221_23_7705749b2e,population,In-migration rate,Immigration rate,VN_SRC_BACGIANG,Bac Giang,2023,annual,2.0,‰,not_specified,E0221-23,https://www.nso.gov.vn/en/px-web?pxid=E0221-23&theme=Population%20and%20Employment,source_reported_unharmonized
e0221_23_7705749b2e,population,In-migration rate,Immigration rate,VN_SRC_BACGIANG,Bac Giang,2024,annual,6.35,‰,not_specified,E0221-23,https://www.nso.gov.vn/en/px-web?pxid=E0221-23&theme=Population%20and%20Employment,source_reported_unharmonized
e0221_23_7705749b2e,population,In-migration rate,Immigration rate,VN_SRC_BACGIANG,Bac Giang,2025,annual,2.48,‰,preliminary,E0221-23,https://www.nso.gov.vn/en/px-web?pxid=E0221-23&theme=Population%20and%20Employment,source_reported_unharmonized
e0221_23_7705749b2e,population,In-migration rate,Immigration rate,VN_SRC_PHUTHO,Phu Tho,2005,annual,2.6,‰,not_specified,E0221-23,https://www.nso.gov.vn/en/px-web?pxid=E0221-23&theme=Population%20and%20Employment,source_reported_unharmonized
e0221_23_7705749b2e,population,In-migration rate,Immigration rate,VN_SRC_PHUTHO,Phu Tho,2007,annual,4.6,‰,not_specified,E0221-23,https://www.nso.gov.vn/en/px-web?pxid=E0221-23&theme=Population%20and%20Employment,source_reported_unharmonized
e0221_23_7705749b2e,population,In-migration rate,Immigration rate,VN_SRC_PHUTHO,Phu Tho,2008,annual,2.6,‰,not_specified,E0221-23,https://www.nso.gov.vn/en/px-web?pxid=E0221-23&theme=Population%20and%20Employment,source_reported_unharmonized
e0221_23_7705749b2e,population,In-migration rate,Immigration rate,VN_SRC_PHUTHO,Phu Tho,2009,annual,2.3,‰,not_specified,E0221-23,https://www.nso.gov.vn/en/px-web?pxid=E0221-23&theme=Population%20and%20Employment,source_reported_unharmonized
e0221_23_7705749b2e,population,In-migration rate,Immigration rate,VN_SRC_PHUTHO,Phu Tho,2010,annual,2.4,‰,not_specified,E0221-23,https://www.nso.gov.vn/en/px-web?pxid=E0221-23&theme=Population%20and%20Employment,source_reported_unharmonized
e0221_23_7705749b2e,population,In-migration rate,Immigration rate,VN_SRC_PHUTHO,Phu Tho,2011,annual,4.5,‰,not_specified,E0221-23,https://www.nso.gov.vn/en/px-web?pxid=E0221-23&theme=Population%20and%20Employment,source_reported_unharmonized
e0221_23_7705749b2e,population,In-migration rate,Immigration rate,VN_SRC_PHUTHO,Phu Tho,2012,annual,3.1,‰,not_specified,E0221-23,https://www.nso.gov.vn/en/px-web?pxid=E0221-23&theme=Population%20and%20Employment,source_reported_unharmonized
e0221_23_7705749b2e,population,In-migration rate,Immigration rate,VN_SRC_PHUTHO,Phu Tho,2013,annual,6.7,‰,not_specified,E0221-23,https://www.nso.gov.vn/en/px-web?pxid=E0221-23&theme=Population%20and%20Employment,source_reported_unharmonized
e0221_23_7705749b2e,population,In-migration rate,Immigration rate,VN_SRC_PHUTHO,Phu Tho,2014,annual,5.2,‰,not_specified,E0221-23,https://www.nso.gov.vn/en/px-web?pxid=E0221-23&theme=Population%20and%20Employment,source_reported_unharmonized
e0221_23_7705749b2e,population,In-migration rate,Immigration rate,VN_SRC_PHUTHO,Phu Tho,2015,annual,2.7,‰,not_specified,E0221-23,https://www.nso.gov.vn/en/px-web?pxid=E0221-23&theme=Population%20and%20Employment,source_reported_unharmonized
e0221_23_7705749b2e,population,In-migration rate,Immigration rate,VN_SRC_PHUTHO,Phu Tho,2016,annual,1.7,‰,not_specified,E0221-23,https://www.nso.gov.vn/en/px-web?pxid=E0221-23&theme=Population%20and%20Employment,source_reported_unharmonized
e0221_23_7705749b2e,population,In-migration rate,Immigration rate,VN_SRC_PHUTHO,Phu Tho,2017,annual,1.1,‰,not_specified,E0221-23,https://www.nso.gov.vn/en/px-web?pxid=E0221-23&theme=Population%20and%20Employment,source_reported_unharmonized
e0221_23_7705749b2e,population,In-migration rate,Immigration rate,VN_SRC_PHUTHO,Phu Tho,2018,annual,1.1,‰,not_specified,E0221-23,https://www.nso.gov.vn/en/px-web?pxid=E0221-23&theme=Population%20and%20Employment,source_reported_unharmonized
e0221_23_7705749b2e,population,In-migration rate,Immigration rate,VN_SRC_PHUTHO,Phu Tho,2019,annual,1.3,‰,not_specified,E0221-23,https://www.nso.gov.vn/en/px-web?pxid=E0221-23&theme=Population%20and%20Employment,source_reported_unharmonized
e0221_23_7705749b2e,population,In-migration rate,Immigration rate,VN_SRC_PHUTHO,Phu Tho,2020,annual,1.25,‰,not_specified,E0221-23,https://www.nso.gov.vn/en/px-web?pxid=E0221-23&theme=Population%20and%20Employment,source_reported_unharmonized
e0221_23_7705749b2e,population,In-migration rate,Immigration rate,VN_SRC_PHUTHO,Phu Tho,2021,annual,1.68,‰,not_specified,E0221-23,https://www.nso.gov.vn/en/px-web?pxid=E0221-23&theme=Population%20and%20Employment,source_reported_unharmonized
e0221_23_7705749b2e,population,In-migration rate,Immigration rate,VN_SRC_PHUTHO,Phu Tho,2022,annual,0.87,‰,not_specified,E0221-23,https://www.nso.gov.vn/en/px-web?pxid=E0221-23&theme=Population%20and%20Employment,source_reported_unharmonized
e0221_23_7705749b2e,population,In-migration rate,Immigration rate,VN_SRC_PHUTHO,Phu Tho,2023,annual,0.74,‰,not_specified,E0221-23,https://www.nso.gov.vn/en/px-web?pxid=E0221-23&theme=Population%20and%20Employment,source_reported_unharmonized
e0221_23_7705749b2e,population,In-migration rate,Immigration rate,VN_SRC_PHUTHO,Phu Tho,2024,annual,2.25,‰,not_specified,E0221-23,https://www.nso.gov.vn/en/px-web?pxid=E0221-23&theme=Population%20and%20Employment,source_reported_unharmonized
e0221_23_7705749b2e,population,In-migration rate,Immigration rate,VN_SRC_PHUTHO,Phu Tho,2025,annual,0.55,‰,preliminary,E0221-23,https://www.nso.gov.vn/en/px-web?pxid=E0221-23&theme=Population%20and%20Employment,source_reported_unharmonized
e0221_23_7705749b2e,population,In-migration rate,Immigration rate,VN_SRC_DIENBIEN,Dien Bien,2005,annual,2.6,‰,not_specified,E0221-23,https://www.nso.gov.vn/en/px-web?pxid=E0221-23&theme=Population%20and%20Employment,source_reported_unharmonized
e0221_23_7705749b2e,population,In-migration rate,Immigration rate,VN_SRC_DIENBIEN,Dien Bien,2007,annual,5.3,‰,not_specified,E0221-23,https://www.nso.gov.vn/en/px-web?pxid=E0221-23&theme=Population%20and%20Employment,source_reported_unharmonized
e0221_23_7705749b2e,population,In-migration rate,Immigration rate,VN_SRC_DIENBIEN,Dien Bien,2008,annual,2.9,‰,not_specified,E0221-23,https://www.nso.gov.vn/en/px-web?pxid=E0221-23&theme=Population%20and%20Employment,source_reported_unharmonized
e0221_23_7705749b2e,population,In-migration rate,Immigration rate,VN_SRC_DIENBIEN,Dien Bien,2009,annual,3.2,‰,not_specified,E0221-23,https://www.nso.gov.vn/en/px-web?pxid=E0221-23&theme=Population%20and%20Employment,source_reported_unharmonized
e0221_23_7705749b2e,population,In-migration rate,Immigration rate,VN_SRC_DIENBIEN,Dien Bien,2010,annual,3.6,‰,not_specified,E0221-23,https://www.nso.gov.vn/en/px-web?pxid=E0221-23&theme=Population%20and%20Employment,source_reported_unharmonized
e0221_23_7705749b2e,population,In-migration rate,Immigration rate,VN_SRC_DIENBIEN,Dien Bien,2011,annual,3.9,‰,not_specified,E0221-23,https://www.nso.gov.vn/en/px-web?pxid=E0221-23&theme=Population%20and%20Employment,source_reported_unharmonized
e0221_23_7705749b2e,population,In-migration rate,Immigration rate,VN_SRC_DIENBIEN,Dien Bien,2012,annual,3.4,‰,not_specified,E0221-23,https://www.nso.gov.vn/en/px-web?pxid=E0221-23&theme=Population%20and%20Employment,source_reported_unharmonized
e0221_23_7705749b2e,population,In-migration rate,Immigration rate,VN_SRC_DIENBIEN,Dien Bien,2013,annual,4.7,‰,not_specified,E0221-23,https://www.nso.gov.vn/en/px-web?pxid=E0221-23&theme=Population%20and%20Employment,source_reported_unharmonized
e0221_23_7705749b2e,population,In-migration rate,Immigration rate,VN_SRC_DIENBIEN,Dien Bien,2014,annual,4.4,‰,not_specified,E0221-23,https://www.nso.gov.vn/en/px-web?pxid=E0221-23&theme=Population%20and%20Employment,source_reported_unharmonized
e0221_23_7705749b2e,population,In-migration rate,Immigration rate,VN_SRC_DIENBIEN,Dien Bien,2015,annual,2.0,‰,not_specified,E0221-23,https://www.nso.gov.vn/en/px-web?pxid=E0221-23&theme=Population%20and%20Employment,source_reported_unharmonized
e0221_23_7705749b2e,population,In-migration rate,Immigration rate,VN_SRC_DIENBIEN,Dien Bien,2016,annual,1.1,‰,not_specified,E0221-23,https://www.nso.gov.vn/en/px-web?pxid=E0221-23&theme=Population%20and%20Employment,source_reported_unharmonized
e0221_23_7705749b2e,population,In-migration rate,Immigration rate,VN_SRC_DIENBIEN,Dien Bien,2017,annual,1.3,‰,not_specified,E0221-23,https://www.nso.gov.vn/en/px-web?pxid=E0221-23&theme=Population%20and%20Employment,source_reported_unharmonized
e0221_23_7705749b2e,population,In-migration rate,Immigration rate,VN_SRC_DIENBIEN,Dien Bien,2018,annual,0.8,‰,not_specified,E0221-23,https://www.nso.gov.vn/en/px-web?pxid=E0221-23&theme=Population%20and%20Employment,source_reported_unharmonized
e0221_23_7705749b2e,population,In-migration rate,Immigration rate,VN_SRC_DIENBIEN,Dien Bien,2019,annual,1.1,‰,not_specified,E0221-23,https://www.nso.gov.vn/en/px-web?pxid=E0221-23&theme=Population%20and%20Employment,source_reported_unharmonized
e0221_23_7705749b2e,population,In-migration rate,Immigration rate,VN_SRC_DIENBIEN,Dien Bien,2020,annual,0.31,‰,not_specified,E0221-23,https://www.nso.gov.vn/en/px-web?pxid=E0221-23&theme=Population%20and%20Employment,source_reported_unharmonized
e0221_23_7705749b2e,population,In-migration rate,Immigration rate,VN_SRC_DIENBIEN,Dien Bien,2021,annual,0.69,‰,not_specified,E0221-23,https://www.nso.gov.vn/en/px-web?pxid=E0221-23&theme=Population%20and%20Employment,source_reported_unharmonized
e0221_23_7705749b2e,population,In-migration rate,Immigration rate,VN_SRC_DIENBIEN,Dien Bien,2022,annual,0.27,‰,not_specified,E0221-23,https://www.nso.gov.vn/en/px-web?pxid=E0221-23&theme=Population%20and%20Employment,source_reported_unharmonized
e0221_23_7705749b2e,population,In-migration rate,Immigration rate,VN_SRC_DIENBIEN,Dien Bien,2023,annual,0.59,‰,not_specified,E0221-23,https://www.nso.gov.vn/en/px-web?pxid=E0221-23&theme=Population%20and%20Employment,source_reported_unharmonized
e0221_23_7705749b2e,population,In-migration rate,Immigration rate,VN_SRC_DIENBIEN,Dien Bien,2024,annual,2.15,‰,not_specified,E0221-23,https://www.nso.gov.vn/en/px-web?pxid=E0221-23&theme=Population%20and%20Employment,source_reported_unharmonized
e0221_23_7705749b2e,population,In-migration rate,Immigration rate,VN_SRC_DIENBIEN,Dien Bien,2025,annual,0.26,‰,preliminary,E0221-23,https://www.nso.gov.vn/en/px-web?pxid=E0221-23&theme=Population%20and%20Employment,source_reported_unharmonized
e0221_23_7705749b2e,population,In-migration rate,Immigration rate,VN_SRC_LAICHAU,Lai Chau,2005,annual,1.1,‰,not_specified,E0221-23,https://www.nso.gov.vn/en/px-web?pxid=E0221-23&theme=Population%20and%20Employment,source_reported_unharmonized
e0221_23_7705749b2e,population,In-migration rate,Immigration rate,VN_SRC_LAICHAU,Lai Chau,2007,annual,4.4,‰,not_specified,E0221-23,https://www.nso.gov.vn/en/px-web?pxid=E0221-23&theme=Population%20and%20Employment,source_reported_unharmonized
e0221_23_7705749b2e,population,In-migration rate,Immigration rate,VN_SRC_LAICHAU,Lai Chau,2008,annual,3.9,‰,not_specified,E0221-23,https://www.nso.gov.vn/en/px-web?pxid=E0221-23&theme=Population%20and%20Employment,source_reported_unharmonized
e0221_23_7705749b2e,population,In-migration rate,Immigration rate,VN_SRC_LAICHAU,Lai Chau,2009,annual,9.8,‰,not_specified,E0221-23,https://www.nso.gov.vn/en/px-web?pxid=E0221-23&theme=Population%20and%20Employment,source_reported_unharmonized
e0221_23_7705749b2e,population,In-migration rate,Immigration rate,VN_SRC_LAICHAU,Lai Chau,2010,annual,3.5,‰,not_specified,E0221-23,https://www.nso.gov.vn/en/px-web?pxid=E0221-23&theme=Population%20and%20Employment,source_reported_unharmonized
e0221_23_7705749b2e,population,In-migration rate,Immigration rate,VN_SRC_LAICHAU,Lai Chau,2011,annual,3.5,‰,not_specified,E0221-23,https://www.nso.gov.vn/en/px-web?pxid=E0221-23&theme=Population%20and%20Employment,source_reported_unharmonized
e0221_23_7705749b2e,population,In-migration rate,Immigration rate,VN_SRC_LAICHAU,Lai Chau,2012,annual,3.9,‰,not_specified,E0221-23,https://www.nso.gov.vn/en/px-web?pxid=E0221-23&theme=Population%20and%20Employment,source_reported_unharmonized
e0221_23_7705749b2e,population,In-migration rate,Immigration rate,VN_SRC_LAICHAU,Lai Chau,2013,annual,5.0,‰,not_specified,E0221-23,https://www.nso.gov.vn/en/px-web?pxid=E0221-23&theme=Population%20and%20Employment,source_reported_unharmonized
e0221_23_7705749b2e,population,In-migration rate,Immigration rate,VN_SRC_LAICHAU,Lai Chau,2014,annual,3.8,‰,not_specified,E0221-23,https://www.nso.gov.vn/en/px-web?pxid=E0221-23&theme=Population%20and%20Employment,source_reported_unharmonized
e0221_23_7705749b2e,population,In-migration rate,Immigration rate,VN_SRC_LAICHAU,Lai Chau,2015,annual,1.6,‰,not_specified,E0221-23,https://www.nso.gov.vn/en/px-web?pxid=E0221-23&theme=Population%20and%20Employment,source_reported_unharmonized
e0221_23_7705749b2e,population,In-migration rate,Immigration rate,VN_SRC_LAICHAU,Lai Chau,2016,annual,1.0,‰,not_specified,E0221-23,https://www.nso.gov.vn/en/px-web?pxid=E0221-23&theme=Population%20and%20Employment,source_reported_unharmonized
e0221_23_7705749b2e,population,In-migration rate,Immigration rate,VN_SRC_LAICHAU,Lai Chau,2017,annual,2.0,‰,not_specified,E0221-23,https://www.nso.gov.vn/en/px-web?pxid=E0221-23&theme=Population%20and%20Employment,source_reported_unharmonized
e0221_23_7705749b2e,population,In-migration rate,Immigration rate,VN_SRC_LAICHAU,Lai Chau,2018,annual,1.7,‰,not_specified,E0221-23,https://www.nso.gov.vn/en/px-web?pxid=E0221-23&theme=Population%20and%20Employment,source_reported_unharmonized
e0221_23_7705749b2e,population,In-migration rate,Immigration rate,VN_SRC_LAICHAU,Lai Chau,2019,annual,2.9,‰,not_specified,E0221-23,https://www.nso.gov.vn/en/px-web?pxid=E0221-23&theme=Population%20and%20Employment,source_reported_unharmonized
e0221_23_7705749b2e,population,In-migration rate,Immigration rate,VN_SRC_LAICHAU,Lai Chau,2020,annual,0.94,‰,not_specified,E0221-23,https://www.nso.gov.vn/en/px-web?pxid=E0221-23&theme=Population%20and%20Employment,source_reported_unharmonized
e0221_23_7705749b2e,population,In-migration rate,Immigration rate,VN_SRC_LAICHAU,Lai Chau,2021,annual,0.81,‰,not_specified,E0221-23,https://www.nso.gov.vn/en/px-web?pxid=E0221-23&theme=Population%20and%20Employment,source_reported_unharmonized
e0221_23_7705749b2e,population,In-migration rate,Immigration rate,VN_SRC_LAICHAU,Lai Chau,2022,annual,0.86,‰,not_specified,E0221-23,https://www.nso.gov.vn/en/px-web?pxid=E0221-23&theme=Population%20and%20Employment,source_reported_unharmonized
e0221_23_7705749b2e,population,In-migration rate,Immigration rate,VN_SRC_LAICHAU,Lai Chau,2023,annual,0.91,‰,not_specified,E0221-23,https://www.nso.gov.vn/en/px-web?pxid=E0221-23&theme=Population%20and%20Employment,source_reported_unharmonized
e0221_23_7705749b2e,population,In-migration rate,Immigration rate,VN_SRC_LAICHAU,Lai Chau,2024,annual,1.95,‰,not_specified,E0221-23,https://www.nso.gov.vn/en/px-web?pxid=E0221-23&theme=Population%20and%20Employment,source_reported_unharmonized
e0221_23_7705749b2e,population,In-migration rate,Immigration rate,VN_SRC_LAICHAU,Lai Chau,2025,annual,0.63,‰,preliminary,E0221-23,https://www.nso.gov.vn/en/px-web?pxid=E0221-23&theme=Population%20and%20Employment,source_reported_unharmonized
e0221_23_7705749b2e,population,In-migration rate,Immigration rate,VN_SRC_SONLA,Son La,2005,annual,1.4,‰,not_specified,E0221-23,https://www.nso.gov.vn/en/px-web?pxid=E0221-23&theme=Population%20and%20Employment,source_reported_unharmonized
e0221_23_7705749b2e,population,In-migration rate,Immigration rate,VN_SRC_SONLA,Son La,2007,annual,2.3,‰,not_specified,E0221-23,https://www.nso.gov.vn/en/px-web?pxid=E0221-23&theme=Population%20and%20Employment,source_reported_unharmonized
e0221_23_7705749b2e,population,In-migration rate,Immigration rate,VN_SRC_SONLA,Son La,2008,annual,0.8,‰,not_specified,E0221-23,https://www.nso.gov.vn/en/px-web?pxid=E0221-23&theme=Population%20and%20Employment,source_reported_unharmonized
e0221_23_7705749b2e,population,In-migration rate,Immigration rate,VN_SRC_SONLA,Son La,2009,annual,2.8,‰,not_specified,E0221-23,https://www.nso.gov.vn/en/px-web?pxid=E0221-23&theme=Population%20and%20Employment,source_reported_unharmonized
e0221_23_7705749b2e,population,In-migration rate,Immigration rate,VN_SRC_SONLA,Son La,2010,annual,2.0,‰,not_specified,E0221-23,https://www.nso.gov.vn/en/px-web?pxid=E0221-23&theme=Population%20and%20Employment,source_reported_unharmonized
e0221_23_7705749b2e,population,In-migration rate,Immigration rate,VN_SRC_SONLA,Son La,2011,annual,2.7,‰,not_specified,E0221-23,https://www.nso.gov.vn/en/px-web?pxid=E0221-23&theme=Population%20and%20Employment,source_reported_unharmonized
e0221_23_7705749b2e,population,In-migration rate,Immigration rate,VN_SRC_SONLA,Son La,2012,annual,1.3,‰,not_specified,E0221-23,https://www.nso.gov.vn/en/px-web?pxid=E0221-23&theme=Population%20and%20Employment,source_reported_unharmonized
e0221_23_7705749b2e,population,In-migration rate,Immigration rate,VN_SRC_SONLA,Son La,2013,annual,2.6,‰,not_specified,E0221-23,https://www.nso.gov.vn/en/px-web?pxid=E0221-23&theme=Population%20and%20Employment,source_reported_unharmonized
e0221_23_7705749b2e,population,In-migration rate,Immigration rate,VN_SRC_SONLA,Son La,2014,annual,2.0,‰,not_specified,E0221-23,https://www.nso.gov.vn/en/px-web?pxid=E0221-23&theme=Population%20and%20Employment,source_reported_unharmonized
e0221_23_7705749b2e,population,In-migration rate,Immigration rate,VN_SRC_SONLA,Son La,2015,annual,0.6,‰,not_specified,E0221-23,https://www.nso.gov.vn/en/px-web?pxid=E0221-23&theme=Population%20and%20Employment,source_reported_unharmonized
e0221_23_7705749b2e,population,In-migration rate,Immigration rate,VN_SRC_SONLA,Son La,2016,annual,0.6,‰,not_specified,E0221-23,https://www.nso.gov.vn/en/px-web?pxid=E0221-23&theme=Population%20and%20Employment,source_reported_unharmonized
e0221_23_7705749b2e,population,In-migration rate,Immigration rate,VN_SRC_SONLA,Son La,2017,annual,0.4,‰,not_specified,E0221-23,https://www.nso.gov.vn/en/px-web?pxid=E0221-23&theme=Population%20and%20Employment,source_reported_unharmonized
e0221_23_7705749b2e,population,In-migration rate,Immigration rate,VN_SRC_SONLA,Son La,2018,annual,0.5,‰,not_specified,E0221-23,https://www.nso.gov.vn/en/px-web?pxid=E0221-23&theme=Population%20and%20Employment,source_reported_unharmonized
e0221_23_7705749b2e,population,In-migration rate,Immigration rate,VN_SRC_SONLA,Son La,2019,annual,0.7,‰,not_specified,E0221-23,https://www.nso.gov.vn/en/px-web?pxid=E0221-23&theme=Population%20and%20Employment,source_reported_unharmonized
e0221_23_7705749b2e,population,In-migration rate,Immigration rate,VN_SRC_SONLA,Son La,2020,annual,0.24,‰,not_specified,E0221-23,https://www.nso.gov.vn/en/px-web?pxid=E0221-23&theme=Population%20and%20Employment,source_reported_unharmonized
e0221_23_7705749b2e,population,In-migration rate,Immigration rate,VN_SRC_SONLA,Son La,2021,annual,0.27,‰,not_specified,E0221-23,https://www.nso.gov.vn/en/px-web?pxid=E0221-23&theme=Population%20and%20Employment,source_reported_unharmonized
e0221_23_7705749b2e,population,In-migration rate,Immigration rate,VN_SRC_SONLA,Son La,2022,annual,0.55,‰,not_specified,E0221-23,https://www.nso.gov.vn/en/px-web?pxid=E0221-23&theme=Population%20and%20Employment,source_reported_unharmonized
e0221_23_7705749b2e,population,In-migration rate,Immigration rate,VN_SRC_SONLA,Son La,2023,annual,0.25,‰,not_specified,E0221-23,https://www.nso.gov.vn/en/px-web?pxid=E0221-23&theme=Population%20and%20Employment,source_reported_unharmonized
e0221_23_7705749b2e,population,In-migration rate,Immigration rate,VN_SRC_SONLA,Son La,2024,annual,1.49,‰,not_specified,E0221-23,https://www.nso.gov.vn/en/px-web?pxid=E0221-23&theme=Population%20and%20Employment,source_reported_unharmonized
e0221_23_7705749b2e,population,In-migration rate,Immigration rate,VN_SRC_SONLA,Son La,2025,annual,1.38,‰,preliminary,E0221-23,https://www.nso.gov.vn/en/px-web?pxid=E0221-23&theme=Population%20and%20Employment,source_reported_unharmonized
e0221_23_7705749b2e,population,In-migration rate,Immigration rate,VN_SRC_HOABINH,Hoa Binh,2005,annual,3.7,‰,not_specified,E0221-23,https://www.nso.gov.vn/en/px-web?pxid=E0221-23&theme=Population%20and%20Employment,source_reported_unharmonized
e0221_23_7705749b2e,population,In-migration rate,Immigration rate,VN_SRC_HOABINH,Hoa Binh,2007,annual,4.0,‰,not_specified,E0221-23,https://www.nso.gov.vn/en/px-web?pxid=E0221-23&theme=Population%20and%20Employment,source_reported_unharmonized
e0221_23_7705749b2e,population,In-migration rate,Immigration rate,VN_SRC_HOABINH,Hoa Binh,2008,annual,2.6,‰,not_specified,E0221-23,https://www.nso.gov.vn/en/px-web?pxid=E0221-23&theme=Population%20and%20Employment,source_reported_unharmonized
e0221_23_7705749b2e,population,In-migration rate,Immigration rate,VN_SRC_HOABINH,Hoa Binh,2009,annual,3.0,‰,not_specified,E0221-23,https://www.nso.gov.vn/en/px-web?pxid=E0221-23&theme=Population%20and%20Employment,source_reported_unharmonized
e0221_23_7705749b2e,population,In-migration rate,Immigration rate,VN_SRC_HOABINH,Hoa Binh,2010,annual,3.8,‰,not_specified,E0221-23,https://www.nso.gov.vn/en/px-web?pxid=E0221-23&theme=Population%20and%20Employment,source_reported_unharmonized
e0221_23_7705749b2e,population,In-migration rate,Immigration rate,VN_SRC_HOABINH,Hoa Binh,2011,annual,5.6,‰,not_specified,E0221-23,https://www.nso.gov.vn/en/px-web?pxid=E0221-23&theme=Population%20and%20Employment,source_reported_unharmonized
e0221_23_7705749b2e,population,In-migration rate,Immigration rate,VN_SRC_HOABINH,Hoa Binh,2012,annual,2.1,‰,not_specified,E0221-23,https://www.nso.gov.vn/en/px-web?pxid=E0221-23&theme=Population%20and%20Employment,source_reported_unharmonized
e0221_23_7705749b2e,population,In-migration rate,Immigration rate,VN_SRC_HOABINH,Hoa Binh,2013,annual,2.7,‰,not_specified,E0221-23,https://www.nso.gov.vn/en/px-web?pxid=E0221-23&theme=Population%20and%20Employment,source_reported_unharmonized
e0221_23_7705749b2e,population,In-migration rate,Immigration rate,VN_SRC_HOABINH,Hoa Binh,2014,annual,3.4,‰,not_specified,E0221-23,https://www.nso.gov.vn/en/px-web?pxid=E0221-23&theme=Population%20and%20Employment,source_reported_unharmonized
e0221_23_7705749b2e,population,In-migration rate,Immigration rate,VN_SRC_HOABINH,Hoa Binh,2015,annual,1.8,‰,not_specified,E0221-23,https://www.nso.gov.vn/en/px-web?pxid=E0221-23&theme=Population%20and%20Employment,source_reported_unharmonized
e0221_23_7705749b2e,population,In-migration rate,Immigration rate,VN_SRC_HOABINH,Hoa Binh,2016,annual,2.5,‰,not_specified,E0221-23,https://www.nso.gov.vn/en/px-web?pxid=E0221-23&theme=Population%20and%20Employment,source_reported_unharmonized
e0221_23_7705749b2e,population,In-migration rate,Immigration rate,VN_SRC_HOABINH,Hoa Binh,2017,annual,1.7,‰,not_specified,E0221-23,https://www.nso.gov.vn/en/px-web?pxid=E0221-23&theme=Population%20and%20Employment,source_reported_unharmonized
e0221_23_7705749b2e,population,In-migration rate,Immigration rate,VN_SRC_HOABINH,Hoa Binh,2018,annual,1.6,‰,not_specified,E0221-23,https://www.nso.gov.vn/en/px-web?pxid=E0221-23&theme=Population%20and%20Employment,source_reported_unharmonized
e0221_23_7705749b2e,population,In-migration rate,Immigration rate,VN_SRC_HOABINH,Hoa Binh,2019,annual,1.6,‰,not_specified,E0221-23,https://www.nso.gov.vn/en/px-web?pxid=E0221-23&theme=Population%20and%20Employment,source_reported_unharmonized
e0221_23_7705749b2e,population,In-migration rate,Immigration rate,VN_SRC_HOABINH,Hoa Binh,2020,annual,0.75,‰,not_specified,E0221-23,https://www.nso.gov.vn/en/px-web?pxid=E0221-23&theme=Population%20and%20Employment,source_reported_unharmonized
e0221_23_7705749b2e,population,In-migration rate,Immigration rate,VN_SRC_HOABINH,Hoa Binh,2021,annual,2.0,‰,not_specified,E0221-23,https://www.nso.gov.vn/en/px-web?pxid=E0221-23&theme=Population%20and%20Employment,source_reported_unharmonized
e0221_23_7705749b2e,population,In-migration rate,Immigration rate,VN_SRC_HOABINH,Hoa Binh,2022,annual,1.49,‰,not_specified,E0221-23,https://www.nso.gov.vn/en/px-web?pxid=E0221-23&theme=Population%20and%20Employment,source_reported_unharmonized
e0221_23_7705749b2e,population,In-migration rate,Immigration rate,VN_SRC_HOABINH,Hoa Binh,2023,annual,0.99,‰,not_specified,E0221-23,https://www.nso.gov.vn/en/px-web?pxid=E0221-23&theme=Population%20and%20Employment,source_reported_unharmonized
e0221_23_7705749b2e,population,In-migration rate,Immigration rate,VN_SRC_HOABINH,Hoa Binh,2024,annual,3.97,‰,not_specified,E0221-23,https://www.nso.gov.vn/en/px-web?pxid=E0221-23&theme=Population%20and%20Employment,source_reported_unharmonized
e0221_23_7705749b2e,population,In-migration rate,Immigration rate,VN_SRC_HOABINH,Hoa Binh,2025,annual,2.23,‰,preliminary,E0221-23,https://www.nso.gov.vn/en/px-web?pxid=E0221-23&theme=Population%20and%20Employment,source_reported_unharmonized
e0221_23_7705749b2e,population,In-migration rate,Immigration rate,VN_SRC_THANHHOA,Thanh Hoa,2005,annual,2.3,‰,not_specified,E0221-23,https://www.nso.gov.vn/en/px-web?pxid=E0221-23&theme=Population%20and%20Employment,source_reported_unharmonized
e0221_23_7705749b2e,population,In-migration rate,Immigration rate,VN_SRC_THANHHOA,Thanh Hoa,2007,annual,4.9,‰,not_specified,E0221-23,https://www.nso.gov.vn/en/px-web?pxid=E0221-23&theme=Population%20and%20Employment,source_reported_unharmonized
e0221_23_7705749b2e,population,In-migration rate,Immigration rate,VN_SRC_THANHHOA,Thanh Hoa,2008,annual,5.3,‰,not_specified,E0221-23,https://www.nso.gov.vn/en/px-web?pxid=E0221-23&theme=Population%20and%20Employment,source_reported_unharmonized
e0221_23_7705749b2e,population,In-migration rate,Immigration rate,VN_SRC_THANHHOA,Thanh Hoa,2009,annual,1.3,‰,not_specified,E0221-23,https://www.nso.gov.vn/en/px-web?pxid=E0221-23&theme=Population%20and%20Employment,source_reported_unharmonized
e0221_23_7705749b2e,population,In-migration rate,Immigration rate,VN_SRC_THANHHOA,Thanh Hoa,2010,annual,6.8,‰,not_specified,E0221-23,https://www.nso.gov.vn/en/px-web?pxid=E0221-23&theme=Population%20and%20Employment,source_reported_unharmonized
e0221_23_7705749b2e,population,In-migration rate,Immigration rate,VN_SRC_THANHHOA,Thanh Hoa,2011,annual,9.8,‰,not_specified,E0221-23,https://www.nso.gov.vn/en/px-web?pxid=E0221-23&theme=Population%20and%20Employment,source_reported_unharmonized
e0221_23_7705749b2e,population,In-migration rate,Immigration rate,VN_SRC_THANHHOA,Thanh Hoa,2012,annual,5.1,‰,not_specified,E0221-23,https://www.nso.gov.vn/en/px-web?pxid=E0221-23&theme=Population%20and%20Employment,source_reported_unharmonized
e0221_23_7705749b2e,population,In-migration rate,Immigration rate,VN_SRC_THANHHOA,Thanh Hoa,2013,annual,13.3,‰,not_specified,E0221-23,https://www.nso.gov.vn/en/px-web?pxid=E0221-23&theme=Population%20and%20Employment,source_reported_unharmonized
e0221_23_7705749b2e,population,In-migration rate,Immigration rate,VN_SRC_THANHHOA,Thanh Hoa,2014,annual,5.7,‰,not_specified,E0221-23,https://www.nso.gov.vn/en/px-web?pxid=E0221-23&theme=Population%20and%20Employment,source_reported_unharmonized
e0221_23_7705749b2e,population,In-migration rate,Immigration rate,VN_SRC_THANHHOA,Thanh Hoa,2015,annual,3.5,‰,not_specified,E0221-23,https://www.nso.gov.vn/en/px-web?pxid=E0221-23&theme=Population%20and%20Employment,source_reported_unharmonized
e0221_23_7705749b2e,population,In-migration rate,Immigration rate,VN_SRC_THANHHOA,Thanh Hoa,2016,annual,3.2,‰,not_specified,E0221-23,https://www.nso.gov.vn/en/px-web?pxid=E0221-23&theme=Population%20and%20Employment,source_reported_unharmonized
e0221_23_7705749b2e,population,In-migration rate,Immigration rate,VN_SRC_THANHHOA,Thanh Hoa,2017,annual,3.1,‰,not_specified,E0221-23,https://www.nso.gov.vn/en/px-web?pxid=E0221-23&theme=Population%20and%20Employment,source_reported_unharmonized
e0221_23_7705749b2e,population,In-migration rate,Immigration rate,VN_SRC_THANHHOA,Thanh Hoa,2018,annual,1.9,‰,not_specified,E0221-23,https://www.nso.gov.vn/en/px-web?pxid=E0221-23&theme=Population%20and%20Employment,source_reported_unharmonized
e0221_23_7705749b2e,population,In-migration rate,Immigration rate,VN_SRC_THANHHOA,Thanh Hoa,2019,annual,1.1,‰,not_specified,E0221-23,https://www.nso.gov.vn/en/px-web?pxid=E0221-23&theme=Population%20and%20Employment,source_reported_unharmonized
e0221_23_7705749b2e,population,In-migration rate,Immigration rate,VN_SRC_THANHHOA,Thanh Hoa,2020,annual,1.25,‰,not_specified,E0221-23,https://www.nso.gov.vn/en/px-web?pxid=E0221-23&theme=Population%20and%20Employment,source_reported_unharmonized
e0221_23_7705749b2e,population,In-migration rate,Immigration rate,VN_SRC_THANHHOA,Thanh Hoa,2021,annual,0.69,‰,not_specified,E0221-23,https://www.nso.gov.vn/en/px-web?pxid=E0221-23&theme=Population%20and%20Employment,source_reported_unharmonized
e0221_23_7705749b2e,population,In-migration rate,Immigration rate,VN_SRC_THANHHOA,Thanh Hoa,2022,annual,2.08,‰,not_specified,E0221-23,https://www.nso.gov.vn/en/px-web?pxid=E0221-23&theme=Population%20and%20Employment,source_reported_unharmonized
e0221_23_7705749b2e,population,In-migration rate,Immigration rate,VN_SRC_THANHHOA,Thanh Hoa,2023,annual,1.04,‰,not_specified,E0221-23,https://www.nso.gov.vn/en/px-web?pxid=E0221-23&theme=Population%20and%20Employment,source_reported_unharmonized
e0221_23_7705749b2e,population,In-migration rate,Immigration rate,VN_SRC_THANHHOA,Thanh Hoa,2024,annual,3.27,‰,not_specified,E0221-23,https://www.nso.gov.vn/en/px-web?pxid=E0221-23&theme=Population%20and%20Employment,source_reported_unharmonized
e0221_23_7705749b2e,population,In-migration rate,Immigration rate,VN_SRC_THANHHOA,Thanh Hoa,2025,annual,2.19,‰,preliminary,E0221-23,https://www.nso.gov.vn/en/px-web?pxid=E0221-23&theme=Population%20and%20Employment,source_reported_unharmonized
e0221_23_7705749b2e,population,In-migration rate,Immigration rate,VN_SRC_NGHEAN,Nghe An,2005,annual,2.7,‰,not_specified,E0221-23,https://www.nso.gov.vn/en/px-web?pxid=E0221-23&theme=Population%20and%20Employment,source_reported_unharmonized
e0221_23_7705749b2e,population,In-migration rate,Immigration rate,VN_SRC_NGHEAN,Nghe An,2007,annual,5.5,‰,not_specified,E0221-23,https://www.nso.gov.vn/en/px-web?pxid=E0221-23&theme=Population%20and%20Employment,source_reported_unharmonized
e0221_23_7705749b2e,population,In-migration rate,Immigration rate,VN_SRC_NGHEAN,Nghe An,2008,annual,2.6,‰,not_specified,E0221-23,https://www.nso.gov.vn/en/px-web?pxid=E0221-23&theme=Population%20and%20Employment,source_reported_unharmonized
e0221_23_7705749b2e,population,In-migration rate,Immigration rate,VN_SRC_NGHEAN,Nghe An,2009,annual,2.1,‰,not_specified,E0221-23,https://www.nso.gov.vn/en/px-web?pxid=E0221-23&theme=Population%20and%20Employment,source_reported_unharmonized
e0221_23_7705749b2e,population,In-migration rate,Immigration rate,VN_SRC_NGHEAN,Nghe An,2010,annual,2.7,‰,not_specified,E0221-23,https://www.nso.gov.vn/en/px-web?pxid=E0221-23&theme=Population%20and%20Employment,source_reported_unharmonized
e0221_23_7705749b2e,population,In-migration rate,Immigration rate,VN_SRC_NGHEAN,Nghe An,2011,annual,4.8,‰,not_specified,E0221-23,https://www.nso.gov.vn/en/px-web?pxid=E0221-23&theme=Population%20and%20Employment,source_reported_unharmonized
e0221_23_7705749b2e,population,In-migration rate,Immigration rate,VN_SRC_NGHEAN,Nghe An,2012,annual,1.0,‰,not_specified,E0221-23,https://www.nso.gov.vn/en/px-web?pxid=E0221-23&theme=Population%20and%20Employment,source_reported_unharmonized
e0221_23_7705749b2e,population,In-migration rate,Immigration rate,VN_SRC_NGHEAN,Nghe An,2013,annual,6.8,‰,not_specified,E0221-23,https://www.nso.gov.vn/en/px-web?pxid=E0221-23&theme=Population%20and%20Employment,source_reported_unharmonized
e0221_23_7705749b2e,population,In-migration rate,Immigration rate,VN_SRC_NGHEAN,Nghe An,2014,annual,19.4,‰,not_specified,E0221-23,https://www.nso.gov.vn/en/px-web?pxid=E0221-23&theme=Population%20and%20Employment,source_reported_unharmonized
e0221_23_7705749b2e,population,In-migration rate,Immigration rate,VN_SRC_NGHEAN,Nghe An,2015,annual,10.1,‰,not_specified,E0221-23,https://www.nso.gov.vn/en/px-web?pxid=E0221-23&theme=Population%20and%20Employment,source_reported_unharmonized
e0221_23_7705749b2e,population,In-migration rate,Immigration rate,VN_SRC_NGHEAN,Nghe An,2016,annual,4.5,‰,not_specified,E0221-23,https://www.nso.gov.vn/en/px-web?pxid=E0221-23&theme=Population%20and%20Employment,source_reported_unharmonized
e0221_23_7705749b2e,population,In-migration rate,Immigration rate,VN_SRC_NGHEAN,Nghe An,2017,annual,8.9,‰,not_specified,E0221-23,https://www.nso.gov.vn/en/px-web?pxid=E0221-23&theme=Population%20and%20Employment,source_reported_unharmonized
e0221_23_7705749b2e,population,In-migration rate,Immigration rate,VN_SRC_NGHEAN,Nghe An,2018,annual,1.3,‰,not_specified,E0221-23,https://www.nso.gov.vn/en/px-web?pxid=E0221-23&theme=Population%20and%20Employment,source_reported_unharmonized
e0221_23_7705749b2e,population,In-migration rate,Immigration rate,VN_SRC_NGHEAN,Nghe An,2019,annual,1.0,‰,not_specified,E0221-23,https://www.nso.gov.vn/en/px-web?pxid=E0221-23&theme=Population%20and%20Employment,source_reported_unharmonized
e0221_23_7705749b2e,population,In-migration rate,Immigration rate,VN_SRC_NGHEAN,Nghe An,2020,annual,0.86,‰,not_specified,E0221-23,https://www.nso.gov.vn/en/px-web?pxid=E0221-23&theme=Population%20and%20Employment,source_reported_unharmonized
e0221_23_7705749b2e,population,In-migration rate,Immigration rate,VN_SRC_NGHEAN,Nghe An,2021,annual,1.38,‰,not_specified,E0221-23,https://www.nso.gov.vn/en/px-web?pxid=E0221-23&theme=Population%20and%20Employment,source_reported_unharmonized
e0221_23_7705749b2e,population,In-migration rate,Immigration rate,VN_SRC_NGHEAN,Nghe An,2022,annual,1.18,‰,not_specified,E0221-23,https://www.nso.gov.vn/en/px-web?pxid=E0221-23&theme=Population%20and%20Employment,source_reported_unharmonized
e0221_23_7705749b2e,population,In-migration rate,Immigration rate,VN_SRC_NGHEAN,Nghe An,2023,annual,0.78,‰,not_specified,E0221-23,https://www.nso.gov.vn/en/px-web?pxid=E0221-23&theme=Population%20and%20Employment,source_reported_unharmonized
e0221_23_7705749b2e,population,In-migration rate,Immigration rate,VN_SRC_NGHEAN,Nghe An,2024,annual,3.81,‰,not_specified,E0221-23,https://www.nso.gov.vn/en/px-web?pxid=E0221-23&theme=Population%20and%20Employment,source_reported_unharmonized
e0221_23_7705749b2e,population,In-migration rate,Immigration rate,VN_SRC_NGHEAN,Nghe An,2025,annual,0.23,‰,preliminary,E0221-23,https://www.nso.gov.vn/en/px-web?pxid=E0221-23&theme=Population%20and%20Employment,source_reported_unharmonized
e0221_23_7705749b2e,population,In-migration rate,Immigration rate,VN_SRC_HATINH,Ha Tinh,2005,annual,6.4,‰,not_specified,E0221-23,https://www.nso.gov.vn/en/px-web?pxid=E0221-23&theme=Population%20and%20Employment,source_reported_unharmonized
e0221_23_7705749b2e,population,In-migration rate,Immigration rate,VN_SRC_HATINH,Ha Tinh,2007,annual,3.6,‰,not_specified,E0221-23,https://www.nso.gov.vn/en/px-web?pxid=E0221-23&theme=Population%20and%20Employment,source_reported_unharmonized
e0221_23_7705749b2e,population,In-migration rate,Immigration rate,VN_SRC_HATINH,Ha Tinh,2008,annual,6.7,‰,not_specified,E0221-23,https://www.nso.gov.vn/en/px-web?pxid=E0221-23&theme=Population%20and%20Employment,source_reported_unharmonized
e0221_23_7705749b2e,population,In-migration rate,Immigration rate,VN_SRC_HATINH,Ha Tinh,2009,annual,2.3,‰,not_specified,E0221-23,https://www.nso.gov.vn/en/px-web?pxid=E0221-23&theme=Population%20and%20Employment,source_reported_unharmonized
e0221_23_7705749b2e,population,In-migration rate,Immigration rate,VN_SRC_HATINH,Ha Tinh,2010,annual,4.7,‰,not_specified,E0221-23,https://www.nso.gov.vn/en/px-web?pxid=E0221-23&theme=Population%20and%20Employment,source_reported_unharmonized
e0221_23_7705749b2e,population,In-migration rate,Immigration rate,VN_SRC_HATINH,Ha Tinh,2011,annual,6.2,‰,not_specified,E0221-23,https://www.nso.gov.vn/en/px-web?pxid=E0221-23&theme=Population%20and%20Employment,source_reported_unharmonized
e0221_23_7705749b2e,population,In-migration rate,Immigration rate,VN_SRC_HATINH,Ha Tinh,2012,annual,3.7,‰,not_specified,E0221-23,https://www.nso.gov.vn/en/px-web?pxid=E0221-23&theme=Population%20and%20Employment,source_reported_unharmonized
e0221_23_7705749b2e,population,In-migration rate,Immigration rate,VN_SRC_HATINH,Ha Tinh,2013,annual,6.9,‰,not_specified,E0221-23,https://www.nso.gov.vn/en/px-web?pxid=E0221-23&theme=Population%20and%20Employment,source_reported_unharmonized
e0221_23_7705749b2e,population,In-migration rate,Immigration rate,VN_SRC_HATINH,Ha Tinh,2014,annual,10.9,‰,not_specified,E0221-23,https://www.nso.gov.vn/en/px-web?pxid=E0221-23&theme=Population%20and%20Employment,source_reported_unharmonized
e0221_23_7705749b2e,population,In-migration rate,Immigration rate,VN_SRC_HATINH,Ha Tinh,2015,annual,3.9,‰,not_specified,E0221-23,https://www.nso.gov.vn/en/px-web?pxid=E0221-23&theme=Population%20and%20Employment,source_reported_unharmonized
e0221_23_7705749b2e,population,In-migration rate,Immigration rate,VN_SRC_HATINH,Ha Tinh,2016,annual,3.5,‰,not_specified,E0221-23,https://www.nso.gov.vn/en/px-web?pxid=E0221-23&theme=Population%20and%20Employment,source_reported_unharmonized
e0221_23_7705749b2e,population,In-migration rate,Immigration rate,VN_SRC_HATINH,Ha Tinh,2017,annual,1.2,‰,not_specified,E0221-23,https://www.nso.gov.vn/en/px-web?pxid=E0221-23&theme=Population%20and%20Employment,source_reported_unharmonized
e0221_23_7705749b2e,population,In-migration rate,Immigration rate,VN_SRC_HATINH,Ha Tinh,2018,annual,1.9,‰,not_specified,E0221-23,https://www.nso.gov.vn/en/px-web?pxid=E0221-23&theme=Population%20and%20Employment,source_reported_unharmonized
e0221_23_7705749b2e,population,In-migration rate,Immigration rate,VN_SRC_HATINH,Ha Tinh,2019,annual,2.5,‰,not_specified,E0221-23,https://www.nso.gov.vn/en/px-web?pxid=E0221-23&theme=Population%20and%20Employment,source_reported_unharmonized
e0221_23_7705749b2e,population,In-migration rate,Immigration rate,VN_SRC_HATINH,Ha Tinh,2020,annual,1.29,‰,not_specified,E0221-23,https://www.nso.gov.vn/en/px-web?pxid=E0221-23&theme=Population%20and%20Employment,source_reported_unharmonized
e0221_23_7705749b2e,population,In-migration rate,Immigration rate,VN_SRC_HATINH,Ha Tinh,2021,annual,2.74,‰,not_specified,E0221-23,https://www.nso.gov.vn/en/px-web?pxid=E0221-23&theme=Population%20and%20Employment,source_reported_unharmonized
e0221_23_7705749b2e,population,In-migration rate,Immigration rate,VN_SRC_HATINH,Ha Tinh,2022,annual,2.14,‰,not_specified,E0221-23,https://www.nso.gov.vn/en/px-web?pxid=E0221-23&theme=Population%20and%20Employment,source_reported_unharmonized
e0221_23_7705749b2e,population,In-migration rate,Immigration rate,VN_SRC_HATINH,Ha Tinh,2023,annual,2.6,‰,not_specified,E0221-23,https://www.nso.gov.vn/en/px-web?pxid=E0221-23&theme=Population%20and%20Employment,source_reported_unharmonized
e0221_23_7705749b2e,population,In-migration rate,Immigration rate,VN_SRC_HATINH,Ha Tinh,2024,annual,4.89,‰,not_specified,E0221-23,https://www.nso.gov.vn/en/px-web?pxid=E0221-23&theme=Population%20and%20Employment,source_reported_unharmonized
e0221_23_7705749b2e,population,In-migration rate,Immigration rate,VN_SRC_HATINH,Ha Tinh,2025,annual,0.46,‰,preliminary,E0221-23,https://www.nso.gov.vn/en/px-web?pxid=E0221-23&theme=Population%20and%20Employment,source_reported_unharmonized
e0221_23_7705749b2e,population,In-migration rate,Immigration rate,VN_SRC_QUANGBINH,Quang Binh,2005,annual,2.6,‰,not_specified,E0221-23,https://www.nso.gov.vn/en/px-web?pxid=E0221-23&theme=Population%20and%20Employment,source_reported_unharmonized
e0221_23_7705749b2e,population,In-migration rate,Immigration rate,VN_SRC_QUANGBINH,Quang Binh,2007,annual,3.3,‰,not_specified,E0221-23,https://www.nso.gov.vn/en/px-web?pxid=E0221-23&theme=Population%20and%20Employment,source_reported_unharmonized
e0221_23_7705749b2e,population,In-migration rate,Immigration rate,VN_SRC_QUANGBINH,Quang Binh,2008,annual,1.5,‰,not_specified,E0221-23,https://www.nso.gov.vn/en/px-web?pxid=E0221-23&theme=Population%20and%20Employment,source_reported_unharmonized
e0221_23_7705749b2e,population,In-migration rate,Immigration rate,VN_SRC_QUANGBINH,Quang Binh,2009,annual,1.9,‰,not_specified,E0221-23,https://www.nso.gov.vn/en/px-web?pxid=E0221-23&theme=Population%20and%20Employment,source_reported_unharmonized
e0221_23_7705749b2e,population,In-migration rate,Immigration rate,VN_SRC_QUANGBINH,Quang Binh,2010,annual,2.4,‰,not_specified,E0221-23,https://www.nso.gov.vn/en/px-web?pxid=E0221-23&theme=Population%20and%20Employment,source_reported_unharmonized
e0221_23_7705749b2e,population,In-migration rate,Immigration rate,VN_SRC_QUANGBINH,Quang Binh,2011,annual,4.0,‰,not_specified,E0221-23,https://www.nso.gov.vn/en/px-web?pxid=E0221-23&theme=Population%20and%20Employment,source_reported_unharmonized
e0221_23_7705749b2e,population,In-migration rate,Immigration rate,VN_SRC_QUANGBINH,Quang Binh,2012,annual,7.6,‰,not_specified,E0221-23,https://www.nso.gov.vn/en/px-web?pxid=E0221-23&theme=Population%20and%20Employment,source_reported_unharmonized
e0221_23_7705749b2e,population,In-migration rate,Immigration rate,VN_SRC_QUANGBINH,Quang Binh,2013,annual,6.5,‰,not_specified,E0221-23,https://www.nso.gov.vn/en/px-web?pxid=E0221-23&theme=Population%20and%20Employment,source_reported_unharmonized
e0221_23_7705749b2e,population,In-migration rate,Immigration rate,VN_SRC_QUANGBINH,Quang Binh,2014,annual,5.8,‰,not_specified,E0221-23,https://www.nso.gov.vn/en/px-web?pxid=E0221-23&theme=Population%20and%20Employment,source_reported_unharmonized
e0221_23_7705749b2e,population,In-migration rate,Immigration rate,VN_SRC_QUANGBINH,Quang Binh,2015,annual,3.2,‰,not_specified,E0221-23,https://www.nso.gov.vn/en/px-web?pxid=E0221-23&theme=Population%20and%20Employment,source_reported_unharmonized
e0221_23_7705749b2e,population,In-migration rate,Immigration rate,VN_SRC_QUANGBINH,Quang Binh,2016,annual,2.0,‰,not_specified,E0221-23,https://www.nso.gov.vn/en/px-web?pxid=E0221-23&theme=Population%20and%20Employment,source_reported_unharmonized
e0221_23_7705749b2e,population,In-migration rate,Immigration rate,VN_SRC_QUANGBINH,Quang Binh,2017,annual,1.6,‰,not_specified,E0221-23,https://www.nso.gov.vn/en/px-web?pxid=E0221-23&theme=Population%20and%20Employment,source_reported_unharmonized
e0221_23_7705749b2e,population,In-migration rate,Immigration rate,VN_SRC_QUANGBINH,Quang Binh,2018,annual,1.8,‰,not_specified,E0221-23,https://www.nso.gov.vn/en/px-web?pxid=E0221-23&theme=Population%20and%20Employment,source_reported_unharmonized
e0221_23_7705749b2e,population,In-migration rate,Immigration rate,VN_SRC_QUANGBINH,Quang Binh,2019,annual,1.9,‰,not_specified,E0221-23,https://www.nso.gov.vn/en/px-web?pxid=E0221-23&theme=Population%20and%20Employment,source_reported_unharmonized
e0221_23_7705749b2e,population,In-migration rate,Immigration rate,VN_SRC_QUANGBINH,Quang Binh,2020,annual,1.02,‰,not_specified,E0221-23,https://www.nso.gov.vn/en/px-web?pxid=E0221-23&theme=Population%20and%20Employment,source_reported_unharmonized
e0221_23_7705749b2e,population,In-migration rate,Immigration rate,VN_SRC_QUANGBINH,Quang Binh,2021,annual,2.66,‰,not_specified,E0221-23,https://www.nso.gov.vn/en/px-web?pxid=E0221-23&theme=Population%20and%20Employment,source_reported_unharmonized
e0221_23_7705749b2e,population,In-migration rate,Immigration rate,VN_SRC_QUANGBINH,Quang Binh,2022,annual,3.61,‰,not_specified,E0221-23,https://www.nso.gov.vn/en/px-web?pxid=E0221-23&theme=Population%20and%20Employment,source_reported_unharmonized
e0221_23_7705749b2e,population,In-migration rate,Immigration rate,VN_SRC_QUANGBINH,Quang Binh,2023,annual,3.03,‰,not_specified,E0221-23,https://www.nso.gov.vn/en/px-web?pxid=E0221-23&theme=Population%20and%20Employment,source_reported_unharmonized
e0221_23_7705749b2e,population,In-migration rate,Immigration rate,VN_SRC_QUANGBINH,Quang Binh,2024,annual,5.4,‰,not_specified,E0221-23,https://www.nso.gov.vn/en/px-web?pxid=E0221-23&theme=Population%20and%20Employment,source_reported_unharmonized
e0221_23_7705749b2e,population,In-migration rate,Immigration rate,VN_SRC_QUANGBINH,Quang Binh,2025,annual,0.76,‰,preliminary,E0221-23,https://www.nso.gov.vn/en/px-web?pxid=E0221-23&theme=Population%20and%20Employment,source_reported_unharmonized
e0221_23_7705749b2e,population,In-migration rate,Immigration rate,VN_SRC_QUANGTRI,Quang Tri,2005,annual,2.3,‰,not_specified,E0221-23,https://www.nso.gov.vn/en/px-web?pxid=E0221-23&theme=Population%20and%20Employment,source_reported_unharmonized
e0221_23_7705749b2e,population,In-migration rate,Immigration rate,VN_SRC_QUANGTRI,Quang Tri,2007,annual,2.4,‰,not_specified,E0221-23,https://www.nso.gov.vn/en/px-web?pxid=E0221-23&theme=Population%20and%20Employment,source_reported_unharmonized
e0221_23_7705749b2e,population,In-migration rate,Immigration rate,VN_SRC_QUANGTRI,Quang Tri,2008,annual,2.6,‰,not_specified,E0221-23,https://www.nso.gov.vn/en/px-web?pxid=E0221-23&theme=Population%20and%20Employment,source_reported_unharmonized
e0221_23_7705749b2e,population,In-migration rate,Immigration rate,VN_SRC_QUANGTRI,Quang Tri,2009,annual,2.4,‰,not_specified,E0221-23,https://www.nso.gov.vn/en/px-web?pxid=E0221-23&theme=Population%20and%20Employment,source_reported_unharmonized
e0221_23_7705749b2e,population,In-migration rate,Immigration rate,VN_SRC_QUANGTRI,Quang Tri,2010,annual,5.6,‰,not_specified,E0221-23,https://www.nso.gov.vn/en/px-web?pxid=E0221-23&theme=Population%20and%20Employment,source_reported_unharmonized
e0221_23_7705749b2e,population,In-migration rate,Immigration rate,VN_SRC_QUANGTRI,Quang Tri,2011,annual,4.9,‰,not_specified,E0221-23,https://www.nso.gov.vn/en/px-web?pxid=E0221-23&theme=Population%20and%20Employment,source_reported_unharmonized
e0221_23_7705749b2e,population,In-migration rate,Immigration rate,VN_SRC_QUANGTRI,Quang Tri,2012,annual,3.6,‰,not_specified,E0221-23,https://www.nso.gov.vn/en/px-web?pxid=E0221-23&theme=Population%20and%20Employment,source_reported_unharmonized
e0221_23_7705749b2e,population,In-migration rate,Immigration rate,VN_SRC_QUANGTRI,Quang Tri,2013,annual,5.3,‰,not_specified,E0221-23,https://www.nso.gov.vn/en/px-web?pxid=E0221-23&theme=Population%20and%20Employment,source_reported_unharmonized
e0221_23_7705749b2e,population,In-migration rate,Immigration rate,VN_SRC_QUANGTRI,Quang Tri,2014,annual,6.2,‰,not_specified,E0221-23,https://www.nso.gov.vn/en/px-web?pxid=E0221-23&theme=Population%20and%20Employment,source_reported_unharmonized
e0221_23_7705749b2e,population,In-migration rate,Immigration rate,VN_SRC_QUANGTRI,Quang Tri,2015,annual,4.7,‰,not_specified,E0221-23,https://www.nso.gov.vn/en/px-web?pxid=E0221-23&theme=Population%20and%20Employment,source_reported_unharmonized
e0221_23_7705749b2e,population,In-migration rate,Immigration rate,VN_SRC_QUANGTRI,Quang Tri,2016,annual,2.5,‰,not_specified,E0221-23,https://www.nso.gov.vn/en/px-web?pxid=E0221-23&theme=Population%20and%20Employment,source_reported_unharmonized
e0221_23_7705749b2e,population,In-migration rate,Immigration rate,VN_SRC_QUANGTRI,Quang Tri,2017,annual,2.6,‰,not_specified,E0221-23,https://www.nso.gov.vn/en/px-web?pxid=E0221-23&theme=Population%20and%20Employment,source_reported_unharmonized
e0221_23_7705749b2e,population,In-migration rate,Immigration rate,VN_SRC_QUANGTRI,Quang Tri,2018,annual,2.4,‰,not_specified,E0221-23,https://www.nso.gov.vn/en/px-web?pxid=E0221-23&theme=Population%20and%20Employment,source_reported_unharmonized
e0221_23_7705749b2e,population,In-migration rate,Immigration rate,VN_SRC_QUANGTRI,Quang Tri,2019,annual,2.3,‰,not_specified,E0221-23,https://www.nso.gov.vn/en/px-web?pxid=E0221-23&theme=Population%20and%20Employment,source_reported_unharmonized
e0221_23_7705749b2e,population,In-migration rate,Immigration rate,VN_SRC_QUANGTRI,Quang Tri,2020,annual,4.39,‰,not_specified,E0221-23,https://www.nso.gov.vn/en/px-web?pxid=E0221-23&theme=Population%20and%20Employment,source_reported_unharmonized
e0221_23_7705749b2e,population,In-migration rate,Immigration rate,VN_SRC_QUANGTRI,Quang Tri,2021,annual,3.48,‰,not_specified,E0221-23,https://www.nso.gov.vn/en/px-web?pxid=E0221-23&theme=Population%20and%20Employment,source_reported_unharmonized
e0221_23_7705749b2e,population,In-migration rate,Immigration rate,VN_SRC_QUANGTRI,Quang Tri,2022,annual,4.65,‰,not_specified,E0221-23,https://www.nso.gov.vn/en/px-web?pxid=E0221-23&theme=Population%20and%20Employment,source_reported_unharmonized
e0221_23_7705749b2e,population,In-migration rate,Immigration rate,VN_SRC_QUANGTRI,Quang Tri,2023,annual,2.09,‰,not_specified,E0221-23,https://www.nso.gov.vn/en/px-web?pxid=E0221-23&theme=Population%20and%20Employment,source_reported_unharmonized
e0221_23_7705749b2e,population,In-migration rate,Immigration rate,VN_SRC_QUANGTRI,Quang Tri,2024,annual,5.38,‰,not_specified,E0221-23,https://www.nso.gov.vn/en/px-web?pxid=E0221-23&theme=Population%20and%20Employment,source_reported_unharmonized
e0221_23_7705749b2e,population,In-migration rate,Immigration rate,VN_SRC_QUANGTRI,Quang Tri,2025,annual,1.24,‰,preliminary,E0221-23,https://www.nso.gov.vn/en/px-web?pxid=E0221-23&theme=Population%20and%20Employment,source_reported_unharmonized
e0221_23_7705749b2e,population,In-migration rate,Immigration rate,VN_SRC_HUE,Hue,2005,annual,4.8,‰,not_specified,E0221-23,https://www.nso.gov.vn/en/px-web?pxid=E0221-23&theme=Population%20and%20Employment,source_reported_unharmonized
e0221_23_7705749b2e,population,In-migration rate,Immigration rate,VN_SRC_HUE,Hue,2007,annual,4.9,‰,not_specified,E0221-23,https://www.nso.gov.vn/en/px-web?pxid=E0221-23&theme=Population%20and%20Employment,source_reported_unharmonized
e0221_23_7705749b2e,population,In-migration rate,Immigration rate,VN_SRC_HUE,Hue,2008,annual,3.1,‰,not_specified,E0221-23,https://www.nso.gov.vn/en/px-web?pxid=E0221-23&theme=Population%20and%20Employment,source_reported_unharmonized
e0221_23_7705749b2e,population,In-migration rate,Immigration rate,VN_SRC_HUE,Hue,2009,annual,5.4,‰,not_specified,E0221-23,https://www.nso.gov.vn/en/px-web?pxid=E0221-23&theme=Population%20and%20Employment,source_reported_unharmonized
e0221_23_7705749b2e,population,In-migration rate,Immigration rate,VN_SRC_HUE,Hue,2010,annual,8.3,‰,not_specified,E0221-23,https://www.nso.gov.vn/en/px-web?pxid=E0221-23&theme=Population%20and%20Employment,source_reported_unharmonized
e0221_23_7705749b2e,population,In-migration rate,Immigration rate,VN_SRC_HUE,Hue,2011,annual,13.5,‰,not_specified,E0221-23,https://www.nso.gov.vn/en/px-web?pxid=E0221-23&theme=Population%20and%20Employment,source_reported_unharmonized
e0221_23_7705749b2e,population,In-migration rate,Immigration rate,VN_SRC_HUE,Hue,2012,annual,5.0,‰,not_specified,E0221-23,https://www.nso.gov.vn/en/px-web?pxid=E0221-23&theme=Population%20and%20Employment,source_reported_unharmonized
e0221_23_7705749b2e,population,In-migration rate,Immigration rate,VN_SRC_HUE,Hue,2013,annual,6.8,‰,not_specified,E0221-23,https://www.nso.gov.vn/en/px-web?pxid=E0221-23&theme=Population%20and%20Employment,source_reported_unharmonized
e0221_23_7705749b2e,population,In-migration rate,Immigration rate,VN_SRC_HUE,Hue,2014,annual,7.1,‰,not_specified,E0221-23,https://www.nso.gov.vn/en/px-web?pxid=E0221-23&theme=Population%20and%20Employment,source_reported_unharmonized
e0221_23_7705749b2e,population,In-migration rate,Immigration rate,VN_SRC_HUE,Hue,2015,annual,3.0,‰,not_specified,E0221-23,https://www.nso.gov.vn/en/px-web?pxid=E0221-23&theme=Population%20and%20Employment,source_reported_unharmonized
e0221_23_7705749b2e,population,In-migration rate,Immigration rate,VN_SRC_HUE,Hue,2016,annual,3.2,‰,not_specified,E0221-23,https://www.nso.gov.vn/en/px-web?pxid=E0221-23&theme=Population%20and%20Employment,source_reported_unharmonized
e0221_23_7705749b2e,population,In-migration rate,Immigration rate,VN_SRC_HUE,Hue,2017,annual,2.1,‰,not_specified,E0221-23,https://www.nso.gov.vn/en/px-web?pxid=E0221-23&theme=Population%20and%20Employment,source_reported_unharmonized
e0221_23_7705749b2e,population,In-migration rate,Immigration rate,VN_SRC_HUE,Hue,2018,annual,1.0,‰,not_specified,E0221-23,https://www.nso.gov.vn/en/px-web?pxid=E0221-23&theme=Population%20and%20Employment,source_reported_unharmonized
e0221_23_7705749b2e,population,In-migration rate,Immigration rate,VN_SRC_HUE,Hue,2019,annual,3.1,‰,not_specified,E0221-23,https://www.nso.gov.vn/en/px-web?pxid=E0221-23&theme=Population%20and%20Employment,source_reported_unharmonized
e0221_23_7705749b2e,population,In-migration rate,Immigration rate,VN_SRC_HUE,Hue,2020,annual,1.96,‰,not_specified,E0221-23,https://www.nso.gov.vn/en/px-web?pxid=E0221-23&theme=Population%20and%20Employment,source_reported_unharmonized
e0221_23_7705749b2e,population,In-migration rate,Immigration rate,VN_SRC_HUE,Hue,2021,annual,6.02,‰,not_specified,E0221-23,https://www.nso.gov.vn/en/px-web?pxid=E0221-23&theme=Population%20and%20Employment,source_reported_unharmonized
e0221_23_7705749b2e,population,In-migration rate,Immigration rate,VN_SRC_HUE,Hue,2022,annual,5.25,‰,not_specified,E0221-23,https://www.nso.gov.vn/en/px-web?pxid=E0221-23&theme=Population%20and%20Employment,source_reported_unharmonized
e0221_23_7705749b2e,population,In-migration rate,Immigration rate,VN_SRC_HUE,Hue,2023,annual,8.3,‰,not_specified,E0221-23,https://www.nso.gov.vn/en/px-web?pxid=E0221-23&theme=Population%20and%20Employment,source_reported_unharmonized
e0221_23_7705749b2e,population,In-migration rate,Immigration rate,VN_SRC_HUE,Hue,2024,annual,4.22,‰,not_specified,E0221-23,https://www.nso.gov.vn/en/px-web?pxid=E0221-23&theme=Population%20and%20Employment,source_reported_unharmonized
e0221_23_7705749b2e,population,In-migration rate,Immigration rate,VN_SRC_HUE,Hue,2025,annual,5.81,‰,preliminary,E0221-23,https://www.nso.gov.vn/en/px-web?pxid=E0221-23&theme=Population%20and%20Employment,source_reported_unharmonized
e0221_23_7705749b2e,population,In-migration rate,Immigration rate,VN_SRC_DANANG,Da Nang,2005,annual,8.6,‰,not_specified,E0221-23,https://www.nso.gov.vn/en/px-web?pxid=E0221-23&theme=Population%20and%20Employment,source_reported_unharmonized
e0221_23_7705749b2e,population,In-migration rate,Immigration rate,VN_SRC_DANANG,Da Nang,2007,annual,13.6,‰,not_specified,E0221-23,https://www.nso.gov.vn/en/px-web?pxid=E0221-23&theme=Population%20and%20Employment,source_reported_unharmonized
e0221_23_7705749b2e,population,In-migration rate,Immigration rate,VN_SRC_DANANG,Da Nang,2008,annual,12.0,‰,not_specified,E0221-23,https://www.nso.gov.vn/en/px-web?pxid=E0221-23&theme=Population%20and%20Employment,source_reported_unharmonized
e0221_23_7705749b2e,population,In-migration rate,Immigration rate,VN_SRC_DANANG,Da Nang,2009,annual,20.1,‰,not_specified,E0221-23,https://www.nso.gov.vn/en/px-web?pxid=E0221-23&theme=Population%20and%20Employment,source_reported_unharmonized
e0221_23_7705749b2e,population,In-migration rate,Immigration rate,VN_SRC_DANANG,Da Nang,2010,annual,29.8,‰,not_specified,E0221-23,https://www.nso.gov.vn/en/px-web?pxid=E0221-23&theme=Population%20and%20Employment,source_reported_unharmonized
e0221_23_7705749b2e,population,In-migration rate,Immigration rate,VN_SRC_DANANG,Da Nang,2011,annual,22.8,‰,not_specified,E0221-23,https://www.nso.gov.vn/en/px-web?pxid=E0221-23&theme=Population%20and%20Employment,source_reported_unharmonized
e0221_23_7705749b2e,population,In-migration rate,Immigration rate,VN_SRC_DANANG,Da Nang,2012,annual,17.5,‰,not_specified,E0221-23,https://www.nso.gov.vn/en/px-web?pxid=E0221-23&theme=Population%20and%20Employment,source_reported_unharmonized
e0221_23_7705749b2e,population,In-migration rate,Immigration rate,VN_SRC_DANANG,Da Nang,2013,annual,15.5,‰,not_specified,E0221-23,https://www.nso.gov.vn/en/px-web?pxid=E0221-23&theme=Population%20and%20Employment,source_reported_unharmonized
e0221_23_7705749b2e,population,In-migration rate,Immigration rate,VN_SRC_DANANG,Da Nang,2014,annual,14.0,‰,not_specified,E0221-23,https://www.nso.gov.vn/en/px-web?pxid=E0221-23&theme=Population%20and%20Employment,source_reported_unharmonized
e0221_23_7705749b2e,population,In-migration rate,Immigration rate,VN_SRC_DANANG,Da Nang,2015,annual,11.6,‰,not_specified,E0221-23,https://www.nso.gov.vn/en/px-web?pxid=E0221-23&theme=Population%20and%20Employment,source_reported_unharmonized
e0221_23_7705749b2e,population,In-migration rate,Immigration rate,VN_SRC_DANANG,Da Nang,2016,annual,12.3,‰,not_specified,E0221-23,https://www.nso.gov.vn/en/px-web?pxid=E0221-23&theme=Population%20and%20Employment,source_reported_unharmonized
e0221_23_7705749b2e,population,In-migration rate,Immigration rate,VN_SRC_DANANG,Da Nang,2017,annual,7.0,‰,not_specified,E0221-23,https://www.nso.gov.vn/en/px-web?pxid=E0221-23&theme=Population%20and%20Employment,source_reported_unharmonized
e0221_23_7705749b2e,population,In-migration rate,Immigration rate,VN_SRC_DANANG,Da Nang,2018,annual,6.6,‰,not_specified,E0221-23,https://www.nso.gov.vn/en/px-web?pxid=E0221-23&theme=Population%20and%20Employment,source_reported_unharmonized
e0221_23_7705749b2e,population,In-migration rate,Immigration rate,VN_SRC_DANANG,Da Nang,2019,annual,16.7,‰,not_specified,E0221-23,https://www.nso.gov.vn/en/px-web?pxid=E0221-23&theme=Population%20and%20Employment,source_reported_unharmonized
e0221_23_7705749b2e,population,In-migration rate,Immigration rate,VN_SRC_DANANG,Da Nang,2020,annual,13.7,‰,not_specified,E0221-23,https://www.nso.gov.vn/en/px-web?pxid=E0221-23&theme=Population%20and%20Employment,source_reported_unharmonized
e0221_23_7705749b2e,population,In-migration rate,Immigration rate,VN_SRC_DANANG,Da Nang,2021,annual,18.93,‰,not_specified,E0221-23,https://www.nso.gov.vn/en/px-web?pxid=E0221-23&theme=Population%20and%20Employment,source_reported_unharmonized
e0221_23_7705749b2e,population,In-migration rate,Immigration rate,VN_SRC_DANANG,Da Nang,2022,annual,10.41,‰,not_specified,E0221-23,https://www.nso.gov.vn/en/px-web?pxid=E0221-23&theme=Population%20and%20Employment,source_reported_unharmonized
e0221_23_7705749b2e,population,In-migration rate,Immigration rate,VN_SRC_DANANG,Da Nang,2023,annual,15.78,‰,not_specified,E0221-23,https://www.nso.gov.vn/en/px-web?pxid=E0221-23&theme=Population%20and%20Employment,source_reported_unharmonized
e0221_23_7705749b2e,population,In-migration rate,Immigration rate,VN_SRC_DANANG,Da Nang,2024,annual,18.96,‰,not_specified,E0221-23,https://www.nso.gov.vn/en/px-web?pxid=E0221-23&theme=Population%20and%20Employment,source_reported_unharmonized
e0221_23_7705749b2e,population,In-migration rate,Immigration rate,VN_SRC_DANANG,Da Nang,2025,annual,14.74,‰,preliminary,E0221-23,https://www.nso.gov.vn/en/px-web?pxid=E0221-23&theme=Population%20and%20Employment,source_reported_unharmonized
e0221_23_7705749b2e,population,In-migration rate,Immigration rate,VN_SRC_QUANGNAM,Quang Nam,2005,annual,2.2,‰,not_specified,E0221-23,https://www.nso.gov.vn/en/px-web?pxid=E0221-23&theme=Population%20and%20Employment,source_reported_unharmonized
e0221_23_7705749b2e,population,In-migration rate,Immigration rate,VN_SRC_QUANGNAM,Quang Nam,2007,annual,2.6,‰,not_specified,E0221-23,https://www.nso.gov.vn/en/px-web?pxid=E0221-23&theme=Population%20and%20Employment,source_reported_unharmonized
e0221_23_7705749b2e,population,In-migration rate,Immigration rate,VN_SRC_QUANGNAM,Quang Nam,2008,annual,1.8,‰,not_specified,E0221-23,https://www.nso.gov.vn/en/px-web?pxid=E0221-23&theme=Population%20and%20Employment,source_reported_unharmonized
e0221_23_7705749b2e,population,In-migration rate,Immigration rate,VN_SRC_QUANGNAM,Quang Nam,2009,annual,2.4,‰,not_specified,E0221-23,https://www.nso.gov.vn/en/px-web?pxid=E0221-23&theme=Population%20and%20Employment,source_reported_unharmonized
e0221_23_7705749b2e,population,In-migration rate,Immigration rate,VN_SRC_QUANGNAM,Quang Nam,2010,annual,4.9,‰,not_specified,E0221-23,https://www.nso.gov.vn/en/px-web?pxid=E0221-23&theme=Population%20and%20Employment,source_reported_unharmonized
e0221_23_7705749b2e,population,In-migration rate,Immigration rate,VN_SRC_QUANGNAM,Quang Nam,2011,annual,8.8,‰,not_specified,E0221-23,https://www.nso.gov.vn/en/px-web?pxid=E0221-23&theme=Population%20and%20Employment,source_reported_unharmonized
e0221_23_7705749b2e,population,In-migration rate,Immigration rate,VN_SRC_QUANGNAM,Quang Nam,2012,annual,3.3,‰,not_specified,E0221-23,https://www.nso.gov.vn/en/px-web?pxid=E0221-23&theme=Population%20and%20Employment,source_reported_unharmonized
e0221_23_7705749b2e,population,In-migration rate,Immigration rate,VN_SRC_QUANGNAM,Quang Nam,2013,annual,6.2,‰,not_specified,E0221-23,https://www.nso.gov.vn/en/px-web?pxid=E0221-23&theme=Population%20and%20Employment,source_reported_unharmonized
e0221_23_7705749b2e,population,In-migration rate,Immigration rate,VN_SRC_QUANGNAM,Quang Nam,2014,annual,4.6,‰,not_specified,E0221-23,https://www.nso.gov.vn/en/px-web?pxid=E0221-23&theme=Population%20and%20Employment,source_reported_unharmonized
e0221_23_7705749b2e,population,In-migration rate,Immigration rate,VN_SRC_QUANGNAM,Quang Nam,2015,annual,2.5,‰,not_specified,E0221-23,https://www.nso.gov.vn/en/px-web?pxid=E0221-23&theme=Population%20and%20Employment,source_reported_unharmonized
e0221_23_7705749b2e,population,In-migration rate,Immigration rate,VN_SRC_QUANGNAM,Quang Nam,2016,annual,4.3,‰,not_specified,E0221-23,https://www.nso.gov.vn/en/px-web?pxid=E0221-23&theme=Population%20and%20Employment,source_reported_unharmonized
e0221_23_7705749b2e,population,In-migration rate,Immigration rate,VN_SRC_QUANGNAM,Quang Nam,2017,annual,1.5,‰,not_specified,E0221-23,https://www.nso.gov.vn/en/px-web?pxid=E0221-23&theme=Population%20and%20Employment,source_reported_unharmonized
e0221_23_7705749b2e,population,In-migration rate,Immigration rate,VN_SRC_QUANGNAM,Quang Nam,2018,annual,1.6,‰,not_specified,E0221-23,https://www.nso.gov.vn/en/px-web?pxid=E0221-23&theme=Population%20and%20Employment,source_reported_unharmonized
e0221_23_7705749b2e,population,In-migration rate,Immigration rate,VN_SRC_QUANGNAM,Quang Nam,2019,annual,1.6,‰,not_specified,E0221-23,https://www.nso.gov.vn/en/px-web?pxid=E0221-23&theme=Population%20and%20Employment,source_reported_unharmonized
e0221_23_7705749b2e,population,In-migration rate,Immigration rate,VN_SRC_QUANGNAM,Quang Nam,2020,annual,1.41,‰,not_specified,E0221-23,https://www.nso.gov.vn/en/px-web?pxid=E0221-23&theme=Population%20and%20Employment,source_reported_unharmonized
e0221_23_7705749b2e,population,In-migration rate,Immigration rate,VN_SRC_QUANGNAM,Quang Nam,2021,annual,3.46,‰,not_specified,E0221-23,https://www.nso.gov.vn/en/px-web?pxid=E0221-23&theme=Population%20and%20Employment,source_reported_unharmonized
e0221_23_7705749b2e,population,In-migration rate,Immigration rate,VN_SRC_QUANGNAM,Quang Nam,2022,annual,4.47,‰,not_specified,E0221-23,https://www.nso.gov.vn/en/px-web?pxid=E0221-23&theme=Population%20and%20Employment,source_reported_unharmonized
e0221_23_7705749b2e,population,In-migration rate,Immigration rate,VN_SRC_QUANGNAM,Quang Nam,2023,annual,1.92,‰,not_specified,E0221-23,https://www.nso.gov.vn/en/px-web?pxid=E0221-23&theme=Population%20and%20Employment,source_reported_unharmonized
e0221_23_7705749b2e,population,In-migration rate,Immigration rate,VN_SRC_QUANGNAM,Quang Nam,2024,annual,3.68,‰,not_specified,E0221-23,https://www.nso.gov.vn/en/px-web?pxid=E0221-23&theme=Population%20and%20Employment,source_reported_unharmonized
e0221_23_7705749b2e,population,In-migration rate,Immigration rate,VN_SRC_QUANGNAM,Quang Nam,2025,annual,0.95,‰,preliminary,E0221-23,https://www.nso.gov.vn/en/px-web?pxid=E0221-23&theme=Population%20and%20Employment,source_reported_unharmonized
e0221_23_7705749b2e,population,In-migration rate,Immigration rate,VN_SRC_QUANGNGAI,Quang Ngai,2005,annual,0.6,‰,not_specified,E0221-23,https://www.nso.gov.vn/en/px-web?pxid=E0221-23&theme=Population%20and%20Employment,source_reported_unharmonized
e0221_23_7705749b2e,population,In-migration rate,Immigration rate,VN_SRC_QUANGNGAI,Quang Ngai,2007,annual,4.2,‰,not_specified,E0221-23,https://www.nso.gov.vn/en/px-web?pxid=E0221-23&theme=Population%20and%20Employment,source_reported_unharmonized
e0221_23_7705749b2e,population,In-migration rate,Immigration rate,VN_SRC_QUANGNGAI,Quang Ngai,2008,annual,2.7,‰,not_specified,E0221-23,https://www.nso.gov.vn/en/px-web?pxid=E0221-23&theme=Population%20and%20Employment,source_reported_unharmonized
e0221_23_7705749b2e,population,In-migration rate,Immigration rate,VN_SRC_QUANGNGAI,Quang Ngai,2009,annual,1.5,‰,not_specified,E0221-23,https://www.nso.gov.vn/en/px-web?pxid=E0221-23&theme=Population%20and%20Employment,source_reported_unharmonized
e0221_23_7705749b2e,population,In-migration rate,Immigration rate,VN_SRC_QUANGNGAI,Quang Ngai,2010,annual,2.3,‰,not_specified,E0221-23,https://www.nso.gov.vn/en/px-web?pxid=E0221-23&theme=Population%20and%20Employment,source_reported_unharmonized
e0221_23_7705749b2e,population,In-migration rate,Immigration rate,VN_SRC_QUANGNGAI,Quang Ngai,2011,annual,5.4,‰,not_specified,E0221-23,https://www.nso.gov.vn/en/px-web?pxid=E0221-23&theme=Population%20and%20Employment,source_reported_unharmonized
e0221_23_7705749b2e,population,In-migration rate,Immigration rate,VN_SRC_QUANGNGAI,Quang Ngai,2012,annual,1.8,‰,not_specified,E0221-23,https://www.nso.gov.vn/en/px-web?pxid=E0221-23&theme=Population%20and%20Employment,source_reported_unharmonized
e0221_23_7705749b2e,population,In-migration rate,Immigration rate,VN_SRC_QUANGNGAI,Quang Ngai,2013,annual,4.2,‰,not_specified,E0221-23,https://www.nso.gov.vn/en/px-web?pxid=E0221-23&theme=Population%20and%20Employment,source_reported_unharmonized
e0221_23_7705749b2e,population,In-migration rate,Immigration rate,VN_SRC_QUANGNGAI,Quang Ngai,2014,annual,3.6,‰,not_specified,E0221-23,https://www.nso.gov.vn/en/px-web?pxid=E0221-23&theme=Population%20and%20Employment,source_reported_unharmonized
e0221_23_7705749b2e,population,In-migration rate,Immigration rate,VN_SRC_QUANGNGAI,Quang Ngai,2015,annual,1.5,‰,not_specified,E0221-23,https://www.nso.gov.vn/en/px-web?pxid=E0221-23&theme=Population%20and%20Employment,source_reported_unharmonized
e0221_23_7705749b2e,population,In-migration rate,Immigration rate,VN_SRC_QUANGNGAI,Quang Ngai,2016,annual,1.4,‰,not_specified,E0221-23,https://www.nso.gov.vn/en/px-web?pxid=E0221-23&theme=Population%20and%20Employment,source_reported_unharmonized
e0221_23_7705749b2e,population,In-migration rate,Immigration rate,VN_SRC_QUANGNGAI,Quang Ngai,2017,annual,0.8,‰,not_specified,E0221-23,https://www.nso.gov.vn/en/px-web?pxid=E0221-23&theme=Population%20and%20Employment,source_reported_unharmonized
e0221_23_7705749b2e,population,In-migration rate,Immigration rate,VN_SRC_QUANGNGAI,Quang Ngai,2018,annual,1.9,‰,not_specified,E0221-23,https://www.nso.gov.vn/en/px-web?pxid=E0221-23&theme=Population%20and%20Employment,source_reported_unharmonized
e0221_23_7705749b2e,population,In-migration rate,Immigration rate,VN_SRC_QUANGNGAI,Quang Ngai,2019,annual,1.3,‰,not_specified,E0221-23,https://www.nso.gov.vn/en/px-web?pxid=E0221-23&theme=Population%20and%20Employment,source_reported_unharmonized
e0221_23_7705749b2e,population,In-migration rate,Immigration rate,VN_SRC_QUANGNGAI,Quang Ngai,2020,annual,2.33,‰,not_specified,E0221-23,https://www.nso.gov.vn/en/px-web?pxid=E0221-23&theme=Population%20and%20Employment,source_reported_unharmonized
e0221_23_7705749b2e,population,In-migration rate,Immigration rate,VN_SRC_QUANGNGAI,Quang Ngai,2021,annual,2.49,‰,not_specified,E0221-23,https://www.nso.gov.vn/en/px-web?pxid=E0221-23&theme=Population%20and%20Employment,source_reported_unharmonized
e0221_23_7705749b2e,population,In-migration rate,Immigration rate,VN_SRC_QUANGNGAI,Quang Ngai,2022,annual,2.68,‰,not_specified,E0221-23,https://www.nso.gov.vn/en/px-web?pxid=E0221-23&theme=Population%20and%20Employment,source_reported_unharmonized
e0221_23_7705749b2e,population,In-migration rate,Immigration rate,VN_SRC_QUANGNGAI,Quang Ngai,2023,annual,2.92,‰,not_specified,E0221-23,https://www.nso.gov.vn/en/px-web?pxid=E0221-23&theme=Population%20and%20Employment,source_reported_unharmonized
e0221_23_7705749b2e,population,In-migration rate,Immigration rate,VN_SRC_QUANGNGAI,Quang Ngai,2024,annual,2.77,‰,not_specified,E0221-23,https://www.nso.gov.vn/en/px-web?pxid=E0221-23&theme=Population%20and%20Employment,source_reported_unharmonized
e0221_23_7705749b2e,population,In-migration rate,Immigration rate,VN_SRC_QUANGNGAI,Quang Ngai,2025,annual,1.74,‰,preliminary,E0221-23,https://www.nso.gov.vn/en/px-web?pxid=E0221-23&theme=Population%20and%20Employment,source_reported_unharmonized
e0221_23_7705749b2e,population,In-migration rate,Immigration rate,VN_SRC_BINHDINH,Binh Dinh,2005,annual,1.6,‰,not_specified,E0221-23,https://www.nso.gov.vn/en/px-web?pxid=E0221-23&theme=Population%20and%20Employment,source_reported_unharmonized
e0221_23_7705749b2e,population,In-migration rate,Immigration rate,VN_SRC_BINHDINH,Binh Dinh,2007,annual,4.2,‰,not_specified,E0221-23,https://www.nso.gov.vn/en/px-web?pxid=E0221-23&theme=Population%20and%20Employment,source_reported_unharmonized
e0221_23_7705749b2e,population,In-migration rate,Immigration rate,VN_SRC_BINHDINH,Binh Dinh,2008,annual,2.5,‰,not_specified,E0221-23,https://www.nso.gov.vn/en/px-web?pxid=E0221-23&theme=Population%20and%20Employment,source_reported_unharmonized
e0221_23_7705749b2e,population,In-migration rate,Immigration rate,VN_SRC_BINHDINH,Binh Dinh,2009,annual,2.7,‰,not_specified,E0221-23,https://www.nso.gov.vn/en/px-web?pxid=E0221-23&theme=Population%20and%20Employment,source_reported_unharmonized
e0221_23_7705749b2e,population,In-migration rate,Immigration rate,VN_SRC_BINHDINH,Binh Dinh,2010,annual,6.0,‰,not_specified,E0221-23,https://www.nso.gov.vn/en/px-web?pxid=E0221-23&theme=Population%20and%20Employment,source_reported_unharmonized
e0221_23_7705749b2e,population,In-migration rate,Immigration rate,VN_SRC_BINHDINH,Binh Dinh,2011,annual,6.6,‰,not_specified,E0221-23,https://www.nso.gov.vn/en/px-web?pxid=E0221-23&theme=Population%20and%20Employment,source_reported_unharmonized
e0221_23_7705749b2e,population,In-migration rate,Immigration rate,VN_SRC_BINHDINH,Binh Dinh,2012,annual,2.8,‰,not_specified,E0221-23,https://www.nso.gov.vn/en/px-web?pxid=E0221-23&theme=Population%20and%20Employment,source_reported_unharmonized
e0221_23_7705749b2e,population,In-migration rate,Immigration rate,VN_SRC_BINHDINH,Binh Dinh,2013,annual,3.7,‰,not_specified,E0221-23,https://www.nso.gov.vn/en/px-web?pxid=E0221-23&theme=Population%20and%20Employment,source_reported_unharmonized
e0221_23_7705749b2e,population,In-migration rate,Immigration rate,VN_SRC_BINHDINH,Binh Dinh,2014,annual,4.4,‰,not_specified,E0221-23,https://www.nso.gov.vn/en/px-web?pxid=E0221-23&theme=Population%20and%20Employment,source_reported_unharmonized
e0221_23_7705749b2e,population,In-migration rate,Immigration rate,VN_SRC_BINHDINH,Binh Dinh,2015,annual,2.3,‰,not_specified,E0221-23,https://www.nso.gov.vn/en/px-web?pxid=E0221-23&theme=Population%20and%20Employment,source_reported_unharmonized
e0221_23_7705749b2e,population,In-migration rate,Immigration rate,VN_SRC_BINHDINH,Binh Dinh,2016,annual,1.5,‰,not_specified,E0221-23,https://www.nso.gov.vn/en/px-web?pxid=E0221-23&theme=Population%20and%20Employment,source_reported_unharmonized
e0221_23_7705749b2e,population,In-migration rate,Immigration rate,VN_SRC_BINHDINH,Binh Dinh,2017,annual,2.0,‰,not_specified,E0221-23,https://www.nso.gov.vn/en/px-web?pxid=E0221-23&theme=Population%20and%20Employment,source_reported_unharmonized
e0221_23_7705749b2e,population,In-migration rate,Immigration rate,VN_SRC_BINHDINH,Binh Dinh,2018,annual,0.6,‰,not_specified,E0221-23,https://www.nso.gov.vn/en/px-web?pxid=E0221-23&theme=Population%20and%20Employment,source_reported_unharmonized
e0221_23_7705749b2e,population,In-migration rate,Immigration rate,VN_SRC_BINHDINH,Binh Dinh,2019,annual,1.4,‰,not_specified,E0221-23,https://www.nso.gov.vn/en/px-web?pxid=E0221-23&theme=Population%20and%20Employment,source_reported_unharmonized
e0221_23_7705749b2e,population,In-migration rate,Immigration rate,VN_SRC_BINHDINH,Binh Dinh,2020,annual,0.82,‰,not_specified,E0221-23,https://www.nso.gov.vn/en/px-web?pxid=E0221-23&theme=Population%20and%20Employment,source_reported_unharmonized
e0221_23_7705749b2e,population,In-migration rate,Immigration rate,VN_SRC_BINHDINH,Binh Dinh,2021,annual,2.33,‰,not_specified,E0221-23,https://www.nso.gov.vn/en/px-web?pxid=E0221-23&theme=Population%20and%20Employment,source_reported_unharmonized
e0221_23_7705749b2e,population,In-migration rate,Immigration rate,VN_SRC_BINHDINH,Binh Dinh,2022,annual,1.62,‰,not_specified,E0221-23,https://www.nso.gov.vn/en/px-web?pxid=E0221-23&theme=Population%20and%20Employment,source_reported_unharmonized
e0221_23_7705749b2e,population,In-migration rate,Immigration rate,VN_SRC_BINHDINH,Binh Dinh,2023,annual,1.29,‰,not_specified,E0221-23,https://www.nso.gov.vn/en/px-web?pxid=E0221-23&theme=Population%20and%20Employment,source_reported_unharmonized
e0221_23_7705749b2e,population,In-migration rate,Immigration rate,VN_SRC_BINHDINH,Binh Dinh,2024,annual,2.74,‰,not_specified,E0221-23,https://www.nso.gov.vn/en/px-web?pxid=E0221-23&theme=Population%20and%20Employment,source_reported_unharmonized
e0221_23_7705749b2e,population,In-migration rate,Immigration rate,VN_SRC_BINHDINH,Binh Dinh,2025,annual,1.23,‰,preliminary,E0221-23,https://www.nso.gov.vn/en/px-web?pxid=E0221-23&theme=Population%20and%20Employment,source_reported_unharmonized
e0221_23_7705749b2e,population,In-migration rate,Immigration rate,VN_SRC_PHUYEN,Phu Yen,2005,annual,2.7,‰,not_specified,E0221-23,https://www.nso.gov.vn/en/px-web?pxid=E0221-23&theme=Population%20and%20Employment,source_reported_unharmonized
e0221_23_7705749b2e,population,In-migration rate,Immigration rate,VN_SRC_PHUYEN,Phu Yen,2007,annual,2.9,‰,not_specified,E0221-23,https://www.nso.gov.vn/en/px-web?pxid=E0221-23&theme=Population%20and%20Employment,source_reported_unharmonized
e0221_23_7705749b2e,population,In-migration rate,Immigration rate,VN_SRC_PHUYEN,Phu Yen,2008,annual,2.4,‰,not_specified,E0221-23,https://www.nso.gov.vn/en/px-web?pxid=E0221-23&theme=Population%20and%20Employment,source_reported_unharmonized
e0221_23_7705749b2e,population,In-migration rate,Immigration rate,VN_SRC_PHUYEN,Phu Yen,2009,annual,2.0,‰,not_specified,E0221-23,https://www.nso.gov.vn/en/px-web?pxid=E0221-23&theme=Population%20and%20Employment,source_reported_unharmonized
e0221_23_7705749b2e,population,In-migration rate,Immigration rate,VN_SRC_PHUYEN,Phu Yen,2010,annual,2.5,‰,not_specified,E0221-23,https://www.nso.gov.vn/en/px-web?pxid=E0221-23&theme=Population%20and%20Employment,source_reported_unharmonized
e0221_23_7705749b2e,population,In-migration rate,Immigration rate,VN_SRC_PHUYEN,Phu Yen,2011,annual,6.1,‰,not_specified,E0221-23,https://www.nso.gov.vn/en/px-web?pxid=E0221-23&theme=Population%20and%20Employment,source_reported_unharmonized
e0221_23_7705749b2e,population,In-migration rate,Immigration rate,VN_SRC_PHUYEN,Phu Yen,2012,annual,3.2,‰,not_specified,E0221-23,https://www.nso.gov.vn/en/px-web?pxid=E0221-23&theme=Population%20and%20Employment,source_reported_unharmonized
e0221_23_7705749b2e,population,In-migration rate,Immigration rate,VN_SRC_PHUYEN,Phu Yen,2013,annual,3.9,‰,not_specified,E0221-23,https://www.nso.gov.vn/en/px-web?pxid=E0221-23&theme=Population%20and%20Employment,source_reported_unharmonized
e0221_23_7705749b2e,population,In-migration rate,Immigration rate,VN_SRC_PHUYEN,Phu Yen,2014,annual,3.9,‰,not_specified,E0221-23,https://www.nso.gov.vn/en/px-web?pxid=E0221-23&theme=Population%20and%20Employment,source_reported_unharmonized
e0221_23_7705749b2e,population,In-migration rate,Immigration rate,VN_SRC_PHUYEN,Phu Yen,2015,annual,1.4,‰,not_specified,E0221-23,https://www.nso.gov.vn/en/px-web?pxid=E0221-23&theme=Population%20and%20Employment,source_reported_unharmonized
e0221_23_7705749b2e,population,In-migration rate,Immigration rate,VN_SRC_PHUYEN,Phu Yen,2016,annual,1.0,‰,not_specified,E0221-23,https://www.nso.gov.vn/en/px-web?pxid=E0221-23&theme=Population%20and%20Employment,source_reported_unharmonized
e0221_23_7705749b2e,population,In-migration rate,Immigration rate,VN_SRC_PHUYEN,Phu Yen,2017,annual,1.4,‰,not_specified,E0221-23,https://www.nso.gov.vn/en/px-web?pxid=E0221-23&theme=Population%20and%20Employment,source_reported_unharmonized
e0221_23_7705749b2e,population,In-migration rate,Immigration rate,VN_SRC_PHUYEN,Phu Yen,2018,annual,0.7,‰,not_specified,E0221-23,https://www.nso.gov.vn/en/px-web?pxid=E0221-23&theme=Population%20and%20Employment,source_reported_unharmonized
e0221_23_7705749b2e,population,In-migration rate,Immigration rate,VN_SRC_PHUYEN,Phu Yen,2019,annual,1.1,‰,not_specified,E0221-23,https://www.nso.gov.vn/en/px-web?pxid=E0221-23&theme=Population%20and%20Employment,source_reported_unharmonized
e0221_23_7705749b2e,population,In-migration rate,Immigration rate,VN_SRC_PHUYEN,Phu Yen,2020,annual,1.03,‰,not_specified,E0221-23,https://www.nso.gov.vn/en/px-web?pxid=E0221-23&theme=Population%20and%20Employment,source_reported_unharmonized
e0221_23_7705749b2e,population,In-migration rate,Immigration rate,VN_SRC_PHUYEN,Phu Yen,2021,annual,2.34,‰,not_specified,E0221-23,https://www.nso.gov.vn/en/px-web?pxid=E0221-23&theme=Population%20and%20Employment,source_reported_unharmonized
e0221_23_7705749b2e,population,In-migration rate,Immigration rate,VN_SRC_PHUYEN,Phu Yen,2022,annual,1.54,‰,not_specified,E0221-23,https://www.nso.gov.vn/en/px-web?pxid=E0221-23&theme=Population%20and%20Employment,source_reported_unharmonized
e0221_23_7705749b2e,population,In-migration rate,Immigration rate,VN_SRC_PHUYEN,Phu Yen,2023,annual,1.21,‰,not_specified,E0221-23,https://www.nso.gov.vn/en/px-web?pxid=E0221-23&theme=Population%20and%20Employment,source_reported_unharmonized
e0221_23_7705749b2e,population,In-migration rate,Immigration rate,VN_SRC_PHUYEN,Phu Yen,2024,annual,2.46,‰,not_specified,E0221-23,https://www.nso.gov.vn/en/px-web?pxid=E0221-23&theme=Population%20and%20Employment,source_reported_unharmonized
e0221_23_7705749b2e,population,In-migration rate,Immigration rate,VN_SRC_PHUYEN,Phu Yen,2025,annual,0.8,‰,preliminary,E0221-23,https://www.nso.gov.vn/en/px-web?pxid=E0221-23&theme=Population%20and%20Employment,source_reported_unharmonized
e0221_23_7705749b2e,population,In-migration rate,Immigration rate,VN_SRC_KHANHHOA,Khanh Hoa,2005,annual,2.6,‰,not_specified,E0221-23,https://www.nso.gov.vn/en/px-web?pxid=E0221-23&theme=Population%20and%20Employment,source_reported_unharmonized
e0221_23_7705749b2e,population,In-migration rate,Immigration rate,VN_SRC_KHANHHOA,Khanh Hoa,2007,annual,2.1,‰,not_specified,E0221-23,https://www.nso.gov.vn/en/px-web?pxid=E0221-23&theme=Population%20and%20Employment,source_reported_unharmonized
e0221_23_7705749b2e,population,In-migration rate,Immigration rate,VN_SRC_KHANHHOA,Khanh Hoa,2008,annual,3.5,‰,not_specified,E0221-23,https://www.nso.gov.vn/en/px-web?pxid=E0221-23&theme=Population%20and%20Employment,source_reported_unharmonized
e0221_23_7705749b2e,population,In-migration rate,Immigration rate,VN_SRC_KHANHHOA,Khanh Hoa,2009,annual,4.1,‰,not_specified,E0221-23,https://www.nso.gov.vn/en/px-web?pxid=E0221-23&theme=Population%20and%20Employment,source_reported_unharmonized
e0221_23_7705749b2e,population,In-migration rate,Immigration rate,VN_SRC_KHANHHOA,Khanh Hoa,2010,annual,3.7,‰,not_specified,E0221-23,https://www.nso.gov.vn/en/px-web?pxid=E0221-23&theme=Population%20and%20Employment,source_reported_unharmonized
e0221_23_7705749b2e,population,In-migration rate,Immigration rate,VN_SRC_KHANHHOA,Khanh Hoa,2011,annual,5.0,‰,not_specified,E0221-23,https://www.nso.gov.vn/en/px-web?pxid=E0221-23&theme=Population%20and%20Employment,source_reported_unharmonized
e0221_23_7705749b2e,population,In-migration rate,Immigration rate,VN_SRC_KHANHHOA,Khanh Hoa,2012,annual,3.1,‰,not_specified,E0221-23,https://www.nso.gov.vn/en/px-web?pxid=E0221-23&theme=Population%20and%20Employment,source_reported_unharmonized
e0221_23_7705749b2e,population,In-migration rate,Immigration rate,VN_SRC_KHANHHOA,Khanh Hoa,2013,annual,3.4,‰,not_specified,E0221-23,https://www.nso.gov.vn/en/px-web?pxid=E0221-23&theme=Population%20and%20Employment,source_reported_unharmonized
e0221_23_7705749b2e,population,In-migration rate,Immigration rate,VN_SRC_KHANHHOA,Khanh Hoa,2014,annual,3.5,‰,not_specified,E0221-23,https://www.nso.gov.vn/en/px-web?pxid=E0221-23&theme=Population%20and%20Employment,source_reported_unharmonized
e0221_23_7705749b2e,population,In-migration rate,Immigration rate,VN_SRC_KHANHHOA,Khanh Hoa,2015,annual,1.6,‰,not_specified,E0221-23,https://www.nso.gov.vn/en/px-web?pxid=E0221-23&theme=Population%20and%20Employment,source_reported_unharmonized
e0221_23_7705749b2e,population,In-migration rate,Immigration rate,VN_SRC_KHANHHOA,Khanh Hoa,2016,annual,1.5,‰,not_specified,E0221-23,https://www.nso.gov.vn/en/px-web?pxid=E0221-23&theme=Population%20and%20Employment,source_reported_unharmonized
e0221_23_7705749b2e,population,In-migration rate,Immigration rate,VN_SRC_KHANHHOA,Khanh Hoa,2017,annual,1.4,‰,not_specified,E0221-23,https://www.nso.gov.vn/en/px-web?pxid=E0221-23&theme=Population%20and%20Employment,source_reported_unharmonized
e0221_23_7705749b2e,population,In-migration rate,Immigration rate,VN_SRC_KHANHHOA,Khanh Hoa,2018,annual,0.5,‰,not_specified,E0221-23,https://www.nso.gov.vn/en/px-web?pxid=E0221-23&theme=Population%20and%20Employment,source_reported_unharmonized
e0221_23_7705749b2e,population,In-migration rate,Immigration rate,VN_SRC_KHANHHOA,Khanh Hoa,2019,annual,1.9,‰,not_specified,E0221-23,https://www.nso.gov.vn/en/px-web?pxid=E0221-23&theme=Population%20and%20Employment,source_reported_unharmonized
e0221_23_7705749b2e,population,In-migration rate,Immigration rate,VN_SRC_KHANHHOA,Khanh Hoa,2020,annual,1.05,‰,not_specified,E0221-23,https://www.nso.gov.vn/en/px-web?pxid=E0221-23&theme=Population%20and%20Employment,source_reported_unharmonized
e0221_23_7705749b2e,population,In-migration rate,Immigration rate,VN_SRC_KHANHHOA,Khanh Hoa,2021,annual,0.67,‰,not_specified,E0221-23,https://www.nso.gov.vn/en/px-web?pxid=E0221-23&theme=Population%20and%20Employment,source_reported_unharmonized
e0221_23_7705749b2e,population,In-migration rate,Immigration rate,VN_SRC_KHANHHOA,Khanh Hoa,2022,annual,0.79,‰,not_specified,E0221-23,https://www.nso.gov.vn/en/px-web?pxid=E0221-23&theme=Population%20and%20Employment,source_reported_unharmonized
e0221_23_7705749b2e,population,In-migration rate,Immigration rate,VN_SRC_KHANHHOA,Khanh Hoa,2023,annual,0.3,‰,not_specified,E0221-23,https://www.nso.gov.vn/en/px-web?pxid=E0221-23&theme=Population%20and%20Employment,source_reported_unharmonized
e0221_23_7705749b2e,population,In-migration rate,Immigration rate,VN_SRC_KHANHHOA,Khanh Hoa,2024,annual,1.93,‰,not_specified,E0221-23,https://www.nso.gov.vn/en/px-web?pxid=E0221-23&theme=Population%20and%20Employment,source_reported_unharmonized
e0221_23_7705749b2e,population,In-migration rate,Immigration rate,VN_SRC_KHANHHOA,Khanh Hoa,2025,annual,0.62,‰,preliminary,E0221-23,https://www.nso.gov.vn/en/px-web?pxid=E0221-23&theme=Population%20and%20Employment,source_reported_unharmonized
e0221_23_7705749b2e,population,In-migration rate,Immigration rate,VN_SRC_NINHTHUAN,Ninh Thuan,2005,annual,1.1,‰,not_specified,E0221-23,https://www.nso.gov.vn/en/px-web?pxid=E0221-23&theme=Population%20and%20Employment,source_reported_unharmonized
e0221_23_7705749b2e,population,In-migration rate,Immigration rate,VN_SRC_NINHTHUAN,Ninh Thuan,2007,annual,1.9,‰,not_specified,E0221-23,https://www.nso.gov.vn/en/px-web?pxid=E0221-23&theme=Population%20and%20Employment,source_reported_unharmonized
e0221_23_7705749b2e,population,In-migration rate,Immigration rate,VN_SRC_NINHTHUAN,Ninh Thuan,2008,annual,3.1,‰,not_specified,E0221-23,https://www.nso.gov.vn/en/px-web?pxid=E0221-23&theme=Population%20and%20Employment,source_reported_unharmonized
e0221_23_7705749b2e,population,In-migration rate,Immigration rate,VN_SRC_NINHTHUAN,Ninh Thuan,2009,annual,2.2,‰,not_specified,E0221-23,https://www.nso.gov.vn/en/px-web?pxid=E0221-23&theme=Population%20and%20Employment,source_reported_unharmonized
e0221_23_7705749b2e,population,In-migration rate,Immigration rate,VN_SRC_NINHTHUAN,Ninh Thuan,2010,annual,2.9,‰,not_specified,E0221-23,https://www.nso.gov.vn/en/px-web?pxid=E0221-23&theme=Population%20and%20Employment,source_reported_unharmonized
e0221_23_7705749b2e,population,In-migration rate,Immigration rate,VN_SRC_NINHTHUAN,Ninh Thuan,2011,annual,3.8,‰,not_specified,E0221-23,https://www.nso.gov.vn/en/px-web?pxid=E0221-23&theme=Population%20and%20Employment,source_reported_unharmonized
e0221_23_7705749b2e,population,In-migration rate,Immigration rate,VN_SRC_NINHTHUAN,Ninh Thuan,2012,annual,3.6,‰,not_specified,E0221-23,https://www.nso.gov.vn/en/px-web?pxid=E0221-23&theme=Population%20and%20Employment,source_reported_unharmonized
e0221_23_7705749b2e,population,In-migration rate,Immigration rate,VN_SRC_NINHTHUAN,Ninh Thuan,2013,annual,7.4,‰,not_specified,E0221-23,https://www.nso.gov.vn/en/px-web?pxid=E0221-23&theme=Population%20and%20Employment,source_reported_unharmonized
e0221_23_7705749b2e,population,In-migration rate,Immigration rate,VN_SRC_NINHTHUAN,Ninh Thuan,2014,annual,4.0,‰,not_specified,E0221-23,https://www.nso.gov.vn/en/px-web?pxid=E0221-23&theme=Population%20and%20Employment,source_reported_unharmonized
e0221_23_7705749b2e,population,In-migration rate,Immigration rate,VN_SRC_NINHTHUAN,Ninh Thuan,2015,annual,1.8,‰,not_specified,E0221-23,https://www.nso.gov.vn/en/px-web?pxid=E0221-23&theme=Population%20and%20Employment,source_reported_unharmonized
e0221_23_7705749b2e,population,In-migration rate,Immigration rate,VN_SRC_NINHTHUAN,Ninh Thuan,2016,annual,0.9,‰,not_specified,E0221-23,https://www.nso.gov.vn/en/px-web?pxid=E0221-23&theme=Population%20and%20Employment,source_reported_unharmonized
e0221_23_7705749b2e,population,In-migration rate,Immigration rate,VN_SRC_NINHTHUAN,Ninh Thuan,2017,annual,1.4,‰,not_specified,E0221-23,https://www.nso.gov.vn/en/px-web?pxid=E0221-23&theme=Population%20and%20Employment,source_reported_unharmonized
e0221_23_7705749b2e,population,In-migration rate,Immigration rate,VN_SRC_NINHTHUAN,Ninh Thuan,2018,annual,1.2,‰,not_specified,E0221-23,https://www.nso.gov.vn/en/px-web?pxid=E0221-23&theme=Population%20and%20Employment,source_reported_unharmonized
e0221_23_7705749b2e,population,In-migration rate,Immigration rate,VN_SRC_NINHTHUAN,Ninh Thuan,2019,annual,1.3,‰,not_specified,E0221-23,https://www.nso.gov.vn/en/px-web?pxid=E0221-23&theme=Population%20and%20Employment,source_reported_unharmonized
e0221_23_7705749b2e,population,In-migration rate,Immigration rate,VN_SRC_NINHTHUAN,Ninh Thuan,2020,annual,1.28,‰,not_specified,E0221-23,https://www.nso.gov.vn/en/px-web?pxid=E0221-23&theme=Population%20and%20Employment,source_reported_unharmonized
e0221_23_7705749b2e,population,In-migration rate,Immigration rate,VN_SRC_NINHTHUAN,Ninh Thuan,2021,annual,2.04,‰,not_specified,E0221-23,https://www.nso.gov.vn/en/px-web?pxid=E0221-23&theme=Population%20and%20Employment,source_reported_unharmonized
e0221_23_7705749b2e,population,In-migration rate,Immigration rate,VN_SRC_NINHTHUAN,Ninh Thuan,2022,annual,1.17,‰,not_specified,E0221-23,https://www.nso.gov.vn/en/px-web?pxid=E0221-23&theme=Population%20and%20Employment,source_reported_unharmonized
e0221_23_7705749b2e,population,In-migration rate,Immigration rate,VN_SRC_NINHTHUAN,Ninh Thuan,2023,annual,1.74,‰,not_specified,E0221-23,https://www.nso.gov.vn/en/px-web?pxid=E0221-23&theme=Population%20and%20Employment,source_reported_unharmonized
e0221_23_7705749b2e,population,In-migration rate,Immigration rate,VN_SRC_NINHTHUAN,Ninh Thuan,2024,annual,4.64,‰,not_specified,E0221-23,https://www.nso.gov.vn/en/px-web?pxid=E0221-23&theme=Population%20and%20Employment,source_reported_unharmonized
e0221_23_7705749b2e,population,In-migration rate,Immigration rate,VN_SRC_NINHTHUAN,Ninh Thuan,2025,annual,1.71,‰,preliminary,E0221-23,https://www.nso.gov.vn/en/px-web?pxid=E0221-23&theme=Population%20and%20Employment,source_reported_unharmonized
e0221_23_7705749b2e,population,In-migration rate,Immigration rate,VN_SRC_BINHTHUAN,Binh Thuan,2005,annual,3.1,‰,not_specified,E0221-23,https://www.nso.gov.vn/en/px-web?pxid=E0221-23&theme=Population%20and%20Employment,source_reported_unharmonized
e0221_23_7705749b2e,population,In-migration rate,Immigration rate,VN_SRC_BINHTHUAN,Binh Thuan,2007,annual,0.8,‰,not_specified,E0221-23,https://www.nso.gov.vn/en/px-web?pxid=E0221-23&theme=Population%20and%20Employment,source_reported_unharmonized
e0221_23_7705749b2e,population,In-migration rate,Immigration rate,VN_SRC_BINHTHUAN,Binh Thuan,2008,annual,1.9,‰,not_specified,E0221-23,https://www.nso.gov.vn/en/px-web?pxid=E0221-23&theme=Population%20and%20Employment,source_reported_unharmonized
e0221_23_7705749b2e,population,In-migration rate,Immigration rate,VN_SRC_BINHTHUAN,Binh Thuan,2009,annual,3.0,‰,not_specified,E0221-23,https://www.nso.gov.vn/en/px-web?pxid=E0221-23&theme=Population%20and%20Employment,source_reported_unharmonized
e0221_23_7705749b2e,population,In-migration rate,Immigration rate,VN_SRC_BINHTHUAN,Binh Thuan,2010,annual,4.2,‰,not_specified,E0221-23,https://www.nso.gov.vn/en/px-web?pxid=E0221-23&theme=Population%20and%20Employment,source_reported_unharmonized
e0221_23_7705749b2e,population,In-migration rate,Immigration rate,VN_SRC_BINHTHUAN,Binh Thuan,2011,annual,2.1,‰,not_specified,E0221-23,https://www.nso.gov.vn/en/px-web?pxid=E0221-23&theme=Population%20and%20Employment,source_reported_unharmonized
e0221_23_7705749b2e,population,In-migration rate,Immigration rate,VN_SRC_BINHTHUAN,Binh Thuan,2012,annual,2.3,‰,not_specified,E0221-23,https://www.nso.gov.vn/en/px-web?pxid=E0221-23&theme=Population%20and%20Employment,source_reported_unharmonized
e0221_23_7705749b2e,population,In-migration rate,Immigration rate,VN_SRC_BINHTHUAN,Binh Thuan,2013,annual,5.3,‰,not_specified,E0221-23,https://www.nso.gov.vn/en/px-web?pxid=E0221-23&theme=Population%20and%20Employment,source_reported_unharmonized
e0221_23_7705749b2e,population,In-migration rate,Immigration rate,VN_SRC_BINHTHUAN,Binh Thuan,2014,annual,2.4,‰,not_specified,E0221-23,https://www.nso.gov.vn/en/px-web?pxid=E0221-23&theme=Population%20and%20Employment,source_reported_unharmonized
e0221_23_7705749b2e,population,In-migration rate,Immigration rate,VN_SRC_BINHTHUAN,Binh Thuan,2015,annual,1.0,‰,not_specified,E0221-23,https://www.nso.gov.vn/en/px-web?pxid=E0221-23&theme=Population%20and%20Employment,source_reported_unharmonized
e0221_23_7705749b2e,population,In-migration rate,Immigration rate,VN_SRC_BINHTHUAN,Binh Thuan,2016,annual,1.3,‰,not_specified,E0221-23,https://www.nso.gov.vn/en/px-web?pxid=E0221-23&theme=Population%20and%20Employment,source_reported_unharmonized
e0221_23_7705749b2e,population,In-migration rate,Immigration rate,VN_SRC_BINHTHUAN,Binh Thuan,2017,annual,1.1,‰,not_specified,E0221-23,https://www.nso.gov.vn/en/px-web?pxid=E0221-23&theme=Population%20and%20Employment,source_reported_unharmonized
e0221_23_7705749b2e,population,In-migration rate,Immigration rate,VN_SRC_BINHTHUAN,Binh Thuan,2018,annual,1.4,‰,not_specified,E0221-23,https://www.nso.gov.vn/en/px-web?pxid=E0221-23&theme=Population%20and%20Employment,source_reported_unharmonized
e0221_23_7705749b2e,population,In-migration rate,Immigration rate,VN_SRC_BINHTHUAN,Binh Thuan,2019,annual,1.4,‰,not_specified,E0221-23,https://www.nso.gov.vn/en/px-web?pxid=E0221-23&theme=Population%20and%20Employment,source_reported_unharmonized
e0221_23_7705749b2e,population,In-migration rate,Immigration rate,VN_SRC_BINHTHUAN,Binh Thuan,2020,annual,1.0,‰,not_specified,E0221-23,https://www.nso.gov.vn/en/px-web?pxid=E0221-23&theme=Population%20and%20Employment,source_reported_unharmonized
e0221_23_7705749b2e,population,In-migration rate,Immigration rate,VN_SRC_BINHTHUAN,Binh Thuan,2021,annual,0.56,‰,not_specified,E0221-23,https://www.nso.gov.vn/en/px-web?pxid=E0221-23&theme=Population%20and%20Employment,source_reported_unharmonized
e0221_23_7705749b2e,population,In-migration rate,Immigration rate,VN_SRC_BINHTHUAN,Binh Thuan,2022,annual,0.49,‰,not_specified,E0221-23,https://www.nso.gov.vn/en/px-web?pxid=E0221-23&theme=Population%20and%20Employment,source_reported_unharmonized
e0221_23_7705749b2e,population,In-migration rate,Immigration rate,VN_SRC_BINHTHUAN,Binh Thuan,2023,annual,0.51,‰,not_specified,E0221-23,https://www.nso.gov.vn/en/px-web?pxid=E0221-23&theme=Population%20and%20Employment,source_reported_unharmonized
e0221_23_7705749b2e,population,In-migration rate,Immigration rate,VN_SRC_BINHTHUAN,Binh Thuan,2024,annual,1.05,‰,not_specified,E0221-23,https://www.nso.gov.vn/en/px-web?pxid=E0221-23&theme=Population%20and%20Employment,source_reported_unharmonized
e0221_23_7705749b2e,population,In-migration rate,Immigration rate,VN_SRC_BINHTHUAN,Binh Thuan,2025,annual,0.3,‰,preliminary,E0221-23,https://www.nso.gov.vn/en/px-web?pxid=E0221-23&theme=Population%20and%20Employment,source_reported_unharmonized
e0221_23_7705749b2e,population,In-migration rate,Immigration rate,VN_SRC_KONTUM,Kon Tum,2005,annual,4.7,‰,not_specified,E0221-23,https://www.nso.gov.vn/en/px-web?pxid=E0221-23&theme=Population%20and%20Employment,source_reported_unharmonized
e0221_23_7705749b2e,population,In-migration rate,Immigration rate,VN_SRC_KONTUM,Kon Tum,2007,annual,4.2,‰,not_specified,E0221-23,https://www.nso.gov.vn/en/px-web?pxid=E0221-23&theme=Population%20and%20Employment,source_reported_unharmonized
e0221_23_7705749b2e,population,In-migration rate,Immigration rate,VN_SRC_KONTUM,Kon Tum,2008,annual,9.5,‰,not_specified,E0221-23,https://www.nso.gov.vn/en/px-web?pxid=E0221-23&theme=Population%20and%20Employment,source_reported_unharmonized
e0221_23_7705749b2e,population,In-migration rate,Immigration rate,VN_SRC_KONTUM,Kon Tum,2009,annual,9.3,‰,not_specified,E0221-23,https://www.nso.gov.vn/en/px-web?pxid=E0221-23&theme=Population%20and%20Employment,source_reported_unharmonized
e0221_23_7705749b2e,population,In-migration rate,Immigration rate,VN_SRC_KONTUM,Kon Tum,2010,annual,6.7,‰,not_specified,E0221-23,https://www.nso.gov.vn/en/px-web?pxid=E0221-23&theme=Population%20and%20Employment,source_reported_unharmonized
e0221_23_7705749b2e,population,In-migration rate,Immigration rate,VN_SRC_KONTUM,Kon Tum,2011,annual,8.8,‰,not_specified,E0221-23,https://www.nso.gov.vn/en/px-web?pxid=E0221-23&theme=Population%20and%20Employment,source_reported_unharmonized
e0221_23_7705749b2e,population,In-migration rate,Immigration rate,VN_SRC_KONTUM,Kon Tum,2012,annual,11.8,‰,not_specified,E0221-23,https://www.nso.gov.vn/en/px-web?pxid=E0221-23&theme=Population%20and%20Employment,source_reported_unharmonized
e0221_23_7705749b2e,population,In-migration rate,Immigration rate,VN_SRC_KONTUM,Kon Tum,2013,annual,13.3,‰,not_specified,E0221-23,https://www.nso.gov.vn/en/px-web?pxid=E0221-23&theme=Population%20and%20Employment,source_reported_unharmonized
e0221_23_7705749b2e,population,In-migration rate,Immigration rate,VN_SRC_KONTUM,Kon Tum,2014,annual,6.7,‰,not_specified,E0221-23,https://www.nso.gov.vn/en/px-web?pxid=E0221-23&theme=Population%20and%20Employment,source_reported_unharmonized
e0221_23_7705749b2e,population,In-migration rate,Immigration rate,VN_SRC_KONTUM,Kon Tum,2015,annual,3.9,‰,not_specified,E0221-23,https://www.nso.gov.vn/en/px-web?pxid=E0221-23&theme=Population%20and%20Employment,source_reported_unharmonized
e0221_23_7705749b2e,population,In-migration rate,Immigration rate,VN_SRC_KONTUM,Kon Tum,2016,annual,1.5,‰,not_specified,E0221-23,https://www.nso.gov.vn/en/px-web?pxid=E0221-23&theme=Population%20and%20Employment,source_reported_unharmonized
e0221_23_7705749b2e,population,In-migration rate,Immigration rate,VN_SRC_KONTUM,Kon Tum,2017,annual,2.5,‰,not_specified,E0221-23,https://www.nso.gov.vn/en/px-web?pxid=E0221-23&theme=Population%20and%20Employment,source_reported_unharmonized
e0221_23_7705749b2e,population,In-migration rate,Immigration rate,VN_SRC_KONTUM,Kon Tum,2018,annual,0.7,‰,not_specified,E0221-23,https://www.nso.gov.vn/en/px-web?pxid=E0221-23&theme=Population%20and%20Employment,source_reported_unharmonized
e0221_23_7705749b2e,population,In-migration rate,Immigration rate,VN_SRC_KONTUM,Kon Tum,2019,annual,2.7,‰,not_specified,E0221-23,https://www.nso.gov.vn/en/px-web?pxid=E0221-23&theme=Population%20and%20Employment,source_reported_unharmonized
e0221_23_7705749b2e,population,In-migration rate,Immigration rate,VN_SRC_KONTUM,Kon Tum,2020,annual,1.01,‰,not_specified,E0221-23,https://www.nso.gov.vn/en/px-web?pxid=E0221-23&theme=Population%20and%20Employment,source_reported_unharmonized
e0221_23_7705749b2e,population,In-migration rate,Immigration rate,VN_SRC_KONTUM,Kon Tum,2021,annual,1.4,‰,not_specified,E0221-23,https://www.nso.gov.vn/en/px-web?pxid=E0221-23&theme=Population%20and%20Employment,source_reported_unharmonized
e0221_23_7705749b2e,population,In-migration rate,Immigration rate,VN_SRC_KONTUM,Kon Tum,2022,annual,0.59,‰,not_specified,E0221-23,https://www.nso.gov.vn/en/px-web?pxid=E0221-23&theme=Population%20and%20Employment,source_reported_unharmonized
e0221_23_7705749b2e,population,In-migration rate,Immigration rate,VN_SRC_KONTUM,Kon Tum,2023,annual,0.54,‰,not_specified,E0221-23,https://www.nso.gov.vn/en/px-web?pxid=E0221-23&theme=Population%20and%20Employment,source_reported_unharmonized
e0221_23_7705749b2e,population,In-migration rate,Immigration rate,VN_SRC_KONTUM,Kon Tum,2024,annual,2.46,‰,not_specified,E0221-23,https://www.nso.gov.vn/en/px-web?pxid=E0221-23&theme=Population%20and%20Employment,source_reported_unharmonized
e0221_23_7705749b2e,population,In-migration rate,Immigration rate,VN_SRC_KONTUM,Kon Tum,2025,annual,0.35,‰,preliminary,E0221-23,https://www.nso.gov.vn/en/px-web?pxid=E0221-23&theme=Population%20and%20Employment,source_reported_unharmonized
e0221_23_7705749b2e,population,In-migration rate,Immigration rate,VN_SRC_GIALAI,Gia Lai,2005,annual,2.9,‰,not_specified,E0221-23,https://www.nso.gov.vn/en/px-web?pxid=E0221-23&theme=Population%20and%20Employment,source_reported_unharmonized
e0221_23_7705749b2e,population,In-migration rate,Immigration rate,VN_SRC_GIALAI,Gia Lai,2007,annual,7.1,‰,not_specified,E0221-23,https://www.nso.gov.vn/en/px-web?pxid=E0221-23&theme=Population%20and%20Employment,source_reported_unharmonized
e0221_23_7705749b2e,population,In-migration rate,Immigration rate,VN_SRC_GIALAI,Gia Lai,2008,annual,5.5,‰,not_specified,E0221-23,https://www.nso.gov.vn/en/px-web?pxid=E0221-23&theme=Population%20and%20Employment,source_reported_unharmonized
e0221_23_7705749b2e,population,In-migration rate,Immigration rate,VN_SRC_GIALAI,Gia Lai,2009,annual,7.0,‰,not_specified,E0221-23,https://www.nso.gov.vn/en/px-web?pxid=E0221-23&theme=Population%20and%20Employment,source_reported_unharmonized
e0221_23_7705749b2e,population,In-migration rate,Immigration rate,VN_SRC_GIALAI,Gia Lai,2010,annual,3.7,‰,not_specified,E0221-23,https://www.nso.gov.vn/en/px-web?pxid=E0221-23&theme=Population%20and%20Employment,source_reported_unharmonized
e0221_23_7705749b2e,population,In-migration rate,Immigration rate,VN_SRC_GIALAI,Gia Lai,2011,annual,4.9,‰,not_specified,E0221-23,https://www.nso.gov.vn/en/px-web?pxid=E0221-23&theme=Population%20and%20Employment,source_reported_unharmonized
e0221_23_7705749b2e,population,In-migration rate,Immigration rate,VN_SRC_GIALAI,Gia Lai,2012,annual,4.9,‰,not_specified,E0221-23,https://www.nso.gov.vn/en/px-web?pxid=E0221-23&theme=Population%20and%20Employment,source_reported_unharmonized
e0221_23_7705749b2e,population,In-migration rate,Immigration rate,VN_SRC_GIALAI,Gia Lai,2013,annual,8.0,‰,not_specified,E0221-23,https://www.nso.gov.vn/en/px-web?pxid=E0221-23&theme=Population%20and%20Employment,source_reported_unharmonized
e0221_23_7705749b2e,population,In-migration rate,Immigration rate,VN_SRC_GIALAI,Gia Lai,2014,annual,5.2,‰,not_specified,E0221-23,https://www.nso.gov.vn/en/px-web?pxid=E0221-23&theme=Population%20and%20Employment,source_reported_unharmonized
e0221_23_7705749b2e,population,In-migration rate,Immigration rate,VN_SRC_GIALAI,Gia Lai,2015,annual,1.7,‰,not_specified,E0221-23,https://www.nso.gov.vn/en/px-web?pxid=E0221-23&theme=Population%20and%20Employment,source_reported_unharmonized
e0221_23_7705749b2e,population,In-migration rate,Immigration rate,VN_SRC_GIALAI,Gia Lai,2016,annual,1.7,‰,not_specified,E0221-23,https://www.nso.gov.vn/en/px-web?pxid=E0221-23&theme=Population%20and%20Employment,source_reported_unharmonized
e0221_23_7705749b2e,population,In-migration rate,Immigration rate,VN_SRC_GIALAI,Gia Lai,2017,annual,1.3,‰,not_specified,E0221-23,https://www.nso.gov.vn/en/px-web?pxid=E0221-23&theme=Population%20and%20Employment,source_reported_unharmonized
e0221_23_7705749b2e,population,In-migration rate,Immigration rate,VN_SRC_GIALAI,Gia Lai,2018,annual,0.8,‰,not_specified,E0221-23,https://www.nso.gov.vn/en/px-web?pxid=E0221-23&theme=Population%20and%20Employment,source_reported_unharmonized
e0221_23_7705749b2e,population,In-migration rate,Immigration rate,VN_SRC_GIALAI,Gia Lai,2019,annual,1.9,‰,not_specified,E0221-23,https://www.nso.gov.vn/en/px-web?pxid=E0221-23&theme=Population%20and%20Employment,source_reported_unharmonized
e0221_23_7705749b2e,population,In-migration rate,Immigration rate,VN_SRC_GIALAI,Gia Lai,2020,annual,1.42,‰,not_specified,E0221-23,https://www.nso.gov.vn/en/px-web?pxid=E0221-23&theme=Population%20and%20Employment,source_reported_unharmonized
e0221_23_7705749b2e,population,In-migration rate,Immigration rate,VN_SRC_GIALAI,Gia Lai,2021,annual,0.49,‰,not_specified,E0221-23,https://www.nso.gov.vn/en/px-web?pxid=E0221-23&theme=Population%20and%20Employment,source_reported_unharmonized
e0221_23_7705749b2e,population,In-migration rate,Immigration rate,VN_SRC_GIALAI,Gia Lai,2022,annual,0.54,‰,not_specified,E0221-23,https://www.nso.gov.vn/en/px-web?pxid=E0221-23&theme=Population%20and%20Employment,source_reported_unharmonized
e0221_23_7705749b2e,population,In-migration rate,Immigration rate,VN_SRC_GIALAI,Gia Lai,2023,annual,1.44,‰,not_specified,E0221-23,https://www.nso.gov.vn/en/px-web?pxid=E0221-23&theme=Population%20and%20Employment,source_reported_unharmonized
e0221_23_7705749b2e,population,In-migration rate,Immigration rate,VN_SRC_GIALAI,Gia Lai,2024,annual,2.09,‰,not_specified,E0221-23,https://www.nso.gov.vn/en/px-web?pxid=E0221-23&theme=Population%20and%20Employment,source_reported_unharmonized
e0221_23_7705749b2e,population,In-migration rate,Immigration rate,VN_SRC_GIALAI,Gia Lai,2025,annual,1.14,‰,preliminary,E0221-23,https://www.nso.gov.vn/en/px-web?pxid=E0221-23&theme=Population%20and%20Employment,source_reported_unharmonized
e0221_23_7705749b2e,population,In-migration rate,Immigration rate,VN_SRC_DAKLAK,Dak Lak,2005,annual,4.3,‰,not_specified,E0221-23,https://www.nso.gov.vn/en/px-web?pxid=E0221-23&theme=Population%20and%20Employment,source_reported_unharmonized
e0221_23_7705749b2e,population,In-migration rate,Immigration rate,VN_SRC_DAKLAK,Dak Lak,2007,annual,6.1,‰,not_specified,E0221-23,https://www.nso.gov.vn/en/px-web?pxid=E0221-23&theme=Population%20and%20Employment,source_reported_unharmonized
e0221_23_7705749b2e,population,In-migration rate,Immigration rate,VN_SRC_DAKLAK,Dak Lak,2008,annual,3.7,‰,not_specified,E0221-23,https://www.nso.gov.vn/en/px-web?pxid=E0221-23&theme=Population%20and%20Employment,source_reported_unharmonized
e0221_23_7705749b2e,population,In-migration rate,Immigration rate,VN_SRC_DAKLAK,Dak Lak,2009,annual,6.1,‰,not_specified,E0221-23,https://www.nso.gov.vn/en/px-web?pxid=E0221-23&theme=Population%20and%20Employment,source_reported_unharmonized
e0221_23_7705749b2e,population,In-migration rate,Immigration rate,VN_SRC_DAKLAK,Dak Lak,2010,annual,6.9,‰,not_specified,E0221-23,https://www.nso.gov.vn/en/px-web?pxid=E0221-23&theme=Population%20and%20Employment,source_reported_unharmonized
e0221_23_7705749b2e,population,In-migration rate,Immigration rate,VN_SRC_DAKLAK,Dak Lak,2011,annual,7.7,‰,not_specified,E0221-23,https://www.nso.gov.vn/en/px-web?pxid=E0221-23&theme=Population%20and%20Employment,source_reported_unharmonized
e0221_23_7705749b2e,population,In-migration rate,Immigration rate,VN_SRC_DAKLAK,Dak Lak,2012,annual,8.4,‰,not_specified,E0221-23,https://www.nso.gov.vn/en/px-web?pxid=E0221-23&theme=Population%20and%20Employment,source_reported_unharmonized
e0221_23_7705749b2e,population,In-migration rate,Immigration rate,VN_SRC_DAKLAK,Dak Lak,2013,annual,9.7,‰,not_specified,E0221-23,https://www.nso.gov.vn/en/px-web?pxid=E0221-23&theme=Population%20and%20Employment,source_reported_unharmonized
e0221_23_7705749b2e,population,In-migration rate,Immigration rate,VN_SRC_DAKLAK,Dak Lak,2014,annual,3.7,‰,not_specified,E0221-23,https://www.nso.gov.vn/en/px-web?pxid=E0221-23&theme=Population%20and%20Employment,source_reported_unharmonized
e0221_23_7705749b2e,population,In-migration rate,Immigration rate,VN_SRC_DAKLAK,Dak Lak,2015,annual,2.5,‰,not_specified,E0221-23,https://www.nso.gov.vn/en/px-web?pxid=E0221-23&theme=Population%20and%20Employment,source_reported_unharmonized
e0221_23_7705749b2e,population,In-migration rate,Immigration rate,VN_SRC_DAKLAK,Dak Lak,2016,annual,2.7,‰,not_specified,E0221-23,https://www.nso.gov.vn/en/px-web?pxid=E0221-23&theme=Population%20and%20Employment,source_reported_unharmonized
e0221_23_7705749b2e,population,In-migration rate,Immigration rate,VN_SRC_DAKLAK,Dak Lak,2017,annual,2.3,‰,not_specified,E0221-23,https://www.nso.gov.vn/en/px-web?pxid=E0221-23&theme=Population%20and%20Employment,source_reported_unharmonized
e0221_23_7705749b2e,population,In-migration rate,Immigration rate,VN_SRC_DAKLAK,Dak Lak,2018,annual,1.2,‰,not_specified,E0221-23,https://www.nso.gov.vn/en/px-web?pxid=E0221-23&theme=Population%20and%20Employment,source_reported_unharmonized
e0221_23_7705749b2e,population,In-migration rate,Immigration rate,VN_SRC_DAKLAK,Dak Lak,2019,annual,2.0,‰,not_specified,E0221-23,https://www.nso.gov.vn/en/px-web?pxid=E0221-23&theme=Population%20and%20Employment,source_reported_unharmonized
e0221_23_7705749b2e,population,In-migration rate,Immigration rate,VN_SRC_DAKLAK,Dak Lak,2020,annual,0.86,‰,not_specified,E0221-23,https://www.nso.gov.vn/en/px-web?pxid=E0221-23&theme=Population%20and%20Employment,source_reported_unharmonized
e0221_23_7705749b2e,population,In-migration rate,Immigration rate,VN_SRC_DAKLAK,Dak Lak,2021,annual,1.18,‰,not_specified,E0221-23,https://www.nso.gov.vn/en/px-web?pxid=E0221-23&theme=Population%20and%20Employment,source_reported_unharmonized
e0221_23_7705749b2e,population,In-migration rate,Immigration rate,VN_SRC_DAKLAK,Dak Lak,2022,annual,1.75,‰,not_specified,E0221-23,https://www.nso.gov.vn/en/px-web?pxid=E0221-23&theme=Population%20and%20Employment,source_reported_unharmonized
e0221_23_7705749b2e,population,In-migration rate,Immigration rate,VN_SRC_DAKLAK,Dak Lak,2023,annual,1.52,‰,not_specified,E0221-23,https://www.nso.gov.vn/en/px-web?pxid=E0221-23&theme=Population%20and%20Employment,source_reported_unharmonized
e0221_23_7705749b2e,population,In-migration rate,Immigration rate,VN_SRC_DAKLAK,Dak Lak,2024,annual,3.86,‰,not_specified,E0221-23,https://www.nso.gov.vn/en/px-web?pxid=E0221-23&theme=Population%20and%20Employment,source_reported_unharmonized
e0221_23_7705749b2e,population,In-migration rate,Immigration rate,VN_SRC_DAKLAK,Dak Lak,2025,annual,0.88,‰,preliminary,E0221-23,https://www.nso.gov.vn/en/px-web?pxid=E0221-23&theme=Population%20and%20Employment,source_reported_unharmonized
e0221_23_7705749b2e,population,In-migration rate,Immigration rate,VN_SRC_DAKNONG,Dak Nong,2005,annual,11.4,‰,not_specified,E0221-23,https://www.nso.gov.vn/en/px-web?pxid=E0221-23&theme=Population%20and%20Employment,source_reported_unharmonized
e0221_23_7705749b2e,population,In-migration rate,Immigration rate,VN_SRC_DAKNONG,Dak Nong,2007,annual,9.4,‰,not_specified,E0221-23,https://www.nso.gov.vn/en/px-web?pxid=E0221-23&theme=Population%20and%20Employment,source_reported_unharmonized
e0221_23_7705749b2e,population,In-migration rate,Immigration rate,VN_SRC_DAKNONG,Dak Nong,2008,annual,8.9,‰,not_specified,E0221-23,https://www.nso.gov.vn/en/px-web?pxid=E0221-23&theme=Population%20and%20Employment,source_reported_unharmonized
e0221_23_7705749b2e,population,In-migration rate,Immigration rate,VN_SRC_DAKNONG,Dak Nong,2009,annual,18.9,‰,not_specified,E0221-23,https://www.nso.gov.vn/en/px-web?pxid=E0221-23&theme=Population%20and%20Employment,source_reported_unharmonized
e0221_23_7705749b2e,population,In-migration rate,Immigration rate,VN_SRC_DAKNONG,Dak Nong,2010,annual,7.3,‰,not_specified,E0221-23,https://www.nso.gov.vn/en/px-web?pxid=E0221-23&theme=Population%20and%20Employment,source_reported_unharmonized
e0221_23_7705749b2e,population,In-migration rate,Immigration rate,VN_SRC_DAKNONG,Dak Nong,2011,annual,5.7,‰,not_specified,E0221-23,https://www.nso.gov.vn/en/px-web?pxid=E0221-23&theme=Population%20and%20Employment,source_reported_unharmonized
e0221_23_7705749b2e,population,In-migration rate,Immigration rate,VN_SRC_DAKNONG,Dak Nong,2012,annual,42.3,‰,not_specified,E0221-23,https://www.nso.gov.vn/en/px-web?pxid=E0221-23&theme=Population%20and%20Employment,source_reported_unharmonized
e0221_23_7705749b2e,population,In-migration rate,Immigration rate,VN_SRC_DAKNONG,Dak Nong,2013,annual,18.4,‰,not_specified,E0221-23,https://www.nso.gov.vn/en/px-web?pxid=E0221-23&theme=Population%20and%20Employment,source_reported_unharmonized
e0221_23_7705749b2e,population,In-migration rate,Immigration rate,VN_SRC_DAKNONG,Dak Nong,2014,annual,42.7,‰,not_specified,E0221-23,https://www.nso.gov.vn/en/px-web?pxid=E0221-23&theme=Population%20and%20Employment,source_reported_unharmonized
e0221_23_7705749b2e,population,In-migration rate,Immigration rate,VN_SRC_DAKNONG,Dak Nong,2015,annual,3.8,‰,not_specified,E0221-23,https://www.nso.gov.vn/en/px-web?pxid=E0221-23&theme=Population%20and%20Employment,source_reported_unharmonized
e0221_23_7705749b2e,population,In-migration rate,Immigration rate,VN_SRC_DAKNONG,Dak Nong,2016,annual,1.5,‰,not_specified,E0221-23,https://www.nso.gov.vn/en/px-web?pxid=E0221-23&theme=Population%20and%20Employment,source_reported_unharmonized
e0221_23_7705749b2e,population,In-migration rate,Immigration rate,VN_SRC_DAKNONG,Dak Nong,2017,annual,2.1,‰,not_specified,E0221-23,https://www.nso.gov.vn/en/px-web?pxid=E0221-23&theme=Population%20and%20Employment,source_reported_unharmonized
e0221_23_7705749b2e,population,In-migration rate,Immigration rate,VN_SRC_DAKNONG,Dak Nong,2018,annual,2.6,‰,not_specified,E0221-23,https://www.nso.gov.vn/en/px-web?pxid=E0221-23&theme=Population%20and%20Employment,source_reported_unharmonized
e0221_23_7705749b2e,population,In-migration rate,Immigration rate,VN_SRC_DAKNONG,Dak Nong,2019,annual,6.5,‰,not_specified,E0221-23,https://www.nso.gov.vn/en/px-web?pxid=E0221-23&theme=Population%20and%20Employment,source_reported_unharmonized
e0221_23_7705749b2e,population,In-migration rate,Immigration rate,VN_SRC_DAKNONG,Dak Nong,2020,annual,3.11,‰,not_specified,E0221-23,https://www.nso.gov.vn/en/px-web?pxid=E0221-23&theme=Population%20and%20Employment,source_reported_unharmonized
e0221_23_7705749b2e,population,In-migration rate,Immigration rate,VN_SRC_DAKNONG,Dak Nong,2021,annual,4.61,‰,not_specified,E0221-23,https://www.nso.gov.vn/en/px-web?pxid=E0221-23&theme=Population%20and%20Employment,source_reported_unharmonized
e0221_23_7705749b2e,population,In-migration rate,Immigration rate,VN_SRC_DAKNONG,Dak Nong,2022,annual,1.69,‰,not_specified,E0221-23,https://www.nso.gov.vn/en/px-web?pxid=E0221-23&theme=Population%20and%20Employment,source_reported_unharmonized
e0221_23_7705749b2e,population,In-migration rate,Immigration rate,VN_SRC_DAKNONG,Dak Nong,2023,annual,1.07,‰,not_specified,E0221-23,https://www.nso.gov.vn/en/px-web?pxid=E0221-23&theme=Population%20and%20Employment,source_reported_unharmonized
e0221_23_7705749b2e,population,In-migration rate,Immigration rate,VN_SRC_DAKNONG,Dak Nong,2024,annual,4.2,‰,not_specified,E0221-23,https://www.nso.gov.vn/en/px-web?pxid=E0221-23&theme=Population%20and%20Employment,source_reported_unharmonized
e0221_23_7705749b2e,population,In-migration rate,Immigration rate,VN_SRC_DAKNONG,Dak Nong,2025,annual,4.21,‰,preliminary,E0221-23,https://www.nso.gov.vn/en/px-web?pxid=E0221-23&theme=Population%20and%20Employment,source_reported_unharmonized
e0221_23_7705749b2e,population,In-migration rate,Immigration rate,VN_SRC_LAMDONG,Lam Dong,2005,annual,7.6,‰,not_specified,E0221-23,https://www.nso.gov.vn/en/px-web?pxid=E0221-23&theme=Population%20and%20Employment,source_reported_unharmonized
e0221_23_7705749b2e,population,In-migration rate,Immigration rate,VN_SRC_LAMDONG,Lam Dong,2007,annual,6.8,‰,not_specified,E0221-23,https://www.nso.gov.vn/en/px-web?pxid=E0221-23&theme=Population%20and%20Employment,source_reported_unharmonized
e0221_23_7705749b2e,population,In-migration rate,Immigration rate,VN_SRC_LAMDONG,Lam Dong,2008,annual,7.1,‰,not_specified,E0221-23,https://www.nso.gov.vn/en/px-web?pxid=E0221-23&theme=Population%20and%20Employment,source_reported_unharmonized
e0221_23_7705749b2e,population,In-migration rate,Immigration rate,VN_SRC_LAMDONG,Lam Dong,2009,annual,9.8,‰,not_specified,E0221-23,https://www.nso.gov.vn/en/px-web?pxid=E0221-23&theme=Population%20and%20Employment,source_reported_unharmonized
e0221_23_7705749b2e,population,In-migration rate,Immigration rate,VN_SRC_LAMDONG,Lam Dong,2010,annual,8.6,‰,not_specified,E0221-23,https://www.nso.gov.vn/en/px-web?pxid=E0221-23&theme=Population%20and%20Employment,source_reported_unharmonized
e0221_23_7705749b2e,population,In-migration rate,Immigration rate,VN_SRC_LAMDONG,Lam Dong,2011,annual,9.2,‰,not_specified,E0221-23,https://www.nso.gov.vn/en/px-web?pxid=E0221-23&theme=Population%20and%20Employment,source_reported_unharmonized
e0221_23_7705749b2e,population,In-migration rate,Immigration rate,VN_SRC_LAMDONG,Lam Dong,2012,annual,6.8,‰,not_specified,E0221-23,https://www.nso.gov.vn/en/px-web?pxid=E0221-23&theme=Population%20and%20Employment,source_reported_unharmonized
e0221_23_7705749b2e,population,In-migration rate,Immigration rate,VN_SRC_LAMDONG,Lam Dong,2013,annual,8.0,‰,not_specified,E0221-23,https://www.nso.gov.vn/en/px-web?pxid=E0221-23&theme=Population%20and%20Employment,source_reported_unharmonized
e0221_23_7705749b2e,population,In-migration rate,Immigration rate,VN_SRC_LAMDONG,Lam Dong,2014,annual,6.0,‰,not_specified,E0221-23,https://www.nso.gov.vn/en/px-web?pxid=E0221-23&theme=Population%20and%20Employment,source_reported_unharmonized
e0221_23_7705749b2e,population,In-migration rate,Immigration rate,VN_SRC_LAMDONG,Lam Dong,2015,annual,3.9,‰,not_specified,E0221-23,https://www.nso.gov.vn/en/px-web?pxid=E0221-23&theme=Population%20and%20Employment,source_reported_unharmonized
e0221_23_7705749b2e,population,In-migration rate,Immigration rate,VN_SRC_LAMDONG,Lam Dong,2016,annual,2.9,‰,not_specified,E0221-23,https://www.nso.gov.vn/en/px-web?pxid=E0221-23&theme=Population%20and%20Employment,source_reported_unharmonized
e0221_23_7705749b2e,population,In-migration rate,Immigration rate,VN_SRC_LAMDONG,Lam Dong,2017,annual,3.5,‰,not_specified,E0221-23,https://www.nso.gov.vn/en/px-web?pxid=E0221-23&theme=Population%20and%20Employment,source_reported_unharmonized
e0221_23_7705749b2e,population,In-migration rate,Immigration rate,VN_SRC_LAMDONG,Lam Dong,2018,annual,3.3,‰,not_specified,E0221-23,https://www.nso.gov.vn/en/px-web?pxid=E0221-23&theme=Population%20and%20Employment,source_reported_unharmonized
e0221_23_7705749b2e,population,In-migration rate,Immigration rate,VN_SRC_LAMDONG,Lam Dong,2019,annual,3.8,‰,not_specified,E0221-23,https://www.nso.gov.vn/en/px-web?pxid=E0221-23&theme=Population%20and%20Employment,source_reported_unharmonized
e0221_23_7705749b2e,population,In-migration rate,Immigration rate,VN_SRC_LAMDONG,Lam Dong,2020,annual,4.44,‰,not_specified,E0221-23,https://www.nso.gov.vn/en/px-web?pxid=E0221-23&theme=Population%20and%20Employment,source_reported_unharmonized
e0221_23_7705749b2e,population,In-migration rate,Immigration rate,VN_SRC_LAMDONG,Lam Dong,2021,annual,2.07,‰,not_specified,E0221-23,https://www.nso.gov.vn/en/px-web?pxid=E0221-23&theme=Population%20and%20Employment,source_reported_unharmonized
e0221_23_7705749b2e,population,In-migration rate,Immigration rate,VN_SRC_LAMDONG,Lam Dong,2022,annual,1.81,‰,not_specified,E0221-23,https://www.nso.gov.vn/en/px-web?pxid=E0221-23&theme=Population%20and%20Employment,source_reported_unharmonized
e0221_23_7705749b2e,population,In-migration rate,Immigration rate,VN_SRC_LAMDONG,Lam Dong,2023,annual,1.82,‰,not_specified,E0221-23,https://www.nso.gov.vn/en/px-web?pxid=E0221-23&theme=Population%20and%20Employment,source_reported_unharmonized
e0221_23_7705749b2e,population,In-migration rate,Immigration rate,VN_SRC_LAMDONG,Lam Dong,2024,annual,4.32,‰,not_specified,E0221-23,https://www.nso.gov.vn/en/px-web?pxid=E0221-23&theme=Population%20and%20Employment,source_reported_unharmonized
e0221_23_7705749b2e,population,In-migration rate,Immigration rate,VN_SRC_LAMDONG,Lam Dong,2025,annual,2.45,‰,preliminary,E0221-23,https://www.nso.gov.vn/en/px-web?pxid=E0221-23&theme=Population%20and%20Employment,source_reported_unharmonized
e0221_23_7705749b2e,population,In-migration rate,Immigration rate,VN_SRC_BINHPHUOC,Binh Phuoc,2005,annual,4.6,‰,not_specified,E0221-23,https://www.nso.gov.vn/en/px-web?pxid=E0221-23&theme=Population%20and%20Employment,source_reported_unharmonized
e0221_23_7705749b2e,population,In-migration rate,Immigration rate,VN_SRC_BINHPHUOC,Binh Phuoc,2007,annual,6.8,‰,not_specified,E0221-23,https://www.nso.gov.vn/en/px-web?pxid=E0221-23&theme=Population%20and%20Employment,source_reported_unharmonized
e0221_23_7705749b2e,population,In-migration rate,Immigration rate,VN_SRC_BINHPHUOC,Binh Phuoc,2008,annual,5.5,‰,not_specified,E0221-23,https://www.nso.gov.vn/en/px-web?pxid=E0221-23&theme=Population%20and%20Employment,source_reported_unharmonized
e0221_23_7705749b2e,population,In-migration rate,Immigration rate,VN_SRC_BINHPHUOC,Binh Phuoc,2009,annual,9.2,‰,not_specified,E0221-23,https://www.nso.gov.vn/en/px-web?pxid=E0221-23&theme=Population%20and%20Employment,source_reported_unharmonized
e0221_23_7705749b2e,population,In-migration rate,Immigration rate,VN_SRC_BINHPHUOC,Binh Phuoc,2010,annual,10.3,‰,not_specified,E0221-23,https://www.nso.gov.vn/en/px-web?pxid=E0221-23&theme=Population%20and%20Employment,source_reported_unharmonized
e0221_23_7705749b2e,population,In-migration rate,Immigration rate,VN_SRC_BINHPHUOC,Binh Phuoc,2011,annual,10.9,‰,not_specified,E0221-23,https://www.nso.gov.vn/en/px-web?pxid=E0221-23&theme=Population%20and%20Employment,source_reported_unharmonized
e0221_23_7705749b2e,population,In-migration rate,Immigration rate,VN_SRC_BINHPHUOC,Binh Phuoc,2012,annual,6.7,‰,not_specified,E0221-23,https://www.nso.gov.vn/en/px-web?pxid=E0221-23&theme=Population%20and%20Employment,source_reported_unharmonized
e0221_23_7705749b2e,population,In-migration rate,Immigration rate,VN_SRC_BINHPHUOC,Binh Phuoc,2013,annual,7.1,‰,not_specified,E0221-23,https://www.nso.gov.vn/en/px-web?pxid=E0221-23&theme=Population%20and%20Employment,source_reported_unharmonized
e0221_23_7705749b2e,population,In-migration rate,Immigration rate,VN_SRC_BINHPHUOC,Binh Phuoc,2014,annual,8.0,‰,not_specified,E0221-23,https://www.nso.gov.vn/en/px-web?pxid=E0221-23&theme=Population%20and%20Employment,source_reported_unharmonized
e0221_23_7705749b2e,population,In-migration rate,Immigration rate,VN_SRC_BINHPHUOC,Binh Phuoc,2015,annual,3.1,‰,not_specified,E0221-23,https://www.nso.gov.vn/en/px-web?pxid=E0221-23&theme=Population%20and%20Employment,source_reported_unharmonized
e0221_23_7705749b2e,population,In-migration rate,Immigration rate,VN_SRC_BINHPHUOC,Binh Phuoc,2016,annual,7.3,‰,not_specified,E0221-23,https://www.nso.gov.vn/en/px-web?pxid=E0221-23&theme=Population%20and%20Employment,source_reported_unharmonized
e0221_23_7705749b2e,population,In-migration rate,Immigration rate,VN_SRC_BINHPHUOC,Binh Phuoc,2017,annual,2.1,‰,not_specified,E0221-23,https://www.nso.gov.vn/en/px-web?pxid=E0221-23&theme=Population%20and%20Employment,source_reported_unharmonized
e0221_23_7705749b2e,population,In-migration rate,Immigration rate,VN_SRC_BINHPHUOC,Binh Phuoc,2018,annual,2.2,‰,not_specified,E0221-23,https://www.nso.gov.vn/en/px-web?pxid=E0221-23&theme=Population%20and%20Employment,source_reported_unharmonized
e0221_23_7705749b2e,population,In-migration rate,Immigration rate,VN_SRC_BINHPHUOC,Binh Phuoc,2019,annual,5.0,‰,not_specified,E0221-23,https://www.nso.gov.vn/en/px-web?pxid=E0221-23&theme=Population%20and%20Employment,source_reported_unharmonized
e0221_23_7705749b2e,population,In-migration rate,Immigration rate,VN_SRC_BINHPHUOC,Binh Phuoc,2020,annual,4.28,‰,not_specified,E0221-23,https://www.nso.gov.vn/en/px-web?pxid=E0221-23&theme=Population%20and%20Employment,source_reported_unharmonized
e0221_23_7705749b2e,population,In-migration rate,Immigration rate,VN_SRC_BINHPHUOC,Binh Phuoc,2021,annual,1.95,‰,not_specified,E0221-23,https://www.nso.gov.vn/en/px-web?pxid=E0221-23&theme=Population%20and%20Employment,source_reported_unharmonized
e0221_23_7705749b2e,population,In-migration rate,Immigration rate,VN_SRC_BINHPHUOC,Binh Phuoc,2022,annual,3.62,‰,not_specified,E0221-23,https://www.nso.gov.vn/en/px-web?pxid=E0221-23&theme=Population%20and%20Employment,source_reported_unharmonized
e0221_23_7705749b2e,population,In-migration rate,Immigration rate,VN_SRC_BINHPHUOC,Binh Phuoc,2023,annual,5.89,‰,not_specified,E0221-23,https://www.nso.gov.vn/en/px-web?pxid=E0221-23&theme=Population%20and%20Employment,source_reported_unharmonized
e0221_23_7705749b2e,population,In-migration rate,Immigration rate,VN_SRC_BINHPHUOC,Binh Phuoc,2024,annual,7.29,‰,not_specified,E0221-23,https://www.nso.gov.vn/en/px-web?pxid=E0221-23&theme=Population%20and%20Employment,source_reported_unharmonized
e0221_23_7705749b2e,population,In-migration rate,Immigration rate,VN_SRC_BINHPHUOC,Binh Phuoc,2025,annual,9.32,‰,preliminary,E0221-23,https://www.nso.gov.vn/en/px-web?pxid=E0221-23&theme=Population%20and%20Employment,source_reported_unharmonized
e0221_23_7705749b2e,population,In-migration rate,Immigration rate,VN_SRC_TAYNINH,Tay Ninh,2005,annual,2.6,‰,not_specified,E0221-23,https://www.nso.gov.vn/en/px-web?pxid=E0221-23&theme=Population%20and%20Employment,source_reported_unharmonized
e0221_23_7705749b2e,population,In-migration rate,Immigration rate,VN_SRC_TAYNINH,Tay Ninh,2007,annual,3.3,‰,not_specified,E0221-23,https://www.nso.gov.vn/en/px-web?pxid=E0221-23&theme=Population%20and%20Employment,source_reported_unharmonized
e0221_23_7705749b2e,population,In-migration rate,Immigration rate,VN_SRC_TAYNINH,Tay Ninh,2008,annual,1.5,‰,not_specified,E0221-23,https://www.nso.gov.vn/en/px-web?pxid=E0221-23&theme=Population%20and%20Employment,source_reported_unharmonized
e0221_23_7705749b2e,population,In-migration rate,Immigration rate,VN_SRC_TAYNINH,Tay Ninh,2009,annual,3.5,‰,not_specified,E0221-23,https://www.nso.gov.vn/en/px-web?pxid=E0221-23&theme=Population%20and%20Employment,source_reported_unharmonized
e0221_23_7705749b2e,population,In-migration rate,Immigration rate,VN_SRC_TAYNINH,Tay Ninh,2010,annual,3.3,‰,not_specified,E0221-23,https://www.nso.gov.vn/en/px-web?pxid=E0221-23&theme=Population%20and%20Employment,source_reported_unharmonized
e0221_23_7705749b2e,population,In-migration rate,Immigration rate,VN_SRC_TAYNINH,Tay Ninh,2011,annual,5.8,‰,not_specified,E0221-23,https://www.nso.gov.vn/en/px-web?pxid=E0221-23&theme=Population%20and%20Employment,source_reported_unharmonized
e0221_23_7705749b2e,population,In-migration rate,Immigration rate,VN_SRC_TAYNINH,Tay Ninh,2012,annual,3.9,‰,not_specified,E0221-23,https://www.nso.gov.vn/en/px-web?pxid=E0221-23&theme=Population%20and%20Employment,source_reported_unharmonized
e0221_23_7705749b2e,population,In-migration rate,Immigration rate,VN_SRC_TAYNINH,Tay Ninh,2013,annual,3.6,‰,not_specified,E0221-23,https://www.nso.gov.vn/en/px-web?pxid=E0221-23&theme=Population%20and%20Employment,source_reported_unharmonized
e0221_23_7705749b2e,population,In-migration rate,Immigration rate,VN_SRC_TAYNINH,Tay Ninh,2014,annual,5.7,‰,not_specified,E0221-23,https://www.nso.gov.vn/en/px-web?pxid=E0221-23&theme=Population%20and%20Employment,source_reported_unharmonized
e0221_23_7705749b2e,population,In-migration rate,Immigration rate,VN_SRC_TAYNINH,Tay Ninh,2015,annual,1.8,‰,not_specified,E0221-23,https://www.nso.gov.vn/en/px-web?pxid=E0221-23&theme=Population%20and%20Employment,source_reported_unharmonized
e0221_23_7705749b2e,population,In-migration rate,Immigration rate,VN_SRC_TAYNINH,Tay Ninh,2016,annual,3.0,‰,not_specified,E0221-23,https://www.nso.gov.vn/en/px-web?pxid=E0221-23&theme=Population%20and%20Employment,source_reported_unharmonized
e0221_23_7705749b2e,population,In-migration rate,Immigration rate,VN_SRC_TAYNINH,Tay Ninh,2017,annual,0.6,‰,not_specified,E0221-23,https://www.nso.gov.vn/en/px-web?pxid=E0221-23&theme=Population%20and%20Employment,source_reported_unharmonized
e0221_23_7705749b2e,population,In-migration rate,Immigration rate,VN_SRC_TAYNINH,Tay Ninh,2018,annual,1.1,‰,not_specified,E0221-23,https://www.nso.gov.vn/en/px-web?pxid=E0221-23&theme=Population%20and%20Employment,source_reported_unharmonized
e0221_23_7705749b2e,population,In-migration rate,Immigration rate,VN_SRC_TAYNINH,Tay Ninh,2019,annual,2.9,‰,not_specified,E0221-23,https://www.nso.gov.vn/en/px-web?pxid=E0221-23&theme=Population%20and%20Employment,source_reported_unharmonized
e0221_23_7705749b2e,population,In-migration rate,Immigration rate,VN_SRC_TAYNINH,Tay Ninh,2020,annual,5.98,‰,not_specified,E0221-23,https://www.nso.gov.vn/en/px-web?pxid=E0221-23&theme=Population%20and%20Employment,source_reported_unharmonized
e0221_23_7705749b2e,population,In-migration rate,Immigration rate,VN_SRC_TAYNINH,Tay Ninh,2021,annual,7.35,‰,not_specified,E0221-23,https://www.nso.gov.vn/en/px-web?pxid=E0221-23&theme=Population%20and%20Employment,source_reported_unharmonized
e0221_23_7705749b2e,population,In-migration rate,Immigration rate,VN_SRC_TAYNINH,Tay Ninh,2022,annual,5.67,‰,not_specified,E0221-23,https://www.nso.gov.vn/en/px-web?pxid=E0221-23&theme=Population%20and%20Employment,source_reported_unharmonized
e0221_23_7705749b2e,population,In-migration rate,Immigration rate,VN_SRC_TAYNINH,Tay Ninh,2023,annual,4.05,‰,not_specified,E0221-23,https://www.nso.gov.vn/en/px-web?pxid=E0221-23&theme=Population%20and%20Employment,source_reported_unharmonized
e0221_23_7705749b2e,population,In-migration rate,Immigration rate,VN_SRC_TAYNINH,Tay Ninh,2024,annual,2.68,‰,not_specified,E0221-23,https://www.nso.gov.vn/en/px-web?pxid=E0221-23&theme=Population%20and%20Employment,source_reported_unharmonized
e0221_23_7705749b2e,population,In-migration rate,Immigration rate,VN_SRC_TAYNINH,Tay Ninh,2025,annual,2.17,‰,preliminary,E0221-23,https://www.nso.gov.vn/en/px-web?pxid=E0221-23&theme=Population%20and%20Employment,source_reported_unharmonized
e0221_23_7705749b2e,population,In-migration rate,Immigration rate,VN_SRC_BINHDUONG,Binh Duong,2005,annual,27.2,‰,not_specified,E0221-23,https://www.nso.gov.vn/en/px-web?pxid=E0221-23&theme=Population%20and%20Employment,source_reported_unharmonized
e0221_23_7705749b2e,population,In-migration rate,Immigration rate,VN_SRC_BINHDUONG,Binh Duong,2007,annual,60.7,‰,not_specified,E0221-23,https://www.nso.gov.vn/en/px-web?pxid=E0221-23&theme=Population%20and%20Employment,source_reported_unharmonized
e0221_23_7705749b2e,population,In-migration rate,Immigration rate,VN_SRC_BINHDUONG,Binh Duong,2008,annual,42.3,‰,not_specified,E0221-23,https://www.nso.gov.vn/en/px-web?pxid=E0221-23&theme=Population%20and%20Employment,source_reported_unharmonized
e0221_23_7705749b2e,population,In-migration rate,Immigration rate,VN_SRC_BINHDUONG,Binh Duong,2009,annual,73.2,‰,not_specified,E0221-23,https://www.nso.gov.vn/en/px-web?pxid=E0221-23&theme=Population%20and%20Employment,source_reported_unharmonized
e0221_23_7705749b2e,population,In-migration rate,Immigration rate,VN_SRC_BINHDUONG,Binh Duong,2010,annual,89.6,‰,not_specified,E0221-23,https://www.nso.gov.vn/en/px-web?pxid=E0221-23&theme=Population%20and%20Employment,source_reported_unharmonized
e0221_23_7705749b2e,population,In-migration rate,Immigration rate,VN_SRC_BINHDUONG,Binh Duong,2011,annual,64.8,‰,not_specified,E0221-23,https://www.nso.gov.vn/en/px-web?pxid=E0221-23&theme=Population%20and%20Employment,source_reported_unharmonized
e0221_23_7705749b2e,population,In-migration rate,Immigration rate,VN_SRC_BINHDUONG,Binh Duong,2012,annual,59.1,‰,not_specified,E0221-23,https://www.nso.gov.vn/en/px-web?pxid=E0221-23&theme=Population%20and%20Employment,source_reported_unharmonized
e0221_23_7705749b2e,population,In-migration rate,Immigration rate,VN_SRC_BINHDUONG,Binh Duong,2013,annual,54.5,‰,not_specified,E0221-23,https://www.nso.gov.vn/en/px-web?pxid=E0221-23&theme=Population%20and%20Employment,source_reported_unharmonized
e0221_23_7705749b2e,population,In-migration rate,Immigration rate,VN_SRC_BINHDUONG,Binh Duong,2014,annual,70.2,‰,not_specified,E0221-23,https://www.nso.gov.vn/en/px-web?pxid=E0221-23&theme=Population%20and%20Employment,source_reported_unharmonized
e0221_23_7705749b2e,population,In-migration rate,Immigration rate,VN_SRC_BINHDUONG,Binh Duong,2015,annual,52.0,‰,not_specified,E0221-23,https://www.nso.gov.vn/en/px-web?pxid=E0221-23&theme=Population%20and%20Employment,source_reported_unharmonized
e0221_23_7705749b2e,population,In-migration rate,Immigration rate,VN_SRC_BINHDUONG,Binh Duong,2016,annual,32.3,‰,not_specified,E0221-23,https://www.nso.gov.vn/en/px-web?pxid=E0221-23&theme=Population%20and%20Employment,source_reported_unharmonized
e0221_23_7705749b2e,population,In-migration rate,Immigration rate,VN_SRC_BINHDUONG,Binh Duong,2017,annual,30.6,‰,not_specified,E0221-23,https://www.nso.gov.vn/en/px-web?pxid=E0221-23&theme=Population%20and%20Employment,source_reported_unharmonized
e0221_23_7705749b2e,population,In-migration rate,Immigration rate,VN_SRC_BINHDUONG,Binh Duong,2018,annual,53.6,‰,not_specified,E0221-23,https://www.nso.gov.vn/en/px-web?pxid=E0221-23&theme=Population%20and%20Employment,source_reported_unharmonized
e0221_23_7705749b2e,population,In-migration rate,Immigration rate,VN_SRC_BINHDUONG,Binh Duong,2019,annual,43.4,‰,not_specified,E0221-23,https://www.nso.gov.vn/en/px-web?pxid=E0221-23&theme=Population%20and%20Employment,source_reported_unharmonized
e0221_23_7705749b2e,population,In-migration rate,Immigration rate,VN_SRC_BINHDUONG,Binh Duong,2020,annual,62.66,‰,not_specified,E0221-23,https://www.nso.gov.vn/en/px-web?pxid=E0221-23&theme=Population%20and%20Employment,source_reported_unharmonized
e0221_23_7705749b2e,population,In-migration rate,Immigration rate,VN_SRC_BINHDUONG,Binh Duong,2021,annual,35.63,‰,not_specified,E0221-23,https://www.nso.gov.vn/en/px-web?pxid=E0221-23&theme=Population%20and%20Employment,source_reported_unharmonized
e0221_23_7705749b2e,population,In-migration rate,Immigration rate,VN_SRC_BINHDUONG,Binh Duong,2022,annual,26.36,‰,not_specified,E0221-23,https://www.nso.gov.vn/en/px-web?pxid=E0221-23&theme=Population%20and%20Employment,source_reported_unharmonized
e0221_23_7705749b2e,population,In-migration rate,Immigration rate,VN_SRC_BINHDUONG,Binh Duong,2023,annual,28.12,‰,not_specified,E0221-23,https://www.nso.gov.vn/en/px-web?pxid=E0221-23&theme=Population%20and%20Employment,source_reported_unharmonized
e0221_23_7705749b2e,population,In-migration rate,Immigration rate,VN_SRC_BINHDUONG,Binh Duong,2024,annual,27.7,‰,not_specified,E0221-23,https://www.nso.gov.vn/en/px-web?pxid=E0221-23&theme=Population%20and%20Employment,source_reported_unharmonized
e0221_23_7705749b2e,population,In-migration rate,Immigration rate,VN_SRC_BINHDUONG,Binh Duong,2025,annual,32.71,‰,preliminary,E0221-23,https://www.nso.gov.vn/en/px-web?pxid=E0221-23&theme=Population%20and%20Employment,source_reported_unharmonized
e0221_23_7705749b2e,population,In-migration rate,Immigration rate,VN_SRC_DONGNAI,Dong Nai,2005,annual,3.0,‰,not_specified,E0221-23,https://www.nso.gov.vn/en/px-web?pxid=E0221-23&theme=Population%20and%20Employment,source_reported_unharmonized
e0221_23_7705749b2e,population,In-migration rate,Immigration rate,VN_SRC_DONGNAI,Dong Nai,2007,annual,11.2,‰,not_specified,E0221-23,https://www.nso.gov.vn/en/px-web?pxid=E0221-23&theme=Population%20and%20Employment,source_reported_unharmonized
e0221_23_7705749b2e,population,In-migration rate,Immigration rate,VN_SRC_DONGNAI,Dong Nai,2008,annual,12.3,‰,not_specified,E0221-23,https://www.nso.gov.vn/en/px-web?pxid=E0221-23&theme=Population%20and%20Employment,source_reported_unharmonized
e0221_23_7705749b2e,population,In-migration rate,Immigration rate,VN_SRC_DONGNAI,Dong Nai,2009,annual,20.8,‰,not_specified,E0221-23,https://www.nso.gov.vn/en/px-web?pxid=E0221-23&theme=Population%20and%20Employment,source_reported_unharmonized
e0221_23_7705749b2e,population,In-migration rate,Immigration rate,VN_SRC_DONGNAI,Dong Nai,2010,annual,27.2,‰,not_specified,E0221-23,https://www.nso.gov.vn/en/px-web?pxid=E0221-23&theme=Population%20and%20Employment,source_reported_unharmonized
e0221_23_7705749b2e,population,In-migration rate,Immigration rate,VN_SRC_DONGNAI,Dong Nai,2011,annual,31.4,‰,not_specified,E0221-23,https://www.nso.gov.vn/en/px-web?pxid=E0221-23&theme=Population%20and%20Employment,source_reported_unharmonized
e0221_23_7705749b2e,population,In-migration rate,Immigration rate,VN_SRC_DONGNAI,Dong Nai,2012,annual,18.5,‰,not_specified,E0221-23,https://www.nso.gov.vn/en/px-web?pxid=E0221-23&theme=Population%20and%20Employment,source_reported_unharmonized
e0221_23_7705749b2e,population,In-migration rate,Immigration rate,VN_SRC_DONGNAI,Dong Nai,2013,annual,14.6,‰,not_specified,E0221-23,https://www.nso.gov.vn/en/px-web?pxid=E0221-23&theme=Population%20and%20Employment,source_reported_unharmonized
e0221_23_7705749b2e,population,In-migration rate,Immigration rate,VN_SRC_DONGNAI,Dong Nai,2014,annual,23.6,‰,not_specified,E0221-23,https://www.nso.gov.vn/en/px-web?pxid=E0221-23&theme=Population%20and%20Employment,source_reported_unharmonized
e0221_23_7705749b2e,population,In-migration rate,Immigration rate,VN_SRC_DONGNAI,Dong Nai,2015,annual,20.4,‰,not_specified,E0221-23,https://www.nso.gov.vn/en/px-web?pxid=E0221-23&theme=Population%20and%20Employment,source_reported_unharmonized
e0221_23_7705749b2e,population,In-migration rate,Immigration rate,VN_SRC_DONGNAI,Dong Nai,2016,annual,16.5,‰,not_specified,E0221-23,https://www.nso.gov.vn/en/px-web?pxid=E0221-23&theme=Population%20and%20Employment,source_reported_unharmonized
e0221_23_7705749b2e,population,In-migration rate,Immigration rate,VN_SRC_DONGNAI,Dong Nai,2017,annual,4.5,‰,not_specified,E0221-23,https://www.nso.gov.vn/en/px-web?pxid=E0221-23&theme=Population%20and%20Employment,source_reported_unharmonized
e0221_23_7705749b2e,population,In-migration rate,Immigration rate,VN_SRC_DONGNAI,Dong Nai,2018,annual,6.8,‰,not_specified,E0221-23,https://www.nso.gov.vn/en/px-web?pxid=E0221-23&theme=Population%20and%20Employment,source_reported_unharmonized
e0221_23_7705749b2e,population,In-migration rate,Immigration rate,VN_SRC_DONGNAI,Dong Nai,2019,annual,13.3,‰,not_specified,E0221-23,https://www.nso.gov.vn/en/px-web?pxid=E0221-23&theme=Population%20and%20Employment,source_reported_unharmonized
e0221_23_7705749b2e,population,In-migration rate,Immigration rate,VN_SRC_DONGNAI,Dong Nai,2020,annual,12.21,‰,not_specified,E0221-23,https://www.nso.gov.vn/en/px-web?pxid=E0221-23&theme=Population%20and%20Employment,source_reported_unharmonized
e0221_23_7705749b2e,population,In-migration rate,Immigration rate,VN_SRC_DONGNAI,Dong Nai,2021,annual,9.5,‰,not_specified,E0221-23,https://www.nso.gov.vn/en/px-web?pxid=E0221-23&theme=Population%20and%20Employment,source_reported_unharmonized
e0221_23_7705749b2e,population,In-migration rate,Immigration rate,VN_SRC_DONGNAI,Dong Nai,2022,annual,7.75,‰,not_specified,E0221-23,https://www.nso.gov.vn/en/px-web?pxid=E0221-23&theme=Population%20and%20Employment,source_reported_unharmonized
e0221_23_7705749b2e,population,In-migration rate,Immigration rate,VN_SRC_DONGNAI,Dong Nai,2023,annual,5.41,‰,not_specified,E0221-23,https://www.nso.gov.vn/en/px-web?pxid=E0221-23&theme=Population%20and%20Employment,source_reported_unharmonized
e0221_23_7705749b2e,population,In-migration rate,Immigration rate,VN_SRC_DONGNAI,Dong Nai,2024,annual,6.65,‰,not_specified,E0221-23,https://www.nso.gov.vn/en/px-web?pxid=E0221-23&theme=Population%20and%20Employment,source_reported_unharmonized
e0221_23_7705749b2e,population,In-migration rate,Immigration rate,VN_SRC_DONGNAI,Dong Nai,2025,annual,5.53,‰,preliminary,E0221-23,https://www.nso.gov.vn/en/px-web?pxid=E0221-23&theme=Population%20and%20Employment,source_reported_unharmonized
e0221_23_7705749b2e,population,In-migration rate,Immigration rate,VN_SRC_BARIAVUNGTAU,Ba Ria - Vung Tau,2005,annual,8.7,‰,not_specified,E0221-23,https://www.nso.gov.vn/en/px-web?pxid=E0221-23&theme=Population%20and%20Employment,source_reported_unharmonized
e0221_23_7705749b2e,population,In-migration rate,Immigration rate,VN_SRC_BARIAVUNGTAU,Ba Ria - Vung Tau,2007,annual,9.1,‰,not_specified,E0221-23,https://www.nso.gov.vn/en/px-web?pxid=E0221-23&theme=Population%20and%20Employment,source_reported_unharmonized
e0221_23_7705749b2e,population,In-migration rate,Immigration rate,VN_SRC_BARIAVUNGTAU,Ba Ria - Vung Tau,2008,annual,5.4,‰,not_specified,E0221-23,https://www.nso.gov.vn/en/px-web?pxid=E0221-23&theme=Population%20and%20Employment,source_reported_unharmonized
e0221_23_7705749b2e,population,In-migration rate,Immigration rate,VN_SRC_BARIAVUNGTAU,Ba Ria - Vung Tau,2009,annual,12.5,‰,not_specified,E0221-23,https://www.nso.gov.vn/en/px-web?pxid=E0221-23&theme=Population%20and%20Employment,source_reported_unharmonized
e0221_23_7705749b2e,population,In-migration rate,Immigration rate,VN_SRC_BARIAVUNGTAU,Ba Ria - Vung Tau,2010,annual,13.3,‰,not_specified,E0221-23,https://www.nso.gov.vn/en/px-web?pxid=E0221-23&theme=Population%20and%20Employment,source_reported_unharmonized
e0221_23_7705749b2e,population,In-migration rate,Immigration rate,VN_SRC_BARIAVUNGTAU,Ba Ria - Vung Tau,2011,annual,16.5,‰,not_specified,E0221-23,https://www.nso.gov.vn/en/px-web?pxid=E0221-23&theme=Population%20and%20Employment,source_reported_unharmonized
e0221_23_7705749b2e,population,In-migration rate,Immigration rate,VN_SRC_BARIAVUNGTAU,Ba Ria - Vung Tau,2012,annual,10.5,‰,not_specified,E0221-23,https://www.nso.gov.vn/en/px-web?pxid=E0221-23&theme=Population%20and%20Employment,source_reported_unharmonized
e0221_23_7705749b2e,population,In-migration rate,Immigration rate,VN_SRC_BARIAVUNGTAU,Ba Ria - Vung Tau,2013,annual,10.8,‰,not_specified,E0221-23,https://www.nso.gov.vn/en/px-web?pxid=E0221-23&theme=Population%20and%20Employment,source_reported_unharmonized
e0221_23_7705749b2e,population,In-migration rate,Immigration rate,VN_SRC_BARIAVUNGTAU,Ba Ria - Vung Tau,2014,annual,15.0,‰,not_specified,E0221-23,https://www.nso.gov.vn/en/px-web?pxid=E0221-23&theme=Population%20and%20Employment,source_reported_unharmonized
e0221_23_7705749b2e,population,In-migration rate,Immigration rate,VN_SRC_BARIAVUNGTAU,Ba Ria - Vung Tau,2015,annual,6.0,‰,not_specified,E0221-23,https://www.nso.gov.vn/en/px-web?pxid=E0221-23&theme=Population%20and%20Employment,source_reported_unharmonized
e0221_23_7705749b2e,population,In-migration rate,Immigration rate,VN_SRC_BARIAVUNGTAU,Ba Ria - Vung Tau,2016,annual,4.6,‰,not_specified,E0221-23,https://www.nso.gov.vn/en/px-web?pxid=E0221-23&theme=Population%20and%20Employment,source_reported_unharmonized
e0221_23_7705749b2e,population,In-migration rate,Immigration rate,VN_SRC_BARIAVUNGTAU,Ba Ria - Vung Tau,2017,annual,2.6,‰,not_specified,E0221-23,https://www.nso.gov.vn/en/px-web?pxid=E0221-23&theme=Population%20and%20Employment,source_reported_unharmonized
e0221_23_7705749b2e,population,In-migration rate,Immigration rate,VN_SRC_BARIAVUNGTAU,Ba Ria - Vung Tau,2018,annual,2.4,‰,not_specified,E0221-23,https://www.nso.gov.vn/en/px-web?pxid=E0221-23&theme=Population%20and%20Employment,source_reported_unharmonized
e0221_23_7705749b2e,population,In-migration rate,Immigration rate,VN_SRC_BARIAVUNGTAU,Ba Ria - Vung Tau,2019,annual,7.6,‰,not_specified,E0221-23,https://www.nso.gov.vn/en/px-web?pxid=E0221-23&theme=Population%20and%20Employment,source_reported_unharmonized
e0221_23_7705749b2e,population,In-migration rate,Immigration rate,VN_SRC_BARIAVUNGTAU,Ba Ria - Vung Tau,2020,annual,7.48,‰,not_specified,E0221-23,https://www.nso.gov.vn/en/px-web?pxid=E0221-23&theme=Population%20and%20Employment,source_reported_unharmonized
e0221_23_7705749b2e,population,In-migration rate,Immigration rate,VN_SRC_BARIAVUNGTAU,Ba Ria - Vung Tau,2021,annual,4.85,‰,not_specified,E0221-23,https://www.nso.gov.vn/en/px-web?pxid=E0221-23&theme=Population%20and%20Employment,source_reported_unharmonized
e0221_23_7705749b2e,population,In-migration rate,Immigration rate,VN_SRC_BARIAVUNGTAU,Ba Ria - Vung Tau,2022,annual,3.42,‰,not_specified,E0221-23,https://www.nso.gov.vn/en/px-web?pxid=E0221-23&theme=Population%20and%20Employment,source_reported_unharmonized
e0221_23_7705749b2e,population,In-migration rate,Immigration rate,VN_SRC_BARIAVUNGTAU,Ba Ria - Vung Tau,2023,annual,5.04,‰,not_specified,E0221-23,https://www.nso.gov.vn/en/px-web?pxid=E0221-23&theme=Population%20and%20Employment,source_reported_unharmonized
e0221_23_7705749b2e,population,In-migration rate,Immigration rate,VN_SRC_BARIAVUNGTAU,Ba Ria - Vung Tau,2024,annual,5.76,‰,not_specified,E0221-23,https://www.nso.gov.vn/en/px-web?pxid=E0221-23&theme=Population%20and%20Employment,source_reported_unharmonized
e0221_23_7705749b2e,population,In-migration rate,Immigration rate,VN_SRC_BARIAVUNGTAU,Ba Ria - Vung Tau,2025,annual,1.98,‰,preliminary,E0221-23,https://www.nso.gov.vn/en/px-web?pxid=E0221-23&theme=Population%20and%20Employment,source_reported_unharmonized
e0221_23_7705749b2e,population,In-migration rate,Immigration rate,VN_SRC_HOCHIMINHCITY,Ho Chi Minh city,2005,annual,19.1,‰,not_specified,E0221-23,https://www.nso.gov.vn/en/px-web?pxid=E0221-23&theme=Population%20and%20Employment,source_reported_unharmonized
e0221_23_7705749b2e,population,In-migration rate,Immigration rate,VN_SRC_HOCHIMINHCITY,Ho Chi Minh city,2007,annual,30.8,‰,not_specified,E0221-23,https://www.nso.gov.vn/en/px-web?pxid=E0221-23&theme=Population%20and%20Employment,source_reported_unharmonized
e0221_23_7705749b2e,population,In-migration rate,Immigration rate,VN_SRC_HOCHIMINHCITY,Ho Chi Minh city,2008,annual,21.2,‰,not_specified,E0221-23,https://www.nso.gov.vn/en/px-web?pxid=E0221-23&theme=Population%20and%20Employment,source_reported_unharmonized
e0221_23_7705749b2e,population,In-migration rate,Immigration rate,VN_SRC_HOCHIMINHCITY,Ho Chi Minh city,2009,annual,31.3,‰,not_specified,E0221-23,https://www.nso.gov.vn/en/px-web?pxid=E0221-23&theme=Population%20and%20Employment,source_reported_unharmonized
e0221_23_7705749b2e,population,In-migration rate,Immigration rate,VN_SRC_HOCHIMINHCITY,Ho Chi Minh city,2010,annual,26.2,‰,not_specified,E0221-23,https://www.nso.gov.vn/en/px-web?pxid=E0221-23&theme=Population%20and%20Employment,source_reported_unharmonized
e0221_23_7705749b2e,population,In-migration rate,Immigration rate,VN_SRC_HOCHIMINHCITY,Ho Chi Minh city,2011,annual,25.0,‰,not_specified,E0221-23,https://www.nso.gov.vn/en/px-web?pxid=E0221-23&theme=Population%20and%20Employment,source_reported_unharmonized
e0221_23_7705749b2e,population,In-migration rate,Immigration rate,VN_SRC_HOCHIMINHCITY,Ho Chi Minh city,2012,annual,14.8,‰,not_specified,E0221-23,https://www.nso.gov.vn/en/px-web?pxid=E0221-23&theme=Population%20and%20Employment,source_reported_unharmonized
e0221_23_7705749b2e,population,In-migration rate,Immigration rate,VN_SRC_HOCHIMINHCITY,Ho Chi Minh city,2013,annual,16.5,‰,not_specified,E0221-23,https://www.nso.gov.vn/en/px-web?pxid=E0221-23&theme=Population%20and%20Employment,source_reported_unharmonized
e0221_23_7705749b2e,population,In-migration rate,Immigration rate,VN_SRC_HOCHIMINHCITY,Ho Chi Minh city,2014,annual,16.9,‰,not_specified,E0221-23,https://www.nso.gov.vn/en/px-web?pxid=E0221-23&theme=Population%20and%20Employment,source_reported_unharmonized
e0221_23_7705749b2e,population,In-migration rate,Immigration rate,VN_SRC_HOCHIMINHCITY,Ho Chi Minh city,2015,annual,10.4,‰,not_specified,E0221-23,https://www.nso.gov.vn/en/px-web?pxid=E0221-23&theme=Population%20and%20Employment,source_reported_unharmonized
e0221_23_7705749b2e,population,In-migration rate,Immigration rate,VN_SRC_HOCHIMINHCITY,Ho Chi Minh city,2016,annual,10.7,‰,not_specified,E0221-23,https://www.nso.gov.vn/en/px-web?pxid=E0221-23&theme=Population%20and%20Employment,source_reported_unharmonized
e0221_23_7705749b2e,population,In-migration rate,Immigration rate,VN_SRC_HOCHIMINHCITY,Ho Chi Minh city,2017,annual,8.5,‰,not_specified,E0221-23,https://www.nso.gov.vn/en/px-web?pxid=E0221-23&theme=Population%20and%20Employment,source_reported_unharmonized
e0221_23_7705749b2e,population,In-migration rate,Immigration rate,VN_SRC_HOCHIMINHCITY,Ho Chi Minh city,2018,annual,9.3,‰,not_specified,E0221-23,https://www.nso.gov.vn/en/px-web?pxid=E0221-23&theme=Population%20and%20Employment,source_reported_unharmonized
e0221_23_7705749b2e,population,In-migration rate,Immigration rate,VN_SRC_HOCHIMINHCITY,Ho Chi Minh city,2019,annual,18.3,‰,not_specified,E0221-23,https://www.nso.gov.vn/en/px-web?pxid=E0221-23&theme=Population%20and%20Employment,source_reported_unharmonized
e0221_23_7705749b2e,population,In-migration rate,Immigration rate,VN_SRC_HOCHIMINHCITY,Ho Chi Minh city,2020,annual,21.91,‰,not_specified,E0221-23,https://www.nso.gov.vn/en/px-web?pxid=E0221-23&theme=Population%20and%20Employment,source_reported_unharmonized
e0221_23_7705749b2e,population,In-migration rate,Immigration rate,VN_SRC_HOCHIMINHCITY,Ho Chi Minh city,2021,annual,25.4,‰,not_specified,E0221-23,https://www.nso.gov.vn/en/px-web?pxid=E0221-23&theme=Population%20and%20Employment,source_reported_unharmonized
e0221_23_7705749b2e,population,In-migration rate,Immigration rate,VN_SRC_HOCHIMINHCITY,Ho Chi Minh city,2022,annual,10.89,‰,not_specified,E0221-23,https://www.nso.gov.vn/en/px-web?pxid=E0221-23&theme=Population%20and%20Employment,source_reported_unharmonized
e0221_23_7705749b2e,population,In-migration rate,Immigration rate,VN_SRC_HOCHIMINHCITY,Ho Chi Minh city,2023,annual,10.63,‰,not_specified,E0221-23,https://www.nso.gov.vn/en/px-web?pxid=E0221-23&theme=Population%20and%20Employment,source_reported_unharmonized
e0221_23_7705749b2e,population,In-migration rate,Immigration rate,VN_SRC_HOCHIMINHCITY,Ho Chi Minh city,2024,annual,15.09,‰,not_specified,E0221-23,https://www.nso.gov.vn/en/px-web?pxid=E0221-23&theme=Population%20and%20Employment,source_reported_unharmonized
e0221_23_7705749b2e,population,In-migration rate,Immigration rate,VN_SRC_HOCHIMINHCITY,Ho Chi Minh city,2025,annual,11.82,‰,preliminary,E0221-23,https://www.nso.gov.vn/en/px-web?pxid=E0221-23&theme=Population%20and%20Employment,source_reported_unharmonized
e0221_23_7705749b2e,population,In-migration rate,Immigration rate,VN_SRC_LONGAN,Long An,2005,annual,2.6,‰,not_specified,E0221-23,https://www.nso.gov.vn/en/px-web?pxid=E0221-23&theme=Population%20and%20Employment,source_reported_unharmonized
e0221_23_7705749b2e,population,In-migration rate,Immigration rate,VN_SRC_LONGAN,Long An,2007,annual,4.6,‰,not_specified,E0221-23,https://www.nso.gov.vn/en/px-web?pxid=E0221-23&theme=Population%20and%20Employment,source_reported_unharmonized
e0221_23_7705749b2e,population,In-migration rate,Immigration rate,VN_SRC_LONGAN,Long An,2008,annual,3.8,‰,not_specified,E0221-23,https://www.nso.gov.vn/en/px-web?pxid=E0221-23&theme=Population%20and%20Employment,source_reported_unharmonized
e0221_23_7705749b2e,population,In-migration rate,Immigration rate,VN_SRC_LONGAN,Long An,2009,annual,5.9,‰,not_specified,E0221-23,https://www.nso.gov.vn/en/px-web?pxid=E0221-23&theme=Population%20and%20Employment,source_reported_unharmonized
e0221_23_7705749b2e,population,In-migration rate,Immigration rate,VN_SRC_LONGAN,Long An,2010,annual,5.5,‰,not_specified,E0221-23,https://www.nso.gov.vn/en/px-web?pxid=E0221-23&theme=Population%20and%20Employment,source_reported_unharmonized
e0221_23_7705749b2e,population,In-migration rate,Immigration rate,VN_SRC_LONGAN,Long An,2011,annual,3.8,‰,not_specified,E0221-23,https://www.nso.gov.vn/en/px-web?pxid=E0221-23&theme=Population%20and%20Employment,source_reported_unharmonized
e0221_23_7705749b2e,population,In-migration rate,Immigration rate,VN_SRC_LONGAN,Long An,2012,annual,4.7,‰,not_specified,E0221-23,https://www.nso.gov.vn/en/px-web?pxid=E0221-23&theme=Population%20and%20Employment,source_reported_unharmonized
e0221_23_7705749b2e,population,In-migration rate,Immigration rate,VN_SRC_LONGAN,Long An,2013,annual,4.7,‰,not_specified,E0221-23,https://www.nso.gov.vn/en/px-web?pxid=E0221-23&theme=Population%20and%20Employment,source_reported_unharmonized
e0221_23_7705749b2e,population,In-migration rate,Immigration rate,VN_SRC_LONGAN,Long An,2014,annual,6.2,‰,not_specified,E0221-23,https://www.nso.gov.vn/en/px-web?pxid=E0221-23&theme=Population%20and%20Employment,source_reported_unharmonized
e0221_23_7705749b2e,population,In-migration rate,Immigration rate,VN_SRC_LONGAN,Long An,2015,annual,4.5,‰,not_specified,E0221-23,https://www.nso.gov.vn/en/px-web?pxid=E0221-23&theme=Population%20and%20Employment,source_reported_unharmonized
e0221_23_7705749b2e,population,In-migration rate,Immigration rate,VN_SRC_LONGAN,Long An,2016,annual,3.8,‰,not_specified,E0221-23,https://www.nso.gov.vn/en/px-web?pxid=E0221-23&theme=Population%20and%20Employment,source_reported_unharmonized
e0221_23_7705749b2e,population,In-migration rate,Immigration rate,VN_SRC_LONGAN,Long An,2017,annual,1.3,‰,not_specified,E0221-23,https://www.nso.gov.vn/en/px-web?pxid=E0221-23&theme=Population%20and%20Employment,source_reported_unharmonized
e0221_23_7705749b2e,population,In-migration rate,Immigration rate,VN_SRC_LONGAN,Long An,2018,annual,2.2,‰,not_specified,E0221-23,https://www.nso.gov.vn/en/px-web?pxid=E0221-23&theme=Population%20and%20Employment,source_reported_unharmonized
e0221_23_7705749b2e,population,In-migration rate,Immigration rate,VN_SRC_LONGAN,Long An,2019,annual,9.5,‰,not_specified,E0221-23,https://www.nso.gov.vn/en/px-web?pxid=E0221-23&theme=Population%20and%20Employment,source_reported_unharmonized
e0221_23_7705749b2e,population,In-migration rate,Immigration rate,VN_SRC_LONGAN,Long An,2020,annual,9.14,‰,not_specified,E0221-23,https://www.nso.gov.vn/en/px-web?pxid=E0221-23&theme=Population%20and%20Employment,source_reported_unharmonized
e0221_23_7705749b2e,population,In-migration rate,Immigration rate,VN_SRC_LONGAN,Long An,2021,annual,8.67,‰,not_specified,E0221-23,https://www.nso.gov.vn/en/px-web?pxid=E0221-23&theme=Population%20and%20Employment,source_reported_unharmonized
e0221_23_7705749b2e,population,In-migration rate,Immigration rate,VN_SRC_LONGAN,Long An,2022,annual,6.13,‰,not_specified,E0221-23,https://www.nso.gov.vn/en/px-web?pxid=E0221-23&theme=Population%20and%20Employment,source_reported_unharmonized
e0221_23_7705749b2e,population,In-migration rate,Immigration rate,VN_SRC_LONGAN,Long An,2023,annual,7.47,‰,not_specified,E0221-23,https://www.nso.gov.vn/en/px-web?pxid=E0221-23&theme=Population%20and%20Employment,source_reported_unharmonized
e0221_23_7705749b2e,population,In-migration rate,Immigration rate,VN_SRC_LONGAN,Long An,2024,annual,9.42,‰,not_specified,E0221-23,https://www.nso.gov.vn/en/px-web?pxid=E0221-23&theme=Population%20and%20Employment,source_reported_unharmonized
e0221_23_7705749b2e,population,In-migration rate,Immigration rate,VN_SRC_LONGAN,Long An,2025,annual,5.89,‰,preliminary,E0221-23,https://www.nso.gov.vn/en/px-web?pxid=E0221-23&theme=Population%20and%20Employment,source_reported_unharmonized
e0221_23_7705749b2e,population,In-migration rate,Immigration rate,VN_SRC_TIENGIANG,Tien Giang,2005,annual,5.2,‰,not_specified,E0221-23,https://www.nso.gov.vn/en/px-web?pxid=E0221-23&theme=Population%20and%20Employment,source_reported_unharmonized
e0221_23_7705749b2e,population,In-migration rate,Immigration rate,VN_SRC_TIENGIANG,Tien Giang,2007,annual,5.1,‰,not_specified,E0221-23,https://www.nso.gov.vn/en/px-web?pxid=E0221-23&theme=Population%20and%20Employment,source_reported_unharmonized
e0221_23_7705749b2e,population,In-migration rate,Immigration rate,VN_SRC_TIENGIANG,Tien Giang,2008,annual,6.5,‰,not_specified,E0221-23,https://www.nso.gov.vn/en/px-web?pxid=E0221-23&theme=Population%20and%20Employment,source_reported_unharmonized
e0221_23_7705749b2e,population,In-migration rate,Immigration rate,VN_SRC_TIENGIANG,Tien Giang,2009,annual,3.1,‰,not_specified,E0221-23,https://www.nso.gov.vn/en/px-web?pxid=E0221-23&theme=Population%20and%20Employment,source_reported_unharmonized
e0221_23_7705749b2e,population,In-migration rate,Immigration rate,VN_SRC_TIENGIANG,Tien Giang,2010,annual,9.0,‰,not_specified,E0221-23,https://www.nso.gov.vn/en/px-web?pxid=E0221-23&theme=Population%20and%20Employment,source_reported_unharmonized
e0221_23_7705749b2e,population,In-migration rate,Immigration rate,VN_SRC_TIENGIANG,Tien Giang,2011,annual,8.5,‰,not_specified,E0221-23,https://www.nso.gov.vn/en/px-web?pxid=E0221-23&theme=Population%20and%20Employment,source_reported_unharmonized
e0221_23_7705749b2e,population,In-migration rate,Immigration rate,VN_SRC_TIENGIANG,Tien Giang,2012,annual,8.1,‰,not_specified,E0221-23,https://www.nso.gov.vn/en/px-web?pxid=E0221-23&theme=Population%20and%20Employment,source_reported_unharmonized
e0221_23_7705749b2e,population,In-migration rate,Immigration rate,VN_SRC_TIENGIANG,Tien Giang,2013,annual,9.8,‰,not_specified,E0221-23,https://www.nso.gov.vn/en/px-web?pxid=E0221-23&theme=Population%20and%20Employment,source_reported_unharmonized
e0221_23_7705749b2e,population,In-migration rate,Immigration rate,VN_SRC_TIENGIANG,Tien Giang,2014,annual,7.6,‰,not_specified,E0221-23,https://www.nso.gov.vn/en/px-web?pxid=E0221-23&theme=Population%20and%20Employment,source_reported_unharmonized
e0221_23_7705749b2e,population,In-migration rate,Immigration rate,VN_SRC_TIENGIANG,Tien Giang,2015,annual,4.3,‰,not_specified,E0221-23,https://www.nso.gov.vn/en/px-web?pxid=E0221-23&theme=Population%20and%20Employment,source_reported_unharmonized
e0221_23_7705749b2e,population,In-migration rate,Immigration rate,VN_SRC_TIENGIANG,Tien Giang,2016,annual,5.3,‰,not_specified,E0221-23,https://www.nso.gov.vn/en/px-web?pxid=E0221-23&theme=Population%20and%20Employment,source_reported_unharmonized
e0221_23_7705749b2e,population,In-migration rate,Immigration rate,VN_SRC_TIENGIANG,Tien Giang,2017,annual,3.7,‰,not_specified,E0221-23,https://www.nso.gov.vn/en/px-web?pxid=E0221-23&theme=Population%20and%20Employment,source_reported_unharmonized
e0221_23_7705749b2e,population,In-migration rate,Immigration rate,VN_SRC_TIENGIANG,Tien Giang,2018,annual,4.4,‰,not_specified,E0221-23,https://www.nso.gov.vn/en/px-web?pxid=E0221-23&theme=Population%20and%20Employment,source_reported_unharmonized
e0221_23_7705749b2e,population,In-migration rate,Immigration rate,VN_SRC_TIENGIANG,Tien Giang,2019,annual,2.7,‰,not_specified,E0221-23,https://www.nso.gov.vn/en/px-web?pxid=E0221-23&theme=Population%20and%20Employment,source_reported_unharmonized
e0221_23_7705749b2e,population,In-migration rate,Immigration rate,VN_SRC_TIENGIANG,Tien Giang,2020,annual,4.12,‰,not_specified,E0221-23,https://www.nso.gov.vn/en/px-web?pxid=E0221-23&theme=Population%20and%20Employment,source_reported_unharmonized
e0221_23_7705749b2e,population,In-migration rate,Immigration rate,VN_SRC_TIENGIANG,Tien Giang,2021,annual,3.71,‰,not_specified,E0221-23,https://www.nso.gov.vn/en/px-web?pxid=E0221-23&theme=Population%20and%20Employment,source_reported_unharmonized
e0221_23_7705749b2e,population,In-migration rate,Immigration rate,VN_SRC_TIENGIANG,Tien Giang,2022,annual,3.54,‰,not_specified,E0221-23,https://www.nso.gov.vn/en/px-web?pxid=E0221-23&theme=Population%20and%20Employment,source_reported_unharmonized
e0221_23_7705749b2e,population,In-migration rate,Immigration rate,VN_SRC_TIENGIANG,Tien Giang,2023,annual,2.48,‰,not_specified,E0221-23,https://www.nso.gov.vn/en/px-web?pxid=E0221-23&theme=Population%20and%20Employment,source_reported_unharmonized
e0221_23_7705749b2e,population,In-migration rate,Immigration rate,VN_SRC_TIENGIANG,Tien Giang,2024,annual,3.63,‰,not_specified,E0221-23,https://www.nso.gov.vn/en/px-web?pxid=E0221-23&theme=Population%20and%20Employment,source_reported_unharmonized
e0221_23_7705749b2e,population,In-migration rate,Immigration rate,VN_SRC_TIENGIANG,Tien Giang,2025,annual,1.8,‰,preliminary,E0221-23,https://www.nso.gov.vn/en/px-web?pxid=E0221-23&theme=Population%20and%20Employment,source_reported_unharmonized
e0221_23_7705749b2e,population,In-migration rate,Immigration rate,VN_SRC_BENTRE,Ben Tre,2005,annual,2.0,‰,not_specified,E0221-23,https://www.nso.gov.vn/en/px-web?pxid=E0221-23&theme=Population%20and%20Employment,source_reported_unharmonized
e0221_23_7705749b2e,population,In-migration rate,Immigration rate,VN_SRC_BENTRE,Ben Tre,2007,annual,3.4,‰,not_specified,E0221-23,https://www.nso.gov.vn/en/px-web?pxid=E0221-23&theme=Population%20and%20Employment,source_reported_unharmonized
e0221_23_7705749b2e,population,In-migration rate,Immigration rate,VN_SRC_BENTRE,Ben Tre,2008,annual,3.4,‰,not_specified,E0221-23,https://www.nso.gov.vn/en/px-web?pxid=E0221-23&theme=Population%20and%20Employment,source_reported_unharmonized
e0221_23_7705749b2e,population,In-migration rate,Immigration rate,VN_SRC_BENTRE,Ben Tre,2009,annual,2.3,‰,not_specified,E0221-23,https://www.nso.gov.vn/en/px-web?pxid=E0221-23&theme=Population%20and%20Employment,source_reported_unharmonized
e0221_23_7705749b2e,population,In-migration rate,Immigration rate,VN_SRC_BENTRE,Ben Tre,2010,annual,2.2,‰,not_specified,E0221-23,https://www.nso.gov.vn/en/px-web?pxid=E0221-23&theme=Population%20and%20Employment,source_reported_unharmonized
e0221_23_7705749b2e,population,In-migration rate,Immigration rate,VN_SRC_BENTRE,Ben Tre,2011,annual,5.8,‰,not_specified,E0221-23,https://www.nso.gov.vn/en/px-web?pxid=E0221-23&theme=Population%20and%20Employment,source_reported_unharmonized
e0221_23_7705749b2e,population,In-migration rate,Immigration rate,VN_SRC_BENTRE,Ben Tre,2012,annual,2.5,‰,not_specified,E0221-23,https://www.nso.gov.vn/en/px-web?pxid=E0221-23&theme=Population%20and%20Employment,source_reported_unharmonized
e0221_23_7705749b2e,population,In-migration rate,Immigration rate,VN_SRC_BENTRE,Ben Tre,2013,annual,5.3,‰,not_specified,E0221-23,https://www.nso.gov.vn/en/px-web?pxid=E0221-23&theme=Population%20and%20Employment,source_reported_unharmonized
e0221_23_7705749b2e,population,In-migration rate,Immigration rate,VN_SRC_BENTRE,Ben Tre,2014,annual,7.4,‰,not_specified,E0221-23,https://www.nso.gov.vn/en/px-web?pxid=E0221-23&theme=Population%20and%20Employment,source_reported_unharmonized
e0221_23_7705749b2e,population,In-migration rate,Immigration rate,VN_SRC_BENTRE,Ben Tre,2015,annual,3.7,‰,not_specified,E0221-23,https://www.nso.gov.vn/en/px-web?pxid=E0221-23&theme=Population%20and%20Employment,source_reported_unharmonized
e0221_23_7705749b2e,population,In-migration rate,Immigration rate,VN_SRC_BENTRE,Ben Tre,2016,annual,2.3,‰,not_specified,E0221-23,https://www.nso.gov.vn/en/px-web?pxid=E0221-23&theme=Population%20and%20Employment,source_reported_unharmonized
e0221_23_7705749b2e,population,In-migration rate,Immigration rate,VN_SRC_BENTRE,Ben Tre,2017,annual,2.5,‰,not_specified,E0221-23,https://www.nso.gov.vn/en/px-web?pxid=E0221-23&theme=Population%20and%20Employment,source_reported_unharmonized
e0221_23_7705749b2e,population,In-migration rate,Immigration rate,VN_SRC_BENTRE,Ben Tre,2018,annual,2.6,‰,not_specified,E0221-23,https://www.nso.gov.vn/en/px-web?pxid=E0221-23&theme=Population%20and%20Employment,source_reported_unharmonized
e0221_23_7705749b2e,population,In-migration rate,Immigration rate,VN_SRC_BENTRE,Ben Tre,2019,annual,2.5,‰,not_specified,E0221-23,https://www.nso.gov.vn/en/px-web?pxid=E0221-23&theme=Population%20and%20Employment,source_reported_unharmonized
e0221_23_7705749b2e,population,In-migration rate,Immigration rate,VN_SRC_BENTRE,Ben Tre,2020,annual,3.24,‰,not_specified,E0221-23,https://www.nso.gov.vn/en/px-web?pxid=E0221-23&theme=Population%20and%20Employment,source_reported_unharmonized
e0221_23_7705749b2e,population,In-migration rate,Immigration rate,VN_SRC_BENTRE,Ben Tre,2021,annual,3.04,‰,not_specified,E0221-23,https://www.nso.gov.vn/en/px-web?pxid=E0221-23&theme=Population%20and%20Employment,source_reported_unharmonized
e0221_23_7705749b2e,population,In-migration rate,Immigration rate,VN_SRC_BENTRE,Ben Tre,2022,annual,3.68,‰,not_specified,E0221-23,https://www.nso.gov.vn/en/px-web?pxid=E0221-23&theme=Population%20and%20Employment,source_reported_unharmonized
e0221_23_7705749b2e,population,In-migration rate,Immigration rate,VN_SRC_BENTRE,Ben Tre,2023,annual,3.27,‰,not_specified,E0221-23,https://www.nso.gov.vn/en/px-web?pxid=E0221-23&theme=Population%20and%20Employment,source_reported_unharmonized
e0221_23_7705749b2e,population,In-migration rate,Immigration rate,VN_SRC_BENTRE,Ben Tre,2024,annual,4.25,‰,not_specified,E0221-23,https://www.nso.gov.vn/en/px-web?pxid=E0221-23&theme=Population%20and%20Employment,source_reported_unharmonized
e0221_23_7705749b2e,population,In-migration rate,Immigration rate,VN_SRC_BENTRE,Ben Tre,2025,annual,1.68,‰,preliminary,E0221-23,https://www.nso.gov.vn/en/px-web?pxid=E0221-23&theme=Population%20and%20Employment,source_reported_unharmonized
e0221_23_7705749b2e,population,In-migration rate,Immigration rate,VN_SRC_TRAVINH,Tra Vinh,2005,annual,2.0,‰,not_specified,E0221-23,https://www.nso.gov.vn/en/px-web?pxid=E0221-23&theme=Population%20and%20Employment,source_reported_unharmonized
e0221_23_7705749b2e,population,In-migration rate,Immigration rate,VN_SRC_TRAVINH,Tra Vinh,2007,annual,3.7,‰,not_specified,E0221-23,https://www.nso.gov.vn/en/px-web?pxid=E0221-23&theme=Population%20and%20Employment,source_reported_unharmonized
e0221_23_7705749b2e,population,In-migration rate,Immigration rate,VN_SRC_TRAVINH,Tra Vinh,2008,annual,7.1,‰,not_specified,E0221-23,https://www.nso.gov.vn/en/px-web?pxid=E0221-23&theme=Population%20and%20Employment,source_reported_unharmonized
e0221_23_7705749b2e,population,In-migration rate,Immigration rate,VN_SRC_TRAVINH,Tra Vinh,2009,annual,2.3,‰,not_specified,E0221-23,https://www.nso.gov.vn/en/px-web?pxid=E0221-23&theme=Population%20and%20Employment,source_reported_unharmonized
e0221_23_7705749b2e,population,In-migration rate,Immigration rate,VN_SRC_TRAVINH,Tra Vinh,2010,annual,5.0,‰,not_specified,E0221-23,https://www.nso.gov.vn/en/px-web?pxid=E0221-23&theme=Population%20and%20Employment,source_reported_unharmonized
e0221_23_7705749b2e,population,In-migration rate,Immigration rate,VN_SRC_TRAVINH,Tra Vinh,2011,annual,11.4,‰,not_specified,E0221-23,https://www.nso.gov.vn/en/px-web?pxid=E0221-23&theme=Population%20and%20Employment,source_reported_unharmonized
e0221_23_7705749b2e,population,In-migration rate,Immigration rate,VN_SRC_TRAVINH,Tra Vinh,2012,annual,4.0,‰,not_specified,E0221-23,https://www.nso.gov.vn/en/px-web?pxid=E0221-23&theme=Population%20and%20Employment,source_reported_unharmonized
e0221_23_7705749b2e,population,In-migration rate,Immigration rate,VN_SRC_TRAVINH,Tra Vinh,2013,annual,9.5,‰,not_specified,E0221-23,https://www.nso.gov.vn/en/px-web?pxid=E0221-23&theme=Population%20and%20Employment,source_reported_unharmonized
e0221_23_7705749b2e,population,In-migration rate,Immigration rate,VN_SRC_TRAVINH,Tra Vinh,2014,annual,7.4,‰,not_specified,E0221-23,https://www.nso.gov.vn/en/px-web?pxid=E0221-23&theme=Population%20and%20Employment,source_reported_unharmonized
e0221_23_7705749b2e,population,In-migration rate,Immigration rate,VN_SRC_TRAVINH,Tra Vinh,2015,annual,2.8,‰,not_specified,E0221-23,https://www.nso.gov.vn/en/px-web?pxid=E0221-23&theme=Population%20and%20Employment,source_reported_unharmonized
e0221_23_7705749b2e,population,In-migration rate,Immigration rate,VN_SRC_TRAVINH,Tra Vinh,2016,annual,1.4,‰,not_specified,E0221-23,https://www.nso.gov.vn/en/px-web?pxid=E0221-23&theme=Population%20and%20Employment,source_reported_unharmonized
e0221_23_7705749b2e,population,In-migration rate,Immigration rate,VN_SRC_TRAVINH,Tra Vinh,2017,annual,2.0,‰,not_specified,E0221-23,https://www.nso.gov.vn/en/px-web?pxid=E0221-23&theme=Population%20and%20Employment,source_reported_unharmonized
e0221_23_7705749b2e,population,In-migration rate,Immigration rate,VN_SRC_TRAVINH,Tra Vinh,2018,annual,1.2,‰,not_specified,E0221-23,https://www.nso.gov.vn/en/px-web?pxid=E0221-23&theme=Population%20and%20Employment,source_reported_unharmonized
e0221_23_7705749b2e,population,In-migration rate,Immigration rate,VN_SRC_TRAVINH,Tra Vinh,2019,annual,1.7,‰,not_specified,E0221-23,https://www.nso.gov.vn/en/px-web?pxid=E0221-23&theme=Population%20and%20Employment,source_reported_unharmonized
e0221_23_7705749b2e,population,In-migration rate,Immigration rate,VN_SRC_TRAVINH,Tra Vinh,2020,annual,0.78,‰,not_specified,E0221-23,https://www.nso.gov.vn/en/px-web?pxid=E0221-23&theme=Population%20and%20Employment,source_reported_unharmonized
e0221_23_7705749b2e,population,In-migration rate,Immigration rate,VN_SRC_TRAVINH,Tra Vinh,2021,annual,1.64,‰,not_specified,E0221-23,https://www.nso.gov.vn/en/px-web?pxid=E0221-23&theme=Population%20and%20Employment,source_reported_unharmonized
e0221_23_7705749b2e,population,In-migration rate,Immigration rate,VN_SRC_TRAVINH,Tra Vinh,2022,annual,1.08,‰,not_specified,E0221-23,https://www.nso.gov.vn/en/px-web?pxid=E0221-23&theme=Population%20and%20Employment,source_reported_unharmonized
e0221_23_7705749b2e,population,In-migration rate,Immigration rate,VN_SRC_TRAVINH,Tra Vinh,2023,annual,1.4,‰,not_specified,E0221-23,https://www.nso.gov.vn/en/px-web?pxid=E0221-23&theme=Population%20and%20Employment,source_reported_unharmonized
e0221_23_7705749b2e,population,In-migration rate,Immigration rate,VN_SRC_TRAVINH,Tra Vinh,2024,annual,2.86,‰,not_specified,E0221-23,https://www.nso.gov.vn/en/px-web?pxid=E0221-23&theme=Population%20and%20Employment,source_reported_unharmonized
e0221_23_7705749b2e,population,In-migration rate,Immigration rate,VN_SRC_TRAVINH,Tra Vinh,2025,annual,1.19,‰,preliminary,E0221-23,https://www.nso.gov.vn/en/px-web?pxid=E0221-23&theme=Population%20and%20Employment,source_reported_unharmonized
e0221_23_7705749b2e,population,In-migration rate,Immigration rate,VN_SRC_VINHLONG,Vinh Long,2005,annual,2.4,‰,not_specified,E0221-23,https://www.nso.gov.vn/en/px-web?pxid=E0221-23&theme=Population%20and%20Employment,source_reported_unharmonized
e0221_23_7705749b2e,population,In-migration rate,Immigration rate,VN_SRC_VINHLONG,Vinh Long,2007,annual,2.6,‰,not_specified,E0221-23,https://www.nso.gov.vn/en/px-web?pxid=E0221-23&theme=Population%20and%20Employment,source_reported_unharmonized
e0221_23_7705749b2e,population,In-migration rate,Immigration rate,VN_SRC_VINHLONG,Vinh Long,2008,annual,1.9,‰,not_specified,E0221-23,https://www.nso.gov.vn/en/px-web?pxid=E0221-23&theme=Population%20and%20Employment,source_reported_unharmonized
e0221_23_7705749b2e,population,In-migration rate,Immigration rate,VN_SRC_VINHLONG,Vinh Long,2009,annual,4.5,‰,not_specified,E0221-23,https://www.nso.gov.vn/en/px-web?pxid=E0221-23&theme=Population%20and%20Employment,source_reported_unharmonized
e0221_23_7705749b2e,population,In-migration rate,Immigration rate,VN_SRC_VINHLONG,Vinh Long,2010,annual,4.2,‰,not_specified,E0221-23,https://www.nso.gov.vn/en/px-web?pxid=E0221-23&theme=Population%20and%20Employment,source_reported_unharmonized
e0221_23_7705749b2e,population,In-migration rate,Immigration rate,VN_SRC_VINHLONG,Vinh Long,2011,annual,7.6,‰,not_specified,E0221-23,https://www.nso.gov.vn/en/px-web?pxid=E0221-23&theme=Population%20and%20Employment,source_reported_unharmonized
e0221_23_7705749b2e,population,In-migration rate,Immigration rate,VN_SRC_VINHLONG,Vinh Long,2012,annual,8.0,‰,not_specified,E0221-23,https://www.nso.gov.vn/en/px-web?pxid=E0221-23&theme=Population%20and%20Employment,source_reported_unharmonized
e0221_23_7705749b2e,population,In-migration rate,Immigration rate,VN_SRC_VINHLONG,Vinh Long,2013,annual,9.9,‰,not_specified,E0221-23,https://www.nso.gov.vn/en/px-web?pxid=E0221-23&theme=Population%20and%20Employment,source_reported_unharmonized
e0221_23_7705749b2e,population,In-migration rate,Immigration rate,VN_SRC_VINHLONG,Vinh Long,2014,annual,5.6,‰,not_specified,E0221-23,https://www.nso.gov.vn/en/px-web?pxid=E0221-23&theme=Population%20and%20Employment,source_reported_unharmonized
e0221_23_7705749b2e,population,In-migration rate,Immigration rate,VN_SRC_VINHLONG,Vinh Long,2015,annual,2.5,‰,not_specified,E0221-23,https://www.nso.gov.vn/en/px-web?pxid=E0221-23&theme=Population%20and%20Employment,source_reported_unharmonized
e0221_23_7705749b2e,population,In-migration rate,Immigration rate,VN_SRC_VINHLONG,Vinh Long,2016,annual,4.3,‰,not_specified,E0221-23,https://www.nso.gov.vn/en/px-web?pxid=E0221-23&theme=Population%20and%20Employment,source_reported_unharmonized
e0221_23_7705749b2e,population,In-migration rate,Immigration rate,VN_SRC_VINHLONG,Vinh Long,2017,annual,3.9,‰,not_specified,E0221-23,https://www.nso.gov.vn/en/px-web?pxid=E0221-23&theme=Population%20and%20Employment,source_reported_unharmonized
e0221_23_7705749b2e,population,In-migration rate,Immigration rate,VN_SRC_VINHLONG,Vinh Long,2018,annual,3.2,‰,not_specified,E0221-23,https://www.nso.gov.vn/en/px-web?pxid=E0221-23&theme=Population%20and%20Employment,source_reported_unharmonized
e0221_23_7705749b2e,population,In-migration rate,Immigration rate,VN_SRC_VINHLONG,Vinh Long,2019,annual,3.3,‰,not_specified,E0221-23,https://www.nso.gov.vn/en/px-web?pxid=E0221-23&theme=Population%20and%20Employment,source_reported_unharmonized
e0221_23_7705749b2e,population,In-migration rate,Immigration rate,VN_SRC_VINHLONG,Vinh Long,2020,annual,4.66,‰,not_specified,E0221-23,https://www.nso.gov.vn/en/px-web?pxid=E0221-23&theme=Population%20and%20Employment,source_reported_unharmonized
e0221_23_7705749b2e,population,In-migration rate,Immigration rate,VN_SRC_VINHLONG,Vinh Long,2021,annual,3.1,‰,not_specified,E0221-23,https://www.nso.gov.vn/en/px-web?pxid=E0221-23&theme=Population%20and%20Employment,source_reported_unharmonized
e0221_23_7705749b2e,population,In-migration rate,Immigration rate,VN_SRC_VINHLONG,Vinh Long,2022,annual,4.84,‰,not_specified,E0221-23,https://www.nso.gov.vn/en/px-web?pxid=E0221-23&theme=Population%20and%20Employment,source_reported_unharmonized
e0221_23_7705749b2e,population,In-migration rate,Immigration rate,VN_SRC_VINHLONG,Vinh Long,2023,annual,3.34,‰,not_specified,E0221-23,https://www.nso.gov.vn/en/px-web?pxid=E0221-23&theme=Population%20and%20Employment,source_reported_unharmonized
e0221_23_7705749b2e,population,In-migration rate,Immigration rate,VN_SRC_VINHLONG,Vinh Long,2024,annual,5.06,‰,not_specified,E0221-23,https://www.nso.gov.vn/en/px-web?pxid=E0221-23&theme=Population%20and%20Employment,source_reported_unharmonized
e0221_23_7705749b2e,population,In-migration rate,Immigration rate,VN_SRC_VINHLONG,Vinh Long,2025,annual,2.49,‰,preliminary,E0221-23,https://www.nso.gov.vn/en/px-web?pxid=E0221-23&theme=Population%20and%20Employment,source_reported_unharmonized
e0221_23_7705749b2e,population,In-migration rate,Immigration rate,VN_SRC_DONGTHAP,Dong Thap,2005,annual,2.3,‰,not_specified,E0221-23,https://www.nso.gov.vn/en/px-web?pxid=E0221-23&theme=Population%20and%20Employment,source_reported_unharmonized
e0221_23_7705749b2e,population,In-migration rate,Immigration rate,VN_SRC_DONGTHAP,Dong Thap,2007,annual,2.3,‰,not_specified,E0221-23,https://www.nso.gov.vn/en/px-web?pxid=E0221-23&theme=Population%20and%20Employment,source_reported_unharmonized
e0221_23_7705749b2e,population,In-migration rate,Immigration rate,VN_SRC_DONGTHAP,Dong Thap,2008,annual,2.0,‰,not_specified,E0221-23,https://www.nso.gov.vn/en/px-web?pxid=E0221-23&theme=Population%20and%20Employment,source_reported_unharmonized
e0221_23_7705749b2e,population,In-migration rate,Immigration rate,VN_SRC_DONGTHAP,Dong Thap,2009,annual,2.5,‰,not_specified,E0221-23,https://www.nso.gov.vn/en/px-web?pxid=E0221-23&theme=Population%20and%20Employment,source_reported_unharmonized
e0221_23_7705749b2e,population,In-migration rate,Immigration rate,VN_SRC_DONGTHAP,Dong Thap,2010,annual,4.1,‰,not_specified,E0221-23,https://www.nso.gov.vn/en/px-web?pxid=E0221-23&theme=Population%20and%20Employment,source_reported_unharmonized
e0221_23_7705749b2e,population,In-migration rate,Immigration rate,VN_SRC_DONGTHAP,Dong Thap,2011,annual,5.8,‰,not_specified,E0221-23,https://www.nso.gov.vn/en/px-web?pxid=E0221-23&theme=Population%20and%20Employment,source_reported_unharmonized
e0221_23_7705749b2e,population,In-migration rate,Immigration rate,VN_SRC_DONGTHAP,Dong Thap,2012,annual,2.5,‰,not_specified,E0221-23,https://www.nso.gov.vn/en/px-web?pxid=E0221-23&theme=Population%20and%20Employment,source_reported_unharmonized
e0221_23_7705749b2e,population,In-migration rate,Immigration rate,VN_SRC_DONGTHAP,Dong Thap,2013,annual,3.8,‰,not_specified,E0221-23,https://www.nso.gov.vn/en/px-web?pxid=E0221-23&theme=Population%20and%20Employment,source_reported_unharmonized
e0221_23_7705749b2e,population,In-migration rate,Immigration rate,VN_SRC_DONGTHAP,Dong Thap,2014,annual,3.2,‰,not_specified,E0221-23,https://www.nso.gov.vn/en/px-web?pxid=E0221-23&theme=Population%20and%20Employment,source_reported_unharmonized
e0221_23_7705749b2e,population,In-migration rate,Immigration rate,VN_SRC_DONGTHAP,Dong Thap,2015,annual,1.8,‰,not_specified,E0221-23,https://www.nso.gov.vn/en/px-web?pxid=E0221-23&theme=Population%20and%20Employment,source_reported_unharmonized
e0221_23_7705749b2e,population,In-migration rate,Immigration rate,VN_SRC_DONGTHAP,Dong Thap,2016,annual,1.2,‰,not_specified,E0221-23,https://www.nso.gov.vn/en/px-web?pxid=E0221-23&theme=Population%20and%20Employment,source_reported_unharmonized
e0221_23_7705749b2e,population,In-migration rate,Immigration rate,VN_SRC_DONGTHAP,Dong Thap,2017,annual,0.7,‰,not_specified,E0221-23,https://www.nso.gov.vn/en/px-web?pxid=E0221-23&theme=Population%20and%20Employment,source_reported_unharmonized
e0221_23_7705749b2e,population,In-migration rate,Immigration rate,VN_SRC_DONGTHAP,Dong Thap,2018,annual,2.5,‰,not_specified,E0221-23,https://www.nso.gov.vn/en/px-web?pxid=E0221-23&theme=Population%20and%20Employment,source_reported_unharmonized
e0221_23_7705749b2e,population,In-migration rate,Immigration rate,VN_SRC_DONGTHAP,Dong Thap,2019,annual,1.6,‰,not_specified,E0221-23,https://www.nso.gov.vn/en/px-web?pxid=E0221-23&theme=Population%20and%20Employment,source_reported_unharmonized
e0221_23_7705749b2e,population,In-migration rate,Immigration rate,VN_SRC_DONGTHAP,Dong Thap,2020,annual,2.43,‰,not_specified,E0221-23,https://www.nso.gov.vn/en/px-web?pxid=E0221-23&theme=Population%20and%20Employment,source_reported_unharmonized
e0221_23_7705749b2e,population,In-migration rate,Immigration rate,VN_SRC_DONGTHAP,Dong Thap,2021,annual,1.79,‰,not_specified,E0221-23,https://www.nso.gov.vn/en/px-web?pxid=E0221-23&theme=Population%20and%20Employment,source_reported_unharmonized
e0221_23_7705749b2e,population,In-migration rate,Immigration rate,VN_SRC_DONGTHAP,Dong Thap,2022,annual,1.29,‰,not_specified,E0221-23,https://www.nso.gov.vn/en/px-web?pxid=E0221-23&theme=Population%20and%20Employment,source_reported_unharmonized
e0221_23_7705749b2e,population,In-migration rate,Immigration rate,VN_SRC_DONGTHAP,Dong Thap,2023,annual,3.33,‰,not_specified,E0221-23,https://www.nso.gov.vn/en/px-web?pxid=E0221-23&theme=Population%20and%20Employment,source_reported_unharmonized
e0221_23_7705749b2e,population,In-migration rate,Immigration rate,VN_SRC_DONGTHAP,Dong Thap,2024,annual,3.87,‰,not_specified,E0221-23,https://www.nso.gov.vn/en/px-web?pxid=E0221-23&theme=Population%20and%20Employment,source_reported_unharmonized
e0221_23_7705749b2e,population,In-migration rate,Immigration rate,VN_SRC_DONGTHAP,Dong Thap,2025,annual,1.45,‰,preliminary,E0221-23,https://www.nso.gov.vn/en/px-web?pxid=E0221-23&theme=Population%20and%20Employment,source_reported_unharmonized
e0221_23_7705749b2e,population,In-migration rate,Immigration rate,VN_SRC_ANGIANG,An Giang,2005,annual,1.4,‰,not_specified,E0221-23,https://www.nso.gov.vn/en/px-web?pxid=E0221-23&theme=Population%20and%20Employment,source_reported_unharmonized
e0221_23_7705749b2e,population,In-migration rate,Immigration rate,VN_SRC_ANGIANG,An Giang,2007,annual,1.8,‰,not_specified,E0221-23,https://www.nso.gov.vn/en/px-web?pxid=E0221-23&theme=Population%20and%20Employment,source_reported_unharmonized
e0221_23_7705749b2e,population,In-migration rate,Immigration rate,VN_SRC_ANGIANG,An Giang,2008,annual,2.1,‰,not_specified,E0221-23,https://www.nso.gov.vn/en/px-web?pxid=E0221-23&theme=Population%20and%20Employment,source_reported_unharmonized
e0221_23_7705749b2e,population,In-migration rate,Immigration rate,VN_SRC_ANGIANG,An Giang,2009,annual,1.8,‰,not_specified,E0221-23,https://www.nso.gov.vn/en/px-web?pxid=E0221-23&theme=Population%20and%20Employment,source_reported_unharmonized
e0221_23_7705749b2e,population,In-migration rate,Immigration rate,VN_SRC_ANGIANG,An Giang,2010,annual,3.6,‰,not_specified,E0221-23,https://www.nso.gov.vn/en/px-web?pxid=E0221-23&theme=Population%20and%20Employment,source_reported_unharmonized
e0221_23_7705749b2e,population,In-migration rate,Immigration rate,VN_SRC_ANGIANG,An Giang,2011,annual,3.9,‰,not_specified,E0221-23,https://www.nso.gov.vn/en/px-web?pxid=E0221-23&theme=Population%20and%20Employment,source_reported_unharmonized
e0221_23_7705749b2e,population,In-migration rate,Immigration rate,VN_SRC_ANGIANG,An Giang,2012,annual,2.2,‰,not_specified,E0221-23,https://www.nso.gov.vn/en/px-web?pxid=E0221-23&theme=Population%20and%20Employment,source_reported_unharmonized
e0221_23_7705749b2e,population,In-migration rate,Immigration rate,VN_SRC_ANGIANG,An Giang,2013,annual,3.1,‰,not_specified,E0221-23,https://www.nso.gov.vn/en/px-web?pxid=E0221-23&theme=Population%20and%20Employment,source_reported_unharmonized
e0221_23_7705749b2e,population,In-migration rate,Immigration rate,VN_SRC_ANGIANG,An Giang,2014,annual,4.3,‰,not_specified,E0221-23,https://www.nso.gov.vn/en/px-web?pxid=E0221-23&theme=Population%20and%20Employment,source_reported_unharmonized
e0221_23_7705749b2e,population,In-migration rate,Immigration rate,VN_SRC_ANGIANG,An Giang,2015,annual,2.1,‰,not_specified,E0221-23,https://www.nso.gov.vn/en/px-web?pxid=E0221-23&theme=Population%20and%20Employment,source_reported_unharmonized
e0221_23_7705749b2e,population,In-migration rate,Immigration rate,VN_SRC_ANGIANG,An Giang,2016,annual,1.3,‰,not_specified,E0221-23,https://www.nso.gov.vn/en/px-web?pxid=E0221-23&theme=Population%20and%20Employment,source_reported_unharmonized
e0221_23_7705749b2e,population,In-migration rate,Immigration rate,VN_SRC_ANGIANG,An Giang,2017,annual,1.3,‰,not_specified,E0221-23,https://www.nso.gov.vn/en/px-web?pxid=E0221-23&theme=Population%20and%20Employment,source_reported_unharmonized
e0221_23_7705749b2e,population,In-migration rate,Immigration rate,VN_SRC_ANGIANG,An Giang,2018,annual,2.1,‰,not_specified,E0221-23,https://www.nso.gov.vn/en/px-web?pxid=E0221-23&theme=Population%20and%20Employment,source_reported_unharmonized
e0221_23_7705749b2e,population,In-migration rate,Immigration rate,VN_SRC_ANGIANG,An Giang,2019,annual,1.2,‰,not_specified,E0221-23,https://www.nso.gov.vn/en/px-web?pxid=E0221-23&theme=Population%20and%20Employment,source_reported_unharmonized
e0221_23_7705749b2e,population,In-migration rate,Immigration rate,VN_SRC_ANGIANG,An Giang,2020,annual,1.83,‰,not_specified,E0221-23,https://www.nso.gov.vn/en/px-web?pxid=E0221-23&theme=Population%20and%20Employment,source_reported_unharmonized
e0221_23_7705749b2e,population,In-migration rate,Immigration rate,VN_SRC_ANGIANG,An Giang,2021,annual,2.93,‰,not_specified,E0221-23,https://www.nso.gov.vn/en/px-web?pxid=E0221-23&theme=Population%20and%20Employment,source_reported_unharmonized
e0221_23_7705749b2e,population,In-migration rate,Immigration rate,VN_SRC_ANGIANG,An Giang,2022,annual,1.69,‰,not_specified,E0221-23,https://www.nso.gov.vn/en/px-web?pxid=E0221-23&theme=Population%20and%20Employment,source_reported_unharmonized
e0221_23_7705749b2e,population,In-migration rate,Immigration rate,VN_SRC_ANGIANG,An Giang,2023,annual,1.21,‰,not_specified,E0221-23,https://www.nso.gov.vn/en/px-web?pxid=E0221-23&theme=Population%20and%20Employment,source_reported_unharmonized
e0221_23_7705749b2e,population,In-migration rate,Immigration rate,VN_SRC_ANGIANG,An Giang,2024,annual,3.61,‰,not_specified,E0221-23,https://www.nso.gov.vn/en/px-web?pxid=E0221-23&theme=Population%20and%20Employment,source_reported_unharmonized
e0221_23_7705749b2e,population,In-migration rate,Immigration rate,VN_SRC_ANGIANG,An Giang,2025,annual,1.45,‰,preliminary,E0221-23,https://www.nso.gov.vn/en/px-web?pxid=E0221-23&theme=Population%20and%20Employment,source_reported_unharmonized
e0221_23_7705749b2e,population,In-migration rate,Immigration rate,VN_SRC_KIENGIANG,Kien Giang,2005,annual,3.4,‰,not_specified,E0221-23,https://www.nso.gov.vn/en/px-web?pxid=E0221-23&theme=Population%20and%20Employment,source_reported_unharmonized
e0221_23_7705749b2e,population,In-migration rate,Immigration rate,VN_SRC_KIENGIANG,Kien Giang,2007,annual,4.8,‰,not_specified,E0221-23,https://www.nso.gov.vn/en/px-web?pxid=E0221-23&theme=Population%20and%20Employment,source_reported_unharmonized
e0221_23_7705749b2e,population,In-migration rate,Immigration rate,VN_SRC_KIENGIANG,Kien Giang,2008,annual,3.3,‰,not_specified,E0221-23,https://www.nso.gov.vn/en/px-web?pxid=E0221-23&theme=Population%20and%20Employment,source_reported_unharmonized
e0221_23_7705749b2e,population,In-migration rate,Immigration rate,VN_SRC_KIENGIANG,Kien Giang,2009,annual,2.5,‰,not_specified,E0221-23,https://www.nso.gov.vn/en/px-web?pxid=E0221-23&theme=Population%20and%20Employment,source_reported_unharmonized
e0221_23_7705749b2e,population,In-migration rate,Immigration rate,VN_SRC_KIENGIANG,Kien Giang,2010,annual,5.8,‰,not_specified,E0221-23,https://www.nso.gov.vn/en/px-web?pxid=E0221-23&theme=Population%20and%20Employment,source_reported_unharmonized
e0221_23_7705749b2e,population,In-migration rate,Immigration rate,VN_SRC_KIENGIANG,Kien Giang,2011,annual,7.3,‰,not_specified,E0221-23,https://www.nso.gov.vn/en/px-web?pxid=E0221-23&theme=Population%20and%20Employment,source_reported_unharmonized
e0221_23_7705749b2e,population,In-migration rate,Immigration rate,VN_SRC_KIENGIANG,Kien Giang,2012,annual,4.4,‰,not_specified,E0221-23,https://www.nso.gov.vn/en/px-web?pxid=E0221-23&theme=Population%20and%20Employment,source_reported_unharmonized
e0221_23_7705749b2e,population,In-migration rate,Immigration rate,VN_SRC_KIENGIANG,Kien Giang,2013,annual,4.1,‰,not_specified,E0221-23,https://www.nso.gov.vn/en/px-web?pxid=E0221-23&theme=Population%20and%20Employment,source_reported_unharmonized
e0221_23_7705749b2e,population,In-migration rate,Immigration rate,VN_SRC_KIENGIANG,Kien Giang,2014,annual,3.0,‰,not_specified,E0221-23,https://www.nso.gov.vn/en/px-web?pxid=E0221-23&theme=Population%20and%20Employment,source_reported_unharmonized
e0221_23_7705749b2e,population,In-migration rate,Immigration rate,VN_SRC_KIENGIANG,Kien Giang,2015,annual,2.0,‰,not_specified,E0221-23,https://www.nso.gov.vn/en/px-web?pxid=E0221-23&theme=Population%20and%20Employment,source_reported_unharmonized
e0221_23_7705749b2e,population,In-migration rate,Immigration rate,VN_SRC_KIENGIANG,Kien Giang,2016,annual,1.9,‰,not_specified,E0221-23,https://www.nso.gov.vn/en/px-web?pxid=E0221-23&theme=Population%20and%20Employment,source_reported_unharmonized
e0221_23_7705749b2e,population,In-migration rate,Immigration rate,VN_SRC_KIENGIANG,Kien Giang,2017,annual,2.1,‰,not_specified,E0221-23,https://www.nso.gov.vn/en/px-web?pxid=E0221-23&theme=Population%20and%20Employment,source_reported_unharmonized
e0221_23_7705749b2e,population,In-migration rate,Immigration rate,VN_SRC_KIENGIANG,Kien Giang,2018,annual,0.9,‰,not_specified,E0221-23,https://www.nso.gov.vn/en/px-web?pxid=E0221-23&theme=Population%20and%20Employment,source_reported_unharmonized
e0221_23_7705749b2e,population,In-migration rate,Immigration rate,VN_SRC_KIENGIANG,Kien Giang,2019,annual,2.8,‰,not_specified,E0221-23,https://www.nso.gov.vn/en/px-web?pxid=E0221-23&theme=Population%20and%20Employment,source_reported_unharmonized
e0221_23_7705749b2e,population,In-migration rate,Immigration rate,VN_SRC_KIENGIANG,Kien Giang,2020,annual,1.34,‰,not_specified,E0221-23,https://www.nso.gov.vn/en/px-web?pxid=E0221-23&theme=Population%20and%20Employment,source_reported_unharmonized
e0221_23_7705749b2e,population,In-migration rate,Immigration rate,VN_SRC_KIENGIANG,Kien Giang,2021,annual,1.46,‰,not_specified,E0221-23,https://www.nso.gov.vn/en/px-web?pxid=E0221-23&theme=Population%20and%20Employment,source_reported_unharmonized
e0221_23_7705749b2e,population,In-migration rate,Immigration rate,VN_SRC_KIENGIANG,Kien Giang,2022,annual,2.36,‰,not_specified,E0221-23,https://www.nso.gov.vn/en/px-web?pxid=E0221-23&theme=Population%20and%20Employment,source_reported_unharmonized
e0221_23_7705749b2e,population,In-migration rate,Immigration rate,VN_SRC_KIENGIANG,Kien Giang,2023,annual,1.15,‰,not_specified,E0221-23,https://www.nso.gov.vn/en/px-web?pxid=E0221-23&theme=Population%20and%20Employment,source_reported_unharmonized
e0221_23_7705749b2e,population,In-migration rate,Immigration rate,VN_SRC_KIENGIANG,Kien Giang,2024,annual,3.56,‰,not_specified,E0221-23,https://www.nso.gov.vn/en/px-web?pxid=E0221-23&theme=Population%20and%20Employment,source_reported_unharmonized
e0221_23_7705749b2e,population,In-migration rate,Immigration rate,VN_SRC_KIENGIANG,Kien Giang,2025,annual,0.79,‰,preliminary,E0221-23,https://www.nso.gov.vn/en/px-web?pxid=E0221-23&theme=Population%20and%20Employment,source_reported_unharmonized
e0221_23_7705749b2e,population,In-migration rate,Immigration rate,VN_SRC_CANTHO,Can Tho,2005,annual,5.1,‰,not_specified,E0221-23,https://www.nso.gov.vn/en/px-web?pxid=E0221-23&theme=Population%20and%20Employment,source_reported_unharmonized
e0221_23_7705749b2e,population,In-migration rate,Immigration rate,VN_SRC_CANTHO,Can Tho,2007,annual,6.4,‰,not_specified,E0221-23,https://www.nso.gov.vn/en/px-web?pxid=E0221-23&theme=Population%20and%20Employment,source_reported_unharmonized
e0221_23_7705749b2e,population,In-migration rate,Immigration rate,VN_SRC_CANTHO,Can Tho,2008,annual,4.4,‰,not_specified,E0221-23,https://www.nso.gov.vn/en/px-web?pxid=E0221-23&theme=Population%20and%20Employment,source_reported_unharmonized
e0221_23_7705749b2e,population,In-migration rate,Immigration rate,VN_SRC_CANTHO,Can Tho,2009,annual,10.2,‰,not_specified,E0221-23,https://www.nso.gov.vn/en/px-web?pxid=E0221-23&theme=Population%20and%20Employment,source_reported_unharmonized
e0221_23_7705749b2e,population,In-migration rate,Immigration rate,VN_SRC_CANTHO,Can Tho,2010,annual,9.8,‰,not_specified,E0221-23,https://www.nso.gov.vn/en/px-web?pxid=E0221-23&theme=Population%20and%20Employment,source_reported_unharmonized
e0221_23_7705749b2e,population,In-migration rate,Immigration rate,VN_SRC_CANTHO,Can Tho,2011,annual,6.9,‰,not_specified,E0221-23,https://www.nso.gov.vn/en/px-web?pxid=E0221-23&theme=Population%20and%20Employment,source_reported_unharmonized
e0221_23_7705749b2e,population,In-migration rate,Immigration rate,VN_SRC_CANTHO,Can Tho,2012,annual,8.9,‰,not_specified,E0221-23,https://www.nso.gov.vn/en/px-web?pxid=E0221-23&theme=Population%20and%20Employment,source_reported_unharmonized
e0221_23_7705749b2e,population,In-migration rate,Immigration rate,VN_SRC_CANTHO,Can Tho,2013,annual,9.6,‰,not_specified,E0221-23,https://www.nso.gov.vn/en/px-web?pxid=E0221-23&theme=Population%20and%20Employment,source_reported_unharmonized
e0221_23_7705749b2e,population,In-migration rate,Immigration rate,VN_SRC_CANTHO,Can Tho,2014,annual,8.2,‰,not_specified,E0221-23,https://www.nso.gov.vn/en/px-web?pxid=E0221-23&theme=Population%20and%20Employment,source_reported_unharmonized
e0221_23_7705749b2e,population,In-migration rate,Immigration rate,VN_SRC_CANTHO,Can Tho,2015,annual,3.1,‰,not_specified,E0221-23,https://www.nso.gov.vn/en/px-web?pxid=E0221-23&theme=Population%20and%20Employment,source_reported_unharmonized
e0221_23_7705749b2e,population,In-migration rate,Immigration rate,VN_SRC_CANTHO,Can Tho,2016,annual,3.6,‰,not_specified,E0221-23,https://www.nso.gov.vn/en/px-web?pxid=E0221-23&theme=Population%20and%20Employment,source_reported_unharmonized
e0221_23_7705749b2e,population,In-migration rate,Immigration rate,VN_SRC_CANTHO,Can Tho,2017,annual,7.3,‰,not_specified,E0221-23,https://www.nso.gov.vn/en/px-web?pxid=E0221-23&theme=Population%20and%20Employment,source_reported_unharmonized
e0221_23_7705749b2e,population,In-migration rate,Immigration rate,VN_SRC_CANTHO,Can Tho,2018,annual,4.4,‰,not_specified,E0221-23,https://www.nso.gov.vn/en/px-web?pxid=E0221-23&theme=Population%20and%20Employment,source_reported_unharmonized
e0221_23_7705749b2e,population,In-migration rate,Immigration rate,VN_SRC_CANTHO,Can Tho,2019,annual,9.0,‰,not_specified,E0221-23,https://www.nso.gov.vn/en/px-web?pxid=E0221-23&theme=Population%20and%20Employment,source_reported_unharmonized
e0221_23_7705749b2e,population,In-migration rate,Immigration rate,VN_SRC_CANTHO,Can Tho,2020,annual,14.44,‰,not_specified,E0221-23,https://www.nso.gov.vn/en/px-web?pxid=E0221-23&theme=Population%20and%20Employment,source_reported_unharmonized
e0221_23_7705749b2e,population,In-migration rate,Immigration rate,VN_SRC_CANTHO,Can Tho,2021,annual,12.46,‰,not_specified,E0221-23,https://www.nso.gov.vn/en/px-web?pxid=E0221-23&theme=Population%20and%20Employment,source_reported_unharmonized
e0221_23_7705749b2e,population,In-migration rate,Immigration rate,VN_SRC_CANTHO,Can Tho,2022,annual,16.17,‰,not_specified,E0221-23,https://www.nso.gov.vn/en/px-web?pxid=E0221-23&theme=Population%20and%20Employment,source_reported_unharmonized
e0221_23_7705749b2e,population,In-migration rate,Immigration rate,VN_SRC_CANTHO,Can Tho,2023,annual,8.24,‰,not_specified,E0221-23,https://www.nso.gov.vn/en/px-web?pxid=E0221-23&theme=Population%20and%20Employment,source_reported_unharmonized
e0221_23_7705749b2e,population,In-migration rate,Immigration rate,VN_SRC_CANTHO,Can Tho,2024,annual,15.24,‰,not_specified,E0221-23,https://www.nso.gov.vn/en/px-web?pxid=E0221-23&theme=Population%20and%20Employment,source_reported_unharmonized
e0221_23_7705749b2e,population,In-migration rate,Immigration rate,VN_SRC_CANTHO,Can Tho,2025,annual,9.83,‰,preliminary,E0221-23,https://www.nso.gov.vn/en/px-web?pxid=E0221-23&theme=Population%20and%20Employment,source_reported_unharmonized
e0221_23_7705749b2e,population,In-migration rate,Immigration rate,VN_SRC_HAUGIANG,Hau Giang,2005,annual,2.4,‰,not_specified,E0221-23,https://www.nso.gov.vn/en/px-web?pxid=E0221-23&theme=Population%20and%20Employment,source_reported_unharmonized
e0221_23_7705749b2e,population,In-migration rate,Immigration rate,VN_SRC_HAUGIANG,Hau Giang,2007,annual,3.3,‰,not_specified,E0221-23,https://www.nso.gov.vn/en/px-web?pxid=E0221-23&theme=Population%20and%20Employment,source_reported_unharmonized
e0221_23_7705749b2e,population,In-migration rate,Immigration rate,VN_SRC_HAUGIANG,Hau Giang,2008,annual,6.3,‰,not_specified,E0221-23,https://www.nso.gov.vn/en/px-web?pxid=E0221-23&theme=Population%20and%20Employment,source_reported_unharmonized
e0221_23_7705749b2e,population,In-migration rate,Immigration rate,VN_SRC_HAUGIANG,Hau Giang,2009,annual,3.3,‰,not_specified,E0221-23,https://www.nso.gov.vn/en/px-web?pxid=E0221-23&theme=Population%20and%20Employment,source_reported_unharmonized
e0221_23_7705749b2e,population,In-migration rate,Immigration rate,VN_SRC_HAUGIANG,Hau Giang,2010,annual,4.0,‰,not_specified,E0221-23,https://www.nso.gov.vn/en/px-web?pxid=E0221-23&theme=Population%20and%20Employment,source_reported_unharmonized
e0221_23_7705749b2e,population,In-migration rate,Immigration rate,VN_SRC_HAUGIANG,Hau Giang,2011,annual,7.7,‰,not_specified,E0221-23,https://www.nso.gov.vn/en/px-web?pxid=E0221-23&theme=Population%20and%20Employment,source_reported_unharmonized
e0221_23_7705749b2e,population,In-migration rate,Immigration rate,VN_SRC_HAUGIANG,Hau Giang,2012,annual,7.7,‰,not_specified,E0221-23,https://www.nso.gov.vn/en/px-web?pxid=E0221-23&theme=Population%20and%20Employment,source_reported_unharmonized
e0221_23_7705749b2e,population,In-migration rate,Immigration rate,VN_SRC_HAUGIANG,Hau Giang,2013,annual,6.7,‰,not_specified,E0221-23,https://www.nso.gov.vn/en/px-web?pxid=E0221-23&theme=Population%20and%20Employment,source_reported_unharmonized
e0221_23_7705749b2e,population,In-migration rate,Immigration rate,VN_SRC_HAUGIANG,Hau Giang,2014,annual,4.5,‰,not_specified,E0221-23,https://www.nso.gov.vn/en/px-web?pxid=E0221-23&theme=Population%20and%20Employment,source_reported_unharmonized
e0221_23_7705749b2e,population,In-migration rate,Immigration rate,VN_SRC_HAUGIANG,Hau Giang,2015,annual,1.8,‰,not_specified,E0221-23,https://www.nso.gov.vn/en/px-web?pxid=E0221-23&theme=Population%20and%20Employment,source_reported_unharmonized
e0221_23_7705749b2e,population,In-migration rate,Immigration rate,VN_SRC_HAUGIANG,Hau Giang,2016,annual,1.3,‰,not_specified,E0221-23,https://www.nso.gov.vn/en/px-web?pxid=E0221-23&theme=Population%20and%20Employment,source_reported_unharmonized
e0221_23_7705749b2e,population,In-migration rate,Immigration rate,VN_SRC_HAUGIANG,Hau Giang,2017,annual,0.3,‰,not_specified,E0221-23,https://www.nso.gov.vn/en/px-web?pxid=E0221-23&theme=Population%20and%20Employment,source_reported_unharmonized
e0221_23_7705749b2e,population,In-migration rate,Immigration rate,VN_SRC_HAUGIANG,Hau Giang,2018,annual,2.7,‰,not_specified,E0221-23,https://www.nso.gov.vn/en/px-web?pxid=E0221-23&theme=Population%20and%20Employment,source_reported_unharmonized
e0221_23_7705749b2e,population,In-migration rate,Immigration rate,VN_SRC_HAUGIANG,Hau Giang,2019,annual,2.3,‰,not_specified,E0221-23,https://www.nso.gov.vn/en/px-web?pxid=E0221-23&theme=Population%20and%20Employment,source_reported_unharmonized
e0221_23_7705749b2e,population,In-migration rate,Immigration rate,VN_SRC_HAUGIANG,Hau Giang,2020,annual,1.32,‰,not_specified,E0221-23,https://www.nso.gov.vn/en/px-web?pxid=E0221-23&theme=Population%20and%20Employment,source_reported_unharmonized
e0221_23_7705749b2e,population,In-migration rate,Immigration rate,VN_SRC_HAUGIANG,Hau Giang,2021,annual,1.08,‰,not_specified,E0221-23,https://www.nso.gov.vn/en/px-web?pxid=E0221-23&theme=Population%20and%20Employment,source_reported_unharmonized
e0221_23_7705749b2e,population,In-migration rate,Immigration rate,VN_SRC_HAUGIANG,Hau Giang,2022,annual,5.8,‰,not_specified,E0221-23,https://www.nso.gov.vn/en/px-web?pxid=E0221-23&theme=Population%20and%20Employment,source_reported_unharmonized
e0221_23_7705749b2e,population,In-migration rate,Immigration rate,VN_SRC_HAUGIANG,Hau Giang,2023,annual,1.45,‰,not_specified,E0221-23,https://www.nso.gov.vn/en/px-web?pxid=E0221-23&theme=Population%20and%20Employment,source_reported_unharmonized
e0221_23_7705749b2e,population,In-migration rate,Immigration rate,VN_SRC_HAUGIANG,Hau Giang,2024,annual,1.6,‰,not_specified,E0221-23,https://www.nso.gov.vn/en/px-web?pxid=E0221-23&theme=Population%20and%20Employment,source_reported_unharmonized
e0221_23_7705749b2e,population,In-migration rate,Immigration rate,VN_SRC_HAUGIANG,Hau Giang,2025,annual,1.28,‰,preliminary,E0221-23,https://www.nso.gov.vn/en/px-web?pxid=E0221-23&theme=Population%20and%20Employment,source_reported_unharmonized
e0221_23_7705749b2e,population,In-migration rate,Immigration rate,VN_SRC_SOCTRANG,Soc Trang,2005,annual,2.5,‰,not_specified,E0221-23,https://www.nso.gov.vn/en/px-web?pxid=E0221-23&theme=Population%20and%20Employment,source_reported_unharmonized
e0221_23_7705749b2e,population,In-migration rate,Immigration rate,VN_SRC_SOCTRANG,Soc Trang,2007,annual,1.6,‰,not_specified,E0221-23,https://www.nso.gov.vn/en/px-web?pxid=E0221-23&theme=Population%20and%20Employment,source_reported_unharmonized
e0221_23_7705749b2e,population,In-migration rate,Immigration rate,VN_SRC_SOCTRANG,Soc Trang,2008,annual,4.0,‰,not_specified,E0221-23,https://www.nso.gov.vn/en/px-web?pxid=E0221-23&theme=Population%20and%20Employment,source_reported_unharmonized
e0221_23_7705749b2e,population,In-migration rate,Immigration rate,VN_SRC_SOCTRANG,Soc Trang,2009,annual,1.9,‰,not_specified,E0221-23,https://www.nso.gov.vn/en/px-web?pxid=E0221-23&theme=Population%20and%20Employment,source_reported_unharmonized
e0221_23_7705749b2e,population,In-migration rate,Immigration rate,VN_SRC_SOCTRANG,Soc Trang,2010,annual,2.8,‰,not_specified,E0221-23,https://www.nso.gov.vn/en/px-web?pxid=E0221-23&theme=Population%20and%20Employment,source_reported_unharmonized
e0221_23_7705749b2e,population,In-migration rate,Immigration rate,VN_SRC_SOCTRANG,Soc Trang,2011,annual,3.1,‰,not_specified,E0221-23,https://www.nso.gov.vn/en/px-web?pxid=E0221-23&theme=Population%20and%20Employment,source_reported_unharmonized
e0221_23_7705749b2e,population,In-migration rate,Immigration rate,VN_SRC_SOCTRANG,Soc Trang,2012,annual,2.0,‰,not_specified,E0221-23,https://www.nso.gov.vn/en/px-web?pxid=E0221-23&theme=Population%20and%20Employment,source_reported_unharmonized
e0221_23_7705749b2e,population,In-migration rate,Immigration rate,VN_SRC_SOCTRANG,Soc Trang,2013,annual,3.2,‰,not_specified,E0221-23,https://www.nso.gov.vn/en/px-web?pxid=E0221-23&theme=Population%20and%20Employment,source_reported_unharmonized
e0221_23_7705749b2e,population,In-migration rate,Immigration rate,VN_SRC_SOCTRANG,Soc Trang,2014,annual,3.4,‰,not_specified,E0221-23,https://www.nso.gov.vn/en/px-web?pxid=E0221-23&theme=Population%20and%20Employment,source_reported_unharmonized
e0221_23_7705749b2e,population,In-migration rate,Immigration rate,VN_SRC_SOCTRANG,Soc Trang,2015,annual,1.0,‰,not_specified,E0221-23,https://www.nso.gov.vn/en/px-web?pxid=E0221-23&theme=Population%20and%20Employment,source_reported_unharmonized
e0221_23_7705749b2e,population,In-migration rate,Immigration rate,VN_SRC_SOCTRANG,Soc Trang,2016,annual,1.2,‰,not_specified,E0221-23,https://www.nso.gov.vn/en/px-web?pxid=E0221-23&theme=Population%20and%20Employment,source_reported_unharmonized
e0221_23_7705749b2e,population,In-migration rate,Immigration rate,VN_SRC_SOCTRANG,Soc Trang,2017,annual,0.7,‰,not_specified,E0221-23,https://www.nso.gov.vn/en/px-web?pxid=E0221-23&theme=Population%20and%20Employment,source_reported_unharmonized
e0221_23_7705749b2e,population,In-migration rate,Immigration rate,VN_SRC_SOCTRANG,Soc Trang,2018,annual,0.5,‰,not_specified,E0221-23,https://www.nso.gov.vn/en/px-web?pxid=E0221-23&theme=Population%20and%20Employment,source_reported_unharmonized
e0221_23_7705749b2e,population,In-migration rate,Immigration rate,VN_SRC_SOCTRANG,Soc Trang,2019,annual,1.2,‰,not_specified,E0221-23,https://www.nso.gov.vn/en/px-web?pxid=E0221-23&theme=Population%20and%20Employment,source_reported_unharmonized
e0221_23_7705749b2e,population,In-migration rate,Immigration rate,VN_SRC_SOCTRANG,Soc Trang,2020,annual,1.02,‰,not_specified,E0221-23,https://www.nso.gov.vn/en/px-web?pxid=E0221-23&theme=Population%20and%20Employment,source_reported_unharmonized
e0221_23_7705749b2e,population,In-migration rate,Immigration rate,VN_SRC_SOCTRANG,Soc Trang,2021,annual,0.93,‰,not_specified,E0221-23,https://www.nso.gov.vn/en/px-web?pxid=E0221-23&theme=Population%20and%20Employment,source_reported_unharmonized
e0221_23_7705749b2e,population,In-migration rate,Immigration rate,VN_SRC_SOCTRANG,Soc Trang,2022,annual,0.72,‰,not_specified,E0221-23,https://www.nso.gov.vn/en/px-web?pxid=E0221-23&theme=Population%20and%20Employment,source_reported_unharmonized
e0221_23_7705749b2e,population,In-migration rate,Immigration rate,VN_SRC_SOCTRANG,Soc Trang,2023,annual,2.52,‰,not_specified,E0221-23,https://www.nso.gov.vn/en/px-web?pxid=E0221-23&theme=Population%20and%20Employment,source_reported_unharmonized
e0221_23_7705749b2e,population,In-migration rate,Immigration rate,VN_SRC_SOCTRANG,Soc Trang,2024,annual,2.23,‰,not_specified,E0221-23,https://www.nso.gov.vn/en/px-web?pxid=E0221-23&theme=Population%20and%20Employment,source_reported_unharmonized
e0221_23_7705749b2e,population,In-migration rate,Immigration rate,VN_SRC_SOCTRANG,Soc Trang,2025,annual,0.62,‰,preliminary,E0221-23,https://www.nso.gov.vn/en/px-web?pxid=E0221-23&theme=Population%20and%20Employment,source_reported_unharmonized
e0221_23_7705749b2e,population,In-migration rate,Immigration rate,VN_SRC_BACLIEU,Bac Lieu,2005,annual,1.8,‰,not_specified,E0221-23,https://www.nso.gov.vn/en/px-web?pxid=E0221-23&theme=Population%20and%20Employment,source_reported_unharmonized
e0221_23_7705749b2e,population,In-migration rate,Immigration rate,VN_SRC_BACLIEU,Bac Lieu,2007,annual,1.6,‰,not_specified,E0221-23,https://www.nso.gov.vn/en/px-web?pxid=E0221-23&theme=Population%20and%20Employment,source_reported_unharmonized
e0221_23_7705749b2e,population,In-migration rate,Immigration rate,VN_SRC_BACLIEU,Bac Lieu,2008,annual,1.4,‰,not_specified,E0221-23,https://www.nso.gov.vn/en/px-web?pxid=E0221-23&theme=Population%20and%20Employment,source_reported_unharmonized
e0221_23_7705749b2e,population,In-migration rate,Immigration rate,VN_SRC_BACLIEU,Bac Lieu,2009,annual,1.5,‰,not_specified,E0221-23,https://www.nso.gov.vn/en/px-web?pxid=E0221-23&theme=Population%20and%20Employment,source_reported_unharmonized
e0221_23_7705749b2e,population,In-migration rate,Immigration rate,VN_SRC_BACLIEU,Bac Lieu,2010,annual,2.6,‰,not_specified,E0221-23,https://www.nso.gov.vn/en/px-web?pxid=E0221-23&theme=Population%20and%20Employment,source_reported_unharmonized
e0221_23_7705749b2e,population,In-migration rate,Immigration rate,VN_SRC_BACLIEU,Bac Lieu,2011,annual,3.0,‰,not_specified,E0221-23,https://www.nso.gov.vn/en/px-web?pxid=E0221-23&theme=Population%20and%20Employment,source_reported_unharmonized
e0221_23_7705749b2e,population,In-migration rate,Immigration rate,VN_SRC_BACLIEU,Bac Lieu,2012,annual,2.4,‰,not_specified,E0221-23,https://www.nso.gov.vn/en/px-web?pxid=E0221-23&theme=Population%20and%20Employment,source_reported_unharmonized
e0221_23_7705749b2e,population,In-migration rate,Immigration rate,VN_SRC_BACLIEU,Bac Lieu,2013,annual,2.5,‰,not_specified,E0221-23,https://www.nso.gov.vn/en/px-web?pxid=E0221-23&theme=Population%20and%20Employment,source_reported_unharmonized
e0221_23_7705749b2e,population,In-migration rate,Immigration rate,VN_SRC_BACLIEU,Bac Lieu,2014,annual,2.5,‰,not_specified,E0221-23,https://www.nso.gov.vn/en/px-web?pxid=E0221-23&theme=Population%20and%20Employment,source_reported_unharmonized
e0221_23_7705749b2e,population,In-migration rate,Immigration rate,VN_SRC_BACLIEU,Bac Lieu,2015,annual,1.3,‰,not_specified,E0221-23,https://www.nso.gov.vn/en/px-web?pxid=E0221-23&theme=Population%20and%20Employment,source_reported_unharmonized
e0221_23_7705749b2e,population,In-migration rate,Immigration rate,VN_SRC_BACLIEU,Bac Lieu,2016,annual,0.7,‰,not_specified,E0221-23,https://www.nso.gov.vn/en/px-web?pxid=E0221-23&theme=Population%20and%20Employment,source_reported_unharmonized
e0221_23_7705749b2e,population,In-migration rate,Immigration rate,VN_SRC_BACLIEU,Bac Lieu,2017,annual,0.4,‰,not_specified,E0221-23,https://www.nso.gov.vn/en/px-web?pxid=E0221-23&theme=Population%20and%20Employment,source_reported_unharmonized
e0221_23_7705749b2e,population,In-migration rate,Immigration rate,VN_SRC_BACLIEU,Bac Lieu,2018,annual,0.2,‰,not_specified,E0221-23,https://www.nso.gov.vn/en/px-web?pxid=E0221-23&theme=Population%20and%20Employment,source_reported_unharmonized
e0221_23_7705749b2e,population,In-migration rate,Immigration rate,VN_SRC_BACLIEU,Bac Lieu,2019,annual,1.4,‰,not_specified,E0221-23,https://www.nso.gov.vn/en/px-web?pxid=E0221-23&theme=Population%20and%20Employment,source_reported_unharmonized
e0221_23_7705749b2e,population,In-migration rate,Immigration rate,VN_SRC_BACLIEU,Bac Lieu,2020,annual,3.26,‰,not_specified,E0221-23,https://www.nso.gov.vn/en/px-web?pxid=E0221-23&theme=Population%20and%20Employment,source_reported_unharmonized
e0221_23_7705749b2e,population,In-migration rate,Immigration rate,VN_SRC_BACLIEU,Bac Lieu,2021,annual,0.31,‰,not_specified,E0221-23,https://www.nso.gov.vn/en/px-web?pxid=E0221-23&theme=Population%20and%20Employment,source_reported_unharmonized
e0221_23_7705749b2e,population,In-migration rate,Immigration rate,VN_SRC_BACLIEU,Bac Lieu,2022,annual,0.52,‰,not_specified,E0221-23,https://www.nso.gov.vn/en/px-web?pxid=E0221-23&theme=Population%20and%20Employment,source_reported_unharmonized
e0221_23_7705749b2e,population,In-migration rate,Immigration rate,VN_SRC_BACLIEU,Bac Lieu,2023,annual,4.39,‰,not_specified,E0221-23,https://www.nso.gov.vn/en/px-web?pxid=E0221-23&theme=Population%20and%20Employment,source_reported_unharmonized
e0221_23_7705749b2e,population,In-migration rate,Immigration rate,VN_SRC_BACLIEU,Bac Lieu,2024,annual,3.23,‰,not_specified,E0221-23,https://www.nso.gov.vn/en/px-web?pxid=E0221-23&theme=Population%20and%20Employment,source_reported_unharmonized
e0221_23_7705749b2e,population,In-migration rate,Immigration rate,VN_SRC_BACLIEU,Bac Lieu,2025,annual,0.97,‰,preliminary,E0221-23,https://www.nso.gov.vn/en/px-web?pxid=E0221-23&theme=Population%20and%20Employment,source_reported_unharmonized
e0221_23_7705749b2e,population,In-migration rate,Immigration rate,VN_SRC_CAMAU,Ca Mau,2005,annual,1.8,‰,not_specified,E0221-23,https://www.nso.gov.vn/en/px-web?pxid=E0221-23&theme=Population%20and%20Employment,source_reported_unharmonized
e0221_23_7705749b2e,population,In-migration rate,Immigration rate,VN_SRC_CAMAU,Ca Mau,2007,annual,0.6,‰,not_specified,E0221-23,https://www.nso.gov.vn/en/px-web?pxid=E0221-23&theme=Population%20and%20Employment,source_reported_unharmonized
e0221_23_7705749b2e,population,In-migration rate,Immigration rate,VN_SRC_CAMAU,Ca Mau,2008,annual,1.2,‰,not_specified,E0221-23,https://www.nso.gov.vn/en/px-web?pxid=E0221-23&theme=Population%20and%20Employment,source_reported_unharmonized
e0221_23_7705749b2e,population,In-migration rate,Immigration rate,VN_SRC_CAMAU,Ca Mau,2009,annual,1.4,‰,not_specified,E0221-23,https://www.nso.gov.vn/en/px-web?pxid=E0221-23&theme=Population%20and%20Employment,source_reported_unharmonized
e0221_23_7705749b2e,population,In-migration rate,Immigration rate,VN_SRC_CAMAU,Ca Mau,2010,annual,2.5,‰,not_specified,E0221-23,https://www.nso.gov.vn/en/px-web?pxid=E0221-23&theme=Population%20and%20Employment,source_reported_unharmonized
e0221_23_7705749b2e,population,In-migration rate,Immigration rate,VN_SRC_CAMAU,Ca Mau,2011,annual,4.2,‰,not_specified,E0221-23,https://www.nso.gov.vn/en/px-web?pxid=E0221-23&theme=Population%20and%20Employment,source_reported_unharmonized
e0221_23_7705749b2e,population,In-migration rate,Immigration rate,VN_SRC_CAMAU,Ca Mau,2012,annual,2.4,‰,not_specified,E0221-23,https://www.nso.gov.vn/en/px-web?pxid=E0221-23&theme=Population%20and%20Employment,source_reported_unharmonized
e0221_23_7705749b2e,population,In-migration rate,Immigration rate,VN_SRC_CAMAU,Ca Mau,2013,annual,2.9,‰,not_specified,E0221-23,https://www.nso.gov.vn/en/px-web?pxid=E0221-23&theme=Population%20and%20Employment,source_reported_unharmonized
e0221_23_7705749b2e,population,In-migration rate,Immigration rate,VN_SRC_CAMAU,Ca Mau,2014,annual,2.8,‰,not_specified,E0221-23,https://www.nso.gov.vn/en/px-web?pxid=E0221-23&theme=Population%20and%20Employment,source_reported_unharmonized
e0221_23_7705749b2e,population,In-migration rate,Immigration rate,VN_SRC_CAMAU,Ca Mau,2015,annual,0.5,‰,not_specified,E0221-23,https://www.nso.gov.vn/en/px-web?pxid=E0221-23&theme=Population%20and%20Employment,source_reported_unharmonized
e0221_23_7705749b2e,population,In-migration rate,Immigration rate,VN_SRC_CAMAU,Ca Mau,2016,annual,0.9,‰,not_specified,E0221-23,https://www.nso.gov.vn/en/px-web?pxid=E0221-23&theme=Population%20and%20Employment,source_reported_unharmonized
e0221_23_7705749b2e,population,In-migration rate,Immigration rate,VN_SRC_CAMAU,Ca Mau,2017,annual,0.1,‰,not_specified,E0221-23,https://www.nso.gov.vn/en/px-web?pxid=E0221-23&theme=Population%20and%20Employment,source_reported_unharmonized
e0221_23_7705749b2e,population,In-migration rate,Immigration rate,VN_SRC_CAMAU,Ca Mau,2018,annual,1.1,‰,not_specified,E0221-23,https://www.nso.gov.vn/en/px-web?pxid=E0221-23&theme=Population%20and%20Employment,source_reported_unharmonized
e0221_23_7705749b2e,population,In-migration rate,Immigration rate,VN_SRC_CAMAU,Ca Mau,2019,annual,1.3,‰,not_specified,E0221-23,https://www.nso.gov.vn/en/px-web?pxid=E0221-23&theme=Population%20and%20Employment,source_reported_unharmonized
e0221_23_7705749b2e,population,In-migration rate,Immigration rate,VN_SRC_CAMAU,Ca Mau,2020,annual,0.68,‰,not_specified,E0221-23,https://www.nso.gov.vn/en/px-web?pxid=E0221-23&theme=Population%20and%20Employment,source_reported_unharmonized
e0221_23_7705749b2e,population,In-migration rate,Immigration rate,VN_SRC_CAMAU,Ca Mau,2021,annual,0.82,‰,not_specified,E0221-23,https://www.nso.gov.vn/en/px-web?pxid=E0221-23&theme=Population%20and%20Employment,source_reported_unharmonized
e0221_23_7705749b2e,population,In-migration rate,Immigration rate,VN_SRC_CAMAU,Ca Mau,2022,annual,0.57,‰,not_specified,E0221-23,https://www.nso.gov.vn/en/px-web?pxid=E0221-23&theme=Population%20and%20Employment,source_reported_unharmonized
e0221_23_7705749b2e,population,In-migration rate,Immigration rate,VN_SRC_CAMAU,Ca Mau,2023,annual,0.44,‰,not_specified,E0221-23,https://www.nso.gov.vn/en/px-web?pxid=E0221-23&theme=Population%20and%20Employment,source_reported_unharmonized
e0221_23_7705749b2e,population,In-migration rate,Immigration rate,VN_SRC_CAMAU,Ca Mau,2024,annual,1.38,‰,not_specified,E0221-23,https://www.nso.gov.vn/en/px-web?pxid=E0221-23&theme=Population%20and%20Employment,source_reported_unharmonized
e0221_23_7705749b2e,population,In-migration rate,Immigration rate,VN_SRC_CAMAU,Ca Mau,2025,annual,0.66,‰,preliminary,E0221-23,https://www.nso.gov.vn/en/px-web?pxid=E0221-23&theme=Population%20and%20Employment,source_reported_unharmonized
