indicator_id,section,indicator,breakdown,province_code,province,period,period_type,value,unit,period_status,source_id,source_url,geography_version
e0538_c9b3c38247,enterprises,Profit before taxes of active enterprises having business outcomes by province,Total,VN_SRC_HANOI,Ha Noi,2010,annual,82761.0,Billion VND,not_specified,E0538,https://www.nso.gov.vn/en/px-web?pxid=E0538&theme=Enterprise,source_reported_unharmonized
e0538_c9b3c38247,enterprises,Profit before taxes of active enterprises having business outcomes by province,Total,VN_SRC_HANOI,Ha Noi,2015,annual,80437.0,Billion VND,not_specified,E0538,https://www.nso.gov.vn/en/px-web?pxid=E0538&theme=Enterprise,source_reported_unharmonized
e0538_c9b3c38247,enterprises,Profit before taxes of active enterprises having business outcomes by province,Total,VN_SRC_HANOI,Ha Noi,2016,annual,87961.0,Billion VND,not_specified,E0538,https://www.nso.gov.vn/en/px-web?pxid=E0538&theme=Enterprise,source_reported_unharmonized
e0538_c9b3c38247,enterprises,Profit before taxes of active enterprises having business outcomes by province,Total,VN_SRC_HANOI,Ha Noi,2017,annual,129363.0,Billion VND,not_specified,E0538,https://www.nso.gov.vn/en/px-web?pxid=E0538&theme=Enterprise,source_reported_unharmonized
e0538_c9b3c38247,enterprises,Profit before taxes of active enterprises having business outcomes by province,Total,VN_SRC_HANOI,Ha Noi,2018,annual,144662.4,Billion VND,not_specified,E0538,https://www.nso.gov.vn/en/px-web?pxid=E0538&theme=Enterprise,source_reported_unharmonized
e0538_c9b3c38247,enterprises,Profit before taxes of active enterprises having business outcomes by province,Total,VN_SRC_HANOI,Ha Noi,2019,annual,167994.25,Billion VND,not_specified,E0538,https://www.nso.gov.vn/en/px-web?pxid=E0538&theme=Enterprise,source_reported_unharmonized
e0538_c9b3c38247,enterprises,Profit before taxes of active enterprises having business outcomes by province,Total,VN_SRC_HANOI,Ha Noi,2020,annual,175870.07,Billion VND,not_specified,E0538,https://www.nso.gov.vn/en/px-web?pxid=E0538&theme=Enterprise,source_reported_unharmonized
e0538_c9b3c38247,enterprises,Profit before taxes of active enterprises having business outcomes by province,Total,VN_SRC_HANOI,Ha Noi,2021,annual,273028.61,Billion VND,not_specified,E0538,https://www.nso.gov.vn/en/px-web?pxid=E0538&theme=Enterprise,source_reported_unharmonized
e0538_c9b3c38247,enterprises,Profit before taxes of active enterprises having business outcomes by province,Total,VN_SRC_HANOI,Ha Noi,2022,annual,317675.27,Billion VND,not_specified,E0538,https://www.nso.gov.vn/en/px-web?pxid=E0538&theme=Enterprise,source_reported_unharmonized
e0538_c9b3c38247,enterprises,Profit before taxes of active enterprises having business outcomes by province,Total,VN_SRC_HANOI,Ha Noi,2023,annual,241752.64,Billion VND,not_specified,E0538,https://www.nso.gov.vn/en/px-web?pxid=E0538&theme=Enterprise,source_reported_unharmonized
e0538_c9b3c38247,enterprises,Profit before taxes of active enterprises having business outcomes by province,Total,VN_SRC_HANOI,Ha Noi,2024,annual,304275.7,Billion VND,not_specified,E0538,https://www.nso.gov.vn/en/px-web?pxid=E0538&theme=Enterprise,source_reported_unharmonized
e0538_c9b3c38247,enterprises,Profit before taxes of active enterprises having business outcomes by province,Total,VN_SRC_VINHPHUC,Vinh Phuc,2010,annual,6590.0,Billion VND,not_specified,E0538,https://www.nso.gov.vn/en/px-web?pxid=E0538&theme=Enterprise,source_reported_unharmonized
e0538_c9b3c38247,enterprises,Profit before taxes of active enterprises having business outcomes by province,Total,VN_SRC_VINHPHUC,Vinh Phuc,2015,annual,24239.0,Billion VND,not_specified,E0538,https://www.nso.gov.vn/en/px-web?pxid=E0538&theme=Enterprise,source_reported_unharmonized
e0538_c9b3c38247,enterprises,Profit before taxes of active enterprises having business outcomes by province,Total,VN_SRC_VINHPHUC,Vinh Phuc,2016,annual,28619.0,Billion VND,not_specified,E0538,https://www.nso.gov.vn/en/px-web?pxid=E0538&theme=Enterprise,source_reported_unharmonized
e0538_c9b3c38247,enterprises,Profit before taxes of active enterprises having business outcomes by province,Total,VN_SRC_VINHPHUC,Vinh Phuc,2017,annual,27816.0,Billion VND,not_specified,E0538,https://www.nso.gov.vn/en/px-web?pxid=E0538&theme=Enterprise,source_reported_unharmonized
e0538_c9b3c38247,enterprises,Profit before taxes of active enterprises having business outcomes by province,Total,VN_SRC_VINHPHUC,Vinh Phuc,2018,annual,35503.57,Billion VND,not_specified,E0538,https://www.nso.gov.vn/en/px-web?pxid=E0538&theme=Enterprise,source_reported_unharmonized
e0538_c9b3c38247,enterprises,Profit before taxes of active enterprises having business outcomes by province,Total,VN_SRC_VINHPHUC,Vinh Phuc,2019,annual,36799.87,Billion VND,not_specified,E0538,https://www.nso.gov.vn/en/px-web?pxid=E0538&theme=Enterprise,source_reported_unharmonized
e0538_c9b3c38247,enterprises,Profit before taxes of active enterprises having business outcomes by province,Total,VN_SRC_VINHPHUC,Vinh Phuc,2020,annual,31178.33,Billion VND,not_specified,E0538,https://www.nso.gov.vn/en/px-web?pxid=E0538&theme=Enterprise,source_reported_unharmonized
e0538_c9b3c38247,enterprises,Profit before taxes of active enterprises having business outcomes by province,Total,VN_SRC_VINHPHUC,Vinh Phuc,2021,annual,31142.67,Billion VND,not_specified,E0538,https://www.nso.gov.vn/en/px-web?pxid=E0538&theme=Enterprise,source_reported_unharmonized
e0538_c9b3c38247,enterprises,Profit before taxes of active enterprises having business outcomes by province,Total,VN_SRC_VINHPHUC,Vinh Phuc,2022,annual,39045.98,Billion VND,not_specified,E0538,https://www.nso.gov.vn/en/px-web?pxid=E0538&theme=Enterprise,source_reported_unharmonized
e0538_c9b3c38247,enterprises,Profit before taxes of active enterprises having business outcomes by province,Total,VN_SRC_VINHPHUC,Vinh Phuc,2023,annual,33641.43,Billion VND,not_specified,E0538,https://www.nso.gov.vn/en/px-web?pxid=E0538&theme=Enterprise,source_reported_unharmonized
e0538_c9b3c38247,enterprises,Profit before taxes of active enterprises having business outcomes by province,Total,VN_SRC_VINHPHUC,Vinh Phuc,2024,annual,30987.18,Billion VND,not_specified,E0538,https://www.nso.gov.vn/en/px-web?pxid=E0538&theme=Enterprise,source_reported_unharmonized
e0538_c9b3c38247,enterprises,Profit before taxes of active enterprises having business outcomes by province,Total,VN_SRC_BACNINH,Bac Ninh,2010,annual,3777.0,Billion VND,not_specified,E0538,https://www.nso.gov.vn/en/px-web?pxid=E0538&theme=Enterprise,source_reported_unharmonized
e0538_c9b3c38247,enterprises,Profit before taxes of active enterprises having business outcomes by province,Total,VN_SRC_BACNINH,Bac Ninh,2015,annual,45329.0,Billion VND,not_specified,E0538,https://www.nso.gov.vn/en/px-web?pxid=E0538&theme=Enterprise,source_reported_unharmonized
e0538_c9b3c38247,enterprises,Profit before taxes of active enterprises having business outcomes by province,Total,VN_SRC_BACNINH,Bac Ninh,2016,annual,49596.0,Billion VND,not_specified,E0538,https://www.nso.gov.vn/en/px-web?pxid=E0538&theme=Enterprise,source_reported_unharmonized
e0538_c9b3c38247,enterprises,Profit before taxes of active enterprises having business outcomes by province,Total,VN_SRC_BACNINH,Bac Ninh,2017,annual,83570.0,Billion VND,not_specified,E0538,https://www.nso.gov.vn/en/px-web?pxid=E0538&theme=Enterprise,source_reported_unharmonized
e0538_c9b3c38247,enterprises,Profit before taxes of active enterprises having business outcomes by province,Total,VN_SRC_BACNINH,Bac Ninh,2018,annual,78434.13,Billion VND,not_specified,E0538,https://www.nso.gov.vn/en/px-web?pxid=E0538&theme=Enterprise,source_reported_unharmonized
e0538_c9b3c38247,enterprises,Profit before taxes of active enterprises having business outcomes by province,Total,VN_SRC_BACNINH,Bac Ninh,2019,annual,67228.72,Billion VND,not_specified,E0538,https://www.nso.gov.vn/en/px-web?pxid=E0538&theme=Enterprise,source_reported_unharmonized
e0538_c9b3c38247,enterprises,Profit before taxes of active enterprises having business outcomes by province,Total,VN_SRC_BACNINH,Bac Ninh,2020,annual,66826.98,Billion VND,not_specified,E0538,https://www.nso.gov.vn/en/px-web?pxid=E0538&theme=Enterprise,source_reported_unharmonized
e0538_c9b3c38247,enterprises,Profit before taxes of active enterprises having business outcomes by province,Total,VN_SRC_BACNINH,Bac Ninh,2021,annual,77026.35,Billion VND,not_specified,E0538,https://www.nso.gov.vn/en/px-web?pxid=E0538&theme=Enterprise,source_reported_unharmonized
e0538_c9b3c38247,enterprises,Profit before taxes of active enterprises having business outcomes by province,Total,VN_SRC_BACNINH,Bac Ninh,2022,annual,82020.29,Billion VND,not_specified,E0538,https://www.nso.gov.vn/en/px-web?pxid=E0538&theme=Enterprise,source_reported_unharmonized
e0538_c9b3c38247,enterprises,Profit before taxes of active enterprises having business outcomes by province,Total,VN_SRC_BACNINH,Bac Ninh,2023,annual,75055.93,Billion VND,not_specified,E0538,https://www.nso.gov.vn/en/px-web?pxid=E0538&theme=Enterprise,source_reported_unharmonized
e0538_c9b3c38247,enterprises,Profit before taxes of active enterprises having business outcomes by province,Total,VN_SRC_BACNINH,Bac Ninh,2024,annual,80674.5,Billion VND,not_specified,E0538,https://www.nso.gov.vn/en/px-web?pxid=E0538&theme=Enterprise,source_reported_unharmonized
e0538_c9b3c38247,enterprises,Profit before taxes of active enterprises having business outcomes by province,Total,VN_SRC_QUANGNINH,Quang Ninh,2010,annual,1369.0,Billion VND,not_specified,E0538,https://www.nso.gov.vn/en/px-web?pxid=E0538&theme=Enterprise,source_reported_unharmonized
e0538_c9b3c38247,enterprises,Profit before taxes of active enterprises having business outcomes by province,Total,VN_SRC_QUANGNINH,Quang Ninh,2015,annual,1581.0,Billion VND,not_specified,E0538,https://www.nso.gov.vn/en/px-web?pxid=E0538&theme=Enterprise,source_reported_unharmonized
e0538_c9b3c38247,enterprises,Profit before taxes of active enterprises having business outcomes by province,Total,VN_SRC_QUANGNINH,Quang Ninh,2016,annual,5441.0,Billion VND,not_specified,E0538,https://www.nso.gov.vn/en/px-web?pxid=E0538&theme=Enterprise,source_reported_unharmonized
e0538_c9b3c38247,enterprises,Profit before taxes of active enterprises having business outcomes by province,Total,VN_SRC_QUANGNINH,Quang Ninh,2017,annual,8654.0,Billion VND,not_specified,E0538,https://www.nso.gov.vn/en/px-web?pxid=E0538&theme=Enterprise,source_reported_unharmonized
e0538_c9b3c38247,enterprises,Profit before taxes of active enterprises having business outcomes by province,Total,VN_SRC_QUANGNINH,Quang Ninh,2018,annual,6411.8,Billion VND,not_specified,E0538,https://www.nso.gov.vn/en/px-web?pxid=E0538&theme=Enterprise,source_reported_unharmonized
e0538_c9b3c38247,enterprises,Profit before taxes of active enterprises having business outcomes by province,Total,VN_SRC_QUANGNINH,Quang Ninh,2019,annual,9213.77,Billion VND,not_specified,E0538,https://www.nso.gov.vn/en/px-web?pxid=E0538&theme=Enterprise,source_reported_unharmonized
e0538_c9b3c38247,enterprises,Profit before taxes of active enterprises having business outcomes by province,Total,VN_SRC_QUANGNINH,Quang Ninh,2020,annual,11793.16,Billion VND,not_specified,E0538,https://www.nso.gov.vn/en/px-web?pxid=E0538&theme=Enterprise,source_reported_unharmonized
e0538_c9b3c38247,enterprises,Profit before taxes of active enterprises having business outcomes by province,Total,VN_SRC_QUANGNINH,Quang Ninh,2021,annual,14900.36,Billion VND,not_specified,E0538,https://www.nso.gov.vn/en/px-web?pxid=E0538&theme=Enterprise,source_reported_unharmonized
e0538_c9b3c38247,enterprises,Profit before taxes of active enterprises having business outcomes by province,Total,VN_SRC_QUANGNINH,Quang Ninh,2022,annual,15069.72,Billion VND,not_specified,E0538,https://www.nso.gov.vn/en/px-web?pxid=E0538&theme=Enterprise,source_reported_unharmonized
e0538_c9b3c38247,enterprises,Profit before taxes of active enterprises having business outcomes by province,Total,VN_SRC_QUANGNINH,Quang Ninh,2023,annual,13811.0,Billion VND,not_specified,E0538,https://www.nso.gov.vn/en/px-web?pxid=E0538&theme=Enterprise,source_reported_unharmonized
e0538_c9b3c38247,enterprises,Profit before taxes of active enterprises having business outcomes by province,Total,VN_SRC_QUANGNINH,Quang Ninh,2024,annual,16180.34,Billion VND,not_specified,E0538,https://www.nso.gov.vn/en/px-web?pxid=E0538&theme=Enterprise,source_reported_unharmonized
e0538_c9b3c38247,enterprises,Profit before taxes of active enterprises having business outcomes by province,Total,VN_SRC_HAIDUONG,Hai Duong,2010,annual,1825.0,Billion VND,not_specified,E0538,https://www.nso.gov.vn/en/px-web?pxid=E0538&theme=Enterprise,source_reported_unharmonized
e0538_c9b3c38247,enterprises,Profit before taxes of active enterprises having business outcomes by province,Total,VN_SRC_HAIDUONG,Hai Duong,2015,annual,7486.0,Billion VND,not_specified,E0538,https://www.nso.gov.vn/en/px-web?pxid=E0538&theme=Enterprise,source_reported_unharmonized
e0538_c9b3c38247,enterprises,Profit before taxes of active enterprises having business outcomes by province,Total,VN_SRC_HAIDUONG,Hai Duong,2016,annual,8751.0,Billion VND,not_specified,E0538,https://www.nso.gov.vn/en/px-web?pxid=E0538&theme=Enterprise,source_reported_unharmonized
e0538_c9b3c38247,enterprises,Profit before taxes of active enterprises having business outcomes by province,Total,VN_SRC_HAIDUONG,Hai Duong,2017,annual,12424.0,Billion VND,not_specified,E0538,https://www.nso.gov.vn/en/px-web?pxid=E0538&theme=Enterprise,source_reported_unharmonized
e0538_c9b3c38247,enterprises,Profit before taxes of active enterprises having business outcomes by province,Total,VN_SRC_HAIDUONG,Hai Duong,2018,annual,15279.19,Billion VND,not_specified,E0538,https://www.nso.gov.vn/en/px-web?pxid=E0538&theme=Enterprise,source_reported_unharmonized
e0538_c9b3c38247,enterprises,Profit before taxes of active enterprises having business outcomes by province,Total,VN_SRC_HAIDUONG,Hai Duong,2019,annual,12723.12,Billion VND,not_specified,E0538,https://www.nso.gov.vn/en/px-web?pxid=E0538&theme=Enterprise,source_reported_unharmonized
e0538_c9b3c38247,enterprises,Profit before taxes of active enterprises having business outcomes by province,Total,VN_SRC_HAIDUONG,Hai Duong,2020,annual,13914.63,Billion VND,not_specified,E0538,https://www.nso.gov.vn/en/px-web?pxid=E0538&theme=Enterprise,source_reported_unharmonized
e0538_c9b3c38247,enterprises,Profit before taxes of active enterprises having business outcomes by province,Total,VN_SRC_HAIDUONG,Hai Duong,2021,annual,22289.3,Billion VND,not_specified,E0538,https://www.nso.gov.vn/en/px-web?pxid=E0538&theme=Enterprise,source_reported_unharmonized
e0538_c9b3c38247,enterprises,Profit before taxes of active enterprises having business outcomes by province,Total,VN_SRC_HAIDUONG,Hai Duong,2022,annual,16439.56,Billion VND,not_specified,E0538,https://www.nso.gov.vn/en/px-web?pxid=E0538&theme=Enterprise,source_reported_unharmonized
e0538_c9b3c38247,enterprises,Profit before taxes of active enterprises having business outcomes by province,Total,VN_SRC_HAIDUONG,Hai Duong,2023,annual,18009.99,Billion VND,not_specified,E0538,https://www.nso.gov.vn/en/px-web?pxid=E0538&theme=Enterprise,source_reported_unharmonized
e0538_c9b3c38247,enterprises,Profit before taxes of active enterprises having business outcomes by province,Total,VN_SRC_HAIDUONG,Hai Duong,2024,annual,27117.68,Billion VND,not_specified,E0538,https://www.nso.gov.vn/en/px-web?pxid=E0538&theme=Enterprise,source_reported_unharmonized
e0538_c9b3c38247,enterprises,Profit before taxes of active enterprises having business outcomes by province,Total,VN_SRC_HAIPHONG,Hai Phong,2010,annual,1602.0,Billion VND,not_specified,E0538,https://www.nso.gov.vn/en/px-web?pxid=E0538&theme=Enterprise,source_reported_unharmonized
e0538_c9b3c38247,enterprises,Profit before taxes of active enterprises having business outcomes by province,Total,VN_SRC_HAIPHONG,Hai Phong,2015,annual,-1780.0,Billion VND,not_specified,E0538,https://www.nso.gov.vn/en/px-web?pxid=E0538&theme=Enterprise,source_reported_unharmonized
e0538_c9b3c38247,enterprises,Profit before taxes of active enterprises having business outcomes by province,Total,VN_SRC_HAIPHONG,Hai Phong,2016,annual,7279.0,Billion VND,not_specified,E0538,https://www.nso.gov.vn/en/px-web?pxid=E0538&theme=Enterprise,source_reported_unharmonized
e0538_c9b3c38247,enterprises,Profit before taxes of active enterprises having business outcomes by province,Total,VN_SRC_HAIPHONG,Hai Phong,2017,annual,9490.0,Billion VND,not_specified,E0538,https://www.nso.gov.vn/en/px-web?pxid=E0538&theme=Enterprise,source_reported_unharmonized
e0538_c9b3c38247,enterprises,Profit before taxes of active enterprises having business outcomes by province,Total,VN_SRC_HAIPHONG,Hai Phong,2018,annual,10700.55,Billion VND,not_specified,E0538,https://www.nso.gov.vn/en/px-web?pxid=E0538&theme=Enterprise,source_reported_unharmonized
e0538_c9b3c38247,enterprises,Profit before taxes of active enterprises having business outcomes by province,Total,VN_SRC_HAIPHONG,Hai Phong,2019,annual,15320.95,Billion VND,not_specified,E0538,https://www.nso.gov.vn/en/px-web?pxid=E0538&theme=Enterprise,source_reported_unharmonized
e0538_c9b3c38247,enterprises,Profit before taxes of active enterprises having business outcomes by province,Total,VN_SRC_HAIPHONG,Hai Phong,2020,annual,8001.01,Billion VND,not_specified,E0538,https://www.nso.gov.vn/en/px-web?pxid=E0538&theme=Enterprise,source_reported_unharmonized
e0538_c9b3c38247,enterprises,Profit before taxes of active enterprises having business outcomes by province,Total,VN_SRC_HAIPHONG,Hai Phong,2021,annual,5332.8,Billion VND,not_specified,E0538,https://www.nso.gov.vn/en/px-web?pxid=E0538&theme=Enterprise,source_reported_unharmonized
e0538_c9b3c38247,enterprises,Profit before taxes of active enterprises having business outcomes by province,Total,VN_SRC_HAIPHONG,Hai Phong,2022,annual,2305.92,Billion VND,not_specified,E0538,https://www.nso.gov.vn/en/px-web?pxid=E0538&theme=Enterprise,source_reported_unharmonized
e0538_c9b3c38247,enterprises,Profit before taxes of active enterprises having business outcomes by province,Total,VN_SRC_HAIPHONG,Hai Phong,2023,annual,14297.11,Billion VND,not_specified,E0538,https://www.nso.gov.vn/en/px-web?pxid=E0538&theme=Enterprise,source_reported_unharmonized
e0538_c9b3c38247,enterprises,Profit before taxes of active enterprises having business outcomes by province,Total,VN_SRC_HAIPHONG,Hai Phong,2024,annual,21762.5,Billion VND,not_specified,E0538,https://www.nso.gov.vn/en/px-web?pxid=E0538&theme=Enterprise,source_reported_unharmonized
e0538_c9b3c38247,enterprises,Profit before taxes of active enterprises having business outcomes by province,Total,VN_SRC_HUNGYEN,Hung Yen,2010,annual,-3218.0,Billion VND,not_specified,E0538,https://www.nso.gov.vn/en/px-web?pxid=E0538&theme=Enterprise,source_reported_unharmonized
e0538_c9b3c38247,enterprises,Profit before taxes of active enterprises having business outcomes by province,Total,VN_SRC_HUNGYEN,Hung Yen,2015,annual,2067.0,Billion VND,not_specified,E0538,https://www.nso.gov.vn/en/px-web?pxid=E0538&theme=Enterprise,source_reported_unharmonized
e0538_c9b3c38247,enterprises,Profit before taxes of active enterprises having business outcomes by province,Total,VN_SRC_HUNGYEN,Hung Yen,2016,annual,1515.0,Billion VND,not_specified,E0538,https://www.nso.gov.vn/en/px-web?pxid=E0538&theme=Enterprise,source_reported_unharmonized
e0538_c9b3c38247,enterprises,Profit before taxes of active enterprises having business outcomes by province,Total,VN_SRC_HUNGYEN,Hung Yen,2017,annual,10506.0,Billion VND,not_specified,E0538,https://www.nso.gov.vn/en/px-web?pxid=E0538&theme=Enterprise,source_reported_unharmonized
e0538_c9b3c38247,enterprises,Profit before taxes of active enterprises having business outcomes by province,Total,VN_SRC_HUNGYEN,Hung Yen,2018,annual,8510.03,Billion VND,not_specified,E0538,https://www.nso.gov.vn/en/px-web?pxid=E0538&theme=Enterprise,source_reported_unharmonized
e0538_c9b3c38247,enterprises,Profit before taxes of active enterprises having business outcomes by province,Total,VN_SRC_HUNGYEN,Hung Yen,2019,annual,7357.27,Billion VND,not_specified,E0538,https://www.nso.gov.vn/en/px-web?pxid=E0538&theme=Enterprise,source_reported_unharmonized
e0538_c9b3c38247,enterprises,Profit before taxes of active enterprises having business outcomes by province,Total,VN_SRC_HUNGYEN,Hung Yen,2020,annual,11753.46,Billion VND,not_specified,E0538,https://www.nso.gov.vn/en/px-web?pxid=E0538&theme=Enterprise,source_reported_unharmonized
e0538_c9b3c38247,enterprises,Profit before taxes of active enterprises having business outcomes by province,Total,VN_SRC_HUNGYEN,Hung Yen,2021,annual,18373.31,Billion VND,not_specified,E0538,https://www.nso.gov.vn/en/px-web?pxid=E0538&theme=Enterprise,source_reported_unharmonized
e0538_c9b3c38247,enterprises,Profit before taxes of active enterprises having business outcomes by province,Total,VN_SRC_HUNGYEN,Hung Yen,2022,annual,38340.28,Billion VND,not_specified,E0538,https://www.nso.gov.vn/en/px-web?pxid=E0538&theme=Enterprise,source_reported_unharmonized
e0538_c9b3c38247,enterprises,Profit before taxes of active enterprises having business outcomes by province,Total,VN_SRC_HUNGYEN,Hung Yen,2023,annual,43798.54,Billion VND,not_specified,E0538,https://www.nso.gov.vn/en/px-web?pxid=E0538&theme=Enterprise,source_reported_unharmonized
e0538_c9b3c38247,enterprises,Profit before taxes of active enterprises having business outcomes by province,Total,VN_SRC_HUNGYEN,Hung Yen,2024,annual,46662.91,Billion VND,not_specified,E0538,https://www.nso.gov.vn/en/px-web?pxid=E0538&theme=Enterprise,source_reported_unharmonized
e0538_c9b3c38247,enterprises,Profit before taxes of active enterprises having business outcomes by province,Total,VN_SRC_THAIBINH,Thai Binh,2010,annual,215.0,Billion VND,not_specified,E0538,https://www.nso.gov.vn/en/px-web?pxid=E0538&theme=Enterprise,source_reported_unharmonized
e0538_c9b3c38247,enterprises,Profit before taxes of active enterprises having business outcomes by province,Total,VN_SRC_THAIBINH,Thai Binh,2015,annual,-744.0,Billion VND,not_specified,E0538,https://www.nso.gov.vn/en/px-web?pxid=E0538&theme=Enterprise,source_reported_unharmonized
e0538_c9b3c38247,enterprises,Profit before taxes of active enterprises having business outcomes by province,Total,VN_SRC_THAIBINH,Thai Binh,2016,annual,151.0,Billion VND,not_specified,E0538,https://www.nso.gov.vn/en/px-web?pxid=E0538&theme=Enterprise,source_reported_unharmonized
e0538_c9b3c38247,enterprises,Profit before taxes of active enterprises having business outcomes by province,Total,VN_SRC_THAIBINH,Thai Binh,2017,annual,635.0,Billion VND,not_specified,E0538,https://www.nso.gov.vn/en/px-web?pxid=E0538&theme=Enterprise,source_reported_unharmonized
e0538_c9b3c38247,enterprises,Profit before taxes of active enterprises having business outcomes by province,Total,VN_SRC_THAIBINH,Thai Binh,2018,annual,-813.25,Billion VND,not_specified,E0538,https://www.nso.gov.vn/en/px-web?pxid=E0538&theme=Enterprise,source_reported_unharmonized
e0538_c9b3c38247,enterprises,Profit before taxes of active enterprises having business outcomes by province,Total,VN_SRC_THAIBINH,Thai Binh,2019,annual,-737.14,Billion VND,not_specified,E0538,https://www.nso.gov.vn/en/px-web?pxid=E0538&theme=Enterprise,source_reported_unharmonized
e0538_c9b3c38247,enterprises,Profit before taxes of active enterprises having business outcomes by province,Total,VN_SRC_THAIBINH,Thai Binh,2020,annual,-2275.53,Billion VND,not_specified,E0538,https://www.nso.gov.vn/en/px-web?pxid=E0538&theme=Enterprise,source_reported_unharmonized
e0538_c9b3c38247,enterprises,Profit before taxes of active enterprises having business outcomes by province,Total,VN_SRC_THAIBINH,Thai Binh,2021,annual,-621.39,Billion VND,not_specified,E0538,https://www.nso.gov.vn/en/px-web?pxid=E0538&theme=Enterprise,source_reported_unharmonized
e0538_c9b3c38247,enterprises,Profit before taxes of active enterprises having business outcomes by province,Total,VN_SRC_THAIBINH,Thai Binh,2022,annual,-2887.54,Billion VND,not_specified,E0538,https://www.nso.gov.vn/en/px-web?pxid=E0538&theme=Enterprise,source_reported_unharmonized
e0538_c9b3c38247,enterprises,Profit before taxes of active enterprises having business outcomes by province,Total,VN_SRC_THAIBINH,Thai Binh,2023,annual,-1795.47,Billion VND,not_specified,E0538,https://www.nso.gov.vn/en/px-web?pxid=E0538&theme=Enterprise,source_reported_unharmonized
e0538_c9b3c38247,enterprises,Profit before taxes of active enterprises having business outcomes by province,Total,VN_SRC_THAIBINH,Thai Binh,2024,annual,887.28,Billion VND,not_specified,E0538,https://www.nso.gov.vn/en/px-web?pxid=E0538&theme=Enterprise,source_reported_unharmonized
e0538_c9b3c38247,enterprises,Profit before taxes of active enterprises having business outcomes by province,Total,VN_SRC_HANAM,Ha Nam,2010,annual,530.0,Billion VND,not_specified,E0538,https://www.nso.gov.vn/en/px-web?pxid=E0538&theme=Enterprise,source_reported_unharmonized
e0538_c9b3c38247,enterprises,Profit before taxes of active enterprises having business outcomes by province,Total,VN_SRC_HANAM,Ha Nam,2015,annual,1225.0,Billion VND,not_specified,E0538,https://www.nso.gov.vn/en/px-web?pxid=E0538&theme=Enterprise,source_reported_unharmonized
e0538_c9b3c38247,enterprises,Profit before taxes of active enterprises having business outcomes by province,Total,VN_SRC_HANAM,Ha Nam,2016,annual,1510.0,Billion VND,not_specified,E0538,https://www.nso.gov.vn/en/px-web?pxid=E0538&theme=Enterprise,source_reported_unharmonized
e0538_c9b3c38247,enterprises,Profit before taxes of active enterprises having business outcomes by province,Total,VN_SRC_HANAM,Ha Nam,2017,annual,1742.0,Billion VND,not_specified,E0538,https://www.nso.gov.vn/en/px-web?pxid=E0538&theme=Enterprise,source_reported_unharmonized
e0538_c9b3c38247,enterprises,Profit before taxes of active enterprises having business outcomes by province,Total,VN_SRC_HANAM,Ha Nam,2018,annual,1659.22,Billion VND,not_specified,E0538,https://www.nso.gov.vn/en/px-web?pxid=E0538&theme=Enterprise,source_reported_unharmonized
e0538_c9b3c38247,enterprises,Profit before taxes of active enterprises having business outcomes by province,Total,VN_SRC_HANAM,Ha Nam,2019,annual,1316.31,Billion VND,not_specified,E0538,https://www.nso.gov.vn/en/px-web?pxid=E0538&theme=Enterprise,source_reported_unharmonized
e0538_c9b3c38247,enterprises,Profit before taxes of active enterprises having business outcomes by province,Total,VN_SRC_HANAM,Ha Nam,2020,annual,1645.88,Billion VND,not_specified,E0538,https://www.nso.gov.vn/en/px-web?pxid=E0538&theme=Enterprise,source_reported_unharmonized
e0538_c9b3c38247,enterprises,Profit before taxes of active enterprises having business outcomes by province,Total,VN_SRC_HANAM,Ha Nam,2021,annual,2986.07,Billion VND,not_specified,E0538,https://www.nso.gov.vn/en/px-web?pxid=E0538&theme=Enterprise,source_reported_unharmonized
e0538_c9b3c38247,enterprises,Profit before taxes of active enterprises having business outcomes by province,Total,VN_SRC_HANAM,Ha Nam,2022,annual,3242.63,Billion VND,not_specified,E0538,https://www.nso.gov.vn/en/px-web?pxid=E0538&theme=Enterprise,source_reported_unharmonized
e0538_c9b3c38247,enterprises,Profit before taxes of active enterprises having business outcomes by province,Total,VN_SRC_HANAM,Ha Nam,2023,annual,1778.56,Billion VND,not_specified,E0538,https://www.nso.gov.vn/en/px-web?pxid=E0538&theme=Enterprise,source_reported_unharmonized
e0538_c9b3c38247,enterprises,Profit before taxes of active enterprises having business outcomes by province,Total,VN_SRC_HANAM,Ha Nam,2024,annual,2394.35,Billion VND,not_specified,E0538,https://www.nso.gov.vn/en/px-web?pxid=E0538&theme=Enterprise,source_reported_unharmonized
e0538_c9b3c38247,enterprises,Profit before taxes of active enterprises having business outcomes by province,Total,VN_SRC_NAMDINH,Nam Dinh,2010,annual,498.0,Billion VND,not_specified,E0538,https://www.nso.gov.vn/en/px-web?pxid=E0538&theme=Enterprise,source_reported_unharmonized
e0538_c9b3c38247,enterprises,Profit before taxes of active enterprises having business outcomes by province,Total,VN_SRC_NAMDINH,Nam Dinh,2015,annual,367.0,Billion VND,not_specified,E0538,https://www.nso.gov.vn/en/px-web?pxid=E0538&theme=Enterprise,source_reported_unharmonized
e0538_c9b3c38247,enterprises,Profit before taxes of active enterprises having business outcomes by province,Total,VN_SRC_NAMDINH,Nam Dinh,2016,annual,198.0,Billion VND,not_specified,E0538,https://www.nso.gov.vn/en/px-web?pxid=E0538&theme=Enterprise,source_reported_unharmonized
e0538_c9b3c38247,enterprises,Profit before taxes of active enterprises having business outcomes by province,Total,VN_SRC_NAMDINH,Nam Dinh,2017,annual,1078.0,Billion VND,not_specified,E0538,https://www.nso.gov.vn/en/px-web?pxid=E0538&theme=Enterprise,source_reported_unharmonized
e0538_c9b3c38247,enterprises,Profit before taxes of active enterprises having business outcomes by province,Total,VN_SRC_NAMDINH,Nam Dinh,2018,annual,181.42,Billion VND,not_specified,E0538,https://www.nso.gov.vn/en/px-web?pxid=E0538&theme=Enterprise,source_reported_unharmonized
e0538_c9b3c38247,enterprises,Profit before taxes of active enterprises having business outcomes by province,Total,VN_SRC_NAMDINH,Nam Dinh,2019,annual,645.73,Billion VND,not_specified,E0538,https://www.nso.gov.vn/en/px-web?pxid=E0538&theme=Enterprise,source_reported_unharmonized
e0538_c9b3c38247,enterprises,Profit before taxes of active enterprises having business outcomes by province,Total,VN_SRC_NAMDINH,Nam Dinh,2020,annual,926.04,Billion VND,not_specified,E0538,https://www.nso.gov.vn/en/px-web?pxid=E0538&theme=Enterprise,source_reported_unharmonized
e0538_c9b3c38247,enterprises,Profit before taxes of active enterprises having business outcomes by province,Total,VN_SRC_NAMDINH,Nam Dinh,2021,annual,2141.99,Billion VND,not_specified,E0538,https://www.nso.gov.vn/en/px-web?pxid=E0538&theme=Enterprise,source_reported_unharmonized
e0538_c9b3c38247,enterprises,Profit before taxes of active enterprises having business outcomes by province,Total,VN_SRC_NAMDINH,Nam Dinh,2022,annual,2239.49,Billion VND,not_specified,E0538,https://www.nso.gov.vn/en/px-web?pxid=E0538&theme=Enterprise,source_reported_unharmonized
e0538_c9b3c38247,enterprises,Profit before taxes of active enterprises having business outcomes by province,Total,VN_SRC_NAMDINH,Nam Dinh,2023,annual,382.73,Billion VND,not_specified,E0538,https://www.nso.gov.vn/en/px-web?pxid=E0538&theme=Enterprise,source_reported_unharmonized
e0538_c9b3c38247,enterprises,Profit before taxes of active enterprises having business outcomes by province,Total,VN_SRC_NAMDINH,Nam Dinh,2024,annual,2310.35,Billion VND,not_specified,E0538,https://www.nso.gov.vn/en/px-web?pxid=E0538&theme=Enterprise,source_reported_unharmonized
e0538_c9b3c38247,enterprises,Profit before taxes of active enterprises having business outcomes by province,Total,VN_SRC_NINHBINH,Ninh Binh,2010,annual,266.0,Billion VND,not_specified,E0538,https://www.nso.gov.vn/en/px-web?pxid=E0538&theme=Enterprise,source_reported_unharmonized
e0538_c9b3c38247,enterprises,Profit before taxes of active enterprises having business outcomes by province,Total,VN_SRC_NINHBINH,Ninh Binh,2015,annual,2215.0,Billion VND,not_specified,E0538,https://www.nso.gov.vn/en/px-web?pxid=E0538&theme=Enterprise,source_reported_unharmonized
e0538_c9b3c38247,enterprises,Profit before taxes of active enterprises having business outcomes by province,Total,VN_SRC_NINHBINH,Ninh Binh,2016,annual,436.0,Billion VND,not_specified,E0538,https://www.nso.gov.vn/en/px-web?pxid=E0538&theme=Enterprise,source_reported_unharmonized
e0538_c9b3c38247,enterprises,Profit before taxes of active enterprises having business outcomes by province,Total,VN_SRC_NINHBINH,Ninh Binh,2017,annual,-1182.0,Billion VND,not_specified,E0538,https://www.nso.gov.vn/en/px-web?pxid=E0538&theme=Enterprise,source_reported_unharmonized
e0538_c9b3c38247,enterprises,Profit before taxes of active enterprises having business outcomes by province,Total,VN_SRC_NINHBINH,Ninh Binh,2018,annual,-803.49,Billion VND,not_specified,E0538,https://www.nso.gov.vn/en/px-web?pxid=E0538&theme=Enterprise,source_reported_unharmonized
e0538_c9b3c38247,enterprises,Profit before taxes of active enterprises having business outcomes by province,Total,VN_SRC_NINHBINH,Ninh Binh,2019,annual,5524.78,Billion VND,not_specified,E0538,https://www.nso.gov.vn/en/px-web?pxid=E0538&theme=Enterprise,source_reported_unharmonized
e0538_c9b3c38247,enterprises,Profit before taxes of active enterprises having business outcomes by province,Total,VN_SRC_NINHBINH,Ninh Binh,2020,annual,5311.8,Billion VND,not_specified,E0538,https://www.nso.gov.vn/en/px-web?pxid=E0538&theme=Enterprise,source_reported_unharmonized
e0538_c9b3c38247,enterprises,Profit before taxes of active enterprises having business outcomes by province,Total,VN_SRC_NINHBINH,Ninh Binh,2021,annual,10110.47,Billion VND,not_specified,E0538,https://www.nso.gov.vn/en/px-web?pxid=E0538&theme=Enterprise,source_reported_unharmonized
e0538_c9b3c38247,enterprises,Profit before taxes of active enterprises having business outcomes by province,Total,VN_SRC_NINHBINH,Ninh Binh,2022,annual,9934.95,Billion VND,not_specified,E0538,https://www.nso.gov.vn/en/px-web?pxid=E0538&theme=Enterprise,source_reported_unharmonized
e0538_c9b3c38247,enterprises,Profit before taxes of active enterprises having business outcomes by province,Total,VN_SRC_NINHBINH,Ninh Binh,2023,annual,-499.65,Billion VND,not_specified,E0538,https://www.nso.gov.vn/en/px-web?pxid=E0538&theme=Enterprise,source_reported_unharmonized
e0538_c9b3c38247,enterprises,Profit before taxes of active enterprises having business outcomes by province,Total,VN_SRC_NINHBINH,Ninh Binh,2024,annual,-1417.31,Billion VND,not_specified,E0538,https://www.nso.gov.vn/en/px-web?pxid=E0538&theme=Enterprise,source_reported_unharmonized
e0538_c9b3c38247,enterprises,Profit before taxes of active enterprises having business outcomes by province,Total,VN_SRC_HAGIANG,Ha Giang,2010,annual,162.0,Billion VND,not_specified,E0538,https://www.nso.gov.vn/en/px-web?pxid=E0538&theme=Enterprise,source_reported_unharmonized
e0538_c9b3c38247,enterprises,Profit before taxes of active enterprises having business outcomes by province,Total,VN_SRC_HAGIANG,Ha Giang,2015,annual,736.0,Billion VND,not_specified,E0538,https://www.nso.gov.vn/en/px-web?pxid=E0538&theme=Enterprise,source_reported_unharmonized
e0538_c9b3c38247,enterprises,Profit before taxes of active enterprises having business outcomes by province,Total,VN_SRC_HAGIANG,Ha Giang,2016,annual,537.0,Billion VND,not_specified,E0538,https://www.nso.gov.vn/en/px-web?pxid=E0538&theme=Enterprise,source_reported_unharmonized
e0538_c9b3c38247,enterprises,Profit before taxes of active enterprises having business outcomes by province,Total,VN_SRC_HAGIANG,Ha Giang,2017,annual,801.0,Billion VND,not_specified,E0538,https://www.nso.gov.vn/en/px-web?pxid=E0538&theme=Enterprise,source_reported_unharmonized
e0538_c9b3c38247,enterprises,Profit before taxes of active enterprises having business outcomes by province,Total,VN_SRC_HAGIANG,Ha Giang,2018,annual,773.8,Billion VND,not_specified,E0538,https://www.nso.gov.vn/en/px-web?pxid=E0538&theme=Enterprise,source_reported_unharmonized
e0538_c9b3c38247,enterprises,Profit before taxes of active enterprises having business outcomes by province,Total,VN_SRC_HAGIANG,Ha Giang,2019,annual,958.0,Billion VND,not_specified,E0538,https://www.nso.gov.vn/en/px-web?pxid=E0538&theme=Enterprise,source_reported_unharmonized
e0538_c9b3c38247,enterprises,Profit before taxes of active enterprises having business outcomes by province,Total,VN_SRC_HAGIANG,Ha Giang,2020,annual,581.42,Billion VND,not_specified,E0538,https://www.nso.gov.vn/en/px-web?pxid=E0538&theme=Enterprise,source_reported_unharmonized
e0538_c9b3c38247,enterprises,Profit before taxes of active enterprises having business outcomes by province,Total,VN_SRC_HAGIANG,Ha Giang,2021,annual,928.72,Billion VND,not_specified,E0538,https://www.nso.gov.vn/en/px-web?pxid=E0538&theme=Enterprise,source_reported_unharmonized
e0538_c9b3c38247,enterprises,Profit before taxes of active enterprises having business outcomes by province,Total,VN_SRC_HAGIANG,Ha Giang,2022,annual,1209.63,Billion VND,not_specified,E0538,https://www.nso.gov.vn/en/px-web?pxid=E0538&theme=Enterprise,source_reported_unharmonized
e0538_c9b3c38247,enterprises,Profit before taxes of active enterprises having business outcomes by province,Total,VN_SRC_HAGIANG,Ha Giang,2023,annual,275.32,Billion VND,not_specified,E0538,https://www.nso.gov.vn/en/px-web?pxid=E0538&theme=Enterprise,source_reported_unharmonized
e0538_c9b3c38247,enterprises,Profit before taxes of active enterprises having business outcomes by province,Total,VN_SRC_HAGIANG,Ha Giang,2024,annual,1319.94,Billion VND,not_specified,E0538,https://www.nso.gov.vn/en/px-web?pxid=E0538&theme=Enterprise,source_reported_unharmonized
e0538_c9b3c38247,enterprises,Profit before taxes of active enterprises having business outcomes by province,Total,VN_SRC_CAOBANG,Cao Bang,2010,annual,203.0,Billion VND,not_specified,E0538,https://www.nso.gov.vn/en/px-web?pxid=E0538&theme=Enterprise,source_reported_unharmonized
e0538_c9b3c38247,enterprises,Profit before taxes of active enterprises having business outcomes by province,Total,VN_SRC_CAOBANG,Cao Bang,2015,annual,3.0,Billion VND,not_specified,E0538,https://www.nso.gov.vn/en/px-web?pxid=E0538&theme=Enterprise,source_reported_unharmonized
e0538_c9b3c38247,enterprises,Profit before taxes of active enterprises having business outcomes by province,Total,VN_SRC_CAOBANG,Cao Bang,2016,annual,-189.0,Billion VND,not_specified,E0538,https://www.nso.gov.vn/en/px-web?pxid=E0538&theme=Enterprise,source_reported_unharmonized
e0538_c9b3c38247,enterprises,Profit before taxes of active enterprises having business outcomes by province,Total,VN_SRC_CAOBANG,Cao Bang,2017,annual,-5.0,Billion VND,not_specified,E0538,https://www.nso.gov.vn/en/px-web?pxid=E0538&theme=Enterprise,source_reported_unharmonized
e0538_c9b3c38247,enterprises,Profit before taxes of active enterprises having business outcomes by province,Total,VN_SRC_CAOBANG,Cao Bang,2018,annual,-46.99,Billion VND,not_specified,E0538,https://www.nso.gov.vn/en/px-web?pxid=E0538&theme=Enterprise,source_reported_unharmonized
e0538_c9b3c38247,enterprises,Profit before taxes of active enterprises having business outcomes by province,Total,VN_SRC_CAOBANG,Cao Bang,2019,annual,-188.12,Billion VND,not_specified,E0538,https://www.nso.gov.vn/en/px-web?pxid=E0538&theme=Enterprise,source_reported_unharmonized
e0538_c9b3c38247,enterprises,Profit before taxes of active enterprises having business outcomes by province,Total,VN_SRC_CAOBANG,Cao Bang,2020,annual,173.54,Billion VND,not_specified,E0538,https://www.nso.gov.vn/en/px-web?pxid=E0538&theme=Enterprise,source_reported_unharmonized
e0538_c9b3c38247,enterprises,Profit before taxes of active enterprises having business outcomes by province,Total,VN_SRC_CAOBANG,Cao Bang,2021,annual,339.05,Billion VND,not_specified,E0538,https://www.nso.gov.vn/en/px-web?pxid=E0538&theme=Enterprise,source_reported_unharmonized
e0538_c9b3c38247,enterprises,Profit before taxes of active enterprises having business outcomes by province,Total,VN_SRC_CAOBANG,Cao Bang,2022,annual,80.18,Billion VND,not_specified,E0538,https://www.nso.gov.vn/en/px-web?pxid=E0538&theme=Enterprise,source_reported_unharmonized
e0538_c9b3c38247,enterprises,Profit before taxes of active enterprises having business outcomes by province,Total,VN_SRC_CAOBANG,Cao Bang,2023,annual,70.34,Billion VND,not_specified,E0538,https://www.nso.gov.vn/en/px-web?pxid=E0538&theme=Enterprise,source_reported_unharmonized
e0538_c9b3c38247,enterprises,Profit before taxes of active enterprises having business outcomes by province,Total,VN_SRC_CAOBANG,Cao Bang,2024,annual,-125.45,Billion VND,not_specified,E0538,https://www.nso.gov.vn/en/px-web?pxid=E0538&theme=Enterprise,source_reported_unharmonized
e0538_c9b3c38247,enterprises,Profit before taxes of active enterprises having business outcomes by province,Total,VN_SRC_BACKAN,Bac Kan,2010,annual,22.0,Billion VND,not_specified,E0538,https://www.nso.gov.vn/en/px-web?pxid=E0538&theme=Enterprise,source_reported_unharmonized
e0538_c9b3c38247,enterprises,Profit before taxes of active enterprises having business outcomes by province,Total,VN_SRC_BACKAN,Bac Kan,2015,annual,-321.0,Billion VND,not_specified,E0538,https://www.nso.gov.vn/en/px-web?pxid=E0538&theme=Enterprise,source_reported_unharmonized
e0538_c9b3c38247,enterprises,Profit before taxes of active enterprises having business outcomes by province,Total,VN_SRC_BACKAN,Bac Kan,2016,annual,-35.0,Billion VND,not_specified,E0538,https://www.nso.gov.vn/en/px-web?pxid=E0538&theme=Enterprise,source_reported_unharmonized
e0538_c9b3c38247,enterprises,Profit before taxes of active enterprises having business outcomes by province,Total,VN_SRC_BACKAN,Bac Kan,2017,annual,87.0,Billion VND,not_specified,E0538,https://www.nso.gov.vn/en/px-web?pxid=E0538&theme=Enterprise,source_reported_unharmonized
e0538_c9b3c38247,enterprises,Profit before taxes of active enterprises having business outcomes by province,Total,VN_SRC_BACKAN,Bac Kan,2018,annual,-161.22,Billion VND,not_specified,E0538,https://www.nso.gov.vn/en/px-web?pxid=E0538&theme=Enterprise,source_reported_unharmonized
e0538_c9b3c38247,enterprises,Profit before taxes of active enterprises having business outcomes by province,Total,VN_SRC_BACKAN,Bac Kan,2019,annual,-170.17,Billion VND,not_specified,E0538,https://www.nso.gov.vn/en/px-web?pxid=E0538&theme=Enterprise,source_reported_unharmonized
e0538_c9b3c38247,enterprises,Profit before taxes of active enterprises having business outcomes by province,Total,VN_SRC_BACKAN,Bac Kan,2020,annual,-92.08,Billion VND,not_specified,E0538,https://www.nso.gov.vn/en/px-web?pxid=E0538&theme=Enterprise,source_reported_unharmonized
e0538_c9b3c38247,enterprises,Profit before taxes of active enterprises having business outcomes by province,Total,VN_SRC_BACKAN,Bac Kan,2021,annual,-177.59,Billion VND,not_specified,E0538,https://www.nso.gov.vn/en/px-web?pxid=E0538&theme=Enterprise,source_reported_unharmonized
e0538_c9b3c38247,enterprises,Profit before taxes of active enterprises having business outcomes by province,Total,VN_SRC_BACKAN,Bac Kan,2022,annual,-80.67,Billion VND,not_specified,E0538,https://www.nso.gov.vn/en/px-web?pxid=E0538&theme=Enterprise,source_reported_unharmonized
e0538_c9b3c38247,enterprises,Profit before taxes of active enterprises having business outcomes by province,Total,VN_SRC_BACKAN,Bac Kan,2023,annual,-49.8,Billion VND,not_specified,E0538,https://www.nso.gov.vn/en/px-web?pxid=E0538&theme=Enterprise,source_reported_unharmonized
e0538_c9b3c38247,enterprises,Profit before taxes of active enterprises having business outcomes by province,Total,VN_SRC_BACKAN,Bac Kan,2024,annual,-38.76,Billion VND,not_specified,E0538,https://www.nso.gov.vn/en/px-web?pxid=E0538&theme=Enterprise,source_reported_unharmonized
e0538_c9b3c38247,enterprises,Profit before taxes of active enterprises having business outcomes by province,Total,VN_SRC_TUYENQUANG,Tuyen Quang,2010,annual,204.0,Billion VND,not_specified,E0538,https://www.nso.gov.vn/en/px-web?pxid=E0538&theme=Enterprise,source_reported_unharmonized
e0538_c9b3c38247,enterprises,Profit before taxes of active enterprises having business outcomes by province,Total,VN_SRC_TUYENQUANG,Tuyen Quang,2015,annual,-1066.0,Billion VND,not_specified,E0538,https://www.nso.gov.vn/en/px-web?pxid=E0538&theme=Enterprise,source_reported_unharmonized
e0538_c9b3c38247,enterprises,Profit before taxes of active enterprises having business outcomes by province,Total,VN_SRC_TUYENQUANG,Tuyen Quang,2016,annual,-814.0,Billion VND,not_specified,E0538,https://www.nso.gov.vn/en/px-web?pxid=E0538&theme=Enterprise,source_reported_unharmonized
e0538_c9b3c38247,enterprises,Profit before taxes of active enterprises having business outcomes by province,Total,VN_SRC_TUYENQUANG,Tuyen Quang,2017,annual,-40.0,Billion VND,not_specified,E0538,https://www.nso.gov.vn/en/px-web?pxid=E0538&theme=Enterprise,source_reported_unharmonized
e0538_c9b3c38247,enterprises,Profit before taxes of active enterprises having business outcomes by province,Total,VN_SRC_TUYENQUANG,Tuyen Quang,2018,annual,396.26,Billion VND,not_specified,E0538,https://www.nso.gov.vn/en/px-web?pxid=E0538&theme=Enterprise,source_reported_unharmonized
e0538_c9b3c38247,enterprises,Profit before taxes of active enterprises having business outcomes by province,Total,VN_SRC_TUYENQUANG,Tuyen Quang,2019,annual,346.15,Billion VND,not_specified,E0538,https://www.nso.gov.vn/en/px-web?pxid=E0538&theme=Enterprise,source_reported_unharmonized
e0538_c9b3c38247,enterprises,Profit before taxes of active enterprises having business outcomes by province,Total,VN_SRC_TUYENQUANG,Tuyen Quang,2020,annual,200.6,Billion VND,not_specified,E0538,https://www.nso.gov.vn/en/px-web?pxid=E0538&theme=Enterprise,source_reported_unharmonized
e0538_c9b3c38247,enterprises,Profit before taxes of active enterprises having business outcomes by province,Total,VN_SRC_TUYENQUANG,Tuyen Quang,2021,annual,991.11,Billion VND,not_specified,E0538,https://www.nso.gov.vn/en/px-web?pxid=E0538&theme=Enterprise,source_reported_unharmonized
e0538_c9b3c38247,enterprises,Profit before taxes of active enterprises having business outcomes by province,Total,VN_SRC_TUYENQUANG,Tuyen Quang,2022,annual,51.65,Billion VND,not_specified,E0538,https://www.nso.gov.vn/en/px-web?pxid=E0538&theme=Enterprise,source_reported_unharmonized
e0538_c9b3c38247,enterprises,Profit before taxes of active enterprises having business outcomes by province,Total,VN_SRC_TUYENQUANG,Tuyen Quang,2023,annual,820.77,Billion VND,not_specified,E0538,https://www.nso.gov.vn/en/px-web?pxid=E0538&theme=Enterprise,source_reported_unharmonized
e0538_c9b3c38247,enterprises,Profit before taxes of active enterprises having business outcomes by province,Total,VN_SRC_TUYENQUANG,Tuyen Quang,2024,annual,1115.75,Billion VND,not_specified,E0538,https://www.nso.gov.vn/en/px-web?pxid=E0538&theme=Enterprise,source_reported_unharmonized
e0538_c9b3c38247,enterprises,Profit before taxes of active enterprises having business outcomes by province,Total,VN_SRC_LAOCAI,Lao Cai,2010,annual,828.0,Billion VND,not_specified,E0538,https://www.nso.gov.vn/en/px-web?pxid=E0538&theme=Enterprise,source_reported_unharmonized
e0538_c9b3c38247,enterprises,Profit before taxes of active enterprises having business outcomes by province,Total,VN_SRC_LAOCAI,Lao Cai,2015,annual,845.0,Billion VND,not_specified,E0538,https://www.nso.gov.vn/en/px-web?pxid=E0538&theme=Enterprise,source_reported_unharmonized
e0538_c9b3c38247,enterprises,Profit before taxes of active enterprises having business outcomes by province,Total,VN_SRC_LAOCAI,Lao Cai,2016,annual,495.0,Billion VND,not_specified,E0538,https://www.nso.gov.vn/en/px-web?pxid=E0538&theme=Enterprise,source_reported_unharmonized
e0538_c9b3c38247,enterprises,Profit before taxes of active enterprises having business outcomes by province,Total,VN_SRC_LAOCAI,Lao Cai,2017,annual,2124.0,Billion VND,not_specified,E0538,https://www.nso.gov.vn/en/px-web?pxid=E0538&theme=Enterprise,source_reported_unharmonized
e0538_c9b3c38247,enterprises,Profit before taxes of active enterprises having business outcomes by province,Total,VN_SRC_LAOCAI,Lao Cai,2018,annual,2514.6,Billion VND,not_specified,E0538,https://www.nso.gov.vn/en/px-web?pxid=E0538&theme=Enterprise,source_reported_unharmonized
e0538_c9b3c38247,enterprises,Profit before taxes of active enterprises having business outcomes by province,Total,VN_SRC_LAOCAI,Lao Cai,2019,annual,1164.11,Billion VND,not_specified,E0538,https://www.nso.gov.vn/en/px-web?pxid=E0538&theme=Enterprise,source_reported_unharmonized
e0538_c9b3c38247,enterprises,Profit before taxes of active enterprises having business outcomes by province,Total,VN_SRC_LAOCAI,Lao Cai,2020,annual,130.97,Billion VND,not_specified,E0538,https://www.nso.gov.vn/en/px-web?pxid=E0538&theme=Enterprise,source_reported_unharmonized
e0538_c9b3c38247,enterprises,Profit before taxes of active enterprises having business outcomes by province,Total,VN_SRC_LAOCAI,Lao Cai,2021,annual,4321.93,Billion VND,not_specified,E0538,https://www.nso.gov.vn/en/px-web?pxid=E0538&theme=Enterprise,source_reported_unharmonized
e0538_c9b3c38247,enterprises,Profit before taxes of active enterprises having business outcomes by province,Total,VN_SRC_LAOCAI,Lao Cai,2022,annual,12300.63,Billion VND,not_specified,E0538,https://www.nso.gov.vn/en/px-web?pxid=E0538&theme=Enterprise,source_reported_unharmonized
e0538_c9b3c38247,enterprises,Profit before taxes of active enterprises having business outcomes by province,Total,VN_SRC_LAOCAI,Lao Cai,2023,annual,6655.35,Billion VND,not_specified,E0538,https://www.nso.gov.vn/en/px-web?pxid=E0538&theme=Enterprise,source_reported_unharmonized
e0538_c9b3c38247,enterprises,Profit before taxes of active enterprises having business outcomes by province,Total,VN_SRC_LAOCAI,Lao Cai,2024,annual,5301.0,Billion VND,not_specified,E0538,https://www.nso.gov.vn/en/px-web?pxid=E0538&theme=Enterprise,source_reported_unharmonized
e0538_c9b3c38247,enterprises,Profit before taxes of active enterprises having business outcomes by province,Total,VN_SRC_YENBAI,Yen Bai,2010,annual,112.0,Billion VND,not_specified,E0538,https://www.nso.gov.vn/en/px-web?pxid=E0538&theme=Enterprise,source_reported_unharmonized
e0538_c9b3c38247,enterprises,Profit before taxes of active enterprises having business outcomes by province,Total,VN_SRC_YENBAI,Yen Bai,2015,annual,407.0,Billion VND,not_specified,E0538,https://www.nso.gov.vn/en/px-web?pxid=E0538&theme=Enterprise,source_reported_unharmonized
e0538_c9b3c38247,enterprises,Profit before taxes of active enterprises having business outcomes by province,Total,VN_SRC_YENBAI,Yen Bai,2016,annual,588.0,Billion VND,not_specified,E0538,https://www.nso.gov.vn/en/px-web?pxid=E0538&theme=Enterprise,source_reported_unharmonized
e0538_c9b3c38247,enterprises,Profit before taxes of active enterprises having business outcomes by province,Total,VN_SRC_YENBAI,Yen Bai,2017,annual,692.0,Billion VND,not_specified,E0538,https://www.nso.gov.vn/en/px-web?pxid=E0538&theme=Enterprise,source_reported_unharmonized
e0538_c9b3c38247,enterprises,Profit before taxes of active enterprises having business outcomes by province,Total,VN_SRC_YENBAI,Yen Bai,2018,annual,655.77,Billion VND,not_specified,E0538,https://www.nso.gov.vn/en/px-web?pxid=E0538&theme=Enterprise,source_reported_unharmonized
e0538_c9b3c38247,enterprises,Profit before taxes of active enterprises having business outcomes by province,Total,VN_SRC_YENBAI,Yen Bai,2019,annual,361.05,Billion VND,not_specified,E0538,https://www.nso.gov.vn/en/px-web?pxid=E0538&theme=Enterprise,source_reported_unharmonized
e0538_c9b3c38247,enterprises,Profit before taxes of active enterprises having business outcomes by province,Total,VN_SRC_YENBAI,Yen Bai,2020,annual,662.73,Billion VND,not_specified,E0538,https://www.nso.gov.vn/en/px-web?pxid=E0538&theme=Enterprise,source_reported_unharmonized
e0538_c9b3c38247,enterprises,Profit before taxes of active enterprises having business outcomes by province,Total,VN_SRC_YENBAI,Yen Bai,2021,annual,734.01,Billion VND,not_specified,E0538,https://www.nso.gov.vn/en/px-web?pxid=E0538&theme=Enterprise,source_reported_unharmonized
e0538_c9b3c38247,enterprises,Profit before taxes of active enterprises having business outcomes by province,Total,VN_SRC_YENBAI,Yen Bai,2022,annual,952.98,Billion VND,not_specified,E0538,https://www.nso.gov.vn/en/px-web?pxid=E0538&theme=Enterprise,source_reported_unharmonized
e0538_c9b3c38247,enterprises,Profit before taxes of active enterprises having business outcomes by province,Total,VN_SRC_YENBAI,Yen Bai,2023,annual,664.43,Billion VND,not_specified,E0538,https://www.nso.gov.vn/en/px-web?pxid=E0538&theme=Enterprise,source_reported_unharmonized
e0538_c9b3c38247,enterprises,Profit before taxes of active enterprises having business outcomes by province,Total,VN_SRC_YENBAI,Yen Bai,2024,annual,1149.08,Billion VND,not_specified,E0538,https://www.nso.gov.vn/en/px-web?pxid=E0538&theme=Enterprise,source_reported_unharmonized
e0538_c9b3c38247,enterprises,Profit before taxes of active enterprises having business outcomes by province,Total,VN_SRC_THAINGUYEN,Thai Nguyen,2010,annual,882.0,Billion VND,not_specified,E0538,https://www.nso.gov.vn/en/px-web?pxid=E0538&theme=Enterprise,source_reported_unharmonized
e0538_c9b3c38247,enterprises,Profit before taxes of active enterprises having business outcomes by province,Total,VN_SRC_THAINGUYEN,Thai Nguyen,2015,annual,33022.0,Billion VND,not_specified,E0538,https://www.nso.gov.vn/en/px-web?pxid=E0538&theme=Enterprise,source_reported_unharmonized
e0538_c9b3c38247,enterprises,Profit before taxes of active enterprises having business outcomes by province,Total,VN_SRC_THAINGUYEN,Thai Nguyen,2016,annual,55083.0,Billion VND,not_specified,E0538,https://www.nso.gov.vn/en/px-web?pxid=E0538&theme=Enterprise,source_reported_unharmonized
e0538_c9b3c38247,enterprises,Profit before taxes of active enterprises having business outcomes by province,Total,VN_SRC_THAINGUYEN,Thai Nguyen,2017,annual,65930.0,Billion VND,not_specified,E0538,https://www.nso.gov.vn/en/px-web?pxid=E0538&theme=Enterprise,source_reported_unharmonized
e0538_c9b3c38247,enterprises,Profit before taxes of active enterprises having business outcomes by province,Total,VN_SRC_THAINGUYEN,Thai Nguyen,2018,annual,50536.0,Billion VND,not_specified,E0538,https://www.nso.gov.vn/en/px-web?pxid=E0538&theme=Enterprise,source_reported_unharmonized
e0538_c9b3c38247,enterprises,Profit before taxes of active enterprises having business outcomes by province,Total,VN_SRC_THAINGUYEN,Thai Nguyen,2019,annual,52493.87,Billion VND,not_specified,E0538,https://www.nso.gov.vn/en/px-web?pxid=E0538&theme=Enterprise,source_reported_unharmonized
e0538_c9b3c38247,enterprises,Profit before taxes of active enterprises having business outcomes by province,Total,VN_SRC_THAINGUYEN,Thai Nguyen,2020,annual,52216.91,Billion VND,not_specified,E0538,https://www.nso.gov.vn/en/px-web?pxid=E0538&theme=Enterprise,source_reported_unharmonized
e0538_c9b3c38247,enterprises,Profit before taxes of active enterprises having business outcomes by province,Total,VN_SRC_THAINGUYEN,Thai Nguyen,2021,annual,53706.26,Billion VND,not_specified,E0538,https://www.nso.gov.vn/en/px-web?pxid=E0538&theme=Enterprise,source_reported_unharmonized
e0538_c9b3c38247,enterprises,Profit before taxes of active enterprises having business outcomes by province,Total,VN_SRC_THAINGUYEN,Thai Nguyen,2022,annual,57095.08,Billion VND,not_specified,E0538,https://www.nso.gov.vn/en/px-web?pxid=E0538&theme=Enterprise,source_reported_unharmonized
e0538_c9b3c38247,enterprises,Profit before taxes of active enterprises having business outcomes by province,Total,VN_SRC_THAINGUYEN,Thai Nguyen,2023,annual,47027.05,Billion VND,not_specified,E0538,https://www.nso.gov.vn/en/px-web?pxid=E0538&theme=Enterprise,source_reported_unharmonized
e0538_c9b3c38247,enterprises,Profit before taxes of active enterprises having business outcomes by province,Total,VN_SRC_THAINGUYEN,Thai Nguyen,2024,annual,49860.87,Billion VND,not_specified,E0538,https://www.nso.gov.vn/en/px-web?pxid=E0538&theme=Enterprise,source_reported_unharmonized
e0538_c9b3c38247,enterprises,Profit before taxes of active enterprises having business outcomes by province,Total,VN_SRC_LANGSON,Lang Son,2010,annual,59.0,Billion VND,not_specified,E0538,https://www.nso.gov.vn/en/px-web?pxid=E0538&theme=Enterprise,source_reported_unharmonized
e0538_c9b3c38247,enterprises,Profit before taxes of active enterprises having business outcomes by province,Total,VN_SRC_LANGSON,Lang Son,2015,annual,-72.0,Billion VND,not_specified,E0538,https://www.nso.gov.vn/en/px-web?pxid=E0538&theme=Enterprise,source_reported_unharmonized
e0538_c9b3c38247,enterprises,Profit before taxes of active enterprises having business outcomes by province,Total,VN_SRC_LANGSON,Lang Son,2016,annual,-296.0,Billion VND,not_specified,E0538,https://www.nso.gov.vn/en/px-web?pxid=E0538&theme=Enterprise,source_reported_unharmonized
e0538_c9b3c38247,enterprises,Profit before taxes of active enterprises having business outcomes by province,Total,VN_SRC_LANGSON,Lang Son,2017,annual,-629.0,Billion VND,not_specified,E0538,https://www.nso.gov.vn/en/px-web?pxid=E0538&theme=Enterprise,source_reported_unharmonized
e0538_c9b3c38247,enterprises,Profit before taxes of active enterprises having business outcomes by province,Total,VN_SRC_LANGSON,Lang Son,2018,annual,-144.33,Billion VND,not_specified,E0538,https://www.nso.gov.vn/en/px-web?pxid=E0538&theme=Enterprise,source_reported_unharmonized
e0538_c9b3c38247,enterprises,Profit before taxes of active enterprises having business outcomes by province,Total,VN_SRC_LANGSON,Lang Son,2019,annual,-17.03,Billion VND,not_specified,E0538,https://www.nso.gov.vn/en/px-web?pxid=E0538&theme=Enterprise,source_reported_unharmonized
e0538_c9b3c38247,enterprises,Profit before taxes of active enterprises having business outcomes by province,Total,VN_SRC_LANGSON,Lang Son,2020,annual,-205.58,Billion VND,not_specified,E0538,https://www.nso.gov.vn/en/px-web?pxid=E0538&theme=Enterprise,source_reported_unharmonized
e0538_c9b3c38247,enterprises,Profit before taxes of active enterprises having business outcomes by province,Total,VN_SRC_LANGSON,Lang Son,2021,annual,-131.62,Billion VND,not_specified,E0538,https://www.nso.gov.vn/en/px-web?pxid=E0538&theme=Enterprise,source_reported_unharmonized
e0538_c9b3c38247,enterprises,Profit before taxes of active enterprises having business outcomes by province,Total,VN_SRC_LANGSON,Lang Son,2022,annual,-352.17,Billion VND,not_specified,E0538,https://www.nso.gov.vn/en/px-web?pxid=E0538&theme=Enterprise,source_reported_unharmonized
e0538_c9b3c38247,enterprises,Profit before taxes of active enterprises having business outcomes by province,Total,VN_SRC_LANGSON,Lang Son,2023,annual,156.24,Billion VND,not_specified,E0538,https://www.nso.gov.vn/en/px-web?pxid=E0538&theme=Enterprise,source_reported_unharmonized
e0538_c9b3c38247,enterprises,Profit before taxes of active enterprises having business outcomes by province,Total,VN_SRC_LANGSON,Lang Son,2024,annual,241.06,Billion VND,not_specified,E0538,https://www.nso.gov.vn/en/px-web?pxid=E0538&theme=Enterprise,source_reported_unharmonized
e0538_c9b3c38247,enterprises,Profit before taxes of active enterprises having business outcomes by province,Total,VN_SRC_BACGIANG,Bac Giang,2010,annual,549.0,Billion VND,not_specified,E0538,https://www.nso.gov.vn/en/px-web?pxid=E0538&theme=Enterprise,source_reported_unharmonized
e0538_c9b3c38247,enterprises,Profit before taxes of active enterprises having business outcomes by province,Total,VN_SRC_BACGIANG,Bac Giang,2015,annual,466.0,Billion VND,not_specified,E0538,https://www.nso.gov.vn/en/px-web?pxid=E0538&theme=Enterprise,source_reported_unharmonized
e0538_c9b3c38247,enterprises,Profit before taxes of active enterprises having business outcomes by province,Total,VN_SRC_BACGIANG,Bac Giang,2016,annual,2543.0,Billion VND,not_specified,E0538,https://www.nso.gov.vn/en/px-web?pxid=E0538&theme=Enterprise,source_reported_unharmonized
e0538_c9b3c38247,enterprises,Profit before taxes of active enterprises having business outcomes by province,Total,VN_SRC_BACGIANG,Bac Giang,2017,annual,3296.0,Billion VND,not_specified,E0538,https://www.nso.gov.vn/en/px-web?pxid=E0538&theme=Enterprise,source_reported_unharmonized
e0538_c9b3c38247,enterprises,Profit before taxes of active enterprises having business outcomes by province,Total,VN_SRC_BACGIANG,Bac Giang,2018,annual,2851.75,Billion VND,not_specified,E0538,https://www.nso.gov.vn/en/px-web?pxid=E0538&theme=Enterprise,source_reported_unharmonized
e0538_c9b3c38247,enterprises,Profit before taxes of active enterprises having business outcomes by province,Total,VN_SRC_BACGIANG,Bac Giang,2019,annual,7719.29,Billion VND,not_specified,E0538,https://www.nso.gov.vn/en/px-web?pxid=E0538&theme=Enterprise,source_reported_unharmonized
e0538_c9b3c38247,enterprises,Profit before taxes of active enterprises having business outcomes by province,Total,VN_SRC_BACGIANG,Bac Giang,2020,annual,9086.62,Billion VND,not_specified,E0538,https://www.nso.gov.vn/en/px-web?pxid=E0538&theme=Enterprise,source_reported_unharmonized
e0538_c9b3c38247,enterprises,Profit before taxes of active enterprises having business outcomes by province,Total,VN_SRC_BACGIANG,Bac Giang,2021,annual,12972.38,Billion VND,not_specified,E0538,https://www.nso.gov.vn/en/px-web?pxid=E0538&theme=Enterprise,source_reported_unharmonized
e0538_c9b3c38247,enterprises,Profit before taxes of active enterprises having business outcomes by province,Total,VN_SRC_BACGIANG,Bac Giang,2022,annual,26617.35,Billion VND,not_specified,E0538,https://www.nso.gov.vn/en/px-web?pxid=E0538&theme=Enterprise,source_reported_unharmonized
e0538_c9b3c38247,enterprises,Profit before taxes of active enterprises having business outcomes by province,Total,VN_SRC_BACGIANG,Bac Giang,2023,annual,46770.42,Billion VND,not_specified,E0538,https://www.nso.gov.vn/en/px-web?pxid=E0538&theme=Enterprise,source_reported_unharmonized
e0538_c9b3c38247,enterprises,Profit before taxes of active enterprises having business outcomes by province,Total,VN_SRC_BACGIANG,Bac Giang,2024,annual,31863.71,Billion VND,not_specified,E0538,https://www.nso.gov.vn/en/px-web?pxid=E0538&theme=Enterprise,source_reported_unharmonized
e0538_c9b3c38247,enterprises,Profit before taxes of active enterprises having business outcomes by province,Total,VN_SRC_PHUTHO,Phu Tho,2010,annual,669.0,Billion VND,not_specified,E0538,https://www.nso.gov.vn/en/px-web?pxid=E0538&theme=Enterprise,source_reported_unharmonized
e0538_c9b3c38247,enterprises,Profit before taxes of active enterprises having business outcomes by province,Total,VN_SRC_PHUTHO,Phu Tho,2015,annual,797.0,Billion VND,not_specified,E0538,https://www.nso.gov.vn/en/px-web?pxid=E0538&theme=Enterprise,source_reported_unharmonized
e0538_c9b3c38247,enterprises,Profit before taxes of active enterprises having business outcomes by province,Total,VN_SRC_PHUTHO,Phu Tho,2016,annual,644.0,Billion VND,not_specified,E0538,https://www.nso.gov.vn/en/px-web?pxid=E0538&theme=Enterprise,source_reported_unharmonized
e0538_c9b3c38247,enterprises,Profit before taxes of active enterprises having business outcomes by province,Total,VN_SRC_PHUTHO,Phu Tho,2017,annual,157.0,Billion VND,not_specified,E0538,https://www.nso.gov.vn/en/px-web?pxid=E0538&theme=Enterprise,source_reported_unharmonized
e0538_c9b3c38247,enterprises,Profit before taxes of active enterprises having business outcomes by province,Total,VN_SRC_PHUTHO,Phu Tho,2018,annual,1448.92,Billion VND,not_specified,E0538,https://www.nso.gov.vn/en/px-web?pxid=E0538&theme=Enterprise,source_reported_unharmonized
e0538_c9b3c38247,enterprises,Profit before taxes of active enterprises having business outcomes by province,Total,VN_SRC_PHUTHO,Phu Tho,2019,annual,3724.83,Billion VND,not_specified,E0538,https://www.nso.gov.vn/en/px-web?pxid=E0538&theme=Enterprise,source_reported_unharmonized
e0538_c9b3c38247,enterprises,Profit before taxes of active enterprises having business outcomes by province,Total,VN_SRC_PHUTHO,Phu Tho,2020,annual,2649.1,Billion VND,not_specified,E0538,https://www.nso.gov.vn/en/px-web?pxid=E0538&theme=Enterprise,source_reported_unharmonized
e0538_c9b3c38247,enterprises,Profit before taxes of active enterprises having business outcomes by province,Total,VN_SRC_PHUTHO,Phu Tho,2021,annual,1880.79,Billion VND,not_specified,E0538,https://www.nso.gov.vn/en/px-web?pxid=E0538&theme=Enterprise,source_reported_unharmonized
e0538_c9b3c38247,enterprises,Profit before taxes of active enterprises having business outcomes by province,Total,VN_SRC_PHUTHO,Phu Tho,2022,annual,-820.71,Billion VND,not_specified,E0538,https://www.nso.gov.vn/en/px-web?pxid=E0538&theme=Enterprise,source_reported_unharmonized
e0538_c9b3c38247,enterprises,Profit before taxes of active enterprises having business outcomes by province,Total,VN_SRC_PHUTHO,Phu Tho,2023,annual,168.8,Billion VND,not_specified,E0538,https://www.nso.gov.vn/en/px-web?pxid=E0538&theme=Enterprise,source_reported_unharmonized
e0538_c9b3c38247,enterprises,Profit before taxes of active enterprises having business outcomes by province,Total,VN_SRC_PHUTHO,Phu Tho,2024,annual,1594.8,Billion VND,not_specified,E0538,https://www.nso.gov.vn/en/px-web?pxid=E0538&theme=Enterprise,source_reported_unharmonized
e0538_c9b3c38247,enterprises,Profit before taxes of active enterprises having business outcomes by province,Total,VN_SRC_DIENBIEN,Dien Bien,2010,annual,107.0,Billion VND,not_specified,E0538,https://www.nso.gov.vn/en/px-web?pxid=E0538&theme=Enterprise,source_reported_unharmonized
e0538_c9b3c38247,enterprises,Profit before taxes of active enterprises having business outcomes by province,Total,VN_SRC_DIENBIEN,Dien Bien,2015,annual,179.0,Billion VND,not_specified,E0538,https://www.nso.gov.vn/en/px-web?pxid=E0538&theme=Enterprise,source_reported_unharmonized
e0538_c9b3c38247,enterprises,Profit before taxes of active enterprises having business outcomes by province,Total,VN_SRC_DIENBIEN,Dien Bien,2016,annual,36.0,Billion VND,not_specified,E0538,https://www.nso.gov.vn/en/px-web?pxid=E0538&theme=Enterprise,source_reported_unharmonized
e0538_c9b3c38247,enterprises,Profit before taxes of active enterprises having business outcomes by province,Total,VN_SRC_DIENBIEN,Dien Bien,2017,annual,-45.0,Billion VND,not_specified,E0538,https://www.nso.gov.vn/en/px-web?pxid=E0538&theme=Enterprise,source_reported_unharmonized
e0538_c9b3c38247,enterprises,Profit before taxes of active enterprises having business outcomes by province,Total,VN_SRC_DIENBIEN,Dien Bien,2018,annual,136.94,Billion VND,not_specified,E0538,https://www.nso.gov.vn/en/px-web?pxid=E0538&theme=Enterprise,source_reported_unharmonized
e0538_c9b3c38247,enterprises,Profit before taxes of active enterprises having business outcomes by province,Total,VN_SRC_DIENBIEN,Dien Bien,2019,annual,131.9,Billion VND,not_specified,E0538,https://www.nso.gov.vn/en/px-web?pxid=E0538&theme=Enterprise,source_reported_unharmonized
e0538_c9b3c38247,enterprises,Profit before taxes of active enterprises having business outcomes by province,Total,VN_SRC_DIENBIEN,Dien Bien,2020,annual,-205.06,Billion VND,not_specified,E0538,https://www.nso.gov.vn/en/px-web?pxid=E0538&theme=Enterprise,source_reported_unharmonized
e0538_c9b3c38247,enterprises,Profit before taxes of active enterprises having business outcomes by province,Total,VN_SRC_DIENBIEN,Dien Bien,2021,annual,-254.66,Billion VND,not_specified,E0538,https://www.nso.gov.vn/en/px-web?pxid=E0538&theme=Enterprise,source_reported_unharmonized
e0538_c9b3c38247,enterprises,Profit before taxes of active enterprises having business outcomes by province,Total,VN_SRC_DIENBIEN,Dien Bien,2022,annual,259.67,Billion VND,not_specified,E0538,https://www.nso.gov.vn/en/px-web?pxid=E0538&theme=Enterprise,source_reported_unharmonized
e0538_c9b3c38247,enterprises,Profit before taxes of active enterprises having business outcomes by province,Total,VN_SRC_DIENBIEN,Dien Bien,2023,annual,80.21,Billion VND,not_specified,E0538,https://www.nso.gov.vn/en/px-web?pxid=E0538&theme=Enterprise,source_reported_unharmonized
e0538_c9b3c38247,enterprises,Profit before taxes of active enterprises having business outcomes by province,Total,VN_SRC_DIENBIEN,Dien Bien,2024,annual,564.81,Billion VND,not_specified,E0538,https://www.nso.gov.vn/en/px-web?pxid=E0538&theme=Enterprise,source_reported_unharmonized
e0538_c9b3c38247,enterprises,Profit before taxes of active enterprises having business outcomes by province,Total,VN_SRC_LAICHAU,Lai Chau,2010,annual,66.0,Billion VND,not_specified,E0538,https://www.nso.gov.vn/en/px-web?pxid=E0538&theme=Enterprise,source_reported_unharmonized
e0538_c9b3c38247,enterprises,Profit before taxes of active enterprises having business outcomes by province,Total,VN_SRC_LAICHAU,Lai Chau,2015,annual,1.0,Billion VND,not_specified,E0538,https://www.nso.gov.vn/en/px-web?pxid=E0538&theme=Enterprise,source_reported_unharmonized
e0538_c9b3c38247,enterprises,Profit before taxes of active enterprises having business outcomes by province,Total,VN_SRC_LAICHAU,Lai Chau,2016,annual,342.0,Billion VND,not_specified,E0538,https://www.nso.gov.vn/en/px-web?pxid=E0538&theme=Enterprise,source_reported_unharmonized
e0538_c9b3c38247,enterprises,Profit before taxes of active enterprises having business outcomes by province,Total,VN_SRC_LAICHAU,Lai Chau,2017,annual,15.0,Billion VND,not_specified,E0538,https://www.nso.gov.vn/en/px-web?pxid=E0538&theme=Enterprise,source_reported_unharmonized
e0538_c9b3c38247,enterprises,Profit before taxes of active enterprises having business outcomes by province,Total,VN_SRC_LAICHAU,Lai Chau,2018,annual,61.64,Billion VND,not_specified,E0538,https://www.nso.gov.vn/en/px-web?pxid=E0538&theme=Enterprise,source_reported_unharmonized
e0538_c9b3c38247,enterprises,Profit before taxes of active enterprises having business outcomes by province,Total,VN_SRC_LAICHAU,Lai Chau,2019,annual,57.28,Billion VND,not_specified,E0538,https://www.nso.gov.vn/en/px-web?pxid=E0538&theme=Enterprise,source_reported_unharmonized
e0538_c9b3c38247,enterprises,Profit before taxes of active enterprises having business outcomes by province,Total,VN_SRC_LAICHAU,Lai Chau,2020,annual,-46.37,Billion VND,not_specified,E0538,https://www.nso.gov.vn/en/px-web?pxid=E0538&theme=Enterprise,source_reported_unharmonized
e0538_c9b3c38247,enterprises,Profit before taxes of active enterprises having business outcomes by province,Total,VN_SRC_LAICHAU,Lai Chau,2021,annual,215.51,Billion VND,not_specified,E0538,https://www.nso.gov.vn/en/px-web?pxid=E0538&theme=Enterprise,source_reported_unharmonized
e0538_c9b3c38247,enterprises,Profit before taxes of active enterprises having business outcomes by province,Total,VN_SRC_LAICHAU,Lai Chau,2022,annual,294.42,Billion VND,not_specified,E0538,https://www.nso.gov.vn/en/px-web?pxid=E0538&theme=Enterprise,source_reported_unharmonized
e0538_c9b3c38247,enterprises,Profit before taxes of active enterprises having business outcomes by province,Total,VN_SRC_LAICHAU,Lai Chau,2023,annual,-717.67,Billion VND,not_specified,E0538,https://www.nso.gov.vn/en/px-web?pxid=E0538&theme=Enterprise,source_reported_unharmonized
e0538_c9b3c38247,enterprises,Profit before taxes of active enterprises having business outcomes by province,Total,VN_SRC_LAICHAU,Lai Chau,2024,annual,426.1,Billion VND,not_specified,E0538,https://www.nso.gov.vn/en/px-web?pxid=E0538&theme=Enterprise,source_reported_unharmonized
e0538_c9b3c38247,enterprises,Profit before taxes of active enterprises having business outcomes by province,Total,VN_SRC_SONLA,Son La,2010,annual,439.0,Billion VND,not_specified,E0538,https://www.nso.gov.vn/en/px-web?pxid=E0538&theme=Enterprise,source_reported_unharmonized
e0538_c9b3c38247,enterprises,Profit before taxes of active enterprises having business outcomes by province,Total,VN_SRC_SONLA,Son La,2015,annual,-226.0,Billion VND,not_specified,E0538,https://www.nso.gov.vn/en/px-web?pxid=E0538&theme=Enterprise,source_reported_unharmonized
e0538_c9b3c38247,enterprises,Profit before taxes of active enterprises having business outcomes by province,Total,VN_SRC_SONLA,Son La,2016,annual,-394.0,Billion VND,not_specified,E0538,https://www.nso.gov.vn/en/px-web?pxid=E0538&theme=Enterprise,source_reported_unharmonized
e0538_c9b3c38247,enterprises,Profit before taxes of active enterprises having business outcomes by province,Total,VN_SRC_SONLA,Son La,2017,annual,756.0,Billion VND,not_specified,E0538,https://www.nso.gov.vn/en/px-web?pxid=E0538&theme=Enterprise,source_reported_unharmonized
e0538_c9b3c38247,enterprises,Profit before taxes of active enterprises having business outcomes by province,Total,VN_SRC_SONLA,Son La,2018,annual,686.21,Billion VND,not_specified,E0538,https://www.nso.gov.vn/en/px-web?pxid=E0538&theme=Enterprise,source_reported_unharmonized
e0538_c9b3c38247,enterprises,Profit before taxes of active enterprises having business outcomes by province,Total,VN_SRC_SONLA,Son La,2019,annual,735.3,Billion VND,not_specified,E0538,https://www.nso.gov.vn/en/px-web?pxid=E0538&theme=Enterprise,source_reported_unharmonized
e0538_c9b3c38247,enterprises,Profit before taxes of active enterprises having business outcomes by province,Total,VN_SRC_SONLA,Son La,2020,annual,1211.47,Billion VND,not_specified,E0538,https://www.nso.gov.vn/en/px-web?pxid=E0538&theme=Enterprise,source_reported_unharmonized
e0538_c9b3c38247,enterprises,Profit before taxes of active enterprises having business outcomes by province,Total,VN_SRC_SONLA,Son La,2021,annual,1260.69,Billion VND,not_specified,E0538,https://www.nso.gov.vn/en/px-web?pxid=E0538&theme=Enterprise,source_reported_unharmonized
e0538_c9b3c38247,enterprises,Profit before taxes of active enterprises having business outcomes by province,Total,VN_SRC_SONLA,Son La,2022,annual,1896.42,Billion VND,not_specified,E0538,https://www.nso.gov.vn/en/px-web?pxid=E0538&theme=Enterprise,source_reported_unharmonized
e0538_c9b3c38247,enterprises,Profit before taxes of active enterprises having business outcomes by province,Total,VN_SRC_SONLA,Son La,2023,annual,908.27,Billion VND,not_specified,E0538,https://www.nso.gov.vn/en/px-web?pxid=E0538&theme=Enterprise,source_reported_unharmonized
e0538_c9b3c38247,enterprises,Profit before taxes of active enterprises having business outcomes by province,Total,VN_SRC_SONLA,Son La,2024,annual,992.27,Billion VND,not_specified,E0538,https://www.nso.gov.vn/en/px-web?pxid=E0538&theme=Enterprise,source_reported_unharmonized
e0538_c9b3c38247,enterprises,Profit before taxes of active enterprises having business outcomes by province,Total,VN_SRC_HOABINH,Hoa Binh,2010,annual,-2724.0,Billion VND,not_specified,E0538,https://www.nso.gov.vn/en/px-web?pxid=E0538&theme=Enterprise,source_reported_unharmonized
e0538_c9b3c38247,enterprises,Profit before taxes of active enterprises having business outcomes by province,Total,VN_SRC_HOABINH,Hoa Binh,2015,annual,-114.0,Billion VND,not_specified,E0538,https://www.nso.gov.vn/en/px-web?pxid=E0538&theme=Enterprise,source_reported_unharmonized
e0538_c9b3c38247,enterprises,Profit before taxes of active enterprises having business outcomes by province,Total,VN_SRC_HOABINH,Hoa Binh,2016,annual,457.0,Billion VND,not_specified,E0538,https://www.nso.gov.vn/en/px-web?pxid=E0538&theme=Enterprise,source_reported_unharmonized
e0538_c9b3c38247,enterprises,Profit before taxes of active enterprises having business outcomes by province,Total,VN_SRC_HOABINH,Hoa Binh,2017,annual,112.0,Billion VND,not_specified,E0538,https://www.nso.gov.vn/en/px-web?pxid=E0538&theme=Enterprise,source_reported_unharmonized
e0538_c9b3c38247,enterprises,Profit before taxes of active enterprises having business outcomes by province,Total,VN_SRC_HOABINH,Hoa Binh,2018,annual,462.3,Billion VND,not_specified,E0538,https://www.nso.gov.vn/en/px-web?pxid=E0538&theme=Enterprise,source_reported_unharmonized
e0538_c9b3c38247,enterprises,Profit before taxes of active enterprises having business outcomes by province,Total,VN_SRC_HOABINH,Hoa Binh,2019,annual,620.17,Billion VND,not_specified,E0538,https://www.nso.gov.vn/en/px-web?pxid=E0538&theme=Enterprise,source_reported_unharmonized
e0538_c9b3c38247,enterprises,Profit before taxes of active enterprises having business outcomes by province,Total,VN_SRC_HOABINH,Hoa Binh,2020,annual,62.46,Billion VND,not_specified,E0538,https://www.nso.gov.vn/en/px-web?pxid=E0538&theme=Enterprise,source_reported_unharmonized
e0538_c9b3c38247,enterprises,Profit before taxes of active enterprises having business outcomes by province,Total,VN_SRC_HOABINH,Hoa Binh,2021,annual,215.72,Billion VND,not_specified,E0538,https://www.nso.gov.vn/en/px-web?pxid=E0538&theme=Enterprise,source_reported_unharmonized
e0538_c9b3c38247,enterprises,Profit before taxes of active enterprises having business outcomes by province,Total,VN_SRC_HOABINH,Hoa Binh,2022,annual,648.1,Billion VND,not_specified,E0538,https://www.nso.gov.vn/en/px-web?pxid=E0538&theme=Enterprise,source_reported_unharmonized
e0538_c9b3c38247,enterprises,Profit before taxes of active enterprises having business outcomes by province,Total,VN_SRC_HOABINH,Hoa Binh,2023,annual,1293.13,Billion VND,not_specified,E0538,https://www.nso.gov.vn/en/px-web?pxid=E0538&theme=Enterprise,source_reported_unharmonized
e0538_c9b3c38247,enterprises,Profit before taxes of active enterprises having business outcomes by province,Total,VN_SRC_HOABINH,Hoa Binh,2024,annual,898.83,Billion VND,not_specified,E0538,https://www.nso.gov.vn/en/px-web?pxid=E0538&theme=Enterprise,source_reported_unharmonized
e0538_c9b3c38247,enterprises,Profit before taxes of active enterprises having business outcomes by province,Total,VN_SRC_THANHHOA,Thanh Hoa,2010,annual,1646.0,Billion VND,not_specified,E0538,https://www.nso.gov.vn/en/px-web?pxid=E0538&theme=Enterprise,source_reported_unharmonized
e0538_c9b3c38247,enterprises,Profit before taxes of active enterprises having business outcomes by province,Total,VN_SRC_THANHHOA,Thanh Hoa,2015,annual,1715.0,Billion VND,not_specified,E0538,https://www.nso.gov.vn/en/px-web?pxid=E0538&theme=Enterprise,source_reported_unharmonized
e0538_c9b3c38247,enterprises,Profit before taxes of active enterprises having business outcomes by province,Total,VN_SRC_THANHHOA,Thanh Hoa,2016,annual,1391.0,Billion VND,not_specified,E0538,https://www.nso.gov.vn/en/px-web?pxid=E0538&theme=Enterprise,source_reported_unharmonized
e0538_c9b3c38247,enterprises,Profit before taxes of active enterprises having business outcomes by province,Total,VN_SRC_THANHHOA,Thanh Hoa,2017,annual,1442.0,Billion VND,not_specified,E0538,https://www.nso.gov.vn/en/px-web?pxid=E0538&theme=Enterprise,source_reported_unharmonized
e0538_c9b3c38247,enterprises,Profit before taxes of active enterprises having business outcomes by province,Total,VN_SRC_THANHHOA,Thanh Hoa,2018,annual,-11209.18,Billion VND,not_specified,E0538,https://www.nso.gov.vn/en/px-web?pxid=E0538&theme=Enterprise,source_reported_unharmonized
e0538_c9b3c38247,enterprises,Profit before taxes of active enterprises having business outcomes by province,Total,VN_SRC_THANHHOA,Thanh Hoa,2019,annual,-23497.7,Billion VND,not_specified,E0538,https://www.nso.gov.vn/en/px-web?pxid=E0538&theme=Enterprise,source_reported_unharmonized
e0538_c9b3c38247,enterprises,Profit before taxes of active enterprises having business outcomes by province,Total,VN_SRC_THANHHOA,Thanh Hoa,2020,annual,-28308.09,Billion VND,not_specified,E0538,https://www.nso.gov.vn/en/px-web?pxid=E0538&theme=Enterprise,source_reported_unharmonized
e0538_c9b3c38247,enterprises,Profit before taxes of active enterprises having business outcomes by province,Total,VN_SRC_THANHHOA,Thanh Hoa,2021,annual,-12761.7,Billion VND,not_specified,E0538,https://www.nso.gov.vn/en/px-web?pxid=E0538&theme=Enterprise,source_reported_unharmonized
e0538_c9b3c38247,enterprises,Profit before taxes of active enterprises having business outcomes by province,Total,VN_SRC_THANHHOA,Thanh Hoa,2022,annual,-12330.2,Billion VND,not_specified,E0538,https://www.nso.gov.vn/en/px-web?pxid=E0538&theme=Enterprise,source_reported_unharmonized
e0538_c9b3c38247,enterprises,Profit before taxes of active enterprises having business outcomes by province,Total,VN_SRC_THANHHOA,Thanh Hoa,2023,annual,-26930.47,Billion VND,not_specified,E0538,https://www.nso.gov.vn/en/px-web?pxid=E0538&theme=Enterprise,source_reported_unharmonized
e0538_c9b3c38247,enterprises,Profit before taxes of active enterprises having business outcomes by province,Total,VN_SRC_THANHHOA,Thanh Hoa,2024,annual,-20476.12,Billion VND,not_specified,E0538,https://www.nso.gov.vn/en/px-web?pxid=E0538&theme=Enterprise,source_reported_unharmonized
e0538_c9b3c38247,enterprises,Profit before taxes of active enterprises having business outcomes by province,Total,VN_SRC_NGHEAN,Nghe An,2010,annual,1143.0,Billion VND,not_specified,E0538,https://www.nso.gov.vn/en/px-web?pxid=E0538&theme=Enterprise,source_reported_unharmonized
e0538_c9b3c38247,enterprises,Profit before taxes of active enterprises having business outcomes by province,Total,VN_SRC_NGHEAN,Nghe An,2015,annual,1175.0,Billion VND,not_specified,E0538,https://www.nso.gov.vn/en/px-web?pxid=E0538&theme=Enterprise,source_reported_unharmonized
e0538_c9b3c38247,enterprises,Profit before taxes of active enterprises having business outcomes by province,Total,VN_SRC_NGHEAN,Nghe An,2016,annual,2200.0,Billion VND,not_specified,E0538,https://www.nso.gov.vn/en/px-web?pxid=E0538&theme=Enterprise,source_reported_unharmonized
e0538_c9b3c38247,enterprises,Profit before taxes of active enterprises having business outcomes by province,Total,VN_SRC_NGHEAN,Nghe An,2017,annual,1048.0,Billion VND,not_specified,E0538,https://www.nso.gov.vn/en/px-web?pxid=E0538&theme=Enterprise,source_reported_unharmonized
e0538_c9b3c38247,enterprises,Profit before taxes of active enterprises having business outcomes by province,Total,VN_SRC_NGHEAN,Nghe An,2018,annual,-61.84,Billion VND,not_specified,E0538,https://www.nso.gov.vn/en/px-web?pxid=E0538&theme=Enterprise,source_reported_unharmonized
e0538_c9b3c38247,enterprises,Profit before taxes of active enterprises having business outcomes by province,Total,VN_SRC_NGHEAN,Nghe An,2019,annual,4280.78,Billion VND,not_specified,E0538,https://www.nso.gov.vn/en/px-web?pxid=E0538&theme=Enterprise,source_reported_unharmonized
e0538_c9b3c38247,enterprises,Profit before taxes of active enterprises having business outcomes by province,Total,VN_SRC_NGHEAN,Nghe An,2020,annual,6995.23,Billion VND,not_specified,E0538,https://www.nso.gov.vn/en/px-web?pxid=E0538&theme=Enterprise,source_reported_unharmonized
e0538_c9b3c38247,enterprises,Profit before taxes of active enterprises having business outcomes by province,Total,VN_SRC_NGHEAN,Nghe An,2021,annual,4863.38,Billion VND,not_specified,E0538,https://www.nso.gov.vn/en/px-web?pxid=E0538&theme=Enterprise,source_reported_unharmonized
e0538_c9b3c38247,enterprises,Profit before taxes of active enterprises having business outcomes by province,Total,VN_SRC_NGHEAN,Nghe An,2022,annual,6952.91,Billion VND,not_specified,E0538,https://www.nso.gov.vn/en/px-web?pxid=E0538&theme=Enterprise,source_reported_unharmonized
e0538_c9b3c38247,enterprises,Profit before taxes of active enterprises having business outcomes by province,Total,VN_SRC_NGHEAN,Nghe An,2023,annual,5998.13,Billion VND,not_specified,E0538,https://www.nso.gov.vn/en/px-web?pxid=E0538&theme=Enterprise,source_reported_unharmonized
e0538_c9b3c38247,enterprises,Profit before taxes of active enterprises having business outcomes by province,Total,VN_SRC_NGHEAN,Nghe An,2024,annual,4747.08,Billion VND,not_specified,E0538,https://www.nso.gov.vn/en/px-web?pxid=E0538&theme=Enterprise,source_reported_unharmonized
e0538_c9b3c38247,enterprises,Profit before taxes of active enterprises having business outcomes by province,Total,VN_SRC_HATINH,Ha Tinh,2010,annual,218.0,Billion VND,not_specified,E0538,https://www.nso.gov.vn/en/px-web?pxid=E0538&theme=Enterprise,source_reported_unharmonized
e0538_c9b3c38247,enterprises,Profit before taxes of active enterprises having business outcomes by province,Total,VN_SRC_HATINH,Ha Tinh,2015,annual,-1896.0,Billion VND,not_specified,E0538,https://www.nso.gov.vn/en/px-web?pxid=E0538&theme=Enterprise,source_reported_unharmonized
e0538_c9b3c38247,enterprises,Profit before taxes of active enterprises having business outcomes by province,Total,VN_SRC_HATINH,Ha Tinh,2016,annual,-3947.0,Billion VND,not_specified,E0538,https://www.nso.gov.vn/en/px-web?pxid=E0538&theme=Enterprise,source_reported_unharmonized
e0538_c9b3c38247,enterprises,Profit before taxes of active enterprises having business outcomes by province,Total,VN_SRC_HATINH,Ha Tinh,2017,annual,-4311.0,Billion VND,not_specified,E0538,https://www.nso.gov.vn/en/px-web?pxid=E0538&theme=Enterprise,source_reported_unharmonized
e0538_c9b3c38247,enterprises,Profit before taxes of active enterprises having business outcomes by province,Total,VN_SRC_HATINH,Ha Tinh,2018,annual,-2506.26,Billion VND,not_specified,E0538,https://www.nso.gov.vn/en/px-web?pxid=E0538&theme=Enterprise,source_reported_unharmonized
e0538_c9b3c38247,enterprises,Profit before taxes of active enterprises having business outcomes by province,Total,VN_SRC_HATINH,Ha Tinh,2019,annual,-11279.99,Billion VND,not_specified,E0538,https://www.nso.gov.vn/en/px-web?pxid=E0538&theme=Enterprise,source_reported_unharmonized
e0538_c9b3c38247,enterprises,Profit before taxes of active enterprises having business outcomes by province,Total,VN_SRC_HATINH,Ha Tinh,2020,annual,-5235.0,Billion VND,not_specified,E0538,https://www.nso.gov.vn/en/px-web?pxid=E0538&theme=Enterprise,source_reported_unharmonized
e0538_c9b3c38247,enterprises,Profit before taxes of active enterprises having business outcomes by province,Total,VN_SRC_HATINH,Ha Tinh,2021,annual,29002.53,Billion VND,not_specified,E0538,https://www.nso.gov.vn/en/px-web?pxid=E0538&theme=Enterprise,source_reported_unharmonized
e0538_c9b3c38247,enterprises,Profit before taxes of active enterprises having business outcomes by province,Total,VN_SRC_HATINH,Ha Tinh,2022,annual,-7644.0,Billion VND,not_specified,E0538,https://www.nso.gov.vn/en/px-web?pxid=E0538&theme=Enterprise,source_reported_unharmonized
e0538_c9b3c38247,enterprises,Profit before taxes of active enterprises having business outcomes by province,Total,VN_SRC_HATINH,Ha Tinh,2023,annual,-15781.81,Billion VND,not_specified,E0538,https://www.nso.gov.vn/en/px-web?pxid=E0538&theme=Enterprise,source_reported_unharmonized
e0538_c9b3c38247,enterprises,Profit before taxes of active enterprises having business outcomes by province,Total,VN_SRC_HATINH,Ha Tinh,2024,annual,-9952.71,Billion VND,not_specified,E0538,https://www.nso.gov.vn/en/px-web?pxid=E0538&theme=Enterprise,source_reported_unharmonized
e0538_c9b3c38247,enterprises,Profit before taxes of active enterprises having business outcomes by province,Total,VN_SRC_QUANGBINH,Quang Binh,2010,annual,247.0,Billion VND,not_specified,E0538,https://www.nso.gov.vn/en/px-web?pxid=E0538&theme=Enterprise,source_reported_unharmonized
e0538_c9b3c38247,enterprises,Profit before taxes of active enterprises having business outcomes by province,Total,VN_SRC_QUANGBINH,Quang Binh,2015,annual,-330.0,Billion VND,not_specified,E0538,https://www.nso.gov.vn/en/px-web?pxid=E0538&theme=Enterprise,source_reported_unharmonized
e0538_c9b3c38247,enterprises,Profit before taxes of active enterprises having business outcomes by province,Total,VN_SRC_QUANGBINH,Quang Binh,2016,annual,-569.0,Billion VND,not_specified,E0538,https://www.nso.gov.vn/en/px-web?pxid=E0538&theme=Enterprise,source_reported_unharmonized
e0538_c9b3c38247,enterprises,Profit before taxes of active enterprises having business outcomes by province,Total,VN_SRC_QUANGBINH,Quang Binh,2017,annual,-1292.0,Billion VND,not_specified,E0538,https://www.nso.gov.vn/en/px-web?pxid=E0538&theme=Enterprise,source_reported_unharmonized
e0538_c9b3c38247,enterprises,Profit before taxes of active enterprises having business outcomes by province,Total,VN_SRC_QUANGBINH,Quang Binh,2018,annual,-568.5,Billion VND,not_specified,E0538,https://www.nso.gov.vn/en/px-web?pxid=E0538&theme=Enterprise,source_reported_unharmonized
e0538_c9b3c38247,enterprises,Profit before taxes of active enterprises having business outcomes by province,Total,VN_SRC_QUANGBINH,Quang Binh,2019,annual,-496.42,Billion VND,not_specified,E0538,https://www.nso.gov.vn/en/px-web?pxid=E0538&theme=Enterprise,source_reported_unharmonized
e0538_c9b3c38247,enterprises,Profit before taxes of active enterprises having business outcomes by province,Total,VN_SRC_QUANGBINH,Quang Binh,2020,annual,-3901.14,Billion VND,not_specified,E0538,https://www.nso.gov.vn/en/px-web?pxid=E0538&theme=Enterprise,source_reported_unharmonized
e0538_c9b3c38247,enterprises,Profit before taxes of active enterprises having business outcomes by province,Total,VN_SRC_QUANGBINH,Quang Binh,2021,annual,-108.02,Billion VND,not_specified,E0538,https://www.nso.gov.vn/en/px-web?pxid=E0538&theme=Enterprise,source_reported_unharmonized
e0538_c9b3c38247,enterprises,Profit before taxes of active enterprises having business outcomes by province,Total,VN_SRC_QUANGBINH,Quang Binh,2022,annual,-527.85,Billion VND,not_specified,E0538,https://www.nso.gov.vn/en/px-web?pxid=E0538&theme=Enterprise,source_reported_unharmonized
e0538_c9b3c38247,enterprises,Profit before taxes of active enterprises having business outcomes by province,Total,VN_SRC_QUANGBINH,Quang Binh,2023,annual,-1183.01,Billion VND,not_specified,E0538,https://www.nso.gov.vn/en/px-web?pxid=E0538&theme=Enterprise,source_reported_unharmonized
e0538_c9b3c38247,enterprises,Profit before taxes of active enterprises having business outcomes by province,Total,VN_SRC_QUANGBINH,Quang Binh,2024,annual,-989.37,Billion VND,not_specified,E0538,https://www.nso.gov.vn/en/px-web?pxid=E0538&theme=Enterprise,source_reported_unharmonized
e0538_c9b3c38247,enterprises,Profit before taxes of active enterprises having business outcomes by province,Total,VN_SRC_QUANGTRI,Quang Tri,2010,annual,270.0,Billion VND,not_specified,E0538,https://www.nso.gov.vn/en/px-web?pxid=E0538&theme=Enterprise,source_reported_unharmonized
e0538_c9b3c38247,enterprises,Profit before taxes of active enterprises having business outcomes by province,Total,VN_SRC_QUANGTRI,Quang Tri,2015,annual,114.0,Billion VND,not_specified,E0538,https://www.nso.gov.vn/en/px-web?pxid=E0538&theme=Enterprise,source_reported_unharmonized
e0538_c9b3c38247,enterprises,Profit before taxes of active enterprises having business outcomes by province,Total,VN_SRC_QUANGTRI,Quang Tri,2016,annual,127.0,Billion VND,not_specified,E0538,https://www.nso.gov.vn/en/px-web?pxid=E0538&theme=Enterprise,source_reported_unharmonized
e0538_c9b3c38247,enterprises,Profit before taxes of active enterprises having business outcomes by province,Total,VN_SRC_QUANGTRI,Quang Tri,2017,annual,249.0,Billion VND,not_specified,E0538,https://www.nso.gov.vn/en/px-web?pxid=E0538&theme=Enterprise,source_reported_unharmonized
e0538_c9b3c38247,enterprises,Profit before taxes of active enterprises having business outcomes by province,Total,VN_SRC_QUANGTRI,Quang Tri,2018,annual,425.31,Billion VND,not_specified,E0538,https://www.nso.gov.vn/en/px-web?pxid=E0538&theme=Enterprise,source_reported_unharmonized
e0538_c9b3c38247,enterprises,Profit before taxes of active enterprises having business outcomes by province,Total,VN_SRC_QUANGTRI,Quang Tri,2019,annual,629.12,Billion VND,not_specified,E0538,https://www.nso.gov.vn/en/px-web?pxid=E0538&theme=Enterprise,source_reported_unharmonized
e0538_c9b3c38247,enterprises,Profit before taxes of active enterprises having business outcomes by province,Total,VN_SRC_QUANGTRI,Quang Tri,2020,annual,63.08,Billion VND,not_specified,E0538,https://www.nso.gov.vn/en/px-web?pxid=E0538&theme=Enterprise,source_reported_unharmonized
e0538_c9b3c38247,enterprises,Profit before taxes of active enterprises having business outcomes by province,Total,VN_SRC_QUANGTRI,Quang Tri,2021,annual,755.16,Billion VND,not_specified,E0538,https://www.nso.gov.vn/en/px-web?pxid=E0538&theme=Enterprise,source_reported_unharmonized
e0538_c9b3c38247,enterprises,Profit before taxes of active enterprises having business outcomes by province,Total,VN_SRC_QUANGTRI,Quang Tri,2022,annual,722.56,Billion VND,not_specified,E0538,https://www.nso.gov.vn/en/px-web?pxid=E0538&theme=Enterprise,source_reported_unharmonized
e0538_c9b3c38247,enterprises,Profit before taxes of active enterprises having business outcomes by province,Total,VN_SRC_QUANGTRI,Quang Tri,2023,annual,634.83,Billion VND,not_specified,E0538,https://www.nso.gov.vn/en/px-web?pxid=E0538&theme=Enterprise,source_reported_unharmonized
e0538_c9b3c38247,enterprises,Profit before taxes of active enterprises having business outcomes by province,Total,VN_SRC_QUANGTRI,Quang Tri,2024,annual,-278.75,Billion VND,not_specified,E0538,https://www.nso.gov.vn/en/px-web?pxid=E0538&theme=Enterprise,source_reported_unharmonized
e0538_c9b3c38247,enterprises,Profit before taxes of active enterprises having business outcomes by province,Total,VN_SRC_THUATHIENHUE,Thua Thien-Hue,2010,annual,1416.0,Billion VND,not_specified,E0538,https://www.nso.gov.vn/en/px-web?pxid=E0538&theme=Enterprise,source_reported_unharmonized
e0538_c9b3c38247,enterprises,Profit before taxes of active enterprises having business outcomes by province,Total,VN_SRC_THUATHIENHUE,Thua Thien-Hue,2015,annual,1011.0,Billion VND,not_specified,E0538,https://www.nso.gov.vn/en/px-web?pxid=E0538&theme=Enterprise,source_reported_unharmonized
e0538_c9b3c38247,enterprises,Profit before taxes of active enterprises having business outcomes by province,Total,VN_SRC_THUATHIENHUE,Thua Thien-Hue,2016,annual,848.0,Billion VND,not_specified,E0538,https://www.nso.gov.vn/en/px-web?pxid=E0538&theme=Enterprise,source_reported_unharmonized
e0538_c9b3c38247,enterprises,Profit before taxes of active enterprises having business outcomes by province,Total,VN_SRC_THUATHIENHUE,Thua Thien-Hue,2017,annual,2173.0,Billion VND,not_specified,E0538,https://www.nso.gov.vn/en/px-web?pxid=E0538&theme=Enterprise,source_reported_unharmonized
e0538_c9b3c38247,enterprises,Profit before taxes of active enterprises having business outcomes by province,Total,VN_SRC_THUATHIENHUE,Thua Thien-Hue,2018,annual,1560.13,Billion VND,not_specified,E0538,https://www.nso.gov.vn/en/px-web?pxid=E0538&theme=Enterprise,source_reported_unharmonized
e0538_c9b3c38247,enterprises,Profit before taxes of active enterprises having business outcomes by province,Total,VN_SRC_THUATHIENHUE,Thua Thien-Hue,2019,annual,1725.22,Billion VND,not_specified,E0538,https://www.nso.gov.vn/en/px-web?pxid=E0538&theme=Enterprise,source_reported_unharmonized
e0538_c9b3c38247,enterprises,Profit before taxes of active enterprises having business outcomes by province,Total,VN_SRC_THUATHIENHUE,Thua Thien-Hue,2020,annual,3223.31,Billion VND,not_specified,E0538,https://www.nso.gov.vn/en/px-web?pxid=E0538&theme=Enterprise,source_reported_unharmonized
e0538_c9b3c38247,enterprises,Profit before taxes of active enterprises having business outcomes by province,Total,VN_SRC_THUATHIENHUE,Thua Thien-Hue,2021,annual,3079.93,Billion VND,not_specified,E0538,https://www.nso.gov.vn/en/px-web?pxid=E0538&theme=Enterprise,source_reported_unharmonized
e0538_c9b3c38247,enterprises,Profit before taxes of active enterprises having business outcomes by province,Total,VN_SRC_THUATHIENHUE,Thua Thien-Hue,2022,annual,2118.93,Billion VND,not_specified,E0538,https://www.nso.gov.vn/en/px-web?pxid=E0538&theme=Enterprise,source_reported_unharmonized
e0538_c9b3c38247,enterprises,Profit before taxes of active enterprises having business outcomes by province,Total,VN_SRC_THUATHIENHUE,Thua Thien-Hue,2023,annual,478.15,Billion VND,not_specified,E0538,https://www.nso.gov.vn/en/px-web?pxid=E0538&theme=Enterprise,source_reported_unharmonized
e0538_c9b3c38247,enterprises,Profit before taxes of active enterprises having business outcomes by province,Total,VN_SRC_THUATHIENHUE,Thua Thien-Hue,2024,annual,1237.65,Billion VND,not_specified,E0538,https://www.nso.gov.vn/en/px-web?pxid=E0538&theme=Enterprise,source_reported_unharmonized
e0538_c9b3c38247,enterprises,Profit before taxes of active enterprises having business outcomes by province,Total,VN_SRC_DANANG,Da Nang,2010,annual,1400.0,Billion VND,not_specified,E0538,https://www.nso.gov.vn/en/px-web?pxid=E0538&theme=Enterprise,source_reported_unharmonized
e0538_c9b3c38247,enterprises,Profit before taxes of active enterprises having business outcomes by province,Total,VN_SRC_DANANG,Da Nang,2015,annual,3550.0,Billion VND,not_specified,E0538,https://www.nso.gov.vn/en/px-web?pxid=E0538&theme=Enterprise,source_reported_unharmonized
e0538_c9b3c38247,enterprises,Profit before taxes of active enterprises having business outcomes by province,Total,VN_SRC_DANANG,Da Nang,2016,annual,4979.0,Billion VND,not_specified,E0538,https://www.nso.gov.vn/en/px-web?pxid=E0538&theme=Enterprise,source_reported_unharmonized
e0538_c9b3c38247,enterprises,Profit before taxes of active enterprises having business outcomes by province,Total,VN_SRC_DANANG,Da Nang,2017,annual,6915.0,Billion VND,not_specified,E0538,https://www.nso.gov.vn/en/px-web?pxid=E0538&theme=Enterprise,source_reported_unharmonized
e0538_c9b3c38247,enterprises,Profit before taxes of active enterprises having business outcomes by province,Total,VN_SRC_DANANG,Da Nang,2018,annual,8555.99,Billion VND,not_specified,E0538,https://www.nso.gov.vn/en/px-web?pxid=E0538&theme=Enterprise,source_reported_unharmonized
e0538_c9b3c38247,enterprises,Profit before taxes of active enterprises having business outcomes by province,Total,VN_SRC_DANANG,Da Nang,2019,annual,11741.21,Billion VND,not_specified,E0538,https://www.nso.gov.vn/en/px-web?pxid=E0538&theme=Enterprise,source_reported_unharmonized
e0538_c9b3c38247,enterprises,Profit before taxes of active enterprises having business outcomes by province,Total,VN_SRC_DANANG,Da Nang,2020,annual,-1784.28,Billion VND,not_specified,E0538,https://www.nso.gov.vn/en/px-web?pxid=E0538&theme=Enterprise,source_reported_unharmonized
e0538_c9b3c38247,enterprises,Profit before taxes of active enterprises having business outcomes by province,Total,VN_SRC_DANANG,Da Nang,2021,annual,1207.73,Billion VND,not_specified,E0538,https://www.nso.gov.vn/en/px-web?pxid=E0538&theme=Enterprise,source_reported_unharmonized
e0538_c9b3c38247,enterprises,Profit before taxes of active enterprises having business outcomes by province,Total,VN_SRC_DANANG,Da Nang,2022,annual,5348.76,Billion VND,not_specified,E0538,https://www.nso.gov.vn/en/px-web?pxid=E0538&theme=Enterprise,source_reported_unharmonized
e0538_c9b3c38247,enterprises,Profit before taxes of active enterprises having business outcomes by province,Total,VN_SRC_DANANG,Da Nang,2023,annual,7369.45,Billion VND,not_specified,E0538,https://www.nso.gov.vn/en/px-web?pxid=E0538&theme=Enterprise,source_reported_unharmonized
e0538_c9b3c38247,enterprises,Profit before taxes of active enterprises having business outcomes by province,Total,VN_SRC_DANANG,Da Nang,2024,annual,10046.43,Billion VND,not_specified,E0538,https://www.nso.gov.vn/en/px-web?pxid=E0538&theme=Enterprise,source_reported_unharmonized
e0538_c9b3c38247,enterprises,Profit before taxes of active enterprises having business outcomes by province,Total,VN_SRC_QUANGNAM,Quang Nam,2010,annual,1595.0,Billion VND,not_specified,E0538,https://www.nso.gov.vn/en/px-web?pxid=E0538&theme=Enterprise,source_reported_unharmonized
e0538_c9b3c38247,enterprises,Profit before taxes of active enterprises having business outcomes by province,Total,VN_SRC_QUANGNAM,Quang Nam,2015,annual,8111.0,Billion VND,not_specified,E0538,https://www.nso.gov.vn/en/px-web?pxid=E0538&theme=Enterprise,source_reported_unharmonized
e0538_c9b3c38247,enterprises,Profit before taxes of active enterprises having business outcomes by province,Total,VN_SRC_QUANGNAM,Quang Nam,2016,annual,9121.0,Billion VND,not_specified,E0538,https://www.nso.gov.vn/en/px-web?pxid=E0538&theme=Enterprise,source_reported_unharmonized
e0538_c9b3c38247,enterprises,Profit before taxes of active enterprises having business outcomes by province,Total,VN_SRC_QUANGNAM,Quang Nam,2017,annual,4865.0,Billion VND,not_specified,E0538,https://www.nso.gov.vn/en/px-web?pxid=E0538&theme=Enterprise,source_reported_unharmonized
e0538_c9b3c38247,enterprises,Profit before taxes of active enterprises having business outcomes by province,Total,VN_SRC_QUANGNAM,Quang Nam,2018,annual,7783.15,Billion VND,not_specified,E0538,https://www.nso.gov.vn/en/px-web?pxid=E0538&theme=Enterprise,source_reported_unharmonized
e0538_c9b3c38247,enterprises,Profit before taxes of active enterprises having business outcomes by province,Total,VN_SRC_QUANGNAM,Quang Nam,2019,annual,5082.02,Billion VND,not_specified,E0538,https://www.nso.gov.vn/en/px-web?pxid=E0538&theme=Enterprise,source_reported_unharmonized
e0538_c9b3c38247,enterprises,Profit before taxes of active enterprises having business outcomes by province,Total,VN_SRC_QUANGNAM,Quang Nam,2020,annual,2470.98,Billion VND,not_specified,E0538,https://www.nso.gov.vn/en/px-web?pxid=E0538&theme=Enterprise,source_reported_unharmonized
e0538_c9b3c38247,enterprises,Profit before taxes of active enterprises having business outcomes by province,Total,VN_SRC_QUANGNAM,Quang Nam,2021,annual,4378.12,Billion VND,not_specified,E0538,https://www.nso.gov.vn/en/px-web?pxid=E0538&theme=Enterprise,source_reported_unharmonized
e0538_c9b3c38247,enterprises,Profit before taxes of active enterprises having business outcomes by province,Total,VN_SRC_QUANGNAM,Quang Nam,2022,annual,19044.37,Billion VND,not_specified,E0538,https://www.nso.gov.vn/en/px-web?pxid=E0538&theme=Enterprise,source_reported_unharmonized
e0538_c9b3c38247,enterprises,Profit before taxes of active enterprises having business outcomes by province,Total,VN_SRC_QUANGNAM,Quang Nam,2023,annual,3970.89,Billion VND,not_specified,E0538,https://www.nso.gov.vn/en/px-web?pxid=E0538&theme=Enterprise,source_reported_unharmonized
e0538_c9b3c38247,enterprises,Profit before taxes of active enterprises having business outcomes by province,Total,VN_SRC_QUANGNAM,Quang Nam,2024,annual,12609.83,Billion VND,not_specified,E0538,https://www.nso.gov.vn/en/px-web?pxid=E0538&theme=Enterprise,source_reported_unharmonized
e0538_c9b3c38247,enterprises,Profit before taxes of active enterprises having business outcomes by province,Total,VN_SRC_QUANGNGAI,Quang Ngai,2010,annual,342.0,Billion VND,not_specified,E0538,https://www.nso.gov.vn/en/px-web?pxid=E0538&theme=Enterprise,source_reported_unharmonized
e0538_c9b3c38247,enterprises,Profit before taxes of active enterprises having business outcomes by province,Total,VN_SRC_QUANGNGAI,Quang Ngai,2015,annual,8021.0,Billion VND,not_specified,E0538,https://www.nso.gov.vn/en/px-web?pxid=E0538&theme=Enterprise,source_reported_unharmonized
e0538_c9b3c38247,enterprises,Profit before taxes of active enterprises having business outcomes by province,Total,VN_SRC_QUANGNGAI,Quang Ngai,2016,annual,6308.0,Billion VND,not_specified,E0538,https://www.nso.gov.vn/en/px-web?pxid=E0538&theme=Enterprise,source_reported_unharmonized
e0538_c9b3c38247,enterprises,Profit before taxes of active enterprises having business outcomes by province,Total,VN_SRC_QUANGNGAI,Quang Ngai,2017,annual,9839.0,Billion VND,not_specified,E0538,https://www.nso.gov.vn/en/px-web?pxid=E0538&theme=Enterprise,source_reported_unharmonized
e0538_c9b3c38247,enterprises,Profit before taxes of active enterprises having business outcomes by province,Total,VN_SRC_QUANGNGAI,Quang Ngai,2018,annual,2814.48,Billion VND,not_specified,E0538,https://www.nso.gov.vn/en/px-web?pxid=E0538&theme=Enterprise,source_reported_unharmonized
e0538_c9b3c38247,enterprises,Profit before taxes of active enterprises having business outcomes by province,Total,VN_SRC_QUANGNGAI,Quang Ngai,2019,annual,5397.88,Billion VND,not_specified,E0538,https://www.nso.gov.vn/en/px-web?pxid=E0538&theme=Enterprise,source_reported_unharmonized
e0538_c9b3c38247,enterprises,Profit before taxes of active enterprises having business outcomes by province,Total,VN_SRC_QUANGNGAI,Quang Ngai,2020,annual,2943.08,Billion VND,not_specified,E0538,https://www.nso.gov.vn/en/px-web?pxid=E0538&theme=Enterprise,source_reported_unharmonized
e0538_c9b3c38247,enterprises,Profit before taxes of active enterprises having business outcomes by province,Total,VN_SRC_QUANGNGAI,Quang Ngai,2021,annual,32937.36,Billion VND,not_specified,E0538,https://www.nso.gov.vn/en/px-web?pxid=E0538&theme=Enterprise,source_reported_unharmonized
e0538_c9b3c38247,enterprises,Profit before taxes of active enterprises having business outcomes by province,Total,VN_SRC_QUANGNGAI,Quang Ngai,2022,annual,25627.12,Billion VND,not_specified,E0538,https://www.nso.gov.vn/en/px-web?pxid=E0538&theme=Enterprise,source_reported_unharmonized
e0538_c9b3c38247,enterprises,Profit before taxes of active enterprises having business outcomes by province,Total,VN_SRC_QUANGNGAI,Quang Ngai,2023,annual,18359.74,Billion VND,not_specified,E0538,https://www.nso.gov.vn/en/px-web?pxid=E0538&theme=Enterprise,source_reported_unharmonized
e0538_c9b3c38247,enterprises,Profit before taxes of active enterprises having business outcomes by province,Total,VN_SRC_QUANGNGAI,Quang Ngai,2024,annual,14969.07,Billion VND,not_specified,E0538,https://www.nso.gov.vn/en/px-web?pxid=E0538&theme=Enterprise,source_reported_unharmonized
e0538_c9b3c38247,enterprises,Profit before taxes of active enterprises having business outcomes by province,Total,VN_SRC_BINHDINH,Binh Dinh,2010,annual,1142.0,Billion VND,not_specified,E0538,https://www.nso.gov.vn/en/px-web?pxid=E0538&theme=Enterprise,source_reported_unharmonized
e0538_c9b3c38247,enterprises,Profit before taxes of active enterprises having business outcomes by province,Total,VN_SRC_BINHDINH,Binh Dinh,2015,annual,1712.0,Billion VND,not_specified,E0538,https://www.nso.gov.vn/en/px-web?pxid=E0538&theme=Enterprise,source_reported_unharmonized
e0538_c9b3c38247,enterprises,Profit before taxes of active enterprises having business outcomes by province,Total,VN_SRC_BINHDINH,Binh Dinh,2016,annual,1763.0,Billion VND,not_specified,E0538,https://www.nso.gov.vn/en/px-web?pxid=E0538&theme=Enterprise,source_reported_unharmonized
e0538_c9b3c38247,enterprises,Profit before taxes of active enterprises having business outcomes by province,Total,VN_SRC_BINHDINH,Binh Dinh,2017,annual,2070.0,Billion VND,not_specified,E0538,https://www.nso.gov.vn/en/px-web?pxid=E0538&theme=Enterprise,source_reported_unharmonized
e0538_c9b3c38247,enterprises,Profit before taxes of active enterprises having business outcomes by province,Total,VN_SRC_BINHDINH,Binh Dinh,2018,annual,2035.93,Billion VND,not_specified,E0538,https://www.nso.gov.vn/en/px-web?pxid=E0538&theme=Enterprise,source_reported_unharmonized
e0538_c9b3c38247,enterprises,Profit before taxes of active enterprises having business outcomes by province,Total,VN_SRC_BINHDINH,Binh Dinh,2019,annual,2652.68,Billion VND,not_specified,E0538,https://www.nso.gov.vn/en/px-web?pxid=E0538&theme=Enterprise,source_reported_unharmonized
e0538_c9b3c38247,enterprises,Profit before taxes of active enterprises having business outcomes by province,Total,VN_SRC_BINHDINH,Binh Dinh,2020,annual,2741.69,Billion VND,not_specified,E0538,https://www.nso.gov.vn/en/px-web?pxid=E0538&theme=Enterprise,source_reported_unharmonized
e0538_c9b3c38247,enterprises,Profit before taxes of active enterprises having business outcomes by province,Total,VN_SRC_BINHDINH,Binh Dinh,2021,annual,1773.99,Billion VND,not_specified,E0538,https://www.nso.gov.vn/en/px-web?pxid=E0538&theme=Enterprise,source_reported_unharmonized
e0538_c9b3c38247,enterprises,Profit before taxes of active enterprises having business outcomes by province,Total,VN_SRC_BINHDINH,Binh Dinh,2022,annual,-14243.46,Billion VND,not_specified,E0538,https://www.nso.gov.vn/en/px-web?pxid=E0538&theme=Enterprise,source_reported_unharmonized
e0538_c9b3c38247,enterprises,Profit before taxes of active enterprises having business outcomes by province,Total,VN_SRC_BINHDINH,Binh Dinh,2023,annual,3877.59,Billion VND,not_specified,E0538,https://www.nso.gov.vn/en/px-web?pxid=E0538&theme=Enterprise,source_reported_unharmonized
e0538_c9b3c38247,enterprises,Profit before taxes of active enterprises having business outcomes by province,Total,VN_SRC_BINHDINH,Binh Dinh,2024,annual,5254.67,Billion VND,not_specified,E0538,https://www.nso.gov.vn/en/px-web?pxid=E0538&theme=Enterprise,source_reported_unharmonized
e0538_c9b3c38247,enterprises,Profit before taxes of active enterprises having business outcomes by province,Total,VN_SRC_PHUYEN,Phu Yen,2010,annual,641.0,Billion VND,not_specified,E0538,https://www.nso.gov.vn/en/px-web?pxid=E0538&theme=Enterprise,source_reported_unharmonized
e0538_c9b3c38247,enterprises,Profit before taxes of active enterprises having business outcomes by province,Total,VN_SRC_PHUYEN,Phu Yen,2015,annual,542.0,Billion VND,not_specified,E0538,https://www.nso.gov.vn/en/px-web?pxid=E0538&theme=Enterprise,source_reported_unharmonized
e0538_c9b3c38247,enterprises,Profit before taxes of active enterprises having business outcomes by province,Total,VN_SRC_PHUYEN,Phu Yen,2016,annual,774.0,Billion VND,not_specified,E0538,https://www.nso.gov.vn/en/px-web?pxid=E0538&theme=Enterprise,source_reported_unharmonized
e0538_c9b3c38247,enterprises,Profit before taxes of active enterprises having business outcomes by province,Total,VN_SRC_PHUYEN,Phu Yen,2017,annual,1262.0,Billion VND,not_specified,E0538,https://www.nso.gov.vn/en/px-web?pxid=E0538&theme=Enterprise,source_reported_unharmonized
e0538_c9b3c38247,enterprises,Profit before taxes of active enterprises having business outcomes by province,Total,VN_SRC_PHUYEN,Phu Yen,2018,annual,1087.61,Billion VND,not_specified,E0538,https://www.nso.gov.vn/en/px-web?pxid=E0538&theme=Enterprise,source_reported_unharmonized
e0538_c9b3c38247,enterprises,Profit before taxes of active enterprises having business outcomes by province,Total,VN_SRC_PHUYEN,Phu Yen,2019,annual,814.45,Billion VND,not_specified,E0538,https://www.nso.gov.vn/en/px-web?pxid=E0538&theme=Enterprise,source_reported_unharmonized
e0538_c9b3c38247,enterprises,Profit before taxes of active enterprises having business outcomes by province,Total,VN_SRC_PHUYEN,Phu Yen,2020,annual,1090.38,Billion VND,not_specified,E0538,https://www.nso.gov.vn/en/px-web?pxid=E0538&theme=Enterprise,source_reported_unharmonized
e0538_c9b3c38247,enterprises,Profit before taxes of active enterprises having business outcomes by province,Total,VN_SRC_PHUYEN,Phu Yen,2021,annual,1384.57,Billion VND,not_specified,E0538,https://www.nso.gov.vn/en/px-web?pxid=E0538&theme=Enterprise,source_reported_unharmonized
e0538_c9b3c38247,enterprises,Profit before taxes of active enterprises having business outcomes by province,Total,VN_SRC_PHUYEN,Phu Yen,2022,annual,824.94,Billion VND,not_specified,E0538,https://www.nso.gov.vn/en/px-web?pxid=E0538&theme=Enterprise,source_reported_unharmonized
e0538_c9b3c38247,enterprises,Profit before taxes of active enterprises having business outcomes by province,Total,VN_SRC_PHUYEN,Phu Yen,2023,annual,865.27,Billion VND,not_specified,E0538,https://www.nso.gov.vn/en/px-web?pxid=E0538&theme=Enterprise,source_reported_unharmonized
e0538_c9b3c38247,enterprises,Profit before taxes of active enterprises having business outcomes by province,Total,VN_SRC_PHUYEN,Phu Yen,2024,annual,676.93,Billion VND,not_specified,E0538,https://www.nso.gov.vn/en/px-web?pxid=E0538&theme=Enterprise,source_reported_unharmonized
e0538_c9b3c38247,enterprises,Profit before taxes of active enterprises having business outcomes by province,Total,VN_SRC_KHANHHOA,Khanh Hoa,2010,annual,2492.0,Billion VND,not_specified,E0538,https://www.nso.gov.vn/en/px-web?pxid=E0538&theme=Enterprise,source_reported_unharmonized
e0538_c9b3c38247,enterprises,Profit before taxes of active enterprises having business outcomes by province,Total,VN_SRC_KHANHHOA,Khanh Hoa,2015,annual,3646.0,Billion VND,not_specified,E0538,https://www.nso.gov.vn/en/px-web?pxid=E0538&theme=Enterprise,source_reported_unharmonized
e0538_c9b3c38247,enterprises,Profit before taxes of active enterprises having business outcomes by province,Total,VN_SRC_KHANHHOA,Khanh Hoa,2016,annual,4710.0,Billion VND,not_specified,E0538,https://www.nso.gov.vn/en/px-web?pxid=E0538&theme=Enterprise,source_reported_unharmonized
e0538_c9b3c38247,enterprises,Profit before taxes of active enterprises having business outcomes by province,Total,VN_SRC_KHANHHOA,Khanh Hoa,2017,annual,5996.0,Billion VND,not_specified,E0538,https://www.nso.gov.vn/en/px-web?pxid=E0538&theme=Enterprise,source_reported_unharmonized
e0538_c9b3c38247,enterprises,Profit before taxes of active enterprises having business outcomes by province,Total,VN_SRC_KHANHHOA,Khanh Hoa,2018,annual,3714.87,Billion VND,not_specified,E0538,https://www.nso.gov.vn/en/px-web?pxid=E0538&theme=Enterprise,source_reported_unharmonized
e0538_c9b3c38247,enterprises,Profit before taxes of active enterprises having business outcomes by province,Total,VN_SRC_KHANHHOA,Khanh Hoa,2019,annual,-1509.1,Billion VND,not_specified,E0538,https://www.nso.gov.vn/en/px-web?pxid=E0538&theme=Enterprise,source_reported_unharmonized
e0538_c9b3c38247,enterprises,Profit before taxes of active enterprises having business outcomes by province,Total,VN_SRC_KHANHHOA,Khanh Hoa,2020,annual,-11660.82,Billion VND,not_specified,E0538,https://www.nso.gov.vn/en/px-web?pxid=E0538&theme=Enterprise,source_reported_unharmonized
e0538_c9b3c38247,enterprises,Profit before taxes of active enterprises having business outcomes by province,Total,VN_SRC_KHANHHOA,Khanh Hoa,2021,annual,-11297.37,Billion VND,not_specified,E0538,https://www.nso.gov.vn/en/px-web?pxid=E0538&theme=Enterprise,source_reported_unharmonized
e0538_c9b3c38247,enterprises,Profit before taxes of active enterprises having business outcomes by province,Total,VN_SRC_KHANHHOA,Khanh Hoa,2022,annual,5589.99,Billion VND,not_specified,E0538,https://www.nso.gov.vn/en/px-web?pxid=E0538&theme=Enterprise,source_reported_unharmonized
e0538_c9b3c38247,enterprises,Profit before taxes of active enterprises having business outcomes by province,Total,VN_SRC_KHANHHOA,Khanh Hoa,2023,annual,2694.48,Billion VND,not_specified,E0538,https://www.nso.gov.vn/en/px-web?pxid=E0538&theme=Enterprise,source_reported_unharmonized
e0538_c9b3c38247,enterprises,Profit before taxes of active enterprises having business outcomes by province,Total,VN_SRC_KHANHHOA,Khanh Hoa,2024,annual,12021.0,Billion VND,not_specified,E0538,https://www.nso.gov.vn/en/px-web?pxid=E0538&theme=Enterprise,source_reported_unharmonized
e0538_c9b3c38247,enterprises,Profit before taxes of active enterprises having business outcomes by province,Total,VN_SRC_NINHTHUAN,Ninh Thuan,2010,annual,-65.0,Billion VND,not_specified,E0538,https://www.nso.gov.vn/en/px-web?pxid=E0538&theme=Enterprise,source_reported_unharmonized
e0538_c9b3c38247,enterprises,Profit before taxes of active enterprises having business outcomes by province,Total,VN_SRC_NINHTHUAN,Ninh Thuan,2015,annual,176.0,Billion VND,not_specified,E0538,https://www.nso.gov.vn/en/px-web?pxid=E0538&theme=Enterprise,source_reported_unharmonized
e0538_c9b3c38247,enterprises,Profit before taxes of active enterprises having business outcomes by province,Total,VN_SRC_NINHTHUAN,Ninh Thuan,2016,annual,195.0,Billion VND,not_specified,E0538,https://www.nso.gov.vn/en/px-web?pxid=E0538&theme=Enterprise,source_reported_unharmonized
e0538_c9b3c38247,enterprises,Profit before taxes of active enterprises having business outcomes by province,Total,VN_SRC_NINHTHUAN,Ninh Thuan,2017,annual,414.0,Billion VND,not_specified,E0538,https://www.nso.gov.vn/en/px-web?pxid=E0538&theme=Enterprise,source_reported_unharmonized
e0538_c9b3c38247,enterprises,Profit before taxes of active enterprises having business outcomes by province,Total,VN_SRC_NINHTHUAN,Ninh Thuan,2018,annual,535.43,Billion VND,not_specified,E0538,https://www.nso.gov.vn/en/px-web?pxid=E0538&theme=Enterprise,source_reported_unharmonized
e0538_c9b3c38247,enterprises,Profit before taxes of active enterprises having business outcomes by province,Total,VN_SRC_NINHTHUAN,Ninh Thuan,2019,annual,1173.66,Billion VND,not_specified,E0538,https://www.nso.gov.vn/en/px-web?pxid=E0538&theme=Enterprise,source_reported_unharmonized
e0538_c9b3c38247,enterprises,Profit before taxes of active enterprises having business outcomes by province,Total,VN_SRC_NINHTHUAN,Ninh Thuan,2020,annual,2059.36,Billion VND,not_specified,E0538,https://www.nso.gov.vn/en/px-web?pxid=E0538&theme=Enterprise,source_reported_unharmonized
e0538_c9b3c38247,enterprises,Profit before taxes of active enterprises having business outcomes by province,Total,VN_SRC_NINHTHUAN,Ninh Thuan,2021,annual,3472.27,Billion VND,not_specified,E0538,https://www.nso.gov.vn/en/px-web?pxid=E0538&theme=Enterprise,source_reported_unharmonized
e0538_c9b3c38247,enterprises,Profit before taxes of active enterprises having business outcomes by province,Total,VN_SRC_NINHTHUAN,Ninh Thuan,2022,annual,1576.47,Billion VND,not_specified,E0538,https://www.nso.gov.vn/en/px-web?pxid=E0538&theme=Enterprise,source_reported_unharmonized
e0538_c9b3c38247,enterprises,Profit before taxes of active enterprises having business outcomes by province,Total,VN_SRC_NINHTHUAN,Ninh Thuan,2023,annual,1378.7,Billion VND,not_specified,E0538,https://www.nso.gov.vn/en/px-web?pxid=E0538&theme=Enterprise,source_reported_unharmonized
e0538_c9b3c38247,enterprises,Profit before taxes of active enterprises having business outcomes by province,Total,VN_SRC_NINHTHUAN,Ninh Thuan,2024,annual,4241.76,Billion VND,not_specified,E0538,https://www.nso.gov.vn/en/px-web?pxid=E0538&theme=Enterprise,source_reported_unharmonized
e0538_c9b3c38247,enterprises,Profit before taxes of active enterprises having business outcomes by province,Total,VN_SRC_BINHTHUAN,Binh Thuan,2010,annual,1020.0,Billion VND,not_specified,E0538,https://www.nso.gov.vn/en/px-web?pxid=E0538&theme=Enterprise,source_reported_unharmonized
e0538_c9b3c38247,enterprises,Profit before taxes of active enterprises having business outcomes by province,Total,VN_SRC_BINHTHUAN,Binh Thuan,2015,annual,864.0,Billion VND,not_specified,E0538,https://www.nso.gov.vn/en/px-web?pxid=E0538&theme=Enterprise,source_reported_unharmonized
e0538_c9b3c38247,enterprises,Profit before taxes of active enterprises having business outcomes by province,Total,VN_SRC_BINHTHUAN,Binh Thuan,2016,annual,3547.0,Billion VND,not_specified,E0538,https://www.nso.gov.vn/en/px-web?pxid=E0538&theme=Enterprise,source_reported_unharmonized
e0538_c9b3c38247,enterprises,Profit before taxes of active enterprises having business outcomes by province,Total,VN_SRC_BINHTHUAN,Binh Thuan,2017,annual,1322.0,Billion VND,not_specified,E0538,https://www.nso.gov.vn/en/px-web?pxid=E0538&theme=Enterprise,source_reported_unharmonized
e0538_c9b3c38247,enterprises,Profit before taxes of active enterprises having business outcomes by province,Total,VN_SRC_BINHTHUAN,Binh Thuan,2018,annual,2001.1,Billion VND,not_specified,E0538,https://www.nso.gov.vn/en/px-web?pxid=E0538&theme=Enterprise,source_reported_unharmonized
e0538_c9b3c38247,enterprises,Profit before taxes of active enterprises having business outcomes by province,Total,VN_SRC_BINHTHUAN,Binh Thuan,2019,annual,5402.79,Billion VND,not_specified,E0538,https://www.nso.gov.vn/en/px-web?pxid=E0538&theme=Enterprise,source_reported_unharmonized
e0538_c9b3c38247,enterprises,Profit before taxes of active enterprises having business outcomes by province,Total,VN_SRC_BINHTHUAN,Binh Thuan,2020,annual,5547.32,Billion VND,not_specified,E0538,https://www.nso.gov.vn/en/px-web?pxid=E0538&theme=Enterprise,source_reported_unharmonized
e0538_c9b3c38247,enterprises,Profit before taxes of active enterprises having business outcomes by province,Total,VN_SRC_BINHTHUAN,Binh Thuan,2021,annual,10634.96,Billion VND,not_specified,E0538,https://www.nso.gov.vn/en/px-web?pxid=E0538&theme=Enterprise,source_reported_unharmonized
e0538_c9b3c38247,enterprises,Profit before taxes of active enterprises having business outcomes by province,Total,VN_SRC_BINHTHUAN,Binh Thuan,2022,annual,8576.46,Billion VND,not_specified,E0538,https://www.nso.gov.vn/en/px-web?pxid=E0538&theme=Enterprise,source_reported_unharmonized
e0538_c9b3c38247,enterprises,Profit before taxes of active enterprises having business outcomes by province,Total,VN_SRC_BINHTHUAN,Binh Thuan,2023,annual,6764.72,Billion VND,not_specified,E0538,https://www.nso.gov.vn/en/px-web?pxid=E0538&theme=Enterprise,source_reported_unharmonized
e0538_c9b3c38247,enterprises,Profit before taxes of active enterprises having business outcomes by province,Total,VN_SRC_BINHTHUAN,Binh Thuan,2024,annual,7756.21,Billion VND,not_specified,E0538,https://www.nso.gov.vn/en/px-web?pxid=E0538&theme=Enterprise,source_reported_unharmonized
e0538_c9b3c38247,enterprises,Profit before taxes of active enterprises having business outcomes by province,Total,VN_SRC_KONTUM,Kon Tum,2010,annual,647.0,Billion VND,not_specified,E0538,https://www.nso.gov.vn/en/px-web?pxid=E0538&theme=Enterprise,source_reported_unharmonized
e0538_c9b3c38247,enterprises,Profit before taxes of active enterprises having business outcomes by province,Total,VN_SRC_KONTUM,Kon Tum,2015,annual,260.0,Billion VND,not_specified,E0538,https://www.nso.gov.vn/en/px-web?pxid=E0538&theme=Enterprise,source_reported_unharmonized
e0538_c9b3c38247,enterprises,Profit before taxes of active enterprises having business outcomes by province,Total,VN_SRC_KONTUM,Kon Tum,2016,annual,546.0,Billion VND,not_specified,E0538,https://www.nso.gov.vn/en/px-web?pxid=E0538&theme=Enterprise,source_reported_unharmonized
e0538_c9b3c38247,enterprises,Profit before taxes of active enterprises having business outcomes by province,Total,VN_SRC_KONTUM,Kon Tum,2017,annual,430.0,Billion VND,not_specified,E0538,https://www.nso.gov.vn/en/px-web?pxid=E0538&theme=Enterprise,source_reported_unharmonized
e0538_c9b3c38247,enterprises,Profit before taxes of active enterprises having business outcomes by province,Total,VN_SRC_KONTUM,Kon Tum,2018,annual,180.59,Billion VND,not_specified,E0538,https://www.nso.gov.vn/en/px-web?pxid=E0538&theme=Enterprise,source_reported_unharmonized
e0538_c9b3c38247,enterprises,Profit before taxes of active enterprises having business outcomes by province,Total,VN_SRC_KONTUM,Kon Tum,2019,annual,2.72,Billion VND,not_specified,E0538,https://www.nso.gov.vn/en/px-web?pxid=E0538&theme=Enterprise,source_reported_unharmonized
e0538_c9b3c38247,enterprises,Profit before taxes of active enterprises having business outcomes by province,Total,VN_SRC_KONTUM,Kon Tum,2020,annual,534.15,Billion VND,not_specified,E0538,https://www.nso.gov.vn/en/px-web?pxid=E0538&theme=Enterprise,source_reported_unharmonized
e0538_c9b3c38247,enterprises,Profit before taxes of active enterprises having business outcomes by province,Total,VN_SRC_KONTUM,Kon Tum,2021,annual,621.34,Billion VND,not_specified,E0538,https://www.nso.gov.vn/en/px-web?pxid=E0538&theme=Enterprise,source_reported_unharmonized
e0538_c9b3c38247,enterprises,Profit before taxes of active enterprises having business outcomes by province,Total,VN_SRC_KONTUM,Kon Tum,2022,annual,912.36,Billion VND,not_specified,E0538,https://www.nso.gov.vn/en/px-web?pxid=E0538&theme=Enterprise,source_reported_unharmonized
e0538_c9b3c38247,enterprises,Profit before taxes of active enterprises having business outcomes by province,Total,VN_SRC_KONTUM,Kon Tum,2023,annual,473.79,Billion VND,not_specified,E0538,https://www.nso.gov.vn/en/px-web?pxid=E0538&theme=Enterprise,source_reported_unharmonized
e0538_c9b3c38247,enterprises,Profit before taxes of active enterprises having business outcomes by province,Total,VN_SRC_KONTUM,Kon Tum,2024,annual,634.05,Billion VND,not_specified,E0538,https://www.nso.gov.vn/en/px-web?pxid=E0538&theme=Enterprise,source_reported_unharmonized
e0538_c9b3c38247,enterprises,Profit before taxes of active enterprises having business outcomes by province,Total,VN_SRC_GIALAI,Gia Lai,2010,annual,4370.0,Billion VND,not_specified,E0538,https://www.nso.gov.vn/en/px-web?pxid=E0538&theme=Enterprise,source_reported_unharmonized
e0538_c9b3c38247,enterprises,Profit before taxes of active enterprises having business outcomes by province,Total,VN_SRC_GIALAI,Gia Lai,2015,annual,3179.0,Billion VND,not_specified,E0538,https://www.nso.gov.vn/en/px-web?pxid=E0538&theme=Enterprise,source_reported_unharmonized
e0538_c9b3c38247,enterprises,Profit before taxes of active enterprises having business outcomes by province,Total,VN_SRC_GIALAI,Gia Lai,2016,annual,-155.0,Billion VND,not_specified,E0538,https://www.nso.gov.vn/en/px-web?pxid=E0538&theme=Enterprise,source_reported_unharmonized
e0538_c9b3c38247,enterprises,Profit before taxes of active enterprises having business outcomes by province,Total,VN_SRC_GIALAI,Gia Lai,2017,annual,1784.0,Billion VND,not_specified,E0538,https://www.nso.gov.vn/en/px-web?pxid=E0538&theme=Enterprise,source_reported_unharmonized
e0538_c9b3c38247,enterprises,Profit before taxes of active enterprises having business outcomes by province,Total,VN_SRC_GIALAI,Gia Lai,2018,annual,-3219.25,Billion VND,not_specified,E0538,https://www.nso.gov.vn/en/px-web?pxid=E0538&theme=Enterprise,source_reported_unharmonized
e0538_c9b3c38247,enterprises,Profit before taxes of active enterprises having business outcomes by province,Total,VN_SRC_GIALAI,Gia Lai,2019,annual,-4587.01,Billion VND,not_specified,E0538,https://www.nso.gov.vn/en/px-web?pxid=E0538&theme=Enterprise,source_reported_unharmonized
e0538_c9b3c38247,enterprises,Profit before taxes of active enterprises having business outcomes by province,Total,VN_SRC_GIALAI,Gia Lai,2020,annual,-2652.13,Billion VND,not_specified,E0538,https://www.nso.gov.vn/en/px-web?pxid=E0538&theme=Enterprise,source_reported_unharmonized
e0538_c9b3c38247,enterprises,Profit before taxes of active enterprises having business outcomes by province,Total,VN_SRC_GIALAI,Gia Lai,2021,annual,1554.49,Billion VND,not_specified,E0538,https://www.nso.gov.vn/en/px-web?pxid=E0538&theme=Enterprise,source_reported_unharmonized
e0538_c9b3c38247,enterprises,Profit before taxes of active enterprises having business outcomes by province,Total,VN_SRC_GIALAI,Gia Lai,2022,annual,15.98,Billion VND,not_specified,E0538,https://www.nso.gov.vn/en/px-web?pxid=E0538&theme=Enterprise,source_reported_unharmonized
e0538_c9b3c38247,enterprises,Profit before taxes of active enterprises having business outcomes by province,Total,VN_SRC_GIALAI,Gia Lai,2023,annual,552.75,Billion VND,not_specified,E0538,https://www.nso.gov.vn/en/px-web?pxid=E0538&theme=Enterprise,source_reported_unharmonized
e0538_c9b3c38247,enterprises,Profit before taxes of active enterprises having business outcomes by province,Total,VN_SRC_GIALAI,Gia Lai,2024,annual,1466.37,Billion VND,not_specified,E0538,https://www.nso.gov.vn/en/px-web?pxid=E0538&theme=Enterprise,source_reported_unharmonized
e0538_c9b3c38247,enterprises,Profit before taxes of active enterprises having business outcomes by province,Total,VN_SRC_DAKLAK,Dak Lak,2010,annual,1043.0,Billion VND,not_specified,E0538,https://www.nso.gov.vn/en/px-web?pxid=E0538&theme=Enterprise,source_reported_unharmonized
e0538_c9b3c38247,enterprises,Profit before taxes of active enterprises having business outcomes by province,Total,VN_SRC_DAKLAK,Dak Lak,2015,annual,-119.0,Billion VND,not_specified,E0538,https://www.nso.gov.vn/en/px-web?pxid=E0538&theme=Enterprise,source_reported_unharmonized
e0538_c9b3c38247,enterprises,Profit before taxes of active enterprises having business outcomes by province,Total,VN_SRC_DAKLAK,Dak Lak,2016,annual,1306.0,Billion VND,not_specified,E0538,https://www.nso.gov.vn/en/px-web?pxid=E0538&theme=Enterprise,source_reported_unharmonized
e0538_c9b3c38247,enterprises,Profit before taxes of active enterprises having business outcomes by province,Total,VN_SRC_DAKLAK,Dak Lak,2017,annual,1536.0,Billion VND,not_specified,E0538,https://www.nso.gov.vn/en/px-web?pxid=E0538&theme=Enterprise,source_reported_unharmonized
e0538_c9b3c38247,enterprises,Profit before taxes of active enterprises having business outcomes by province,Total,VN_SRC_DAKLAK,Dak Lak,2018,annual,686.09,Billion VND,not_specified,E0538,https://www.nso.gov.vn/en/px-web?pxid=E0538&theme=Enterprise,source_reported_unharmonized
e0538_c9b3c38247,enterprises,Profit before taxes of active enterprises having business outcomes by province,Total,VN_SRC_DAKLAK,Dak Lak,2019,annual,232.64,Billion VND,not_specified,E0538,https://www.nso.gov.vn/en/px-web?pxid=E0538&theme=Enterprise,source_reported_unharmonized
e0538_c9b3c38247,enterprises,Profit before taxes of active enterprises having business outcomes by province,Total,VN_SRC_DAKLAK,Dak Lak,2020,annual,1178.72,Billion VND,not_specified,E0538,https://www.nso.gov.vn/en/px-web?pxid=E0538&theme=Enterprise,source_reported_unharmonized
e0538_c9b3c38247,enterprises,Profit before taxes of active enterprises having business outcomes by province,Total,VN_SRC_DAKLAK,Dak Lak,2021,annual,2179.49,Billion VND,not_specified,E0538,https://www.nso.gov.vn/en/px-web?pxid=E0538&theme=Enterprise,source_reported_unharmonized
e0538_c9b3c38247,enterprises,Profit before taxes of active enterprises having business outcomes by province,Total,VN_SRC_DAKLAK,Dak Lak,2022,annual,1984.87,Billion VND,not_specified,E0538,https://www.nso.gov.vn/en/px-web?pxid=E0538&theme=Enterprise,source_reported_unharmonized
e0538_c9b3c38247,enterprises,Profit before taxes of active enterprises having business outcomes by province,Total,VN_SRC_DAKLAK,Dak Lak,2023,annual,1081.79,Billion VND,not_specified,E0538,https://www.nso.gov.vn/en/px-web?pxid=E0538&theme=Enterprise,source_reported_unharmonized
e0538_c9b3c38247,enterprises,Profit before taxes of active enterprises having business outcomes by province,Total,VN_SRC_DAKLAK,Dak Lak,2024,annual,2230.14,Billion VND,not_specified,E0538,https://www.nso.gov.vn/en/px-web?pxid=E0538&theme=Enterprise,source_reported_unharmonized
e0538_c9b3c38247,enterprises,Profit before taxes of active enterprises having business outcomes by province,Total,VN_SRC_DAKNONG,Dak Nong,2010,annual,245.0,Billion VND,not_specified,E0538,https://www.nso.gov.vn/en/px-web?pxid=E0538&theme=Enterprise,source_reported_unharmonized
e0538_c9b3c38247,enterprises,Profit before taxes of active enterprises having business outcomes by province,Total,VN_SRC_DAKNONG,Dak Nong,2015,annual,237.0,Billion VND,not_specified,E0538,https://www.nso.gov.vn/en/px-web?pxid=E0538&theme=Enterprise,source_reported_unharmonized
e0538_c9b3c38247,enterprises,Profit before taxes of active enterprises having business outcomes by province,Total,VN_SRC_DAKNONG,Dak Nong,2016,annual,474.0,Billion VND,not_specified,E0538,https://www.nso.gov.vn/en/px-web?pxid=E0538&theme=Enterprise,source_reported_unharmonized
e0538_c9b3c38247,enterprises,Profit before taxes of active enterprises having business outcomes by province,Total,VN_SRC_DAKNONG,Dak Nong,2017,annual,476.0,Billion VND,not_specified,E0538,https://www.nso.gov.vn/en/px-web?pxid=E0538&theme=Enterprise,source_reported_unharmonized
e0538_c9b3c38247,enterprises,Profit before taxes of active enterprises having business outcomes by province,Total,VN_SRC_DAKNONG,Dak Nong,2018,annual,238.6,Billion VND,not_specified,E0538,https://www.nso.gov.vn/en/px-web?pxid=E0538&theme=Enterprise,source_reported_unharmonized
e0538_c9b3c38247,enterprises,Profit before taxes of active enterprises having business outcomes by province,Total,VN_SRC_DAKNONG,Dak Nong,2019,annual,633.27,Billion VND,not_specified,E0538,https://www.nso.gov.vn/en/px-web?pxid=E0538&theme=Enterprise,source_reported_unharmonized
e0538_c9b3c38247,enterprises,Profit before taxes of active enterprises having business outcomes by province,Total,VN_SRC_DAKNONG,Dak Nong,2020,annual,1518.6,Billion VND,not_specified,E0538,https://www.nso.gov.vn/en/px-web?pxid=E0538&theme=Enterprise,source_reported_unharmonized
e0538_c9b3c38247,enterprises,Profit before taxes of active enterprises having business outcomes by province,Total,VN_SRC_DAKNONG,Dak Nong,2021,annual,1540.36,Billion VND,not_specified,E0538,https://www.nso.gov.vn/en/px-web?pxid=E0538&theme=Enterprise,source_reported_unharmonized
e0538_c9b3c38247,enterprises,Profit before taxes of active enterprises having business outcomes by province,Total,VN_SRC_DAKNONG,Dak Nong,2022,annual,1302.89,Billion VND,not_specified,E0538,https://www.nso.gov.vn/en/px-web?pxid=E0538&theme=Enterprise,source_reported_unharmonized
e0538_c9b3c38247,enterprises,Profit before taxes of active enterprises having business outcomes by province,Total,VN_SRC_DAKNONG,Dak Nong,2023,annual,699.73,Billion VND,not_specified,E0538,https://www.nso.gov.vn/en/px-web?pxid=E0538&theme=Enterprise,source_reported_unharmonized
e0538_c9b3c38247,enterprises,Profit before taxes of active enterprises having business outcomes by province,Total,VN_SRC_DAKNONG,Dak Nong,2024,annual,768.0,Billion VND,not_specified,E0538,https://www.nso.gov.vn/en/px-web?pxid=E0538&theme=Enterprise,source_reported_unharmonized
e0538_c9b3c38247,enterprises,Profit before taxes of active enterprises having business outcomes by province,Total,VN_SRC_LAMDONG,Lam Dong,2010,annual,320.0,Billion VND,not_specified,E0538,https://www.nso.gov.vn/en/px-web?pxid=E0538&theme=Enterprise,source_reported_unharmonized
e0538_c9b3c38247,enterprises,Profit before taxes of active enterprises having business outcomes by province,Total,VN_SRC_LAMDONG,Lam Dong,2015,annual,1441.0,Billion VND,not_specified,E0538,https://www.nso.gov.vn/en/px-web?pxid=E0538&theme=Enterprise,source_reported_unharmonized
e0538_c9b3c38247,enterprises,Profit before taxes of active enterprises having business outcomes by province,Total,VN_SRC_LAMDONG,Lam Dong,2016,annual,1903.0,Billion VND,not_specified,E0538,https://www.nso.gov.vn/en/px-web?pxid=E0538&theme=Enterprise,source_reported_unharmonized
e0538_c9b3c38247,enterprises,Profit before taxes of active enterprises having business outcomes by province,Total,VN_SRC_LAMDONG,Lam Dong,2017,annual,2584.0,Billion VND,not_specified,E0538,https://www.nso.gov.vn/en/px-web?pxid=E0538&theme=Enterprise,source_reported_unharmonized
e0538_c9b3c38247,enterprises,Profit before taxes of active enterprises having business outcomes by province,Total,VN_SRC_LAMDONG,Lam Dong,2018,annual,2378.84,Billion VND,not_specified,E0538,https://www.nso.gov.vn/en/px-web?pxid=E0538&theme=Enterprise,source_reported_unharmonized
e0538_c9b3c38247,enterprises,Profit before taxes of active enterprises having business outcomes by province,Total,VN_SRC_LAMDONG,Lam Dong,2019,annual,2528.46,Billion VND,not_specified,E0538,https://www.nso.gov.vn/en/px-web?pxid=E0538&theme=Enterprise,source_reported_unharmonized
e0538_c9b3c38247,enterprises,Profit before taxes of active enterprises having business outcomes by province,Total,VN_SRC_LAMDONG,Lam Dong,2020,annual,1879.06,Billion VND,not_specified,E0538,https://www.nso.gov.vn/en/px-web?pxid=E0538&theme=Enterprise,source_reported_unharmonized
e0538_c9b3c38247,enterprises,Profit before taxes of active enterprises having business outcomes by province,Total,VN_SRC_LAMDONG,Lam Dong,2021,annual,2946.17,Billion VND,not_specified,E0538,https://www.nso.gov.vn/en/px-web?pxid=E0538&theme=Enterprise,source_reported_unharmonized
e0538_c9b3c38247,enterprises,Profit before taxes of active enterprises having business outcomes by province,Total,VN_SRC_LAMDONG,Lam Dong,2022,annual,4573.9,Billion VND,not_specified,E0538,https://www.nso.gov.vn/en/px-web?pxid=E0538&theme=Enterprise,source_reported_unharmonized
e0538_c9b3c38247,enterprises,Profit before taxes of active enterprises having business outcomes by province,Total,VN_SRC_LAMDONG,Lam Dong,2023,annual,3775.96,Billion VND,not_specified,E0538,https://www.nso.gov.vn/en/px-web?pxid=E0538&theme=Enterprise,source_reported_unharmonized
e0538_c9b3c38247,enterprises,Profit before taxes of active enterprises having business outcomes by province,Total,VN_SRC_LAMDONG,Lam Dong,2024,annual,4182.33,Billion VND,not_specified,E0538,https://www.nso.gov.vn/en/px-web?pxid=E0538&theme=Enterprise,source_reported_unharmonized
e0538_c9b3c38247,enterprises,Profit before taxes of active enterprises having business outcomes by province,Total,VN_SRC_BINHPHUOC,Binh Phuoc,2010,annual,2818.0,Billion VND,not_specified,E0538,https://www.nso.gov.vn/en/px-web?pxid=E0538&theme=Enterprise,source_reported_unharmonized
e0538_c9b3c38247,enterprises,Profit before taxes of active enterprises having business outcomes by province,Total,VN_SRC_BINHPHUOC,Binh Phuoc,2015,annual,2196.0,Billion VND,not_specified,E0538,https://www.nso.gov.vn/en/px-web?pxid=E0538&theme=Enterprise,source_reported_unharmonized
e0538_c9b3c38247,enterprises,Profit before taxes of active enterprises having business outcomes by province,Total,VN_SRC_BINHPHUOC,Binh Phuoc,2016,annual,1856.0,Billion VND,not_specified,E0538,https://www.nso.gov.vn/en/px-web?pxid=E0538&theme=Enterprise,source_reported_unharmonized
e0538_c9b3c38247,enterprises,Profit before taxes of active enterprises having business outcomes by province,Total,VN_SRC_BINHPHUOC,Binh Phuoc,2017,annual,2882.0,Billion VND,not_specified,E0538,https://www.nso.gov.vn/en/px-web?pxid=E0538&theme=Enterprise,source_reported_unharmonized
e0538_c9b3c38247,enterprises,Profit before taxes of active enterprises having business outcomes by province,Total,VN_SRC_BINHPHUOC,Binh Phuoc,2018,annual,2068.01,Billion VND,not_specified,E0538,https://www.nso.gov.vn/en/px-web?pxid=E0538&theme=Enterprise,source_reported_unharmonized
e0538_c9b3c38247,enterprises,Profit before taxes of active enterprises having business outcomes by province,Total,VN_SRC_BINHPHUOC,Binh Phuoc,2019,annual,2857.43,Billion VND,not_specified,E0538,https://www.nso.gov.vn/en/px-web?pxid=E0538&theme=Enterprise,source_reported_unharmonized
e0538_c9b3c38247,enterprises,Profit before taxes of active enterprises having business outcomes by province,Total,VN_SRC_BINHPHUOC,Binh Phuoc,2020,annual,3921.94,Billion VND,not_specified,E0538,https://www.nso.gov.vn/en/px-web?pxid=E0538&theme=Enterprise,source_reported_unharmonized
e0538_c9b3c38247,enterprises,Profit before taxes of active enterprises having business outcomes by province,Total,VN_SRC_BINHPHUOC,Binh Phuoc,2021,annual,2398.55,Billion VND,not_specified,E0538,https://www.nso.gov.vn/en/px-web?pxid=E0538&theme=Enterprise,source_reported_unharmonized
e0538_c9b3c38247,enterprises,Profit before taxes of active enterprises having business outcomes by province,Total,VN_SRC_BINHPHUOC,Binh Phuoc,2022,annual,2776.41,Billion VND,not_specified,E0538,https://www.nso.gov.vn/en/px-web?pxid=E0538&theme=Enterprise,source_reported_unharmonized
e0538_c9b3c38247,enterprises,Profit before taxes of active enterprises having business outcomes by province,Total,VN_SRC_BINHPHUOC,Binh Phuoc,2023,annual,1687.35,Billion VND,not_specified,E0538,https://www.nso.gov.vn/en/px-web?pxid=E0538&theme=Enterprise,source_reported_unharmonized
e0538_c9b3c38247,enterprises,Profit before taxes of active enterprises having business outcomes by province,Total,VN_SRC_BINHPHUOC,Binh Phuoc,2024,annual,7361.73,Billion VND,not_specified,E0538,https://www.nso.gov.vn/en/px-web?pxid=E0538&theme=Enterprise,source_reported_unharmonized
e0538_c9b3c38247,enterprises,Profit before taxes of active enterprises having business outcomes by province,Total,VN_SRC_TAYNINH,Tay Ninh,2010,annual,1970.0,Billion VND,not_specified,E0538,https://www.nso.gov.vn/en/px-web?pxid=E0538&theme=Enterprise,source_reported_unharmonized
e0538_c9b3c38247,enterprises,Profit before taxes of active enterprises having business outcomes by province,Total,VN_SRC_TAYNINH,Tay Ninh,2015,annual,1247.0,Billion VND,not_specified,E0538,https://www.nso.gov.vn/en/px-web?pxid=E0538&theme=Enterprise,source_reported_unharmonized
e0538_c9b3c38247,enterprises,Profit before taxes of active enterprises having business outcomes by province,Total,VN_SRC_TAYNINH,Tay Ninh,2016,annual,4465.0,Billion VND,not_specified,E0538,https://www.nso.gov.vn/en/px-web?pxid=E0538&theme=Enterprise,source_reported_unharmonized
e0538_c9b3c38247,enterprises,Profit before taxes of active enterprises having business outcomes by province,Total,VN_SRC_TAYNINH,Tay Ninh,2017,annual,6881.0,Billion VND,not_specified,E0538,https://www.nso.gov.vn/en/px-web?pxid=E0538&theme=Enterprise,source_reported_unharmonized
e0538_c9b3c38247,enterprises,Profit before taxes of active enterprises having business outcomes by province,Total,VN_SRC_TAYNINH,Tay Ninh,2018,annual,8151.91,Billion VND,not_specified,E0538,https://www.nso.gov.vn/en/px-web?pxid=E0538&theme=Enterprise,source_reported_unharmonized
e0538_c9b3c38247,enterprises,Profit before taxes of active enterprises having business outcomes by province,Total,VN_SRC_TAYNINH,Tay Ninh,2019,annual,10951.69,Billion VND,not_specified,E0538,https://www.nso.gov.vn/en/px-web?pxid=E0538&theme=Enterprise,source_reported_unharmonized
e0538_c9b3c38247,enterprises,Profit before taxes of active enterprises having business outcomes by province,Total,VN_SRC_TAYNINH,Tay Ninh,2020,annual,13990.3,Billion VND,not_specified,E0538,https://www.nso.gov.vn/en/px-web?pxid=E0538&theme=Enterprise,source_reported_unharmonized
e0538_c9b3c38247,enterprises,Profit before taxes of active enterprises having business outcomes by province,Total,VN_SRC_TAYNINH,Tay Ninh,2021,annual,13744.95,Billion VND,not_specified,E0538,https://www.nso.gov.vn/en/px-web?pxid=E0538&theme=Enterprise,source_reported_unharmonized
e0538_c9b3c38247,enterprises,Profit before taxes of active enterprises having business outcomes by province,Total,VN_SRC_TAYNINH,Tay Ninh,2022,annual,20565.81,Billion VND,not_specified,E0538,https://www.nso.gov.vn/en/px-web?pxid=E0538&theme=Enterprise,source_reported_unharmonized
e0538_c9b3c38247,enterprises,Profit before taxes of active enterprises having business outcomes by province,Total,VN_SRC_TAYNINH,Tay Ninh,2023,annual,19487.95,Billion VND,not_specified,E0538,https://www.nso.gov.vn/en/px-web?pxid=E0538&theme=Enterprise,source_reported_unharmonized
e0538_c9b3c38247,enterprises,Profit before taxes of active enterprises having business outcomes by province,Total,VN_SRC_TAYNINH,Tay Ninh,2024,annual,26680.68,Billion VND,not_specified,E0538,https://www.nso.gov.vn/en/px-web?pxid=E0538&theme=Enterprise,source_reported_unharmonized
e0538_c9b3c38247,enterprises,Profit before taxes of active enterprises having business outcomes by province,Total,VN_SRC_BINHDUONG,Binh Duong,2010,annual,17249.0,Billion VND,not_specified,E0538,https://www.nso.gov.vn/en/px-web?pxid=E0538&theme=Enterprise,source_reported_unharmonized
e0538_c9b3c38247,enterprises,Profit before taxes of active enterprises having business outcomes by province,Total,VN_SRC_BINHDUONG,Binh Duong,2015,annual,34579.0,Billion VND,not_specified,E0538,https://www.nso.gov.vn/en/px-web?pxid=E0538&theme=Enterprise,source_reported_unharmonized
e0538_c9b3c38247,enterprises,Profit before taxes of active enterprises having business outcomes by province,Total,VN_SRC_BINHDUONG,Binh Duong,2016,annual,42247.0,Billion VND,not_specified,E0538,https://www.nso.gov.vn/en/px-web?pxid=E0538&theme=Enterprise,source_reported_unharmonized
e0538_c9b3c38247,enterprises,Profit before taxes of active enterprises having business outcomes by province,Total,VN_SRC_BINHDUONG,Binh Duong,2017,annual,44237.0,Billion VND,not_specified,E0538,https://www.nso.gov.vn/en/px-web?pxid=E0538&theme=Enterprise,source_reported_unharmonized
e0538_c9b3c38247,enterprises,Profit before taxes of active enterprises having business outcomes by province,Total,VN_SRC_BINHDUONG,Binh Duong,2018,annual,55178.39,Billion VND,not_specified,E0538,https://www.nso.gov.vn/en/px-web?pxid=E0538&theme=Enterprise,source_reported_unharmonized
e0538_c9b3c38247,enterprises,Profit before taxes of active enterprises having business outcomes by province,Total,VN_SRC_BINHDUONG,Binh Duong,2019,annual,53150.54,Billion VND,not_specified,E0538,https://www.nso.gov.vn/en/px-web?pxid=E0538&theme=Enterprise,source_reported_unharmonized
e0538_c9b3c38247,enterprises,Profit before taxes of active enterprises having business outcomes by province,Total,VN_SRC_BINHDUONG,Binh Duong,2020,annual,62136.52,Billion VND,not_specified,E0538,https://www.nso.gov.vn/en/px-web?pxid=E0538&theme=Enterprise,source_reported_unharmonized
e0538_c9b3c38247,enterprises,Profit before taxes of active enterprises having business outcomes by province,Total,VN_SRC_BINHDUONG,Binh Duong,2021,annual,49925.8,Billion VND,not_specified,E0538,https://www.nso.gov.vn/en/px-web?pxid=E0538&theme=Enterprise,source_reported_unharmonized
e0538_c9b3c38247,enterprises,Profit before taxes of active enterprises having business outcomes by province,Total,VN_SRC_BINHDUONG,Binh Duong,2022,annual,58711.07,Billion VND,not_specified,E0538,https://www.nso.gov.vn/en/px-web?pxid=E0538&theme=Enterprise,source_reported_unharmonized
e0538_c9b3c38247,enterprises,Profit before taxes of active enterprises having business outcomes by province,Total,VN_SRC_BINHDUONG,Binh Duong,2023,annual,51709.35,Billion VND,not_specified,E0538,https://www.nso.gov.vn/en/px-web?pxid=E0538&theme=Enterprise,source_reported_unharmonized
e0538_c9b3c38247,enterprises,Profit before taxes of active enterprises having business outcomes by province,Total,VN_SRC_BINHDUONG,Binh Duong,2024,annual,89115.59,Billion VND,not_specified,E0538,https://www.nso.gov.vn/en/px-web?pxid=E0538&theme=Enterprise,source_reported_unharmonized
e0538_c9b3c38247,enterprises,Profit before taxes of active enterprises having business outcomes by province,Total,VN_SRC_DONGNAI,Dong Nai,2010,annual,19263.0,Billion VND,not_specified,E0538,https://www.nso.gov.vn/en/px-web?pxid=E0538&theme=Enterprise,source_reported_unharmonized
e0538_c9b3c38247,enterprises,Profit before taxes of active enterprises having business outcomes by province,Total,VN_SRC_DONGNAI,Dong Nai,2015,annual,50388.0,Billion VND,not_specified,E0538,https://www.nso.gov.vn/en/px-web?pxid=E0538&theme=Enterprise,source_reported_unharmonized
e0538_c9b3c38247,enterprises,Profit before taxes of active enterprises having business outcomes by province,Total,VN_SRC_DONGNAI,Dong Nai,2016,annual,53445.0,Billion VND,not_specified,E0538,https://www.nso.gov.vn/en/px-web?pxid=E0538&theme=Enterprise,source_reported_unharmonized
e0538_c9b3c38247,enterprises,Profit before taxes of active enterprises having business outcomes by province,Total,VN_SRC_DONGNAI,Dong Nai,2017,annual,48258.0,Billion VND,not_specified,E0538,https://www.nso.gov.vn/en/px-web?pxid=E0538&theme=Enterprise,source_reported_unharmonized
e0538_c9b3c38247,enterprises,Profit before taxes of active enterprises having business outcomes by province,Total,VN_SRC_DONGNAI,Dong Nai,2018,annual,57755.95,Billion VND,not_specified,E0538,https://www.nso.gov.vn/en/px-web?pxid=E0538&theme=Enterprise,source_reported_unharmonized
e0538_c9b3c38247,enterprises,Profit before taxes of active enterprises having business outcomes by province,Total,VN_SRC_DONGNAI,Dong Nai,2019,annual,52181.94,Billion VND,not_specified,E0538,https://www.nso.gov.vn/en/px-web?pxid=E0538&theme=Enterprise,source_reported_unharmonized
e0538_c9b3c38247,enterprises,Profit before taxes of active enterprises having business outcomes by province,Total,VN_SRC_DONGNAI,Dong Nai,2020,annual,82135.1,Billion VND,not_specified,E0538,https://www.nso.gov.vn/en/px-web?pxid=E0538&theme=Enterprise,source_reported_unharmonized
e0538_c9b3c38247,enterprises,Profit before taxes of active enterprises having business outcomes by province,Total,VN_SRC_DONGNAI,Dong Nai,2021,annual,77962.47,Billion VND,not_specified,E0538,https://www.nso.gov.vn/en/px-web?pxid=E0538&theme=Enterprise,source_reported_unharmonized
e0538_c9b3c38247,enterprises,Profit before taxes of active enterprises having business outcomes by province,Total,VN_SRC_DONGNAI,Dong Nai,2022,annual,68967.89,Billion VND,not_specified,E0538,https://www.nso.gov.vn/en/px-web?pxid=E0538&theme=Enterprise,source_reported_unharmonized
e0538_c9b3c38247,enterprises,Profit before taxes of active enterprises having business outcomes by province,Total,VN_SRC_DONGNAI,Dong Nai,2023,annual,42537.0,Billion VND,not_specified,E0538,https://www.nso.gov.vn/en/px-web?pxid=E0538&theme=Enterprise,source_reported_unharmonized
e0538_c9b3c38247,enterprises,Profit before taxes of active enterprises having business outcomes by province,Total,VN_SRC_DONGNAI,Dong Nai,2024,annual,77987.26,Billion VND,not_specified,E0538,https://www.nso.gov.vn/en/px-web?pxid=E0538&theme=Enterprise,source_reported_unharmonized
e0538_c9b3c38247,enterprises,Profit before taxes of active enterprises having business outcomes by province,Total,VN_SRC_BARIAVUNGTAU,Ba Ria - Vung Tau,2010,annual,66615.0,Billion VND,not_specified,E0538,https://www.nso.gov.vn/en/px-web?pxid=E0538&theme=Enterprise,source_reported_unharmonized
e0538_c9b3c38247,enterprises,Profit before taxes of active enterprises having business outcomes by province,Total,VN_SRC_BARIAVUNGTAU,Ba Ria - Vung Tau,2015,annual,22371.0,Billion VND,not_specified,E0538,https://www.nso.gov.vn/en/px-web?pxid=E0538&theme=Enterprise,source_reported_unharmonized
e0538_c9b3c38247,enterprises,Profit before taxes of active enterprises having business outcomes by province,Total,VN_SRC_BARIAVUNGTAU,Ba Ria - Vung Tau,2016,annual,22066.0,Billion VND,not_specified,E0538,https://www.nso.gov.vn/en/px-web?pxid=E0538&theme=Enterprise,source_reported_unharmonized
e0538_c9b3c38247,enterprises,Profit before taxes of active enterprises having business outcomes by province,Total,VN_SRC_BARIAVUNGTAU,Ba Ria - Vung Tau,2017,annual,27298.0,Billion VND,not_specified,E0538,https://www.nso.gov.vn/en/px-web?pxid=E0538&theme=Enterprise,source_reported_unharmonized
e0538_c9b3c38247,enterprises,Profit before taxes of active enterprises having business outcomes by province,Total,VN_SRC_BARIAVUNGTAU,Ba Ria - Vung Tau,2018,annual,11236.85,Billion VND,not_specified,E0538,https://www.nso.gov.vn/en/px-web?pxid=E0538&theme=Enterprise,source_reported_unharmonized
e0538_c9b3c38247,enterprises,Profit before taxes of active enterprises having business outcomes by province,Total,VN_SRC_BARIAVUNGTAU,Ba Ria - Vung Tau,2019,annual,19191.42,Billion VND,not_specified,E0538,https://www.nso.gov.vn/en/px-web?pxid=E0538&theme=Enterprise,source_reported_unharmonized
e0538_c9b3c38247,enterprises,Profit before taxes of active enterprises having business outcomes by province,Total,VN_SRC_BARIAVUNGTAU,Ba Ria - Vung Tau,2020,annual,15812.06,Billion VND,not_specified,E0538,https://www.nso.gov.vn/en/px-web?pxid=E0538&theme=Enterprise,source_reported_unharmonized
e0538_c9b3c38247,enterprises,Profit before taxes of active enterprises having business outcomes by province,Total,VN_SRC_BARIAVUNGTAU,Ba Ria - Vung Tau,2021,annual,29581.22,Billion VND,not_specified,E0538,https://www.nso.gov.vn/en/px-web?pxid=E0538&theme=Enterprise,source_reported_unharmonized
e0538_c9b3c38247,enterprises,Profit before taxes of active enterprises having business outcomes by province,Total,VN_SRC_BARIAVUNGTAU,Ba Ria - Vung Tau,2022,annual,30075.42,Billion VND,not_specified,E0538,https://www.nso.gov.vn/en/px-web?pxid=E0538&theme=Enterprise,source_reported_unharmonized
e0538_c9b3c38247,enterprises,Profit before taxes of active enterprises having business outcomes by province,Total,VN_SRC_BARIAVUNGTAU,Ba Ria - Vung Tau,2023,annual,15724.05,Billion VND,not_specified,E0538,https://www.nso.gov.vn/en/px-web?pxid=E0538&theme=Enterprise,source_reported_unharmonized
e0538_c9b3c38247,enterprises,Profit before taxes of active enterprises having business outcomes by province,Total,VN_SRC_BARIAVUNGTAU,Ba Ria - Vung Tau,2024,annual,-5641.55,Billion VND,not_specified,E0538,https://www.nso.gov.vn/en/px-web?pxid=E0538&theme=Enterprise,source_reported_unharmonized
e0538_c9b3c38247,enterprises,Profit before taxes of active enterprises having business outcomes by province,Total,VN_SRC_HOCHIMINHCITY,Ho Chi Minh city,2010,annual,100239.0,Billion VND,not_specified,E0538,https://www.nso.gov.vn/en/px-web?pxid=E0538&theme=Enterprise,source_reported_unharmonized
e0538_c9b3c38247,enterprises,Profit before taxes of active enterprises having business outcomes by province,Total,VN_SRC_HOCHIMINHCITY,Ho Chi Minh city,2015,annual,130140.0,Billion VND,not_specified,E0538,https://www.nso.gov.vn/en/px-web?pxid=E0538&theme=Enterprise,source_reported_unharmonized
e0538_c9b3c38247,enterprises,Profit before taxes of active enterprises having business outcomes by province,Total,VN_SRC_HOCHIMINHCITY,Ho Chi Minh city,2016,annual,163806.0,Billion VND,not_specified,E0538,https://www.nso.gov.vn/en/px-web?pxid=E0538&theme=Enterprise,source_reported_unharmonized
e0538_c9b3c38247,enterprises,Profit before taxes of active enterprises having business outcomes by province,Total,VN_SRC_HOCHIMINHCITY,Ho Chi Minh city,2017,annual,183695.0,Billion VND,not_specified,E0538,https://www.nso.gov.vn/en/px-web?pxid=E0538&theme=Enterprise,source_reported_unharmonized
e0538_c9b3c38247,enterprises,Profit before taxes of active enterprises having business outcomes by province,Total,VN_SRC_HOCHIMINHCITY,Ho Chi Minh city,2018,annual,190636.47,Billion VND,not_specified,E0538,https://www.nso.gov.vn/en/px-web?pxid=E0538&theme=Enterprise,source_reported_unharmonized
e0538_c9b3c38247,enterprises,Profit before taxes of active enterprises having business outcomes by province,Total,VN_SRC_HOCHIMINHCITY,Ho Chi Minh city,2019,annual,170832.27,Billion VND,not_specified,E0538,https://www.nso.gov.vn/en/px-web?pxid=E0538&theme=Enterprise,source_reported_unharmonized
e0538_c9b3c38247,enterprises,Profit before taxes of active enterprises having business outcomes by province,Total,VN_SRC_HOCHIMINHCITY,Ho Chi Minh city,2020,annual,205284.8,Billion VND,not_specified,E0538,https://www.nso.gov.vn/en/px-web?pxid=E0538&theme=Enterprise,source_reported_unharmonized
e0538_c9b3c38247,enterprises,Profit before taxes of active enterprises having business outcomes by province,Total,VN_SRC_HOCHIMINHCITY,Ho Chi Minh city,2021,annual,222056.53,Billion VND,not_specified,E0538,https://www.nso.gov.vn/en/px-web?pxid=E0538&theme=Enterprise,source_reported_unharmonized
e0538_c9b3c38247,enterprises,Profit before taxes of active enterprises having business outcomes by province,Total,VN_SRC_HOCHIMINHCITY,Ho Chi Minh city,2022,annual,301545.32,Billion VND,not_specified,E0538,https://www.nso.gov.vn/en/px-web?pxid=E0538&theme=Enterprise,source_reported_unharmonized
e0538_c9b3c38247,enterprises,Profit before taxes of active enterprises having business outcomes by province,Total,VN_SRC_HOCHIMINHCITY,Ho Chi Minh city,2023,annual,241285.62,Billion VND,not_specified,E0538,https://www.nso.gov.vn/en/px-web?pxid=E0538&theme=Enterprise,source_reported_unharmonized
e0538_c9b3c38247,enterprises,Profit before taxes of active enterprises having business outcomes by province,Total,VN_SRC_HOCHIMINHCITY,Ho Chi Minh city,2024,annual,277473.39,Billion VND,not_specified,E0538,https://www.nso.gov.vn/en/px-web?pxid=E0538&theme=Enterprise,source_reported_unharmonized
e0538_c9b3c38247,enterprises,Profit before taxes of active enterprises having business outcomes by province,Total,VN_SRC_LONGAN,Long An,2010,annual,4849.0,Billion VND,not_specified,E0538,https://www.nso.gov.vn/en/px-web?pxid=E0538&theme=Enterprise,source_reported_unharmonized
e0538_c9b3c38247,enterprises,Profit before taxes of active enterprises having business outcomes by province,Total,VN_SRC_LONGAN,Long An,2015,annual,4738.0,Billion VND,not_specified,E0538,https://www.nso.gov.vn/en/px-web?pxid=E0538&theme=Enterprise,source_reported_unharmonized
e0538_c9b3c38247,enterprises,Profit before taxes of active enterprises having business outcomes by province,Total,VN_SRC_LONGAN,Long An,2016,annual,18868.0,Billion VND,not_specified,E0538,https://www.nso.gov.vn/en/px-web?pxid=E0538&theme=Enterprise,source_reported_unharmonized
e0538_c9b3c38247,enterprises,Profit before taxes of active enterprises having business outcomes by province,Total,VN_SRC_LONGAN,Long An,2017,annual,6758.0,Billion VND,not_specified,E0538,https://www.nso.gov.vn/en/px-web?pxid=E0538&theme=Enterprise,source_reported_unharmonized
e0538_c9b3c38247,enterprises,Profit before taxes of active enterprises having business outcomes by province,Total,VN_SRC_LONGAN,Long An,2018,annual,18046.32,Billion VND,not_specified,E0538,https://www.nso.gov.vn/en/px-web?pxid=E0538&theme=Enterprise,source_reported_unharmonized
e0538_c9b3c38247,enterprises,Profit before taxes of active enterprises having business outcomes by province,Total,VN_SRC_LONGAN,Long An,2019,annual,8997.85,Billion VND,not_specified,E0538,https://www.nso.gov.vn/en/px-web?pxid=E0538&theme=Enterprise,source_reported_unharmonized
e0538_c9b3c38247,enterprises,Profit before taxes of active enterprises having business outcomes by province,Total,VN_SRC_LONGAN,Long An,2020,annual,16564.63,Billion VND,not_specified,E0538,https://www.nso.gov.vn/en/px-web?pxid=E0538&theme=Enterprise,source_reported_unharmonized
e0538_c9b3c38247,enterprises,Profit before taxes of active enterprises having business outcomes by province,Total,VN_SRC_LONGAN,Long An,2021,annual,13281.75,Billion VND,not_specified,E0538,https://www.nso.gov.vn/en/px-web?pxid=E0538&theme=Enterprise,source_reported_unharmonized
e0538_c9b3c38247,enterprises,Profit before taxes of active enterprises having business outcomes by province,Total,VN_SRC_LONGAN,Long An,2022,annual,15171.52,Billion VND,not_specified,E0538,https://www.nso.gov.vn/en/px-web?pxid=E0538&theme=Enterprise,source_reported_unharmonized
e0538_c9b3c38247,enterprises,Profit before taxes of active enterprises having business outcomes by province,Total,VN_SRC_LONGAN,Long An,2023,annual,5622.61,Billion VND,not_specified,E0538,https://www.nso.gov.vn/en/px-web?pxid=E0538&theme=Enterprise,source_reported_unharmonized
e0538_c9b3c38247,enterprises,Profit before taxes of active enterprises having business outcomes by province,Total,VN_SRC_LONGAN,Long An,2024,annual,10587.82,Billion VND,not_specified,E0538,https://www.nso.gov.vn/en/px-web?pxid=E0538&theme=Enterprise,source_reported_unharmonized
e0538_c9b3c38247,enterprises,Profit before taxes of active enterprises having business outcomes by province,Total,VN_SRC_TIENGIANG,Tien Giang,2010,annual,1601.0,Billion VND,not_specified,E0538,https://www.nso.gov.vn/en/px-web?pxid=E0538&theme=Enterprise,source_reported_unharmonized
e0538_c9b3c38247,enterprises,Profit before taxes of active enterprises having business outcomes by province,Total,VN_SRC_TIENGIANG,Tien Giang,2015,annual,2373.0,Billion VND,not_specified,E0538,https://www.nso.gov.vn/en/px-web?pxid=E0538&theme=Enterprise,source_reported_unharmonized
e0538_c9b3c38247,enterprises,Profit before taxes of active enterprises having business outcomes by province,Total,VN_SRC_TIENGIANG,Tien Giang,2016,annual,2960.0,Billion VND,not_specified,E0538,https://www.nso.gov.vn/en/px-web?pxid=E0538&theme=Enterprise,source_reported_unharmonized
e0538_c9b3c38247,enterprises,Profit before taxes of active enterprises having business outcomes by province,Total,VN_SRC_TIENGIANG,Tien Giang,2017,annual,3430.0,Billion VND,not_specified,E0538,https://www.nso.gov.vn/en/px-web?pxid=E0538&theme=Enterprise,source_reported_unharmonized
e0538_c9b3c38247,enterprises,Profit before taxes of active enterprises having business outcomes by province,Total,VN_SRC_TIENGIANG,Tien Giang,2018,annual,3650.38,Billion VND,not_specified,E0538,https://www.nso.gov.vn/en/px-web?pxid=E0538&theme=Enterprise,source_reported_unharmonized
e0538_c9b3c38247,enterprises,Profit before taxes of active enterprises having business outcomes by province,Total,VN_SRC_TIENGIANG,Tien Giang,2019,annual,4091.5,Billion VND,not_specified,E0538,https://www.nso.gov.vn/en/px-web?pxid=E0538&theme=Enterprise,source_reported_unharmonized
e0538_c9b3c38247,enterprises,Profit before taxes of active enterprises having business outcomes by province,Total,VN_SRC_TIENGIANG,Tien Giang,2020,annual,4658.99,Billion VND,not_specified,E0538,https://www.nso.gov.vn/en/px-web?pxid=E0538&theme=Enterprise,source_reported_unharmonized
e0538_c9b3c38247,enterprises,Profit before taxes of active enterprises having business outcomes by province,Total,VN_SRC_TIENGIANG,Tien Giang,2021,annual,864.67,Billion VND,not_specified,E0538,https://www.nso.gov.vn/en/px-web?pxid=E0538&theme=Enterprise,source_reported_unharmonized
e0538_c9b3c38247,enterprises,Profit before taxes of active enterprises having business outcomes by province,Total,VN_SRC_TIENGIANG,Tien Giang,2022,annual,6352.83,Billion VND,not_specified,E0538,https://www.nso.gov.vn/en/px-web?pxid=E0538&theme=Enterprise,source_reported_unharmonized
e0538_c9b3c38247,enterprises,Profit before taxes of active enterprises having business outcomes by province,Total,VN_SRC_TIENGIANG,Tien Giang,2023,annual,6702.91,Billion VND,not_specified,E0538,https://www.nso.gov.vn/en/px-web?pxid=E0538&theme=Enterprise,source_reported_unharmonized
e0538_c9b3c38247,enterprises,Profit before taxes of active enterprises having business outcomes by province,Total,VN_SRC_TIENGIANG,Tien Giang,2024,annual,14303.72,Billion VND,not_specified,E0538,https://www.nso.gov.vn/en/px-web?pxid=E0538&theme=Enterprise,source_reported_unharmonized
e0538_c9b3c38247,enterprises,Profit before taxes of active enterprises having business outcomes by province,Total,VN_SRC_BENTRE,Ben Tre,2010,annual,572.0,Billion VND,not_specified,E0538,https://www.nso.gov.vn/en/px-web?pxid=E0538&theme=Enterprise,source_reported_unharmonized
e0538_c9b3c38247,enterprises,Profit before taxes of active enterprises having business outcomes by province,Total,VN_SRC_BENTRE,Ben Tre,2015,annual,1518.0,Billion VND,not_specified,E0538,https://www.nso.gov.vn/en/px-web?pxid=E0538&theme=Enterprise,source_reported_unharmonized
e0538_c9b3c38247,enterprises,Profit before taxes of active enterprises having business outcomes by province,Total,VN_SRC_BENTRE,Ben Tre,2016,annual,1815.0,Billion VND,not_specified,E0538,https://www.nso.gov.vn/en/px-web?pxid=E0538&theme=Enterprise,source_reported_unharmonized
e0538_c9b3c38247,enterprises,Profit before taxes of active enterprises having business outcomes by province,Total,VN_SRC_BENTRE,Ben Tre,2017,annual,2234.0,Billion VND,not_specified,E0538,https://www.nso.gov.vn/en/px-web?pxid=E0538&theme=Enterprise,source_reported_unharmonized
e0538_c9b3c38247,enterprises,Profit before taxes of active enterprises having business outcomes by province,Total,VN_SRC_BENTRE,Ben Tre,2018,annual,2516.68,Billion VND,not_specified,E0538,https://www.nso.gov.vn/en/px-web?pxid=E0538&theme=Enterprise,source_reported_unharmonized
e0538_c9b3c38247,enterprises,Profit before taxes of active enterprises having business outcomes by province,Total,VN_SRC_BENTRE,Ben Tre,2019,annual,2547.99,Billion VND,not_specified,E0538,https://www.nso.gov.vn/en/px-web?pxid=E0538&theme=Enterprise,source_reported_unharmonized
e0538_c9b3c38247,enterprises,Profit before taxes of active enterprises having business outcomes by province,Total,VN_SRC_BENTRE,Ben Tre,2020,annual,4130.87,Billion VND,not_specified,E0538,https://www.nso.gov.vn/en/px-web?pxid=E0538&theme=Enterprise,source_reported_unharmonized
e0538_c9b3c38247,enterprises,Profit before taxes of active enterprises having business outcomes by province,Total,VN_SRC_BENTRE,Ben Tre,2021,annual,2162.38,Billion VND,not_specified,E0538,https://www.nso.gov.vn/en/px-web?pxid=E0538&theme=Enterprise,source_reported_unharmonized
e0538_c9b3c38247,enterprises,Profit before taxes of active enterprises having business outcomes by province,Total,VN_SRC_BENTRE,Ben Tre,2022,annual,3059.04,Billion VND,not_specified,E0538,https://www.nso.gov.vn/en/px-web?pxid=E0538&theme=Enterprise,source_reported_unharmonized
e0538_c9b3c38247,enterprises,Profit before taxes of active enterprises having business outcomes by province,Total,VN_SRC_BENTRE,Ben Tre,2023,annual,2406.81,Billion VND,not_specified,E0538,https://www.nso.gov.vn/en/px-web?pxid=E0538&theme=Enterprise,source_reported_unharmonized
e0538_c9b3c38247,enterprises,Profit before taxes of active enterprises having business outcomes by province,Total,VN_SRC_BENTRE,Ben Tre,2024,annual,3272.07,Billion VND,not_specified,E0538,https://www.nso.gov.vn/en/px-web?pxid=E0538&theme=Enterprise,source_reported_unharmonized
e0538_c9b3c38247,enterprises,Profit before taxes of active enterprises having business outcomes by province,Total,VN_SRC_TRAVINH,Tra Vinh,2010,annual,455.0,Billion VND,not_specified,E0538,https://www.nso.gov.vn/en/px-web?pxid=E0538&theme=Enterprise,source_reported_unharmonized
e0538_c9b3c38247,enterprises,Profit before taxes of active enterprises having business outcomes by province,Total,VN_SRC_TRAVINH,Tra Vinh,2015,annual,688.0,Billion VND,not_specified,E0538,https://www.nso.gov.vn/en/px-web?pxid=E0538&theme=Enterprise,source_reported_unharmonized
e0538_c9b3c38247,enterprises,Profit before taxes of active enterprises having business outcomes by province,Total,VN_SRC_TRAVINH,Tra Vinh,2016,annual,1311.0,Billion VND,not_specified,E0538,https://www.nso.gov.vn/en/px-web?pxid=E0538&theme=Enterprise,source_reported_unharmonized
e0538_c9b3c38247,enterprises,Profit before taxes of active enterprises having business outcomes by province,Total,VN_SRC_TRAVINH,Tra Vinh,2017,annual,821.0,Billion VND,not_specified,E0538,https://www.nso.gov.vn/en/px-web?pxid=E0538&theme=Enterprise,source_reported_unharmonized
e0538_c9b3c38247,enterprises,Profit before taxes of active enterprises having business outcomes by province,Total,VN_SRC_TRAVINH,Tra Vinh,2018,annual,211.68,Billion VND,not_specified,E0538,https://www.nso.gov.vn/en/px-web?pxid=E0538&theme=Enterprise,source_reported_unharmonized
e0538_c9b3c38247,enterprises,Profit before taxes of active enterprises having business outcomes by province,Total,VN_SRC_TRAVINH,Tra Vinh,2019,annual,841.27,Billion VND,not_specified,E0538,https://www.nso.gov.vn/en/px-web?pxid=E0538&theme=Enterprise,source_reported_unharmonized
e0538_c9b3c38247,enterprises,Profit before taxes of active enterprises having business outcomes by province,Total,VN_SRC_TRAVINH,Tra Vinh,2020,annual,1793.13,Billion VND,not_specified,E0538,https://www.nso.gov.vn/en/px-web?pxid=E0538&theme=Enterprise,source_reported_unharmonized
e0538_c9b3c38247,enterprises,Profit before taxes of active enterprises having business outcomes by province,Total,VN_SRC_TRAVINH,Tra Vinh,2021,annual,4575.6,Billion VND,not_specified,E0538,https://www.nso.gov.vn/en/px-web?pxid=E0538&theme=Enterprise,source_reported_unharmonized
e0538_c9b3c38247,enterprises,Profit before taxes of active enterprises having business outcomes by province,Total,VN_SRC_TRAVINH,Tra Vinh,2022,annual,5026.44,Billion VND,not_specified,E0538,https://www.nso.gov.vn/en/px-web?pxid=E0538&theme=Enterprise,source_reported_unharmonized
e0538_c9b3c38247,enterprises,Profit before taxes of active enterprises having business outcomes by province,Total,VN_SRC_TRAVINH,Tra Vinh,2023,annual,2713.35,Billion VND,not_specified,E0538,https://www.nso.gov.vn/en/px-web?pxid=E0538&theme=Enterprise,source_reported_unharmonized
e0538_c9b3c38247,enterprises,Profit before taxes of active enterprises having business outcomes by province,Total,VN_SRC_TRAVINH,Tra Vinh,2024,annual,3821.98,Billion VND,not_specified,E0538,https://www.nso.gov.vn/en/px-web?pxid=E0538&theme=Enterprise,source_reported_unharmonized
e0538_c9b3c38247,enterprises,Profit before taxes of active enterprises having business outcomes by province,Total,VN_SRC_VINHLONG,Vinh Long,2010,annual,88.0,Billion VND,not_specified,E0538,https://www.nso.gov.vn/en/px-web?pxid=E0538&theme=Enterprise,source_reported_unharmonized
e0538_c9b3c38247,enterprises,Profit before taxes of active enterprises having business outcomes by province,Total,VN_SRC_VINHLONG,Vinh Long,2015,annual,1653.0,Billion VND,not_specified,E0538,https://www.nso.gov.vn/en/px-web?pxid=E0538&theme=Enterprise,source_reported_unharmonized
e0538_c9b3c38247,enterprises,Profit before taxes of active enterprises having business outcomes by province,Total,VN_SRC_VINHLONG,Vinh Long,2016,annual,2069.0,Billion VND,not_specified,E0538,https://www.nso.gov.vn/en/px-web?pxid=E0538&theme=Enterprise,source_reported_unharmonized
e0538_c9b3c38247,enterprises,Profit before taxes of active enterprises having business outcomes by province,Total,VN_SRC_VINHLONG,Vinh Long,2017,annual,1757.0,Billion VND,not_specified,E0538,https://www.nso.gov.vn/en/px-web?pxid=E0538&theme=Enterprise,source_reported_unharmonized
e0538_c9b3c38247,enterprises,Profit before taxes of active enterprises having business outcomes by province,Total,VN_SRC_VINHLONG,Vinh Long,2018,annual,2319.56,Billion VND,not_specified,E0538,https://www.nso.gov.vn/en/px-web?pxid=E0538&theme=Enterprise,source_reported_unharmonized
e0538_c9b3c38247,enterprises,Profit before taxes of active enterprises having business outcomes by province,Total,VN_SRC_VINHLONG,Vinh Long,2019,annual,2852.99,Billion VND,not_specified,E0538,https://www.nso.gov.vn/en/px-web?pxid=E0538&theme=Enterprise,source_reported_unharmonized
e0538_c9b3c38247,enterprises,Profit before taxes of active enterprises having business outcomes by province,Total,VN_SRC_VINHLONG,Vinh Long,2020,annual,2968.87,Billion VND,not_specified,E0538,https://www.nso.gov.vn/en/px-web?pxid=E0538&theme=Enterprise,source_reported_unharmonized
e0538_c9b3c38247,enterprises,Profit before taxes of active enterprises having business outcomes by province,Total,VN_SRC_VINHLONG,Vinh Long,2021,annual,2294.72,Billion VND,not_specified,E0538,https://www.nso.gov.vn/en/px-web?pxid=E0538&theme=Enterprise,source_reported_unharmonized
e0538_c9b3c38247,enterprises,Profit before taxes of active enterprises having business outcomes by province,Total,VN_SRC_VINHLONG,Vinh Long,2022,annual,2779.58,Billion VND,not_specified,E0538,https://www.nso.gov.vn/en/px-web?pxid=E0538&theme=Enterprise,source_reported_unharmonized
e0538_c9b3c38247,enterprises,Profit before taxes of active enterprises having business outcomes by province,Total,VN_SRC_VINHLONG,Vinh Long,2023,annual,2067.88,Billion VND,not_specified,E0538,https://www.nso.gov.vn/en/px-web?pxid=E0538&theme=Enterprise,source_reported_unharmonized
e0538_c9b3c38247,enterprises,Profit before taxes of active enterprises having business outcomes by province,Total,VN_SRC_VINHLONG,Vinh Long,2024,annual,6662.22,Billion VND,not_specified,E0538,https://www.nso.gov.vn/en/px-web?pxid=E0538&theme=Enterprise,source_reported_unharmonized
e0538_c9b3c38247,enterprises,Profit before taxes of active enterprises having business outcomes by province,Total,VN_SRC_DONGTHAP,Dong Thap,2010,annual,1698.0,Billion VND,not_specified,E0538,https://www.nso.gov.vn/en/px-web?pxid=E0538&theme=Enterprise,source_reported_unharmonized
e0538_c9b3c38247,enterprises,Profit before taxes of active enterprises having business outcomes by province,Total,VN_SRC_DONGTHAP,Dong Thap,2015,annual,2069.0,Billion VND,not_specified,E0538,https://www.nso.gov.vn/en/px-web?pxid=E0538&theme=Enterprise,source_reported_unharmonized
e0538_c9b3c38247,enterprises,Profit before taxes of active enterprises having business outcomes by province,Total,VN_SRC_DONGTHAP,Dong Thap,2016,annual,3595.0,Billion VND,not_specified,E0538,https://www.nso.gov.vn/en/px-web?pxid=E0538&theme=Enterprise,source_reported_unharmonized
e0538_c9b3c38247,enterprises,Profit before taxes of active enterprises having business outcomes by province,Total,VN_SRC_DONGTHAP,Dong Thap,2017,annual,2791.0,Billion VND,not_specified,E0538,https://www.nso.gov.vn/en/px-web?pxid=E0538&theme=Enterprise,source_reported_unharmonized
e0538_c9b3c38247,enterprises,Profit before taxes of active enterprises having business outcomes by province,Total,VN_SRC_DONGTHAP,Dong Thap,2018,annual,4751.03,Billion VND,not_specified,E0538,https://www.nso.gov.vn/en/px-web?pxid=E0538&theme=Enterprise,source_reported_unharmonized
e0538_c9b3c38247,enterprises,Profit before taxes of active enterprises having business outcomes by province,Total,VN_SRC_DONGTHAP,Dong Thap,2019,annual,3767.11,Billion VND,not_specified,E0538,https://www.nso.gov.vn/en/px-web?pxid=E0538&theme=Enterprise,source_reported_unharmonized
e0538_c9b3c38247,enterprises,Profit before taxes of active enterprises having business outcomes by province,Total,VN_SRC_DONGTHAP,Dong Thap,2020,annual,3503.32,Billion VND,not_specified,E0538,https://www.nso.gov.vn/en/px-web?pxid=E0538&theme=Enterprise,source_reported_unharmonized
e0538_c9b3c38247,enterprises,Profit before taxes of active enterprises having business outcomes by province,Total,VN_SRC_DONGTHAP,Dong Thap,2021,annual,3155.41,Billion VND,not_specified,E0538,https://www.nso.gov.vn/en/px-web?pxid=E0538&theme=Enterprise,source_reported_unharmonized
e0538_c9b3c38247,enterprises,Profit before taxes of active enterprises having business outcomes by province,Total,VN_SRC_DONGTHAP,Dong Thap,2022,annual,7262.74,Billion VND,not_specified,E0538,https://www.nso.gov.vn/en/px-web?pxid=E0538&theme=Enterprise,source_reported_unharmonized
e0538_c9b3c38247,enterprises,Profit before taxes of active enterprises having business outcomes by province,Total,VN_SRC_DONGTHAP,Dong Thap,2023,annual,3153.16,Billion VND,not_specified,E0538,https://www.nso.gov.vn/en/px-web?pxid=E0538&theme=Enterprise,source_reported_unharmonized
e0538_c9b3c38247,enterprises,Profit before taxes of active enterprises having business outcomes by province,Total,VN_SRC_DONGTHAP,Dong Thap,2024,annual,6267.8,Billion VND,not_specified,E0538,https://www.nso.gov.vn/en/px-web?pxid=E0538&theme=Enterprise,source_reported_unharmonized
e0538_c9b3c38247,enterprises,Profit before taxes of active enterprises having business outcomes by province,Total,VN_SRC_ANGIANG,An Giang,2010,annual,3768.0,Billion VND,not_specified,E0538,https://www.nso.gov.vn/en/px-web?pxid=E0538&theme=Enterprise,source_reported_unharmonized
e0538_c9b3c38247,enterprises,Profit before taxes of active enterprises having business outcomes by province,Total,VN_SRC_ANGIANG,An Giang,2015,annual,2215.0,Billion VND,not_specified,E0538,https://www.nso.gov.vn/en/px-web?pxid=E0538&theme=Enterprise,source_reported_unharmonized
e0538_c9b3c38247,enterprises,Profit before taxes of active enterprises having business outcomes by province,Total,VN_SRC_ANGIANG,An Giang,2016,annual,1818.0,Billion VND,not_specified,E0538,https://www.nso.gov.vn/en/px-web?pxid=E0538&theme=Enterprise,source_reported_unharmonized
e0538_c9b3c38247,enterprises,Profit before taxes of active enterprises having business outcomes by province,Total,VN_SRC_ANGIANG,An Giang,2017,annual,2279.0,Billion VND,not_specified,E0538,https://www.nso.gov.vn/en/px-web?pxid=E0538&theme=Enterprise,source_reported_unharmonized
e0538_c9b3c38247,enterprises,Profit before taxes of active enterprises having business outcomes by province,Total,VN_SRC_ANGIANG,An Giang,2018,annual,2325.92,Billion VND,not_specified,E0538,https://www.nso.gov.vn/en/px-web?pxid=E0538&theme=Enterprise,source_reported_unharmonized
e0538_c9b3c38247,enterprises,Profit before taxes of active enterprises having business outcomes by province,Total,VN_SRC_ANGIANG,An Giang,2019,annual,3129.62,Billion VND,not_specified,E0538,https://www.nso.gov.vn/en/px-web?pxid=E0538&theme=Enterprise,source_reported_unharmonized
e0538_c9b3c38247,enterprises,Profit before taxes of active enterprises having business outcomes by province,Total,VN_SRC_ANGIANG,An Giang,2020,annual,2721.9,Billion VND,not_specified,E0538,https://www.nso.gov.vn/en/px-web?pxid=E0538&theme=Enterprise,source_reported_unharmonized
e0538_c9b3c38247,enterprises,Profit before taxes of active enterprises having business outcomes by province,Total,VN_SRC_ANGIANG,An Giang,2021,annual,2774.89,Billion VND,not_specified,E0538,https://www.nso.gov.vn/en/px-web?pxid=E0538&theme=Enterprise,source_reported_unharmonized
e0538_c9b3c38247,enterprises,Profit before taxes of active enterprises having business outcomes by province,Total,VN_SRC_ANGIANG,An Giang,2022,annual,4358.29,Billion VND,not_specified,E0538,https://www.nso.gov.vn/en/px-web?pxid=E0538&theme=Enterprise,source_reported_unharmonized
e0538_c9b3c38247,enterprises,Profit before taxes of active enterprises having business outcomes by province,Total,VN_SRC_ANGIANG,An Giang,2023,annual,4089.59,Billion VND,not_specified,E0538,https://www.nso.gov.vn/en/px-web?pxid=E0538&theme=Enterprise,source_reported_unharmonized
e0538_c9b3c38247,enterprises,Profit before taxes of active enterprises having business outcomes by province,Total,VN_SRC_ANGIANG,An Giang,2024,annual,-311.3,Billion VND,not_specified,E0538,https://www.nso.gov.vn/en/px-web?pxid=E0538&theme=Enterprise,source_reported_unharmonized
e0538_c9b3c38247,enterprises,Profit before taxes of active enterprises having business outcomes by province,Total,VN_SRC_KIENGIANG,Kien Giang,2010,annual,1808.0,Billion VND,not_specified,E0538,https://www.nso.gov.vn/en/px-web?pxid=E0538&theme=Enterprise,source_reported_unharmonized
e0538_c9b3c38247,enterprises,Profit before taxes of active enterprises having business outcomes by province,Total,VN_SRC_KIENGIANG,Kien Giang,2015,annual,4384.0,Billion VND,not_specified,E0538,https://www.nso.gov.vn/en/px-web?pxid=E0538&theme=Enterprise,source_reported_unharmonized
e0538_c9b3c38247,enterprises,Profit before taxes of active enterprises having business outcomes by province,Total,VN_SRC_KIENGIANG,Kien Giang,2016,annual,4276.0,Billion VND,not_specified,E0538,https://www.nso.gov.vn/en/px-web?pxid=E0538&theme=Enterprise,source_reported_unharmonized
e0538_c9b3c38247,enterprises,Profit before taxes of active enterprises having business outcomes by province,Total,VN_SRC_KIENGIANG,Kien Giang,2017,annual,6830.0,Billion VND,not_specified,E0538,https://www.nso.gov.vn/en/px-web?pxid=E0538&theme=Enterprise,source_reported_unharmonized
e0538_c9b3c38247,enterprises,Profit before taxes of active enterprises having business outcomes by province,Total,VN_SRC_KIENGIANG,Kien Giang,2018,annual,3920.33,Billion VND,not_specified,E0538,https://www.nso.gov.vn/en/px-web?pxid=E0538&theme=Enterprise,source_reported_unharmonized
e0538_c9b3c38247,enterprises,Profit before taxes of active enterprises having business outcomes by province,Total,VN_SRC_KIENGIANG,Kien Giang,2019,annual,2725.58,Billion VND,not_specified,E0538,https://www.nso.gov.vn/en/px-web?pxid=E0538&theme=Enterprise,source_reported_unharmonized
e0538_c9b3c38247,enterprises,Profit before taxes of active enterprises having business outcomes by province,Total,VN_SRC_KIENGIANG,Kien Giang,2020,annual,-2357.47,Billion VND,not_specified,E0538,https://www.nso.gov.vn/en/px-web?pxid=E0538&theme=Enterprise,source_reported_unharmonized
e0538_c9b3c38247,enterprises,Profit before taxes of active enterprises having business outcomes by province,Total,VN_SRC_KIENGIANG,Kien Giang,2021,annual,4275.51,Billion VND,not_specified,E0538,https://www.nso.gov.vn/en/px-web?pxid=E0538&theme=Enterprise,source_reported_unharmonized
e0538_c9b3c38247,enterprises,Profit before taxes of active enterprises having business outcomes by province,Total,VN_SRC_KIENGIANG,Kien Giang,2022,annual,10204.72,Billion VND,not_specified,E0538,https://www.nso.gov.vn/en/px-web?pxid=E0538&theme=Enterprise,source_reported_unharmonized
e0538_c9b3c38247,enterprises,Profit before taxes of active enterprises having business outcomes by province,Total,VN_SRC_KIENGIANG,Kien Giang,2023,annual,5543.37,Billion VND,not_specified,E0538,https://www.nso.gov.vn/en/px-web?pxid=E0538&theme=Enterprise,source_reported_unharmonized
e0538_c9b3c38247,enterprises,Profit before taxes of active enterprises having business outcomes by province,Total,VN_SRC_KIENGIANG,Kien Giang,2024,annual,4782.77,Billion VND,not_specified,E0538,https://www.nso.gov.vn/en/px-web?pxid=E0538&theme=Enterprise,source_reported_unharmonized
e0538_c9b3c38247,enterprises,Profit before taxes of active enterprises having business outcomes by province,Total,VN_SRC_CANTHO,Can Tho,2010,annual,3163.0,Billion VND,not_specified,E0538,https://www.nso.gov.vn/en/px-web?pxid=E0538&theme=Enterprise,source_reported_unharmonized
e0538_c9b3c38247,enterprises,Profit before taxes of active enterprises having business outcomes by province,Total,VN_SRC_CANTHO,Can Tho,2015,annual,2785.0,Billion VND,not_specified,E0538,https://www.nso.gov.vn/en/px-web?pxid=E0538&theme=Enterprise,source_reported_unharmonized
e0538_c9b3c38247,enterprises,Profit before taxes of active enterprises having business outcomes by province,Total,VN_SRC_CANTHO,Can Tho,2016,annual,2822.0,Billion VND,not_specified,E0538,https://www.nso.gov.vn/en/px-web?pxid=E0538&theme=Enterprise,source_reported_unharmonized
e0538_c9b3c38247,enterprises,Profit before taxes of active enterprises having business outcomes by province,Total,VN_SRC_CANTHO,Can Tho,2017,annual,4352.0,Billion VND,not_specified,E0538,https://www.nso.gov.vn/en/px-web?pxid=E0538&theme=Enterprise,source_reported_unharmonized
e0538_c9b3c38247,enterprises,Profit before taxes of active enterprises having business outcomes by province,Total,VN_SRC_CANTHO,Can Tho,2018,annual,3933.77,Billion VND,not_specified,E0538,https://www.nso.gov.vn/en/px-web?pxid=E0538&theme=Enterprise,source_reported_unharmonized
e0538_c9b3c38247,enterprises,Profit before taxes of active enterprises having business outcomes by province,Total,VN_SRC_CANTHO,Can Tho,2019,annual,3274.99,Billion VND,not_specified,E0538,https://www.nso.gov.vn/en/px-web?pxid=E0538&theme=Enterprise,source_reported_unharmonized
e0538_c9b3c38247,enterprises,Profit before taxes of active enterprises having business outcomes by province,Total,VN_SRC_CANTHO,Can Tho,2020,annual,2799.82,Billion VND,not_specified,E0538,https://www.nso.gov.vn/en/px-web?pxid=E0538&theme=Enterprise,source_reported_unharmonized
e0538_c9b3c38247,enterprises,Profit before taxes of active enterprises having business outcomes by province,Total,VN_SRC_CANTHO,Can Tho,2021,annual,2737.8,Billion VND,not_specified,E0538,https://www.nso.gov.vn/en/px-web?pxid=E0538&theme=Enterprise,source_reported_unharmonized
e0538_c9b3c38247,enterprises,Profit before taxes of active enterprises having business outcomes by province,Total,VN_SRC_CANTHO,Can Tho,2022,annual,7599.0,Billion VND,not_specified,E0538,https://www.nso.gov.vn/en/px-web?pxid=E0538&theme=Enterprise,source_reported_unharmonized
e0538_c9b3c38247,enterprises,Profit before taxes of active enterprises having business outcomes by province,Total,VN_SRC_CANTHO,Can Tho,2023,annual,7428.22,Billion VND,not_specified,E0538,https://www.nso.gov.vn/en/px-web?pxid=E0538&theme=Enterprise,source_reported_unharmonized
e0538_c9b3c38247,enterprises,Profit before taxes of active enterprises having business outcomes by province,Total,VN_SRC_CANTHO,Can Tho,2024,annual,4795.15,Billion VND,not_specified,E0538,https://www.nso.gov.vn/en/px-web?pxid=E0538&theme=Enterprise,source_reported_unharmonized
e0538_c9b3c38247,enterprises,Profit before taxes of active enterprises having business outcomes by province,Total,VN_SRC_HAUGIANG,Hau Giang,2010,annual,1198.0,Billion VND,not_specified,E0538,https://www.nso.gov.vn/en/px-web?pxid=E0538&theme=Enterprise,source_reported_unharmonized
e0538_c9b3c38247,enterprises,Profit before taxes of active enterprises having business outcomes by province,Total,VN_SRC_HAUGIANG,Hau Giang,2015,annual,342.0,Billion VND,not_specified,E0538,https://www.nso.gov.vn/en/px-web?pxid=E0538&theme=Enterprise,source_reported_unharmonized
e0538_c9b3c38247,enterprises,Profit before taxes of active enterprises having business outcomes by province,Total,VN_SRC_HAUGIANG,Hau Giang,2016,annual,1439.0,Billion VND,not_specified,E0538,https://www.nso.gov.vn/en/px-web?pxid=E0538&theme=Enterprise,source_reported_unharmonized
e0538_c9b3c38247,enterprises,Profit before taxes of active enterprises having business outcomes by province,Total,VN_SRC_HAUGIANG,Hau Giang,2017,annual,2785.0,Billion VND,not_specified,E0538,https://www.nso.gov.vn/en/px-web?pxid=E0538&theme=Enterprise,source_reported_unharmonized
e0538_c9b3c38247,enterprises,Profit before taxes of active enterprises having business outcomes by province,Total,VN_SRC_HAUGIANG,Hau Giang,2018,annual,2587.54,Billion VND,not_specified,E0538,https://www.nso.gov.vn/en/px-web?pxid=E0538&theme=Enterprise,source_reported_unharmonized
e0538_c9b3c38247,enterprises,Profit before taxes of active enterprises having business outcomes by province,Total,VN_SRC_HAUGIANG,Hau Giang,2019,annual,2077.34,Billion VND,not_specified,E0538,https://www.nso.gov.vn/en/px-web?pxid=E0538&theme=Enterprise,source_reported_unharmonized
e0538_c9b3c38247,enterprises,Profit before taxes of active enterprises having business outcomes by province,Total,VN_SRC_HAUGIANG,Hau Giang,2020,annual,2427.55,Billion VND,not_specified,E0538,https://www.nso.gov.vn/en/px-web?pxid=E0538&theme=Enterprise,source_reported_unharmonized
e0538_c9b3c38247,enterprises,Profit before taxes of active enterprises having business outcomes by province,Total,VN_SRC_HAUGIANG,Hau Giang,2021,annual,4076.21,Billion VND,not_specified,E0538,https://www.nso.gov.vn/en/px-web?pxid=E0538&theme=Enterprise,source_reported_unharmonized
e0538_c9b3c38247,enterprises,Profit before taxes of active enterprises having business outcomes by province,Total,VN_SRC_HAUGIANG,Hau Giang,2022,annual,3821.96,Billion VND,not_specified,E0538,https://www.nso.gov.vn/en/px-web?pxid=E0538&theme=Enterprise,source_reported_unharmonized
e0538_c9b3c38247,enterprises,Profit before taxes of active enterprises having business outcomes by province,Total,VN_SRC_HAUGIANG,Hau Giang,2023,annual,5398.91,Billion VND,not_specified,E0538,https://www.nso.gov.vn/en/px-web?pxid=E0538&theme=Enterprise,source_reported_unharmonized
e0538_c9b3c38247,enterprises,Profit before taxes of active enterprises having business outcomes by province,Total,VN_SRC_HAUGIANG,Hau Giang,2024,annual,5939.0,Billion VND,not_specified,E0538,https://www.nso.gov.vn/en/px-web?pxid=E0538&theme=Enterprise,source_reported_unharmonized
e0538_c9b3c38247,enterprises,Profit before taxes of active enterprises having business outcomes by province,Total,VN_SRC_SOCTRANG,Soc Trang,2010,annual,633.0,Billion VND,not_specified,E0538,https://www.nso.gov.vn/en/px-web?pxid=E0538&theme=Enterprise,source_reported_unharmonized
e0538_c9b3c38247,enterprises,Profit before taxes of active enterprises having business outcomes by province,Total,VN_SRC_SOCTRANG,Soc Trang,2015,annual,358.0,Billion VND,not_specified,E0538,https://www.nso.gov.vn/en/px-web?pxid=E0538&theme=Enterprise,source_reported_unharmonized
e0538_c9b3c38247,enterprises,Profit before taxes of active enterprises having business outcomes by province,Total,VN_SRC_SOCTRANG,Soc Trang,2016,annual,831.0,Billion VND,not_specified,E0538,https://www.nso.gov.vn/en/px-web?pxid=E0538&theme=Enterprise,source_reported_unharmonized
e0538_c9b3c38247,enterprises,Profit before taxes of active enterprises having business outcomes by province,Total,VN_SRC_SOCTRANG,Soc Trang,2017,annual,1208.0,Billion VND,not_specified,E0538,https://www.nso.gov.vn/en/px-web?pxid=E0538&theme=Enterprise,source_reported_unharmonized
e0538_c9b3c38247,enterprises,Profit before taxes of active enterprises having business outcomes by province,Total,VN_SRC_SOCTRANG,Soc Trang,2018,annual,1486.68,Billion VND,not_specified,E0538,https://www.nso.gov.vn/en/px-web?pxid=E0538&theme=Enterprise,source_reported_unharmonized
e0538_c9b3c38247,enterprises,Profit before taxes of active enterprises having business outcomes by province,Total,VN_SRC_SOCTRANG,Soc Trang,2019,annual,2210.92,Billion VND,not_specified,E0538,https://www.nso.gov.vn/en/px-web?pxid=E0538&theme=Enterprise,source_reported_unharmonized
e0538_c9b3c38247,enterprises,Profit before taxes of active enterprises having business outcomes by province,Total,VN_SRC_SOCTRANG,Soc Trang,2020,annual,2399.35,Billion VND,not_specified,E0538,https://www.nso.gov.vn/en/px-web?pxid=E0538&theme=Enterprise,source_reported_unharmonized
e0538_c9b3c38247,enterprises,Profit before taxes of active enterprises having business outcomes by province,Total,VN_SRC_SOCTRANG,Soc Trang,2021,annual,2444.35,Billion VND,not_specified,E0538,https://www.nso.gov.vn/en/px-web?pxid=E0538&theme=Enterprise,source_reported_unharmonized
e0538_c9b3c38247,enterprises,Profit before taxes of active enterprises having business outcomes by province,Total,VN_SRC_SOCTRANG,Soc Trang,2022,annual,2811.35,Billion VND,not_specified,E0538,https://www.nso.gov.vn/en/px-web?pxid=E0538&theme=Enterprise,source_reported_unharmonized
e0538_c9b3c38247,enterprises,Profit before taxes of active enterprises having business outcomes by province,Total,VN_SRC_SOCTRANG,Soc Trang,2023,annual,2196.84,Billion VND,not_specified,E0538,https://www.nso.gov.vn/en/px-web?pxid=E0538&theme=Enterprise,source_reported_unharmonized
e0538_c9b3c38247,enterprises,Profit before taxes of active enterprises having business outcomes by province,Total,VN_SRC_SOCTRANG,Soc Trang,2024,annual,1714.32,Billion VND,not_specified,E0538,https://www.nso.gov.vn/en/px-web?pxid=E0538&theme=Enterprise,source_reported_unharmonized
e0538_c9b3c38247,enterprises,Profit before taxes of active enterprises having business outcomes by province,Total,VN_SRC_BACLIEU,Bac Lieu,2010,annual,897.0,Billion VND,not_specified,E0538,https://www.nso.gov.vn/en/px-web?pxid=E0538&theme=Enterprise,source_reported_unharmonized
e0538_c9b3c38247,enterprises,Profit before taxes of active enterprises having business outcomes by province,Total,VN_SRC_BACLIEU,Bac Lieu,2015,annual,2009.0,Billion VND,not_specified,E0538,https://www.nso.gov.vn/en/px-web?pxid=E0538&theme=Enterprise,source_reported_unharmonized
e0538_c9b3c38247,enterprises,Profit before taxes of active enterprises having business outcomes by province,Total,VN_SRC_BACLIEU,Bac Lieu,2016,annual,2295.0,Billion VND,not_specified,E0538,https://www.nso.gov.vn/en/px-web?pxid=E0538&theme=Enterprise,source_reported_unharmonized
e0538_c9b3c38247,enterprises,Profit before taxes of active enterprises having business outcomes by province,Total,VN_SRC_BACLIEU,Bac Lieu,2017,annual,2591.0,Billion VND,not_specified,E0538,https://www.nso.gov.vn/en/px-web?pxid=E0538&theme=Enterprise,source_reported_unharmonized
e0538_c9b3c38247,enterprises,Profit before taxes of active enterprises having business outcomes by province,Total,VN_SRC_BACLIEU,Bac Lieu,2018,annual,2084.8,Billion VND,not_specified,E0538,https://www.nso.gov.vn/en/px-web?pxid=E0538&theme=Enterprise,source_reported_unharmonized
e0538_c9b3c38247,enterprises,Profit before taxes of active enterprises having business outcomes by province,Total,VN_SRC_BACLIEU,Bac Lieu,2019,annual,363.21,Billion VND,not_specified,E0538,https://www.nso.gov.vn/en/px-web?pxid=E0538&theme=Enterprise,source_reported_unharmonized
e0538_c9b3c38247,enterprises,Profit before taxes of active enterprises having business outcomes by province,Total,VN_SRC_BACLIEU,Bac Lieu,2020,annual,-6.51,Billion VND,not_specified,E0538,https://www.nso.gov.vn/en/px-web?pxid=E0538&theme=Enterprise,source_reported_unharmonized
e0538_c9b3c38247,enterprises,Profit before taxes of active enterprises having business outcomes by province,Total,VN_SRC_BACLIEU,Bac Lieu,2021,annual,870.06,Billion VND,not_specified,E0538,https://www.nso.gov.vn/en/px-web?pxid=E0538&theme=Enterprise,source_reported_unharmonized
e0538_c9b3c38247,enterprises,Profit before taxes of active enterprises having business outcomes by province,Total,VN_SRC_BACLIEU,Bac Lieu,2022,annual,1609.87,Billion VND,not_specified,E0538,https://www.nso.gov.vn/en/px-web?pxid=E0538&theme=Enterprise,source_reported_unharmonized
e0538_c9b3c38247,enterprises,Profit before taxes of active enterprises having business outcomes by province,Total,VN_SRC_BACLIEU,Bac Lieu,2023,annual,1726.0,Billion VND,not_specified,E0538,https://www.nso.gov.vn/en/px-web?pxid=E0538&theme=Enterprise,source_reported_unharmonized
e0538_c9b3c38247,enterprises,Profit before taxes of active enterprises having business outcomes by province,Total,VN_SRC_BACLIEU,Bac Lieu,2024,annual,2348.63,Billion VND,not_specified,E0538,https://www.nso.gov.vn/en/px-web?pxid=E0538&theme=Enterprise,source_reported_unharmonized
e0538_c9b3c38247,enterprises,Profit before taxes of active enterprises having business outcomes by province,Total,VN_SRC_CAMAU,Ca Mau,2010,annual,1786.0,Billion VND,not_specified,E0538,https://www.nso.gov.vn/en/px-web?pxid=E0538&theme=Enterprise,source_reported_unharmonized
e0538_c9b3c38247,enterprises,Profit before taxes of active enterprises having business outcomes by province,Total,VN_SRC_CAMAU,Ca Mau,2015,annual,3043.0,Billion VND,not_specified,E0538,https://www.nso.gov.vn/en/px-web?pxid=E0538&theme=Enterprise,source_reported_unharmonized
e0538_c9b3c38247,enterprises,Profit before taxes of active enterprises having business outcomes by province,Total,VN_SRC_CAMAU,Ca Mau,2016,annual,2377.0,Billion VND,not_specified,E0538,https://www.nso.gov.vn/en/px-web?pxid=E0538&theme=Enterprise,source_reported_unharmonized
e0538_c9b3c38247,enterprises,Profit before taxes of active enterprises having business outcomes by province,Total,VN_SRC_CAMAU,Ca Mau,2017,annual,4093.0,Billion VND,not_specified,E0538,https://www.nso.gov.vn/en/px-web?pxid=E0538&theme=Enterprise,source_reported_unharmonized
e0538_c9b3c38247,enterprises,Profit before taxes of active enterprises having business outcomes by province,Total,VN_SRC_CAMAU,Ca Mau,2018,annual,969.08,Billion VND,not_specified,E0538,https://www.nso.gov.vn/en/px-web?pxid=E0538&theme=Enterprise,source_reported_unharmonized
e0538_c9b3c38247,enterprises,Profit before taxes of active enterprises having business outcomes by province,Total,VN_SRC_CAMAU,Ca Mau,2019,annual,399.54,Billion VND,not_specified,E0538,https://www.nso.gov.vn/en/px-web?pxid=E0538&theme=Enterprise,source_reported_unharmonized
e0538_c9b3c38247,enterprises,Profit before taxes of active enterprises having business outcomes by province,Total,VN_SRC_CAMAU,Ca Mau,2020,annual,1706.92,Billion VND,not_specified,E0538,https://www.nso.gov.vn/en/px-web?pxid=E0538&theme=Enterprise,source_reported_unharmonized
e0538_c9b3c38247,enterprises,Profit before taxes of active enterprises having business outcomes by province,Total,VN_SRC_CAMAU,Ca Mau,2021,annual,3776.57,Billion VND,not_specified,E0538,https://www.nso.gov.vn/en/px-web?pxid=E0538&theme=Enterprise,source_reported_unharmonized
e0538_c9b3c38247,enterprises,Profit before taxes of active enterprises having business outcomes by province,Total,VN_SRC_CAMAU,Ca Mau,2022,annual,7740.76,Billion VND,not_specified,E0538,https://www.nso.gov.vn/en/px-web?pxid=E0538&theme=Enterprise,source_reported_unharmonized
e0538_c9b3c38247,enterprises,Profit before taxes of active enterprises having business outcomes by province,Total,VN_SRC_CAMAU,Ca Mau,2023,annual,3154.93,Billion VND,not_specified,E0538,https://www.nso.gov.vn/en/px-web?pxid=E0538&theme=Enterprise,source_reported_unharmonized
e0538_c9b3c38247,enterprises,Profit before taxes of active enterprises having business outcomes by province,Total,VN_SRC_CAMAU,Ca Mau,2024,annual,3518.36,Billion VND,not_specified,E0538,https://www.nso.gov.vn/en/px-web?pxid=E0538&theme=Enterprise,source_reported_unharmonized
