indicator_id,section,indicator,breakdown,province_code,province,period,period_type,value,unit,period_status,source_id,source_url,geography_version
e1308_8a1b4b5f47,education,Number of school of general education as of 30 September by province · Upper Secondary,Upper Secondary,VN_SRC_HANOI,Ha Noi,2002,annual,98.0,School,not_specified,E1308,https://www.nso.gov.vn/en/px-web?pxid=E1308&theme=Education,source_reported_unharmonized
e1308_8a1b4b5f47,education,Number of school of general education as of 30 September by province · Upper Secondary,Upper Secondary,VN_SRC_HANOI,Ha Noi,2003,annual,97.0,School,not_specified,E1308,https://www.nso.gov.vn/en/px-web?pxid=E1308&theme=Education,source_reported_unharmonized
e1308_8a1b4b5f47,education,Number of school of general education as of 30 September by province · Upper Secondary,Upper Secondary,VN_SRC_HANOI,Ha Noi,2004,annual,96.0,School,not_specified,E1308,https://www.nso.gov.vn/en/px-web?pxid=E1308&theme=Education,source_reported_unharmonized
e1308_8a1b4b5f47,education,Number of school of general education as of 30 September by province · Upper Secondary,Upper Secondary,VN_SRC_HANOI,Ha Noi,2005,annual,81.0,School,not_specified,E1308,https://www.nso.gov.vn/en/px-web?pxid=E1308&theme=Education,source_reported_unharmonized
e1308_8a1b4b5f47,education,Number of school of general education as of 30 September by province · Upper Secondary,Upper Secondary,VN_SRC_HANOI,Ha Noi,2006,annual,100.0,School,not_specified,E1308,https://www.nso.gov.vn/en/px-web?pxid=E1308&theme=Education,source_reported_unharmonized
e1308_8a1b4b5f47,education,Number of school of general education as of 30 September by province · Upper Secondary,Upper Secondary,VN_SRC_HANOI,Ha Noi,2007,annual,103.0,School,not_specified,E1308,https://www.nso.gov.vn/en/px-web?pxid=E1308&theme=Education,source_reported_unharmonized
e1308_8a1b4b5f47,education,Number of school of general education as of 30 September by province · Upper Secondary,Upper Secondary,VN_SRC_HANOI,Ha Noi,2008,annual,182.0,School,not_specified,E1308,https://www.nso.gov.vn/en/px-web?pxid=E1308&theme=Education,source_reported_unharmonized
e1308_8a1b4b5f47,education,Number of school of general education as of 30 September by province · Upper Secondary,Upper Secondary,VN_SRC_HANOI,Ha Noi,2009,annual,186.0,School,not_specified,E1308,https://www.nso.gov.vn/en/px-web?pxid=E1308&theme=Education,source_reported_unharmonized
e1308_8a1b4b5f47,education,Number of school of general education as of 30 September by province · Upper Secondary,Upper Secondary,VN_SRC_HANOI,Ha Noi,2010,annual,162.0,School,not_specified,E1308,https://www.nso.gov.vn/en/px-web?pxid=E1308&theme=Education,source_reported_unharmonized
e1308_8a1b4b5f47,education,Number of school of general education as of 30 September by province · Upper Secondary,Upper Secondary,VN_SRC_HANOI,Ha Noi,2011,annual,167.0,School,not_specified,E1308,https://www.nso.gov.vn/en/px-web?pxid=E1308&theme=Education,source_reported_unharmonized
e1308_8a1b4b5f47,education,Number of school of general education as of 30 September by province · Upper Secondary,Upper Secondary,VN_SRC_HANOI,Ha Noi,2012,annual,168.0,School,not_specified,E1308,https://www.nso.gov.vn/en/px-web?pxid=E1308&theme=Education,source_reported_unharmonized
e1308_8a1b4b5f47,education,Number of school of general education as of 30 September by province · Upper Secondary,Upper Secondary,VN_SRC_HANOI,Ha Noi,2013,annual,205.0,School,not_specified,E1308,https://www.nso.gov.vn/en/px-web?pxid=E1308&theme=Education,source_reported_unharmonized
e1308_8a1b4b5f47,education,Number of school of general education as of 30 September by province · Upper Secondary,Upper Secondary,VN_SRC_HANOI,Ha Noi,2014,annual,183.0,School,not_specified,E1308,https://www.nso.gov.vn/en/px-web?pxid=E1308&theme=Education,source_reported_unharmonized
e1308_8a1b4b5f47,education,Number of school of general education as of 30 September by province · Upper Secondary,Upper Secondary,VN_SRC_HANOI,Ha Noi,2015,annual,183.0,School,not_specified,E1308,https://www.nso.gov.vn/en/px-web?pxid=E1308&theme=Education,source_reported_unharmonized
e1308_8a1b4b5f47,education,Number of school of general education as of 30 September by province · Upper Secondary,Upper Secondary,VN_SRC_HANOI,Ha Noi,2016,annual,180.0,School,not_specified,E1308,https://www.nso.gov.vn/en/px-web?pxid=E1308&theme=Education,source_reported_unharmonized
e1308_8a1b4b5f47,education,Number of school of general education as of 30 September by province · Upper Secondary,Upper Secondary,VN_SRC_HANOI,Ha Noi,2017,annual,187.0,School,not_specified,E1308,https://www.nso.gov.vn/en/px-web?pxid=E1308&theme=Education,source_reported_unharmonized
e1308_8a1b4b5f47,education,Number of school of general education as of 30 September by province · Upper Secondary,Upper Secondary,VN_SRC_HANOI,Ha Noi,2019,annual,196.0,School,not_specified,E1308,https://www.nso.gov.vn/en/px-web?pxid=E1308&theme=Education,source_reported_unharmonized
e1308_8a1b4b5f47,education,Number of school of general education as of 30 September by province · Upper Secondary,Upper Secondary,VN_SRC_HANOI,Ha Noi,2020,annual,195.0,School,not_specified,E1308,https://www.nso.gov.vn/en/px-web?pxid=E1308&theme=Education,source_reported_unharmonized
e1308_8a1b4b5f47,education,Number of school of general education as of 30 September by province · Upper Secondary,Upper Secondary,VN_SRC_HANOI,Ha Noi,2021,annual,199.0,School,not_specified,E1308,https://www.nso.gov.vn/en/px-web?pxid=E1308&theme=Education,source_reported_unharmonized
e1308_8a1b4b5f47,education,Number of school of general education as of 30 September by province · Upper Secondary,Upper Secondary,VN_SRC_HANOI,Ha Noi,2024,annual,201.0,School,not_specified,E1308,https://www.nso.gov.vn/en/px-web?pxid=E1308&theme=Education,source_reported_unharmonized
e1308_8a1b4b5f47,education,Number of school of general education as of 30 September by province · Upper Secondary,Upper Secondary,VN_SRC_HATAY,Ha Tay,2002,annual,58.0,School,not_specified,E1308,https://www.nso.gov.vn/en/px-web?pxid=E1308&theme=Education,source_reported_unharmonized
e1308_8a1b4b5f47,education,Number of school of general education as of 30 September by province · Upper Secondary,Upper Secondary,VN_SRC_HATAY,Ha Tay,2003,annual,59.0,School,not_specified,E1308,https://www.nso.gov.vn/en/px-web?pxid=E1308&theme=Education,source_reported_unharmonized
e1308_8a1b4b5f47,education,Number of school of general education as of 30 September by province · Upper Secondary,Upper Secondary,VN_SRC_HATAY,Ha Tay,2004,annual,59.0,School,not_specified,E1308,https://www.nso.gov.vn/en/px-web?pxid=E1308&theme=Education,source_reported_unharmonized
e1308_8a1b4b5f47,education,Number of school of general education as of 30 September by province · Upper Secondary,Upper Secondary,VN_SRC_HATAY,Ha Tay,2005,annual,61.0,School,not_specified,E1308,https://www.nso.gov.vn/en/px-web?pxid=E1308&theme=Education,source_reported_unharmonized
e1308_8a1b4b5f47,education,Number of school of general education as of 30 September by province · Upper Secondary,Upper Secondary,VN_SRC_HATAY,Ha Tay,2006,annual,63.0,School,not_specified,E1308,https://www.nso.gov.vn/en/px-web?pxid=E1308&theme=Education,source_reported_unharmonized
e1308_8a1b4b5f47,education,Number of school of general education as of 30 September by province · Upper Secondary,Upper Secondary,VN_SRC_HATAY,Ha Tay,2007,annual,67.0,School,not_specified,E1308,https://www.nso.gov.vn/en/px-web?pxid=E1308&theme=Education,source_reported_unharmonized
e1308_8a1b4b5f47,education,Number of school of general education as of 30 September by province · Upper Secondary,Upper Secondary,VN_SRC_HATAY,Ha Tay,2008,annual,,School,not_specified,E1308,https://www.nso.gov.vn/en/px-web?pxid=E1308&theme=Education,source_reported_unharmonized
e1308_8a1b4b5f47,education,Number of school of general education as of 30 September by province · Upper Secondary,Upper Secondary,VN_SRC_HATAY,Ha Tay,2009,annual,,School,not_specified,E1308,https://www.nso.gov.vn/en/px-web?pxid=E1308&theme=Education,source_reported_unharmonized
e1308_8a1b4b5f47,education,Number of school of general education as of 30 September by province · Upper Secondary,Upper Secondary,VN_SRC_HATAY,Ha Tay,2010,annual,,School,not_specified,E1308,https://www.nso.gov.vn/en/px-web?pxid=E1308&theme=Education,source_reported_unharmonized
e1308_8a1b4b5f47,education,Number of school of general education as of 30 September by province · Upper Secondary,Upper Secondary,VN_SRC_HATAY,Ha Tay,2011,annual,,School,not_specified,E1308,https://www.nso.gov.vn/en/px-web?pxid=E1308&theme=Education,source_reported_unharmonized
e1308_8a1b4b5f47,education,Number of school of general education as of 30 September by province · Upper Secondary,Upper Secondary,VN_SRC_HATAY,Ha Tay,2012,annual,,School,not_specified,E1308,https://www.nso.gov.vn/en/px-web?pxid=E1308&theme=Education,source_reported_unharmonized
e1308_8a1b4b5f47,education,Number of school of general education as of 30 September by province · Upper Secondary,Upper Secondary,VN_SRC_HATAY,Ha Tay,2013,annual,,School,not_specified,E1308,https://www.nso.gov.vn/en/px-web?pxid=E1308&theme=Education,source_reported_unharmonized
e1308_8a1b4b5f47,education,Number of school of general education as of 30 September by province · Upper Secondary,Upper Secondary,VN_SRC_HATAY,Ha Tay,2014,annual,,School,not_specified,E1308,https://www.nso.gov.vn/en/px-web?pxid=E1308&theme=Education,source_reported_unharmonized
e1308_8a1b4b5f47,education,Number of school of general education as of 30 September by province · Upper Secondary,Upper Secondary,VN_SRC_HATAY,Ha Tay,2015,annual,,School,not_specified,E1308,https://www.nso.gov.vn/en/px-web?pxid=E1308&theme=Education,source_reported_unharmonized
e1308_8a1b4b5f47,education,Number of school of general education as of 30 September by province · Upper Secondary,Upper Secondary,VN_SRC_HATAY,Ha Tay,2016,annual,,School,not_specified,E1308,https://www.nso.gov.vn/en/px-web?pxid=E1308&theme=Education,source_reported_unharmonized
e1308_8a1b4b5f47,education,Number of school of general education as of 30 September by province · Upper Secondary,Upper Secondary,VN_SRC_HATAY,Ha Tay,2017,annual,,School,not_specified,E1308,https://www.nso.gov.vn/en/px-web?pxid=E1308&theme=Education,source_reported_unharmonized
e1308_8a1b4b5f47,education,Number of school of general education as of 30 September by province · Upper Secondary,Upper Secondary,VN_SRC_HATAY,Ha Tay,2019,annual,,School,not_specified,E1308,https://www.nso.gov.vn/en/px-web?pxid=E1308&theme=Education,source_reported_unharmonized
e1308_8a1b4b5f47,education,Number of school of general education as of 30 September by province · Upper Secondary,Upper Secondary,VN_SRC_HATAY,Ha Tay,2020,annual,,School,not_specified,E1308,https://www.nso.gov.vn/en/px-web?pxid=E1308&theme=Education,source_reported_unharmonized
e1308_8a1b4b5f47,education,Number of school of general education as of 30 September by province · Upper Secondary,Upper Secondary,VN_SRC_HATAY,Ha Tay,2021,annual,,School,not_specified,E1308,https://www.nso.gov.vn/en/px-web?pxid=E1308&theme=Education,source_reported_unharmonized
e1308_8a1b4b5f47,education,Number of school of general education as of 30 September by province · Upper Secondary,Upper Secondary,VN_SRC_HATAY,Ha Tay,2024,annual,,School,not_specified,E1308,https://www.nso.gov.vn/en/px-web?pxid=E1308&theme=Education,source_reported_unharmonized
e1308_8a1b4b5f47,education,Number of school of general education as of 30 September by province · Upper Secondary,Upper Secondary,VN_SRC_VINHPHUC,Vinh Phuc,2002,annual,32.0,School,not_specified,E1308,https://www.nso.gov.vn/en/px-web?pxid=E1308&theme=Education,source_reported_unharmonized
e1308_8a1b4b5f47,education,Number of school of general education as of 30 September by province · Upper Secondary,Upper Secondary,VN_SRC_VINHPHUC,Vinh Phuc,2003,annual,36.0,School,not_specified,E1308,https://www.nso.gov.vn/en/px-web?pxid=E1308&theme=Education,source_reported_unharmonized
e1308_8a1b4b5f47,education,Number of school of general education as of 30 September by province · Upper Secondary,Upper Secondary,VN_SRC_VINHPHUC,Vinh Phuc,2004,annual,38.0,School,not_specified,E1308,https://www.nso.gov.vn/en/px-web?pxid=E1308&theme=Education,source_reported_unharmonized
e1308_8a1b4b5f47,education,Number of school of general education as of 30 September by province · Upper Secondary,Upper Secondary,VN_SRC_VINHPHUC,Vinh Phuc,2005,annual,38.0,School,not_specified,E1308,https://www.nso.gov.vn/en/px-web?pxid=E1308&theme=Education,source_reported_unharmonized
e1308_8a1b4b5f47,education,Number of school of general education as of 30 September by province · Upper Secondary,Upper Secondary,VN_SRC_VINHPHUC,Vinh Phuc,2006,annual,43.0,School,not_specified,E1308,https://www.nso.gov.vn/en/px-web?pxid=E1308&theme=Education,source_reported_unharmonized
e1308_8a1b4b5f47,education,Number of school of general education as of 30 September by province · Upper Secondary,Upper Secondary,VN_SRC_VINHPHUC,Vinh Phuc,2007,annual,43.0,School,not_specified,E1308,https://www.nso.gov.vn/en/px-web?pxid=E1308&theme=Education,source_reported_unharmonized
e1308_8a1b4b5f47,education,Number of school of general education as of 30 September by province · Upper Secondary,Upper Secondary,VN_SRC_VINHPHUC,Vinh Phuc,2008,annual,37.0,School,not_specified,E1308,https://www.nso.gov.vn/en/px-web?pxid=E1308&theme=Education,source_reported_unharmonized
e1308_8a1b4b5f47,education,Number of school of general education as of 30 September by province · Upper Secondary,Upper Secondary,VN_SRC_VINHPHUC,Vinh Phuc,2009,annual,38.0,School,not_specified,E1308,https://www.nso.gov.vn/en/px-web?pxid=E1308&theme=Education,source_reported_unharmonized
e1308_8a1b4b5f47,education,Number of school of general education as of 30 September by province · Upper Secondary,Upper Secondary,VN_SRC_VINHPHUC,Vinh Phuc,2010,annual,36.0,School,not_specified,E1308,https://www.nso.gov.vn/en/px-web?pxid=E1308&theme=Education,source_reported_unharmonized
e1308_8a1b4b5f47,education,Number of school of general education as of 30 September by province · Upper Secondary,Upper Secondary,VN_SRC_VINHPHUC,Vinh Phuc,2011,annual,36.0,School,not_specified,E1308,https://www.nso.gov.vn/en/px-web?pxid=E1308&theme=Education,source_reported_unharmonized
e1308_8a1b4b5f47,education,Number of school of general education as of 30 September by province · Upper Secondary,Upper Secondary,VN_SRC_VINHPHUC,Vinh Phuc,2012,annual,37.0,School,not_specified,E1308,https://www.nso.gov.vn/en/px-web?pxid=E1308&theme=Education,source_reported_unharmonized
e1308_8a1b4b5f47,education,Number of school of general education as of 30 September by province · Upper Secondary,Upper Secondary,VN_SRC_VINHPHUC,Vinh Phuc,2013,annual,37.0,School,not_specified,E1308,https://www.nso.gov.vn/en/px-web?pxid=E1308&theme=Education,source_reported_unharmonized
e1308_8a1b4b5f47,education,Number of school of general education as of 30 September by province · Upper Secondary,Upper Secondary,VN_SRC_VINHPHUC,Vinh Phuc,2014,annual,37.0,School,not_specified,E1308,https://www.nso.gov.vn/en/px-web?pxid=E1308&theme=Education,source_reported_unharmonized
e1308_8a1b4b5f47,education,Number of school of general education as of 30 September by province · Upper Secondary,Upper Secondary,VN_SRC_VINHPHUC,Vinh Phuc,2015,annual,37.0,School,not_specified,E1308,https://www.nso.gov.vn/en/px-web?pxid=E1308&theme=Education,source_reported_unharmonized
e1308_8a1b4b5f47,education,Number of school of general education as of 30 September by province · Upper Secondary,Upper Secondary,VN_SRC_VINHPHUC,Vinh Phuc,2016,annual,37.0,School,not_specified,E1308,https://www.nso.gov.vn/en/px-web?pxid=E1308&theme=Education,source_reported_unharmonized
e1308_8a1b4b5f47,education,Number of school of general education as of 30 September by province · Upper Secondary,Upper Secondary,VN_SRC_VINHPHUC,Vinh Phuc,2017,annual,34.0,School,not_specified,E1308,https://www.nso.gov.vn/en/px-web?pxid=E1308&theme=Education,source_reported_unharmonized
e1308_8a1b4b5f47,education,Number of school of general education as of 30 September by province · Upper Secondary,Upper Secondary,VN_SRC_VINHPHUC,Vinh Phuc,2019,annual,31.0,School,not_specified,E1308,https://www.nso.gov.vn/en/px-web?pxid=E1308&theme=Education,source_reported_unharmonized
e1308_8a1b4b5f47,education,Number of school of general education as of 30 September by province · Upper Secondary,Upper Secondary,VN_SRC_VINHPHUC,Vinh Phuc,2020,annual,29.0,School,not_specified,E1308,https://www.nso.gov.vn/en/px-web?pxid=E1308&theme=Education,source_reported_unharmonized
e1308_8a1b4b5f47,education,Number of school of general education as of 30 September by province · Upper Secondary,Upper Secondary,VN_SRC_VINHPHUC,Vinh Phuc,2021,annual,29.0,School,not_specified,E1308,https://www.nso.gov.vn/en/px-web?pxid=E1308&theme=Education,source_reported_unharmonized
e1308_8a1b4b5f47,education,Number of school of general education as of 30 September by province · Upper Secondary,Upper Secondary,VN_SRC_VINHPHUC,Vinh Phuc,2024,annual,33.0,School,not_specified,E1308,https://www.nso.gov.vn/en/px-web?pxid=E1308&theme=Education,source_reported_unharmonized
e1308_8a1b4b5f47,education,Number of school of general education as of 30 September by province · Upper Secondary,Upper Secondary,VN_SRC_BACNINH,Bac Ninh,2002,annual,29.0,School,not_specified,E1308,https://www.nso.gov.vn/en/px-web?pxid=E1308&theme=Education,source_reported_unharmonized
e1308_8a1b4b5f47,education,Number of school of general education as of 30 September by province · Upper Secondary,Upper Secondary,VN_SRC_BACNINH,Bac Ninh,2003,annual,28.0,School,not_specified,E1308,https://www.nso.gov.vn/en/px-web?pxid=E1308&theme=Education,source_reported_unharmonized
e1308_8a1b4b5f47,education,Number of school of general education as of 30 September by province · Upper Secondary,Upper Secondary,VN_SRC_BACNINH,Bac Ninh,2004,annual,29.0,School,not_specified,E1308,https://www.nso.gov.vn/en/px-web?pxid=E1308&theme=Education,source_reported_unharmonized
e1308_8a1b4b5f47,education,Number of school of general education as of 30 September by province · Upper Secondary,Upper Secondary,VN_SRC_BACNINH,Bac Ninh,2005,annual,34.0,School,not_specified,E1308,https://www.nso.gov.vn/en/px-web?pxid=E1308&theme=Education,source_reported_unharmonized
e1308_8a1b4b5f47,education,Number of school of general education as of 30 September by province · Upper Secondary,Upper Secondary,VN_SRC_BACNINH,Bac Ninh,2006,annual,35.0,School,not_specified,E1308,https://www.nso.gov.vn/en/px-web?pxid=E1308&theme=Education,source_reported_unharmonized
e1308_8a1b4b5f47,education,Number of school of general education as of 30 September by province · Upper Secondary,Upper Secondary,VN_SRC_BACNINH,Bac Ninh,2007,annual,36.0,School,not_specified,E1308,https://www.nso.gov.vn/en/px-web?pxid=E1308&theme=Education,source_reported_unharmonized
e1308_8a1b4b5f47,education,Number of school of general education as of 30 September by province · Upper Secondary,Upper Secondary,VN_SRC_BACNINH,Bac Ninh,2008,annual,37.0,School,not_specified,E1308,https://www.nso.gov.vn/en/px-web?pxid=E1308&theme=Education,source_reported_unharmonized
e1308_8a1b4b5f47,education,Number of school of general education as of 30 September by province · Upper Secondary,Upper Secondary,VN_SRC_BACNINH,Bac Ninh,2009,annual,37.0,School,not_specified,E1308,https://www.nso.gov.vn/en/px-web?pxid=E1308&theme=Education,source_reported_unharmonized
e1308_8a1b4b5f47,education,Number of school of general education as of 30 September by province · Upper Secondary,Upper Secondary,VN_SRC_BACNINH,Bac Ninh,2010,annual,37.0,School,not_specified,E1308,https://www.nso.gov.vn/en/px-web?pxid=E1308&theme=Education,source_reported_unharmonized
e1308_8a1b4b5f47,education,Number of school of general education as of 30 September by province · Upper Secondary,Upper Secondary,VN_SRC_BACNINH,Bac Ninh,2011,annual,36.0,School,not_specified,E1308,https://www.nso.gov.vn/en/px-web?pxid=E1308&theme=Education,source_reported_unharmonized
e1308_8a1b4b5f47,education,Number of school of general education as of 30 September by province · Upper Secondary,Upper Secondary,VN_SRC_BACNINH,Bac Ninh,2012,annual,35.0,School,not_specified,E1308,https://www.nso.gov.vn/en/px-web?pxid=E1308&theme=Education,source_reported_unharmonized
e1308_8a1b4b5f47,education,Number of school of general education as of 30 September by province · Upper Secondary,Upper Secondary,VN_SRC_BACNINH,Bac Ninh,2013,annual,35.0,School,not_specified,E1308,https://www.nso.gov.vn/en/px-web?pxid=E1308&theme=Education,source_reported_unharmonized
e1308_8a1b4b5f47,education,Number of school of general education as of 30 September by province · Upper Secondary,Upper Secondary,VN_SRC_BACNINH,Bac Ninh,2014,annual,35.0,School,not_specified,E1308,https://www.nso.gov.vn/en/px-web?pxid=E1308&theme=Education,source_reported_unharmonized
e1308_8a1b4b5f47,education,Number of school of general education as of 30 September by province · Upper Secondary,Upper Secondary,VN_SRC_BACNINH,Bac Ninh,2015,annual,35.0,School,not_specified,E1308,https://www.nso.gov.vn/en/px-web?pxid=E1308&theme=Education,source_reported_unharmonized
e1308_8a1b4b5f47,education,Number of school of general education as of 30 September by province · Upper Secondary,Upper Secondary,VN_SRC_BACNINH,Bac Ninh,2016,annual,35.0,School,not_specified,E1308,https://www.nso.gov.vn/en/px-web?pxid=E1308&theme=Education,source_reported_unharmonized
e1308_8a1b4b5f47,education,Number of school of general education as of 30 September by province · Upper Secondary,Upper Secondary,VN_SRC_BACNINH,Bac Ninh,2017,annual,35.0,School,not_specified,E1308,https://www.nso.gov.vn/en/px-web?pxid=E1308&theme=Education,source_reported_unharmonized
e1308_8a1b4b5f47,education,Number of school of general education as of 30 September by province · Upper Secondary,Upper Secondary,VN_SRC_BACNINH,Bac Ninh,2019,annual,34.0,School,not_specified,E1308,https://www.nso.gov.vn/en/px-web?pxid=E1308&theme=Education,source_reported_unharmonized
e1308_8a1b4b5f47,education,Number of school of general education as of 30 September by province · Upper Secondary,Upper Secondary,VN_SRC_BACNINH,Bac Ninh,2020,annual,37.0,School,not_specified,E1308,https://www.nso.gov.vn/en/px-web?pxid=E1308&theme=Education,source_reported_unharmonized
e1308_8a1b4b5f47,education,Number of school of general education as of 30 September by province · Upper Secondary,Upper Secondary,VN_SRC_BACNINH,Bac Ninh,2021,annual,35.0,School,not_specified,E1308,https://www.nso.gov.vn/en/px-web?pxid=E1308&theme=Education,source_reported_unharmonized
e1308_8a1b4b5f47,education,Number of school of general education as of 30 September by province · Upper Secondary,Upper Secondary,VN_SRC_BACNINH,Bac Ninh,2024,annual,36.0,School,not_specified,E1308,https://www.nso.gov.vn/en/px-web?pxid=E1308&theme=Education,source_reported_unharmonized
e1308_8a1b4b5f47,education,Number of school of general education as of 30 September by province · Upper Secondary,Upper Secondary,VN_SRC_QUANGNINH,Quang Ninh,2002,annual,30.0,School,not_specified,E1308,https://www.nso.gov.vn/en/px-web?pxid=E1308&theme=Education,source_reported_unharmonized
e1308_8a1b4b5f47,education,Number of school of general education as of 30 September by province · Upper Secondary,Upper Secondary,VN_SRC_QUANGNINH,Quang Ninh,2003,annual,33.0,School,not_specified,E1308,https://www.nso.gov.vn/en/px-web?pxid=E1308&theme=Education,source_reported_unharmonized
e1308_8a1b4b5f47,education,Number of school of general education as of 30 September by province · Upper Secondary,Upper Secondary,VN_SRC_QUANGNINH,Quang Ninh,2004,annual,33.0,School,not_specified,E1308,https://www.nso.gov.vn/en/px-web?pxid=E1308&theme=Education,source_reported_unharmonized
e1308_8a1b4b5f47,education,Number of school of general education as of 30 September by province · Upper Secondary,Upper Secondary,VN_SRC_QUANGNINH,Quang Ninh,2005,annual,37.0,School,not_specified,E1308,https://www.nso.gov.vn/en/px-web?pxid=E1308&theme=Education,source_reported_unharmonized
e1308_8a1b4b5f47,education,Number of school of general education as of 30 September by province · Upper Secondary,Upper Secondary,VN_SRC_QUANGNINH,Quang Ninh,2006,annual,40.0,School,not_specified,E1308,https://www.nso.gov.vn/en/px-web?pxid=E1308&theme=Education,source_reported_unharmonized
e1308_8a1b4b5f47,education,Number of school of general education as of 30 September by province · Upper Secondary,Upper Secondary,VN_SRC_QUANGNINH,Quang Ninh,2007,annual,45.0,School,not_specified,E1308,https://www.nso.gov.vn/en/px-web?pxid=E1308&theme=Education,source_reported_unharmonized
e1308_8a1b4b5f47,education,Number of school of general education as of 30 September by province · Upper Secondary,Upper Secondary,VN_SRC_QUANGNINH,Quang Ninh,2008,annual,44.0,School,not_specified,E1308,https://www.nso.gov.vn/en/px-web?pxid=E1308&theme=Education,source_reported_unharmonized
e1308_8a1b4b5f47,education,Number of school of general education as of 30 September by province · Upper Secondary,Upper Secondary,VN_SRC_QUANGNINH,Quang Ninh,2009,annual,44.0,School,not_specified,E1308,https://www.nso.gov.vn/en/px-web?pxid=E1308&theme=Education,source_reported_unharmonized
e1308_8a1b4b5f47,education,Number of school of general education as of 30 September by province · Upper Secondary,Upper Secondary,VN_SRC_QUANGNINH,Quang Ninh,2010,annual,45.0,School,not_specified,E1308,https://www.nso.gov.vn/en/px-web?pxid=E1308&theme=Education,source_reported_unharmonized
e1308_8a1b4b5f47,education,Number of school of general education as of 30 September by province · Upper Secondary,Upper Secondary,VN_SRC_QUANGNINH,Quang Ninh,2011,annual,46.0,School,not_specified,E1308,https://www.nso.gov.vn/en/px-web?pxid=E1308&theme=Education,source_reported_unharmonized
e1308_8a1b4b5f47,education,Number of school of general education as of 30 September by province · Upper Secondary,Upper Secondary,VN_SRC_QUANGNINH,Quang Ninh,2012,annual,46.0,School,not_specified,E1308,https://www.nso.gov.vn/en/px-web?pxid=E1308&theme=Education,source_reported_unharmonized
e1308_8a1b4b5f47,education,Number of school of general education as of 30 September by province · Upper Secondary,Upper Secondary,VN_SRC_QUANGNINH,Quang Ninh,2013,annual,46.0,School,not_specified,E1308,https://www.nso.gov.vn/en/px-web?pxid=E1308&theme=Education,source_reported_unharmonized
e1308_8a1b4b5f47,education,Number of school of general education as of 30 September by province · Upper Secondary,Upper Secondary,VN_SRC_QUANGNINH,Quang Ninh,2014,annual,47.0,School,not_specified,E1308,https://www.nso.gov.vn/en/px-web?pxid=E1308&theme=Education,source_reported_unharmonized
e1308_8a1b4b5f47,education,Number of school of general education as of 30 September by province · Upper Secondary,Upper Secondary,VN_SRC_QUANGNINH,Quang Ninh,2015,annual,47.0,School,not_specified,E1308,https://www.nso.gov.vn/en/px-web?pxid=E1308&theme=Education,source_reported_unharmonized
e1308_8a1b4b5f47,education,Number of school of general education as of 30 September by province · Upper Secondary,Upper Secondary,VN_SRC_QUANGNINH,Quang Ninh,2016,annual,46.0,School,not_specified,E1308,https://www.nso.gov.vn/en/px-web?pxid=E1308&theme=Education,source_reported_unharmonized
e1308_8a1b4b5f47,education,Number of school of general education as of 30 September by province · Upper Secondary,Upper Secondary,VN_SRC_QUANGNINH,Quang Ninh,2017,annual,46.0,School,not_specified,E1308,https://www.nso.gov.vn/en/px-web?pxid=E1308&theme=Education,source_reported_unharmonized
e1308_8a1b4b5f47,education,Number of school of general education as of 30 September by province · Upper Secondary,Upper Secondary,VN_SRC_QUANGNINH,Quang Ninh,2019,annual,41.0,School,not_specified,E1308,https://www.nso.gov.vn/en/px-web?pxid=E1308&theme=Education,source_reported_unharmonized
e1308_8a1b4b5f47,education,Number of school of general education as of 30 September by province · Upper Secondary,Upper Secondary,VN_SRC_QUANGNINH,Quang Ninh,2020,annual,41.0,School,not_specified,E1308,https://www.nso.gov.vn/en/px-web?pxid=E1308&theme=Education,source_reported_unharmonized
e1308_8a1b4b5f47,education,Number of school of general education as of 30 September by province · Upper Secondary,Upper Secondary,VN_SRC_QUANGNINH,Quang Ninh,2021,annual,42.0,School,not_specified,E1308,https://www.nso.gov.vn/en/px-web?pxid=E1308&theme=Education,source_reported_unharmonized
e1308_8a1b4b5f47,education,Number of school of general education as of 30 September by province · Upper Secondary,Upper Secondary,VN_SRC_QUANGNINH,Quang Ninh,2024,annual,39.0,School,not_specified,E1308,https://www.nso.gov.vn/en/px-web?pxid=E1308&theme=Education,source_reported_unharmonized
e1308_8a1b4b5f47,education,Number of school of general education as of 30 September by province · Upper Secondary,Upper Secondary,VN_SRC_HAIDUONG,Hai Duong,2002,annual,41.0,School,not_specified,E1308,https://www.nso.gov.vn/en/px-web?pxid=E1308&theme=Education,source_reported_unharmonized
e1308_8a1b4b5f47,education,Number of school of general education as of 30 September by province · Upper Secondary,Upper Secondary,VN_SRC_HAIDUONG,Hai Duong,2003,annual,42.0,School,not_specified,E1308,https://www.nso.gov.vn/en/px-web?pxid=E1308&theme=Education,source_reported_unharmonized
e1308_8a1b4b5f47,education,Number of school of general education as of 30 September by province · Upper Secondary,Upper Secondary,VN_SRC_HAIDUONG,Hai Duong,2004,annual,43.0,School,not_specified,E1308,https://www.nso.gov.vn/en/px-web?pxid=E1308&theme=Education,source_reported_unharmonized
e1308_8a1b4b5f47,education,Number of school of general education as of 30 September by province · Upper Secondary,Upper Secondary,VN_SRC_HAIDUONG,Hai Duong,2005,annual,43.0,School,not_specified,E1308,https://www.nso.gov.vn/en/px-web?pxid=E1308&theme=Education,source_reported_unharmonized
e1308_8a1b4b5f47,education,Number of school of general education as of 30 September by province · Upper Secondary,Upper Secondary,VN_SRC_HAIDUONG,Hai Duong,2006,annual,46.0,School,not_specified,E1308,https://www.nso.gov.vn/en/px-web?pxid=E1308&theme=Education,source_reported_unharmonized
e1308_8a1b4b5f47,education,Number of school of general education as of 30 September by province · Upper Secondary,Upper Secondary,VN_SRC_HAIDUONG,Hai Duong,2007,annual,50.0,School,not_specified,E1308,https://www.nso.gov.vn/en/px-web?pxid=E1308&theme=Education,source_reported_unharmonized
e1308_8a1b4b5f47,education,Number of school of general education as of 30 September by province · Upper Secondary,Upper Secondary,VN_SRC_HAIDUONG,Hai Duong,2008,annual,52.0,School,not_specified,E1308,https://www.nso.gov.vn/en/px-web?pxid=E1308&theme=Education,source_reported_unharmonized
e1308_8a1b4b5f47,education,Number of school of general education as of 30 September by province · Upper Secondary,Upper Secondary,VN_SRC_HAIDUONG,Hai Duong,2009,annual,53.0,School,not_specified,E1308,https://www.nso.gov.vn/en/px-web?pxid=E1308&theme=Education,source_reported_unharmonized
e1308_8a1b4b5f47,education,Number of school of general education as of 30 September by province · Upper Secondary,Upper Secondary,VN_SRC_HAIDUONG,Hai Duong,2010,annual,53.0,School,not_specified,E1308,https://www.nso.gov.vn/en/px-web?pxid=E1308&theme=Education,source_reported_unharmonized
e1308_8a1b4b5f47,education,Number of school of general education as of 30 September by province · Upper Secondary,Upper Secondary,VN_SRC_HAIDUONG,Hai Duong,2011,annual,54.0,School,not_specified,E1308,https://www.nso.gov.vn/en/px-web?pxid=E1308&theme=Education,source_reported_unharmonized
e1308_8a1b4b5f47,education,Number of school of general education as of 30 September by province · Upper Secondary,Upper Secondary,VN_SRC_HAIDUONG,Hai Duong,2012,annual,54.0,School,not_specified,E1308,https://www.nso.gov.vn/en/px-web?pxid=E1308&theme=Education,source_reported_unharmonized
e1308_8a1b4b5f47,education,Number of school of general education as of 30 September by province · Upper Secondary,Upper Secondary,VN_SRC_HAIDUONG,Hai Duong,2013,annual,54.0,School,not_specified,E1308,https://www.nso.gov.vn/en/px-web?pxid=E1308&theme=Education,source_reported_unharmonized
e1308_8a1b4b5f47,education,Number of school of general education as of 30 September by province · Upper Secondary,Upper Secondary,VN_SRC_HAIDUONG,Hai Duong,2014,annual,54.0,School,not_specified,E1308,https://www.nso.gov.vn/en/px-web?pxid=E1308&theme=Education,source_reported_unharmonized
e1308_8a1b4b5f47,education,Number of school of general education as of 30 September by province · Upper Secondary,Upper Secondary,VN_SRC_HAIDUONG,Hai Duong,2015,annual,54.0,School,not_specified,E1308,https://www.nso.gov.vn/en/px-web?pxid=E1308&theme=Education,source_reported_unharmonized
e1308_8a1b4b5f47,education,Number of school of general education as of 30 September by province · Upper Secondary,Upper Secondary,VN_SRC_HAIDUONG,Hai Duong,2016,annual,54.0,School,not_specified,E1308,https://www.nso.gov.vn/en/px-web?pxid=E1308&theme=Education,source_reported_unharmonized
e1308_8a1b4b5f47,education,Number of school of general education as of 30 September by province · Upper Secondary,Upper Secondary,VN_SRC_HAIDUONG,Hai Duong,2017,annual,54.0,School,not_specified,E1308,https://www.nso.gov.vn/en/px-web?pxid=E1308&theme=Education,source_reported_unharmonized
e1308_8a1b4b5f47,education,Number of school of general education as of 30 September by province · Upper Secondary,Upper Secondary,VN_SRC_HAIDUONG,Hai Duong,2019,annual,54.0,School,not_specified,E1308,https://www.nso.gov.vn/en/px-web?pxid=E1308&theme=Education,source_reported_unharmonized
e1308_8a1b4b5f47,education,Number of school of general education as of 30 September by province · Upper Secondary,Upper Secondary,VN_SRC_HAIDUONG,Hai Duong,2020,annual,55.0,School,not_specified,E1308,https://www.nso.gov.vn/en/px-web?pxid=E1308&theme=Education,source_reported_unharmonized
e1308_8a1b4b5f47,education,Number of school of general education as of 30 September by province · Upper Secondary,Upper Secondary,VN_SRC_HAIDUONG,Hai Duong,2021,annual,55.0,School,not_specified,E1308,https://www.nso.gov.vn/en/px-web?pxid=E1308&theme=Education,source_reported_unharmonized
e1308_8a1b4b5f47,education,Number of school of general education as of 30 September by province · Upper Secondary,Upper Secondary,VN_SRC_HAIDUONG,Hai Duong,2024,annual,55.0,School,not_specified,E1308,https://www.nso.gov.vn/en/px-web?pxid=E1308&theme=Education,source_reported_unharmonized
e1308_8a1b4b5f47,education,Number of school of general education as of 30 September by province · Upper Secondary,Upper Secondary,VN_SRC_HAIPHONG,Hai Phong,2002,annual,49.0,School,not_specified,E1308,https://www.nso.gov.vn/en/px-web?pxid=E1308&theme=Education,source_reported_unharmonized
e1308_8a1b4b5f47,education,Number of school of general education as of 30 September by province · Upper Secondary,Upper Secondary,VN_SRC_HAIPHONG,Hai Phong,2003,annual,51.0,School,not_specified,E1308,https://www.nso.gov.vn/en/px-web?pxid=E1308&theme=Education,source_reported_unharmonized
e1308_8a1b4b5f47,education,Number of school of general education as of 30 September by province · Upper Secondary,Upper Secondary,VN_SRC_HAIPHONG,Hai Phong,2004,annual,52.0,School,not_specified,E1308,https://www.nso.gov.vn/en/px-web?pxid=E1308&theme=Education,source_reported_unharmonized
e1308_8a1b4b5f47,education,Number of school of general education as of 30 September by province · Upper Secondary,Upper Secondary,VN_SRC_HAIPHONG,Hai Phong,2005,annual,53.0,School,not_specified,E1308,https://www.nso.gov.vn/en/px-web?pxid=E1308&theme=Education,source_reported_unharmonized
e1308_8a1b4b5f47,education,Number of school of general education as of 30 September by province · Upper Secondary,Upper Secondary,VN_SRC_HAIPHONG,Hai Phong,2006,annual,54.0,School,not_specified,E1308,https://www.nso.gov.vn/en/px-web?pxid=E1308&theme=Education,source_reported_unharmonized
e1308_8a1b4b5f47,education,Number of school of general education as of 30 September by province · Upper Secondary,Upper Secondary,VN_SRC_HAIPHONG,Hai Phong,2007,annual,58.0,School,not_specified,E1308,https://www.nso.gov.vn/en/px-web?pxid=E1308&theme=Education,source_reported_unharmonized
e1308_8a1b4b5f47,education,Number of school of general education as of 30 September by province · Upper Secondary,Upper Secondary,VN_SRC_HAIPHONG,Hai Phong,2008,annual,55.0,School,not_specified,E1308,https://www.nso.gov.vn/en/px-web?pxid=E1308&theme=Education,source_reported_unharmonized
e1308_8a1b4b5f47,education,Number of school of general education as of 30 September by province · Upper Secondary,Upper Secondary,VN_SRC_HAIPHONG,Hai Phong,2009,annual,57.0,School,not_specified,E1308,https://www.nso.gov.vn/en/px-web?pxid=E1308&theme=Education,source_reported_unharmonized
e1308_8a1b4b5f47,education,Number of school of general education as of 30 September by province · Upper Secondary,Upper Secondary,VN_SRC_HAIPHONG,Hai Phong,2010,annual,53.0,School,not_specified,E1308,https://www.nso.gov.vn/en/px-web?pxid=E1308&theme=Education,source_reported_unharmonized
e1308_8a1b4b5f47,education,Number of school of general education as of 30 September by province · Upper Secondary,Upper Secondary,VN_SRC_HAIPHONG,Hai Phong,2011,annual,51.0,School,not_specified,E1308,https://www.nso.gov.vn/en/px-web?pxid=E1308&theme=Education,source_reported_unharmonized
e1308_8a1b4b5f47,education,Number of school of general education as of 30 September by province · Upper Secondary,Upper Secondary,VN_SRC_HAIPHONG,Hai Phong,2012,annual,50.0,School,not_specified,E1308,https://www.nso.gov.vn/en/px-web?pxid=E1308&theme=Education,source_reported_unharmonized
e1308_8a1b4b5f47,education,Number of school of general education as of 30 September by province · Upper Secondary,Upper Secondary,VN_SRC_HAIPHONG,Hai Phong,2013,annual,51.0,School,not_specified,E1308,https://www.nso.gov.vn/en/px-web?pxid=E1308&theme=Education,source_reported_unharmonized
e1308_8a1b4b5f47,education,Number of school of general education as of 30 September by province · Upper Secondary,Upper Secondary,VN_SRC_HAIPHONG,Hai Phong,2014,annual,52.0,School,not_specified,E1308,https://www.nso.gov.vn/en/px-web?pxid=E1308&theme=Education,source_reported_unharmonized
e1308_8a1b4b5f47,education,Number of school of general education as of 30 September by province · Upper Secondary,Upper Secondary,VN_SRC_HAIPHONG,Hai Phong,2015,annual,55.0,School,not_specified,E1308,https://www.nso.gov.vn/en/px-web?pxid=E1308&theme=Education,source_reported_unharmonized
e1308_8a1b4b5f47,education,Number of school of general education as of 30 September by province · Upper Secondary,Upper Secondary,VN_SRC_HAIPHONG,Hai Phong,2016,annual,55.0,School,not_specified,E1308,https://www.nso.gov.vn/en/px-web?pxid=E1308&theme=Education,source_reported_unharmonized
e1308_8a1b4b5f47,education,Number of school of general education as of 30 September by province · Upper Secondary,Upper Secondary,VN_SRC_HAIPHONG,Hai Phong,2017,annual,57.0,School,not_specified,E1308,https://www.nso.gov.vn/en/px-web?pxid=E1308&theme=Education,source_reported_unharmonized
e1308_8a1b4b5f47,education,Number of school of general education as of 30 September by province · Upper Secondary,Upper Secondary,VN_SRC_HAIPHONG,Hai Phong,2019,annual,58.0,School,not_specified,E1308,https://www.nso.gov.vn/en/px-web?pxid=E1308&theme=Education,source_reported_unharmonized
e1308_8a1b4b5f47,education,Number of school of general education as of 30 September by province · Upper Secondary,Upper Secondary,VN_SRC_HAIPHONG,Hai Phong,2020,annual,57.0,School,not_specified,E1308,https://www.nso.gov.vn/en/px-web?pxid=E1308&theme=Education,source_reported_unharmonized
e1308_8a1b4b5f47,education,Number of school of general education as of 30 September by province · Upper Secondary,Upper Secondary,VN_SRC_HAIPHONG,Hai Phong,2021,annual,57.0,School,not_specified,E1308,https://www.nso.gov.vn/en/px-web?pxid=E1308&theme=Education,source_reported_unharmonized
e1308_8a1b4b5f47,education,Number of school of general education as of 30 September by province · Upper Secondary,Upper Secondary,VN_SRC_HAIPHONG,Hai Phong,2024,annual,56.0,School,not_specified,E1308,https://www.nso.gov.vn/en/px-web?pxid=E1308&theme=Education,source_reported_unharmonized
e1308_8a1b4b5f47,education,Number of school of general education as of 30 September by province · Upper Secondary,Upper Secondary,VN_SRC_HUNGYEN,Hung Yen,2002,annual,26.0,School,not_specified,E1308,https://www.nso.gov.vn/en/px-web?pxid=E1308&theme=Education,source_reported_unharmonized
e1308_8a1b4b5f47,education,Number of school of general education as of 30 September by province · Upper Secondary,Upper Secondary,VN_SRC_HUNGYEN,Hung Yen,2003,annual,27.0,School,not_specified,E1308,https://www.nso.gov.vn/en/px-web?pxid=E1308&theme=Education,source_reported_unharmonized
e1308_8a1b4b5f47,education,Number of school of general education as of 30 September by province · Upper Secondary,Upper Secondary,VN_SRC_HUNGYEN,Hung Yen,2004,annual,49.0,School,not_specified,E1308,https://www.nso.gov.vn/en/px-web?pxid=E1308&theme=Education,source_reported_unharmonized
e1308_8a1b4b5f47,education,Number of school of general education as of 30 September by province · Upper Secondary,Upper Secondary,VN_SRC_HUNGYEN,Hung Yen,2005,annual,29.0,School,not_specified,E1308,https://www.nso.gov.vn/en/px-web?pxid=E1308&theme=Education,source_reported_unharmonized
e1308_8a1b4b5f47,education,Number of school of general education as of 30 September by province · Upper Secondary,Upper Secondary,VN_SRC_HUNGYEN,Hung Yen,2006,annual,30.0,School,not_specified,E1308,https://www.nso.gov.vn/en/px-web?pxid=E1308&theme=Education,source_reported_unharmonized
e1308_8a1b4b5f47,education,Number of school of general education as of 30 September by province · Upper Secondary,Upper Secondary,VN_SRC_HUNGYEN,Hung Yen,2007,annual,33.0,School,not_specified,E1308,https://www.nso.gov.vn/en/px-web?pxid=E1308&theme=Education,source_reported_unharmonized
e1308_8a1b4b5f47,education,Number of school of general education as of 30 September by province · Upper Secondary,Upper Secondary,VN_SRC_HUNGYEN,Hung Yen,2008,annual,26.0,School,not_specified,E1308,https://www.nso.gov.vn/en/px-web?pxid=E1308&theme=Education,source_reported_unharmonized
e1308_8a1b4b5f47,education,Number of school of general education as of 30 September by province · Upper Secondary,Upper Secondary,VN_SRC_HUNGYEN,Hung Yen,2009,annual,37.0,School,not_specified,E1308,https://www.nso.gov.vn/en/px-web?pxid=E1308&theme=Education,source_reported_unharmonized
e1308_8a1b4b5f47,education,Number of school of general education as of 30 September by province · Upper Secondary,Upper Secondary,VN_SRC_HUNGYEN,Hung Yen,2010,annual,37.0,School,not_specified,E1308,https://www.nso.gov.vn/en/px-web?pxid=E1308&theme=Education,source_reported_unharmonized
e1308_8a1b4b5f47,education,Number of school of general education as of 30 September by province · Upper Secondary,Upper Secondary,VN_SRC_HUNGYEN,Hung Yen,2011,annual,37.0,School,not_specified,E1308,https://www.nso.gov.vn/en/px-web?pxid=E1308&theme=Education,source_reported_unharmonized
e1308_8a1b4b5f47,education,Number of school of general education as of 30 September by province · Upper Secondary,Upper Secondary,VN_SRC_HUNGYEN,Hung Yen,2012,annual,37.0,School,not_specified,E1308,https://www.nso.gov.vn/en/px-web?pxid=E1308&theme=Education,source_reported_unharmonized
e1308_8a1b4b5f47,education,Number of school of general education as of 30 September by province · Upper Secondary,Upper Secondary,VN_SRC_HUNGYEN,Hung Yen,2013,annual,38.0,School,not_specified,E1308,https://www.nso.gov.vn/en/px-web?pxid=E1308&theme=Education,source_reported_unharmonized
e1308_8a1b4b5f47,education,Number of school of general education as of 30 September by province · Upper Secondary,Upper Secondary,VN_SRC_HUNGYEN,Hung Yen,2014,annual,38.0,School,not_specified,E1308,https://www.nso.gov.vn/en/px-web?pxid=E1308&theme=Education,source_reported_unharmonized
e1308_8a1b4b5f47,education,Number of school of general education as of 30 September by province · Upper Secondary,Upper Secondary,VN_SRC_HUNGYEN,Hung Yen,2015,annual,38.0,School,not_specified,E1308,https://www.nso.gov.vn/en/px-web?pxid=E1308&theme=Education,source_reported_unharmonized
e1308_8a1b4b5f47,education,Number of school of general education as of 30 September by province · Upper Secondary,Upper Secondary,VN_SRC_HUNGYEN,Hung Yen,2016,annual,38.0,School,not_specified,E1308,https://www.nso.gov.vn/en/px-web?pxid=E1308&theme=Education,source_reported_unharmonized
e1308_8a1b4b5f47,education,Number of school of general education as of 30 September by province · Upper Secondary,Upper Secondary,VN_SRC_HUNGYEN,Hung Yen,2017,annual,37.0,School,not_specified,E1308,https://www.nso.gov.vn/en/px-web?pxid=E1308&theme=Education,source_reported_unharmonized
e1308_8a1b4b5f47,education,Number of school of general education as of 30 September by province · Upper Secondary,Upper Secondary,VN_SRC_HUNGYEN,Hung Yen,2019,annual,35.0,School,not_specified,E1308,https://www.nso.gov.vn/en/px-web?pxid=E1308&theme=Education,source_reported_unharmonized
e1308_8a1b4b5f47,education,Number of school of general education as of 30 September by province · Upper Secondary,Upper Secondary,VN_SRC_HUNGYEN,Hung Yen,2020,annual,35.0,School,not_specified,E1308,https://www.nso.gov.vn/en/px-web?pxid=E1308&theme=Education,source_reported_unharmonized
e1308_8a1b4b5f47,education,Number of school of general education as of 30 September by province · Upper Secondary,Upper Secondary,VN_SRC_HUNGYEN,Hung Yen,2021,annual,35.0,School,not_specified,E1308,https://www.nso.gov.vn/en/px-web?pxid=E1308&theme=Education,source_reported_unharmonized
e1308_8a1b4b5f47,education,Number of school of general education as of 30 September by province · Upper Secondary,Upper Secondary,VN_SRC_HUNGYEN,Hung Yen,2024,annual,34.0,School,not_specified,E1308,https://www.nso.gov.vn/en/px-web?pxid=E1308&theme=Education,source_reported_unharmonized
e1308_8a1b4b5f47,education,Number of school of general education as of 30 September by province · Upper Secondary,Upper Secondary,VN_SRC_THAIBINH,Thai Binh,2002,annual,39.0,School,not_specified,E1308,https://www.nso.gov.vn/en/px-web?pxid=E1308&theme=Education,source_reported_unharmonized
e1308_8a1b4b5f47,education,Number of school of general education as of 30 September by province · Upper Secondary,Upper Secondary,VN_SRC_THAIBINH,Thai Binh,2003,annual,39.0,School,not_specified,E1308,https://www.nso.gov.vn/en/px-web?pxid=E1308&theme=Education,source_reported_unharmonized
e1308_8a1b4b5f47,education,Number of school of general education as of 30 September by province · Upper Secondary,Upper Secondary,VN_SRC_THAIBINH,Thai Binh,2004,annual,39.0,School,not_specified,E1308,https://www.nso.gov.vn/en/px-web?pxid=E1308&theme=Education,source_reported_unharmonized
e1308_8a1b4b5f47,education,Number of school of general education as of 30 September by province · Upper Secondary,Upper Secondary,VN_SRC_THAIBINH,Thai Binh,2005,annual,39.0,School,not_specified,E1308,https://www.nso.gov.vn/en/px-web?pxid=E1308&theme=Education,source_reported_unharmonized
e1308_8a1b4b5f47,education,Number of school of general education as of 30 September by province · Upper Secondary,Upper Secondary,VN_SRC_THAIBINH,Thai Binh,2006,annual,40.0,School,not_specified,E1308,https://www.nso.gov.vn/en/px-web?pxid=E1308&theme=Education,source_reported_unharmonized
e1308_8a1b4b5f47,education,Number of school of general education as of 30 September by province · Upper Secondary,Upper Secondary,VN_SRC_THAIBINH,Thai Binh,2007,annual,41.0,School,not_specified,E1308,https://www.nso.gov.vn/en/px-web?pxid=E1308&theme=Education,source_reported_unharmonized
e1308_8a1b4b5f47,education,Number of school of general education as of 30 September by province · Upper Secondary,Upper Secondary,VN_SRC_THAIBINH,Thai Binh,2008,annual,41.0,School,not_specified,E1308,https://www.nso.gov.vn/en/px-web?pxid=E1308&theme=Education,source_reported_unharmonized
e1308_8a1b4b5f47,education,Number of school of general education as of 30 September by province · Upper Secondary,Upper Secondary,VN_SRC_THAIBINH,Thai Binh,2009,annual,41.0,School,not_specified,E1308,https://www.nso.gov.vn/en/px-web?pxid=E1308&theme=Education,source_reported_unharmonized
e1308_8a1b4b5f47,education,Number of school of general education as of 30 September by province · Upper Secondary,Upper Secondary,VN_SRC_THAIBINH,Thai Binh,2010,annual,40.0,School,not_specified,E1308,https://www.nso.gov.vn/en/px-web?pxid=E1308&theme=Education,source_reported_unharmonized
e1308_8a1b4b5f47,education,Number of school of general education as of 30 September by province · Upper Secondary,Upper Secondary,VN_SRC_THAIBINH,Thai Binh,2011,annual,40.0,School,not_specified,E1308,https://www.nso.gov.vn/en/px-web?pxid=E1308&theme=Education,source_reported_unharmonized
e1308_8a1b4b5f47,education,Number of school of general education as of 30 September by province · Upper Secondary,Upper Secondary,VN_SRC_THAIBINH,Thai Binh,2012,annual,40.0,School,not_specified,E1308,https://www.nso.gov.vn/en/px-web?pxid=E1308&theme=Education,source_reported_unharmonized
e1308_8a1b4b5f47,education,Number of school of general education as of 30 September by province · Upper Secondary,Upper Secondary,VN_SRC_THAIBINH,Thai Binh,2013,annual,40.0,School,not_specified,E1308,https://www.nso.gov.vn/en/px-web?pxid=E1308&theme=Education,source_reported_unharmonized
e1308_8a1b4b5f47,education,Number of school of general education as of 30 September by province · Upper Secondary,Upper Secondary,VN_SRC_THAIBINH,Thai Binh,2014,annual,39.0,School,not_specified,E1308,https://www.nso.gov.vn/en/px-web?pxid=E1308&theme=Education,source_reported_unharmonized
e1308_8a1b4b5f47,education,Number of school of general education as of 30 September by province · Upper Secondary,Upper Secondary,VN_SRC_THAIBINH,Thai Binh,2015,annual,39.0,School,not_specified,E1308,https://www.nso.gov.vn/en/px-web?pxid=E1308&theme=Education,source_reported_unharmonized
e1308_8a1b4b5f47,education,Number of school of general education as of 30 September by province · Upper Secondary,Upper Secondary,VN_SRC_THAIBINH,Thai Binh,2016,annual,39.0,School,not_specified,E1308,https://www.nso.gov.vn/en/px-web?pxid=E1308&theme=Education,source_reported_unharmonized
e1308_8a1b4b5f47,education,Number of school of general education as of 30 September by province · Upper Secondary,Upper Secondary,VN_SRC_THAIBINH,Thai Binh,2017,annual,39.0,School,not_specified,E1308,https://www.nso.gov.vn/en/px-web?pxid=E1308&theme=Education,source_reported_unharmonized
e1308_8a1b4b5f47,education,Number of school of general education as of 30 September by province · Upper Secondary,Upper Secondary,VN_SRC_THAIBINH,Thai Binh,2019,annual,39.0,School,not_specified,E1308,https://www.nso.gov.vn/en/px-web?pxid=E1308&theme=Education,source_reported_unharmonized
e1308_8a1b4b5f47,education,Number of school of general education as of 30 September by province · Upper Secondary,Upper Secondary,VN_SRC_THAIBINH,Thai Binh,2020,annual,39.0,School,not_specified,E1308,https://www.nso.gov.vn/en/px-web?pxid=E1308&theme=Education,source_reported_unharmonized
e1308_8a1b4b5f47,education,Number of school of general education as of 30 September by province · Upper Secondary,Upper Secondary,VN_SRC_THAIBINH,Thai Binh,2021,annual,39.0,School,not_specified,E1308,https://www.nso.gov.vn/en/px-web?pxid=E1308&theme=Education,source_reported_unharmonized
e1308_8a1b4b5f47,education,Number of school of general education as of 30 September by province · Upper Secondary,Upper Secondary,VN_SRC_THAIBINH,Thai Binh,2024,annual,38.0,School,not_specified,E1308,https://www.nso.gov.vn/en/px-web?pxid=E1308&theme=Education,source_reported_unharmonized
e1308_8a1b4b5f47,education,Number of school of general education as of 30 September by province · Upper Secondary,Upper Secondary,VN_SRC_HANAM,Ha Nam,2002,annual,22.0,School,not_specified,E1308,https://www.nso.gov.vn/en/px-web?pxid=E1308&theme=Education,source_reported_unharmonized
e1308_8a1b4b5f47,education,Number of school of general education as of 30 September by province · Upper Secondary,Upper Secondary,VN_SRC_HANAM,Ha Nam,2003,annual,23.0,School,not_specified,E1308,https://www.nso.gov.vn/en/px-web?pxid=E1308&theme=Education,source_reported_unharmonized
e1308_8a1b4b5f47,education,Number of school of general education as of 30 September by province · Upper Secondary,Upper Secondary,VN_SRC_HANAM,Ha Nam,2004,annual,24.0,School,not_specified,E1308,https://www.nso.gov.vn/en/px-web?pxid=E1308&theme=Education,source_reported_unharmonized
e1308_8a1b4b5f47,education,Number of school of general education as of 30 September by province · Upper Secondary,Upper Secondary,VN_SRC_HANAM,Ha Nam,2005,annual,24.0,School,not_specified,E1308,https://www.nso.gov.vn/en/px-web?pxid=E1308&theme=Education,source_reported_unharmonized
e1308_8a1b4b5f47,education,Number of school of general education as of 30 September by province · Upper Secondary,Upper Secondary,VN_SRC_HANAM,Ha Nam,2006,annual,24.0,School,not_specified,E1308,https://www.nso.gov.vn/en/px-web?pxid=E1308&theme=Education,source_reported_unharmonized
e1308_8a1b4b5f47,education,Number of school of general education as of 30 September by province · Upper Secondary,Upper Secondary,VN_SRC_HANAM,Ha Nam,2007,annual,25.0,School,not_specified,E1308,https://www.nso.gov.vn/en/px-web?pxid=E1308&theme=Education,source_reported_unharmonized
e1308_8a1b4b5f47,education,Number of school of general education as of 30 September by province · Upper Secondary,Upper Secondary,VN_SRC_HANAM,Ha Nam,2008,annual,25.0,School,not_specified,E1308,https://www.nso.gov.vn/en/px-web?pxid=E1308&theme=Education,source_reported_unharmonized
e1308_8a1b4b5f47,education,Number of school of general education as of 30 September by province · Upper Secondary,Upper Secondary,VN_SRC_HANAM,Ha Nam,2009,annual,25.0,School,not_specified,E1308,https://www.nso.gov.vn/en/px-web?pxid=E1308&theme=Education,source_reported_unharmonized
e1308_8a1b4b5f47,education,Number of school of general education as of 30 September by province · Upper Secondary,Upper Secondary,VN_SRC_HANAM,Ha Nam,2010,annual,25.0,School,not_specified,E1308,https://www.nso.gov.vn/en/px-web?pxid=E1308&theme=Education,source_reported_unharmonized
e1308_8a1b4b5f47,education,Number of school of general education as of 30 September by province · Upper Secondary,Upper Secondary,VN_SRC_HANAM,Ha Nam,2011,annual,27.0,School,not_specified,E1308,https://www.nso.gov.vn/en/px-web?pxid=E1308&theme=Education,source_reported_unharmonized
e1308_8a1b4b5f47,education,Number of school of general education as of 30 September by province · Upper Secondary,Upper Secondary,VN_SRC_HANAM,Ha Nam,2012,annual,27.0,School,not_specified,E1308,https://www.nso.gov.vn/en/px-web?pxid=E1308&theme=Education,source_reported_unharmonized
e1308_8a1b4b5f47,education,Number of school of general education as of 30 September by province · Upper Secondary,Upper Secondary,VN_SRC_HANAM,Ha Nam,2013,annual,26.0,School,not_specified,E1308,https://www.nso.gov.vn/en/px-web?pxid=E1308&theme=Education,source_reported_unharmonized
e1308_8a1b4b5f47,education,Number of school of general education as of 30 September by province · Upper Secondary,Upper Secondary,VN_SRC_HANAM,Ha Nam,2014,annual,23.0,School,not_specified,E1308,https://www.nso.gov.vn/en/px-web?pxid=E1308&theme=Education,source_reported_unharmonized
e1308_8a1b4b5f47,education,Number of school of general education as of 30 September by province · Upper Secondary,Upper Secondary,VN_SRC_HANAM,Ha Nam,2015,annual,23.0,School,not_specified,E1308,https://www.nso.gov.vn/en/px-web?pxid=E1308&theme=Education,source_reported_unharmonized
e1308_8a1b4b5f47,education,Number of school of general education as of 30 September by province · Upper Secondary,Upper Secondary,VN_SRC_HANAM,Ha Nam,2016,annual,23.0,School,not_specified,E1308,https://www.nso.gov.vn/en/px-web?pxid=E1308&theme=Education,source_reported_unharmonized
e1308_8a1b4b5f47,education,Number of school of general education as of 30 September by province · Upper Secondary,Upper Secondary,VN_SRC_HANAM,Ha Nam,2017,annual,23.0,School,not_specified,E1308,https://www.nso.gov.vn/en/px-web?pxid=E1308&theme=Education,source_reported_unharmonized
e1308_8a1b4b5f47,education,Number of school of general education as of 30 September by province · Upper Secondary,Upper Secondary,VN_SRC_HANAM,Ha Nam,2019,annual,22.0,School,not_specified,E1308,https://www.nso.gov.vn/en/px-web?pxid=E1308&theme=Education,source_reported_unharmonized
e1308_8a1b4b5f47,education,Number of school of general education as of 30 September by province · Upper Secondary,Upper Secondary,VN_SRC_HANAM,Ha Nam,2020,annual,22.0,School,not_specified,E1308,https://www.nso.gov.vn/en/px-web?pxid=E1308&theme=Education,source_reported_unharmonized
e1308_8a1b4b5f47,education,Number of school of general education as of 30 September by province · Upper Secondary,Upper Secondary,VN_SRC_HANAM,Ha Nam,2021,annual,22.0,School,not_specified,E1308,https://www.nso.gov.vn/en/px-web?pxid=E1308&theme=Education,source_reported_unharmonized
e1308_8a1b4b5f47,education,Number of school of general education as of 30 September by province · Upper Secondary,Upper Secondary,VN_SRC_HANAM,Ha Nam,2024,annual,22.0,School,not_specified,E1308,https://www.nso.gov.vn/en/px-web?pxid=E1308&theme=Education,source_reported_unharmonized
e1308_8a1b4b5f47,education,Number of school of general education as of 30 September by province · Upper Secondary,Upper Secondary,VN_SRC_NAMDINH,Nam Dinh,2002,annual,42.0,School,not_specified,E1308,https://www.nso.gov.vn/en/px-web?pxid=E1308&theme=Education,source_reported_unharmonized
e1308_8a1b4b5f47,education,Number of school of general education as of 30 September by province · Upper Secondary,Upper Secondary,VN_SRC_NAMDINH,Nam Dinh,2003,annual,42.0,School,not_specified,E1308,https://www.nso.gov.vn/en/px-web?pxid=E1308&theme=Education,source_reported_unharmonized
e1308_8a1b4b5f47,education,Number of school of general education as of 30 September by province · Upper Secondary,Upper Secondary,VN_SRC_NAMDINH,Nam Dinh,2004,annual,43.0,School,not_specified,E1308,https://www.nso.gov.vn/en/px-web?pxid=E1308&theme=Education,source_reported_unharmonized
e1308_8a1b4b5f47,education,Number of school of general education as of 30 September by province · Upper Secondary,Upper Secondary,VN_SRC_NAMDINH,Nam Dinh,2005,annual,43.0,School,not_specified,E1308,https://www.nso.gov.vn/en/px-web?pxid=E1308&theme=Education,source_reported_unharmonized
e1308_8a1b4b5f47,education,Number of school of general education as of 30 September by province · Upper Secondary,Upper Secondary,VN_SRC_NAMDINH,Nam Dinh,2006,annual,46.0,School,not_specified,E1308,https://www.nso.gov.vn/en/px-web?pxid=E1308&theme=Education,source_reported_unharmonized
e1308_8a1b4b5f47,education,Number of school of general education as of 30 September by province · Upper Secondary,Upper Secondary,VN_SRC_NAMDINH,Nam Dinh,2007,annual,53.0,School,not_specified,E1308,https://www.nso.gov.vn/en/px-web?pxid=E1308&theme=Education,source_reported_unharmonized
e1308_8a1b4b5f47,education,Number of school of general education as of 30 September by province · Upper Secondary,Upper Secondary,VN_SRC_NAMDINH,Nam Dinh,2008,annual,53.0,School,not_specified,E1308,https://www.nso.gov.vn/en/px-web?pxid=E1308&theme=Education,source_reported_unharmonized
e1308_8a1b4b5f47,education,Number of school of general education as of 30 September by province · Upper Secondary,Upper Secondary,VN_SRC_NAMDINH,Nam Dinh,2009,annual,54.0,School,not_specified,E1308,https://www.nso.gov.vn/en/px-web?pxid=E1308&theme=Education,source_reported_unharmonized
e1308_8a1b4b5f47,education,Number of school of general education as of 30 September by province · Upper Secondary,Upper Secondary,VN_SRC_NAMDINH,Nam Dinh,2010,annual,55.0,School,not_specified,E1308,https://www.nso.gov.vn/en/px-web?pxid=E1308&theme=Education,source_reported_unharmonized
e1308_8a1b4b5f47,education,Number of school of general education as of 30 September by province · Upper Secondary,Upper Secondary,VN_SRC_NAMDINH,Nam Dinh,2011,annual,56.0,School,not_specified,E1308,https://www.nso.gov.vn/en/px-web?pxid=E1308&theme=Education,source_reported_unharmonized
e1308_8a1b4b5f47,education,Number of school of general education as of 30 September by province · Upper Secondary,Upper Secondary,VN_SRC_NAMDINH,Nam Dinh,2012,annual,56.0,School,not_specified,E1308,https://www.nso.gov.vn/en/px-web?pxid=E1308&theme=Education,source_reported_unharmonized
e1308_8a1b4b5f47,education,Number of school of general education as of 30 September by province · Upper Secondary,Upper Secondary,VN_SRC_NAMDINH,Nam Dinh,2013,annual,55.0,School,not_specified,E1308,https://www.nso.gov.vn/en/px-web?pxid=E1308&theme=Education,source_reported_unharmonized
e1308_8a1b4b5f47,education,Number of school of general education as of 30 September by province · Upper Secondary,Upper Secondary,VN_SRC_NAMDINH,Nam Dinh,2014,annual,57.0,School,not_specified,E1308,https://www.nso.gov.vn/en/px-web?pxid=E1308&theme=Education,source_reported_unharmonized
e1308_8a1b4b5f47,education,Number of school of general education as of 30 September by province · Upper Secondary,Upper Secondary,VN_SRC_NAMDINH,Nam Dinh,2015,annual,57.0,School,not_specified,E1308,https://www.nso.gov.vn/en/px-web?pxid=E1308&theme=Education,source_reported_unharmonized
e1308_8a1b4b5f47,education,Number of school of general education as of 30 September by province · Upper Secondary,Upper Secondary,VN_SRC_NAMDINH,Nam Dinh,2016,annual,57.0,School,not_specified,E1308,https://www.nso.gov.vn/en/px-web?pxid=E1308&theme=Education,source_reported_unharmonized
e1308_8a1b4b5f47,education,Number of school of general education as of 30 September by province · Upper Secondary,Upper Secondary,VN_SRC_NAMDINH,Nam Dinh,2017,annual,57.0,School,not_specified,E1308,https://www.nso.gov.vn/en/px-web?pxid=E1308&theme=Education,source_reported_unharmonized
e1308_8a1b4b5f47,education,Number of school of general education as of 30 September by province · Upper Secondary,Upper Secondary,VN_SRC_NAMDINH,Nam Dinh,2019,annual,57.0,School,not_specified,E1308,https://www.nso.gov.vn/en/px-web?pxid=E1308&theme=Education,source_reported_unharmonized
e1308_8a1b4b5f47,education,Number of school of general education as of 30 September by province · Upper Secondary,Upper Secondary,VN_SRC_NAMDINH,Nam Dinh,2020,annual,57.0,School,not_specified,E1308,https://www.nso.gov.vn/en/px-web?pxid=E1308&theme=Education,source_reported_unharmonized
e1308_8a1b4b5f47,education,Number of school of general education as of 30 September by province · Upper Secondary,Upper Secondary,VN_SRC_NAMDINH,Nam Dinh,2021,annual,57.0,School,not_specified,E1308,https://www.nso.gov.vn/en/px-web?pxid=E1308&theme=Education,source_reported_unharmonized
e1308_8a1b4b5f47,education,Number of school of general education as of 30 September by province · Upper Secondary,Upper Secondary,VN_SRC_NAMDINH,Nam Dinh,2024,annual,57.0,School,not_specified,E1308,https://www.nso.gov.vn/en/px-web?pxid=E1308&theme=Education,source_reported_unharmonized
e1308_8a1b4b5f47,education,Number of school of general education as of 30 September by province · Upper Secondary,Upper Secondary,VN_SRC_NINHBINH,Ninh Binh,2002,annual,23.0,School,not_specified,E1308,https://www.nso.gov.vn/en/px-web?pxid=E1308&theme=Education,source_reported_unharmonized
e1308_8a1b4b5f47,education,Number of school of general education as of 30 September by province · Upper Secondary,Upper Secondary,VN_SRC_NINHBINH,Ninh Binh,2003,annual,23.0,School,not_specified,E1308,https://www.nso.gov.vn/en/px-web?pxid=E1308&theme=Education,source_reported_unharmonized
e1308_8a1b4b5f47,education,Number of school of general education as of 30 September by province · Upper Secondary,Upper Secondary,VN_SRC_NINHBINH,Ninh Binh,2004,annual,25.0,School,not_specified,E1308,https://www.nso.gov.vn/en/px-web?pxid=E1308&theme=Education,source_reported_unharmonized
e1308_8a1b4b5f47,education,Number of school of general education as of 30 September by province · Upper Secondary,Upper Secondary,VN_SRC_NINHBINH,Ninh Binh,2005,annual,25.0,School,not_specified,E1308,https://www.nso.gov.vn/en/px-web?pxid=E1308&theme=Education,source_reported_unharmonized
e1308_8a1b4b5f47,education,Number of school of general education as of 30 September by province · Upper Secondary,Upper Secondary,VN_SRC_NINHBINH,Ninh Binh,2006,annual,26.0,School,not_specified,E1308,https://www.nso.gov.vn/en/px-web?pxid=E1308&theme=Education,source_reported_unharmonized
e1308_8a1b4b5f47,education,Number of school of general education as of 30 September by province · Upper Secondary,Upper Secondary,VN_SRC_NINHBINH,Ninh Binh,2007,annual,27.0,School,not_specified,E1308,https://www.nso.gov.vn/en/px-web?pxid=E1308&theme=Education,source_reported_unharmonized
e1308_8a1b4b5f47,education,Number of school of general education as of 30 September by province · Upper Secondary,Upper Secondary,VN_SRC_NINHBINH,Ninh Binh,2008,annual,27.0,School,not_specified,E1308,https://www.nso.gov.vn/en/px-web?pxid=E1308&theme=Education,source_reported_unharmonized
e1308_8a1b4b5f47,education,Number of school of general education as of 30 September by province · Upper Secondary,Upper Secondary,VN_SRC_NINHBINH,Ninh Binh,2009,annual,27.0,School,not_specified,E1308,https://www.nso.gov.vn/en/px-web?pxid=E1308&theme=Education,source_reported_unharmonized
e1308_8a1b4b5f47,education,Number of school of general education as of 30 September by province · Upper Secondary,Upper Secondary,VN_SRC_NINHBINH,Ninh Binh,2010,annual,27.0,School,not_specified,E1308,https://www.nso.gov.vn/en/px-web?pxid=E1308&theme=Education,source_reported_unharmonized
e1308_8a1b4b5f47,education,Number of school of general education as of 30 September by province · Upper Secondary,Upper Secondary,VN_SRC_NINHBINH,Ninh Binh,2011,annual,27.0,School,not_specified,E1308,https://www.nso.gov.vn/en/px-web?pxid=E1308&theme=Education,source_reported_unharmonized
e1308_8a1b4b5f47,education,Number of school of general education as of 30 September by province · Upper Secondary,Upper Secondary,VN_SRC_NINHBINH,Ninh Binh,2012,annual,27.0,School,not_specified,E1308,https://www.nso.gov.vn/en/px-web?pxid=E1308&theme=Education,source_reported_unharmonized
e1308_8a1b4b5f47,education,Number of school of general education as of 30 September by province · Upper Secondary,Upper Secondary,VN_SRC_NINHBINH,Ninh Binh,2013,annual,27.0,School,not_specified,E1308,https://www.nso.gov.vn/en/px-web?pxid=E1308&theme=Education,source_reported_unharmonized
e1308_8a1b4b5f47,education,Number of school of general education as of 30 September by province · Upper Secondary,Upper Secondary,VN_SRC_NINHBINH,Ninh Binh,2014,annual,27.0,School,not_specified,E1308,https://www.nso.gov.vn/en/px-web?pxid=E1308&theme=Education,source_reported_unharmonized
e1308_8a1b4b5f47,education,Number of school of general education as of 30 September by province · Upper Secondary,Upper Secondary,VN_SRC_NINHBINH,Ninh Binh,2015,annual,27.0,School,not_specified,E1308,https://www.nso.gov.vn/en/px-web?pxid=E1308&theme=Education,source_reported_unharmonized
e1308_8a1b4b5f47,education,Number of school of general education as of 30 September by province · Upper Secondary,Upper Secondary,VN_SRC_NINHBINH,Ninh Binh,2016,annual,27.0,School,not_specified,E1308,https://www.nso.gov.vn/en/px-web?pxid=E1308&theme=Education,source_reported_unharmonized
e1308_8a1b4b5f47,education,Number of school of general education as of 30 September by province · Upper Secondary,Upper Secondary,VN_SRC_NINHBINH,Ninh Binh,2017,annual,27.0,School,not_specified,E1308,https://www.nso.gov.vn/en/px-web?pxid=E1308&theme=Education,source_reported_unharmonized
e1308_8a1b4b5f47,education,Number of school of general education as of 30 September by province · Upper Secondary,Upper Secondary,VN_SRC_NINHBINH,Ninh Binh,2019,annual,26.0,School,not_specified,E1308,https://www.nso.gov.vn/en/px-web?pxid=E1308&theme=Education,source_reported_unharmonized
e1308_8a1b4b5f47,education,Number of school of general education as of 30 September by province · Upper Secondary,Upper Secondary,VN_SRC_NINHBINH,Ninh Binh,2020,annual,26.0,School,not_specified,E1308,https://www.nso.gov.vn/en/px-web?pxid=E1308&theme=Education,source_reported_unharmonized
e1308_8a1b4b5f47,education,Number of school of general education as of 30 September by province · Upper Secondary,Upper Secondary,VN_SRC_NINHBINH,Ninh Binh,2021,annual,27.0,School,not_specified,E1308,https://www.nso.gov.vn/en/px-web?pxid=E1308&theme=Education,source_reported_unharmonized
e1308_8a1b4b5f47,education,Number of school of general education as of 30 September by province · Upper Secondary,Upper Secondary,VN_SRC_NINHBINH,Ninh Binh,2024,annual,27.0,School,not_specified,E1308,https://www.nso.gov.vn/en/px-web?pxid=E1308&theme=Education,source_reported_unharmonized
e1308_8a1b4b5f47,education,Number of school of general education as of 30 September by province · Upper Secondary,Upper Secondary,VN_SRC_HAGIANG,Ha Giang,2002,annual,8.0,School,not_specified,E1308,https://www.nso.gov.vn/en/px-web?pxid=E1308&theme=Education,source_reported_unharmonized
e1308_8a1b4b5f47,education,Number of school of general education as of 30 September by province · Upper Secondary,Upper Secondary,VN_SRC_HAGIANG,Ha Giang,2003,annual,8.0,School,not_specified,E1308,https://www.nso.gov.vn/en/px-web?pxid=E1308&theme=Education,source_reported_unharmonized
e1308_8a1b4b5f47,education,Number of school of general education as of 30 September by province · Upper Secondary,Upper Secondary,VN_SRC_HAGIANG,Ha Giang,2004,annual,16.0,School,not_specified,E1308,https://www.nso.gov.vn/en/px-web?pxid=E1308&theme=Education,source_reported_unharmonized
e1308_8a1b4b5f47,education,Number of school of general education as of 30 September by province · Upper Secondary,Upper Secondary,VN_SRC_HAGIANG,Ha Giang,2005,annual,18.0,School,not_specified,E1308,https://www.nso.gov.vn/en/px-web?pxid=E1308&theme=Education,source_reported_unharmonized
e1308_8a1b4b5f47,education,Number of school of general education as of 30 September by province · Upper Secondary,Upper Secondary,VN_SRC_HAGIANG,Ha Giang,2006,annual,18.0,School,not_specified,E1308,https://www.nso.gov.vn/en/px-web?pxid=E1308&theme=Education,source_reported_unharmonized
e1308_8a1b4b5f47,education,Number of school of general education as of 30 September by province · Upper Secondary,Upper Secondary,VN_SRC_HAGIANG,Ha Giang,2007,annual,18.0,School,not_specified,E1308,https://www.nso.gov.vn/en/px-web?pxid=E1308&theme=Education,source_reported_unharmonized
e1308_8a1b4b5f47,education,Number of school of general education as of 30 September by province · Upper Secondary,Upper Secondary,VN_SRC_HAGIANG,Ha Giang,2008,annual,18.0,School,not_specified,E1308,https://www.nso.gov.vn/en/px-web?pxid=E1308&theme=Education,source_reported_unharmonized
e1308_8a1b4b5f47,education,Number of school of general education as of 30 September by province · Upper Secondary,Upper Secondary,VN_SRC_HAGIANG,Ha Giang,2009,annual,19.0,School,not_specified,E1308,https://www.nso.gov.vn/en/px-web?pxid=E1308&theme=Education,source_reported_unharmonized
e1308_8a1b4b5f47,education,Number of school of general education as of 30 September by province · Upper Secondary,Upper Secondary,VN_SRC_HAGIANG,Ha Giang,2010,annual,21.0,School,not_specified,E1308,https://www.nso.gov.vn/en/px-web?pxid=E1308&theme=Education,source_reported_unharmonized
e1308_8a1b4b5f47,education,Number of school of general education as of 30 September by province · Upper Secondary,Upper Secondary,VN_SRC_HAGIANG,Ha Giang,2011,annual,22.0,School,not_specified,E1308,https://www.nso.gov.vn/en/px-web?pxid=E1308&theme=Education,source_reported_unharmonized
e1308_8a1b4b5f47,education,Number of school of general education as of 30 September by province · Upper Secondary,Upper Secondary,VN_SRC_HAGIANG,Ha Giang,2012,annual,22.0,School,not_specified,E1308,https://www.nso.gov.vn/en/px-web?pxid=E1308&theme=Education,source_reported_unharmonized
e1308_8a1b4b5f47,education,Number of school of general education as of 30 September by province · Upper Secondary,Upper Secondary,VN_SRC_HAGIANG,Ha Giang,2013,annual,22.0,School,not_specified,E1308,https://www.nso.gov.vn/en/px-web?pxid=E1308&theme=Education,source_reported_unharmonized
e1308_8a1b4b5f47,education,Number of school of general education as of 30 September by province · Upper Secondary,Upper Secondary,VN_SRC_HAGIANG,Ha Giang,2014,annual,22.0,School,not_specified,E1308,https://www.nso.gov.vn/en/px-web?pxid=E1308&theme=Education,source_reported_unharmonized
e1308_8a1b4b5f47,education,Number of school of general education as of 30 September by province · Upper Secondary,Upper Secondary,VN_SRC_HAGIANG,Ha Giang,2015,annual,23.0,School,not_specified,E1308,https://www.nso.gov.vn/en/px-web?pxid=E1308&theme=Education,source_reported_unharmonized
e1308_8a1b4b5f47,education,Number of school of general education as of 30 September by province · Upper Secondary,Upper Secondary,VN_SRC_HAGIANG,Ha Giang,2016,annual,23.0,School,not_specified,E1308,https://www.nso.gov.vn/en/px-web?pxid=E1308&theme=Education,source_reported_unharmonized
e1308_8a1b4b5f47,education,Number of school of general education as of 30 September by province · Upper Secondary,Upper Secondary,VN_SRC_HAGIANG,Ha Giang,2017,annual,22.0,School,not_specified,E1308,https://www.nso.gov.vn/en/px-web?pxid=E1308&theme=Education,source_reported_unharmonized
e1308_8a1b4b5f47,education,Number of school of general education as of 30 September by province · Upper Secondary,Upper Secondary,VN_SRC_HAGIANG,Ha Giang,2019,annual,22.0,School,not_specified,E1308,https://www.nso.gov.vn/en/px-web?pxid=E1308&theme=Education,source_reported_unharmonized
e1308_8a1b4b5f47,education,Number of school of general education as of 30 September by province · Upper Secondary,Upper Secondary,VN_SRC_HAGIANG,Ha Giang,2020,annual,22.0,School,not_specified,E1308,https://www.nso.gov.vn/en/px-web?pxid=E1308&theme=Education,source_reported_unharmonized
e1308_8a1b4b5f47,education,Number of school of general education as of 30 September by province · Upper Secondary,Upper Secondary,VN_SRC_HAGIANG,Ha Giang,2021,annual,22.0,School,not_specified,E1308,https://www.nso.gov.vn/en/px-web?pxid=E1308&theme=Education,source_reported_unharmonized
e1308_8a1b4b5f47,education,Number of school of general education as of 30 September by province · Upper Secondary,Upper Secondary,VN_SRC_HAGIANG,Ha Giang,2024,annual,22.0,School,not_specified,E1308,https://www.nso.gov.vn/en/px-web?pxid=E1308&theme=Education,source_reported_unharmonized
e1308_8a1b4b5f47,education,Number of school of general education as of 30 September by province · Upper Secondary,Upper Secondary,VN_SRC_CAOBANG,Cao Bang,2002,annual,9.0,School,not_specified,E1308,https://www.nso.gov.vn/en/px-web?pxid=E1308&theme=Education,source_reported_unharmonized
e1308_8a1b4b5f47,education,Number of school of general education as of 30 September by province · Upper Secondary,Upper Secondary,VN_SRC_CAOBANG,Cao Bang,2003,annual,9.0,School,not_specified,E1308,https://www.nso.gov.vn/en/px-web?pxid=E1308&theme=Education,source_reported_unharmonized
e1308_8a1b4b5f47,education,Number of school of general education as of 30 September by province · Upper Secondary,Upper Secondary,VN_SRC_CAOBANG,Cao Bang,2004,annual,13.0,School,not_specified,E1308,https://www.nso.gov.vn/en/px-web?pxid=E1308&theme=Education,source_reported_unharmonized
e1308_8a1b4b5f47,education,Number of school of general education as of 30 September by province · Upper Secondary,Upper Secondary,VN_SRC_CAOBANG,Cao Bang,2005,annual,17.0,School,not_specified,E1308,https://www.nso.gov.vn/en/px-web?pxid=E1308&theme=Education,source_reported_unharmonized
e1308_8a1b4b5f47,education,Number of school of general education as of 30 September by province · Upper Secondary,Upper Secondary,VN_SRC_CAOBANG,Cao Bang,2006,annual,16.0,School,not_specified,E1308,https://www.nso.gov.vn/en/px-web?pxid=E1308&theme=Education,source_reported_unharmonized
e1308_8a1b4b5f47,education,Number of school of general education as of 30 September by province · Upper Secondary,Upper Secondary,VN_SRC_CAOBANG,Cao Bang,2007,annual,17.0,School,not_specified,E1308,https://www.nso.gov.vn/en/px-web?pxid=E1308&theme=Education,source_reported_unharmonized
e1308_8a1b4b5f47,education,Number of school of general education as of 30 September by province · Upper Secondary,Upper Secondary,VN_SRC_CAOBANG,Cao Bang,2008,annual,20.0,School,not_specified,E1308,https://www.nso.gov.vn/en/px-web?pxid=E1308&theme=Education,source_reported_unharmonized
e1308_8a1b4b5f47,education,Number of school of general education as of 30 September by province · Upper Secondary,Upper Secondary,VN_SRC_CAOBANG,Cao Bang,2009,annual,21.0,School,not_specified,E1308,https://www.nso.gov.vn/en/px-web?pxid=E1308&theme=Education,source_reported_unharmonized
e1308_8a1b4b5f47,education,Number of school of general education as of 30 September by province · Upper Secondary,Upper Secondary,VN_SRC_CAOBANG,Cao Bang,2010,annual,21.0,School,not_specified,E1308,https://www.nso.gov.vn/en/px-web?pxid=E1308&theme=Education,source_reported_unharmonized
e1308_8a1b4b5f47,education,Number of school of general education as of 30 September by province · Upper Secondary,Upper Secondary,VN_SRC_CAOBANG,Cao Bang,2011,annual,22.0,School,not_specified,E1308,https://www.nso.gov.vn/en/px-web?pxid=E1308&theme=Education,source_reported_unharmonized
e1308_8a1b4b5f47,education,Number of school of general education as of 30 September by province · Upper Secondary,Upper Secondary,VN_SRC_CAOBANG,Cao Bang,2012,annual,23.0,School,not_specified,E1308,https://www.nso.gov.vn/en/px-web?pxid=E1308&theme=Education,source_reported_unharmonized
e1308_8a1b4b5f47,education,Number of school of general education as of 30 September by province · Upper Secondary,Upper Secondary,VN_SRC_CAOBANG,Cao Bang,2013,annual,23.0,School,not_specified,E1308,https://www.nso.gov.vn/en/px-web?pxid=E1308&theme=Education,source_reported_unharmonized
e1308_8a1b4b5f47,education,Number of school of general education as of 30 September by province · Upper Secondary,Upper Secondary,VN_SRC_CAOBANG,Cao Bang,2014,annual,23.0,School,not_specified,E1308,https://www.nso.gov.vn/en/px-web?pxid=E1308&theme=Education,source_reported_unharmonized
e1308_8a1b4b5f47,education,Number of school of general education as of 30 September by province · Upper Secondary,Upper Secondary,VN_SRC_CAOBANG,Cao Bang,2015,annual,23.0,School,not_specified,E1308,https://www.nso.gov.vn/en/px-web?pxid=E1308&theme=Education,source_reported_unharmonized
e1308_8a1b4b5f47,education,Number of school of general education as of 30 September by province · Upper Secondary,Upper Secondary,VN_SRC_CAOBANG,Cao Bang,2016,annual,23.0,School,not_specified,E1308,https://www.nso.gov.vn/en/px-web?pxid=E1308&theme=Education,source_reported_unharmonized
e1308_8a1b4b5f47,education,Number of school of general education as of 30 September by province · Upper Secondary,Upper Secondary,VN_SRC_CAOBANG,Cao Bang,2017,annual,24.0,School,not_specified,E1308,https://www.nso.gov.vn/en/px-web?pxid=E1308&theme=Education,source_reported_unharmonized
e1308_8a1b4b5f47,education,Number of school of general education as of 30 September by province · Upper Secondary,Upper Secondary,VN_SRC_CAOBANG,Cao Bang,2019,annual,24.0,School,not_specified,E1308,https://www.nso.gov.vn/en/px-web?pxid=E1308&theme=Education,source_reported_unharmonized
e1308_8a1b4b5f47,education,Number of school of general education as of 30 September by province · Upper Secondary,Upper Secondary,VN_SRC_CAOBANG,Cao Bang,2020,annual,24.0,School,not_specified,E1308,https://www.nso.gov.vn/en/px-web?pxid=E1308&theme=Education,source_reported_unharmonized
e1308_8a1b4b5f47,education,Number of school of general education as of 30 September by province · Upper Secondary,Upper Secondary,VN_SRC_CAOBANG,Cao Bang,2021,annual,24.0,School,not_specified,E1308,https://www.nso.gov.vn/en/px-web?pxid=E1308&theme=Education,source_reported_unharmonized
e1308_8a1b4b5f47,education,Number of school of general education as of 30 September by province · Upper Secondary,Upper Secondary,VN_SRC_CAOBANG,Cao Bang,2024,annual,24.0,School,not_specified,E1308,https://www.nso.gov.vn/en/px-web?pxid=E1308&theme=Education,source_reported_unharmonized
e1308_8a1b4b5f47,education,Number of school of general education as of 30 September by province · Upper Secondary,Upper Secondary,VN_SRC_BACKAN,Bac Kan,2002,annual,5.0,School,not_specified,E1308,https://www.nso.gov.vn/en/px-web?pxid=E1308&theme=Education,source_reported_unharmonized
e1308_8a1b4b5f47,education,Number of school of general education as of 30 September by province · Upper Secondary,Upper Secondary,VN_SRC_BACKAN,Bac Kan,2003,annual,8.0,School,not_specified,E1308,https://www.nso.gov.vn/en/px-web?pxid=E1308&theme=Education,source_reported_unharmonized
e1308_8a1b4b5f47,education,Number of school of general education as of 30 September by province · Upper Secondary,Upper Secondary,VN_SRC_BACKAN,Bac Kan,2004,annual,8.0,School,not_specified,E1308,https://www.nso.gov.vn/en/px-web?pxid=E1308&theme=Education,source_reported_unharmonized
e1308_8a1b4b5f47,education,Number of school of general education as of 30 September by province · Upper Secondary,Upper Secondary,VN_SRC_BACKAN,Bac Kan,2005,annual,8.0,School,not_specified,E1308,https://www.nso.gov.vn/en/px-web?pxid=E1308&theme=Education,source_reported_unharmonized
e1308_8a1b4b5f47,education,Number of school of general education as of 30 September by province · Upper Secondary,Upper Secondary,VN_SRC_BACKAN,Bac Kan,2006,annual,9.0,School,not_specified,E1308,https://www.nso.gov.vn/en/px-web?pxid=E1308&theme=Education,source_reported_unharmonized
e1308_8a1b4b5f47,education,Number of school of general education as of 30 September by province · Upper Secondary,Upper Secondary,VN_SRC_BACKAN,Bac Kan,2007,annual,9.0,School,not_specified,E1308,https://www.nso.gov.vn/en/px-web?pxid=E1308&theme=Education,source_reported_unharmonized
e1308_8a1b4b5f47,education,Number of school of general education as of 30 September by province · Upper Secondary,Upper Secondary,VN_SRC_BACKAN,Bac Kan,2008,annual,9.0,School,not_specified,E1308,https://www.nso.gov.vn/en/px-web?pxid=E1308&theme=Education,source_reported_unharmonized
e1308_8a1b4b5f47,education,Number of school of general education as of 30 September by province · Upper Secondary,Upper Secondary,VN_SRC_BACKAN,Bac Kan,2009,annual,9.0,School,not_specified,E1308,https://www.nso.gov.vn/en/px-web?pxid=E1308&theme=Education,source_reported_unharmonized
e1308_8a1b4b5f47,education,Number of school of general education as of 30 September by province · Upper Secondary,Upper Secondary,VN_SRC_BACKAN,Bac Kan,2010,annual,10.0,School,not_specified,E1308,https://www.nso.gov.vn/en/px-web?pxid=E1308&theme=Education,source_reported_unharmonized
e1308_8a1b4b5f47,education,Number of school of general education as of 30 September by province · Upper Secondary,Upper Secondary,VN_SRC_BACKAN,Bac Kan,2011,annual,11.0,School,not_specified,E1308,https://www.nso.gov.vn/en/px-web?pxid=E1308&theme=Education,source_reported_unharmonized
e1308_8a1b4b5f47,education,Number of school of general education as of 30 September by province · Upper Secondary,Upper Secondary,VN_SRC_BACKAN,Bac Kan,2012,annual,11.0,School,not_specified,E1308,https://www.nso.gov.vn/en/px-web?pxid=E1308&theme=Education,source_reported_unharmonized
e1308_8a1b4b5f47,education,Number of school of general education as of 30 September by province · Upper Secondary,Upper Secondary,VN_SRC_BACKAN,Bac Kan,2013,annual,11.0,School,not_specified,E1308,https://www.nso.gov.vn/en/px-web?pxid=E1308&theme=Education,source_reported_unharmonized
e1308_8a1b4b5f47,education,Number of school of general education as of 30 September by province · Upper Secondary,Upper Secondary,VN_SRC_BACKAN,Bac Kan,2014,annual,11.0,School,not_specified,E1308,https://www.nso.gov.vn/en/px-web?pxid=E1308&theme=Education,source_reported_unharmonized
e1308_8a1b4b5f47,education,Number of school of general education as of 30 September by province · Upper Secondary,Upper Secondary,VN_SRC_BACKAN,Bac Kan,2015,annual,11.0,School,not_specified,E1308,https://www.nso.gov.vn/en/px-web?pxid=E1308&theme=Education,source_reported_unharmonized
e1308_8a1b4b5f47,education,Number of school of general education as of 30 September by province · Upper Secondary,Upper Secondary,VN_SRC_BACKAN,Bac Kan,2016,annual,11.0,School,not_specified,E1308,https://www.nso.gov.vn/en/px-web?pxid=E1308&theme=Education,source_reported_unharmonized
e1308_8a1b4b5f47,education,Number of school of general education as of 30 September by province · Upper Secondary,Upper Secondary,VN_SRC_BACKAN,Bac Kan,2017,annual,11.0,School,not_specified,E1308,https://www.nso.gov.vn/en/px-web?pxid=E1308&theme=Education,source_reported_unharmonized
e1308_8a1b4b5f47,education,Number of school of general education as of 30 September by province · Upper Secondary,Upper Secondary,VN_SRC_BACKAN,Bac Kan,2019,annual,10.0,School,not_specified,E1308,https://www.nso.gov.vn/en/px-web?pxid=E1308&theme=Education,source_reported_unharmonized
e1308_8a1b4b5f47,education,Number of school of general education as of 30 September by province · Upper Secondary,Upper Secondary,VN_SRC_BACKAN,Bac Kan,2020,annual,10.0,School,not_specified,E1308,https://www.nso.gov.vn/en/px-web?pxid=E1308&theme=Education,source_reported_unharmonized
e1308_8a1b4b5f47,education,Number of school of general education as of 30 September by province · Upper Secondary,Upper Secondary,VN_SRC_BACKAN,Bac Kan,2021,annual,10.0,School,not_specified,E1308,https://www.nso.gov.vn/en/px-web?pxid=E1308&theme=Education,source_reported_unharmonized
e1308_8a1b4b5f47,education,Number of school of general education as of 30 September by province · Upper Secondary,Upper Secondary,VN_SRC_BACKAN,Bac Kan,2024,annual,10.0,School,not_specified,E1308,https://www.nso.gov.vn/en/px-web?pxid=E1308&theme=Education,source_reported_unharmonized
e1308_8a1b4b5f47,education,Number of school of general education as of 30 September by province · Upper Secondary,Upper Secondary,VN_SRC_TUYENQUANG,Tuyen Quang,2002,annual,13.0,School,not_specified,E1308,https://www.nso.gov.vn/en/px-web?pxid=E1308&theme=Education,source_reported_unharmonized
e1308_8a1b4b5f47,education,Number of school of general education as of 30 September by province · Upper Secondary,Upper Secondary,VN_SRC_TUYENQUANG,Tuyen Quang,2003,annual,14.0,School,not_specified,E1308,https://www.nso.gov.vn/en/px-web?pxid=E1308&theme=Education,source_reported_unharmonized
e1308_8a1b4b5f47,education,Number of school of general education as of 30 September by province · Upper Secondary,Upper Secondary,VN_SRC_TUYENQUANG,Tuyen Quang,2004,annual,13.0,School,not_specified,E1308,https://www.nso.gov.vn/en/px-web?pxid=E1308&theme=Education,source_reported_unharmonized
e1308_8a1b4b5f47,education,Number of school of general education as of 30 September by province · Upper Secondary,Upper Secondary,VN_SRC_TUYENQUANG,Tuyen Quang,2005,annual,28.0,School,not_specified,E1308,https://www.nso.gov.vn/en/px-web?pxid=E1308&theme=Education,source_reported_unharmonized
e1308_8a1b4b5f47,education,Number of school of general education as of 30 September by province · Upper Secondary,Upper Secondary,VN_SRC_TUYENQUANG,Tuyen Quang,2006,annual,28.0,School,not_specified,E1308,https://www.nso.gov.vn/en/px-web?pxid=E1308&theme=Education,source_reported_unharmonized
e1308_8a1b4b5f47,education,Number of school of general education as of 30 September by province · Upper Secondary,Upper Secondary,VN_SRC_TUYENQUANG,Tuyen Quang,2007,annual,28.0,School,not_specified,E1308,https://www.nso.gov.vn/en/px-web?pxid=E1308&theme=Education,source_reported_unharmonized
e1308_8a1b4b5f47,education,Number of school of general education as of 30 September by province · Upper Secondary,Upper Secondary,VN_SRC_TUYENQUANG,Tuyen Quang,2008,annual,28.0,School,not_specified,E1308,https://www.nso.gov.vn/en/px-web?pxid=E1308&theme=Education,source_reported_unharmonized
e1308_8a1b4b5f47,education,Number of school of general education as of 30 September by province · Upper Secondary,Upper Secondary,VN_SRC_TUYENQUANG,Tuyen Quang,2009,annual,28.0,School,not_specified,E1308,https://www.nso.gov.vn/en/px-web?pxid=E1308&theme=Education,source_reported_unharmonized
e1308_8a1b4b5f47,education,Number of school of general education as of 30 September by province · Upper Secondary,Upper Secondary,VN_SRC_TUYENQUANG,Tuyen Quang,2010,annual,28.0,School,not_specified,E1308,https://www.nso.gov.vn/en/px-web?pxid=E1308&theme=Education,source_reported_unharmonized
e1308_8a1b4b5f47,education,Number of school of general education as of 30 September by province · Upper Secondary,Upper Secondary,VN_SRC_TUYENQUANG,Tuyen Quang,2011,annual,28.0,School,not_specified,E1308,https://www.nso.gov.vn/en/px-web?pxid=E1308&theme=Education,source_reported_unharmonized
e1308_8a1b4b5f47,education,Number of school of general education as of 30 September by province · Upper Secondary,Upper Secondary,VN_SRC_TUYENQUANG,Tuyen Quang,2012,annual,28.0,School,not_specified,E1308,https://www.nso.gov.vn/en/px-web?pxid=E1308&theme=Education,source_reported_unharmonized
e1308_8a1b4b5f47,education,Number of school of general education as of 30 September by province · Upper Secondary,Upper Secondary,VN_SRC_TUYENQUANG,Tuyen Quang,2013,annual,29.0,School,not_specified,E1308,https://www.nso.gov.vn/en/px-web?pxid=E1308&theme=Education,source_reported_unharmonized
e1308_8a1b4b5f47,education,Number of school of general education as of 30 September by province · Upper Secondary,Upper Secondary,VN_SRC_TUYENQUANG,Tuyen Quang,2014,annual,29.0,School,not_specified,E1308,https://www.nso.gov.vn/en/px-web?pxid=E1308&theme=Education,source_reported_unharmonized
e1308_8a1b4b5f47,education,Number of school of general education as of 30 September by province · Upper Secondary,Upper Secondary,VN_SRC_TUYENQUANG,Tuyen Quang,2015,annual,29.0,School,not_specified,E1308,https://www.nso.gov.vn/en/px-web?pxid=E1308&theme=Education,source_reported_unharmonized
e1308_8a1b4b5f47,education,Number of school of general education as of 30 September by province · Upper Secondary,Upper Secondary,VN_SRC_TUYENQUANG,Tuyen Quang,2016,annual,29.0,School,not_specified,E1308,https://www.nso.gov.vn/en/px-web?pxid=E1308&theme=Education,source_reported_unharmonized
e1308_8a1b4b5f47,education,Number of school of general education as of 30 September by province · Upper Secondary,Upper Secondary,VN_SRC_TUYENQUANG,Tuyen Quang,2017,annual,29.0,School,not_specified,E1308,https://www.nso.gov.vn/en/px-web?pxid=E1308&theme=Education,source_reported_unharmonized
e1308_8a1b4b5f47,education,Number of school of general education as of 30 September by province · Upper Secondary,Upper Secondary,VN_SRC_TUYENQUANG,Tuyen Quang,2019,annual,29.0,School,not_specified,E1308,https://www.nso.gov.vn/en/px-web?pxid=E1308&theme=Education,source_reported_unharmonized
e1308_8a1b4b5f47,education,Number of school of general education as of 30 September by province · Upper Secondary,Upper Secondary,VN_SRC_TUYENQUANG,Tuyen Quang,2020,annual,29.0,School,not_specified,E1308,https://www.nso.gov.vn/en/px-web?pxid=E1308&theme=Education,source_reported_unharmonized
e1308_8a1b4b5f47,education,Number of school of general education as of 30 September by province · Upper Secondary,Upper Secondary,VN_SRC_TUYENQUANG,Tuyen Quang,2021,annual,26.0,School,not_specified,E1308,https://www.nso.gov.vn/en/px-web?pxid=E1308&theme=Education,source_reported_unharmonized
e1308_8a1b4b5f47,education,Number of school of general education as of 30 September by province · Upper Secondary,Upper Secondary,VN_SRC_TUYENQUANG,Tuyen Quang,2024,annual,25.0,School,not_specified,E1308,https://www.nso.gov.vn/en/px-web?pxid=E1308&theme=Education,source_reported_unharmonized
e1308_8a1b4b5f47,education,Number of school of general education as of 30 September by province · Upper Secondary,Upper Secondary,VN_SRC_LAOCAI,Lao Cai,2002,annual,18.0,School,not_specified,E1308,https://www.nso.gov.vn/en/px-web?pxid=E1308&theme=Education,source_reported_unharmonized
e1308_8a1b4b5f47,education,Number of school of general education as of 30 September by province · Upper Secondary,Upper Secondary,VN_SRC_LAOCAI,Lao Cai,2003,annual,21.0,School,not_specified,E1308,https://www.nso.gov.vn/en/px-web?pxid=E1308&theme=Education,source_reported_unharmonized
e1308_8a1b4b5f47,education,Number of school of general education as of 30 September by province · Upper Secondary,Upper Secondary,VN_SRC_LAOCAI,Lao Cai,2004,annual,21.0,School,not_specified,E1308,https://www.nso.gov.vn/en/px-web?pxid=E1308&theme=Education,source_reported_unharmonized
e1308_8a1b4b5f47,education,Number of school of general education as of 30 September by province · Upper Secondary,Upper Secondary,VN_SRC_LAOCAI,Lao Cai,2005,annual,24.0,School,not_specified,E1308,https://www.nso.gov.vn/en/px-web?pxid=E1308&theme=Education,source_reported_unharmonized
e1308_8a1b4b5f47,education,Number of school of general education as of 30 September by province · Upper Secondary,Upper Secondary,VN_SRC_LAOCAI,Lao Cai,2006,annual,25.0,School,not_specified,E1308,https://www.nso.gov.vn/en/px-web?pxid=E1308&theme=Education,source_reported_unharmonized
e1308_8a1b4b5f47,education,Number of school of general education as of 30 September by province · Upper Secondary,Upper Secondary,VN_SRC_LAOCAI,Lao Cai,2007,annual,26.0,School,not_specified,E1308,https://www.nso.gov.vn/en/px-web?pxid=E1308&theme=Education,source_reported_unharmonized
e1308_8a1b4b5f47,education,Number of school of general education as of 30 September by province · Upper Secondary,Upper Secondary,VN_SRC_LAOCAI,Lao Cai,2008,annual,26.0,School,not_specified,E1308,https://www.nso.gov.vn/en/px-web?pxid=E1308&theme=Education,source_reported_unharmonized
e1308_8a1b4b5f47,education,Number of school of general education as of 30 September by province · Upper Secondary,Upper Secondary,VN_SRC_LAOCAI,Lao Cai,2009,annual,26.0,School,not_specified,E1308,https://www.nso.gov.vn/en/px-web?pxid=E1308&theme=Education,source_reported_unharmonized
e1308_8a1b4b5f47,education,Number of school of general education as of 30 September by province · Upper Secondary,Upper Secondary,VN_SRC_LAOCAI,Lao Cai,2010,annual,27.0,School,not_specified,E1308,https://www.nso.gov.vn/en/px-web?pxid=E1308&theme=Education,source_reported_unharmonized
e1308_8a1b4b5f47,education,Number of school of general education as of 30 September by province · Upper Secondary,Upper Secondary,VN_SRC_LAOCAI,Lao Cai,2011,annual,27.0,School,not_specified,E1308,https://www.nso.gov.vn/en/px-web?pxid=E1308&theme=Education,source_reported_unharmonized
e1308_8a1b4b5f47,education,Number of school of general education as of 30 September by province · Upper Secondary,Upper Secondary,VN_SRC_LAOCAI,Lao Cai,2012,annual,27.0,School,not_specified,E1308,https://www.nso.gov.vn/en/px-web?pxid=E1308&theme=Education,source_reported_unharmonized
e1308_8a1b4b5f47,education,Number of school of general education as of 30 September by province · Upper Secondary,Upper Secondary,VN_SRC_LAOCAI,Lao Cai,2013,annual,27.0,School,not_specified,E1308,https://www.nso.gov.vn/en/px-web?pxid=E1308&theme=Education,source_reported_unharmonized
e1308_8a1b4b5f47,education,Number of school of general education as of 30 September by province · Upper Secondary,Upper Secondary,VN_SRC_LAOCAI,Lao Cai,2014,annual,27.0,School,not_specified,E1308,https://www.nso.gov.vn/en/px-web?pxid=E1308&theme=Education,source_reported_unharmonized
e1308_8a1b4b5f47,education,Number of school of general education as of 30 September by province · Upper Secondary,Upper Secondary,VN_SRC_LAOCAI,Lao Cai,2015,annual,27.0,School,not_specified,E1308,https://www.nso.gov.vn/en/px-web?pxid=E1308&theme=Education,source_reported_unharmonized
e1308_8a1b4b5f47,education,Number of school of general education as of 30 September by province · Upper Secondary,Upper Secondary,VN_SRC_LAOCAI,Lao Cai,2016,annual,27.0,School,not_specified,E1308,https://www.nso.gov.vn/en/px-web?pxid=E1308&theme=Education,source_reported_unharmonized
e1308_8a1b4b5f47,education,Number of school of general education as of 30 September by province · Upper Secondary,Upper Secondary,VN_SRC_LAOCAI,Lao Cai,2017,annual,27.0,School,not_specified,E1308,https://www.nso.gov.vn/en/px-web?pxid=E1308&theme=Education,source_reported_unharmonized
e1308_8a1b4b5f47,education,Number of school of general education as of 30 September by province · Upper Secondary,Upper Secondary,VN_SRC_LAOCAI,Lao Cai,2019,annual,27.0,School,not_specified,E1308,https://www.nso.gov.vn/en/px-web?pxid=E1308&theme=Education,source_reported_unharmonized
e1308_8a1b4b5f47,education,Number of school of general education as of 30 September by province · Upper Secondary,Upper Secondary,VN_SRC_LAOCAI,Lao Cai,2020,annual,27.0,School,not_specified,E1308,https://www.nso.gov.vn/en/px-web?pxid=E1308&theme=Education,source_reported_unharmonized
e1308_8a1b4b5f47,education,Number of school of general education as of 30 September by province · Upper Secondary,Upper Secondary,VN_SRC_LAOCAI,Lao Cai,2021,annual,27.0,School,not_specified,E1308,https://www.nso.gov.vn/en/px-web?pxid=E1308&theme=Education,source_reported_unharmonized
e1308_8a1b4b5f47,education,Number of school of general education as of 30 September by province · Upper Secondary,Upper Secondary,VN_SRC_LAOCAI,Lao Cai,2024,annual,28.0,School,not_specified,E1308,https://www.nso.gov.vn/en/px-web?pxid=E1308&theme=Education,source_reported_unharmonized
e1308_8a1b4b5f47,education,Number of school of general education as of 30 September by province · Upper Secondary,Upper Secondary,VN_SRC_YENBAI,Yen Bai,2002,annual,20.0,School,not_specified,E1308,https://www.nso.gov.vn/en/px-web?pxid=E1308&theme=Education,source_reported_unharmonized
e1308_8a1b4b5f47,education,Number of school of general education as of 30 September by province · Upper Secondary,Upper Secondary,VN_SRC_YENBAI,Yen Bai,2003,annual,20.0,School,not_specified,E1308,https://www.nso.gov.vn/en/px-web?pxid=E1308&theme=Education,source_reported_unharmonized
e1308_8a1b4b5f47,education,Number of school of general education as of 30 September by province · Upper Secondary,Upper Secondary,VN_SRC_YENBAI,Yen Bai,2004,annual,21.0,School,not_specified,E1308,https://www.nso.gov.vn/en/px-web?pxid=E1308&theme=Education,source_reported_unharmonized
e1308_8a1b4b5f47,education,Number of school of general education as of 30 September by province · Upper Secondary,Upper Secondary,VN_SRC_YENBAI,Yen Bai,2005,annual,21.0,School,not_specified,E1308,https://www.nso.gov.vn/en/px-web?pxid=E1308&theme=Education,source_reported_unharmonized
e1308_8a1b4b5f47,education,Number of school of general education as of 30 September by province · Upper Secondary,Upper Secondary,VN_SRC_YENBAI,Yen Bai,2006,annual,21.0,School,not_specified,E1308,https://www.nso.gov.vn/en/px-web?pxid=E1308&theme=Education,source_reported_unharmonized
e1308_8a1b4b5f47,education,Number of school of general education as of 30 September by province · Upper Secondary,Upper Secondary,VN_SRC_YENBAI,Yen Bai,2007,annual,22.0,School,not_specified,E1308,https://www.nso.gov.vn/en/px-web?pxid=E1308&theme=Education,source_reported_unharmonized
e1308_8a1b4b5f47,education,Number of school of general education as of 30 September by province · Upper Secondary,Upper Secondary,VN_SRC_YENBAI,Yen Bai,2008,annual,23.0,School,not_specified,E1308,https://www.nso.gov.vn/en/px-web?pxid=E1308&theme=Education,source_reported_unharmonized
e1308_8a1b4b5f47,education,Number of school of general education as of 30 September by province · Upper Secondary,Upper Secondary,VN_SRC_YENBAI,Yen Bai,2009,annual,24.0,School,not_specified,E1308,https://www.nso.gov.vn/en/px-web?pxid=E1308&theme=Education,source_reported_unharmonized
e1308_8a1b4b5f47,education,Number of school of general education as of 30 September by province · Upper Secondary,Upper Secondary,VN_SRC_YENBAI,Yen Bai,2010,annual,24.0,School,not_specified,E1308,https://www.nso.gov.vn/en/px-web?pxid=E1308&theme=Education,source_reported_unharmonized
e1308_8a1b4b5f47,education,Number of school of general education as of 30 September by province · Upper Secondary,Upper Secondary,VN_SRC_YENBAI,Yen Bai,2011,annual,24.0,School,not_specified,E1308,https://www.nso.gov.vn/en/px-web?pxid=E1308&theme=Education,source_reported_unharmonized
e1308_8a1b4b5f47,education,Number of school of general education as of 30 September by province · Upper Secondary,Upper Secondary,VN_SRC_YENBAI,Yen Bai,2012,annual,24.0,School,not_specified,E1308,https://www.nso.gov.vn/en/px-web?pxid=E1308&theme=Education,source_reported_unharmonized
e1308_8a1b4b5f47,education,Number of school of general education as of 30 September by province · Upper Secondary,Upper Secondary,VN_SRC_YENBAI,Yen Bai,2013,annual,24.0,School,not_specified,E1308,https://www.nso.gov.vn/en/px-web?pxid=E1308&theme=Education,source_reported_unharmonized
e1308_8a1b4b5f47,education,Number of school of general education as of 30 September by province · Upper Secondary,Upper Secondary,VN_SRC_YENBAI,Yen Bai,2014,annual,24.0,School,not_specified,E1308,https://www.nso.gov.vn/en/px-web?pxid=E1308&theme=Education,source_reported_unharmonized
e1308_8a1b4b5f47,education,Number of school of general education as of 30 September by province · Upper Secondary,Upper Secondary,VN_SRC_YENBAI,Yen Bai,2015,annual,24.0,School,not_specified,E1308,https://www.nso.gov.vn/en/px-web?pxid=E1308&theme=Education,source_reported_unharmonized
e1308_8a1b4b5f47,education,Number of school of general education as of 30 September by province · Upper Secondary,Upper Secondary,VN_SRC_YENBAI,Yen Bai,2016,annual,24.0,School,not_specified,E1308,https://www.nso.gov.vn/en/px-web?pxid=E1308&theme=Education,source_reported_unharmonized
e1308_8a1b4b5f47,education,Number of school of general education as of 30 September by province · Upper Secondary,Upper Secondary,VN_SRC_YENBAI,Yen Bai,2017,annual,24.0,School,not_specified,E1308,https://www.nso.gov.vn/en/px-web?pxid=E1308&theme=Education,source_reported_unharmonized
e1308_8a1b4b5f47,education,Number of school of general education as of 30 September by province · Upper Secondary,Upper Secondary,VN_SRC_YENBAI,Yen Bai,2019,annual,24.0,School,not_specified,E1308,https://www.nso.gov.vn/en/px-web?pxid=E1308&theme=Education,source_reported_unharmonized
e1308_8a1b4b5f47,education,Number of school of general education as of 30 September by province · Upper Secondary,Upper Secondary,VN_SRC_YENBAI,Yen Bai,2020,annual,24.0,School,not_specified,E1308,https://www.nso.gov.vn/en/px-web?pxid=E1308&theme=Education,source_reported_unharmonized
e1308_8a1b4b5f47,education,Number of school of general education as of 30 September by province · Upper Secondary,Upper Secondary,VN_SRC_YENBAI,Yen Bai,2021,annual,23.0,School,not_specified,E1308,https://www.nso.gov.vn/en/px-web?pxid=E1308&theme=Education,source_reported_unharmonized
e1308_8a1b4b5f47,education,Number of school of general education as of 30 September by province · Upper Secondary,Upper Secondary,VN_SRC_YENBAI,Yen Bai,2024,annual,23.0,School,not_specified,E1308,https://www.nso.gov.vn/en/px-web?pxid=E1308&theme=Education,source_reported_unharmonized
e1308_8a1b4b5f47,education,Number of school of general education as of 30 September by province · Upper Secondary,Upper Secondary,VN_SRC_THAINGUYEN,Thai Nguyen,2002,annual,21.0,School,not_specified,E1308,https://www.nso.gov.vn/en/px-web?pxid=E1308&theme=Education,source_reported_unharmonized
e1308_8a1b4b5f47,education,Number of school of general education as of 30 September by province · Upper Secondary,Upper Secondary,VN_SRC_THAINGUYEN,Thai Nguyen,2003,annual,23.0,School,not_specified,E1308,https://www.nso.gov.vn/en/px-web?pxid=E1308&theme=Education,source_reported_unharmonized
e1308_8a1b4b5f47,education,Number of school of general education as of 30 September by province · Upper Secondary,Upper Secondary,VN_SRC_THAINGUYEN,Thai Nguyen,2004,annual,23.0,School,not_specified,E1308,https://www.nso.gov.vn/en/px-web?pxid=E1308&theme=Education,source_reported_unharmonized
e1308_8a1b4b5f47,education,Number of school of general education as of 30 September by province · Upper Secondary,Upper Secondary,VN_SRC_THAINGUYEN,Thai Nguyen,2005,annual,24.0,School,not_specified,E1308,https://www.nso.gov.vn/en/px-web?pxid=E1308&theme=Education,source_reported_unharmonized
e1308_8a1b4b5f47,education,Number of school of general education as of 30 September by province · Upper Secondary,Upper Secondary,VN_SRC_THAINGUYEN,Thai Nguyen,2006,annual,26.0,School,not_specified,E1308,https://www.nso.gov.vn/en/px-web?pxid=E1308&theme=Education,source_reported_unharmonized
e1308_8a1b4b5f47,education,Number of school of general education as of 30 September by province · Upper Secondary,Upper Secondary,VN_SRC_THAINGUYEN,Thai Nguyen,2007,annual,27.0,School,not_specified,E1308,https://www.nso.gov.vn/en/px-web?pxid=E1308&theme=Education,source_reported_unharmonized
e1308_8a1b4b5f47,education,Number of school of general education as of 30 September by province · Upper Secondary,Upper Secondary,VN_SRC_THAINGUYEN,Thai Nguyen,2008,annual,32.0,School,not_specified,E1308,https://www.nso.gov.vn/en/px-web?pxid=E1308&theme=Education,source_reported_unharmonized
e1308_8a1b4b5f47,education,Number of school of general education as of 30 September by province · Upper Secondary,Upper Secondary,VN_SRC_THAINGUYEN,Thai Nguyen,2009,annual,33.0,School,not_specified,E1308,https://www.nso.gov.vn/en/px-web?pxid=E1308&theme=Education,source_reported_unharmonized
e1308_8a1b4b5f47,education,Number of school of general education as of 30 September by province · Upper Secondary,Upper Secondary,VN_SRC_THAINGUYEN,Thai Nguyen,2010,annual,32.0,School,not_specified,E1308,https://www.nso.gov.vn/en/px-web?pxid=E1308&theme=Education,source_reported_unharmonized
e1308_8a1b4b5f47,education,Number of school of general education as of 30 September by province · Upper Secondary,Upper Secondary,VN_SRC_THAINGUYEN,Thai Nguyen,2011,annual,31.0,School,not_specified,E1308,https://www.nso.gov.vn/en/px-web?pxid=E1308&theme=Education,source_reported_unharmonized
e1308_8a1b4b5f47,education,Number of school of general education as of 30 September by province · Upper Secondary,Upper Secondary,VN_SRC_THAINGUYEN,Thai Nguyen,2012,annual,30.0,School,not_specified,E1308,https://www.nso.gov.vn/en/px-web?pxid=E1308&theme=Education,source_reported_unharmonized
e1308_8a1b4b5f47,education,Number of school of general education as of 30 September by province · Upper Secondary,Upper Secondary,VN_SRC_THAINGUYEN,Thai Nguyen,2013,annual,30.0,School,not_specified,E1308,https://www.nso.gov.vn/en/px-web?pxid=E1308&theme=Education,source_reported_unharmonized
e1308_8a1b4b5f47,education,Number of school of general education as of 30 September by province · Upper Secondary,Upper Secondary,VN_SRC_THAINGUYEN,Thai Nguyen,2014,annual,29.0,School,not_specified,E1308,https://www.nso.gov.vn/en/px-web?pxid=E1308&theme=Education,source_reported_unharmonized
e1308_8a1b4b5f47,education,Number of school of general education as of 30 September by province · Upper Secondary,Upper Secondary,VN_SRC_THAINGUYEN,Thai Nguyen,2015,annual,29.0,School,not_specified,E1308,https://www.nso.gov.vn/en/px-web?pxid=E1308&theme=Education,source_reported_unharmonized
e1308_8a1b4b5f47,education,Number of school of general education as of 30 September by province · Upper Secondary,Upper Secondary,VN_SRC_THAINGUYEN,Thai Nguyen,2016,annual,29.0,School,not_specified,E1308,https://www.nso.gov.vn/en/px-web?pxid=E1308&theme=Education,source_reported_unharmonized
e1308_8a1b4b5f47,education,Number of school of general education as of 30 September by province · Upper Secondary,Upper Secondary,VN_SRC_THAINGUYEN,Thai Nguyen,2017,annual,31.0,School,not_specified,E1308,https://www.nso.gov.vn/en/px-web?pxid=E1308&theme=Education,source_reported_unharmonized
e1308_8a1b4b5f47,education,Number of school of general education as of 30 September by province · Upper Secondary,Upper Secondary,VN_SRC_THAINGUYEN,Thai Nguyen,2019,annual,32.0,School,not_specified,E1308,https://www.nso.gov.vn/en/px-web?pxid=E1308&theme=Education,source_reported_unharmonized
e1308_8a1b4b5f47,education,Number of school of general education as of 30 September by province · Upper Secondary,Upper Secondary,VN_SRC_THAINGUYEN,Thai Nguyen,2020,annual,32.0,School,not_specified,E1308,https://www.nso.gov.vn/en/px-web?pxid=E1308&theme=Education,source_reported_unharmonized
e1308_8a1b4b5f47,education,Number of school of general education as of 30 September by province · Upper Secondary,Upper Secondary,VN_SRC_THAINGUYEN,Thai Nguyen,2021,annual,32.0,School,not_specified,E1308,https://www.nso.gov.vn/en/px-web?pxid=E1308&theme=Education,source_reported_unharmonized
e1308_8a1b4b5f47,education,Number of school of general education as of 30 September by province · Upper Secondary,Upper Secondary,VN_SRC_THAINGUYEN,Thai Nguyen,2024,annual,35.0,School,not_specified,E1308,https://www.nso.gov.vn/en/px-web?pxid=E1308&theme=Education,source_reported_unharmonized
e1308_8a1b4b5f47,education,Number of school of general education as of 30 September by province · Upper Secondary,Upper Secondary,VN_SRC_LANGSON,Lang Son,2002,annual,14.0,School,not_specified,E1308,https://www.nso.gov.vn/en/px-web?pxid=E1308&theme=Education,source_reported_unharmonized
e1308_8a1b4b5f47,education,Number of school of general education as of 30 September by province · Upper Secondary,Upper Secondary,VN_SRC_LANGSON,Lang Son,2003,annual,19.0,School,not_specified,E1308,https://www.nso.gov.vn/en/px-web?pxid=E1308&theme=Education,source_reported_unharmonized
e1308_8a1b4b5f47,education,Number of school of general education as of 30 September by province · Upper Secondary,Upper Secondary,VN_SRC_LANGSON,Lang Son,2004,annual,19.0,School,not_specified,E1308,https://www.nso.gov.vn/en/px-web?pxid=E1308&theme=Education,source_reported_unharmonized
e1308_8a1b4b5f47,education,Number of school of general education as of 30 September by province · Upper Secondary,Upper Secondary,VN_SRC_LANGSON,Lang Son,2005,annual,19.0,School,not_specified,E1308,https://www.nso.gov.vn/en/px-web?pxid=E1308&theme=Education,source_reported_unharmonized
e1308_8a1b4b5f47,education,Number of school of general education as of 30 September by province · Upper Secondary,Upper Secondary,VN_SRC_LANGSON,Lang Son,2006,annual,22.0,School,not_specified,E1308,https://www.nso.gov.vn/en/px-web?pxid=E1308&theme=Education,source_reported_unharmonized
e1308_8a1b4b5f47,education,Number of school of general education as of 30 September by province · Upper Secondary,Upper Secondary,VN_SRC_LANGSON,Lang Son,2007,annual,22.0,School,not_specified,E1308,https://www.nso.gov.vn/en/px-web?pxid=E1308&theme=Education,source_reported_unharmonized
e1308_8a1b4b5f47,education,Number of school of general education as of 30 September by province · Upper Secondary,Upper Secondary,VN_SRC_LANGSON,Lang Son,2008,annual,21.0,School,not_specified,E1308,https://www.nso.gov.vn/en/px-web?pxid=E1308&theme=Education,source_reported_unharmonized
e1308_8a1b4b5f47,education,Number of school of general education as of 30 September by province · Upper Secondary,Upper Secondary,VN_SRC_LANGSON,Lang Son,2009,annual,23.0,School,not_specified,E1308,https://www.nso.gov.vn/en/px-web?pxid=E1308&theme=Education,source_reported_unharmonized
e1308_8a1b4b5f47,education,Number of school of general education as of 30 September by province · Upper Secondary,Upper Secondary,VN_SRC_LANGSON,Lang Son,2010,annual,25.0,School,not_specified,E1308,https://www.nso.gov.vn/en/px-web?pxid=E1308&theme=Education,source_reported_unharmonized
e1308_8a1b4b5f47,education,Number of school of general education as of 30 September by province · Upper Secondary,Upper Secondary,VN_SRC_LANGSON,Lang Son,2011,annual,25.0,School,not_specified,E1308,https://www.nso.gov.vn/en/px-web?pxid=E1308&theme=Education,source_reported_unharmonized
e1308_8a1b4b5f47,education,Number of school of general education as of 30 September by province · Upper Secondary,Upper Secondary,VN_SRC_LANGSON,Lang Son,2012,annual,24.0,School,not_specified,E1308,https://www.nso.gov.vn/en/px-web?pxid=E1308&theme=Education,source_reported_unharmonized
e1308_8a1b4b5f47,education,Number of school of general education as of 30 September by province · Upper Secondary,Upper Secondary,VN_SRC_LANGSON,Lang Son,2013,annual,24.0,School,not_specified,E1308,https://www.nso.gov.vn/en/px-web?pxid=E1308&theme=Education,source_reported_unharmonized
e1308_8a1b4b5f47,education,Number of school of general education as of 30 September by province · Upper Secondary,Upper Secondary,VN_SRC_LANGSON,Lang Son,2014,annual,24.0,School,not_specified,E1308,https://www.nso.gov.vn/en/px-web?pxid=E1308&theme=Education,source_reported_unharmonized
e1308_8a1b4b5f47,education,Number of school of general education as of 30 September by province · Upper Secondary,Upper Secondary,VN_SRC_LANGSON,Lang Son,2015,annual,25.0,School,not_specified,E1308,https://www.nso.gov.vn/en/px-web?pxid=E1308&theme=Education,source_reported_unharmonized
e1308_8a1b4b5f47,education,Number of school of general education as of 30 September by province · Upper Secondary,Upper Secondary,VN_SRC_LANGSON,Lang Son,2016,annual,25.0,School,not_specified,E1308,https://www.nso.gov.vn/en/px-web?pxid=E1308&theme=Education,source_reported_unharmonized
e1308_8a1b4b5f47,education,Number of school of general education as of 30 September by province · Upper Secondary,Upper Secondary,VN_SRC_LANGSON,Lang Son,2017,annual,26.0,School,not_specified,E1308,https://www.nso.gov.vn/en/px-web?pxid=E1308&theme=Education,source_reported_unharmonized
e1308_8a1b4b5f47,education,Number of school of general education as of 30 September by province · Upper Secondary,Upper Secondary,VN_SRC_LANGSON,Lang Son,2019,annual,27.0,School,not_specified,E1308,https://www.nso.gov.vn/en/px-web?pxid=E1308&theme=Education,source_reported_unharmonized
e1308_8a1b4b5f47,education,Number of school of general education as of 30 September by province · Upper Secondary,Upper Secondary,VN_SRC_LANGSON,Lang Son,2020,annual,26.0,School,not_specified,E1308,https://www.nso.gov.vn/en/px-web?pxid=E1308&theme=Education,source_reported_unharmonized
e1308_8a1b4b5f47,education,Number of school of general education as of 30 September by province · Upper Secondary,Upper Secondary,VN_SRC_LANGSON,Lang Son,2021,annual,26.0,School,not_specified,E1308,https://www.nso.gov.vn/en/px-web?pxid=E1308&theme=Education,source_reported_unharmonized
e1308_8a1b4b5f47,education,Number of school of general education as of 30 September by province · Upper Secondary,Upper Secondary,VN_SRC_LANGSON,Lang Son,2024,annual,26.0,School,not_specified,E1308,https://www.nso.gov.vn/en/px-web?pxid=E1308&theme=Education,source_reported_unharmonized
e1308_8a1b4b5f47,education,Number of school of general education as of 30 September by province · Upper Secondary,Upper Secondary,VN_SRC_BACGIANG,Bac Giang,2002,annual,36.0,School,not_specified,E1308,https://www.nso.gov.vn/en/px-web?pxid=E1308&theme=Education,source_reported_unharmonized
e1308_8a1b4b5f47,education,Number of school of general education as of 30 September by province · Upper Secondary,Upper Secondary,VN_SRC_BACGIANG,Bac Giang,2003,annual,40.0,School,not_specified,E1308,https://www.nso.gov.vn/en/px-web?pxid=E1308&theme=Education,source_reported_unharmonized
e1308_8a1b4b5f47,education,Number of school of general education as of 30 September by province · Upper Secondary,Upper Secondary,VN_SRC_BACGIANG,Bac Giang,2004,annual,41.0,School,not_specified,E1308,https://www.nso.gov.vn/en/px-web?pxid=E1308&theme=Education,source_reported_unharmonized
e1308_8a1b4b5f47,education,Number of school of general education as of 30 September by province · Upper Secondary,Upper Secondary,VN_SRC_BACGIANG,Bac Giang,2005,annual,43.0,School,not_specified,E1308,https://www.nso.gov.vn/en/px-web?pxid=E1308&theme=Education,source_reported_unharmonized
e1308_8a1b4b5f47,education,Number of school of general education as of 30 September by province · Upper Secondary,Upper Secondary,VN_SRC_BACGIANG,Bac Giang,2006,annual,46.0,School,not_specified,E1308,https://www.nso.gov.vn/en/px-web?pxid=E1308&theme=Education,source_reported_unharmonized
e1308_8a1b4b5f47,education,Number of school of general education as of 30 September by province · Upper Secondary,Upper Secondary,VN_SRC_BACGIANG,Bac Giang,2007,annual,47.0,School,not_specified,E1308,https://www.nso.gov.vn/en/px-web?pxid=E1308&theme=Education,source_reported_unharmonized
e1308_8a1b4b5f47,education,Number of school of general education as of 30 September by province · Upper Secondary,Upper Secondary,VN_SRC_BACGIANG,Bac Giang,2008,annual,46.0,School,not_specified,E1308,https://www.nso.gov.vn/en/px-web?pxid=E1308&theme=Education,source_reported_unharmonized
e1308_8a1b4b5f47,education,Number of school of general education as of 30 September by province · Upper Secondary,Upper Secondary,VN_SRC_BACGIANG,Bac Giang,2009,annual,49.0,School,not_specified,E1308,https://www.nso.gov.vn/en/px-web?pxid=E1308&theme=Education,source_reported_unharmonized
e1308_8a1b4b5f47,education,Number of school of general education as of 30 September by province · Upper Secondary,Upper Secondary,VN_SRC_BACGIANG,Bac Giang,2010,annual,48.0,School,not_specified,E1308,https://www.nso.gov.vn/en/px-web?pxid=E1308&theme=Education,source_reported_unharmonized
e1308_8a1b4b5f47,education,Number of school of general education as of 30 September by province · Upper Secondary,Upper Secondary,VN_SRC_BACGIANG,Bac Giang,2011,annual,48.0,School,not_specified,E1308,https://www.nso.gov.vn/en/px-web?pxid=E1308&theme=Education,source_reported_unharmonized
e1308_8a1b4b5f47,education,Number of school of general education as of 30 September by province · Upper Secondary,Upper Secondary,VN_SRC_BACGIANG,Bac Giang,2012,annual,48.0,School,not_specified,E1308,https://www.nso.gov.vn/en/px-web?pxid=E1308&theme=Education,source_reported_unharmonized
e1308_8a1b4b5f47,education,Number of school of general education as of 30 September by province · Upper Secondary,Upper Secondary,VN_SRC_BACGIANG,Bac Giang,2013,annual,48.0,School,not_specified,E1308,https://www.nso.gov.vn/en/px-web?pxid=E1308&theme=Education,source_reported_unharmonized
e1308_8a1b4b5f47,education,Number of school of general education as of 30 September by province · Upper Secondary,Upper Secondary,VN_SRC_BACGIANG,Bac Giang,2014,annual,45.0,School,not_specified,E1308,https://www.nso.gov.vn/en/px-web?pxid=E1308&theme=Education,source_reported_unharmonized
e1308_8a1b4b5f47,education,Number of school of general education as of 30 September by province · Upper Secondary,Upper Secondary,VN_SRC_BACGIANG,Bac Giang,2015,annual,43.0,School,not_specified,E1308,https://www.nso.gov.vn/en/px-web?pxid=E1308&theme=Education,source_reported_unharmonized
e1308_8a1b4b5f47,education,Number of school of general education as of 30 September by province · Upper Secondary,Upper Secondary,VN_SRC_BACGIANG,Bac Giang,2016,annual,43.0,School,not_specified,E1308,https://www.nso.gov.vn/en/px-web?pxid=E1308&theme=Education,source_reported_unharmonized
e1308_8a1b4b5f47,education,Number of school of general education as of 30 September by province · Upper Secondary,Upper Secondary,VN_SRC_BACGIANG,Bac Giang,2017,annual,43.0,School,not_specified,E1308,https://www.nso.gov.vn/en/px-web?pxid=E1308&theme=Education,source_reported_unharmonized
e1308_8a1b4b5f47,education,Number of school of general education as of 30 September by province · Upper Secondary,Upper Secondary,VN_SRC_BACGIANG,Bac Giang,2019,annual,44.0,School,not_specified,E1308,https://www.nso.gov.vn/en/px-web?pxid=E1308&theme=Education,source_reported_unharmonized
e1308_8a1b4b5f47,education,Number of school of general education as of 30 September by province · Upper Secondary,Upper Secondary,VN_SRC_BACGIANG,Bac Giang,2020,annual,44.0,School,not_specified,E1308,https://www.nso.gov.vn/en/px-web?pxid=E1308&theme=Education,source_reported_unharmonized
e1308_8a1b4b5f47,education,Number of school of general education as of 30 September by province · Upper Secondary,Upper Secondary,VN_SRC_BACGIANG,Bac Giang,2021,annual,44.0,School,not_specified,E1308,https://www.nso.gov.vn/en/px-web?pxid=E1308&theme=Education,source_reported_unharmonized
e1308_8a1b4b5f47,education,Number of school of general education as of 30 September by province · Upper Secondary,Upper Secondary,VN_SRC_BACGIANG,Bac Giang,2024,annual,44.0,School,not_specified,E1308,https://www.nso.gov.vn/en/px-web?pxid=E1308&theme=Education,source_reported_unharmonized
e1308_8a1b4b5f47,education,Number of school of general education as of 30 September by province · Upper Secondary,Upper Secondary,VN_SRC_PHUTHO,Phu Tho,2002,annual,47.0,School,not_specified,E1308,https://www.nso.gov.vn/en/px-web?pxid=E1308&theme=Education,source_reported_unharmonized
e1308_8a1b4b5f47,education,Number of school of general education as of 30 September by province · Upper Secondary,Upper Secondary,VN_SRC_PHUTHO,Phu Tho,2003,annual,48.0,School,not_specified,E1308,https://www.nso.gov.vn/en/px-web?pxid=E1308&theme=Education,source_reported_unharmonized
e1308_8a1b4b5f47,education,Number of school of general education as of 30 September by province · Upper Secondary,Upper Secondary,VN_SRC_PHUTHO,Phu Tho,2004,annual,48.0,School,not_specified,E1308,https://www.nso.gov.vn/en/px-web?pxid=E1308&theme=Education,source_reported_unharmonized
e1308_8a1b4b5f47,education,Number of school of general education as of 30 September by province · Upper Secondary,Upper Secondary,VN_SRC_PHUTHO,Phu Tho,2005,annual,50.0,School,not_specified,E1308,https://www.nso.gov.vn/en/px-web?pxid=E1308&theme=Education,source_reported_unharmonized
e1308_8a1b4b5f47,education,Number of school of general education as of 30 September by province · Upper Secondary,Upper Secondary,VN_SRC_PHUTHO,Phu Tho,2006,annual,51.0,School,not_specified,E1308,https://www.nso.gov.vn/en/px-web?pxid=E1308&theme=Education,source_reported_unharmonized
e1308_8a1b4b5f47,education,Number of school of general education as of 30 September by province · Upper Secondary,Upper Secondary,VN_SRC_PHUTHO,Phu Tho,2007,annual,53.0,School,not_specified,E1308,https://www.nso.gov.vn/en/px-web?pxid=E1308&theme=Education,source_reported_unharmonized
e1308_8a1b4b5f47,education,Number of school of general education as of 30 September by province · Upper Secondary,Upper Secondary,VN_SRC_PHUTHO,Phu Tho,2008,annual,54.0,School,not_specified,E1308,https://www.nso.gov.vn/en/px-web?pxid=E1308&theme=Education,source_reported_unharmonized
e1308_8a1b4b5f47,education,Number of school of general education as of 30 September by province · Upper Secondary,Upper Secondary,VN_SRC_PHUTHO,Phu Tho,2009,annual,55.0,School,not_specified,E1308,https://www.nso.gov.vn/en/px-web?pxid=E1308&theme=Education,source_reported_unharmonized
e1308_8a1b4b5f47,education,Number of school of general education as of 30 September by province · Upper Secondary,Upper Secondary,VN_SRC_PHUTHO,Phu Tho,2010,annual,47.0,School,not_specified,E1308,https://www.nso.gov.vn/en/px-web?pxid=E1308&theme=Education,source_reported_unharmonized
e1308_8a1b4b5f47,education,Number of school of general education as of 30 September by province · Upper Secondary,Upper Secondary,VN_SRC_PHUTHO,Phu Tho,2011,annual,44.0,School,not_specified,E1308,https://www.nso.gov.vn/en/px-web?pxid=E1308&theme=Education,source_reported_unharmonized
e1308_8a1b4b5f47,education,Number of school of general education as of 30 September by province · Upper Secondary,Upper Secondary,VN_SRC_PHUTHO,Phu Tho,2012,annual,44.0,School,not_specified,E1308,https://www.nso.gov.vn/en/px-web?pxid=E1308&theme=Education,source_reported_unharmonized
e1308_8a1b4b5f47,education,Number of school of general education as of 30 September by province · Upper Secondary,Upper Secondary,VN_SRC_PHUTHO,Phu Tho,2013,annual,44.0,School,not_specified,E1308,https://www.nso.gov.vn/en/px-web?pxid=E1308&theme=Education,source_reported_unharmonized
e1308_8a1b4b5f47,education,Number of school of general education as of 30 September by province · Upper Secondary,Upper Secondary,VN_SRC_PHUTHO,Phu Tho,2014,annual,44.0,School,not_specified,E1308,https://www.nso.gov.vn/en/px-web?pxid=E1308&theme=Education,source_reported_unharmonized
e1308_8a1b4b5f47,education,Number of school of general education as of 30 September by province · Upper Secondary,Upper Secondary,VN_SRC_PHUTHO,Phu Tho,2015,annual,44.0,School,not_specified,E1308,https://www.nso.gov.vn/en/px-web?pxid=E1308&theme=Education,source_reported_unharmonized
e1308_8a1b4b5f47,education,Number of school of general education as of 30 September by province · Upper Secondary,Upper Secondary,VN_SRC_PHUTHO,Phu Tho,2016,annual,43.0,School,not_specified,E1308,https://www.nso.gov.vn/en/px-web?pxid=E1308&theme=Education,source_reported_unharmonized
e1308_8a1b4b5f47,education,Number of school of general education as of 30 September by province · Upper Secondary,Upper Secondary,VN_SRC_PHUTHO,Phu Tho,2017,annual,43.0,School,not_specified,E1308,https://www.nso.gov.vn/en/px-web?pxid=E1308&theme=Education,source_reported_unharmonized
e1308_8a1b4b5f47,education,Number of school of general education as of 30 September by province · Upper Secondary,Upper Secondary,VN_SRC_PHUTHO,Phu Tho,2019,annual,43.0,School,not_specified,E1308,https://www.nso.gov.vn/en/px-web?pxid=E1308&theme=Education,source_reported_unharmonized
e1308_8a1b4b5f47,education,Number of school of general education as of 30 September by province · Upper Secondary,Upper Secondary,VN_SRC_PHUTHO,Phu Tho,2020,annual,43.0,School,not_specified,E1308,https://www.nso.gov.vn/en/px-web?pxid=E1308&theme=Education,source_reported_unharmonized
e1308_8a1b4b5f47,education,Number of school of general education as of 30 September by province · Upper Secondary,Upper Secondary,VN_SRC_PHUTHO,Phu Tho,2021,annual,44.0,School,not_specified,E1308,https://www.nso.gov.vn/en/px-web?pxid=E1308&theme=Education,source_reported_unharmonized
e1308_8a1b4b5f47,education,Number of school of general education as of 30 September by province · Upper Secondary,Upper Secondary,VN_SRC_PHUTHO,Phu Tho,2024,annual,45.0,School,not_specified,E1308,https://www.nso.gov.vn/en/px-web?pxid=E1308&theme=Education,source_reported_unharmonized
e1308_8a1b4b5f47,education,Number of school of general education as of 30 September by province · Upper Secondary,Upper Secondary,VN_SRC_DIENBIEN,Dien Bien,2002,annual,,School,not_specified,E1308,https://www.nso.gov.vn/en/px-web?pxid=E1308&theme=Education,source_reported_unharmonized
e1308_8a1b4b5f47,education,Number of school of general education as of 30 September by province · Upper Secondary,Upper Secondary,VN_SRC_DIENBIEN,Dien Bien,2003,annual,,School,not_specified,E1308,https://www.nso.gov.vn/en/px-web?pxid=E1308&theme=Education,source_reported_unharmonized
e1308_8a1b4b5f47,education,Number of school of general education as of 30 September by province · Upper Secondary,Upper Secondary,VN_SRC_DIENBIEN,Dien Bien,2004,annual,16.0,School,not_specified,E1308,https://www.nso.gov.vn/en/px-web?pxid=E1308&theme=Education,source_reported_unharmonized
e1308_8a1b4b5f47,education,Number of school of general education as of 30 September by province · Upper Secondary,Upper Secondary,VN_SRC_DIENBIEN,Dien Bien,2005,annual,16.0,School,not_specified,E1308,https://www.nso.gov.vn/en/px-web?pxid=E1308&theme=Education,source_reported_unharmonized
e1308_8a1b4b5f47,education,Number of school of general education as of 30 September by province · Upper Secondary,Upper Secondary,VN_SRC_DIENBIEN,Dien Bien,2006,annual,18.0,School,not_specified,E1308,https://www.nso.gov.vn/en/px-web?pxid=E1308&theme=Education,source_reported_unharmonized
e1308_8a1b4b5f47,education,Number of school of general education as of 30 September by province · Upper Secondary,Upper Secondary,VN_SRC_DIENBIEN,Dien Bien,2007,annual,18.0,School,not_specified,E1308,https://www.nso.gov.vn/en/px-web?pxid=E1308&theme=Education,source_reported_unharmonized
e1308_8a1b4b5f47,education,Number of school of general education as of 30 September by province · Upper Secondary,Upper Secondary,VN_SRC_DIENBIEN,Dien Bien,2008,annual,21.0,School,not_specified,E1308,https://www.nso.gov.vn/en/px-web?pxid=E1308&theme=Education,source_reported_unharmonized
e1308_8a1b4b5f47,education,Number of school of general education as of 30 September by province · Upper Secondary,Upper Secondary,VN_SRC_DIENBIEN,Dien Bien,2009,annual,28.0,School,not_specified,E1308,https://www.nso.gov.vn/en/px-web?pxid=E1308&theme=Education,source_reported_unharmonized
e1308_8a1b4b5f47,education,Number of school of general education as of 30 September by province · Upper Secondary,Upper Secondary,VN_SRC_DIENBIEN,Dien Bien,2010,annual,28.0,School,not_specified,E1308,https://www.nso.gov.vn/en/px-web?pxid=E1308&theme=Education,source_reported_unharmonized
e1308_8a1b4b5f47,education,Number of school of general education as of 30 September by province · Upper Secondary,Upper Secondary,VN_SRC_DIENBIEN,Dien Bien,2011,annual,29.0,School,not_specified,E1308,https://www.nso.gov.vn/en/px-web?pxid=E1308&theme=Education,source_reported_unharmonized
e1308_8a1b4b5f47,education,Number of school of general education as of 30 September by province · Upper Secondary,Upper Secondary,VN_SRC_DIENBIEN,Dien Bien,2012,annual,28.0,School,not_specified,E1308,https://www.nso.gov.vn/en/px-web?pxid=E1308&theme=Education,source_reported_unharmonized
e1308_8a1b4b5f47,education,Number of school of general education as of 30 September by province · Upper Secondary,Upper Secondary,VN_SRC_DIENBIEN,Dien Bien,2013,annual,28.0,School,not_specified,E1308,https://www.nso.gov.vn/en/px-web?pxid=E1308&theme=Education,source_reported_unharmonized
e1308_8a1b4b5f47,education,Number of school of general education as of 30 September by province · Upper Secondary,Upper Secondary,VN_SRC_DIENBIEN,Dien Bien,2014,annual,31.0,School,not_specified,E1308,https://www.nso.gov.vn/en/px-web?pxid=E1308&theme=Education,source_reported_unharmonized
e1308_8a1b4b5f47,education,Number of school of general education as of 30 September by province · Upper Secondary,Upper Secondary,VN_SRC_DIENBIEN,Dien Bien,2015,annual,31.0,School,not_specified,E1308,https://www.nso.gov.vn/en/px-web?pxid=E1308&theme=Education,source_reported_unharmonized
e1308_8a1b4b5f47,education,Number of school of general education as of 30 September by province · Upper Secondary,Upper Secondary,VN_SRC_DIENBIEN,Dien Bien,2016,annual,21.0,School,not_specified,E1308,https://www.nso.gov.vn/en/px-web?pxid=E1308&theme=Education,source_reported_unharmonized
e1308_8a1b4b5f47,education,Number of school of general education as of 30 September by province · Upper Secondary,Upper Secondary,VN_SRC_DIENBIEN,Dien Bien,2017,annual,21.0,School,not_specified,E1308,https://www.nso.gov.vn/en/px-web?pxid=E1308&theme=Education,source_reported_unharmonized
e1308_8a1b4b5f47,education,Number of school of general education as of 30 September by province · Upper Secondary,Upper Secondary,VN_SRC_DIENBIEN,Dien Bien,2019,annual,29.0,School,not_specified,E1308,https://www.nso.gov.vn/en/px-web?pxid=E1308&theme=Education,source_reported_unharmonized
e1308_8a1b4b5f47,education,Number of school of general education as of 30 September by province · Upper Secondary,Upper Secondary,VN_SRC_DIENBIEN,Dien Bien,2020,annual,29.0,School,not_specified,E1308,https://www.nso.gov.vn/en/px-web?pxid=E1308&theme=Education,source_reported_unharmonized
e1308_8a1b4b5f47,education,Number of school of general education as of 30 September by province · Upper Secondary,Upper Secondary,VN_SRC_DIENBIEN,Dien Bien,2021,annual,29.0,School,not_specified,E1308,https://www.nso.gov.vn/en/px-web?pxid=E1308&theme=Education,source_reported_unharmonized
e1308_8a1b4b5f47,education,Number of school of general education as of 30 September by province · Upper Secondary,Upper Secondary,VN_SRC_DIENBIEN,Dien Bien,2024,annual,29.0,School,not_specified,E1308,https://www.nso.gov.vn/en/px-web?pxid=E1308&theme=Education,source_reported_unharmonized
e1308_8a1b4b5f47,education,Number of school of general education as of 30 September by province · Upper Secondary,Upper Secondary,VN_SRC_LAICHAU,Lai Chau,2002,annual,10.0,School,not_specified,E1308,https://www.nso.gov.vn/en/px-web?pxid=E1308&theme=Education,source_reported_unharmonized
e1308_8a1b4b5f47,education,Number of school of general education as of 30 September by province · Upper Secondary,Upper Secondary,VN_SRC_LAICHAU,Lai Chau,2003,annual,12.0,School,not_specified,E1308,https://www.nso.gov.vn/en/px-web?pxid=E1308&theme=Education,source_reported_unharmonized
e1308_8a1b4b5f47,education,Number of school of general education as of 30 September by province · Upper Secondary,Upper Secondary,VN_SRC_LAICHAU,Lai Chau,2004,annual,7.0,School,not_specified,E1308,https://www.nso.gov.vn/en/px-web?pxid=E1308&theme=Education,source_reported_unharmonized
e1308_8a1b4b5f47,education,Number of school of general education as of 30 September by province · Upper Secondary,Upper Secondary,VN_SRC_LAICHAU,Lai Chau,2005,annual,8.0,School,not_specified,E1308,https://www.nso.gov.vn/en/px-web?pxid=E1308&theme=Education,source_reported_unharmonized
e1308_8a1b4b5f47,education,Number of school of general education as of 30 September by province · Upper Secondary,Upper Secondary,VN_SRC_LAICHAU,Lai Chau,2006,annual,9.0,School,not_specified,E1308,https://www.nso.gov.vn/en/px-web?pxid=E1308&theme=Education,source_reported_unharmonized
e1308_8a1b4b5f47,education,Number of school of general education as of 30 September by province · Upper Secondary,Upper Secondary,VN_SRC_LAICHAU,Lai Chau,2007,annual,11.0,School,not_specified,E1308,https://www.nso.gov.vn/en/px-web?pxid=E1308&theme=Education,source_reported_unharmonized
e1308_8a1b4b5f47,education,Number of school of general education as of 30 September by province · Upper Secondary,Upper Secondary,VN_SRC_LAICHAU,Lai Chau,2008,annual,13.0,School,not_specified,E1308,https://www.nso.gov.vn/en/px-web?pxid=E1308&theme=Education,source_reported_unharmonized
e1308_8a1b4b5f47,education,Number of school of general education as of 30 September by province · Upper Secondary,Upper Secondary,VN_SRC_LAICHAU,Lai Chau,2009,annual,16.0,School,not_specified,E1308,https://www.nso.gov.vn/en/px-web?pxid=E1308&theme=Education,source_reported_unharmonized
e1308_8a1b4b5f47,education,Number of school of general education as of 30 September by province · Upper Secondary,Upper Secondary,VN_SRC_LAICHAU,Lai Chau,2010,annual,16.0,School,not_specified,E1308,https://www.nso.gov.vn/en/px-web?pxid=E1308&theme=Education,source_reported_unharmonized
e1308_8a1b4b5f47,education,Number of school of general education as of 30 September by province · Upper Secondary,Upper Secondary,VN_SRC_LAICHAU,Lai Chau,2011,annual,18.0,School,not_specified,E1308,https://www.nso.gov.vn/en/px-web?pxid=E1308&theme=Education,source_reported_unharmonized
e1308_8a1b4b5f47,education,Number of school of general education as of 30 September by province · Upper Secondary,Upper Secondary,VN_SRC_LAICHAU,Lai Chau,2012,annual,18.0,School,not_specified,E1308,https://www.nso.gov.vn/en/px-web?pxid=E1308&theme=Education,source_reported_unharmonized
e1308_8a1b4b5f47,education,Number of school of general education as of 30 September by province · Upper Secondary,Upper Secondary,VN_SRC_LAICHAU,Lai Chau,2013,annual,22.0,School,not_specified,E1308,https://www.nso.gov.vn/en/px-web?pxid=E1308&theme=Education,source_reported_unharmonized
e1308_8a1b4b5f47,education,Number of school of general education as of 30 September by province · Upper Secondary,Upper Secondary,VN_SRC_LAICHAU,Lai Chau,2014,annual,19.0,School,not_specified,E1308,https://www.nso.gov.vn/en/px-web?pxid=E1308&theme=Education,source_reported_unharmonized
e1308_8a1b4b5f47,education,Number of school of general education as of 30 September by province · Upper Secondary,Upper Secondary,VN_SRC_LAICHAU,Lai Chau,2015,annual,21.0,School,not_specified,E1308,https://www.nso.gov.vn/en/px-web?pxid=E1308&theme=Education,source_reported_unharmonized
e1308_8a1b4b5f47,education,Number of school of general education as of 30 September by province · Upper Secondary,Upper Secondary,VN_SRC_LAICHAU,Lai Chau,2016,annual,22.0,School,not_specified,E1308,https://www.nso.gov.vn/en/px-web?pxid=E1308&theme=Education,source_reported_unharmonized
e1308_8a1b4b5f47,education,Number of school of general education as of 30 September by province · Upper Secondary,Upper Secondary,VN_SRC_LAICHAU,Lai Chau,2017,annual,22.0,School,not_specified,E1308,https://www.nso.gov.vn/en/px-web?pxid=E1308&theme=Education,source_reported_unharmonized
e1308_8a1b4b5f47,education,Number of school of general education as of 30 September by province · Upper Secondary,Upper Secondary,VN_SRC_LAICHAU,Lai Chau,2019,annual,25.0,School,not_specified,E1308,https://www.nso.gov.vn/en/px-web?pxid=E1308&theme=Education,source_reported_unharmonized
e1308_8a1b4b5f47,education,Number of school of general education as of 30 September by province · Upper Secondary,Upper Secondary,VN_SRC_LAICHAU,Lai Chau,2020,annual,23.0,School,not_specified,E1308,https://www.nso.gov.vn/en/px-web?pxid=E1308&theme=Education,source_reported_unharmonized
e1308_8a1b4b5f47,education,Number of school of general education as of 30 September by province · Upper Secondary,Upper Secondary,VN_SRC_LAICHAU,Lai Chau,2021,annual,23.0,School,not_specified,E1308,https://www.nso.gov.vn/en/px-web?pxid=E1308&theme=Education,source_reported_unharmonized
e1308_8a1b4b5f47,education,Number of school of general education as of 30 September by province · Upper Secondary,Upper Secondary,VN_SRC_LAICHAU,Lai Chau,2024,annual,23.0,School,not_specified,E1308,https://www.nso.gov.vn/en/px-web?pxid=E1308&theme=Education,source_reported_unharmonized
e1308_8a1b4b5f47,education,Number of school of general education as of 30 September by province · Upper Secondary,Upper Secondary,VN_SRC_SONLA,Son La,2002,annual,17.0,School,not_specified,E1308,https://www.nso.gov.vn/en/px-web?pxid=E1308&theme=Education,source_reported_unharmonized
e1308_8a1b4b5f47,education,Number of school of general education as of 30 September by province · Upper Secondary,Upper Secondary,VN_SRC_SONLA,Son La,2003,annual,20.0,School,not_specified,E1308,https://www.nso.gov.vn/en/px-web?pxid=E1308&theme=Education,source_reported_unharmonized
e1308_8a1b4b5f47,education,Number of school of general education as of 30 September by province · Upper Secondary,Upper Secondary,VN_SRC_SONLA,Son La,2004,annual,20.0,School,not_specified,E1308,https://www.nso.gov.vn/en/px-web?pxid=E1308&theme=Education,source_reported_unharmonized
e1308_8a1b4b5f47,education,Number of school of general education as of 30 September by province · Upper Secondary,Upper Secondary,VN_SRC_SONLA,Son La,2005,annual,23.0,School,not_specified,E1308,https://www.nso.gov.vn/en/px-web?pxid=E1308&theme=Education,source_reported_unharmonized
e1308_8a1b4b5f47,education,Number of school of general education as of 30 September by province · Upper Secondary,Upper Secondary,VN_SRC_SONLA,Son La,2006,annual,26.0,School,not_specified,E1308,https://www.nso.gov.vn/en/px-web?pxid=E1308&theme=Education,source_reported_unharmonized
e1308_8a1b4b5f47,education,Number of school of general education as of 30 September by province · Upper Secondary,Upper Secondary,VN_SRC_SONLA,Son La,2007,annual,26.0,School,not_specified,E1308,https://www.nso.gov.vn/en/px-web?pxid=E1308&theme=Education,source_reported_unharmonized
e1308_8a1b4b5f47,education,Number of school of general education as of 30 September by province · Upper Secondary,Upper Secondary,VN_SRC_SONLA,Son La,2008,annual,26.0,School,not_specified,E1308,https://www.nso.gov.vn/en/px-web?pxid=E1308&theme=Education,source_reported_unharmonized
e1308_8a1b4b5f47,education,Number of school of general education as of 30 September by province · Upper Secondary,Upper Secondary,VN_SRC_SONLA,Son La,2009,annual,28.0,School,not_specified,E1308,https://www.nso.gov.vn/en/px-web?pxid=E1308&theme=Education,source_reported_unharmonized
e1308_8a1b4b5f47,education,Number of school of general education as of 30 September by province · Upper Secondary,Upper Secondary,VN_SRC_SONLA,Son La,2010,annual,29.0,School,not_specified,E1308,https://www.nso.gov.vn/en/px-web?pxid=E1308&theme=Education,source_reported_unharmonized
e1308_8a1b4b5f47,education,Number of school of general education as of 30 September by province · Upper Secondary,Upper Secondary,VN_SRC_SONLA,Son La,2011,annual,30.0,School,not_specified,E1308,https://www.nso.gov.vn/en/px-web?pxid=E1308&theme=Education,source_reported_unharmonized
e1308_8a1b4b5f47,education,Number of school of general education as of 30 September by province · Upper Secondary,Upper Secondary,VN_SRC_SONLA,Son La,2012,annual,31.0,School,not_specified,E1308,https://www.nso.gov.vn/en/px-web?pxid=E1308&theme=Education,source_reported_unharmonized
e1308_8a1b4b5f47,education,Number of school of general education as of 30 September by province · Upper Secondary,Upper Secondary,VN_SRC_SONLA,Son La,2013,annual,31.0,School,not_specified,E1308,https://www.nso.gov.vn/en/px-web?pxid=E1308&theme=Education,source_reported_unharmonized
e1308_8a1b4b5f47,education,Number of school of general education as of 30 September by province · Upper Secondary,Upper Secondary,VN_SRC_SONLA,Son La,2014,annual,31.0,School,not_specified,E1308,https://www.nso.gov.vn/en/px-web?pxid=E1308&theme=Education,source_reported_unharmonized
e1308_8a1b4b5f47,education,Number of school of general education as of 30 September by province · Upper Secondary,Upper Secondary,VN_SRC_SONLA,Son La,2015,annual,32.0,School,not_specified,E1308,https://www.nso.gov.vn/en/px-web?pxid=E1308&theme=Education,source_reported_unharmonized
e1308_8a1b4b5f47,education,Number of school of general education as of 30 September by province · Upper Secondary,Upper Secondary,VN_SRC_SONLA,Son La,2016,annual,32.0,School,not_specified,E1308,https://www.nso.gov.vn/en/px-web?pxid=E1308&theme=Education,source_reported_unharmonized
e1308_8a1b4b5f47,education,Number of school of general education as of 30 September by province · Upper Secondary,Upper Secondary,VN_SRC_SONLA,Son La,2017,annual,32.0,School,not_specified,E1308,https://www.nso.gov.vn/en/px-web?pxid=E1308&theme=Education,source_reported_unharmonized
e1308_8a1b4b5f47,education,Number of school of general education as of 30 September by province · Upper Secondary,Upper Secondary,VN_SRC_SONLA,Son La,2019,annual,30.0,School,not_specified,E1308,https://www.nso.gov.vn/en/px-web?pxid=E1308&theme=Education,source_reported_unharmonized
e1308_8a1b4b5f47,education,Number of school of general education as of 30 September by province · Upper Secondary,Upper Secondary,VN_SRC_SONLA,Son La,2020,annual,30.0,School,not_specified,E1308,https://www.nso.gov.vn/en/px-web?pxid=E1308&theme=Education,source_reported_unharmonized
e1308_8a1b4b5f47,education,Number of school of general education as of 30 September by province · Upper Secondary,Upper Secondary,VN_SRC_SONLA,Son La,2021,annual,30.0,School,not_specified,E1308,https://www.nso.gov.vn/en/px-web?pxid=E1308&theme=Education,source_reported_unharmonized
e1308_8a1b4b5f47,education,Number of school of general education as of 30 September by province · Upper Secondary,Upper Secondary,VN_SRC_SONLA,Son La,2024,annual,30.0,School,not_specified,E1308,https://www.nso.gov.vn/en/px-web?pxid=E1308&theme=Education,source_reported_unharmonized
e1308_8a1b4b5f47,education,Number of school of general education as of 30 September by province · Upper Secondary,Upper Secondary,VN_SRC_HOABINH,Hoa Binh,2002,annual,33.0,School,not_specified,E1308,https://www.nso.gov.vn/en/px-web?pxid=E1308&theme=Education,source_reported_unharmonized
e1308_8a1b4b5f47,education,Number of school of general education as of 30 September by province · Upper Secondary,Upper Secondary,VN_SRC_HOABINH,Hoa Binh,2003,annual,33.0,School,not_specified,E1308,https://www.nso.gov.vn/en/px-web?pxid=E1308&theme=Education,source_reported_unharmonized
e1308_8a1b4b5f47,education,Number of school of general education as of 30 September by province · Upper Secondary,Upper Secondary,VN_SRC_HOABINH,Hoa Binh,2004,annual,33.0,School,not_specified,E1308,https://www.nso.gov.vn/en/px-web?pxid=E1308&theme=Education,source_reported_unharmonized
e1308_8a1b4b5f47,education,Number of school of general education as of 30 September by province · Upper Secondary,Upper Secondary,VN_SRC_HOABINH,Hoa Binh,2005,annual,32.0,School,not_specified,E1308,https://www.nso.gov.vn/en/px-web?pxid=E1308&theme=Education,source_reported_unharmonized
e1308_8a1b4b5f47,education,Number of school of general education as of 30 September by province · Upper Secondary,Upper Secondary,VN_SRC_HOABINH,Hoa Binh,2006,annual,32.0,School,not_specified,E1308,https://www.nso.gov.vn/en/px-web?pxid=E1308&theme=Education,source_reported_unharmonized
e1308_8a1b4b5f47,education,Number of school of general education as of 30 September by province · Upper Secondary,Upper Secondary,VN_SRC_HOABINH,Hoa Binh,2007,annual,34.0,School,not_specified,E1308,https://www.nso.gov.vn/en/px-web?pxid=E1308&theme=Education,source_reported_unharmonized
e1308_8a1b4b5f47,education,Number of school of general education as of 30 September by province · Upper Secondary,Upper Secondary,VN_SRC_HOABINH,Hoa Binh,2008,annual,35.0,School,not_specified,E1308,https://www.nso.gov.vn/en/px-web?pxid=E1308&theme=Education,source_reported_unharmonized
e1308_8a1b4b5f47,education,Number of school of general education as of 30 September by province · Upper Secondary,Upper Secondary,VN_SRC_HOABINH,Hoa Binh,2009,annual,38.0,School,not_specified,E1308,https://www.nso.gov.vn/en/px-web?pxid=E1308&theme=Education,source_reported_unharmonized
e1308_8a1b4b5f47,education,Number of school of general education as of 30 September by province · Upper Secondary,Upper Secondary,VN_SRC_HOABINH,Hoa Binh,2010,annual,38.0,School,not_specified,E1308,https://www.nso.gov.vn/en/px-web?pxid=E1308&theme=Education,source_reported_unharmonized
e1308_8a1b4b5f47,education,Number of school of general education as of 30 September by province · Upper Secondary,Upper Secondary,VN_SRC_HOABINH,Hoa Binh,2011,annual,38.0,School,not_specified,E1308,https://www.nso.gov.vn/en/px-web?pxid=E1308&theme=Education,source_reported_unharmonized
e1308_8a1b4b5f47,education,Number of school of general education as of 30 September by province · Upper Secondary,Upper Secondary,VN_SRC_HOABINH,Hoa Binh,2012,annual,37.0,School,not_specified,E1308,https://www.nso.gov.vn/en/px-web?pxid=E1308&theme=Education,source_reported_unharmonized
e1308_8a1b4b5f47,education,Number of school of general education as of 30 September by province · Upper Secondary,Upper Secondary,VN_SRC_HOABINH,Hoa Binh,2013,annual,37.0,School,not_specified,E1308,https://www.nso.gov.vn/en/px-web?pxid=E1308&theme=Education,source_reported_unharmonized
e1308_8a1b4b5f47,education,Number of school of general education as of 30 September by province · Upper Secondary,Upper Secondary,VN_SRC_HOABINH,Hoa Binh,2014,annual,37.0,School,not_specified,E1308,https://www.nso.gov.vn/en/px-web?pxid=E1308&theme=Education,source_reported_unharmonized
e1308_8a1b4b5f47,education,Number of school of general education as of 30 September by province · Upper Secondary,Upper Secondary,VN_SRC_HOABINH,Hoa Binh,2015,annual,37.0,School,not_specified,E1308,https://www.nso.gov.vn/en/px-web?pxid=E1308&theme=Education,source_reported_unharmonized
e1308_8a1b4b5f47,education,Number of school of general education as of 30 September by province · Upper Secondary,Upper Secondary,VN_SRC_HOABINH,Hoa Binh,2016,annual,37.0,School,not_specified,E1308,https://www.nso.gov.vn/en/px-web?pxid=E1308&theme=Education,source_reported_unharmonized
e1308_8a1b4b5f47,education,Number of school of general education as of 30 September by province · Upper Secondary,Upper Secondary,VN_SRC_HOABINH,Hoa Binh,2017,annual,37.0,School,not_specified,E1308,https://www.nso.gov.vn/en/px-web?pxid=E1308&theme=Education,source_reported_unharmonized
e1308_8a1b4b5f47,education,Number of school of general education as of 30 September by province · Upper Secondary,Upper Secondary,VN_SRC_HOABINH,Hoa Binh,2019,annual,36.0,School,not_specified,E1308,https://www.nso.gov.vn/en/px-web?pxid=E1308&theme=Education,source_reported_unharmonized
e1308_8a1b4b5f47,education,Number of school of general education as of 30 September by province · Upper Secondary,Upper Secondary,VN_SRC_HOABINH,Hoa Binh,2020,annual,36.0,School,not_specified,E1308,https://www.nso.gov.vn/en/px-web?pxid=E1308&theme=Education,source_reported_unharmonized
e1308_8a1b4b5f47,education,Number of school of general education as of 30 September by province · Upper Secondary,Upper Secondary,VN_SRC_HOABINH,Hoa Binh,2021,annual,36.0,School,not_specified,E1308,https://www.nso.gov.vn/en/px-web?pxid=E1308&theme=Education,source_reported_unharmonized
e1308_8a1b4b5f47,education,Number of school of general education as of 30 September by province · Upper Secondary,Upper Secondary,VN_SRC_HOABINH,Hoa Binh,2024,annual,37.0,School,not_specified,E1308,https://www.nso.gov.vn/en/px-web?pxid=E1308&theme=Education,source_reported_unharmonized
e1308_8a1b4b5f47,education,Number of school of general education as of 30 September by province · Upper Secondary,Upper Secondary,VN_SRC_THANHHOA,Thanh Hoa,2002,annual,84.0,School,not_specified,E1308,https://www.nso.gov.vn/en/px-web?pxid=E1308&theme=Education,source_reported_unharmonized
e1308_8a1b4b5f47,education,Number of school of general education as of 30 September by province · Upper Secondary,Upper Secondary,VN_SRC_THANHHOA,Thanh Hoa,2003,annual,91.0,School,not_specified,E1308,https://www.nso.gov.vn/en/px-web?pxid=E1308&theme=Education,source_reported_unharmonized
e1308_8a1b4b5f47,education,Number of school of general education as of 30 September by province · Upper Secondary,Upper Secondary,VN_SRC_THANHHOA,Thanh Hoa,2004,annual,92.0,School,not_specified,E1308,https://www.nso.gov.vn/en/px-web?pxid=E1308&theme=Education,source_reported_unharmonized
e1308_8a1b4b5f47,education,Number of school of general education as of 30 September by province · Upper Secondary,Upper Secondary,VN_SRC_THANHHOA,Thanh Hoa,2005,annual,95.0,School,not_specified,E1308,https://www.nso.gov.vn/en/px-web?pxid=E1308&theme=Education,source_reported_unharmonized
e1308_8a1b4b5f47,education,Number of school of general education as of 30 September by province · Upper Secondary,Upper Secondary,VN_SRC_THANHHOA,Thanh Hoa,2006,annual,100.0,School,not_specified,E1308,https://www.nso.gov.vn/en/px-web?pxid=E1308&theme=Education,source_reported_unharmonized
e1308_8a1b4b5f47,education,Number of school of general education as of 30 September by province · Upper Secondary,Upper Secondary,VN_SRC_THANHHOA,Thanh Hoa,2007,annual,101.0,School,not_specified,E1308,https://www.nso.gov.vn/en/px-web?pxid=E1308&theme=Education,source_reported_unharmonized
e1308_8a1b4b5f47,education,Number of school of general education as of 30 September by province · Upper Secondary,Upper Secondary,VN_SRC_THANHHOA,Thanh Hoa,2008,annual,102.0,School,not_specified,E1308,https://www.nso.gov.vn/en/px-web?pxid=E1308&theme=Education,source_reported_unharmonized
e1308_8a1b4b5f47,education,Number of school of general education as of 30 September by province · Upper Secondary,Upper Secondary,VN_SRC_THANHHOA,Thanh Hoa,2009,annual,102.0,School,not_specified,E1308,https://www.nso.gov.vn/en/px-web?pxid=E1308&theme=Education,source_reported_unharmonized
e1308_8a1b4b5f47,education,Number of school of general education as of 30 September by province · Upper Secondary,Upper Secondary,VN_SRC_THANHHOA,Thanh Hoa,2010,annual,104.0,School,not_specified,E1308,https://www.nso.gov.vn/en/px-web?pxid=E1308&theme=Education,source_reported_unharmonized
e1308_8a1b4b5f47,education,Number of school of general education as of 30 September by province · Upper Secondary,Upper Secondary,VN_SRC_THANHHOA,Thanh Hoa,2011,annual,104.0,School,not_specified,E1308,https://www.nso.gov.vn/en/px-web?pxid=E1308&theme=Education,source_reported_unharmonized
e1308_8a1b4b5f47,education,Number of school of general education as of 30 September by province · Upper Secondary,Upper Secondary,VN_SRC_THANHHOA,Thanh Hoa,2012,annual,104.0,School,not_specified,E1308,https://www.nso.gov.vn/en/px-web?pxid=E1308&theme=Education,source_reported_unharmonized
e1308_8a1b4b5f47,education,Number of school of general education as of 30 September by province · Upper Secondary,Upper Secondary,VN_SRC_THANHHOA,Thanh Hoa,2013,annual,101.0,School,not_specified,E1308,https://www.nso.gov.vn/en/px-web?pxid=E1308&theme=Education,source_reported_unharmonized
e1308_8a1b4b5f47,education,Number of school of general education as of 30 September by province · Upper Secondary,Upper Secondary,VN_SRC_THANHHOA,Thanh Hoa,2014,annual,101.0,School,not_specified,E1308,https://www.nso.gov.vn/en/px-web?pxid=E1308&theme=Education,source_reported_unharmonized
e1308_8a1b4b5f47,education,Number of school of general education as of 30 September by province · Upper Secondary,Upper Secondary,VN_SRC_THANHHOA,Thanh Hoa,2015,annual,101.0,School,not_specified,E1308,https://www.nso.gov.vn/en/px-web?pxid=E1308&theme=Education,source_reported_unharmonized
e1308_8a1b4b5f47,education,Number of school of general education as of 30 September by province · Upper Secondary,Upper Secondary,VN_SRC_THANHHOA,Thanh Hoa,2016,annual,100.0,School,not_specified,E1308,https://www.nso.gov.vn/en/px-web?pxid=E1308&theme=Education,source_reported_unharmonized
e1308_8a1b4b5f47,education,Number of school of general education as of 30 September by province · Upper Secondary,Upper Secondary,VN_SRC_THANHHOA,Thanh Hoa,2017,annual,101.0,School,not_specified,E1308,https://www.nso.gov.vn/en/px-web?pxid=E1308&theme=Education,source_reported_unharmonized
e1308_8a1b4b5f47,education,Number of school of general education as of 30 September by province · Upper Secondary,Upper Secondary,VN_SRC_THANHHOA,Thanh Hoa,2019,annual,86.0,School,not_specified,E1308,https://www.nso.gov.vn/en/px-web?pxid=E1308&theme=Education,source_reported_unharmonized
e1308_8a1b4b5f47,education,Number of school of general education as of 30 September by province · Upper Secondary,Upper Secondary,VN_SRC_THANHHOA,Thanh Hoa,2020,annual,88.0,School,not_specified,E1308,https://www.nso.gov.vn/en/px-web?pxid=E1308&theme=Education,source_reported_unharmonized
e1308_8a1b4b5f47,education,Number of school of general education as of 30 September by province · Upper Secondary,Upper Secondary,VN_SRC_THANHHOA,Thanh Hoa,2021,annual,87.0,School,not_specified,E1308,https://www.nso.gov.vn/en/px-web?pxid=E1308&theme=Education,source_reported_unharmonized
e1308_8a1b4b5f47,education,Number of school of general education as of 30 September by province · Upper Secondary,Upper Secondary,VN_SRC_THANHHOA,Thanh Hoa,2024,annual,86.0,School,not_specified,E1308,https://www.nso.gov.vn/en/px-web?pxid=E1308&theme=Education,source_reported_unharmonized
e1308_8a1b4b5f47,education,Number of school of general education as of 30 September by province · Upper Secondary,Upper Secondary,VN_SRC_NGHEAN,Nghe An,2002,annual,82.0,School,not_specified,E1308,https://www.nso.gov.vn/en/px-web?pxid=E1308&theme=Education,source_reported_unharmonized
e1308_8a1b4b5f47,education,Number of school of general education as of 30 September by province · Upper Secondary,Upper Secondary,VN_SRC_NGHEAN,Nghe An,2003,annual,83.0,School,not_specified,E1308,https://www.nso.gov.vn/en/px-web?pxid=E1308&theme=Education,source_reported_unharmonized
e1308_8a1b4b5f47,education,Number of school of general education as of 30 September by province · Upper Secondary,Upper Secondary,VN_SRC_NGHEAN,Nghe An,2004,annual,84.0,School,not_specified,E1308,https://www.nso.gov.vn/en/px-web?pxid=E1308&theme=Education,source_reported_unharmonized
e1308_8a1b4b5f47,education,Number of school of general education as of 30 September by province · Upper Secondary,Upper Secondary,VN_SRC_NGHEAN,Nghe An,2005,annual,84.0,School,not_specified,E1308,https://www.nso.gov.vn/en/px-web?pxid=E1308&theme=Education,source_reported_unharmonized
e1308_8a1b4b5f47,education,Number of school of general education as of 30 September by province · Upper Secondary,Upper Secondary,VN_SRC_NGHEAN,Nghe An,2006,annual,89.0,School,not_specified,E1308,https://www.nso.gov.vn/en/px-web?pxid=E1308&theme=Education,source_reported_unharmonized
e1308_8a1b4b5f47,education,Number of school of general education as of 30 September by province · Upper Secondary,Upper Secondary,VN_SRC_NGHEAN,Nghe An,2007,annual,89.0,School,not_specified,E1308,https://www.nso.gov.vn/en/px-web?pxid=E1308&theme=Education,source_reported_unharmonized
e1308_8a1b4b5f47,education,Number of school of general education as of 30 September by province · Upper Secondary,Upper Secondary,VN_SRC_NGHEAN,Nghe An,2008,annual,90.0,School,not_specified,E1308,https://www.nso.gov.vn/en/px-web?pxid=E1308&theme=Education,source_reported_unharmonized
e1308_8a1b4b5f47,education,Number of school of general education as of 30 September by province · Upper Secondary,Upper Secondary,VN_SRC_NGHEAN,Nghe An,2009,annual,90.0,School,not_specified,E1308,https://www.nso.gov.vn/en/px-web?pxid=E1308&theme=Education,source_reported_unharmonized
e1308_8a1b4b5f47,education,Number of school of general education as of 30 September by province · Upper Secondary,Upper Secondary,VN_SRC_NGHEAN,Nghe An,2010,annual,90.0,School,not_specified,E1308,https://www.nso.gov.vn/en/px-web?pxid=E1308&theme=Education,source_reported_unharmonized
e1308_8a1b4b5f47,education,Number of school of general education as of 30 September by province · Upper Secondary,Upper Secondary,VN_SRC_NGHEAN,Nghe An,2011,annual,91.0,School,not_specified,E1308,https://www.nso.gov.vn/en/px-web?pxid=E1308&theme=Education,source_reported_unharmonized
e1308_8a1b4b5f47,education,Number of school of general education as of 30 September by province · Upper Secondary,Upper Secondary,VN_SRC_NGHEAN,Nghe An,2012,annual,91.0,School,not_specified,E1308,https://www.nso.gov.vn/en/px-web?pxid=E1308&theme=Education,source_reported_unharmonized
e1308_8a1b4b5f47,education,Number of school of general education as of 30 September by province · Upper Secondary,Upper Secondary,VN_SRC_NGHEAN,Nghe An,2013,annual,90.0,School,not_specified,E1308,https://www.nso.gov.vn/en/px-web?pxid=E1308&theme=Education,source_reported_unharmonized
e1308_8a1b4b5f47,education,Number of school of general education as of 30 September by province · Upper Secondary,Upper Secondary,VN_SRC_NGHEAN,Nghe An,2014,annual,89.0,School,not_specified,E1308,https://www.nso.gov.vn/en/px-web?pxid=E1308&theme=Education,source_reported_unharmonized
e1308_8a1b4b5f47,education,Number of school of general education as of 30 September by province · Upper Secondary,Upper Secondary,VN_SRC_NGHEAN,Nghe An,2015,annual,88.0,School,not_specified,E1308,https://www.nso.gov.vn/en/px-web?pxid=E1308&theme=Education,source_reported_unharmonized
e1308_8a1b4b5f47,education,Number of school of general education as of 30 September by province · Upper Secondary,Upper Secondary,VN_SRC_NGHEAN,Nghe An,2016,annual,89.0,School,not_specified,E1308,https://www.nso.gov.vn/en/px-web?pxid=E1308&theme=Education,source_reported_unharmonized
e1308_8a1b4b5f47,education,Number of school of general education as of 30 September by province · Upper Secondary,Upper Secondary,VN_SRC_NGHEAN,Nghe An,2017,annual,90.0,School,not_specified,E1308,https://www.nso.gov.vn/en/px-web?pxid=E1308&theme=Education,source_reported_unharmonized
e1308_8a1b4b5f47,education,Number of school of general education as of 30 September by province · Upper Secondary,Upper Secondary,VN_SRC_NGHEAN,Nghe An,2019,annual,88.0,School,not_specified,E1308,https://www.nso.gov.vn/en/px-web?pxid=E1308&theme=Education,source_reported_unharmonized
e1308_8a1b4b5f47,education,Number of school of general education as of 30 September by province · Upper Secondary,Upper Secondary,VN_SRC_NGHEAN,Nghe An,2020,annual,89.0,School,not_specified,E1308,https://www.nso.gov.vn/en/px-web?pxid=E1308&theme=Education,source_reported_unharmonized
e1308_8a1b4b5f47,education,Number of school of general education as of 30 September by province · Upper Secondary,Upper Secondary,VN_SRC_NGHEAN,Nghe An,2021,annual,89.0,School,not_specified,E1308,https://www.nso.gov.vn/en/px-web?pxid=E1308&theme=Education,source_reported_unharmonized
e1308_8a1b4b5f47,education,Number of school of general education as of 30 September by province · Upper Secondary,Upper Secondary,VN_SRC_NGHEAN,Nghe An,2024,annual,87.0,School,not_specified,E1308,https://www.nso.gov.vn/en/px-web?pxid=E1308&theme=Education,source_reported_unharmonized
e1308_8a1b4b5f47,education,Number of school of general education as of 30 September by province · Upper Secondary,Upper Secondary,VN_SRC_HATINH,Ha Tinh,2002,annual,35.0,School,not_specified,E1308,https://www.nso.gov.vn/en/px-web?pxid=E1308&theme=Education,source_reported_unharmonized
e1308_8a1b4b5f47,education,Number of school of general education as of 30 September by province · Upper Secondary,Upper Secondary,VN_SRC_HATINH,Ha Tinh,2003,annual,38.0,School,not_specified,E1308,https://www.nso.gov.vn/en/px-web?pxid=E1308&theme=Education,source_reported_unharmonized
e1308_8a1b4b5f47,education,Number of school of general education as of 30 September by province · Upper Secondary,Upper Secondary,VN_SRC_HATINH,Ha Tinh,2004,annual,41.0,School,not_specified,E1308,https://www.nso.gov.vn/en/px-web?pxid=E1308&theme=Education,source_reported_unharmonized
e1308_8a1b4b5f47,education,Number of school of general education as of 30 September by province · Upper Secondary,Upper Secondary,VN_SRC_HATINH,Ha Tinh,2005,annual,42.0,School,not_specified,E1308,https://www.nso.gov.vn/en/px-web?pxid=E1308&theme=Education,source_reported_unharmonized
e1308_8a1b4b5f47,education,Number of school of general education as of 30 September by province · Upper Secondary,Upper Secondary,VN_SRC_HATINH,Ha Tinh,2006,annual,43.0,School,not_specified,E1308,https://www.nso.gov.vn/en/px-web?pxid=E1308&theme=Education,source_reported_unharmonized
e1308_8a1b4b5f47,education,Number of school of general education as of 30 September by province · Upper Secondary,Upper Secondary,VN_SRC_HATINH,Ha Tinh,2007,annual,44.0,School,not_specified,E1308,https://www.nso.gov.vn/en/px-web?pxid=E1308&theme=Education,source_reported_unharmonized
e1308_8a1b4b5f47,education,Number of school of general education as of 30 September by province · Upper Secondary,Upper Secondary,VN_SRC_HATINH,Ha Tinh,2008,annual,45.0,School,not_specified,E1308,https://www.nso.gov.vn/en/px-web?pxid=E1308&theme=Education,source_reported_unharmonized
e1308_8a1b4b5f47,education,Number of school of general education as of 30 September by province · Upper Secondary,Upper Secondary,VN_SRC_HATINH,Ha Tinh,2009,annual,45.0,School,not_specified,E1308,https://www.nso.gov.vn/en/px-web?pxid=E1308&theme=Education,source_reported_unharmonized
e1308_8a1b4b5f47,education,Number of school of general education as of 30 September by province · Upper Secondary,Upper Secondary,VN_SRC_HATINH,Ha Tinh,2010,annual,46.0,School,not_specified,E1308,https://www.nso.gov.vn/en/px-web?pxid=E1308&theme=Education,source_reported_unharmonized
e1308_8a1b4b5f47,education,Number of school of general education as of 30 September by province · Upper Secondary,Upper Secondary,VN_SRC_HATINH,Ha Tinh,2011,annual,45.0,School,not_specified,E1308,https://www.nso.gov.vn/en/px-web?pxid=E1308&theme=Education,source_reported_unharmonized
e1308_8a1b4b5f47,education,Number of school of general education as of 30 September by province · Upper Secondary,Upper Secondary,VN_SRC_HATINH,Ha Tinh,2012,annual,45.0,School,not_specified,E1308,https://www.nso.gov.vn/en/px-web?pxid=E1308&theme=Education,source_reported_unharmonized
e1308_8a1b4b5f47,education,Number of school of general education as of 30 September by province · Upper Secondary,Upper Secondary,VN_SRC_HATINH,Ha Tinh,2013,annual,44.0,School,not_specified,E1308,https://www.nso.gov.vn/en/px-web?pxid=E1308&theme=Education,source_reported_unharmonized
e1308_8a1b4b5f47,education,Number of school of general education as of 30 September by province · Upper Secondary,Upper Secondary,VN_SRC_HATINH,Ha Tinh,2014,annual,43.0,School,not_specified,E1308,https://www.nso.gov.vn/en/px-web?pxid=E1308&theme=Education,source_reported_unharmonized
e1308_8a1b4b5f47,education,Number of school of general education as of 30 September by province · Upper Secondary,Upper Secondary,VN_SRC_HATINH,Ha Tinh,2015,annual,43.0,School,not_specified,E1308,https://www.nso.gov.vn/en/px-web?pxid=E1308&theme=Education,source_reported_unharmonized
e1308_8a1b4b5f47,education,Number of school of general education as of 30 September by province · Upper Secondary,Upper Secondary,VN_SRC_HATINH,Ha Tinh,2016,annual,42.0,School,not_specified,E1308,https://www.nso.gov.vn/en/px-web?pxid=E1308&theme=Education,source_reported_unharmonized
e1308_8a1b4b5f47,education,Number of school of general education as of 30 September by province · Upper Secondary,Upper Secondary,VN_SRC_HATINH,Ha Tinh,2017,annual,42.0,School,not_specified,E1308,https://www.nso.gov.vn/en/px-web?pxid=E1308&theme=Education,source_reported_unharmonized
e1308_8a1b4b5f47,education,Number of school of general education as of 30 September by province · Upper Secondary,Upper Secondary,VN_SRC_HATINH,Ha Tinh,2019,annual,42.0,School,not_specified,E1308,https://www.nso.gov.vn/en/px-web?pxid=E1308&theme=Education,source_reported_unharmonized
e1308_8a1b4b5f47,education,Number of school of general education as of 30 September by province · Upper Secondary,Upper Secondary,VN_SRC_HATINH,Ha Tinh,2020,annual,41.0,School,not_specified,E1308,https://www.nso.gov.vn/en/px-web?pxid=E1308&theme=Education,source_reported_unharmonized
e1308_8a1b4b5f47,education,Number of school of general education as of 30 September by province · Upper Secondary,Upper Secondary,VN_SRC_HATINH,Ha Tinh,2021,annual,41.0,School,not_specified,E1308,https://www.nso.gov.vn/en/px-web?pxid=E1308&theme=Education,source_reported_unharmonized
e1308_8a1b4b5f47,education,Number of school of general education as of 30 September by province · Upper Secondary,Upper Secondary,VN_SRC_HATINH,Ha Tinh,2024,annual,40.0,School,not_specified,E1308,https://www.nso.gov.vn/en/px-web?pxid=E1308&theme=Education,source_reported_unharmonized
e1308_8a1b4b5f47,education,Number of school of general education as of 30 September by province · Upper Secondary,Upper Secondary,VN_SRC_QUANGBINH,Quang Binh,2002,annual,21.0,School,not_specified,E1308,https://www.nso.gov.vn/en/px-web?pxid=E1308&theme=Education,source_reported_unharmonized
e1308_8a1b4b5f47,education,Number of school of general education as of 30 September by province · Upper Secondary,Upper Secondary,VN_SRC_QUANGBINH,Quang Binh,2003,annual,26.0,School,not_specified,E1308,https://www.nso.gov.vn/en/px-web?pxid=E1308&theme=Education,source_reported_unharmonized
e1308_8a1b4b5f47,education,Number of school of general education as of 30 September by province · Upper Secondary,Upper Secondary,VN_SRC_QUANGBINH,Quang Binh,2004,annual,26.0,School,not_specified,E1308,https://www.nso.gov.vn/en/px-web?pxid=E1308&theme=Education,source_reported_unharmonized
e1308_8a1b4b5f47,education,Number of school of general education as of 30 September by province · Upper Secondary,Upper Secondary,VN_SRC_QUANGBINH,Quang Binh,2005,annual,27.0,School,not_specified,E1308,https://www.nso.gov.vn/en/px-web?pxid=E1308&theme=Education,source_reported_unharmonized
e1308_8a1b4b5f47,education,Number of school of general education as of 30 September by province · Upper Secondary,Upper Secondary,VN_SRC_QUANGBINH,Quang Binh,2006,annual,27.0,School,not_specified,E1308,https://www.nso.gov.vn/en/px-web?pxid=E1308&theme=Education,source_reported_unharmonized
e1308_8a1b4b5f47,education,Number of school of general education as of 30 September by province · Upper Secondary,Upper Secondary,VN_SRC_QUANGBINH,Quang Binh,2007,annual,27.0,School,not_specified,E1308,https://www.nso.gov.vn/en/px-web?pxid=E1308&theme=Education,source_reported_unharmonized
e1308_8a1b4b5f47,education,Number of school of general education as of 30 September by province · Upper Secondary,Upper Secondary,VN_SRC_QUANGBINH,Quang Binh,2008,annual,28.0,School,not_specified,E1308,https://www.nso.gov.vn/en/px-web?pxid=E1308&theme=Education,source_reported_unharmonized
e1308_8a1b4b5f47,education,Number of school of general education as of 30 September by province · Upper Secondary,Upper Secondary,VN_SRC_QUANGBINH,Quang Binh,2009,annual,28.0,School,not_specified,E1308,https://www.nso.gov.vn/en/px-web?pxid=E1308&theme=Education,source_reported_unharmonized
e1308_8a1b4b5f47,education,Number of school of general education as of 30 September by province · Upper Secondary,Upper Secondary,VN_SRC_QUANGBINH,Quang Binh,2010,annual,27.0,School,not_specified,E1308,https://www.nso.gov.vn/en/px-web?pxid=E1308&theme=Education,source_reported_unharmonized
e1308_8a1b4b5f47,education,Number of school of general education as of 30 September by province · Upper Secondary,Upper Secondary,VN_SRC_QUANGBINH,Quang Binh,2011,annual,27.0,School,not_specified,E1308,https://www.nso.gov.vn/en/px-web?pxid=E1308&theme=Education,source_reported_unharmonized
e1308_8a1b4b5f47,education,Number of school of general education as of 30 September by province · Upper Secondary,Upper Secondary,VN_SRC_QUANGBINH,Quang Binh,2012,annual,27.0,School,not_specified,E1308,https://www.nso.gov.vn/en/px-web?pxid=E1308&theme=Education,source_reported_unharmonized
e1308_8a1b4b5f47,education,Number of school of general education as of 30 September by province · Upper Secondary,Upper Secondary,VN_SRC_QUANGBINH,Quang Binh,2013,annual,27.0,School,not_specified,E1308,https://www.nso.gov.vn/en/px-web?pxid=E1308&theme=Education,source_reported_unharmonized
e1308_8a1b4b5f47,education,Number of school of general education as of 30 September by province · Upper Secondary,Upper Secondary,VN_SRC_QUANGBINH,Quang Binh,2014,annual,27.0,School,not_specified,E1308,https://www.nso.gov.vn/en/px-web?pxid=E1308&theme=Education,source_reported_unharmonized
e1308_8a1b4b5f47,education,Number of school of general education as of 30 September by province · Upper Secondary,Upper Secondary,VN_SRC_QUANGBINH,Quang Binh,2015,annual,27.0,School,not_specified,E1308,https://www.nso.gov.vn/en/px-web?pxid=E1308&theme=Education,source_reported_unharmonized
e1308_8a1b4b5f47,education,Number of school of general education as of 30 September by province · Upper Secondary,Upper Secondary,VN_SRC_QUANGBINH,Quang Binh,2016,annual,27.0,School,not_specified,E1308,https://www.nso.gov.vn/en/px-web?pxid=E1308&theme=Education,source_reported_unharmonized
e1308_8a1b4b5f47,education,Number of school of general education as of 30 September by province · Upper Secondary,Upper Secondary,VN_SRC_QUANGBINH,Quang Binh,2017,annual,27.0,School,not_specified,E1308,https://www.nso.gov.vn/en/px-web?pxid=E1308&theme=Education,source_reported_unharmonized
e1308_8a1b4b5f47,education,Number of school of general education as of 30 September by province · Upper Secondary,Upper Secondary,VN_SRC_QUANGBINH,Quang Binh,2019,annual,27.0,School,not_specified,E1308,https://www.nso.gov.vn/en/px-web?pxid=E1308&theme=Education,source_reported_unharmonized
e1308_8a1b4b5f47,education,Number of school of general education as of 30 September by province · Upper Secondary,Upper Secondary,VN_SRC_QUANGBINH,Quang Binh,2020,annual,26.0,School,not_specified,E1308,https://www.nso.gov.vn/en/px-web?pxid=E1308&theme=Education,source_reported_unharmonized
e1308_8a1b4b5f47,education,Number of school of general education as of 30 September by province · Upper Secondary,Upper Secondary,VN_SRC_QUANGBINH,Quang Binh,2021,annual,26.0,School,not_specified,E1308,https://www.nso.gov.vn/en/px-web?pxid=E1308&theme=Education,source_reported_unharmonized
e1308_8a1b4b5f47,education,Number of school of general education as of 30 September by province · Upper Secondary,Upper Secondary,VN_SRC_QUANGBINH,Quang Binh,2024,annual,26.0,School,not_specified,E1308,https://www.nso.gov.vn/en/px-web?pxid=E1308&theme=Education,source_reported_unharmonized
e1308_8a1b4b5f47,education,Number of school of general education as of 30 September by province · Upper Secondary,Upper Secondary,VN_SRC_QUANGTRI,Quang Tri,2002,annual,21.0,School,not_specified,E1308,https://www.nso.gov.vn/en/px-web?pxid=E1308&theme=Education,source_reported_unharmonized
e1308_8a1b4b5f47,education,Number of school of general education as of 30 September by province · Upper Secondary,Upper Secondary,VN_SRC_QUANGTRI,Quang Tri,2003,annual,23.0,School,not_specified,E1308,https://www.nso.gov.vn/en/px-web?pxid=E1308&theme=Education,source_reported_unharmonized
e1308_8a1b4b5f47,education,Number of school of general education as of 30 September by province · Upper Secondary,Upper Secondary,VN_SRC_QUANGTRI,Quang Tri,2004,annual,24.0,School,not_specified,E1308,https://www.nso.gov.vn/en/px-web?pxid=E1308&theme=Education,source_reported_unharmonized
e1308_8a1b4b5f47,education,Number of school of general education as of 30 September by province · Upper Secondary,Upper Secondary,VN_SRC_QUANGTRI,Quang Tri,2005,annual,24.0,School,not_specified,E1308,https://www.nso.gov.vn/en/px-web?pxid=E1308&theme=Education,source_reported_unharmonized
e1308_8a1b4b5f47,education,Number of school of general education as of 30 September by province · Upper Secondary,Upper Secondary,VN_SRC_QUANGTRI,Quang Tri,2006,annual,25.0,School,not_specified,E1308,https://www.nso.gov.vn/en/px-web?pxid=E1308&theme=Education,source_reported_unharmonized
e1308_8a1b4b5f47,education,Number of school of general education as of 30 September by province · Upper Secondary,Upper Secondary,VN_SRC_QUANGTRI,Quang Tri,2007,annual,26.0,School,not_specified,E1308,https://www.nso.gov.vn/en/px-web?pxid=E1308&theme=Education,source_reported_unharmonized
e1308_8a1b4b5f47,education,Number of school of general education as of 30 September by province · Upper Secondary,Upper Secondary,VN_SRC_QUANGTRI,Quang Tri,2008,annual,29.0,School,not_specified,E1308,https://www.nso.gov.vn/en/px-web?pxid=E1308&theme=Education,source_reported_unharmonized
e1308_8a1b4b5f47,education,Number of school of general education as of 30 September by province · Upper Secondary,Upper Secondary,VN_SRC_QUANGTRI,Quang Tri,2009,annual,29.0,School,not_specified,E1308,https://www.nso.gov.vn/en/px-web?pxid=E1308&theme=Education,source_reported_unharmonized
e1308_8a1b4b5f47,education,Number of school of general education as of 30 September by province · Upper Secondary,Upper Secondary,VN_SRC_QUANGTRI,Quang Tri,2010,annual,31.0,School,not_specified,E1308,https://www.nso.gov.vn/en/px-web?pxid=E1308&theme=Education,source_reported_unharmonized
e1308_8a1b4b5f47,education,Number of school of general education as of 30 September by province · Upper Secondary,Upper Secondary,VN_SRC_QUANGTRI,Quang Tri,2011,annual,30.0,School,not_specified,E1308,https://www.nso.gov.vn/en/px-web?pxid=E1308&theme=Education,source_reported_unharmonized
e1308_8a1b4b5f47,education,Number of school of general education as of 30 September by province · Upper Secondary,Upper Secondary,VN_SRC_QUANGTRI,Quang Tri,2012,annual,30.0,School,not_specified,E1308,https://www.nso.gov.vn/en/px-web?pxid=E1308&theme=Education,source_reported_unharmonized
e1308_8a1b4b5f47,education,Number of school of general education as of 30 September by province · Upper Secondary,Upper Secondary,VN_SRC_QUANGTRI,Quang Tri,2013,annual,30.0,School,not_specified,E1308,https://www.nso.gov.vn/en/px-web?pxid=E1308&theme=Education,source_reported_unharmonized
e1308_8a1b4b5f47,education,Number of school of general education as of 30 September by province · Upper Secondary,Upper Secondary,VN_SRC_QUANGTRI,Quang Tri,2014,annual,30.0,School,not_specified,E1308,https://www.nso.gov.vn/en/px-web?pxid=E1308&theme=Education,source_reported_unharmonized
e1308_8a1b4b5f47,education,Number of school of general education as of 30 September by province · Upper Secondary,Upper Secondary,VN_SRC_QUANGTRI,Quang Tri,2015,annual,29.0,School,not_specified,E1308,https://www.nso.gov.vn/en/px-web?pxid=E1308&theme=Education,source_reported_unharmonized
e1308_8a1b4b5f47,education,Number of school of general education as of 30 September by province · Upper Secondary,Upper Secondary,VN_SRC_QUANGTRI,Quang Tri,2016,annual,27.0,School,not_specified,E1308,https://www.nso.gov.vn/en/px-web?pxid=E1308&theme=Education,source_reported_unharmonized
e1308_8a1b4b5f47,education,Number of school of general education as of 30 September by province · Upper Secondary,Upper Secondary,VN_SRC_QUANGTRI,Quang Tri,2017,annual,27.0,School,not_specified,E1308,https://www.nso.gov.vn/en/px-web?pxid=E1308&theme=Education,source_reported_unharmonized
e1308_8a1b4b5f47,education,Number of school of general education as of 30 September by province · Upper Secondary,Upper Secondary,VN_SRC_QUANGTRI,Quang Tri,2019,annual,25.0,School,not_specified,E1308,https://www.nso.gov.vn/en/px-web?pxid=E1308&theme=Education,source_reported_unharmonized
e1308_8a1b4b5f47,education,Number of school of general education as of 30 September by province · Upper Secondary,Upper Secondary,VN_SRC_QUANGTRI,Quang Tri,2020,annual,24.0,School,not_specified,E1308,https://www.nso.gov.vn/en/px-web?pxid=E1308&theme=Education,source_reported_unharmonized
e1308_8a1b4b5f47,education,Number of school of general education as of 30 September by province · Upper Secondary,Upper Secondary,VN_SRC_QUANGTRI,Quang Tri,2021,annual,24.0,School,not_specified,E1308,https://www.nso.gov.vn/en/px-web?pxid=E1308&theme=Education,source_reported_unharmonized
e1308_8a1b4b5f47,education,Number of school of general education as of 30 September by province · Upper Secondary,Upper Secondary,VN_SRC_QUANGTRI,Quang Tri,2024,annual,24.0,School,not_specified,E1308,https://www.nso.gov.vn/en/px-web?pxid=E1308&theme=Education,source_reported_unharmonized
e1308_8a1b4b5f47,education,Number of school of general education as of 30 September by province · Upper Secondary,Upper Secondary,VN_SRC_THUATHIENHUE,Thua Thien-Hue,2002,annual,21.0,School,not_specified,E1308,https://www.nso.gov.vn/en/px-web?pxid=E1308&theme=Education,source_reported_unharmonized
e1308_8a1b4b5f47,education,Number of school of general education as of 30 September by province · Upper Secondary,Upper Secondary,VN_SRC_THUATHIENHUE,Thua Thien-Hue,2003,annual,22.0,School,not_specified,E1308,https://www.nso.gov.vn/en/px-web?pxid=E1308&theme=Education,source_reported_unharmonized
e1308_8a1b4b5f47,education,Number of school of general education as of 30 September by province · Upper Secondary,Upper Secondary,VN_SRC_THUATHIENHUE,Thua Thien-Hue,2004,annual,25.0,School,not_specified,E1308,https://www.nso.gov.vn/en/px-web?pxid=E1308&theme=Education,source_reported_unharmonized
e1308_8a1b4b5f47,education,Number of school of general education as of 30 September by province · Upper Secondary,Upper Secondary,VN_SRC_THUATHIENHUE,Thua Thien-Hue,2005,annual,26.0,School,not_specified,E1308,https://www.nso.gov.vn/en/px-web?pxid=E1308&theme=Education,source_reported_unharmonized
e1308_8a1b4b5f47,education,Number of school of general education as of 30 September by province · Upper Secondary,Upper Secondary,VN_SRC_THUATHIENHUE,Thua Thien-Hue,2006,annual,27.0,School,not_specified,E1308,https://www.nso.gov.vn/en/px-web?pxid=E1308&theme=Education,source_reported_unharmonized
e1308_8a1b4b5f47,education,Number of school of general education as of 30 September by province · Upper Secondary,Upper Secondary,VN_SRC_THUATHIENHUE,Thua Thien-Hue,2007,annual,31.0,School,not_specified,E1308,https://www.nso.gov.vn/en/px-web?pxid=E1308&theme=Education,source_reported_unharmonized
e1308_8a1b4b5f47,education,Number of school of general education as of 30 September by province · Upper Secondary,Upper Secondary,VN_SRC_THUATHIENHUE,Thua Thien-Hue,2008,annual,31.0,School,not_specified,E1308,https://www.nso.gov.vn/en/px-web?pxid=E1308&theme=Education,source_reported_unharmonized
e1308_8a1b4b5f47,education,Number of school of general education as of 30 September by province · Upper Secondary,Upper Secondary,VN_SRC_THUATHIENHUE,Thua Thien-Hue,2009,annual,34.0,School,not_specified,E1308,https://www.nso.gov.vn/en/px-web?pxid=E1308&theme=Education,source_reported_unharmonized
e1308_8a1b4b5f47,education,Number of school of general education as of 30 September by province · Upper Secondary,Upper Secondary,VN_SRC_THUATHIENHUE,Thua Thien-Hue,2010,annual,36.0,School,not_specified,E1308,https://www.nso.gov.vn/en/px-web?pxid=E1308&theme=Education,source_reported_unharmonized
e1308_8a1b4b5f47,education,Number of school of general education as of 30 September by province · Upper Secondary,Upper Secondary,VN_SRC_THUATHIENHUE,Thua Thien-Hue,2011,annual,38.0,School,not_specified,E1308,https://www.nso.gov.vn/en/px-web?pxid=E1308&theme=Education,source_reported_unharmonized
e1308_8a1b4b5f47,education,Number of school of general education as of 30 September by province · Upper Secondary,Upper Secondary,VN_SRC_THUATHIENHUE,Thua Thien-Hue,2012,annual,38.0,School,not_specified,E1308,https://www.nso.gov.vn/en/px-web?pxid=E1308&theme=Education,source_reported_unharmonized
e1308_8a1b4b5f47,education,Number of school of general education as of 30 September by province · Upper Secondary,Upper Secondary,VN_SRC_THUATHIENHUE,Thua Thien-Hue,2013,annual,37.0,School,not_specified,E1308,https://www.nso.gov.vn/en/px-web?pxid=E1308&theme=Education,source_reported_unharmonized
e1308_8a1b4b5f47,education,Number of school of general education as of 30 September by province · Upper Secondary,Upper Secondary,VN_SRC_THUATHIENHUE,Thua Thien-Hue,2014,annual,37.0,School,not_specified,E1308,https://www.nso.gov.vn/en/px-web?pxid=E1308&theme=Education,source_reported_unharmonized
e1308_8a1b4b5f47,education,Number of school of general education as of 30 September by province · Upper Secondary,Upper Secondary,VN_SRC_THUATHIENHUE,Thua Thien-Hue,2015,annual,37.0,School,not_specified,E1308,https://www.nso.gov.vn/en/px-web?pxid=E1308&theme=Education,source_reported_unharmonized
e1308_8a1b4b5f47,education,Number of school of general education as of 30 September by province · Upper Secondary,Upper Secondary,VN_SRC_THUATHIENHUE,Thua Thien-Hue,2016,annual,38.0,School,not_specified,E1308,https://www.nso.gov.vn/en/px-web?pxid=E1308&theme=Education,source_reported_unharmonized
e1308_8a1b4b5f47,education,Number of school of general education as of 30 September by province · Upper Secondary,Upper Secondary,VN_SRC_THUATHIENHUE,Thua Thien-Hue,2017,annual,38.0,School,not_specified,E1308,https://www.nso.gov.vn/en/px-web?pxid=E1308&theme=Education,source_reported_unharmonized
e1308_8a1b4b5f47,education,Number of school of general education as of 30 September by province · Upper Secondary,Upper Secondary,VN_SRC_THUATHIENHUE,Thua Thien-Hue,2019,annual,36.0,School,not_specified,E1308,https://www.nso.gov.vn/en/px-web?pxid=E1308&theme=Education,source_reported_unharmonized
e1308_8a1b4b5f47,education,Number of school of general education as of 30 September by province · Upper Secondary,Upper Secondary,VN_SRC_THUATHIENHUE,Thua Thien-Hue,2020,annual,36.0,School,not_specified,E1308,https://www.nso.gov.vn/en/px-web?pxid=E1308&theme=Education,source_reported_unharmonized
e1308_8a1b4b5f47,education,Number of school of general education as of 30 September by province · Upper Secondary,Upper Secondary,VN_SRC_THUATHIENHUE,Thua Thien-Hue,2021,annual,36.0,School,not_specified,E1308,https://www.nso.gov.vn/en/px-web?pxid=E1308&theme=Education,source_reported_unharmonized
e1308_8a1b4b5f47,education,Number of school of general education as of 30 September by province · Upper Secondary,Upper Secondary,VN_SRC_THUATHIENHUE,Thua Thien-Hue,2024,annual,36.0,School,not_specified,E1308,https://www.nso.gov.vn/en/px-web?pxid=E1308&theme=Education,source_reported_unharmonized
e1308_8a1b4b5f47,education,Number of school of general education as of 30 September by province · Upper Secondary,Upper Secondary,VN_SRC_DANANG,Da Nang,2002,annual,16.0,School,not_specified,E1308,https://www.nso.gov.vn/en/px-web?pxid=E1308&theme=Education,source_reported_unharmonized
e1308_8a1b4b5f47,education,Number of school of general education as of 30 September by province · Upper Secondary,Upper Secondary,VN_SRC_DANANG,Da Nang,2003,annual,15.0,School,not_specified,E1308,https://www.nso.gov.vn/en/px-web?pxid=E1308&theme=Education,source_reported_unharmonized
e1308_8a1b4b5f47,education,Number of school of general education as of 30 September by province · Upper Secondary,Upper Secondary,VN_SRC_DANANG,Da Nang,2004,annual,16.0,School,not_specified,E1308,https://www.nso.gov.vn/en/px-web?pxid=E1308&theme=Education,source_reported_unharmonized
e1308_8a1b4b5f47,education,Number of school of general education as of 30 September by province · Upper Secondary,Upper Secondary,VN_SRC_DANANG,Da Nang,2005,annual,17.0,School,not_specified,E1308,https://www.nso.gov.vn/en/px-web?pxid=E1308&theme=Education,source_reported_unharmonized
e1308_8a1b4b5f47,education,Number of school of general education as of 30 September by province · Upper Secondary,Upper Secondary,VN_SRC_DANANG,Da Nang,2006,annual,19.0,School,not_specified,E1308,https://www.nso.gov.vn/en/px-web?pxid=E1308&theme=Education,source_reported_unharmonized
e1308_8a1b4b5f47,education,Number of school of general education as of 30 September by province · Upper Secondary,Upper Secondary,VN_SRC_DANANG,Da Nang,2007,annual,19.0,School,not_specified,E1308,https://www.nso.gov.vn/en/px-web?pxid=E1308&theme=Education,source_reported_unharmonized
e1308_8a1b4b5f47,education,Number of school of general education as of 30 September by province · Upper Secondary,Upper Secondary,VN_SRC_DANANG,Da Nang,2008,annual,20.0,School,not_specified,E1308,https://www.nso.gov.vn/en/px-web?pxid=E1308&theme=Education,source_reported_unharmonized
e1308_8a1b4b5f47,education,Number of school of general education as of 30 September by province · Upper Secondary,Upper Secondary,VN_SRC_DANANG,Da Nang,2009,annual,20.0,School,not_specified,E1308,https://www.nso.gov.vn/en/px-web?pxid=E1308&theme=Education,source_reported_unharmonized
e1308_8a1b4b5f47,education,Number of school of general education as of 30 September by province · Upper Secondary,Upper Secondary,VN_SRC_DANANG,Da Nang,2010,annual,20.0,School,not_specified,E1308,https://www.nso.gov.vn/en/px-web?pxid=E1308&theme=Education,source_reported_unharmonized
e1308_8a1b4b5f47,education,Number of school of general education as of 30 September by province · Upper Secondary,Upper Secondary,VN_SRC_DANANG,Da Nang,2011,annual,19.0,School,not_specified,E1308,https://www.nso.gov.vn/en/px-web?pxid=E1308&theme=Education,source_reported_unharmonized
e1308_8a1b4b5f47,education,Number of school of general education as of 30 September by province · Upper Secondary,Upper Secondary,VN_SRC_DANANG,Da Nang,2012,annual,20.0,School,not_specified,E1308,https://www.nso.gov.vn/en/px-web?pxid=E1308&theme=Education,source_reported_unharmonized
e1308_8a1b4b5f47,education,Number of school of general education as of 30 September by province · Upper Secondary,Upper Secondary,VN_SRC_DANANG,Da Nang,2013,annual,20.0,School,not_specified,E1308,https://www.nso.gov.vn/en/px-web?pxid=E1308&theme=Education,source_reported_unharmonized
e1308_8a1b4b5f47,education,Number of school of general education as of 30 September by province · Upper Secondary,Upper Secondary,VN_SRC_DANANG,Da Nang,2014,annual,20.0,School,not_specified,E1308,https://www.nso.gov.vn/en/px-web?pxid=E1308&theme=Education,source_reported_unharmonized
e1308_8a1b4b5f47,education,Number of school of general education as of 30 September by province · Upper Secondary,Upper Secondary,VN_SRC_DANANG,Da Nang,2015,annual,22.0,School,not_specified,E1308,https://www.nso.gov.vn/en/px-web?pxid=E1308&theme=Education,source_reported_unharmonized
e1308_8a1b4b5f47,education,Number of school of general education as of 30 September by province · Upper Secondary,Upper Secondary,VN_SRC_DANANG,Da Nang,2016,annual,23.0,School,not_specified,E1308,https://www.nso.gov.vn/en/px-web?pxid=E1308&theme=Education,source_reported_unharmonized
e1308_8a1b4b5f47,education,Number of school of general education as of 30 September by province · Upper Secondary,Upper Secondary,VN_SRC_DANANG,Da Nang,2017,annual,22.0,School,not_specified,E1308,https://www.nso.gov.vn/en/px-web?pxid=E1308&theme=Education,source_reported_unharmonized
e1308_8a1b4b5f47,education,Number of school of general education as of 30 September by province · Upper Secondary,Upper Secondary,VN_SRC_DANANG,Da Nang,2019,annual,24.0,School,not_specified,E1308,https://www.nso.gov.vn/en/px-web?pxid=E1308&theme=Education,source_reported_unharmonized
e1308_8a1b4b5f47,education,Number of school of general education as of 30 September by province · Upper Secondary,Upper Secondary,VN_SRC_DANANG,Da Nang,2020,annual,24.0,School,not_specified,E1308,https://www.nso.gov.vn/en/px-web?pxid=E1308&theme=Education,source_reported_unharmonized
e1308_8a1b4b5f47,education,Number of school of general education as of 30 September by province · Upper Secondary,Upper Secondary,VN_SRC_DANANG,Da Nang,2021,annual,24.0,School,not_specified,E1308,https://www.nso.gov.vn/en/px-web?pxid=E1308&theme=Education,source_reported_unharmonized
e1308_8a1b4b5f47,education,Number of school of general education as of 30 September by province · Upper Secondary,Upper Secondary,VN_SRC_DANANG,Da Nang,2024,annual,23.0,School,not_specified,E1308,https://www.nso.gov.vn/en/px-web?pxid=E1308&theme=Education,source_reported_unharmonized
e1308_8a1b4b5f47,education,Number of school of general education as of 30 September by province · Upper Secondary,Upper Secondary,VN_SRC_QUANGNAM,Quang Nam,2002,annual,36.0,School,not_specified,E1308,https://www.nso.gov.vn/en/px-web?pxid=E1308&theme=Education,source_reported_unharmonized
e1308_8a1b4b5f47,education,Number of school of general education as of 30 September by province · Upper Secondary,Upper Secondary,VN_SRC_QUANGNAM,Quang Nam,2003,annual,37.0,School,not_specified,E1308,https://www.nso.gov.vn/en/px-web?pxid=E1308&theme=Education,source_reported_unharmonized
e1308_8a1b4b5f47,education,Number of school of general education as of 30 September by province · Upper Secondary,Upper Secondary,VN_SRC_QUANGNAM,Quang Nam,2004,annual,39.0,School,not_specified,E1308,https://www.nso.gov.vn/en/px-web?pxid=E1308&theme=Education,source_reported_unharmonized
e1308_8a1b4b5f47,education,Number of school of general education as of 30 September by province · Upper Secondary,Upper Secondary,VN_SRC_QUANGNAM,Quang Nam,2005,annual,40.0,School,not_specified,E1308,https://www.nso.gov.vn/en/px-web?pxid=E1308&theme=Education,source_reported_unharmonized
e1308_8a1b4b5f47,education,Number of school of general education as of 30 September by province · Upper Secondary,Upper Secondary,VN_SRC_QUANGNAM,Quang Nam,2006,annual,42.0,School,not_specified,E1308,https://www.nso.gov.vn/en/px-web?pxid=E1308&theme=Education,source_reported_unharmonized
e1308_8a1b4b5f47,education,Number of school of general education as of 30 September by province · Upper Secondary,Upper Secondary,VN_SRC_QUANGNAM,Quang Nam,2007,annual,43.0,School,not_specified,E1308,https://www.nso.gov.vn/en/px-web?pxid=E1308&theme=Education,source_reported_unharmonized
e1308_8a1b4b5f47,education,Number of school of general education as of 30 September by province · Upper Secondary,Upper Secondary,VN_SRC_QUANGNAM,Quang Nam,2008,annual,43.0,School,not_specified,E1308,https://www.nso.gov.vn/en/px-web?pxid=E1308&theme=Education,source_reported_unharmonized
e1308_8a1b4b5f47,education,Number of school of general education as of 30 September by province · Upper Secondary,Upper Secondary,VN_SRC_QUANGNAM,Quang Nam,2009,annual,46.0,School,not_specified,E1308,https://www.nso.gov.vn/en/px-web?pxid=E1308&theme=Education,source_reported_unharmonized
e1308_8a1b4b5f47,education,Number of school of general education as of 30 September by province · Upper Secondary,Upper Secondary,VN_SRC_QUANGNAM,Quang Nam,2010,annual,47.0,School,not_specified,E1308,https://www.nso.gov.vn/en/px-web?pxid=E1308&theme=Education,source_reported_unharmonized
e1308_8a1b4b5f47,education,Number of school of general education as of 30 September by province · Upper Secondary,Upper Secondary,VN_SRC_QUANGNAM,Quang Nam,2011,annual,49.0,School,not_specified,E1308,https://www.nso.gov.vn/en/px-web?pxid=E1308&theme=Education,source_reported_unharmonized
e1308_8a1b4b5f47,education,Number of school of general education as of 30 September by province · Upper Secondary,Upper Secondary,VN_SRC_QUANGNAM,Quang Nam,2012,annual,50.0,School,not_specified,E1308,https://www.nso.gov.vn/en/px-web?pxid=E1308&theme=Education,source_reported_unharmonized
e1308_8a1b4b5f47,education,Number of school of general education as of 30 September by province · Upper Secondary,Upper Secondary,VN_SRC_QUANGNAM,Quang Nam,2013,annual,50.0,School,not_specified,E1308,https://www.nso.gov.vn/en/px-web?pxid=E1308&theme=Education,source_reported_unharmonized
e1308_8a1b4b5f47,education,Number of school of general education as of 30 September by province · Upper Secondary,Upper Secondary,VN_SRC_QUANGNAM,Quang Nam,2014,annual,50.0,School,not_specified,E1308,https://www.nso.gov.vn/en/px-web?pxid=E1308&theme=Education,source_reported_unharmonized
e1308_8a1b4b5f47,education,Number of school of general education as of 30 September by province · Upper Secondary,Upper Secondary,VN_SRC_QUANGNAM,Quang Nam,2015,annual,50.0,School,not_specified,E1308,https://www.nso.gov.vn/en/px-web?pxid=E1308&theme=Education,source_reported_unharmonized
e1308_8a1b4b5f47,education,Number of school of general education as of 30 September by province · Upper Secondary,Upper Secondary,VN_SRC_QUANGNAM,Quang Nam,2016,annual,50.0,School,not_specified,E1308,https://www.nso.gov.vn/en/px-web?pxid=E1308&theme=Education,source_reported_unharmonized
e1308_8a1b4b5f47,education,Number of school of general education as of 30 September by province · Upper Secondary,Upper Secondary,VN_SRC_QUANGNAM,Quang Nam,2017,annual,51.0,School,not_specified,E1308,https://www.nso.gov.vn/en/px-web?pxid=E1308&theme=Education,source_reported_unharmonized
e1308_8a1b4b5f47,education,Number of school of general education as of 30 September by province · Upper Secondary,Upper Secondary,VN_SRC_QUANGNAM,Quang Nam,2019,annual,51.0,School,not_specified,E1308,https://www.nso.gov.vn/en/px-web?pxid=E1308&theme=Education,source_reported_unharmonized
e1308_8a1b4b5f47,education,Number of school of general education as of 30 September by province · Upper Secondary,Upper Secondary,VN_SRC_QUANGNAM,Quang Nam,2020,annual,51.0,School,not_specified,E1308,https://www.nso.gov.vn/en/px-web?pxid=E1308&theme=Education,source_reported_unharmonized
e1308_8a1b4b5f47,education,Number of school of general education as of 30 September by province · Upper Secondary,Upper Secondary,VN_SRC_QUANGNAM,Quang Nam,2021,annual,52.0,School,not_specified,E1308,https://www.nso.gov.vn/en/px-web?pxid=E1308&theme=Education,source_reported_unharmonized
e1308_8a1b4b5f47,education,Number of school of general education as of 30 September by province · Upper Secondary,Upper Secondary,VN_SRC_QUANGNAM,Quang Nam,2024,annual,52.0,School,not_specified,E1308,https://www.nso.gov.vn/en/px-web?pxid=E1308&theme=Education,source_reported_unharmonized
e1308_8a1b4b5f47,education,Number of school of general education as of 30 September by province · Upper Secondary,Upper Secondary,VN_SRC_QUANGNGAI,Quang Ngai,2002,annual,25.0,School,not_specified,E1308,https://www.nso.gov.vn/en/px-web?pxid=E1308&theme=Education,source_reported_unharmonized
e1308_8a1b4b5f47,education,Number of school of general education as of 30 September by province · Upper Secondary,Upper Secondary,VN_SRC_QUANGNGAI,Quang Ngai,2003,annual,26.0,School,not_specified,E1308,https://www.nso.gov.vn/en/px-web?pxid=E1308&theme=Education,source_reported_unharmonized
e1308_8a1b4b5f47,education,Number of school of general education as of 30 September by province · Upper Secondary,Upper Secondary,VN_SRC_QUANGNGAI,Quang Ngai,2004,annual,29.0,School,not_specified,E1308,https://www.nso.gov.vn/en/px-web?pxid=E1308&theme=Education,source_reported_unharmonized
e1308_8a1b4b5f47,education,Number of school of general education as of 30 September by province · Upper Secondary,Upper Secondary,VN_SRC_QUANGNGAI,Quang Ngai,2005,annual,31.0,School,not_specified,E1308,https://www.nso.gov.vn/en/px-web?pxid=E1308&theme=Education,source_reported_unharmonized
e1308_8a1b4b5f47,education,Number of school of general education as of 30 September by province · Upper Secondary,Upper Secondary,VN_SRC_QUANGNGAI,Quang Ngai,2006,annual,33.0,School,not_specified,E1308,https://www.nso.gov.vn/en/px-web?pxid=E1308&theme=Education,source_reported_unharmonized
e1308_8a1b4b5f47,education,Number of school of general education as of 30 September by province · Upper Secondary,Upper Secondary,VN_SRC_QUANGNGAI,Quang Ngai,2007,annual,33.0,School,not_specified,E1308,https://www.nso.gov.vn/en/px-web?pxid=E1308&theme=Education,source_reported_unharmonized
e1308_8a1b4b5f47,education,Number of school of general education as of 30 September by province · Upper Secondary,Upper Secondary,VN_SRC_QUANGNGAI,Quang Ngai,2008,annual,34.0,School,not_specified,E1308,https://www.nso.gov.vn/en/px-web?pxid=E1308&theme=Education,source_reported_unharmonized
e1308_8a1b4b5f47,education,Number of school of general education as of 30 September by province · Upper Secondary,Upper Secondary,VN_SRC_QUANGNGAI,Quang Ngai,2009,annual,33.0,School,not_specified,E1308,https://www.nso.gov.vn/en/px-web?pxid=E1308&theme=Education,source_reported_unharmonized
e1308_8a1b4b5f47,education,Number of school of general education as of 30 September by province · Upper Secondary,Upper Secondary,VN_SRC_QUANGNGAI,Quang Ngai,2010,annual,35.0,School,not_specified,E1308,https://www.nso.gov.vn/en/px-web?pxid=E1308&theme=Education,source_reported_unharmonized
e1308_8a1b4b5f47,education,Number of school of general education as of 30 September by province · Upper Secondary,Upper Secondary,VN_SRC_QUANGNGAI,Quang Ngai,2011,annual,35.0,School,not_specified,E1308,https://www.nso.gov.vn/en/px-web?pxid=E1308&theme=Education,source_reported_unharmonized
e1308_8a1b4b5f47,education,Number of school of general education as of 30 September by province · Upper Secondary,Upper Secondary,VN_SRC_QUANGNGAI,Quang Ngai,2012,annual,36.0,School,not_specified,E1308,https://www.nso.gov.vn/en/px-web?pxid=E1308&theme=Education,source_reported_unharmonized
e1308_8a1b4b5f47,education,Number of school of general education as of 30 September by province · Upper Secondary,Upper Secondary,VN_SRC_QUANGNGAI,Quang Ngai,2013,annual,37.0,School,not_specified,E1308,https://www.nso.gov.vn/en/px-web?pxid=E1308&theme=Education,source_reported_unharmonized
e1308_8a1b4b5f47,education,Number of school of general education as of 30 September by province · Upper Secondary,Upper Secondary,VN_SRC_QUANGNGAI,Quang Ngai,2014,annual,37.0,School,not_specified,E1308,https://www.nso.gov.vn/en/px-web?pxid=E1308&theme=Education,source_reported_unharmonized
e1308_8a1b4b5f47,education,Number of school of general education as of 30 September by province · Upper Secondary,Upper Secondary,VN_SRC_QUANGNGAI,Quang Ngai,2015,annual,37.0,School,not_specified,E1308,https://www.nso.gov.vn/en/px-web?pxid=E1308&theme=Education,source_reported_unharmonized
e1308_8a1b4b5f47,education,Number of school of general education as of 30 September by province · Upper Secondary,Upper Secondary,VN_SRC_QUANGNGAI,Quang Ngai,2016,annual,37.0,School,not_specified,E1308,https://www.nso.gov.vn/en/px-web?pxid=E1308&theme=Education,source_reported_unharmonized
e1308_8a1b4b5f47,education,Number of school of general education as of 30 September by province · Upper Secondary,Upper Secondary,VN_SRC_QUANGNGAI,Quang Ngai,2017,annual,36.0,School,not_specified,E1308,https://www.nso.gov.vn/en/px-web?pxid=E1308&theme=Education,source_reported_unharmonized
e1308_8a1b4b5f47,education,Number of school of general education as of 30 September by province · Upper Secondary,Upper Secondary,VN_SRC_QUANGNGAI,Quang Ngai,2019,annual,36.0,School,not_specified,E1308,https://www.nso.gov.vn/en/px-web?pxid=E1308&theme=Education,source_reported_unharmonized
e1308_8a1b4b5f47,education,Number of school of general education as of 30 September by province · Upper Secondary,Upper Secondary,VN_SRC_QUANGNGAI,Quang Ngai,2020,annual,36.0,School,not_specified,E1308,https://www.nso.gov.vn/en/px-web?pxid=E1308&theme=Education,source_reported_unharmonized
e1308_8a1b4b5f47,education,Number of school of general education as of 30 September by province · Upper Secondary,Upper Secondary,VN_SRC_QUANGNGAI,Quang Ngai,2021,annual,36.0,School,not_specified,E1308,https://www.nso.gov.vn/en/px-web?pxid=E1308&theme=Education,source_reported_unharmonized
e1308_8a1b4b5f47,education,Number of school of general education as of 30 September by province · Upper Secondary,Upper Secondary,VN_SRC_QUANGNGAI,Quang Ngai,2024,annual,36.0,School,not_specified,E1308,https://www.nso.gov.vn/en/px-web?pxid=E1308&theme=Education,source_reported_unharmonized
e1308_8a1b4b5f47,education,Number of school of general education as of 30 September by province · Upper Secondary,Upper Secondary,VN_SRC_BINHDINH,Binh Dinh,2002,annual,22.0,School,not_specified,E1308,https://www.nso.gov.vn/en/px-web?pxid=E1308&theme=Education,source_reported_unharmonized
e1308_8a1b4b5f47,education,Number of school of general education as of 30 September by province · Upper Secondary,Upper Secondary,VN_SRC_BINHDINH,Binh Dinh,2003,annual,23.0,School,not_specified,E1308,https://www.nso.gov.vn/en/px-web?pxid=E1308&theme=Education,source_reported_unharmonized
e1308_8a1b4b5f47,education,Number of school of general education as of 30 September by province · Upper Secondary,Upper Secondary,VN_SRC_BINHDINH,Binh Dinh,2004,annual,29.0,School,not_specified,E1308,https://www.nso.gov.vn/en/px-web?pxid=E1308&theme=Education,source_reported_unharmonized
e1308_8a1b4b5f47,education,Number of school of general education as of 30 September by province · Upper Secondary,Upper Secondary,VN_SRC_BINHDINH,Binh Dinh,2005,annual,31.0,School,not_specified,E1308,https://www.nso.gov.vn/en/px-web?pxid=E1308&theme=Education,source_reported_unharmonized
e1308_8a1b4b5f47,education,Number of school of general education as of 30 September by province · Upper Secondary,Upper Secondary,VN_SRC_BINHDINH,Binh Dinh,2006,annual,32.0,School,not_specified,E1308,https://www.nso.gov.vn/en/px-web?pxid=E1308&theme=Education,source_reported_unharmonized
e1308_8a1b4b5f47,education,Number of school of general education as of 30 September by province · Upper Secondary,Upper Secondary,VN_SRC_BINHDINH,Binh Dinh,2007,annual,40.0,School,not_specified,E1308,https://www.nso.gov.vn/en/px-web?pxid=E1308&theme=Education,source_reported_unharmonized
e1308_8a1b4b5f47,education,Number of school of general education as of 30 September by province · Upper Secondary,Upper Secondary,VN_SRC_BINHDINH,Binh Dinh,2008,annual,39.0,School,not_specified,E1308,https://www.nso.gov.vn/en/px-web?pxid=E1308&theme=Education,source_reported_unharmonized
e1308_8a1b4b5f47,education,Number of school of general education as of 30 September by province · Upper Secondary,Upper Secondary,VN_SRC_BINHDINH,Binh Dinh,2009,annual,45.0,School,not_specified,E1308,https://www.nso.gov.vn/en/px-web?pxid=E1308&theme=Education,source_reported_unharmonized
e1308_8a1b4b5f47,education,Number of school of general education as of 30 September by province · Upper Secondary,Upper Secondary,VN_SRC_BINHDINH,Binh Dinh,2010,annual,47.0,School,not_specified,E1308,https://www.nso.gov.vn/en/px-web?pxid=E1308&theme=Education,source_reported_unharmonized
e1308_8a1b4b5f47,education,Number of school of general education as of 30 September by province · Upper Secondary,Upper Secondary,VN_SRC_BINHDINH,Binh Dinh,2011,annual,47.0,School,not_specified,E1308,https://www.nso.gov.vn/en/px-web?pxid=E1308&theme=Education,source_reported_unharmonized
e1308_8a1b4b5f47,education,Number of school of general education as of 30 September by province · Upper Secondary,Upper Secondary,VN_SRC_BINHDINH,Binh Dinh,2012,annual,47.0,School,not_specified,E1308,https://www.nso.gov.vn/en/px-web?pxid=E1308&theme=Education,source_reported_unharmonized
e1308_8a1b4b5f47,education,Number of school of general education as of 30 September by province · Upper Secondary,Upper Secondary,VN_SRC_BINHDINH,Binh Dinh,2013,annual,48.0,School,not_specified,E1308,https://www.nso.gov.vn/en/px-web?pxid=E1308&theme=Education,source_reported_unharmonized
e1308_8a1b4b5f47,education,Number of school of general education as of 30 September by province · Upper Secondary,Upper Secondary,VN_SRC_BINHDINH,Binh Dinh,2014,annual,50.0,School,not_specified,E1308,https://www.nso.gov.vn/en/px-web?pxid=E1308&theme=Education,source_reported_unharmonized
e1308_8a1b4b5f47,education,Number of school of general education as of 30 September by province · Upper Secondary,Upper Secondary,VN_SRC_BINHDINH,Binh Dinh,2015,annual,50.0,School,not_specified,E1308,https://www.nso.gov.vn/en/px-web?pxid=E1308&theme=Education,source_reported_unharmonized
e1308_8a1b4b5f47,education,Number of school of general education as of 30 September by province · Upper Secondary,Upper Secondary,VN_SRC_BINHDINH,Binh Dinh,2016,annual,50.0,School,not_specified,E1308,https://www.nso.gov.vn/en/px-web?pxid=E1308&theme=Education,source_reported_unharmonized
e1308_8a1b4b5f47,education,Number of school of general education as of 30 September by province · Upper Secondary,Upper Secondary,VN_SRC_BINHDINH,Binh Dinh,2017,annual,50.0,School,not_specified,E1308,https://www.nso.gov.vn/en/px-web?pxid=E1308&theme=Education,source_reported_unharmonized
e1308_8a1b4b5f47,education,Number of school of general education as of 30 September by province · Upper Secondary,Upper Secondary,VN_SRC_BINHDINH,Binh Dinh,2019,annual,50.0,School,not_specified,E1308,https://www.nso.gov.vn/en/px-web?pxid=E1308&theme=Education,source_reported_unharmonized
e1308_8a1b4b5f47,education,Number of school of general education as of 30 September by province · Upper Secondary,Upper Secondary,VN_SRC_BINHDINH,Binh Dinh,2020,annual,50.0,School,not_specified,E1308,https://www.nso.gov.vn/en/px-web?pxid=E1308&theme=Education,source_reported_unharmonized
e1308_8a1b4b5f47,education,Number of school of general education as of 30 September by province · Upper Secondary,Upper Secondary,VN_SRC_BINHDINH,Binh Dinh,2021,annual,51.0,School,not_specified,E1308,https://www.nso.gov.vn/en/px-web?pxid=E1308&theme=Education,source_reported_unharmonized
e1308_8a1b4b5f47,education,Number of school of general education as of 30 September by province · Upper Secondary,Upper Secondary,VN_SRC_BINHDINH,Binh Dinh,2024,annual,52.0,School,not_specified,E1308,https://www.nso.gov.vn/en/px-web?pxid=E1308&theme=Education,source_reported_unharmonized
e1308_8a1b4b5f47,education,Number of school of general education as of 30 September by province · Upper Secondary,Upper Secondary,VN_SRC_PHUYEN,Phu Yen,2002,annual,17.0,School,not_specified,E1308,https://www.nso.gov.vn/en/px-web?pxid=E1308&theme=Education,source_reported_unharmonized
e1308_8a1b4b5f47,education,Number of school of general education as of 30 September by province · Upper Secondary,Upper Secondary,VN_SRC_PHUYEN,Phu Yen,2003,annual,19.0,School,not_specified,E1308,https://www.nso.gov.vn/en/px-web?pxid=E1308&theme=Education,source_reported_unharmonized
e1308_8a1b4b5f47,education,Number of school of general education as of 30 September by province · Upper Secondary,Upper Secondary,VN_SRC_PHUYEN,Phu Yen,2004,annual,22.0,School,not_specified,E1308,https://www.nso.gov.vn/en/px-web?pxid=E1308&theme=Education,source_reported_unharmonized
e1308_8a1b4b5f47,education,Number of school of general education as of 30 September by province · Upper Secondary,Upper Secondary,VN_SRC_PHUYEN,Phu Yen,2005,annual,22.0,School,not_specified,E1308,https://www.nso.gov.vn/en/px-web?pxid=E1308&theme=Education,source_reported_unharmonized
e1308_8a1b4b5f47,education,Number of school of general education as of 30 September by province · Upper Secondary,Upper Secondary,VN_SRC_PHUYEN,Phu Yen,2006,annual,23.0,School,not_specified,E1308,https://www.nso.gov.vn/en/px-web?pxid=E1308&theme=Education,source_reported_unharmonized
e1308_8a1b4b5f47,education,Number of school of general education as of 30 September by province · Upper Secondary,Upper Secondary,VN_SRC_PHUYEN,Phu Yen,2007,annual,23.0,School,not_specified,E1308,https://www.nso.gov.vn/en/px-web?pxid=E1308&theme=Education,source_reported_unharmonized
e1308_8a1b4b5f47,education,Number of school of general education as of 30 September by province · Upper Secondary,Upper Secondary,VN_SRC_PHUYEN,Phu Yen,2008,annual,23.0,School,not_specified,E1308,https://www.nso.gov.vn/en/px-web?pxid=E1308&theme=Education,source_reported_unharmonized
e1308_8a1b4b5f47,education,Number of school of general education as of 30 September by province · Upper Secondary,Upper Secondary,VN_SRC_PHUYEN,Phu Yen,2009,annual,23.0,School,not_specified,E1308,https://www.nso.gov.vn/en/px-web?pxid=E1308&theme=Education,source_reported_unharmonized
e1308_8a1b4b5f47,education,Number of school of general education as of 30 September by province · Upper Secondary,Upper Secondary,VN_SRC_PHUYEN,Phu Yen,2010,annual,23.0,School,not_specified,E1308,https://www.nso.gov.vn/en/px-web?pxid=E1308&theme=Education,source_reported_unharmonized
e1308_8a1b4b5f47,education,Number of school of general education as of 30 September by province · Upper Secondary,Upper Secondary,VN_SRC_PHUYEN,Phu Yen,2011,annual,25.0,School,not_specified,E1308,https://www.nso.gov.vn/en/px-web?pxid=E1308&theme=Education,source_reported_unharmonized
e1308_8a1b4b5f47,education,Number of school of general education as of 30 September by province · Upper Secondary,Upper Secondary,VN_SRC_PHUYEN,Phu Yen,2012,annual,24.0,School,not_specified,E1308,https://www.nso.gov.vn/en/px-web?pxid=E1308&theme=Education,source_reported_unharmonized
e1308_8a1b4b5f47,education,Number of school of general education as of 30 September by province · Upper Secondary,Upper Secondary,VN_SRC_PHUYEN,Phu Yen,2013,annual,24.0,School,not_specified,E1308,https://www.nso.gov.vn/en/px-web?pxid=E1308&theme=Education,source_reported_unharmonized
e1308_8a1b4b5f47,education,Number of school of general education as of 30 September by province · Upper Secondary,Upper Secondary,VN_SRC_PHUYEN,Phu Yen,2014,annual,26.0,School,not_specified,E1308,https://www.nso.gov.vn/en/px-web?pxid=E1308&theme=Education,source_reported_unharmonized
e1308_8a1b4b5f47,education,Number of school of general education as of 30 September by province · Upper Secondary,Upper Secondary,VN_SRC_PHUYEN,Phu Yen,2015,annual,26.0,School,not_specified,E1308,https://www.nso.gov.vn/en/px-web?pxid=E1308&theme=Education,source_reported_unharmonized
e1308_8a1b4b5f47,education,Number of school of general education as of 30 September by province · Upper Secondary,Upper Secondary,VN_SRC_PHUYEN,Phu Yen,2016,annual,25.0,School,not_specified,E1308,https://www.nso.gov.vn/en/px-web?pxid=E1308&theme=Education,source_reported_unharmonized
e1308_8a1b4b5f47,education,Number of school of general education as of 30 September by province · Upper Secondary,Upper Secondary,VN_SRC_PHUYEN,Phu Yen,2017,annual,25.0,School,not_specified,E1308,https://www.nso.gov.vn/en/px-web?pxid=E1308&theme=Education,source_reported_unharmonized
e1308_8a1b4b5f47,education,Number of school of general education as of 30 September by province · Upper Secondary,Upper Secondary,VN_SRC_PHUYEN,Phu Yen,2019,annual,25.0,School,not_specified,E1308,https://www.nso.gov.vn/en/px-web?pxid=E1308&theme=Education,source_reported_unharmonized
e1308_8a1b4b5f47,education,Number of school of general education as of 30 September by province · Upper Secondary,Upper Secondary,VN_SRC_PHUYEN,Phu Yen,2020,annual,25.0,School,not_specified,E1308,https://www.nso.gov.vn/en/px-web?pxid=E1308&theme=Education,source_reported_unharmonized
e1308_8a1b4b5f47,education,Number of school of general education as of 30 September by province · Upper Secondary,Upper Secondary,VN_SRC_PHUYEN,Phu Yen,2021,annual,25.0,School,not_specified,E1308,https://www.nso.gov.vn/en/px-web?pxid=E1308&theme=Education,source_reported_unharmonized
e1308_8a1b4b5f47,education,Number of school of general education as of 30 September by province · Upper Secondary,Upper Secondary,VN_SRC_PHUYEN,Phu Yen,2024,annual,26.0,School,not_specified,E1308,https://www.nso.gov.vn/en/px-web?pxid=E1308&theme=Education,source_reported_unharmonized
e1308_8a1b4b5f47,education,Number of school of general education as of 30 September by province · Upper Secondary,Upper Secondary,VN_SRC_KHANHHOA,Khanh Hoa,2002,annual,12.0,School,not_specified,E1308,https://www.nso.gov.vn/en/px-web?pxid=E1308&theme=Education,source_reported_unharmonized
e1308_8a1b4b5f47,education,Number of school of general education as of 30 September by province · Upper Secondary,Upper Secondary,VN_SRC_KHANHHOA,Khanh Hoa,2003,annual,12.0,School,not_specified,E1308,https://www.nso.gov.vn/en/px-web?pxid=E1308&theme=Education,source_reported_unharmonized
e1308_8a1b4b5f47,education,Number of school of general education as of 30 September by province · Upper Secondary,Upper Secondary,VN_SRC_KHANHHOA,Khanh Hoa,2004,annual,15.0,School,not_specified,E1308,https://www.nso.gov.vn/en/px-web?pxid=E1308&theme=Education,source_reported_unharmonized
e1308_8a1b4b5f47,education,Number of school of general education as of 30 September by province · Upper Secondary,Upper Secondary,VN_SRC_KHANHHOA,Khanh Hoa,2005,annual,19.0,School,not_specified,E1308,https://www.nso.gov.vn/en/px-web?pxid=E1308&theme=Education,source_reported_unharmonized
e1308_8a1b4b5f47,education,Number of school of general education as of 30 September by province · Upper Secondary,Upper Secondary,VN_SRC_KHANHHOA,Khanh Hoa,2006,annual,22.0,School,not_specified,E1308,https://www.nso.gov.vn/en/px-web?pxid=E1308&theme=Education,source_reported_unharmonized
e1308_8a1b4b5f47,education,Number of school of general education as of 30 September by province · Upper Secondary,Upper Secondary,VN_SRC_KHANHHOA,Khanh Hoa,2007,annual,23.0,School,not_specified,E1308,https://www.nso.gov.vn/en/px-web?pxid=E1308&theme=Education,source_reported_unharmonized
e1308_8a1b4b5f47,education,Number of school of general education as of 30 September by province · Upper Secondary,Upper Secondary,VN_SRC_KHANHHOA,Khanh Hoa,2008,annual,25.0,School,not_specified,E1308,https://www.nso.gov.vn/en/px-web?pxid=E1308&theme=Education,source_reported_unharmonized
e1308_8a1b4b5f47,education,Number of school of general education as of 30 September by province · Upper Secondary,Upper Secondary,VN_SRC_KHANHHOA,Khanh Hoa,2009,annual,31.0,School,not_specified,E1308,https://www.nso.gov.vn/en/px-web?pxid=E1308&theme=Education,source_reported_unharmonized
e1308_8a1b4b5f47,education,Number of school of general education as of 30 September by province · Upper Secondary,Upper Secondary,VN_SRC_KHANHHOA,Khanh Hoa,2010,annual,29.0,School,not_specified,E1308,https://www.nso.gov.vn/en/px-web?pxid=E1308&theme=Education,source_reported_unharmonized
e1308_8a1b4b5f47,education,Number of school of general education as of 30 September by province · Upper Secondary,Upper Secondary,VN_SRC_KHANHHOA,Khanh Hoa,2011,annual,26.0,School,not_specified,E1308,https://www.nso.gov.vn/en/px-web?pxid=E1308&theme=Education,source_reported_unharmonized
e1308_8a1b4b5f47,education,Number of school of general education as of 30 September by province · Upper Secondary,Upper Secondary,VN_SRC_KHANHHOA,Khanh Hoa,2012,annual,27.0,School,not_specified,E1308,https://www.nso.gov.vn/en/px-web?pxid=E1308&theme=Education,source_reported_unharmonized
e1308_8a1b4b5f47,education,Number of school of general education as of 30 September by province · Upper Secondary,Upper Secondary,VN_SRC_KHANHHOA,Khanh Hoa,2013,annual,27.0,School,not_specified,E1308,https://www.nso.gov.vn/en/px-web?pxid=E1308&theme=Education,source_reported_unharmonized
e1308_8a1b4b5f47,education,Number of school of general education as of 30 September by province · Upper Secondary,Upper Secondary,VN_SRC_KHANHHOA,Khanh Hoa,2014,annual,27.0,School,not_specified,E1308,https://www.nso.gov.vn/en/px-web?pxid=E1308&theme=Education,source_reported_unharmonized
e1308_8a1b4b5f47,education,Number of school of general education as of 30 September by province · Upper Secondary,Upper Secondary,VN_SRC_KHANHHOA,Khanh Hoa,2015,annual,28.0,School,not_specified,E1308,https://www.nso.gov.vn/en/px-web?pxid=E1308&theme=Education,source_reported_unharmonized
e1308_8a1b4b5f47,education,Number of school of general education as of 30 September by province · Upper Secondary,Upper Secondary,VN_SRC_KHANHHOA,Khanh Hoa,2016,annual,29.0,School,not_specified,E1308,https://www.nso.gov.vn/en/px-web?pxid=E1308&theme=Education,source_reported_unharmonized
e1308_8a1b4b5f47,education,Number of school of general education as of 30 September by province · Upper Secondary,Upper Secondary,VN_SRC_KHANHHOA,Khanh Hoa,2017,annual,27.0,School,not_specified,E1308,https://www.nso.gov.vn/en/px-web?pxid=E1308&theme=Education,source_reported_unharmonized
e1308_8a1b4b5f47,education,Number of school of general education as of 30 September by province · Upper Secondary,Upper Secondary,VN_SRC_KHANHHOA,Khanh Hoa,2019,annual,27.0,School,not_specified,E1308,https://www.nso.gov.vn/en/px-web?pxid=E1308&theme=Education,source_reported_unharmonized
e1308_8a1b4b5f47,education,Number of school of general education as of 30 September by province · Upper Secondary,Upper Secondary,VN_SRC_KHANHHOA,Khanh Hoa,2020,annual,27.0,School,not_specified,E1308,https://www.nso.gov.vn/en/px-web?pxid=E1308&theme=Education,source_reported_unharmonized
e1308_8a1b4b5f47,education,Number of school of general education as of 30 September by province · Upper Secondary,Upper Secondary,VN_SRC_KHANHHOA,Khanh Hoa,2021,annual,29.0,School,not_specified,E1308,https://www.nso.gov.vn/en/px-web?pxid=E1308&theme=Education,source_reported_unharmonized
e1308_8a1b4b5f47,education,Number of school of general education as of 30 September by province · Upper Secondary,Upper Secondary,VN_SRC_KHANHHOA,Khanh Hoa,2024,annual,30.0,School,not_specified,E1308,https://www.nso.gov.vn/en/px-web?pxid=E1308&theme=Education,source_reported_unharmonized
e1308_8a1b4b5f47,education,Number of school of general education as of 30 September by province · Upper Secondary,Upper Secondary,VN_SRC_NINHTHUAN,Ninh Thuan,2002,annual,4.0,School,not_specified,E1308,https://www.nso.gov.vn/en/px-web?pxid=E1308&theme=Education,source_reported_unharmonized
e1308_8a1b4b5f47,education,Number of school of general education as of 30 September by province · Upper Secondary,Upper Secondary,VN_SRC_NINHTHUAN,Ninh Thuan,2003,annual,4.0,School,not_specified,E1308,https://www.nso.gov.vn/en/px-web?pxid=E1308&theme=Education,source_reported_unharmonized
e1308_8a1b4b5f47,education,Number of school of general education as of 30 September by province · Upper Secondary,Upper Secondary,VN_SRC_NINHTHUAN,Ninh Thuan,2004,annual,4.0,School,not_specified,E1308,https://www.nso.gov.vn/en/px-web?pxid=E1308&theme=Education,source_reported_unharmonized
e1308_8a1b4b5f47,education,Number of school of general education as of 30 September by province · Upper Secondary,Upper Secondary,VN_SRC_NINHTHUAN,Ninh Thuan,2005,annual,6.0,School,not_specified,E1308,https://www.nso.gov.vn/en/px-web?pxid=E1308&theme=Education,source_reported_unharmonized
e1308_8a1b4b5f47,education,Number of school of general education as of 30 September by province · Upper Secondary,Upper Secondary,VN_SRC_NINHTHUAN,Ninh Thuan,2006,annual,9.0,School,not_specified,E1308,https://www.nso.gov.vn/en/px-web?pxid=E1308&theme=Education,source_reported_unharmonized
e1308_8a1b4b5f47,education,Number of school of general education as of 30 September by province · Upper Secondary,Upper Secondary,VN_SRC_NINHTHUAN,Ninh Thuan,2007,annual,9.0,School,not_specified,E1308,https://www.nso.gov.vn/en/px-web?pxid=E1308&theme=Education,source_reported_unharmonized
e1308_8a1b4b5f47,education,Number of school of general education as of 30 September by province · Upper Secondary,Upper Secondary,VN_SRC_NINHTHUAN,Ninh Thuan,2008,annual,13.0,School,not_specified,E1308,https://www.nso.gov.vn/en/px-web?pxid=E1308&theme=Education,source_reported_unharmonized
e1308_8a1b4b5f47,education,Number of school of general education as of 30 September by province · Upper Secondary,Upper Secondary,VN_SRC_NINHTHUAN,Ninh Thuan,2009,annual,15.0,School,not_specified,E1308,https://www.nso.gov.vn/en/px-web?pxid=E1308&theme=Education,source_reported_unharmonized
e1308_8a1b4b5f47,education,Number of school of general education as of 30 September by province · Upper Secondary,Upper Secondary,VN_SRC_NINHTHUAN,Ninh Thuan,2010,annual,18.0,School,not_specified,E1308,https://www.nso.gov.vn/en/px-web?pxid=E1308&theme=Education,source_reported_unharmonized
e1308_8a1b4b5f47,education,Number of school of general education as of 30 September by province · Upper Secondary,Upper Secondary,VN_SRC_NINHTHUAN,Ninh Thuan,2011,annual,18.0,School,not_specified,E1308,https://www.nso.gov.vn/en/px-web?pxid=E1308&theme=Education,source_reported_unharmonized
e1308_8a1b4b5f47,education,Number of school of general education as of 30 September by province · Upper Secondary,Upper Secondary,VN_SRC_NINHTHUAN,Ninh Thuan,2012,annual,19.0,School,not_specified,E1308,https://www.nso.gov.vn/en/px-web?pxid=E1308&theme=Education,source_reported_unharmonized
e1308_8a1b4b5f47,education,Number of school of general education as of 30 September by province · Upper Secondary,Upper Secondary,VN_SRC_NINHTHUAN,Ninh Thuan,2013,annual,19.0,School,not_specified,E1308,https://www.nso.gov.vn/en/px-web?pxid=E1308&theme=Education,source_reported_unharmonized
e1308_8a1b4b5f47,education,Number of school of general education as of 30 September by province · Upper Secondary,Upper Secondary,VN_SRC_NINHTHUAN,Ninh Thuan,2014,annual,18.0,School,not_specified,E1308,https://www.nso.gov.vn/en/px-web?pxid=E1308&theme=Education,source_reported_unharmonized
e1308_8a1b4b5f47,education,Number of school of general education as of 30 September by province · Upper Secondary,Upper Secondary,VN_SRC_NINHTHUAN,Ninh Thuan,2015,annual,18.0,School,not_specified,E1308,https://www.nso.gov.vn/en/px-web?pxid=E1308&theme=Education,source_reported_unharmonized
e1308_8a1b4b5f47,education,Number of school of general education as of 30 September by province · Upper Secondary,Upper Secondary,VN_SRC_NINHTHUAN,Ninh Thuan,2016,annual,17.0,School,not_specified,E1308,https://www.nso.gov.vn/en/px-web?pxid=E1308&theme=Education,source_reported_unharmonized
e1308_8a1b4b5f47,education,Number of school of general education as of 30 September by province · Upper Secondary,Upper Secondary,VN_SRC_NINHTHUAN,Ninh Thuan,2017,annual,17.0,School,not_specified,E1308,https://www.nso.gov.vn/en/px-web?pxid=E1308&theme=Education,source_reported_unharmonized
e1308_8a1b4b5f47,education,Number of school of general education as of 30 September by province · Upper Secondary,Upper Secondary,VN_SRC_NINHTHUAN,Ninh Thuan,2019,annual,15.0,School,not_specified,E1308,https://www.nso.gov.vn/en/px-web?pxid=E1308&theme=Education,source_reported_unharmonized
e1308_8a1b4b5f47,education,Number of school of general education as of 30 September by province · Upper Secondary,Upper Secondary,VN_SRC_NINHTHUAN,Ninh Thuan,2020,annual,15.0,School,not_specified,E1308,https://www.nso.gov.vn/en/px-web?pxid=E1308&theme=Education,source_reported_unharmonized
e1308_8a1b4b5f47,education,Number of school of general education as of 30 September by province · Upper Secondary,Upper Secondary,VN_SRC_NINHTHUAN,Ninh Thuan,2021,annual,15.0,School,not_specified,E1308,https://www.nso.gov.vn/en/px-web?pxid=E1308&theme=Education,source_reported_unharmonized
e1308_8a1b4b5f47,education,Number of school of general education as of 30 September by province · Upper Secondary,Upper Secondary,VN_SRC_NINHTHUAN,Ninh Thuan,2024,annual,15.0,School,not_specified,E1308,https://www.nso.gov.vn/en/px-web?pxid=E1308&theme=Education,source_reported_unharmonized
e1308_8a1b4b5f47,education,Number of school of general education as of 30 September by province · Upper Secondary,Upper Secondary,VN_SRC_BINHTHUAN,Binh Thuan,2002,annual,13.0,School,not_specified,E1308,https://www.nso.gov.vn/en/px-web?pxid=E1308&theme=Education,source_reported_unharmonized
e1308_8a1b4b5f47,education,Number of school of general education as of 30 September by province · Upper Secondary,Upper Secondary,VN_SRC_BINHTHUAN,Binh Thuan,2003,annual,17.0,School,not_specified,E1308,https://www.nso.gov.vn/en/px-web?pxid=E1308&theme=Education,source_reported_unharmonized
e1308_8a1b4b5f47,education,Number of school of general education as of 30 September by province · Upper Secondary,Upper Secondary,VN_SRC_BINHTHUAN,Binh Thuan,2004,annual,20.0,School,not_specified,E1308,https://www.nso.gov.vn/en/px-web?pxid=E1308&theme=Education,source_reported_unharmonized
e1308_8a1b4b5f47,education,Number of school of general education as of 30 September by province · Upper Secondary,Upper Secondary,VN_SRC_BINHTHUAN,Binh Thuan,2005,annual,24.0,School,not_specified,E1308,https://www.nso.gov.vn/en/px-web?pxid=E1308&theme=Education,source_reported_unharmonized
e1308_8a1b4b5f47,education,Number of school of general education as of 30 September by province · Upper Secondary,Upper Secondary,VN_SRC_BINHTHUAN,Binh Thuan,2006,annual,26.0,School,not_specified,E1308,https://www.nso.gov.vn/en/px-web?pxid=E1308&theme=Education,source_reported_unharmonized
e1308_8a1b4b5f47,education,Number of school of general education as of 30 September by province · Upper Secondary,Upper Secondary,VN_SRC_BINHTHUAN,Binh Thuan,2007,annual,27.0,School,not_specified,E1308,https://www.nso.gov.vn/en/px-web?pxid=E1308&theme=Education,source_reported_unharmonized
e1308_8a1b4b5f47,education,Number of school of general education as of 30 September by province · Upper Secondary,Upper Secondary,VN_SRC_BINHTHUAN,Binh Thuan,2008,annual,25.0,School,not_specified,E1308,https://www.nso.gov.vn/en/px-web?pxid=E1308&theme=Education,source_reported_unharmonized
e1308_8a1b4b5f47,education,Number of school of general education as of 30 September by province · Upper Secondary,Upper Secondary,VN_SRC_BINHTHUAN,Binh Thuan,2009,annual,26.0,School,not_specified,E1308,https://www.nso.gov.vn/en/px-web?pxid=E1308&theme=Education,source_reported_unharmonized
e1308_8a1b4b5f47,education,Number of school of general education as of 30 September by province · Upper Secondary,Upper Secondary,VN_SRC_BINHTHUAN,Binh Thuan,2010,annual,26.0,School,not_specified,E1308,https://www.nso.gov.vn/en/px-web?pxid=E1308&theme=Education,source_reported_unharmonized
e1308_8a1b4b5f47,education,Number of school of general education as of 30 September by province · Upper Secondary,Upper Secondary,VN_SRC_BINHTHUAN,Binh Thuan,2011,annual,26.0,School,not_specified,E1308,https://www.nso.gov.vn/en/px-web?pxid=E1308&theme=Education,source_reported_unharmonized
e1308_8a1b4b5f47,education,Number of school of general education as of 30 September by province · Upper Secondary,Upper Secondary,VN_SRC_BINHTHUAN,Binh Thuan,2012,annual,27.0,School,not_specified,E1308,https://www.nso.gov.vn/en/px-web?pxid=E1308&theme=Education,source_reported_unharmonized
e1308_8a1b4b5f47,education,Number of school of general education as of 30 September by province · Upper Secondary,Upper Secondary,VN_SRC_BINHTHUAN,Binh Thuan,2013,annual,26.0,School,not_specified,E1308,https://www.nso.gov.vn/en/px-web?pxid=E1308&theme=Education,source_reported_unharmonized
e1308_8a1b4b5f47,education,Number of school of general education as of 30 September by province · Upper Secondary,Upper Secondary,VN_SRC_BINHTHUAN,Binh Thuan,2014,annual,26.0,School,not_specified,E1308,https://www.nso.gov.vn/en/px-web?pxid=E1308&theme=Education,source_reported_unharmonized
e1308_8a1b4b5f47,education,Number of school of general education as of 30 September by province · Upper Secondary,Upper Secondary,VN_SRC_BINHTHUAN,Binh Thuan,2015,annual,25.0,School,not_specified,E1308,https://www.nso.gov.vn/en/px-web?pxid=E1308&theme=Education,source_reported_unharmonized
e1308_8a1b4b5f47,education,Number of school of general education as of 30 September by province · Upper Secondary,Upper Secondary,VN_SRC_BINHTHUAN,Binh Thuan,2016,annual,25.0,School,not_specified,E1308,https://www.nso.gov.vn/en/px-web?pxid=E1308&theme=Education,source_reported_unharmonized
e1308_8a1b4b5f47,education,Number of school of general education as of 30 September by province · Upper Secondary,Upper Secondary,VN_SRC_BINHTHUAN,Binh Thuan,2017,annual,25.0,School,not_specified,E1308,https://www.nso.gov.vn/en/px-web?pxid=E1308&theme=Education,source_reported_unharmonized
e1308_8a1b4b5f47,education,Number of school of general education as of 30 September by province · Upper Secondary,Upper Secondary,VN_SRC_BINHTHUAN,Binh Thuan,2019,annual,25.0,School,not_specified,E1308,https://www.nso.gov.vn/en/px-web?pxid=E1308&theme=Education,source_reported_unharmonized
e1308_8a1b4b5f47,education,Number of school of general education as of 30 September by province · Upper Secondary,Upper Secondary,VN_SRC_BINHTHUAN,Binh Thuan,2020,annual,25.0,School,not_specified,E1308,https://www.nso.gov.vn/en/px-web?pxid=E1308&theme=Education,source_reported_unharmonized
e1308_8a1b4b5f47,education,Number of school of general education as of 30 September by province · Upper Secondary,Upper Secondary,VN_SRC_BINHTHUAN,Binh Thuan,2021,annual,25.0,School,not_specified,E1308,https://www.nso.gov.vn/en/px-web?pxid=E1308&theme=Education,source_reported_unharmonized
e1308_8a1b4b5f47,education,Number of school of general education as of 30 September by province · Upper Secondary,Upper Secondary,VN_SRC_BINHTHUAN,Binh Thuan,2024,annual,26.0,School,not_specified,E1308,https://www.nso.gov.vn/en/px-web?pxid=E1308&theme=Education,source_reported_unharmonized
e1308_8a1b4b5f47,education,Number of school of general education as of 30 September by province · Upper Secondary,Upper Secondary,VN_SRC_KONTUM,Kon Tum,2002,annual,3.0,School,not_specified,E1308,https://www.nso.gov.vn/en/px-web?pxid=E1308&theme=Education,source_reported_unharmonized
e1308_8a1b4b5f47,education,Number of school of general education as of 30 September by province · Upper Secondary,Upper Secondary,VN_SRC_KONTUM,Kon Tum,2003,annual,4.0,School,not_specified,E1308,https://www.nso.gov.vn/en/px-web?pxid=E1308&theme=Education,source_reported_unharmonized
e1308_8a1b4b5f47,education,Number of school of general education as of 30 September by province · Upper Secondary,Upper Secondary,VN_SRC_KONTUM,Kon Tum,2004,annual,4.0,School,not_specified,E1308,https://www.nso.gov.vn/en/px-web?pxid=E1308&theme=Education,source_reported_unharmonized
e1308_8a1b4b5f47,education,Number of school of general education as of 30 September by province · Upper Secondary,Upper Secondary,VN_SRC_KONTUM,Kon Tum,2005,annual,6.0,School,not_specified,E1308,https://www.nso.gov.vn/en/px-web?pxid=E1308&theme=Education,source_reported_unharmonized
e1308_8a1b4b5f47,education,Number of school of general education as of 30 September by province · Upper Secondary,Upper Secondary,VN_SRC_KONTUM,Kon Tum,2006,annual,6.0,School,not_specified,E1308,https://www.nso.gov.vn/en/px-web?pxid=E1308&theme=Education,source_reported_unharmonized
e1308_8a1b4b5f47,education,Number of school of general education as of 30 September by province · Upper Secondary,Upper Secondary,VN_SRC_KONTUM,Kon Tum,2007,annual,6.0,School,not_specified,E1308,https://www.nso.gov.vn/en/px-web?pxid=E1308&theme=Education,source_reported_unharmonized
e1308_8a1b4b5f47,education,Number of school of general education as of 30 September by province · Upper Secondary,Upper Secondary,VN_SRC_KONTUM,Kon Tum,2008,annual,11.0,School,not_specified,E1308,https://www.nso.gov.vn/en/px-web?pxid=E1308&theme=Education,source_reported_unharmonized
e1308_8a1b4b5f47,education,Number of school of general education as of 30 September by province · Upper Secondary,Upper Secondary,VN_SRC_KONTUM,Kon Tum,2009,annual,10.0,School,not_specified,E1308,https://www.nso.gov.vn/en/px-web?pxid=E1308&theme=Education,source_reported_unharmonized
e1308_8a1b4b5f47,education,Number of school of general education as of 30 September by province · Upper Secondary,Upper Secondary,VN_SRC_KONTUM,Kon Tum,2010,annual,14.0,School,not_specified,E1308,https://www.nso.gov.vn/en/px-web?pxid=E1308&theme=Education,source_reported_unharmonized
e1308_8a1b4b5f47,education,Number of school of general education as of 30 September by province · Upper Secondary,Upper Secondary,VN_SRC_KONTUM,Kon Tum,2011,annual,14.0,School,not_specified,E1308,https://www.nso.gov.vn/en/px-web?pxid=E1308&theme=Education,source_reported_unharmonized
e1308_8a1b4b5f47,education,Number of school of general education as of 30 September by province · Upper Secondary,Upper Secondary,VN_SRC_KONTUM,Kon Tum,2012,annual,13.0,School,not_specified,E1308,https://www.nso.gov.vn/en/px-web?pxid=E1308&theme=Education,source_reported_unharmonized
e1308_8a1b4b5f47,education,Number of school of general education as of 30 September by province · Upper Secondary,Upper Secondary,VN_SRC_KONTUM,Kon Tum,2013,annual,13.0,School,not_specified,E1308,https://www.nso.gov.vn/en/px-web?pxid=E1308&theme=Education,source_reported_unharmonized
e1308_8a1b4b5f47,education,Number of school of general education as of 30 September by province · Upper Secondary,Upper Secondary,VN_SRC_KONTUM,Kon Tum,2014,annual,16.0,School,not_specified,E1308,https://www.nso.gov.vn/en/px-web?pxid=E1308&theme=Education,source_reported_unharmonized
e1308_8a1b4b5f47,education,Number of school of general education as of 30 September by province · Upper Secondary,Upper Secondary,VN_SRC_KONTUM,Kon Tum,2015,annual,16.0,School,not_specified,E1308,https://www.nso.gov.vn/en/px-web?pxid=E1308&theme=Education,source_reported_unharmonized
e1308_8a1b4b5f47,education,Number of school of general education as of 30 September by province · Upper Secondary,Upper Secondary,VN_SRC_KONTUM,Kon Tum,2016,annual,16.0,School,not_specified,E1308,https://www.nso.gov.vn/en/px-web?pxid=E1308&theme=Education,source_reported_unharmonized
e1308_8a1b4b5f47,education,Number of school of general education as of 30 September by province · Upper Secondary,Upper Secondary,VN_SRC_KONTUM,Kon Tum,2017,annual,17.0,School,not_specified,E1308,https://www.nso.gov.vn/en/px-web?pxid=E1308&theme=Education,source_reported_unharmonized
e1308_8a1b4b5f47,education,Number of school of general education as of 30 September by province · Upper Secondary,Upper Secondary,VN_SRC_KONTUM,Kon Tum,2019,annual,17.0,School,not_specified,E1308,https://www.nso.gov.vn/en/px-web?pxid=E1308&theme=Education,source_reported_unharmonized
e1308_8a1b4b5f47,education,Number of school of general education as of 30 September by province · Upper Secondary,Upper Secondary,VN_SRC_KONTUM,Kon Tum,2020,annual,18.0,School,not_specified,E1308,https://www.nso.gov.vn/en/px-web?pxid=E1308&theme=Education,source_reported_unharmonized
e1308_8a1b4b5f47,education,Number of school of general education as of 30 September by province · Upper Secondary,Upper Secondary,VN_SRC_KONTUM,Kon Tum,2021,annual,17.0,School,not_specified,E1308,https://www.nso.gov.vn/en/px-web?pxid=E1308&theme=Education,source_reported_unharmonized
e1308_8a1b4b5f47,education,Number of school of general education as of 30 September by province · Upper Secondary,Upper Secondary,VN_SRC_KONTUM,Kon Tum,2024,annual,16.0,School,not_specified,E1308,https://www.nso.gov.vn/en/px-web?pxid=E1308&theme=Education,source_reported_unharmonized
e1308_8a1b4b5f47,education,Number of school of general education as of 30 September by province · Upper Secondary,Upper Secondary,VN_SRC_GIALAI,Gia Lai,2002,annual,15.0,School,not_specified,E1308,https://www.nso.gov.vn/en/px-web?pxid=E1308&theme=Education,source_reported_unharmonized
e1308_8a1b4b5f47,education,Number of school of general education as of 30 September by province · Upper Secondary,Upper Secondary,VN_SRC_GIALAI,Gia Lai,2003,annual,20.0,School,not_specified,E1308,https://www.nso.gov.vn/en/px-web?pxid=E1308&theme=Education,source_reported_unharmonized
e1308_8a1b4b5f47,education,Number of school of general education as of 30 September by province · Upper Secondary,Upper Secondary,VN_SRC_GIALAI,Gia Lai,2004,annual,26.0,School,not_specified,E1308,https://www.nso.gov.vn/en/px-web?pxid=E1308&theme=Education,source_reported_unharmonized
e1308_8a1b4b5f47,education,Number of school of general education as of 30 September by province · Upper Secondary,Upper Secondary,VN_SRC_GIALAI,Gia Lai,2005,annual,26.0,School,not_specified,E1308,https://www.nso.gov.vn/en/px-web?pxid=E1308&theme=Education,source_reported_unharmonized
e1308_8a1b4b5f47,education,Number of school of general education as of 30 September by province · Upper Secondary,Upper Secondary,VN_SRC_GIALAI,Gia Lai,2006,annual,28.0,School,not_specified,E1308,https://www.nso.gov.vn/en/px-web?pxid=E1308&theme=Education,source_reported_unharmonized
e1308_8a1b4b5f47,education,Number of school of general education as of 30 September by province · Upper Secondary,Upper Secondary,VN_SRC_GIALAI,Gia Lai,2007,annual,31.0,School,not_specified,E1308,https://www.nso.gov.vn/en/px-web?pxid=E1308&theme=Education,source_reported_unharmonized
e1308_8a1b4b5f47,education,Number of school of general education as of 30 September by province · Upper Secondary,Upper Secondary,VN_SRC_GIALAI,Gia Lai,2008,annual,34.0,School,not_specified,E1308,https://www.nso.gov.vn/en/px-web?pxid=E1308&theme=Education,source_reported_unharmonized
e1308_8a1b4b5f47,education,Number of school of general education as of 30 September by province · Upper Secondary,Upper Secondary,VN_SRC_GIALAI,Gia Lai,2009,annual,37.0,School,not_specified,E1308,https://www.nso.gov.vn/en/px-web?pxid=E1308&theme=Education,source_reported_unharmonized
e1308_8a1b4b5f47,education,Number of school of general education as of 30 September by province · Upper Secondary,Upper Secondary,VN_SRC_GIALAI,Gia Lai,2010,annual,38.0,School,not_specified,E1308,https://www.nso.gov.vn/en/px-web?pxid=E1308&theme=Education,source_reported_unharmonized
e1308_8a1b4b5f47,education,Number of school of general education as of 30 September by province · Upper Secondary,Upper Secondary,VN_SRC_GIALAI,Gia Lai,2011,annual,39.0,School,not_specified,E1308,https://www.nso.gov.vn/en/px-web?pxid=E1308&theme=Education,source_reported_unharmonized
e1308_8a1b4b5f47,education,Number of school of general education as of 30 September by province · Upper Secondary,Upper Secondary,VN_SRC_GIALAI,Gia Lai,2012,annual,40.0,School,not_specified,E1308,https://www.nso.gov.vn/en/px-web?pxid=E1308&theme=Education,source_reported_unharmonized
e1308_8a1b4b5f47,education,Number of school of general education as of 30 September by province · Upper Secondary,Upper Secondary,VN_SRC_GIALAI,Gia Lai,2013,annual,42.0,School,not_specified,E1308,https://www.nso.gov.vn/en/px-web?pxid=E1308&theme=Education,source_reported_unharmonized
e1308_8a1b4b5f47,education,Number of school of general education as of 30 September by province · Upper Secondary,Upper Secondary,VN_SRC_GIALAI,Gia Lai,2014,annual,44.0,School,not_specified,E1308,https://www.nso.gov.vn/en/px-web?pxid=E1308&theme=Education,source_reported_unharmonized
e1308_8a1b4b5f47,education,Number of school of general education as of 30 September by province · Upper Secondary,Upper Secondary,VN_SRC_GIALAI,Gia Lai,2015,annual,44.0,School,not_specified,E1308,https://www.nso.gov.vn/en/px-web?pxid=E1308&theme=Education,source_reported_unharmonized
e1308_8a1b4b5f47,education,Number of school of general education as of 30 September by province · Upper Secondary,Upper Secondary,VN_SRC_GIALAI,Gia Lai,2016,annual,45.0,School,not_specified,E1308,https://www.nso.gov.vn/en/px-web?pxid=E1308&theme=Education,source_reported_unharmonized
e1308_8a1b4b5f47,education,Number of school of general education as of 30 September by province · Upper Secondary,Upper Secondary,VN_SRC_GIALAI,Gia Lai,2017,annual,45.0,School,not_specified,E1308,https://www.nso.gov.vn/en/px-web?pxid=E1308&theme=Education,source_reported_unharmonized
e1308_8a1b4b5f47,education,Number of school of general education as of 30 September by province · Upper Secondary,Upper Secondary,VN_SRC_GIALAI,Gia Lai,2019,annual,43.0,School,not_specified,E1308,https://www.nso.gov.vn/en/px-web?pxid=E1308&theme=Education,source_reported_unharmonized
e1308_8a1b4b5f47,education,Number of school of general education as of 30 September by province · Upper Secondary,Upper Secondary,VN_SRC_GIALAI,Gia Lai,2020,annual,43.0,School,not_specified,E1308,https://www.nso.gov.vn/en/px-web?pxid=E1308&theme=Education,source_reported_unharmonized
e1308_8a1b4b5f47,education,Number of school of general education as of 30 September by province · Upper Secondary,Upper Secondary,VN_SRC_GIALAI,Gia Lai,2021,annual,43.0,School,not_specified,E1308,https://www.nso.gov.vn/en/px-web?pxid=E1308&theme=Education,source_reported_unharmonized
e1308_8a1b4b5f47,education,Number of school of general education as of 30 September by province · Upper Secondary,Upper Secondary,VN_SRC_GIALAI,Gia Lai,2024,annual,43.0,School,not_specified,E1308,https://www.nso.gov.vn/en/px-web?pxid=E1308&theme=Education,source_reported_unharmonized
e1308_8a1b4b5f47,education,Number of school of general education as of 30 September by province · Upper Secondary,Upper Secondary,VN_SRC_DAKLAK,Dak Lak,2002,annual,25.0,School,not_specified,E1308,https://www.nso.gov.vn/en/px-web?pxid=E1308&theme=Education,source_reported_unharmonized
e1308_8a1b4b5f47,education,Number of school of general education as of 30 September by province · Upper Secondary,Upper Secondary,VN_SRC_DAKLAK,Dak Lak,2003,annual,29.0,School,not_specified,E1308,https://www.nso.gov.vn/en/px-web?pxid=E1308&theme=Education,source_reported_unharmonized
e1308_8a1b4b5f47,education,Number of school of general education as of 30 September by province · Upper Secondary,Upper Secondary,VN_SRC_DAKLAK,Dak Lak,2004,annual,26.0,School,not_specified,E1308,https://www.nso.gov.vn/en/px-web?pxid=E1308&theme=Education,source_reported_unharmonized
e1308_8a1b4b5f47,education,Number of school of general education as of 30 September by province · Upper Secondary,Upper Secondary,VN_SRC_DAKLAK,Dak Lak,2005,annual,29.0,School,not_specified,E1308,https://www.nso.gov.vn/en/px-web?pxid=E1308&theme=Education,source_reported_unharmonized
e1308_8a1b4b5f47,education,Number of school of general education as of 30 September by province · Upper Secondary,Upper Secondary,VN_SRC_DAKLAK,Dak Lak,2006,annual,32.0,School,not_specified,E1308,https://www.nso.gov.vn/en/px-web?pxid=E1308&theme=Education,source_reported_unharmonized
e1308_8a1b4b5f47,education,Number of school of general education as of 30 September by province · Upper Secondary,Upper Secondary,VN_SRC_DAKLAK,Dak Lak,2007,annual,40.0,School,not_specified,E1308,https://www.nso.gov.vn/en/px-web?pxid=E1308&theme=Education,source_reported_unharmonized
e1308_8a1b4b5f47,education,Number of school of general education as of 30 September by province · Upper Secondary,Upper Secondary,VN_SRC_DAKLAK,Dak Lak,2008,annual,47.0,School,not_specified,E1308,https://www.nso.gov.vn/en/px-web?pxid=E1308&theme=Education,source_reported_unharmonized
e1308_8a1b4b5f47,education,Number of school of general education as of 30 September by province · Upper Secondary,Upper Secondary,VN_SRC_DAKLAK,Dak Lak,2009,annual,49.0,School,not_specified,E1308,https://www.nso.gov.vn/en/px-web?pxid=E1308&theme=Education,source_reported_unharmonized
e1308_8a1b4b5f47,education,Number of school of general education as of 30 September by province · Upper Secondary,Upper Secondary,VN_SRC_DAKLAK,Dak Lak,2010,annual,52.0,School,not_specified,E1308,https://www.nso.gov.vn/en/px-web?pxid=E1308&theme=Education,source_reported_unharmonized
e1308_8a1b4b5f47,education,Number of school of general education as of 30 September by province · Upper Secondary,Upper Secondary,VN_SRC_DAKLAK,Dak Lak,2011,annual,52.0,School,not_specified,E1308,https://www.nso.gov.vn/en/px-web?pxid=E1308&theme=Education,source_reported_unharmonized
e1308_8a1b4b5f47,education,Number of school of general education as of 30 September by province · Upper Secondary,Upper Secondary,VN_SRC_DAKLAK,Dak Lak,2012,annual,52.0,School,not_specified,E1308,https://www.nso.gov.vn/en/px-web?pxid=E1308&theme=Education,source_reported_unharmonized
e1308_8a1b4b5f47,education,Number of school of general education as of 30 September by province · Upper Secondary,Upper Secondary,VN_SRC_DAKLAK,Dak Lak,2013,annual,52.0,School,not_specified,E1308,https://www.nso.gov.vn/en/px-web?pxid=E1308&theme=Education,source_reported_unharmonized
e1308_8a1b4b5f47,education,Number of school of general education as of 30 September by province · Upper Secondary,Upper Secondary,VN_SRC_DAKLAK,Dak Lak,2014,annual,52.0,School,not_specified,E1308,https://www.nso.gov.vn/en/px-web?pxid=E1308&theme=Education,source_reported_unharmonized
e1308_8a1b4b5f47,education,Number of school of general education as of 30 September by province · Upper Secondary,Upper Secondary,VN_SRC_DAKLAK,Dak Lak,2015,annual,52.0,School,not_specified,E1308,https://www.nso.gov.vn/en/px-web?pxid=E1308&theme=Education,source_reported_unharmonized
e1308_8a1b4b5f47,education,Number of school of general education as of 30 September by province · Upper Secondary,Upper Secondary,VN_SRC_DAKLAK,Dak Lak,2016,annual,52.0,School,not_specified,E1308,https://www.nso.gov.vn/en/px-web?pxid=E1308&theme=Education,source_reported_unharmonized
e1308_8a1b4b5f47,education,Number of school of general education as of 30 September by province · Upper Secondary,Upper Secondary,VN_SRC_DAKLAK,Dak Lak,2017,annual,52.0,School,not_specified,E1308,https://www.nso.gov.vn/en/px-web?pxid=E1308&theme=Education,source_reported_unharmonized
e1308_8a1b4b5f47,education,Number of school of general education as of 30 September by province · Upper Secondary,Upper Secondary,VN_SRC_DAKLAK,Dak Lak,2019,annual,53.0,School,not_specified,E1308,https://www.nso.gov.vn/en/px-web?pxid=E1308&theme=Education,source_reported_unharmonized
e1308_8a1b4b5f47,education,Number of school of general education as of 30 September by province · Upper Secondary,Upper Secondary,VN_SRC_DAKLAK,Dak Lak,2020,annual,53.0,School,not_specified,E1308,https://www.nso.gov.vn/en/px-web?pxid=E1308&theme=Education,source_reported_unharmonized
e1308_8a1b4b5f47,education,Number of school of general education as of 30 September by province · Upper Secondary,Upper Secondary,VN_SRC_DAKLAK,Dak Lak,2021,annual,54.0,School,not_specified,E1308,https://www.nso.gov.vn/en/px-web?pxid=E1308&theme=Education,source_reported_unharmonized
e1308_8a1b4b5f47,education,Number of school of general education as of 30 September by province · Upper Secondary,Upper Secondary,VN_SRC_DAKLAK,Dak Lak,2024,annual,55.0,School,not_specified,E1308,https://www.nso.gov.vn/en/px-web?pxid=E1308&theme=Education,source_reported_unharmonized
e1308_8a1b4b5f47,education,Number of school of general education as of 30 September by province · Upper Secondary,Upper Secondary,VN_SRC_DAKNONG,Dak Nong,2002,annual,,School,not_specified,E1308,https://www.nso.gov.vn/en/px-web?pxid=E1308&theme=Education,source_reported_unharmonized
e1308_8a1b4b5f47,education,Number of school of general education as of 30 September by province · Upper Secondary,Upper Secondary,VN_SRC_DAKNONG,Dak Nong,2003,annual,,School,not_specified,E1308,https://www.nso.gov.vn/en/px-web?pxid=E1308&theme=Education,source_reported_unharmonized
e1308_8a1b4b5f47,education,Number of school of general education as of 30 September by province · Upper Secondary,Upper Secondary,VN_SRC_DAKNONG,Dak Nong,2004,annual,8.0,School,not_specified,E1308,https://www.nso.gov.vn/en/px-web?pxid=E1308&theme=Education,source_reported_unharmonized
e1308_8a1b4b5f47,education,Number of school of general education as of 30 September by province · Upper Secondary,Upper Secondary,VN_SRC_DAKNONG,Dak Nong,2005,annual,8.0,School,not_specified,E1308,https://www.nso.gov.vn/en/px-web?pxid=E1308&theme=Education,source_reported_unharmonized
e1308_8a1b4b5f47,education,Number of school of general education as of 30 September by province · Upper Secondary,Upper Secondary,VN_SRC_DAKNONG,Dak Nong,2006,annual,12.0,School,not_specified,E1308,https://www.nso.gov.vn/en/px-web?pxid=E1308&theme=Education,source_reported_unharmonized
e1308_8a1b4b5f47,education,Number of school of general education as of 30 September by province · Upper Secondary,Upper Secondary,VN_SRC_DAKNONG,Dak Nong,2007,annual,16.0,School,not_specified,E1308,https://www.nso.gov.vn/en/px-web?pxid=E1308&theme=Education,source_reported_unharmonized
e1308_8a1b4b5f47,education,Number of school of general education as of 30 September by province · Upper Secondary,Upper Secondary,VN_SRC_DAKNONG,Dak Nong,2008,annual,18.0,School,not_specified,E1308,https://www.nso.gov.vn/en/px-web?pxid=E1308&theme=Education,source_reported_unharmonized
e1308_8a1b4b5f47,education,Number of school of general education as of 30 September by province · Upper Secondary,Upper Secondary,VN_SRC_DAKNONG,Dak Nong,2009,annual,18.0,School,not_specified,E1308,https://www.nso.gov.vn/en/px-web?pxid=E1308&theme=Education,source_reported_unharmonized
e1308_8a1b4b5f47,education,Number of school of general education as of 30 September by province · Upper Secondary,Upper Secondary,VN_SRC_DAKNONG,Dak Nong,2010,annual,19.0,School,not_specified,E1308,https://www.nso.gov.vn/en/px-web?pxid=E1308&theme=Education,source_reported_unharmonized
e1308_8a1b4b5f47,education,Number of school of general education as of 30 September by province · Upper Secondary,Upper Secondary,VN_SRC_DAKNONG,Dak Nong,2011,annual,22.0,School,not_specified,E1308,https://www.nso.gov.vn/en/px-web?pxid=E1308&theme=Education,source_reported_unharmonized
e1308_8a1b4b5f47,education,Number of school of general education as of 30 September by province · Upper Secondary,Upper Secondary,VN_SRC_DAKNONG,Dak Nong,2012,annual,24.0,School,not_specified,E1308,https://www.nso.gov.vn/en/px-web?pxid=E1308&theme=Education,source_reported_unharmonized
e1308_8a1b4b5f47,education,Number of school of general education as of 30 September by province · Upper Secondary,Upper Secondary,VN_SRC_DAKNONG,Dak Nong,2013,annual,23.0,School,not_specified,E1308,https://www.nso.gov.vn/en/px-web?pxid=E1308&theme=Education,source_reported_unharmonized
e1308_8a1b4b5f47,education,Number of school of general education as of 30 September by province · Upper Secondary,Upper Secondary,VN_SRC_DAKNONG,Dak Nong,2014,annual,23.0,School,not_specified,E1308,https://www.nso.gov.vn/en/px-web?pxid=E1308&theme=Education,source_reported_unharmonized
e1308_8a1b4b5f47,education,Number of school of general education as of 30 September by province · Upper Secondary,Upper Secondary,VN_SRC_DAKNONG,Dak Nong,2015,annual,24.0,School,not_specified,E1308,https://www.nso.gov.vn/en/px-web?pxid=E1308&theme=Education,source_reported_unharmonized
e1308_8a1b4b5f47,education,Number of school of general education as of 30 September by province · Upper Secondary,Upper Secondary,VN_SRC_DAKNONG,Dak Nong,2016,annual,24.0,School,not_specified,E1308,https://www.nso.gov.vn/en/px-web?pxid=E1308&theme=Education,source_reported_unharmonized
e1308_8a1b4b5f47,education,Number of school of general education as of 30 September by province · Upper Secondary,Upper Secondary,VN_SRC_DAKNONG,Dak Nong,2017,annual,25.0,School,not_specified,E1308,https://www.nso.gov.vn/en/px-web?pxid=E1308&theme=Education,source_reported_unharmonized
e1308_8a1b4b5f47,education,Number of school of general education as of 30 September by province · Upper Secondary,Upper Secondary,VN_SRC_DAKNONG,Dak Nong,2019,annual,24.0,School,not_specified,E1308,https://www.nso.gov.vn/en/px-web?pxid=E1308&theme=Education,source_reported_unharmonized
e1308_8a1b4b5f47,education,Number of school of general education as of 30 September by province · Upper Secondary,Upper Secondary,VN_SRC_DAKNONG,Dak Nong,2020,annual,24.0,School,not_specified,E1308,https://www.nso.gov.vn/en/px-web?pxid=E1308&theme=Education,source_reported_unharmonized
e1308_8a1b4b5f47,education,Number of school of general education as of 30 September by province · Upper Secondary,Upper Secondary,VN_SRC_DAKNONG,Dak Nong,2021,annual,24.0,School,not_specified,E1308,https://www.nso.gov.vn/en/px-web?pxid=E1308&theme=Education,source_reported_unharmonized
e1308_8a1b4b5f47,education,Number of school of general education as of 30 September by province · Upper Secondary,Upper Secondary,VN_SRC_DAKNONG,Dak Nong,2024,annual,24.0,School,not_specified,E1308,https://www.nso.gov.vn/en/px-web?pxid=E1308&theme=Education,source_reported_unharmonized
e1308_8a1b4b5f47,education,Number of school of general education as of 30 September by province · Upper Secondary,Upper Secondary,VN_SRC_LAMDONG,Lam Dong,2002,annual,14.0,School,not_specified,E1308,https://www.nso.gov.vn/en/px-web?pxid=E1308&theme=Education,source_reported_unharmonized
e1308_8a1b4b5f47,education,Number of school of general education as of 30 September by province · Upper Secondary,Upper Secondary,VN_SRC_LAMDONG,Lam Dong,2003,annual,15.0,School,not_specified,E1308,https://www.nso.gov.vn/en/px-web?pxid=E1308&theme=Education,source_reported_unharmonized
e1308_8a1b4b5f47,education,Number of school of general education as of 30 September by province · Upper Secondary,Upper Secondary,VN_SRC_LAMDONG,Lam Dong,2004,annual,17.0,School,not_specified,E1308,https://www.nso.gov.vn/en/px-web?pxid=E1308&theme=Education,source_reported_unharmonized
e1308_8a1b4b5f47,education,Number of school of general education as of 30 September by province · Upper Secondary,Upper Secondary,VN_SRC_LAMDONG,Lam Dong,2005,annual,51.0,School,not_specified,E1308,https://www.nso.gov.vn/en/px-web?pxid=E1308&theme=Education,source_reported_unharmonized
e1308_8a1b4b5f47,education,Number of school of general education as of 30 September by province · Upper Secondary,Upper Secondary,VN_SRC_LAMDONG,Lam Dong,2006,annual,25.0,School,not_specified,E1308,https://www.nso.gov.vn/en/px-web?pxid=E1308&theme=Education,source_reported_unharmonized
e1308_8a1b4b5f47,education,Number of school of general education as of 30 September by province · Upper Secondary,Upper Secondary,VN_SRC_LAMDONG,Lam Dong,2007,annual,28.0,School,not_specified,E1308,https://www.nso.gov.vn/en/px-web?pxid=E1308&theme=Education,source_reported_unharmonized
e1308_8a1b4b5f47,education,Number of school of general education as of 30 September by province · Upper Secondary,Upper Secondary,VN_SRC_LAMDONG,Lam Dong,2008,annual,33.0,School,not_specified,E1308,https://www.nso.gov.vn/en/px-web?pxid=E1308&theme=Education,source_reported_unharmonized
e1308_8a1b4b5f47,education,Number of school of general education as of 30 September by province · Upper Secondary,Upper Secondary,VN_SRC_LAMDONG,Lam Dong,2009,annual,38.0,School,not_specified,E1308,https://www.nso.gov.vn/en/px-web?pxid=E1308&theme=Education,source_reported_unharmonized
e1308_8a1b4b5f47,education,Number of school of general education as of 30 September by province · Upper Secondary,Upper Secondary,VN_SRC_LAMDONG,Lam Dong,2010,annual,36.0,School,not_specified,E1308,https://www.nso.gov.vn/en/px-web?pxid=E1308&theme=Education,source_reported_unharmonized
e1308_8a1b4b5f47,education,Number of school of general education as of 30 September by province · Upper Secondary,Upper Secondary,VN_SRC_LAMDONG,Lam Dong,2011,annual,37.0,School,not_specified,E1308,https://www.nso.gov.vn/en/px-web?pxid=E1308&theme=Education,source_reported_unharmonized
e1308_8a1b4b5f47,education,Number of school of general education as of 30 September by province · Upper Secondary,Upper Secondary,VN_SRC_LAMDONG,Lam Dong,2012,annual,46.0,School,not_specified,E1308,https://www.nso.gov.vn/en/px-web?pxid=E1308&theme=Education,source_reported_unharmonized
e1308_8a1b4b5f47,education,Number of school of general education as of 30 September by province · Upper Secondary,Upper Secondary,VN_SRC_LAMDONG,Lam Dong,2013,annual,47.0,School,not_specified,E1308,https://www.nso.gov.vn/en/px-web?pxid=E1308&theme=Education,source_reported_unharmonized
e1308_8a1b4b5f47,education,Number of school of general education as of 30 September by province · Upper Secondary,Upper Secondary,VN_SRC_LAMDONG,Lam Dong,2014,annual,47.0,School,not_specified,E1308,https://www.nso.gov.vn/en/px-web?pxid=E1308&theme=Education,source_reported_unharmonized
e1308_8a1b4b5f47,education,Number of school of general education as of 30 September by province · Upper Secondary,Upper Secondary,VN_SRC_LAMDONG,Lam Dong,2015,annual,48.0,School,not_specified,E1308,https://www.nso.gov.vn/en/px-web?pxid=E1308&theme=Education,source_reported_unharmonized
e1308_8a1b4b5f47,education,Number of school of general education as of 30 September by province · Upper Secondary,Upper Secondary,VN_SRC_LAMDONG,Lam Dong,2016,annual,49.0,School,not_specified,E1308,https://www.nso.gov.vn/en/px-web?pxid=E1308&theme=Education,source_reported_unharmonized
e1308_8a1b4b5f47,education,Number of school of general education as of 30 September by province · Upper Secondary,Upper Secondary,VN_SRC_LAMDONG,Lam Dong,2017,annual,48.0,School,not_specified,E1308,https://www.nso.gov.vn/en/px-web?pxid=E1308&theme=Education,source_reported_unharmonized
e1308_8a1b4b5f47,education,Number of school of general education as of 30 September by province · Upper Secondary,Upper Secondary,VN_SRC_LAMDONG,Lam Dong,2019,annual,47.0,School,not_specified,E1308,https://www.nso.gov.vn/en/px-web?pxid=E1308&theme=Education,source_reported_unharmonized
e1308_8a1b4b5f47,education,Number of school of general education as of 30 September by province · Upper Secondary,Upper Secondary,VN_SRC_LAMDONG,Lam Dong,2020,annual,46.0,School,not_specified,E1308,https://www.nso.gov.vn/en/px-web?pxid=E1308&theme=Education,source_reported_unharmonized
e1308_8a1b4b5f47,education,Number of school of general education as of 30 September by province · Upper Secondary,Upper Secondary,VN_SRC_LAMDONG,Lam Dong,2021,annual,46.0,School,not_specified,E1308,https://www.nso.gov.vn/en/px-web?pxid=E1308&theme=Education,source_reported_unharmonized
e1308_8a1b4b5f47,education,Number of school of general education as of 30 September by province · Upper Secondary,Upper Secondary,VN_SRC_LAMDONG,Lam Dong,2024,annual,44.0,School,not_specified,E1308,https://www.nso.gov.vn/en/px-web?pxid=E1308&theme=Education,source_reported_unharmonized
e1308_8a1b4b5f47,education,Number of school of general education as of 30 September by province · Upper Secondary,Upper Secondary,VN_SRC_BINHPHUOC,Binh Phuoc,2002,annual,11.0,School,not_specified,E1308,https://www.nso.gov.vn/en/px-web?pxid=E1308&theme=Education,source_reported_unharmonized
e1308_8a1b4b5f47,education,Number of school of general education as of 30 September by province · Upper Secondary,Upper Secondary,VN_SRC_BINHPHUOC,Binh Phuoc,2003,annual,12.0,School,not_specified,E1308,https://www.nso.gov.vn/en/px-web?pxid=E1308&theme=Education,source_reported_unharmonized
e1308_8a1b4b5f47,education,Number of school of general education as of 30 September by province · Upper Secondary,Upper Secondary,VN_SRC_BINHPHUOC,Binh Phuoc,2004,annual,16.0,School,not_specified,E1308,https://www.nso.gov.vn/en/px-web?pxid=E1308&theme=Education,source_reported_unharmonized
e1308_8a1b4b5f47,education,Number of school of general education as of 30 September by province · Upper Secondary,Upper Secondary,VN_SRC_BINHPHUOC,Binh Phuoc,2005,annual,16.0,School,not_specified,E1308,https://www.nso.gov.vn/en/px-web?pxid=E1308&theme=Education,source_reported_unharmonized
e1308_8a1b4b5f47,education,Number of school of general education as of 30 September by province · Upper Secondary,Upper Secondary,VN_SRC_BINHPHUOC,Binh Phuoc,2006,annual,17.0,School,not_specified,E1308,https://www.nso.gov.vn/en/px-web?pxid=E1308&theme=Education,source_reported_unharmonized
e1308_8a1b4b5f47,education,Number of school of general education as of 30 September by province · Upper Secondary,Upper Secondary,VN_SRC_BINHPHUOC,Binh Phuoc,2007,annual,20.0,School,not_specified,E1308,https://www.nso.gov.vn/en/px-web?pxid=E1308&theme=Education,source_reported_unharmonized
e1308_8a1b4b5f47,education,Number of school of general education as of 30 September by province · Upper Secondary,Upper Secondary,VN_SRC_BINHPHUOC,Binh Phuoc,2008,annual,21.0,School,not_specified,E1308,https://www.nso.gov.vn/en/px-web?pxid=E1308&theme=Education,source_reported_unharmonized
e1308_8a1b4b5f47,education,Number of school of general education as of 30 September by province · Upper Secondary,Upper Secondary,VN_SRC_BINHPHUOC,Binh Phuoc,2009,annual,21.0,School,not_specified,E1308,https://www.nso.gov.vn/en/px-web?pxid=E1308&theme=Education,source_reported_unharmonized
e1308_8a1b4b5f47,education,Number of school of general education as of 30 September by province · Upper Secondary,Upper Secondary,VN_SRC_BINHPHUOC,Binh Phuoc,2010,annual,21.0,School,not_specified,E1308,https://www.nso.gov.vn/en/px-web?pxid=E1308&theme=Education,source_reported_unharmonized
e1308_8a1b4b5f47,education,Number of school of general education as of 30 September by province · Upper Secondary,Upper Secondary,VN_SRC_BINHPHUOC,Binh Phuoc,2011,annual,23.0,School,not_specified,E1308,https://www.nso.gov.vn/en/px-web?pxid=E1308&theme=Education,source_reported_unharmonized
e1308_8a1b4b5f47,education,Number of school of general education as of 30 September by province · Upper Secondary,Upper Secondary,VN_SRC_BINHPHUOC,Binh Phuoc,2012,annual,24.0,School,not_specified,E1308,https://www.nso.gov.vn/en/px-web?pxid=E1308&theme=Education,source_reported_unharmonized
e1308_8a1b4b5f47,education,Number of school of general education as of 30 September by province · Upper Secondary,Upper Secondary,VN_SRC_BINHPHUOC,Binh Phuoc,2013,annual,25.0,School,not_specified,E1308,https://www.nso.gov.vn/en/px-web?pxid=E1308&theme=Education,source_reported_unharmonized
e1308_8a1b4b5f47,education,Number of school of general education as of 30 September by province · Upper Secondary,Upper Secondary,VN_SRC_BINHPHUOC,Binh Phuoc,2014,annual,26.0,School,not_specified,E1308,https://www.nso.gov.vn/en/px-web?pxid=E1308&theme=Education,source_reported_unharmonized
e1308_8a1b4b5f47,education,Number of school of general education as of 30 September by province · Upper Secondary,Upper Secondary,VN_SRC_BINHPHUOC,Binh Phuoc,2015,annual,26.0,School,not_specified,E1308,https://www.nso.gov.vn/en/px-web?pxid=E1308&theme=Education,source_reported_unharmonized
e1308_8a1b4b5f47,education,Number of school of general education as of 30 September by province · Upper Secondary,Upper Secondary,VN_SRC_BINHPHUOC,Binh Phuoc,2016,annual,27.0,School,not_specified,E1308,https://www.nso.gov.vn/en/px-web?pxid=E1308&theme=Education,source_reported_unharmonized
e1308_8a1b4b5f47,education,Number of school of general education as of 30 September by province · Upper Secondary,Upper Secondary,VN_SRC_BINHPHUOC,Binh Phuoc,2017,annual,27.0,School,not_specified,E1308,https://www.nso.gov.vn/en/px-web?pxid=E1308&theme=Education,source_reported_unharmonized
e1308_8a1b4b5f47,education,Number of school of general education as of 30 September by province · Upper Secondary,Upper Secondary,VN_SRC_BINHPHUOC,Binh Phuoc,2019,annual,27.0,School,not_specified,E1308,https://www.nso.gov.vn/en/px-web?pxid=E1308&theme=Education,source_reported_unharmonized
e1308_8a1b4b5f47,education,Number of school of general education as of 30 September by province · Upper Secondary,Upper Secondary,VN_SRC_BINHPHUOC,Binh Phuoc,2020,annual,27.0,School,not_specified,E1308,https://www.nso.gov.vn/en/px-web?pxid=E1308&theme=Education,source_reported_unharmonized
e1308_8a1b4b5f47,education,Number of school of general education as of 30 September by province · Upper Secondary,Upper Secondary,VN_SRC_BINHPHUOC,Binh Phuoc,2021,annual,27.0,School,not_specified,E1308,https://www.nso.gov.vn/en/px-web?pxid=E1308&theme=Education,source_reported_unharmonized
e1308_8a1b4b5f47,education,Number of school of general education as of 30 September by province · Upper Secondary,Upper Secondary,VN_SRC_BINHPHUOC,Binh Phuoc,2024,annual,27.0,School,not_specified,E1308,https://www.nso.gov.vn/en/px-web?pxid=E1308&theme=Education,source_reported_unharmonized
e1308_8a1b4b5f47,education,Number of school of general education as of 30 September by province · Upper Secondary,Upper Secondary,VN_SRC_TAYNINH,Tay Ninh,2002,annual,28.0,School,not_specified,E1308,https://www.nso.gov.vn/en/px-web?pxid=E1308&theme=Education,source_reported_unharmonized
e1308_8a1b4b5f47,education,Number of school of general education as of 30 September by province · Upper Secondary,Upper Secondary,VN_SRC_TAYNINH,Tay Ninh,2003,annual,28.0,School,not_specified,E1308,https://www.nso.gov.vn/en/px-web?pxid=E1308&theme=Education,source_reported_unharmonized
e1308_8a1b4b5f47,education,Number of school of general education as of 30 September by province · Upper Secondary,Upper Secondary,VN_SRC_TAYNINH,Tay Ninh,2004,annual,28.0,School,not_specified,E1308,https://www.nso.gov.vn/en/px-web?pxid=E1308&theme=Education,source_reported_unharmonized
e1308_8a1b4b5f47,education,Number of school of general education as of 30 September by province · Upper Secondary,Upper Secondary,VN_SRC_TAYNINH,Tay Ninh,2005,annual,29.0,School,not_specified,E1308,https://www.nso.gov.vn/en/px-web?pxid=E1308&theme=Education,source_reported_unharmonized
e1308_8a1b4b5f47,education,Number of school of general education as of 30 September by province · Upper Secondary,Upper Secondary,VN_SRC_TAYNINH,Tay Ninh,2006,annual,30.0,School,not_specified,E1308,https://www.nso.gov.vn/en/px-web?pxid=E1308&theme=Education,source_reported_unharmonized
e1308_8a1b4b5f47,education,Number of school of general education as of 30 September by province · Upper Secondary,Upper Secondary,VN_SRC_TAYNINH,Tay Ninh,2007,annual,30.0,School,not_specified,E1308,https://www.nso.gov.vn/en/px-web?pxid=E1308&theme=Education,source_reported_unharmonized
e1308_8a1b4b5f47,education,Number of school of general education as of 30 September by province · Upper Secondary,Upper Secondary,VN_SRC_TAYNINH,Tay Ninh,2008,annual,31.0,School,not_specified,E1308,https://www.nso.gov.vn/en/px-web?pxid=E1308&theme=Education,source_reported_unharmonized
e1308_8a1b4b5f47,education,Number of school of general education as of 30 September by province · Upper Secondary,Upper Secondary,VN_SRC_TAYNINH,Tay Ninh,2009,annual,31.0,School,not_specified,E1308,https://www.nso.gov.vn/en/px-web?pxid=E1308&theme=Education,source_reported_unharmonized
e1308_8a1b4b5f47,education,Number of school of general education as of 30 September by province · Upper Secondary,Upper Secondary,VN_SRC_TAYNINH,Tay Ninh,2010,annual,31.0,School,not_specified,E1308,https://www.nso.gov.vn/en/px-web?pxid=E1308&theme=Education,source_reported_unharmonized
e1308_8a1b4b5f47,education,Number of school of general education as of 30 September by province · Upper Secondary,Upper Secondary,VN_SRC_TAYNINH,Tay Ninh,2011,annual,31.0,School,not_specified,E1308,https://www.nso.gov.vn/en/px-web?pxid=E1308&theme=Education,source_reported_unharmonized
e1308_8a1b4b5f47,education,Number of school of general education as of 30 September by province · Upper Secondary,Upper Secondary,VN_SRC_TAYNINH,Tay Ninh,2012,annual,30.0,School,not_specified,E1308,https://www.nso.gov.vn/en/px-web?pxid=E1308&theme=Education,source_reported_unharmonized
e1308_8a1b4b5f47,education,Number of school of general education as of 30 September by province · Upper Secondary,Upper Secondary,VN_SRC_TAYNINH,Tay Ninh,2013,annual,30.0,School,not_specified,E1308,https://www.nso.gov.vn/en/px-web?pxid=E1308&theme=Education,source_reported_unharmonized
e1308_8a1b4b5f47,education,Number of school of general education as of 30 September by province · Upper Secondary,Upper Secondary,VN_SRC_TAYNINH,Tay Ninh,2014,annual,30.0,School,not_specified,E1308,https://www.nso.gov.vn/en/px-web?pxid=E1308&theme=Education,source_reported_unharmonized
e1308_8a1b4b5f47,education,Number of school of general education as of 30 September by province · Upper Secondary,Upper Secondary,VN_SRC_TAYNINH,Tay Ninh,2015,annual,30.0,School,not_specified,E1308,https://www.nso.gov.vn/en/px-web?pxid=E1308&theme=Education,source_reported_unharmonized
e1308_8a1b4b5f47,education,Number of school of general education as of 30 September by province · Upper Secondary,Upper Secondary,VN_SRC_TAYNINH,Tay Ninh,2016,annual,30.0,School,not_specified,E1308,https://www.nso.gov.vn/en/px-web?pxid=E1308&theme=Education,source_reported_unharmonized
e1308_8a1b4b5f47,education,Number of school of general education as of 30 September by province · Upper Secondary,Upper Secondary,VN_SRC_TAYNINH,Tay Ninh,2017,annual,31.0,School,not_specified,E1308,https://www.nso.gov.vn/en/px-web?pxid=E1308&theme=Education,source_reported_unharmonized
e1308_8a1b4b5f47,education,Number of school of general education as of 30 September by province · Upper Secondary,Upper Secondary,VN_SRC_TAYNINH,Tay Ninh,2019,annual,26.0,School,not_specified,E1308,https://www.nso.gov.vn/en/px-web?pxid=E1308&theme=Education,source_reported_unharmonized
e1308_8a1b4b5f47,education,Number of school of general education as of 30 September by province · Upper Secondary,Upper Secondary,VN_SRC_TAYNINH,Tay Ninh,2020,annual,26.0,School,not_specified,E1308,https://www.nso.gov.vn/en/px-web?pxid=E1308&theme=Education,source_reported_unharmonized
e1308_8a1b4b5f47,education,Number of school of general education as of 30 September by province · Upper Secondary,Upper Secondary,VN_SRC_TAYNINH,Tay Ninh,2021,annual,26.0,School,not_specified,E1308,https://www.nso.gov.vn/en/px-web?pxid=E1308&theme=Education,source_reported_unharmonized
e1308_8a1b4b5f47,education,Number of school of general education as of 30 September by province · Upper Secondary,Upper Secondary,VN_SRC_TAYNINH,Tay Ninh,2024,annual,25.0,School,not_specified,E1308,https://www.nso.gov.vn/en/px-web?pxid=E1308&theme=Education,source_reported_unharmonized
e1308_8a1b4b5f47,education,Number of school of general education as of 30 September by province · Upper Secondary,Upper Secondary,VN_SRC_BINHDUONG,Binh Duong,2002,annual,2.0,School,not_specified,E1308,https://www.nso.gov.vn/en/px-web?pxid=E1308&theme=Education,source_reported_unharmonized
e1308_8a1b4b5f47,education,Number of school of general education as of 30 September by province · Upper Secondary,Upper Secondary,VN_SRC_BINHDUONG,Binh Duong,2003,annual,2.0,School,not_specified,E1308,https://www.nso.gov.vn/en/px-web?pxid=E1308&theme=Education,source_reported_unharmonized
e1308_8a1b4b5f47,education,Number of school of general education as of 30 September by province · Upper Secondary,Upper Secondary,VN_SRC_BINHDUONG,Binh Duong,2004,annual,4.0,School,not_specified,E1308,https://www.nso.gov.vn/en/px-web?pxid=E1308&theme=Education,source_reported_unharmonized
e1308_8a1b4b5f47,education,Number of school of general education as of 30 September by province · Upper Secondary,Upper Secondary,VN_SRC_BINHDUONG,Binh Duong,2005,annual,11.0,School,not_specified,E1308,https://www.nso.gov.vn/en/px-web?pxid=E1308&theme=Education,source_reported_unharmonized
e1308_8a1b4b5f47,education,Number of school of general education as of 30 September by province · Upper Secondary,Upper Secondary,VN_SRC_BINHDUONG,Binh Duong,2006,annual,12.0,School,not_specified,E1308,https://www.nso.gov.vn/en/px-web?pxid=E1308&theme=Education,source_reported_unharmonized
e1308_8a1b4b5f47,education,Number of school of general education as of 30 September by province · Upper Secondary,Upper Secondary,VN_SRC_BINHDUONG,Binh Duong,2007,annual,14.0,School,not_specified,E1308,https://www.nso.gov.vn/en/px-web?pxid=E1308&theme=Education,source_reported_unharmonized
e1308_8a1b4b5f47,education,Number of school of general education as of 30 September by province · Upper Secondary,Upper Secondary,VN_SRC_BINHDUONG,Binh Duong,2008,annual,14.0,School,not_specified,E1308,https://www.nso.gov.vn/en/px-web?pxid=E1308&theme=Education,source_reported_unharmonized
e1308_8a1b4b5f47,education,Number of school of general education as of 30 September by province · Upper Secondary,Upper Secondary,VN_SRC_BINHDUONG,Binh Duong,2009,annual,14.0,School,not_specified,E1308,https://www.nso.gov.vn/en/px-web?pxid=E1308&theme=Education,source_reported_unharmonized
e1308_8a1b4b5f47,education,Number of school of general education as of 30 September by province · Upper Secondary,Upper Secondary,VN_SRC_BINHDUONG,Binh Duong,2010,annual,17.0,School,not_specified,E1308,https://www.nso.gov.vn/en/px-web?pxid=E1308&theme=Education,source_reported_unharmonized
e1308_8a1b4b5f47,education,Number of school of general education as of 30 September by province · Upper Secondary,Upper Secondary,VN_SRC_BINHDUONG,Binh Duong,2011,annual,21.0,School,not_specified,E1308,https://www.nso.gov.vn/en/px-web?pxid=E1308&theme=Education,source_reported_unharmonized
e1308_8a1b4b5f47,education,Number of school of general education as of 30 September by province · Upper Secondary,Upper Secondary,VN_SRC_BINHDUONG,Binh Duong,2012,annual,21.0,School,not_specified,E1308,https://www.nso.gov.vn/en/px-web?pxid=E1308&theme=Education,source_reported_unharmonized
e1308_8a1b4b5f47,education,Number of school of general education as of 30 September by province · Upper Secondary,Upper Secondary,VN_SRC_BINHDUONG,Binh Duong,2013,annual,22.0,School,not_specified,E1308,https://www.nso.gov.vn/en/px-web?pxid=E1308&theme=Education,source_reported_unharmonized
e1308_8a1b4b5f47,education,Number of school of general education as of 30 September by province · Upper Secondary,Upper Secondary,VN_SRC_BINHDUONG,Binh Duong,2014,annual,23.0,School,not_specified,E1308,https://www.nso.gov.vn/en/px-web?pxid=E1308&theme=Education,source_reported_unharmonized
e1308_8a1b4b5f47,education,Number of school of general education as of 30 September by province · Upper Secondary,Upper Secondary,VN_SRC_BINHDUONG,Binh Duong,2015,annual,24.0,School,not_specified,E1308,https://www.nso.gov.vn/en/px-web?pxid=E1308&theme=Education,source_reported_unharmonized
e1308_8a1b4b5f47,education,Number of school of general education as of 30 September by province · Upper Secondary,Upper Secondary,VN_SRC_BINHDUONG,Binh Duong,2016,annual,24.0,School,not_specified,E1308,https://www.nso.gov.vn/en/px-web?pxid=E1308&theme=Education,source_reported_unharmonized
e1308_8a1b4b5f47,education,Number of school of general education as of 30 September by province · Upper Secondary,Upper Secondary,VN_SRC_BINHDUONG,Binh Duong,2017,annual,24.0,School,not_specified,E1308,https://www.nso.gov.vn/en/px-web?pxid=E1308&theme=Education,source_reported_unharmonized
e1308_8a1b4b5f47,education,Number of school of general education as of 30 September by province · Upper Secondary,Upper Secondary,VN_SRC_BINHDUONG,Binh Duong,2019,annual,23.0,School,not_specified,E1308,https://www.nso.gov.vn/en/px-web?pxid=E1308&theme=Education,source_reported_unharmonized
e1308_8a1b4b5f47,education,Number of school of general education as of 30 September by province · Upper Secondary,Upper Secondary,VN_SRC_BINHDUONG,Binh Duong,2020,annual,24.0,School,not_specified,E1308,https://www.nso.gov.vn/en/px-web?pxid=E1308&theme=Education,source_reported_unharmonized
e1308_8a1b4b5f47,education,Number of school of general education as of 30 September by province · Upper Secondary,Upper Secondary,VN_SRC_BINHDUONG,Binh Duong,2021,annual,26.0,School,not_specified,E1308,https://www.nso.gov.vn/en/px-web?pxid=E1308&theme=Education,source_reported_unharmonized
e1308_8a1b4b5f47,education,Number of school of general education as of 30 September by province · Upper Secondary,Upper Secondary,VN_SRC_BINHDUONG,Binh Duong,2024,annual,25.0,School,not_specified,E1308,https://www.nso.gov.vn/en/px-web?pxid=E1308&theme=Education,source_reported_unharmonized
e1308_8a1b4b5f47,education,Number of school of general education as of 30 September by province · Upper Secondary,Upper Secondary,VN_SRC_DONGNAI,Dong Nai,2002,annual,38.0,School,not_specified,E1308,https://www.nso.gov.vn/en/px-web?pxid=E1308&theme=Education,source_reported_unharmonized
e1308_8a1b4b5f47,education,Number of school of general education as of 30 September by province · Upper Secondary,Upper Secondary,VN_SRC_DONGNAI,Dong Nai,2003,annual,42.0,School,not_specified,E1308,https://www.nso.gov.vn/en/px-web?pxid=E1308&theme=Education,source_reported_unharmonized
e1308_8a1b4b5f47,education,Number of school of general education as of 30 September by province · Upper Secondary,Upper Secondary,VN_SRC_DONGNAI,Dong Nai,2004,annual,45.0,School,not_specified,E1308,https://www.nso.gov.vn/en/px-web?pxid=E1308&theme=Education,source_reported_unharmonized
e1308_8a1b4b5f47,education,Number of school of general education as of 30 September by province · Upper Secondary,Upper Secondary,VN_SRC_DONGNAI,Dong Nai,2005,annual,50.0,School,not_specified,E1308,https://www.nso.gov.vn/en/px-web?pxid=E1308&theme=Education,source_reported_unharmonized
e1308_8a1b4b5f47,education,Number of school of general education as of 30 September by province · Upper Secondary,Upper Secondary,VN_SRC_DONGNAI,Dong Nai,2006,annual,47.0,School,not_specified,E1308,https://www.nso.gov.vn/en/px-web?pxid=E1308&theme=Education,source_reported_unharmonized
e1308_8a1b4b5f47,education,Number of school of general education as of 30 September by province · Upper Secondary,Upper Secondary,VN_SRC_DONGNAI,Dong Nai,2007,annual,48.0,School,not_specified,E1308,https://www.nso.gov.vn/en/px-web?pxid=E1308&theme=Education,source_reported_unharmonized
e1308_8a1b4b5f47,education,Number of school of general education as of 30 September by province · Upper Secondary,Upper Secondary,VN_SRC_DONGNAI,Dong Nai,2008,annual,46.0,School,not_specified,E1308,https://www.nso.gov.vn/en/px-web?pxid=E1308&theme=Education,source_reported_unharmonized
e1308_8a1b4b5f47,education,Number of school of general education as of 30 September by province · Upper Secondary,Upper Secondary,VN_SRC_DONGNAI,Dong Nai,2009,annual,43.0,School,not_specified,E1308,https://www.nso.gov.vn/en/px-web?pxid=E1308&theme=Education,source_reported_unharmonized
e1308_8a1b4b5f47,education,Number of school of general education as of 30 September by province · Upper Secondary,Upper Secondary,VN_SRC_DONGNAI,Dong Nai,2010,annual,48.0,School,not_specified,E1308,https://www.nso.gov.vn/en/px-web?pxid=E1308&theme=Education,source_reported_unharmonized
e1308_8a1b4b5f47,education,Number of school of general education as of 30 September by province · Upper Secondary,Upper Secondary,VN_SRC_DONGNAI,Dong Nai,2011,annual,48.0,School,not_specified,E1308,https://www.nso.gov.vn/en/px-web?pxid=E1308&theme=Education,source_reported_unharmonized
e1308_8a1b4b5f47,education,Number of school of general education as of 30 September by province · Upper Secondary,Upper Secondary,VN_SRC_DONGNAI,Dong Nai,2012,annual,50.0,School,not_specified,E1308,https://www.nso.gov.vn/en/px-web?pxid=E1308&theme=Education,source_reported_unharmonized
e1308_8a1b4b5f47,education,Number of school of general education as of 30 September by province · Upper Secondary,Upper Secondary,VN_SRC_DONGNAI,Dong Nai,2013,annual,50.0,School,not_specified,E1308,https://www.nso.gov.vn/en/px-web?pxid=E1308&theme=Education,source_reported_unharmonized
e1308_8a1b4b5f47,education,Number of school of general education as of 30 September by province · Upper Secondary,Upper Secondary,VN_SRC_DONGNAI,Dong Nai,2014,annual,47.0,School,not_specified,E1308,https://www.nso.gov.vn/en/px-web?pxid=E1308&theme=Education,source_reported_unharmonized
e1308_8a1b4b5f47,education,Number of school of general education as of 30 September by province · Upper Secondary,Upper Secondary,VN_SRC_DONGNAI,Dong Nai,2015,annual,47.0,School,not_specified,E1308,https://www.nso.gov.vn/en/px-web?pxid=E1308&theme=Education,source_reported_unharmonized
e1308_8a1b4b5f47,education,Number of school of general education as of 30 September by province · Upper Secondary,Upper Secondary,VN_SRC_DONGNAI,Dong Nai,2016,annual,48.0,School,not_specified,E1308,https://www.nso.gov.vn/en/px-web?pxid=E1308&theme=Education,source_reported_unharmonized
e1308_8a1b4b5f47,education,Number of school of general education as of 30 September by province · Upper Secondary,Upper Secondary,VN_SRC_DONGNAI,Dong Nai,2017,annual,49.0,School,not_specified,E1308,https://www.nso.gov.vn/en/px-web?pxid=E1308&theme=Education,source_reported_unharmonized
e1308_8a1b4b5f47,education,Number of school of general education as of 30 September by province · Upper Secondary,Upper Secondary,VN_SRC_DONGNAI,Dong Nai,2019,annual,51.0,School,not_specified,E1308,https://www.nso.gov.vn/en/px-web?pxid=E1308&theme=Education,source_reported_unharmonized
e1308_8a1b4b5f47,education,Number of school of general education as of 30 September by province · Upper Secondary,Upper Secondary,VN_SRC_DONGNAI,Dong Nai,2020,annual,50.0,School,not_specified,E1308,https://www.nso.gov.vn/en/px-web?pxid=E1308&theme=Education,source_reported_unharmonized
e1308_8a1b4b5f47,education,Number of school of general education as of 30 September by province · Upper Secondary,Upper Secondary,VN_SRC_DONGNAI,Dong Nai,2021,annual,50.0,School,not_specified,E1308,https://www.nso.gov.vn/en/px-web?pxid=E1308&theme=Education,source_reported_unharmonized
e1308_8a1b4b5f47,education,Number of school of general education as of 30 September by province · Upper Secondary,Upper Secondary,VN_SRC_DONGNAI,Dong Nai,2024,annual,48.0,School,not_specified,E1308,https://www.nso.gov.vn/en/px-web?pxid=E1308&theme=Education,source_reported_unharmonized
e1308_8a1b4b5f47,education,Number of school of general education as of 30 September by province · Upper Secondary,Upper Secondary,VN_SRC_BARIAVUNGTAU,Ba Ria - Vung Tau,2002,annual,14.0,School,not_specified,E1308,https://www.nso.gov.vn/en/px-web?pxid=E1308&theme=Education,source_reported_unharmonized
e1308_8a1b4b5f47,education,Number of school of general education as of 30 September by province · Upper Secondary,Upper Secondary,VN_SRC_BARIAVUNGTAU,Ba Ria - Vung Tau,2003,annual,16.0,School,not_specified,E1308,https://www.nso.gov.vn/en/px-web?pxid=E1308&theme=Education,source_reported_unharmonized
e1308_8a1b4b5f47,education,Number of school of general education as of 30 September by province · Upper Secondary,Upper Secondary,VN_SRC_BARIAVUNGTAU,Ba Ria - Vung Tau,2004,annual,21.0,School,not_specified,E1308,https://www.nso.gov.vn/en/px-web?pxid=E1308&theme=Education,source_reported_unharmonized
e1308_8a1b4b5f47,education,Number of school of general education as of 30 September by province · Upper Secondary,Upper Secondary,VN_SRC_BARIAVUNGTAU,Ba Ria - Vung Tau,2005,annual,22.0,School,not_specified,E1308,https://www.nso.gov.vn/en/px-web?pxid=E1308&theme=Education,source_reported_unharmonized
e1308_8a1b4b5f47,education,Number of school of general education as of 30 September by province · Upper Secondary,Upper Secondary,VN_SRC_BARIAVUNGTAU,Ba Ria - Vung Tau,2006,annual,24.0,School,not_specified,E1308,https://www.nso.gov.vn/en/px-web?pxid=E1308&theme=Education,source_reported_unharmonized
e1308_8a1b4b5f47,education,Number of school of general education as of 30 September by province · Upper Secondary,Upper Secondary,VN_SRC_BARIAVUNGTAU,Ba Ria - Vung Tau,2007,annual,25.0,School,not_specified,E1308,https://www.nso.gov.vn/en/px-web?pxid=E1308&theme=Education,source_reported_unharmonized
e1308_8a1b4b5f47,education,Number of school of general education as of 30 September by province · Upper Secondary,Upper Secondary,VN_SRC_BARIAVUNGTAU,Ba Ria - Vung Tau,2008,annual,25.0,School,not_specified,E1308,https://www.nso.gov.vn/en/px-web?pxid=E1308&theme=Education,source_reported_unharmonized
e1308_8a1b4b5f47,education,Number of school of general education as of 30 September by province · Upper Secondary,Upper Secondary,VN_SRC_BARIAVUNGTAU,Ba Ria - Vung Tau,2009,annual,25.0,School,not_specified,E1308,https://www.nso.gov.vn/en/px-web?pxid=E1308&theme=Education,source_reported_unharmonized
e1308_8a1b4b5f47,education,Number of school of general education as of 30 September by province · Upper Secondary,Upper Secondary,VN_SRC_BARIAVUNGTAU,Ba Ria - Vung Tau,2010,annual,27.0,School,not_specified,E1308,https://www.nso.gov.vn/en/px-web?pxid=E1308&theme=Education,source_reported_unharmonized
e1308_8a1b4b5f47,education,Number of school of general education as of 30 September by province · Upper Secondary,Upper Secondary,VN_SRC_BARIAVUNGTAU,Ba Ria - Vung Tau,2011,annual,27.0,School,not_specified,E1308,https://www.nso.gov.vn/en/px-web?pxid=E1308&theme=Education,source_reported_unharmonized
e1308_8a1b4b5f47,education,Number of school of general education as of 30 September by province · Upper Secondary,Upper Secondary,VN_SRC_BARIAVUNGTAU,Ba Ria - Vung Tau,2012,annual,29.0,School,not_specified,E1308,https://www.nso.gov.vn/en/px-web?pxid=E1308&theme=Education,source_reported_unharmonized
e1308_8a1b4b5f47,education,Number of school of general education as of 30 September by province · Upper Secondary,Upper Secondary,VN_SRC_BARIAVUNGTAU,Ba Ria - Vung Tau,2013,annual,29.0,School,not_specified,E1308,https://www.nso.gov.vn/en/px-web?pxid=E1308&theme=Education,source_reported_unharmonized
e1308_8a1b4b5f47,education,Number of school of general education as of 30 September by province · Upper Secondary,Upper Secondary,VN_SRC_BARIAVUNGTAU,Ba Ria - Vung Tau,2014,annual,28.0,School,not_specified,E1308,https://www.nso.gov.vn/en/px-web?pxid=E1308&theme=Education,source_reported_unharmonized
e1308_8a1b4b5f47,education,Number of school of general education as of 30 September by province · Upper Secondary,Upper Secondary,VN_SRC_BARIAVUNGTAU,Ba Ria - Vung Tau,2015,annual,29.0,School,not_specified,E1308,https://www.nso.gov.vn/en/px-web?pxid=E1308&theme=Education,source_reported_unharmonized
e1308_8a1b4b5f47,education,Number of school of general education as of 30 September by province · Upper Secondary,Upper Secondary,VN_SRC_BARIAVUNGTAU,Ba Ria - Vung Tau,2016,annual,29.0,School,not_specified,E1308,https://www.nso.gov.vn/en/px-web?pxid=E1308&theme=Education,source_reported_unharmonized
e1308_8a1b4b5f47,education,Number of school of general education as of 30 September by province · Upper Secondary,Upper Secondary,VN_SRC_BARIAVUNGTAU,Ba Ria - Vung Tau,2017,annual,29.0,School,not_specified,E1308,https://www.nso.gov.vn/en/px-web?pxid=E1308&theme=Education,source_reported_unharmonized
e1308_8a1b4b5f47,education,Number of school of general education as of 30 September by province · Upper Secondary,Upper Secondary,VN_SRC_BARIAVUNGTAU,Ba Ria - Vung Tau,2019,annual,30.0,School,not_specified,E1308,https://www.nso.gov.vn/en/px-web?pxid=E1308&theme=Education,source_reported_unharmonized
e1308_8a1b4b5f47,education,Number of school of general education as of 30 September by province · Upper Secondary,Upper Secondary,VN_SRC_BARIAVUNGTAU,Ba Ria - Vung Tau,2020,annual,31.0,School,not_specified,E1308,https://www.nso.gov.vn/en/px-web?pxid=E1308&theme=Education,source_reported_unharmonized
e1308_8a1b4b5f47,education,Number of school of general education as of 30 September by province · Upper Secondary,Upper Secondary,VN_SRC_BARIAVUNGTAU,Ba Ria - Vung Tau,2021,annual,31.0,School,not_specified,E1308,https://www.nso.gov.vn/en/px-web?pxid=E1308&theme=Education,source_reported_unharmonized
e1308_8a1b4b5f47,education,Number of school of general education as of 30 September by province · Upper Secondary,Upper Secondary,VN_SRC_BARIAVUNGTAU,Ba Ria - Vung Tau,2024,annual,31.0,School,not_specified,E1308,https://www.nso.gov.vn/en/px-web?pxid=E1308&theme=Education,source_reported_unharmonized
e1308_8a1b4b5f47,education,Number of school of general education as of 30 September by province · Upper Secondary,Upper Secondary,VN_SRC_HOCHIMINHCITY,Ho Chi Minh city,2002,annual,63.0,School,not_specified,E1308,https://www.nso.gov.vn/en/px-web?pxid=E1308&theme=Education,source_reported_unharmonized
e1308_8a1b4b5f47,education,Number of school of general education as of 30 September by province · Upper Secondary,Upper Secondary,VN_SRC_HOCHIMINHCITY,Ho Chi Minh city,2003,annual,67.0,School,not_specified,E1308,https://www.nso.gov.vn/en/px-web?pxid=E1308&theme=Education,source_reported_unharmonized
e1308_8a1b4b5f47,education,Number of school of general education as of 30 September by province · Upper Secondary,Upper Secondary,VN_SRC_HOCHIMINHCITY,Ho Chi Minh city,2004,annual,70.0,School,not_specified,E1308,https://www.nso.gov.vn/en/px-web?pxid=E1308&theme=Education,source_reported_unharmonized
e1308_8a1b4b5f47,education,Number of school of general education as of 30 September by province · Upper Secondary,Upper Secondary,VN_SRC_HOCHIMINHCITY,Ho Chi Minh city,2005,annual,72.0,School,not_specified,E1308,https://www.nso.gov.vn/en/px-web?pxid=E1308&theme=Education,source_reported_unharmonized
e1308_8a1b4b5f47,education,Number of school of general education as of 30 September by province · Upper Secondary,Upper Secondary,VN_SRC_HOCHIMINHCITY,Ho Chi Minh city,2006,annual,76.0,School,not_specified,E1308,https://www.nso.gov.vn/en/px-web?pxid=E1308&theme=Education,source_reported_unharmonized
e1308_8a1b4b5f47,education,Number of school of general education as of 30 September by province · Upper Secondary,Upper Secondary,VN_SRC_HOCHIMINHCITY,Ho Chi Minh city,2007,annual,81.0,School,not_specified,E1308,https://www.nso.gov.vn/en/px-web?pxid=E1308&theme=Education,source_reported_unharmonized
e1308_8a1b4b5f47,education,Number of school of general education as of 30 September by province · Upper Secondary,Upper Secondary,VN_SRC_HOCHIMINHCITY,Ho Chi Minh city,2008,annual,81.0,School,not_specified,E1308,https://www.nso.gov.vn/en/px-web?pxid=E1308&theme=Education,source_reported_unharmonized
e1308_8a1b4b5f47,education,Number of school of general education as of 30 September by province · Upper Secondary,Upper Secondary,VN_SRC_HOCHIMINHCITY,Ho Chi Minh city,2009,annual,82.0,School,not_specified,E1308,https://www.nso.gov.vn/en/px-web?pxid=E1308&theme=Education,source_reported_unharmonized
e1308_8a1b4b5f47,education,Number of school of general education as of 30 September by province · Upper Secondary,Upper Secondary,VN_SRC_HOCHIMINHCITY,Ho Chi Minh city,2010,annual,100.0,School,not_specified,E1308,https://www.nso.gov.vn/en/px-web?pxid=E1308&theme=Education,source_reported_unharmonized
e1308_8a1b4b5f47,education,Number of school of general education as of 30 September by province · Upper Secondary,Upper Secondary,VN_SRC_HOCHIMINHCITY,Ho Chi Minh city,2011,annual,132.0,School,not_specified,E1308,https://www.nso.gov.vn/en/px-web?pxid=E1308&theme=Education,source_reported_unharmonized
e1308_8a1b4b5f47,education,Number of school of general education as of 30 September by province · Upper Secondary,Upper Secondary,VN_SRC_HOCHIMINHCITY,Ho Chi Minh city,2012,annual,120.0,School,not_specified,E1308,https://www.nso.gov.vn/en/px-web?pxid=E1308&theme=Education,source_reported_unharmonized
e1308_8a1b4b5f47,education,Number of school of general education as of 30 September by province · Upper Secondary,Upper Secondary,VN_SRC_HOCHIMINHCITY,Ho Chi Minh city,2013,annual,120.0,School,not_specified,E1308,https://www.nso.gov.vn/en/px-web?pxid=E1308&theme=Education,source_reported_unharmonized
e1308_8a1b4b5f47,education,Number of school of general education as of 30 September by province · Upper Secondary,Upper Secondary,VN_SRC_HOCHIMINHCITY,Ho Chi Minh city,2014,annual,125.0,School,not_specified,E1308,https://www.nso.gov.vn/en/px-web?pxid=E1308&theme=Education,source_reported_unharmonized
e1308_8a1b4b5f47,education,Number of school of general education as of 30 September by province · Upper Secondary,Upper Secondary,VN_SRC_HOCHIMINHCITY,Ho Chi Minh city,2015,annual,123.0,School,not_specified,E1308,https://www.nso.gov.vn/en/px-web?pxid=E1308&theme=Education,source_reported_unharmonized
e1308_8a1b4b5f47,education,Number of school of general education as of 30 September by province · Upper Secondary,Upper Secondary,VN_SRC_HOCHIMINHCITY,Ho Chi Minh city,2016,annual,123.0,School,not_specified,E1308,https://www.nso.gov.vn/en/px-web?pxid=E1308&theme=Education,source_reported_unharmonized
e1308_8a1b4b5f47,education,Number of school of general education as of 30 September by province · Upper Secondary,Upper Secondary,VN_SRC_HOCHIMINHCITY,Ho Chi Minh city,2017,annual,120.0,School,not_specified,E1308,https://www.nso.gov.vn/en/px-web?pxid=E1308&theme=Education,source_reported_unharmonized
e1308_8a1b4b5f47,education,Number of school of general education as of 30 September by province · Upper Secondary,Upper Secondary,VN_SRC_HOCHIMINHCITY,Ho Chi Minh city,2019,annual,123.0,School,not_specified,E1308,https://www.nso.gov.vn/en/px-web?pxid=E1308&theme=Education,source_reported_unharmonized
e1308_8a1b4b5f47,education,Number of school of general education as of 30 September by province · Upper Secondary,Upper Secondary,VN_SRC_HOCHIMINHCITY,Ho Chi Minh city,2020,annual,123.0,School,not_specified,E1308,https://www.nso.gov.vn/en/px-web?pxid=E1308&theme=Education,source_reported_unharmonized
e1308_8a1b4b5f47,education,Number of school of general education as of 30 September by province · Upper Secondary,Upper Secondary,VN_SRC_HOCHIMINHCITY,Ho Chi Minh city,2021,annual,124.0,School,not_specified,E1308,https://www.nso.gov.vn/en/px-web?pxid=E1308&theme=Education,source_reported_unharmonized
e1308_8a1b4b5f47,education,Number of school of general education as of 30 September by province · Upper Secondary,Upper Secondary,VN_SRC_HOCHIMINHCITY,Ho Chi Minh city,2024,annual,123.0,School,not_specified,E1308,https://www.nso.gov.vn/en/px-web?pxid=E1308&theme=Education,source_reported_unharmonized
e1308_8a1b4b5f47,education,Number of school of general education as of 30 September by province · Upper Secondary,Upper Secondary,VN_SRC_LONGAN,Long An,2002,annual,13.0,School,not_specified,E1308,https://www.nso.gov.vn/en/px-web?pxid=E1308&theme=Education,source_reported_unharmonized
e1308_8a1b4b5f47,education,Number of school of general education as of 30 September by province · Upper Secondary,Upper Secondary,VN_SRC_LONGAN,Long An,2003,annual,28.0,School,not_specified,E1308,https://www.nso.gov.vn/en/px-web?pxid=E1308&theme=Education,source_reported_unharmonized
e1308_8a1b4b5f47,education,Number of school of general education as of 30 September by province · Upper Secondary,Upper Secondary,VN_SRC_LONGAN,Long An,2004,annual,28.0,School,not_specified,E1308,https://www.nso.gov.vn/en/px-web?pxid=E1308&theme=Education,source_reported_unharmonized
e1308_8a1b4b5f47,education,Number of school of general education as of 30 September by province · Upper Secondary,Upper Secondary,VN_SRC_LONGAN,Long An,2005,annual,28.0,School,not_specified,E1308,https://www.nso.gov.vn/en/px-web?pxid=E1308&theme=Education,source_reported_unharmonized
e1308_8a1b4b5f47,education,Number of school of general education as of 30 September by province · Upper Secondary,Upper Secondary,VN_SRC_LONGAN,Long An,2006,annual,29.0,School,not_specified,E1308,https://www.nso.gov.vn/en/px-web?pxid=E1308&theme=Education,source_reported_unharmonized
e1308_8a1b4b5f47,education,Number of school of general education as of 30 September by province · Upper Secondary,Upper Secondary,VN_SRC_LONGAN,Long An,2007,annual,29.0,School,not_specified,E1308,https://www.nso.gov.vn/en/px-web?pxid=E1308&theme=Education,source_reported_unharmonized
e1308_8a1b4b5f47,education,Number of school of general education as of 30 September by province · Upper Secondary,Upper Secondary,VN_SRC_LONGAN,Long An,2008,annual,30.0,School,not_specified,E1308,https://www.nso.gov.vn/en/px-web?pxid=E1308&theme=Education,source_reported_unharmonized
e1308_8a1b4b5f47,education,Number of school of general education as of 30 September by province · Upper Secondary,Upper Secondary,VN_SRC_LONGAN,Long An,2009,annual,31.0,School,not_specified,E1308,https://www.nso.gov.vn/en/px-web?pxid=E1308&theme=Education,source_reported_unharmonized
e1308_8a1b4b5f47,education,Number of school of general education as of 30 September by province · Upper Secondary,Upper Secondary,VN_SRC_LONGAN,Long An,2010,annual,31.0,School,not_specified,E1308,https://www.nso.gov.vn/en/px-web?pxid=E1308&theme=Education,source_reported_unharmonized
e1308_8a1b4b5f47,education,Number of school of general education as of 30 September by province · Upper Secondary,Upper Secondary,VN_SRC_LONGAN,Long An,2011,annual,33.0,School,not_specified,E1308,https://www.nso.gov.vn/en/px-web?pxid=E1308&theme=Education,source_reported_unharmonized
e1308_8a1b4b5f47,education,Number of school of general education as of 30 September by province · Upper Secondary,Upper Secondary,VN_SRC_LONGAN,Long An,2012,annual,33.0,School,not_specified,E1308,https://www.nso.gov.vn/en/px-web?pxid=E1308&theme=Education,source_reported_unharmonized
e1308_8a1b4b5f47,education,Number of school of general education as of 30 September by province · Upper Secondary,Upper Secondary,VN_SRC_LONGAN,Long An,2013,annual,33.0,School,not_specified,E1308,https://www.nso.gov.vn/en/px-web?pxid=E1308&theme=Education,source_reported_unharmonized
e1308_8a1b4b5f47,education,Number of school of general education as of 30 September by province · Upper Secondary,Upper Secondary,VN_SRC_LONGAN,Long An,2014,annual,33.0,School,not_specified,E1308,https://www.nso.gov.vn/en/px-web?pxid=E1308&theme=Education,source_reported_unharmonized
e1308_8a1b4b5f47,education,Number of school of general education as of 30 September by province · Upper Secondary,Upper Secondary,VN_SRC_LONGAN,Long An,2015,annual,34.0,School,not_specified,E1308,https://www.nso.gov.vn/en/px-web?pxid=E1308&theme=Education,source_reported_unharmonized
e1308_8a1b4b5f47,education,Number of school of general education as of 30 September by province · Upper Secondary,Upper Secondary,VN_SRC_LONGAN,Long An,2016,annual,34.0,School,not_specified,E1308,https://www.nso.gov.vn/en/px-web?pxid=E1308&theme=Education,source_reported_unharmonized
e1308_8a1b4b5f47,education,Number of school of general education as of 30 September by province · Upper Secondary,Upper Secondary,VN_SRC_LONGAN,Long An,2017,annual,33.0,School,not_specified,E1308,https://www.nso.gov.vn/en/px-web?pxid=E1308&theme=Education,source_reported_unharmonized
e1308_8a1b4b5f47,education,Number of school of general education as of 30 September by province · Upper Secondary,Upper Secondary,VN_SRC_LONGAN,Long An,2019,annual,30.0,School,not_specified,E1308,https://www.nso.gov.vn/en/px-web?pxid=E1308&theme=Education,source_reported_unharmonized
e1308_8a1b4b5f47,education,Number of school of general education as of 30 September by province · Upper Secondary,Upper Secondary,VN_SRC_LONGAN,Long An,2020,annual,30.0,School,not_specified,E1308,https://www.nso.gov.vn/en/px-web?pxid=E1308&theme=Education,source_reported_unharmonized
e1308_8a1b4b5f47,education,Number of school of general education as of 30 September by province · Upper Secondary,Upper Secondary,VN_SRC_LONGAN,Long An,2021,annual,31.0,School,not_specified,E1308,https://www.nso.gov.vn/en/px-web?pxid=E1308&theme=Education,source_reported_unharmonized
e1308_8a1b4b5f47,education,Number of school of general education as of 30 September by province · Upper Secondary,Upper Secondary,VN_SRC_LONGAN,Long An,2024,annual,32.0,School,not_specified,E1308,https://www.nso.gov.vn/en/px-web?pxid=E1308&theme=Education,source_reported_unharmonized
e1308_8a1b4b5f47,education,Number of school of general education as of 30 September by province · Upper Secondary,Upper Secondary,VN_SRC_TIENGIANG,Tien Giang,2002,annual,21.0,School,not_specified,E1308,https://www.nso.gov.vn/en/px-web?pxid=E1308&theme=Education,source_reported_unharmonized
e1308_8a1b4b5f47,education,Number of school of general education as of 30 September by province · Upper Secondary,Upper Secondary,VN_SRC_TIENGIANG,Tien Giang,2003,annual,24.0,School,not_specified,E1308,https://www.nso.gov.vn/en/px-web?pxid=E1308&theme=Education,source_reported_unharmonized
e1308_8a1b4b5f47,education,Number of school of general education as of 30 September by province · Upper Secondary,Upper Secondary,VN_SRC_TIENGIANG,Tien Giang,2004,annual,25.0,School,not_specified,E1308,https://www.nso.gov.vn/en/px-web?pxid=E1308&theme=Education,source_reported_unharmonized
e1308_8a1b4b5f47,education,Number of school of general education as of 30 September by province · Upper Secondary,Upper Secondary,VN_SRC_TIENGIANG,Tien Giang,2005,annual,26.0,School,not_specified,E1308,https://www.nso.gov.vn/en/px-web?pxid=E1308&theme=Education,source_reported_unharmonized
e1308_8a1b4b5f47,education,Number of school of general education as of 30 September by province · Upper Secondary,Upper Secondary,VN_SRC_TIENGIANG,Tien Giang,2006,annual,29.0,School,not_specified,E1308,https://www.nso.gov.vn/en/px-web?pxid=E1308&theme=Education,source_reported_unharmonized
e1308_8a1b4b5f47,education,Number of school of general education as of 30 September by province · Upper Secondary,Upper Secondary,VN_SRC_TIENGIANG,Tien Giang,2007,annual,30.0,School,not_specified,E1308,https://www.nso.gov.vn/en/px-web?pxid=E1308&theme=Education,source_reported_unharmonized
e1308_8a1b4b5f47,education,Number of school of general education as of 30 September by province · Upper Secondary,Upper Secondary,VN_SRC_TIENGIANG,Tien Giang,2008,annual,29.0,School,not_specified,E1308,https://www.nso.gov.vn/en/px-web?pxid=E1308&theme=Education,source_reported_unharmonized
e1308_8a1b4b5f47,education,Number of school of general education as of 30 September by province · Upper Secondary,Upper Secondary,VN_SRC_TIENGIANG,Tien Giang,2009,annual,31.0,School,not_specified,E1308,https://www.nso.gov.vn/en/px-web?pxid=E1308&theme=Education,source_reported_unharmonized
e1308_8a1b4b5f47,education,Number of school of general education as of 30 September by province · Upper Secondary,Upper Secondary,VN_SRC_TIENGIANG,Tien Giang,2010,annual,31.0,School,not_specified,E1308,https://www.nso.gov.vn/en/px-web?pxid=E1308&theme=Education,source_reported_unharmonized
e1308_8a1b4b5f47,education,Number of school of general education as of 30 September by province · Upper Secondary,Upper Secondary,VN_SRC_TIENGIANG,Tien Giang,2011,annual,33.0,School,not_specified,E1308,https://www.nso.gov.vn/en/px-web?pxid=E1308&theme=Education,source_reported_unharmonized
e1308_8a1b4b5f47,education,Number of school of general education as of 30 September by province · Upper Secondary,Upper Secondary,VN_SRC_TIENGIANG,Tien Giang,2012,annual,33.0,School,not_specified,E1308,https://www.nso.gov.vn/en/px-web?pxid=E1308&theme=Education,source_reported_unharmonized
e1308_8a1b4b5f47,education,Number of school of general education as of 30 September by province · Upper Secondary,Upper Secondary,VN_SRC_TIENGIANG,Tien Giang,2013,annual,33.0,School,not_specified,E1308,https://www.nso.gov.vn/en/px-web?pxid=E1308&theme=Education,source_reported_unharmonized
e1308_8a1b4b5f47,education,Number of school of general education as of 30 September by province · Upper Secondary,Upper Secondary,VN_SRC_TIENGIANG,Tien Giang,2014,annual,33.0,School,not_specified,E1308,https://www.nso.gov.vn/en/px-web?pxid=E1308&theme=Education,source_reported_unharmonized
e1308_8a1b4b5f47,education,Number of school of general education as of 30 September by province · Upper Secondary,Upper Secondary,VN_SRC_TIENGIANG,Tien Giang,2015,annual,33.0,School,not_specified,E1308,https://www.nso.gov.vn/en/px-web?pxid=E1308&theme=Education,source_reported_unharmonized
e1308_8a1b4b5f47,education,Number of school of general education as of 30 September by province · Upper Secondary,Upper Secondary,VN_SRC_TIENGIANG,Tien Giang,2016,annual,34.0,School,not_specified,E1308,https://www.nso.gov.vn/en/px-web?pxid=E1308&theme=Education,source_reported_unharmonized
e1308_8a1b4b5f47,education,Number of school of general education as of 30 September by province · Upper Secondary,Upper Secondary,VN_SRC_TIENGIANG,Tien Giang,2017,annual,34.0,School,not_specified,E1308,https://www.nso.gov.vn/en/px-web?pxid=E1308&theme=Education,source_reported_unharmonized
e1308_8a1b4b5f47,education,Number of school of general education as of 30 September by province · Upper Secondary,Upper Secondary,VN_SRC_TIENGIANG,Tien Giang,2019,annual,33.0,School,not_specified,E1308,https://www.nso.gov.vn/en/px-web?pxid=E1308&theme=Education,source_reported_unharmonized
e1308_8a1b4b5f47,education,Number of school of general education as of 30 September by province · Upper Secondary,Upper Secondary,VN_SRC_TIENGIANG,Tien Giang,2020,annual,33.0,School,not_specified,E1308,https://www.nso.gov.vn/en/px-web?pxid=E1308&theme=Education,source_reported_unharmonized
e1308_8a1b4b5f47,education,Number of school of general education as of 30 September by province · Upper Secondary,Upper Secondary,VN_SRC_TIENGIANG,Tien Giang,2021,annual,33.0,School,not_specified,E1308,https://www.nso.gov.vn/en/px-web?pxid=E1308&theme=Education,source_reported_unharmonized
e1308_8a1b4b5f47,education,Number of school of general education as of 30 September by province · Upper Secondary,Upper Secondary,VN_SRC_TIENGIANG,Tien Giang,2024,annual,32.0,School,not_specified,E1308,https://www.nso.gov.vn/en/px-web?pxid=E1308&theme=Education,source_reported_unharmonized
e1308_8a1b4b5f47,education,Number of school of general education as of 30 September by province · Upper Secondary,Upper Secondary,VN_SRC_BENTRE,Ben Tre,2002,annual,40.0,School,not_specified,E1308,https://www.nso.gov.vn/en/px-web?pxid=E1308&theme=Education,source_reported_unharmonized
e1308_8a1b4b5f47,education,Number of school of general education as of 30 September by province · Upper Secondary,Upper Secondary,VN_SRC_BENTRE,Ben Tre,2003,annual,40.0,School,not_specified,E1308,https://www.nso.gov.vn/en/px-web?pxid=E1308&theme=Education,source_reported_unharmonized
e1308_8a1b4b5f47,education,Number of school of general education as of 30 September by province · Upper Secondary,Upper Secondary,VN_SRC_BENTRE,Ben Tre,2004,annual,40.0,School,not_specified,E1308,https://www.nso.gov.vn/en/px-web?pxid=E1308&theme=Education,source_reported_unharmonized
e1308_8a1b4b5f47,education,Number of school of general education as of 30 September by province · Upper Secondary,Upper Secondary,VN_SRC_BENTRE,Ben Tre,2005,annual,40.0,School,not_specified,E1308,https://www.nso.gov.vn/en/px-web?pxid=E1308&theme=Education,source_reported_unharmonized
e1308_8a1b4b5f47,education,Number of school of general education as of 30 September by province · Upper Secondary,Upper Secondary,VN_SRC_BENTRE,Ben Tre,2006,annual,40.0,School,not_specified,E1308,https://www.nso.gov.vn/en/px-web?pxid=E1308&theme=Education,source_reported_unharmonized
e1308_8a1b4b5f47,education,Number of school of general education as of 30 September by province · Upper Secondary,Upper Secondary,VN_SRC_BENTRE,Ben Tre,2007,annual,41.0,School,not_specified,E1308,https://www.nso.gov.vn/en/px-web?pxid=E1308&theme=Education,source_reported_unharmonized
e1308_8a1b4b5f47,education,Number of school of general education as of 30 September by province · Upper Secondary,Upper Secondary,VN_SRC_BENTRE,Ben Tre,2008,annual,30.0,School,not_specified,E1308,https://www.nso.gov.vn/en/px-web?pxid=E1308&theme=Education,source_reported_unharmonized
e1308_8a1b4b5f47,education,Number of school of general education as of 30 September by province · Upper Secondary,Upper Secondary,VN_SRC_BENTRE,Ben Tre,2009,annual,31.0,School,not_specified,E1308,https://www.nso.gov.vn/en/px-web?pxid=E1308&theme=Education,source_reported_unharmonized
e1308_8a1b4b5f47,education,Number of school of general education as of 30 September by province · Upper Secondary,Upper Secondary,VN_SRC_BENTRE,Ben Tre,2010,annual,31.0,School,not_specified,E1308,https://www.nso.gov.vn/en/px-web?pxid=E1308&theme=Education,source_reported_unharmonized
e1308_8a1b4b5f47,education,Number of school of general education as of 30 September by province · Upper Secondary,Upper Secondary,VN_SRC_BENTRE,Ben Tre,2011,annual,31.0,School,not_specified,E1308,https://www.nso.gov.vn/en/px-web?pxid=E1308&theme=Education,source_reported_unharmonized
e1308_8a1b4b5f47,education,Number of school of general education as of 30 September by province · Upper Secondary,Upper Secondary,VN_SRC_BENTRE,Ben Tre,2012,annual,31.0,School,not_specified,E1308,https://www.nso.gov.vn/en/px-web?pxid=E1308&theme=Education,source_reported_unharmonized
e1308_8a1b4b5f47,education,Number of school of general education as of 30 September by province · Upper Secondary,Upper Secondary,VN_SRC_BENTRE,Ben Tre,2013,annual,32.0,School,not_specified,E1308,https://www.nso.gov.vn/en/px-web?pxid=E1308&theme=Education,source_reported_unharmonized
e1308_8a1b4b5f47,education,Number of school of general education as of 30 September by province · Upper Secondary,Upper Secondary,VN_SRC_BENTRE,Ben Tre,2014,annual,32.0,School,not_specified,E1308,https://www.nso.gov.vn/en/px-web?pxid=E1308&theme=Education,source_reported_unharmonized
e1308_8a1b4b5f47,education,Number of school of general education as of 30 September by province · Upper Secondary,Upper Secondary,VN_SRC_BENTRE,Ben Tre,2015,annual,32.0,School,not_specified,E1308,https://www.nso.gov.vn/en/px-web?pxid=E1308&theme=Education,source_reported_unharmonized
e1308_8a1b4b5f47,education,Number of school of general education as of 30 September by province · Upper Secondary,Upper Secondary,VN_SRC_BENTRE,Ben Tre,2016,annual,33.0,School,not_specified,E1308,https://www.nso.gov.vn/en/px-web?pxid=E1308&theme=Education,source_reported_unharmonized
e1308_8a1b4b5f47,education,Number of school of general education as of 30 September by province · Upper Secondary,Upper Secondary,VN_SRC_BENTRE,Ben Tre,2017,annual,33.0,School,not_specified,E1308,https://www.nso.gov.vn/en/px-web?pxid=E1308&theme=Education,source_reported_unharmonized
e1308_8a1b4b5f47,education,Number of school of general education as of 30 September by province · Upper Secondary,Upper Secondary,VN_SRC_BENTRE,Ben Tre,2019,annual,34.0,School,not_specified,E1308,https://www.nso.gov.vn/en/px-web?pxid=E1308&theme=Education,source_reported_unharmonized
e1308_8a1b4b5f47,education,Number of school of general education as of 30 September by province · Upper Secondary,Upper Secondary,VN_SRC_BENTRE,Ben Tre,2020,annual,35.0,School,not_specified,E1308,https://www.nso.gov.vn/en/px-web?pxid=E1308&theme=Education,source_reported_unharmonized
e1308_8a1b4b5f47,education,Number of school of general education as of 30 September by province · Upper Secondary,Upper Secondary,VN_SRC_BENTRE,Ben Tre,2021,annual,35.0,School,not_specified,E1308,https://www.nso.gov.vn/en/px-web?pxid=E1308&theme=Education,source_reported_unharmonized
e1308_8a1b4b5f47,education,Number of school of general education as of 30 September by province · Upper Secondary,Upper Secondary,VN_SRC_BENTRE,Ben Tre,2024,annual,36.0,School,not_specified,E1308,https://www.nso.gov.vn/en/px-web?pxid=E1308&theme=Education,source_reported_unharmonized
e1308_8a1b4b5f47,education,Number of school of general education as of 30 September by province · Upper Secondary,Upper Secondary,VN_SRC_TRAVINH,Tra Vinh,2002,annual,9.0,School,not_specified,E1308,https://www.nso.gov.vn/en/px-web?pxid=E1308&theme=Education,source_reported_unharmonized
e1308_8a1b4b5f47,education,Number of school of general education as of 30 September by province · Upper Secondary,Upper Secondary,VN_SRC_TRAVINH,Tra Vinh,2003,annual,12.0,School,not_specified,E1308,https://www.nso.gov.vn/en/px-web?pxid=E1308&theme=Education,source_reported_unharmonized
e1308_8a1b4b5f47,education,Number of school of general education as of 30 September by province · Upper Secondary,Upper Secondary,VN_SRC_TRAVINH,Tra Vinh,2004,annual,16.0,School,not_specified,E1308,https://www.nso.gov.vn/en/px-web?pxid=E1308&theme=Education,source_reported_unharmonized
e1308_8a1b4b5f47,education,Number of school of general education as of 30 September by province · Upper Secondary,Upper Secondary,VN_SRC_TRAVINH,Tra Vinh,2005,annual,19.0,School,not_specified,E1308,https://www.nso.gov.vn/en/px-web?pxid=E1308&theme=Education,source_reported_unharmonized
e1308_8a1b4b5f47,education,Number of school of general education as of 30 September by province · Upper Secondary,Upper Secondary,VN_SRC_TRAVINH,Tra Vinh,2006,annual,21.0,School,not_specified,E1308,https://www.nso.gov.vn/en/px-web?pxid=E1308&theme=Education,source_reported_unharmonized
e1308_8a1b4b5f47,education,Number of school of general education as of 30 September by province · Upper Secondary,Upper Secondary,VN_SRC_TRAVINH,Tra Vinh,2007,annual,22.0,School,not_specified,E1308,https://www.nso.gov.vn/en/px-web?pxid=E1308&theme=Education,source_reported_unharmonized
e1308_8a1b4b5f47,education,Number of school of general education as of 30 September by province · Upper Secondary,Upper Secondary,VN_SRC_TRAVINH,Tra Vinh,2008,annual,24.0,School,not_specified,E1308,https://www.nso.gov.vn/en/px-web?pxid=E1308&theme=Education,source_reported_unharmonized
e1308_8a1b4b5f47,education,Number of school of general education as of 30 September by province · Upper Secondary,Upper Secondary,VN_SRC_TRAVINH,Tra Vinh,2009,annual,27.0,School,not_specified,E1308,https://www.nso.gov.vn/en/px-web?pxid=E1308&theme=Education,source_reported_unharmonized
e1308_8a1b4b5f47,education,Number of school of general education as of 30 September by province · Upper Secondary,Upper Secondary,VN_SRC_TRAVINH,Tra Vinh,2010,annual,28.0,School,not_specified,E1308,https://www.nso.gov.vn/en/px-web?pxid=E1308&theme=Education,source_reported_unharmonized
e1308_8a1b4b5f47,education,Number of school of general education as of 30 September by province · Upper Secondary,Upper Secondary,VN_SRC_TRAVINH,Tra Vinh,2011,annual,28.0,School,not_specified,E1308,https://www.nso.gov.vn/en/px-web?pxid=E1308&theme=Education,source_reported_unharmonized
e1308_8a1b4b5f47,education,Number of school of general education as of 30 September by province · Upper Secondary,Upper Secondary,VN_SRC_TRAVINH,Tra Vinh,2012,annual,28.0,School,not_specified,E1308,https://www.nso.gov.vn/en/px-web?pxid=E1308&theme=Education,source_reported_unharmonized
e1308_8a1b4b5f47,education,Number of school of general education as of 30 September by province · Upper Secondary,Upper Secondary,VN_SRC_TRAVINH,Tra Vinh,2013,annual,28.0,School,not_specified,E1308,https://www.nso.gov.vn/en/px-web?pxid=E1308&theme=Education,source_reported_unharmonized
e1308_8a1b4b5f47,education,Number of school of general education as of 30 September by province · Upper Secondary,Upper Secondary,VN_SRC_TRAVINH,Tra Vinh,2014,annual,28.0,School,not_specified,E1308,https://www.nso.gov.vn/en/px-web?pxid=E1308&theme=Education,source_reported_unharmonized
e1308_8a1b4b5f47,education,Number of school of general education as of 30 September by province · Upper Secondary,Upper Secondary,VN_SRC_TRAVINH,Tra Vinh,2015,annual,29.0,School,not_specified,E1308,https://www.nso.gov.vn/en/px-web?pxid=E1308&theme=Education,source_reported_unharmonized
e1308_8a1b4b5f47,education,Number of school of general education as of 30 September by province · Upper Secondary,Upper Secondary,VN_SRC_TRAVINH,Tra Vinh,2016,annual,29.0,School,not_specified,E1308,https://www.nso.gov.vn/en/px-web?pxid=E1308&theme=Education,source_reported_unharmonized
e1308_8a1b4b5f47,education,Number of school of general education as of 30 September by province · Upper Secondary,Upper Secondary,VN_SRC_TRAVINH,Tra Vinh,2017,annual,29.0,School,not_specified,E1308,https://www.nso.gov.vn/en/px-web?pxid=E1308&theme=Education,source_reported_unharmonized
e1308_8a1b4b5f47,education,Number of school of general education as of 30 September by province · Upper Secondary,Upper Secondary,VN_SRC_TRAVINH,Tra Vinh,2019,annual,29.0,School,not_specified,E1308,https://www.nso.gov.vn/en/px-web?pxid=E1308&theme=Education,source_reported_unharmonized
e1308_8a1b4b5f47,education,Number of school of general education as of 30 September by province · Upper Secondary,Upper Secondary,VN_SRC_TRAVINH,Tra Vinh,2020,annual,29.0,School,not_specified,E1308,https://www.nso.gov.vn/en/px-web?pxid=E1308&theme=Education,source_reported_unharmonized
e1308_8a1b4b5f47,education,Number of school of general education as of 30 September by province · Upper Secondary,Upper Secondary,VN_SRC_TRAVINH,Tra Vinh,2021,annual,29.0,School,not_specified,E1308,https://www.nso.gov.vn/en/px-web?pxid=E1308&theme=Education,source_reported_unharmonized
e1308_8a1b4b5f47,education,Number of school of general education as of 30 September by province · Upper Secondary,Upper Secondary,VN_SRC_TRAVINH,Tra Vinh,2024,annual,30.0,School,not_specified,E1308,https://www.nso.gov.vn/en/px-web?pxid=E1308&theme=Education,source_reported_unharmonized
e1308_8a1b4b5f47,education,Number of school of general education as of 30 September by province · Upper Secondary,Upper Secondary,VN_SRC_VINHLONG,Vinh Long,2002,annual,5.0,School,not_specified,E1308,https://www.nso.gov.vn/en/px-web?pxid=E1308&theme=Education,source_reported_unharmonized
e1308_8a1b4b5f47,education,Number of school of general education as of 30 September by province · Upper Secondary,Upper Secondary,VN_SRC_VINHLONG,Vinh Long,2003,annual,7.0,School,not_specified,E1308,https://www.nso.gov.vn/en/px-web?pxid=E1308&theme=Education,source_reported_unharmonized
e1308_8a1b4b5f47,education,Number of school of general education as of 30 September by province · Upper Secondary,Upper Secondary,VN_SRC_VINHLONG,Vinh Long,2004,annual,10.0,School,not_specified,E1308,https://www.nso.gov.vn/en/px-web?pxid=E1308&theme=Education,source_reported_unharmonized
e1308_8a1b4b5f47,education,Number of school of general education as of 30 September by province · Upper Secondary,Upper Secondary,VN_SRC_VINHLONG,Vinh Long,2005,annual,15.0,School,not_specified,E1308,https://www.nso.gov.vn/en/px-web?pxid=E1308&theme=Education,source_reported_unharmonized
e1308_8a1b4b5f47,education,Number of school of general education as of 30 September by province · Upper Secondary,Upper Secondary,VN_SRC_VINHLONG,Vinh Long,2006,annual,16.0,School,not_specified,E1308,https://www.nso.gov.vn/en/px-web?pxid=E1308&theme=Education,source_reported_unharmonized
e1308_8a1b4b5f47,education,Number of school of general education as of 30 September by province · Upper Secondary,Upper Secondary,VN_SRC_VINHLONG,Vinh Long,2007,annual,19.0,School,not_specified,E1308,https://www.nso.gov.vn/en/px-web?pxid=E1308&theme=Education,source_reported_unharmonized
e1308_8a1b4b5f47,education,Number of school of general education as of 30 September by province · Upper Secondary,Upper Secondary,VN_SRC_VINHLONG,Vinh Long,2008,annual,20.0,School,not_specified,E1308,https://www.nso.gov.vn/en/px-web?pxid=E1308&theme=Education,source_reported_unharmonized
e1308_8a1b4b5f47,education,Number of school of general education as of 30 September by province · Upper Secondary,Upper Secondary,VN_SRC_VINHLONG,Vinh Long,2009,annual,21.0,School,not_specified,E1308,https://www.nso.gov.vn/en/px-web?pxid=E1308&theme=Education,source_reported_unharmonized
e1308_8a1b4b5f47,education,Number of school of general education as of 30 September by province · Upper Secondary,Upper Secondary,VN_SRC_VINHLONG,Vinh Long,2010,annual,21.0,School,not_specified,E1308,https://www.nso.gov.vn/en/px-web?pxid=E1308&theme=Education,source_reported_unharmonized
e1308_8a1b4b5f47,education,Number of school of general education as of 30 September by province · Upper Secondary,Upper Secondary,VN_SRC_VINHLONG,Vinh Long,2011,annual,22.0,School,not_specified,E1308,https://www.nso.gov.vn/en/px-web?pxid=E1308&theme=Education,source_reported_unharmonized
e1308_8a1b4b5f47,education,Number of school of general education as of 30 September by province · Upper Secondary,Upper Secondary,VN_SRC_VINHLONG,Vinh Long,2012,annual,23.0,School,not_specified,E1308,https://www.nso.gov.vn/en/px-web?pxid=E1308&theme=Education,source_reported_unharmonized
e1308_8a1b4b5f47,education,Number of school of general education as of 30 September by province · Upper Secondary,Upper Secondary,VN_SRC_VINHLONG,Vinh Long,2013,annual,23.0,School,not_specified,E1308,https://www.nso.gov.vn/en/px-web?pxid=E1308&theme=Education,source_reported_unharmonized
e1308_8a1b4b5f47,education,Number of school of general education as of 30 September by province · Upper Secondary,Upper Secondary,VN_SRC_VINHLONG,Vinh Long,2014,annual,23.0,School,not_specified,E1308,https://www.nso.gov.vn/en/px-web?pxid=E1308&theme=Education,source_reported_unharmonized
e1308_8a1b4b5f47,education,Number of school of general education as of 30 September by province · Upper Secondary,Upper Secondary,VN_SRC_VINHLONG,Vinh Long,2015,annual,23.0,School,not_specified,E1308,https://www.nso.gov.vn/en/px-web?pxid=E1308&theme=Education,source_reported_unharmonized
e1308_8a1b4b5f47,education,Number of school of general education as of 30 September by province · Upper Secondary,Upper Secondary,VN_SRC_VINHLONG,Vinh Long,2016,annual,23.0,School,not_specified,E1308,https://www.nso.gov.vn/en/px-web?pxid=E1308&theme=Education,source_reported_unharmonized
e1308_8a1b4b5f47,education,Number of school of general education as of 30 September by province · Upper Secondary,Upper Secondary,VN_SRC_VINHLONG,Vinh Long,2017,annual,24.0,School,not_specified,E1308,https://www.nso.gov.vn/en/px-web?pxid=E1308&theme=Education,source_reported_unharmonized
e1308_8a1b4b5f47,education,Number of school of general education as of 30 September by province · Upper Secondary,Upper Secondary,VN_SRC_VINHLONG,Vinh Long,2019,annual,24.0,School,not_specified,E1308,https://www.nso.gov.vn/en/px-web?pxid=E1308&theme=Education,source_reported_unharmonized
e1308_8a1b4b5f47,education,Number of school of general education as of 30 September by province · Upper Secondary,Upper Secondary,VN_SRC_VINHLONG,Vinh Long,2020,annual,24.0,School,not_specified,E1308,https://www.nso.gov.vn/en/px-web?pxid=E1308&theme=Education,source_reported_unharmonized
e1308_8a1b4b5f47,education,Number of school of general education as of 30 September by province · Upper Secondary,Upper Secondary,VN_SRC_VINHLONG,Vinh Long,2021,annual,24.0,School,not_specified,E1308,https://www.nso.gov.vn/en/px-web?pxid=E1308&theme=Education,source_reported_unharmonized
e1308_8a1b4b5f47,education,Number of school of general education as of 30 September by province · Upper Secondary,Upper Secondary,VN_SRC_VINHLONG,Vinh Long,2024,annual,24.0,School,not_specified,E1308,https://www.nso.gov.vn/en/px-web?pxid=E1308&theme=Education,source_reported_unharmonized
e1308_8a1b4b5f47,education,Number of school of general education as of 30 September by province · Upper Secondary,Upper Secondary,VN_SRC_DONGTHAP,Dong Thap,2002,annual,,School,not_specified,E1308,https://www.nso.gov.vn/en/px-web?pxid=E1308&theme=Education,source_reported_unharmonized
e1308_8a1b4b5f47,education,Number of school of general education as of 30 September by province · Upper Secondary,Upper Secondary,VN_SRC_DONGTHAP,Dong Thap,2003,annual,,School,not_specified,E1308,https://www.nso.gov.vn/en/px-web?pxid=E1308&theme=Education,source_reported_unharmonized
e1308_8a1b4b5f47,education,Number of school of general education as of 30 September by province · Upper Secondary,Upper Secondary,VN_SRC_DONGTHAP,Dong Thap,2004,annual,24.0,School,not_specified,E1308,https://www.nso.gov.vn/en/px-web?pxid=E1308&theme=Education,source_reported_unharmonized
e1308_8a1b4b5f47,education,Number of school of general education as of 30 September by province · Upper Secondary,Upper Secondary,VN_SRC_DONGTHAP,Dong Thap,2005,annual,36.0,School,not_specified,E1308,https://www.nso.gov.vn/en/px-web?pxid=E1308&theme=Education,source_reported_unharmonized
e1308_8a1b4b5f47,education,Number of school of general education as of 30 September by province · Upper Secondary,Upper Secondary,VN_SRC_DONGTHAP,Dong Thap,2006,annual,37.0,School,not_specified,E1308,https://www.nso.gov.vn/en/px-web?pxid=E1308&theme=Education,source_reported_unharmonized
e1308_8a1b4b5f47,education,Number of school of general education as of 30 September by province · Upper Secondary,Upper Secondary,VN_SRC_DONGTHAP,Dong Thap,2007,annual,39.0,School,not_specified,E1308,https://www.nso.gov.vn/en/px-web?pxid=E1308&theme=Education,source_reported_unharmonized
e1308_8a1b4b5f47,education,Number of school of general education as of 30 September by province · Upper Secondary,Upper Secondary,VN_SRC_DONGTHAP,Dong Thap,2008,annual,40.0,School,not_specified,E1308,https://www.nso.gov.vn/en/px-web?pxid=E1308&theme=Education,source_reported_unharmonized
e1308_8a1b4b5f47,education,Number of school of general education as of 30 September by province · Upper Secondary,Upper Secondary,VN_SRC_DONGTHAP,Dong Thap,2009,annual,42.0,School,not_specified,E1308,https://www.nso.gov.vn/en/px-web?pxid=E1308&theme=Education,source_reported_unharmonized
e1308_8a1b4b5f47,education,Number of school of general education as of 30 September by province · Upper Secondary,Upper Secondary,VN_SRC_DONGTHAP,Dong Thap,2010,annual,40.0,School,not_specified,E1308,https://www.nso.gov.vn/en/px-web?pxid=E1308&theme=Education,source_reported_unharmonized
e1308_8a1b4b5f47,education,Number of school of general education as of 30 September by province · Upper Secondary,Upper Secondary,VN_SRC_DONGTHAP,Dong Thap,2011,annual,41.0,School,not_specified,E1308,https://www.nso.gov.vn/en/px-web?pxid=E1308&theme=Education,source_reported_unharmonized
e1308_8a1b4b5f47,education,Number of school of general education as of 30 September by province · Upper Secondary,Upper Secondary,VN_SRC_DONGTHAP,Dong Thap,2012,annual,40.0,School,not_specified,E1308,https://www.nso.gov.vn/en/px-web?pxid=E1308&theme=Education,source_reported_unharmonized
e1308_8a1b4b5f47,education,Number of school of general education as of 30 September by province · Upper Secondary,Upper Secondary,VN_SRC_DONGTHAP,Dong Thap,2013,annual,40.0,School,not_specified,E1308,https://www.nso.gov.vn/en/px-web?pxid=E1308&theme=Education,source_reported_unharmonized
e1308_8a1b4b5f47,education,Number of school of general education as of 30 September by province · Upper Secondary,Upper Secondary,VN_SRC_DONGTHAP,Dong Thap,2014,annual,40.0,School,not_specified,E1308,https://www.nso.gov.vn/en/px-web?pxid=E1308&theme=Education,source_reported_unharmonized
e1308_8a1b4b5f47,education,Number of school of general education as of 30 September by province · Upper Secondary,Upper Secondary,VN_SRC_DONGTHAP,Dong Thap,2015,annual,40.0,School,not_specified,E1308,https://www.nso.gov.vn/en/px-web?pxid=E1308&theme=Education,source_reported_unharmonized
e1308_8a1b4b5f47,education,Number of school of general education as of 30 September by province · Upper Secondary,Upper Secondary,VN_SRC_DONGTHAP,Dong Thap,2016,annual,40.0,School,not_specified,E1308,https://www.nso.gov.vn/en/px-web?pxid=E1308&theme=Education,source_reported_unharmonized
e1308_8a1b4b5f47,education,Number of school of general education as of 30 September by province · Upper Secondary,Upper Secondary,VN_SRC_DONGTHAP,Dong Thap,2017,annual,39.0,School,not_specified,E1308,https://www.nso.gov.vn/en/px-web?pxid=E1308&theme=Education,source_reported_unharmonized
e1308_8a1b4b5f47,education,Number of school of general education as of 30 September by province · Upper Secondary,Upper Secondary,VN_SRC_DONGTHAP,Dong Thap,2019,annual,37.0,School,not_specified,E1308,https://www.nso.gov.vn/en/px-web?pxid=E1308&theme=Education,source_reported_unharmonized
e1308_8a1b4b5f47,education,Number of school of general education as of 30 September by province · Upper Secondary,Upper Secondary,VN_SRC_DONGTHAP,Dong Thap,2020,annual,37.0,School,not_specified,E1308,https://www.nso.gov.vn/en/px-web?pxid=E1308&theme=Education,source_reported_unharmonized
e1308_8a1b4b5f47,education,Number of school of general education as of 30 September by province · Upper Secondary,Upper Secondary,VN_SRC_DONGTHAP,Dong Thap,2021,annual,36.0,School,not_specified,E1308,https://www.nso.gov.vn/en/px-web?pxid=E1308&theme=Education,source_reported_unharmonized
e1308_8a1b4b5f47,education,Number of school of general education as of 30 September by province · Upper Secondary,Upper Secondary,VN_SRC_DONGTHAP,Dong Thap,2024,annual,35.0,School,not_specified,E1308,https://www.nso.gov.vn/en/px-web?pxid=E1308&theme=Education,source_reported_unharmonized
e1308_8a1b4b5f47,education,Number of school of general education as of 30 September by province · Upper Secondary,Upper Secondary,VN_SRC_ANGIANG,An Giang,2002,annual,33.0,School,not_specified,E1308,https://www.nso.gov.vn/en/px-web?pxid=E1308&theme=Education,source_reported_unharmonized
e1308_8a1b4b5f47,education,Number of school of general education as of 30 September by province · Upper Secondary,Upper Secondary,VN_SRC_ANGIANG,An Giang,2003,annual,43.0,School,not_specified,E1308,https://www.nso.gov.vn/en/px-web?pxid=E1308&theme=Education,source_reported_unharmonized
e1308_8a1b4b5f47,education,Number of school of general education as of 30 September by province · Upper Secondary,Upper Secondary,VN_SRC_ANGIANG,An Giang,2004,annual,56.0,School,not_specified,E1308,https://www.nso.gov.vn/en/px-web?pxid=E1308&theme=Education,source_reported_unharmonized
e1308_8a1b4b5f47,education,Number of school of general education as of 30 September by province · Upper Secondary,Upper Secondary,VN_SRC_ANGIANG,An Giang,2005,annual,55.0,School,not_specified,E1308,https://www.nso.gov.vn/en/px-web?pxid=E1308&theme=Education,source_reported_unharmonized
e1308_8a1b4b5f47,education,Number of school of general education as of 30 September by province · Upper Secondary,Upper Secondary,VN_SRC_ANGIANG,An Giang,2006,annual,53.0,School,not_specified,E1308,https://www.nso.gov.vn/en/px-web?pxid=E1308&theme=Education,source_reported_unharmonized
e1308_8a1b4b5f47,education,Number of school of general education as of 30 September by province · Upper Secondary,Upper Secondary,VN_SRC_ANGIANG,An Giang,2007,annual,52.0,School,not_specified,E1308,https://www.nso.gov.vn/en/px-web?pxid=E1308&theme=Education,source_reported_unharmonized
e1308_8a1b4b5f47,education,Number of school of general education as of 30 September by province · Upper Secondary,Upper Secondary,VN_SRC_ANGIANG,An Giang,2008,annual,48.0,School,not_specified,E1308,https://www.nso.gov.vn/en/px-web?pxid=E1308&theme=Education,source_reported_unharmonized
e1308_8a1b4b5f47,education,Number of school of general education as of 30 September by province · Upper Secondary,Upper Secondary,VN_SRC_ANGIANG,An Giang,2009,annual,47.0,School,not_specified,E1308,https://www.nso.gov.vn/en/px-web?pxid=E1308&theme=Education,source_reported_unharmonized
e1308_8a1b4b5f47,education,Number of school of general education as of 30 September by province · Upper Secondary,Upper Secondary,VN_SRC_ANGIANG,An Giang,2010,annual,47.0,School,not_specified,E1308,https://www.nso.gov.vn/en/px-web?pxid=E1308&theme=Education,source_reported_unharmonized
e1308_8a1b4b5f47,education,Number of school of general education as of 30 September by province · Upper Secondary,Upper Secondary,VN_SRC_ANGIANG,An Giang,2011,annual,44.0,School,not_specified,E1308,https://www.nso.gov.vn/en/px-web?pxid=E1308&theme=Education,source_reported_unharmonized
e1308_8a1b4b5f47,education,Number of school of general education as of 30 September by province · Upper Secondary,Upper Secondary,VN_SRC_ANGIANG,An Giang,2012,annual,44.0,School,not_specified,E1308,https://www.nso.gov.vn/en/px-web?pxid=E1308&theme=Education,source_reported_unharmonized
e1308_8a1b4b5f47,education,Number of school of general education as of 30 September by province · Upper Secondary,Upper Secondary,VN_SRC_ANGIANG,An Giang,2013,annual,43.0,School,not_specified,E1308,https://www.nso.gov.vn/en/px-web?pxid=E1308&theme=Education,source_reported_unharmonized
e1308_8a1b4b5f47,education,Number of school of general education as of 30 September by province · Upper Secondary,Upper Secondary,VN_SRC_ANGIANG,An Giang,2014,annual,42.0,School,not_specified,E1308,https://www.nso.gov.vn/en/px-web?pxid=E1308&theme=Education,source_reported_unharmonized
e1308_8a1b4b5f47,education,Number of school of general education as of 30 September by province · Upper Secondary,Upper Secondary,VN_SRC_ANGIANG,An Giang,2015,annual,42.0,School,not_specified,E1308,https://www.nso.gov.vn/en/px-web?pxid=E1308&theme=Education,source_reported_unharmonized
e1308_8a1b4b5f47,education,Number of school of general education as of 30 September by province · Upper Secondary,Upper Secondary,VN_SRC_ANGIANG,An Giang,2016,annual,42.0,School,not_specified,E1308,https://www.nso.gov.vn/en/px-web?pxid=E1308&theme=Education,source_reported_unharmonized
e1308_8a1b4b5f47,education,Number of school of general education as of 30 September by province · Upper Secondary,Upper Secondary,VN_SRC_ANGIANG,An Giang,2017,annual,42.0,School,not_specified,E1308,https://www.nso.gov.vn/en/px-web?pxid=E1308&theme=Education,source_reported_unharmonized
e1308_8a1b4b5f47,education,Number of school of general education as of 30 September by province · Upper Secondary,Upper Secondary,VN_SRC_ANGIANG,An Giang,2019,annual,43.0,School,not_specified,E1308,https://www.nso.gov.vn/en/px-web?pxid=E1308&theme=Education,source_reported_unharmonized
e1308_8a1b4b5f47,education,Number of school of general education as of 30 September by province · Upper Secondary,Upper Secondary,VN_SRC_ANGIANG,An Giang,2020,annual,43.0,School,not_specified,E1308,https://www.nso.gov.vn/en/px-web?pxid=E1308&theme=Education,source_reported_unharmonized
e1308_8a1b4b5f47,education,Number of school of general education as of 30 September by province · Upper Secondary,Upper Secondary,VN_SRC_ANGIANG,An Giang,2021,annual,43.0,School,not_specified,E1308,https://www.nso.gov.vn/en/px-web?pxid=E1308&theme=Education,source_reported_unharmonized
e1308_8a1b4b5f47,education,Number of school of general education as of 30 September by province · Upper Secondary,Upper Secondary,VN_SRC_ANGIANG,An Giang,2024,annual,43.0,School,not_specified,E1308,https://www.nso.gov.vn/en/px-web?pxid=E1308&theme=Education,source_reported_unharmonized
e1308_8a1b4b5f47,education,Number of school of general education as of 30 September by province · Upper Secondary,Upper Secondary,VN_SRC_KIENGIANG,Kien Giang,2002,annual,20.0,School,not_specified,E1308,https://www.nso.gov.vn/en/px-web?pxid=E1308&theme=Education,source_reported_unharmonized
e1308_8a1b4b5f47,education,Number of school of general education as of 30 September by province · Upper Secondary,Upper Secondary,VN_SRC_KIENGIANG,Kien Giang,2003,annual,20.0,School,not_specified,E1308,https://www.nso.gov.vn/en/px-web?pxid=E1308&theme=Education,source_reported_unharmonized
e1308_8a1b4b5f47,education,Number of school of general education as of 30 September by province · Upper Secondary,Upper Secondary,VN_SRC_KIENGIANG,Kien Giang,2004,annual,24.0,School,not_specified,E1308,https://www.nso.gov.vn/en/px-web?pxid=E1308&theme=Education,source_reported_unharmonized
e1308_8a1b4b5f47,education,Number of school of general education as of 30 September by province · Upper Secondary,Upper Secondary,VN_SRC_KIENGIANG,Kien Giang,2005,annual,27.0,School,not_specified,E1308,https://www.nso.gov.vn/en/px-web?pxid=E1308&theme=Education,source_reported_unharmonized
e1308_8a1b4b5f47,education,Number of school of general education as of 30 September by province · Upper Secondary,Upper Secondary,VN_SRC_KIENGIANG,Kien Giang,2006,annual,28.0,School,not_specified,E1308,https://www.nso.gov.vn/en/px-web?pxid=E1308&theme=Education,source_reported_unharmonized
e1308_8a1b4b5f47,education,Number of school of general education as of 30 September by province · Upper Secondary,Upper Secondary,VN_SRC_KIENGIANG,Kien Giang,2007,annual,29.0,School,not_specified,E1308,https://www.nso.gov.vn/en/px-web?pxid=E1308&theme=Education,source_reported_unharmonized
e1308_8a1b4b5f47,education,Number of school of general education as of 30 September by province · Upper Secondary,Upper Secondary,VN_SRC_KIENGIANG,Kien Giang,2008,annual,28.0,School,not_specified,E1308,https://www.nso.gov.vn/en/px-web?pxid=E1308&theme=Education,source_reported_unharmonized
e1308_8a1b4b5f47,education,Number of school of general education as of 30 September by province · Upper Secondary,Upper Secondary,VN_SRC_KIENGIANG,Kien Giang,2009,annual,26.0,School,not_specified,E1308,https://www.nso.gov.vn/en/px-web?pxid=E1308&theme=Education,source_reported_unharmonized
e1308_8a1b4b5f47,education,Number of school of general education as of 30 September by province · Upper Secondary,Upper Secondary,VN_SRC_KIENGIANG,Kien Giang,2010,annual,27.0,School,not_specified,E1308,https://www.nso.gov.vn/en/px-web?pxid=E1308&theme=Education,source_reported_unharmonized
e1308_8a1b4b5f47,education,Number of school of general education as of 30 September by province · Upper Secondary,Upper Secondary,VN_SRC_KIENGIANG,Kien Giang,2011,annual,28.0,School,not_specified,E1308,https://www.nso.gov.vn/en/px-web?pxid=E1308&theme=Education,source_reported_unharmonized
e1308_8a1b4b5f47,education,Number of school of general education as of 30 September by province · Upper Secondary,Upper Secondary,VN_SRC_KIENGIANG,Kien Giang,2012,annual,25.0,School,not_specified,E1308,https://www.nso.gov.vn/en/px-web?pxid=E1308&theme=Education,source_reported_unharmonized
e1308_8a1b4b5f47,education,Number of school of general education as of 30 September by province · Upper Secondary,Upper Secondary,VN_SRC_KIENGIANG,Kien Giang,2013,annual,23.0,School,not_specified,E1308,https://www.nso.gov.vn/en/px-web?pxid=E1308&theme=Education,source_reported_unharmonized
e1308_8a1b4b5f47,education,Number of school of general education as of 30 September by province · Upper Secondary,Upper Secondary,VN_SRC_KIENGIANG,Kien Giang,2014,annual,23.0,School,not_specified,E1308,https://www.nso.gov.vn/en/px-web?pxid=E1308&theme=Education,source_reported_unharmonized
e1308_8a1b4b5f47,education,Number of school of general education as of 30 September by province · Upper Secondary,Upper Secondary,VN_SRC_KIENGIANG,Kien Giang,2015,annual,23.0,School,not_specified,E1308,https://www.nso.gov.vn/en/px-web?pxid=E1308&theme=Education,source_reported_unharmonized
e1308_8a1b4b5f47,education,Number of school of general education as of 30 September by province · Upper Secondary,Upper Secondary,VN_SRC_KIENGIANG,Kien Giang,2016,annual,24.0,School,not_specified,E1308,https://www.nso.gov.vn/en/px-web?pxid=E1308&theme=Education,source_reported_unharmonized
e1308_8a1b4b5f47,education,Number of school of general education as of 30 September by province · Upper Secondary,Upper Secondary,VN_SRC_KIENGIANG,Kien Giang,2017,annual,24.0,School,not_specified,E1308,https://www.nso.gov.vn/en/px-web?pxid=E1308&theme=Education,source_reported_unharmonized
e1308_8a1b4b5f47,education,Number of school of general education as of 30 September by province · Upper Secondary,Upper Secondary,VN_SRC_KIENGIANG,Kien Giang,2019,annual,23.0,School,not_specified,E1308,https://www.nso.gov.vn/en/px-web?pxid=E1308&theme=Education,source_reported_unharmonized
e1308_8a1b4b5f47,education,Number of school of general education as of 30 September by province · Upper Secondary,Upper Secondary,VN_SRC_KIENGIANG,Kien Giang,2020,annual,23.0,School,not_specified,E1308,https://www.nso.gov.vn/en/px-web?pxid=E1308&theme=Education,source_reported_unharmonized
e1308_8a1b4b5f47,education,Number of school of general education as of 30 September by province · Upper Secondary,Upper Secondary,VN_SRC_KIENGIANG,Kien Giang,2021,annual,23.0,School,not_specified,E1308,https://www.nso.gov.vn/en/px-web?pxid=E1308&theme=Education,source_reported_unharmonized
e1308_8a1b4b5f47,education,Number of school of general education as of 30 September by province · Upper Secondary,Upper Secondary,VN_SRC_KIENGIANG,Kien Giang,2024,annual,23.0,School,not_specified,E1308,https://www.nso.gov.vn/en/px-web?pxid=E1308&theme=Education,source_reported_unharmonized
e1308_8a1b4b5f47,education,Number of school of general education as of 30 September by province · Upper Secondary,Upper Secondary,VN_SRC_CANTHO,Can Tho,2002,annual,8.0,School,not_specified,E1308,https://www.nso.gov.vn/en/px-web?pxid=E1308&theme=Education,source_reported_unharmonized
e1308_8a1b4b5f47,education,Number of school of general education as of 30 September by province · Upper Secondary,Upper Secondary,VN_SRC_CANTHO,Can Tho,2003,annual,16.0,School,not_specified,E1308,https://www.nso.gov.vn/en/px-web?pxid=E1308&theme=Education,source_reported_unharmonized
e1308_8a1b4b5f47,education,Number of school of general education as of 30 September by province · Upper Secondary,Upper Secondary,VN_SRC_CANTHO,Can Tho,2004,annual,13.0,School,not_specified,E1308,https://www.nso.gov.vn/en/px-web?pxid=E1308&theme=Education,source_reported_unharmonized
e1308_8a1b4b5f47,education,Number of school of general education as of 30 September by province · Upper Secondary,Upper Secondary,VN_SRC_CANTHO,Can Tho,2005,annual,15.0,School,not_specified,E1308,https://www.nso.gov.vn/en/px-web?pxid=E1308&theme=Education,source_reported_unharmonized
e1308_8a1b4b5f47,education,Number of school of general education as of 30 September by province · Upper Secondary,Upper Secondary,VN_SRC_CANTHO,Can Tho,2006,annual,15.0,School,not_specified,E1308,https://www.nso.gov.vn/en/px-web?pxid=E1308&theme=Education,source_reported_unharmonized
e1308_8a1b4b5f47,education,Number of school of general education as of 30 September by province · Upper Secondary,Upper Secondary,VN_SRC_CANTHO,Can Tho,2007,annual,16.0,School,not_specified,E1308,https://www.nso.gov.vn/en/px-web?pxid=E1308&theme=Education,source_reported_unharmonized
e1308_8a1b4b5f47,education,Number of school of general education as of 30 September by province · Upper Secondary,Upper Secondary,VN_SRC_CANTHO,Can Tho,2008,annual,16.0,School,not_specified,E1308,https://www.nso.gov.vn/en/px-web?pxid=E1308&theme=Education,source_reported_unharmonized
e1308_8a1b4b5f47,education,Number of school of general education as of 30 September by province · Upper Secondary,Upper Secondary,VN_SRC_CANTHO,Can Tho,2009,annual,16.0,School,not_specified,E1308,https://www.nso.gov.vn/en/px-web?pxid=E1308&theme=Education,source_reported_unharmonized
e1308_8a1b4b5f47,education,Number of school of general education as of 30 September by province · Upper Secondary,Upper Secondary,VN_SRC_CANTHO,Can Tho,2010,annual,18.0,School,not_specified,E1308,https://www.nso.gov.vn/en/px-web?pxid=E1308&theme=Education,source_reported_unharmonized
e1308_8a1b4b5f47,education,Number of school of general education as of 30 September by province · Upper Secondary,Upper Secondary,VN_SRC_CANTHO,Can Tho,2011,annual,20.0,School,not_specified,E1308,https://www.nso.gov.vn/en/px-web?pxid=E1308&theme=Education,source_reported_unharmonized
e1308_8a1b4b5f47,education,Number of school of general education as of 30 September by province · Upper Secondary,Upper Secondary,VN_SRC_CANTHO,Can Tho,2012,annual,21.0,School,not_specified,E1308,https://www.nso.gov.vn/en/px-web?pxid=E1308&theme=Education,source_reported_unharmonized
e1308_8a1b4b5f47,education,Number of school of general education as of 30 September by province · Upper Secondary,Upper Secondary,VN_SRC_CANTHO,Can Tho,2013,annual,23.0,School,not_specified,E1308,https://www.nso.gov.vn/en/px-web?pxid=E1308&theme=Education,source_reported_unharmonized
e1308_8a1b4b5f47,education,Number of school of general education as of 30 September by province · Upper Secondary,Upper Secondary,VN_SRC_CANTHO,Can Tho,2014,annual,22.0,School,not_specified,E1308,https://www.nso.gov.vn/en/px-web?pxid=E1308&theme=Education,source_reported_unharmonized
e1308_8a1b4b5f47,education,Number of school of general education as of 30 September by province · Upper Secondary,Upper Secondary,VN_SRC_CANTHO,Can Tho,2015,annual,23.0,School,not_specified,E1308,https://www.nso.gov.vn/en/px-web?pxid=E1308&theme=Education,source_reported_unharmonized
e1308_8a1b4b5f47,education,Number of school of general education as of 30 September by province · Upper Secondary,Upper Secondary,VN_SRC_CANTHO,Can Tho,2016,annual,23.0,School,not_specified,E1308,https://www.nso.gov.vn/en/px-web?pxid=E1308&theme=Education,source_reported_unharmonized
e1308_8a1b4b5f47,education,Number of school of general education as of 30 September by province · Upper Secondary,Upper Secondary,VN_SRC_CANTHO,Can Tho,2017,annual,23.0,School,not_specified,E1308,https://www.nso.gov.vn/en/px-web?pxid=E1308&theme=Education,source_reported_unharmonized
e1308_8a1b4b5f47,education,Number of school of general education as of 30 September by province · Upper Secondary,Upper Secondary,VN_SRC_CANTHO,Can Tho,2019,annual,24.0,School,not_specified,E1308,https://www.nso.gov.vn/en/px-web?pxid=E1308&theme=Education,source_reported_unharmonized
e1308_8a1b4b5f47,education,Number of school of general education as of 30 September by province · Upper Secondary,Upper Secondary,VN_SRC_CANTHO,Can Tho,2020,annual,24.0,School,not_specified,E1308,https://www.nso.gov.vn/en/px-web?pxid=E1308&theme=Education,source_reported_unharmonized
e1308_8a1b4b5f47,education,Number of school of general education as of 30 September by province · Upper Secondary,Upper Secondary,VN_SRC_CANTHO,Can Tho,2021,annual,24.0,School,not_specified,E1308,https://www.nso.gov.vn/en/px-web?pxid=E1308&theme=Education,source_reported_unharmonized
e1308_8a1b4b5f47,education,Number of school of general education as of 30 September by province · Upper Secondary,Upper Secondary,VN_SRC_CANTHO,Can Tho,2024,annual,24.0,School,not_specified,E1308,https://www.nso.gov.vn/en/px-web?pxid=E1308&theme=Education,source_reported_unharmonized
e1308_8a1b4b5f47,education,Number of school of general education as of 30 September by province · Upper Secondary,Upper Secondary,VN_SRC_HAUGIANG,Hau Giang,2002,annual,,School,not_specified,E1308,https://www.nso.gov.vn/en/px-web?pxid=E1308&theme=Education,source_reported_unharmonized
e1308_8a1b4b5f47,education,Number of school of general education as of 30 September by province · Upper Secondary,Upper Secondary,VN_SRC_HAUGIANG,Hau Giang,2003,annual,,School,not_specified,E1308,https://www.nso.gov.vn/en/px-web?pxid=E1308&theme=Education,source_reported_unharmonized
e1308_8a1b4b5f47,education,Number of school of general education as of 30 September by province · Upper Secondary,Upper Secondary,VN_SRC_HAUGIANG,Hau Giang,2004,annual,,School,not_specified,E1308,https://www.nso.gov.vn/en/px-web?pxid=E1308&theme=Education,source_reported_unharmonized
e1308_8a1b4b5f47,education,Number of school of general education as of 30 September by province · Upper Secondary,Upper Secondary,VN_SRC_HAUGIANG,Hau Giang,2005,annual,7.0,School,not_specified,E1308,https://www.nso.gov.vn/en/px-web?pxid=E1308&theme=Education,source_reported_unharmonized
e1308_8a1b4b5f47,education,Number of school of general education as of 30 September by province · Upper Secondary,Upper Secondary,VN_SRC_HAUGIANG,Hau Giang,2006,annual,13.0,School,not_specified,E1308,https://www.nso.gov.vn/en/px-web?pxid=E1308&theme=Education,source_reported_unharmonized
e1308_8a1b4b5f47,education,Number of school of general education as of 30 September by province · Upper Secondary,Upper Secondary,VN_SRC_HAUGIANG,Hau Giang,2007,annual,13.0,School,not_specified,E1308,https://www.nso.gov.vn/en/px-web?pxid=E1308&theme=Education,source_reported_unharmonized
e1308_8a1b4b5f47,education,Number of school of general education as of 30 September by province · Upper Secondary,Upper Secondary,VN_SRC_HAUGIANG,Hau Giang,2008,annual,21.0,School,not_specified,E1308,https://www.nso.gov.vn/en/px-web?pxid=E1308&theme=Education,source_reported_unharmonized
e1308_8a1b4b5f47,education,Number of school of general education as of 30 September by province · Upper Secondary,Upper Secondary,VN_SRC_HAUGIANG,Hau Giang,2009,annual,16.0,School,not_specified,E1308,https://www.nso.gov.vn/en/px-web?pxid=E1308&theme=Education,source_reported_unharmonized
e1308_8a1b4b5f47,education,Number of school of general education as of 30 September by province · Upper Secondary,Upper Secondary,VN_SRC_HAUGIANG,Hau Giang,2010,annual,18.0,School,not_specified,E1308,https://www.nso.gov.vn/en/px-web?pxid=E1308&theme=Education,source_reported_unharmonized
e1308_8a1b4b5f47,education,Number of school of general education as of 30 September by province · Upper Secondary,Upper Secondary,VN_SRC_HAUGIANG,Hau Giang,2011,annual,19.0,School,not_specified,E1308,https://www.nso.gov.vn/en/px-web?pxid=E1308&theme=Education,source_reported_unharmonized
e1308_8a1b4b5f47,education,Number of school of general education as of 30 September by province · Upper Secondary,Upper Secondary,VN_SRC_HAUGIANG,Hau Giang,2012,annual,19.0,School,not_specified,E1308,https://www.nso.gov.vn/en/px-web?pxid=E1308&theme=Education,source_reported_unharmonized
e1308_8a1b4b5f47,education,Number of school of general education as of 30 September by province · Upper Secondary,Upper Secondary,VN_SRC_HAUGIANG,Hau Giang,2013,annual,19.0,School,not_specified,E1308,https://www.nso.gov.vn/en/px-web?pxid=E1308&theme=Education,source_reported_unharmonized
e1308_8a1b4b5f47,education,Number of school of general education as of 30 September by province · Upper Secondary,Upper Secondary,VN_SRC_HAUGIANG,Hau Giang,2014,annual,19.0,School,not_specified,E1308,https://www.nso.gov.vn/en/px-web?pxid=E1308&theme=Education,source_reported_unharmonized
e1308_8a1b4b5f47,education,Number of school of general education as of 30 September by province · Upper Secondary,Upper Secondary,VN_SRC_HAUGIANG,Hau Giang,2015,annual,19.0,School,not_specified,E1308,https://www.nso.gov.vn/en/px-web?pxid=E1308&theme=Education,source_reported_unharmonized
e1308_8a1b4b5f47,education,Number of school of general education as of 30 September by province · Upper Secondary,Upper Secondary,VN_SRC_HAUGIANG,Hau Giang,2016,annual,19.0,School,not_specified,E1308,https://www.nso.gov.vn/en/px-web?pxid=E1308&theme=Education,source_reported_unharmonized
e1308_8a1b4b5f47,education,Number of school of general education as of 30 September by province · Upper Secondary,Upper Secondary,VN_SRC_HAUGIANG,Hau Giang,2017,annual,19.0,School,not_specified,E1308,https://www.nso.gov.vn/en/px-web?pxid=E1308&theme=Education,source_reported_unharmonized
e1308_8a1b4b5f47,education,Number of school of general education as of 30 September by province · Upper Secondary,Upper Secondary,VN_SRC_HAUGIANG,Hau Giang,2019,annual,19.0,School,not_specified,E1308,https://www.nso.gov.vn/en/px-web?pxid=E1308&theme=Education,source_reported_unharmonized
e1308_8a1b4b5f47,education,Number of school of general education as of 30 September by province · Upper Secondary,Upper Secondary,VN_SRC_HAUGIANG,Hau Giang,2020,annual,19.0,School,not_specified,E1308,https://www.nso.gov.vn/en/px-web?pxid=E1308&theme=Education,source_reported_unharmonized
e1308_8a1b4b5f47,education,Number of school of general education as of 30 September by province · Upper Secondary,Upper Secondary,VN_SRC_HAUGIANG,Hau Giang,2021,annual,20.0,School,not_specified,E1308,https://www.nso.gov.vn/en/px-web?pxid=E1308&theme=Education,source_reported_unharmonized
e1308_8a1b4b5f47,education,Number of school of general education as of 30 September by province · Upper Secondary,Upper Secondary,VN_SRC_HAUGIANG,Hau Giang,2024,annual,20.0,School,not_specified,E1308,https://www.nso.gov.vn/en/px-web?pxid=E1308&theme=Education,source_reported_unharmonized
e1308_8a1b4b5f47,education,Number of school of general education as of 30 September by province · Upper Secondary,Upper Secondary,VN_SRC_SOCTRANG,Soc Trang,2002,annual,6.0,School,not_specified,E1308,https://www.nso.gov.vn/en/px-web?pxid=E1308&theme=Education,source_reported_unharmonized
e1308_8a1b4b5f47,education,Number of school of general education as of 30 September by province · Upper Secondary,Upper Secondary,VN_SRC_SOCTRANG,Soc Trang,2003,annual,9.0,School,not_specified,E1308,https://www.nso.gov.vn/en/px-web?pxid=E1308&theme=Education,source_reported_unharmonized
e1308_8a1b4b5f47,education,Number of school of general education as of 30 September by province · Upper Secondary,Upper Secondary,VN_SRC_SOCTRANG,Soc Trang,2004,annual,10.0,School,not_specified,E1308,https://www.nso.gov.vn/en/px-web?pxid=E1308&theme=Education,source_reported_unharmonized
e1308_8a1b4b5f47,education,Number of school of general education as of 30 September by province · Upper Secondary,Upper Secondary,VN_SRC_SOCTRANG,Soc Trang,2005,annual,14.0,School,not_specified,E1308,https://www.nso.gov.vn/en/px-web?pxid=E1308&theme=Education,source_reported_unharmonized
e1308_8a1b4b5f47,education,Number of school of general education as of 30 September by province · Upper Secondary,Upper Secondary,VN_SRC_SOCTRANG,Soc Trang,2006,annual,14.0,School,not_specified,E1308,https://www.nso.gov.vn/en/px-web?pxid=E1308&theme=Education,source_reported_unharmonized
e1308_8a1b4b5f47,education,Number of school of general education as of 30 September by province · Upper Secondary,Upper Secondary,VN_SRC_SOCTRANG,Soc Trang,2007,annual,15.0,School,not_specified,E1308,https://www.nso.gov.vn/en/px-web?pxid=E1308&theme=Education,source_reported_unharmonized
e1308_8a1b4b5f47,education,Number of school of general education as of 30 September by province · Upper Secondary,Upper Secondary,VN_SRC_SOCTRANG,Soc Trang,2008,annual,16.0,School,not_specified,E1308,https://www.nso.gov.vn/en/px-web?pxid=E1308&theme=Education,source_reported_unharmonized
e1308_8a1b4b5f47,education,Number of school of general education as of 30 September by province · Upper Secondary,Upper Secondary,VN_SRC_SOCTRANG,Soc Trang,2009,annual,17.0,School,not_specified,E1308,https://www.nso.gov.vn/en/px-web?pxid=E1308&theme=Education,source_reported_unharmonized
e1308_8a1b4b5f47,education,Number of school of general education as of 30 September by province · Upper Secondary,Upper Secondary,VN_SRC_SOCTRANG,Soc Trang,2010,annual,17.0,School,not_specified,E1308,https://www.nso.gov.vn/en/px-web?pxid=E1308&theme=Education,source_reported_unharmonized
e1308_8a1b4b5f47,education,Number of school of general education as of 30 September by province · Upper Secondary,Upper Secondary,VN_SRC_SOCTRANG,Soc Trang,2011,annual,18.0,School,not_specified,E1308,https://www.nso.gov.vn/en/px-web?pxid=E1308&theme=Education,source_reported_unharmonized
e1308_8a1b4b5f47,education,Number of school of general education as of 30 September by province · Upper Secondary,Upper Secondary,VN_SRC_SOCTRANG,Soc Trang,2012,annual,23.0,School,not_specified,E1308,https://www.nso.gov.vn/en/px-web?pxid=E1308&theme=Education,source_reported_unharmonized
e1308_8a1b4b5f47,education,Number of school of general education as of 30 September by province · Upper Secondary,Upper Secondary,VN_SRC_SOCTRANG,Soc Trang,2013,annual,22.0,School,not_specified,E1308,https://www.nso.gov.vn/en/px-web?pxid=E1308&theme=Education,source_reported_unharmonized
e1308_8a1b4b5f47,education,Number of school of general education as of 30 September by province · Upper Secondary,Upper Secondary,VN_SRC_SOCTRANG,Soc Trang,2014,annual,23.0,School,not_specified,E1308,https://www.nso.gov.vn/en/px-web?pxid=E1308&theme=Education,source_reported_unharmonized
e1308_8a1b4b5f47,education,Number of school of general education as of 30 September by province · Upper Secondary,Upper Secondary,VN_SRC_SOCTRANG,Soc Trang,2015,annual,24.0,School,not_specified,E1308,https://www.nso.gov.vn/en/px-web?pxid=E1308&theme=Education,source_reported_unharmonized
e1308_8a1b4b5f47,education,Number of school of general education as of 30 September by province · Upper Secondary,Upper Secondary,VN_SRC_SOCTRANG,Soc Trang,2016,annual,24.0,School,not_specified,E1308,https://www.nso.gov.vn/en/px-web?pxid=E1308&theme=Education,source_reported_unharmonized
e1308_8a1b4b5f47,education,Number of school of general education as of 30 September by province · Upper Secondary,Upper Secondary,VN_SRC_SOCTRANG,Soc Trang,2017,annual,24.0,School,not_specified,E1308,https://www.nso.gov.vn/en/px-web?pxid=E1308&theme=Education,source_reported_unharmonized
e1308_8a1b4b5f47,education,Number of school of general education as of 30 September by province · Upper Secondary,Upper Secondary,VN_SRC_SOCTRANG,Soc Trang,2019,annual,24.0,School,not_specified,E1308,https://www.nso.gov.vn/en/px-web?pxid=E1308&theme=Education,source_reported_unharmonized
e1308_8a1b4b5f47,education,Number of school of general education as of 30 September by province · Upper Secondary,Upper Secondary,VN_SRC_SOCTRANG,Soc Trang,2020,annual,24.0,School,not_specified,E1308,https://www.nso.gov.vn/en/px-web?pxid=E1308&theme=Education,source_reported_unharmonized
e1308_8a1b4b5f47,education,Number of school of general education as of 30 September by province · Upper Secondary,Upper Secondary,VN_SRC_SOCTRANG,Soc Trang,2021,annual,24.0,School,not_specified,E1308,https://www.nso.gov.vn/en/px-web?pxid=E1308&theme=Education,source_reported_unharmonized
e1308_8a1b4b5f47,education,Number of school of general education as of 30 September by province · Upper Secondary,Upper Secondary,VN_SRC_SOCTRANG,Soc Trang,2024,annual,24.0,School,not_specified,E1308,https://www.nso.gov.vn/en/px-web?pxid=E1308&theme=Education,source_reported_unharmonized
e1308_8a1b4b5f47,education,Number of school of general education as of 30 September by province · Upper Secondary,Upper Secondary,VN_SRC_BACLIEU,Bac Lieu,2002,annual,6.0,School,not_specified,E1308,https://www.nso.gov.vn/en/px-web?pxid=E1308&theme=Education,source_reported_unharmonized
e1308_8a1b4b5f47,education,Number of school of general education as of 30 September by province · Upper Secondary,Upper Secondary,VN_SRC_BACLIEU,Bac Lieu,2003,annual,8.0,School,not_specified,E1308,https://www.nso.gov.vn/en/px-web?pxid=E1308&theme=Education,source_reported_unharmonized
e1308_8a1b4b5f47,education,Number of school of general education as of 30 September by province · Upper Secondary,Upper Secondary,VN_SRC_BACLIEU,Bac Lieu,2004,annual,9.0,School,not_specified,E1308,https://www.nso.gov.vn/en/px-web?pxid=E1308&theme=Education,source_reported_unharmonized
e1308_8a1b4b5f47,education,Number of school of general education as of 30 September by province · Upper Secondary,Upper Secondary,VN_SRC_BACLIEU,Bac Lieu,2005,annual,9.0,School,not_specified,E1308,https://www.nso.gov.vn/en/px-web?pxid=E1308&theme=Education,source_reported_unharmonized
e1308_8a1b4b5f47,education,Number of school of general education as of 30 September by province · Upper Secondary,Upper Secondary,VN_SRC_BACLIEU,Bac Lieu,2006,annual,11.0,School,not_specified,E1308,https://www.nso.gov.vn/en/px-web?pxid=E1308&theme=Education,source_reported_unharmonized
e1308_8a1b4b5f47,education,Number of school of general education as of 30 September by province · Upper Secondary,Upper Secondary,VN_SRC_BACLIEU,Bac Lieu,2007,annual,11.0,School,not_specified,E1308,https://www.nso.gov.vn/en/px-web?pxid=E1308&theme=Education,source_reported_unharmonized
e1308_8a1b4b5f47,education,Number of school of general education as of 30 September by province · Upper Secondary,Upper Secondary,VN_SRC_BACLIEU,Bac Lieu,2008,annual,11.0,School,not_specified,E1308,https://www.nso.gov.vn/en/px-web?pxid=E1308&theme=Education,source_reported_unharmonized
e1308_8a1b4b5f47,education,Number of school of general education as of 30 September by province · Upper Secondary,Upper Secondary,VN_SRC_BACLIEU,Bac Lieu,2009,annual,11.0,School,not_specified,E1308,https://www.nso.gov.vn/en/px-web?pxid=E1308&theme=Education,source_reported_unharmonized
e1308_8a1b4b5f47,education,Number of school of general education as of 30 September by province · Upper Secondary,Upper Secondary,VN_SRC_BACLIEU,Bac Lieu,2010,annual,12.0,School,not_specified,E1308,https://www.nso.gov.vn/en/px-web?pxid=E1308&theme=Education,source_reported_unharmonized
e1308_8a1b4b5f47,education,Number of school of general education as of 30 September by province · Upper Secondary,Upper Secondary,VN_SRC_BACLIEU,Bac Lieu,2011,annual,12.0,School,not_specified,E1308,https://www.nso.gov.vn/en/px-web?pxid=E1308&theme=Education,source_reported_unharmonized
e1308_8a1b4b5f47,education,Number of school of general education as of 30 September by province · Upper Secondary,Upper Secondary,VN_SRC_BACLIEU,Bac Lieu,2012,annual,12.0,School,not_specified,E1308,https://www.nso.gov.vn/en/px-web?pxid=E1308&theme=Education,source_reported_unharmonized
e1308_8a1b4b5f47,education,Number of school of general education as of 30 September by province · Upper Secondary,Upper Secondary,VN_SRC_BACLIEU,Bac Lieu,2013,annual,15.0,School,not_specified,E1308,https://www.nso.gov.vn/en/px-web?pxid=E1308&theme=Education,source_reported_unharmonized
e1308_8a1b4b5f47,education,Number of school of general education as of 30 September by province · Upper Secondary,Upper Secondary,VN_SRC_BACLIEU,Bac Lieu,2014,annual,14.0,School,not_specified,E1308,https://www.nso.gov.vn/en/px-web?pxid=E1308&theme=Education,source_reported_unharmonized
e1308_8a1b4b5f47,education,Number of school of general education as of 30 September by province · Upper Secondary,Upper Secondary,VN_SRC_BACLIEU,Bac Lieu,2015,annual,14.0,School,not_specified,E1308,https://www.nso.gov.vn/en/px-web?pxid=E1308&theme=Education,source_reported_unharmonized
e1308_8a1b4b5f47,education,Number of school of general education as of 30 September by province · Upper Secondary,Upper Secondary,VN_SRC_BACLIEU,Bac Lieu,2016,annual,14.0,School,not_specified,E1308,https://www.nso.gov.vn/en/px-web?pxid=E1308&theme=Education,source_reported_unharmonized
e1308_8a1b4b5f47,education,Number of school of general education as of 30 September by province · Upper Secondary,Upper Secondary,VN_SRC_BACLIEU,Bac Lieu,2017,annual,15.0,School,not_specified,E1308,https://www.nso.gov.vn/en/px-web?pxid=E1308&theme=Education,source_reported_unharmonized
e1308_8a1b4b5f47,education,Number of school of general education as of 30 September by province · Upper Secondary,Upper Secondary,VN_SRC_BACLIEU,Bac Lieu,2019,annual,15.0,School,not_specified,E1308,https://www.nso.gov.vn/en/px-web?pxid=E1308&theme=Education,source_reported_unharmonized
e1308_8a1b4b5f47,education,Number of school of general education as of 30 September by province · Upper Secondary,Upper Secondary,VN_SRC_BACLIEU,Bac Lieu,2020,annual,14.0,School,not_specified,E1308,https://www.nso.gov.vn/en/px-web?pxid=E1308&theme=Education,source_reported_unharmonized
e1308_8a1b4b5f47,education,Number of school of general education as of 30 September by province · Upper Secondary,Upper Secondary,VN_SRC_BACLIEU,Bac Lieu,2021,annual,14.0,School,not_specified,E1308,https://www.nso.gov.vn/en/px-web?pxid=E1308&theme=Education,source_reported_unharmonized
e1308_8a1b4b5f47,education,Number of school of general education as of 30 September by province · Upper Secondary,Upper Secondary,VN_SRC_BACLIEU,Bac Lieu,2024,annual,14.0,School,not_specified,E1308,https://www.nso.gov.vn/en/px-web?pxid=E1308&theme=Education,source_reported_unharmonized
e1308_8a1b4b5f47,education,Number of school of general education as of 30 September by province · Upper Secondary,Upper Secondary,VN_SRC_CAMAU,Ca Mau,2002,annual,9.0,School,not_specified,E1308,https://www.nso.gov.vn/en/px-web?pxid=E1308&theme=Education,source_reported_unharmonized
e1308_8a1b4b5f47,education,Number of school of general education as of 30 September by province · Upper Secondary,Upper Secondary,VN_SRC_CAMAU,Ca Mau,2003,annual,11.0,School,not_specified,E1308,https://www.nso.gov.vn/en/px-web?pxid=E1308&theme=Education,source_reported_unharmonized
e1308_8a1b4b5f47,education,Number of school of general education as of 30 September by province · Upper Secondary,Upper Secondary,VN_SRC_CAMAU,Ca Mau,2004,annual,13.0,School,not_specified,E1308,https://www.nso.gov.vn/en/px-web?pxid=E1308&theme=Education,source_reported_unharmonized
e1308_8a1b4b5f47,education,Number of school of general education as of 30 September by province · Upper Secondary,Upper Secondary,VN_SRC_CAMAU,Ca Mau,2005,annual,15.0,School,not_specified,E1308,https://www.nso.gov.vn/en/px-web?pxid=E1308&theme=Education,source_reported_unharmonized
e1308_8a1b4b5f47,education,Number of school of general education as of 30 September by province · Upper Secondary,Upper Secondary,VN_SRC_CAMAU,Ca Mau,2006,annual,18.0,School,not_specified,E1308,https://www.nso.gov.vn/en/px-web?pxid=E1308&theme=Education,source_reported_unharmonized
e1308_8a1b4b5f47,education,Number of school of general education as of 30 September by province · Upper Secondary,Upper Secondary,VN_SRC_CAMAU,Ca Mau,2007,annual,20.0,School,not_specified,E1308,https://www.nso.gov.vn/en/px-web?pxid=E1308&theme=Education,source_reported_unharmonized
e1308_8a1b4b5f47,education,Number of school of general education as of 30 September by province · Upper Secondary,Upper Secondary,VN_SRC_CAMAU,Ca Mau,2008,annual,20.0,School,not_specified,E1308,https://www.nso.gov.vn/en/px-web?pxid=E1308&theme=Education,source_reported_unharmonized
e1308_8a1b4b5f47,education,Number of school of general education as of 30 September by province · Upper Secondary,Upper Secondary,VN_SRC_CAMAU,Ca Mau,2009,annual,20.0,School,not_specified,E1308,https://www.nso.gov.vn/en/px-web?pxid=E1308&theme=Education,source_reported_unharmonized
e1308_8a1b4b5f47,education,Number of school of general education as of 30 September by province · Upper Secondary,Upper Secondary,VN_SRC_CAMAU,Ca Mau,2010,annual,21.0,School,not_specified,E1308,https://www.nso.gov.vn/en/px-web?pxid=E1308&theme=Education,source_reported_unharmonized
e1308_8a1b4b5f47,education,Number of school of general education as of 30 September by province · Upper Secondary,Upper Secondary,VN_SRC_CAMAU,Ca Mau,2011,annual,21.0,School,not_specified,E1308,https://www.nso.gov.vn/en/px-web?pxid=E1308&theme=Education,source_reported_unharmonized
e1308_8a1b4b5f47,education,Number of school of general education as of 30 September by province · Upper Secondary,Upper Secondary,VN_SRC_CAMAU,Ca Mau,2012,annual,23.0,School,not_specified,E1308,https://www.nso.gov.vn/en/px-web?pxid=E1308&theme=Education,source_reported_unharmonized
e1308_8a1b4b5f47,education,Number of school of general education as of 30 September by province · Upper Secondary,Upper Secondary,VN_SRC_CAMAU,Ca Mau,2013,annual,23.0,School,not_specified,E1308,https://www.nso.gov.vn/en/px-web?pxid=E1308&theme=Education,source_reported_unharmonized
e1308_8a1b4b5f47,education,Number of school of general education as of 30 September by province · Upper Secondary,Upper Secondary,VN_SRC_CAMAU,Ca Mau,2014,annual,24.0,School,not_specified,E1308,https://www.nso.gov.vn/en/px-web?pxid=E1308&theme=Education,source_reported_unharmonized
e1308_8a1b4b5f47,education,Number of school of general education as of 30 September by province · Upper Secondary,Upper Secondary,VN_SRC_CAMAU,Ca Mau,2015,annual,25.0,School,not_specified,E1308,https://www.nso.gov.vn/en/px-web?pxid=E1308&theme=Education,source_reported_unharmonized
e1308_8a1b4b5f47,education,Number of school of general education as of 30 September by province · Upper Secondary,Upper Secondary,VN_SRC_CAMAU,Ca Mau,2016,annual,26.0,School,not_specified,E1308,https://www.nso.gov.vn/en/px-web?pxid=E1308&theme=Education,source_reported_unharmonized
e1308_8a1b4b5f47,education,Number of school of general education as of 30 September by province · Upper Secondary,Upper Secondary,VN_SRC_CAMAU,Ca Mau,2017,annual,26.0,School,not_specified,E1308,https://www.nso.gov.vn/en/px-web?pxid=E1308&theme=Education,source_reported_unharmonized
e1308_8a1b4b5f47,education,Number of school of general education as of 30 September by province · Upper Secondary,Upper Secondary,VN_SRC_CAMAU,Ca Mau,2019,annual,25.0,School,not_specified,E1308,https://www.nso.gov.vn/en/px-web?pxid=E1308&theme=Education,source_reported_unharmonized
e1308_8a1b4b5f47,education,Number of school of general education as of 30 September by province · Upper Secondary,Upper Secondary,VN_SRC_CAMAU,Ca Mau,2020,annual,24.0,School,not_specified,E1308,https://www.nso.gov.vn/en/px-web?pxid=E1308&theme=Education,source_reported_unharmonized
e1308_8a1b4b5f47,education,Number of school of general education as of 30 September by province · Upper Secondary,Upper Secondary,VN_SRC_CAMAU,Ca Mau,2021,annual,23.0,School,not_specified,E1308,https://www.nso.gov.vn/en/px-web?pxid=E1308&theme=Education,source_reported_unharmonized
e1308_8a1b4b5f47,education,Number of school of general education as of 30 September by province · Upper Secondary,Upper Secondary,VN_SRC_CAMAU,Ca Mau,2024,annual,22.0,School,not_specified,E1308,https://www.nso.gov.vn/en/px-web?pxid=E1308&theme=Education,source_reported_unharmonized
