Preliminary Exports of some main goods by main countries and  territories In 2019,,,,,,,,,,,,,,,,,,,,,,
,,,,,,,,,,,,,,,,,,,,,,
,Goods,Unit,Jan. ,,Feb.,,Mar.,,Apr.,,May,,Jun,,Jul. ,,Aug.,,Sep. (Prel.),,9 months (Prel.),
,,,Quantity,"Value
(1000 USD)",Quantity,"Value
(1000 USD)",Quantity,"Value
(1000 USD)",Quantity,"Value
(1000 USD)",Quantity,"Value
(1000 USD)",Quantity,"Value
(1000 USD)",Quantity,"Value
(1000 USD)",Quantity,"Value
(1000 USD)",Quantity,"Value
(1000 USD)",Quantity,"Value
(1000 USD)"
,,,,,,,,,,,,,,,,,,,,,,
"Precious stones, precious metals and their products",,1000 USD,,52780.64,0.0,49032.47,0.0,51114.14,0.0,50106.23,0.0,57568.6,0.0,309695.45,0.0,486090.97,0.0,509931.83,0.0,252454.78,,1818775.14
,Of which:,,,,,,,,,,,,,,,,,,,,,
,United States,,0.0,32246.18,0.0,23763.66,0.0,31446.73,0.0,31383.57,0.0,38090.82,0.0,29179.25,0.0,30718.7,0.0,50095.52,0.0,38970.5,0.0,305894.97
,Japan,,0.0,5449.14,0.0,3101.83,0.0,5107.85,0.0,4171.66,0.0,5285.4,0.0,4830.85,0.0,5509.31,0.0,5111.45,0.0,5130.86,0.0,43698.4
,Hong Kong SAR (China) ,,0.0,1900.2,0.0,1570.88,0.0,1096.29,0.0,1933.09,0.0,3171.01,0.0,25422.9,0.0,1507.95,0.0,3317.15,0.0,1933.12,0.0,41852.62
,France,,0.0,2024.73,0.0,1322.04,0.0,2291.91,0.0,1782.96,0.0,1960.01,0.0,1154.87,0.0,1144.53,0.0,2169.72,0.0,2036.86,0.0,15887.67
,Belgium,,0.0,1829.1,0.0,0.0,0.0,2217.16,0.0,1700.65,0.0,1841.6,0.0,1923.49,0.0,748.2,0.0,2188.75,0.0,3301.09,0.0,15750.07
,Korea,,0.0,1518.54,0.0,1023.8,0.0,1906.69,0.0,1667.1,0.0,1337.18,0.0,944.17,0.0,1754.15,0.0,2104.91,0.0,1560.74,0.0,13817.32
,Australia,,0.0,1717.0,0.0,949.49,0.0,1395.4,0.0,765.87,0.0,670.95,0.0,1242.0,0.0,1139.61,0.0,548.24,0.0,932.82,0.0,9361.41
,United Arab Emirates,,0.0,1642.23,0.0,713.64,0.0,1059.73,0.0,2548.76,0.0,367.55,0.0,51.35,0.0,1239.38,0.0,789.23,0.0,9.44,0.0,8421.36
,United Kingdom,,0.0,330.68,0.0,191.01,0.0,354.64,0.0,176.87,0.0,249.7,0.0,199.55,0.0,392.84,0.0,373.37,0.0,400.1,0.0,2668.8
,FR. Germany,,0.0,441.61,0.0,90.79,0.0,323.76,0.0,274.81,0.0,233.68,0.0,307.38,0.0,173.62,0.0,320.32,0.0,186.63,0.0,2352.64
,Spain  ,,0.0,132.58,0.0,209.54,0.0,236.27,0.0,160.57,0.0,339.23,0.0,183.59,0.0,223.94,0.0,202.99,0.0,99.84,0.0,1788.6
,Thailand,,0.0,108.02,0.0,102.4,0.0,159.24,0.0,108.42,0.0,121.81,0.0,60.86,0.0,230.79,0.0,79.88,0.0,122.96,0.0,1094.42
,Taiwan,,0.0,67.82,0.0,39.7,0.0,33.72,0.0,79.5,0.0,95.63,0.0,19.01,0.0,153.76,0.0,36.34,0.0,58.49,0.0,584.01
Telephones and their parts,,1000 USD,,3289918.03,0.0,3460580.42,0.0,5382848.11,0.0,3880703.08,0.0,3702698.09,0.0,3778452.89,0.0,3990105.35,0.0,5909412.84,0.0,5419900.36,,38814619.19
,Of which:,,,,,,,,,,,,,,,,,,,,,
,United States,,0.0,472773.05,0.0,928131.92,0.0,1245169.58,0.0,671819.54,0.0,452656.74,0.0,413843.23,0.0,695941.42,0.0,1282650.05,0.0,853962.06,0.0,7016947.62
,"China, PR ",,0.0,218253.25,0.0,90562.15,0.0,201822.87,0.0,131975.63,0.0,354684.53,0.0,545114.72,0.0,542986.27,0.0,1078172.79,0.0,1502183.28,0.0,4665755.52
,Korea,,0.0,488168.22,0.0,330067.9,0.0,433268.34,0.0,417341.6,0.0,369365.39,0.0,332571.03,0.0,446357.57,0.0,569569.41,0.0,601026.49,0.0,3987735.99
,United Arab Emirates,,0.0,381728.31,0.0,287835.7,0.0,551446.38,0.0,429835.32,0.0,335673.64,0.0,263946.54,0.0,275478.99,0.0,295983.14,0.0,227665.28,0.0,3049593.34
,Austria,,0.0,218916.46,0.0,195983.33,0.0,315435.66,0.0,227368.96,0.0,208097.28,0.0,216475.78,0.0,220502.51,0.0,251655.81,0.0,227239.16,0.0,2081675.0
,United Kingdom,,0.0,101211.17,0.0,152900.97,0.0,269144.7,0.0,184496.94,0.0,136210.47,0.0,161499.28,0.0,120367.29,0.0,177155.18,0.0,173743.57,0.0,1476729.6
,FR. Germany,,0.0,111447.27,0.0,153965.59,0.0,237199.14,0.0,156708.14,0.0,116219.01,0.0,136330.82,0.0,128092.33,0.0,170775.89,0.0,171159.37,0.0,1381897.59
,India,,0.0,101068.1,0.0,53659.2,0.0,111087.82,0.0,163592.48,0.0,178266.98,0.0,135785.74,0.0,114523.41,0.0,130516.51,0.0,105310.32,0.0,1093810.59
,Thailand,,0.0,140832.4,0.0,79557.01,0.0,155028.6,0.0,117851.41,0.0,160525.64,0.0,117817.28,0.0,78353.51,0.0,116811.27,0.0,88650.32,0.0,1055427.48
,France,,0.0,103963.69,0.0,91562.83,0.0,175194.48,0.0,93694.47,0.0,103183.51,0.0,140733.6,0.0,70129.59,0.0,120700.19,0.0,101722.83,0.0,1000885.23
,Italy,,0.0,86575.27,0.0,99752.92,0.0,155991.97,0.0,62554.98,0.0,89722.17,0.0,115221.93,0.0,97636.44,0.0,104912.79,0.0,111414.02,0.0,923782.51
,Netherlands,,0.0,83392.83,0.0,88362.55,0.0,144823.62,0.0,89219.15,0.0,86312.2,0.0,87080.7,0.0,101284.67,0.0,117693.93,0.0,89045.69,0.0,887215.38
,Russia Federation,,0.0,80980.61,0.0,107359.75,0.0,139536.36,0.0,112992.0,0.0,96754.65,0.0,102043.26,0.0,91249.98,0.0,66573.36,0.0,60628.83,0.0,858118.82
,Hong Kong SAR (China) ,,0.0,79321.32,0.0,82374.71,0.0,118202.58,0.0,77597.29,0.0,86579.47,0.0,62749.61,0.0,85002.06,0.0,138318.96,0.0,118250.57,0.0,848396.6
,Spain  ,,0.0,77705.19,0.0,73963.31,0.0,109104.04,0.0,79110.2,0.0,61224.96,0.0,106511.82,0.0,82652.29,0.0,99485.31,0.0,70720.95,0.0,760478.1
,Brazil,,0.0,67738.12,0.0,34999.72,0.0,63696.64,0.0,61487.89,0.0,92552.98,0.0,66547.08,0.0,68314.45,0.0,99578.15,0.0,83718.33,0.0,638633.4
,Australia,,0.0,33520.78,0.0,66003.69,0.0,148789.89,0.0,75024.12,0.0,36467.98,0.0,31487.39,0.0,27933.86,0.0,91246.97,0.0,59092.91,0.0,569567.64
,Japan,,0.0,22138.86,0.0,39182.8,0.0,36925.64,0.0,63181.32,0.0,108379.49,0.0,76111.55,0.0,79566.89,0.0,61680.74,0.0,72218.25,0.0,559385.56
,Sweden,,0.0,25313.51,0.0,79931.81,0.0,79646.58,0.0,42272.39,0.0,36040.23,0.0,43536.71,0.0,52194.23,0.0,55896.22,0.0,56293.74,0.0,471125.47
,Canada,,0.0,0.0,0.0,59788.82,0.0,93688.68,0.0,51640.84,0.0,42647.64,0.0,33027.79,0.0,45260.0,0.0,76311.75,0.0,40299.94,0.0,442665.48
,Turkey,,0.0,69233.24,0.0,49733.02,0.0,48913.26,0.0,59635.41,0.0,46581.98,0.0,50796.25,0.0,44240.15,0.0,23564.1,0.0,16786.36,0.0,409483.8
,Mexico,,0.0,7974.47,0.0,1519.75,0.0,6157.65,0.0,60215.07,0.0,71609.8,0.0,44138.51,0.0,41033.11,0.0,90289.82,0.0,70419.76,0.0,393357.97
,Ixraen,,0.0,20499.22,0.0,39368.98,0.0,65237.0,0.0,31350.41,0.0,31217.11,0.0,38907.2,0.0,22069.13,0.0,55459.89,0.0,33587.34,0.0,337696.33
,Malaysia,,0.0,25325.94,0.0,30869.71,0.0,66991.85,0.0,32979.86,0.0,25160.92,0.0,34029.86,0.0,10992.4,0.0,49324.17,0.0,43913.32,0.0,319588.05
,Chile,,0.0,0.0,0.0,0.0,0.0,30071.42,0.0,18084.06,0.0,30298.82,0.0,67126.45,0.0,74966.29,0.0,64679.48,0.0,34077.17,0.0,319303.72
,South Africa,,0.0,17444.33,0.0,28337.15,0.0,57172.52,0.0,47120.64,0.0,30269.07,0.0,28289.85,0.0,32197.96,0.0,44257.76,0.0,23747.15,0.0,308836.47
,Philippines,,0.0,28389.01,0.0,17953.3,0.0,47244.93,0.0,49837.83,0.0,38591.71,0.0,30855.42,0.0,8651.87,0.0,24934.06,0.0,34629.04,0.0,281087.19
,Taiwan,,0.0,21119.0,0.0,29470.38,0.0,31805.5,0.0,32308.23,0.0,22260.01,0.0,22454.61,0.0,25261.69,0.0,51290.21,0.0,34275.29,0.0,270244.96
,Singapore ,,0.0,16121.33,0.0,22013.68,0.0,38301.19,0.0,20317.14,0.0,20946.62,0.0,16006.85,0.0,7690.95,0.0,47779.91,0.0,20961.71,0.0,210139.41
,Indonesia,,0.0,27840.53,0.0,15049.51,0.0,20372.85,0.0,14961.06,0.0,16474.89,0.0,9532.36,0.0,27939.18,0.0,23527.69,0.0,21890.14,0.0,177588.24
,Colombia,,0.0,10403.58,0.0,6288.48,0.0,2611.93,0.0,11293.3,0.0,13026.94,0.0,17420.92,0.0,42344.76,0.0,40673.46,0.0,23448.08,0.0,167511.48
,Argentina,,0.0,0.0,0.0,0.0,0.0,493.14,0.0,5774.05,0.0,20284.84,0.0,21440.29,0.0,22081.43,0.0,40124.07,0.0,43040.18,0.0,153238.04
,New Zealand,,0.0,4853.97,0.0,21788.75,0.0,29316.47,0.0,20451.86,0.0,12309.8,0.0,15642.77,0.0,14048.58,0.0,18988.08,0.0,10774.15,0.0,148174.46
,Portugal,,0.0,11582.21,0.0,12375.27,0.0,20950.57,0.0,13836.17,0.0,14007.74,0.0,17357.13,0.0,15529.64,0.0,17229.37,0.0,13559.68,0.0,136427.82
,Slovakia ,,0.0,13586.08,0.0,18125.39,0.0,24596.31,0.0,7715.86,0.0,13560.16,0.0,13536.34,0.0,12207.06,0.0,13732.31,0.0,14265.57,0.0,131325.12
,Peru,,0.0,0.0,0.0,0.0,0.0,3915.38,0.0,11099.73,0.0,10266.46,0.0,20686.46,0.0,17862.17,0.0,25301.44,0.0,21755.22,0.0,110886.89
,Ukraine  ,,0.0,4706.95,0.0,5411.06,0.0,13906.56,0.0,15035.59,0.0,10177.3,0.0,7485.12,0.0,9619.61,0.0,13291.37,0.0,13984.81,0.0,93618.41
,Greece,,0.0,8218.17,0.0,7550.25,0.0,12837.31,0.0,8008.6,0.0,8853.4,0.0,9944.17,0.0,8233.25,0.0,9458.17,0.0,10076.49,0.0,83179.85
,Bangladesh,,0.0,0.0,0.0,0.0,0.0,9647.27,0.0,8590.59,0.0,12849.75,0.0,11623.42,0.0,9806.33,0.0,13543.02,0.0,9933.46,0.0,75993.86
,Panama,,0.0,0.0,0.0,0.0,0.0,5927.4,0.0,4353.3,0.0,5260.15,0.0,13168.31,0.0,15919.94,0.0,8519.85,0.0,7641.74,0.0,60790.71
,Saudi Arabia,,0.0,3025.99,0.0,4812.64,0.0,8970.25,0.0,10896.9,0.0,6872.99,0.0,1063.58,0.0,4089.62,0.0,6215.53,0.0,7276.15,0.0,53223.69
,Sri Lanka,,0.0,0.0,0.0,0.0,0.0,6659.86,0.0,5113.13,0.0,6068.22,0.0,7990.13,0.0,10706.18,0.0,7360.33,0.0,5146.56,0.0,49044.44
,Myanmar,,0.0,0.0,0.0,0.0,0.0,11868.49,0.0,6395.85,0.0,3041.53,0.0,3409.82,0.0,2934.31,0.0,6590.97,0.0,9889.75,0.0,44130.75
,Pakistan,,0.0,0.0,0.0,0.0,0.0,8075.07,0.0,444.39,0.0,2420.45,0.0,3016.34,0.0,1546.7,0.0,3462.04,0.0,3738.31,0.0,22703.33
,Egypt,,0.0,0.0,0.0,0.0,0.0,3022.48,0.0,553.75,0.0,2934.2,0.0,4033.56,0.0,2361.51,0.0,2420.17,0.0,2981.69,0.0,18307.39
,Nigeria,,0.0,0.0,0.0,0.0,0.0,2773.01,0.0,428.76,0.0,1104.01,0.0,569.71,0.0,491.6,0.0,2023.47,0.0,2006.13,0.0,9396.72
,Algeria,,0.0,0.0,0.0,0.0,0.0,0.0,0.0,0.0,0.0,6837.05,0.0,963.8,0.0,481.69,0.0,0.0,0.0,0.0,0.0,8282.55
,Hungary,,0.0,0.0,0.0,0.0,0.0,1117.41,0.0,350.93,0.0,248.91,0.0,737.56,0.0,356.76,0.0,666.69,0.0,997.3,0.0,4475.59
,Romania,,0.0,0.0,0.0,0.0,0.0,1118.45,0.0,569.81,0.0,648.0,0.0,468.32,0.0,296.09,0.0,557.01,0.0,696.82,0.0,4354.54
,Kuwait,,0.0,0.0,0.0,0.0,0.0,1046.67,0.0,871.1,0.0,906.71,0.0,225.53,0.0,256.98,0.0,392.17,0.0,403.77,0.0,4102.95
,Czech Republic,,0.0,0.0,0.0,0.0,0.0,1009.42,0.0,242.11,0.0,553.06,0.0,735.76,0.0,196.07,0.0,482.49,0.0,789.16,0.0,4008.09
,Iraq,,0.0,0.0,0.0,0.0,0.0,2244.96,0.0,930.15,0.0,543.81,0.0,161.78,0.0,0.0,0.0,0.0,0.0,0.0,0.0,3880.72
,kenya,,0.0,0.0,0.0,0.0,0.0,76.54,0.0,48.51,0.0,37.64,0.0,33.61,0.0,67.11,0.0,113.13,0.0,199.61,0.0,576.17
,Cambodia,,0.0,43.92,0.0,0.54,0.0,3.61,0.0,5.22,0.0,1.48,0.0,2.41,0.0,2.9,0.0,7.5,0.0,137.47,0.0,205.09
"Sweets, cookies and cereal preparations",,1000 USD,,64675.25,0.0,33883.11,0.0,61667.81,0.0,55884.13,0.0,60349.03,0.0,53197.92,0.0,60126.24,0.0,65819.69,0.0,63737.98,,519341.2
,Of which:,,,,,,,,,,,,,,,,,,,,,
,"China, PR ",,0.0,6481.81,0.0,3546.97,0.0,6433.06,0.0,6175.12,0.0,6721.09,0.0,5294.27,0.0,5402.23,0.0,6469.44,0.0,8020.81,0.0,54544.83
,United States,,0.0,5698.56,0.0,2693.23,0.0,6006.94,0.0,5332.08,0.0,5575.03,0.0,5832.5,0.0,6302.27,0.0,6935.57,0.0,7197.78,0.0,51573.99
,Cambodia,,0.0,5631.93,0.0,3449.69,0.0,5902.73,0.0,4112.87,0.0,4631.21,0.0,4548.78,0.0,5033.31,0.0,5375.45,0.0,5148.16,0.0,43834.18
,Japan,,0.0,4673.19,0.0,2194.45,0.0,3743.35,0.0,2922.24,0.0,4470.02,0.0,4169.57,0.0,4306.8,0.0,4548.46,0.0,4132.8,0.0,35160.92
,Korea,,0.0,4032.09,0.0,2908.72,0.0,3693.73,0.0,3657.27,0.0,3576.47,0.0,3299.87,0.0,3758.83,0.0,3906.22,0.0,3586.59,0.0,32419.83
,France,,0.0,2641.48,0.0,1386.92,0.0,2790.53,0.0,2742.45,0.0,2448.29,0.0,1974.03,0.0,2988.71,0.0,2778.31,0.0,2579.37,0.0,22330.12
,United Kingdom,,0.0,2495.54,0.0,1479.52,0.0,2005.48,0.0,1787.12,0.0,2112.15,0.0,2094.84,0.0,2861.45,0.0,3011.41,0.0,2832.51,0.0,20680.07
,FR. Germany,,0.0,4643.42,0.0,832.96,0.0,2167.3,0.0,2852.05,0.0,2012.71,0.0,1897.84,0.0,2003.87,0.0,2153.03,0.0,1733.51,0.0,20296.73
,Netherlands,,0.0,2284.83,0.0,1031.7,0.0,2114.12,0.0,2286.73,0.0,2068.48,0.0,2017.51,0.0,2564.62,0.0,2758.29,0.0,2093.11,0.0,19219.42
,Philippines,,0.0,2130.05,0.0,1229.05,0.0,1956.79,0.0,2367.83,0.0,2250.21,0.0,1544.06,0.0,1347.72,0.0,2425.66,0.0,2461.91,0.0,17713.32
,Australia,,0.0,1684.58,0.0,1021.92,0.0,1474.99,0.0,2142.59,0.0,2532.01,0.0,1813.8,0.0,2839.79,0.0,2501.94,0.0,1599.1,0.0,17610.74
,Taiwan,,0.0,2402.53,0.0,1377.35,0.0,2104.64,0.0,2011.84,0.0,2047.13,0.0,1719.08,0.0,1815.21,0.0,1602.91,0.0,1997.99,0.0,17078.72
,Thailand,,0.0,1550.72,0.0,758.8,0.0,1508.69,0.0,1476.91,0.0,1650.86,0.0,974.06,0.0,1739.7,0.0,2034.02,0.0,1944.2,0.0,13637.99
,Myanmar,,0.0,1675.59,0.0,707.8,0.0,1476.05,0.0,881.84,0.0,1291.76,0.0,897.97,0.0,1709.47,0.0,2184.96,0.0,1617.79,0.0,12443.26
,Lao PDR,,0.0,1106.18,0.0,693.67,0.0,1278.86,0.0,1484.53,0.0,1650.1,0.0,1374.51,0.0,1584.56,0.0,1431.52,0.0,1390.65,0.0,11994.6
,Russia Federation,,0.0,1290.37,0.0,901.18,0.0,1198.26,0.0,1243.05,0.0,1227.81,0.0,929.86,0.0,1068.71,0.0,2051.51,0.0,1538.32,0.0,11449.11
,Poland,,0.0,1535.4,0.0,420.39,0.0,1742.9,0.0,848.92,0.0,1363.76,0.0,1229.5,0.0,1196.14,0.0,1385.02,0.0,1697.13,0.0,11419.2
,Singapore ,,0.0,1273.45,0.0,710.85,0.0,918.88,0.0,1001.6,0.0,1048.34,0.0,996.32,0.0,1141.79,0.0,1299.92,0.0,1180.15,0.0,9571.34
,Indonesia,,0.0,1398.46,0.0,656.09,0.0,617.87,0.0,858.42,0.0,1111.63,0.0,1135.11,0.0,1052.46,0.0,1038.59,0.0,1643.77,0.0,9512.43
,United Arab Emirates,,0.0,837.27,0.0,379.78,0.0,896.04,0.0,988.99,0.0,1241.66,0.0,1398.76,0.0,1435.14,0.0,700.62,0.0,451.26,0.0,8329.54
,Malaysia,,0.0,1097.91,0.0,735.06,0.0,1302.78,0.0,972.65,0.0,1103.51,0.0,700.3,0.0,822.85,0.0,753.85,0.0,801.55,0.0,8290.51
,Canada,,0.0,1182.18,0.0,370.3,0.0,1084.42,0.0,953.97,0.0,776.71,0.0,681.91,0.0,952.13,0.0,1298.85,0.0,942.96,0.0,8243.46
,Hong Kong SAR (China) ,,0.0,562.23,0.0,475.83,0.0,750.18,0.0,423.05,0.0,488.97,0.0,445.7,0.0,542.7,0.0,780.02,0.0,478.06,0.0,4946.78
,South Africa,,0.0,287.47,0.0,170.83,0.0,417.25,0.0,264.41,0.0,211.53,0.0,326.62,0.0,160.75,0.0,379.41,0.0,612.86,0.0,2831.16
,Czech Republic,,0.0,269.65,0.0,161.46,0.0,343.36,0.0,327.52,0.0,245.43,0.0,233.14,0.0,334.65,0.0,474.63,0.0,339.92,0.0,2729.8
,Senegal,,0.0,0.0,0.0,0.0,0.0,774.23,0.0,275.3,0.0,237.73,0.0,347.88,0.0,180.37,0.0,153.36,0.0,199.14,0.0,2168.04
,Saudi Arabia,,0.0,378.75,0.0,137.9,0.0,243.25,0.0,228.67,0.0,300.85,0.0,79.99,0.0,346.45,0.0,216.67,0.0,92.29,0.0,2024.87
,India,,0.0,130.65,0.0,0.0,0.0,102.68,0.0,79.54,0.0,73.25,0.0,129.94,0.0,223.86,0.0,137.04,0.0,96.18,0.0,973.16
,Gana,,0.0,46.52,0.0,0.0,0.0,42.96,0.0,170.51,0.0,215.93,0.0,185.8,0.0,123.62,0.0,0.0,0.0,173.03,0.0,958.4
Chemical products,,1000 USD,,112778.62,0.0,70723.64,0.0,112988.38,0.0,105544.53,0.0,111929.19,0.0,114013.82,0.0,127553.93,0.0,116159.98,0.0,115765.94,,987458.07
,Of which:,,,,,,,,,,,,,,,,,,,,,
,"China, PR ",,0.0,10645.47,0.0,7565.95,0.0,15519.74,0.0,16730.9,0.0,17519.23,0.0,20167.72,0.0,30879.86,0.0,18929.67,0.0,18945.89,0.0,156904.45
,Japan,,0.0,17835.08,0.0,10529.6,0.0,13334.82,0.0,12802.44,0.0,12713.98,0.0,13028.7,0.0,13680.72,0.0,13161.6,0.0,12211.62,0.0,119298.6
,Malaysia,,0.0,6941.02,0.0,4596.96,0.0,6692.3,0.0,7875.62,0.0,6605.76,0.0,6540.67,0.0,7475.92,0.0,10919.81,0.0,8361.44,0.0,66009.55
,Korea,,0.0,7453.96,0.0,4305.17,0.0,7753.38,0.0,6371.45,0.0,5650.85,0.0,7141.24,0.0,9198.68,0.0,7893.02,0.0,7812.25,0.0,63580.05
,Cambodia,,0.0,7605.89,0.0,5026.37,0.0,7939.28,0.0,5575.27,0.0,8304.47,0.0,7529.29,0.0,8242.38,0.0,7619.96,0.0,5603.27,0.0,63446.21
,Thailand,,0.0,7690.06,0.0,3775.11,0.0,8417.08,0.0,6187.03,0.0,7747.74,0.0,6352.07,0.0,7018.55,0.0,7719.91,0.0,8006.68,0.0,62914.27
,India,,0.0,6659.69,0.0,4169.6,0.0,7747.36,0.0,6074.5,0.0,7342.47,0.0,8447.08,0.0,5664.08,0.0,5781.16,0.0,4962.01,0.0,56847.99
,Indonesia,,0.0,7648.61,0.0,4853.95,0.0,6633.01,0.0,5691.9,0.0,4328.74,0.0,6880.27,0.0,6256.82,0.0,6748.54,0.0,7163.48,0.0,56205.35
,Philippines,,0.0,7876.26,0.0,3559.01,0.0,6382.03,0.0,6231.51,0.0,5748.66,0.0,5786.47,0.0,5521.67,0.0,3300.03,0.0,3310.56,0.0,47716.22
,Australia,,0.0,2509.36,0.0,1055.4,0.0,2118.27,0.0,2106.32,0.0,2517.08,0.0,2003.15,0.0,2660.43,0.0,2694.5,0.0,11030.67,0.0,28695.22
,United States,,0.0,2586.26,0.0,1564.31,0.0,2868.16,0.0,2999.43,0.0,4189.63,0.0,3015.43,0.0,3452.41,0.0,2839.63,0.0,2177.19,0.0,25692.49
,Taiwan,,0.0,2175.93,0.0,1965.49,0.0,2989.84,0.0,2158.61,0.0,3078.02,0.0,2637.47,0.0,2616.85,0.0,2762.85,0.0,3200.93,0.0,23586.03
,Bangladesh,,0.0,0.0,0.0,0.0,0.0,4425.41,0.0,2167.11,0.0,2849.16,0.0,1493.2,0.0,2139.23,0.0,2516.79,0.0,2292.69,0.0,17883.61
,Myanmar,,0.0,0.0,0.0,0.0,0.0,4261.3,0.0,1733.48,0.0,1524.48,0.0,1609.78,0.0,1588.02,0.0,1940.98,0.0,1942.85,0.0,14600.92
,Singapore ,,0.0,1496.41,0.0,1086.07,0.0,1302.95,0.0,1320.97,0.0,1368.81,0.0,1161.18,0.0,1280.8,0.0,1299.27,0.0,1216.52,0.0,11533.01
,Saudi Arabia,,0.0,26.13,0.0,45.73,0.0,2784.13,0.0,1255.05,0.0,585.15,0.0,1036.04,0.0,1150.69,0.0,1165.09,0.0,529.94,0.0,8577.98
,Hong Kong SAR (China) ,,0.0,741.51,0.0,734.28,0.0,1013.31,0.0,994.98,0.0,836.6,0.0,995.6,0.0,1132.82,0.0,1125.96,0.0,928.11,0.0,8503.2
,Sri Lanka,,0.0,0.0,0.0,0.0,0.0,2260.56,0.0,697.8,0.0,563.31,0.0,833.69,0.0,791.27,0.0,925.5,0.0,565.52,0.0,6637.68
,Pakistan,,0.0,0.0,0.0,0.0,0.0,2188.1,0.0,714.2,0.0,708.74,0.0,594.61,0.0,707.11,0.0,569.1,0.0,572.06,0.0,6053.94
,South Africa,,0.0,575.56,0.0,504.47,0.0,682.18,0.0,712.51,0.0,503.0,0.0,563.97,0.0,632.35,0.0,814.61,0.0,693.56,0.0,5682.24
,FR. Germany,,0.0,787.08,0.0,502.77,0.0,902.39,0.0,575.6,0.0,470.86,0.0,599.61,0.0,442.76,0.0,626.44,0.0,249.12,0.0,5156.67
,Netherlands,,0.0,609.03,0.0,228.61,0.0,577.52,0.0,538.75,0.0,471.35,0.0,535.69,0.0,431.66,0.0,522.73,0.0,388.32,0.0,4303.68
,Algeria,,0.0,0.0,0.0,0.0,0.0,1263.72,0.0,486.42,0.0,703.61,0.0,495.9,0.0,488.22,0.0,317.17,0.0,274.78,0.0,4029.84
,Lao PDR,,0.0,0.0,0.0,0.0,0.0,1455.72,0.0,496.87,0.0,459.39,0.0,392.21,0.0,311.2,0.0,296.33,0.0,282.82,0.0,3694.57
,kenya,,0.0,0.0,0.0,0.0,0.0,434.33,0.0,44.52,0.0,158.32,0.0,423.14,0.0,236.82,0.0,266.86,0.0,275.25,0.0,1839.27
Coffee,,Ton,183693.0,324241.6,133455.0,227520.45,171500.0,298332.53,143298.0,243141.2,145812.0,236952.16,141280.0,237773.75,140737.0,241805.6,113286.0,195499.44,92252.0,168459.98,1265313.0,2173726.74
,Of which:,,,,,,,,,,,,,,,,,,,,,
,FR. Germany,,25918.0,43583.64,15290.0,24634.82,23811.0,38109.32,21254.0,33706.69,24457.0,35612.28,25450.0,38749.2,20924.0,32885.78,15493.0,23332.58,12665.0,18669.04,185262.0,289283.38
,United States,,18254.0,32444.08,12393.0,20809.23,18288.0,30894.65,16849.0,26265.67,13235.0,20215.0,10230.0,16390.63,8574.0,15415.89,8089.0,13596.76,5361.0,9914.87,111273.0,185946.81
,Italy,,17361.0,28602.4,12134.0,19772.51,15464.0,25262.16,12646.0,20144.04,12279.0,19008.15,11669.0,18193.83,9338.0,14861.49,7651.0,12072.96,8598.0,13725.95,107140.0,171643.53
,Spain  ,,17054.0,27650.15,7353.0,11982.35,12489.0,21634.61,9520.0,14713.89,10547.0,15390.95,10932.0,16557.31,13788.0,22449.05,10101.0,16393.55,7141.0,11427.22,98925.0,158199.11
,Philippines,,7298.0,15077.69,4097.0,10851.69,10839.0,23806.69,6709.0,15195.62,7283.0,16949.86,7356.0,16939.11,6117.0,15391.07,6254.0,14868.29,3917.0,9151.27,59870.0,138231.34
,Russia Federation,,13335.0,24483.64,5889.0,11361.11,6886.0,13740.88,6270.0,11841.7,6218.0,10792.88,7412.0,14043.76,8033.0,15807.15,7833.0,14129.26,6706.0,13647.51,68582.0,129847.93
,Japan,,12149.0,21988.21,5909.0,10406.31,8496.0,14625.86,6307.0,10947.04,8731.0,14097.35,9140.0,15198.01,8735.0,14446.34,7262.0,12235.61,6345.0,10843.22,73074.0,124788.0
,Belgium,,11082.0,18258.13,5719.0,9014.43,7241.0,11744.19,5005.0,7706.38,6590.0,9756.48,3675.0,5816.58,7485.0,11624.08,6639.0,10321.99,4837.0,7620.8,58273.0,91863.1
,Algeria,,6589.0,10558.22,4228.0,6945.6,5728.0,9461.69,6534.0,10676.94,7480.0,11828.41,6602.0,10485.05,6072.0,9592.71,3770.0,5872.89,3863.0,5795.48,50866.0,81217.04
,"China, PR ",,3705.0,8833.49,3219.0,7351.24,3844.0,7911.47,3225.0,7759.19,4169.0,9377.65,2344.0,5677.31,2812.0,5793.86,2687.0,6190.9,3108.0,9607.7,29113.0,68502.83
,United Kingdom,,6907.0,11371.04,4816.0,7771.31,4654.0,7535.95,3785.0,5583.1,3726.0,5689.63,4163.0,6272.28,3858.0,6385.99,3916.0,5939.2,2462.0,4111.89,38287.0,60660.41
,Thailand,,552.0,1740.34,282.0,989.71,1706.0,3425.67,3375.0,5535.59,5662.0,8857.0,5714.0,8739.45,7434.0,12179.31,6042.0,9780.61,3985.0,6641.16,34752.0,57888.87
,Malaysia,,5147.0,8321.44,3646.0,5871.2,4758.0,7867.34,2568.0,4328.21,2584.0,4216.15,5211.0,8199.75,3460.0,5254.5,2561.0,4316.11,1293.0,2347.16,31228.0,50721.9
,Korea,,3085.0,6485.0,3035.0,4768.14,2334.0,5801.49,2661.0,5032.55,3636.0,5307.21,1495.0,4328.87,3037.0,5801.65,2129.0,4197.59,2329.0,4676.25,23741.0,46398.78
,India,,4384.0,6068.05,1763.0,2540.39,3504.0,6600.68,3041.0,4251.04,3535.0,4571.86,4030.0,6121.62,3666.0,5123.24,2828.0,4939.11,2419.0,5627.3,29170.0,45843.33
,France,,3754.0,5970.92,2883.0,4428.79,4143.0,6382.26,3289.0,4945.54,3115.0,4534.85,1741.0,2659.32,3713.0,5571.52,2566.0,3867.31,2395.0,3526.78,27599.0,41887.34
,Indonesia,,2539.0,4757.49,1191.0,2251.76,2857.0,4897.96,3829.0,6258.66,257.0,510.15,3176.0,4954.94,2729.0,5180.85,2034.0,3313.48,1265.0,2227.57,19877.0,34352.88
,Australia,,1937.0,3753.8,257.0,567.64,2123.0,3816.17,2165.0,3661.71,1268.0,2042.23,2507.0,4479.69,1715.0,3266.05,1789.0,3255.97,999.0,1781.22,14760.0,26624.52
,Poland,,1189.0,2412.84,1383.0,2349.83,1217.0,2382.86,1092.0,2441.85,2059.0,4300.14,540.0,1434.98,884.0,1847.8,1239.0,2808.04,996.0,2484.63,10599.0,22463.0
,Portugal,,1680.0,2849.25,1480.0,2402.6,1528.0,2573.21,1128.0,1831.24,1207.0,1826.24,1665.0,2513.5,1106.0,1835.37,1616.0,2588.88,828.0,1354.25,12238.0,19774.57
,Greece,,1538.0,2521.08,620.0,996.86,831.0,1335.05,1276.0,2031.48,1160.0,1720.73,1169.0,1792.24,1150.0,1791.18,1299.0,2010.2,832.0,1241.12,9875.0,15439.97
,Ixraen,,615.0,1695.98,552.0,1374.11,810.0,1971.61,855.0,1835.23,683.0,1407.22,849.0,2240.59,524.0,1384.57,225.0,345.34,886.0,2440.43,5999.0,14695.11
,Netherlands,,1361.0,2399.03,365.0,639.52,1087.0,1867.7,624.0,1038.11,1037.0,1797.38,808.0,1377.22,799.0,1367.91,905.0,1662.36,711.0,1110.07,7697.0,13259.34
,Egypt,,1236.0,1999.41,715.0,1136.9,1498.0,2447.15,1544.0,2472.1,951.0,1376.9,947.0,1479.93,611.0,1012.18,211.0,334.63,161.0,269.51,7874.0,12528.75
,Mexico,,973.0,1592.74,790.0,1253.32,1542.0,2280.41,1250.0,1760.92,675.0,978.04,473.0,671.45,495.0,752.66,461.0,664.18,208.0,293.82,6867.0,10247.59
,Canada,,887.0,1603.73,404.0,762.44,512.0,913.31,381.0,656.96,702.0,1218.76,310.0,602.68,835.0,1398.76,576.0,1032.42,294.0,620.72,4901.0,8809.82
,Ukraine  ,,0.0,0.0,0.0,0.0,1382.0,2868.88,647.0,1246.56,303.0,675.96,488.0,975.94,432.0,1085.99,382.0,727.47,494.0,1044.0,4128.0,8624.83
,Lao PDR,,0.0,0.0,0.0,0.0,799.0,3697.1,244.0,1109.32,239.0,1120.25,154.0,731.62,120.0,571.87,94.0,385.7,25.0,121.69,1675.0,7737.59
,Chile,,0.0,0.0,0.0,0.0,1997.0,3417.85,101.0,192.64,36.0,53.6,400.0,692.28,298.0,632.87,223.0,368.07,106.0,314.53,3161.0,5671.87
,Romania,,466.0,1251.89,229.0,477.94,423.0,820.62,147.0,326.53,202.0,368.39,347.0,644.01,222.0,454.22,217.0,424.14,243.0,494.56,2496.0,5262.35
,Hungary,,0.0,0.0,0.0,0.0,371.0,2166.41,86.0,468.34,138.0,741.02,75.0,406.71,150.0,807.19,0.0,0.0,75.0,390.9,895.0,4980.59
,Myanmar,,0.0,0.0,0.0,0.0,30.0,101.71,313.0,1292.6,149.0,595.2,176.0,668.09,84.0,289.63,162.0,655.29,114.0,460.12,1028.0,4062.65
,South Africa,,906.0,1389.32,0.0,0.0,122.0,181.33,346.0,488.44,346.0,460.2,237.0,336.4,194.0,277.74,65.0,82.61,519.0,692.24,2735.0,3908.32
,Finland,,0.0,0.0,0.0,0.0,533.0,1334.46,198.0,329.61,174.0,374.33,241.0,462.08,172.0,346.18,121.0,188.61,212.0,394.12,1651.0,3429.41
,Singapore ,,88.0,341.61,71.0,192.27,57.0,164.97,74.0,350.1,54.0,154.22,106.0,337.87,54.0,226.06,67.0,235.47,40.0,166.72,611.0,2169.34
,Peru,,0.0,0.0,0.0,0.0,528.0,771.41,40.0,61.1,101.0,150.75,124.0,187.35,280.0,421.62,202.0,266.91,228.0,286.61,1503.0,2145.76
,New Zealand,,110.0,251.69,100.0,177.14,194.0,316.5,196.0,325.34,102.0,190.73,109.0,201.86,4.0,34.5,103.0,186.08,104.0,201.9,1022.0,1885.78
,Cambodia,,92.0,295.48,13.0,58.27,43.0,208.81,30.0,152.46,99.0,197.48,53.0,167.73,38.0,164.12,74.0,245.6,24.0,100.23,466.0,1590.21
,Denmark,,168.0,304.59,63.0,96.11,106.0,164.28,63.0,94.34,127.0,179.43,63.0,85.72,84.0,123.98,84.0,113.92,85.0,112.42,843.0,1274.83
Rubber,,Ton,157150.0,199780.57,79937.0,105665.09,103569.0,144555.43,74388.0,106879.02,76607.0,110497.86,122745.0,174452.54,167317.0,233665.16,180442.0,243329.67,149885.0,196238.28,1112040.0,1515063.66
,Of which:,,,,,,,,,,,,,,,,,,,,,
,"China, PR ",,104095.0,131630.7,49097.0,64398.19,65837.0,90945.77,50191.0,71070.8,49520.0,70260.8,68366.0,95594.89,111436.0,153209.73,125377.0,165834.2,102498.0,131830.87,726417.0,974775.99
,India,,13515.0,17785.67,7681.0,10615.77,8480.0,12082.32,4112.0,6055.84,4568.0,6783.64,13842.0,20708.01,14281.0,21352.05,13914.0,20662.39,13592.0,19208.43,93985.0,135254.17
,Korea,,4624.0,6180.43,2840.0,4072.86,3623.0,5371.96,2598.0,4001.42,3422.0,5103.42,3229.0,5061.83,4545.0,6574.71,4819.0,6788.17,4053.0,5555.19,33753.0,48710.02
,Malaysia,,3197.0,3888.46,1397.0,1810.78,739.0,995.71,732.0,1056.59,2801.0,3878.6,11558.0,15908.6,4779.0,6468.4,2900.0,3738.04,2116.0,2752.06,30219.0,40497.27
,United States,,3563.0,4224.59,2349.0,2849.98,2118.0,2893.72,1614.0,2374.25,1212.0,1756.78,2546.0,3656.24,4072.0,5675.81,2781.0,3850.22,2787.0,3583.14,23042.0,30864.78
,Taiwan,,1865.0,2492.06,1491.0,2019.4,3206.0,4653.6,1513.0,2290.06,1659.0,2533.51,2679.0,4142.21,1655.0,2570.49,3084.0,4620.48,3130.0,4405.39,20282.0,29727.25
,FR. Germany,,4460.0,5991.86,1941.0,2669.62,3324.0,4727.81,1555.0,2311.1,1376.0,2042.63,1748.0,2586.6,1986.0,2927.74,2224.0,3166.51,1808.0,2596.91,20422.0,29020.82
,Turkey,,2506.0,3148.39,1684.0,2254.79,1905.0,2712.65,1708.0,2533.69,1565.0,2254.13,1717.0,2332.44,2889.0,4213.23,3241.0,4430.03,2545.0,3316.61,19760.0,27195.98
,Indonesia,,1919.0,2557.12,696.0,944.06,958.0,1723.25,954.0,1475.93,520.0,900.58,2108.0,3361.11,1826.0,2801.02,2143.0,3455.88,946.0,1711.8,12070.0,18930.77
,Japan,,1050.0,1549.63,939.0,1405.3,682.0,1038.68,785.0,1279.27,720.0,1195.21,1043.0,1754.6,903.0,1512.98,1003.0,1608.54,993.0,1545.7,8118.0,12889.93
,Sri Lanka,,0.0,0.0,0.0,0.0,1631.0,2397.97,522.0,791.18,382.0,593.34,1397.0,2050.31,1929.0,2762.17,1493.0,2132.33,1139.0,1541.01,8493.0,12268.32
,Italy,,1559.0,1841.82,908.0,1063.91,1010.0,1307.92,679.0,900.43,504.0,777.2,1130.0,1437.95,967.0,1291.7,1309.0,1622.56,1086.0,1368.53,9152.0,11612.07
,Brazil,,884.0,911.76,683.0,675.7,1162.0,1273.11,703.0,916.26,421.0,490.08,1756.0,2016.29,1936.0,2234.51,1755.0,1772.26,1201.0,1320.47,10501.0,11610.48
,Spain  ,,1649.0,1994.12,522.0,568.47,831.0,1115.66,304.0,447.03,384.0,536.73,667.0,851.68,677.0,859.62,1770.0,2358.48,1147.0,1498.95,7951.0,10230.78
,Bangladesh,,0.0,0.0,0.0,0.0,1201.0,1762.57,661.0,1018.02,1021.0,1590.02,580.0,888.1,1203.0,1836.01,1133.0,1612.07,780.0,1084.78,6579.0,9791.59
,Netherlands,,2235.0,2406.23,788.0,1018.65,956.0,1205.48,371.0,489.72,103.0,162.51,902.0,1129.68,966.0,1355.39,489.0,694.71,846.0,1014.83,7656.0,9477.24
,Russia Federation,,515.0,675.99,349.0,494.07,806.0,1185.7,414.0,629.78,472.0,739.56,645.0,933.9,737.0,1024.04,1001.0,1270.23,790.0,1005.71,5729.0,7959.02
,Pakistan,,255.0,292.51,20.0,19.6,146.0,183.14,466.0,715.16,377.0,510.22,675.0,970.76,1278.0,1787.14,590.0,772.58,624.0,746.92,4431.0,5998.06
,Canada,,463.0,604.21,162.0,222.62,383.0,587.24,141.0,212.33,362.0,579.75,403.0,644.22,383.0,600.54,827.0,1191.27,423.0,581.42,3547.0,5223.64
,France,,262.0,366.02,282.0,422.22,504.0,746.51,121.0,186.72,424.0,679.86,344.0,544.93,283.0,439.59,405.0,611.18,142.0,206.4,2767.0,4203.47
,Mexico,,341.0,400.78,309.0,352.81,419.0,490.16,267.0,357.71,218.0,348.76,223.0,334.36,373.0,556.37,601.0,864.29,365.0,488.62,3116.0,4193.9
,Belgium,,827.0,759.49,624.0,570.24,532.0,541.57,0.0,0.0,40.0,61.32,165.0,197.81,482.0,511.94,509.0,495.46,421.0,413.83,3600.0,3551.69
,United Kingdom,,181.0,246.78,222.0,295.47,248.0,326.64,149.0,167.12,258.0,284.71,318.0,345.66,228.0,281.3,329.0,423.79,146.0,176.01,2079.0,2547.52
,Sweden,,302.0,397.65,323.0,418.52,101.0,144.08,161.0,239.7,161.0,237.08,20.0,29.63,202.0,297.66,101.0,139.91,302.0,395.33,1673.0,2299.58
,Finland,,242.0,344.11,403.0,576.57,0.0,0.0,20.0,30.94,0.0,0.0,303.0,457.12,100.0,154.72,121.0,180.83,202.0,297.86,1391.0,2042.19
,Hong Kong SAR (China) ,,200.0,260.9,80.0,110.61,199.0,281.74,182.0,246.8,139.0,208.36,119.0,181.24,158.0,228.59,141.0,199.03,80.0,104.8,1298.0,1822.09
,Argentina,,81.0,111.98,40.0,56.24,180.0,255.27,138.0,209.82,40.0,61.58,218.0,315.48,219.0,315.19,233.0,330.67,103.0,144.48,1252.0,1800.77
,Czech Republic,,403.0,521.86,101.0,142.12,20.0,29.63,20.0,31.65,20.0,30.63,82.0,114.99,0.0,0.0,141.0,219.25,0.0,0.0,787.0,1090.16
,Ukraine  ,,0.0,0.0,0.0,0.0,0.0,0.0,60.0,98.67,0.0,0.0,0.0,0.0,105.0,142.27,20.0,31.2,40.0,57.1,225.0,329.24
,Singapore ,,30.0,42.13,41.0,59.67,0.0,0.0,20.0,31.65,0.0,0.0,20.0,31.5,0.0,0.0,0.0,0.0,11.0,14.11,122.0,179.07
Plastic materials,,Ton,110381.0,127827.26,75552.0,85918.41,87775.0,102288.26,93700.0,111069.09,94741.0,106533.51,91814.0,104921.98,106621.0,115117.9,102580.0,109651.72,108299.0,111199.5,871463.0,974527.66
,Of which:,,,,,,,,,,,,,,,,,,,,,
,"China, PR ",,44239.0,44293.78,32606.0,33932.1,34122.0,34575.64,36995.0,39127.15,33655.0,31042.38,24632.0,24846.02,41523.0,37677.95,41741.0,35921.06,45470.0,38505.98,334983.0,319922.09
,Indonesia,,17281.0,20644.07,7761.0,9113.04,9541.0,12240.33,11267.0,14033.32,8605.0,10575.45,14955.0,17763.8,10406.0,12872.03,13680.0,17910.63,14276.0,18035.39,107772.0,133188.09
,Japan,,4352.0,5379.38,4634.0,5619.97,4361.0,5313.45,7847.0,9104.3,7855.0,9122.78,7251.0,8098.69,7275.0,7822.58,6867.0,7296.45,5936.0,6157.37,56378.0,63915.01
,Thailand,,3936.0,6000.22,2438.0,3821.97,3371.0,5129.01,3735.0,5590.21,4009.0,6156.78,2766.0,4257.99,4084.0,5554.53,2957.0,4243.97,2677.0,3995.85,29973.0,44750.57
,India,,967.0,1293.26,1302.0,1487.3,3445.0,3840.4,3076.0,3558.83,6359.0,7242.26,4511.0,5194.91,2639.0,3622.34,2748.0,3267.78,4307.0,4865.29,29354.0,34372.41
,Philippines,,1780.0,2085.37,1247.0,1454.28,1267.0,1559.68,1485.0,2032.43,1668.0,2043.18,1270.0,1682.59,4521.0,5414.6,5984.0,6713.2,7313.0,7888.92,26535.0,30874.29
,Malaysia,,2297.0,2945.72,1955.0,2418.76,3983.0,4789.71,3160.0,3796.33,2963.0,3540.13,2365.0,3029.37,2675.0,3473.47,2857.0,3295.92,2901.0,3263.11,25156.0,30552.55
,Bangladesh,,890.0,1075.24,1079.0,1309.57,1043.0,1422.15,1846.0,2249.03,3811.0,4433.17,1047.0,1377.96,975.0,1169.01,1556.0,1862.23,980.0,1237.25,13227.0,16135.66
,Taiwan,,572.0,1021.39,343.0,559.7,806.0,1235.32,678.0,1388.09,1306.0,2153.27,1011.0,1840.77,1075.0,2013.96,1295.0,2280.51,1476.0,2406.94,8562.0,14899.98
,Korea,,931.0,1654.05,592.0,939.81,1018.0,1680.5,1034.0,2138.71,691.0,1245.2,810.0,1254.91,954.0,1487.08,864.0,1665.72,850.0,2071.28,7744.0,14137.29
,Italy,,2131.0,2585.49,1638.0,1862.03,1463.0,1686.96,1430.0,1633.99,1000.0,1171.29,2438.0,2574.94,919.0,966.55,0.0,0.73,1782.0,1625.54,12801.0,14107.55
,Cambodia,,1530.0,1913.57,806.0,1149.87,1258.0,1677.24,468.0,768.17,1490.0,2009.89,1329.0,1967.47,1058.0,1339.82,1419.0,1827.61,866.0,1028.54,10224.0,13682.22
,Myanmar,,522.0,706.76,439.0,523.67,632.0,808.03,1023.0,1162.81,499.0,704.67,572.0,750.7,439.0,534.69,998.0,1113.67,456.0,553.75,5580.0,6858.78
,Australia,,348.0,485.63,234.0,385.63,256.0,365.93,305.0,463.01,116.0,164.01,287.0,412.47,292.0,397.14,1731.0,1783.58,1005.0,1078.17,4574.0,5535.62
,Sri Lanka,,0.0,0.0,0.0,0.0,1336.0,1619.24,172.0,244.13,604.0,682.86,516.0,625.46,584.0,658.98,430.0,490.86,694.0,774.94,4336.0,5096.49
,Portugal,,522.0,567.64,716.0,763.12,176.0,207.39,176.0,210.95,176.0,210.09,396.0,426.9,177.0,188.51,176.0,179.32,176.0,171.42,2691.0,2925.37
,Peru,,0.0,0.0,0.0,0.0,432.0,439.35,162.0,175.88,162.0,176.34,369.0,387.81,318.0,291.11,726.0,728.63,204.0,199.74,2373.0,2398.88
,Singapore ,,149.0,248.47,99.0,165.58,172.0,298.73,155.0,279.2,140.0,259.59,145.0,227.55,232.0,304.49,188.0,286.58,119.0,170.67,1399.0,2240.89
,Canada,,17.0,55.31,0.0,0.0,43.0,50.76,676.0,846.06,14.0,54.3,74.0,143.26,55.0,106.6,150.0,273.43,190.0,326.37,1219.0,1856.11
,Hong Kong SAR (China) ,,37.0,68.94,9.0,22.21,39.0,134.36,16.0,89.17,186.0,323.21,142.0,267.87,85.0,337.46,73.0,293.69,136.0,214.32,723.0,1751.26
,Nigeria,,0.0,0.0,0.0,0.0,368.0,563.62,95.0,140.62,89.0,115.9,209.0,216.33,111.0,144.15,330.0,328.81,111.0,125.46,1313.0,1634.91
,South Africa,,0.0,0.0,22.0,36.63,106.0,140.36,62.0,94.4,150.0,200.68,440.0,457.6,186.0,224.41,142.0,180.51,187.0,202.39,1295.0,1536.98
,Turkey,,16.0,25.76,32.0,62.8,0.0,0.0,16.0,51.68,57.0,121.24,357.0,391.86,16.0,15.45,16.0,23.83,28.0,49.64,538.0,742.28
,Côte d'lvoire,,66.0,72.18,42.0,48.72,160.0,135.16,64.0,28.8,28.0,41.58,0.0,0.0,0.0,0.0,0.0,0.0,0.0,0.0,360.0,326.45
Tea,,Ton,12001.0,21208.37,5377.0,8808.88,9277.0,16646.19,9389.0,15949.1,10651.0,18268.19,10494.0,18122.92,11756.0,22787.43,12375.0,22772.28,12721.0,20739.77,94041.0,165303.17
,Of which:,,,,,,,,,,,,,,,,,,,,,
,Pakistan,,4349.0,8333.87,1088.0,2038.12,2249.0,4306.41,2953.0,6193.99,3296.0,6720.89,3303.0,7019.04,4218.0,8725.75,4692.0,9436.11,4911.0,9531.78,31059.0,62306.0
,Taiwan,,1135.0,1761.45,943.0,1271.38,1335.0,2254.18,1409.0,2019.7,1729.0,2876.37,1967.0,3104.09,2085.0,3482.03,1867.0,2702.4,1438.0,2182.8,13908.0,21654.42
,"China, PR ",,582.0,2665.41,211.0,707.44,608.0,2281.84,600.0,1384.95,803.0,1701.26,641.0,1575.92,991.0,4473.63,679.0,3287.47,805.0,1957.49,5920.0,20035.45
,Russia Federation,,1613.0,2470.14,1059.0,1619.54,999.0,1579.51,846.0,1410.45,908.0,1350.24,1116.0,1625.75,1074.0,1531.76,1263.0,1752.85,1760.0,2549.34,10638.0,15889.61
,Indonesia,,1062.0,999.98,410.0,439.01,836.0,764.7,751.0,615.59,637.0,674.25,780.0,835.73,722.0,652.06,716.0,713.26,888.0,908.24,6802.0,6602.85
,United States,,471.0,574.31,412.0,504.54,420.0,569.23,237.0,317.67,529.0,655.59,604.0,755.59,599.0,750.9,801.0,984.64,350.0,397.68,4423.0,5510.18
,Iraq,,0.0,0.0,0.0,0.0,1251.0,1873.36,578.0,890.24,261.0,413.62,258.0,364.07,233.0,367.47,220.0,307.41,394.0,513.18,3195.0,4729.38
,Saudi Arabia,,273.0,671.47,124.0,319.9,234.0,604.72,100.0,286.48,249.0,635.05,95.0,248.75,2.0,8.39,143.0,355.77,250.0,625.5,1470.0,3756.07
,Malaysia,,235.0,181.7,259.0,215.13,336.0,260.24,537.0,414.17,401.0,297.02,356.0,250.25,255.0,198.38,278.0,221.18,371.0,304.6,3028.0,2342.72
,Philippines,,89.0,223.7,49.0,128.11,98.0,255.25,65.0,171.88,66.0,172.78,49.0,127.64,146.0,383.81,165.0,428.25,37.0,88.47,764.0,1979.92
,Ukraine  ,,151.0,254.22,62.0,97.35,163.0,269.96,88.0,147.09,60.0,93.41,137.0,221.69,67.0,108.99,245.0,436.22,105.0,182.46,1078.0,1811.42
,United Arab Emirates,,26.0,52.0,0.0,0.0,240.0,388.49,0.0,34.1,37.0,70.15,0.0,0.0,92.0,137.38,121.0,188.11,227.0,369.42,743.0,1239.68
,India,,52.0,81.77,18.0,28.39,84.0,115.74,84.0,135.64,246.0,361.49,95.0,111.43,32.0,68.85,78.0,103.46,23.0,18.64,712.0,1025.43
,Poland,,109.0,137.81,0.0,0.0,72.0,98.05,137.0,195.91,22.0,37.09,18.0,28.07,17.0,32.24,1.0,3.12,47.0,61.55,423.0,593.86
,FR. Germany,,0.0,0.0,15.0,99.32,5.0,25.96,1.0,1.59,15.0,49.62,3.0,7.0,29.0,96.84,15.0,123.4,40.0,167.12,123.0,570.87
,Turkey,,44.0,99.14,0.0,0.0,0.0,0.0,37.0,56.91,38.0,79.72,30.0,55.32,0.0,0.0,16.0,37.95,9.0,20.89,174.0,349.96
,Kuwait,,0.0,0.0,0.0,0.0,0.0,0.0,0.0,0.0,0.0,0.0,25.0,47.77,0.0,0.0,0.0,0.0,0.0,0.0,25.0,47.77
Clinkers and cement ,,Ton,2874154.0,123266.4,2303316.0,97843.65,3380101.0,143457.64,2784905.0,117131.97,2474355.0,108247.5,1782870.0,76875.98,2271384.0,92380.65,2866918.0,113577.87,2649458.0,105356.45,23387461.0,978138.15
,Of which:,,,,,,,,,,,,,,,,,,,,,
,"China, PR ",,623093.0,23930.68,1001236.0,39021.17,1263347.0,48833.35,1471430.0,58273.56,1248504.0,50200.34,705401.0,27934.58,665016.0,24072.33,1543750.0,55367.32,1189667.0,43605.68,9711444.0,371239.05
,Philippines,,778249.0,38967.32,428204.0,21949.24,820598.0,41156.57,397835.0,19797.78,502900.0,26322.45,387629.0,20277.71,296075.0,14782.94,355096.0,18346.64,258174.0,12937.42,4224760.0,214538.08
,Bangladesh,,770498.0,29863.77,217645.0,8682.63,426613.0,16505.14,87157.0,3336.2,3900.0,150.15,189884.0,7250.75,522901.0,19065.76,410469.0,15041.78,350058.0,12594.47,2979125.0,112490.68
,Taiwan,,186440.0,7574.3,78788.0,3161.04,164000.0,6574.09,79829.0,3102.61,117279.0,4582.66,122003.0,4835.08,170200.0,6665.97,52752.0,1906.11,76676.0,2861.73,1047967.0,41263.62
,Peru,,44000.0,2108.0,131890.0,6009.88,43974.0,2012.55,95110.0,4232.95,44052.0,2056.04,44010.0,2088.47,114100.0,5395.75,0.0,0.0,41590.0,1928.72,558726.0,25832.38
,Malaysia,,89316.0,3417.13,31932.0,1033.51,137298.0,5916.97,39195.0,1598.65,38574.0,1562.24,48103.0,1952.02,33007.0,1336.78,48507.0,1918.03,86345.0,3403.04,552277.0,22138.4
,Cambodia,,33130.0,1754.05,24328.0,1229.25,41309.0,2126.6,27342.0,1450.3,36809.0,1907.09,44407.0,2242.26,47404.0,2423.21,74600.0,3905.75,68598.0,3727.1,397927.0,20765.63
,Lao PDR,,17585.0,1322.87,10002.0,681.81,14433.0,1027.12,11466.0,923.31,13489.0,934.8,11826.0,677.28,12786.0,1519.78,7935.0,1383.81,6264.0,760.83,105786.0,9231.65
,Australia,,25738.0,1339.12,632.0,54.86,55605.0,2199.99,550.0,59.37,1103.0,94.13,733.0,53.97,994.0,98.66,1282.0,107.94,45163.0,2117.46,131800.0,6125.53
,Chile,,0.0,0.0,0.0,0.0,26633.0,1246.42,0.0,0.0,0.0,0.0,0.0,0.0,0.0,0.0,0.0,0.0,0.0,0.0,26633.0,1246.42
Electrical wire and cable,,1000 USD,,140854.18,0.0,83989.69,0.0,149736.59,0.0,145001.97,0.0,156480.29,0.0,148284.84,0.0,163773.67,0.0,203234.41,0.0,191441.19,,1382796.86
,Of which:,,,,,,,,,,,,,,,,,,,,,
,"China, PR ",,0.0,31034.81,0.0,19411.31,0.0,43094.4,0.0,34126.07,0.0,39978.41,0.0,40256.94,0.0,37656.58,0.0,68508.4,0.0,74591.88,0.0,388658.85
,United States,,0.0,19011.67,0.0,9880.72,0.0,16567.08,0.0,22812.13,0.0,24228.19,0.0,27097.62,0.0,30799.35,0.0,38074.39,0.0,36479.87,0.0,224951.04
,Japan,,0.0,28239.32,0.0,17421.33,0.0,24356.91,0.0,24638.63,0.0,29099.48,0.0,20964.77,0.0,26548.09,0.0,28165.51,0.0,24939.65,0.0,224373.72
,Korea,,0.0,15173.06,0.0,8999.57,0.0,14832.23,0.0,15137.93,0.0,15985.57,0.0,14740.37,0.0,15061.0,0.0,14919.44,0.0,12968.7,0.0,127817.89
,Singapore ,,0.0,7972.6,0.0,7021.62,0.0,6535.63,0.0,8386.25,0.0,6520.2,0.0,5261.88,0.0,11314.3,0.0,5414.64,0.0,5277.86,0.0,63705.03
,Thailand,,0.0,5823.13,0.0,3269.39,0.0,4383.48,0.0,4786.83,0.0,4817.7,0.0,4215.23,0.0,5205.06,0.0,5730.75,0.0,4639.03,0.0,42870.63
,Myanmar,,0.0,0.0,0.0,0.0,0.0,15353.35,0.0,5467.09,0.0,5333.82,0.0,4134.15,0.0,3062.95,0.0,3250.83,0.0,1654.71,0.0,38256.92
,Cambodia,,0.0,2862.5,0.0,1912.79,0.0,2471.56,0.0,5135.69,0.0,4012.72,0.0,4083.43,0.0,5324.77,0.0,6190.19,0.0,3559.82,0.0,35553.5
,Hong Kong SAR (China) ,,0.0,2965.7,0.0,1992.12,0.0,2347.31,0.0,2213.16,0.0,3306.11,0.0,4355.91,0.0,4294.79,0.0,3854.37,0.0,3386.45,0.0,28715.95
,Philippines,,0.0,2027.94,0.0,911.88,0.0,4204.47,0.0,3243.89,0.0,2695.03,0.0,2712.74,0.0,2844.29,0.0,3351.92,0.0,1869.34,0.0,23861.55
,Indonesia,,0.0,2940.48,0.0,1025.51,0.0,2818.28,0.0,1438.59,0.0,957.36,0.0,1080.61,0.0,1028.3,0.0,3551.8,0.0,1551.59,0.0,16392.55
,United Kingdom,,0.0,256.59,0.0,90.61,0.0,1981.83,0.0,1807.16,0.0,2869.34,0.0,1716.39,0.0,2847.5,0.0,266.35,0.0,444.96,0.0,12280.76
,Malaysia,,0.0,1233.9,0.0,867.5,0.0,949.76,0.0,1026.81,0.0,836.38,0.0,1385.38,0.0,1074.16,0.0,1177.24,0.0,943.77,0.0,9494.94
,Australia,,0.0,1138.91,0.0,538.1,0.0,1063.03,0.0,732.11,0.0,732.62,0.0,842.34,0.0,838.82,0.0,952.41,0.0,1285.78,0.0,8124.16
,Denmark,,0.0,0.0,0.0,0.0,0.0,2572.36,0.0,350.15,0.0,480.28,0.0,393.66,0.0,351.09,0.0,454.0,0.0,718.34,0.0,5319.9
,Lao PDR,,0.0,429.97,0.0,321.48,0.0,640.62,0.0,206.66,0.0,497.99,0.0,838.76,0.0,1176.28,0.0,290.58,0.0,502.34,0.0,4904.7
,France,,0.0,540.8,0.0,220.23,0.0,514.94,0.0,745.56,0.0,506.21,0.0,782.31,0.0,317.48,0.0,723.68,0.0,426.45,0.0,4777.69
,Taiwan,,0.0,960.02,0.0,223.3,0.0,462.14,0.0,398.92,0.0,527.93,0.0,529.94,0.0,562.75,0.0,482.01,0.0,402.44,0.0,4549.49
,Mozambique,,0.0,0.0,0.0,0.0,0.0,763.89,0.0,1298.0,0.0,12.24,0.0,14.79,0.0,12.86,0.0,1.98,0.0,368.51,0.0,2472.29
Crude oil,,Ton,479397.28,222343.51,226012.28,104377.94,413343.28,221158.0,216509.28,119624.92,341754.28,194814.5,317358.28,183757.84,312241.28,152619.03,426586.0,194223.29,166870.0,89670.71,2900072.0,1482589.78
,Of which:,,,,,,,,,,,,,,,,,,,,,
,"China, PR ",,192676.0,86725.11,109007.0,52977.33,195071.0,99829.25,145600.0,83159.52,30260.0,21461.06,32314.0,22025.52,67207.0,28632.37,80262.0,35559.04,39922.0,20898.86,892319.0,451268.08
,Thailand,,199349.0,94345.68,0.0,0.0,118079.0,66314.67,0.0,0.0,38645.0,22500.31,37167.0,19456.22,37185.0,19364.55,73775.0,33319.25,0.0,0.0,504200.0,255300.69
,Japan,,43891.0,22062.81,0.0,0.0,45692.0,22656.34,0.0,0.0,118767.0,65301.73,90938.0,54197.43,68679.0,34696.98,77135.0,29558.95,38410.0,22507.34,483512.0,250981.59
,Singapore ,,0.0,0.0,38367.0,20119.03,0.0,0.0,0.0,0.0,110659.0,61237.56,52368.0,28068.79,0.0,0.0,90742.0,45552.98,26315.0,12135.63,318451.0,167114.01
,Malaysia,,41447.0,19183.32,52015.0,23029.96,31618.0,18473.53,3086.0,1311.08,0.0,0.0,79755.0,44923.73,32637.0,18332.32,32785.0,16438.98,39165.0,18834.02,312508.0,160526.97
,Korea,,0.0,0.0,0.0,0.0,0.0,0.0,39474.0,20904.16,41246.0,23741.67,0.0,0.0,0.0,0.0,32894.0,14659.67,0.0,0.0,113614.0,59305.51
,Australia,,0.0,0.0,0.0,0.0,0.0,0.0,26315.0,14223.57,143.0,545.56,0.0,0.0,37055.0,19687.52,38993.0,19134.42,0.0,0.0,102506.0,53591.08
"Toys, games and sports requisites; parts and accessories thereof",,1000 USD,,126683.96,0.0,61483.58,0.0,100494.2,0.0,112710.51,0.0,126120.43,0.0,137779.4,0.0,159885.86,0.0,217247.94,0.0,215738.09,,1258143.99
,Of which:,,,,,,,,,,,,,,,,,,,,,
,United States,,0.0,49759.1,0.0,22972.27,0.0,32907.64,0.0,40737.56,0.0,44716.97,0.0,55578.87,0.0,66893.37,0.0,106818.75,0.0,121927.29,0.0,542311.86
,Japan,,0.0,24389.96,0.0,12134.43,0.0,25790.05,0.0,24532.48,0.0,26228.0,0.0,28105.26,0.0,26600.14,0.0,32302.99,0.0,30010.65,0.0,230094.0
,United Kingdom,,0.0,7074.99,0.0,2458.22,0.0,4744.17,0.0,5062.05,0.0,7322.87,0.0,7056.37,0.0,9795.31,0.0,12375.46,0.0,9379.0,0.0,65268.48
,Netherlands,,0.0,4127.31,0.0,1569.18,0.0,3146.7,0.0,2405.99,0.0,3393.62,0.0,4376.56,0.0,7076.92,0.0,10763.47,0.0,7388.25,0.0,44248.04
,FR. Germany,,0.0,3625.67,0.0,2709.13,0.0,4602.52,0.0,5228.01,0.0,5023.83,0.0,4737.73,0.0,6220.83,0.0,6449.26,0.0,4793.6,0.0,43390.6
,"China, PR ",,0.0,3451.76,0.0,3139.82,0.0,3473.03,0.0,4012.11,0.0,4772.04,0.0,4655.44,0.0,3658.71,0.0,4646.62,0.0,5050.98,0.0,36860.54
,Mexico,,0.0,3232.38,0.0,1661.0,0.0,3187.26,0.0,3369.53,0.0,2864.22,0.0,4264.81,0.0,4011.87,0.0,5659.72,0.0,4171.79,0.0,32422.62
,Canada,,0.0,4126.81,0.0,2901.7,0.0,2566.6,0.0,3273.96,0.0,3045.24,0.0,3606.5,0.0,3572.01,0.0,3785.27,0.0,3669.02,0.0,30547.15
,Australia,,0.0,3850.83,0.0,1593.05,0.0,2291.24,0.0,2265.76,0.0,3043.72,0.0,2846.52,0.0,3486.56,0.0,4252.03,0.0,4264.33,0.0,27894.08
,Korea,,0.0,3183.45,0.0,1279.42,0.0,2925.56,0.0,3576.55,0.0,3514.52,0.0,3755.48,0.0,3120.8,0.0,2994.02,0.0,2278.57,0.0,26628.4
,Belgium,,0.0,2791.25,0.0,922.05,0.0,1727.05,0.0,3180.46,0.0,3634.5,0.0,2243.49,0.0,3877.06,0.0,3317.79,0.0,2868.18,0.0,24561.86
,Hong Kong SAR (China) ,,0.0,2278.91,0.0,1484.01,0.0,1766.11,0.0,1850.25,0.0,2563.86,0.0,1569.8,0.0,2556.18,0.0,1907.82,0.0,2407.2,0.0,18384.18
,France,,0.0,2333.38,0.0,995.36,0.0,1503.29,0.0,1352.1,0.0,1905.61,0.0,1480.82,0.0,1639.76,0.0,3032.05,0.0,2365.94,0.0,16608.35
,Italy,,0.0,1889.14,0.0,575.87,0.0,885.47,0.0,1200.22,0.0,1614.83,0.0,1415.63,0.0,1872.57,0.0,1855.58,0.0,2079.47,0.0,13388.81
,Russia Federation,,0.0,384.46,0.0,180.4,0.0,355.89,0.0,591.67,0.0,461.64,0.0,872.15,0.0,2292.99,0.0,3028.87,0.0,1090.06,0.0,9258.15
,Brazil,,0.0,1060.36,0.0,244.89,0.0,390.36,0.0,1251.85,0.0,2384.0,0.0,1070.0,0.0,1348.43,0.0,768.21,0.0,645.04,0.0,9163.17
,Spain  ,,0.0,881.1,0.0,458.76,0.0,487.4,0.0,956.38,0.0,1160.28,0.0,1164.98,0.0,1021.37,0.0,1037.66,0.0,1412.94,0.0,8580.89
,Taiwan,,0.0,642.38,0.0,542.93,0.0,454.61,0.0,767.4,0.0,803.89,0.0,823.83,0.0,1013.47,0.0,1692.78,0.0,890.6,0.0,7631.93
,Sweden,,0.0,1852.64,0.0,513.73,0.0,670.97,0.0,490.21,0.0,1177.13,0.0,543.91,0.0,660.77,0.0,705.6,0.0,421.7,0.0,7036.7
,Denmark,,0.0,474.48,0.0,64.41,0.0,589.41,0.0,735.59,0.0,571.2,0.0,821.77,0.0,1351.58,0.0,683.12,0.0,456.31,0.0,5747.9
,Malaysia,,0.0,520.33,0.0,262.29,0.0,393.58,0.0,762.36,0.0,590.71,0.0,468.37,0.0,575.3,0.0,345.64,0.0,411.02,0.0,4329.63
,Singapore ,,0.0,342.9,0.0,351.57,0.0,486.6,0.0,305.2,0.0,394.58,0.0,485.77,0.0,512.08,0.0,502.31,0.0,606.84,0.0,3987.9
Rice,,Ton,437552.0,195310.35,274207.0,116283.5,693694.0,298378.58,682380.0,283342.4,672053.0,291187.42,596326.0,264207.25,596888.0,260978.84,628726.0,283836.7,478611.0,210778.03,5060437.0,2204303.09
,Of which:,,,,,,,,,,,,,,,,,,,,,
,Philippines,,222794.0,91199.34,92057.0,34118.99,234582.0,90520.97,265051.0,104658.48,249592.0,102842.45,155000.0,64313.36,243545.0,101697.01,301863.0,131038.86,121607.0,53392.55,1886091.0,773782.04
,"China, PR ",,8296.0,3893.74,1238.0,607.88,33724.0,16309.43,75226.0,37318.88,104594.0,53204.18,65639.0,33934.64,29429.0,14177.18,29374.0,14290.36,40287.0,19144.25,387807.0,192880.56
,Côte d'lvoire,,21273.0,10149.53,43950.0,20656.52,59003.0,25237.7,23104.0,9482.22,50208.0,21698.79,59818.0,23922.36,86839.0,35972.82,11290.0,4820.75,72277.0,30638.7,427762.0,182579.42
,Malaysia,,13409.0,7618.53,24543.0,9984.23,64646.0,24521.73,106859.0,39722.58,111622.0,41093.69,40031.0,15639.23,26383.0,10789.01,25618.0,11065.24,30375.0,14532.19,443486.0,174966.46
,Gana,,16575.0,8633.05,15322.0,7632.1,30326.0,14793.19,26227.0,12026.72,25867.0,12235.83,51413.0,23564.48,37734.0,19289.07,44018.0,22106.02,43372.0,21795.04,290854.0,142075.52
,Iraq,,0.0,0.0,0.0,0.0,120000.0,59160.0,0.0,0.0,75.0,31.5,60000.0,31740.0,30000.0,15870.0,60000.0,31740.0,25.0,27.74,270100.0,138569.24
,Hong Kong SAR (China) ,,29239.0,13826.66,5774.0,3245.39,8780.0,4678.48,7612.0,4033.73,8943.0,4587.03,8672.0,4568.04,7544.0,3879.63,8505.0,4601.93,9568.0,5214.05,94637.0,48634.98
,Singapore ,,6832.0,3865.18,5981.0,3247.64,8180.0,4146.96,5863.0,3485.95,8210.0,4452.96,8260.0,4338.22,8238.0,4217.02,8640.0,4647.53,8153.0,4219.62,68357.0,36621.11
,United Arab Emirates,,6057.0,3289.43,1635.0,889.42,4843.0,2547.9,4463.0,2432.48,4337.0,2219.86,2730.0,1430.68,3396.0,1740.69,3891.0,2018.47,4244.0,2174.23,35596.0,18743.18
,Senegal,,356.0,170.07,0.0,0.0,235.0,129.95,0.0,0.0,500.0,230.0,352.0,213.96,0.0,0.0,10728.0,3472.58,41535.0,12689.07,53706.0,16905.64
,Mozambique,,0.0,0.0,0.0,0.0,11144.0,5171.8,4939.0,2126.53,5979.0,2597.53,3151.0,1680.39,570.0,307.7,4507.0,2254.18,5584.0,2757.63,35874.0,16895.78
,Indonesia,,1450.0,659.62,2200.0,1054.6,5500.0,2441.6,3008.0,1257.67,3000.0,1375.0,5900.0,2548.62,3575.0,1576.8,3300.0,1406.9,1606.0,719.8,29539.0,13040.62
,Saudi Arabia,,0.0,0.0,0.0,0.0,7661.0,4243.11,1833.0,968.92,3301.0,1760.88,2735.0,1527.06,2862.0,1545.96,2640.0,1464.21,2911.0,1517.78,23943.0,13027.95
,Tazania,,0.0,0.0,0.0,0.0,4122.0,2165.33,1025.0,513.46,1402.0,749.29,2480.0,1341.45,2949.0,1666.77,2874.0,1718.87,1306.0,770.27,16158.0,8925.47
,Australia,,1396.0,945.41,645.0,400.42,1191.0,790.78,1062.0,683.26,1078.0,662.74,1606.0,987.78,2785.0,1738.99,2792.0,1701.7,1153.0,712.44,13708.0,8623.56
,Taiwan,,509.0,249.84,174.0,79.64,1418.0,653.62,2485.0,1128.59,2588.0,1170.71,4504.0,1956.2,1467.0,732.04,3247.0,1562.44,1928.0,1006.62,18320.0,8539.73
,United States,,1115.0,742.5,445.0,308.35,2059.0,1292.43,1365.0,988.14,1094.0,782.08,1260.0,776.48,1607.0,1089.99,1796.0,1173.81,1699.0,1104.42,12440.0,8258.24
,Russia Federation,,67.0,37.54,758.0,395.19,4512.0,1781.22,2262.0,847.78,1001.0,431.72,2834.0,1254.27,2526.0,1017.56,3435.0,1408.43,2673.0,1082.6,20068.0,8256.34
,Angola,,345.0,137.83,1014.0,372.13,4847.0,1728.36,3653.0,1294.8,50.0,26.59,367.0,162.53,178.0,78.29,327.0,203.9,2678.0,1045.01,13459.0,5049.49
,Poland,,117.0,70.61,557.0,284.84,267.0,145.71,318.0,163.17,1104.0,600.42,514.0,289.29,1769.0,896.12,747.0,392.04,1646.0,811.83,7039.0,3654.05
,Algeria,,50.0,31.75,1800.0,743.18,750.0,295.25,286.0,104.39,52.0,33.81,275.0,100.37,1500.0,614.5,1250.0,505.25,3062.0,1188.33,9025.0,3616.84
,South Africa,,399.0,217.6,477.0,248.55,388.0,204.38,451.0,225.97,396.0,186.07,635.0,310.32,393.0,196.84,3545.0,1632.61,684.0,368.98,7368.0,3591.35
,Brunei,,673.0,291.66,650.0,266.75,1300.0,514.25,650.0,263.5,672.0,294.01,1300.0,552.6,650.0,263.45,1323.0,554.16,650.0,265.65,7868.0,3266.03
,Netherlands,,543.0,273.4,300.0,143.82,496.0,265.04,418.0,216.06,1009.0,561.32,594.0,281.49,670.0,331.78,627.0,299.27,239.0,166.83,4896.0,2539.05
,Bangladesh,,101.0,61.52,25.0,14.62,73.0,43.53,100.0,52.15,123.0,73.89,100.0,52.12,4393.0,1476.16,74.0,44.48,50.0,22.75,5039.0,1841.25
,Belgium,,0.0,0.0,0.0,0.0,0.0,0.0,250.0,184.25,126.0,150.5,180.0,96.52,0.0,0.0,240.0,125.4,482.0,326.28,1278.0,882.96
,Ukraine  ,,226.0,139.45,0.0,0.0,202.0,121.32,150.0,88.94,95.0,60.53,199.0,87.69,297.0,126.03,99.0,62.21,410.0,188.21,1678.0,874.41
,France,,98.0,51.46,0.0,0.0,280.0,150.8,160.0,95.51,188.0,109.17,159.0,89.81,40.0,21.6,115.0,61.87,276.0,179.73,1316.0,759.96
,Turkey,,75.0,42.67,50.0,25.5,250.0,121.75,102.0,46.95,519.0,185.62,50.0,27.49,45.0,41.28,145.0,86.22,25.0,14.19,1261.0,591.68
,Chile,,0.0,0.0,0.0,0.0,71.0,53.65,0.0,0.0,300.0,134.3,48.0,34.48,385.0,178.75,300.0,132.3,48.0,34.48,1152.0,567.98
,Spain  ,,100.0,45.56,0.0,0.0,0.0,0.0,47.0,23.59,97.0,44.07,26.0,12.48,101.0,46.58,50.0,22.6,241.0,112.94,662.0,307.85
Wood and wooden products ,,1000 USD,,981078.52,0.0,405938.64,0.0,882981.04,0.0,849213.35,0.0,898106.17,0.0,803304.14,0.0,866261.41,0.0,926790.07,0.0,909315.39,,7522988.78
,Of which:,,,,,,,,,,,,,,,,,,,,,
,United States,,0.0,474674.94,0.0,161724.35,0.0,393718.76,0.0,385984.41,0.0,422929.88,0.0,409997.11,0.0,452956.06,0.0,482871.36,0.0,463822.33,0.0,3648679.23
,Japan,,0.0,115535.91,0.0,66905.24,0.0,122797.78,0.0,108911.67,0.0,111413.67,0.0,106846.51,0.0,103313.53,0.0,137155.96,0.0,98495.47,0.0,971375.78
,"China, PR ",,0.0,93285.48,0.0,58273.8,0.0,101696.71,0.0,111540.83,0.0,104968.28,0.0,73755.89,0.0,98367.91,0.0,102597.13,0.0,97995.88,0.0,842481.93
,Korea,,0.0,86484.84,0.0,38573.51,0.0,75598.81,0.0,68151.75,0.0,78465.91,0.0,68024.46,0.0,65164.5,0.0,57475.61,0.0,61592.48,0.0,599531.91
,United Kingdom,,0.0,35850.26,0.0,11106.59,0.0,30783.56,0.0,30290.29,0.0,26892.88,0.0,25499.5,0.0,26817.37,0.0,25915.53,0.0,22487.61,0.0,235643.62
,Canada,,0.0,18019.46,0.0,6411.45,0.0,12907.78,0.0,12475.19,0.0,15099.39,0.0,15644.54,0.0,15426.68,0.0,17388.6,0.0,15214.27,0.0,128587.38
,Australia,,0.0,16558.04,0.0,5638.85,0.0,11271.74,0.0,11497.14,0.0,10694.26,0.0,11839.97,0.0,12253.27,0.0,14928.06,0.0,14295.0,0.0,108976.36
,France,,0.0,16335.85,0.0,4263.57,0.0,12094.55,0.0,10177.77,0.0,11523.79,0.0,8878.53,0.0,9180.73,0.0,8849.25,0.0,8730.9,0.0,90034.98
,FR. Germany,,0.0,18047.05,0.0,5947.45,0.0,15649.32,0.0,10474.26,0.0,7758.13,0.0,4619.82,0.0,4642.68,0.0,5871.1,0.0,7651.13,0.0,80660.97
,Taiwan,,0.0,7904.45,0.0,1899.36,0.0,5118.8,0.0,7399.6,0.0,10691.01,0.0,7190.46,0.0,7357.12,0.0,4891.18,0.0,5762.41,0.0,58214.42
,Netherlands,,0.0,11609.58,0.0,4776.58,0.0,8965.7,0.0,7059.71,0.0,5557.95,0.0,4438.94,0.0,4339.65,0.0,4018.53,0.0,3999.06,0.0,54765.73
,Malaysia,,0.0,5675.35,0.0,5694.28,0.0,6429.0,0.0,6264.96,0.0,6143.62,0.0,5445.73,0.0,5983.42,0.0,5020.95,0.0,5076.32,0.0,51733.67
,Lao PDR,,0.0,0.0,0.0,0.0,0.0,13407.87,0.0,5424.31,0.0,6078.13,0.0,4704.82,0.0,5620.14,0.0,2801.57,0.0,2353.45,0.0,40390.33
,Belgium,,0.0,4299.06,0.0,1741.1,0.0,5012.57,0.0,3755.88,0.0,3331.27,0.0,2996.06,0.0,2950.2,0.0,2859.93,0.0,2984.73,0.0,29930.83
,Saudi Arabia,,0.0,2838.55,0.0,1781.91,0.0,3790.49,0.0,4005.01,0.0,4944.04,0.0,2641.88,0.0,3383.03,0.0,3529.34,0.0,2827.82,0.0,29742.1
,Thailand,,0.0,4573.1,0.0,619.43,0.0,3137.6,0.0,2533.6,0.0,3282.0,0.0,2953.06,0.0,3611.41,0.0,4091.31,0.0,3207.93,0.0,28009.48
,India,,0.0,3486.9,0.0,1457.74,0.0,3564.47,0.0,3045.26,0.0,3176.65,0.0,2859.07,0.0,3299.4,0.0,3893.74,0.0,2546.57,0.0,27329.83
,Spain  ,,0.0,3724.5,0.0,1793.62,0.0,4358.11,0.0,3132.62,0.0,2849.63,0.0,1907.99,0.0,1785.21,0.0,2153.72,0.0,1827.79,0.0,23533.22
,Italy,,0.0,4445.83,0.0,1971.44,0.0,4142.31,0.0,3562.66,0.0,1971.22,0.0,983.85,0.0,974.63,0.0,1855.61,0.0,1900.75,0.0,21808.35
,Singapore ,,0.0,3231.9,0.0,891.66,0.0,1578.06,0.0,3531.64,0.0,3526.05,0.0,1313.12,0.0,3371.21,0.0,1690.81,0.0,1096.3,0.0,20230.79
,Sweden,,0.0,4366.7,0.0,1424.99,0.0,4056.25,0.0,2318.08,0.0,2166.01,0.0,1034.71,0.0,1019.32,0.0,1958.49,0.0,1697.13,0.0,20041.71
,Denmark,,0.0,4136.78,0.0,1426.73,0.0,2557.92,0.0,2271.68,0.0,1993.77,0.0,1990.16,0.0,1897.05,0.0,1605.85,0.0,2068.73,0.0,19948.7
,United Arab Emirates,,0.0,4258.02,0.0,886.52,0.0,1780.44,0.0,2074.13,0.0,2174.17,0.0,1618.78,0.0,1928.41,0.0,1835.67,0.0,1790.29,0.0,18346.45
,New Zealand,,0.0,2005.96,0.0,725.95,0.0,1673.09,0.0,1682.44,0.0,1821.22,0.0,1848.49,0.0,2524.42,0.0,2551.81,0.0,2616.16,0.0,17449.58
,Poland,,0.0,3273.61,0.0,1166.67,0.0,2986.08,0.0,1611.17,0.0,1709.3,0.0,525.0,0.0,806.66,0.0,1276.18,0.0,1367.14,0.0,14721.85
,Mexico,,0.0,1590.97,0.0,482.17,0.0,1177.52,0.0,1648.91,0.0,1719.71,0.0,1217.21,0.0,2068.09,0.0,1788.97,0.0,2086.47,0.0,13780.07
,Chile,,0.0,0.0,0.0,0.0,0.0,3487.29,0.0,1437.6,0.0,952.51,0.0,1844.76,0.0,2379.1,0.0,1643.45,0.0,1246.59,0.0,12991.33
,South Africa,,0.0,1207.78,0.0,157.62,0.0,1151.52,0.0,836.75,0.0,732.63,0.0,932.35,0.0,875.78,0.0,936.36,0.0,988.73,0.0,7819.55
,Cambodia,,0.0,596.42,0.0,235.64,0.0,547.37,0.0,544.99,0.0,919.38,0.0,959.27,0.0,854.85,0.0,1229.17,0.0,594.61,0.0,6481.72
,Kuwait,,0.0,410.08,0.0,255.25,0.0,394.64,0.0,1032.59,0.0,740.71,0.0,1023.38,0.0,593.89,0.0,795.67,0.0,301.37,0.0,5547.62
,Russia Federation,,0.0,1016.87,0.0,245.75,0.0,507.63,0.0,388.87,0.0,494.87,0.0,259.26,0.0,332.48,0.0,313.38,0.0,184.98,0.0,3744.12
,Greece,,0.0,1277.65,0.0,415.2,0.0,590.08,0.0,357.87,0.0,247.89,0.0,90.13,0.0,117.39,0.0,73.77,0.0,35.72,0.0,3205.73
,Hong Kong SAR (China) ,,0.0,460.16,0.0,259.02,0.0,315.91,0.0,281.18,0.0,394.84,0.0,302.09,0.0,379.42,0.0,397.47,0.0,303.44,0.0,3093.55
,Norway,,0.0,693.67,0.0,218.15,0.0,359.37,0.0,352.33,0.0,328.47,0.0,228.93,0.0,198.74,0.0,367.22,0.0,206.34,0.0,2953.27
,Portugal,,0.0,1032.82,0.0,222.81,0.0,454.61,0.0,125.36,0.0,91.44,0.0,67.23,0.0,53.09,0.0,47.57,0.0,148.22,0.0,2243.18
,Turkey,,0.0,469.1,0.0,28.57,0.0,377.65,0.0,228.29,0.0,248.81,0.0,159.42,0.0,246.04,0.0,113.28,0.0,31.78,0.0,1902.98
,Czech Republic,,0.0,117.11,0.0,110.84,0.0,298.62,0.0,306.77,0.0,67.71,0.0,179.98,0.0,205.62,0.0,121.59,0.0,80.63,0.0,1488.89
,Austria,,0.0,402.43,0.0,53.46,0.0,198.59,0.0,51.58,0.0,100.75,0.0,69.27,0.0,72.44,0.0,178.56,0.0,136.6,0.0,1263.73
,Switzerland,,0.0,362.53,0.0,275.13,0.0,164.6,0.0,41.9,0.0,65.95,0.0,51.18,0.0,0.0,0.0,24.66,0.0,12.73,0.0,998.7
,Finland,,0.0,161.7,0.0,55.75,0.0,134.7,0.0,124.86,0.0,27.25,0.0,88.09,0.0,133.81,0.0,82.69,0.0,143.24,0.0,952.13
Footwear  ,,1000 USD,,1767186.86,0.0,856480.85,0.0,1308603.93,0.0,1453433.49,0.0,1719986.55,0.0,1634713.38,0.0,1621023.9,0.0,1568490.29,0.0,1321943.71,,13251862.98
,Of which:,,,,,,,,,,,,,,,,,,,,,
,United States,,0.0,620234.26,0.0,298400.93,0.0,501462.25,0.0,578420.82,0.0,612861.34,0.0,572962.0,0.0,571218.19,0.0,591398.83,0.0,519489.41,0.0,4866448.06
,"China, PR ",,0.0,187396.16,0.0,121878.25,0.0,106212.15,0.0,103917.2,0.0,143256.46,0.0,139519.87,0.0,152974.6,0.0,194475.99,0.0,128166.14,0.0,1277796.85
,Belgium,,0.0,101971.91,0.0,51536.82,0.0,78872.03,0.0,105672.35,0.0,115430.27,0.0,113103.69,0.0,104527.28,0.0,77894.41,0.0,73895.26,0.0,822904.06
,Japan,,0.0,126025.47,0.0,56472.3,0.0,70068.83,0.0,46980.12,0.0,81314.46,0.0,97714.31,0.0,85409.95,0.0,96366.8,0.0,66895.44,0.0,727247.72
,FR. Germany,,0.0,92039.11,0.0,42772.0,0.0,87691.46,0.0,81696.14,0.0,99830.65,0.0,82919.6,0.0,77629.53,0.0,63479.12,0.0,79206.65,0.0,707264.3
,Netherlands,,0.0,67823.18,0.0,26429.44,0.0,45643.45,0.0,58273.95,0.0,67037.98,0.0,76764.95,0.0,69881.02,0.0,60849.98,0.0,53441.76,0.0,526145.74
,United Kingdom,,0.0,62206.22,0.0,31893.14,0.0,48135.57,0.0,53907.98,0.0,67498.94,0.0,60958.89,0.0,61711.48,0.0,53347.02,0.0,39283.57,0.0,478942.84
,Korea,,0.0,62133.52,0.0,33009.57,0.0,48665.8,0.0,44182.39,0.0,51983.08,0.0,55392.57,0.0,41970.6,0.0,64098.16,0.0,42696.18,0.0,444131.91
,France,,0.0,56961.81,0.0,26832.64,0.0,37588.22,0.0,40582.89,0.0,58028.33,0.0,48598.38,0.0,49774.1,0.0,42440.95,0.0,33334.93,0.0,394142.28
,Canada,,0.0,32914.01,0.0,16496.18,0.0,25018.94,0.0,40267.65,0.0,41545.65,0.0,34531.81,0.0,37915.07,0.0,28522.28,0.0,22842.94,0.0,280054.57
,Mexico,,0.0,31539.78,0.0,14041.83,0.0,15992.67,0.0,31157.35,0.0,27268.98,0.0,21833.09,0.0,36430.84,0.0,24688.23,0.0,22663.6,0.0,225616.42
,Italy,,0.0,33437.44,0.0,8982.3,0.0,19040.42,0.0,24892.11,0.0,33588.42,0.0,32970.96,0.0,26232.25,0.0,19187.07,0.0,16671.66,0.0,215002.67
,Australia,,0.0,25517.99,0.0,12873.75,0.0,20319.72,0.0,21250.29,0.0,25758.17,0.0,22961.57,0.0,21862.65,0.0,30383.46,0.0,27257.69,0.0,208185.32
,Spain  ,,0.0,26699.27,0.0,4334.38,0.0,14034.79,0.0,17798.29,0.0,28075.91,0.0,23143.38,0.0,25564.92,0.0,15245.19,0.0,11548.14,0.0,166444.3
,Hong Kong SAR (China) ,,0.0,16265.62,0.0,10644.0,0.0,15990.2,0.0,11191.28,0.0,18302.2,0.0,17818.76,0.0,15175.52,0.0,18381.41,0.0,16161.68,0.0,139930.7
,Brazil,,0.0,16542.19,0.0,8617.06,0.0,11311.22,0.0,13602.98,0.0,14829.63,0.0,12409.29,0.0,19414.62,0.0,15707.87,0.0,11637.9,0.0,124072.79
,Taiwan,,0.0,11630.04,0.0,8805.51,0.0,11838.77,0.0,8262.47,0.0,13394.77,0.0,14800.86,0.0,14525.83,0.0,17511.21,0.0,12077.23,0.0,112846.74
,Russia Federation,,0.0,11954.08,0.0,4095.46,0.0,12482.73,0.0,16496.25,0.0,16595.64,0.0,13573.64,0.0,11443.88,0.0,8426.96,0.0,13106.22,0.0,108174.91
,United Arab Emirates,,0.0,11272.06,0.0,4598.93,0.0,14998.44,0.0,11264.25,0.0,14575.1,0.0,14966.98,0.0,11699.78,0.0,8818.61,0.0,15268.19,0.0,107462.38
,India,,0.0,13792.66,0.0,4516.18,0.0,7807.75,0.0,9782.76,0.0,13085.1,0.0,15685.33,0.0,16751.52,0.0,9892.49,0.0,6092.2,0.0,97406.02
,Panama,,0.0,14584.76,0.0,5420.52,0.0,8979.81,0.0,8703.58,0.0,12080.55,0.0,10131.58,0.0,11558.59,0.0,12610.67,0.0,9258.77,0.0,93328.87
,Chile,,0.0,10150.19,0.0,3894.24,0.0,8052.76,0.0,15832.05,0.0,14125.23,0.0,9793.48,0.0,11077.4,0.0,8470.96,0.0,7989.74,0.0,89386.08
,South Africa,,0.0,9618.29,0.0,4343.03,0.0,5048.24,0.0,7625.59,0.0,10902.89,0.0,12717.65,0.0,16129.67,0.0,8355.99,0.0,6943.72,0.0,81685.11
,Slovakia ,,0.0,14348.09,0.0,3367.74,0.0,2971.82,0.0,7153.96,0.0,12929.18,0.0,12347.07,0.0,15492.08,0.0,10281.5,0.0,2271.05,0.0,81162.52
,Singapore ,,0.0,6280.49,0.0,4597.16,0.0,6452.27,0.0,6722.52,0.0,8436.21,0.0,7709.22,0.0,7613.56,0.0,6236.14,0.0,5540.44,0.0,59588.04
,Indonesia,,0.0,6018.23,0.0,6398.09,0.0,8447.58,0.0,4895.86,0.0,5027.34,0.0,8119.93,0.0,5090.67,0.0,6886.78,0.0,5850.6,0.0,56735.11
,Argentina,,0.0,7027.35,0.0,3246.82,0.0,6405.31,0.0,5633.31,0.0,5195.29,0.0,7506.19,0.0,6871.82,0.0,5064.89,0.0,6003.25,0.0,52954.25
,Thailand,,0.0,6493.14,0.0,5200.7,0.0,4064.3,0.0,5503.15,0.0,6520.77,0.0,6875.78,0.0,6716.33,0.0,6005.0,0.0,5353.74,0.0,52732.95
,Philippines,,0.0,7274.83,0.0,3775.08,0.0,3768.88,0.0,6399.41,0.0,6326.29,0.0,5227.09,0.0,7406.57,0.0,6494.35,0.0,5221.61,0.0,51894.14
,Czech Republic,,0.0,7092.58,0.0,2046.07,0.0,4827.13,0.0,3256.63,0.0,11282.39,0.0,7631.61,0.0,8300.78,0.0,4053.64,0.0,3005.52,0.0,51496.38
,Malaysia,,0.0,6727.9,0.0,4235.49,0.0,5454.36,0.0,4356.56,0.0,6164.75,0.0,7289.06,0.0,6286.55,0.0,6034.36,0.0,4594.37,0.0,51143.44
,Peru,,0.0,0.0,0.0,0.0,0.0,15051.87,0.0,6369.88,0.0,6189.07,0.0,5215.01,0.0,7413.94,0.0,4180.25,0.0,4039.69,0.0,48459.74
,Sweden,,0.0,8384.04,0.0,950.28,0.0,3660.24,0.0,5298.69,0.0,7930.43,0.0,8138.71,0.0,6663.47,0.0,2895.89,0.0,4325.22,0.0,48247.0
,Ixraen,,0.0,4050.09,0.0,1025.62,0.0,4258.46,0.0,3321.22,0.0,5446.44,0.0,5109.62,0.0,4907.44,0.0,3388.09,0.0,3349.6,0.0,34856.62
,New Zealand,,0.0,3840.07,0.0,1244.02,0.0,2681.73,0.0,3178.05,0.0,3383.02,0.0,2417.93,0.0,3060.3,0.0,4171.31,0.0,3703.67,0.0,27680.15
,Poland,,0.0,2675.54,0.0,957.11,0.0,4790.21,0.0,4471.96,0.0,3215.83,0.0,2863.9,0.0,4263.44,0.0,2471.81,0.0,1155.55,0.0,26865.4
,Greece,,0.0,1624.02,0.0,2084.24,0.0,3060.98,0.0,3089.57,0.0,3091.41,0.0,2162.23,0.0,1774.86,0.0,3098.8,0.0,2641.7,0.0,22627.85
,Turkey,,0.0,1338.76,0.0,1043.09,0.0,3627.51,0.0,3056.72,0.0,4129.05,0.0,3517.47,0.0,1909.01,0.0,1206.11,0.0,2192.21,0.0,22019.97
,Denmark,,0.0,3566.56,0.0,839.61,0.0,2266.98,0.0,1969.16,0.0,3867.34,0.0,2240.41,0.0,2358.53,0.0,1358.26,0.0,3101.26,0.0,21568.13
,Switzerland,,0.0,3837.35,0.0,373.38,0.0,919.24,0.0,2751.68,0.0,3446.46,0.0,2833.33,0.0,2059.78,0.0,1917.99,0.0,1883.03,0.0,20022.29
,Austria,,0.0,2477.46,0.0,447.38,0.0,1333.92,0.0,2199.93,0.0,2873.06,0.0,2762.77,0.0,2525.65,0.0,2472.69,0.0,1941.59,0.0,19034.5
,Colombia,,0.0,0.0,0.0,0.0,0.0,4858.77,0.0,1869.23,0.0,2743.27,0.0,3128.87,0.0,2618.46,0.0,2308.09,0.0,1168.66,0.0,18695.36
,Finland,,0.0,2097.73,0.0,285.71,0.0,1702.67,0.0,2916.48,0.0,1983.3,0.0,1528.31,0.0,2097.31,0.0,1550.22,0.0,1547.62,0.0,15709.39
,Norway,,0.0,2950.71,0.0,1224.63,0.0,805.97,0.0,952.34,0.0,1559.74,0.0,3368.62,0.0,1139.33,0.0,1077.48,0.0,368.82,0.0,13447.67
,Ukraine  ,,0.0,623.96,0.0,137.0,0.0,307.39,0.0,1688.15,0.0,1832.61,0.0,904.7,0.0,713.7,0.0,531.04,0.0,459.13,0.0,7197.71
,Luxembourg,,0.0,0.0,0.0,0.0,0.0,1521.73,0.0,441.75,0.0,629.09,0.0,822.92,0.0,1259.68,0.0,848.81,0.0,1560.41,0.0,7084.41
,Portugal,,0.0,523.13,0.0,138.04,0.0,108.36,0.0,514.56,0.0,500.1,0.0,1056.04,0.0,623.71,0.0,340.44,0.0,32.68,0.0,3837.1
,Hungary,,0.0,96.28,0.0,5.98,0.0,0.03,0.0,22.9,0.0,302.82,0.0,181.02,0.0,698.91,0.0,190.21,0.0,0.01,0.0,1498.19
Paper and paper products,,1000 USD,,90200.92,0.0,49237.24,0.0,87391.42,0.0,93841.87,0.0,103994.48,0.0,81382.6,0.0,101491.33,0.0,106478.4,0.0,94424.8,,808443.1
,Of which:,,,,,,,,,,,,,,,,,,,,,
,United States,,0.0,13229.49,0.0,5096.98,0.0,15498.77,0.0,24145.19,0.0,26686.17,0.0,15940.18,0.0,18489.35,0.0,19734.1,0.0,16707.3,0.0,155527.56
,"China, PR ",,0.0,11871.47,0.0,9774.07,0.0,13264.74,0.0,14846.11,0.0,21032.41,0.0,8895.91,0.0,18088.48,0.0,18952.92,0.0,17268.99,0.0,133995.13
,Taiwan,,0.0,10904.34,0.0,4082.33,0.0,8335.62,0.0,8441.61,0.0,8875.55,0.0,8388.27,0.0,9559.59,0.0,9731.14,0.0,7742.7,0.0,76061.18
,Cambodia,,0.0,8928.25,0.0,4143.85,0.0,8649.88,0.0,6919.95,0.0,8127.53,0.0,8398.57,0.0,8755.61,0.0,8008.63,0.0,6755.51,0.0,68687.82
,Japan,,0.0,7272.18,0.0,3991.72,0.0,6010.91,0.0,5473.37,0.0,6216.84,0.0,5853.75,0.0,7085.73,0.0,7315.56,0.0,6380.0,0.0,55600.09
,Indonesia,,0.0,7056.77,0.0,3664.41,0.0,5180.01,0.0,5678.11,0.0,3640.98,0.0,6123.21,0.0,6353.95,0.0,5577.92,0.0,4487.22,0.0,47762.6
,Thailand,,0.0,4602.32,0.0,4012.7,0.0,4642.14,0.0,4265.63,0.0,3885.77,0.0,3728.22,0.0,3448.85,0.0,3930.7,0.0,4047.69,0.0,36564.07
,Malaysia,,0.0,3360.97,0.0,2620.79,0.0,3714.93,0.0,4109.71,0.0,3353.49,0.0,4194.11,0.0,4980.23,0.0,4814.13,0.0,4830.25,0.0,35978.65
,Australia,,0.0,4143.41,0.0,1689.44,0.0,2869.42,0.0,2814.72,0.0,3330.2,0.0,3398.77,0.0,3562.28,0.0,4180.54,0.0,3651.96,0.0,29640.78
,Singapore ,,0.0,3186.35,0.0,2464.66,0.0,3443.8,0.0,3804.18,0.0,4437.47,0.0,2276.18,0.0,2751.96,0.0,2592.78,0.0,3211.6,0.0,28169.02
,Korea,,0.0,2481.8,0.0,1236.68,0.0,1933.41,0.0,2031.17,0.0,1765.52,0.0,2227.83,0.0,2680.84,0.0,2233.5,0.0,2298.97,0.0,18889.75
,Hong Kong SAR (China) ,,0.0,1066.48,0.0,553.51,0.0,912.32,0.0,865.19,0.0,1221.37,0.0,790.9,0.0,2563.33,0.0,4482.67,0.0,3482.54,0.0,15938.34
,Philippines,,0.0,1464.62,0.0,479.5,0.0,953.3,0.0,1525.54,0.0,1231.43,0.0,1483.11,0.0,1912.75,0.0,2582.67,0.0,1581.41,0.0,13214.36
,United Kingdom,,0.0,510.9,0.0,294.44,0.0,580.78,0.0,668.49,0.0,721.26,0.0,548.18,0.0,548.0,0.0,724.11,0.0,796.06,0.0,5392.24
,Lao PDR,,0.0,364.49,0.0,129.52,0.0,436.1,0.0,510.49,0.0,698.38,0.0,540.6,0.0,797.74,0.0,996.5,0.0,745.73,0.0,5219.59
,FR. Germany,,0.0,186.49,0.0,119.65,0.0,601.58,0.0,620.33,0.0,502.92,0.0,420.93,0.0,397.88,0.0,898.06,0.0,712.03,0.0,4459.9
,United Arab Emirates,,0.0,490.59,0.0,412.13,0.0,303.46,0.0,230.44,0.0,444.61,0.0,138.25,0.0,134.54,0.0,713.78,0.0,108.24,0.0,2976.07
"Textile, sewing products",,1000 USD,,3294071.98,0.0,1305399.92,0.0,2526658.49,0.0,2335191.79,0.0,2730828.63,0.0,2899580.43,0.0,3311054.9,0.0,3369103.12,0.0,2841583.05,,24613472.33
,Of which:,,,,,,,,,,,,,,,,,,,,,
,United States,,0.0,1590946.16,0.0,551669.72,0.0,1183001.4,0.0,1095601.77,0.0,1283598.72,0.0,1328598.4,0.0,1453116.6,0.0,1465162.32,0.0,1256109.68,0.0,11207804.82
,Japan,,0.0,398176.03,0.0,179712.46,0.0,319696.59,0.0,264896.03,0.0,297829.57,0.0,313057.87,0.0,377882.79,0.0,400800.32,0.0,358412.91,0.0,2910464.6
,Korea,,0.0,325851.38,0.0,147769.41,0.0,286701.91,0.0,222295.25,0.0,181176.14,0.0,229374.37,0.0,339650.77,0.0,464808.26,0.0,401922.94,0.0,2599550.47
,"China, PR ",,0.0,125054.98,0.0,79197.71,0.0,107712.9,0.0,101752.08,0.0,121442.81,0.0,158995.12,0.0,181863.67,0.0,192987.94,0.0,113816.64,0.0,1182823.88
,Canada,,0.0,68961.58,0.0,26453.34,0.0,50827.41,0.0,56690.69,0.0,77134.07,0.0,89715.13,0.0,89035.95,0.0,69461.23,0.0,73754.15,0.0,602033.6
,FR. Germany,,0.0,78051.52,0.0,23424.96,0.0,54405.87,0.0,53420.51,0.0,78357.85,0.0,77685.66,0.0,87622.79,0.0,80195.54,0.0,58704.64,0.0,591869.38
,United Kingdom,,0.0,84217.76,0.0,29107.24,0.0,58297.57,0.0,49633.28,0.0,62926.7,0.0,75233.92,0.0,89608.82,0.0,82186.22,0.0,58256.27,0.0,589467.82
,Netherlands,,0.0,65004.99,0.0,22581.69,0.0,41547.92,0.0,50469.18,0.0,69781.89,0.0,75062.83,0.0,71318.38,0.0,59457.56,0.0,51938.34,0.0,507162.82
,France,,0.0,57562.98,0.0,21135.25,0.0,38271.45,0.0,37314.21,0.0,54843.76,0.0,54560.4,0.0,69802.15,0.0,60882.04,0.0,57501.04,0.0,451873.31
,Cambodia,,0.0,55897.09,0.0,30121.52,0.0,51447.4,0.0,41330.88,0.0,56887.79,0.0,48867.71,0.0,57051.78,0.0,53583.8,0.0,45569.81,0.0,440757.81
,Spain  ,,0.0,48920.4,0.0,14313.53,0.0,28239.98,0.0,25950.22,0.0,34123.33,0.0,43723.95,0.0,55371.0,0.0,44250.5,0.0,33553.63,0.0,328446.56
,Belgium,,0.0,31025.78,0.0,10341.19,0.0,20890.39,0.0,27686.43,0.0,32331.79,0.0,30843.5,0.0,40779.76,0.0,37089.54,0.0,26185.25,0.0,257173.67
,Italy,,0.0,22581.91,0.0,11790.92,0.0,17702.77,0.0,32912.12,0.0,33567.63,0.0,27521.29,0.0,32792.18,0.0,22653.33,0.0,16682.44,0.0,218204.62
,Hong Kong SAR (China) ,,0.0,26164.51,0.0,11849.35,0.0,22017.49,0.0,22781.78,0.0,28738.69,0.0,27604.89,0.0,27430.26,0.0,27505.53,0.0,22122.64,0.0,216215.18
,Taiwan,,0.0,27496.3,0.0,13602.92,0.0,21884.72,0.0,16940.5,0.0,22176.74,0.0,20527.58,0.0,29344.87,0.0,32424.97,0.0,27709.54,0.0,212108.17
,Indonesia,,0.0,27867.84,0.0,14158.79,0.0,23604.68,0.0,21496.37,0.0,15352.04,0.0,26750.88,0.0,19282.7,0.0,25642.07,0.0,23018.76,0.0,197174.17
,Russia Federation,,0.0,18777.58,0.0,5444.33,0.0,15607.53,0.0,25227.24,0.0,39938.95,0.0,26873.22,0.0,22361.67,0.0,20782.99,0.0,14754.9,0.0,189768.44
,Australia,,0.0,27257.83,0.0,11366.45,0.0,21986.88,0.0,17928.71,0.0,19926.87,0.0,20852.91,0.0,21799.08,0.0,21176.43,0.0,20796.23,0.0,183091.43
,Thailand,,0.0,19421.95,0.0,10952.94,0.0,16955.7,0.0,15223.19,0.0,21424.74,0.0,20644.09,0.0,20427.38,0.0,16535.43,0.0,15273.3,0.0,156858.75
,Chile,,0.0,15729.82,0.0,7042.29,0.0,8668.88,0.0,16976.74,0.0,15899.37,0.0,13481.21,0.0,20562.6,0.0,14362.75,0.0,11718.12,0.0,124441.81
,Mexico,,0.0,11357.44,0.0,3573.03,0.0,7774.64,0.0,9988.16,0.0,13634.4,0.0,10211.7,0.0,12973.11,0.0,13534.57,0.0,10264.94,0.0,93312.02
,Malaysia,,0.0,9870.45,0.0,5419.07,0.0,9231.27,0.0,9444.97,0.0,10824.51,0.0,11324.77,0.0,12902.83,0.0,10398.33,0.0,8421.15,0.0,87837.39
,Philippines,,0.0,9353.41,0.0,4824.29,0.0,7831.88,0.0,9456.24,0.0,14121.0,0.0,11902.53,0.0,10647.79,0.0,9910.02,0.0,9018.0,0.0,87065.2
,India,,0.0,7647.76,0.0,3211.95,0.0,5762.59,0.0,7353.85,0.0,9818.28,0.0,7845.7,0.0,10411.17,0.0,10064.94,0.0,11051.79,0.0,73168.06
,Singapore ,,0.0,8777.45,0.0,4298.89,0.0,7336.71,0.0,8473.23,0.0,9327.78,0.0,9205.8,0.0,10401.15,0.0,7374.52,0.0,5597.71,0.0,70793.28
,United Arab Emirates,,0.0,6888.68,0.0,2926.38,0.0,6040.11,0.0,5810.01,0.0,9699.33,0.0,8141.78,0.0,7528.27,0.0,6552.29,0.0,6755.02,0.0,60341.91
,Sweden,,0.0,8292.25,0.0,3292.18,0.0,5691.84,0.0,5695.62,0.0,7897.89,0.0,8479.36,0.0,9410.99,0.0,6132.45,0.0,5099.66,0.0,59992.27
,Denmark,,0.0,8308.68,0.0,2696.2,0.0,5158.52,0.0,5210.72,0.0,7381.5,0.0,7697.46,0.0,11118.41,0.0,6495.83,0.0,4647.15,0.0,58714.5
,Bangladesh,,0.0,10785.99,0.0,3018.38,0.0,8120.73,0.0,5643.23,0.0,6214.64,0.0,3879.55,0.0,3760.55,0.0,6626.99,0.0,7691.72,0.0,55741.81
,Poland,,0.0,5563.99,0.0,1622.59,0.0,5333.4,0.0,3928.04,0.0,4998.86,0.0,5426.98,0.0,5976.08,0.0,5809.94,0.0,5513.95,0.0,44173.85
,Brazil,,0.0,6586.45,0.0,2778.72,0.0,4664.49,0.0,4388.27,0.0,4426.62,0.0,4507.2,0.0,6087.08,0.0,6066.38,0.0,4308.87,0.0,43814.12
,Saudi Arabia,,0.0,4562.76,0.0,1778.76,0.0,4746.53,0.0,4292.96,0.0,4183.68,0.0,5399.75,0.0,4216.42,0.0,4123.2,0.0,4040.48,0.0,37344.57
,Sri Lanka,,0.0,0.0,0.0,0.0,0.0,4930.15,0.0,3670.12,0.0,2720.45,0.0,3468.62,0.0,5732.85,0.0,4581.8,0.0,3949.65,0.0,29053.67
,Austria,,0.0,2084.03,0.0,1031.53,0.0,2561.7,0.0,3900.34,0.0,4307.8,0.0,3740.57,0.0,2887.88,0.0,3646.6,0.0,3139.71,0.0,27300.2
,Nigeria,,0.0,6769.55,0.0,3430.94,0.0,1117.13,0.0,1482.69,0.0,2390.47,0.0,3145.68,0.0,4949.52,0.0,1441.95,0.0,2144.85,0.0,26872.82
,Angola,,0.0,4236.62,0.0,2374.25,0.0,1589.57,0.0,3296.76,0.0,1771.28,0.0,1972.09,0.0,3539.09,0.0,5000.64,0.0,2105.37,0.0,25885.69
,Turkey,,0.0,2134.05,0.0,1041.87,0.0,2538.73,0.0,2487.67,0.0,2528.18,0.0,3034.87,0.0,3336.48,0.0,3545.94,0.0,3654.77,0.0,24302.6
,Myanmar,,0.0,2545.82,0.0,1578.46,0.0,3126.14,0.0,2719.83,0.0,2246.78,0.0,2199.96,0.0,2414.49,0.0,3228.24,0.0,3285.97,0.0,23345.73
,New Zealand,,0.0,2399.52,0.0,1713.17,0.0,2635.82,0.0,2569.01,0.0,2363.68,0.0,2375.23,0.0,1514.25,0.0,3956.32,0.0,2295.29,0.0,21822.33
,South Africa,,0.0,3876.36,0.0,1178.51,0.0,2096.99,0.0,2762.92,0.0,2906.01,0.0,2302.19,0.0,2263.99,0.0,1960.33,0.0,1657.0,0.0,21004.34
,Norway,,0.0,2732.42,0.0,391.55,0.0,1579.2,0.0,1194.36,0.0,2280.95,0.0,3268.38,0.0,1927.73,0.0,3086.71,0.0,1076.35,0.0,17537.69
,Ixraen,,0.0,2801.48,0.0,711.82,0.0,713.95,0.0,1335.52,0.0,1785.68,0.0,3077.41,0.0,2285.34,0.0,1999.06,0.0,1025.79,0.0,15736.07
,Tazania,,0.0,0.0,0.0,0.0,0.0,6274.5,0.0,156.99,0.0,392.62,0.0,3470.65,0.0,621.93,0.0,3689.7,0.0,1014.65,0.0,15621.07
,Panama,,0.0,1679.32,0.0,636.54,0.0,1295.33,0.0,1606.71,0.0,2061.07,0.0,1497.21,0.0,1730.77,0.0,1819.52,0.0,1351.43,0.0,13677.94
,Argentina,,0.0,1732.35,0.0,555.15,0.0,2335.52,0.0,1424.03,0.0,1024.45,0.0,2251.94,0.0,1199.3,0.0,1239.1,0.0,1071.88,0.0,12833.76
,Finland,,0.0,690.18,0.0,375.63,0.0,807.86,0.0,1878.41,0.0,1038.11,0.0,2080.88,0.0,1987.46,0.0,1688.82,0.0,1269.92,0.0,11817.31
,Czech Republic,,0.0,1349.04,0.0,298.89,0.0,373.22,0.0,1546.08,0.0,1758.47,0.0,1559.49,0.0,1739.58,0.0,1372.47,0.0,716.13,0.0,10713.42
,Colombia,,0.0,0.0,0.0,0.0,0.0,2839.57,0.0,1107.6,0.0,1287.25,0.0,1420.7,0.0,1384.03,0.0,1211.07,0.0,1103.51,0.0,10353.75
,Switzerland,,0.0,705.71,0.0,402.56,0.0,707.27,0.0,1009.2,0.0,1419.83,0.0,886.0,0.0,1541.3,0.0,2087.61,0.0,1263.47,0.0,10022.98
,Peru,,0.0,0.0,0.0,0.0,0.0,1789.99,0.0,1178.18,0.0,1490.83,0.0,755.96,0.0,809.06,0.0,380.91,0.0,787.54,0.0,7192.49
,Greece,,0.0,416.42,0.0,225.63,0.0,718.8,0.0,709.8,0.0,1197.14,0.0,971.16,0.0,889.49,0.0,457.1,0.0,759.38,0.0,6344.94
,Lao PDR,,0.0,666.29,0.0,417.11,0.0,575.42,0.0,920.07,0.0,761.84,0.0,720.24,0.0,636.73,0.0,613.2,0.0,632.36,0.0,5943.28
,Mozambique,,0.0,0.0,0.0,0.0,0.0,3375.94,0.0,70.11,0.0,11.49,0.0,53.57,0.0,1173.24,0.0,0.5,0.0,619.51,0.0,5304.39
,Luxembourg,,0.0,0.0,0.0,0.0,0.0,1111.27,0.0,348.48,0.0,908.14,0.0,754.48,0.0,756.4,0.0,660.75,0.0,429.3,0.0,4968.84
,Egypt,,0.0,790.56,0.0,376.16,0.0,273.34,0.0,594.98,0.0,581.39,0.0,367.93,0.0,724.08,0.0,572.6,0.0,653.87,0.0,4934.93
,Gana,,0.0,0.0,0.0,2547.99,0.0,1138.46,0.0,0.4,0.0,4.0,0.0,0.62,0.0,6.87,0.0,612.73,0.0,17.67,0.0,4328.77
,Ukraine  ,,0.0,263.39,0.0,78.18,0.0,99.34,0.0,741.44,0.0,1036.79,0.0,459.62,0.0,466.54,0.0,204.77,0.0,229.79,0.0,3579.9
,kenya,,0.0,0.0,0.0,0.0,0.0,1514.17,0.0,762.49,0.0,275.56,0.0,501.96,0.0,103.82,0.0,151.36,0.0,264.71,0.0,3574.11
,Côte d'lvoire,,0.0,0.0,0.0,0.0,0.0,0.0,0.0,0.0,0.0,350.67,0.0,155.58,0.0,1105.93,0.0,0.82,0.0,563.96,0.0,2176.98
,Hungary,,0.0,132.98,0.0,0.0,0.0,5.31,0.0,13.26,0.0,185.6,0.0,418.1,0.0,108.32,0.0,21.46,0.0,22.37,0.0,907.43
,Senegal,,0.0,0.0,0.0,0.0,0.0,878.5,0.0,0.0,0.0,0.23,0.0,0.0,0.0,0.05,0.0,0.0,0.0,0.26,0.0,879.06
,Slovakia ,,0.0,141.74,0.0,26.77,0.0,169.92,0.0,134.99,0.0,72.42,0.0,32.17,0.0,18.65,0.0,102.21,0.0,129.27,0.0,828.18
Fresh and pocessed vegetables and fruit ,,1000 USD,,354937.68,0.0,230560.48,0.0,363373.07,0.0,458583.0,0.0,354659.78,0.0,276788.24,0.0,245808.35,0.0,263609.74,0.0,270187.06,,2818507.44
,Of which:,,,,,,,,,,,,,,,,,,,,,
,"China, PR ",,0.0,257572.37,0.0,170472.19,0.0,252002.18,0.0,357545.27,0.0,241245.47,0.0,178135.57,0.0,143163.32,0.0,154168.7,0.0,152688.65,0.0,1906993.75
,United States,,0.0,12543.33,0.0,6935.28,0.0,12266.78,0.0,13804.64,0.0,12910.67,0.0,11690.03,0.0,13841.26,0.0,15576.47,0.0,12405.72,0.0,111974.21
,Korea,,0.0,11637.99,0.0,7017.45,0.0,12614.15,0.0,12340.77,0.0,11682.6,0.0,9842.23,0.0,11509.48,0.0,11215.54,0.0,7747.77,0.0,95608.02
,Japan,,0.0,10211.22,0.0,6646.05,0.0,11383.85,0.0,8346.5,0.0,13368.66,0.0,10517.6,0.0,10328.25,0.0,9703.57,0.0,9155.12,0.0,89660.86
,Netherlands,,0.0,7132.57,0.0,4175.91,0.0,5368.31,0.0,5194.94,0.0,9290.29,0.0,8775.37,0.0,9057.69,0.0,8667.57,0.0,5956.77,0.0,63619.45
,Taiwan,,0.0,2487.81,0.0,1746.65,0.0,3518.88,0.0,3583.52,0.0,5501.19,0.0,6193.07,0.0,7403.93,0.0,7916.62,0.0,11008.18,0.0,49359.89
,Hong Kong SAR (China) ,,0.0,2158.2,0.0,1237.6,0.0,2099.55,0.0,1994.27,0.0,5333.1,0.0,10731.61,0.0,4631.74,0.0,6809.28,0.0,14360.14,0.0,49355.52
,Thailand,,0.0,5374.8,0.0,2188.51,0.0,4795.4,0.0,4440.67,0.0,3585.35,0.0,3368.52,0.0,4280.48,0.0,3209.43,0.0,7266.44,0.0,38509.63
,Australia,,0.0,4345.19,0.0,2067.1,0.0,3122.09,0.0,3049.64,0.0,3410.66,0.0,3113.18,0.0,3859.22,0.0,3917.44,0.0,4206.19,0.0,31090.74
,Lao PDR,,0.0,1489.11,0.0,1131.43,0.0,1867.36,0.0,2211.07,0.0,3544.21,0.0,2217.45,0.0,2539.98,0.0,2383.88,0.0,11971.93,0.0,29356.46
,United Arab Emirates,,0.0,4172.1,0.0,2298.41,0.0,4025.75,0.0,2701.01,0.0,2465.23,0.0,2187.22,0.0,2831.37,0.0,2263.33,0.0,2174.33,0.0,25118.79
,Singapore ,,0.0,3127.02,0.0,1903.82,0.0,2662.75,0.0,2481.64,0.0,2769.59,0.0,3257.35,0.0,2879.99,0.0,2934.97,0.0,2430.62,0.0,24447.78
,Russia Federation,,0.0,1522.29,0.0,856.27,0.0,2133.15,0.0,3719.48,0.0,2770.68,0.0,2895.36,0.0,3457.29,0.0,2708.91,0.0,2939.27,0.0,23002.73
,Malaysia,,0.0,3105.01,0.0,2386.45,0.0,2926.54,0.0,2817.37,0.0,2223.06,0.0,1775.43,0.0,2428.95,0.0,2926.89,0.0,1955.89,0.0,22545.63
,France,,0.0,2543.75,0.0,1919.8,0.0,2721.4,0.0,2909.5,0.0,2176.09,0.0,1800.14,0.0,2037.25,0.0,2016.32,0.0,1898.04,0.0,20022.34
,Canada,,0.0,1840.53,0.0,1268.3,0.0,1983.64,0.0,2324.91,0.0,1632.84,0.0,1842.04,0.0,2083.14,0.0,2526.3,0.0,2343.89,0.0,17845.63
,FR. Germany,,0.0,1810.24,0.0,632.0,0.0,2322.53,0.0,1476.34,0.0,1738.81,0.0,722.27,0.0,1236.25,0.0,1839.41,0.0,1172.84,0.0,12950.72
,Saudi Arabia,,0.0,0.0,0.0,0.0,0.0,3720.2,0.0,1488.06,0.0,926.96,0.0,1162.2,0.0,255.62,0.0,1369.64,0.0,820.59,0.0,9743.3
,Egypt,,0.0,0.0,0.0,0.0,0.0,5474.51,0.0,718.52,0.0,272.99,0.0,178.38,0.0,1235.82,0.0,1225.65,0.0,550.32,0.0,9656.21
,Italy,,0.0,1771.58,0.0,673.21,0.0,981.49,0.0,1087.25,0.0,1057.62,0.0,861.33,0.0,1344.15,0.0,1243.6,0.0,629.83,0.0,9650.1
,United Kingdom,,0.0,493.67,0.0,311.45,0.0,770.45,0.0,814.26,0.0,790.47,0.0,775.92,0.0,430.82,0.0,1337.53,0.0,522.55,0.0,6247.17
,Switzerland,,0.0,0.0,0.0,0.0,0.0,1321.37,0.0,576.31,0.0,396.07,0.0,314.82,0.0,209.87,0.0,333.33,0.0,289.43,0.0,3441.22
,Kuwait,,0.0,780.98,0.0,49.11,0.0,35.32,0.0,710.18,0.0,85.74,0.0,84.85,0.0,266.28,0.0,324.87,0.0,349.26,0.0,2686.62
,Cambodia,,0.0,167.23,0.0,172.67,0.0,123.39,0.0,190.55,0.0,307.24,0.0,285.63,0.0,255.03,0.0,363.03,0.0,362.35,0.0,2227.16
,Indonesia,,0.0,90.39,0.0,74.36,0.0,655.07,0.0,185.59,0.0,80.72,0.0,177.08,0.0,241.3,0.0,428.44,0.0,249.68,0.0,2182.66
,Norway,,0.0,0.0,0.0,0.0,0.0,636.54,0.0,228.97,0.0,300.93,0.0,224.46,0.0,229.12,0.0,255.71,0.0,225.83,0.0,2101.58
,Ukraine  ,,0.0,150.14,0.0,19.75,0.0,196.67,0.0,37.6,0.0,41.44,0.0,160.29,0.0,113.04,0.0,32.67,0.0,74.03,0.0,825.65
,Senegal,,0.0,0.0,0.0,0.0,0.0,211.57,0.0,40.09,0.0,122.3,0.0,38.66,0.0,59.97,0.0,136.97,0.0,20.22,0.0,629.81
Seafood,,1000 USD,,741135.55,0.0,368335.91,0.0,682589.86,0.0,631100.68,0.0,760635.11,0.0,715437.54,0.0,787842.99,0.0,809956.71,0.0,727939.74,,6224974.12
,Of which:,,,,,,,,,,,,,,,,,,,,,
,United States,,0.0,117673.36,0.0,60203.01,0.0,105148.52,0.0,102509.92,0.0,124157.38,0.0,140459.13,0.0,152442.24,0.0,152510.38,0.0,127208.32,0.0,1082312.28
,Japan,,0.0,123494.11,0.0,56608.64,0.0,126484.51,0.0,104608.52,0.0,142068.81,0.0,127288.21,0.0,130515.98,0.0,131613.51,0.0,123411.69,0.0,1066094.02
,"China, PR ",,0.0,77756.23,0.0,43486.74,0.0,75347.34,0.0,70978.03,0.0,114264.27,0.0,95667.96,0.0,115200.8,0.0,127383.6,0.0,111733.33,0.0,831818.34
,Korea,,0.0,73654.04,0.0,33006.85,0.0,66478.98,0.0,64118.48,0.0,71544.51,0.0,63797.85,0.0,68262.37,0.0,64043.04,0.0,60798.18,0.0,565704.35
,Thailand,,0.0,30370.27,0.0,13902.33,0.0,26530.8,0.0,15680.39,0.0,21266.78,0.0,19416.26,0.0,26868.49,0.0,29287.14,0.0,31184.78,0.0,214507.28
,United Kingdom,,0.0,24171.89,0.0,13903.08,0.0,18900.2,0.0,19544.38,0.0,25049.23,0.0,22475.03,0.0,30367.71,0.0,31100.57,0.0,24680.46,0.0,210192.57
,Netherlands,,0.0,20005.11,0.0,10062.18,0.0,21322.25,0.0,18811.16,0.0,19626.44,0.0,16474.49,0.0,20838.79,0.0,22121.51,0.0,16422.47,0.0,165684.43
,Canada,,0.0,19410.3,0.0,10864.71,0.0,17924.65,0.0,15906.13,0.0,17126.63,0.0,18350.37,0.0,18166.63,0.0,22567.24,0.0,23104.55,0.0,163421.24
,Australia,,0.0,17889.66,0.0,8641.07,0.0,16546.08,0.0,16576.79,0.0,16566.55,0.0,17982.43,0.0,16159.61,0.0,21790.77,0.0,18205.17,0.0,150358.17
,FR. Germany,,0.0,17262.88,0.0,8099.58,0.0,14855.05,0.0,17828.37,0.0,16704.3,0.0,15847.82,0.0,18107.17,0.0,19301.14,0.0,14372.61,0.0,142378.95
,Hong Kong SAR (China) ,,0.0,16582.84,0.0,9870.23,0.0,13553.71,0.0,12643.56,0.0,16092.66,0.0,14285.35,0.0,15115.95,0.0,12909.59,0.0,11557.24,0.0,122611.17
,Belgium,,0.0,10733.76,0.0,5062.21,0.0,11878.66,0.0,10387.99,0.0,11216.87,0.0,10676.37,0.0,14884.5,0.0,11775.29,0.0,11023.16,0.0,97638.85
,Taiwan,,0.0,9327.88,0.0,6388.75,0.0,9804.89,0.0,10264.14,0.0,12472.75,0.0,10565.12,0.0,10952.07,0.0,10805.16,0.0,10599.81,0.0,91180.62
,Philippines,,0.0,11965.16,0.0,6616.12,0.0,10098.64,0.0,8190.35,0.0,7294.86,0.0,7488.53,0.0,10060.13,0.0,12927.15,0.0,14219.45,0.0,88860.41
,Malaysia,,0.0,10153.73,0.0,7524.65,0.0,14591.72,0.0,10118.72,0.0,10446.31,0.0,7255.95,0.0,9530.78,0.0,8472.63,0.0,8054.39,0.0,86148.91
,Mexico,,0.0,19843.21,0.0,8620.44,0.0,9854.03,0.0,8585.84,0.0,7565.33,0.0,8260.34,0.0,7417.6,0.0,8647.42,0.0,5870.5,0.0,84664.74
,Italy,,0.0,7061.85,0.0,3137.31,0.0,11073.26,0.0,11013.7,0.0,8869.74,0.0,15353.98,0.0,9186.41,0.0,9232.23,0.0,6271.29,0.0,81199.79
,Russia Federation,,0.0,9725.89,0.0,3422.47,0.0,8496.47,0.0,11270.01,0.0,8088.79,0.0,6710.33,0.0,8527.74,0.0,9437.27,0.0,9952.96,0.0,75631.96
,France,,0.0,8542.75,0.0,4371.15,0.0,8416.31,0.0,10149.82,0.0,10917.36,0.0,7384.57,0.0,9429.02,0.0,8491.75,0.0,7757.35,0.0,75460.12
,Singapore ,,0.0,11826.94,0.0,5133.83,0.0,7342.76,0.0,7871.98,0.0,8573.35,0.0,7306.48,0.0,7892.14,0.0,8763.76,0.0,7650.82,0.0,72362.09
,Spain  ,,0.0,7568.6,0.0,2350.27,0.0,7703.23,0.0,6571.24,0.0,6345.02,0.0,5117.0,0.0,6276.22,0.0,8414.47,0.0,8858.26,0.0,59204.36
,Ixraen,,0.0,7369.99,0.0,4266.42,0.0,6239.33,0.0,5592.04,0.0,7604.23,0.0,6916.64,0.0,4520.63,0.0,3937.44,0.0,4337.5,0.0,50784.25
,United Arab Emirates,,0.0,4423.9,0.0,2227.73,0.0,6503.53,0.0,5804.22,0.0,5730.88,0.0,5553.84,0.0,4792.62,0.0,4512.66,0.0,3698.66,0.0,43248.07
,Brazil,,0.0,12262.49,0.0,3198.99,0.0,3967.16,0.0,4023.92,0.0,2756.38,0.0,3705.75,0.0,3136.71,0.0,4721.21,0.0,4361.21,0.0,42133.85
,Portugal,,0.0,3611.48,0.0,2048.27,0.0,4787.07,0.0,5713.67,0.0,5126.0,0.0,3911.71,0.0,5372.08,0.0,4683.94,0.0,3315.11,0.0,38569.37
,Colombia,,0.0,4132.13,0.0,3875.16,0.0,3269.86,0.0,4087.02,0.0,3198.86,0.0,4766.62,0.0,4663.32,0.0,4566.25,0.0,4186.49,0.0,36745.74
,Egypt,,0.0,3808.87,0.0,2621.32,0.0,4091.03,0.0,3921.04,0.0,4550.2,0.0,3608.53,0.0,5041.12,0.0,5111.01,0.0,3758.83,0.0,36511.97
,Denmark,,0.0,3880.93,0.0,1863.75,0.0,3387.2,0.0,3267.98,0.0,3056.08,0.0,4968.81,0.0,5984.11,0.0,4730.47,0.0,3458.46,0.0,34597.82
,Cambodia,,0.0,1746.38,0.0,1623.92,0.0,2208.38,0.0,1924.62,0.0,2966.91,0.0,3376.42,0.0,6082.24,0.0,6068.54,0.0,4951.81,0.0,30949.24
,India,,0.0,2524.84,0.0,1763.22,0.0,2171.11,0.0,2379.56,0.0,2809.67,0.0,2078.15,0.0,1929.18,0.0,2187.71,0.0,1891.68,0.0,19735.16
,Ukraine  ,,0.0,2211.78,0.0,826.35,0.0,1376.82,0.0,2695.06,0.0,2388.86,0.0,1392.35,0.0,2261.93,0.0,2256.46,0.0,3136.09,0.0,18545.74
,Poland,,0.0,2841.24,0.0,499.78,0.0,1908.38,0.0,1899.7,0.0,2226.41,0.0,2229.43,0.0,2157.84,0.0,2019.23,0.0,2183.59,0.0,17965.63
,Switzerland,,0.0,2121.9,0.0,1418.41,0.0,2317.94,0.0,2746.01,0.0,2773.97,0.0,1675.03,0.0,2014.03,0.0,834.7,0.0,1978.93,0.0,17880.97
,New Zealand,,0.0,2229.05,0.0,952.68,0.0,1892.8,0.0,1495.82,0.0,1748.94,0.0,1024.45,0.0,784.2,0.0,1608.22,0.0,1881.74,0.0,13617.93
,Iraq,,0.0,986.92,0.0,387.78,0.0,1216.15,0.0,1107.98,0.0,1443.29,0.0,1294.05,0.0,1720.91,0.0,1137.61,0.0,1429.35,0.0,10724.08
,Sweden,,0.0,702.38,0.0,545.84,0.0,1822.57,0.0,1598.11,0.0,950.44,0.0,1421.15,0.0,1541.56,0.0,637.35,0.0,1359.09,0.0,10578.52
,Turkey,,0.0,1116.22,0.0,455.79,0.0,769.21,0.0,987.24,0.0,915.98,0.0,1032.13,0.0,764.04,0.0,1190.61,0.0,455.28,0.0,7686.55
,Greece,,0.0,780.14,0.0,600.95,0.0,1422.42,0.0,611.19,0.0,927.48,0.0,686.23,0.0,744.1,0.0,510.15,0.0,787.13,0.0,7069.82
,Peru,,0.0,0.0,0.0,0.0,0.0,2129.49,0.0,978.06,0.0,1402.31,0.0,600.34,0.0,515.5,0.0,224.98,0.0,920.89,0.0,6771.6
,Sri Lanka,,0.0,0.0,0.0,0.0,0.0,1785.62,0.0,324.16,0.0,675.09,0.0,574.01,0.0,1231.33,0.0,792.25,0.0,412.18,0.0,5794.67
,Pakistan,,0.0,813.68,0.0,840.87,0.0,434.22,0.0,217.88,0.0,439.7,0.0,529.57,0.0,712.43,0.0,505.45,0.0,1175.8,0.0,5669.63
,Romania,,0.0,606.98,0.0,428.9,0.0,854.58,0.0,605.82,0.0,229.51,0.0,437.4,0.0,706.88,0.0,233.08,0.0,703.0,0.0,4806.18
,Kuwait,,0.0,848.99,0.0,129.33,0.0,885.5,0.0,776.2,0.0,549.87,0.0,409.07,0.0,265.86,0.0,524.3,0.0,341.9,0.0,4731.05
,Panama,,0.0,0.0,0.0,0.0,0.0,1799.36,0.0,406.3,0.0,667.87,0.0,387.85,0.0,287.04,0.0,209.54,0.0,530.49,0.0,4288.46
,Czech Republic,,0.0,303.03,0.0,159.08,0.0,599.11,0.0,178.59,0.0,300.38,0.0,682.21,0.0,269.13,0.0,161.45,0.0,217.93,0.0,2870.96
,Indonesia,,0.0,0.0,0.0,50.57,0.0,215.36,0.0,963.5,0.0,353.83,0.0,0.41,0.0,123.44,0.0,355.83,0.0,705.61,0.0,2768.58
,Brunei,,0.0,120.2,0.0,138.51,0.0,209.63,0.0,200.42,0.0,236.02,0.0,133.93,0.0,139.47,0.0,158.71,0.0,83.97,0.0,1420.91
,Angola,,0.0,0.0,0.0,0.0,0.0,325.93,0.0,62.5,0.0,250.35,0.0,55.38,0.0,102.57,0.0,0.0,0.0,218.99,0.0,1015.73
,Senegal,,0.0,0.0,0.0,0.0,0.0,446.38,0.0,0.0,0.0,91.15,0.0,34.29,0.0,63.97,0.0,26.0,0.0,5.56,0.0,667.36
,Saudi Arabia,,0.0,114.0,0.0,58.65,0.0,0.0,0.0,0.0,0.0,0.0,0.0,0.0,0.0,0.0,0.0,0.0,0.0,4.43,0.0,177.08
Cashew nut ,,Ton,32729.0,266300.95,14962.0,124601.91,31901.0,249611.29,35509.0,269978.3,41071.0,301252.26,39517.0,277980.31,44113.0,301343.91,46152.0,313135.59,42532.0,292704.94,328486.0,2396909.5
,Of which:,,,,,,,,,,,,,,,,,,,,,
,United States,,10822.0,87851.53,4073.0,34735.97,10410.0,83374.27,11691.0,88663.66,13562.0,96892.08,13161.0,89166.01,16018.0,105415.73,15309.0,99163.39,14031.0,91488.78,109077.0,776751.46
,"China, PR ",,4997.0,41452.65,1893.0,14803.26,3810.0,30321.49,3912.0,30299.17,7053.0,53803.54,6570.0,50790.14,6269.0,46803.88,7695.0,58858.02,7687.0,57525.14,49886.0,384657.32
,Netherlands,,3148.0,27811.2,1693.0,15671.67,2100.0,16393.68,3491.0,27508.48,3658.0,27794.12,3961.0,27080.91,3952.0,28821.95,4314.0,30391.11,4944.0,34697.15,31261.0,236170.3
,FR. Germany,,1187.0,10134.53,553.0,4762.37,1360.0,11079.1,1780.0,13808.57,1647.0,12911.99,1482.0,10945.03,1686.0,11750.43,1664.0,11891.42,1410.0,9694.42,12769.0,96977.9
,Australia,,1544.0,12365.23,512.0,4114.22,1526.0,11859.95,995.0,7671.04,1270.0,9450.79,1299.0,8740.37,1469.0,9680.44,1656.0,10861.52,1347.0,9035.79,11618.0,83779.38
,United Kingdom,,1264.0,9331.96,658.0,4987.13,1240.0,8860.54,1735.0,12769.69,1454.0,9778.84,1495.0,10025.76,1768.0,11738.85,1289.0,8409.13,1190.0,7062.15,12093.0,82964.07
,Canada,,619.0,5255.39,557.0,5546.02,756.0,6320.26,1087.0,8894.56,1214.0,9866.62,1272.0,9142.21,1367.0,9084.64,1731.0,11752.46,1128.0,8202.84,9731.0,74065.04
,Thailand,,816.0,6172.84,444.0,3340.99,779.0,5789.78,1169.0,8580.95,1002.0,7255.87,701.0,4949.75,654.0,4435.31,735.0,5015.06,816.0,5685.41,7116.0,51225.99
,Ixraen,,377.0,3166.48,406.0,3282.78,608.0,4964.19,703.0,5666.62,690.0,5341.47,621.0,4827.23,664.0,5013.1,537.0,4115.08,716.0,5030.63,5322.0,41407.63
,Russia Federation,,899.0,7061.74,275.0,2228.71,815.0,6445.39,716.0,5414.88,578.0,4012.87,562.0,3753.33,627.0,4201.06,503.0,3466.29,561.0,3741.2,5536.0,40325.52
,France,,445.0,4330.0,219.0,1941.78,548.0,5411.14,414.0,3620.77,456.0,4110.49,393.0,3046.47,428.0,3190.21,715.0,5079.78,525.0,3976.03,4143.0,34706.7
,Italy,,719.0,4540.79,506.0,3234.35,667.0,3799.35,870.0,5330.28,878.0,4995.31,500.0,2513.76,667.0,3507.61,608.0,3207.42,446.0,2376.92,5861.0,33505.81
,Spain  ,,507.0,4156.18,285.0,2385.25,633.0,4874.58,573.0,4379.61,363.0,2676.56,436.0,3046.9,427.0,2973.81,394.0,2758.78,443.0,3143.55,4061.0,30395.26
,Belgium,,302.0,2784.49,238.0,2229.79,444.0,4124.05,428.0,3744.81,636.0,5171.94,381.0,2750.94,413.0,2900.24,381.0,2807.45,263.0,1952.72,3486.0,28466.46
,Japan,,277.0,2220.19,167.0,1405.82,226.0,1679.9,394.0,3031.18,396.0,2919.12,262.0,1925.23,398.0,2730.77,274.0,1840.16,332.0,2274.55,2726.0,20026.96
,Hong Kong SAR (China) ,,378.0,4137.66,60.0,640.33,136.0,1304.13,140.0,1510.18,221.0,2047.76,148.0,1478.81,198.0,1875.18,245.0,2381.35,266.0,2428.48,1792.0,17803.92
,Taiwan,,147.0,1308.26,104.0,880.81,300.0,2472.3,171.0,1395.66,153.0,1232.73,139.0,1057.69,324.0,2513.61,436.0,3128.11,455.0,3522.87,2229.0,17512.08
,Saudi Arabia,,0.0,0.0,0.0,0.0,605.0,4323.02,341.0,2657.86,220.0,1272.72,221.0,1433.77,762.0,4931.99,250.0,1503.28,202.0,901.01,2601.0,17023.68
,New Zealand,,245.0,1850.15,150.0,1191.95,308.0,2202.21,145.0,1014.87,225.0,1613.79,312.0,2166.42,423.0,2734.34,249.0,1479.1,381.0,2564.45,2438.0,16817.31
,India,,576.0,3267.32,101.0,636.48,267.0,1679.95,420.0,1791.84,210.0,1026.09,99.0,713.22,105.0,463.75,313.0,1925.33,241.0,1600.33,2332.0,13104.36
,Egypt,,0.0,0.0,0.0,0.0,625.0,5375.66,199.0,1416.42,253.0,1833.23,105.0,856.73,131.0,1037.4,87.0,560.28,30.0,243.0,1430.0,11322.75
,United Arab Emirates,,243.0,1550.44,78.0,546.77,144.0,1057.35,161.0,1194.25,257.0,1619.28,110.0,517.25,187.0,929.72,258.0,1139.59,245.0,1256.33,1683.0,9811.01
,Iraq,,0.0,0.0,0.0,0.0,270.0,2442.96,98.0,738.24,188.0,1456.5,99.0,817.69,139.0,1055.65,187.0,1431.22,174.0,1383.08,1155.0,9325.35
,Philippines,,85.0,743.3,64.0,603.6,101.0,653.83,137.0,896.5,165.0,1005.9,225.0,1126.19,66.0,270.91,174.0,797.05,128.0,677.81,1145.0,6775.11
,Ukraine  ,,96.0,798.29,16.0,132.51,145.0,1119.13,73.0,538.67,106.0,770.83,122.0,891.3,100.0,655.81,32.0,221.68,133.0,997.29,823.0,6125.55
,Greece,,32.0,250.93,16.0,136.0,160.0,1207.4,109.0,815.83,111.0,807.53,142.0,1044.57,30.0,222.6,158.0,1150.94,63.0,468.35,821.0,6104.18
,Norway,,80.0,618.13,32.0,260.75,83.0,639.68,104.0,808.25,63.0,472.5,71.0,537.12,82.0,554.12,114.0,739.07,75.0,568.56,704.0,5198.2
,South Africa,,107.0,784.6,18.0,134.44,80.0,579.59,33.0,203.37,47.0,263.03,96.0,645.1,63.0,445.44,54.0,356.66,71.0,454.8,569.0,3867.06
,Singapore ,,31.0,279.62,20.0,149.02,41.0,313.52,65.0,554.33,61.0,409.16,66.0,414.86,51.0,364.62,49.0,389.58,75.0,505.1,459.0,3379.85
,Kuwait,,0.0,0.0,0.0,0.0,0.0,0.0,0.0,0.0,7.0,13.3,18.0,34.47,0.0,0.0,90.0,972.45,29.0,243.56,144.0,1263.78
,Pakistan,,14.0,119.35,0.0,0.0,0.0,0.0,15.0,125.38,0.0,0.0,0.0,0.0,0.0,0.0,0.0,0.0,75.0,549.15,104.0,793.88
Pepper,,Ton,19285.0,56762.12,16751.0,44155.42,34903.0,88649.46,37256.0,94025.78,37722.0,92780.32,30893.0,75750.25,23234.0,59238.67,18296.0,44919.07,15066.0,37132.49,233406.0,593413.62
,Of which:,,,,,,,,,,,,,,,,,,,,,
,United States,,4257.0,13106.33,3651.0,10095.53,5904.0,16448.34,4829.0,13273.03,5149.0,13579.03,3913.0,10743.72,4189.0,11246.06,4651.0,12345.52,4041.0,10489.94,40584.0,111327.53
,India,,2023.0,5282.31,2038.0,5146.14,3447.0,8412.82,2461.0,5942.06,2243.0,5448.18,1607.0,3688.0,1626.0,3847.74,1122.0,2542.28,809.0,1863.11,17376.0,42172.69
,FR. Germany,,597.0,2091.44,410.0,1322.1,986.0,2995.04,1607.0,4758.31,2106.0,5777.82,1322.0,3670.64,991.0,2819.57,596.0,1634.47,760.0,2185.74,9375.0,27255.16
,Netherlands,,662.0,2589.23,471.0,1710.59,667.0,2295.43,965.0,3332.82,1202.0,4047.94,808.0,2628.82,803.0,2564.94,439.0,1421.03,491.0,1438.12,6508.0,22028.95
,Pakistan,,1157.0,3046.35,772.0,1918.24,1981.0,4749.6,1662.0,4156.51,1297.0,2938.42,803.0,1835.69,373.0,885.93,547.0,1280.99,264.0,561.43,8856.0,21373.21
,United Arab Emirates,,841.0,2150.71,999.0,2358.21,1831.0,4274.81,1232.0,2968.22,1158.0,2545.96,727.0,1683.72,679.0,1635.16,748.0,1632.37,490.0,1160.14,8705.0,20409.33
,Thailand,,618.0,1924.69,360.0,1181.7,520.0,1751.29,580.0,1795.99,1127.0,3096.03,706.0,2097.27,811.0,2359.48,544.0,1511.67,398.0,1303.93,5664.0,17022.08
,Egypt,,301.0,721.14,205.0,455.18,1304.0,2793.26,981.0,2110.17,1434.0,2949.47,1120.0,2428.36,173.0,408.13,119.0,215.47,215.0,388.7,5852.0,12469.91
,United Kingdom,,634.0,2374.6,207.0,675.73,341.0,1117.21,361.0,1184.31,395.0,1221.88,503.0,1637.02,509.0,1725.32,363.0,1103.6,264.0,796.02,3577.0,11835.72
,Korea,,705.0,2108.49,348.0,953.41,864.0,2288.17,556.0,1559.11,494.0,1342.16,433.0,1194.59,264.0,720.89,295.0,774.85,111.0,301.38,4070.0,11243.07
,Russia Federation,,148.0,356.65,118.0,276.99,567.0,1231.09,479.0,1070.95,831.0,1858.09,708.0,1570.12,525.0,1196.82,550.0,1190.8,349.0,720.06,4275.0,9471.6
,Philippines,,579.0,1401.47,547.0,1062.83,598.0,1388.24,223.0,516.65,531.0,1055.65,573.0,1249.13,416.0,846.97,535.0,1010.98,349.0,706.67,4351.0,9238.62
,Turkey,,123.0,315.18,191.0,438.03,509.0,1124.51,541.0,1216.02,453.0,947.79,597.0,1281.68,878.0,1871.86,599.0,1116.36,249.0,546.45,4140.0,8857.9
,Saudi Arabia,,0.0,0.0,0.0,0.0,987.0,2488.08,469.0,1184.63,453.0,1153.95,274.0,703.36,362.0,922.14,246.0,631.93,248.0,581.09,3039.0,7665.2
,South Africa,,224.0,710.39,205.0,709.39,279.0,757.05,333.0,927.51,368.0,1014.42,251.0,636.53,298.0,824.33,372.0,1066.87,266.0,636.58,2596.0,7283.1
,Myanmar,,0.0,0.0,0.0,0.0,439.0,1098.37,305.0,729.68,1090.0,2471.53,321.0,760.9,322.0,767.73,403.0,938.09,183.0,434.39,3063.0,7200.71
,Canada,,243.0,782.84,238.0,721.78,361.0,937.09,304.0,961.95,209.0,618.36,263.0,772.48,202.0,560.18,272.0,813.66,248.0,628.68,2340.0,6797.05
,France,,120.0,402.42,0.0,0.0,165.0,494.78,82.0,220.22,394.0,1184.69,359.0,928.36,357.0,920.58,548.0,1386.0,217.0,555.58,2242.0,6092.67
,Spain  ,,175.0,545.86,69.0,224.75,187.0,576.09,273.0,813.65,434.0,1237.67,188.0,532.55,286.0,854.52,221.0,609.21,148.0,398.76,1981.0,5793.09
,Senegal,,0.0,0.0,0.0,0.0,945.0,2192.77,415.0,936.66,109.0,219.88,430.0,987.42,108.0,250.92,258.0,555.87,267.0,554.16,2532.0,5697.7
,Poland,,128.0,456.07,54.0,123.14,234.0,656.8,379.0,961.88,222.0,615.38,249.0,593.8,253.0,627.68,345.0,858.13,244.0,589.98,2108.0,5482.9
,Japan,,241.0,754.24,187.0,422.06,290.0,589.12,128.0,274.56,288.0,565.37,421.0,1053.71,313.0,616.69,226.0,378.39,305.0,802.51,2399.0,5456.68
,Australia,,295.0,1140.5,76.0,236.21,184.0,610.49,219.0,893.61,51.0,141.96,162.0,495.0,102.0,320.36,179.0,512.01,185.0,531.09,1453.0,4881.27
,Malaysia,,145.0,432.33,95.0,304.01,111.0,336.69,137.0,385.58,174.0,386.75,216.0,583.43,125.0,373.13,327.0,814.49,53.0,136.31,1383.0,3752.76
,Ukraine  ,,49.0,121.05,64.0,161.3,105.0,205.56,136.0,320.05,306.0,682.53,242.0,519.62,154.0,347.57,290.0,625.99,245.0,507.69,1591.0,3491.38
,Italy,,80.0,259.82,16.0,45.3,116.0,342.68,99.0,277.93,113.0,343.63,125.0,310.81,104.0,312.01,29.0,74.76,114.0,307.16,796.0,2274.13
,Singapore ,,22.0,63.11,61.0,170.88,166.0,424.96,75.0,195.99,200.0,467.77,125.0,295.57,0.0,0.05,19.0,55.34,29.0,86.01,697.0,1759.71
,Belgium,,18.0,78.89,0.0,0.0,22.0,83.64,41.0,146.92,38.0,140.04,27.0,107.57,43.0,142.61,71.0,250.16,63.0,184.23,323.0,1134.09
,Algeria,,0.0,0.0,0.0,0.0,309.0,728.52,52.0,113.75,42.0,94.65,10.0,34.4,0.0,0.0,54.0,106.92,14.0,29.4,481.0,1107.64
,Kuwait,,50.0,144.19,45.0,113.47,71.0,179.32,77.0,203.72,30.0,72.07,14.0,35.0,24.0,44.57,15.0,36.52,53.0,93.23,379.0,922.13
,Sri Lanka,,0.0,0.0,0.0,0.0,150.0,429.3,0.0,0.0,0.0,0.0,0.0,0.0,0.0,0.58,0.0,0.0,2.0,4.6,152.0,434.48
Chemicals,,1000 USD,,223986.32,0.0,119097.35,0.0,142946.1,0.0,196965.08,0.0,179419.02,0.0,120379.34,0.0,159142.27,0.0,152049.52,0.0,145395.59,,1439380.64
,Of which:,,,,,,,,,,,,,,,,,,,,,
,"China, PR ",,0.0,80112.11,0.0,29838.53,0.0,26639.9,0.0,60151.45,0.0,61639.21,0.0,883.51,0.0,38569.04,0.0,44968.61,0.0,43281.36,0.0,386083.76
,India,,0.0,42887.35,0.0,23538.62,0.0,16368.7,0.0,47928.02,0.0,27848.99,0.0,32904.86,0.0,47180.65,0.0,22493.78,0.0,30367.96,0.0,291518.98
,Japan,,0.0,37779.45,0.0,28490.13,0.0,30528.16,0.0,31060.56,0.0,38591.12,0.0,34190.13,0.0,26483.63,0.0,29725.24,0.0,27575.06,0.0,284423.52
,Taiwan,,0.0,1704.16,0.0,1619.54,0.0,2084.5,0.0,12153.52,0.0,8815.84,0.0,2059.3,0.0,1513.84,0.0,23573.9,0.0,4573.61,0.0,58098.25
,Korea,,0.0,7124.22,0.0,5614.74,0.0,6409.45,0.0,4153.18,0.0,8910.34,0.0,2358.55,0.0,4126.65,0.0,5422.29,0.0,3671.33,0.0,47790.8
,United States,,0.0,2564.3,0.0,1242.96,0.0,4377.66,0.0,2666.65,0.0,3610.36,0.0,3315.72,0.0,5458.09,0.0,3329.51,0.0,3840.2,0.0,30405.49
,Canada,,0.0,0.0,0.0,0.0,0.0,8986.96,0.0,2659.13,0.0,3330.19,0.0,4275.71,0.0,3065.39,0.0,1640.06,0.0,767.42,0.0,24724.88
,Cambodia,,0.0,2308.24,0.0,1711.83,0.0,2386.51,0.0,2233.48,0.0,2275.68,0.0,2261.11,0.0,2431.48,0.0,1916.13,0.0,2435.52,0.0,19960.03
,Philippines,,0.0,3476.75,0.0,678.92,0.0,3546.36,0.0,3114.96,0.0,414.96,0.0,2892.29,0.0,3104.12,0.0,325.82,0.0,550.91,0.0,18105.11
,Netherlands,,0.0,2020.02,0.0,706.5,0.0,2427.25,0.0,2154.54,0.0,2134.81,0.0,1727.16,0.0,1989.91,0.0,2383.91,0.0,777.22,0.0,16321.36
,Thailand,,0.0,2132.23,0.0,319.89,0.0,2429.79,0.0,2372.14,0.0,478.24,0.0,2835.82,0.0,1045.61,0.0,2412.92,0.0,2118.08,0.0,16144.74
,Italy,,0.0,1890.6,0.0,1113.6,0.0,1359.6,0.0,1793.4,0.0,1263.6,0.0,1192.09,0.0,3264.4,0.0,833.98,0.0,688.72,0.0,13400.0
,Malaysia,,0.0,339.85,0.0,425.87,0.0,557.23,0.0,3956.1,0.0,95.04,0.0,600.11,0.0,1044.44,0.0,1614.44,0.0,4692.91,0.0,13326.03
,Indonesia,,0.0,815.0,0.0,531.16,0.0,928.11,0.0,945.89,0.0,232.67,0.0,535.38,0.0,308.45,0.0,938.37,0.0,937.89,0.0,6172.95
,Myanmar,,0.0,267.74,0.0,306.4,0.0,239.98,0.0,167.95,0.0,225.7,0.0,333.95,0.0,248.15,0.0,385.76,0.0,168.27,0.0,2343.96
Other base metals and products  ,,1000 USD,,231847.3,0.0,139515.65,0.0,242744.55,0.0,228748.85,0.0,234577.79,0.0,204624.47,0.0,230255.91,0.0,219931.72,0.0,205085.7,,1937331.97
,Of which:,,,,,,,,,,,,,,,,,,,,,
,India,,0.0,61882.43,0.0,38764.14,0.0,54886.51,0.0,56079.11,0.0,46639.16,0.0,51185.17,0.0,46877.38,0.0,40361.53,0.0,45089.54,0.0,441765.01
,United States,,0.0,37803.26,0.0,20606.86,0.0,39662.78,0.0,36568.67,0.0,43348.28,0.0,36852.29,0.0,45033.96,0.0,34513.01,0.0,32959.74,0.0,327348.88
,Japan,,0.0,23660.5,0.0,13842.55,0.0,23787.73,0.0,19695.11,0.0,23831.37,0.0,21760.5,0.0,21216.86,0.0,21309.83,0.0,17915.91,0.0,187020.4
,Korea,,0.0,19234.73,0.0,12161.01,0.0,23646.28,0.0,17530.95,0.0,21171.38,0.0,15656.38,0.0,22111.05,0.0,26360.2,0.0,22888.33,0.0,180760.34
,"China, PR ",,0.0,13943.76,0.0,10356.68,0.0,17522.25,0.0,20159.17,0.0,19129.08,0.0,15082.44,0.0,17338.93,0.0,17898.05,0.0,17101.71,0.0,148532.12
,Cambodia,,0.0,8335.74,0.0,5433.15,0.0,9357.24,0.0,8843.77,0.0,9453.78,0.0,8667.78,0.0,9504.42,0.0,9972.59,0.0,8373.3,0.0,77941.81
,Thailand,,0.0,5724.84,0.0,2234.72,0.0,5022.43,0.0,2160.0,0.0,6712.53,0.0,4869.59,0.0,5159.49,0.0,6345.59,0.0,6074.68,0.0,44303.9
,Taiwan,,0.0,4967.98,0.0,2779.32,0.0,6984.13,0.0,4057.43,0.0,7378.91,0.0,4711.2,0.0,4103.85,0.0,4980.67,0.0,4122.64,0.0,44086.17
,Egypt,,0.0,0.0,0.0,0.0,0.0,9256.04,0.0,7210.76,0.0,4433.54,0.0,2155.67,0.0,10036.71,0.0,4815.88,0.0,4230.51,0.0,42139.14
,Philippines,,0.0,7182.25,0.0,4398.92,0.0,3688.44,0.0,5857.92,0.0,5107.02,0.0,2097.05,0.0,3665.25,0.0,2546.51,0.0,6016.83,0.0,40560.22
,United Kingdom,,0.0,4544.57,0.0,2544.01,0.0,3218.6,0.0,4168.51,0.0,3793.83,0.0,3381.86,0.0,5025.13,0.0,4612.16,0.0,3364.58,0.0,34653.29
,Canada,,0.0,5038.56,0.0,1199.55,0.0,4734.21,0.0,3590.13,0.0,3468.0,0.0,3010.76,0.0,3561.77,0.0,2900.49,0.0,3013.81,0.0,30517.31
,Australia,,0.0,3067.1,0.0,1639.44,0.0,2701.76,0.0,3308.3,0.0,3523.29,0.0,3593.18,0.0,4272.01,0.0,4582.49,0.0,3209.81,0.0,29897.4
,Indonesia,,0.0,4672.89,0.0,1915.79,0.0,2958.75,0.0,3342.31,0.0,4114.23,0.0,3746.0,0.0,1880.13,0.0,3373.33,0.0,3267.62,0.0,29271.08
,Brazil,,0.0,1332.82,0.0,1231.41,0.0,2962.09,0.0,2702.52,0.0,4617.8,0.0,2339.97,0.0,2815.65,0.0,2778.47,0.0,1746.61,0.0,22527.36
,Malaysia,,0.0,1983.64,0.0,1716.29,0.0,2666.5,0.0,3072.18,0.0,2559.08,0.0,2463.77,0.0,2437.72,0.0,3042.61,0.0,2228.04,0.0,22169.87
,Algeria,,0.0,0.0,0.0,0.0,0.0,6307.55,0.0,1624.64,0.0,294.58,0.0,1076.45,0.0,1357.12,0.0,753.37,0.0,1295.21,0.0,12708.94
,FR. Germany,,0.0,1339.92,0.0,747.73,0.0,1148.99,0.0,1225.12,0.0,867.32,0.0,1412.07,0.0,1362.18,0.0,1485.5,0.0,1332.32,0.0,10921.19
,Myanmar,,0.0,757.95,0.0,829.99,0.0,2123.79,0.0,1138.41,0.0,1737.49,0.0,1245.62,0.0,974.1,0.0,672.2,0.0,658.79,0.0,10138.38
,Hong Kong SAR (China) ,,0.0,924.21,0.0,701.76,0.0,988.02,0.0,711.73,0.0,680.63,0.0,605.5,0.0,580.11,0.0,1083.84,0.0,640.48,0.0,6916.32
,Netherlands,,0.0,512.32,0.0,259.64,0.0,1066.94,0.0,271.13,0.0,326.0,0.0,840.72,0.0,527.64,0.0,670.85,0.0,560.0,0.0,5035.29
,Singapore ,,0.0,566.6,0.0,257.99,0.0,391.13,0.0,392.73,0.0,393.39,0.0,445.51,0.0,635.87,0.0,760.43,0.0,529.05,0.0,4372.75
,Czech Republic,,0.0,0.0,0.0,0.0,0.0,0.0,0.0,0.0,0.0,0.0,0.0,2699.94,0.0,167.0,0.0,255.48,0.0,155.96,0.0,3278.39
,Lao PDR,,0.0,290.63,0.0,218.95,0.0,239.99,0.0,267.92,0.0,378.35,0.0,198.45,0.0,89.23,0.0,470.09,0.0,437.98,0.0,2591.63
,Sweden,,0.0,163.08,0.0,62.88,0.0,9.08,0.0,21.16,0.0,19.54,0.0,253.95,0.0,517.83,0.0,154.22,0.0,59.72,0.0,1261.48
,Greece,,0.0,0.0,0.0,0.0,0.0,48.11,0.0,23.16,0.0,12.52,0.0,0.0,0.0,0.0,0.0,173.83,0.0,0.0,0.0,257.63
Cameras and their parts ,,1000 USD,,418790.1,0.0,271712.68,0.0,379500.44,0.0,392763.39,0.0,367741.76,0.0,293077.88,0.0,250882.18,0.0,276559.3,0.0,311460.72,,2962488.49
,Of which:,,,,,,,,,,,,,,,,,,,,,
,"China, PR ",,0.0,210315.75,0.0,116630.22,0.0,184086.26,0.0,199794.08,0.0,138434.71,0.0,118072.06,0.0,95900.09,0.0,107420.49,0.0,114969.37,0.0,1285623.06
,Hong Kong SAR (China) ,,0.0,83686.61,0.0,47773.46,0.0,48756.15,0.0,46942.28,0.0,59046.05,0.0,39313.7,0.0,19091.06,0.0,20382.77,0.0,15008.08,0.0,380000.19
,Korea,,0.0,31690.02,0.0,22863.69,0.0,42526.33,0.0,40859.59,0.0,36933.92,0.0,35038.17,0.0,31202.46,0.0,28100.81,0.0,29005.76,0.0,298220.78
,Japan,,0.0,9787.1,0.0,7106.45,0.0,17116.0,0.0,11955.9,0.0,9387.9,0.0,6392.7,0.0,12082.9,0.0,8008.18,0.0,19208.02,0.0,101045.19
,United States,,0.0,6111.69,0.0,4909.82,0.0,7850.44,0.0,7279.63,0.0,7955.27,0.0,6649.35,0.0,6141.12,0.0,7261.47,0.0,11531.59,0.0,65690.39
,Netherlands,,0.0,2223.3,0.0,2329.46,0.0,1710.47,0.0,2784.17,0.0,2840.4,0.0,2313.73,0.0,2623.56,0.0,2871.43,0.0,2000.12,0.0,21696.69
,Philippines,,0.0,1374.33,0.0,3234.53,0.0,3238.74,0.0,2573.54,0.0,1485.18,0.0,2045.48,0.0,2723.43,0.0,2195.75,0.0,2400.61,0.0,21271.62
,Taiwan,,0.0,884.88,0.0,67.0,0.0,355.79,0.0,120.92,0.0,100.02,0.0,2987.08,0.0,739.04,0.0,262.94,0.0,222.54,0.0,5740.25
,Norway,,0.0,0.0,0.0,0.0,0.0,515.49,0.0,512.09,0.0,439.86,0.0,498.42,0.0,636.76,0.0,537.1,0.0,70.16,0.0,3209.89
,Australia,,0.0,235.42,0.0,214.01,0.0,375.69,0.0,222.85,0.0,174.14,0.0,134.2,0.0,342.03,0.0,537.93,0.0,486.69,0.0,2722.99
,FR. Germany,,0.0,183.6,0.0,117.73,0.0,103.54,0.0,149.52,0.0,212.12,0.0,77.44,0.0,176.38,0.0,128.96,0.0,158.98,0.0,1308.31
,Canada,,0.0,111.18,0.0,82.95,0.0,74.87,0.0,8.72,0.0,155.46,0.0,84.46,0.0,45.69,0.0,53.39,0.0,197.92,0.0,814.7
"Other Machinery, instrument, accessory ",,1000 USD,,1630919.44,0.0,864531.89,0.0,1484073.2,0.0,1331684.36,0.0,1512988.18,0.0,1410625.64,0.0,1534469.25,0.0,1640459.17,0.0,1604158.91,,13013910.07
,Of which:,,,,,,,,,,,,,,,,,,,,,
,United States,,0.0,399821.57,0.0,221801.04,0.0,348278.89,0.0,331555.6,0.0,389560.27,0.0,375330.26,0.0,415868.86,0.0,472533.69,0.0,484425.37,0.0,3439175.58
,Japan,,0.0,177394.92,0.0,107814.98,0.0,165247.18,0.0,148278.96,0.0,164308.65,0.0,160327.5,0.0,165438.93,0.0,171590.46,0.0,153680.92,0.0,1414082.53
,Korea,,0.0,136232.18,0.0,65573.78,0.0,130920.5,0.0,130389.26,0.0,129145.8,0.0,126683.88,0.0,137582.45,0.0,155412.35,0.0,146546.74,0.0,1158486.98
,"China, PR ",,0.0,162155.35,0.0,42172.6,0.0,125956.36,0.0,112634.97,0.0,133835.61,0.0,114901.57,0.0,127867.32,0.0,142322.2,0.0,142280.62,0.0,1104126.64
,India,,0.0,75970.86,0.0,48241.31,0.0,94081.73,0.0,64731.38,0.0,73366.67,0.0,60680.45,0.0,75051.61,0.0,78752.2,0.0,53200.94,0.0,624077.18
,Hong Kong SAR (China) ,,0.0,89496.23,0.0,45897.98,0.0,62981.89,0.0,50522.92,0.0,55107.2,0.0,56756.48,0.0,62058.91,0.0,66370.97,0.0,60947.67,0.0,550140.3
,Netherlands,,0.0,43555.32,0.0,24724.24,0.0,38868.6,0.0,30235.04,0.0,35269.13,0.0,39891.86,0.0,40399.75,0.0,41299.64,0.0,48244.71,0.0,342488.34
,Thailand,,0.0,39309.1,0.0,23971.75,0.0,32254.41,0.0,33391.14,0.0,34134.52,0.0,33744.54,0.0,34773.0,0.0,38021.55,0.0,31804.06,0.0,301404.1
,FR. Germany,,0.0,42206.91,0.0,23944.3,0.0,35938.86,0.0,30393.5,0.0,34316.01,0.0,30139.24,0.0,31760.36,0.0,32676.78,0.0,34530.58,0.0,295906.58
,Singapore ,,0.0,30820.25,0.0,21793.45,0.0,37317.17,0.0,32002.9,0.0,32730.59,0.0,31190.9,0.0,34422.13,0.0,33935.9,0.0,31230.75,0.0,285444.07
,Poland,,0.0,33504.12,0.0,27332.51,0.0,34084.89,0.0,34836.05,0.0,31539.02,0.0,23766.71,0.0,31573.12,0.0,33832.29,0.0,31820.57,0.0,282289.31
,Philippines,,0.0,32180.67,0.0,17737.48,0.0,29835.17,0.0,30085.72,0.0,29424.34,0.0,22627.76,0.0,25668.99,0.0,29045.32,0.0,26497.94,0.0,243103.43
,Indonesia,,0.0,28566.88,0.0,21017.19,0.0,28561.56,0.0,20111.34,0.0,18250.24,0.0,24392.19,0.0,22553.37,0.0,22944.07,0.0,22921.74,0.0,209318.6
,Malaysia,,0.0,23658.41,0.0,9005.34,0.0,25385.27,0.0,32229.39,0.0,32343.28,0.0,23125.21,0.0,21945.36,0.0,21666.23,0.0,17989.21,0.0,207347.72
,United Kingdom,,0.0,19968.59,0.0,14533.16,0.0,20722.33,0.0,16340.91,0.0,18886.87,0.0,19828.44,0.0,22145.61,0.0,24848.21,0.0,29373.68,0.0,186647.83
,Australia,,0.0,21630.97,0.0,14642.59,0.0,16517.37,0.0,14123.09,0.0,20295.89,0.0,19753.7,0.0,24531.94,0.0,21509.15,0.0,28628.88,0.0,181633.61
,Italy,,0.0,24920.35,0.0,14899.32,0.0,23948.84,0.0,23805.95,0.0,18242.37,0.0,13639.89,0.0,17793.18,0.0,17870.57,0.0,21556.38,0.0,176676.88
,Mexico,,0.0,14011.76,0.0,9556.98,0.0,21774.55,0.0,18405.88,0.0,21265.2,0.0,20616.56,0.0,22827.38,0.0,18303.02,0.0,14971.43,0.0,161732.8
,Canada,,0.0,14012.64,0.0,8529.1,0.0,15366.82,0.0,14876.67,0.0,17564.94,0.0,13091.73,0.0,37261.18,0.0,17279.4,0.0,16170.94,0.0,154153.46
,Brazil,,0.0,20128.07,0.0,8550.95,0.0,17207.67,0.0,18160.52,0.0,25010.95,0.0,21920.57,0.0,11895.41,0.0,15099.91,0.0,13110.0,0.0,151084.09
,Taiwan,,0.0,17203.38,0.0,9949.24,0.0,17982.21,0.0,14842.46,0.0,17468.08,0.0,18065.98,0.0,17391.94,0.0,17504.04,0.0,17616.02,0.0,148023.4
,United Arab Emirates,,0.0,8753.02,0.0,6357.94,0.0,10187.43,0.0,6458.8,0.0,8872.02,0.0,9830.92,0.0,9012.17,0.0,16412.07,0.0,14006.55,0.0,89890.95
,Spain  ,,0.0,12285.73,0.0,5646.08,0.0,10316.92,0.0,8599.85,0.0,13754.19,0.0,10052.55,0.0,8527.61,0.0,5988.89,0.0,10539.85,0.0,85711.71
,Austria,,0.0,10279.79,0.0,7868.62,0.0,14079.15,0.0,8464.74,0.0,10143.9,0.0,7829.97,0.0,4951.81,0.0,6402.34,0.0,13471.84,0.0,83492.21
,Russia Federation,,0.0,9200.75,0.0,4270.16,0.0,7921.28,0.0,5904.24,0.0,8032.74,0.0,6884.33,0.0,6982.27,0.0,10887.81,0.0,13209.12,0.0,73292.72
,Belgium,,0.0,8878.05,0.0,5169.44,0.0,7924.67,0.0,8977.56,0.0,6846.14,0.0,9290.9,0.0,8355.25,0.0,7638.81,0.0,8223.72,0.0,71304.57
,Cambodia,,0.0,9316.5,0.0,5473.16,0.0,8858.5,0.0,6659.27,0.0,7639.57,0.0,7620.14,0.0,9279.61,0.0,7503.64,0.0,8173.53,0.0,70523.95
,France,,0.0,11110.46,0.0,4841.3,0.0,6871.56,0.0,8434.53,0.0,7988.02,0.0,6015.21,0.0,5634.49,0.0,7312.71,0.0,8301.28,0.0,66509.61
,Romania,,0.0,6485.25,0.0,2856.73,0.0,5923.02,0.0,6065.31,0.0,6874.2,0.0,6094.62,0.0,5165.68,0.0,5173.24,0.0,4752.81,0.0,49390.9
,Argentina,,0.0,0.0,0.0,0.0,0.0,9105.43,0.0,1352.49,0.0,12285.96,0.0,7512.49,0.0,7094.98,0.0,2407.86,0.0,606.7,0.0,40365.93
,Myanmar,,0.0,3211.39,0.0,1930.09,0.0,3380.59,0.0,4386.27,0.0,3922.63,0.0,4029.74,0.0,4068.09,0.0,3640.12,0.0,4041.31,0.0,32610.27
,Sweden,,0.0,2897.32,0.0,2590.71,0.0,3002.54,0.0,3628.21,0.0,4610.25,0.0,3509.94,0.0,4026.02,0.0,3944.52,0.0,3072.3,0.0,31281.84
,Hungary,,0.0,0.0,0.0,0.0,0.0,8513.61,0.0,4531.12,0.0,2726.01,0.0,4652.37,0.0,3292.9,0.0,3929.17,0.0,3192.24,0.0,30837.44
,Lao PDR,,0.0,2298.81,0.0,2526.18,0.0,3919.11,0.0,3191.35,0.0,3272.26,0.0,2666.53,0.0,3889.6,0.0,4399.3,0.0,1873.52,0.0,28036.7
,New Zealand,,0.0,3357.44,0.0,1948.97,0.0,2894.72,0.0,2529.81,0.0,2982.45,0.0,4381.48,0.0,2243.84,0.0,2406.63,0.0,4699.85,0.0,27445.23
,Turkey,,0.0,2021.44,0.0,1444.1,0.0,3565.01,0.0,3108.94,0.0,2495.22,0.0,2900.31,0.0,3234.2,0.0,2456.18,0.0,3123.02,0.0,24348.46
,South Africa,,0.0,3391.94,0.0,1285.64,0.0,2509.16,0.0,2624.71,0.0,2404.21,0.0,2458.62,0.0,2820.96,0.0,2512.2,0.0,1888.85,0.0,21896.31
,Egypt,,0.0,2868.26,0.0,1340.19,0.0,2698.66,0.0,2727.4,0.0,3541.23,0.0,1756.28,0.0,2130.92,0.0,2386.27,0.0,2071.7,0.0,21520.95
,Colombia,,0.0,0.0,0.0,0.0,0.0,6303.64,0.0,1930.1,0.0,2187.99,0.0,2313.04,0.0,1852.57,0.0,1925.68,0.0,1977.36,0.0,18490.41
,Chile,,0.0,0.0,0.0,0.0,0.0,5926.0,0.0,2999.9,0.0,2995.21,0.0,1895.01,0.0,1344.61,0.0,1421.5,0.0,1798.94,0.0,18381.18
,Czech Republic,,0.0,0.0,0.0,0.0,0.0,2422.2,0.0,692.65,0.0,1186.55,0.0,2451.38,0.0,3796.59,0.0,2409.05,0.0,3171.83,0.0,16130.27
,Denmark,,0.0,2333.7,0.0,952.83,0.0,1142.63,0.0,1586.81,0.0,1332.14,0.0,2642.71,0.0,1772.24,0.0,1838.02,0.0,1648.88,0.0,15250.0
,Saudi Arabia,,0.0,6819.07,0.0,479.75,0.0,659.65,0.0,977.87,0.0,640.12,0.0,887.68,0.0,913.24,0.0,172.37,0.0,1277.08,0.0,12826.87
,Switzerland,,0.0,1464.04,0.0,1010.63,0.0,1447.67,0.0,1148.89,0.0,1679.85,0.0,1470.39,0.0,1192.92,0.0,1545.04,0.0,1315.56,0.0,12275.02
,Bangladesh,,0.0,1491.69,0.0,636.13,0.0,1632.36,0.0,768.07,0.0,1480.91,0.0,211.42,0.0,359.07,0.0,2500.73,0.0,577.23,0.0,9657.67
,Pakistan,,0.0,0.0,0.0,0.0,0.0,3412.06,0.0,947.09,0.0,990.1,0.0,700.22,0.0,882.28,0.0,734.43,0.0,837.12,0.0,8503.32
,Ukraine  ,,0.0,0.0,0.0,0.0,0.0,1036.35,0.0,375.93,0.0,405.59,0.0,529.03,0.0,475.1,0.0,422.35,0.0,1596.28,0.0,4840.65
,Finland,,0.0,293.15,0.0,598.85,0.0,490.71,0.0,375.64,0.0,724.2,0.0,524.44,0.0,329.95,0.0,399.19,0.0,451.3,0.0,4187.46
,Norway,,0.0,428.68,0.0,383.73,0.0,544.36,0.0,176.29,0.0,505.96,0.0,221.22,0.0,499.19,0.0,214.15,0.0,604.93,0.0,3578.55
,Tazania,,0.0,0.0,0.0,0.0,0.0,1207.06,0.0,273.97,0.0,366.17,0.0,434.41,0.0,670.69,0.0,183.26,0.0,305.25,0.0,3440.83
,Mozambique,,0.0,0.0,0.0,0.0,0.0,946.92,0.0,407.53,0.0,124.16,0.0,405.78,0.0,251.13,0.0,348.87,0.0,846.76,0.0,3331.17
,Brunei,,0.0,0.0,0.0,0.0,0.0,866.7,0.0,145.14,0.0,397.31,0.0,90.4,0.0,205.19,0.0,435.87,0.0,37.29,0.0,2177.93
,Angola,,0.0,0.0,0.0,0.0,0.0,0.0,0.0,48.97,0.0,63.01,0.0,17.95,0.0,34.68,0.0,29.56,0.0,86.27,0.0,280.46
Computers and parts,,1000 USD,,2364613.32,0.0,1865771.16,0.0,2827518.78,0.0,2568352.88,0.0,2920859.34,0.0,2974351.0,0.0,3042090.66,0.0,3571913.92,0.0,3475989.59,,25611460.67
,Of which:,,,,,,,,,,,,,,,,,,,,,
,"China, PR ",,0.0,521741.4,0.0,514457.06,0.0,735211.64,0.0,660884.97,0.0,757690.12,0.0,790045.63,0.0,723792.37,0.0,889346.42,0.0,988191.61,0.0,6581361.25
,United States,,0.0,299235.73,0.0,214197.6,0.0,379706.54,0.0,394315.63,0.0,497530.95,0.0,511123.4,0.0,564049.35,0.0,594122.1,0.0,561016.67,0.0,4015298.0
,Korea,,0.0,265871.26,0.0,181013.91,0.0,267320.34,0.0,228129.12,0.0,219681.58,0.0,183676.92,0.0,201585.56,0.0,293423.35,0.0,306523.15,0.0,2147225.21
,Hong Kong SAR (China) ,,0.0,151161.76,0.0,147862.97,0.0,253934.89,0.0,156401.36,0.0,204762.8,0.0,277316.63,0.0,252053.93,0.0,344528.95,0.0,347030.72,0.0,2135054.05
,Taiwan,,0.0,88827.77,0.0,39642.09,0.0,107721.17,0.0,99485.6,0.0,148040.6,0.0,157477.4,0.0,152666.12,0.0,185495.04,0.0,196385.41,0.0,1175741.23
,Netherlands,,0.0,140247.19,0.0,101805.2,0.0,146921.03,0.0,135796.4,0.0,133105.99,0.0,122466.13,0.0,117820.41,0.0,156245.47,0.0,121266.28,0.0,1175674.14
,India,,0.0,78351.14,0.0,56336.33,0.0,81593.24,0.0,86009.55,0.0,110923.05,0.0,107699.64,0.0,136310.3,0.0,144268.36,0.0,124684.24,0.0,926175.88
,Japan,,0.0,87253.9,0.0,57698.44,0.0,84885.06,0.0,74962.68,0.0,89402.88,0.0,89352.33,0.0,90845.92,0.0,91770.97,0.0,87409.12,0.0,753581.34
,Mexico,,0.0,61833.3,0.0,62221.5,0.0,51245.27,0.0,62172.67,0.0,90780.08,0.0,96623.33,0.0,93523.14,0.0,120528.6,0.0,74421.77,0.0,713349.69
,Poland,,0.0,48656.03,0.0,45923.7,0.0,63223.68,0.0,41564.04,0.0,36967.41,0.0,35744.58,0.0,33497.91,0.0,77396.5,0.0,67153.23,0.0,450127.1
,Singapore ,,0.0,47490.67,0.0,33137.25,0.0,54120.62,0.0,48398.97,0.0,54272.43,0.0,45525.26,0.0,43781.34,0.0,44326.55,0.0,44755.03,0.0,415808.16
,FR. Germany,,0.0,52222.04,0.0,36246.22,0.0,50823.47,0.0,47490.14,0.0,52818.26,0.0,37446.85,0.0,40182.73,0.0,44466.08,0.0,38769.2,0.0,400465.01
,Slovakia ,,0.0,49480.3,0.0,34917.91,0.0,40534.38,0.0,25341.76,0.0,35228.47,0.0,45246.47,0.0,60521.72,0.0,52918.83,0.0,47732.26,0.0,391922.14
,Malaysia,,0.0,33600.4,0.0,25996.33,0.0,37437.48,0.0,34891.49,0.0,44231.4,0.0,48267.0,0.0,55726.67,0.0,43032.24,0.0,40312.61,0.0,363495.66
,Thailand,,0.0,38630.57,0.0,27349.85,0.0,38867.74,0.0,37453.48,0.0,39028.83,0.0,40784.56,0.0,38536.65,0.0,33280.71,0.0,36178.09,0.0,330110.52
,Australia,,0.0,33785.8,0.0,23967.58,0.0,40138.68,0.0,39690.35,0.0,38533.29,0.0,28383.98,0.0,30428.4,0.0,40373.5,0.0,36086.11,0.0,311387.71
,Russia Federation,,0.0,27427.26,0.0,21175.86,0.0,29028.43,0.0,24938.94,0.0,25043.75,0.0,31370.35,0.0,37169.63,0.0,49132.42,0.0,33826.27,0.0,279112.93
,United Arab Emirates,,0.0,17266.99,0.0,19686.34,0.0,29996.94,0.0,26531.95,0.0,35644.74,0.0,37845.35,0.0,22621.28,0.0,19093.79,0.0,18457.96,0.0,227145.36
,Hungary,,0.0,15755.71,0.0,10413.89,0.0,15353.99,0.0,18274.21,0.0,19534.74,0.0,25035.68,0.0,39053.21,0.0,32788.9,0.0,35825.07,0.0,212035.44
,United Kingdom,,0.0,20876.18,0.0,10048.69,0.0,26421.26,0.0,25974.72,0.0,19743.94,0.0,15734.06,0.0,25021.91,0.0,27214.21,0.0,24302.31,0.0,195337.33
,France,,0.0,29618.32,0.0,10703.59,0.0,20281.84,0.0,18634.58,0.0,23791.9,0.0,18133.11,0.0,19106.29,0.0,23231.39,0.0,24417.99,0.0,187919.05
,Canada,,0.0,17857.0,0.0,10284.02,0.0,17188.03,0.0,17787.95,0.0,21216.62,0.0,20599.26,0.0,23396.89,0.0,30587.86,0.0,25341.18,0.0,184258.84
,Italy,,0.0,27074.49,0.0,14300.12,0.0,23341.15,0.0,22731.39,0.0,18611.58,0.0,10553.59,0.0,18194.68,0.0,17096.89,0.0,15518.89,0.0,167422.81
,Indonesia,,0.0,16564.14,0.0,13521.59,0.0,17487.27,0.0,22102.76,0.0,12782.65,0.0,18970.35,0.0,17125.74,0.0,20168.15,0.0,13616.86,0.0,152339.54
,Turkey,,0.0,12368.81,0.0,20441.91,0.0,17813.98,0.0,18784.45,0.0,12829.46,0.0,16077.0,0.0,17666.91,0.0,14920.3,0.0,14669.17,0.0,145572.04
,Philippines,,0.0,13004.87,0.0,11026.77,0.0,15158.5,0.0,20695.51,0.0,16324.19,0.0,14098.13,0.0,14559.58,0.0,14531.0,0.0,16355.3,0.0,135753.88
,Brazil,,0.0,15940.8,0.0,11551.11,0.0,14132.95,0.0,19090.08,0.0,16584.17,0.0,14841.08,0.0,15127.12,0.0,13854.97,0.0,11856.69,0.0,132979.01
,Spain  ,,0.0,21496.6,0.0,14305.56,0.0,15787.84,0.0,15753.94,0.0,8118.14,0.0,9649.66,0.0,10588.01,0.0,13169.08,0.0,9440.67,0.0,118309.56
,Egypt,,0.0,0.0,0.0,0.0,0.0,29167.73,0.0,9088.43,0.0,10714.43,0.0,4120.92,0.0,15785.15,0.0,14921.41,0.0,6110.9,0.0,89909.0
,South Africa,,0.0,10600.72,0.0,6062.69,0.0,7592.61,0.0,10088.16,0.0,7772.88,0.0,6065.48,0.0,8297.42,0.0,14860.58,0.0,10723.13,0.0,82063.71
,Argentina,,0.0,0.0,0.0,0.0,0.0,19026.61,0.0,3445.87,0.0,9840.71,0.0,12692.55,0.0,9953.38,0.0,14769.85,0.0,1549.48,0.0,71278.49
,Sweden,,0.0,7199.62,0.0,3724.54,0.0,7056.65,0.0,7097.88,0.0,7908.12,0.0,2556.46,0.0,7602.2,0.0,7051.1,0.0,4546.61,0.0,54743.23
,Chile,,0.0,0.0,0.0,0.0,0.0,15811.03,0.0,13786.88,0.0,4364.33,0.0,7541.39,0.0,2820.34,0.0,2840.87,0.0,2697.57,0.0,49862.43
,New Zealand,,0.0,3466.51,0.0,3993.81,0.0,4810.37,0.0,6189.39,0.0,3937.36,0.0,4634.57,0.0,5449.59,0.0,6027.53,0.0,4990.36,0.0,43499.52
,Panama,,0.0,3451.54,0.0,4132.27,0.0,5489.71,0.0,4755.21,0.0,4596.61,0.0,3344.16,0.0,4186.3,0.0,3573.01,0.0,2447.95,0.0,35976.79
,Belgium,,0.0,3658.06,0.0,1709.04,0.0,2936.95,0.0,3806.91,0.0,3188.29,0.0,2459.34,0.0,3539.1,0.0,3552.61,0.0,5010.29,0.0,29860.62
,Portugal,,0.0,1886.59,0.0,3639.23,0.0,2367.23,0.0,3652.38,0.0,3335.12,0.0,1306.61,0.0,1267.19,0.0,2439.7,0.0,1725.12,0.0,21619.21
,Switzerland,,0.0,1748.26,0.0,1074.74,0.0,1099.34,0.0,1194.2,0.0,4880.72,0.0,1508.03,0.0,1937.73,0.0,1717.15,0.0,1964.0,0.0,17124.22
,Bangladesh,,0.0,0.0,0.0,0.0,0.0,6385.8,0.0,2119.15,0.0,1682.91,0.0,1076.19,0.0,1132.05,0.0,1104.2,0.0,1462.97,0.0,14963.3
,Greece,,0.0,0.0,0.0,0.0,0.0,5804.35,0.0,787.81,0.0,1145.73,0.0,700.94,0.0,991.26,0.0,667.67,0.0,2006.54,0.0,12104.32
,Saudi Arabia,,0.0,0.0,0.0,0.0,0.0,2713.8,0.0,1378.22,0.0,1964.28,0.0,898.94,0.0,1451.39,0.0,1116.8,0.0,1109.55,0.0,10633.0
,Peru,,0.0,0.0,0.0,0.0,0.0,3650.59,0.0,1172.46,0.0,914.03,0.0,1320.04,0.0,474.02,0.0,1692.54,0.0,958.35,0.0,10182.05
,Ukraine  ,,0.0,0.0,0.0,0.0,0.0,3946.91,0.0,795.8,0.0,623.64,0.0,645.38,0.0,898.03,0.0,1349.37,0.0,1453.82,0.0,9712.99
,Czech Republic,,0.0,0.0,0.0,0.0,0.0,1642.63,0.0,1518.63,0.0,1041.21,0.0,557.15,0.0,2396.34,0.0,947.79,0.0,1375.78,0.0,9479.56
,Colombia,,0.0,0.0,0.0,0.0,0.0,2712.61,0.0,648.53,0.0,713.21,0.0,941.97,0.0,585.91,0.0,1057.66,0.0,1699.77,0.0,8359.68
,Sri Lanka,,0.0,0.0,0.0,0.0,0.0,4959.46,0.0,264.02,0.0,404.1,0.0,270.67,0.0,733.76,0.0,671.8,0.0,623.44,0.0,7927.27
,Finland,,0.0,0.0,0.0,246.0,0.0,0.0,0.0,1093.15,0.0,33.86,0.0,1018.83,0.0,0.66,0.0,95.73,0.0,1063.41,0.0,3551.69
,Romania,,0.0,119.33,0.0,66.81,0.0,213.75,0.0,146.52,0.0,150.21,0.0,200.95,0.0,249.48,0.0,135.69,0.0,87.79,0.0,1370.56
,Nigeria,,0.0,33.89,0.0,15.99,0.0,130.23,0.0,23.21,0.0,321.1,0.0,533.32,0.0,7.96,0.0,68.54,0.0,101.73,0.0,1235.99
"Auxiliary materials for textile, garment, leather, footwear",,1000 USD,,165141.57,0.0,97500.41,0.0,173186.84,0.0,163675.43,0.0,179744.33,0.0,178358.31,0.0,180491.28,0.0,192182.03,0.0,160590.88,,1490871.09
,Of which:,,,,,,,,,,,,,,,,,,,,,
,"China, PR ",,0.0,16454.66,0.0,13147.29,0.0,22610.49,0.0,23684.42,0.0,33007.26,0.0,32465.23,0.0,34038.33,0.0,39462.69,0.0,24892.41,0.0,239762.82
,Cambodia,,0.0,26869.11,0.0,14988.17,0.0,25321.12,0.0,21614.11,0.0,22120.2,0.0,23667.53,0.0,24415.78,0.0,24089.19,0.0,23801.35,0.0,206886.59
,Indonesia,,0.0,24417.05,0.0,13301.32,0.0,23460.04,0.0,18622.56,0.0,14752.04,0.0,22877.73,0.0,21901.76,0.0,28221.68,0.0,25472.81,0.0,193027.02
,Hong Kong SAR (China) ,,0.0,13373.29,0.0,11955.04,0.0,18538.14,0.0,17288.41,0.0,22693.75,0.0,22910.04,0.0,15037.36,0.0,17849.96,0.0,12730.44,0.0,152376.46
,Japan,,0.0,12800.4,0.0,6594.88,0.0,10792.01,0.0,11247.74,0.0,9966.33,0.0,9330.27,0.0,9785.84,0.0,11687.58,0.0,10913.31,0.0,93118.4
,Korea,,0.0,9221.85,0.0,5198.23,0.0,8608.62,0.0,8386.92,0.0,8921.35,0.0,7994.39,0.0,10625.28,0.0,9215.59,0.0,6533.0,0.0,74705.27
,India,,0.0,6956.54,0.0,3358.37,0.0,7226.68,0.0,6701.81,0.0,9190.51,0.0,7616.04,0.0,8421.03,0.0,7836.88,0.0,7266.03,0.0,64573.92
,Slovakia ,,0.0,5234.56,0.0,1229.64,0.0,6504.29,0.0,7078.54,0.0,7883.64,0.0,7494.24,0.0,8679.02,0.0,8214.81,0.0,5289.17,0.0,57607.95
,United States,,0.0,6543.85,0.0,1951.45,0.0,4453.14,0.0,6051.77,0.0,5997.7,0.0,5748.58,0.0,5976.26,0.0,6334.04,0.0,5725.26,0.0,48782.1
,Myanmar,,0.0,0.0,0.0,0.0,0.0,15159.41,0.0,4104.46,0.0,4814.73,0.0,3728.44,0.0,4954.85,0.0,5960.66,0.0,6473.78,0.0,45196.35
,Thailand,,0.0,4601.54,0.0,2663.16,0.0,3545.05,0.0,4062.44,0.0,5290.57,0.0,4278.46,0.0,3807.65,0.0,3244.46,0.0,2194.5,0.0,33687.87
,Philippines,,0.0,4193.44,0.0,3569.11,0.0,4295.19,0.0,4266.6,0.0,4476.16,0.0,3420.55,0.0,3421.1,0.0,2775.13,0.0,3157.51,0.0,33574.84
,Italy,,0.0,4298.32,0.0,1674.63,0.0,2814.9,0.0,3421.53,0.0,2919.26,0.0,2546.11,0.0,2982.67,0.0,3493.51,0.0,3130.96,0.0,27281.91
,Argentina,,0.0,1598.53,0.0,1757.03,0.0,2908.07,0.0,3143.61,0.0,3568.62,0.0,3559.98,0.0,3430.18,0.0,1115.18,0.0,2903.64,0.0,23984.87
,Bangladesh,,0.0,3437.28,0.0,1394.65,0.0,2559.21,0.0,2478.37,0.0,3654.6,0.0,2273.04,0.0,2828.06,0.0,2553.13,0.0,2176.69,0.0,23355.07
,Taiwan,,0.0,1913.13,0.0,1160.99,0.0,2271.73,0.0,2291.08,0.0,2110.07,0.0,1187.46,0.0,1555.82,0.0,2125.46,0.0,1923.28,0.0,16539.06
,FR. Germany,,0.0,2614.36,0.0,1002.68,0.0,1563.24,0.0,1789.77,0.0,2571.74,0.0,1525.9,0.0,1941.26,0.0,1686.47,0.0,1048.58,0.0,15744.04
,United Kingdom,,0.0,1975.03,0.0,1246.11,0.0,1826.95,0.0,2190.12,0.0,1612.55,0.0,1668.14,0.0,1510.7,0.0,1804.39,0.0,1610.81,0.0,15444.82
,France,,0.0,2122.43,0.0,725.69,0.0,736.67,0.0,1188.31,0.0,1545.77,0.0,1553.36,0.0,1652.59,0.0,1308.84,0.0,1381.65,0.0,12215.34
,Australia,,0.0,791.09,0.0,505.41,0.0,1503.02,0.0,938.22,0.0,1233.09,0.0,1799.91,0.0,1857.42,0.0,2121.5,0.0,1358.7,0.0,12108.39
,Finland,,0.0,1207.39,0.0,443.83,0.0,870.17,0.0,1094.66,0.0,1006.01,0.0,1229.65,0.0,966.83,0.0,993.55,0.0,823.25,0.0,8635.36
,Netherlands,,0.0,1090.52,0.0,350.06,0.0,710.32,0.0,1070.29,0.0,1076.37,0.0,934.02,0.0,1202.5,0.0,745.87,0.0,676.99,0.0,7856.98
,Brazil,,0.0,1450.9,0.0,762.62,0.0,1090.05,0.0,1199.58,0.0,647.95,0.0,596.95,0.0,564.03,0.0,900.02,0.0,641.59,0.0,7853.74
,Austria,,0.0,809.99,0.0,252.34,0.0,706.36,0.0,473.38,0.0,602.56,0.0,679.71,0.0,809.24,0.0,766.38,0.0,437.44,0.0,5537.44
,Sweden,,0.0,466.29,0.0,441.35,0.0,545.59,0.0,512.43,0.0,578.89,0.0,742.05,0.0,657.81,0.0,863.59,0.0,711.46,0.0,5519.49
,Chile,,0.0,0.0,0.0,0.0,0.0,1900.62,0.0,406.59,0.0,624.32,0.0,448.88,0.0,264.74,0.0,352.39,0.0,229.44,0.0,4227.0
,Spain  ,,0.0,637.95,0.0,173.06,0.0,429.41,0.0,238.91,0.0,344.24,0.0,268.59,0.0,185.5,0.0,455.71,0.0,165.86,0.0,2899.27
,Turkey,,0.0,393.12,0.0,174.96,0.0,236.35,0.0,190.65,0.0,117.35,0.0,150.5,0.0,373.75,0.0,211.96,0.0,183.53,0.0,2032.2
Fertilizers,,Ton,43113.0,14024.99,35662.0,9668.51,45868.0,13542.06,82135.0,27201.82,77827.0,25572.21,60431.0,20849.61,64515.0,22377.6,115957.0,37320.61,93348.0,29216.75,618856.0,199774.19
,Of which:,,,,,,,,,,,,,,,,,,,,,
,Cambodia,,17224.0,6289.5,9270.0,3325.66,9818.0,3359.77,22946.0,7701.91,37139.0,13069.38,22918.0,8511.5,29541.0,11191.72,27593.0,10633.46,30948.0,11497.69,207397.0,75580.63
,Lao PDR,,2612.0,822.65,2782.0,1202.0,6166.0,1851.08,5763.0,2123.29,8456.0,2793.28,3917.0,1633.22,6556.0,2864.2,3686.0,1491.26,2571.0,1214.37,42509.0,15995.38
,Malaysia,,7266.0,1375.95,7112.0,1288.47,12998.0,2191.6,9488.0,1606.36,4948.0,947.43,4617.0,740.4,6100.0,1428.76,3261.0,1054.77,420.0,136.81,56210.0,10770.59
,Myanmar,,0.0,0.0,0.0,0.0,3720.0,1199.4,7219.0,2721.6,1943.0,674.37,1810.0,664.75,1210.0,381.7,2129.0,763.27,2719.0,1025.08,20750.0,7430.17
,Mozambique,,0.0,0.0,0.0,0.0,1080.0,481.68,0.0,0.0,0.0,0.0,0.0,0.0,0.0,0.0,19614.0,6544.58,831.0,398.88,21525.0,7425.14
,Korea,,252.0,49.14,6800.0,822.07,557.0,130.91,8178.0,2771.99,7426.0,2489.07,564.0,180.19,0.0,0.0,388.0,110.26,6829.0,860.02,30994.0,7413.67
,Thailand,,600.0,168.7,2449.0,790.84,1646.0,617.94,1040.0,358.68,1496.0,445.49,4253.0,1258.09,3344.0,1024.78,1290.0,402.0,574.0,126.91,16692.0,5193.45
,Japan,,3785.0,1769.23,259.0,71.79,4082.0,1900.35,38.0,19.46,420.0,115.73,40.0,8.03,198.0,72.33,578.0,142.57,407.0,102.64,9807.0,4202.15
,Philippines,,210.0,41.58,159.0,66.3,264.0,93.72,1240.0,381.99,679.0,225.42,2810.0,792.46,300.0,105.0,1196.0,323.18,159.0,66.3,7017.0,2095.97
,Taiwan,,120.0,34.8,200.0,66.2,386.0,109.65,216.0,61.4,420.0,130.6,380.0,118.4,100.0,20.0,300.0,99.6,370.0,107.28,2492.0,747.93
,Angola,,0.0,0.0,0.0,0.0,0.0,0.0,71.0,82.88,0.0,0.0,0.0,0.0,0.0,0.0,0.0,0.0,0.0,0.0,71.0,82.88
Means of transport and equipment,,1000 USD,,856928.41,0.0,491166.81,0.0,810421.45,0.0,665640.08,0.0,753135.34,0.0,663453.31,0.0,727552.66,0.0,753347.88,0.0,628015.92,,6349661.88
,Of which:,,,,,,,,,,,,,,,,,,,,,
,Japan,,0.0,255889.65,0.0,152186.82,0.0,228087.54,0.0,205908.8,0.0,231614.5,0.0,215215.43,0.0,217590.55,0.0,228311.73,0.0,199213.11,0.0,1934018.17
,United States,,0.0,145613.88,0.0,82713.06,0.0,129188.95,0.0,129774.03,0.0,135815.48,0.0,127071.78,0.0,181803.59,0.0,171250.19,0.0,136493.4,0.0,1239724.4
,Singapore ,,0.0,75882.92,0.0,41413.36,0.0,77110.26,0.0,19529.32,0.0,30824.76,0.0,18896.46,0.0,11623.76,0.0,21787.15,0.0,10345.8,0.0,307413.83
,Thailand,,0.0,36293.73,0.0,25832.41,0.0,27689.32,0.0,30848.42,0.0,33580.94,0.0,37073.36,0.0,33740.53,0.0,36095.6,0.0,32614.56,0.0,293768.9
,Korea,,0.0,31600.36,0.0,19895.8,0.0,31111.03,0.0,36462.07,0.0,33171.61,0.0,31527.22,0.0,34522.89,0.0,33759.37,0.0,31512.26,0.0,283562.63
,"China, PR ",,0.0,20277.23,0.0,14671.18,0.0,22774.74,0.0,23896.01,0.0,25420.8,0.0,23244.08,0.0,26834.43,0.0,28704.52,0.0,21777.62,0.0,207600.64
,Canada,,0.0,19766.33,0.0,20158.6,0.0,20137.56,0.0,19563.98,0.0,21345.78,0.0,19100.69,0.0,23887.6,0.0,23631.27,0.0,23704.02,0.0,191295.87
,Netherlands,,0.0,21816.79,0.0,16311.57,0.0,59592.99,0.0,17821.72,0.0,16755.66,0.0,11401.41,0.0,14554.68,0.0,17067.16,0.0,14226.61,0.0,189548.64
,Malaysia,,0.0,15776.3,0.0,21894.47,0.0,16163.43,0.0,15964.03,0.0,18260.52,0.0,15829.39,0.0,17235.67,0.0,16814.35,0.0,16531.67,0.0,154469.86
,Italy,,0.0,23314.53,0.0,11895.56,0.0,26163.23,0.0,18004.65,0.0,28658.26,0.0,10442.08,0.0,11704.56,0.0,8646.54,0.0,8576.25,0.0,147405.72
,Indonesia,,0.0,14204.67,0.0,8313.9,0.0,10288.07,0.0,13458.71,0.0,10135.26,0.0,12455.88,0.0,14021.64,0.0,13346.84,0.0,13668.26,0.0,109893.27
,United Kingdom,,0.0,11626.89,0.0,6230.12,0.0,10693.33,0.0,8623.95,0.0,10204.41,0.0,9316.79,0.0,9376.52,0.0,22969.97,0.0,8757.99,0.0,97800.01
,Mexico,,0.0,6470.61,0.0,5865.2,0.0,14176.93,0.0,9637.69,0.0,8117.36,0.0,9836.82,0.0,11299.65,0.0,13309.58,0.0,11180.91,0.0,89894.77
,FR. Germany,,0.0,11999.03,0.0,6080.46,0.0,9686.34,0.0,9813.94,0.0,8935.33,0.0,8010.9,0.0,7958.55,0.0,7973.77,0.0,5397.46,0.0,75855.81
,Australia,,0.0,3355.63,0.0,1813.82,0.0,3828.06,0.0,2532.07,0.0,33740.21,0.0,19383.04,0.0,3931.53,0.0,3949.7,0.0,2897.24,0.0,75431.34
,India,,0.0,9420.48,0.0,6366.19,0.0,9932.4,0.0,8868.23,0.0,8716.23,0.0,8985.91,0.0,8340.05,0.0,7320.13,0.0,5716.08,0.0,73665.74
,Myanmar,,0.0,6679.98,0.0,4951.28,0.0,5563.39,0.0,6941.27,0.0,7542.6,0.0,7593.47,0.0,7944.2,0.0,7411.64,0.0,8899.42,0.0,63527.3
,Brazil,,0.0,6895.44,0.0,3282.77,0.0,6553.92,0.0,6650.97,0.0,7775.31,0.0,7697.06,0.0,8134.91,0.0,8663.65,0.0,7492.4,0.0,63146.45
,France,,0.0,5970.64,0.0,3072.1,0.0,4557.65,0.0,4236.17,0.0,5341.97,0.0,11061.61,0.0,4036.43,0.0,11255.67,0.0,5266.1,0.0,54798.38
,Taiwan,,0.0,3911.43,0.0,2584.23,0.0,5881.64,0.0,5858.68,0.0,6283.38,0.0,5524.56,0.0,6048.35,0.0,5901.5,0.0,5274.88,0.0,47268.7
,Lao PDR,,0.0,5925.9,0.0,3213.49,0.0,5746.94,0.0,5119.8,0.0,5192.84,0.0,4152.73,0.0,3894.19,0.0,4559.82,0.0,4444.66,0.0,42250.41
,Philippines,,0.0,4648.25,0.0,2672.48,0.0,3671.27,0.0,3764.04,0.0,7148.11,0.0,4821.1,0.0,5540.03,0.0,4735.8,0.0,4295.01,0.0,41296.14
,Cambodia,,0.0,5879.23,0.0,3218.21,0.0,4395.51,0.0,4049.63,0.0,5147.92,0.0,5094.07,0.0,4018.06,0.0,5070.42,0.0,4286.22,0.0,41159.31
,United Arab Emirates,,0.0,1549.85,0.0,959.53,0.0,1048.09,0.0,1411.5,0.0,1330.24,0.0,417.73,0.0,573.47,0.0,9739.21,0.0,6732.99,0.0,23762.64
,Spain  ,,0.0,4254.66,0.0,1435.32,0.0,2428.61,0.0,3406.23,0.0,2718.53,0.0,2718.18,0.0,2234.26,0.0,1696.23,0.0,1366.42,0.0,22258.48
,Czech Republic,,0.0,2416.06,0.0,1747.42,0.0,2438.64,0.0,1734.5,0.0,2336.44,0.0,1097.43,0.0,1803.84,0.0,1523.91,0.0,2077.98,0.0,17176.26
,Norway,,0.0,87.81,0.0,53.85,0.0,15055.9,0.0,142.48,0.0,10.22,0.0,42.51,0.0,71.93,0.0,67.17,0.0,114.82,0.0,15646.71
,Chile,,0.0,0.0,0.0,0.0,0.0,10846.61,0.0,344.18,0.0,613.99,0.0,576.49,0.0,659.48,0.0,320.39,0.0,343.74,0.0,13704.9
,Egypt,,0.0,1359.49,0.0,665.54,0.0,1454.65,0.0,699.1,0.0,2393.17,0.0,1157.32,0.0,1340.49,0.0,2165.56,0.0,1468.37,0.0,12703.73
,Turkey,,0.0,1524.35,0.0,611.59,0.0,1375.08,0.0,2258.76,0.0,1984.87,0.0,2058.25,0.0,549.6,0.0,978.73,0.0,923.05,0.0,12264.31
,Saudi Arabia,,0.0,0.0,0.0,0.0,0.0,0.0,0.0,3610.69,0.0,676.76,0.0,1560.26,0.0,2217.83,0.0,1729.97,0.0,2216.43,0.0,12011.97
,Greece,,0.0,649.99,0.0,624.96,0.0,685.04,0.0,714.67,0.0,941.8,0.0,568.53,0.0,1412.09,0.0,1112.21,0.0,431.28,0.0,7140.6
,South Africa,,0.0,490.21,0.0,458.35,0.0,543.69,0.0,629.66,0.0,826.33,0.0,792.99,0.0,667.21,0.0,1031.32,0.0,704.52,0.0,6144.31
,Switzerland,,0.0,0.0,0.0,0.0,0.0,0.0,0.0,0.0,0.0,5361.04,0.0,180.47,0.0,96.22,0.0,221.52,0.0,151.24,0.0,6010.51
,Hungary,,0.0,744.98,0.0,473.7,0.0,964.4,0.0,857.66,0.0,618.77,0.0,342.62,0.0,510.16,0.0,507.68,0.0,579.3,0.0,5599.3
,Finland,,0.0,0.0,0.0,0.0,0.0,1352.65,0.0,412.29,0.0,306.31,0.0,821.89,0.0,1041.05,0.0,805.32,0.0,805.05,0.0,5544.59
,Colombia,,0.0,0.0,0.0,0.0,0.0,1690.79,0.0,457.77,0.0,356.75,0.0,507.75,0.0,820.57,0.0,288.91,0.0,816.01,0.0,4938.58
,Pakistan,,0.0,0.0,0.0,0.0,0.0,1179.67,0.0,802.3,0.0,544.16,0.0,541.82,0.0,436.31,0.0,466.63,0.0,485.88,0.0,4456.79
,Denmark,,0.0,696.33,0.0,230.95,0.0,450.78,0.0,428.81,0.0,361.68,0.0,448.19,0.0,301.1,0.0,965.5,0.0,386.66,0.0,4270.03
,Kuwait,,0.0,0.0,0.0,0.0,0.0,1225.47,0.0,130.5,0.0,675.5,0.0,477.11,0.0,164.7,0.0,291.72,0.0,211.1,0.0,3176.13
,Romania,,0.0,0.0,0.0,0.0,0.0,1435.99,0.0,285.71,0.0,363.21,0.0,80.8,0.0,409.28,0.0,190.89,0.0,250.95,0.0,3016.86
,Nigeria,,0.0,0.0,0.0,296.78,0.0,2.28,0.0,435.37,0.0,0.25,0.0,0.0,0.0,895.1,0.0,188.51,0.0,59.43,0.0,1877.75
,Panama,,0.0,97.52,0.0,163.75,0.0,84.4,0.0,111.9,0.0,161.91,0.0,1.84,0.0,194.08,0.0,49.21,0.0,51.88,0.0,916.52
,Senegal,,0.0,94.76,0.0,0.0,0.0,34.27,0.0,12.0,0.0,0.0,0.0,0.0,0.0,0.0,0.0,8.12,0.0,0.0,0.0,149.15
Ores and other minerals,,Ton,133376.0,10437.82,195605.0,20868.33,278921.0,18285.87,374537.0,28540.77,336181.0,20489.6,302646.0,23695.59,271997.0,16114.42,234135.0,17932.26,192918.0,16565.54,2320316.0,172930.24
,Of which:,,,,,,,,,,,,,,,,,,,,,
,"China, PR ",,94279.0,5006.55,119446.0,4505.8,230251.0,8376.93,245771.0,10450.34,258337.0,10106.84,178597.0,7470.15,220693.0,9140.33,139276.0,5288.78,104257.0,4240.9,1590907.0,64586.66
,Japan,,3520.0,547.53,9205.0,3686.68,308.0,605.5,4325.0,1849.84,3716.0,375.77,4198.0,1578.01,100.0,30.03,8329.0,3129.09,4705.0,1550.13,38406.0,13352.62
,Taiwan,,15130.0,696.33,9893.0,616.31,15631.0,969.99,30691.0,1024.58,12827.0,1039.83,13337.0,1033.72,9465.0,754.75,35847.0,1248.13,13231.0,1455.79,156052.0,8839.47
,Korea,,2176.0,1174.82,40.0,520.0,1196.0,898.45,3585.0,660.3,10522.0,788.06,682.0,300.21,735.0,207.05,641.0,554.37,1000.0,72.0,20577.0,5175.28
,Malaysia,,7244.0,751.86,4214.0,545.65,2160.0,120.76,2160.0,121.16,5361.0,522.2,5850.0,658.14,726.0,77.88,8872.0,626.96,3000.0,339.0,39587.0,3763.63
,New Zealand,,200.0,20.4,400.0,40.8,11622.0,790.31,400.0,38.0,9000.0,612.0,9000.0,612.0,522.0,35.46,11626.0,790.57,9687.0,658.74,52457.0,3598.29
,Thailand,,11.0,31.6,17.0,46.74,300.0,234.0,200.0,156.0,200.0,156.0,0.0,0.0,162.0,155.59,150.0,117.0,0.0,0.0,1040.0,896.93
,Indonesia,,1512.0,179.92,756.0,89.96,0.0,0.0,0.0,0.05,756.0,89.2,0.0,0.0,3000.0,387.0,0.0,0.0,13.0,3.09,6037.0,749.25
Pottery and glasware,,1000 USD,,57362.72,0.0,27091.49,0.0,45477.48,0.0,42054.61,0.0,41918.02,0.0,38716.34,0.0,46885.6,0.0,47015.06,0.0,42536.3,,389057.65
,Of which:,,,,,,,,,,,,,,,,,,,,,
,United States,,0.0,14733.03,0.0,5638.14,0.0,8792.79,0.0,6397.74,0.0,5979.68,0.0,5061.02,0.0,6963.77,0.0,6247.34,0.0,6736.91,0.0,66550.46
,Japan,,0.0,7358.41,0.0,3763.49,0.0,6293.35,0.0,6364.02,0.0,5974.92,0.0,6070.35,0.0,7488.39,0.0,6571.51,0.0,5632.84,0.0,55517.31
,Taiwan,,0.0,3075.19,0.0,2084.98,0.0,3129.33,0.0,4070.4,0.0,4325.0,0.0,3526.4,0.0,3910.67,0.0,3813.22,0.0,3456.3,0.0,31391.52
,Thailand,,0.0,2816.46,0.0,2014.62,0.0,2837.04,0.0,2780.17,0.0,2984.55,0.0,2472.25,0.0,2446.09,0.0,2884.7,0.0,3465.93,0.0,24701.85
,Korea,,0.0,3157.99,0.0,1551.93,0.0,2292.56,0.0,2970.77,0.0,2998.66,0.0,2538.95,0.0,2019.64,0.0,3222.1,0.0,2050.17,0.0,22802.8
,Philippines,,0.0,2037.44,0.0,319.88,0.0,1307.52,0.0,1518.17,0.0,1940.05,0.0,1929.13,0.0,3543.56,0.0,3226.23,0.0,3159.59,0.0,18981.61
,United Kingdom,,0.0,4066.98,0.0,1122.56,0.0,2961.0,0.0,2361.74,0.0,2276.85,0.0,1475.82,0.0,1227.22,0.0,2191.94,0.0,1189.1,0.0,18873.25
,Indonesia,,0.0,2394.2,0.0,1802.1,0.0,2225.64,0.0,1254.02,0.0,910.98,0.0,2312.48,0.0,1537.28,0.0,2236.88,0.0,1261.83,0.0,15935.44
,"China, PR ",,0.0,753.23,0.0,1280.61,0.0,1299.37,0.0,1556.65,0.0,1670.23,0.0,957.6,0.0,3757.59,0.0,1733.17,0.0,2008.95,0.0,15017.43
,Cambodia,,0.0,1008.17,0.0,1082.98,0.0,1825.0,0.0,1365.6,0.0,1655.2,0.0,1652.8,0.0,2401.34,0.0,1512.99,0.0,1995.97,0.0,14500.09
,Netherlands,,0.0,1156.62,0.0,450.1,0.0,1088.85,0.0,1293.72,0.0,1324.6,0.0,1133.59,0.0,1434.65,0.0,2142.09,0.0,931.05,0.0,10955.31
,Australia,,0.0,1181.91,0.0,558.19,0.0,1050.82,0.0,1189.28,0.0,1326.42,0.0,1131.35,0.0,1352.45,0.0,1531.15,0.0,1399.64,0.0,10721.25
,FR. Germany,,0.0,1737.32,0.0,642.21,0.0,1490.75,0.0,948.47,0.0,1571.08,0.0,1018.6,0.0,768.04,0.0,693.08,0.0,996.35,0.0,9865.95
,France,,0.0,1135.21,0.0,184.55,0.0,394.44,0.0,284.79,0.0,674.71,0.0,1419.4,0.0,947.8,0.0,1851.14,0.0,1716.87,0.0,8608.95
,Malaysia,,0.0,408.07,0.0,277.97,0.0,1379.05,0.0,688.26,0.0,1054.44,0.0,885.97,0.0,1011.05,0.0,812.11,0.0,726.93,0.0,7243.88
,Italy,,0.0,1012.82,0.0,523.95,0.0,640.11,0.0,864.66,0.0,740.5,0.0,646.29,0.0,891.89,0.0,1015.8,0.0,873.98,0.0,7210.01
,Myanmar,,0.0,707.99,0.0,424.07,0.0,533.08,0.0,787.75,0.0,533.39,0.0,480.68,0.0,636.95,0.0,589.52,0.0,668.45,0.0,5361.92
,Lao PDR,,0.0,754.73,0.0,464.72,0.0,793.73,0.0,672.38,0.0,682.58,0.0,538.14,0.0,444.26,0.0,449.74,0.0,513.01,0.0,5313.32
,Canada,,0.0,1011.79,0.0,415.62,0.0,760.23,0.0,165.71,0.0,214.64,0.0,240.2,0.0,239.98,0.0,237.45,0.0,260.71,0.0,3546.37
,Denmark,,0.0,866.57,0.0,251.98,0.0,245.83,0.0,175.76,0.0,181.55,0.0,173.05,0.0,216.39,0.0,77.29,0.0,47.63,0.0,2236.09
,India,,0.0,308.59,0.0,158.78,0.0,175.73,0.0,390.4,0.0,205.19,0.0,190.96,0.0,270.35,0.0,306.31,0.0,136.54,0.0,2142.88
,Belgium,,0.0,551.49,0.0,164.56,0.0,418.03,0.0,210.44,0.0,153.39,0.0,97.3,0.0,129.0,0.0,179.43,0.0,122.31,0.0,2025.98
,Spain  ,,0.0,323.83,0.0,87.42,0.0,260.29,0.0,216.78,0.0,220.1,0.0,77.45,0.0,148.72,0.0,134.34,0.0,231.21,0.0,1700.17
,Argentina,,0.0,473.74,0.0,387.61,0.0,317.88,0.0,57.29,0.0,99.19,0.0,51.39,0.0,44.55,0.0,109.75,0.0,76.97,0.0,1618.41
,Russia Federation,,0.0,176.97,0.0,74.37,0.0,109.71,0.0,33.43,0.0,129.86,0.0,132.42,0.0,131.58,0.0,222.02,0.0,146.52,0.0,1156.93
,Singapore ,,0.0,106.09,0.0,95.62,0.0,202.5,0.0,85.19,0.0,138.59,0.0,98.47,0.0,193.32,0.0,104.46,0.0,108.22,0.0,1132.5
,Hong Kong SAR (China) ,,0.0,37.29,0.0,27.38,0.0,61.5,0.0,114.29,0.0,93.65,0.0,131.81,0.0,233.9,0.0,108.95,0.0,144.64,0.0,953.45
,Sweden,,0.0,203.4,0.0,93.34,0.0,167.55,0.0,46.03,0.0,56.12,0.0,100.08,0.0,72.58,0.0,99.06,0.0,22.3,0.0,860.48
,Austria,,0.0,0.0,0.0,0.0,0.0,0.0,0.0,0.0,0.0,21.06,0.0,9.55,0.0,2.52,0.0,4.2,0.0,5.39,0.0,42.74
,Iraq,,0.0,0.0,0.0,0.0,0.0,0.0,0.0,0.0,0.0,0.0,0.0,0.0,0.0,0.0,0.0,0.0,0.0,23.0,0.0,23.0
"Rattan, bamboo and rush products ",,1000 USD,,45280.98,0.0,22413.8,0.0,39875.39,0.0,37143.5,0.0,42701.55,0.0,38257.23,0.0,40401.77,0.0,40299.77,0.0,34326.16,,340700.18
,Of which:,,,,,,,,,,,,,,,,,,,,,
,United States,,0.0,12328.11,0.0,5875.91,0.0,9850.82,0.0,9597.74,0.0,11279.78,0.0,11357.71,0.0,13715.39,0.0,12348.79,0.0,10215.82,0.0,96570.12
,Japan,,0.0,5877.69,0.0,3316.0,0.0,6197.05,0.0,5838.21,0.0,6290.87,0.0,4860.08,0.0,5368.41,0.0,7191.69,0.0,5874.21,0.0,50814.24
,FR. Germany,,0.0,2703.43,0.0,1521.48,0.0,2674.81,0.0,2893.83,0.0,2413.43,0.0,2214.91,0.0,1885.91,0.0,2140.19,0.0,2321.97,0.0,20770.0
,United Kingdom,,0.0,2660.51,0.0,1593.82,0.0,3858.28,0.0,2483.26,0.0,2630.79,0.0,2205.0,0.0,1495.05,0.0,1444.26,0.0,1215.22,0.0,19586.23
,France,,0.0,2920.79,0.0,730.94,0.0,1712.75,0.0,1688.43,0.0,2480.05,0.0,1803.41,0.0,2040.1,0.0,1538.55,0.0,1204.72,0.0,16119.79
,Spain  ,,0.0,2552.24,0.0,1312.14,0.0,2068.81,0.0,1944.85,0.0,1774.05,0.0,1451.68,0.0,1559.99,0.0,1462.99,0.0,907.4,0.0,15034.2
,Australia,,0.0,1954.48,0.0,618.26,0.0,1378.37,0.0,1252.23,0.0,1616.08,0.0,1842.25,0.0,1835.4,0.0,2016.79,0.0,1439.8,0.0,13953.7
,Korea,,0.0,1100.87,0.0,419.4,0.0,1615.77,0.0,1911.73,0.0,1548.48,0.0,1872.43,0.0,1721.07,0.0,1733.07,0.0,1451.56,0.0,13374.42
,Netherlands,,0.0,1922.06,0.0,930.2,0.0,1241.69,0.0,879.34,0.0,1098.56,0.0,1216.42,0.0,1277.89,0.0,830.51,0.0,1103.8,0.0,10500.51
,India,,0.0,830.87,0.0,418.08,0.0,934.14,0.0,1305.73,0.0,1503.38,0.0,1039.07,0.0,998.25,0.0,1348.26,0.0,828.19,0.0,9205.99
,"China, PR ",,0.0,914.51,0.0,418.51,0.0,800.09,0.0,886.78,0.0,1070.01,0.0,1135.23,0.0,1352.78,0.0,976.0,0.0,951.95,0.0,8505.91
,Canada,,0.0,1046.47,0.0,505.23,0.0,1046.55,0.0,988.34,0.0,675.42,0.0,557.66,0.0,763.02,0.0,681.62,0.0,557.8,0.0,6822.15
,Italy,,0.0,656.33,0.0,744.74,0.0,717.43,0.0,657.57,0.0,917.87,0.0,517.14,0.0,751.41,0.0,565.82,0.0,684.46,0.0,6212.8
,Belgium,,0.0,773.63,0.0,452.0,0.0,551.53,0.0,588.38,0.0,1073.4,0.0,593.64,0.0,458.13,0.0,709.87,0.0,291.85,0.0,5492.47
,Sweden,,0.0,780.9,0.0,324.28,0.0,768.32,0.0,532.29,0.0,591.88,0.0,601.56,0.0,541.24,0.0,594.58,0.0,520.11,0.0,5255.2
,Taiwan,,0.0,251.91,0.0,294.89,0.0,429.31,0.0,476.67,0.0,695.1,0.0,535.37,0.0,622.65,0.0,776.81,0.0,628.03,0.0,4710.78
,Denmark,,0.0,1101.37,0.0,138.84,0.0,521.46,0.0,346.39,0.0,580.06,0.0,380.7,0.0,109.76,0.0,244.35,0.0,363.0,0.0,3785.97
,Poland,,0.0,563.81,0.0,227.58,0.0,701.47,0.0,382.85,0.0,406.46,0.0,285.37,0.0,220.57,0.0,342.19,0.0,307.51,0.0,3437.85
,Russia Federation,,0.0,353.15,0.0,127.99,0.0,207.53,0.0,120.48,0.0,257.08,0.0,248.83,0.0,394.79,0.0,308.71,0.0,246.59,0.0,2265.19
,Austria,,0.0,138.83,0.0,454.33,0.0,326.53,0.0,0.0,0.0,0.2,0.0,3.68,0.0,1.38,0.0,5.52,0.0,0.0,0.0,930.49
,Brazil,,0.0,135.58,0.0,29.37,0.0,50.37,0.0,122.44,0.0,91.4,0.0,148.01,0.0,115.54,0.0,52.92,0.0,61.35,0.0,807.01
Articles of rubber,,1000 USD,,68640.34,0.0,36766.12,0.0,62541.99,0.0,62038.5,0.0,67375.46,0.0,63178.85,0.0,65848.16,0.0,68520.41,0.0,63948.98,,558858.86
,Of which:,,,,,,,,,,,,,,,,,,,,,
,United States,,0.0,17027.58,0.0,8908.12,0.0,14846.78,0.0,14746.96,0.0,15430.17,0.0,16537.41,0.0,17405.06,0.0,16604.08,0.0,19149.71,0.0,140655.9
,Japan,,0.0,13686.53,0.0,7327.11,0.0,11772.87,0.0,11352.41,0.0,13286.29,0.0,11604.64,0.0,12197.78,0.0,12972.9,0.0,11736.59,0.0,105937.15
,"China, PR ",,0.0,5834.07,0.0,4383.92,0.0,7947.73,0.0,7510.38,0.0,7750.56,0.0,5724.65,0.0,6791.12,0.0,7591.42,0.0,6519.63,0.0,60053.51
,Korea,,0.0,5692.1,0.0,3790.06,0.0,5991.54,0.0,5467.86,0.0,6116.03,0.0,6275.86,0.0,5857.75,0.0,5752.15,0.0,5864.97,0.0,50808.36
,FR. Germany,,0.0,4523.77,0.0,832.22,0.0,2165.3,0.0,2507.25,0.0,2450.72,0.0,2507.37,0.0,3693.11,0.0,2994.07,0.0,2133.49,0.0,23807.33
,Netherlands,,0.0,2142.39,0.0,896.17,0.0,1563.9,0.0,2597.66,0.0,1944.38,0.0,2111.53,0.0,1914.34,0.0,1975.43,0.0,1461.19,0.0,16607.04
,United Kingdom,,0.0,2370.08,0.0,1142.09,0.0,1407.72,0.0,1721.82,0.0,1432.09,0.0,1377.66,0.0,1416.73,0.0,2139.74,0.0,1353.91,0.0,14361.88
,Indonesia,,0.0,1503.94,0.0,927.16,0.0,1046.79,0.0,1169.26,0.0,1118.43,0.0,2067.78,0.0,1735.6,0.0,1881.74,0.0,1668.59,0.0,13119.32
,Brazil,,0.0,1402.21,0.0,770.94,0.0,1006.44,0.0,1170.61,0.0,1754.58,0.0,1688.15,0.0,1549.82,0.0,1649.06,0.0,1290.38,0.0,12282.21
,Thailand,,0.0,1439.75,0.0,636.64,0.0,1290.65,0.0,1074.52,0.0,1440.45,0.0,1320.86,0.0,1381.78,0.0,1278.95,0.0,1108.36,0.0,10971.99
,France,,0.0,1606.72,0.0,498.74,0.0,1428.39,0.0,848.52,0.0,1184.75,0.0,1542.76,0.0,1100.87,0.0,1675.18,0.0,1005.07,0.0,10891.04
,Taiwan,,0.0,1040.3,0.0,865.97,0.0,1158.38,0.0,1063.58,0.0,1201.52,0.0,1287.36,0.0,1255.67,0.0,1132.63,0.0,1051.63,0.0,10057.08
,Italy,,0.0,1127.91,0.0,949.11,0.0,687.7,0.0,730.22,0.0,1400.25,0.0,1004.55,0.0,1021.21,0.0,1404.99,0.0,970.0,0.0,9295.97
,India,,0.0,1074.65,0.0,534.79,0.0,1001.84,0.0,1015.31,0.0,770.31,0.0,762.63,0.0,760.14,0.0,772.03,0.0,921.33,0.0,7613.06
,Australia,,0.0,1004.08,0.0,299.37,0.0,951.9,0.0,990.73,0.0,801.44,0.0,482.13,0.0,599.35,0.0,727.0,0.0,586.28,0.0,6442.33
,Malaysia,,0.0,612.88,0.0,486.29,0.0,1139.2,0.0,552.66,0.0,682.44,0.0,479.14,0.0,614.6,0.0,718.84,0.0,541.48,0.0,5827.56
,Turkey,,0.0,586.32,0.0,83.17,0.0,466.33,0.0,335.25,0.0,444.37,0.0,249.0,0.0,646.27,0.0,627.84,0.0,500.88,0.0,3939.48
,Cambodia,,0.0,542.74,0.0,496.53,0.0,584.16,0.0,330.03,0.0,360.23,0.0,306.77,0.0,293.37,0.0,532.77,0.0,296.06,0.0,3742.69
,Belgium,,0.0,418.66,0.0,202.32,0.0,329.63,0.0,460.16,0.0,238.22,0.0,359.54,0.0,376.77,0.0,399.1,0.0,270.93,0.0,3055.36
,Spain  ,,0.0,149.47,0.0,69.6,0.0,338.88,0.0,191.45,0.0,616.87,0.0,355.65,0.0,100.08,0.0,328.85,0.0,184.84,0.0,2335.74
,Bangladesh,,0.0,275.17,0.0,256.93,0.0,98.63,0.0,268.77,0.0,371.94,0.0,87.65,0.0,145.03,0.0,384.6,0.0,302.11,0.0,2190.88
,Singapore ,,0.0,140.84,0.0,166.3,0.0,272.54,0.0,158.57,0.0,212.51,0.0,266.29,0.0,230.36,0.0,128.49,0.0,269.89,0.0,1845.82
,Russia Federation,,0.0,187.02,0.0,92.86,0.0,193.75,0.0,223.18,0.0,225.27,0.0,189.8,0.0,216.07,0.0,187.31,0.0,279.88,0.0,1795.19
,Hong Kong SAR (China) ,,0.0,185.01,0.0,140.41,0.0,258.99,0.0,162.68,0.0,132.16,0.0,252.48,0.0,212.33,0.0,146.34,0.0,208.92,0.0,1699.36
,Poland,,0.0,287.97,0.0,67.04,0.0,111.1,0.0,11.14,0.0,148.48,0.0,174.08,0.0,131.68,0.0,263.88,0.0,154.77,0.0,1350.17
,Saudi Arabia,,0.0,0.0,0.0,0.0,0.0,125.95,0.0,122.66,0.0,397.3,0.0,61.38,0.0,54.95,0.0,225.54,0.0,243.08,0.0,1230.88
Articles of plastics,,1000 USD,,323517.93,0.0,180100.5,0.0,303709.24,0.0,277517.5,0.0,299269.87,0.0,270632.21,0.0,293181.21,0.0,300416.0,0.0,284211.94,,2532556.43
,Of which:,,,,,,,,,,,,,,,,,,,,,
,Japan,,0.0,69115.65,0.0,42692.08,0.0,66296.78,0.0,58678.49,0.0,64797.58,0.0,58304.98,0.0,62994.59,0.0,64882.88,0.0,54776.78,0.0,542539.85
,United States,,0.0,54198.27,0.0,25264.6,0.0,49082.73,0.0,50209.18,0.0,55459.49,0.0,55081.41,0.0,61770.45,0.0,64237.63,0.0,62947.67,0.0,478251.48
,Korea,,0.0,20056.34,0.0,10745.43,0.0,17080.09,0.0,15775.01,0.0,17374.01,0.0,16748.86,0.0,18096.28,0.0,15501.16,0.0,17821.38,0.0,149198.59
,"China, PR ",,0.0,10532.2,0.0,7778.49,0.0,17384.71,0.0,13384.46,0.0,11378.46,0.0,9424.03,0.0,10430.47,0.0,13655.74,0.0,14163.05,0.0,108131.63
,Cambodia,,0.0,13662.74,0.0,7859.4,0.0,13093.82,0.0,11458.2,0.0,12603.84,0.0,11672.27,0.0,12828.47,0.0,12408.63,0.0,10870.88,0.0,106458.3
,Netherlands,,0.0,15551.15,0.0,5754.36,0.0,12813.77,0.0,11716.65,0.0,11399.9,0.0,11024.81,0.0,11019.93,0.0,11869.14,0.0,10907.74,0.0,102057.48
,FR. Germany,,0.0,14400.11,0.0,6296.13,0.0,12104.17,0.0,10690.06,0.0,13362.16,0.0,11112.98,0.0,11219.5,0.0,10770.45,0.0,11565.95,0.0,101521.54
,United Kingdom,,0.0,11605.61,0.0,4978.3,0.0,9146.2,0.0,9342.65,0.0,10492.63,0.0,8406.54,0.0,9440.22,0.0,10063.15,0.0,10299.29,0.0,83774.63
,Hong Kong SAR (China) ,,0.0,15267.79,0.0,9379.24,0.0,10910.99,0.0,7266.09,0.0,9619.0,0.0,6940.13,0.0,7580.88,0.0,6973.06,0.0,7557.81,0.0,81495.03
,Indonesia,,0.0,9822.04,0.0,6370.54,0.0,11494.38,0.0,10293.8,0.0,7439.55,0.0,8566.48,0.0,8422.1,0.0,9828.76,0.0,9229.1,0.0,81466.8
,Thailand,,0.0,7235.37,0.0,3653.41,0.0,6654.24,0.0,6592.24,0.0,6012.83,0.0,5903.88,0.0,7357.98,0.0,7141.41,0.0,5757.68,0.0,56309.08
,India,,0.0,6852.3,0.0,5304.23,0.0,7138.76,0.0,7183.31,0.0,6694.18,0.0,4839.5,0.0,4542.6,0.0,5641.61,0.0,6566.21,0.0,54762.74
,Australia,,0.0,5149.74,0.0,2802.19,0.0,4596.13,0.0,4722.88,0.0,4641.2,0.0,3993.19,0.0,4947.8,0.0,5937.8,0.0,5485.87,0.0,42276.83
,Philippines,,0.0,4781.1,0.0,3470.85,0.0,4857.32,0.0,4991.58,0.0,4490.72,0.0,4019.86,0.0,4067.13,0.0,5032.34,0.0,4905.67,0.0,40616.61
,France,,0.0,5937.61,0.0,2769.33,0.0,4629.49,0.0,4399.58,0.0,4642.75,0.0,4166.2,0.0,5456.33,0.0,3999.44,0.0,4011.58,0.0,40012.35
,Taiwan,,0.0,4361.2,0.0,3637.07,0.0,4277.25,0.0,3977.96,0.0,4562.98,0.0,3704.09,0.0,4122.56,0.0,4713.89,0.0,3813.15,0.0,37170.2
,Malaysia,,0.0,3588.67,0.0,2761.29,0.0,4697.38,0.0,5191.25,0.0,4120.49,0.0,4329.21,0.0,4552.85,0.0,3282.23,0.0,2862.5,0.0,35385.9
,Canada,,0.0,4260.12,0.0,2359.66,0.0,4379.34,0.0,3671.34,0.0,4330.01,0.0,3230.4,0.0,3776.3,0.0,3965.43,0.0,2745.98,0.0,32718.62
,Myanmar,,0.0,3582.28,0.0,2638.55,0.0,3682.9,0.0,3480.97,0.0,3789.14,0.0,3717.64,0.0,2852.17,0.0,3367.49,0.0,3558.96,0.0,30670.14
,Poland,,0.0,4655.93,0.0,2718.78,0.0,3259.8,0.0,3406.3,0.0,3179.47,0.0,2899.66,0.0,3023.49,0.0,2370.8,0.0,2225.72,0.0,27739.98
,Belgium,,0.0,3812.77,0.0,1317.17,0.0,2201.6,0.0,2131.54,0.0,2484.47,0.0,2300.44,0.0,2259.51,0.0,2032.51,0.0,1793.44,0.0,20333.51
,Sweden,,0.0,2244.09,0.0,951.67,0.0,1680.34,0.0,1373.64,0.0,2584.08,0.0,1791.11,0.0,2340.83,0.0,1784.53,0.0,1516.59,0.0,16266.93
,Spain  ,,0.0,2604.03,0.0,991.15,0.0,1905.64,0.0,1968.1,0.0,2240.61,0.0,1184.55,0.0,1272.32,0.0,1766.53,0.0,1214.94,0.0,15147.91
,Mexico,,0.0,2095.21,0.0,1232.9,0.0,1685.36,0.0,893.98,0.0,1166.68,0.0,1289.26,0.0,1530.96,0.0,1242.16,0.0,2720.2,0.0,13856.75
,Singapore ,,0.0,1499.62,0.0,1003.63,0.0,1557.08,0.0,1458.38,0.0,1459.35,0.0,1636.23,0.0,2090.02,0.0,1520.9,0.0,1606.72,0.0,13831.98
,Russia Federation,,0.0,1390.84,0.0,681.33,0.0,1387.49,0.0,1764.86,0.0,1648.16,0.0,1856.03,0.0,1560.63,0.0,1900.98,0.0,1093.13,0.0,13283.48
,Italy,,0.0,1551.37,0.0,741.7,0.0,1095.49,0.0,1247.11,0.0,1861.85,0.0,1144.83,0.0,1089.7,0.0,1405.35,0.0,1207.61,0.0,11345.04
,Denmark,,0.0,1620.78,0.0,566.26,0.0,1083.01,0.0,1073.41,0.0,1067.83,0.0,1365.54,0.0,911.31,0.0,1076.73,0.0,893.33,0.0,9658.24
,Lao PDR,,0.0,663.03,0.0,449.95,0.0,678.97,0.0,892.82,0.0,1334.94,0.0,1487.54,0.0,1090.75,0.0,1164.38,0.0,1478.56,0.0,9240.98
,United Arab Emirates,,0.0,1189.64,0.0,425.19,0.0,1385.89,0.0,885.25,0.0,901.95,0.0,1515.34,0.0,1004.36,0.0,767.32,0.0,824.31,0.0,8899.29
,Turkey,,0.0,1055.2,0.0,328.42,0.0,928.8,0.0,716.32,0.0,868.23,0.0,713.1,0.0,736.82,0.0,1307.52,0.0,542.92,0.0,7197.35
,New Zealand,,0.0,786.63,0.0,647.23,0.0,776.39,0.0,652.41,0.0,913.17,0.0,913.65,0.0,787.05,0.0,848.8,0.0,723.2,0.0,7048.58
,Bangladesh,,0.0,967.23,0.0,1026.54,0.0,1613.06,0.0,1083.1,0.0,987.17,0.0,312.04,0.0,371.36,0.0,177.59,0.0,164.6,0.0,6702.73
,Saudi Arabia,,0.0,0.0,0.0,0.0,0.0,1393.6,0.0,747.78,0.0,205.99,0.0,191.96,0.0,687.12,0.0,722.96,0.0,875.59,0.0,4825.04
,Czech Republic,,0.0,0.0,0.0,0.0,0.0,0.0,0.0,1908.48,0.0,248.72,0.0,306.41,0.0,625.52,0.0,651.83,0.0,677.12,0.0,4418.1
,Finland,,0.0,588.1,0.0,325.87,0.0,676.41,0.0,477.15,0.0,627.11,0.0,322.37,0.0,360.07,0.0,422.86,0.0,196.57,0.0,3996.55
,Greece,,0.0,0.0,0.0,0.0,0.0,1304.43,0.0,387.57,0.0,350.6,0.0,469.17,0.0,532.73,0.0,481.78,0.0,449.02,0.0,3975.33
,Norway,,0.0,460.62,0.0,127.11,0.0,265.01,0.0,303.9,0.0,207.35,0.0,270.44,0.0,403.84,0.0,167.39,0.0,404.33,0.0,2610.02
,Ukraine  ,,0.0,237.68,0.0,194.59,0.0,133.08,0.0,371.69,0.0,167.31,0.0,154.33,0.0,148.28,0.0,150.6,0.0,164.42,0.0,1722.02
,Switzerland,,0.0,212.1,0.0,62.74,0.0,147.7,0.0,161.25,0.0,154.46,0.0,195.15,0.0,199.48,0.0,282.0,0.0,84.13,0.0,1499.04
Articles of iron and steel,,1000 USD,,289688.62,0.0,174377.88,0.0,291351.6,0.0,264689.55,0.0,297108.56,0.0,303562.86,0.0,317392.69,0.0,299184.95,0.0,258194.07,,2495550.81
,Of which:,,,,,,,,,,,,,,,,,,,,,
,United States,,0.0,58257.41,0.0,32919.59,0.0,53152.87,0.0,52029.59,0.0,53833.41,0.0,74496.58,0.0,53625.61,0.0,65079.34,0.0,57343.24,0.0,500737.68
,Japan,,0.0,44198.22,0.0,22132.02,0.0,38439.44,0.0,35515.72,0.0,41853.6,0.0,43090.21,0.0,43488.66,0.0,44900.46,0.0,38518.36,0.0,352136.74
,India,,0.0,16732.86,0.0,8697.08,0.0,15148.38,0.0,19470.72,0.0,20326.5,0.0,18649.75,0.0,25497.34,0.0,15025.01,0.0,14031.28,0.0,153578.96
,Thailand,,0.0,13586.31,0.0,6877.11,0.0,19651.0,0.0,17110.01,0.0,21643.7,0.0,19482.21,0.0,19553.69,0.0,22856.04,0.0,10410.31,0.0,151170.42
,Korea,,0.0,15737.9,0.0,12524.32,0.0,20735.11,0.0,15555.18,0.0,14164.01,0.0,12364.84,0.0,15112.58,0.0,15477.97,0.0,12059.27,0.0,133731.23
,Cambodia,,0.0,9028.16,0.0,6328.08,0.0,14754.88,0.0,10986.47,0.0,11959.48,0.0,17169.06,0.0,16550.0,0.0,17710.29,0.0,13674.96,0.0,118161.41
,FR. Germany,,0.0,12420.98,0.0,5984.69,0.0,10656.02,0.0,9407.21,0.0,9373.37,0.0,9430.35,0.0,8228.91,0.0,8993.44,0.0,8658.03,0.0,83153.03
,Australia,,0.0,4243.94,0.0,14797.08,0.0,11224.81,0.0,3555.45,0.0,2587.4,0.0,3457.08,0.0,14865.78,0.0,12906.18,0.0,13147.02,0.0,80784.77
,"China, PR ",,0.0,2807.29,0.0,6534.5,0.0,3363.66,0.0,8157.3,0.0,14996.1,0.0,5063.62,0.0,13108.84,0.0,5837.1,0.0,12521.78,0.0,72390.24
,Netherlands,,0.0,10285.62,0.0,4374.54,0.0,7703.37,0.0,6539.34,0.0,6630.15,0.0,6835.84,0.0,7892.86,0.0,9770.5,0.0,6218.97,0.0,66251.22
,United Kingdom,,0.0,8842.42,0.0,9864.14,0.0,7122.17,0.0,11279.94,0.0,11417.14,0.0,3103.84,0.0,2757.62,0.0,3307.21,0.0,3053.37,0.0,60747.87
,Sweden,,0.0,1073.74,0.0,5902.12,0.0,11751.46,0.0,803.89,0.0,6715.38,0.0,10053.47,0.0,10577.86,0.0,5722.8,0.0,7459.49,0.0,60060.24
,Belgium,,0.0,7276.53,0.0,4449.39,0.0,6022.83,0.0,5970.91,0.0,5405.48,0.0,5168.87,0.0,5847.95,0.0,4346.57,0.0,3769.23,0.0,48257.8
,Indonesia,,0.0,10321.9,0.0,2300.42,0.0,3098.9,0.0,3105.07,0.0,5773.84,0.0,6296.39,0.0,8356.61,0.0,4665.02,0.0,3917.64,0.0,47835.83
,Taiwan,,0.0,3916.34,0.0,4592.02,0.0,6663.29,0.0,6604.02,0.0,8842.2,0.0,3965.44,0.0,4739.23,0.0,2996.13,0.0,2899.78,0.0,45218.48
,Myanmar,,0.0,4450.16,0.0,2150.76,0.0,7124.84,0.0,6721.69,0.0,4444.78,0.0,4587.11,0.0,3912.14,0.0,4631.05,0.0,2417.84,0.0,40440.4
,Canada,,0.0,3353.85,0.0,2127.01,0.0,3202.04,0.0,3017.14,0.0,4899.56,0.0,3995.9,0.0,4260.32,0.0,8868.53,0.0,4397.1,0.0,38121.49
,Poland,,0.0,4778.23,0.0,1636.05,0.0,3821.87,0.0,4332.33,0.0,4189.74,0.0,4204.92,0.0,3711.25,0.0,4209.33,0.0,3343.51,0.0,34227.27
,Lao PDR,,0.0,3200.06,0.0,1980.71,0.0,3814.5,0.0,2369.34,0.0,3607.16,0.0,2407.73,0.0,3976.54,0.0,3845.64,0.0,2059.84,0.0,27261.56
,Italy,,0.0,2337.82,0.0,765.33,0.0,2305.52,0.0,2711.25,0.0,3285.99,0.0,2470.55,0.0,3011.17,0.0,3864.22,0.0,3840.17,0.0,24592.05
,Brunei,,0.0,0.0,0.0,0.0,0.0,1863.31,0.0,2045.55,0.0,1981.13,0.0,2442.76,0.0,4317.4,0.0,2960.58,0.0,3504.26,0.0,19115.02
,Malaysia,,0.0,1073.16,0.0,1093.58,0.0,2960.41,0.0,1635.46,0.0,1709.48,0.0,2409.78,0.0,2622.68,0.0,1851.84,0.0,2552.06,0.0,17908.49
,Spain  ,,0.0,2815.43,0.0,758.12,0.0,2656.29,0.0,1807.32,0.0,1712.68,0.0,2222.98,0.0,1537.07,0.0,2092.94,0.0,2039.86,0.0,17642.72
,Philippines,,0.0,3267.45,0.0,981.72,0.0,2552.93,0.0,1457.35,0.0,2102.4,0.0,2444.22,0.0,1450.0,0.0,1599.38,0.0,1326.42,0.0,17181.9
,Hong Kong SAR (China) ,,0.0,2084.99,0.0,1293.93,0.0,1722.01,0.0,2733.18,0.0,2948.56,0.0,2529.89,0.0,1299.07,0.0,644.02,0.0,1616.65,0.0,16872.31
,Singapore ,,0.0,1530.61,0.0,765.39,0.0,1506.74,0.0,2082.59,0.0,1502.45,0.0,890.25,0.0,1240.38,0.0,2474.76,0.0,3077.14,0.0,15070.33
,France,,0.0,2068.24,0.0,936.42,0.0,1375.21,0.0,1457.17,0.0,1443.2,0.0,919.07,0.0,2152.69,0.0,1481.96,0.0,1367.03,0.0,13201.02
,Brazil,,0.0,1894.94,0.0,539.19,0.0,3024.19,0.0,1533.63,0.0,1050.49,0.0,593.64,0.0,1479.98,0.0,814.56,0.0,799.93,0.0,11730.58
,Finland,,0.0,0.0,0.0,0.0,0.0,3881.23,0.0,1348.67,0.0,1209.85,0.0,1281.04,0.0,1183.8,0.0,1237.88,0.0,909.52,0.0,11052.02
,Denmark,,0.0,1286.01,0.0,773.34,0.0,912.87,0.0,1151.38,0.0,1110.02,0.0,1191.42,0.0,825.87,0.0,765.35,0.0,515.22,0.0,8531.53
,Switzerland,,0.0,857.8,0.0,452.39,0.0,1001.12,0.0,945.69,0.0,807.9,0.0,858.89,0.0,778.41,0.0,978.45,0.0,720.57,0.0,7401.25
,South Africa,,0.0,1011.44,0.0,221.73,0.0,313.97,0.0,581.08,0.0,949.46,0.0,620.75,0.0,952.22,0.0,749.24,0.0,1194.47,0.0,6594.4
,Saudi Arabia,,0.0,746.49,0.0,358.39,0.0,298.92,0.0,193.41,0.0,87.07,0.0,526.92,0.0,2553.55,0.0,457.83,0.0,548.92,0.0,5771.54
,Argentina,,0.0,0.0,0.0,0.0,0.0,1201.2,0.0,735.21,0.0,599.68,0.0,987.17,0.0,1196.4,0.0,641.95,0.0,322.35,0.0,5683.98
,Bangladesh,,0.0,0.0,0.0,0.0,0.0,2520.81,0.0,670.25,0.0,722.92,0.0,468.97,0.0,289.64,0.0,405.99,0.0,255.91,0.0,5334.52
,Romania,,0.0,0.0,0.0,0.0,0.0,1629.0,0.0,526.23,0.0,531.44,0.0,346.47,0.0,269.63,0.0,458.67,0.0,253.11,0.0,4014.58
,United Arab Emirates,,0.0,506.06,0.0,40.44,0.0,432.84,0.0,536.33,0.0,381.35,0.0,242.25,0.0,209.09,0.0,312.58,0.0,687.72,0.0,3348.7
,Greece,,0.0,107.54,0.0,180.41,0.0,340.77,0.0,619.95,0.0,318.12,0.0,222.56,0.0,514.54,0.0,172.75,0.0,135.45,0.0,2612.14
,Pakistan,,0.0,0.0,0.0,0.0,0.0,1006.13,0.0,18.13,0.0,33.71,0.0,213.46,0.0,24.61,0.0,13.28,0.0,13.02,0.0,1322.37
,Norway,,0.0,86.0,0.0,21.63,0.0,31.22,0.0,347.79,0.0,237.16,0.0,109.09,0.0,46.02,0.0,69.64,0.0,331.69,0.0,1280.28
,Kuwait,,0.0,0.0,0.0,0.0,0.0,399.38,0.0,33.65,0.0,199.03,0.0,99.05,0.0,4.24,0.0,220.99,0.0,0.0,0.0,956.36
,Mozambique,,0.0,0.0,0.0,0.0,0.0,44.44,0.0,5.13,0.0,217.6,0.0,62.12,0.0,45.93,0.0,0.98,0.0,82.5,0.0,458.72
,Czech Republic,,0.0,0.0,0.0,0.0,0.0,0.0,0.0,0.0,0.0,19.46,0.0,24.63,0.0,1.36,0.0,2.36,0.0,0.0,0.0,47.83
Casava and casava products,,Ton,274186.0,99642.3,135069.0,52185.43,269255.0,104546.88,239008.0,95100.98,144762.0,57539.43,132858.0,52722.24,166513.0,65367.7,179580.0,71166.41,193440.0,76885.95,1734671.0,675157.36
,Of which:,,,,,,,,,,,,,,,,,,,,,
,"China, PR ",,254258.0,90926.43,110726.0,43381.42,238558.0,93135.51,214726.0,86064.93,121620.0,49171.86,106304.0,43620.21,151388.0,59954.76,160726.0,64073.41,163383.0,64918.18,1521689.0,595246.74
,Korea,,1335.0,389.3,12694.0,3671.76,13793.0,3791.43,12907.0,3934.43,3487.0,1058.05,16128.0,4478.61,7372.0,2235.36,6640.0,1762.49,8586.0,2912.9,82942.0,24234.36
,Taiwan,,2709.0,1204.83,2034.0,891.76,2177.0,1022.17,2770.0,1287.93,3112.0,1406.46,2817.0,1232.92,793.0,378.15,1754.0,764.27,3618.0,1529.92,21784.0,9718.43
,Philippines,,6182.0,2601.3,1158.0,508.02,3155.0,1375.47,2264.0,983.25,2392.0,1023.13,2533.0,1120.6,1049.0,423.34,1159.0,482.01,1263.0,497.85,21155.0,9015.0
,Malaysia,,3086.0,1339.52,1914.0,820.49,1414.0,649.4,2686.0,1262.13,3856.0,1645.42,2875.0,1225.65,1451.0,628.16,1607.0,677.02,1292.0,553.5,20181.0,8801.32
,Japan,,8.0,21.11,34.0,15.64,0.0,0.46,0.0,3.55,6000.0,1380.0,0.0,0.0,51.0,22.44,0.0,0.0,163.0,79.58,6256.0,1522.79
,Pakistan,,0.0,0.0,0.0,0.0,209.0,122.08,0.0,0.0,0.0,0.0,0.0,0.0,0.0,0.0,500.0,209.75,1000.0,416.03,1709.0,747.86
"Iron, Steel",,Ton,771056.0,483759.02,458215.0,289919.05,540692.0,359816.81,560788.0,369271.13,602428.0,384412.7,502821.0,337389.24,453286.0,305871.76,489062.0,319387.78,484111.0,311072.18,4862459.0,3160899.71
,Of which:,,,,,,,,,,,,,,,,,,,,,
,Cambodia,,160775.0,95135.11,130036.0,75880.29,156974.0,94178.97,134793.0,82186.17,158548.0,95824.46,141739.0,84514.35,153813.0,91175.84,140838.0,82486.77,123851.0,72063.61,1301367.0,773445.6
,Indonesia,,91712.0,61295.86,68583.0,44655.26,60679.0,41390.64,60681.0,40759.59,28836.0,19451.79,56173.0,37724.98,63855.0,45126.25,87642.0,58782.84,82161.0,54316.56,600322.0,403503.81
,Malaysia,,56257.0,35154.73,60098.0,35475.06,56038.0,34523.33,71180.0,43192.76,61207.0,38137.19,68976.0,44275.15,64992.0,41829.01,63768.0,40002.9,63264.0,39146.33,565780.0,351736.49
,United States,,83463.0,64550.23,22706.0,19956.11,38960.0,32586.35,43233.0,33900.55,63766.0,44919.22,32664.0,27286.21,23363.0,20192.63,15234.0,14063.88,11749.0,11704.01,335138.0,269159.22
,Thailand,,68469.0,35617.52,18945.0,12056.72,20181.0,12524.09,33333.0,20842.21,33123.0,20705.47,30040.0,19429.95,22801.0,15544.81,28685.0,19082.95,39730.0,24563.33,295307.0,180367.09
,Korea,,33232.0,20871.57,20802.0,14065.29,20921.0,14739.23,24743.0,17264.18,18786.0,12782.69,17074.0,12210.96,17499.0,12389.72,16051.0,11066.32,10708.0,7480.56,179816.0,122870.56
,Japan,,26818.0,14569.84,1477.0,1988.98,33313.0,16374.08,6064.0,4862.87,62773.0,31566.0,28081.0,16233.17,11910.0,7701.42,2538.0,2464.94,5276.0,3910.89,178250.0,99672.22
,Philippines,,51722.0,24294.98,17009.0,8682.18,19905.0,10018.95,33311.0,17267.85,27213.0,13937.9,17495.0,8789.89,7790.0,4435.53,1523.0,1475.7,4015.0,2362.65,179983.0,91265.66
,Belgium,,29558.0,20033.41,20916.0,13890.22,7392.0,5225.92,13891.0,8192.04,17668.0,11049.41,5145.0,4896.75,12250.0,7628.2,8923.0,5995.35,13372.0,8551.2,129115.0,85462.55
,Taiwan,,9507.0,6150.66,19993.0,11139.09,12722.0,8235.69,9668.0,6816.53,8095.0,5611.16,9901.0,5706.99,11505.0,5925.73,37420.0,20643.27,27848.0,14695.88,146659.0,84925.03
,"China, PR ",,1005.0,966.75,7235.0,3832.41,3933.0,2516.78,20894.0,10676.85,32970.0,16031.23,5443.0,2670.53,3959.0,2072.18,32077.0,15015.73,31493.0,15024.41,139009.0,68806.92
,Lao PDR,,10861.0,7354.96,7675.0,5277.24,13714.0,9791.26,11288.0,8257.27,11315.0,8302.41,10381.0,7682.27,11060.0,8264.79,7712.0,5370.78,8863.0,5961.91,92869.0,66262.93
,India,,15866.0,8641.63,1206.0,1157.03,4775.0,4548.34,8378.0,7219.24,18751.0,15328.42,4635.0,4576.29,6729.0,6724.08,3041.0,3020.03,1975.0,2325.85,65356.0,53540.94
,Italy,,60726.0,29854.72,882.0,1903.85,3227.0,3916.85,1360.0,2214.51,2938.0,3457.44,829.0,1363.83,2849.0,2059.44,2558.0,2988.9,4259.0,4291.46,79628.0,52051.04
,Spain  ,,760.0,741.8,758.0,704.68,5240.0,3872.17,6402.0,5157.92,7015.0,4654.84,3433.0,3371.61,4783.0,4264.73,3673.0,3381.45,11493.0,7062.65,43557.0,33211.89
,Pakistan,,1924.0,987.39,20333.0,9478.5,8088.0,4180.39,116.0,72.82,730.0,527.24,2012.0,1147.24,4007.0,2310.79,2864.0,1581.63,4847.0,2623.33,44921.0,22909.36
,Australia,,4030.0,3198.45,7461.0,5620.31,2134.0,1842.82,2206.0,1797.38,2598.0,2200.63,1979.0,1684.99,2872.0,2279.35,1507.0,1241.82,2969.0,2394.87,27756.0,22260.65
,United Kingdom,,80.0,287.3,3914.0,3118.91,5934.0,3794.98,5424.0,3260.21,283.0,700.03,241.0,650.82,73.0,225.15,3529.0,2878.54,6823.0,4842.05,26301.0,19758.03
,Myanmar,,6364.0,4571.45,1684.0,1313.73,2876.0,2273.8,2184.0,1731.08,4049.0,2922.19,4092.0,2901.4,578.0,431.16,1947.0,1359.36,700.0,461.76,24474.0,17965.97
,Singapore ,,1586.0,1051.82,2453.0,1691.59,2521.0,1996.94,2180.0,1535.54,2466.0,1583.93,2871.0,1838.67,750.0,780.59,447.0,531.38,1148.0,1208.33,16422.0,12218.83
,Brazil,,0.0,0.0,0.0,0.0,258.0,234.03,240.0,201.35,1404.0,1311.1,3627.0,3249.5,43.0,49.68,55.0,60.76,22.0,23.76,5649.0,5130.21
,United Arab Emirates,,1788.0,1117.75,809.0,567.42,274.0,213.83,1131.0,895.24,629.0,495.7,1144.0,856.0,253.0,232.64,231.0,310.64,0.0,0.0,6259.0,4689.26
,Russia Federation,,1417.0,1276.54,15.0,20.61,964.0,1055.39,191.0,230.96,400.0,494.36,632.0,556.67,71.0,110.34,274.0,320.07,569.0,544.0,4533.0,4608.95
,Saudi Arabia,,2622.0,1669.5,1120.0,802.5,207.0,149.43,583.0,407.75,273.0,250.55,194.0,159.48,27.0,25.49,783.0,583.36,363.0,345.64,6172.0,4393.73
,Turkey,,293.0,420.6,207.0,302.07,159.0,204.99,67.0,108.46,181.0,242.72,143.0,218.49,106.0,139.75,45.0,53.37,143.0,168.02,1344.0,1858.51
,FR. Germany,,0.0,0.0,0.0,0.0,52.0,68.68,0.0,0.36,17.0,56.68,290.0,473.48,238.0,387.82,351.0,591.01,87.0,108.7,1035.0,1686.75
,Bangladesh,,216.0,136.58,0.0,0.0,108.0,167.97,214.0,126.01,266.0,130.48,302.0,148.27,329.0,224.93,97.0,56.3,603.0,327.32,2135.0,1317.89
,Argentina,,0.0,0.0,0.0,0.0,61.0,121.92,221.0,625.53,118.0,153.76,78.0,101.25,78.0,101.21,78.0,100.83,0.0,0.0,634.0,1204.53
,Egypt,,627.0,413.68,665.0,448.67,103.0,68.35,0.0,0.0,0.0,0.0,0.0,0.0,18.0,16.52,29.0,26.83,22.0,19.8,1464.0,993.88
,Hong Kong SAR (China) ,,25.0,42.35,12.0,31.49,10.0,24.7,14.0,52.17,17.0,60.84,4.0,75.0,12.0,41.23,25.0,79.99,31.0,88.69,150.0,496.49
Other furniture products (excluding wooden furniture),,1000 USD,,155652.03,0.0,62821.59,0.0,136327.45,0.0,121193.18,0.0,115502.87,0.0,112452.39,0.0,123214.87,0.0,140832.96,0.0,142025.76,,1110023.14
,Of which:,,,,,,,,,,,,,,,,,,,,,
,Australia,,0.0,3117.95,0.0,1765.75,0.0,3122.09,0.0,2814.58,0.0,3386.7,0.0,3766.43,0.0,3940.41,0.0,6376.78,0.0,4414.71,0.0,32705.44
,Denmark,,0.0,0.0,0.0,0.0,0.0,10557.81,0.0,4639.49,0.0,2679.54,0.0,1378.45,0.0,1765.57,0.0,1911.55,0.0,2013.69,0.0,24946.11
,"China, PR ",,0.0,1336.49,0.0,720.69,0.0,1692.92,0.0,1391.49,0.0,1523.28,0.0,1838.17,0.0,1819.23,0.0,1434.18,0.0,2033.03,0.0,13789.5
,Taiwan,,0.0,604.5,0.0,284.22,0.0,602.06,0.0,526.1,0.0,588.41,0.0,580.01,0.0,1221.03,0.0,825.48,0.0,847.98,0.0,6079.83
,Cambodia,,0.0,583.19,0.0,347.4,0.0,734.81,0.0,450.16,0.0,655.09,0.0,526.61,0.0,578.73,0.0,522.85,0.0,617.69,0.0,5016.56
,New Zealand,,0.0,311.74,0.0,82.78,0.0,255.56,0.0,178.26,0.0,321.24,0.0,325.43,0.0,1517.93,0.0,1007.88,0.0,913.08,0.0,4913.94
,Norway,,0.0,0.0,0.0,0.0,0.0,3514.38,0.0,467.47,0.0,169.8,0.0,78.83,0.0,58.56,0.0,56.58,0.0,68.32,0.0,4413.98
,Finland,,0.0,0.0,0.0,0.0,0.0,2182.17,0.0,230.32,0.0,46.65,0.0,86.59,0.0,0.09,0.0,0.0,0.0,0.05,0.0,2545.9
,Hong Kong SAR (China) ,,0.0,211.34,0.0,243.94,0.0,224.08,0.0,239.62,0.0,336.34,0.0,180.75,0.0,209.07,0.0,201.89,0.0,175.9,0.0,2022.97
,Chile,,0.0,117.04,0.0,16.49,0.0,274.21,0.0,88.85,0.0,257.88,0.0,291.2,0.0,297.87,0.0,254.55,0.0,322.81,0.0,1920.94
,Malaysia,,0.0,147.01,0.0,94.47,0.0,183.21,0.0,140.4,0.0,132.61,0.0,217.75,0.0,222.07,0.0,243.74,0.0,260.59,0.0,1641.89
,Myanmar,,0.0,135.74,0.0,56.19,0.0,152.56,0.0,237.23,0.0,273.91,0.0,106.92,0.0,131.31,0.0,107.01,0.0,191.04,0.0,1391.95
,Indonesia,,0.0,0.0,0.0,93.87,0.0,261.15,0.0,136.21,0.0,120.39,0.0,235.41,0.0,102.24,0.0,207.42,0.0,204.94,0.0,1361.66
,Philippines,,0.0,61.98,0.0,31.19,0.0,29.66,0.0,63.74,0.0,57.56,0.0,0.0,0.0,207.78,0.0,46.33,0.0,130.25,0.0,628.52
,Peru,,0.0,0.0,0.0,36.23,0.0,8.79,0.0,26.58,0.0,221.94,0.0,44.07,0.0,75.29,0.0,0.0,0.0,10.36,0.0,423.29
,Brazil,,0.0,0.0,0.0,0.0,0.0,0.0,0.0,0.0,0.0,37.86,0.0,42.63,0.0,5.64,0.0,77.34,0.0,74.18,0.0,237.67
Coal,,Ton,3398.0,651.73,27525.0,3332.85,458.0,358.26,193.0,79.9,167259.0,25145.39,203403.0,32284.77,57796.0,9909.97,221731.0,32463.16,101372.0,13820.8,783135.0,118046.86
,Of which:,,,,,,,,,,,,,,,,,,,,,
,Japan,,3345.0,638.17,27500.0,3327.5,140.0,249.56,144.0,66.11,47394.0,7023.57,70330.0,11043.82,88.0,44.17,107535.0,15350.38,69235.0,7982.24,325711.0,45725.54
,Korea,,0.0,0.0,0.0,0.0,0.0,0.0,0.0,0.0,26300.0,4493.95,32780.0,5594.28,23069.0,4048.53,32960.0,5434.93,5378.0,902.97,120487.0,20474.67
,Thailand,,0.0,0.0,0.0,0.0,0.0,0.0,0.0,0.0,32161.0,4042.61,19503.0,2103.02,0.0,0.0,16204.0,2041.09,0.0,0.0,67868.0,8186.73
,Malaysia,,0.0,0.0,0.0,0.0,278.0,100.66,0.0,0.0,13670.0,1884.57,0.0,0.0,24126.0,4186.55,9900.0,1291.95,0.0,0.0,47974.0,7463.74
,Indonesia,,0.0,0.0,0.0,0.0,0.0,0.0,0.0,0.0,5883.0,829.57,53.0,23.73,3496.0,601.41,20667.0,2955.31,0.0,0.0,30099.0,4410.04
,India,,0.0,0.0,0.0,0.0,0.0,0.0,0.0,0.0,0.0,0.0,8371.0,1594.02,0.0,0.0,6000.0,781.8,315.0,37.7,14686.0,2413.52
,Taiwan,,0.0,0.0,0.0,0.0,0.0,0.0,0.0,0.0,0.0,0.0,11467.0,1963.07,0.0,0.0,0.0,0.0,0.0,0.0,11467.0,1963.07
,Philippines,,0.0,0.0,0.0,0.0,0.0,0.0,0.0,0.0,0.0,0.0,0.0,0.0,1007.0,614.51,0.0,0.0,0.0,0.0,1007.0,614.51
Glass and glassware,,1000 USD,,73222.44,0.0,46463.56,0.0,72753.29,0.0,70675.45,0.0,72664.87,0.0,67368.29,0.0,78098.46,0.0,62723.17,0.0,73432.86,,617402.42
,Of which:,,,,,,,,,,,,,,,,,,,,,
,Singapore ,,0.0,15179.97,0.0,12408.95,0.0,34914.44,0.0,32240.02,0.0,35560.16,0.0,30122.98,0.0,32465.82,0.0,26661.23,0.0,29661.18,0.0,249214.79
,Malaysia,,0.0,28044.21,0.0,13601.34,0.0,15098.61,0.0,15943.81,0.0,12304.11,0.0,16170.17,0.0,13595.4,0.0,13155.86,0.0,22180.45,0.0,150093.99
,Japan,,0.0,12447.21,0.0,5939.26,0.0,8082.55,0.0,7069.06,0.0,6971.43,0.0,4849.68,0.0,11273.25,0.0,8347.1,0.0,6838.63,0.0,71818.2
,United States,,0.0,6453.04,0.0,1988.31,0.0,4792.74,0.0,4556.61,0.0,6134.73,0.0,5447.43,0.0,6075.38,0.0,6062.92,0.0,5647.18,0.0,47158.39
,Korea,,0.0,2459.72,0.0,5413.87,0.0,1290.43,0.0,2838.8,0.0,1394.45,0.0,1389.65,0.0,5251.41,0.0,1737.26,0.0,1420.8,0.0,23196.44
,"China, PR ",,0.0,1104.28,0.0,196.67,0.0,1587.95,0.0,1591.75,0.0,4730.62,0.0,3130.12,0.0,1603.87,0.0,825.18,0.0,1264.0,0.0,16034.48
,Philippines,,0.0,1314.38,0.0,239.15,0.0,974.95,0.0,1580.05,0.0,1091.96,0.0,997.3,0.0,1707.42,0.0,576.46,0.0,794.68,0.0,9276.38
,Taiwan,,0.0,655.68,0.0,313.2,0.0,516.02,0.0,423.92,0.0,586.62,0.0,569.66,0.0,496.01,0.0,478.63,0.0,461.14,0.0,4500.92
,Cambodia,,0.0,28.06,0.0,45.93,0.0,230.35,0.0,311.91,0.0,698.46,0.0,273.2,0.0,689.23,0.0,991.83,0.0,648.82,0.0,3917.83
,Thailand,,0.0,495.13,0.0,348.27,0.0,505.82,0.0,403.77,0.0,384.69,0.0,346.41,0.0,339.48,0.0,400.07,0.0,332.13,0.0,3555.81
,Canada,,0.0,636.88,0.0,203.06,0.0,352.48,0.0,160.01,0.0,350.56,0.0,373.51,0.0,475.97,0.0,392.66,0.0,572.89,0.0,3518.05
Animal fodder and materials,,1000 USD,,49855.83,0.0,34587.13,0.0,56351.8,0.0,61984.14,0.0,61051.88,0.0,66673.64,0.0,71694.33,0.0,63527.79,0.0,50686.14,,516412.72
,Of which:,,,,,,,,,,,,,,,,,,,,,
,"China, PR ",,0.0,5975.34,0.0,10366.02,0.0,16601.36,0.0,22244.72,0.0,14726.25,0.0,21989.97,0.0,24906.48,0.0,16711.99,0.0,9112.69,0.0,142634.86
,Cambodia,,0.0,9826.4,0.0,5463.99,0.0,8421.61,0.0,7540.7,0.0,7517.73,0.0,7882.75,0.0,9298.5,0.0,8812.41,0.0,9598.96,0.0,74363.07
,Malaysia,,0.0,6630.66,0.0,4195.4,0.0,4926.48,0.0,5461.85,0.0,7324.06,0.0,6609.89,0.0,6879.29,0.0,7342.34,0.0,6918.45,0.0,56288.48
,India,,0.0,4481.9,0.0,1591.59,0.0,6757.31,0.0,6573.01,0.0,9881.98,0.0,8221.84,0.0,4310.1,0.0,4258.86,0.0,3418.57,0.0,49495.19
,United States,,0.0,2980.96,0.0,960.81,0.0,3126.33,0.0,2884.63,0.0,2432.65,0.0,4286.64,0.0,4764.98,0.0,4806.99,0.0,4535.9,0.0,30779.93
,Japan,,0.0,7139.77,0.0,2085.15,0.0,2591.14,0.0,2211.23,0.0,2212.41,0.0,2262.41,0.0,3399.22,0.0,2461.16,0.0,2621.65,0.0,26984.17
,Taiwan,,0.0,1895.95,0.0,1350.06,0.0,2104.49,0.0,1933.12,0.0,2873.27,0.0,2669.7,0.0,2612.25,0.0,2791.3,0.0,2248.78,0.0,20478.95
,Philippines,,0.0,1714.45,0.0,1368.96,0.0,1179.51,0.0,1876.02,0.0,1829.75,0.0,2719.98,0.0,3051.09,0.0,2401.14,0.0,2247.53,0.0,18388.46
,Korea,,0.0,1518.78,0.0,842.28,0.0,1275.62,0.0,2603.37,0.0,1446.18,0.0,2004.41,0.0,2905.67,0.0,3250.13,0.0,1632.96,0.0,17479.45
,Thailand,,0.0,2028.36,0.0,2109.5,0.0,2697.17,0.0,2187.77,0.0,2472.08,0.0,1262.57,0.0,1310.6,0.0,1066.18,0.0,1242.93,0.0,16377.2
,Bangladesh,,0.0,935.46,0.0,883.71,0.0,1395.02,0.0,1179.09,0.0,2358.15,0.0,1860.34,0.0,1416.19,0.0,238.2,0.0,281.83,0.0,10548.02
,Indonesia,,0.0,841.65,0.0,641.13,0.0,758.29,0.0,1518.41,0.0,665.94,0.0,704.69,0.0,1525.34,0.0,2076.04,0.0,786.74,0.0,9518.29
,Singapore ,,0.0,324.64,0.0,117.92,0.0,257.75,0.0,217.72,0.0,249.87,0.0,203.39,0.0,550.96,0.0,284.94,0.0,278.47,0.0,2485.69
"Bags, pockets, wallets, suitcases, hats and umbrellas",,1000 USD,,377826.19,0.0,163849.71,0.0,299555.58,0.0,322693.49,0.0,336991.16,0.0,308109.15,0.0,335644.67,0.0,332525.19,0.0,292431.32,,2769626.51
,Of which:,,,,,,,,,,,,,,,,,,,,,
,United States,,0.0,162593.28,0.0,68882.86,0.0,113951.64,0.0,147836.84,0.0,142316.38,0.0,130665.86,0.0,154152.57,0.0,154970.91,0.0,125273.55,0.0,1200643.92
,Japan,,0.0,52800.97,0.0,17954.09,0.0,34142.7,0.0,28637.23,0.0,32763.0,0.0,31637.4,0.0,37412.06,0.0,34293.75,0.0,32665.22,0.0,302306.46
,Netherlands,,0.0,22443.61,0.0,11302.8,0.0,28049.03,0.0,27085.12,0.0,24658.99,0.0,26460.85,0.0,27410.4,0.0,22847.14,0.0,27308.78,0.0,217566.76
,FR. Germany,,0.0,20943.02,0.0,5772.58,0.0,15860.54,0.0,19199.56,0.0,20388.45,0.0,14141.73,0.0,14059.31,0.0,14239.03,0.0,12759.25,0.0,137363.51
,"China, PR ",,0.0,12692.03,0.0,9462.44,0.0,14859.95,0.0,11950.85,0.0,17944.14,0.0,10868.73,0.0,12337.56,0.0,11773.47,0.0,14712.2,0.0,116601.4
,Korea,,0.0,17852.82,0.0,6794.26,0.0,13686.4,0.0,8522.29,0.0,9307.43,0.0,10892.66,0.0,10646.48,0.0,17775.76,0.0,9024.52,0.0,104502.65
,France,,0.0,11667.39,0.0,5694.23,0.0,9158.33,0.0,11038.47,0.0,13428.23,0.0,11353.17,0.0,8673.81,0.0,7939.01,0.0,7145.46,0.0,86098.14
,Belgium,,0.0,9927.65,0.0,3304.13,0.0,10558.31,0.0,9354.37,0.0,13389.47,0.0,11167.59,0.0,11336.57,0.0,9460.2,0.0,5590.5,0.0,84088.81
,United Kingdom,,0.0,10847.07,0.0,3883.18,0.0,7973.84,0.0,7520.13,0.0,9642.64,0.0,6990.57,0.0,9014.93,0.0,9115.01,0.0,8932.74,0.0,73920.15
,Hong Kong SAR (China) ,,0.0,7833.27,0.0,3912.48,0.0,6397.31,0.0,8917.55,0.0,6122.4,0.0,8727.98,0.0,9913.58,0.0,8174.17,0.0,6596.85,0.0,66595.62
,Canada,,0.0,7627.65,0.0,3146.99,0.0,6172.91,0.0,5838.88,0.0,7845.69,0.0,7615.62,0.0,6523.29,0.0,5121.35,0.0,6341.1,0.0,56233.51
,Italy,,0.0,7474.31,0.0,2708.08,0.0,6097.62,0.0,6059.93,0.0,6714.81,0.0,6366.82,0.0,3457.93,0.0,4738.72,0.0,5176.51,0.0,48794.77
,Australia,,0.0,2767.53,0.0,2207.75,0.0,2632.28,0.0,2042.37,0.0,2946.61,0.0,3429.55,0.0,4005.38,0.0,2467.99,0.0,2740.18,0.0,25239.69
,Spain  ,,0.0,2743.59,0.0,902.75,0.0,2084.88,0.0,2584.2,0.0,2226.0,0.0,2323.43,0.0,2402.38,0.0,2291.14,0.0,2029.44,0.0,19587.85
,Sweden,,0.0,3078.26,0.0,906.04,0.0,1564.07,0.0,1577.63,0.0,2228.15,0.0,2308.1,0.0,2002.6,0.0,3809.38,0.0,1737.88,0.0,19212.15
,United Arab Emirates,,0.0,1748.81,0.0,1610.29,0.0,3372.88,0.0,1934.77,0.0,2427.96,0.0,2089.99,0.0,570.1,0.0,872.95,0.0,2675.2,0.0,17303.01
,Taiwan,,0.0,1679.66,0.0,1060.01,0.0,2206.78,0.0,1293.5,0.0,1246.56,0.0,1429.74,0.0,1928.42,0.0,1528.35,0.0,1383.63,0.0,13756.69
,Malaysia,,0.0,1564.95,0.0,1296.27,0.0,1727.06,0.0,1362.92,0.0,1449.36,0.0,1116.9,0.0,1685.64,0.0,1351.36,0.0,1173.49,0.0,12727.99
,Russia Federation,,0.0,1643.22,0.0,1755.68,0.0,1527.71,0.0,1649.35,0.0,886.2,0.0,856.45,0.0,644.01,0.0,910.47,0.0,1322.66,0.0,11195.77
,Singapore ,,0.0,1225.24,0.0,567.5,0.0,780.69,0.0,1245.31,0.0,2096.35,0.0,1340.74,0.0,1431.91,0.0,1223.88,0.0,1054.28,0.0,10965.94
,Brazil,,0.0,750.48,0.0,661.85,0.0,1026.29,0.0,1117.69,0.0,750.33,0.0,1230.13,0.0,1341.06,0.0,1592.8,0.0,1373.07,0.0,9843.74
,Mexico,,0.0,1239.9,0.0,421.28,0.0,1578.93,0.0,1486.33,0.0,1213.58,0.0,888.91,0.0,1172.23,0.0,599.26,0.0,1196.55,0.0,9797.01
,Poland,,0.0,836.4,0.0,259.22,0.0,937.61,0.0,1129.59,0.0,1377.22,0.0,1035.56,0.0,1209.15,0.0,1080.29,0.0,745.82,0.0,8610.91
,Thailand,,0.0,1227.34,0.0,550.29,0.0,913.76,0.0,1067.22,0.0,770.37,0.0,955.9,0.0,1095.71,0.0,883.64,0.0,888.39,0.0,8352.66
,Chile,,0.0,0.0,0.0,0.0,0.0,1427.86,0.0,621.24,0.0,521.54,0.0,419.93,0.0,753.33,0.0,1615.78,0.0,932.35,0.0,6292.06
,Denmark,,0.0,505.37,0.0,495.31,0.0,391.33,0.0,591.66,0.0,702.66,0.0,715.68,0.0,709.96,0.0,486.72,0.0,518.3,0.0,5117.04
,Norway,,0.0,594.61,0.0,571.05,0.0,742.39,0.0,300.62,0.0,855.91,0.0,356.62,0.0,331.84,0.0,533.2,0.0,578.09,0.0,4864.38
,Nigeria,,0.0,0.0,0.0,0.0,0.0,235.0,0.0,29.85,0.0,689.15,0.0,718.05,0.0,357.76,0.0,1720.96,0.0,805.41,0.0,4556.2
,Switzerland,,0.0,525.5,0.0,229.44,0.0,523.37,0.0,397.32,0.0,309.23,0.0,901.93,0.0,439.36,0.0,245.57,0.0,792.98,0.0,4364.72
,Peru,,0.0,0.0,0.0,0.0,0.0,663.38,0.0,367.79,0.0,285.12,0.0,269.97,0.0,424.25,0.0,334.95,0.0,255.93,0.0,2601.4
,Argentina,,0.0,0.0,0.0,0.0,0.0,766.28,0.0,210.55,0.0,304.64,0.0,246.29,0.0,182.74,0.0,497.16,0.0,320.21,0.0,2527.89
,Czech Republic,,0.0,238.47,0.0,1.18,0.0,217.32,0.0,755.94,0.0,686.15,0.0,158.11,0.0,106.28,0.0,160.02,0.0,145.46,0.0,2468.95
Pieces of cloth and other technical cloths,,1000 USD,,53432.38,0.0,45714.54,0.0,54830.23,0.0,54165.29,0.0,52552.68,0.0,50325.09,0.0,49679.42,0.0,50273.39,0.0,46242.44,,457215.5
,Of which:,,,,,,,,,,,,,,,,,,,,,
,United States,,0.0,18735.11,0.0,19063.27,0.0,18290.81,0.0,19439.7,0.0,15170.41,0.0,16086.23,0.0,15140.95,0.0,15066.71,0.0,14721.21,0.0,151714.44
,Korea,,0.0,5193.23,0.0,3032.39,0.0,4405.95,0.0,5580.46,0.0,4557.67,0.0,5784.01,0.0,7755.37,0.0,5947.03,0.0,5411.89,0.0,47668.05
,Indonesia,,0.0,3203.22,0.0,1939.82,0.0,3840.84,0.0,3501.31,0.0,2702.52,0.0,3481.49,0.0,3097.99,0.0,3705.95,0.0,2615.13,0.0,28088.31
,Japan,,0.0,3029.84,0.0,2842.13,0.0,3671.99,0.0,2977.29,0.0,3107.87,0.0,2694.23,0.0,3128.35,0.0,2677.03,0.0,2339.4,0.0,26468.18
,Thailand,,0.0,3172.37,0.0,2160.54,0.0,3163.86,0.0,3508.66,0.0,3225.75,0.0,2921.57,0.0,2650.2,0.0,3480.82,0.0,2176.0,0.0,26459.81
,Luxembourg,,0.0,3452.41,0.0,3189.76,0.0,2980.92,0.0,2579.73,0.0,3133.79,0.0,2394.21,0.0,1840.9,0.0,1934.17,0.0,1666.63,0.0,23172.56
,Canada,,0.0,2476.75,0.0,1710.4,0.0,2882.95,0.0,1029.8,0.0,2613.1,0.0,1162.64,0.0,1976.76,0.0,1987.62,0.0,1763.35,0.0,17603.41
,"China, PR ",,0.0,709.04,0.0,881.52,0.0,1015.82,0.0,979.95,0.0,1117.71,0.0,873.98,0.0,753.41,0.0,633.02,0.0,745.04,0.0,7709.52
,Brazil,,0.0,196.92,0.0,507.2,0.0,763.2,0.0,1385.79,0.0,1202.41,0.0,440.26,0.0,840.33,0.0,1106.73,0.0,1228.99,0.0,7671.87
,Argentina,,0.0,885.85,0.0,224.82,0.0,947.33,0.0,1044.8,0.0,731.95,0.0,1118.75,0.0,900.94,0.0,754.3,0.0,582.17,0.0,7190.96
"Petroleum oil, refined",,Ton,235457.0,130063.48,327680.0,212764.01,284219.0,177972.25,304840.0,188682.94,305166.0,193118.43,202462.0,119464.22,251210.0,152261.36,267267.0,164685.24,246026.0,148123.43,2424327.0,1487135.37
,Of which:,,,,,,,,,,,,,,,,,,,,,
,Cambodia,,85845.0,48370.33,57039.0,31363.9,62793.0,39244.99,60513.0,38916.43,74567.0,47845.79,60213.0,35731.04,44025.0,26904.52,44531.0,28486.93,49359.0,30242.51,538885.0,327106.48
,"China, PR ",,62929.42,37823.57,49460.42,32908.63,36295.42,25894.0,4389.42,10316.06,37304.42,28419.54,61285.42,43841.8,43681.42,30278.16,54451.0,39163.05,66070.0,42129.06,415867.0,290773.91
,Singapore ,,12376.0,5699.98,5991.0,2634.82,10012.0,4080.59,26810.0,10693.62,15935.0,6867.34,11261.0,4555.83,57362.0,27851.81,33931.0,16396.92,0.0,0.0,173678.0,78780.95
,Thailand,,0.0,0.0,99.0,60.85,27442.0,14265.31,25036.0,13405.22,25018.0,14385.12,27519.0,15775.86,26166.0,13622.27,0.0,0.0,29.0,24.64,131309.0,71539.29
,Malaysia,,12390.0,4738.74,6390.0,2844.29,12089.0,5627.68,29059.0,14086.36,26121.0,13417.76,18438.0,4377.89,15712.0,6760.92,14803.0,5949.47,6214.0,1836.39,141216.0,59639.53
,Lao PDR,,13066.0,7458.95,8981.0,5407.78,10141.0,6498.08,11514.0,7744.68,12190.0,8176.65,9798.0,6177.0,8217.0,5219.28,5643.0,3548.86,7579.0,4745.36,87129.0,54976.68
,Korea,,35244.0,17530.46,3914.0,3927.19,7483.0,5498.04,5669.0,4251.59,2273.0,1705.31,2509.0,1903.4,2546.0,1872.44,3867.0,2760.62,2567.0,1855.86,66072.0,41304.94
,Russia Federation,,5800.0,4265.6,3500.0,2461.66,3830.0,2822.61,2970.0,2253.36,4000.0,3124.58,3920.0,3097.45,3200.0,2430.48,4480.0,3296.35,3950.0,2918.02,35650.0,26670.15
,Hong Kong SAR (China) ,,0.0,0.0,0.0,0.0,0.0,0.0,0.0,0.0,767.0,382.1,0.0,0.0,0.0,0.0,0.0,0.0,0.0,0.0,767.0,382.1
,Indonesia,,0.0,0.0,0.0,0.0,271.0,163.16,0.0,0.0,0.0,0.0,0.0,0.0,0.0,0.0,0.0,0.0,0.0,0.0,271.0,163.16
"Fibres, not spun",,Ton,138802.0,355045.05,101764.0,267866.02,144138.0,367934.53,136005.0,352427.42,147437.0,370947.83,126863.0,315022.97,152705.0,369489.94,149110.0,356113.93,142472.0,334011.21,1239296.0,3088858.95
,Of which:,,,,,,,,,,,,,,,,,,,,,
,"China, PR ",,74018.0,192796.77,57673.0,154230.14,81737.0,215032.62,77187.0,202475.59,83119.0,215813.26,70797.0,179640.22,86699.0,212740.99,86633.0,213600.3,79685.0,191701.69,697548.0,1778031.61
,Korea,,13662.0,33884.69,9423.0,22942.57,12886.0,30354.55,11690.0,29015.21,11303.0,27251.44,10703.0,25450.05,12077.0,29222.0,10072.0,22918.98,11022.0,25695.16,102838.0,246734.7
,Turkey,,6561.0,13970.34,3722.0,8594.97,5463.0,11873.04,5546.0,12545.51,7421.0,15417.91,4187.0,10469.11,6800.0,13297.32,4053.0,9240.46,4338.0,9545.26,48091.0,104953.95
,India,,3696.0,11833.73,2152.0,8921.15,2980.0,11372.97,2883.0,9366.56,3927.0,12389.73,3273.0,11518.24,4524.0,13364.33,3286.0,10996.32,3122.0,10658.02,29843.0,100421.07
,Thailand,,4686.0,12331.27,3618.0,8744.53,3884.0,10863.51,3468.0,9494.86,3674.0,10253.84,3451.0,8839.68,3449.0,9306.88,4438.0,11193.29,3704.0,9654.53,34372.0,90682.43
,Brazil,,2880.0,6932.47,2804.0,7095.41,4023.0,9234.41,3718.0,8571.91,6100.0,10820.18,5176.0,10085.47,4909.0,9750.88,6181.0,10553.16,5923.0,9739.03,41714.0,82782.95
,Japan,,2156.0,7110.53,1870.0,5384.98,2314.0,6793.63,2611.0,7443.71,2472.0,7484.55,2155.0,6474.03,2642.0,7179.57,2180.0,7286.66,2186.0,6348.48,20586.0,61506.17
,Bangladesh,,1863.0,7701.57,1109.0,4943.37,1488.0,6116.63,1520.0,6477.82,1739.0,7363.43,1892.0,6721.16,2015.0,7957.52,1494.0,5985.6,1801.0,6127.81,14921.0,59394.94
,Hong Kong SAR (China) ,,1772.0,5947.55,961.0,3395.83,2238.0,6791.4,1632.0,5897.06,2196.0,7046.13,1791.0,5836.35,2279.0,7416.18,1406.0,4838.3,2411.0,7385.86,16686.0,54554.7
,Indonesia,,2058.0,6816.09,1570.0,5325.47,2047.0,6533.51,1624.0,5091.85,1101.0,4319.17,1552.0,4532.51,1960.0,5894.15,2222.0,7287.66,2551.0,7547.12,16685.0,53347.57
,United States,,3811.0,5485.34,2607.0,3536.24,4047.0,5221.9,3608.0,5036.45,3811.0,5113.83,3754.0,4825.37,4354.0,5294.74,3875.0,4314.09,3358.0,3692.43,33225.0,42520.42
,Taiwan,,1618.0,4976.56,1615.0,4924.94,1466.0,4651.6,1223.0,3926.05,1682.0,5153.81,1732.0,5149.62,1278.0,3588.2,1404.0,4235.74,1493.0,4478.06,13511.0,41084.63
,Malaysia,,1799.0,4847.86,1446.0,3880.69,2009.0,5181.47,1789.0,4868.1,1844.0,4978.6,1409.0,3818.69,2005.0,5021.58,1642.0,4025.67,1447.0,3545.3,15390.0,40167.99
,Egypt,,2142.0,4939.65,1538.0,3457.74,2126.0,4896.47,1746.0,4108.84,1767.0,3922.76,1472.0,3204.53,3132.0,6613.4,2264.0,4829.87,1633.0,3410.27,17820.0,39383.55
,Colombia,,889.0,2218.45,886.0,2489.02,1925.0,4759.55,1679.0,4434.04,1432.0,3522.32,1493.0,3607.15,1911.0,4346.48,1895.0,4517.79,1979.0,4472.47,14089.0,34367.29
,Pakistan,,1916.0,4027.09,1122.0,2802.9,1037.0,2571.28,1303.0,3513.34,689.0,2175.79,578.0,1685.05,865.0,2373.98,1463.0,3039.34,1360.0,2725.44,10333.0,24914.24
,Cambodia,,966.0,2987.58,624.0,1984.25,675.0,2082.58,688.0,2034.02,1331.0,3890.48,728.0,2356.86,820.0,2355.41,972.0,2706.89,824.0,2419.64,7628.0,22817.73
,Romania,,0.0,0.0,0.0,0.0,1740.0,6699.83,421.0,1208.06,587.0,2412.87,656.0,2742.06,598.0,2133.39,733.0,2419.73,696.0,2696.8,5431.0,20312.77
,Sri Lanka,,0.0,0.0,0.0,0.0,1591.0,6078.46,452.0,1806.13,553.0,2333.68,541.0,2304.44,482.0,2179.66,493.0,1970.9,604.0,2117.45,4716.0,18790.74
,Philippines,,1138.0,2685.57,900.0,2030.17,970.0,2242.92,655.0,1484.51,692.0,1627.67,603.0,1179.22,937.0,1926.07,900.0,1703.43,1436.0,2784.64,8231.0,17664.24
,United Kingdom,,1451.0,1656.23,692.0,757.2,1536.0,1674.92,1536.0,1580.62,1596.0,1585.66,1654.0,1626.89,1450.0,1533.59,1779.0,1705.86,1585.0,1552.96,13279.0,13673.96
,Italy,,341.0,1151.86,310.0,1220.73,275.0,1686.64,237.0,638.75,133.0,1032.24,136.0,451.7,185.0,863.14,103.0,903.6,137.0,864.09,1857.0,8812.77
,Chile,,0.0,0.0,0.0,0.0,784.0,1876.66,471.0,1198.36,494.0,1184.79,356.0,876.74,290.0,727.94,261.0,629.22,398.0,847.14,3054.0,7340.87
,Peru,,0.0,0.0,0.0,0.0,309.0,684.75,292.0,825.34,322.0,927.26,116.0,342.14,101.0,280.51,143.0,436.76,341.0,708.45,1624.0,4205.23
