section,indicator_id,province_code,province_name,geography_version,period,year,period_type,value,unit,value_status,period_status,source_id,source_row,source_column,raw_value,source_period_header,quality_flags,province_name_source
education,e1323_c9b3c38247,VN_SRC_HANOI,Ha Noi,source_reported_unharmonized,2001-2002,2001,academic_year,96.03,%,observed,not_specified,E1323,6,2,96.03,2001-2002,,Ha Noi
education,e1323_c9b3c38247,VN_SRC_HANOI,Ha Noi,source_reported_unharmonized,2002-2003,2002,academic_year,97.23,%,observed,not_specified,E1323,6,3,97.23,2002-2003,,Ha Noi
education,e1323_c9b3c38247,VN_SRC_HANOI,Ha Noi,source_reported_unharmonized,2003-2004,2003,academic_year,96.71,%,observed,not_specified,E1323,6,4,96.71,2003-2004,,Ha Noi
education,e1323_c9b3c38247,VN_SRC_HANOI,Ha Noi,source_reported_unharmonized,2004-2005,2004,academic_year,98.03,%,observed,not_specified,E1323,6,5,98.03,2004-2005,,Ha Noi
education,e1323_c9b3c38247,VN_SRC_HANOI,Ha Noi,source_reported_unharmonized,2005-2006,2005,academic_year,98.44,%,observed,not_specified,E1323,6,6,98.44,2005-2006,,Ha Noi
education,e1323_c9b3c38247,VN_SRC_HANOI,Ha Noi,source_reported_unharmonized,2006-2007,2006,academic_year,94.80,%,observed,not_specified,E1323,6,7,94.80,2006-2007,,Ha Noi
education,e1323_c9b3c38247,VN_SRC_HANOI,Ha Noi,source_reported_unharmonized,2007-2008,2007,academic_year,96.82,%,observed,not_specified,E1323,6,8,96.82,2007-2008,,Ha Noi
education,e1323_c9b3c38247,VN_SRC_HANOI,Ha Noi,source_reported_unharmonized,2008-2009,2008,academic_year,89.84,%,observed,not_specified,E1323,6,9,89.84,2008-2009,,Ha Noi
education,e1323_c9b3c38247,VN_SRC_HANOI,Ha Noi,source_reported_unharmonized,2009-2010,2009,academic_year,94.87,%,observed,not_specified,E1323,6,10,94.87,2009-2010,,Ha Noi
education,e1323_c9b3c38247,VN_SRC_HANOI,Ha Noi,source_reported_unharmonized,2010-2011,2010,academic_year,98.05,%,observed,not_specified,E1323,6,11,98.05,2010-2011,,Ha Noi
education,e1323_c9b3c38247,VN_SRC_HANOI,Ha Noi,source_reported_unharmonized,2011-2012,2011,academic_year,98.50,%,observed,not_specified,E1323,6,12,98.50,2011-2012,,Ha Noi
education,e1323_c9b3c38247,VN_SRC_HANOI,Ha Noi,source_reported_unharmonized,2012-2013,2012,academic_year,97.11,%,observed,not_specified,E1323,6,13,97.11,2012-2013,,Ha Noi
education,e1323_c9b3c38247,VN_SRC_HANOI,Ha Noi,source_reported_unharmonized,2013-2014,2013,academic_year,95.07,%,observed,not_specified,E1323,6,14,95.07,2013-2014,,Ha Noi
education,e1323_c9b3c38247,VN_SRC_HANOI,Ha Noi,source_reported_unharmonized,2014-2015,2014,academic_year,95.57,%,observed,not_specified,E1323,6,15,95.57,2014-2015,,Ha Noi
education,e1323_c9b3c38247,VN_SRC_HANOI,Ha Noi,source_reported_unharmonized,2015-2016,2015,academic_year,95.83,%,observed,not_specified,E1323,6,16,95.83,2015-2016,,Ha Noi
education,e1323_c9b3c38247,VN_SRC_HANOI,Ha Noi,source_reported_unharmonized,2016-2017,2016,academic_year,98.66,%,observed,not_specified,E1323,6,17,98.66,2016-2017,,Ha Noi
education,e1323_c9b3c38247,VN_SRC_HATAY,Ha Tay,source_reported_unharmonized,2001-2002,2001,academic_year,99.46,%,observed,not_specified,E1323,7,2,99.46,2001-2002,,Ha Tay
education,e1323_c9b3c38247,VN_SRC_HATAY,Ha Tay,source_reported_unharmonized,2002-2003,2002,academic_year,97.02,%,observed,not_specified,E1323,7,3,97.02,2002-2003,,Ha Tay
education,e1323_c9b3c38247,VN_SRC_HATAY,Ha Tay,source_reported_unharmonized,2003-2004,2003,academic_year,99.79,%,observed,not_specified,E1323,7,4,99.79,2003-2004,,Ha Tay
education,e1323_c9b3c38247,VN_SRC_HATAY,Ha Tay,source_reported_unharmonized,2004-2005,2004,academic_year,99.08,%,observed,not_specified,E1323,7,5,99.08,2004-2005,,Ha Tay
education,e1323_c9b3c38247,VN_SRC_HATAY,Ha Tay,source_reported_unharmonized,2005-2006,2005,academic_year,99.32,%,observed,not_specified,E1323,7,6,99.32,2005-2006,,Ha Tay
education,e1323_c9b3c38247,VN_SRC_HATAY,Ha Tay,source_reported_unharmonized,2006-2007,2006,academic_year,74.30,%,observed,not_specified,E1323,7,7,74.30,2006-2007,,Ha Tay
education,e1323_c9b3c38247,VN_SRC_HATAY,Ha Tay,source_reported_unharmonized,2007-2008,2007,academic_year,77.56,%,observed,not_specified,E1323,7,8,77.56,2007-2008,,Ha Tay
education,e1323_c9b3c38247,VN_SRC_HATAY,Ha Tay,source_reported_unharmonized,2008-2009,2008,academic_year,,%,missing,not_specified,E1323,7,9,..,2008-2009,,Ha Tay
education,e1323_c9b3c38247,VN_SRC_HATAY,Ha Tay,source_reported_unharmonized,2009-2010,2009,academic_year,,%,missing,not_specified,E1323,7,10,..,2009-2010,,Ha Tay
education,e1323_c9b3c38247,VN_SRC_HATAY,Ha Tay,source_reported_unharmonized,2010-2011,2010,academic_year,,%,missing,not_specified,E1323,7,11,..,2010-2011,,Ha Tay
education,e1323_c9b3c38247,VN_SRC_HATAY,Ha Tay,source_reported_unharmonized,2011-2012,2011,academic_year,,%,missing,not_specified,E1323,7,12,..,2011-2012,,Ha Tay
education,e1323_c9b3c38247,VN_SRC_HATAY,Ha Tay,source_reported_unharmonized,2012-2013,2012,academic_year,,%,missing,not_specified,E1323,7,13,..,2012-2013,,Ha Tay
education,e1323_c9b3c38247,VN_SRC_HATAY,Ha Tay,source_reported_unharmonized,2013-2014,2013,academic_year,,%,missing,not_specified,E1323,7,14,..,2013-2014,,Ha Tay
education,e1323_c9b3c38247,VN_SRC_HATAY,Ha Tay,source_reported_unharmonized,2014-2015,2014,academic_year,,%,missing,not_specified,E1323,7,15,..,2014-2015,,Ha Tay
education,e1323_c9b3c38247,VN_SRC_HATAY,Ha Tay,source_reported_unharmonized,2015-2016,2015,academic_year,,%,missing,not_specified,E1323,7,16,..,2015-2016,,Ha Tay
education,e1323_c9b3c38247,VN_SRC_HATAY,Ha Tay,source_reported_unharmonized,2016-2017,2016,academic_year,,%,missing,not_specified,E1323,7,17,..,2016-2017,,Ha Tay
education,e1323_c9b3c38247,VN_SRC_VINHPHUC,Vinh Phuc,source_reported_unharmonized,2001-2002,2001,academic_year,95.71,%,observed,not_specified,E1323,8,2,95.71,2001-2002,,Vinh Phuc
education,e1323_c9b3c38247,VN_SRC_VINHPHUC,Vinh Phuc,source_reported_unharmonized,2002-2003,2002,academic_year,95.50,%,observed,not_specified,E1323,8,3,95.50,2002-2003,,Vinh Phuc
education,e1323_c9b3c38247,VN_SRC_VINHPHUC,Vinh Phuc,source_reported_unharmonized,2003-2004,2003,academic_year,94.44,%,observed,not_specified,E1323,8,4,94.44,2003-2004,,Vinh Phuc
education,e1323_c9b3c38247,VN_SRC_VINHPHUC,Vinh Phuc,source_reported_unharmonized,2004-2005,2004,academic_year,97.94,%,observed,not_specified,E1323,8,5,97.94,2004-2005,,Vinh Phuc
education,e1323_c9b3c38247,VN_SRC_VINHPHUC,Vinh Phuc,source_reported_unharmonized,2005-2006,2005,academic_year,98.44,%,observed,not_specified,E1323,8,6,98.44,2005-2006,,Vinh Phuc
education,e1323_c9b3c38247,VN_SRC_VINHPHUC,Vinh Phuc,source_reported_unharmonized,2006-2007,2006,academic_year,92.59,%,observed,not_specified,E1323,8,7,92.59,2006-2007,,Vinh Phuc
education,e1323_c9b3c38247,VN_SRC_VINHPHUC,Vinh Phuc,source_reported_unharmonized,2007-2008,2007,academic_year,93.55,%,observed,not_specified,E1323,8,8,93.55,2007-2008,,Vinh Phuc
education,e1323_c9b3c38247,VN_SRC_VINHPHUC,Vinh Phuc,source_reported_unharmonized,2008-2009,2008,academic_year,83.91,%,observed,not_specified,E1323,8,9,83.91,2008-2009,,Vinh Phuc
education,e1323_c9b3c38247,VN_SRC_VINHPHUC,Vinh Phuc,source_reported_unharmonized,2009-2010,2009,academic_year,96.32,%,observed,not_specified,E1323,8,10,96.32,2009-2010,,Vinh Phuc
education,e1323_c9b3c38247,VN_SRC_VINHPHUC,Vinh Phuc,source_reported_unharmonized,2010-2011,2010,academic_year,98.38,%,observed,not_specified,E1323,8,11,98.38,2010-2011,,Vinh Phuc
education,e1323_c9b3c38247,VN_SRC_VINHPHUC,Vinh Phuc,source_reported_unharmonized,2011-2012,2011,academic_year,99.52,%,observed,not_specified,E1323,8,12,99.52,2011-2012,,Vinh Phuc
education,e1323_c9b3c38247,VN_SRC_VINHPHUC,Vinh Phuc,source_reported_unharmonized,2012-2013,2012,academic_year,98.74,%,observed,not_specified,E1323,8,13,98.74,2012-2013,,Vinh Phuc
education,e1323_c9b3c38247,VN_SRC_VINHPHUC,Vinh Phuc,source_reported_unharmonized,2013-2014,2013,academic_year,99.56,%,observed,not_specified,E1323,8,14,99.56,2013-2014,,Vinh Phuc
education,e1323_c9b3c38247,VN_SRC_VINHPHUC,Vinh Phuc,source_reported_unharmonized,2014-2015,2014,academic_year,97.25,%,observed,not_specified,E1323,8,15,97.25,2014-2015,,Vinh Phuc
education,e1323_c9b3c38247,VN_SRC_VINHPHUC,Vinh Phuc,source_reported_unharmonized,2015-2016,2015,academic_year,99.39,%,observed,not_specified,E1323,8,16,99.39,2015-2016,,Vinh Phuc
education,e1323_c9b3c38247,VN_SRC_VINHPHUC,Vinh Phuc,source_reported_unharmonized,2016-2017,2016,academic_year,99.28,%,observed,not_specified,E1323,8,17,99.28,2016-2017,,Vinh Phuc
education,e1323_c9b3c38247,VN_SRC_BACNINH,Bac Ninh,source_reported_unharmonized,2001-2002,2001,academic_year,97.89,%,observed,not_specified,E1323,9,2,97.89,2001-2002,,Bac Ninh
education,e1323_c9b3c38247,VN_SRC_BACNINH,Bac Ninh,source_reported_unharmonized,2002-2003,2002,academic_year,99.35,%,observed,not_specified,E1323,9,3,99.35,2002-2003,,Bac Ninh
education,e1323_c9b3c38247,VN_SRC_BACNINH,Bac Ninh,source_reported_unharmonized,2003-2004,2003,academic_year,98.46,%,observed,not_specified,E1323,9,4,98.46,2003-2004,,Bac Ninh
education,e1323_c9b3c38247,VN_SRC_BACNINH,Bac Ninh,source_reported_unharmonized,2004-2005,2004,academic_year,98.65,%,observed,not_specified,E1323,9,5,98.65,2004-2005,,Bac Ninh
education,e1323_c9b3c38247,VN_SRC_BACNINH,Bac Ninh,source_reported_unharmonized,2005-2006,2005,academic_year,99.54,%,observed,not_specified,E1323,9,6,99.54,2005-2006,,Bac Ninh
education,e1323_c9b3c38247,VN_SRC_BACNINH,Bac Ninh,source_reported_unharmonized,2006-2007,2006,academic_year,90.86,%,observed,not_specified,E1323,9,7,90.86,2006-2007,,Bac Ninh
education,e1323_c9b3c38247,VN_SRC_BACNINH,Bac Ninh,source_reported_unharmonized,2007-2008,2007,academic_year,94.76,%,observed,not_specified,E1323,9,8,94.76,2007-2008,,Bac Ninh
education,e1323_c9b3c38247,VN_SRC_BACNINH,Bac Ninh,source_reported_unharmonized,2008-2009,2008,academic_year,94.15,%,observed,not_specified,E1323,9,9,94.15,2008-2009,,Bac Ninh
education,e1323_c9b3c38247,VN_SRC_BACNINH,Bac Ninh,source_reported_unharmonized,2009-2010,2009,academic_year,99.41,%,observed,not_specified,E1323,9,10,99.41,2009-2010,,Bac Ninh
education,e1323_c9b3c38247,VN_SRC_BACNINH,Bac Ninh,source_reported_unharmonized,2010-2011,2010,academic_year,99.62,%,observed,not_specified,E1323,9,11,99.62,2010-2011,,Bac Ninh
education,e1323_c9b3c38247,VN_SRC_BACNINH,Bac Ninh,source_reported_unharmonized,2011-2012,2011,academic_year,99.96,%,observed,not_specified,E1323,9,12,99.96,2011-2012,,Bac Ninh
education,e1323_c9b3c38247,VN_SRC_BACNINH,Bac Ninh,source_reported_unharmonized,2012-2013,2012,academic_year,99.19,%,observed,not_specified,E1323,9,13,99.19,2012-2013,,Bac Ninh
education,e1323_c9b3c38247,VN_SRC_BACNINH,Bac Ninh,source_reported_unharmonized,2013-2014,2013,academic_year,98.30,%,observed,not_specified,E1323,9,14,98.30,2013-2014,,Bac Ninh
education,e1323_c9b3c38247,VN_SRC_BACNINH,Bac Ninh,source_reported_unharmonized,2014-2015,2014,academic_year,97.96,%,observed,not_specified,E1323,9,15,97.96,2014-2015,,Bac Ninh
education,e1323_c9b3c38247,VN_SRC_BACNINH,Bac Ninh,source_reported_unharmonized,2015-2016,2015,academic_year,99.40,%,observed,not_specified,E1323,9,16,99.40,2015-2016,,Bac Ninh
education,e1323_c9b3c38247,VN_SRC_BACNINH,Bac Ninh,source_reported_unharmonized,2016-2017,2016,academic_year,99.62,%,observed,not_specified,E1323,9,17,99.62,2016-2017,,Bac Ninh
education,e1323_c9b3c38247,VN_SRC_QUANGNINH,Quang Ninh,source_reported_unharmonized,2001-2002,2001,academic_year,94.95,%,observed,not_specified,E1323,10,2,94.95,2001-2002,,Quang Ninh
education,e1323_c9b3c38247,VN_SRC_QUANGNINH,Quang Ninh,source_reported_unharmonized,2002-2003,2002,academic_year,99.31,%,observed,not_specified,E1323,10,3,99.31,2002-2003,,Quang Ninh
education,e1323_c9b3c38247,VN_SRC_QUANGNINH,Quang Ninh,source_reported_unharmonized,2003-2004,2003,academic_year,99.42,%,observed,not_specified,E1323,10,4,99.42,2003-2004,,Quang Ninh
education,e1323_c9b3c38247,VN_SRC_QUANGNINH,Quang Ninh,source_reported_unharmonized,2004-2005,2004,academic_year,99.22,%,observed,not_specified,E1323,10,5,99.22,2004-2005,,Quang Ninh
education,e1323_c9b3c38247,VN_SRC_QUANGNINH,Quang Ninh,source_reported_unharmonized,2005-2006,2005,academic_year,99.02,%,observed,not_specified,E1323,10,6,99.02,2005-2006,,Quang Ninh
education,e1323_c9b3c38247,VN_SRC_QUANGNINH,Quang Ninh,source_reported_unharmonized,2006-2007,2006,academic_year,88.95,%,observed,not_specified,E1323,10,7,88.95,2006-2007,,Quang Ninh
education,e1323_c9b3c38247,VN_SRC_QUANGNINH,Quang Ninh,source_reported_unharmonized,2007-2008,2007,academic_year,97.24,%,observed,not_specified,E1323,10,8,97.24,2007-2008,,Quang Ninh
education,e1323_c9b3c38247,VN_SRC_QUANGNINH,Quang Ninh,source_reported_unharmonized,2008-2009,2008,academic_year,90.75,%,observed,not_specified,E1323,10,9,90.75,2008-2009,,Quang Ninh
education,e1323_c9b3c38247,VN_SRC_QUANGNINH,Quang Ninh,source_reported_unharmonized,2009-2010,2009,academic_year,98.32,%,observed,not_specified,E1323,10,10,98.32,2009-2010,,Quang Ninh
education,e1323_c9b3c38247,VN_SRC_QUANGNINH,Quang Ninh,source_reported_unharmonized,2010-2011,2010,academic_year,97.66,%,observed,not_specified,E1323,10,11,97.66,2010-2011,,Quang Ninh
education,e1323_c9b3c38247,VN_SRC_QUANGNINH,Quang Ninh,source_reported_unharmonized,2011-2012,2011,academic_year,99.60,%,observed,not_specified,E1323,10,12,99.60,2011-2012,,Quang Ninh
education,e1323_c9b3c38247,VN_SRC_QUANGNINH,Quang Ninh,source_reported_unharmonized,2012-2013,2012,academic_year,98.38,%,observed,not_specified,E1323,10,13,98.38,2012-2013,,Quang Ninh
education,e1323_c9b3c38247,VN_SRC_QUANGNINH,Quang Ninh,source_reported_unharmonized,2013-2014,2013,academic_year,99.49,%,observed,not_specified,E1323,10,14,99.49,2013-2014,,Quang Ninh
education,e1323_c9b3c38247,VN_SRC_QUANGNINH,Quang Ninh,source_reported_unharmonized,2014-2015,2014,academic_year,94.79,%,observed,not_specified,E1323,10,15,94.79,2014-2015,,Quang Ninh
education,e1323_c9b3c38247,VN_SRC_QUANGNINH,Quang Ninh,source_reported_unharmonized,2015-2016,2015,academic_year,97.34,%,observed,not_specified,E1323,10,16,97.34,2015-2016,,Quang Ninh
education,e1323_c9b3c38247,VN_SRC_QUANGNINH,Quang Ninh,source_reported_unharmonized,2016-2017,2016,academic_year,98.01,%,observed,not_specified,E1323,10,17,98.01,2016-2017,,Quang Ninh
education,e1323_c9b3c38247,VN_SRC_HAIDUONG,Hai Duong,source_reported_unharmonized,2001-2002,2001,academic_year,98.56,%,observed,not_specified,E1323,11,2,98.56,2001-2002,,Hai Duong
education,e1323_c9b3c38247,VN_SRC_HAIDUONG,Hai Duong,source_reported_unharmonized,2002-2003,2002,academic_year,96.86,%,observed,not_specified,E1323,11,3,96.86,2002-2003,,Hai Duong
education,e1323_c9b3c38247,VN_SRC_HAIDUONG,Hai Duong,source_reported_unharmonized,2003-2004,2003,academic_year,96.84,%,observed,not_specified,E1323,11,4,96.84,2003-2004,,Hai Duong
education,e1323_c9b3c38247,VN_SRC_HAIDUONG,Hai Duong,source_reported_unharmonized,2004-2005,2004,academic_year,99.79,%,observed,not_specified,E1323,11,5,99.79,2004-2005,,Hai Duong
education,e1323_c9b3c38247,VN_SRC_HAIDUONG,Hai Duong,source_reported_unharmonized,2005-2006,2005,academic_year,99.26,%,observed,not_specified,E1323,11,6,99.26,2005-2006,,Hai Duong
education,e1323_c9b3c38247,VN_SRC_HAIDUONG,Hai Duong,source_reported_unharmonized,2006-2007,2006,academic_year,94.47,%,observed,not_specified,E1323,11,7,94.47,2006-2007,,Hai Duong
education,e1323_c9b3c38247,VN_SRC_HAIDUONG,Hai Duong,source_reported_unharmonized,2007-2008,2007,academic_year,77.56,%,observed,not_specified,E1323,11,8,77.56,2007-2008,,Hai Duong
education,e1323_c9b3c38247,VN_SRC_HAIDUONG,Hai Duong,source_reported_unharmonized,2008-2009,2008,academic_year,91.56,%,observed,not_specified,E1323,11,9,91.56,2008-2009,,Hai Duong
education,e1323_c9b3c38247,VN_SRC_HAIDUONG,Hai Duong,source_reported_unharmonized,2009-2010,2009,academic_year,99.39,%,observed,not_specified,E1323,11,10,99.39,2009-2010,,Hai Duong
education,e1323_c9b3c38247,VN_SRC_HAIDUONG,Hai Duong,source_reported_unharmonized,2010-2011,2010,academic_year,99.19,%,observed,not_specified,E1323,11,11,99.19,2010-2011,,Hai Duong
education,e1323_c9b3c38247,VN_SRC_HAIDUONG,Hai Duong,source_reported_unharmonized,2011-2012,2011,academic_year,99.95,%,observed,not_specified,E1323,11,12,99.95,2011-2012,,Hai Duong
education,e1323_c9b3c38247,VN_SRC_HAIDUONG,Hai Duong,source_reported_unharmonized,2012-2013,2012,academic_year,99.24,%,observed,not_specified,E1323,11,13,99.24,2012-2013,,Hai Duong
education,e1323_c9b3c38247,VN_SRC_HAIDUONG,Hai Duong,source_reported_unharmonized,2013-2014,2013,academic_year,99.72,%,observed,not_specified,E1323,11,14,99.72,2013-2014,,Hai Duong
education,e1323_c9b3c38247,VN_SRC_HAIDUONG,Hai Duong,source_reported_unharmonized,2014-2015,2014,academic_year,97.85,%,observed,not_specified,E1323,11,15,97.85,2014-2015,,Hai Duong
education,e1323_c9b3c38247,VN_SRC_HAIDUONG,Hai Duong,source_reported_unharmonized,2015-2016,2015,academic_year,99.00,%,observed,not_specified,E1323,11,16,99.00,2015-2016,,Hai Duong
education,e1323_c9b3c38247,VN_SRC_HAIDUONG,Hai Duong,source_reported_unharmonized,2016-2017,2016,academic_year,99.10,%,observed,not_specified,E1323,11,17,99.10,2016-2017,,Hai Duong
education,e1323_c9b3c38247,VN_SRC_HAIPHONG,Hai Phong,source_reported_unharmonized,2001-2002,2001,academic_year,92.74,%,observed,not_specified,E1323,12,2,92.74,2001-2002,,Hai Phong
education,e1323_c9b3c38247,VN_SRC_HAIPHONG,Hai Phong,source_reported_unharmonized,2002-2003,2002,academic_year,97.57,%,observed,not_specified,E1323,12,3,97.57,2002-2003,,Hai Phong
education,e1323_c9b3c38247,VN_SRC_HAIPHONG,Hai Phong,source_reported_unharmonized,2003-2004,2003,academic_year,97.85,%,observed,not_specified,E1323,12,4,97.85,2003-2004,,Hai Phong
education,e1323_c9b3c38247,VN_SRC_HAIPHONG,Hai Phong,source_reported_unharmonized,2004-2005,2004,academic_year,96.95,%,observed,not_specified,E1323,12,5,96.95,2004-2005,,Hai Phong
education,e1323_c9b3c38247,VN_SRC_HAIPHONG,Hai Phong,source_reported_unharmonized,2005-2006,2005,academic_year,98.69,%,observed,not_specified,E1323,12,6,98.69,2005-2006,,Hai Phong
education,e1323_c9b3c38247,VN_SRC_HAIPHONG,Hai Phong,source_reported_unharmonized,2006-2007,2006,academic_year,92.61,%,observed,not_specified,E1323,12,7,92.61,2006-2007,,Hai Phong
education,e1323_c9b3c38247,VN_SRC_HAIPHONG,Hai Phong,source_reported_unharmonized,2007-2008,2007,academic_year,98.46,%,observed,not_specified,E1323,12,8,98.46,2007-2008,,Hai Phong
education,e1323_c9b3c38247,VN_SRC_HAIPHONG,Hai Phong,source_reported_unharmonized,2008-2009,2008,academic_year,93.66,%,observed,not_specified,E1323,12,9,93.66,2008-2009,,Hai Phong
education,e1323_c9b3c38247,VN_SRC_HAIPHONG,Hai Phong,source_reported_unharmonized,2009-2010,2009,academic_year,98.88,%,observed,not_specified,E1323,12,10,98.88,2009-2010,,Hai Phong
education,e1323_c9b3c38247,VN_SRC_HAIPHONG,Hai Phong,source_reported_unharmonized,2010-2011,2010,academic_year,97.86,%,observed,not_specified,E1323,12,11,97.86,2010-2011,,Hai Phong
education,e1323_c9b3c38247,VN_SRC_HAIPHONG,Hai Phong,source_reported_unharmonized,2011-2012,2011,academic_year,99.98,%,observed,not_specified,E1323,12,12,99.98,2011-2012,,Hai Phong
education,e1323_c9b3c38247,VN_SRC_HAIPHONG,Hai Phong,source_reported_unharmonized,2012-2013,2012,academic_year,97.62,%,observed,not_specified,E1323,12,13,97.62,2012-2013,,Hai Phong
education,e1323_c9b3c38247,VN_SRC_HAIPHONG,Hai Phong,source_reported_unharmonized,2013-2014,2013,academic_year,99.91,%,observed,not_specified,E1323,12,14,99.91,2013-2014,,Hai Phong
education,e1323_c9b3c38247,VN_SRC_HAIPHONG,Hai Phong,source_reported_unharmonized,2014-2015,2014,academic_year,97.54,%,observed,not_specified,E1323,12,15,97.54,2014-2015,,Hai Phong
education,e1323_c9b3c38247,VN_SRC_HAIPHONG,Hai Phong,source_reported_unharmonized,2015-2016,2015,academic_year,91.88,%,observed,not_specified,E1323,12,16,91.88,2015-2016,,Hai Phong
education,e1323_c9b3c38247,VN_SRC_HAIPHONG,Hai Phong,source_reported_unharmonized,2016-2017,2016,academic_year,99.31,%,observed,not_specified,E1323,12,17,99.31,2016-2017,,Hai Phong
education,e1323_c9b3c38247,VN_SRC_HUNGYEN,Hung Yen,source_reported_unharmonized,2001-2002,2001,academic_year,98.28,%,observed,not_specified,E1323,13,2,98.28,2001-2002,,Hung Yen
education,e1323_c9b3c38247,VN_SRC_HUNGYEN,Hung Yen,source_reported_unharmonized,2002-2003,2002,academic_year,99.32,%,observed,not_specified,E1323,13,3,99.32,2002-2003,,Hung Yen
education,e1323_c9b3c38247,VN_SRC_HUNGYEN,Hung Yen,source_reported_unharmonized,2003-2004,2003,academic_year,99.60,%,observed,not_specified,E1323,13,4,99.60,2003-2004,,Hung Yen
education,e1323_c9b3c38247,VN_SRC_HUNGYEN,Hung Yen,source_reported_unharmonized,2004-2005,2004,academic_year,98.87,%,observed,not_specified,E1323,13,5,98.87,2004-2005,,Hung Yen
education,e1323_c9b3c38247,VN_SRC_HUNGYEN,Hung Yen,source_reported_unharmonized,2005-2006,2005,academic_year,99.26,%,observed,not_specified,E1323,13,6,99.26,2005-2006,,Hung Yen
education,e1323_c9b3c38247,VN_SRC_HUNGYEN,Hung Yen,source_reported_unharmonized,2006-2007,2006,academic_year,80.06,%,observed,not_specified,E1323,13,7,80.06,2006-2007,,Hung Yen
education,e1323_c9b3c38247,VN_SRC_HUNGYEN,Hung Yen,source_reported_unharmonized,2007-2008,2007,academic_year,96.14,%,observed,not_specified,E1323,13,8,96.14,2007-2008,,Hung Yen
education,e1323_c9b3c38247,VN_SRC_HUNGYEN,Hung Yen,source_reported_unharmonized,2008-2009,2008,academic_year,86.66,%,observed,not_specified,E1323,13,9,86.66,2008-2009,,Hung Yen
education,e1323_c9b3c38247,VN_SRC_HUNGYEN,Hung Yen,source_reported_unharmonized,2009-2010,2009,academic_year,99.44,%,observed,not_specified,E1323,13,10,99.44,2009-2010,,Hung Yen
education,e1323_c9b3c38247,VN_SRC_HUNGYEN,Hung Yen,source_reported_unharmonized,2010-2011,2010,academic_year,99.84,%,observed,not_specified,E1323,13,11,99.84,2010-2011,,Hung Yen
education,e1323_c9b3c38247,VN_SRC_HUNGYEN,Hung Yen,source_reported_unharmonized,2011-2012,2011,academic_year,99.98,%,observed,not_specified,E1323,13,12,99.98,2011-2012,,Hung Yen
education,e1323_c9b3c38247,VN_SRC_HUNGYEN,Hung Yen,source_reported_unharmonized,2012-2013,2012,academic_year,99.21,%,observed,not_specified,E1323,13,13,99.21,2012-2013,,Hung Yen
education,e1323_c9b3c38247,VN_SRC_HUNGYEN,Hung Yen,source_reported_unharmonized,2013-2014,2013,academic_year,99.81,%,observed,not_specified,E1323,13,14,99.81,2013-2014,,Hung Yen
education,e1323_c9b3c38247,VN_SRC_HUNGYEN,Hung Yen,source_reported_unharmonized,2014-2015,2014,academic_year,95.65,%,observed,not_specified,E1323,13,15,95.65,2014-2015,,Hung Yen
education,e1323_c9b3c38247,VN_SRC_HUNGYEN,Hung Yen,source_reported_unharmonized,2015-2016,2015,academic_year,97.76,%,observed,not_specified,E1323,13,16,97.76,2015-2016,,Hung Yen
education,e1323_c9b3c38247,VN_SRC_HUNGYEN,Hung Yen,source_reported_unharmonized,2016-2017,2016,academic_year,98.04,%,observed,not_specified,E1323,13,17,98.04,2016-2017,,Hung Yen
education,e1323_c9b3c38247,VN_SRC_THAIBINH,Thai Binh,source_reported_unharmonized,2001-2002,2001,academic_year,98.82,%,observed,not_specified,E1323,14,2,98.82,2001-2002,,Thai Binh
education,e1323_c9b3c38247,VN_SRC_THAIBINH,Thai Binh,source_reported_unharmonized,2002-2003,2002,academic_year,99.25,%,observed,not_specified,E1323,14,3,99.25,2002-2003,,Thai Binh
education,e1323_c9b3c38247,VN_SRC_THAIBINH,Thai Binh,source_reported_unharmonized,2003-2004,2003,academic_year,98.94,%,observed,not_specified,E1323,14,4,98.94,2003-2004,,Thai Binh
education,e1323_c9b3c38247,VN_SRC_THAIBINH,Thai Binh,source_reported_unharmonized,2004-2005,2004,academic_year,97.09,%,observed,not_specified,E1323,14,5,97.09,2004-2005,,Thai Binh
education,e1323_c9b3c38247,VN_SRC_THAIBINH,Thai Binh,source_reported_unharmonized,2005-2006,2005,academic_year,98.05,%,observed,not_specified,E1323,14,6,98.05,2005-2006,,Thai Binh
education,e1323_c9b3c38247,VN_SRC_THAIBINH,Thai Binh,source_reported_unharmonized,2006-2007,2006,academic_year,95.23,%,observed,not_specified,E1323,14,7,95.23,2006-2007,,Thai Binh
education,e1323_c9b3c38247,VN_SRC_THAIBINH,Thai Binh,source_reported_unharmonized,2007-2008,2007,academic_year,94.36,%,observed,not_specified,E1323,14,8,94.36,2007-2008,,Thai Binh
education,e1323_c9b3c38247,VN_SRC_THAIBINH,Thai Binh,source_reported_unharmonized,2008-2009,2008,academic_year,96.85,%,observed,not_specified,E1323,14,9,96.85,2008-2009,,Thai Binh
education,e1323_c9b3c38247,VN_SRC_THAIBINH,Thai Binh,source_reported_unharmonized,2009-2010,2009,academic_year,99.72,%,observed,not_specified,E1323,14,10,99.72,2009-2010,,Thai Binh
education,e1323_c9b3c38247,VN_SRC_THAIBINH,Thai Binh,source_reported_unharmonized,2010-2011,2010,academic_year,99.72,%,observed,not_specified,E1323,14,11,99.72,2010-2011,,Thai Binh
education,e1323_c9b3c38247,VN_SRC_THAIBINH,Thai Binh,source_reported_unharmonized,2011-2012,2011,academic_year,99.96,%,observed,not_specified,E1323,14,12,99.96,2011-2012,,Thai Binh
education,e1323_c9b3c38247,VN_SRC_THAIBINH,Thai Binh,source_reported_unharmonized,2012-2013,2012,academic_year,99.58,%,observed,not_specified,E1323,14,13,99.58,2012-2013,,Thai Binh
education,e1323_c9b3c38247,VN_SRC_THAIBINH,Thai Binh,source_reported_unharmonized,2013-2014,2013,academic_year,99.81,%,observed,not_specified,E1323,14,14,99.81,2013-2014,,Thai Binh
education,e1323_c9b3c38247,VN_SRC_THAIBINH,Thai Binh,source_reported_unharmonized,2014-2015,2014,academic_year,94.82,%,observed,not_specified,E1323,14,15,94.82,2014-2015,,Thai Binh
education,e1323_c9b3c38247,VN_SRC_THAIBINH,Thai Binh,source_reported_unharmonized,2015-2016,2015,academic_year,98.29,%,observed,not_specified,E1323,14,16,98.29,2015-2016,,Thai Binh
education,e1323_c9b3c38247,VN_SRC_THAIBINH,Thai Binh,source_reported_unharmonized,2016-2017,2016,academic_year,99.37,%,observed,not_specified,E1323,14,17,99.37,2016-2017,,Thai Binh
education,e1323_c9b3c38247,VN_SRC_HANAM,Ha Nam,source_reported_unharmonized,2001-2002,2001,academic_year,95.97,%,observed,not_specified,E1323,15,2,95.97,2001-2002,,Ha Nam
education,e1323_c9b3c38247,VN_SRC_HANAM,Ha Nam,source_reported_unharmonized,2002-2003,2002,academic_year,96.49,%,observed,not_specified,E1323,15,3,96.49,2002-2003,,Ha Nam
education,e1323_c9b3c38247,VN_SRC_HANAM,Ha Nam,source_reported_unharmonized,2003-2004,2003,academic_year,99.56,%,observed,not_specified,E1323,15,4,99.56,2003-2004,,Ha Nam
education,e1323_c9b3c38247,VN_SRC_HANAM,Ha Nam,source_reported_unharmonized,2004-2005,2004,academic_year,98.90,%,observed,not_specified,E1323,15,5,98.90,2004-2005,,Ha Nam
education,e1323_c9b3c38247,VN_SRC_HANAM,Ha Nam,source_reported_unharmonized,2005-2006,2005,academic_year,99.01,%,observed,not_specified,E1323,15,6,99.01,2005-2006,,Ha Nam
education,e1323_c9b3c38247,VN_SRC_HANAM,Ha Nam,source_reported_unharmonized,2006-2007,2006,academic_year,91.39,%,observed,not_specified,E1323,15,7,91.39,2006-2007,,Ha Nam
education,e1323_c9b3c38247,VN_SRC_HANAM,Ha Nam,source_reported_unharmonized,2007-2008,2007,academic_year,97.81,%,observed,not_specified,E1323,15,8,97.81,2007-2008,,Ha Nam
education,e1323_c9b3c38247,VN_SRC_HANAM,Ha Nam,source_reported_unharmonized,2008-2009,2008,academic_year,97.43,%,observed,not_specified,E1323,15,9,97.43,2008-2009,,Ha Nam
education,e1323_c9b3c38247,VN_SRC_HANAM,Ha Nam,source_reported_unharmonized,2009-2010,2009,academic_year,99.73,%,observed,not_specified,E1323,15,10,99.73,2009-2010,,Ha Nam
education,e1323_c9b3c38247,VN_SRC_HANAM,Ha Nam,source_reported_unharmonized,2010-2011,2010,academic_year,99.65,%,observed,not_specified,E1323,15,11,99.65,2010-2011,,Ha Nam
education,e1323_c9b3c38247,VN_SRC_HANAM,Ha Nam,source_reported_unharmonized,2011-2012,2011,academic_year,99.87,%,observed,not_specified,E1323,15,12,99.87,2011-2012,,Ha Nam
education,e1323_c9b3c38247,VN_SRC_HANAM,Ha Nam,source_reported_unharmonized,2012-2013,2012,academic_year,99.76,%,observed,not_specified,E1323,15,13,99.76,2012-2013,,Ha Nam
education,e1323_c9b3c38247,VN_SRC_HANAM,Ha Nam,source_reported_unharmonized,2013-2014,2013,academic_year,99.57,%,observed,not_specified,E1323,15,14,99.57,2013-2014,,Ha Nam
education,e1323_c9b3c38247,VN_SRC_HANAM,Ha Nam,source_reported_unharmonized,2014-2015,2014,academic_year,93.40,%,observed,not_specified,E1323,15,15,93.40,2014-2015,,Ha Nam
education,e1323_c9b3c38247,VN_SRC_HANAM,Ha Nam,source_reported_unharmonized,2015-2016,2015,academic_year,96.70,%,observed,not_specified,E1323,15,16,96.70,2015-2016,,Ha Nam
education,e1323_c9b3c38247,VN_SRC_HANAM,Ha Nam,source_reported_unharmonized,2016-2017,2016,academic_year,98.83,%,observed,not_specified,E1323,15,17,98.83,2016-2017,,Ha Nam
education,e1323_c9b3c38247,VN_SRC_NAMDINH,Nam Dinh,source_reported_unharmonized,2001-2002,2001,academic_year,98.51,%,observed,not_specified,E1323,16,2,98.51,2001-2002,,Nam Dinh
education,e1323_c9b3c38247,VN_SRC_NAMDINH,Nam Dinh,source_reported_unharmonized,2002-2003,2002,academic_year,98.88,%,observed,not_specified,E1323,16,3,98.88,2002-2003,,Nam Dinh
education,e1323_c9b3c38247,VN_SRC_NAMDINH,Nam Dinh,source_reported_unharmonized,2003-2004,2003,academic_year,99.72,%,observed,not_specified,E1323,16,4,99.72,2003-2004,,Nam Dinh
education,e1323_c9b3c38247,VN_SRC_NAMDINH,Nam Dinh,source_reported_unharmonized,2004-2005,2004,academic_year,99.70,%,observed,not_specified,E1323,16,5,99.70,2004-2005,,Nam Dinh
education,e1323_c9b3c38247,VN_SRC_NAMDINH,Nam Dinh,source_reported_unharmonized,2005-2006,2005,academic_year,99.87,%,observed,not_specified,E1323,16,6,99.87,2005-2006,,Nam Dinh
education,e1323_c9b3c38247,VN_SRC_NAMDINH,Nam Dinh,source_reported_unharmonized,2006-2007,2006,academic_year,95.82,%,observed,not_specified,E1323,16,7,95.82,2006-2007,,Nam Dinh
education,e1323_c9b3c38247,VN_SRC_NAMDINH,Nam Dinh,source_reported_unharmonized,2007-2008,2007,academic_year,95.56,%,observed,not_specified,E1323,16,8,95.56,2007-2008,,Nam Dinh
education,e1323_c9b3c38247,VN_SRC_NAMDINH,Nam Dinh,source_reported_unharmonized,2008-2009,2008,academic_year,98.26,%,observed,not_specified,E1323,16,9,98.26,2008-2009,,Nam Dinh
education,e1323_c9b3c38247,VN_SRC_NAMDINH,Nam Dinh,source_reported_unharmonized,2009-2010,2009,academic_year,99.78,%,observed,not_specified,E1323,16,10,99.78,2009-2010,,Nam Dinh
education,e1323_c9b3c38247,VN_SRC_NAMDINH,Nam Dinh,source_reported_unharmonized,2010-2011,2010,academic_year,99.89,%,observed,not_specified,E1323,16,11,99.89,2010-2011,,Nam Dinh
education,e1323_c9b3c38247,VN_SRC_NAMDINH,Nam Dinh,source_reported_unharmonized,2011-2012,2011,academic_year,99.97,%,observed,not_specified,E1323,16,12,99.97,2011-2012,,Nam Dinh
education,e1323_c9b3c38247,VN_SRC_NAMDINH,Nam Dinh,source_reported_unharmonized,2012-2013,2012,academic_year,99.94,%,observed,not_specified,E1323,16,13,99.94,2012-2013,,Nam Dinh
education,e1323_c9b3c38247,VN_SRC_NAMDINH,Nam Dinh,source_reported_unharmonized,2013-2014,2013,academic_year,99.94,%,observed,not_specified,E1323,16,14,99.94,2013-2014,,Nam Dinh
education,e1323_c9b3c38247,VN_SRC_NAMDINH,Nam Dinh,source_reported_unharmonized,2014-2015,2014,academic_year,98.17,%,observed,not_specified,E1323,16,15,98.17,2014-2015,,Nam Dinh
education,e1323_c9b3c38247,VN_SRC_NAMDINH,Nam Dinh,source_reported_unharmonized,2015-2016,2015,academic_year,99.24,%,observed,not_specified,E1323,16,16,99.24,2015-2016,,Nam Dinh
education,e1323_c9b3c38247,VN_SRC_NAMDINH,Nam Dinh,source_reported_unharmonized,2016-2017,2016,academic_year,99.77,%,observed,not_specified,E1323,16,17,99.77,2016-2017,,Nam Dinh
education,e1323_c9b3c38247,VN_SRC_NINHBINH,Ninh Binh,source_reported_unharmonized,2001-2002,2001,academic_year,98.33,%,observed,not_specified,E1323,17,2,98.33,2001-2002,,Ninh Binh
education,e1323_c9b3c38247,VN_SRC_NINHBINH,Ninh Binh,source_reported_unharmonized,2002-2003,2002,academic_year,95.91,%,observed,not_specified,E1323,17,3,95.91,2002-2003,,Ninh Binh
education,e1323_c9b3c38247,VN_SRC_NINHBINH,Ninh Binh,source_reported_unharmonized,2003-2004,2003,academic_year,98.64,%,observed,not_specified,E1323,17,4,98.64,2003-2004,,Ninh Binh
education,e1323_c9b3c38247,VN_SRC_NINHBINH,Ninh Binh,source_reported_unharmonized,2004-2005,2004,academic_year,97.38,%,observed,not_specified,E1323,17,5,97.38,2004-2005,,Ninh Binh
education,e1323_c9b3c38247,VN_SRC_NINHBINH,Ninh Binh,source_reported_unharmonized,2005-2006,2005,academic_year,97.71,%,observed,not_specified,E1323,17,6,97.71,2005-2006,,Ninh Binh
education,e1323_c9b3c38247,VN_SRC_NINHBINH,Ninh Binh,source_reported_unharmonized,2006-2007,2006,academic_year,85.29,%,observed,not_specified,E1323,17,7,85.29,2006-2007,,Ninh Binh
education,e1323_c9b3c38247,VN_SRC_NINHBINH,Ninh Binh,source_reported_unharmonized,2007-2008,2007,academic_year,97.63,%,observed,not_specified,E1323,17,8,97.63,2007-2008,,Ninh Binh
education,e1323_c9b3c38247,VN_SRC_NINHBINH,Ninh Binh,source_reported_unharmonized,2008-2009,2008,academic_year,91.10,%,observed,not_specified,E1323,17,9,91.10,2008-2009,,Ninh Binh
education,e1323_c9b3c38247,VN_SRC_NINHBINH,Ninh Binh,source_reported_unharmonized,2009-2010,2009,academic_year,98.59,%,observed,not_specified,E1323,17,10,98.59,2009-2010,,Ninh Binh
education,e1323_c9b3c38247,VN_SRC_NINHBINH,Ninh Binh,source_reported_unharmonized,2010-2011,2010,academic_year,99.79,%,observed,not_specified,E1323,17,11,99.79,2010-2011,,Ninh Binh
education,e1323_c9b3c38247,VN_SRC_NINHBINH,Ninh Binh,source_reported_unharmonized,2011-2012,2011,academic_year,99.94,%,observed,not_specified,E1323,17,12,99.94,2011-2012,,Ninh Binh
education,e1323_c9b3c38247,VN_SRC_NINHBINH,Ninh Binh,source_reported_unharmonized,2012-2013,2012,academic_year,99.76,%,observed,not_specified,E1323,17,13,99.76,2012-2013,,Ninh Binh
education,e1323_c9b3c38247,VN_SRC_NINHBINH,Ninh Binh,source_reported_unharmonized,2013-2014,2013,academic_year,99.43,%,observed,not_specified,E1323,17,14,99.43,2013-2014,,Ninh Binh
education,e1323_c9b3c38247,VN_SRC_NINHBINH,Ninh Binh,source_reported_unharmonized,2014-2015,2014,academic_year,97.92,%,observed,not_specified,E1323,17,15,97.92,2014-2015,,Ninh Binh
education,e1323_c9b3c38247,VN_SRC_NINHBINH,Ninh Binh,source_reported_unharmonized,2015-2016,2015,academic_year,98.22,%,observed,not_specified,E1323,17,16,98.22,2015-2016,,Ninh Binh
education,e1323_c9b3c38247,VN_SRC_NINHBINH,Ninh Binh,source_reported_unharmonized,2016-2017,2016,academic_year,99.34,%,observed,not_specified,E1323,17,17,99.34,2016-2017,,Ninh Binh
education,e1323_c9b3c38247,VN_SRC_HAGIANG,Ha Giang,source_reported_unharmonized,2001-2002,2001,academic_year,88.11,%,observed,not_specified,E1323,19,2,88.11,2001-2002,,Ha Giang
education,e1323_c9b3c38247,VN_SRC_HAGIANG,Ha Giang,source_reported_unharmonized,2002-2003,2002,academic_year,88.66,%,observed,not_specified,E1323,19,3,88.66,2002-2003,,Ha Giang
education,e1323_c9b3c38247,VN_SRC_HAGIANG,Ha Giang,source_reported_unharmonized,2003-2004,2003,academic_year,62.58,%,observed,not_specified,E1323,19,4,62.58,2003-2004,,Ha Giang
education,e1323_c9b3c38247,VN_SRC_HAGIANG,Ha Giang,source_reported_unharmonized,2004-2005,2004,academic_year,74.72,%,observed,not_specified,E1323,19,5,74.72,2004-2005,,Ha Giang
education,e1323_c9b3c38247,VN_SRC_HAGIANG,Ha Giang,source_reported_unharmonized,2005-2006,2005,academic_year,87.64,%,observed,not_specified,E1323,19,6,87.64,2005-2006,,Ha Giang
education,e1323_c9b3c38247,VN_SRC_HAGIANG,Ha Giang,source_reported_unharmonized,2006-2007,2006,academic_year,57.91,%,observed,not_specified,E1323,19,7,57.91,2006-2007,,Ha Giang
education,e1323_c9b3c38247,VN_SRC_HAGIANG,Ha Giang,source_reported_unharmonized,2007-2008,2007,academic_year,82.84,%,observed,not_specified,E1323,19,8,82.84,2007-2008,,Ha Giang
education,e1323_c9b3c38247,VN_SRC_HAGIANG,Ha Giang,source_reported_unharmonized,2008-2009,2008,academic_year,75.90,%,observed,not_specified,E1323,19,9,75.90,2008-2009,,Ha Giang
education,e1323_c9b3c38247,VN_SRC_HAGIANG,Ha Giang,source_reported_unharmonized,2009-2010,2009,academic_year,95.74,%,observed,not_specified,E1323,19,10,95.74,2009-2010,,Ha Giang
education,e1323_c9b3c38247,VN_SRC_HAGIANG,Ha Giang,source_reported_unharmonized,2010-2011,2010,academic_year,91.99,%,observed,not_specified,E1323,19,11,91.99,2010-2011,,Ha Giang
education,e1323_c9b3c38247,VN_SRC_HAGIANG,Ha Giang,source_reported_unharmonized,2011-2012,2011,academic_year,98.37,%,observed,not_specified,E1323,19,12,98.37,2011-2012,,Ha Giang
education,e1323_c9b3c38247,VN_SRC_HAGIANG,Ha Giang,source_reported_unharmonized,2012-2013,2012,academic_year,94.17,%,observed,not_specified,E1323,19,13,94.17,2012-2013,,Ha Giang
education,e1323_c9b3c38247,VN_SRC_HAGIANG,Ha Giang,source_reported_unharmonized,2013-2014,2013,academic_year,96.27,%,observed,not_specified,E1323,19,14,96.27,2013-2014,,Ha Giang
education,e1323_c9b3c38247,VN_SRC_HAGIANG,Ha Giang,source_reported_unharmonized,2014-2015,2014,academic_year,82.79,%,observed,not_specified,E1323,19,15,82.79,2014-2015,,Ha Giang
education,e1323_c9b3c38247,VN_SRC_HAGIANG,Ha Giang,source_reported_unharmonized,2015-2016,2015,academic_year,91.10,%,observed,not_specified,E1323,19,16,91.10,2015-2016,,Ha Giang
education,e1323_c9b3c38247,VN_SRC_HAGIANG,Ha Giang,source_reported_unharmonized,2016-2017,2016,academic_year,92.00,%,observed,not_specified,E1323,19,17,92.00,2016-2017,,Ha Giang
education,e1323_c9b3c38247,VN_SRC_CAOBANG,Cao Bang,source_reported_unharmonized,2001-2002,2001,academic_year,93.18,%,observed,not_specified,E1323,20,2,93.18,2001-2002,,Cao Bang
education,e1323_c9b3c38247,VN_SRC_CAOBANG,Cao Bang,source_reported_unharmonized,2002-2003,2002,academic_year,93.64,%,observed,not_specified,E1323,20,3,93.64,2002-2003,,Cao Bang
education,e1323_c9b3c38247,VN_SRC_CAOBANG,Cao Bang,source_reported_unharmonized,2003-2004,2003,academic_year,85.34,%,observed,not_specified,E1323,20,4,85.34,2003-2004,,Cao Bang
education,e1323_c9b3c38247,VN_SRC_CAOBANG,Cao Bang,source_reported_unharmonized,2004-2005,2004,academic_year,90.85,%,observed,not_specified,E1323,20,5,90.85,2004-2005,,Cao Bang
education,e1323_c9b3c38247,VN_SRC_CAOBANG,Cao Bang,source_reported_unharmonized,2005-2006,2005,academic_year,86.83,%,observed,not_specified,E1323,20,6,86.83,2005-2006,,Cao Bang
education,e1323_c9b3c38247,VN_SRC_CAOBANG,Cao Bang,source_reported_unharmonized,2006-2007,2006,academic_year,46.97,%,observed,not_specified,E1323,20,7,46.97,2006-2007,,Cao Bang
education,e1323_c9b3c38247,VN_SRC_CAOBANG,Cao Bang,source_reported_unharmonized,2007-2008,2007,academic_year,81.85,%,observed,not_specified,E1323,20,8,81.85,2007-2008,,Cao Bang
education,e1323_c9b3c38247,VN_SRC_CAOBANG,Cao Bang,source_reported_unharmonized,2008-2009,2008,academic_year,64.24,%,observed,not_specified,E1323,20,9,64.24,2008-2009,,Cao Bang
education,e1323_c9b3c38247,VN_SRC_CAOBANG,Cao Bang,source_reported_unharmonized,2009-2010,2009,academic_year,89.65,%,observed,not_specified,E1323,20,10,89.65,2009-2010,,Cao Bang
education,e1323_c9b3c38247,VN_SRC_CAOBANG,Cao Bang,source_reported_unharmonized,2010-2011,2010,academic_year,93.73,%,observed,not_specified,E1323,20,11,93.73,2010-2011,,Cao Bang
education,e1323_c9b3c38247,VN_SRC_CAOBANG,Cao Bang,source_reported_unharmonized,2011-2012,2011,academic_year,97.59,%,observed,not_specified,E1323,20,12,97.59,2011-2012,,Cao Bang
education,e1323_c9b3c38247,VN_SRC_CAOBANG,Cao Bang,source_reported_unharmonized,2012-2013,2012,academic_year,97.44,%,observed,not_specified,E1323,20,13,97.44,2012-2013,,Cao Bang
education,e1323_c9b3c38247,VN_SRC_CAOBANG,Cao Bang,source_reported_unharmonized,2013-2014,2013,academic_year,99.01,%,observed,not_specified,E1323,20,14,99.01,2013-2014,,Cao Bang
education,e1323_c9b3c38247,VN_SRC_CAOBANG,Cao Bang,source_reported_unharmonized,2014-2015,2014,academic_year,92.54,%,observed,not_specified,E1323,20,15,92.54,2014-2015,,Cao Bang
education,e1323_c9b3c38247,VN_SRC_CAOBANG,Cao Bang,source_reported_unharmonized,2015-2016,2015,academic_year,95.24,%,observed,not_specified,E1323,20,16,95.24,2015-2016,,Cao Bang
education,e1323_c9b3c38247,VN_SRC_CAOBANG,Cao Bang,source_reported_unharmonized,2016-2017,2016,academic_year,94.42,%,observed,not_specified,E1323,20,17,94.42,2016-2017,,Cao Bang
education,e1323_c9b3c38247,VN_SRC_BACKAN,Bac Kan,source_reported_unharmonized,2001-2002,2001,academic_year,89.13,%,observed,not_specified,E1323,21,2,89.13,2001-2002,,Bac Kan
education,e1323_c9b3c38247,VN_SRC_BACKAN,Bac Kan,source_reported_unharmonized,2002-2003,2002,academic_year,91.04,%,observed,not_specified,E1323,21,3,91.04,2002-2003,,Bac Kan
education,e1323_c9b3c38247,VN_SRC_BACKAN,Bac Kan,source_reported_unharmonized,2003-2004,2003,academic_year,85.76,%,observed,not_specified,E1323,21,4,85.76,2003-2004,,Bac Kan
education,e1323_c9b3c38247,VN_SRC_BACKAN,Bac Kan,source_reported_unharmonized,2004-2005,2004,academic_year,77.83,%,observed,not_specified,E1323,21,5,77.83,2004-2005,,Bac Kan
education,e1323_c9b3c38247,VN_SRC_BACKAN,Bac Kan,source_reported_unharmonized,2005-2006,2005,academic_year,90.67,%,observed,not_specified,E1323,21,6,90.67,2005-2006,,Bac Kan
education,e1323_c9b3c38247,VN_SRC_BACKAN,Bac Kan,source_reported_unharmonized,2006-2007,2006,academic_year,38.57,%,observed,not_specified,E1323,21,7,38.57,2006-2007,,Bac Kan
education,e1323_c9b3c38247,VN_SRC_BACKAN,Bac Kan,source_reported_unharmonized,2007-2008,2007,academic_year,69.10,%,observed,not_specified,E1323,21,8,69.10,2007-2008,,Bac Kan
education,e1323_c9b3c38247,VN_SRC_BACKAN,Bac Kan,source_reported_unharmonized,2008-2009,2008,academic_year,60.95,%,observed,not_specified,E1323,21,9,60.95,2008-2009,,Bac Kan
education,e1323_c9b3c38247,VN_SRC_BACKAN,Bac Kan,source_reported_unharmonized,2009-2010,2009,academic_year,69.30,%,observed,not_specified,E1323,21,10,69.30,2009-2010,,Bac Kan
education,e1323_c9b3c38247,VN_SRC_BACKAN,Bac Kan,source_reported_unharmonized,2010-2011,2010,academic_year,94.41,%,observed,not_specified,E1323,21,11,94.41,2010-2011,,Bac Kan
education,e1323_c9b3c38247,VN_SRC_BACKAN,Bac Kan,source_reported_unharmonized,2011-2012,2011,academic_year,99.59,%,observed,not_specified,E1323,21,12,99.59,2011-2012,,Bac Kan
education,e1323_c9b3c38247,VN_SRC_BACKAN,Bac Kan,source_reported_unharmonized,2012-2013,2012,academic_year,98.45,%,observed,not_specified,E1323,21,13,98.45,2012-2013,,Bac Kan
education,e1323_c9b3c38247,VN_SRC_BACKAN,Bac Kan,source_reported_unharmonized,2013-2014,2013,academic_year,99.39,%,observed,not_specified,E1323,21,14,99.39,2013-2014,,Bac Kan
education,e1323_c9b3c38247,VN_SRC_BACKAN,Bac Kan,source_reported_unharmonized,2014-2015,2014,academic_year,90.71,%,observed,not_specified,E1323,21,15,90.71,2014-2015,,Bac Kan
education,e1323_c9b3c38247,VN_SRC_BACKAN,Bac Kan,source_reported_unharmonized,2015-2016,2015,academic_year,96.65,%,observed,not_specified,E1323,21,16,96.65,2015-2016,,Bac Kan
education,e1323_c9b3c38247,VN_SRC_BACKAN,Bac Kan,source_reported_unharmonized,2016-2017,2016,academic_year,97.08,%,observed,not_specified,E1323,21,17,97.08,2016-2017,,Bac Kan
education,e1323_c9b3c38247,VN_SRC_TUYENQUANG,Tuyen Quang,source_reported_unharmonized,2001-2002,2001,academic_year,86.13,%,observed,not_specified,E1323,22,2,86.13,2001-2002,,Tuyen Quang
education,e1323_c9b3c38247,VN_SRC_TUYENQUANG,Tuyen Quang,source_reported_unharmonized,2002-2003,2002,academic_year,88.12,%,observed,not_specified,E1323,22,3,88.12,2002-2003,,Tuyen Quang
education,e1323_c9b3c38247,VN_SRC_TUYENQUANG,Tuyen Quang,source_reported_unharmonized,2003-2004,2003,academic_year,96.93,%,observed,not_specified,E1323,22,4,96.93,2003-2004,,Tuyen Quang
education,e1323_c9b3c38247,VN_SRC_TUYENQUANG,Tuyen Quang,source_reported_unharmonized,2004-2005,2004,academic_year,97.86,%,observed,not_specified,E1323,22,5,97.86,2004-2005,,Tuyen Quang
education,e1323_c9b3c38247,VN_SRC_TUYENQUANG,Tuyen Quang,source_reported_unharmonized,2005-2006,2005,academic_year,95.54,%,observed,not_specified,E1323,22,6,95.54,2005-2006,,Tuyen Quang
education,e1323_c9b3c38247,VN_SRC_TUYENQUANG,Tuyen Quang,source_reported_unharmonized,2006-2007,2006,academic_year,39.61,%,observed,not_specified,E1323,22,7,39.61,2006-2007,,Tuyen Quang
education,e1323_c9b3c38247,VN_SRC_TUYENQUANG,Tuyen Quang,source_reported_unharmonized,2007-2008,2007,academic_year,58.15,%,observed,not_specified,E1323,22,8,58.15,2007-2008,,Tuyen Quang
education,e1323_c9b3c38247,VN_SRC_TUYENQUANG,Tuyen Quang,source_reported_unharmonized,2008-2009,2008,academic_year,81.48,%,observed,not_specified,E1323,22,9,81.48,2008-2009,,Tuyen Quang
education,e1323_c9b3c38247,VN_SRC_TUYENQUANG,Tuyen Quang,source_reported_unharmonized,2009-2010,2009,academic_year,96.44,%,observed,not_specified,E1323,22,10,96.44,2009-2010,,Tuyen Quang
education,e1323_c9b3c38247,VN_SRC_TUYENQUANG,Tuyen Quang,source_reported_unharmonized,2010-2011,2010,academic_year,99.77,%,observed,not_specified,E1323,22,11,99.77,2010-2011,,Tuyen Quang
education,e1323_c9b3c38247,VN_SRC_TUYENQUANG,Tuyen Quang,source_reported_unharmonized,2011-2012,2011,academic_year,99.26,%,observed,not_specified,E1323,22,12,99.26,2011-2012,,Tuyen Quang
education,e1323_c9b3c38247,VN_SRC_TUYENQUANG,Tuyen Quang,source_reported_unharmonized,2012-2013,2012,academic_year,94.84,%,observed,not_specified,E1323,22,13,94.84,2012-2013,,Tuyen Quang
education,e1323_c9b3c38247,VN_SRC_TUYENQUANG,Tuyen Quang,source_reported_unharmonized,2013-2014,2013,academic_year,98.54,%,observed,not_specified,E1323,22,14,98.54,2013-2014,,Tuyen Quang
education,e1323_c9b3c38247,VN_SRC_TUYENQUANG,Tuyen Quang,source_reported_unharmonized,2014-2015,2014,academic_year,93.57,%,observed,not_specified,E1323,22,15,93.57,2014-2015,,Tuyen Quang
education,e1323_c9b3c38247,VN_SRC_TUYENQUANG,Tuyen Quang,source_reported_unharmonized,2015-2016,2015,academic_year,98.87,%,observed,not_specified,E1323,22,16,98.87,2015-2016,,Tuyen Quang
education,e1323_c9b3c38247,VN_SRC_TUYENQUANG,Tuyen Quang,source_reported_unharmonized,2016-2017,2016,academic_year,98.28,%,observed,not_specified,E1323,22,17,98.28,2016-2017,,Tuyen Quang
education,e1323_c9b3c38247,VN_SRC_LAOCAI,Lao Cai,source_reported_unharmonized,2001-2002,2001,academic_year,82.64,%,observed,not_specified,E1323,23,2,82.64,2001-2002,,Lao Cai
education,e1323_c9b3c38247,VN_SRC_LAOCAI,Lao Cai,source_reported_unharmonized,2002-2003,2002,academic_year,88.74,%,observed,not_specified,E1323,23,3,88.74,2002-2003,,Lao Cai
education,e1323_c9b3c38247,VN_SRC_LAOCAI,Lao Cai,source_reported_unharmonized,2003-2004,2003,academic_year,88.81,%,observed,not_specified,E1323,23,4,88.81,2003-2004,,Lao Cai
education,e1323_c9b3c38247,VN_SRC_LAOCAI,Lao Cai,source_reported_unharmonized,2004-2005,2004,academic_year,89.27,%,observed,not_specified,E1323,23,5,89.27,2004-2005,,Lao Cai
education,e1323_c9b3c38247,VN_SRC_LAOCAI,Lao Cai,source_reported_unharmonized,2005-2006,2005,academic_year,96.22,%,observed,not_specified,E1323,23,6,96.22,2005-2006,,Lao Cai
education,e1323_c9b3c38247,VN_SRC_LAOCAI,Lao Cai,source_reported_unharmonized,2006-2007,2006,academic_year,76.37,%,observed,not_specified,E1323,23,7,76.37,2006-2007,,Lao Cai
education,e1323_c9b3c38247,VN_SRC_LAOCAI,Lao Cai,source_reported_unharmonized,2007-2008,2007,academic_year,87.83,%,observed,not_specified,E1323,23,8,87.83,2007-2008,,Lao Cai
education,e1323_c9b3c38247,VN_SRC_LAOCAI,Lao Cai,source_reported_unharmonized,2008-2009,2008,academic_year,81.01,%,observed,not_specified,E1323,23,9,81.01,2008-2009,,Lao Cai
education,e1323_c9b3c38247,VN_SRC_LAOCAI,Lao Cai,source_reported_unharmonized,2009-2010,2009,academic_year,82.97,%,observed,not_specified,E1323,23,10,82.97,2009-2010,,Lao Cai
education,e1323_c9b3c38247,VN_SRC_LAOCAI,Lao Cai,source_reported_unharmonized,2010-2011,2010,academic_year,91.23,%,observed,not_specified,E1323,23,11,91.23,2010-2011,,Lao Cai
education,e1323_c9b3c38247,VN_SRC_LAOCAI,Lao Cai,source_reported_unharmonized,2011-2012,2011,academic_year,98.08,%,observed,not_specified,E1323,23,12,98.08,2011-2012,,Lao Cai
education,e1323_c9b3c38247,VN_SRC_LAOCAI,Lao Cai,source_reported_unharmonized,2012-2013,2012,academic_year,91.71,%,observed,not_specified,E1323,23,13,91.71,2012-2013,,Lao Cai
education,e1323_c9b3c38247,VN_SRC_LAOCAI,Lao Cai,source_reported_unharmonized,2013-2014,2013,academic_year,99.13,%,observed,not_specified,E1323,23,14,99.13,2013-2014,,Lao Cai
education,e1323_c9b3c38247,VN_SRC_LAOCAI,Lao Cai,source_reported_unharmonized,2014-2015,2014,academic_year,93.82,%,observed,not_specified,E1323,23,15,93.82,2014-2015,,Lao Cai
education,e1323_c9b3c38247,VN_SRC_LAOCAI,Lao Cai,source_reported_unharmonized,2015-2016,2015,academic_year,96.27,%,observed,not_specified,E1323,23,16,96.27,2015-2016,,Lao Cai
education,e1323_c9b3c38247,VN_SRC_LAOCAI,Lao Cai,source_reported_unharmonized,2016-2017,2016,academic_year,98.82,%,observed,not_specified,E1323,23,17,98.82,2016-2017,,Lao Cai
education,e1323_c9b3c38247,VN_SRC_YENBAI,Yen Bai,source_reported_unharmonized,2001-2002,2001,academic_year,89.20,%,observed,not_specified,E1323,24,2,89.20,2001-2002,,Yen Bai
education,e1323_c9b3c38247,VN_SRC_YENBAI,Yen Bai,source_reported_unharmonized,2002-2003,2002,academic_year,92.59,%,observed,not_specified,E1323,24,3,92.59,2002-2003,,Yen Bai
education,e1323_c9b3c38247,VN_SRC_YENBAI,Yen Bai,source_reported_unharmonized,2003-2004,2003,academic_year,93.88,%,observed,not_specified,E1323,24,4,93.88,2003-2004,,Yen Bai
education,e1323_c9b3c38247,VN_SRC_YENBAI,Yen Bai,source_reported_unharmonized,2004-2005,2004,academic_year,94.67,%,observed,not_specified,E1323,24,5,94.67,2004-2005,,Yen Bai
education,e1323_c9b3c38247,VN_SRC_YENBAI,Yen Bai,source_reported_unharmonized,2005-2006,2005,academic_year,96.72,%,observed,not_specified,E1323,24,6,96.72,2005-2006,,Yen Bai
education,e1323_c9b3c38247,VN_SRC_YENBAI,Yen Bai,source_reported_unharmonized,2006-2007,2006,academic_year,48.77,%,observed,not_specified,E1323,24,7,48.77,2006-2007,,Yen Bai
education,e1323_c9b3c38247,VN_SRC_YENBAI,Yen Bai,source_reported_unharmonized,2007-2008,2007,academic_year,82.12,%,observed,not_specified,E1323,24,8,82.12,2007-2008,,Yen Bai
education,e1323_c9b3c38247,VN_SRC_YENBAI,Yen Bai,source_reported_unharmonized,2008-2009,2008,academic_year,72.74,%,observed,not_specified,E1323,24,9,72.74,2008-2009,,Yen Bai
education,e1323_c9b3c38247,VN_SRC_YENBAI,Yen Bai,source_reported_unharmonized,2009-2010,2009,academic_year,98.18,%,observed,not_specified,E1323,24,10,98.18,2009-2010,,Yen Bai
education,e1323_c9b3c38247,VN_SRC_YENBAI,Yen Bai,source_reported_unharmonized,2010-2011,2010,academic_year,95.80,%,observed,not_specified,E1323,24,11,95.80,2010-2011,,Yen Bai
education,e1323_c9b3c38247,VN_SRC_YENBAI,Yen Bai,source_reported_unharmonized,2011-2012,2011,academic_year,98.92,%,observed,not_specified,E1323,24,12,98.92,2011-2012,,Yen Bai
education,e1323_c9b3c38247,VN_SRC_YENBAI,Yen Bai,source_reported_unharmonized,2012-2013,2012,academic_year,91.93,%,observed,not_specified,E1323,24,13,91.93,2012-2013,,Yen Bai
education,e1323_c9b3c38247,VN_SRC_YENBAI,Yen Bai,source_reported_unharmonized,2013-2014,2013,academic_year,98.91,%,observed,not_specified,E1323,24,14,98.91,2013-2014,,Yen Bai
education,e1323_c9b3c38247,VN_SRC_YENBAI,Yen Bai,source_reported_unharmonized,2014-2015,2014,academic_year,93.78,%,observed,not_specified,E1323,24,15,93.78,2014-2015,,Yen Bai
education,e1323_c9b3c38247,VN_SRC_YENBAI,Yen Bai,source_reported_unharmonized,2015-2016,2015,academic_year,96.07,%,observed,not_specified,E1323,24,16,96.07,2015-2016,,Yen Bai
education,e1323_c9b3c38247,VN_SRC_YENBAI,Yen Bai,source_reported_unharmonized,2016-2017,2016,academic_year,98.39,%,observed,not_specified,E1323,24,17,98.39,2016-2017,,Yen Bai
education,e1323_c9b3c38247,VN_SRC_THAINGUYEN,Thai Nguyen,source_reported_unharmonized,2001-2002,2001,academic_year,92.21,%,observed,not_specified,E1323,25,2,92.21,2001-2002,,Thai Nguyen
education,e1323_c9b3c38247,VN_SRC_THAINGUYEN,Thai Nguyen,source_reported_unharmonized,2002-2003,2002,academic_year,94.70,%,observed,not_specified,E1323,25,3,94.70,2002-2003,,Thai Nguyen
education,e1323_c9b3c38247,VN_SRC_THAINGUYEN,Thai Nguyen,source_reported_unharmonized,2003-2004,2003,academic_year,96.94,%,observed,not_specified,E1323,25,4,96.94,2003-2004,,Thai Nguyen
education,e1323_c9b3c38247,VN_SRC_THAINGUYEN,Thai Nguyen,source_reported_unharmonized,2004-2005,2004,academic_year,95.62,%,observed,not_specified,E1323,25,5,95.62,2004-2005,,Thai Nguyen
education,e1323_c9b3c38247,VN_SRC_THAINGUYEN,Thai Nguyen,source_reported_unharmonized,2005-2006,2005,academic_year,95.78,%,observed,not_specified,E1323,25,6,95.78,2005-2006,,Thai Nguyen
education,e1323_c9b3c38247,VN_SRC_THAINGUYEN,Thai Nguyen,source_reported_unharmonized,2006-2007,2006,academic_year,79.55,%,observed,not_specified,E1323,25,7,79.55,2006-2007,,Thai Nguyen
education,e1323_c9b3c38247,VN_SRC_THAINGUYEN,Thai Nguyen,source_reported_unharmonized,2007-2008,2007,academic_year,72.89,%,observed,not_specified,E1323,25,8,72.89,2007-2008,,Thai Nguyen
education,e1323_c9b3c38247,VN_SRC_THAINGUYEN,Thai Nguyen,source_reported_unharmonized,2008-2009,2008,academic_year,84.71,%,observed,not_specified,E1323,25,9,84.71,2008-2009,,Thai Nguyen
education,e1323_c9b3c38247,VN_SRC_THAINGUYEN,Thai Nguyen,source_reported_unharmonized,2009-2010,2009,academic_year,92.23,%,observed,not_specified,E1323,25,10,92.23,2009-2010,,Thai Nguyen
education,e1323_c9b3c38247,VN_SRC_THAINGUYEN,Thai Nguyen,source_reported_unharmonized,2010-2011,2010,academic_year,92.83,%,observed,not_specified,E1323,25,11,92.83,2010-2011,,Thai Nguyen
education,e1323_c9b3c38247,VN_SRC_THAINGUYEN,Thai Nguyen,source_reported_unharmonized,2011-2012,2011,academic_year,99.68,%,observed,not_specified,E1323,25,12,99.68,2011-2012,,Thai Nguyen
education,e1323_c9b3c38247,VN_SRC_THAINGUYEN,Thai Nguyen,source_reported_unharmonized,2012-2013,2012,academic_year,98.43,%,observed,not_specified,E1323,25,13,98.43,2012-2013,,Thai Nguyen
education,e1323_c9b3c38247,VN_SRC_THAINGUYEN,Thai Nguyen,source_reported_unharmonized,2013-2014,2013,academic_year,98.72,%,observed,not_specified,E1323,25,14,98.72,2013-2014,,Thai Nguyen
education,e1323_c9b3c38247,VN_SRC_THAINGUYEN,Thai Nguyen,source_reported_unharmonized,2014-2015,2014,academic_year,93.46,%,observed,not_specified,E1323,25,15,93.46,2014-2015,,Thai Nguyen
education,e1323_c9b3c38247,VN_SRC_THAINGUYEN,Thai Nguyen,source_reported_unharmonized,2015-2016,2015,academic_year,92.98,%,observed,not_specified,E1323,25,16,92.98,2015-2016,,Thai Nguyen
education,e1323_c9b3c38247,VN_SRC_THAINGUYEN,Thai Nguyen,source_reported_unharmonized,2016-2017,2016,academic_year,97.30,%,observed,not_specified,E1323,25,17,97.30,2016-2017,,Thai Nguyen
education,e1323_c9b3c38247,VN_SRC_LANGSON,Lang Son,source_reported_unharmonized,2001-2002,2001,academic_year,90.75,%,observed,not_specified,E1323,26,2,90.75,2001-2002,,Lang Son
education,e1323_c9b3c38247,VN_SRC_LANGSON,Lang Son,source_reported_unharmonized,2002-2003,2002,academic_year,85.09,%,observed,not_specified,E1323,26,3,85.09,2002-2003,,Lang Son
education,e1323_c9b3c38247,VN_SRC_LANGSON,Lang Son,source_reported_unharmonized,2003-2004,2003,academic_year,85.57,%,observed,not_specified,E1323,26,4,85.57,2003-2004,,Lang Son
education,e1323_c9b3c38247,VN_SRC_LANGSON,Lang Son,source_reported_unharmonized,2004-2005,2004,academic_year,85.85,%,observed,not_specified,E1323,26,5,85.85,2004-2005,,Lang Son
education,e1323_c9b3c38247,VN_SRC_LANGSON,Lang Son,source_reported_unharmonized,2005-2006,2005,academic_year,86.78,%,observed,not_specified,E1323,26,6,86.78,2005-2006,,Lang Son
education,e1323_c9b3c38247,VN_SRC_LANGSON,Lang Son,source_reported_unharmonized,2006-2007,2006,academic_year,76.10,%,observed,not_specified,E1323,26,7,76.10,2006-2007,,Lang Son
education,e1323_c9b3c38247,VN_SRC_LANGSON,Lang Son,source_reported_unharmonized,2007-2008,2007,academic_year,87.27,%,observed,not_specified,E1323,26,8,87.27,2007-2008,,Lang Son
education,e1323_c9b3c38247,VN_SRC_LANGSON,Lang Son,source_reported_unharmonized,2008-2009,2008,academic_year,85.07,%,observed,not_specified,E1323,26,9,85.07,2008-2009,,Lang Son
education,e1323_c9b3c38247,VN_SRC_LANGSON,Lang Son,source_reported_unharmonized,2009-2010,2009,academic_year,93.88,%,observed,not_specified,E1323,26,10,93.88,2009-2010,,Lang Son
education,e1323_c9b3c38247,VN_SRC_LANGSON,Lang Son,source_reported_unharmonized,2010-2011,2010,academic_year,96.81,%,observed,not_specified,E1323,26,11,96.81,2010-2011,,Lang Son
education,e1323_c9b3c38247,VN_SRC_LANGSON,Lang Son,source_reported_unharmonized,2011-2012,2011,academic_year,98.63,%,observed,not_specified,E1323,26,12,98.63,2011-2012,,Lang Son
education,e1323_c9b3c38247,VN_SRC_LANGSON,Lang Son,source_reported_unharmonized,2012-2013,2012,academic_year,95.62,%,observed,not_specified,E1323,26,13,95.62,2012-2013,,Lang Son
education,e1323_c9b3c38247,VN_SRC_LANGSON,Lang Son,source_reported_unharmonized,2013-2014,2013,academic_year,96.95,%,observed,not_specified,E1323,26,14,96.95,2013-2014,,Lang Son
education,e1323_c9b3c38247,VN_SRC_LANGSON,Lang Son,source_reported_unharmonized,2014-2015,2014,academic_year,90.09,%,observed,not_specified,E1323,26,15,90.09,2014-2015,,Lang Son
education,e1323_c9b3c38247,VN_SRC_LANGSON,Lang Son,source_reported_unharmonized,2015-2016,2015,academic_year,91.51,%,observed,not_specified,E1323,26,16,91.51,2015-2016,,Lang Son
education,e1323_c9b3c38247,VN_SRC_LANGSON,Lang Son,source_reported_unharmonized,2016-2017,2016,academic_year,98.32,%,observed,not_specified,E1323,26,17,98.32,2016-2017,,Lang Son
education,e1323_c9b3c38247,VN_SRC_BACGIANG,Bac Giang,source_reported_unharmonized,2001-2002,2001,academic_year,95.52,%,observed,not_specified,E1323,27,2,95.52,2001-2002,,Bac Giang
education,e1323_c9b3c38247,VN_SRC_BACGIANG,Bac Giang,source_reported_unharmonized,2002-2003,2002,academic_year,98.03,%,observed,not_specified,E1323,27,3,98.03,2002-2003,,Bac Giang
education,e1323_c9b3c38247,VN_SRC_BACGIANG,Bac Giang,source_reported_unharmonized,2003-2004,2003,academic_year,97.61,%,observed,not_specified,E1323,27,4,97.61,2003-2004,,Bac Giang
education,e1323_c9b3c38247,VN_SRC_BACGIANG,Bac Giang,source_reported_unharmonized,2004-2005,2004,academic_year,96.23,%,observed,not_specified,E1323,27,5,96.23,2004-2005,,Bac Giang
education,e1323_c9b3c38247,VN_SRC_BACGIANG,Bac Giang,source_reported_unharmonized,2005-2006,2005,academic_year,97.47,%,observed,not_specified,E1323,27,6,97.47,2005-2006,,Bac Giang
education,e1323_c9b3c38247,VN_SRC_BACGIANG,Bac Giang,source_reported_unharmonized,2006-2007,2006,academic_year,85.75,%,observed,not_specified,E1323,27,7,85.75,2006-2007,,Bac Giang
education,e1323_c9b3c38247,VN_SRC_BACGIANG,Bac Giang,source_reported_unharmonized,2007-2008,2007,academic_year,85.85,%,observed,not_specified,E1323,27,8,85.85,2007-2008,,Bac Giang
education,e1323_c9b3c38247,VN_SRC_BACGIANG,Bac Giang,source_reported_unharmonized,2008-2009,2008,academic_year,88.04,%,observed,not_specified,E1323,27,9,88.04,2008-2009,,Bac Giang
education,e1323_c9b3c38247,VN_SRC_BACGIANG,Bac Giang,source_reported_unharmonized,2009-2010,2009,academic_year,97.84,%,observed,not_specified,E1323,27,10,97.84,2009-2010,,Bac Giang
education,e1323_c9b3c38247,VN_SRC_BACGIANG,Bac Giang,source_reported_unharmonized,2010-2011,2010,academic_year,99.38,%,observed,not_specified,E1323,27,11,99.38,2010-2011,,Bac Giang
education,e1323_c9b3c38247,VN_SRC_BACGIANG,Bac Giang,source_reported_unharmonized,2011-2012,2011,academic_year,99.05,%,observed,not_specified,E1323,27,12,99.05,2011-2012,,Bac Giang
education,e1323_c9b3c38247,VN_SRC_BACGIANG,Bac Giang,source_reported_unharmonized,2012-2013,2012,academic_year,97.35,%,observed,not_specified,E1323,27,13,97.35,2012-2013,,Bac Giang
education,e1323_c9b3c38247,VN_SRC_BACGIANG,Bac Giang,source_reported_unharmonized,2013-2014,2013,academic_year,99.44,%,observed,not_specified,E1323,27,14,99.44,2013-2014,,Bac Giang
education,e1323_c9b3c38247,VN_SRC_BACGIANG,Bac Giang,source_reported_unharmonized,2014-2015,2014,academic_year,98.66,%,observed,not_specified,E1323,27,15,98.66,2014-2015,,Bac Giang
education,e1323_c9b3c38247,VN_SRC_BACGIANG,Bac Giang,source_reported_unharmonized,2015-2016,2015,academic_year,99.22,%,observed,not_specified,E1323,27,16,99.22,2015-2016,,Bac Giang
education,e1323_c9b3c38247,VN_SRC_BACGIANG,Bac Giang,source_reported_unharmonized,2016-2017,2016,academic_year,99.00,%,observed,not_specified,E1323,27,17,99.00,2016-2017,,Bac Giang
education,e1323_c9b3c38247,VN_SRC_PHUTHO,Phu Tho,source_reported_unharmonized,2001-2002,2001,academic_year,94.76,%,observed,not_specified,E1323,28,2,94.76,2001-2002,,Phu Tho
education,e1323_c9b3c38247,VN_SRC_PHUTHO,Phu Tho,source_reported_unharmonized,2002-2003,2002,academic_year,96.37,%,observed,not_specified,E1323,28,3,96.37,2002-2003,,Phu Tho
education,e1323_c9b3c38247,VN_SRC_PHUTHO,Phu Tho,source_reported_unharmonized,2003-2004,2003,academic_year,98.14,%,observed,not_specified,E1323,28,4,98.14,2003-2004,,Phu Tho
education,e1323_c9b3c38247,VN_SRC_PHUTHO,Phu Tho,source_reported_unharmonized,2004-2005,2004,academic_year,97.61,%,observed,not_specified,E1323,28,5,97.61,2004-2005,,Phu Tho
education,e1323_c9b3c38247,VN_SRC_PHUTHO,Phu Tho,source_reported_unharmonized,2005-2006,2005,academic_year,98.96,%,observed,not_specified,E1323,28,6,98.96,2005-2006,,Phu Tho
education,e1323_c9b3c38247,VN_SRC_PHUTHO,Phu Tho,source_reported_unharmonized,2006-2007,2006,academic_year,69.54,%,observed,not_specified,E1323,28,7,69.54,2006-2007,,Phu Tho
education,e1323_c9b3c38247,VN_SRC_PHUTHO,Phu Tho,source_reported_unharmonized,2007-2008,2007,academic_year,93.58,%,observed,not_specified,E1323,28,8,93.58,2007-2008,,Phu Tho
education,e1323_c9b3c38247,VN_SRC_PHUTHO,Phu Tho,source_reported_unharmonized,2008-2009,2008,academic_year,89.99,%,observed,not_specified,E1323,28,9,89.99,2008-2009,,Phu Tho
education,e1323_c9b3c38247,VN_SRC_PHUTHO,Phu Tho,source_reported_unharmonized,2009-2010,2009,academic_year,99.52,%,observed,not_specified,E1323,28,10,99.52,2009-2010,,Phu Tho
education,e1323_c9b3c38247,VN_SRC_PHUTHO,Phu Tho,source_reported_unharmonized,2010-2011,2010,academic_year,99.22,%,observed,not_specified,E1323,28,11,99.22,2010-2011,,Phu Tho
education,e1323_c9b3c38247,VN_SRC_PHUTHO,Phu Tho,source_reported_unharmonized,2011-2012,2011,academic_year,99.54,%,observed,not_specified,E1323,28,12,99.54,2011-2012,,Phu Tho
education,e1323_c9b3c38247,VN_SRC_PHUTHO,Phu Tho,source_reported_unharmonized,2012-2013,2012,academic_year,98.40,%,observed,not_specified,E1323,28,13,98.40,2012-2013,,Phu Tho
education,e1323_c9b3c38247,VN_SRC_PHUTHO,Phu Tho,source_reported_unharmonized,2013-2014,2013,academic_year,99.26,%,observed,not_specified,E1323,28,14,99.26,2013-2014,,Phu Tho
education,e1323_c9b3c38247,VN_SRC_PHUTHO,Phu Tho,source_reported_unharmonized,2014-2015,2014,academic_year,95.99,%,observed,not_specified,E1323,28,15,95.99,2014-2015,,Phu Tho
education,e1323_c9b3c38247,VN_SRC_PHUTHO,Phu Tho,source_reported_unharmonized,2015-2016,2015,academic_year,97.97,%,observed,not_specified,E1323,28,16,97.97,2015-2016,,Phu Tho
education,e1323_c9b3c38247,VN_SRC_PHUTHO,Phu Tho,source_reported_unharmonized,2016-2017,2016,academic_year,99.08,%,observed,not_specified,E1323,28,17,99.08,2016-2017,,Phu Tho
education,e1323_c9b3c38247,VN_SRC_DIENBIEN,Dien Bien,source_reported_unharmonized,2001-2002,2001,academic_year,,%,missing,not_specified,E1323,29,2,..,2001-2002,,Dien Bien
education,e1323_c9b3c38247,VN_SRC_DIENBIEN,Dien Bien,source_reported_unharmonized,2002-2003,2002,academic_year,,%,missing,not_specified,E1323,29,3,..,2002-2003,,Dien Bien
education,e1323_c9b3c38247,VN_SRC_DIENBIEN,Dien Bien,source_reported_unharmonized,2003-2004,2003,academic_year,81.23,%,observed,not_specified,E1323,29,4,81.23,2003-2004,,Dien Bien
education,e1323_c9b3c38247,VN_SRC_DIENBIEN,Dien Bien,source_reported_unharmonized,2004-2005,2004,academic_year,83.18,%,observed,not_specified,E1323,29,5,83.18,2004-2005,,Dien Bien
education,e1323_c9b3c38247,VN_SRC_DIENBIEN,Dien Bien,source_reported_unharmonized,2005-2006,2005,academic_year,81.79,%,observed,not_specified,E1323,29,6,81.79,2005-2006,,Dien Bien
education,e1323_c9b3c38247,VN_SRC_DIENBIEN,Dien Bien,source_reported_unharmonized,2006-2007,2006,academic_year,91.99,%,observed,not_specified,E1323,29,7,91.99,2006-2007,,Dien Bien
education,e1323_c9b3c38247,VN_SRC_DIENBIEN,Dien Bien,source_reported_unharmonized,2007-2008,2007,academic_year,85.96,%,observed,not_specified,E1323,29,8,85.96,2007-2008,,Dien Bien
education,e1323_c9b3c38247,VN_SRC_DIENBIEN,Dien Bien,source_reported_unharmonized,2008-2009,2008,academic_year,73.32,%,observed,not_specified,E1323,29,9,73.32,2008-2009,,Dien Bien
education,e1323_c9b3c38247,VN_SRC_DIENBIEN,Dien Bien,source_reported_unharmonized,2009-2010,2009,academic_year,69.11,%,observed,not_specified,E1323,29,10,69.11,2009-2010,,Dien Bien
education,e1323_c9b3c38247,VN_SRC_DIENBIEN,Dien Bien,source_reported_unharmonized,2010-2011,2010,academic_year,95.65,%,observed,not_specified,E1323,29,11,95.65,2010-2011,,Dien Bien
education,e1323_c9b3c38247,VN_SRC_DIENBIEN,Dien Bien,source_reported_unharmonized,2011-2012,2011,academic_year,97.37,%,observed,not_specified,E1323,29,12,97.37,2011-2012,,Dien Bien
education,e1323_c9b3c38247,VN_SRC_DIENBIEN,Dien Bien,source_reported_unharmonized,2012-2013,2012,academic_year,94.32,%,observed,not_specified,E1323,29,13,94.32,2012-2013,,Dien Bien
education,e1323_c9b3c38247,VN_SRC_DIENBIEN,Dien Bien,source_reported_unharmonized,2013-2014,2013,academic_year,96.80,%,observed,not_specified,E1323,29,14,96.80,2013-2014,,Dien Bien
education,e1323_c9b3c38247,VN_SRC_DIENBIEN,Dien Bien,source_reported_unharmonized,2014-2015,2014,academic_year,87.48,%,observed,not_specified,E1323,29,15,87.48,2014-2015,,Dien Bien
education,e1323_c9b3c38247,VN_SRC_DIENBIEN,Dien Bien,source_reported_unharmonized,2015-2016,2015,academic_year,94.53,%,observed,not_specified,E1323,29,16,94.53,2015-2016,,Dien Bien
education,e1323_c9b3c38247,VN_SRC_DIENBIEN,Dien Bien,source_reported_unharmonized,2016-2017,2016,academic_year,98.85,%,observed,not_specified,E1323,29,17,98.85,2016-2017,,Dien Bien
education,e1323_c9b3c38247,VN_SRC_LAICHAU,Lai Chau,source_reported_unharmonized,2001-2002,2001,academic_year,83.28,%,observed,not_specified,E1323,30,2,83.28,2001-2002,,Lai Chau
education,e1323_c9b3c38247,VN_SRC_LAICHAU,Lai Chau,source_reported_unharmonized,2002-2003,2002,academic_year,95.29,%,observed,not_specified,E1323,30,3,95.29,2002-2003,,Lai Chau
education,e1323_c9b3c38247,VN_SRC_LAICHAU,Lai Chau,source_reported_unharmonized,2003-2004,2003,academic_year,94.72,%,observed,not_specified,E1323,30,4,94.72,2003-2004,,Lai Chau
education,e1323_c9b3c38247,VN_SRC_LAICHAU,Lai Chau,source_reported_unharmonized,2004-2005,2004,academic_year,85.24,%,observed,not_specified,E1323,30,5,85.24,2004-2005,,Lai Chau
education,e1323_c9b3c38247,VN_SRC_LAICHAU,Lai Chau,source_reported_unharmonized,2005-2006,2005,academic_year,86.83,%,observed,not_specified,E1323,30,6,86.83,2005-2006,,Lai Chau
education,e1323_c9b3c38247,VN_SRC_LAICHAU,Lai Chau,source_reported_unharmonized,2006-2007,2006,academic_year,65.07,%,observed,not_specified,E1323,30,7,65.07,2006-2007,,Lai Chau
education,e1323_c9b3c38247,VN_SRC_LAICHAU,Lai Chau,source_reported_unharmonized,2007-2008,2007,academic_year,82.21,%,observed,not_specified,E1323,30,8,82.21,2007-2008,,Lai Chau
education,e1323_c9b3c38247,VN_SRC_LAICHAU,Lai Chau,source_reported_unharmonized,2008-2009,2008,academic_year,84.79,%,observed,not_specified,E1323,30,9,84.79,2008-2009,,Lai Chau
education,e1323_c9b3c38247,VN_SRC_LAICHAU,Lai Chau,source_reported_unharmonized,2009-2010,2009,academic_year,92.14,%,observed,not_specified,E1323,30,10,92.14,2009-2010,,Lai Chau
education,e1323_c9b3c38247,VN_SRC_LAICHAU,Lai Chau,source_reported_unharmonized,2010-2011,2010,academic_year,91.90,%,observed,not_specified,E1323,30,11,91.90,2010-2011,,Lai Chau
education,e1323_c9b3c38247,VN_SRC_LAICHAU,Lai Chau,source_reported_unharmonized,2011-2012,2011,academic_year,97.96,%,observed,not_specified,E1323,30,12,97.96,2011-2012,,Lai Chau
education,e1323_c9b3c38247,VN_SRC_LAICHAU,Lai Chau,source_reported_unharmonized,2012-2013,2012,academic_year,94.02,%,observed,not_specified,E1323,30,13,94.02,2012-2013,,Lai Chau
education,e1323_c9b3c38247,VN_SRC_LAICHAU,Lai Chau,source_reported_unharmonized,2013-2014,2013,academic_year,99.56,%,observed,not_specified,E1323,30,14,99.56,2013-2014,,Lai Chau
education,e1323_c9b3c38247,VN_SRC_LAICHAU,Lai Chau,source_reported_unharmonized,2014-2015,2014,academic_year,94.21,%,observed,not_specified,E1323,30,15,94.21,2014-2015,,Lai Chau
education,e1323_c9b3c38247,VN_SRC_LAICHAU,Lai Chau,source_reported_unharmonized,2015-2016,2015,academic_year,97.92,%,observed,not_specified,E1323,30,16,97.92,2015-2016,,Lai Chau
education,e1323_c9b3c38247,VN_SRC_LAICHAU,Lai Chau,source_reported_unharmonized,2016-2017,2016,academic_year,98.57,%,observed,not_specified,E1323,30,17,98.57,2016-2017,,Lai Chau
education,e1323_c9b3c38247,VN_SRC_SONLA,Son La,source_reported_unharmonized,2001-2002,2001,academic_year,94.23,%,observed,not_specified,E1323,31,2,94.23,2001-2002,,Son La
education,e1323_c9b3c38247,VN_SRC_SONLA,Son La,source_reported_unharmonized,2002-2003,2002,academic_year,89.28,%,observed,not_specified,E1323,31,3,89.28,2002-2003,,Son La
education,e1323_c9b3c38247,VN_SRC_SONLA,Son La,source_reported_unharmonized,2003-2004,2003,academic_year,91.12,%,observed,not_specified,E1323,31,4,91.12,2003-2004,,Son La
education,e1323_c9b3c38247,VN_SRC_SONLA,Son La,source_reported_unharmonized,2004-2005,2004,academic_year,89.82,%,observed,not_specified,E1323,31,5,89.82,2004-2005,,Son La
education,e1323_c9b3c38247,VN_SRC_SONLA,Son La,source_reported_unharmonized,2005-2006,2005,academic_year,88.72,%,observed,not_specified,E1323,31,6,88.72,2005-2006,,Son La
education,e1323_c9b3c38247,VN_SRC_SONLA,Son La,source_reported_unharmonized,2006-2007,2006,academic_year,48.59,%,observed,not_specified,E1323,31,7,48.59,2006-2007,,Son La
education,e1323_c9b3c38247,VN_SRC_SONLA,Son La,source_reported_unharmonized,2007-2008,2007,academic_year,75.99,%,observed,not_specified,E1323,31,8,75.99,2007-2008,,Son La
education,e1323_c9b3c38247,VN_SRC_SONLA,Son La,source_reported_unharmonized,2008-2009,2008,academic_year,39.07,%,observed,not_specified,E1323,31,9,39.07,2008-2009,,Son La
education,e1323_c9b3c38247,VN_SRC_SONLA,Son La,source_reported_unharmonized,2009-2010,2009,academic_year,92.07,%,observed,not_specified,E1323,31,10,92.07,2009-2010,,Son La
education,e1323_c9b3c38247,VN_SRC_SONLA,Son La,source_reported_unharmonized,2010-2011,2010,academic_year,97.80,%,observed,not_specified,E1323,31,11,97.80,2010-2011,,Son La
education,e1323_c9b3c38247,VN_SRC_SONLA,Son La,source_reported_unharmonized,2011-2012,2011,academic_year,99.98,%,observed,not_specified,E1323,31,12,99.98,2011-2012,,Son La
education,e1323_c9b3c38247,VN_SRC_SONLA,Son La,source_reported_unharmonized,2012-2013,2012,academic_year,92.75,%,observed,not_specified,E1323,31,13,92.75,2012-2013,,Son La
education,e1323_c9b3c38247,VN_SRC_SONLA,Son La,source_reported_unharmonized,2013-2014,2013,academic_year,99.15,%,observed,not_specified,E1323,31,14,99.15,2013-2014,,Son La
education,e1323_c9b3c38247,VN_SRC_SONLA,Son La,source_reported_unharmonized,2014-2015,2014,academic_year,94.64,%,observed,not_specified,E1323,31,15,94.64,2014-2015,,Son La
education,e1323_c9b3c38247,VN_SRC_SONLA,Son La,source_reported_unharmonized,2015-2016,2015,academic_year,98.43,%,observed,not_specified,E1323,31,16,98.43,2015-2016,,Son La
education,e1323_c9b3c38247,VN_SRC_SONLA,Son La,source_reported_unharmonized,2016-2017,2016,academic_year,97.59,%,observed,not_specified,E1323,31,17,97.59,2016-2017,,Son La
education,e1323_c9b3c38247,VN_SRC_HOABINH,Hoa Binh,source_reported_unharmonized,2001-2002,2001,academic_year,90.95,%,observed,not_specified,E1323,32,2,90.95,2001-2002,,Hoa Binh
education,e1323_c9b3c38247,VN_SRC_HOABINH,Hoa Binh,source_reported_unharmonized,2002-2003,2002,academic_year,98.53,%,observed,not_specified,E1323,32,3,98.53,2002-2003,,Hoa Binh
education,e1323_c9b3c38247,VN_SRC_HOABINH,Hoa Binh,source_reported_unharmonized,2003-2004,2003,academic_year,94.06,%,observed,not_specified,E1323,32,4,94.06,2003-2004,,Hoa Binh
education,e1323_c9b3c38247,VN_SRC_HOABINH,Hoa Binh,source_reported_unharmonized,2004-2005,2004,academic_year,98.99,%,observed,not_specified,E1323,32,5,98.99,2004-2005,,Hoa Binh
education,e1323_c9b3c38247,VN_SRC_HOABINH,Hoa Binh,source_reported_unharmonized,2005-2006,2005,academic_year,96.61,%,observed,not_specified,E1323,32,6,96.61,2005-2006,,Hoa Binh
education,e1323_c9b3c38247,VN_SRC_HOABINH,Hoa Binh,source_reported_unharmonized,2006-2007,2006,academic_year,66.06,%,observed,not_specified,E1323,32,7,66.06,2006-2007,,Hoa Binh
education,e1323_c9b3c38247,VN_SRC_HOABINH,Hoa Binh,source_reported_unharmonized,2007-2008,2007,academic_year,74.24,%,observed,not_specified,E1323,32,8,74.24,2007-2008,,Hoa Binh
education,e1323_c9b3c38247,VN_SRC_HOABINH,Hoa Binh,source_reported_unharmonized,2008-2009,2008,academic_year,80.84,%,observed,not_specified,E1323,32,9,80.84,2008-2009,,Hoa Binh
education,e1323_c9b3c38247,VN_SRC_HOABINH,Hoa Binh,source_reported_unharmonized,2009-2010,2009,academic_year,95.37,%,observed,not_specified,E1323,32,10,95.37,2009-2010,,Hoa Binh
education,e1323_c9b3c38247,VN_SRC_HOABINH,Hoa Binh,source_reported_unharmonized,2010-2011,2010,academic_year,97.05,%,observed,not_specified,E1323,32,11,97.05,2010-2011,,Hoa Binh
education,e1323_c9b3c38247,VN_SRC_HOABINH,Hoa Binh,source_reported_unharmonized,2011-2012,2011,academic_year,99.95,%,observed,not_specified,E1323,32,12,99.95,2011-2012,,Hoa Binh
education,e1323_c9b3c38247,VN_SRC_HOABINH,Hoa Binh,source_reported_unharmonized,2012-2013,2012,academic_year,96.09,%,observed,not_specified,E1323,32,13,96.09,2012-2013,,Hoa Binh
education,e1323_c9b3c38247,VN_SRC_HOABINH,Hoa Binh,source_reported_unharmonized,2013-2014,2013,academic_year,98.59,%,observed,not_specified,E1323,32,14,98.59,2013-2014,,Hoa Binh
education,e1323_c9b3c38247,VN_SRC_HOABINH,Hoa Binh,source_reported_unharmonized,2014-2015,2014,academic_year,93.77,%,observed,not_specified,E1323,32,15,93.77,2014-2015,,Hoa Binh
education,e1323_c9b3c38247,VN_SRC_HOABINH,Hoa Binh,source_reported_unharmonized,2015-2016,2015,academic_year,97.36,%,observed,not_specified,E1323,32,16,97.36,2015-2016,,Hoa Binh
education,e1323_c9b3c38247,VN_SRC_HOABINH,Hoa Binh,source_reported_unharmonized,2016-2017,2016,academic_year,97.43,%,observed,not_specified,E1323,32,17,97.43,2016-2017,,Hoa Binh
education,e1323_c9b3c38247,VN_SRC_THANHHOA,Thanh Hoa,source_reported_unharmonized,2001-2002,2001,academic_year,98.82,%,observed,not_specified,E1323,34,2,98.82,2001-2002,,Thanh Hoa
education,e1323_c9b3c38247,VN_SRC_THANHHOA,Thanh Hoa,source_reported_unharmonized,2002-2003,2002,academic_year,97.46,%,observed,not_specified,E1323,34,3,97.46,2002-2003,,Thanh Hoa
education,e1323_c9b3c38247,VN_SRC_THANHHOA,Thanh Hoa,source_reported_unharmonized,2003-2004,2003,academic_year,99.19,%,observed,not_specified,E1323,34,4,99.19,2003-2004,,Thanh Hoa
education,e1323_c9b3c38247,VN_SRC_THANHHOA,Thanh Hoa,source_reported_unharmonized,2004-2005,2004,academic_year,98.90,%,observed,not_specified,E1323,34,5,98.90,2004-2005,,Thanh Hoa
education,e1323_c9b3c38247,VN_SRC_THANHHOA,Thanh Hoa,source_reported_unharmonized,2005-2006,2005,academic_year,98.65,%,observed,not_specified,E1323,34,6,98.65,2005-2006,,Thanh Hoa
education,e1323_c9b3c38247,VN_SRC_THANHHOA,Thanh Hoa,source_reported_unharmonized,2006-2007,2006,academic_year,79.51,%,observed,not_specified,E1323,34,7,79.51,2006-2007,,Thanh Hoa
education,e1323_c9b3c38247,VN_SRC_THANHHOA,Thanh Hoa,source_reported_unharmonized,2007-2008,2007,academic_year,85.06,%,observed,not_specified,E1323,34,8,85.06,2007-2008,,Thanh Hoa
education,e1323_c9b3c38247,VN_SRC_THANHHOA,Thanh Hoa,source_reported_unharmonized,2008-2009,2008,academic_year,86.18,%,observed,not_specified,E1323,34,9,86.18,2008-2009,,Thanh Hoa
education,e1323_c9b3c38247,VN_SRC_THANHHOA,Thanh Hoa,source_reported_unharmonized,2009-2010,2009,academic_year,98.68,%,observed,not_specified,E1323,34,10,98.68,2009-2010,,Thanh Hoa
education,e1323_c9b3c38247,VN_SRC_THANHHOA,Thanh Hoa,source_reported_unharmonized,2010-2011,2010,academic_year,99.23,%,observed,not_specified,E1323,34,11,99.23,2010-2011,,Thanh Hoa
education,e1323_c9b3c38247,VN_SRC_THANHHOA,Thanh Hoa,source_reported_unharmonized,2011-2012,2011,academic_year,99.93,%,observed,not_specified,E1323,34,12,99.93,2011-2012,,Thanh Hoa
education,e1323_c9b3c38247,VN_SRC_THANHHOA,Thanh Hoa,source_reported_unharmonized,2012-2013,2012,academic_year,99.34,%,observed,not_specified,E1323,34,13,99.34,2012-2013,,Thanh Hoa
education,e1323_c9b3c38247,VN_SRC_THANHHOA,Thanh Hoa,source_reported_unharmonized,2013-2014,2013,academic_year,99.74,%,observed,not_specified,E1323,34,14,99.74,2013-2014,,Thanh Hoa
education,e1323_c9b3c38247,VN_SRC_THANHHOA,Thanh Hoa,source_reported_unharmonized,2014-2015,2014,academic_year,93.08,%,observed,not_specified,E1323,34,15,93.08,2014-2015,,Thanh Hoa
education,e1323_c9b3c38247,VN_SRC_THANHHOA,Thanh Hoa,source_reported_unharmonized,2015-2016,2015,academic_year,97.34,%,observed,not_specified,E1323,34,16,97.34,2015-2016,,Thanh Hoa
education,e1323_c9b3c38247,VN_SRC_THANHHOA,Thanh Hoa,source_reported_unharmonized,2016-2017,2016,academic_year,97.82,%,observed,not_specified,E1323,34,17,97.82,2016-2017,,Thanh Hoa
education,e1323_c9b3c38247,VN_SRC_NGHEAN,Nghe An,source_reported_unharmonized,2001-2002,2001,academic_year,95.96,%,observed,not_specified,E1323,35,2,95.96,2001-2002,,Nghe An
education,e1323_c9b3c38247,VN_SRC_NGHEAN,Nghe An,source_reported_unharmonized,2002-2003,2002,academic_year,97.33,%,observed,not_specified,E1323,35,3,97.33,2002-2003,,Nghe An
education,e1323_c9b3c38247,VN_SRC_NGHEAN,Nghe An,source_reported_unharmonized,2003-2004,2003,academic_year,99.73,%,observed,not_specified,E1323,35,4,99.73,2003-2004,,Nghe An
education,e1323_c9b3c38247,VN_SRC_NGHEAN,Nghe An,source_reported_unharmonized,2004-2005,2004,academic_year,99.56,%,observed,not_specified,E1323,35,5,99.56,2004-2005,,Nghe An
education,e1323_c9b3c38247,VN_SRC_NGHEAN,Nghe An,source_reported_unharmonized,2005-2006,2005,academic_year,96.57,%,observed,not_specified,E1323,35,6,96.57,2005-2006,,Nghe An
education,e1323_c9b3c38247,VN_SRC_NGHEAN,Nghe An,source_reported_unharmonized,2006-2007,2006,academic_year,68.45,%,observed,not_specified,E1323,35,7,68.45,2006-2007,,Nghe An
education,e1323_c9b3c38247,VN_SRC_NGHEAN,Nghe An,source_reported_unharmonized,2007-2008,2007,academic_year,91.63,%,observed,not_specified,E1323,35,8,91.63,2007-2008,,Nghe An
education,e1323_c9b3c38247,VN_SRC_NGHEAN,Nghe An,source_reported_unharmonized,2008-2009,2008,academic_year,87.35,%,observed,not_specified,E1323,35,9,87.35,2008-2009,,Nghe An
education,e1323_c9b3c38247,VN_SRC_NGHEAN,Nghe An,source_reported_unharmonized,2009-2010,2009,academic_year,98.00,%,observed,not_specified,E1323,35,10,98.00,2009-2010,,Nghe An
education,e1323_c9b3c38247,VN_SRC_NGHEAN,Nghe An,source_reported_unharmonized,2010-2011,2010,academic_year,97.73,%,observed,not_specified,E1323,35,11,97.73,2010-2011,,Nghe An
education,e1323_c9b3c38247,VN_SRC_NGHEAN,Nghe An,source_reported_unharmonized,2011-2012,2011,academic_year,98.91,%,observed,not_specified,E1323,35,12,98.91,2011-2012,,Nghe An
education,e1323_c9b3c38247,VN_SRC_NGHEAN,Nghe An,source_reported_unharmonized,2012-2013,2012,academic_year,96.87,%,observed,not_specified,E1323,35,13,96.87,2012-2013,,Nghe An
education,e1323_c9b3c38247,VN_SRC_NGHEAN,Nghe An,source_reported_unharmonized,2013-2014,2013,academic_year,99.57,%,observed,not_specified,E1323,35,14,99.57,2013-2014,,Nghe An
education,e1323_c9b3c38247,VN_SRC_NGHEAN,Nghe An,source_reported_unharmonized,2014-2015,2014,academic_year,96.54,%,observed,not_specified,E1323,35,15,96.54,2014-2015,,Nghe An
education,e1323_c9b3c38247,VN_SRC_NGHEAN,Nghe An,source_reported_unharmonized,2015-2016,2015,academic_year,97.83,%,observed,not_specified,E1323,35,16,97.83,2015-2016,,Nghe An
education,e1323_c9b3c38247,VN_SRC_NGHEAN,Nghe An,source_reported_unharmonized,2016-2017,2016,academic_year,98.52,%,observed,not_specified,E1323,35,17,98.52,2016-2017,,Nghe An
education,e1323_c9b3c38247,VN_SRC_HATINH,Ha Tinh,source_reported_unharmonized,2001-2002,2001,academic_year,98.54,%,observed,not_specified,E1323,36,2,98.54,2001-2002,,Ha Tinh
education,e1323_c9b3c38247,VN_SRC_HATINH,Ha Tinh,source_reported_unharmonized,2002-2003,2002,academic_year,95.22,%,observed,not_specified,E1323,36,3,95.22,2002-2003,,Ha Tinh
education,e1323_c9b3c38247,VN_SRC_HATINH,Ha Tinh,source_reported_unharmonized,2003-2004,2003,academic_year,86.31,%,observed,not_specified,E1323,36,4,86.31,2003-2004,,Ha Tinh
education,e1323_c9b3c38247,VN_SRC_HATINH,Ha Tinh,source_reported_unharmonized,2004-2005,2004,academic_year,89.16,%,observed,not_specified,E1323,36,5,89.16,2004-2005,,Ha Tinh
education,e1323_c9b3c38247,VN_SRC_HATINH,Ha Tinh,source_reported_unharmonized,2005-2006,2005,academic_year,94.15,%,observed,not_specified,E1323,36,6,94.15,2005-2006,,Ha Tinh
education,e1323_c9b3c38247,VN_SRC_HATINH,Ha Tinh,source_reported_unharmonized,2006-2007,2006,academic_year,86.87,%,observed,not_specified,E1323,36,7,86.87,2006-2007,,Ha Tinh
education,e1323_c9b3c38247,VN_SRC_HATINH,Ha Tinh,source_reported_unharmonized,2007-2008,2007,academic_year,77.24,%,observed,not_specified,E1323,36,8,77.24,2007-2008,,Ha Tinh
education,e1323_c9b3c38247,VN_SRC_HATINH,Ha Tinh,source_reported_unharmonized,2008-2009,2008,academic_year,73.09,%,observed,not_specified,E1323,36,9,73.09,2008-2009,,Ha Tinh
education,e1323_c9b3c38247,VN_SRC_HATINH,Ha Tinh,source_reported_unharmonized,2009-2010,2009,academic_year,98.21,%,observed,not_specified,E1323,36,10,98.21,2009-2010,,Ha Tinh
education,e1323_c9b3c38247,VN_SRC_HATINH,Ha Tinh,source_reported_unharmonized,2010-2011,2010,academic_year,99.09,%,observed,not_specified,E1323,36,11,99.09,2010-2011,,Ha Tinh
education,e1323_c9b3c38247,VN_SRC_HATINH,Ha Tinh,source_reported_unharmonized,2011-2012,2011,academic_year,99.40,%,observed,not_specified,E1323,36,12,99.40,2011-2012,,Ha Tinh
education,e1323_c9b3c38247,VN_SRC_HATINH,Ha Tinh,source_reported_unharmonized,2012-2013,2012,academic_year,96.72,%,observed,not_specified,E1323,36,13,96.72,2012-2013,,Ha Tinh
education,e1323_c9b3c38247,VN_SRC_HATINH,Ha Tinh,source_reported_unharmonized,2013-2014,2013,academic_year,99.02,%,observed,not_specified,E1323,36,14,99.02,2013-2014,,Ha Tinh
education,e1323_c9b3c38247,VN_SRC_HATINH,Ha Tinh,source_reported_unharmonized,2014-2015,2014,academic_year,97.45,%,observed,not_specified,E1323,36,15,97.45,2014-2015,,Ha Tinh
education,e1323_c9b3c38247,VN_SRC_HATINH,Ha Tinh,source_reported_unharmonized,2015-2016,2015,academic_year,93.63,%,observed,not_specified,E1323,36,16,93.63,2015-2016,,Ha Tinh
education,e1323_c9b3c38247,VN_SRC_HATINH,Ha Tinh,source_reported_unharmonized,2016-2017,2016,academic_year,99.13,%,observed,not_specified,E1323,36,17,99.13,2016-2017,,Ha Tinh
education,e1323_c9b3c38247,VN_SRC_QUANGBINH,Quang Binh,source_reported_unharmonized,2001-2002,2001,academic_year,90.05,%,observed,not_specified,E1323,37,2,90.05,2001-2002,,Quang Binh
education,e1323_c9b3c38247,VN_SRC_QUANGBINH,Quang Binh,source_reported_unharmonized,2002-2003,2002,academic_year,94.02,%,observed,not_specified,E1323,37,3,94.02,2002-2003,,Quang Binh
education,e1323_c9b3c38247,VN_SRC_QUANGBINH,Quang Binh,source_reported_unharmonized,2003-2004,2003,academic_year,98.83,%,observed,not_specified,E1323,37,4,98.83,2003-2004,,Quang Binh
education,e1323_c9b3c38247,VN_SRC_QUANGBINH,Quang Binh,source_reported_unharmonized,2004-2005,2004,academic_year,96.88,%,observed,not_specified,E1323,37,5,96.88,2004-2005,,Quang Binh
education,e1323_c9b3c38247,VN_SRC_QUANGBINH,Quang Binh,source_reported_unharmonized,2005-2006,2005,academic_year,98.73,%,observed,not_specified,E1323,37,6,98.73,2005-2006,,Quang Binh
education,e1323_c9b3c38247,VN_SRC_QUANGBINH,Quang Binh,source_reported_unharmonized,2006-2007,2006,academic_year,62.35,%,observed,not_specified,E1323,37,7,62.35,2006-2007,,Quang Binh
education,e1323_c9b3c38247,VN_SRC_QUANGBINH,Quang Binh,source_reported_unharmonized,2007-2008,2007,academic_year,94.23,%,observed,not_specified,E1323,37,8,94.23,2007-2008,,Quang Binh
education,e1323_c9b3c38247,VN_SRC_QUANGBINH,Quang Binh,source_reported_unharmonized,2008-2009,2008,academic_year,79.25,%,observed,not_specified,E1323,37,9,79.25,2008-2009,,Quang Binh
education,e1323_c9b3c38247,VN_SRC_QUANGBINH,Quang Binh,source_reported_unharmonized,2009-2010,2009,academic_year,96.80,%,observed,not_specified,E1323,37,10,96.80,2009-2010,,Quang Binh
education,e1323_c9b3c38247,VN_SRC_QUANGBINH,Quang Binh,source_reported_unharmonized,2010-2011,2010,academic_year,99.30,%,observed,not_specified,E1323,37,11,99.30,2010-2011,,Quang Binh
education,e1323_c9b3c38247,VN_SRC_QUANGBINH,Quang Binh,source_reported_unharmonized,2011-2012,2011,academic_year,99.50,%,observed,not_specified,E1323,37,12,99.50,2011-2012,,Quang Binh
education,e1323_c9b3c38247,VN_SRC_QUANGBINH,Quang Binh,source_reported_unharmonized,2012-2013,2012,academic_year,99.05,%,observed,not_specified,E1323,37,13,99.05,2012-2013,,Quang Binh
education,e1323_c9b3c38247,VN_SRC_QUANGBINH,Quang Binh,source_reported_unharmonized,2013-2014,2013,academic_year,99.28,%,observed,not_specified,E1323,37,14,99.28,2013-2014,,Quang Binh
education,e1323_c9b3c38247,VN_SRC_QUANGBINH,Quang Binh,source_reported_unharmonized,2014-2015,2014,academic_year,93.67,%,observed,not_specified,E1323,37,15,93.67,2014-2015,,Quang Binh
education,e1323_c9b3c38247,VN_SRC_QUANGBINH,Quang Binh,source_reported_unharmonized,2015-2016,2015,academic_year,93.37,%,observed,not_specified,E1323,37,16,93.37,2015-2016,,Quang Binh
education,e1323_c9b3c38247,VN_SRC_QUANGBINH,Quang Binh,source_reported_unharmonized,2016-2017,2016,academic_year,96.62,%,observed,not_specified,E1323,37,17,96.62,2016-2017,,Quang Binh
education,e1323_c9b3c38247,VN_SRC_QUANGTRI,Quang Tri,source_reported_unharmonized,2001-2002,2001,academic_year,90.49,%,observed,not_specified,E1323,38,2,90.49,2001-2002,,Quang Tri
education,e1323_c9b3c38247,VN_SRC_QUANGTRI,Quang Tri,source_reported_unharmonized,2002-2003,2002,academic_year,86.03,%,observed,not_specified,E1323,38,3,86.03,2002-2003,,Quang Tri
education,e1323_c9b3c38247,VN_SRC_QUANGTRI,Quang Tri,source_reported_unharmonized,2003-2004,2003,academic_year,92.30,%,observed,not_specified,E1323,38,4,92.30,2003-2004,,Quang Tri
education,e1323_c9b3c38247,VN_SRC_QUANGTRI,Quang Tri,source_reported_unharmonized,2004-2005,2004,academic_year,92.01,%,observed,not_specified,E1323,38,5,92.01,2004-2005,,Quang Tri
education,e1323_c9b3c38247,VN_SRC_QUANGTRI,Quang Tri,source_reported_unharmonized,2005-2006,2005,academic_year,96.21,%,observed,not_specified,E1323,38,6,96.21,2005-2006,,Quang Tri
education,e1323_c9b3c38247,VN_SRC_QUANGTRI,Quang Tri,source_reported_unharmonized,2006-2007,2006,academic_year,83.36,%,observed,not_specified,E1323,38,7,83.36,2006-2007,,Quang Tri
education,e1323_c9b3c38247,VN_SRC_QUANGTRI,Quang Tri,source_reported_unharmonized,2007-2008,2007,academic_year,80.97,%,observed,not_specified,E1323,38,8,80.97,2007-2008,,Quang Tri
education,e1323_c9b3c38247,VN_SRC_QUANGTRI,Quang Tri,source_reported_unharmonized,2008-2009,2008,academic_year,82.77,%,observed,not_specified,E1323,38,9,82.77,2008-2009,,Quang Tri
education,e1323_c9b3c38247,VN_SRC_QUANGTRI,Quang Tri,source_reported_unharmonized,2009-2010,2009,academic_year,96.18,%,observed,not_specified,E1323,38,10,96.18,2009-2010,,Quang Tri
education,e1323_c9b3c38247,VN_SRC_QUANGTRI,Quang Tri,source_reported_unharmonized,2010-2011,2010,academic_year,94.28,%,observed,not_specified,E1323,38,11,94.28,2010-2011,,Quang Tri
education,e1323_c9b3c38247,VN_SRC_QUANGTRI,Quang Tri,source_reported_unharmonized,2011-2012,2011,academic_year,98.95,%,observed,not_specified,E1323,38,12,98.95,2011-2012,,Quang Tri
education,e1323_c9b3c38247,VN_SRC_QUANGTRI,Quang Tri,source_reported_unharmonized,2012-2013,2012,academic_year,96.26,%,observed,not_specified,E1323,38,13,96.26,2012-2013,,Quang Tri
education,e1323_c9b3c38247,VN_SRC_QUANGTRI,Quang Tri,source_reported_unharmonized,2013-2014,2013,academic_year,98.71,%,observed,not_specified,E1323,38,14,98.71,2013-2014,,Quang Tri
education,e1323_c9b3c38247,VN_SRC_QUANGTRI,Quang Tri,source_reported_unharmonized,2014-2015,2014,academic_year,89.68,%,observed,not_specified,E1323,38,15,89.68,2014-2015,,Quang Tri
education,e1323_c9b3c38247,VN_SRC_QUANGTRI,Quang Tri,source_reported_unharmonized,2015-2016,2015,academic_year,90.86,%,observed,not_specified,E1323,38,16,90.86,2015-2016,,Quang Tri
education,e1323_c9b3c38247,VN_SRC_QUANGTRI,Quang Tri,source_reported_unharmonized,2016-2017,2016,academic_year,95.29,%,observed,not_specified,E1323,38,17,95.29,2016-2017,,Quang Tri
education,e1323_c9b3c38247,VN_SRC_THUATHIENHUE,Thua Thien-Hue,source_reported_unharmonized,2001-2002,2001,academic_year,89.77,%,observed,not_specified,E1323,39,2,89.77,2001-2002,,Thua Thien-Hue
education,e1323_c9b3c38247,VN_SRC_THUATHIENHUE,Thua Thien-Hue,source_reported_unharmonized,2002-2003,2002,academic_year,90.40,%,observed,not_specified,E1323,39,3,90.40,2002-2003,,Thua Thien-Hue
education,e1323_c9b3c38247,VN_SRC_THUATHIENHUE,Thua Thien-Hue,source_reported_unharmonized,2003-2004,2003,academic_year,90.17,%,observed,not_specified,E1323,39,4,90.17,2003-2004,,Thua Thien-Hue
education,e1323_c9b3c38247,VN_SRC_THUATHIENHUE,Thua Thien-Hue,source_reported_unharmonized,2004-2005,2004,academic_year,91.97,%,observed,not_specified,E1323,39,5,91.97,2004-2005,,Thua Thien-Hue
education,e1323_c9b3c38247,VN_SRC_THUATHIENHUE,Thua Thien-Hue,source_reported_unharmonized,2005-2006,2005,academic_year,89.30,%,observed,not_specified,E1323,39,6,89.30,2005-2006,,Thua Thien-Hue
education,e1323_c9b3c38247,VN_SRC_THUATHIENHUE,Thua Thien-Hue,source_reported_unharmonized,2006-2007,2006,academic_year,76.55,%,observed,not_specified,E1323,39,7,76.55,2006-2007,,Thua Thien-Hue
education,e1323_c9b3c38247,VN_SRC_THUATHIENHUE,Thua Thien-Hue,source_reported_unharmonized,2007-2008,2007,academic_year,84.56,%,observed,not_specified,E1323,39,8,84.56,2007-2008,,Thua Thien-Hue
education,e1323_c9b3c38247,VN_SRC_THUATHIENHUE,Thua Thien-Hue,source_reported_unharmonized,2008-2009,2008,academic_year,86.29,%,observed,not_specified,E1323,39,9,86.29,2008-2009,,Thua Thien-Hue
education,e1323_c9b3c38247,VN_SRC_THUATHIENHUE,Thua Thien-Hue,source_reported_unharmonized,2009-2010,2009,academic_year,96.81,%,observed,not_specified,E1323,39,10,96.81,2009-2010,,Thua Thien-Hue
education,e1323_c9b3c38247,VN_SRC_THUATHIENHUE,Thua Thien-Hue,source_reported_unharmonized,2010-2011,2010,academic_year,96.97,%,observed,not_specified,E1323,39,11,96.97,2010-2011,,Thua Thien-Hue
education,e1323_c9b3c38247,VN_SRC_THUATHIENHUE,Thua Thien-Hue,source_reported_unharmonized,2011-2012,2011,academic_year,99.80,%,observed,not_specified,E1323,39,12,99.80,2011-2012,,Thua Thien-Hue
education,e1323_c9b3c38247,VN_SRC_THUATHIENHUE,Thua Thien-Hue,source_reported_unharmonized,2012-2013,2012,academic_year,98.89,%,observed,not_specified,E1323,39,13,98.89,2012-2013,,Thua Thien-Hue
education,e1323_c9b3c38247,VN_SRC_THUATHIENHUE,Thua Thien-Hue,source_reported_unharmonized,2013-2014,2013,academic_year,98.90,%,observed,not_specified,E1323,39,14,98.90,2013-2014,,Thua Thien-Hue
education,e1323_c9b3c38247,VN_SRC_THUATHIENHUE,Thua Thien-Hue,source_reported_unharmonized,2014-2015,2014,academic_year,94.68,%,observed,not_specified,E1323,39,15,94.68,2014-2015,,Thua Thien-Hue
education,e1323_c9b3c38247,VN_SRC_THUATHIENHUE,Thua Thien-Hue,source_reported_unharmonized,2015-2016,2015,academic_year,95.17,%,observed,not_specified,E1323,39,16,95.17,2015-2016,,Thua Thien-Hue
education,e1323_c9b3c38247,VN_SRC_THUATHIENHUE,Thua Thien-Hue,source_reported_unharmonized,2016-2017,2016,academic_year,96.71,%,observed,not_specified,E1323,39,17,96.71,2016-2017,,Thua Thien-Hue
education,e1323_c9b3c38247,VN_SRC_DANANG,Da Nang,source_reported_unharmonized,2001-2002,2001,academic_year,84.00,%,observed,not_specified,E1323,40,2,84.00,2001-2002,,Da Nang
education,e1323_c9b3c38247,VN_SRC_DANANG,Da Nang,source_reported_unharmonized,2002-2003,2002,academic_year,93.49,%,observed,not_specified,E1323,40,3,93.49,2002-2003,,Da Nang
education,e1323_c9b3c38247,VN_SRC_DANANG,Da Nang,source_reported_unharmonized,2003-2004,2003,academic_year,85.17,%,observed,not_specified,E1323,40,4,85.17,2003-2004,,Da Nang
education,e1323_c9b3c38247,VN_SRC_DANANG,Da Nang,source_reported_unharmonized,2004-2005,2004,academic_year,89.79,%,observed,not_specified,E1323,40,5,89.79,2004-2005,,Da Nang
education,e1323_c9b3c38247,VN_SRC_DANANG,Da Nang,source_reported_unharmonized,2005-2006,2005,academic_year,97.42,%,observed,not_specified,E1323,40,6,97.42,2005-2006,,Da Nang
education,e1323_c9b3c38247,VN_SRC_DANANG,Da Nang,source_reported_unharmonized,2006-2007,2006,academic_year,83.86,%,observed,not_specified,E1323,40,7,83.86,2006-2007,,Da Nang
education,e1323_c9b3c38247,VN_SRC_DANANG,Da Nang,source_reported_unharmonized,2007-2008,2007,academic_year,88.41,%,observed,not_specified,E1323,40,8,88.41,2007-2008,,Da Nang
education,e1323_c9b3c38247,VN_SRC_DANANG,Da Nang,source_reported_unharmonized,2008-2009,2008,academic_year,89.74,%,observed,not_specified,E1323,40,9,89.74,2008-2009,,Da Nang
education,e1323_c9b3c38247,VN_SRC_DANANG,Da Nang,source_reported_unharmonized,2009-2010,2009,academic_year,96.11,%,observed,not_specified,E1323,40,10,96.11,2009-2010,,Da Nang
education,e1323_c9b3c38247,VN_SRC_DANANG,Da Nang,source_reported_unharmonized,2010-2011,2010,academic_year,96.70,%,observed,not_specified,E1323,40,11,96.70,2010-2011,,Da Nang
education,e1323_c9b3c38247,VN_SRC_DANANG,Da Nang,source_reported_unharmonized,2011-2012,2011,academic_year,99.54,%,observed,not_specified,E1323,40,12,99.54,2011-2012,,Da Nang
education,e1323_c9b3c38247,VN_SRC_DANANG,Da Nang,source_reported_unharmonized,2012-2013,2012,academic_year,98.31,%,observed,not_specified,E1323,40,13,98.31,2012-2013,,Da Nang
education,e1323_c9b3c38247,VN_SRC_DANANG,Da Nang,source_reported_unharmonized,2013-2014,2013,academic_year,98.35,%,observed,not_specified,E1323,40,14,98.35,2013-2014,,Da Nang
education,e1323_c9b3c38247,VN_SRC_DANANG,Da Nang,source_reported_unharmonized,2014-2015,2014,academic_year,87.19,%,observed,not_specified,E1323,40,15,87.19,2014-2015,,Da Nang
education,e1323_c9b3c38247,VN_SRC_DANANG,Da Nang,source_reported_unharmonized,2015-2016,2015,academic_year,85.36,%,observed,not_specified,E1323,40,16,85.36,2015-2016,,Da Nang
education,e1323_c9b3c38247,VN_SRC_DANANG,Da Nang,source_reported_unharmonized,2016-2017,2016,academic_year,91.95,%,observed,not_specified,E1323,40,17,91.95,2016-2017,,Da Nang
education,e1323_c9b3c38247,VN_SRC_QUANGNAM,Quang Nam,source_reported_unharmonized,2001-2002,2001,academic_year,87.50,%,observed,not_specified,E1323,41,2,87.50,2001-2002,,Quang  Nam
education,e1323_c9b3c38247,VN_SRC_QUANGNAM,Quang Nam,source_reported_unharmonized,2002-2003,2002,academic_year,95.98,%,observed,not_specified,E1323,41,3,95.98,2002-2003,,Quang  Nam
education,e1323_c9b3c38247,VN_SRC_QUANGNAM,Quang Nam,source_reported_unharmonized,2003-2004,2003,academic_year,74.61,%,observed,not_specified,E1323,41,4,74.61,2003-2004,,Quang  Nam
education,e1323_c9b3c38247,VN_SRC_QUANGNAM,Quang Nam,source_reported_unharmonized,2004-2005,2004,academic_year,84.72,%,observed,not_specified,E1323,41,5,84.72,2004-2005,,Quang  Nam
education,e1323_c9b3c38247,VN_SRC_QUANGNAM,Quang Nam,source_reported_unharmonized,2005-2006,2005,academic_year,85.68,%,observed,not_specified,E1323,41,6,85.68,2005-2006,,Quang  Nam
education,e1323_c9b3c38247,VN_SRC_QUANGNAM,Quang Nam,source_reported_unharmonized,2006-2007,2006,academic_year,78.02,%,observed,not_specified,E1323,41,7,78.02,2006-2007,,Quang  Nam
education,e1323_c9b3c38247,VN_SRC_QUANGNAM,Quang Nam,source_reported_unharmonized,2007-2008,2007,academic_year,82.14,%,observed,not_specified,E1323,41,8,82.14,2007-2008,,Quang  Nam
education,e1323_c9b3c38247,VN_SRC_QUANGNAM,Quang Nam,source_reported_unharmonized,2008-2009,2008,academic_year,84.47,%,observed,not_specified,E1323,41,9,84.47,2008-2009,,Quang  Nam
education,e1323_c9b3c38247,VN_SRC_QUANGNAM,Quang Nam,source_reported_unharmonized,2009-2010,2009,academic_year,94.48,%,observed,not_specified,E1323,41,10,94.48,2009-2010,,Quang  Nam
education,e1323_c9b3c38247,VN_SRC_QUANGNAM,Quang Nam,source_reported_unharmonized,2010-2011,2010,academic_year,97.25,%,observed,not_specified,E1323,41,11,97.25,2010-2011,,Quang  Nam
education,e1323_c9b3c38247,VN_SRC_QUANGNAM,Quang Nam,source_reported_unharmonized,2011-2012,2011,academic_year,98.81,%,observed,not_specified,E1323,41,12,98.81,2011-2012,,Quang  Nam
education,e1323_c9b3c38247,VN_SRC_QUANGNAM,Quang Nam,source_reported_unharmonized,2012-2013,2012,academic_year,98.49,%,observed,not_specified,E1323,41,13,98.49,2012-2013,,Quang  Nam
education,e1323_c9b3c38247,VN_SRC_QUANGNAM,Quang Nam,source_reported_unharmonized,2013-2014,2013,academic_year,98.09,%,observed,not_specified,E1323,41,14,98.09,2013-2014,,Quang  Nam
education,e1323_c9b3c38247,VN_SRC_QUANGNAM,Quang Nam,source_reported_unharmonized,2014-2015,2014,academic_year,89.30,%,observed,not_specified,E1323,41,15,89.30,2014-2015,,Quang  Nam
education,e1323_c9b3c38247,VN_SRC_QUANGNAM,Quang Nam,source_reported_unharmonized,2015-2016,2015,academic_year,86.01,%,observed,not_specified,E1323,41,16,86.01,2015-2016,,Quang  Nam
education,e1323_c9b3c38247,VN_SRC_QUANGNAM,Quang Nam,source_reported_unharmonized,2016-2017,2016,academic_year,92.75,%,observed,not_specified,E1323,41,17,92.75,2016-2017,,Quang  Nam
education,e1323_c9b3c38247,VN_SRC_QUANGNGAI,Quang Ngai,source_reported_unharmonized,2001-2002,2001,academic_year,85.67,%,observed,not_specified,E1323,42,2,85.67,2001-2002,,Quang  Ngai
education,e1323_c9b3c38247,VN_SRC_QUANGNGAI,Quang Ngai,source_reported_unharmonized,2002-2003,2002,academic_year,85.89,%,observed,not_specified,E1323,42,3,85.89,2002-2003,,Quang  Ngai
education,e1323_c9b3c38247,VN_SRC_QUANGNGAI,Quang Ngai,source_reported_unharmonized,2003-2004,2003,academic_year,93.39,%,observed,not_specified,E1323,42,4,93.39,2003-2004,,Quang  Ngai
education,e1323_c9b3c38247,VN_SRC_QUANGNGAI,Quang Ngai,source_reported_unharmonized,2004-2005,2004,academic_year,90.94,%,observed,not_specified,E1323,42,5,90.94,2004-2005,,Quang  Ngai
education,e1323_c9b3c38247,VN_SRC_QUANGNGAI,Quang Ngai,source_reported_unharmonized,2005-2006,2005,academic_year,85.26,%,observed,not_specified,E1323,42,6,85.26,2005-2006,,Quang  Ngai
education,e1323_c9b3c38247,VN_SRC_QUANGNGAI,Quang Ngai,source_reported_unharmonized,2006-2007,2006,academic_year,75.85,%,observed,not_specified,E1323,42,7,75.85,2006-2007,,Quang  Ngai
education,e1323_c9b3c38247,VN_SRC_QUANGNGAI,Quang Ngai,source_reported_unharmonized,2007-2008,2007,academic_year,79.01,%,observed,not_specified,E1323,42,8,79.01,2007-2008,,Quang  Ngai
education,e1323_c9b3c38247,VN_SRC_QUANGNGAI,Quang Ngai,source_reported_unharmonized,2008-2009,2008,academic_year,73.16,%,observed,not_specified,E1323,42,9,73.16,2008-2009,,Quang  Ngai
education,e1323_c9b3c38247,VN_SRC_QUANGNGAI,Quang Ngai,source_reported_unharmonized,2009-2010,2009,academic_year,96.69,%,observed,not_specified,E1323,42,10,96.69,2009-2010,,Quang  Ngai
education,e1323_c9b3c38247,VN_SRC_QUANGNGAI,Quang Ngai,source_reported_unharmonized,2010-2011,2010,academic_year,98.57,%,observed,not_specified,E1323,42,11,98.57,2010-2011,,Quang  Ngai
education,e1323_c9b3c38247,VN_SRC_QUANGNGAI,Quang Ngai,source_reported_unharmonized,2011-2012,2011,academic_year,99.86,%,observed,not_specified,E1323,42,12,99.86,2011-2012,,Quang  Ngai
education,e1323_c9b3c38247,VN_SRC_QUANGNGAI,Quang Ngai,source_reported_unharmonized,2012-2013,2012,academic_year,98.97,%,observed,not_specified,E1323,42,13,98.97,2012-2013,,Quang  Ngai
education,e1323_c9b3c38247,VN_SRC_QUANGNGAI,Quang Ngai,source_reported_unharmonized,2013-2014,2013,academic_year,98.43,%,observed,not_specified,E1323,42,14,98.43,2013-2014,,Quang  Ngai
education,e1323_c9b3c38247,VN_SRC_QUANGNGAI,Quang Ngai,source_reported_unharmonized,2014-2015,2014,academic_year,90.26,%,observed,not_specified,E1323,42,15,90.26,2014-2015,,Quang  Ngai
education,e1323_c9b3c38247,VN_SRC_QUANGNGAI,Quang Ngai,source_reported_unharmonized,2015-2016,2015,academic_year,92.62,%,observed,not_specified,E1323,42,16,92.62,2015-2016,,Quang  Ngai
education,e1323_c9b3c38247,VN_SRC_QUANGNGAI,Quang Ngai,source_reported_unharmonized,2016-2017,2016,academic_year,95.85,%,observed,not_specified,E1323,42,17,95.85,2016-2017,,Quang  Ngai
education,e1323_c9b3c38247,VN_SRC_BINHDINH,Binh Dinh,source_reported_unharmonized,2001-2002,2001,academic_year,84.96,%,observed,not_specified,E1323,43,2,84.96,2001-2002,,Binh Dinh
education,e1323_c9b3c38247,VN_SRC_BINHDINH,Binh Dinh,source_reported_unharmonized,2002-2003,2002,academic_year,88.46,%,observed,not_specified,E1323,43,3,88.46,2002-2003,,Binh Dinh
education,e1323_c9b3c38247,VN_SRC_BINHDINH,Binh Dinh,source_reported_unharmonized,2003-2004,2003,academic_year,88.86,%,observed,not_specified,E1323,43,4,88.86,2003-2004,,Binh Dinh
education,e1323_c9b3c38247,VN_SRC_BINHDINH,Binh Dinh,source_reported_unharmonized,2004-2005,2004,academic_year,88.50,%,observed,not_specified,E1323,43,5,88.50,2004-2005,,Binh Dinh
education,e1323_c9b3c38247,VN_SRC_BINHDINH,Binh Dinh,source_reported_unharmonized,2005-2006,2005,academic_year,95.42,%,observed,not_specified,E1323,43,6,95.42,2005-2006,,Binh Dinh
education,e1323_c9b3c38247,VN_SRC_BINHDINH,Binh Dinh,source_reported_unharmonized,2006-2007,2006,academic_year,84.24,%,observed,not_specified,E1323,43,7,84.24,2006-2007,,Binh Dinh
education,e1323_c9b3c38247,VN_SRC_BINHDINH,Binh Dinh,source_reported_unharmonized,2007-2008,2007,academic_year,90.56,%,observed,not_specified,E1323,43,8,90.56,2007-2008,,Binh Dinh
education,e1323_c9b3c38247,VN_SRC_BINHDINH,Binh Dinh,source_reported_unharmonized,2008-2009,2008,academic_year,88.48,%,observed,not_specified,E1323,43,9,88.48,2008-2009,,Binh Dinh
education,e1323_c9b3c38247,VN_SRC_BINHDINH,Binh Dinh,source_reported_unharmonized,2009-2010,2009,academic_year,93.90,%,observed,not_specified,E1323,43,10,93.90,2009-2010,,Binh Dinh
education,e1323_c9b3c38247,VN_SRC_BINHDINH,Binh Dinh,source_reported_unharmonized,2010-2011,2010,academic_year,96.84,%,observed,not_specified,E1323,43,11,96.84,2010-2011,,Binh Dinh
education,e1323_c9b3c38247,VN_SRC_BINHDINH,Binh Dinh,source_reported_unharmonized,2011-2012,2011,academic_year,98.00,%,observed,not_specified,E1323,43,12,98.00,2011-2012,,Binh Dinh
education,e1323_c9b3c38247,VN_SRC_BINHDINH,Binh Dinh,source_reported_unharmonized,2012-2013,2012,academic_year,99.38,%,observed,not_specified,E1323,43,13,99.38,2012-2013,,Binh Dinh
education,e1323_c9b3c38247,VN_SRC_BINHDINH,Binh Dinh,source_reported_unharmonized,2013-2014,2013,academic_year,97.44,%,observed,not_specified,E1323,43,14,97.44,2013-2014,,Binh Dinh
education,e1323_c9b3c38247,VN_SRC_BINHDINH,Binh Dinh,source_reported_unharmonized,2014-2015,2014,academic_year,91.45,%,observed,not_specified,E1323,43,15,91.45,2014-2015,,Binh Dinh
education,e1323_c9b3c38247,VN_SRC_BINHDINH,Binh Dinh,source_reported_unharmonized,2015-2016,2015,academic_year,94.99,%,observed,not_specified,E1323,43,16,94.99,2015-2016,,Binh Dinh
education,e1323_c9b3c38247,VN_SRC_BINHDINH,Binh Dinh,source_reported_unharmonized,2016-2017,2016,academic_year,98.08,%,observed,not_specified,E1323,43,17,98.08,2016-2017,,Binh Dinh
education,e1323_c9b3c38247,VN_SRC_PHUYEN,Phu Yen,source_reported_unharmonized,2001-2002,2001,academic_year,76.09,%,observed,not_specified,E1323,44,2,76.09,2001-2002,,Phu Yen
education,e1323_c9b3c38247,VN_SRC_PHUYEN,Phu Yen,source_reported_unharmonized,2002-2003,2002,academic_year,89.44,%,observed,not_specified,E1323,44,3,89.44,2002-2003,,Phu Yen
education,e1323_c9b3c38247,VN_SRC_PHUYEN,Phu Yen,source_reported_unharmonized,2003-2004,2003,academic_year,90.42,%,observed,not_specified,E1323,44,4,90.42,2003-2004,,Phu Yen
education,e1323_c9b3c38247,VN_SRC_PHUYEN,Phu Yen,source_reported_unharmonized,2004-2005,2004,academic_year,93.61,%,observed,not_specified,E1323,44,5,93.61,2004-2005,,Phu Yen
education,e1323_c9b3c38247,VN_SRC_PHUYEN,Phu Yen,source_reported_unharmonized,2005-2006,2005,academic_year,86.85,%,observed,not_specified,E1323,44,6,86.85,2005-2006,,Phu Yen
education,e1323_c9b3c38247,VN_SRC_PHUYEN,Phu Yen,source_reported_unharmonized,2006-2007,2006,academic_year,81.85,%,observed,not_specified,E1323,44,7,81.85,2006-2007,,Phu Yen
education,e1323_c9b3c38247,VN_SRC_PHUYEN,Phu Yen,source_reported_unharmonized,2007-2008,2007,academic_year,80.55,%,observed,not_specified,E1323,44,8,80.55,2007-2008,,Phu Yen
education,e1323_c9b3c38247,VN_SRC_PHUYEN,Phu Yen,source_reported_unharmonized,2008-2009,2008,academic_year,64.60,%,observed,not_specified,E1323,44,9,64.60,2008-2009,,Phu Yen
education,e1323_c9b3c38247,VN_SRC_PHUYEN,Phu Yen,source_reported_unharmonized,2009-2010,2009,academic_year,86.42,%,observed,not_specified,E1323,44,10,86.42,2009-2010,,Phu Yen
education,e1323_c9b3c38247,VN_SRC_PHUYEN,Phu Yen,source_reported_unharmonized,2010-2011,2010,academic_year,92.77,%,observed,not_specified,E1323,44,11,92.77,2010-2011,,Phu Yen
education,e1323_c9b3c38247,VN_SRC_PHUYEN,Phu Yen,source_reported_unharmonized,2011-2012,2011,academic_year,93.81,%,observed,not_specified,E1323,44,12,93.81,2011-2012,,Phu Yen
education,e1323_c9b3c38247,VN_SRC_PHUYEN,Phu Yen,source_reported_unharmonized,2012-2013,2012,academic_year,93.35,%,observed,not_specified,E1323,44,13,93.35,2012-2013,,Phu Yen
education,e1323_c9b3c38247,VN_SRC_PHUYEN,Phu Yen,source_reported_unharmonized,2013-2014,2013,academic_year,97.63,%,observed,not_specified,E1323,44,14,97.63,2013-2014,,Phu Yen
education,e1323_c9b3c38247,VN_SRC_PHUYEN,Phu Yen,source_reported_unharmonized,2014-2015,2014,academic_year,84.86,%,observed,not_specified,E1323,44,15,84.86,2014-2015,,Phu Yen
education,e1323_c9b3c38247,VN_SRC_PHUYEN,Phu Yen,source_reported_unharmonized,2015-2016,2015,academic_year,87.07,%,observed,not_specified,E1323,44,16,87.07,2015-2016,,Phu Yen
education,e1323_c9b3c38247,VN_SRC_PHUYEN,Phu Yen,source_reported_unharmonized,2016-2017,2016,academic_year,94.58,%,observed,not_specified,E1323,44,17,94.58,2016-2017,,Phu Yen
education,e1323_c9b3c38247,VN_SRC_KHANHHOA,Khanh Hoa,source_reported_unharmonized,2001-2002,2001,academic_year,81.52,%,observed,not_specified,E1323,45,2,81.52,2001-2002,,Khanh  Hoa
education,e1323_c9b3c38247,VN_SRC_KHANHHOA,Khanh Hoa,source_reported_unharmonized,2002-2003,2002,academic_year,83.28,%,observed,not_specified,E1323,45,3,83.28,2002-2003,,Khanh  Hoa
education,e1323_c9b3c38247,VN_SRC_KHANHHOA,Khanh Hoa,source_reported_unharmonized,2003-2004,2003,academic_year,85.70,%,observed,not_specified,E1323,45,4,85.70,2003-2004,,Khanh  Hoa
education,e1323_c9b3c38247,VN_SRC_KHANHHOA,Khanh Hoa,source_reported_unharmonized,2004-2005,2004,academic_year,85.83,%,observed,not_specified,E1323,45,5,85.83,2004-2005,,Khanh  Hoa
education,e1323_c9b3c38247,VN_SRC_KHANHHOA,Khanh Hoa,source_reported_unharmonized,2005-2006,2005,academic_year,93.84,%,observed,not_specified,E1323,45,6,93.84,2005-2006,,Khanh  Hoa
education,e1323_c9b3c38247,VN_SRC_KHANHHOA,Khanh Hoa,source_reported_unharmonized,2006-2007,2006,academic_year,90.97,%,observed,not_specified,E1323,45,7,90.97,2006-2007,,Khanh  Hoa
education,e1323_c9b3c38247,VN_SRC_KHANHHOA,Khanh Hoa,source_reported_unharmonized,2007-2008,2007,academic_year,85.79,%,observed,not_specified,E1323,45,8,85.79,2007-2008,,Khanh  Hoa
education,e1323_c9b3c38247,VN_SRC_KHANHHOA,Khanh Hoa,source_reported_unharmonized,2008-2009,2008,academic_year,81.62,%,observed,not_specified,E1323,45,9,81.62,2008-2009,,Khanh  Hoa
education,e1323_c9b3c38247,VN_SRC_KHANHHOA,Khanh Hoa,source_reported_unharmonized,2009-2010,2009,academic_year,97.99,%,observed,not_specified,E1323,45,10,97.99,2009-2010,,Khanh  Hoa
education,e1323_c9b3c38247,VN_SRC_KHANHHOA,Khanh Hoa,source_reported_unharmonized,2010-2011,2010,academic_year,96.62,%,observed,not_specified,E1323,45,11,96.62,2010-2011,,Khanh  Hoa
education,e1323_c9b3c38247,VN_SRC_KHANHHOA,Khanh Hoa,source_reported_unharmonized,2011-2012,2011,academic_year,99.61,%,observed,not_specified,E1323,45,12,99.61,2011-2012,,Khanh  Hoa
education,e1323_c9b3c38247,VN_SRC_KHANHHOA,Khanh Hoa,source_reported_unharmonized,2012-2013,2012,academic_year,99.45,%,observed,not_specified,E1323,45,13,99.45,2012-2013,,Khanh  Hoa
education,e1323_c9b3c38247,VN_SRC_KHANHHOA,Khanh Hoa,source_reported_unharmonized,2013-2014,2013,academic_year,99.34,%,observed,not_specified,E1323,45,14,99.34,2013-2014,,Khanh  Hoa
education,e1323_c9b3c38247,VN_SRC_KHANHHOA,Khanh Hoa,source_reported_unharmonized,2014-2015,2014,academic_year,89.96,%,observed,not_specified,E1323,45,15,89.96,2014-2015,,Khanh  Hoa
education,e1323_c9b3c38247,VN_SRC_KHANHHOA,Khanh Hoa,source_reported_unharmonized,2015-2016,2015,academic_year,89.81,%,observed,not_specified,E1323,45,16,89.81,2015-2016,,Khanh  Hoa
education,e1323_c9b3c38247,VN_SRC_KHANHHOA,Khanh Hoa,source_reported_unharmonized,2016-2017,2016,academic_year,97.44,%,observed,not_specified,E1323,45,17,97.44,2016-2017,,Khanh  Hoa
education,e1323_c9b3c38247,VN_SRC_NINHTHUAN,Ninh Thuan,source_reported_unharmonized,2001-2002,2001,academic_year,64.62,%,observed,not_specified,E1323,46,2,64.62,2001-2002,,Ninh  Thuan
education,e1323_c9b3c38247,VN_SRC_NINHTHUAN,Ninh Thuan,source_reported_unharmonized,2002-2003,2002,academic_year,80.44,%,observed,not_specified,E1323,46,3,80.44,2002-2003,,Ninh  Thuan
education,e1323_c9b3c38247,VN_SRC_NINHTHUAN,Ninh Thuan,source_reported_unharmonized,2003-2004,2003,academic_year,82.98,%,observed,not_specified,E1323,46,4,82.98,2003-2004,,Ninh  Thuan
education,e1323_c9b3c38247,VN_SRC_NINHTHUAN,Ninh Thuan,source_reported_unharmonized,2004-2005,2004,academic_year,80.42,%,observed,not_specified,E1323,46,5,80.42,2004-2005,,Ninh  Thuan
education,e1323_c9b3c38247,VN_SRC_NINHTHUAN,Ninh Thuan,source_reported_unharmonized,2005-2006,2005,academic_year,88.02,%,observed,not_specified,E1323,46,6,88.02,2005-2006,,Ninh  Thuan
education,e1323_c9b3c38247,VN_SRC_NINHTHUAN,Ninh Thuan,source_reported_unharmonized,2006-2007,2006,academic_year,82.53,%,observed,not_specified,E1323,46,7,82.53,2006-2007,,Ninh  Thuan
education,e1323_c9b3c38247,VN_SRC_NINHTHUAN,Ninh Thuan,source_reported_unharmonized,2007-2008,2007,academic_year,85.36,%,observed,not_specified,E1323,46,8,85.36,2007-2008,,Ninh  Thuan
education,e1323_c9b3c38247,VN_SRC_NINHTHUAN,Ninh Thuan,source_reported_unharmonized,2008-2009,2008,academic_year,68.53,%,observed,not_specified,E1323,46,9,68.53,2008-2009,,Ninh  Thuan
education,e1323_c9b3c38247,VN_SRC_NINHTHUAN,Ninh Thuan,source_reported_unharmonized,2009-2010,2009,academic_year,69.34,%,observed,not_specified,E1323,46,10,69.34,2009-2010,,Ninh  Thuan
education,e1323_c9b3c38247,VN_SRC_NINHTHUAN,Ninh Thuan,source_reported_unharmonized,2010-2011,2010,academic_year,91.86,%,observed,not_specified,E1323,46,11,91.86,2010-2011,,Ninh  Thuan
education,e1323_c9b3c38247,VN_SRC_NINHTHUAN,Ninh Thuan,source_reported_unharmonized,2011-2012,2011,academic_year,99.60,%,observed,not_specified,E1323,46,12,99.60,2011-2012,,Ninh  Thuan
education,e1323_c9b3c38247,VN_SRC_NINHTHUAN,Ninh Thuan,source_reported_unharmonized,2012-2013,2012,academic_year,90.98,%,observed,not_specified,E1323,46,13,90.98,2012-2013,,Ninh  Thuan
education,e1323_c9b3c38247,VN_SRC_NINHTHUAN,Ninh Thuan,source_reported_unharmonized,2013-2014,2013,academic_year,99.22,%,observed,not_specified,E1323,46,14,99.22,2013-2014,,Ninh  Thuan
education,e1323_c9b3c38247,VN_SRC_NINHTHUAN,Ninh Thuan,source_reported_unharmonized,2014-2015,2014,academic_year,84.51,%,observed,not_specified,E1323,46,15,84.51,2014-2015,,Ninh  Thuan
education,e1323_c9b3c38247,VN_SRC_NINHTHUAN,Ninh Thuan,source_reported_unharmonized,2015-2016,2015,academic_year,91.94,%,observed,not_specified,E1323,46,16,91.94,2015-2016,,Ninh  Thuan
education,e1323_c9b3c38247,VN_SRC_NINHTHUAN,Ninh Thuan,source_reported_unharmonized,2016-2017,2016,academic_year,94.81,%,observed,not_specified,E1323,46,17,94.81,2016-2017,,Ninh  Thuan
education,e1323_c9b3c38247,VN_SRC_BINHTHUAN,Binh Thuan,source_reported_unharmonized,2001-2002,2001,academic_year,84.59,%,observed,not_specified,E1323,47,2,84.59,2001-2002,,Binh Thuan
education,e1323_c9b3c38247,VN_SRC_BINHTHUAN,Binh Thuan,source_reported_unharmonized,2002-2003,2002,academic_year,81.04,%,observed,not_specified,E1323,47,3,81.04,2002-2003,,Binh Thuan
education,e1323_c9b3c38247,VN_SRC_BINHTHUAN,Binh Thuan,source_reported_unharmonized,2003-2004,2003,academic_year,74.71,%,observed,not_specified,E1323,47,4,74.71,2003-2004,,Binh Thuan
education,e1323_c9b3c38247,VN_SRC_BINHTHUAN,Binh Thuan,source_reported_unharmonized,2004-2005,2004,academic_year,76.84,%,observed,not_specified,E1323,47,5,76.84,2004-2005,,Binh Thuan
education,e1323_c9b3c38247,VN_SRC_BINHTHUAN,Binh Thuan,source_reported_unharmonized,2005-2006,2005,academic_year,89.47,%,observed,not_specified,E1323,47,6,89.47,2005-2006,,Binh Thuan
education,e1323_c9b3c38247,VN_SRC_BINHTHUAN,Binh Thuan,source_reported_unharmonized,2006-2007,2006,academic_year,83.50,%,observed,not_specified,E1323,47,7,83.50,2006-2007,,Binh Thuan
education,e1323_c9b3c38247,VN_SRC_BINHTHUAN,Binh Thuan,source_reported_unharmonized,2007-2008,2007,academic_year,84.40,%,observed,not_specified,E1323,47,8,84.40,2007-2008,,Binh Thuan
education,e1323_c9b3c38247,VN_SRC_BINHTHUAN,Binh Thuan,source_reported_unharmonized,2008-2009,2008,academic_year,81.73,%,observed,not_specified,E1323,47,9,81.73,2008-2009,,Binh Thuan
education,e1323_c9b3c38247,VN_SRC_BINHTHUAN,Binh Thuan,source_reported_unharmonized,2009-2010,2009,academic_year,80.23,%,observed,not_specified,E1323,47,10,80.23,2009-2010,,Binh Thuan
education,e1323_c9b3c38247,VN_SRC_BINHTHUAN,Binh Thuan,source_reported_unharmonized,2010-2011,2010,academic_year,84.27,%,observed,not_specified,E1323,47,11,84.27,2010-2011,,Binh Thuan
education,e1323_c9b3c38247,VN_SRC_BINHTHUAN,Binh Thuan,source_reported_unharmonized,2011-2012,2011,academic_year,98.84,%,observed,not_specified,E1323,47,12,98.84,2011-2012,,Binh Thuan
education,e1323_c9b3c38247,VN_SRC_BINHTHUAN,Binh Thuan,source_reported_unharmonized,2012-2013,2012,academic_year,98.69,%,observed,not_specified,E1323,47,13,98.69,2012-2013,,Binh Thuan
education,e1323_c9b3c38247,VN_SRC_BINHTHUAN,Binh Thuan,source_reported_unharmonized,2013-2014,2013,academic_year,98.49,%,observed,not_specified,E1323,47,14,98.49,2013-2014,,Binh Thuan
education,e1323_c9b3c38247,VN_SRC_BINHTHUAN,Binh Thuan,source_reported_unharmonized,2014-2015,2014,academic_year,87.61,%,observed,not_specified,E1323,47,15,87.61,2014-2015,,Binh Thuan
education,e1323_c9b3c38247,VN_SRC_BINHTHUAN,Binh Thuan,source_reported_unharmonized,2015-2016,2015,academic_year,90.45,%,observed,not_specified,E1323,47,16,90.45,2015-2016,,Binh Thuan
education,e1323_c9b3c38247,VN_SRC_BINHTHUAN,Binh Thuan,source_reported_unharmonized,2016-2017,2016,academic_year,99.15,%,observed,not_specified,E1323,47,17,99.15,2016-2017,,Binh Thuan
education,e1323_c9b3c38247,VN_SRC_KONTUM,Kon Tum,source_reported_unharmonized,2001-2002,2001,academic_year,92.35,%,observed,not_specified,E1323,49,2,92.35,2001-2002,,Kon Tum
education,e1323_c9b3c38247,VN_SRC_KONTUM,Kon Tum,source_reported_unharmonized,2002-2003,2002,academic_year,82.08,%,observed,not_specified,E1323,49,3,82.08,2002-2003,,Kon Tum
education,e1323_c9b3c38247,VN_SRC_KONTUM,Kon Tum,source_reported_unharmonized,2003-2004,2003,academic_year,84.65,%,observed,not_specified,E1323,49,4,84.65,2003-2004,,Kon Tum
education,e1323_c9b3c38247,VN_SRC_KONTUM,Kon Tum,source_reported_unharmonized,2004-2005,2004,academic_year,81.04,%,observed,not_specified,E1323,49,5,81.04,2004-2005,,Kon Tum
education,e1323_c9b3c38247,VN_SRC_KONTUM,Kon Tum,source_reported_unharmonized,2005-2006,2005,academic_year,91.31,%,observed,not_specified,E1323,49,6,91.31,2005-2006,,Kon Tum
education,e1323_c9b3c38247,VN_SRC_KONTUM,Kon Tum,source_reported_unharmonized,2006-2007,2006,academic_year,72.90,%,observed,not_specified,E1323,49,7,72.90,2006-2007,,Kon Tum
education,e1323_c9b3c38247,VN_SRC_KONTUM,Kon Tum,source_reported_unharmonized,2007-2008,2007,academic_year,82.45,%,observed,not_specified,E1323,49,8,82.45,2007-2008,,Kon Tum
education,e1323_c9b3c38247,VN_SRC_KONTUM,Kon Tum,source_reported_unharmonized,2008-2009,2008,academic_year,85.73,%,observed,not_specified,E1323,49,9,85.73,2008-2009,,Kon Tum
education,e1323_c9b3c38247,VN_SRC_KONTUM,Kon Tum,source_reported_unharmonized,2009-2010,2009,academic_year,97.16,%,observed,not_specified,E1323,49,10,97.16,2009-2010,,Kon Tum
education,e1323_c9b3c38247,VN_SRC_KONTUM,Kon Tum,source_reported_unharmonized,2010-2011,2010,academic_year,97.31,%,observed,not_specified,E1323,49,11,97.31,2010-2011,,Kon Tum
education,e1323_c9b3c38247,VN_SRC_KONTUM,Kon Tum,source_reported_unharmonized,2011-2012,2011,academic_year,98.93,%,observed,not_specified,E1323,49,12,98.93,2011-2012,,Kon Tum
education,e1323_c9b3c38247,VN_SRC_KONTUM,Kon Tum,source_reported_unharmonized,2012-2013,2012,academic_year,97.92,%,observed,not_specified,E1323,49,13,97.92,2012-2013,,Kon Tum
education,e1323_c9b3c38247,VN_SRC_KONTUM,Kon Tum,source_reported_unharmonized,2013-2014,2013,academic_year,98.81,%,observed,not_specified,E1323,49,14,98.81,2013-2014,,Kon Tum
education,e1323_c9b3c38247,VN_SRC_KONTUM,Kon Tum,source_reported_unharmonized,2014-2015,2014,academic_year,94.36,%,observed,not_specified,E1323,49,15,94.36,2014-2015,,Kon Tum
education,e1323_c9b3c38247,VN_SRC_KONTUM,Kon Tum,source_reported_unharmonized,2015-2016,2015,academic_year,96.72,%,observed,not_specified,E1323,49,16,96.72,2015-2016,,Kon Tum
education,e1323_c9b3c38247,VN_SRC_KONTUM,Kon Tum,source_reported_unharmonized,2016-2017,2016,academic_year,98.81,%,observed,not_specified,E1323,49,17,98.81,2016-2017,,Kon Tum
education,e1323_c9b3c38247,VN_SRC_GIALAI,Gia Lai,source_reported_unharmonized,2001-2002,2001,academic_year,81.66,%,observed,not_specified,E1323,50,2,81.66,2001-2002,,Gia Lai
education,e1323_c9b3c38247,VN_SRC_GIALAI,Gia Lai,source_reported_unharmonized,2002-2003,2002,academic_year,91.49,%,observed,not_specified,E1323,50,3,91.49,2002-2003,,Gia Lai
education,e1323_c9b3c38247,VN_SRC_GIALAI,Gia Lai,source_reported_unharmonized,2003-2004,2003,academic_year,84.75,%,observed,not_specified,E1323,50,4,84.75,2003-2004,,Gia Lai
education,e1323_c9b3c38247,VN_SRC_GIALAI,Gia Lai,source_reported_unharmonized,2004-2005,2004,academic_year,88.99,%,observed,not_specified,E1323,50,5,88.99,2004-2005,,Gia Lai
education,e1323_c9b3c38247,VN_SRC_GIALAI,Gia Lai,source_reported_unharmonized,2005-2006,2005,academic_year,88.73,%,observed,not_specified,E1323,50,6,88.73,2005-2006,,Gia Lai
education,e1323_c9b3c38247,VN_SRC_GIALAI,Gia Lai,source_reported_unharmonized,2006-2007,2006,academic_year,69.13,%,observed,not_specified,E1323,50,7,69.13,2006-2007,,Gia Lai
education,e1323_c9b3c38247,VN_SRC_GIALAI,Gia Lai,source_reported_unharmonized,2007-2008,2007,academic_year,74.32,%,observed,not_specified,E1323,50,8,74.32,2007-2008,,Gia Lai
education,e1323_c9b3c38247,VN_SRC_GIALAI,Gia Lai,source_reported_unharmonized,2008-2009,2008,academic_year,75.84,%,observed,not_specified,E1323,50,9,75.84,2008-2009,,Gia Lai
education,e1323_c9b3c38247,VN_SRC_GIALAI,Gia Lai,source_reported_unharmonized,2009-2010,2009,academic_year,83.09,%,observed,not_specified,E1323,50,10,83.09,2009-2010,,Gia Lai
education,e1323_c9b3c38247,VN_SRC_GIALAI,Gia Lai,source_reported_unharmonized,2010-2011,2010,academic_year,88.35,%,observed,not_specified,E1323,50,11,88.35,2010-2011,,Gia Lai
education,e1323_c9b3c38247,VN_SRC_GIALAI,Gia Lai,source_reported_unharmonized,2011-2012,2011,academic_year,98.24,%,observed,not_specified,E1323,50,12,98.24,2011-2012,,Gia Lai
education,e1323_c9b3c38247,VN_SRC_GIALAI,Gia Lai,source_reported_unharmonized,2012-2013,2012,academic_year,97.32,%,observed,not_specified,E1323,50,13,97.32,2012-2013,,Gia Lai
education,e1323_c9b3c38247,VN_SRC_GIALAI,Gia Lai,source_reported_unharmonized,2013-2014,2013,academic_year,97.01,%,observed,not_specified,E1323,50,14,97.01,2013-2014,,Gia Lai
education,e1323_c9b3c38247,VN_SRC_GIALAI,Gia Lai,source_reported_unharmonized,2014-2015,2014,academic_year,77.26,%,observed,not_specified,E1323,50,15,77.26,2014-2015,,Gia Lai
education,e1323_c9b3c38247,VN_SRC_GIALAI,Gia Lai,source_reported_unharmonized,2015-2016,2015,academic_year,90.77,%,observed,not_specified,E1323,50,16,90.77,2015-2016,,Gia Lai
education,e1323_c9b3c38247,VN_SRC_GIALAI,Gia Lai,source_reported_unharmonized,2016-2017,2016,academic_year,96.60,%,observed,not_specified,E1323,50,17,96.60,2016-2017,,Gia Lai
education,e1323_c9b3c38247,VN_SRC_DAKLAK,Dak Lak,source_reported_unharmonized,2001-2002,2001,academic_year,73.61,%,observed,not_specified,E1323,51,2,73.61,2001-2002,,Dak Lak
education,e1323_c9b3c38247,VN_SRC_DAKLAK,Dak Lak,source_reported_unharmonized,2002-2003,2002,academic_year,79.98,%,observed,not_specified,E1323,51,3,79.98,2002-2003,,Dak Lak
education,e1323_c9b3c38247,VN_SRC_DAKLAK,Dak Lak,source_reported_unharmonized,2003-2004,2003,academic_year,88.16,%,observed,not_specified,E1323,51,4,88.16,2003-2004,,Dak Lak
education,e1323_c9b3c38247,VN_SRC_DAKLAK,Dak Lak,source_reported_unharmonized,2004-2005,2004,academic_year,83.37,%,observed,not_specified,E1323,51,5,83.37,2004-2005,,Dak Lak
education,e1323_c9b3c38247,VN_SRC_DAKLAK,Dak Lak,source_reported_unharmonized,2005-2006,2005,academic_year,88.05,%,observed,not_specified,E1323,51,6,88.05,2005-2006,,Dak Lak
education,e1323_c9b3c38247,VN_SRC_DAKLAK,Dak Lak,source_reported_unharmonized,2006-2007,2006,academic_year,62.60,%,observed,not_specified,E1323,51,7,62.60,2006-2007,,Dak Lak
education,e1323_c9b3c38247,VN_SRC_DAKLAK,Dak Lak,source_reported_unharmonized,2007-2008,2007,academic_year,68.51,%,observed,not_specified,E1323,51,8,68.51,2007-2008,,Dak Lak
education,e1323_c9b3c38247,VN_SRC_DAKLAK,Dak Lak,source_reported_unharmonized,2008-2009,2008,academic_year,69.11,%,observed,not_specified,E1323,51,9,69.11,2008-2009,,Dak Lak
education,e1323_c9b3c38247,VN_SRC_DAKLAK,Dak Lak,source_reported_unharmonized,2009-2010,2009,academic_year,78.14,%,observed,not_specified,E1323,51,10,78.14,2009-2010,,Dak Lak
education,e1323_c9b3c38247,VN_SRC_DAKLAK,Dak Lak,source_reported_unharmonized,2010-2011,2010,academic_year,88.37,%,observed,not_specified,E1323,51,11,88.37,2010-2011,,Dak Lak
education,e1323_c9b3c38247,VN_SRC_DAKLAK,Dak Lak,source_reported_unharmonized,2011-2012,2011,academic_year,97.47,%,observed,not_specified,E1323,51,12,97.47,2011-2012,,Dak Lak
education,e1323_c9b3c38247,VN_SRC_DAKLAK,Dak Lak,source_reported_unharmonized,2012-2013,2012,academic_year,95.73,%,observed,not_specified,E1323,51,13,95.73,2012-2013,,Dak Lak
education,e1323_c9b3c38247,VN_SRC_DAKLAK,Dak Lak,source_reported_unharmonized,2013-2014,2013,academic_year,98.14,%,observed,not_specified,E1323,51,14,98.14,2013-2014,,Dak Lak
education,e1323_c9b3c38247,VN_SRC_DAKLAK,Dak Lak,source_reported_unharmonized,2014-2015,2014,academic_year,87.09,%,observed,not_specified,E1323,51,15,87.09,2014-2015,,Dak Lak
education,e1323_c9b3c38247,VN_SRC_DAKLAK,Dak Lak,source_reported_unharmonized,2015-2016,2015,academic_year,86.74,%,observed,not_specified,E1323,51,16,86.74,2015-2016,,Dak Lak
education,e1323_c9b3c38247,VN_SRC_DAKLAK,Dak Lak,source_reported_unharmonized,2016-2017,2016,academic_year,95.85,%,observed,not_specified,E1323,51,17,95.85,2016-2017,,Dak Lak
education,e1323_c9b3c38247,VN_SRC_DAKNONG,Dak Nong,source_reported_unharmonized,2001-2002,2001,academic_year,,%,missing,not_specified,E1323,52,2,..,2001-2002,,Dak Nong
education,e1323_c9b3c38247,VN_SRC_DAKNONG,Dak Nong,source_reported_unharmonized,2002-2003,2002,academic_year,,%,missing,not_specified,E1323,52,3,..,2002-2003,,Dak Nong
education,e1323_c9b3c38247,VN_SRC_DAKNONG,Dak Nong,source_reported_unharmonized,2003-2004,2003,academic_year,89.15,%,observed,not_specified,E1323,52,4,89.15,2003-2004,,Dak Nong
education,e1323_c9b3c38247,VN_SRC_DAKNONG,Dak Nong,source_reported_unharmonized,2004-2005,2004,academic_year,81.57,%,observed,not_specified,E1323,52,5,81.57,2004-2005,,Dak Nong
education,e1323_c9b3c38247,VN_SRC_DAKNONG,Dak Nong,source_reported_unharmonized,2005-2006,2005,academic_year,78.21,%,observed,not_specified,E1323,52,6,78.21,2005-2006,,Dak Nong
education,e1323_c9b3c38247,VN_SRC_DAKNONG,Dak Nong,source_reported_unharmonized,2006-2007,2006,academic_year,64.20,%,observed,not_specified,E1323,52,7,64.20,2006-2007,,Dak Nong
education,e1323_c9b3c38247,VN_SRC_DAKNONG,Dak Nong,source_reported_unharmonized,2007-2008,2007,academic_year,76.35,%,observed,not_specified,E1323,52,8,76.35,2007-2008,,Dak Nong
education,e1323_c9b3c38247,VN_SRC_DAKNONG,Dak Nong,source_reported_unharmonized,2008-2009,2008,academic_year,76.09,%,observed,not_specified,E1323,52,9,76.09,2008-2009,,Dak Nong
education,e1323_c9b3c38247,VN_SRC_DAKNONG,Dak Nong,source_reported_unharmonized,2009-2010,2009,academic_year,78.20,%,observed,not_specified,E1323,52,10,78.20,2009-2010,,Dak Nong
education,e1323_c9b3c38247,VN_SRC_DAKNONG,Dak Nong,source_reported_unharmonized,2010-2011,2010,academic_year,81.02,%,observed,not_specified,E1323,52,11,81.02,2010-2011,,Dak Nong
education,e1323_c9b3c38247,VN_SRC_DAKNONG,Dak Nong,source_reported_unharmonized,2011-2012,2011,academic_year,99.41,%,observed,not_specified,E1323,52,12,99.41,2011-2012,,Dak Nong
education,e1323_c9b3c38247,VN_SRC_DAKNONG,Dak Nong,source_reported_unharmonized,2012-2013,2012,academic_year,96.83,%,observed,not_specified,E1323,52,13,96.83,2012-2013,,Dak Nong
education,e1323_c9b3c38247,VN_SRC_DAKNONG,Dak Nong,source_reported_unharmonized,2013-2014,2013,academic_year,98.35,%,observed,not_specified,E1323,52,14,98.35,2013-2014,,Dak Nong
education,e1323_c9b3c38247,VN_SRC_DAKNONG,Dak Nong,source_reported_unharmonized,2014-2015,2014,academic_year,91.86,%,observed,not_specified,E1323,52,15,91.86,2014-2015,,Dak Nong
education,e1323_c9b3c38247,VN_SRC_DAKNONG,Dak Nong,source_reported_unharmonized,2015-2016,2015,academic_year,91.45,%,observed,not_specified,E1323,52,16,91.45,2015-2016,,Dak Nong
education,e1323_c9b3c38247,VN_SRC_DAKNONG,Dak Nong,source_reported_unharmonized,2016-2017,2016,academic_year,95.51,%,observed,not_specified,E1323,52,17,95.51,2016-2017,,Dak Nong
education,e1323_c9b3c38247,VN_SRC_LAMDONG,Lam Dong,source_reported_unharmonized,2001-2002,2001,academic_year,78.02,%,observed,not_specified,E1323,53,2,78.02,2001-2002,,Lam Dong
education,e1323_c9b3c38247,VN_SRC_LAMDONG,Lam Dong,source_reported_unharmonized,2002-2003,2002,academic_year,83.39,%,observed,not_specified,E1323,53,3,83.39,2002-2003,,Lam Dong
education,e1323_c9b3c38247,VN_SRC_LAMDONG,Lam Dong,source_reported_unharmonized,2003-2004,2003,academic_year,90.53,%,observed,not_specified,E1323,53,4,90.53,2003-2004,,Lam Dong
education,e1323_c9b3c38247,VN_SRC_LAMDONG,Lam Dong,source_reported_unharmonized,2004-2005,2004,academic_year,85.69,%,observed,not_specified,E1323,53,5,85.69,2004-2005,,Lam Dong
education,e1323_c9b3c38247,VN_SRC_LAMDONG,Lam Dong,source_reported_unharmonized,2005-2006,2005,academic_year,92.55,%,observed,not_specified,E1323,53,6,92.55,2005-2006,,Lam Dong
education,e1323_c9b3c38247,VN_SRC_LAMDONG,Lam Dong,source_reported_unharmonized,2006-2007,2006,academic_year,88.24,%,observed,not_specified,E1323,53,7,88.24,2006-2007,,Lam Dong
education,e1323_c9b3c38247,VN_SRC_LAMDONG,Lam Dong,source_reported_unharmonized,2007-2008,2007,academic_year,89.47,%,observed,not_specified,E1323,53,8,89.47,2007-2008,,Lam Dong
education,e1323_c9b3c38247,VN_SRC_LAMDONG,Lam Dong,source_reported_unharmonized,2008-2009,2008,academic_year,93.38,%,observed,not_specified,E1323,53,9,93.38,2008-2009,,Lam Dong
education,e1323_c9b3c38247,VN_SRC_LAMDONG,Lam Dong,source_reported_unharmonized,2009-2010,2009,academic_year,92.51,%,observed,not_specified,E1323,53,10,92.51,2009-2010,,Lam Dong
education,e1323_c9b3c38247,VN_SRC_LAMDONG,Lam Dong,source_reported_unharmonized,2010-2011,2010,academic_year,92.55,%,observed,not_specified,E1323,53,11,92.55,2010-2011,,Lam Dong
education,e1323_c9b3c38247,VN_SRC_LAMDONG,Lam Dong,source_reported_unharmonized,2011-2012,2011,academic_year,99.28,%,observed,not_specified,E1323,53,12,99.28,2011-2012,,Lam Dong
education,e1323_c9b3c38247,VN_SRC_LAMDONG,Lam Dong,source_reported_unharmonized,2012-2013,2012,academic_year,98.90,%,observed,not_specified,E1323,53,13,98.90,2012-2013,,Lam Dong
education,e1323_c9b3c38247,VN_SRC_LAMDONG,Lam Dong,source_reported_unharmonized,2013-2014,2013,academic_year,98.84,%,observed,not_specified,E1323,53,14,98.84,2013-2014,,Lam Dong
education,e1323_c9b3c38247,VN_SRC_LAMDONG,Lam Dong,source_reported_unharmonized,2014-2015,2014,academic_year,93.80,%,observed,not_specified,E1323,53,15,93.80,2014-2015,,Lam Dong
education,e1323_c9b3c38247,VN_SRC_LAMDONG,Lam Dong,source_reported_unharmonized,2015-2016,2015,academic_year,95.15,%,observed,not_specified,E1323,53,16,95.15,2015-2016,,Lam Dong
education,e1323_c9b3c38247,VN_SRC_LAMDONG,Lam Dong,source_reported_unharmonized,2016-2017,2016,academic_year,99.42,%,observed,not_specified,E1323,53,17,99.42,2016-2017,,Lam Dong
education,e1323_c9b3c38247,VN_SRC_BINHPHUOC,Binh Phuoc,source_reported_unharmonized,2001-2002,2001,academic_year,81.49,%,observed,not_specified,E1323,55,2,81.49,2001-2002,,Binh Phuoc
education,e1323_c9b3c38247,VN_SRC_BINHPHUOC,Binh Phuoc,source_reported_unharmonized,2002-2003,2002,academic_year,86.75,%,observed,not_specified,E1323,55,3,86.75,2002-2003,,Binh Phuoc
education,e1323_c9b3c38247,VN_SRC_BINHPHUOC,Binh Phuoc,source_reported_unharmonized,2003-2004,2003,academic_year,75.99,%,observed,not_specified,E1323,55,4,75.99,2003-2004,,Binh Phuoc
education,e1323_c9b3c38247,VN_SRC_BINHPHUOC,Binh Phuoc,source_reported_unharmonized,2004-2005,2004,academic_year,67.09,%,observed,not_specified,E1323,55,5,67.09,2004-2005,,Binh Phuoc
education,e1323_c9b3c38247,VN_SRC_BINHPHUOC,Binh Phuoc,source_reported_unharmonized,2005-2006,2005,academic_year,87.71,%,observed,not_specified,E1323,55,6,87.71,2005-2006,,Binh Phuoc
education,e1323_c9b3c38247,VN_SRC_BINHPHUOC,Binh Phuoc,source_reported_unharmonized,2006-2007,2006,academic_year,73.52,%,observed,not_specified,E1323,55,7,73.52,2006-2007,,Binh Phuoc
education,e1323_c9b3c38247,VN_SRC_BINHPHUOC,Binh Phuoc,source_reported_unharmonized,2007-2008,2007,academic_year,81.61,%,observed,not_specified,E1323,55,8,81.61,2007-2008,,Binh Phuoc
education,e1323_c9b3c38247,VN_SRC_BINHPHUOC,Binh Phuoc,source_reported_unharmonized,2008-2009,2008,academic_year,82.19,%,observed,not_specified,E1323,55,9,82.19,2008-2009,,Binh Phuoc
education,e1323_c9b3c38247,VN_SRC_BINHPHUOC,Binh Phuoc,source_reported_unharmonized,2009-2010,2009,academic_year,92.07,%,observed,not_specified,E1323,55,10,92.07,2009-2010,,Binh Phuoc
education,e1323_c9b3c38247,VN_SRC_BINHPHUOC,Binh Phuoc,source_reported_unharmonized,2010-2011,2010,academic_year,91.80,%,observed,not_specified,E1323,55,11,91.80,2010-2011,,Binh Phuoc
education,e1323_c9b3c38247,VN_SRC_BINHPHUOC,Binh Phuoc,source_reported_unharmonized,2011-2012,2011,academic_year,99.62,%,observed,not_specified,E1323,55,12,99.62,2011-2012,,Binh Phuoc
education,e1323_c9b3c38247,VN_SRC_BINHPHUOC,Binh Phuoc,source_reported_unharmonized,2012-2013,2012,academic_year,98.83,%,observed,not_specified,E1323,55,13,98.83,2012-2013,,Binh Phuoc
education,e1323_c9b3c38247,VN_SRC_BINHPHUOC,Binh Phuoc,source_reported_unharmonized,2013-2014,2013,academic_year,99.46,%,observed,not_specified,E1323,55,14,99.46,2013-2014,,Binh Phuoc
education,e1323_c9b3c38247,VN_SRC_BINHPHUOC,Binh Phuoc,source_reported_unharmonized,2014-2015,2014,academic_year,95.63,%,observed,not_specified,E1323,55,15,95.63,2014-2015,,Binh Phuoc
education,e1323_c9b3c38247,VN_SRC_BINHPHUOC,Binh Phuoc,source_reported_unharmonized,2015-2016,2015,academic_year,92.14,%,observed,not_specified,E1323,55,16,92.14,2015-2016,,Binh Phuoc
education,e1323_c9b3c38247,VN_SRC_BINHPHUOC,Binh Phuoc,source_reported_unharmonized,2016-2017,2016,academic_year,99.40,%,observed,not_specified,E1323,55,17,99.40,2016-2017,,Binh Phuoc
education,e1323_c9b3c38247,VN_SRC_TAYNINH,Tay Ninh,source_reported_unharmonized,2001-2002,2001,academic_year,86.11,%,observed,not_specified,E1323,56,2,86.11,2001-2002,,Tay Ninh
education,e1323_c9b3c38247,VN_SRC_TAYNINH,Tay Ninh,source_reported_unharmonized,2002-2003,2002,academic_year,93.11,%,observed,not_specified,E1323,56,3,93.11,2002-2003,,Tay Ninh
education,e1323_c9b3c38247,VN_SRC_TAYNINH,Tay Ninh,source_reported_unharmonized,2003-2004,2003,academic_year,74.06,%,observed,not_specified,E1323,56,4,74.06,2003-2004,,Tay Ninh
education,e1323_c9b3c38247,VN_SRC_TAYNINH,Tay Ninh,source_reported_unharmonized,2004-2005,2004,academic_year,82.88,%,observed,not_specified,E1323,56,5,82.88,2004-2005,,Tay Ninh
education,e1323_c9b3c38247,VN_SRC_TAYNINH,Tay Ninh,source_reported_unharmonized,2005-2006,2005,academic_year,89.43,%,observed,not_specified,E1323,56,6,89.43,2005-2006,,Tay Ninh
education,e1323_c9b3c38247,VN_SRC_TAYNINH,Tay Ninh,source_reported_unharmonized,2006-2007,2006,academic_year,87.12,%,observed,not_specified,E1323,56,7,87.12,2006-2007,,Tay Ninh
education,e1323_c9b3c38247,VN_SRC_TAYNINH,Tay Ninh,source_reported_unharmonized,2007-2008,2007,academic_year,85.06,%,observed,not_specified,E1323,56,8,85.06,2007-2008,,Tay Ninh
education,e1323_c9b3c38247,VN_SRC_TAYNINH,Tay Ninh,source_reported_unharmonized,2008-2009,2008,academic_year,72.74,%,observed,not_specified,E1323,56,9,72.74,2008-2009,,Tay Ninh
education,e1323_c9b3c38247,VN_SRC_TAYNINH,Tay Ninh,source_reported_unharmonized,2009-2010,2009,academic_year,79.14,%,observed,not_specified,E1323,56,10,79.14,2009-2010,,Tay Ninh
education,e1323_c9b3c38247,VN_SRC_TAYNINH,Tay Ninh,source_reported_unharmonized,2010-2011,2010,academic_year,82.72,%,observed,not_specified,E1323,56,11,82.72,2010-2011,,Tay Ninh
education,e1323_c9b3c38247,VN_SRC_TAYNINH,Tay Ninh,source_reported_unharmonized,2011-2012,2011,academic_year,94.94,%,observed,not_specified,E1323,56,12,94.94,2011-2012,,Tay Ninh
education,e1323_c9b3c38247,VN_SRC_TAYNINH,Tay Ninh,source_reported_unharmonized,2012-2013,2012,academic_year,93.64,%,observed,not_specified,E1323,56,13,93.64,2012-2013,,Tay Ninh
education,e1323_c9b3c38247,VN_SRC_TAYNINH,Tay Ninh,source_reported_unharmonized,2013-2014,2013,academic_year,97.75,%,observed,not_specified,E1323,56,14,97.75,2013-2014,,Tay Ninh
education,e1323_c9b3c38247,VN_SRC_TAYNINH,Tay Ninh,source_reported_unharmonized,2014-2015,2014,academic_year,92.40,%,observed,not_specified,E1323,56,15,92.40,2014-2015,,Tay Ninh
education,e1323_c9b3c38247,VN_SRC_TAYNINH,Tay Ninh,source_reported_unharmonized,2015-2016,2015,academic_year,92.72,%,observed,not_specified,E1323,56,16,92.72,2015-2016,,Tay Ninh
education,e1323_c9b3c38247,VN_SRC_TAYNINH,Tay Ninh,source_reported_unharmonized,2016-2017,2016,academic_year,99.24,%,observed,not_specified,E1323,56,17,99.24,2016-2017,,Tay Ninh
education,e1323_c9b3c38247,VN_SRC_BINHDUONG,Binh Duong,source_reported_unharmonized,2001-2002,2001,academic_year,72.53,%,observed,not_specified,E1323,57,2,72.53,2001-2002,,Binh Duong
education,e1323_c9b3c38247,VN_SRC_BINHDUONG,Binh Duong,source_reported_unharmonized,2002-2003,2002,academic_year,90.33,%,observed,not_specified,E1323,57,3,90.33,2002-2003,,Binh Duong
education,e1323_c9b3c38247,VN_SRC_BINHDUONG,Binh Duong,source_reported_unharmonized,2003-2004,2003,academic_year,81.91,%,observed,not_specified,E1323,57,4,81.91,2003-2004,,Binh Duong
education,e1323_c9b3c38247,VN_SRC_BINHDUONG,Binh Duong,source_reported_unharmonized,2004-2005,2004,academic_year,85.43,%,observed,not_specified,E1323,57,5,85.43,2004-2005,,Binh Duong
education,e1323_c9b3c38247,VN_SRC_BINHDUONG,Binh Duong,source_reported_unharmonized,2005-2006,2005,academic_year,87.50,%,observed,not_specified,E1323,57,6,87.50,2005-2006,,Binh Duong
education,e1323_c9b3c38247,VN_SRC_BINHDUONG,Binh Duong,source_reported_unharmonized,2006-2007,2006,academic_year,76.41,%,observed,not_specified,E1323,57,7,76.41,2006-2007,,Binh Duong
education,e1323_c9b3c38247,VN_SRC_BINHDUONG,Binh Duong,source_reported_unharmonized,2007-2008,2007,academic_year,74.85,%,observed,not_specified,E1323,57,8,74.85,2007-2008,,Binh Duong
education,e1323_c9b3c38247,VN_SRC_BINHDUONG,Binh Duong,source_reported_unharmonized,2008-2009,2008,academic_year,77.89,%,observed,not_specified,E1323,57,9,77.89,2008-2009,,Binh Duong
education,e1323_c9b3c38247,VN_SRC_BINHDUONG,Binh Duong,source_reported_unharmonized,2009-2010,2009,academic_year,86.15,%,observed,not_specified,E1323,57,10,86.15,2009-2010,,Binh Duong
education,e1323_c9b3c38247,VN_SRC_BINHDUONG,Binh Duong,source_reported_unharmonized,2010-2011,2010,academic_year,89.47,%,observed,not_specified,E1323,57,11,89.47,2010-2011,,Binh Duong
education,e1323_c9b3c38247,VN_SRC_BINHDUONG,Binh Duong,source_reported_unharmonized,2011-2012,2011,academic_year,98.71,%,observed,not_specified,E1323,57,12,98.71,2011-2012,,Binh Duong
education,e1323_c9b3c38247,VN_SRC_BINHDUONG,Binh Duong,source_reported_unharmonized,2012-2013,2012,academic_year,99.62,%,observed,not_specified,E1323,57,13,99.62,2012-2013,,Binh Duong
education,e1323_c9b3c38247,VN_SRC_BINHDUONG,Binh Duong,source_reported_unharmonized,2013-2014,2013,academic_year,99.79,%,observed,not_specified,E1323,57,14,99.79,2013-2014,,Binh Duong
education,e1323_c9b3c38247,VN_SRC_BINHDUONG,Binh Duong,source_reported_unharmonized,2014-2015,2014,academic_year,94.77,%,observed,not_specified,E1323,57,15,94.77,2014-2015,,Binh Duong
education,e1323_c9b3c38247,VN_SRC_BINHDUONG,Binh Duong,source_reported_unharmonized,2015-2016,2015,academic_year,94.41,%,observed,not_specified,E1323,57,16,94.41,2015-2016,,Binh Duong
education,e1323_c9b3c38247,VN_SRC_BINHDUONG,Binh Duong,source_reported_unharmonized,2016-2017,2016,academic_year,99.87,%,observed,not_specified,E1323,57,17,99.87,2016-2017,,Binh Duong
education,e1323_c9b3c38247,VN_SRC_DONGNAI,Dong Nai,source_reported_unharmonized,2001-2002,2001,academic_year,93.60,%,observed,not_specified,E1323,58,2,93.60,2001-2002,,Dong Nai
education,e1323_c9b3c38247,VN_SRC_DONGNAI,Dong Nai,source_reported_unharmonized,2002-2003,2002,academic_year,93.83,%,observed,not_specified,E1323,58,3,93.83,2002-2003,,Dong Nai
education,e1323_c9b3c38247,VN_SRC_DONGNAI,Dong Nai,source_reported_unharmonized,2003-2004,2003,academic_year,90.11,%,observed,not_specified,E1323,58,4,90.11,2003-2004,,Dong Nai
education,e1323_c9b3c38247,VN_SRC_DONGNAI,Dong Nai,source_reported_unharmonized,2004-2005,2004,academic_year,88.28,%,observed,not_specified,E1323,58,5,88.28,2004-2005,,Dong Nai
education,e1323_c9b3c38247,VN_SRC_DONGNAI,Dong Nai,source_reported_unharmonized,2005-2006,2005,academic_year,93.62,%,observed,not_specified,E1323,58,6,93.62,2005-2006,,Dong Nai
education,e1323_c9b3c38247,VN_SRC_DONGNAI,Dong Nai,source_reported_unharmonized,2006-2007,2006,academic_year,83.76,%,observed,not_specified,E1323,58,7,83.76,2006-2007,,Dong Nai
education,e1323_c9b3c38247,VN_SRC_DONGNAI,Dong Nai,source_reported_unharmonized,2007-2008,2007,academic_year,84.67,%,observed,not_specified,E1323,58,8,84.67,2007-2008,,Dong Nai
education,e1323_c9b3c38247,VN_SRC_DONGNAI,Dong Nai,source_reported_unharmonized,2008-2009,2008,academic_year,79.59,%,observed,not_specified,E1323,58,9,79.59,2008-2009,,Dong Nai
education,e1323_c9b3c38247,VN_SRC_DONGNAI,Dong Nai,source_reported_unharmonized,2009-2010,2009,academic_year,89.48,%,observed,not_specified,E1323,58,10,89.48,2009-2010,,Dong Nai
education,e1323_c9b3c38247,VN_SRC_DONGNAI,Dong Nai,source_reported_unharmonized,2010-2011,2010,academic_year,93.91,%,observed,not_specified,E1323,58,11,93.91,2010-2011,,Dong Nai
education,e1323_c9b3c38247,VN_SRC_DONGNAI,Dong Nai,source_reported_unharmonized,2011-2012,2011,academic_year,99.51,%,observed,not_specified,E1323,58,12,99.51,2011-2012,,Dong Nai
education,e1323_c9b3c38247,VN_SRC_DONGNAI,Dong Nai,source_reported_unharmonized,2012-2013,2012,academic_year,98.76,%,observed,not_specified,E1323,58,13,98.76,2012-2013,,Dong Nai
education,e1323_c9b3c38247,VN_SRC_DONGNAI,Dong Nai,source_reported_unharmonized,2013-2014,2013,academic_year,99.98,%,observed,not_specified,E1323,58,14,99.98,2013-2014,,Dong Nai
education,e1323_c9b3c38247,VN_SRC_DONGNAI,Dong Nai,source_reported_unharmonized,2014-2015,2014,academic_year,94.24,%,observed,not_specified,E1323,58,15,94.24,2014-2015,,Dong Nai
education,e1323_c9b3c38247,VN_SRC_DONGNAI,Dong Nai,source_reported_unharmonized,2015-2016,2015,academic_year,95.34,%,observed,not_specified,E1323,58,16,95.34,2015-2016,,Dong Nai
education,e1323_c9b3c38247,VN_SRC_DONGNAI,Dong Nai,source_reported_unharmonized,2016-2017,2016,academic_year,91.64,%,observed,not_specified,E1323,58,17,91.64,2016-2017,,Dong Nai
education,e1323_c9b3c38247,VN_SRC_BARIAVUNGTAU,Ba Ria - Vung Tau,source_reported_unharmonized,2001-2002,2001,academic_year,91.69,%,observed,not_specified,E1323,59,2,91.69,2001-2002,,Ba Ria - Vung Tau
education,e1323_c9b3c38247,VN_SRC_BARIAVUNGTAU,Ba Ria - Vung Tau,source_reported_unharmonized,2002-2003,2002,academic_year,92.42,%,observed,not_specified,E1323,59,3,92.42,2002-2003,,Ba Ria - Vung Tau
education,e1323_c9b3c38247,VN_SRC_BARIAVUNGTAU,Ba Ria - Vung Tau,source_reported_unharmonized,2003-2004,2003,academic_year,92.83,%,observed,not_specified,E1323,59,4,92.83,2003-2004,,Ba Ria - Vung Tau
education,e1323_c9b3c38247,VN_SRC_BARIAVUNGTAU,Ba Ria - Vung Tau,source_reported_unharmonized,2004-2005,2004,academic_year,84.38,%,observed,not_specified,E1323,59,5,84.38,2004-2005,,Ba Ria - Vung Tau
education,e1323_c9b3c38247,VN_SRC_BARIAVUNGTAU,Ba Ria - Vung Tau,source_reported_unharmonized,2005-2006,2005,academic_year,93.33,%,observed,not_specified,E1323,59,6,93.33,2005-2006,,Ba Ria - Vung Tau
education,e1323_c9b3c38247,VN_SRC_BARIAVUNGTAU,Ba Ria - Vung Tau,source_reported_unharmonized,2006-2007,2006,academic_year,81.15,%,observed,not_specified,E1323,59,7,81.15,2006-2007,,Ba Ria - Vung Tau
education,e1323_c9b3c38247,VN_SRC_BARIAVUNGTAU,Ba Ria - Vung Tau,source_reported_unharmonized,2007-2008,2007,academic_year,82.05,%,observed,not_specified,E1323,59,8,82.05,2007-2008,,Ba Ria - Vung Tau
education,e1323_c9b3c38247,VN_SRC_BARIAVUNGTAU,Ba Ria - Vung Tau,source_reported_unharmonized,2008-2009,2008,academic_year,84.57,%,observed,not_specified,E1323,59,9,84.57,2008-2009,,Ba Ria - Vung Tau
education,e1323_c9b3c38247,VN_SRC_BARIAVUNGTAU,Ba Ria - Vung Tau,source_reported_unharmonized,2009-2010,2009,academic_year,92.58,%,observed,not_specified,E1323,59,10,92.58,2009-2010,,Ba Ria - Vung Tau
education,e1323_c9b3c38247,VN_SRC_BARIAVUNGTAU,Ba Ria - Vung Tau,source_reported_unharmonized,2010-2011,2010,academic_year,97.22,%,observed,not_specified,E1323,59,11,97.22,2010-2011,,Ba Ria - Vung Tau
education,e1323_c9b3c38247,VN_SRC_BARIAVUNGTAU,Ba Ria - Vung Tau,source_reported_unharmonized,2011-2012,2011,academic_year,99.45,%,observed,not_specified,E1323,59,12,99.45,2011-2012,,Ba Ria - Vung Tau
education,e1323_c9b3c38247,VN_SRC_BARIAVUNGTAU,Ba Ria - Vung Tau,source_reported_unharmonized,2012-2013,2012,academic_year,98.50,%,observed,not_specified,E1323,59,13,98.50,2012-2013,,Ba Ria - Vung Tau
education,e1323_c9b3c38247,VN_SRC_BARIAVUNGTAU,Ba Ria - Vung Tau,source_reported_unharmonized,2013-2014,2013,academic_year,99.46,%,observed,not_specified,E1323,59,14,99.46,2013-2014,,Ba Ria - Vung Tau
education,e1323_c9b3c38247,VN_SRC_BARIAVUNGTAU,Ba Ria - Vung Tau,source_reported_unharmonized,2014-2015,2014,academic_year,95.91,%,observed,not_specified,E1323,59,15,95.91,2014-2015,,Ba Ria - Vung Tau
education,e1323_c9b3c38247,VN_SRC_BARIAVUNGTAU,Ba Ria - Vung Tau,source_reported_unharmonized,2015-2016,2015,academic_year,96.73,%,observed,not_specified,E1323,59,16,96.73,2015-2016,,Ba Ria - Vung Tau
education,e1323_c9b3c38247,VN_SRC_BARIAVUNGTAU,Ba Ria - Vung Tau,source_reported_unharmonized,2016-2017,2016,academic_year,99.75,%,observed,not_specified,E1323,59,17,99.75,2016-2017,,Ba Ria - Vung Tau
education,e1323_c9b3c38247,VN_SRC_HOCHIMINHCITY,Ho Chi Minh city,source_reported_unharmonized,2001-2002,2001,academic_year,86.07,%,observed,not_specified,E1323,60,2,86.07,2001-2002,,Ho Chi Minh city
education,e1323_c9b3c38247,VN_SRC_HOCHIMINHCITY,Ho Chi Minh city,source_reported_unharmonized,2002-2003,2002,academic_year,88.22,%,observed,not_specified,E1323,60,3,88.22,2002-2003,,Ho Chi Minh city
education,e1323_c9b3c38247,VN_SRC_HOCHIMINHCITY,Ho Chi Minh city,source_reported_unharmonized,2003-2004,2003,academic_year,92.50,%,observed,not_specified,E1323,60,4,92.50,2003-2004,,Ho Chi Minh city
education,e1323_c9b3c38247,VN_SRC_HOCHIMINHCITY,Ho Chi Minh city,source_reported_unharmonized,2004-2005,2004,academic_year,90.25,%,observed,not_specified,E1323,60,5,90.25,2004-2005,,Ho Chi Minh city
education,e1323_c9b3c38247,VN_SRC_HOCHIMINHCITY,Ho Chi Minh city,source_reported_unharmonized,2005-2006,2005,academic_year,96.41,%,observed,not_specified,E1323,60,6,96.41,2005-2006,,Ho Chi Minh city
education,e1323_c9b3c38247,VN_SRC_HOCHIMINHCITY,Ho Chi Minh city,source_reported_unharmonized,2006-2007,2006,academic_year,97.49,%,observed,not_specified,E1323,60,7,97.49,2006-2007,,Ho Chi Minh city
education,e1323_c9b3c38247,VN_SRC_HOCHIMINHCITY,Ho Chi Minh city,source_reported_unharmonized,2007-2008,2007,academic_year,96.42,%,observed,not_specified,E1323,60,8,96.42,2007-2008,,Ho Chi Minh city
education,e1323_c9b3c38247,VN_SRC_HOCHIMINHCITY,Ho Chi Minh city,source_reported_unharmonized,2008-2009,2008,academic_year,94.57,%,observed,not_specified,E1323,60,9,94.57,2008-2009,,Ho Chi Minh city
education,e1323_c9b3c38247,VN_SRC_HOCHIMINHCITY,Ho Chi Minh city,source_reported_unharmonized,2009-2010,2009,academic_year,94.13,%,observed,not_specified,E1323,60,10,94.13,2009-2010,,Ho Chi Minh city
education,e1323_c9b3c38247,VN_SRC_HOCHIMINHCITY,Ho Chi Minh city,source_reported_unharmonized,2010-2011,2010,academic_year,96.19,%,observed,not_specified,E1323,60,11,96.19,2010-2011,,Ho Chi Minh city
education,e1323_c9b3c38247,VN_SRC_HOCHIMINHCITY,Ho Chi Minh city,source_reported_unharmonized,2011-2012,2011,academic_year,98.31,%,observed,not_specified,E1323,60,12,98.31,2011-2012,,Ho Chi Minh city
education,e1323_c9b3c38247,VN_SRC_HOCHIMINHCITY,Ho Chi Minh city,source_reported_unharmonized,2012-2013,2012,academic_year,99.04,%,observed,not_specified,E1323,60,13,99.04,2012-2013,,Ho Chi Minh city
education,e1323_c9b3c38247,VN_SRC_HOCHIMINHCITY,Ho Chi Minh city,source_reported_unharmonized,2013-2014,2013,academic_year,99.62,%,observed,not_specified,E1323,60,14,99.62,2013-2014,,Ho Chi Minh city
education,e1323_c9b3c38247,VN_SRC_HOCHIMINHCITY,Ho Chi Minh city,source_reported_unharmonized,2014-2015,2014,academic_year,97.39,%,observed,not_specified,E1323,60,15,97.39,2014-2015,,Ho Chi Minh city
education,e1323_c9b3c38247,VN_SRC_HOCHIMINHCITY,Ho Chi Minh city,source_reported_unharmonized,2015-2016,2015,academic_year,95.34,%,observed,not_specified,E1323,60,16,95.34,2015-2016,,Ho Chi Minh city
education,e1323_c9b3c38247,VN_SRC_HOCHIMINHCITY,Ho Chi Minh city,source_reported_unharmonized,2016-2017,2016,academic_year,99.59,%,observed,not_specified,E1323,60,17,99.59,2016-2017,,Ho Chi Minh city
education,e1323_c9b3c38247,VN_SRC_LONGAN,Long An,source_reported_unharmonized,2001-2002,2001,academic_year,76.17,%,observed,not_specified,E1323,62,2,76.17,2001-2002,,Long An
education,e1323_c9b3c38247,VN_SRC_LONGAN,Long An,source_reported_unharmonized,2002-2003,2002,academic_year,84.02,%,observed,not_specified,E1323,62,3,84.02,2002-2003,,Long An
education,e1323_c9b3c38247,VN_SRC_LONGAN,Long An,source_reported_unharmonized,2003-2004,2003,academic_year,79.61,%,observed,not_specified,E1323,62,4,79.61,2003-2004,,Long An
education,e1323_c9b3c38247,VN_SRC_LONGAN,Long An,source_reported_unharmonized,2004-2005,2004,academic_year,80.25,%,observed,not_specified,E1323,62,5,80.25,2004-2005,,Long An
education,e1323_c9b3c38247,VN_SRC_LONGAN,Long An,source_reported_unharmonized,2005-2006,2005,academic_year,88.80,%,observed,not_specified,E1323,62,6,88.80,2005-2006,,Long An
education,e1323_c9b3c38247,VN_SRC_LONGAN,Long An,source_reported_unharmonized,2006-2007,2006,academic_year,90.30,%,observed,not_specified,E1323,62,7,90.30,2006-2007,,Long An
education,e1323_c9b3c38247,VN_SRC_LONGAN,Long An,source_reported_unharmonized,2007-2008,2007,academic_year,88.02,%,observed,not_specified,E1323,62,8,88.02,2007-2008,,Long An
education,e1323_c9b3c38247,VN_SRC_LONGAN,Long An,source_reported_unharmonized,2008-2009,2008,academic_year,86.13,%,observed,not_specified,E1323,62,9,86.13,2008-2009,,Long An
education,e1323_c9b3c38247,VN_SRC_LONGAN,Long An,source_reported_unharmonized,2009-2010,2009,academic_year,87.00,%,observed,not_specified,E1323,62,10,87.00,2009-2010,,Long An
education,e1323_c9b3c38247,VN_SRC_LONGAN,Long An,source_reported_unharmonized,2010-2011,2010,academic_year,88.98,%,observed,not_specified,E1323,62,11,88.98,2010-2011,,Long An
education,e1323_c9b3c38247,VN_SRC_LONGAN,Long An,source_reported_unharmonized,2011-2012,2011,academic_year,97.17,%,observed,not_specified,E1323,62,12,97.17,2011-2012,,Long An
education,e1323_c9b3c38247,VN_SRC_LONGAN,Long An,source_reported_unharmonized,2012-2013,2012,academic_year,97.84,%,observed,not_specified,E1323,62,13,97.84,2012-2013,,Long An
education,e1323_c9b3c38247,VN_SRC_LONGAN,Long An,source_reported_unharmonized,2013-2014,2013,academic_year,98.21,%,observed,not_specified,E1323,62,14,98.21,2013-2014,,Long An
education,e1323_c9b3c38247,VN_SRC_LONGAN,Long An,source_reported_unharmonized,2014-2015,2014,academic_year,92.22,%,observed,not_specified,E1323,62,15,92.22,2014-2015,,Long An
education,e1323_c9b3c38247,VN_SRC_LONGAN,Long An,source_reported_unharmonized,2015-2016,2015,academic_year,92.52,%,observed,not_specified,E1323,62,16,92.52,2015-2016,,Long An
education,e1323_c9b3c38247,VN_SRC_LONGAN,Long An,source_reported_unharmonized,2016-2017,2016,academic_year,98.56,%,observed,not_specified,E1323,62,17,98.56,2016-2017,,Long An
education,e1323_c9b3c38247,VN_SRC_TIENGIANG,Tien Giang,source_reported_unharmonized,2001-2002,2001,academic_year,71.08,%,observed,not_specified,E1323,63,2,71.08,2001-2002,,Tien Giang
education,e1323_c9b3c38247,VN_SRC_TIENGIANG,Tien Giang,source_reported_unharmonized,2002-2003,2002,academic_year,93.50,%,observed,not_specified,E1323,63,3,93.50,2002-2003,,Tien Giang
education,e1323_c9b3c38247,VN_SRC_TIENGIANG,Tien Giang,source_reported_unharmonized,2003-2004,2003,academic_year,88.62,%,observed,not_specified,E1323,63,4,88.62,2003-2004,,Tien Giang
education,e1323_c9b3c38247,VN_SRC_TIENGIANG,Tien Giang,source_reported_unharmonized,2004-2005,2004,academic_year,80.91,%,observed,not_specified,E1323,63,5,80.91,2004-2005,,Tien Giang
education,e1323_c9b3c38247,VN_SRC_TIENGIANG,Tien Giang,source_reported_unharmonized,2005-2006,2005,academic_year,91.56,%,observed,not_specified,E1323,63,6,91.56,2005-2006,,Tien Giang
education,e1323_c9b3c38247,VN_SRC_TIENGIANG,Tien Giang,source_reported_unharmonized,2006-2007,2006,academic_year,90.31,%,observed,not_specified,E1323,63,7,90.31,2006-2007,,Tien Giang
education,e1323_c9b3c38247,VN_SRC_TIENGIANG,Tien Giang,source_reported_unharmonized,2007-2008,2007,academic_year,88.17,%,observed,not_specified,E1323,63,8,88.17,2007-2008,,Tien Giang
education,e1323_c9b3c38247,VN_SRC_TIENGIANG,Tien Giang,source_reported_unharmonized,2008-2009,2008,academic_year,86.90,%,observed,not_specified,E1323,63,9,86.90,2008-2009,,Tien Giang
education,e1323_c9b3c38247,VN_SRC_TIENGIANG,Tien Giang,source_reported_unharmonized,2009-2010,2009,academic_year,85.98,%,observed,not_specified,E1323,63,10,85.98,2009-2010,,Tien Giang
education,e1323_c9b3c38247,VN_SRC_TIENGIANG,Tien Giang,source_reported_unharmonized,2010-2011,2010,academic_year,89.07,%,observed,not_specified,E1323,63,11,89.07,2010-2011,,Tien Giang
education,e1323_c9b3c38247,VN_SRC_TIENGIANG,Tien Giang,source_reported_unharmonized,2011-2012,2011,academic_year,95.93,%,observed,not_specified,E1323,63,12,95.93,2011-2012,,Tien Giang
education,e1323_c9b3c38247,VN_SRC_TIENGIANG,Tien Giang,source_reported_unharmonized,2012-2013,2012,academic_year,97.76,%,observed,not_specified,E1323,63,13,97.76,2012-2013,,Tien Giang
education,e1323_c9b3c38247,VN_SRC_TIENGIANG,Tien Giang,source_reported_unharmonized,2013-2014,2013,academic_year,99.22,%,observed,not_specified,E1323,63,14,99.22,2013-2014,,Tien Giang
education,e1323_c9b3c38247,VN_SRC_TIENGIANG,Tien Giang,source_reported_unharmonized,2014-2015,2014,academic_year,96.19,%,observed,not_specified,E1323,63,15,96.19,2014-2015,,Tien Giang
education,e1323_c9b3c38247,VN_SRC_TIENGIANG,Tien Giang,source_reported_unharmonized,2015-2016,2015,academic_year,95.56,%,observed,not_specified,E1323,63,16,95.56,2015-2016,,Tien Giang
education,e1323_c9b3c38247,VN_SRC_TIENGIANG,Tien Giang,source_reported_unharmonized,2016-2017,2016,academic_year,91.26,%,observed,not_specified,E1323,63,17,91.26,2016-2017,,Tien Giang
education,e1323_c9b3c38247,VN_SRC_BENTRE,Ben Tre,source_reported_unharmonized,2001-2002,2001,academic_year,63.78,%,observed,not_specified,E1323,64,2,63.78,2001-2002,,Ben Tre
education,e1323_c9b3c38247,VN_SRC_BENTRE,Ben Tre,source_reported_unharmonized,2002-2003,2002,academic_year,90.19,%,observed,not_specified,E1323,64,3,90.19,2002-2003,,Ben Tre
education,e1323_c9b3c38247,VN_SRC_BENTRE,Ben Tre,source_reported_unharmonized,2003-2004,2003,academic_year,81.46,%,observed,not_specified,E1323,64,4,81.46,2003-2004,,Ben Tre
education,e1323_c9b3c38247,VN_SRC_BENTRE,Ben Tre,source_reported_unharmonized,2004-2005,2004,academic_year,80.11,%,observed,not_specified,E1323,64,5,80.11,2004-2005,,Ben Tre
education,e1323_c9b3c38247,VN_SRC_BENTRE,Ben Tre,source_reported_unharmonized,2005-2006,2005,academic_year,86.24,%,observed,not_specified,E1323,64,6,86.24,2005-2006,,Ben Tre
education,e1323_c9b3c38247,VN_SRC_BENTRE,Ben Tre,source_reported_unharmonized,2006-2007,2006,academic_year,87.18,%,observed,not_specified,E1323,64,7,87.18,2006-2007,,Ben Tre
education,e1323_c9b3c38247,VN_SRC_BENTRE,Ben Tre,source_reported_unharmonized,2007-2008,2007,academic_year,88.85,%,observed,not_specified,E1323,64,8,88.85,2007-2008,,Ben Tre
education,e1323_c9b3c38247,VN_SRC_BENTRE,Ben Tre,source_reported_unharmonized,2008-2009,2008,academic_year,79.71,%,observed,not_specified,E1323,64,9,79.71,2008-2009,,Ben Tre
education,e1323_c9b3c38247,VN_SRC_BENTRE,Ben Tre,source_reported_unharmonized,2009-2010,2009,academic_year,72.47,%,observed,not_specified,E1323,64,10,72.47,2009-2010,,Ben Tre
education,e1323_c9b3c38247,VN_SRC_BENTRE,Ben Tre,source_reported_unharmonized,2010-2011,2010,academic_year,84.15,%,observed,not_specified,E1323,64,11,84.15,2010-2011,,Ben Tre
education,e1323_c9b3c38247,VN_SRC_BENTRE,Ben Tre,source_reported_unharmonized,2011-2012,2011,academic_year,98.13,%,observed,not_specified,E1323,64,12,98.13,2011-2012,,Ben Tre
education,e1323_c9b3c38247,VN_SRC_BENTRE,Ben Tre,source_reported_unharmonized,2012-2013,2012,academic_year,99.20,%,observed,not_specified,E1323,64,13,99.20,2012-2013,,Ben Tre
education,e1323_c9b3c38247,VN_SRC_BENTRE,Ben Tre,source_reported_unharmonized,2013-2014,2013,academic_year,99.69,%,observed,not_specified,E1323,64,14,99.69,2013-2014,,Ben Tre
education,e1323_c9b3c38247,VN_SRC_BENTRE,Ben Tre,source_reported_unharmonized,2014-2015,2014,academic_year,97.06,%,observed,not_specified,E1323,64,15,97.06,2014-2015,,Ben Tre
education,e1323_c9b3c38247,VN_SRC_BENTRE,Ben Tre,source_reported_unharmonized,2015-2016,2015,academic_year,96.07,%,observed,not_specified,E1323,64,16,96.07,2015-2016,,Ben Tre
education,e1323_c9b3c38247,VN_SRC_BENTRE,Ben Tre,source_reported_unharmonized,2016-2017,2016,academic_year,99.83,%,observed,not_specified,E1323,64,17,99.83,2016-2017,,Ben Tre
education,e1323_c9b3c38247,VN_SRC_TRAVINH,Tra Vinh,source_reported_unharmonized,2001-2002,2001,academic_year,78.29,%,observed,not_specified,E1323,65,2,78.29,2001-2002,,Tra Vinh
education,e1323_c9b3c38247,VN_SRC_TRAVINH,Tra Vinh,source_reported_unharmonized,2002-2003,2002,academic_year,90.00,%,observed,not_specified,E1323,65,3,90.00,2002-2003,,Tra Vinh
education,e1323_c9b3c38247,VN_SRC_TRAVINH,Tra Vinh,source_reported_unharmonized,2003-2004,2003,academic_year,76.68,%,observed,not_specified,E1323,65,4,76.68,2003-2004,,Tra Vinh
education,e1323_c9b3c38247,VN_SRC_TRAVINH,Tra Vinh,source_reported_unharmonized,2004-2005,2004,academic_year,80.17,%,observed,not_specified,E1323,65,5,80.17,2004-2005,,Tra Vinh
education,e1323_c9b3c38247,VN_SRC_TRAVINH,Tra Vinh,source_reported_unharmonized,2005-2006,2005,academic_year,90.78,%,observed,not_specified,E1323,65,6,90.78,2005-2006,,Tra Vinh
education,e1323_c9b3c38247,VN_SRC_TRAVINH,Tra Vinh,source_reported_unharmonized,2006-2007,2006,academic_year,82.96,%,observed,not_specified,E1323,65,7,82.96,2006-2007,,Tra Vinh
education,e1323_c9b3c38247,VN_SRC_TRAVINH,Tra Vinh,source_reported_unharmonized,2007-2008,2007,academic_year,87.42,%,observed,not_specified,E1323,65,8,87.42,2007-2008,,Tra Vinh
education,e1323_c9b3c38247,VN_SRC_TRAVINH,Tra Vinh,source_reported_unharmonized,2008-2009,2008,academic_year,82.56,%,observed,not_specified,E1323,65,9,82.56,2008-2009,,Tra Vinh
education,e1323_c9b3c38247,VN_SRC_TRAVINH,Tra Vinh,source_reported_unharmonized,2009-2010,2009,academic_year,78.46,%,observed,not_specified,E1323,65,10,78.46,2009-2010,,Tra Vinh
education,e1323_c9b3c38247,VN_SRC_TRAVINH,Tra Vinh,source_reported_unharmonized,2010-2011,2010,academic_year,90.91,%,observed,not_specified,E1323,65,11,90.91,2010-2011,,Tra Vinh
education,e1323_c9b3c38247,VN_SRC_TRAVINH,Tra Vinh,source_reported_unharmonized,2011-2012,2011,academic_year,97.92,%,observed,not_specified,E1323,65,12,97.92,2011-2012,,Tra Vinh
education,e1323_c9b3c38247,VN_SRC_TRAVINH,Tra Vinh,source_reported_unharmonized,2012-2013,2012,academic_year,99.13,%,observed,not_specified,E1323,65,13,99.13,2012-2013,,Tra Vinh
education,e1323_c9b3c38247,VN_SRC_TRAVINH,Tra Vinh,source_reported_unharmonized,2013-2014,2013,academic_year,99.78,%,observed,not_specified,E1323,65,14,99.78,2013-2014,,Tra Vinh
education,e1323_c9b3c38247,VN_SRC_TRAVINH,Tra Vinh,source_reported_unharmonized,2014-2015,2014,academic_year,97.10,%,observed,not_specified,E1323,65,15,97.10,2014-2015,,Tra Vinh
education,e1323_c9b3c38247,VN_SRC_TRAVINH,Tra Vinh,source_reported_unharmonized,2015-2016,2015,academic_year,95.83,%,observed,not_specified,E1323,65,16,95.83,2015-2016,,Tra Vinh
education,e1323_c9b3c38247,VN_SRC_TRAVINH,Tra Vinh,source_reported_unharmonized,2016-2017,2016,academic_year,99.17,%,observed,not_specified,E1323,65,17,99.17,2016-2017,,Tra Vinh
education,e1323_c9b3c38247,VN_SRC_VINHLONG,Vinh Long,source_reported_unharmonized,2001-2002,2001,academic_year,80.04,%,observed,not_specified,E1323,66,2,80.04,2001-2002,,Vinh Long
education,e1323_c9b3c38247,VN_SRC_VINHLONG,Vinh Long,source_reported_unharmonized,2002-2003,2002,academic_year,81.58,%,observed,not_specified,E1323,66,3,81.58,2002-2003,,Vinh Long
education,e1323_c9b3c38247,VN_SRC_VINHLONG,Vinh Long,source_reported_unharmonized,2003-2004,2003,academic_year,72.35,%,observed,not_specified,E1323,66,4,72.35,2003-2004,,Vinh Long
education,e1323_c9b3c38247,VN_SRC_VINHLONG,Vinh Long,source_reported_unharmonized,2004-2005,2004,academic_year,70.13,%,observed,not_specified,E1323,66,5,70.13,2004-2005,,Vinh Long
education,e1323_c9b3c38247,VN_SRC_VINHLONG,Vinh Long,source_reported_unharmonized,2005-2006,2005,academic_year,82.81,%,observed,not_specified,E1323,66,6,82.81,2005-2006,,Vinh Long
education,e1323_c9b3c38247,VN_SRC_VINHLONG,Vinh Long,source_reported_unharmonized,2006-2007,2006,academic_year,80.08,%,observed,not_specified,E1323,66,7,80.08,2006-2007,,Vinh Long
education,e1323_c9b3c38247,VN_SRC_VINHLONG,Vinh Long,source_reported_unharmonized,2007-2008,2007,academic_year,87.47,%,observed,not_specified,E1323,66,8,87.47,2007-2008,,Vinh Long
education,e1323_c9b3c38247,VN_SRC_VINHLONG,Vinh Long,source_reported_unharmonized,2008-2009,2008,academic_year,80.93,%,observed,not_specified,E1323,66,9,80.93,2008-2009,,Vinh Long
education,e1323_c9b3c38247,VN_SRC_VINHLONG,Vinh Long,source_reported_unharmonized,2009-2010,2009,academic_year,83.40,%,observed,not_specified,E1323,66,10,83.40,2009-2010,,Vinh Long
education,e1323_c9b3c38247,VN_SRC_VINHLONG,Vinh Long,source_reported_unharmonized,2010-2011,2010,academic_year,86.84,%,observed,not_specified,E1323,66,11,86.84,2010-2011,,Vinh Long
education,e1323_c9b3c38247,VN_SRC_VINHLONG,Vinh Long,source_reported_unharmonized,2011-2012,2011,academic_year,97.74,%,observed,not_specified,E1323,66,12,97.74,2011-2012,,Vinh Long
education,e1323_c9b3c38247,VN_SRC_VINHLONG,Vinh Long,source_reported_unharmonized,2012-2013,2012,academic_year,98.59,%,observed,not_specified,E1323,66,13,98.59,2012-2013,,Vinh Long
education,e1323_c9b3c38247,VN_SRC_VINHLONG,Vinh Long,source_reported_unharmonized,2013-2014,2013,academic_year,99.05,%,observed,not_specified,E1323,66,14,99.05,2013-2014,,Vinh Long
education,e1323_c9b3c38247,VN_SRC_VINHLONG,Vinh Long,source_reported_unharmonized,2014-2015,2014,academic_year,95.97,%,observed,not_specified,E1323,66,15,95.97,2014-2015,,Vinh Long
education,e1323_c9b3c38247,VN_SRC_VINHLONG,Vinh Long,source_reported_unharmonized,2015-2016,2015,academic_year,96.38,%,observed,not_specified,E1323,66,16,96.38,2015-2016,,Vinh Long
education,e1323_c9b3c38247,VN_SRC_VINHLONG,Vinh Long,source_reported_unharmonized,2016-2017,2016,academic_year,99.69,%,observed,not_specified,E1323,66,17,99.69,2016-2017,,Vinh Long
education,e1323_c9b3c38247,VN_SRC_DONGTHAP,Dong Thap,source_reported_unharmonized,2001-2002,2001,academic_year,84.19,%,observed,not_specified,E1323,67,2,84.19,2001-2002,,Dong Thap
education,e1323_c9b3c38247,VN_SRC_DONGTHAP,Dong Thap,source_reported_unharmonized,2002-2003,2002,academic_year,84.55,%,observed,not_specified,E1323,67,3,84.55,2002-2003,,Dong Thap
education,e1323_c9b3c38247,VN_SRC_DONGTHAP,Dong Thap,source_reported_unharmonized,2003-2004,2003,academic_year,84.59,%,observed,not_specified,E1323,67,4,84.59,2003-2004,,Dong Thap
education,e1323_c9b3c38247,VN_SRC_DONGTHAP,Dong Thap,source_reported_unharmonized,2004-2005,2004,academic_year,66.68,%,observed,not_specified,E1323,67,5,66.68,2004-2005,,Dong Thap
education,e1323_c9b3c38247,VN_SRC_DONGTHAP,Dong Thap,source_reported_unharmonized,2005-2006,2005,academic_year,91.81,%,observed,not_specified,E1323,67,6,91.81,2005-2006,,Dong Thap
education,e1323_c9b3c38247,VN_SRC_DONGTHAP,Dong Thap,source_reported_unharmonized,2006-2007,2006,academic_year,78.91,%,observed,not_specified,E1323,67,7,78.91,2006-2007,,Dong Thap
education,e1323_c9b3c38247,VN_SRC_DONGTHAP,Dong Thap,source_reported_unharmonized,2007-2008,2007,academic_year,82.68,%,observed,not_specified,E1323,67,8,82.68,2007-2008,,Dong Thap
education,e1323_c9b3c38247,VN_SRC_DONGTHAP,Dong Thap,source_reported_unharmonized,2008-2009,2008,academic_year,63.08,%,observed,not_specified,E1323,67,9,63.08,2008-2009,,Dong Thap
education,e1323_c9b3c38247,VN_SRC_DONGTHAP,Dong Thap,source_reported_unharmonized,2009-2010,2009,academic_year,80.82,%,observed,not_specified,E1323,67,10,80.82,2009-2010,,Dong Thap
education,e1323_c9b3c38247,VN_SRC_DONGTHAP,Dong Thap,source_reported_unharmonized,2010-2011,2010,academic_year,94.60,%,observed,not_specified,E1323,67,11,94.60,2010-2011,,Dong Thap
education,e1323_c9b3c38247,VN_SRC_DONGTHAP,Dong Thap,source_reported_unharmonized,2011-2012,2011,academic_year,99.72,%,observed,not_specified,E1323,67,12,99.72,2011-2012,,Dong Thap
education,e1323_c9b3c38247,VN_SRC_DONGTHAP,Dong Thap,source_reported_unharmonized,2012-2013,2012,academic_year,99.70,%,observed,not_specified,E1323,67,13,99.70,2012-2013,,Dong Thap
education,e1323_c9b3c38247,VN_SRC_DONGTHAP,Dong Thap,source_reported_unharmonized,2013-2014,2013,academic_year,99.53,%,observed,not_specified,E1323,67,14,99.53,2013-2014,,Dong Thap
education,e1323_c9b3c38247,VN_SRC_DONGTHAP,Dong Thap,source_reported_unharmonized,2014-2015,2014,academic_year,91.67,%,observed,not_specified,E1323,67,15,91.67,2014-2015,,Dong Thap
education,e1323_c9b3c38247,VN_SRC_DONGTHAP,Dong Thap,source_reported_unharmonized,2015-2016,2015,academic_year,92.36,%,observed,not_specified,E1323,67,16,92.36,2015-2016,,Dong Thap
education,e1323_c9b3c38247,VN_SRC_DONGTHAP,Dong Thap,source_reported_unharmonized,2016-2017,2016,academic_year,99.36,%,observed,not_specified,E1323,67,17,99.36,2016-2017,,Dong Thap
education,e1323_c9b3c38247,VN_SRC_ANGIANG,An Giang,source_reported_unharmonized,2001-2002,2001,academic_year,90.13,%,observed,not_specified,E1323,68,2,90.13,2001-2002,,An Giang
education,e1323_c9b3c38247,VN_SRC_ANGIANG,An Giang,source_reported_unharmonized,2002-2003,2002,academic_year,77.32,%,observed,not_specified,E1323,68,3,77.32,2002-2003,,An Giang
education,e1323_c9b3c38247,VN_SRC_ANGIANG,An Giang,source_reported_unharmonized,2003-2004,2003,academic_year,84.69,%,observed,not_specified,E1323,68,4,84.69,2003-2004,,An Giang
education,e1323_c9b3c38247,VN_SRC_ANGIANG,An Giang,source_reported_unharmonized,2004-2005,2004,academic_year,71.63,%,observed,not_specified,E1323,68,5,71.63,2004-2005,,An Giang
education,e1323_c9b3c38247,VN_SRC_ANGIANG,An Giang,source_reported_unharmonized,2005-2006,2005,academic_year,77.69,%,observed,not_specified,E1323,68,6,77.69,2005-2006,,An Giang
education,e1323_c9b3c38247,VN_SRC_ANGIANG,An Giang,source_reported_unharmonized,2006-2007,2006,academic_year,81.24,%,observed,not_specified,E1323,68,7,81.24,2006-2007,,An Giang
education,e1323_c9b3c38247,VN_SRC_ANGIANG,An Giang,source_reported_unharmonized,2007-2008,2007,academic_year,89.62,%,observed,not_specified,E1323,68,8,89.62,2007-2008,,An Giang
education,e1323_c9b3c38247,VN_SRC_ANGIANG,An Giang,source_reported_unharmonized,2008-2009,2008,academic_year,75.20,%,observed,not_specified,E1323,68,9,75.20,2008-2009,,An Giang
education,e1323_c9b3c38247,VN_SRC_ANGIANG,An Giang,source_reported_unharmonized,2009-2010,2009,academic_year,80.39,%,observed,not_specified,E1323,68,10,80.39,2009-2010,,An Giang
education,e1323_c9b3c38247,VN_SRC_ANGIANG,An Giang,source_reported_unharmonized,2010-2011,2010,academic_year,89.32,%,observed,not_specified,E1323,68,11,89.32,2010-2011,,An Giang
education,e1323_c9b3c38247,VN_SRC_ANGIANG,An Giang,source_reported_unharmonized,2011-2012,2011,academic_year,98.94,%,observed,not_specified,E1323,68,12,98.94,2011-2012,,An Giang
education,e1323_c9b3c38247,VN_SRC_ANGIANG,An Giang,source_reported_unharmonized,2012-2013,2012,academic_year,99.08,%,observed,not_specified,E1323,68,13,99.08,2012-2013,,An Giang
education,e1323_c9b3c38247,VN_SRC_ANGIANG,An Giang,source_reported_unharmonized,2013-2014,2013,academic_year,99.64,%,observed,not_specified,E1323,68,14,99.64,2013-2014,,An Giang
education,e1323_c9b3c38247,VN_SRC_ANGIANG,An Giang,source_reported_unharmonized,2014-2015,2014,academic_year,95.81,%,observed,not_specified,E1323,68,15,95.81,2014-2015,,An Giang
education,e1323_c9b3c38247,VN_SRC_ANGIANG,An Giang,source_reported_unharmonized,2015-2016,2015,academic_year,95.20,%,observed,not_specified,E1323,68,16,95.20,2015-2016,,An Giang
education,e1323_c9b3c38247,VN_SRC_ANGIANG,An Giang,source_reported_unharmonized,2016-2017,2016,academic_year,99.53,%,observed,not_specified,E1323,68,17,99.53,2016-2017,,An Giang
education,e1323_c9b3c38247,VN_SRC_KIENGIANG,Kien Giang,source_reported_unharmonized,2001-2002,2001,academic_year,80.60,%,observed,not_specified,E1323,69,2,80.60,2001-2002,,Kien  Giang
education,e1323_c9b3c38247,VN_SRC_KIENGIANG,Kien Giang,source_reported_unharmonized,2002-2003,2002,academic_year,86.97,%,observed,not_specified,E1323,69,3,86.97,2002-2003,,Kien  Giang
education,e1323_c9b3c38247,VN_SRC_KIENGIANG,Kien Giang,source_reported_unharmonized,2003-2004,2003,academic_year,80.00,%,observed,not_specified,E1323,69,4,80.00,2003-2004,,Kien  Giang
education,e1323_c9b3c38247,VN_SRC_KIENGIANG,Kien Giang,source_reported_unharmonized,2004-2005,2004,academic_year,78.47,%,observed,not_specified,E1323,69,5,78.47,2004-2005,,Kien  Giang
education,e1323_c9b3c38247,VN_SRC_KIENGIANG,Kien Giang,source_reported_unharmonized,2005-2006,2005,academic_year,85.49,%,observed,not_specified,E1323,69,6,85.49,2005-2006,,Kien  Giang
education,e1323_c9b3c38247,VN_SRC_KIENGIANG,Kien Giang,source_reported_unharmonized,2006-2007,2006,academic_year,73.92,%,observed,not_specified,E1323,69,7,73.92,2006-2007,,Kien  Giang
education,e1323_c9b3c38247,VN_SRC_KIENGIANG,Kien Giang,source_reported_unharmonized,2007-2008,2007,academic_year,75.99,%,observed,not_specified,E1323,69,8,75.99,2007-2008,,Kien  Giang
education,e1323_c9b3c38247,VN_SRC_KIENGIANG,Kien Giang,source_reported_unharmonized,2008-2009,2008,academic_year,59.38,%,observed,not_specified,E1323,69,9,59.38,2008-2009,,Kien  Giang
education,e1323_c9b3c38247,VN_SRC_KIENGIANG,Kien Giang,source_reported_unharmonized,2009-2010,2009,academic_year,74.13,%,observed,not_specified,E1323,69,10,74.13,2009-2010,,Kien  Giang
education,e1323_c9b3c38247,VN_SRC_KIENGIANG,Kien Giang,source_reported_unharmonized,2010-2011,2010,academic_year,97.35,%,observed,not_specified,E1323,69,11,97.35,2010-2011,,Kien  Giang
education,e1323_c9b3c38247,VN_SRC_KIENGIANG,Kien Giang,source_reported_unharmonized,2011-2012,2011,academic_year,99.56,%,observed,not_specified,E1323,69,12,99.56,2011-2012,,Kien  Giang
education,e1323_c9b3c38247,VN_SRC_KIENGIANG,Kien Giang,source_reported_unharmonized,2012-2013,2012,academic_year,99.47,%,observed,not_specified,E1323,69,13,99.47,2012-2013,,Kien  Giang
education,e1323_c9b3c38247,VN_SRC_KIENGIANG,Kien Giang,source_reported_unharmonized,2013-2014,2013,academic_year,99.29,%,observed,not_specified,E1323,69,14,99.29,2013-2014,,Kien  Giang
education,e1323_c9b3c38247,VN_SRC_KIENGIANG,Kien Giang,source_reported_unharmonized,2014-2015,2014,academic_year,91.12,%,observed,not_specified,E1323,69,15,91.12,2014-2015,,Kien  Giang
education,e1323_c9b3c38247,VN_SRC_KIENGIANG,Kien Giang,source_reported_unharmonized,2015-2016,2015,academic_year,94.17,%,observed,not_specified,E1323,69,16,94.17,2015-2016,,Kien  Giang
education,e1323_c9b3c38247,VN_SRC_KIENGIANG,Kien Giang,source_reported_unharmonized,2016-2017,2016,academic_year,98.49,%,observed,not_specified,E1323,69,17,98.49,2016-2017,,Kien  Giang
education,e1323_c9b3c38247,VN_SRC_CANTHO,Can Tho,source_reported_unharmonized,2001-2002,2001,academic_year,73.15,%,observed,not_specified,E1323,70,2,73.15,2001-2002,,Can Tho
education,e1323_c9b3c38247,VN_SRC_CANTHO,Can Tho,source_reported_unharmonized,2002-2003,2002,academic_year,79.09,%,observed,not_specified,E1323,70,3,79.09,2002-2003,,Can Tho
education,e1323_c9b3c38247,VN_SRC_CANTHO,Can Tho,source_reported_unharmonized,2003-2004,2003,academic_year,80.91,%,observed,not_specified,E1323,70,4,80.91,2003-2004,,Can Tho
education,e1323_c9b3c38247,VN_SRC_CANTHO,Can Tho,source_reported_unharmonized,2004-2005,2004,academic_year,65.70,%,observed,not_specified,E1323,70,5,65.70,2004-2005,,Can Tho
education,e1323_c9b3c38247,VN_SRC_CANTHO,Can Tho,source_reported_unharmonized,2005-2006,2005,academic_year,94.79,%,observed,not_specified,E1323,70,6,94.79,2005-2006,,Can Tho
education,e1323_c9b3c38247,VN_SRC_CANTHO,Can Tho,source_reported_unharmonized,2006-2007,2006,academic_year,86.51,%,observed,not_specified,E1323,70,7,86.51,2006-2007,,Can Tho
education,e1323_c9b3c38247,VN_SRC_CANTHO,Can Tho,source_reported_unharmonized,2007-2008,2007,academic_year,90.16,%,observed,not_specified,E1323,70,8,90.16,2007-2008,,Can Tho
education,e1323_c9b3c38247,VN_SRC_CANTHO,Can Tho,source_reported_unharmonized,2008-2009,2008,academic_year,77.42,%,observed,not_specified,E1323,70,9,77.42,2008-2009,,Can Tho
education,e1323_c9b3c38247,VN_SRC_CANTHO,Can Tho,source_reported_unharmonized,2009-2010,2009,academic_year,86.01,%,observed,not_specified,E1323,70,10,86.01,2009-2010,,Can Tho
education,e1323_c9b3c38247,VN_SRC_CANTHO,Can Tho,source_reported_unharmonized,2010-2011,2010,academic_year,97.74,%,observed,not_specified,E1323,70,11,97.74,2010-2011,,Can Tho
education,e1323_c9b3c38247,VN_SRC_CANTHO,Can Tho,source_reported_unharmonized,2011-2012,2011,academic_year,99.62,%,observed,not_specified,E1323,70,12,99.62,2011-2012,,Can Tho
education,e1323_c9b3c38247,VN_SRC_CANTHO,Can Tho,source_reported_unharmonized,2012-2013,2012,academic_year,99.96,%,observed,not_specified,E1323,70,13,99.96,2012-2013,,Can Tho
education,e1323_c9b3c38247,VN_SRC_CANTHO,Can Tho,source_reported_unharmonized,2013-2014,2013,academic_year,99.72,%,observed,not_specified,E1323,70,14,99.72,2013-2014,,Can Tho
education,e1323_c9b3c38247,VN_SRC_CANTHO,Can Tho,source_reported_unharmonized,2014-2015,2014,academic_year,97.76,%,observed,not_specified,E1323,70,15,97.76,2014-2015,,Can Tho
education,e1323_c9b3c38247,VN_SRC_CANTHO,Can Tho,source_reported_unharmonized,2015-2016,2015,academic_year,96.57,%,observed,not_specified,E1323,70,16,96.57,2015-2016,,Can Tho
education,e1323_c9b3c38247,VN_SRC_CANTHO,Can Tho,source_reported_unharmonized,2016-2017,2016,academic_year,99.05,%,observed,not_specified,E1323,70,17,99.05,2016-2017,,Can Tho
education,e1323_c9b3c38247,VN_SRC_HAUGIANG,Hau Giang,source_reported_unharmonized,2001-2002,2001,academic_year,,%,missing,not_specified,E1323,71,2,..,2001-2002,,Hau Giang
education,e1323_c9b3c38247,VN_SRC_HAUGIANG,Hau Giang,source_reported_unharmonized,2002-2003,2002,academic_year,,%,missing,not_specified,E1323,71,3,..,2002-2003,,Hau Giang
education,e1323_c9b3c38247,VN_SRC_HAUGIANG,Hau Giang,source_reported_unharmonized,2003-2004,2003,academic_year,79.00,%,observed,not_specified,E1323,71,4,79.00,2003-2004,,Hau Giang
education,e1323_c9b3c38247,VN_SRC_HAUGIANG,Hau Giang,source_reported_unharmonized,2004-2005,2004,academic_year,74.34,%,observed,not_specified,E1323,71,5,74.34,2004-2005,,Hau Giang
education,e1323_c9b3c38247,VN_SRC_HAUGIANG,Hau Giang,source_reported_unharmonized,2005-2006,2005,academic_year,89.38,%,observed,not_specified,E1323,71,6,89.38,2005-2006,,Hau Giang
education,e1323_c9b3c38247,VN_SRC_HAUGIANG,Hau Giang,source_reported_unharmonized,2006-2007,2006,academic_year,73.60,%,observed,not_specified,E1323,71,7,73.60,2006-2007,,Hau Giang
education,e1323_c9b3c38247,VN_SRC_HAUGIANG,Hau Giang,source_reported_unharmonized,2007-2008,2007,academic_year,77.45,%,observed,not_specified,E1323,71,8,77.45,2007-2008,,Hau Giang
education,e1323_c9b3c38247,VN_SRC_HAUGIANG,Hau Giang,source_reported_unharmonized,2008-2009,2008,academic_year,61.95,%,observed,not_specified,E1323,71,9,61.95,2008-2009,,Hau Giang
education,e1323_c9b3c38247,VN_SRC_HAUGIANG,Hau Giang,source_reported_unharmonized,2009-2010,2009,academic_year,88.67,%,observed,not_specified,E1323,71,10,88.67,2009-2010,,Hau Giang
education,e1323_c9b3c38247,VN_SRC_HAUGIANG,Hau Giang,source_reported_unharmonized,2010-2011,2010,academic_year,97.94,%,observed,not_specified,E1323,71,11,97.94,2010-2011,,Hau Giang
education,e1323_c9b3c38247,VN_SRC_HAUGIANG,Hau Giang,source_reported_unharmonized,2011-2012,2011,academic_year,99.88,%,observed,not_specified,E1323,71,12,99.88,2011-2012,,Hau Giang
education,e1323_c9b3c38247,VN_SRC_HAUGIANG,Hau Giang,source_reported_unharmonized,2012-2013,2012,academic_year,99.60,%,observed,not_specified,E1323,71,13,99.60,2012-2013,,Hau Giang
education,e1323_c9b3c38247,VN_SRC_HAUGIANG,Hau Giang,source_reported_unharmonized,2013-2014,2013,academic_year,99.89,%,observed,not_specified,E1323,71,14,99.89,2013-2014,,Hau Giang
education,e1323_c9b3c38247,VN_SRC_HAUGIANG,Hau Giang,source_reported_unharmonized,2014-2015,2014,academic_year,95.87,%,observed,not_specified,E1323,71,15,95.87,2014-2015,,Hau Giang
education,e1323_c9b3c38247,VN_SRC_HAUGIANG,Hau Giang,source_reported_unharmonized,2015-2016,2015,academic_year,93.35,%,observed,not_specified,E1323,71,16,93.35,2015-2016,,Hau Giang
education,e1323_c9b3c38247,VN_SRC_HAUGIANG,Hau Giang,source_reported_unharmonized,2016-2017,2016,academic_year,99.52,%,observed,not_specified,E1323,71,17,99.52,2016-2017,,Hau Giang
education,e1323_c9b3c38247,VN_SRC_SOCTRANG,Soc Trang,source_reported_unharmonized,2001-2002,2001,academic_year,74.80,%,observed,not_specified,E1323,72,2,74.80,2001-2002,,Soc Trang
education,e1323_c9b3c38247,VN_SRC_SOCTRANG,Soc Trang,source_reported_unharmonized,2002-2003,2002,academic_year,87.03,%,observed,not_specified,E1323,72,3,87.03,2002-2003,,Soc Trang
education,e1323_c9b3c38247,VN_SRC_SOCTRANG,Soc Trang,source_reported_unharmonized,2003-2004,2003,academic_year,80.45,%,observed,not_specified,E1323,72,4,80.45,2003-2004,,Soc Trang
education,e1323_c9b3c38247,VN_SRC_SOCTRANG,Soc Trang,source_reported_unharmonized,2004-2005,2004,academic_year,72.42,%,observed,not_specified,E1323,72,5,72.42,2004-2005,,Soc Trang
education,e1323_c9b3c38247,VN_SRC_SOCTRANG,Soc Trang,source_reported_unharmonized,2005-2006,2005,academic_year,74.74,%,observed,not_specified,E1323,72,6,74.74,2005-2006,,Soc Trang
education,e1323_c9b3c38247,VN_SRC_SOCTRANG,Soc Trang,source_reported_unharmonized,2006-2007,2006,academic_year,67.07,%,observed,not_specified,E1323,72,7,67.07,2006-2007,,Soc Trang
education,e1323_c9b3c38247,VN_SRC_SOCTRANG,Soc Trang,source_reported_unharmonized,2007-2008,2007,academic_year,72.54,%,observed,not_specified,E1323,72,8,72.54,2007-2008,,Soc Trang
education,e1323_c9b3c38247,VN_SRC_SOCTRANG,Soc Trang,source_reported_unharmonized,2008-2009,2008,academic_year,63.76,%,observed,not_specified,E1323,72,9,63.76,2008-2009,,Soc Trang
education,e1323_c9b3c38247,VN_SRC_SOCTRANG,Soc Trang,source_reported_unharmonized,2009-2010,2009,academic_year,75.21,%,observed,not_specified,E1323,72,10,75.21,2009-2010,,Soc Trang
education,e1323_c9b3c38247,VN_SRC_SOCTRANG,Soc Trang,source_reported_unharmonized,2010-2011,2010,academic_year,90.74,%,observed,not_specified,E1323,72,11,90.74,2010-2011,,Soc Trang
education,e1323_c9b3c38247,VN_SRC_SOCTRANG,Soc Trang,source_reported_unharmonized,2011-2012,2011,academic_year,98.90,%,observed,not_specified,E1323,72,12,98.90,2011-2012,,Soc Trang
education,e1323_c9b3c38247,VN_SRC_SOCTRANG,Soc Trang,source_reported_unharmonized,2012-2013,2012,academic_year,98.55,%,observed,not_specified,E1323,72,13,98.55,2012-2013,,Soc Trang
education,e1323_c9b3c38247,VN_SRC_SOCTRANG,Soc Trang,source_reported_unharmonized,2013-2014,2013,academic_year,99.60,%,observed,not_specified,E1323,72,14,99.60,2013-2014,,Soc Trang
education,e1323_c9b3c38247,VN_SRC_SOCTRANG,Soc Trang,source_reported_unharmonized,2014-2015,2014,academic_year,94.55,%,observed,not_specified,E1323,72,15,94.55,2014-2015,,Soc Trang
education,e1323_c9b3c38247,VN_SRC_SOCTRANG,Soc Trang,source_reported_unharmonized,2015-2016,2015,academic_year,95.58,%,observed,not_specified,E1323,72,16,95.58,2015-2016,,Soc Trang
education,e1323_c9b3c38247,VN_SRC_SOCTRANG,Soc Trang,source_reported_unharmonized,2016-2017,2016,academic_year,99.25,%,observed,not_specified,E1323,72,17,99.25,2016-2017,,Soc Trang
education,e1323_c9b3c38247,VN_SRC_BACLIEU,Bac Lieu,source_reported_unharmonized,2001-2002,2001,academic_year,84.75,%,observed,not_specified,E1323,73,2,84.75,2001-2002,,Bac Lieu
education,e1323_c9b3c38247,VN_SRC_BACLIEU,Bac Lieu,source_reported_unharmonized,2002-2003,2002,academic_year,70.53,%,observed,not_specified,E1323,73,3,70.53,2002-2003,,Bac Lieu
education,e1323_c9b3c38247,VN_SRC_BACLIEU,Bac Lieu,source_reported_unharmonized,2003-2004,2003,academic_year,75.16,%,observed,not_specified,E1323,73,4,75.16,2003-2004,,Bac Lieu
education,e1323_c9b3c38247,VN_SRC_BACLIEU,Bac Lieu,source_reported_unharmonized,2004-2005,2004,academic_year,76.97,%,observed,not_specified,E1323,73,5,76.97,2004-2005,,Bac Lieu
education,e1323_c9b3c38247,VN_SRC_BACLIEU,Bac Lieu,source_reported_unharmonized,2005-2006,2005,academic_year,79.04,%,observed,not_specified,E1323,73,6,79.04,2005-2006,,Bac Lieu
education,e1323_c9b3c38247,VN_SRC_BACLIEU,Bac Lieu,source_reported_unharmonized,2006-2007,2006,academic_year,59.18,%,observed,not_specified,E1323,73,7,59.18,2006-2007,,Bac Lieu
education,e1323_c9b3c38247,VN_SRC_BACLIEU,Bac Lieu,source_reported_unharmonized,2007-2008,2007,academic_year,73.61,%,observed,not_specified,E1323,73,8,73.61,2007-2008,,Bac Lieu
education,e1323_c9b3c38247,VN_SRC_BACLIEU,Bac Lieu,source_reported_unharmonized,2008-2009,2008,academic_year,73.08,%,observed,not_specified,E1323,73,9,73.08,2008-2009,,Bac Lieu
education,e1323_c9b3c38247,VN_SRC_BACLIEU,Bac Lieu,source_reported_unharmonized,2009-2010,2009,academic_year,85.34,%,observed,not_specified,E1323,73,10,85.34,2009-2010,,Bac Lieu
education,e1323_c9b3c38247,VN_SRC_BACLIEU,Bac Lieu,source_reported_unharmonized,2010-2011,2010,academic_year,95.48,%,observed,not_specified,E1323,73,11,95.48,2010-2011,,Bac Lieu
education,e1323_c9b3c38247,VN_SRC_BACLIEU,Bac Lieu,source_reported_unharmonized,2011-2012,2011,academic_year,99.44,%,observed,not_specified,E1323,73,12,99.44,2011-2012,,Bac Lieu
education,e1323_c9b3c38247,VN_SRC_BACLIEU,Bac Lieu,source_reported_unharmonized,2012-2013,2012,academic_year,98.89,%,observed,not_specified,E1323,73,13,98.89,2012-2013,,Bac Lieu
education,e1323_c9b3c38247,VN_SRC_BACLIEU,Bac Lieu,source_reported_unharmonized,2013-2014,2013,academic_year,98.74,%,observed,not_specified,E1323,73,14,98.74,2013-2014,,Bac Lieu
education,e1323_c9b3c38247,VN_SRC_BACLIEU,Bac Lieu,source_reported_unharmonized,2014-2015,2014,academic_year,89.28,%,observed,not_specified,E1323,73,15,89.28,2014-2015,,Bac Lieu
education,e1323_c9b3c38247,VN_SRC_BACLIEU,Bac Lieu,source_reported_unharmonized,2015-2016,2015,academic_year,93.36,%,observed,not_specified,E1323,73,16,93.36,2015-2016,,Bac Lieu
education,e1323_c9b3c38247,VN_SRC_BACLIEU,Bac Lieu,source_reported_unharmonized,2016-2017,2016,academic_year,99.67,%,observed,not_specified,E1323,73,17,99.67,2016-2017,,Bac Lieu
education,e1323_c9b3c38247,VN_SRC_CAMAU,Ca Mau,source_reported_unharmonized,2001-2002,2001,academic_year,83.11,%,observed,not_specified,E1323,74,2,83.11,2001-2002,,Ca Mau
education,e1323_c9b3c38247,VN_SRC_CAMAU,Ca Mau,source_reported_unharmonized,2002-2003,2002,academic_year,76.20,%,observed,not_specified,E1323,74,3,76.20,2002-2003,,Ca Mau
education,e1323_c9b3c38247,VN_SRC_CAMAU,Ca Mau,source_reported_unharmonized,2003-2004,2003,academic_year,71.21,%,observed,not_specified,E1323,74,4,71.21,2003-2004,,Ca Mau
education,e1323_c9b3c38247,VN_SRC_CAMAU,Ca Mau,source_reported_unharmonized,2004-2005,2004,academic_year,68.41,%,observed,not_specified,E1323,74,5,68.41,2004-2005,,Ca Mau
education,e1323_c9b3c38247,VN_SRC_CAMAU,Ca Mau,source_reported_unharmonized,2005-2006,2005,academic_year,79.96,%,observed,not_specified,E1323,74,6,79.96,2005-2006,,Ca Mau
education,e1323_c9b3c38247,VN_SRC_CAMAU,Ca Mau,source_reported_unharmonized,2006-2007,2006,academic_year,78.00,%,observed,not_specified,E1323,74,7,78.00,2006-2007,,Ca Mau
education,e1323_c9b3c38247,VN_SRC_CAMAU,Ca Mau,source_reported_unharmonized,2007-2008,2007,academic_year,84.92,%,observed,not_specified,E1323,74,8,84.92,2007-2008,,Ca Mau
education,e1323_c9b3c38247,VN_SRC_CAMAU,Ca Mau,source_reported_unharmonized,2008-2009,2008,academic_year,82.25,%,observed,not_specified,E1323,74,9,82.25,2008-2009,,Ca Mau
education,e1323_c9b3c38247,VN_SRC_CAMAU,Ca Mau,source_reported_unharmonized,2009-2010,2009,academic_year,90.01,%,observed,not_specified,E1323,74,10,90.01,2009-2010,,Ca Mau
education,e1323_c9b3c38247,VN_SRC_CAMAU,Ca Mau,source_reported_unharmonized,2010-2011,2010,academic_year,93.16,%,observed,not_specified,E1323,74,11,93.16,2010-2011,,Ca Mau
education,e1323_c9b3c38247,VN_SRC_CAMAU,Ca Mau,source_reported_unharmonized,2011-2012,2011,academic_year,99.45,%,observed,not_specified,E1323,74,12,99.45,2011-2012,,Ca Mau
education,e1323_c9b3c38247,VN_SRC_CAMAU,Ca Mau,source_reported_unharmonized,2012-2013,2012,academic_year,98.93,%,observed,not_specified,E1323,74,13,98.93,2012-2013,,Ca Mau
education,e1323_c9b3c38247,VN_SRC_CAMAU,Ca Mau,source_reported_unharmonized,2013-2014,2013,academic_year,98.27,%,observed,not_specified,E1323,74,14,98.27,2013-2014,,Ca Mau
education,e1323_c9b3c38247,VN_SRC_CAMAU,Ca Mau,source_reported_unharmonized,2014-2015,2014,academic_year,85.22,%,observed,not_specified,E1323,74,15,85.22,2014-2015,,Ca Mau
education,e1323_c9b3c38247,VN_SRC_CAMAU,Ca Mau,source_reported_unharmonized,2015-2016,2015,academic_year,91.89,%,observed,not_specified,E1323,74,16,91.89,2015-2016,,Ca Mau
education,e1323_c9b3c38247,VN_SRC_CAMAU,Ca Mau,source_reported_unharmonized,2016-2017,2016,academic_year,98.06,%,observed,not_specified,E1323,74,17,98.06,2016-2017,,Ca Mau
