{"type":"FeatureCollection","crs":{"type":"name","properties":{"name":"urn:ogc:def:crs:OGC:1.3:CRS84"}},"features":[{"type":"Feature","properties":{"name":"Ha Noi","code":"VN_SRC_HANOI"},"geometry":{"type":"Polygon","coordinates":[[[105.76858,20.56531],[105.77713,20.56452],[105.7797,20.5662],[105.78215,20.56485],[105.79602,20.56868],[105.79943,20.58163],[105.80173,20.58455],[105.80128,20.59322],[105.80542,20.59946],[105.80776,20.59731],[105.80852,20.59904],[105.80693,20.60058],[105.81163,20.60444],[105.80734,20.60651],[105.8056,20.60993],[105.81256,20.61624],[105.81298,20.61822],[105.81509,20.61809],[105.81173,20.6278],[105.8148,20.6343],[105.83151,20.64422],[105.83416,20.64768],[105.83371,20.64936],[105.82631,20.65344],[105.81962,20.6604],[105.82246,20.66269],[105.82242,20.66456],[105.82786,20.66378],[105.83407,20.66009],[105.83462,20.66133],[105.84,20.65943],[105.84018,20.6567],[105.84847,20.65168],[105.84957,20.65256],[105.85676,20.6453],[105.86642,20.64534],[105.87336,20.64334],[105.87993,20.64323],[105.88948,20.64712],[105.89607,20.65184],[105.89614,20.66931],[105.9025,20.66505],[105.9054,20.66509],[105.90567,20.66836],[105.91812,20.67379],[105.91953,20.67582],[105.93236,20.68011],[105.94314,20.68194],[105.94669,20.67635],[105.9466,20.66645],[105.94301,20.66214],[105.94409,20.65668],[105.94761,20.6538],[105.95804,20.65038],[105.95682,20.65607],[105.95858,20.65952],[105.96587,20.6643],[105.97726,20.66548],[105.97846,20.6738],[105.98477,20.68049],[105.98845,20.68223],[105.99241,20.68117],[105.99307,20.68217],[105.99455,20.681],[105.99179,20.6781],[105.99461,20.67651],[105.99774,20.67782],[105.99376,20.68301],[105.9944,20.68511],[105.99327,20.68445],[105.99185,20.68938],[105.99813,20.69228],[105.99588,20.69739],[106.00238,20.70187],[106.00289,20.70436],[105.98898,20.70384],[105.97888,20.69932],[105.97316,20.7005],[105.96433,20.72499],[105.96491,20.72864],[105.96959,20.73429],[105.96736,20.75081],[105.96844,20.76983],[105.96691,20.77324],[105.9603,20.77916],[105.93763,20.78368],[105.92685,20.78819],[105.91895,20.79806],[105.91096,20.8203],[105.91087,20.82904],[105.91445,20.83875],[105.91915,20.84368],[105.93328,20.85154],[105.93562,20.85679],[105.93551,20.86673],[105.93131,20.87377],[105.92436,20.87665],[105.91505,20.88386],[105.89856,20.89177],[105.89623,20.89394],[105.89532,20.89779],[105.89915,20.90523],[105.90796,20.9115],[105.913,20.91816],[105.91269,20.9221],[105.90844,20.92629],[105.91508,20.93708],[105.90415,20.94665],[105.90651,20.95803],[105.91232,20.97109],[105.91518,20.97224],[105.91573,20.9755],[105.92478,20.97612],[105.92486,20.97436],[105.92983,20.97263],[105.93224,20.97351],[105.93862,20.96784],[105.94862,20.96933],[105.94859,20.96752],[105.95522,20.96848],[105.95515,20.9661],[105.95669,20.9675],[105.95639,20.96606],[105.96463,20.96315],[105.96475,20.97263],[105.96238,20.97395],[105.96189,20.98101],[105.96519,20.98418],[105.9613,20.98824],[105.9618,20.98973],[105.96661,20.99111],[105.96901,20.98858],[105.97245,20.98959],[105.97206,20.99668],[105.97752,20.99894],[105.98428,20.99669],[105.98925,20.99824],[105.99173,21.00102],[105.99405,21.00042],[105.99429,21.0014],[105.99938,20.99926],[106.00124,21.00003],[105.9991,21.0066],[106.00779,21.00834],[106.01023,21.01124],[106.00958,21.0124],[106.00493,21.01163],[106.00474,21.01392],[106.00682,21.01617],[106.00455,21.01726],[106.00438,21.02153],[106.00679,21.02432],[106.00941,21.02445],[106.00646,21.02885],[106.01304,21.03051],[106.01645,21.03434],[106.01842,21.04049],[106.02007,21.04121],[106.0199,21.0475],[106.01427,21.05071],[106.01513,21.05248],[106.01342,21.05346],[106.01379,21.05572],[106.01058,21.05774],[106.00835,21.05557],[106.00704,21.05769],[106.00969,21.06197],[106.00835,21.06463],[106.00628,21.06298],[105.99912,21.07439],[105.99335,21.06887],[105.96792,21.07211],[105.96864,21.0736],[105.96194,21.07791],[105.95999,21.08846],[105.95794,21.09139],[105.94028,21.08347],[105.93936,21.08773],[105.94096,21.08905],[105.9391,21.0918],[105.93792,21.09114],[105.93564,21.09526],[105.93484,21.0975],[105.93634,21.10146],[105.93424,21.10277],[105.93411,21.10651],[105.93096,21.10887],[105.93117,21.11098],[105.9293,21.11255],[105.92822,21.11116],[105.92172,21.1147],[105.9209,21.11605],[105.92369,21.12054],[105.92223,21.12131],[105.92154,21.11927],[105.91562,21.11896],[105.91321,21.12569],[105.91932,21.12991],[105.91799,21.13204],[105.92201,21.13535],[105.92468,21.13332],[105.92557,21.13613],[105.92374,21.13806],[105.92655,21.14051],[105.92604,21.14654],[105.9236,21.14694],[105.91959,21.15546],[105.92299,21.16274],[105.91918,21.1634],[105.91716,21.16779],[105.91838,21.17353],[105.92119,21.17378],[105.9216,21.17704],[105.92019,21.17839],[105.92355,21.18271],[105.91559,21.18717],[105.91612,21.18881],[105.91366,21.19156],[105.9072,21.19223],[105.90264,21.20114],[105.9034,21.20263],[105.90953,21.20082],[105.91343,21.20248],[105.90997,21.20731],[105.91526,21.20836],[105.91585,21.21135],[105.91509,21.2167],[105.91067,21.2241],[105.90871,21.22477],[105.90532,21.22235],[105.90373,21.22568],[105.90655,21.22927],[105.90548,21.23096],[105.90669,21.23207],[105.91281,21.23099],[105.91352,21.23223],[105.91914,21.23112],[105.92105,21.23231],[105.92128,21.23463],[105.92784,21.23975],[105.92636,21.24466],[105.9354,21.2454],[105.93801,21.24337],[105.93814,21.2479],[105.9224,21.27289],[105.92313,21.28718],[105.92699,21.29037],[105.93067,21.29135],[105.93173,21.294],[105.92971,21.29519],[105.92277,21.29397],[105.91689,21.29478],[105.91593,21.29689],[105.91795,21.30412],[105.91699,21.30567],[105.90907,21.30165],[105.90097,21.3042],[105.89736,21.30879],[105.89962,21.32482],[105.89759,21.32733],[105.89239,21.32633],[105.88892,21.32546],[105.87113,21.3298],[105.86832,21.32725],[105.8629,21.338],[105.85806,21.33873],[105.85577,21.34413],[105.8565,21.34565],[105.85922,21.34535],[105.8528,21.34851],[105.85258,21.35075],[105.85472,21.35253],[105.85157,21.35593],[105.85447,21.36735],[105.85828,21.36798],[105.85874,21.37446],[105.85649,21.37646],[105.84946,21.37439],[105.84711,21.37758],[105.83941,21.37743],[105.83573,21.37392],[105.83204,21.37316],[105.83034,21.37578],[105.82155,21.37803],[105.81595,21.38305],[105.8138,21.38285],[105.8128,21.3811],[105.80494,21.38271],[105.80124,21.38528],[105.79878,21.38154],[105.79682,21.3825],[105.79462,21.37933],[105.79047,21.37791],[105.788,21.37521],[105.79013,21.37326],[105.7873,21.37107],[105.78658,21.36351],[105.78469,21.35956],[105.78657,21.35724],[105.78654,21.35386],[105.7929,21.34653],[105.7906,21.34414],[105.78309,21.34278],[105.77669,21.33741],[105.77247,21.32566],[105.76253,21.31349],[105.75738,21.30123],[105.75293,21.29727],[105.75335,21.29492],[105.74939,21.29596],[105.74548,21.29379],[105.74503,21.29193],[105.74319,21.29284],[105.74287,21.29031],[105.74087,21.29031],[105.74266,21.28892],[105.74198,21.2873],[105.7397,21.28784],[105.73943,21.28667],[105.73822,21.28813],[105.73641,21.2869],[105.73516,21.28398],[105.73606,21.27963],[105.73363,21.27958],[105.73258,21.27507],[105.72924,21.27599],[105.72816,21.27317],[105.72541,21.27281],[105.72941,21.26925],[105.72319,21.26613],[105.72491,21.25725],[105.72333,21.25101],[105.72928,21.24872],[105.72511,21.24234],[105.72793,21.2408],[105.73344,21.24206],[105.73589,21.24064],[105.73704,21.23537],[105.73424,21.23553],[105.73009,21.23825],[105.735,21.23284],[105.7322,21.23073],[105.73141,21.2315],[105.72426,21.22536],[105.72187,21.22792],[105.71937,21.22275],[105.71552,21.22471],[105.70921,21.21985],[105.70341,21.22132],[105.70165,21.21849],[105.70068,21.22014],[105.69866,21.21989],[105.69754,21.2185],[105.69825,21.21248],[105.69301,21.22128],[105.69043,21.22007],[105.68885,21.22089],[105.6856,21.22894],[105.68251,21.23038],[105.68299,21.23178],[105.6888,21.23276],[105.68828,21.23466],[105.6819,21.23496],[105.67893,21.22855],[105.67617,21.22694],[105.67147,21.2304],[105.67529,21.23378],[105.67506,21.23586],[105.67374,21.23633],[105.67136,21.23296],[105.66908,21.23309],[105.66709,21.23954],[105.6601,21.23466],[105.65602,21.23508],[105.65219,21.23816],[105.64688,21.2362],[105.64408,21.2334],[105.64526,21.22723],[105.65129,21.22569],[105.65437,21.22758],[105.65865,21.2232],[105.65798,21.22032],[105.64536,21.21544],[105.63596,21.21741],[105.63582,21.21551],[105.63922,21.21146],[105.63851,21.20714],[105.63154,21.20872],[105.62828,21.21097],[105.62105,21.20592],[105.61642,21.20823],[105.61518,21.2072],[105.61643,21.20223],[105.62239,21.20097],[105.6219,21.1947],[105.62417,21.19364],[105.62465,21.18802],[105.62982,21.18409],[105.6281,21.18086],[105.62454,21.18072],[105.62665,21.17528],[105.62212,21.1783],[105.61489,21.17887],[105.60213,21.17201],[105.59471,21.1664],[105.59062,21.16126],[105.5799,21.15723],[105.56354,21.1541],[105.53806,21.15621],[105.52143,21.15575],[105.50188,21.15837],[105.49222,21.16094],[105.47202,21.17421],[105.46956,21.17665],[105.46669,21.20055],[105.46399,21.20179],[105.46399,21.20721],[105.46225,21.20705],[105.46182,21.20879],[105.46238,21.21414],[105.46076,21.22117],[105.44601,21.24537],[105.44352,21.2649],[105.44033,21.27945],[105.43657,21.28655],[105.40043,21.30318],[105.39539,21.30388],[105.38932,21.30221],[105.37001,21.29202],[105.36119,21.28451],[105.35631,21.29152],[105.35617,21.25974],[105.34766,21.22712],[105.33902,21.20955],[105.34179,21.20902],[105.33277,21.20408],[105.3228,21.20174],[105.30369,21.19158],[105.29082,21.16588],[105.285,21.16632],[105.2849,21.16295],[105.29783,21.14484],[105.30852,21.13318],[105.31988,21.11361],[105.32027,21.10917],[105.3168,21.09353],[105.30141,21.07115],[105.29416,21.05342],[105.29684,21.03736],[105.30483,21.02207],[105.31425,21.01613],[105.31748,21.01222],[105.32322,21.01619],[105.3248,21.02157],[105.32875,21.01761],[105.32656,21.0164],[105.32748,21.01401],[105.32484,21.01036],[105.32606,21.00903],[105.33392,21.00797],[105.33536,21.00926],[105.33456,21.01042],[105.33912,21.01358],[105.34209,21.01279],[105.34795,21.01396],[105.35151,21.00868],[105.3548,21.0075],[105.36642,21.01272],[105.37425,21.01361],[105.38003,21.01977],[105.38741,21.02427],[105.38681,21.01772],[105.39369,21.01417],[105.39192,21.00727],[105.39345,21.00287],[105.40327,20.99816],[105.40934,20.9989],[105.4179,20.99764],[105.42192,20.9838],[105.43015,20.98065],[105.43383,20.97718],[105.44224,20.96421],[105.44419,20.95642],[105.4533,20.95332],[105.46106,20.94698],[105.46601,20.94573],[105.47128,20.94874],[105.47949,20.94801],[105.48877,20.93716],[105.48856,20.9354],[105.50201,20.93051],[105.50628,20.92586],[105.51381,20.92197],[105.51535,20.92184],[105.52363,20.92889],[105.52855,20.92712],[105.531,20.9307],[105.53303,20.93102],[105.5453,20.92832],[105.55732,20.93091],[105.56744,20.92717],[105.57208,20.92725],[105.57463,20.92948],[105.58148,20.9282],[105.58152,20.92416],[105.57887,20.92067],[105.58096,20.91782],[105.58037,20.91654],[105.56728,20.91115],[105.56763,20.90201],[105.56378,20.89834],[105.56321,20.89554],[105.56141,20.89719],[105.55996,20.89012],[105.55715,20.88926],[105.55734,20.88767],[105.55515,20.88608],[105.55632,20.87968],[105.55928,20.88096],[105.55959,20.87768],[105.56166,20.87556],[105.56587,20.87515],[105.56968,20.86998],[105.57529,20.86728],[105.57545,20.8643],[105.57938,20.86151],[105.57842,20.85999],[105.58011,20.85808],[105.58294,20.85951],[105.58493,20.85833],[105.58389,20.85576],[105.58475,20.8484],[105.58645,20.84753],[105.58549,20.84518],[105.58814,20.84488],[105.58528,20.84278],[105.58635,20.84102],[105.58529,20.83966],[105.58035,20.83615],[105.57948,20.8266],[105.57465,20.82234],[105.56173,20.82076],[105.55823,20.80951],[105.55579,20.80634],[105.54985,20.80274],[105.56087,20.80177],[105.56569,20.79811],[105.57278,20.7958],[105.58847,20.79529],[105.58661,20.80938],[105.58336,20.81182],[105.58356,20.8158],[105.58541,20.81927],[105.58784,20.82027],[105.58728,20.8275],[105.58938,20.8315],[105.59481,20.83067],[105.59768,20.83322],[105.59695,20.83863],[105.60095,20.84142],[105.60329,20.83858],[105.61013,20.83782],[105.61665,20.83147],[105.62638,20.83226],[105.63106,20.82937],[105.63348,20.83016],[105.6321,20.83814],[105.63607,20.83889],[105.63636,20.83513],[105.63504,20.83326],[105.63708,20.83032],[105.64205,20.82783],[105.64035,20.82218],[105.63829,20.82304],[105.63644,20.82159],[105.63088,20.82359],[105.63301,20.82135],[105.62891,20.81995],[105.63199,20.81977],[105.63069,20.81697],[105.62884,20.81649],[105.63205,20.81363],[105.63068,20.81062],[105.63304,20.80712],[105.63249,20.80307],[105.63434,20.80181],[105.63105,20.79746],[105.63297,20.79592],[105.63074,20.79364],[105.64316,20.79263],[105.64387,20.79412],[105.64835,20.79243],[105.64969,20.76092],[105.6578,20.74143],[105.66656,20.73412],[105.66142,20.72379],[105.66363,20.71755],[105.6696,20.71276],[105.67152,20.70749],[105.68161,20.69847],[105.68253,20.69546],[105.68075,20.69115],[105.67946,20.69103],[105.6789,20.68376],[105.67194,20.68027],[105.66871,20.68024],[105.66944,20.67593],[105.67349,20.6702],[105.67224,20.66804],[105.67348,20.6649],[105.67531,20.66356],[105.67715,20.66513],[105.67689,20.67171],[105.67901,20.66934],[105.68006,20.66191],[105.67834,20.66055],[105.68091,20.65241],[105.67859,20.64667],[105.68209,20.64024],[105.68656,20.63792],[105.68357,20.63511],[105.68477,20.633],[105.67836,20.62841],[105.67701,20.62983],[105.67325,20.62919],[105.67109,20.63222],[105.6686,20.62923],[105.6657,20.63018],[105.66356,20.62813],[105.66675,20.62353],[105.66539,20.62133],[105.66613,20.61711],[105.67344,20.61589],[105.68159,20.61739],[105.68285,20.61588],[105.68643,20.61599],[105.69065,20.62131],[105.69699,20.61976],[105.69868,20.62177],[105.70123,20.62136],[105.70403,20.61563],[105.70366,20.61059],[105.70531,20.60921],[105.70404,20.60265],[105.70829,20.5987],[105.72019,20.59645],[105.72284,20.59778],[105.72735,20.60536],[105.73288,20.59962],[105.74312,20.59886],[105.74751,20.59219],[105.75234,20.58952],[105.76482,20.57588],[105.76858,20.56531]]]}},{"type":"Feature","properties":{"name":"Hai Phong city","code":"VN_SRC_HAIPHONG"},"geometry":{"type":"MultiPolygon","coordinates":[[[[106.81334,20.66773],[106.81597,20.6656],[106.81806,20.66656],[106.81747,20.66834],[106.81334,20.66773]]],[[[106.40782,20.72843],[106.40875,20.72247],[106.41711,20.71682],[106.41531,20.71623],[106.4164,20.71307],[106.41246,20.71222],[106.41475,20.70676],[106.4106,20.70399],[106.40231,20.69347],[106.40064,20.68839],[106.40751,20.68639],[106.4208,20.67624],[106.42462,20.67116],[106.43825,20.66226],[106.44455,20.65117],[106.45497,20.63893],[106.45457,20.63149],[106.45025,20.62017],[106.4601,20.6175],[106.4655,20.61407],[106.46907,20.60832],[106.47009,20.60027],[106.47166,20.5982],[106.48186,20.59946],[106.48866,20.60774],[106.49312,20.61664],[106.50782,20.61476],[106.51508,20.61187],[106.51807,20.60866],[106.51945,20.60254],[106.52962,20.60298],[106.54004,20.60836],[106.5419,20.61536],[106.54157,20.62252],[106.54674,20.62698],[106.55894,20.62666],[106.56548,20.62029],[106.56853,20.61969],[106.58533,20.6274],[106.59287,20.63637],[106.60141,20.63977],[106.60668,20.63168],[106.61184,20.62694],[106.62035,20.62502],[106.6311,20.62771],[106.63619,20.62704],[106.6454,20.62196],[106.65643,20.61268],[106.66483,20.61519],[106.69326,20.63102],[106.6941,20.63827],[106.7054,20.65993],[106.70742,20.6673],[106.70326,20.67444],[106.71325,20.68598],[106.72188,20.68951],[106.74329,20.70442],[106.76713,20.71455],[106.77007,20.70937],[106.77369,20.70805],[106.77326,20.70508],[106.7751,20.7029],[106.78017,20.70329],[106.78479,20.70148],[106.78481,20.69658],[106.78917,20.69458],[106.78586,20.69246],[106.7866,20.68872],[106.79197,20.68734],[106.79479,20.68226],[106.79984,20.68138],[106.80286,20.67922],[106.80312,20.67757],[106.7991,20.67681],[106.79948,20.6737],[106.80555,20.67022],[106.80988,20.67284],[106.81024,20.67619],[106.80388,20.68445],[106.79884,20.68367],[106.79674,20.68467],[106.79558,20.68838],[106.79828,20.69548],[106.79634,20.69729],[106.79354,20.69738],[106.79335,20.70043],[106.7915,20.70129],[106.79601,20.70984],[106.80115,20.7135],[106.79916,20.71527],[106.80203,20.72119],[106.80146,20.72309],[106.79851,20.72385],[106.7947,20.72214],[106.7907,20.72243],[106.78556,20.74175],[106.78299,20.74651],[106.76986,20.76269],[106.75872,20.77056],[106.75634,20.77401],[106.75634,20.77782],[106.76824,20.79495],[106.77086,20.80315],[106.84793,20.79845],[106.84905,20.79341],[106.85274,20.79121],[106.85956,20.79025],[106.87966,20.79626],[106.88155,20.79595],[106.88165,20.79341],[106.88676,20.79365],[106.90288,20.80024],[106.90431,20.80516],[106.89572,20.80896],[106.89156,20.81496],[106.8771,20.82695],[106.87376,20.834],[106.83206,20.8122],[106.82094,20.82616],[106.81627,20.82949],[106.80495,20.83187],[106.78877,20.83197],[106.7841,20.83359],[106.77282,20.84213],[106.76241,20.85295],[106.75694,20.86485],[106.75364,20.88198],[106.76837,20.90646],[106.77043,20.91297],[106.76909,20.96251],[106.76716,20.97749],[106.75264,20.99417],[106.74032,20.99965],[106.723,20.9972],[106.70676,20.99961],[106.68849,21.00479],[106.65221,21.0194],[106.64506,21.01855],[106.63735,21.01237],[106.62618,21.01173],[106.62247,21.01317],[106.61561,21.0202],[106.61144,21.02122],[106.60262,21.01681],[106.59409,21.01799],[106.59022,21.01494],[106.57862,21.01638],[106.57357,21.01086],[106.56989,21.01214],[106.56734,21.01794],[106.56515,21.01937],[106.56318,21.01117],[106.55816,21.00761],[106.55559,21.00223],[106.55549,20.99337],[106.55744,20.99021],[106.563,20.98636],[106.56587,20.98055],[106.58508,20.97391],[106.58519,20.96226],[106.59283,20.95181],[106.59151,20.94689],[106.58209,20.93346],[106.57675,20.93051],[106.57247,20.93169],[106.57048,20.93419],[106.57102,20.93686],[106.57871,20.94352],[106.57774,20.94732],[106.57331,20.9508],[106.56939,20.95176],[106.56762,20.95085],[106.56804,20.93828],[106.56478,20.93428],[106.55985,20.93187],[106.55724,20.93181],[106.55585,20.93329],[106.5554,20.94802],[106.54863,20.94676],[106.54621,20.94777],[106.5433,20.94428],[106.54349,20.93527],[106.54183,20.93067],[106.5444,20.92721],[106.54234,20.92372],[106.54328,20.92257],[106.54786,20.92243],[106.54836,20.91966],[106.54676,20.91909],[106.54446,20.92177],[106.54196,20.92167],[106.5407,20.91854],[106.53541,20.91707],[106.53336,20.91177],[106.5312,20.91257],[106.52963,20.91551],[106.52756,20.91514],[106.52845,20.90914],[106.52704,20.90763],[106.53139,20.90661],[106.53098,20.90453],[106.53386,20.90527],[106.53358,20.90292],[106.53604,20.90104],[106.5402,20.90029],[106.53807,20.89813],[106.54131,20.89755],[106.54006,20.8944],[106.54376,20.893],[106.54324,20.89142],[106.54049,20.89079],[106.53958,20.88702],[106.54155,20.8848],[106.54502,20.88573],[106.54811,20.88452],[106.54444,20.87856],[106.54881,20.87877],[106.55231,20.87658],[106.5523,20.87354],[106.55042,20.87281],[106.54963,20.87017],[106.53553,20.86661],[106.53168,20.85415],[106.52884,20.85175],[106.52478,20.85078],[106.52305,20.85293],[106.52416,20.86218],[106.50655,20.86332],[106.50394,20.86088],[106.50223,20.8542],[106.49967,20.8529],[106.49795,20.86003],[106.49354,20.86714],[106.48702,20.86605],[106.48319,20.86901],[106.48122,20.86799],[106.48313,20.86458],[106.47744,20.85845],[106.48498,20.84954],[106.4942,20.84392],[106.49705,20.83968],[106.49472,20.83131],[106.48887,20.82429],[106.48838,20.82181],[106.4928,20.81937],[106.51097,20.82254],[106.51409,20.82179],[106.51604,20.81859],[106.51528,20.81265],[106.50844,20.80109],[106.50415,20.80435],[106.50328,20.80775],[106.50034,20.80849],[106.49254,20.80629],[106.48606,20.7998],[106.49676,20.78351],[106.49829,20.77311],[106.49275,20.76274],[106.49393,20.76101],[106.49855,20.76028],[106.49123,20.75279],[106.48712,20.75052],[106.48097,20.75061],[106.47355,20.75377],[106.46594,20.7433],[106.46195,20.74268],[106.45672,20.74456],[106.45256,20.74283],[106.45273,20.74011],[106.46099,20.73568],[106.46501,20.73098],[106.46523,20.72657],[106.46029,20.72269],[106.45205,20.72204],[106.45129,20.7245],[106.45307,20.73001],[106.45211,20.73365],[106.44775,20.73641],[106.44609,20.73525],[106.44665,20.73117],[106.44524,20.72795],[106.43769,20.72014],[106.43568,20.7211],[106.43213,20.72893],[106.4248,20.73352],[106.41306,20.73528],[106.40782,20.72843]]],[[[106.83751,20.76842],[106.84091,20.76851],[106.8406,20.77327],[106.83831,20.77582],[106.83835,20.77293],[106.8357,20.77001],[106.83751,20.76842]]],[[[106.93434,20.81088],[106.93349,20.81569],[106.93569,20.81997],[106.9294,20.82647],[106.92004,20.82453],[106.91574,20.81926],[106.91658,20.8184],[106.9143,20.81716],[106.92198,20.80169],[106.9252,20.80002],[106.93015,20.80137],[106.9304,20.80767],[106.93434,20.81088]]],[[[106.93847,20.8184],[106.93839,20.8202],[106.93636,20.82084],[106.93847,20.8184]]],[[[106.94143,20.82198],[106.94132,20.82444],[106.93887,20.82333],[106.94143,20.82198]]],[[[106.93268,20.824],[106.93356,20.82298],[106.93417,20.82506],[106.93268,20.824]]],[[[106.93819,20.8302],[106.93549,20.83037],[106.9348,20.82581],[106.93682,20.82631],[106.93819,20.8302]]],[[[106.92979,20.82863],[106.92678,20.83838],[106.91843,20.83994],[106.90833,20.82681],[106.91278,20.82091],[106.92007,20.82684],[106.92979,20.82863]]],[[[106.94126,20.84574],[106.9384,20.84642],[106.93914,20.84301],[106.93709,20.8465],[106.93602,20.84472],[106.93335,20.84595],[106.93406,20.8441],[106.93136,20.8448],[106.93107,20.84234],[106.92762,20.84279],[106.92669,20.84057],[106.92864,20.83912],[106.92862,20.84076],[106.93154,20.83962],[106.93328,20.84258],[106.93434,20.84142],[106.93428,20.84342],[106.93582,20.84354],[106.93564,20.84142],[106.9321,20.83936],[106.93039,20.83461],[106.93354,20.83463],[106.93316,20.83567],[106.93618,20.83797],[106.93555,20.8346],[106.9368,20.8336],[106.93998,20.83331],[106.94102,20.83566],[106.942,20.83362],[106.94399,20.8349],[106.94268,20.8366],[106.94677,20.83891],[106.94431,20.84229],[106.94554,20.84426],[106.94126,20.84574]]],[[[106.94808,20.85053],[106.94941,20.85109],[106.94756,20.85177],[106.94808,20.85053]]],[[[106.94639,20.85626],[106.94746,20.85542],[106.94676,20.85804],[106.94639,20.85626]]],[[[106.89807,20.85528],[106.89945,20.85537],[106.89423,20.86626],[106.89339,20.87134],[106.89038,20.87378],[106.88754,20.8731],[106.88734,20.86719],[106.88377,20.86274],[106.8928,20.85916],[106.88304,20.86098],[106.88194,20.8584],[106.888,20.8573],[106.88193,20.85705],[106.88109,20.85451],[106.8865,20.85563],[106.88136,20.85344],[106.87952,20.856],[106.87805,20.85592],[106.87688,20.85232],[106.87798,20.84861],[106.88306,20.84484],[106.88812,20.84494],[106.88699,20.84382],[106.88841,20.84243],[106.89386,20.84305],[106.89642,20.84502],[106.89951,20.84494],[106.89807,20.85528]]],[[[106.96058,20.86313],[106.95873,20.86278],[106.95623,20.86487],[106.95591,20.85864],[106.95958,20.85842],[106.959,20.86015],[106.96121,20.8606],[106.96058,20.86313]]],[[[106.9623,20.87712],[106.95844,20.87796],[106.96078,20.87327],[106.96194,20.87637],[106.96531,20.86922],[106.96295,20.86992],[106.96439,20.86581],[106.96024,20.86402],[106.96449,20.8612],[106.9629,20.86074],[106.96319,20.8596],[106.96674,20.85875],[106.96666,20.86235],[106.9681,20.86159],[106.96959,20.86349],[106.97076,20.86284],[106.96967,20.86108],[106.97167,20.86001],[106.97413,20.86282],[106.97651,20.86292],[106.97455,20.86357],[106.97712,20.8652],[106.974,20.86585],[106.97549,20.86778],[106.97448,20.86864],[106.977,20.86915],[106.97611,20.8711],[106.97228,20.86841],[106.97243,20.87214],[106.9713,20.87143],[106.96889,20.87305],[106.96903,20.87122],[106.96547,20.87161],[106.96474,20.87313],[106.96614,20.87501],[106.9623,20.87712]]],[[[106.95875,20.86984],[106.95897,20.87214],[106.9566,20.86893],[106.95868,20.86485],[106.95974,20.86717],[106.96124,20.86654],[106.96237,20.86768],[106.95924,20.86791],[106.95875,20.86984]]],[[[106.94381,20.86901],[106.94243,20.87262],[106.94212,20.87088],[106.94013,20.87013],[106.94246,20.86986],[106.94449,20.86696],[106.94381,20.86901]]],[[[106.94549,20.86995],[106.94781,20.87074],[106.94687,20.87439],[106.94436,20.8701],[106.94549,20.86995]]],[[[106.9396,20.87711],[106.93819,20.87947],[106.9358,20.87914],[106.93398,20.87526],[106.93632,20.87337],[106.93758,20.87448],[106.93615,20.875],[106.93647,20.8763],[106.9396,20.87711]]],[[[106.94812,20.877],[106.94976,20.87671],[106.94769,20.87899],[106.94812,20.877]]],[[[106.9671,20.8765],[106.96659,20.88125],[106.96399,20.87968],[106.95973,20.8808],[106.9671,20.8765]]],[[[106.96804,20.88177],[106.9682,20.88001],[106.97033,20.88024],[106.96804,20.88177]]],[[[106.95545,20.89013],[106.95621,20.8908],[106.95404,20.89225],[106.95487,20.88654],[106.95022,20.88427],[106.95386,20.88295],[106.95474,20.885],[106.96104,20.88637],[106.95985,20.88783],[106.95739,20.88726],[106.95545,20.89013]]],[[[106.95083,20.88789],[106.9532,20.88951],[106.95209,20.89023],[106.94792,20.8883],[106.95083,20.88789]]],[[[106.96579,20.88446],[106.9679,20.88675],[106.966,20.89676],[106.96236,20.88728],[106.96579,20.88446]]],[[[107.02196,20.70622],[107.02256,20.70795],[107.02102,20.70693],[107.02196,20.70622]]],[[[107.02305,20.71184],[107.0213,20.71569],[107.01686,20.71452],[107.01919,20.70931],[107.0213,20.71076],[107.02273,20.70868],[107.02447,20.70892],[107.02566,20.7103],[107.02305,20.71184]]],[[[107.0164,20.71632],[107.0181,20.71648],[107.01695,20.71742],[107.0164,20.71632]]],[[[107.0111,20.71931],[107.01515,20.71848],[107.01357,20.7212],[107.01072,20.72254],[107.0111,20.71931]]],[[[107.00987,20.72403],[107.01065,20.72347],[107.00962,20.72512],[107.00728,20.72493],[107.00987,20.72403]]],[[[107.01402,20.74037],[107.01709,20.74249],[107.01667,20.74343],[107.01236,20.74002],[107.01285,20.73811],[107.01402,20.74037]]],[[[107.01465,20.75049],[107.01355,20.74963],[107.01532,20.7498],[107.01465,20.75049]]],[[[106.95431,20.8762],[106.95318,20.87842],[106.95164,20.87855],[106.95025,20.8774],[106.95146,20.87513],[106.94963,20.87504],[106.95143,20.87129],[106.95035,20.86866],[106.95202,20.86867],[106.95194,20.86698],[106.94744,20.86797],[106.94743,20.86483],[106.944,20.86648],[106.94301,20.86349],[106.94473,20.86103],[106.9493,20.86224],[106.94879,20.86062],[106.95077,20.86079],[106.9516,20.85893],[106.95076,20.8565],[106.95205,20.85603],[106.95,20.84943],[106.94752,20.84911],[106.94791,20.84619],[106.94475,20.84863],[106.94504,20.85065],[106.94303,20.85263],[106.94391,20.85062],[106.94229,20.84995],[106.94436,20.84572],[106.94654,20.84599],[106.94664,20.84461],[106.9484,20.84424],[106.94885,20.84712],[106.95069,20.84837],[106.95126,20.84379],[106.94727,20.83494],[106.9483,20.83309],[106.94228,20.8314],[106.94219,20.82669],[106.94004,20.82775],[106.93845,20.8265],[106.94389,20.82509],[106.94549,20.83017],[106.94674,20.83102],[106.94849,20.82982],[106.94572,20.82674],[106.94867,20.82056],[106.94582,20.81963],[106.94581,20.818],[106.94751,20.81827],[106.94834,20.81687],[106.94565,20.8165],[106.9485,20.81376],[106.94735,20.81272],[106.94653,20.81411],[106.94622,20.81286],[106.94932,20.80445],[106.94778,20.80832],[106.94484,20.81004],[106.94335,20.81781],[106.93783,20.81751],[106.93442,20.81591],[106.93507,20.81107],[106.93095,20.80726],[106.93119,20.8028],[106.92996,20.80045],[106.92773,20.79901],[106.92381,20.79939],[106.91834,20.8035],[106.91793,20.79815],[106.92902,20.79544],[106.95296,20.79297],[106.95308,20.79036],[106.96111,20.78341],[106.96313,20.77684],[106.96507,20.77746],[106.9653,20.77911],[106.96775,20.77813],[106.9681,20.77376],[106.97121,20.77289],[106.96946,20.76945],[106.97446,20.76458],[106.97249,20.75898],[106.96997,20.7587],[106.96917,20.76046],[106.96568,20.75921],[106.97122,20.7542],[106.97349,20.75475],[106.97297,20.75177],[106.97534,20.75169],[106.97752,20.74894],[106.9789,20.75061],[106.98418,20.74873],[106.98055,20.74756],[106.98342,20.74569],[106.98348,20.74367],[106.98559,20.74634],[106.98677,20.74586],[106.98603,20.74332],[106.988,20.74047],[106.98781,20.73748],[106.9893,20.73744],[106.98941,20.74066],[106.99262,20.738],[106.99266,20.74181],[106.99021,20.74421],[106.99373,20.74518],[106.99554,20.74261],[106.99366,20.74034],[106.99662,20.73668],[106.99585,20.73561],[106.99723,20.73523],[106.99666,20.7332],[106.99829,20.73247],[106.9993,20.72761],[107.00128,20.73008],[107.00096,20.73278],[106.99658,20.7392],[107.00015,20.74118],[106.99595,20.74753],[107.00115,20.75073],[107.00408,20.74909],[107.00591,20.74999],[107.00675,20.74571],[107.00876,20.74417],[107.01146,20.74453],[107.01351,20.7476],[107.01134,20.74957],[107.0121,20.75217],[107.01807,20.75149],[107.02389,20.74303],[107.02045,20.74633],[107.01976,20.74523],[107.01778,20.74578],[107.01857,20.74853],[107.01733,20.74854],[107.01756,20.7444],[107.02003,20.74194],[107.01821,20.74071],[107.01685,20.74189],[107.01544,20.73915],[107.01812,20.73816],[107.02143,20.74081],[107.023,20.73947],[107.02373,20.74095],[107.02481,20.73961],[107.02549,20.74073],[107.02836,20.74036],[107.03497,20.73664],[107.03759,20.73729],[107.03836,20.73965],[107.04146,20.73891],[107.04171,20.73584],[107.039,20.73299],[107.03566,20.7352],[107.03313,20.73246],[107.03179,20.73424],[107.02441,20.73538],[107.02265,20.73326],[107.02354,20.72915],[107.02013,20.73203],[107.01997,20.73483],[107.01957,20.73356],[107.01619,20.73435],[107.01395,20.73188],[107.017,20.72703],[107.02358,20.72257],[107.02388,20.72801],[107.02565,20.7287],[107.03432,20.72013],[107.03353,20.73041],[107.03254,20.72813],[107.03121,20.72817],[107.03038,20.73169],[107.03702,20.73103],[107.03753,20.72836],[107.03966,20.73158],[107.04104,20.72244],[107.04366,20.72274],[107.0426,20.7252],[107.04641,20.72581],[107.05051,20.72229],[107.05013,20.71906],[107.04652,20.71791],[107.04779,20.71575],[107.04407,20.71512],[107.04605,20.712],[107.04836,20.71193],[107.04865,20.7148],[107.0528,20.71427],[107.05292,20.71783],[107.05525,20.71658],[107.05527,20.71941],[107.05907,20.7196],[107.05806,20.72103],[107.05928,20.72611],[107.05654,20.72797],[107.06011,20.73723],[107.05533,20.74343],[107.05504,20.7488],[107.06037,20.74746],[107.06343,20.74465],[107.06506,20.74536],[107.06602,20.74297],[107.06421,20.74291],[107.0684,20.73963],[107.0676,20.73817],[107.06633,20.73964],[107.06317,20.73835],[107.06596,20.73818],[107.06513,20.73595],[107.06963,20.73676],[107.06923,20.73908],[107.07171,20.73855],[107.07252,20.74146],[107.07003,20.74312],[107.07138,20.74633],[107.06749,20.74644],[107.06872,20.74775],[107.06589,20.74785],[107.06127,20.75246],[107.05856,20.75133],[107.05178,20.75431],[107.04942,20.75347],[107.04867,20.7562],[107.04359,20.75892],[107.04402,20.761],[107.04129,20.76525],[107.0392,20.76635],[107.03787,20.76549],[107.03837,20.76735],[107.03551,20.76992],[107.03558,20.77217],[107.03314,20.77313],[107.03404,20.77601],[107.03235,20.78714],[107.03648,20.78427],[107.03521,20.77971],[107.04306,20.77512],[107.04048,20.77451],[107.03811,20.77757],[107.03595,20.77739],[107.03816,20.7722],[107.04185,20.77151],[107.04164,20.76609],[107.04526,20.76786],[107.04314,20.76515],[107.04571,20.7622],[107.0465,20.76637],[107.04896,20.76244],[107.04999,20.76536],[107.05779,20.7666],[107.05603,20.76875],[107.05361,20.76764],[107.05182,20.77096],[107.04796,20.77256],[107.04745,20.77096],[107.04623,20.77149],[107.04392,20.76948],[107.04495,20.7705],[107.04269,20.77285],[107.04494,20.77183],[107.04604,20.77436],[107.04851,20.77319],[107.04927,20.7746],[107.05216,20.77415],[107.04937,20.77538],[107.04944,20.77887],[107.04967,20.77676],[107.05267,20.7746],[107.05808,20.77542],[107.05847,20.77755],[107.06086,20.77741],[107.06038,20.77919],[107.06227,20.78189],[107.0625,20.77836],[107.06767,20.7798],[107.06571,20.77638],[107.06338,20.77596],[107.06511,20.7739],[107.06858,20.77734],[107.06911,20.7757],[107.07364,20.77837],[107.0725,20.77964],[107.06931,20.77952],[107.07359,20.78055],[107.0727,20.7824],[107.06959,20.78075],[107.06924,20.78206],[107.0672,20.78226],[107.06477,20.78039],[107.06508,20.78324],[107.06342,20.78343],[107.05992,20.78271],[107.05872,20.77962],[107.05506,20.7768],[107.0582,20.78013],[107.05668,20.78128],[107.05594,20.77953],[107.05263,20.78157],[107.05684,20.78159],[107.05656,20.78531],[107.05851,20.78315],[107.06642,20.78452],[107.06941,20.78288],[107.07093,20.78431],[107.07285,20.7828],[107.07302,20.78563],[107.07395,20.78455],[107.07486,20.78537],[107.07183,20.78667],[107.06845,20.79338],[107.06191,20.79281],[107.06587,20.79397],[107.06302,20.79718],[107.06548,20.79859],[107.06499,20.8001],[107.06219,20.80037],[107.06304,20.80226],[107.06055,20.80467],[107.06174,20.80443],[107.06185,20.80573],[107.05717,20.80761],[107.0571,20.8096],[107.05391,20.8121],[107.05599,20.81398],[107.05143,20.8179],[107.05303,20.81806],[107.05389,20.82058],[107.05673,20.81971],[107.05504,20.81823],[107.05695,20.81538],[107.05919,20.81685],[107.06031,20.81484],[107.06302,20.81523],[107.06291,20.80713],[107.06639,20.80397],[107.06405,20.80301],[107.07032,20.7958],[107.0727,20.78921],[107.07402,20.78872],[107.0748,20.79184],[107.07578,20.78871],[107.07439,20.78758],[107.07744,20.78536],[107.0774,20.78143],[107.08028,20.77935],[107.08138,20.78005],[107.07844,20.78315],[107.08179,20.78182],[107.08148,20.7843],[107.07942,20.78505],[107.08095,20.78475],[107.08102,20.78658],[107.07848,20.78672],[107.07661,20.7896],[107.08365,20.78615],[107.08553,20.78943],[107.08525,20.78507],[107.0827,20.7855],[107.08212,20.78433],[107.08574,20.78221],[107.08236,20.78118],[107.08425,20.78029],[107.08509,20.77729],[107.08752,20.77713],[107.08818,20.77856],[107.08919,20.77736],[107.09008,20.77943],[107.09357,20.77585],[107.09215,20.77968],[107.09404,20.78039],[107.09597,20.7771],[107.09767,20.77804],[107.09687,20.77988],[107.0953,20.77975],[107.09684,20.7809],[107.10201,20.77731],[107.10165,20.78],[107.09965,20.78],[107.09673,20.78485],[107.09504,20.78528],[107.09727,20.78822],[107.09508,20.78786],[107.0937,20.78982],[107.09563,20.78965],[107.09356,20.79332],[107.09453,20.79573],[107.09282,20.79386],[107.09098,20.79406],[107.08621,20.79653],[107.08576,20.79847],[107.08271,20.79772],[107.08404,20.80044],[107.08041,20.80091],[107.08116,20.80319],[107.07872,20.80355],[107.07798,20.80651],[107.07989,20.80699],[107.0804,20.80387],[107.08396,20.80134],[107.08374,20.80347],[107.0864,20.80294],[107.08995,20.8058],[107.09127,20.80304],[107.09001,20.8037],[107.08793,20.80202],[107.09069,20.80055],[107.08808,20.79961],[107.09135,20.79978],[107.09087,20.79798],[107.09699,20.79569],[107.0974,20.79202],[107.09971,20.79273],[107.0983,20.79507],[107.09927,20.79456],[107.10001,20.79629],[107.10185,20.79281],[107.10503,20.79325],[107.10597,20.79521],[107.10731,20.79405],[107.10571,20.7908],[107.10858,20.79015],[107.10749,20.78776],[107.10866,20.78665],[107.1101,20.79185],[107.10797,20.79283],[107.10969,20.79369],[107.10979,20.79562],[107.10902,20.7988],[107.10648,20.80075],[107.10712,20.80223],[107.10407,20.80535],[107.10343,20.80051],[107.10125,20.80066],[107.10283,20.80222],[107.10126,20.80317],[107.10068,20.80147],[107.09793,20.80036],[107.09968,20.80365],[107.09862,20.80642],[107.10125,20.80729],[107.09394,20.81084],[107.09306,20.80991],[107.09459,20.8084],[107.09325,20.80893],[107.09189,20.80722],[107.09144,20.8127],[107.08943,20.8153],[107.09085,20.81664],[107.08605,20.81729],[107.08433,20.81961],[107.08194,20.8185],[107.08054,20.82014],[107.07921,20.81865],[107.07957,20.8204],[107.08202,20.82162],[107.07887,20.82293],[107.07725,20.82125],[107.07656,20.82437],[107.07544,20.82361],[107.07634,20.82226],[107.07186,20.82138],[107.07345,20.81989],[107.06926,20.81419],[107.07181,20.81189],[107.07082,20.81071],[107.06903,20.81277],[107.06469,20.81268],[107.06772,20.81391],[107.06935,20.81768],[107.06855,20.81708],[107.06675,20.82064],[107.06357,20.82219],[107.06467,20.81987],[107.06299,20.82014],[107.06276,20.819],[107.06577,20.81736],[107.06208,20.81836],[107.05995,20.81694],[107.06022,20.81921],[107.05836,20.82063],[107.06054,20.82066],[107.06244,20.823],[107.0569,20.82165],[107.05811,20.82566],[107.06109,20.82588],[107.05955,20.82859],[107.05664,20.82869],[107.05836,20.83115],[107.06087,20.8302],[107.06021,20.83334],[107.05674,20.83326],[107.05609,20.83064],[107.05428,20.83165],[107.05467,20.82869],[107.05013,20.82552],[107.0482,20.82676],[107.05052,20.83486],[107.04817,20.83448],[107.04818,20.83248],[107.04607,20.83063],[107.04721,20.82469],[107.04958,20.82438],[107.05114,20.82194],[107.05343,20.82503],[107.05456,20.8253],[107.05496,20.82328],[107.05355,20.82123],[107.05181,20.82161],[107.04679,20.81887],[107.05211,20.81321],[107.04677,20.81414],[107.04505,20.81657],[107.04604,20.8207],[107.0436,20.82526],[107.03687,20.83005],[107.0376,20.83224],[107.0408,20.8278],[107.04339,20.8276],[107.04408,20.83749],[107.04642,20.84002],[107.04543,20.84503],[107.04649,20.84791],[107.04365,20.84701],[107.04313,20.85056],[107.04039,20.84958],[107.03929,20.85481],[107.03682,20.85353],[107.0373,20.85937],[107.03647,20.86086],[107.03623,20.85879],[107.03468,20.86006],[107.03457,20.86203],[107.03116,20.85945],[107.0279,20.8622],[107.02735,20.85974],[107.02494,20.86254],[107.02397,20.86079],[107.0261,20.85654],[107.02429,20.85628],[107.02211,20.85842],[107.02282,20.86212],[107.02123,20.86018],[107.019,20.86185],[107.01798,20.86115],[107.02069,20.85816],[107.01657,20.85913],[107.01548,20.86188],[107.01489,20.85968],[107.01133,20.85991],[107.01115,20.86136],[107.00916,20.86038],[107.00788,20.86169],[107.00889,20.85733],[107.0128,20.85602],[107.01377,20.85481],[107.01165,20.85607],[107.00834,20.85489],[107.00839,20.85132],[107.0133,20.84715],[107.01092,20.84517],[107.01298,20.84134],[107.01629,20.83934],[107.01062,20.8402],[107.00572,20.85233],[107.00355,20.84955],[107.00391,20.84718],[107.00011,20.84437],[107.0001,20.84785],[107.00501,20.85485],[107.0025,20.858],[107.00086,20.85702],[106.9986,20.86],[106.99416,20.86172],[106.99312,20.86059],[106.99055,20.86132],[106.99062,20.85969],[106.9971,20.85571],[106.98814,20.85881],[106.98737,20.85695],[106.98542,20.85771],[106.98517,20.85354],[106.98775,20.85171],[106.98465,20.85086],[106.98656,20.84868],[106.98379,20.84672],[106.98233,20.84738],[106.98173,20.84488],[106.98171,20.84638],[106.97892,20.84599],[106.98283,20.85681],[106.98197,20.85743],[106.98048,20.85496],[106.97999,20.85811],[106.97861,20.85453],[106.97666,20.85498],[106.97617,20.84985],[106.97125,20.85627],[106.96453,20.85583],[106.96379,20.85363],[106.96068,20.85527],[106.95996,20.85386],[106.96225,20.85042],[106.95906,20.84688],[106.95965,20.85526],[106.95485,20.85471],[106.95472,20.86145],[106.9528,20.86039],[106.95113,20.86192],[106.95457,20.86542],[106.95425,20.86923],[106.95613,20.87418],[106.95527,20.87497],[106.95419,20.87339],[106.95431,20.8762]]],[[[107.00286,20.8583],[107.00459,20.85835],[107.00419,20.85995],[107.00016,20.86219],[107.00286,20.8583]]],[[[106.98679,20.86607],[106.98239,20.86692],[106.98251,20.8639],[106.98683,20.86415],[106.98679,20.86607]]],[[[106.99475,20.8656],[106.99777,20.86396],[106.99626,20.869],[106.99419,20.86768],[106.99475,20.8656]]],[[[107.02774,20.8654],[107.02896,20.86666],[107.02498,20.86914],[107.02646,20.86484],[107.02774,20.8654]]],[[[106.97821,20.8696],[106.97989,20.86825],[106.97856,20.87096],[106.97821,20.8696]]],[[[107.01221,20.87347],[107.01528,20.87571],[107.01417,20.87778],[107.01169,20.87562],[107.00889,20.87641],[107.00762,20.87363],[107.00878,20.87018],[107.01098,20.87243],[107.00969,20.86843],[107.00694,20.87138],[107.00391,20.87229],[107.00854,20.8646],[107.01047,20.86594],[107.01445,20.86348],[107.01428,20.86495],[107.01173,20.86603],[107.01216,20.86996],[107.01376,20.87184],[107.01221,20.87347]]],[[[107.02159,20.87064],[107.02245,20.86967],[107.02402,20.87049],[107.02453,20.87421],[107.02159,20.87064]]],[[[107.02155,20.87219],[107.01786,20.87385],[107.01747,20.87643],[107.0164,20.87062],[107.01356,20.87096],[107.01274,20.86931],[107.0181,20.86806],[107.01824,20.87066],[107.02155,20.87219]]],[[[107.00559,20.87626],[107.00783,20.8762],[107.00701,20.87744],[107.0045,20.87704],[107.00551,20.87475],[107.00559,20.87626]]],[[[106.9764,20.8767],[106.97721,20.8761],[106.97723,20.87781],[106.97584,20.8776],[106.9764,20.8767]]],[[[106.97217,20.87741],[106.97427,20.87838],[106.97274,20.87945],[106.97129,20.88528],[106.9713,20.87788],[106.96882,20.8773],[106.97218,20.87463],[106.97217,20.87741]]],[[[106.99385,20.87865],[106.99462,20.87972],[106.99285,20.88171],[106.99063,20.88083],[106.99079,20.87883],[106.99281,20.88008],[106.99385,20.87865]]],[[[106.9949,20.88679],[106.99545,20.88811],[106.99079,20.89129],[106.98832,20.88788],[106.98714,20.88995],[106.98757,20.88226],[106.98356,20.88216],[106.98313,20.88425],[106.98613,20.88397],[106.98693,20.88585],[106.98109,20.88681],[106.98117,20.88824],[106.98297,20.88744],[106.98278,20.88897],[106.97829,20.8887],[106.9784,20.88692],[106.98036,20.88627],[106.98176,20.87856],[106.98582,20.87861],[106.98279,20.87577],[106.98361,20.87278],[106.97982,20.87491],[106.97993,20.87116],[106.9854,20.8694],[106.98596,20.87115],[106.9886,20.87107],[106.98982,20.87268],[106.99061,20.86968],[106.99379,20.8716],[106.99657,20.86991],[106.99544,20.87751],[106.98864,20.8763],[106.98607,20.8794],[106.9874,20.88091],[106.98905,20.87881],[106.98927,20.88767],[106.99344,20.88381],[106.9949,20.88679]]],[[[107.0141,20.87991],[107.01542,20.87915],[107.01422,20.88256],[107.01167,20.88063],[107.0141,20.87991]]],[[[107.02397,20.8859],[107.02269,20.88599],[107.02358,20.88365],[107.02397,20.8859]]],[[[107.00843,20.89554],[107.00701,20.8945],[107.0064,20.89611],[107.00627,20.89059],[107.00174,20.89154],[107.00152,20.88676],[107.00456,20.88549],[107.00279,20.88476],[107.00413,20.88238],[107.0014,20.88126],[107.00373,20.8792],[107.0052,20.87958],[107.0052,20.88335],[107.00888,20.88882],[107.0106,20.88607],[107.0096,20.88321],[107.01141,20.88235],[107.01238,20.88367],[107.01197,20.88914],[107.00965,20.89261],[107.01016,20.89533],[107.00843,20.89554]]],[[[107.016,20.88778],[107.01859,20.88994],[107.01549,20.88958],[107.016,20.88778]]],[[[106.99759,20.88634],[106.9995,20.88963],[106.99953,20.89398],[106.99755,20.88977],[106.99639,20.89061],[106.996,20.88721],[106.99759,20.88634]]],[[[106.97576,20.88977],[106.97285,20.89566],[106.97141,20.89402],[106.97576,20.88977]]],[[[106.99599,20.89442],[106.99597,20.89294],[106.99768,20.89342],[106.99711,20.89491],[106.99599,20.89442]]],[[[107.01898,20.89852],[107.01747,20.89696],[107.01833,20.8954],[107.01934,20.89937],[107.01898,20.89852]]],[[[107.01349,20.89668],[107.01259,20.89752],[107.01434,20.8975],[107.01549,20.90017],[107.01356,20.90206],[107.01407,20.90001],[107.01145,20.89839],[107.01138,20.89617],[107.01547,20.89562],[107.01349,20.89668]]],[[[107.00521,20.90047],[107.00658,20.89716],[107.00839,20.89785],[107.00675,20.9011],[107.00521,20.90047]]],[[[106.97297,20.90267],[106.97011,20.90471],[106.96964,20.90294],[106.96702,20.90332],[106.96731,20.89883],[106.97005,20.89807],[106.96978,20.90139],[106.97297,20.90267]]],[[[107.01322,20.90694],[107.01308,20.90807],[107.01022,20.9084],[107.00976,20.90343],[107.01124,20.9045],[107.0134,20.90363],[107.01322,20.90694]]],[[[107.02069,20.91331],[107.02063,20.91017],[107.01774,20.91234],[107.01859,20.91438],[107.01721,20.91448],[107.01626,20.91216],[107.01755,20.90791],[107.01647,20.90982],[107.0139,20.90837],[107.01494,20.905],[107.01663,20.9048],[107.01581,20.90657],[107.01755,20.9063],[107.01739,20.90327],[107.01903,20.90593],[107.01898,20.90028],[107.02025,20.89949],[107.02103,20.90207],[107.02394,20.90103],[107.02277,20.90317],[107.02472,20.904],[107.02242,20.90457],[107.02294,20.91184],[107.02069,20.91331]]],[[[107.0469,20.70563],[107.04688,20.70684],[107.04474,20.7069],[107.0469,20.70563]]],[[[107.03856,20.70894],[107.03709,20.70854],[107.0357,20.71021],[107.03674,20.70695],[107.04266,20.70264],[107.03856,20.70894]]],[[[107.05093,20.71223],[107.05363,20.71052],[107.05136,20.71334],[107.05093,20.71223]]],[[[107.02966,20.71808],[107.03112,20.71882],[107.02965,20.72066],[107.02696,20.71975],[107.02966,20.71808]]],[[[107.02732,20.72355],[107.02735,20.72243],[107.02854,20.72354],[107.02732,20.72355]]],[[[107.05898,20.74191],[107.05973,20.74035],[107.06034,20.74146],[107.05898,20.74191]]],[[[107.06404,20.74335],[107.06059,20.74465],[107.05859,20.74257],[107.06063,20.74375],[107.06322,20.7423],[107.06404,20.74335]]],[[[107.05596,20.75892],[107.05786,20.75984],[107.05516,20.76071],[107.05447,20.7596],[107.05613,20.7549],[107.05783,20.7565],[107.061,20.75541],[107.06237,20.75716],[107.06418,20.75663],[107.06165,20.75801],[107.05952,20.75636],[107.06114,20.75825],[107.05596,20.75892]]],[[[107.06063,20.76396],[107.05715,20.76476],[107.05566,20.76279],[107.05808,20.76068],[107.06063,20.76396]]],[[[107.05065,20.76367],[107.05418,20.76397],[107.05175,20.765],[107.05065,20.76367]]],[[[107.05349,20.77022],[107.05649,20.76929],[107.05389,20.77161],[107.05349,20.77022]]],[[[107.06089,20.77697],[107.06039,20.77521],[107.06292,20.7758],[107.06089,20.77697]]],[[[107.06118,20.81153],[107.06179,20.81051],[107.06082,20.81334],[107.06118,20.81153]]],[[[107.05818,20.81269],[107.05837,20.8148],[107.05619,20.81442],[107.05818,20.81269]]],[[[107.05349,20.83001],[107.05005,20.83092],[107.0522,20.8287],[107.05349,20.83001]]],[[[107.05042,20.83864],[107.05238,20.83966],[107.04936,20.8438],[107.05042,20.83864]]],[[[107.05306,20.84704],[107.05464,20.84645],[107.05751,20.84838],[107.05615,20.85168],[107.05533,20.84885],[107.05198,20.84852],[107.05306,20.84704]]],[[[107.05097,20.85152],[107.04945,20.84987],[107.05284,20.84925],[107.05307,20.85069],[107.05097,20.85152]]],[[[107.0539,20.85438],[107.05031,20.85449],[107.05081,20.85348],[107.0539,20.85438]]],[[[107.04618,20.85192],[107.04853,20.8526],[107.05037,20.85559],[107.04376,20.85785],[107.04303,20.85644],[107.04534,20.85154],[107.04581,20.85357],[107.04695,20.85338],[107.04618,20.85192]]],[[[107.05426,20.86033],[107.05048,20.86299],[107.04806,20.86242],[107.05016,20.8605],[107.05426,20.86033]]],[[[107.03591,20.86623],[107.03627,20.86439],[107.0373,20.86603],[107.03591,20.86623]]],[[[107.049,20.86786],[107.04818,20.86612],[107.0492,20.86557],[107.049,20.86786]]],[[[107.03287,20.86564],[107.03382,20.86517],[107.03388,20.86692],[107.03186,20.86888],[107.03318,20.86673],[107.03146,20.86595],[107.03287,20.86564]]],[[[107.03331,20.86985],[107.03355,20.87098],[107.03057,20.87225],[107.03184,20.86922],[107.03331,20.86985]]],[[[107.04591,20.87301],[107.04549,20.87521],[107.03996,20.87627],[107.03918,20.87339],[107.03694,20.87405],[107.03833,20.87213],[107.03802,20.86813],[107.04037,20.86736],[107.04036,20.86944],[107.04266,20.86926],[107.04208,20.86589],[107.04557,20.8654],[107.04716,20.86921],[107.04143,20.87238],[107.04478,20.87428],[107.04477,20.87118],[107.04591,20.87301]]],[[[107.02817,20.87355],[107.02705,20.87425],[107.0271,20.87277],[107.02817,20.87355]]],[[[107.03358,20.87571],[107.03389,20.87183],[107.03489,20.87271],[107.03378,20.87712],[107.03358,20.87571]]],[[[107.0393,20.88034],[107.03722,20.88074],[107.03718,20.88398],[107.03345,20.88075],[107.03163,20.88292],[107.02996,20.88075],[107.02929,20.87534],[107.03272,20.87733],[107.03331,20.8794],[107.03768,20.87652],[107.04018,20.87713],[107.0393,20.88034]]],[[[107.07358,20.70126],[107.0744,20.70037],[107.07499,20.70162],[107.07358,20.70126]]],[[[107.07707,20.70397],[107.07449,20.7045],[107.07351,20.70191],[107.0768,20.70269],[107.07707,20.70397]]],[[[107.06743,20.71302],[107.06523,20.71292],[107.0666,20.71533],[107.06518,20.71598],[107.06391,20.71194],[107.0677,20.71091],[107.06743,20.71302]]],[[[107.0716,20.71987],[107.07208,20.71847],[107.07319,20.72013],[107.0716,20.71987]]],[[[107.06633,20.72026],[107.06323,20.72377],[107.06374,20.71791],[107.06633,20.72026]]],[[[107.06867,20.72582],[107.07098,20.72384],[107.07005,20.72677],[107.06867,20.72582]]],[[[107.06745,20.73063],[107.06758,20.72899],[107.06938,20.7291],[107.06823,20.73176],[107.06745,20.73063]]],[[[107.06816,20.73427],[107.06992,20.73573],[107.0672,20.73526],[107.06552,20.73241],[107.06328,20.73457],[107.06193,20.73235],[107.06464,20.73072],[107.0622,20.73013],[107.06383,20.72906],[107.06161,20.72863],[107.06198,20.72725],[107.06768,20.72653],[107.06742,20.72811],[107.06525,20.72795],[107.06816,20.73427]]],[[[107.0687,20.73404],[107.06806,20.73271],[107.06979,20.73354],[107.0687,20.73404]]],[[[107.06122,20.73671],[107.0622,20.73469],[107.06219,20.73697],[107.06122,20.73671]]],[[[107.07127,20.74373],[107.07269,20.74303],[107.07317,20.74459],[107.07127,20.74373]]],[[[107.06249,20.75363],[107.06421,20.75476],[107.06236,20.75524],[107.06249,20.75363]]],[[[107.06765,20.75746],[107.06973,20.75737],[107.06512,20.75938],[107.06615,20.75703],[107.06765,20.75746]]],[[[107.06714,20.76197],[107.06015,20.76122],[107.06908,20.75903],[107.0707,20.76009],[107.06714,20.76197]]],[[[107.07371,20.76326],[107.07125,20.76399],[107.07178,20.76276],[107.07371,20.76326]]],[[[107.06578,20.77166],[107.06236,20.7752],[107.06114,20.77488],[107.0654,20.76882],[107.06663,20.76967],[107.06578,20.77166]]],[[[107.07051,20.77039],[107.07152,20.77199],[107.06829,20.77484],[107.06835,20.77214],[107.0668,20.7711],[107.07051,20.77039]]],[[[107.07601,20.77492],[107.07289,20.77604],[107.07147,20.77355],[107.07329,20.77069],[107.07603,20.7704],[107.07405,20.77199],[107.07571,20.77421],[107.07817,20.77308],[107.07601,20.77492]]],[[[107.07018,20.82209],[107.07153,20.82199],[107.07085,20.82438],[107.07018,20.82209]]],[[[107.07416,20.82627],[107.075,20.82565],[107.07455,20.82691],[107.0717,20.82797],[107.06781,20.82432],[107.06672,20.82588],[107.06513,20.82494],[107.0671,20.82249],[107.07416,20.82627]]],[[[107.06094,20.82806],[107.06223,20.82654],[107.06242,20.82841],[107.06094,20.82806]]],[[[107.06421,20.82878],[107.06496,20.82765],[107.06652,20.82883],[107.06473,20.83146],[107.06421,20.82878]]],[[[107.06404,20.8386],[107.06346,20.8369],[107.06501,20.83739],[107.06404,20.8386]]],[[[107.06822,20.83823],[107.06738,20.83868],[107.06802,20.83732],[107.06822,20.83823]]],[[[107.06283,20.84953],[107.06186,20.84915],[107.06304,20.84796],[107.06283,20.84953]]],[[[107.07241,20.85057],[107.07488,20.8475],[107.07482,20.85078],[107.07241,20.85057]]],[[[107.07192,20.86272],[107.06837,20.86554],[107.06494,20.86582],[107.06346,20.86006],[107.06659,20.86099],[107.06663,20.85735],[107.06832,20.8566],[107.06811,20.86114],[107.07021,20.86181],[107.07121,20.86002],[107.07192,20.86272]]],[[[107.06399,20.87283],[107.061,20.87016],[107.06,20.87323],[107.06214,20.87501],[107.05879,20.87748],[107.05725,20.87484],[107.06048,20.86801],[107.0628,20.86883],[107.06505,20.86678],[107.06582,20.87088],[107.06793,20.87258],[107.06399,20.87283]]],[[[107.08231,20.71928],[107.0786,20.72501],[107.07941,20.72201],[107.08231,20.71928]]],[[[107.08135,20.72963],[107.07961,20.73198],[107.07668,20.72911],[107.08133,20.72396],[107.07919,20.72965],[107.08135,20.72963]]],[[[107.08233,20.73354],[107.08312,20.73144],[107.08477,20.73157],[107.08427,20.73406],[107.08065,20.7371],[107.07953,20.73566],[107.08233,20.73354]]],[[[107.07953,20.74123],[107.07458,20.74337],[107.07779,20.73965],[107.07953,20.74123]]],[[[107.0737,20.75801],[107.07092,20.75879],[107.07153,20.7574],[107.07015,20.75605],[107.07271,20.75401],[107.072,20.75255],[107.07432,20.7533],[107.07627,20.75099],[107.07841,20.75428],[107.07989,20.75242],[107.07735,20.75167],[107.07908,20.75035],[107.07835,20.7488],[107.0821,20.7477],[107.08192,20.74631],[107.08644,20.74554],[107.08257,20.7491],[107.08051,20.74837],[107.07976,20.75009],[107.08207,20.75207],[107.07793,20.75663],[107.07646,20.75647],[107.07716,20.75405],[107.07472,20.75436],[107.07508,20.7575],[107.07284,20.75639],[107.0737,20.75801]]],[[[107.08185,20.75872],[107.08085,20.76078],[107.07746,20.76022],[107.08185,20.75872]]],[[[107.0875,20.75757],[107.08621,20.75999],[107.08719,20.76172],[107.07935,20.76659],[107.0828,20.76336],[107.08323,20.75909],[107.08526,20.75876],[107.08573,20.75712],[107.0875,20.75757]]],[[[107.07911,20.76225],[107.07889,20.76435],[107.07559,20.76436],[107.07911,20.76225]]],[[[107.09628,20.76644],[107.09703,20.76534],[107.09805,20.76607],[107.09628,20.76644]]],[[[107.07677,20.76784],[107.07535,20.7693],[107.07405,20.76407],[107.08142,20.76825],[107.07677,20.76784]]],[[[107.08359,20.77564],[107.08198,20.77442],[107.07944,20.77621],[107.07914,20.77432],[107.08168,20.77315],[107.08251,20.76988],[107.08402,20.76983],[107.0832,20.76607],[107.08788,20.76327],[107.09347,20.76472],[107.09135,20.7654],[107.09622,20.76926],[107.09495,20.76955],[107.09147,20.76611],[107.08947,20.76795],[107.09064,20.76792],[107.09061,20.76974],[107.09214,20.76802],[107.09307,20.76935],[107.09121,20.77139],[107.0941,20.77126],[107.09394,20.77303],[107.08963,20.77473],[107.0908,20.77128],[107.08774,20.77335],[107.08673,20.77103],[107.08844,20.76965],[107.08777,20.76857],[107.08591,20.77004],[107.08624,20.77385],[107.08359,20.77564]]],[[[107.10053,20.77106],[107.10073,20.77403],[107.09607,20.77243],[107.09784,20.77109],[107.09792,20.76748],[107.10053,20.77106]]],[[[107.09812,20.77608],[107.09813,20.77491],[107.09938,20.77528],[107.09812,20.77608]]],[[[107.09998,20.78255],[107.10169,20.7813],[107.10101,20.78391],[107.09998,20.78255]]],[[[107.10397,20.79133],[107.10139,20.79098],[107.10087,20.79208],[107.09969,20.79057],[107.10199,20.7891],[107.10497,20.78991],[107.10397,20.79133]]],[[[107.10131,20.80546],[107.10117,20.80336],[107.10433,20.80578],[107.10307,20.8071],[107.10131,20.80546]]],[[[107.1028,20.81115],[107.10044,20.81223],[107.09976,20.81432],[107.09987,20.8111],[107.1047,20.80887],[107.1028,20.81115]]],[[[107.09529,20.82019],[107.0941,20.82061],[107.09734,20.81849],[107.09529,20.82019]]],[[[107.08799,20.82678],[107.08916,20.82707],[107.08738,20.8278],[107.08786,20.83084],[107.08619,20.82898],[107.08736,20.82585],[107.08799,20.82678]]],[[[107.0813,20.83603],[107.07886,20.84009],[107.07758,20.83875],[107.07364,20.83856],[107.07228,20.83652],[107.07596,20.83348],[107.07823,20.83387],[107.08198,20.82977],[107.08581,20.83019],[107.08751,20.83322],[107.0813,20.83603]]],[[[107.09923,20.85689],[107.10062,20.85756],[107.09591,20.85801],[107.09586,20.85326],[107.09335,20.85326],[107.09207,20.85555],[107.09112,20.85282],[107.09305,20.85082],[107.08946,20.85231],[107.08779,20.85069],[107.09157,20.84584],[107.09096,20.84413],[107.0894,20.84503],[107.08733,20.84412],[107.08601,20.84504],[107.08752,20.84595],[107.08509,20.84619],[107.08347,20.8413],[107.08768,20.84032],[107.08524,20.83979],[107.08527,20.83821],[107.08822,20.83611],[107.0905,20.83787],[107.08971,20.83651],[107.09103,20.83512],[107.09111,20.83941],[107.09317,20.84252],[107.09216,20.8449],[107.0961,20.84547],[107.09832,20.84436],[107.09638,20.84413],[107.09632,20.8422],[107.09873,20.84186],[107.09918,20.8386],[107.10113,20.83881],[107.09534,20.83324],[107.09891,20.83011],[107.10888,20.82617],[107.10892,20.82805],[107.11113,20.82951],[107.10662,20.82937],[107.10519,20.83118],[107.11098,20.834],[107.10612,20.83575],[107.10532,20.83333],[107.10205,20.83296],[107.10488,20.84258],[107.10001,20.84206],[107.10137,20.84491],[107.09726,20.84611],[107.09797,20.84965],[107.10208,20.84834],[107.10159,20.84991],[107.09966,20.84978],[107.09711,20.85461],[107.09923,20.85689]]],[[[107.08461,20.85137],[107.08378,20.84996],[107.08511,20.84938],[107.08461,20.85137]]],[[[107.10315,20.85223],[107.10299,20.85649],[107.09991,20.85428],[107.10315,20.85223]]],[[[107.0915,20.85822],[107.09115,20.85638],[107.09245,20.85596],[107.0915,20.85822]]],[[[107.09175,20.85966],[107.09221,20.85851],[107.09264,20.86057],[107.09175,20.85966]]],[[[107.08753,20.85839],[107.08793,20.86004],[107.08536,20.86193],[107.08397,20.86135],[107.08511,20.85793],[107.08594,20.85914],[107.08753,20.85839]]],[[[107.09149,20.86272],[107.09487,20.86127],[107.09255,20.86373],[107.09149,20.86272]]],[[[107.08712,20.86547],[107.08448,20.86502],[107.08326,20.86661],[107.08227,20.8656],[107.08576,20.8626],[107.08712,20.86547]]],[[[107.1306,20.61731],[107.1302,20.61544],[107.13146,20.61651],[107.1306,20.61731]]],[[[107.12574,20.75605],[107.12752,20.75537],[107.12694,20.75833],[107.12574,20.75605]]],[[[107.127,20.7603],[107.12847,20.757],[107.12887,20.76072],[107.127,20.7603]]],[[[107.1252,20.75923],[107.12571,20.76189],[107.12397,20.76264],[107.12318,20.759],[107.12526,20.75803],[107.1252,20.75923]]],[[[107.128,20.76596],[107.12751,20.76741],[107.1258,20.76734],[107.12664,20.76486],[107.12855,20.76524],[107.12977,20.76362],[107.13123,20.75708],[107.13134,20.76085],[107.13409,20.76333],[107.13542,20.76201],[107.13547,20.76368],[107.13243,20.76365],[107.13135,20.76169],[107.13126,20.76611],[107.128,20.76596]]],[[[107.10505,20.76934],[107.10562,20.76836],[107.10518,20.77257],[107.10505,20.76934]]],[[[107.13606,20.77638],[107.13227,20.77714],[107.13166,20.77419],[107.13474,20.77362],[107.13372,20.77507],[107.13606,20.77638]]],[[[107.12742,20.80368],[107.12799,20.80761],[107.12276,20.8057],[107.12295,20.80343],[107.12645,20.80149],[107.12442,20.79887],[107.1223,20.80344],[107.11861,20.80124],[107.11994,20.80399],[107.11846,20.80611],[107.11584,20.80744],[107.11271,20.80696],[107.11384,20.80546],[107.1158,20.80606],[107.11417,20.80329],[107.11845,20.7981],[107.1186,20.79363],[107.11627,20.79088],[107.11659,20.7849],[107.11862,20.78417],[107.11961,20.77946],[107.12406,20.77489],[107.1237,20.76883],[107.12493,20.77198],[107.1266,20.77254],[107.12837,20.77248],[107.12817,20.77094],[107.13088,20.76958],[107.13104,20.77565],[107.12898,20.77728],[107.1267,20.77618],[107.1258,20.77779],[107.12721,20.77934],[107.12897,20.77796],[107.12937,20.78053],[107.1309,20.77965],[107.13228,20.78114],[107.13453,20.7789],[107.136,20.78245],[107.13501,20.78366],[107.1289,20.78117],[107.12783,20.78305],[107.13023,20.78479],[107.13236,20.78349],[107.13346,20.78619],[107.13513,20.78434],[107.13567,20.78623],[107.13792,20.78681],[107.13105,20.78879],[107.13114,20.79048],[107.13442,20.78919],[107.13675,20.79131],[107.13473,20.79316],[107.13583,20.79859],[107.13124,20.7979],[107.12899,20.79335],[107.12797,20.7969],[107.12568,20.79635],[107.12923,20.79867],[107.12839,20.80066],[107.13005,20.80172],[107.13001,20.80321],[107.12742,20.80368]]],[[[107.10551,20.78715],[107.10436,20.78953],[107.10378,20.78734],[107.10551,20.78715]]],[[[107.11556,20.79405],[107.11458,20.79352],[107.11583,20.79308],[107.11556,20.79405]]],[[[107.12351,20.80737],[107.12407,20.80917],[107.12031,20.80906],[107.11839,20.81119],[107.11564,20.81153],[107.12108,20.80585],[107.12351,20.80737]]],[[[107.11934,20.81116],[107.12097,20.80946],[107.123,20.80984],[107.12156,20.81148],[107.11934,20.81116]]],[[[107.12262,20.81338],[107.12157,20.81232],[107.12423,20.81084],[107.12262,20.81338]]],[[[107.12834,20.81189],[107.12728,20.81095],[107.12839,20.8099],[107.13056,20.81231],[107.12866,20.81593],[107.12834,20.81189]]],[[[107.1155,20.81329],[107.11784,20.81382],[107.11433,20.8165],[107.11359,20.81552],[107.1155,20.81329]]],[[[107.12224,20.81719],[107.12374,20.81435],[107.12414,20.81777],[107.12224,20.81719]]],[[[107.10569,20.82598],[107.10472,20.82547],[107.10715,20.82423],[107.10569,20.82598]]],[[[107.10251,20.82666],[107.10106,20.82719],[107.10419,20.8252],[107.10251,20.82666]]],[[[107.11459,20.83271],[107.11375,20.83208],[107.11484,20.83166],[107.11459,20.83271]]],[[[107.11021,20.83785],[107.10851,20.83768],[107.10977,20.83651],[107.11021,20.83785]]],[[[107.12031,20.8384],[107.11687,20.84233],[107.11294,20.84058],[107.11524,20.8386],[107.11634,20.8406],[107.11882,20.83707],[107.11633,20.83557],[107.11707,20.83399],[107.12049,20.83331],[107.12174,20.83499],[107.12748,20.83414],[107.12762,20.83534],[107.12566,20.83521],[107.12465,20.83949],[107.12031,20.8384]]],[[[107.12452,20.84854],[107.12525,20.84915],[107.12239,20.85075],[107.12246,20.84773],[107.12452,20.84854]]],[[[107.11416,20.85412],[107.1141,20.85512],[107.10986,20.85538],[107.11699,20.85037],[107.11954,20.85035],[107.11657,20.85526],[107.11494,20.85337],[107.11416,20.85412]]],[[[107.72224,20.12761],[107.7239,20.12703],[107.72398,20.12426],[107.7273,20.12776],[107.72741,20.12644],[107.72955,20.12765],[107.73045,20.12384],[107.73385,20.1236],[107.73735,20.12911],[107.73735,20.13337],[107.74247,20.1421],[107.7424,20.14604],[107.73738,20.14428],[107.72612,20.13455],[107.7229,20.13396],[107.71692,20.12761],[107.72092,20.1263],[107.72224,20.12761]]],[[[107.16752,20.61515],[107.16851,20.61333],[107.16798,20.6162],[107.16752,20.61515]]],[[[107.14686,20.61479],[107.14728,20.61348],[107.15145,20.61373],[107.14904,20.61711],[107.14686,20.61479]]],[[[107.20582,20.61551],[107.20608,20.61697],[107.2042,20.61815],[107.20187,20.61632],[107.20462,20.61581],[107.20471,20.61406],[107.20921,20.61386],[107.20582,20.61551]]],[[[107.14275,20.61855],[107.13989,20.62056],[107.13627,20.6203],[107.138,20.61839],[107.13993,20.61997],[107.14135,20.61595],[107.14275,20.61855]]],[[[107.1364,20.62147],[107.13794,20.6218],[107.13515,20.62168],[107.1364,20.62147]]],[[[107.13597,20.6236],[107.13713,20.62359],[107.13449,20.6252],[107.13462,20.62245],[107.13597,20.6236]]],[[[107.15649,20.62665],[107.1575,20.62763],[107.15639,20.62972],[107.15389,20.62549],[107.15508,20.6232],[107.16007,20.62028],[107.16197,20.62405],[107.15741,20.62411],[107.16171,20.62627],[107.15811,20.62682],[107.15636,20.62439],[107.15497,20.62633],[107.15649,20.62665]]],[[[107.14882,20.73561],[107.15084,20.73496],[107.1522,20.73637],[107.15074,20.7372],[107.14882,20.73561]]],[[[107.15362,20.74078],[107.15278,20.73933],[107.15511,20.73799],[107.15362,20.74078]]],[[[107.16057,20.74192],[107.15837,20.74202],[107.15798,20.74389],[107.15683,20.74314],[107.15824,20.74024],[107.16057,20.74192]]],[[[107.14931,20.74123],[107.14707,20.74329],[107.14689,20.74142],[107.14931,20.74123]]],[[[107.14981,20.74504],[107.1494,20.74258],[107.15108,20.74419],[107.14981,20.74504]]],[[[107.14414,20.74876],[107.14576,20.74726],[107.14706,20.74825],[107.14464,20.74966],[107.14414,20.74876]]],[[[107.14311,20.76679],[107.14487,20.76571],[107.14287,20.76761],[107.14036,20.76557],[107.13566,20.76506],[107.13882,20.76431],[107.13897,20.76196],[107.13795,20.76146],[107.13677,20.76337],[107.13671,20.76166],[107.13249,20.75876],[107.13333,20.75542],[107.13196,20.75657],[107.12977,20.75593],[107.12875,20.75225],[107.12623,20.75104],[107.12666,20.74811],[107.1288,20.7493],[107.1291,20.74587],[107.13136,20.74471],[107.12982,20.74404],[107.12961,20.74036],[107.13096,20.74094],[107.13431,20.73861],[107.13669,20.73913],[107.13626,20.74351],[107.13868,20.74307],[107.1404,20.74007],[107.14593,20.74382],[107.14326,20.74623],[107.14398,20.74324],[107.14043,20.74264],[107.14076,20.74514],[107.13945,20.7458],[107.13813,20.74419],[107.13601,20.74677],[107.13723,20.74817],[107.13588,20.74842],[107.13775,20.74964],[107.13729,20.75225],[107.1399,20.74727],[107.14182,20.75017],[107.14324,20.74984],[107.14291,20.75228],[107.14428,20.75356],[107.14307,20.75508],[107.14063,20.75459],[107.14129,20.75847],[107.14415,20.75864],[107.1454,20.76206],[107.14389,20.76419],[107.14065,20.7636],[107.14311,20.76679]]],[[[107.14991,20.75599],[107.14817,20.75537],[107.14601,20.7592],[107.14492,20.75529],[107.14611,20.75241],[107.14751,20.75233],[107.14635,20.75464],[107.14823,20.75428],[107.1478,20.75287],[107.14941,20.7534],[107.14991,20.75599]]],[[[107.15001,20.75912],[107.14848,20.76224],[107.1462,20.76121],[107.14895,20.75904],[107.15062,20.75427],[107.15279,20.75339],[107.15305,20.74975],[107.1542,20.75334],[107.15001,20.75912]]],[[[107.14473,20.77037],[107.14623,20.77139],[107.14439,20.77185],[107.14443,20.77325],[107.14375,20.77108],[107.14473,20.77037]]],[[[107.14053,20.77448],[107.13924,20.77398],[107.14157,20.7736],[107.14053,20.77448]]],[[[107.14088,20.78464],[107.13865,20.78763],[107.13967,20.78439],[107.14251,20.78449],[107.14088,20.78464]]],[[[107.13719,20.78931],[107.13878,20.78903],[107.13813,20.79083],[107.13719,20.78931]]],[[[107.13628,20.80521],[107.13431,20.80347],[107.13645,20.80411],[107.13628,20.80521]]],[[[107.13689,20.82052],[107.13512,20.82043],[107.1364,20.81915],[107.13689,20.82052]]],[[[107.14495,20.82344],[107.1446,20.8258],[107.14123,20.82627],[107.14495,20.82344]]],[[[107.13837,20.83126],[107.13859,20.82854],[107.14081,20.83337],[107.1397,20.83478],[107.13837,20.83126]]],[[[107.14174,20.83279],[107.14092,20.8321],[107.14223,20.83151],[107.14174,20.83279]]]]}},{"type":"Feature","properties":{"name":"Vinh Phuc","code":"VN_SRC_VINHPHUC"},"geometry":{"type":"Polygon","coordinates":[[[105.78469,21.35956],[105.77545,21.36104],[105.77504,21.36769],[105.77307,21.37075],[105.77021,21.37084],[105.76859,21.37504],[105.75973,21.37843],[105.76328,21.38703],[105.76605,21.38941],[105.76313,21.40065],[105.75559,21.41083],[105.74979,21.41578],[105.74654,21.41623],[105.73954,21.41465],[105.73315,21.40965],[105.72915,21.40929],[105.72137,21.41523],[105.72548,21.42773],[105.72456,21.43316],[105.71383,21.43003],[105.70769,21.43512],[105.7045,21.44073],[105.69755,21.43903],[105.68742,21.44283],[105.67577,21.4579],[105.66912,21.45807],[105.66651,21.46015],[105.65193,21.45776],[105.64607,21.46402],[105.64459,21.46946],[105.63171,21.47936],[105.6328,21.48822],[105.63511,21.49303],[105.63262,21.49497],[105.62567,21.49645],[105.6225,21.49902],[105.61897,21.49849],[105.61735,21.50234],[105.61205,21.50529],[105.61097,21.51296],[105.60671,21.5175],[105.60721,21.52328],[105.60407,21.52877],[105.59753,21.53331],[105.58398,21.53534],[105.58289,21.54032],[105.56324,21.55845],[105.55684,21.57071],[105.55213,21.57303],[105.54252,21.57384],[105.53965,21.57096],[105.53755,21.56497],[105.53052,21.55833],[105.52786,21.54795],[105.52502,21.54472],[105.5214,21.53505],[105.51891,21.53429],[105.51203,21.53644],[105.50962,21.53304],[105.50617,21.53139],[105.50491,21.52798],[105.50115,21.5284],[105.49859,21.52531],[105.49374,21.52828],[105.4909,21.52041],[105.48727,21.51766],[105.47944,21.51935],[105.47394,21.52395],[105.47248,21.51986],[105.46881,21.51768],[105.46376,21.51622],[105.45862,21.51856],[105.45571,21.51568],[105.45679,21.51374],[105.45546,21.51086],[105.44447,21.50899],[105.44026,21.5099],[105.43046,21.50612],[105.42641,21.50276],[105.42346,21.49759],[105.41949,21.50351],[105.41831,21.50833],[105.41469,21.50947],[105.41209,21.51276],[105.40638,21.51186],[105.40195,21.51375],[105.39697,21.51041],[105.39045,21.51141],[105.38902,21.51208],[105.38668,21.51967],[105.3813,21.52281],[105.37598,21.52281],[105.37131,21.52455],[105.3663,21.52257],[105.36483,21.52364],[105.36226,21.51981],[105.3596,21.51893],[105.34417,21.51843],[105.3441,21.51602],[105.33808,21.51195],[105.33692,21.50857],[105.34049,21.50366],[105.32485,21.50702],[105.32256,21.49676],[105.33326,21.48254],[105.33445,21.47348],[105.33838,21.46403],[105.34306,21.44381],[105.34117,21.42611],[105.34308,21.42141],[105.3454,21.41884],[105.35311,21.41838],[105.35795,21.42458],[105.37384,21.43389],[105.38039,21.4329],[105.38932,21.42734],[105.39845,21.41225],[105.39764,21.40391],[105.39154,21.38688],[105.39277,21.37587],[105.39177,21.36751],[105.39448,21.36008],[105.40218,21.35023],[105.40742,21.34634],[105.44067,21.33002],[105.44719,21.32379],[105.45553,21.3121],[105.45682,21.30871],[105.45569,21.30399],[105.4503,21.29964],[105.44921,21.29676],[105.44992,21.29479],[105.45366,21.29298],[105.45224,21.28484],[105.44957,21.2805],[105.44851,21.26471],[105.44352,21.2649],[105.44601,21.24537],[105.46076,21.22117],[105.46238,21.21414],[105.46182,21.20879],[105.46225,21.20705],[105.46399,21.20721],[105.46399,21.20179],[105.46669,21.20055],[105.46956,21.17665],[105.47202,21.17421],[105.49222,21.16094],[105.50188,21.15837],[105.52143,21.15575],[105.53806,21.15621],[105.56354,21.1541],[105.5799,21.15723],[105.59062,21.16126],[105.59471,21.1664],[105.60213,21.17201],[105.61489,21.17887],[105.62212,21.1783],[105.62665,21.17528],[105.62454,21.18072],[105.6281,21.18086],[105.62982,21.18409],[105.62465,21.18802],[105.62417,21.19364],[105.6219,21.1947],[105.62239,21.20097],[105.61643,21.20223],[105.61518,21.2072],[105.61642,21.20823],[105.62105,21.20592],[105.62828,21.21097],[105.63154,21.20872],[105.63851,21.20714],[105.63922,21.21146],[105.63582,21.21551],[105.63596,21.21741],[105.64536,21.21544],[105.65798,21.22032],[105.65865,21.2232],[105.65437,21.22758],[105.65129,21.22569],[105.64526,21.22723],[105.64408,21.2334],[105.64688,21.2362],[105.65219,21.23816],[105.65602,21.23508],[105.6601,21.23466],[105.66709,21.23954],[105.66908,21.23309],[105.67136,21.23296],[105.67374,21.23633],[105.67506,21.23586],[105.67529,21.23378],[105.67147,21.2304],[105.67617,21.22694],[105.67893,21.22855],[105.6819,21.23496],[105.68828,21.23466],[105.6888,21.23276],[105.68299,21.23178],[105.68251,21.23038],[105.6856,21.22894],[105.68885,21.22089],[105.69043,21.22007],[105.69301,21.22128],[105.69825,21.21248],[105.69754,21.2185],[105.69866,21.21989],[105.70068,21.22014],[105.70165,21.21849],[105.70341,21.22132],[105.70921,21.21985],[105.71552,21.22471],[105.71937,21.22275],[105.72187,21.22792],[105.72426,21.22536],[105.73141,21.2315],[105.7322,21.23073],[105.735,21.23284],[105.73009,21.23825],[105.73424,21.23553],[105.73704,21.23537],[105.73589,21.24064],[105.73344,21.24206],[105.72793,21.2408],[105.72511,21.24234],[105.72928,21.24872],[105.72333,21.25101],[105.72491,21.25725],[105.72319,21.26613],[105.72941,21.26925],[105.72541,21.27281],[105.72816,21.27317],[105.72924,21.27599],[105.73258,21.27507],[105.73363,21.27958],[105.73606,21.27963],[105.73516,21.28398],[105.73641,21.2869],[105.73822,21.28813],[105.73943,21.28667],[105.7397,21.28784],[105.74198,21.2873],[105.74266,21.28892],[105.74087,21.29031],[105.74287,21.29031],[105.74319,21.29284],[105.74503,21.29193],[105.74548,21.29379],[105.74939,21.29596],[105.75335,21.29492],[105.75293,21.29727],[105.75738,21.30123],[105.76253,21.31349],[105.77247,21.32566],[105.77669,21.33741],[105.78309,21.34278],[105.7906,21.34414],[105.7929,21.34653],[105.78654,21.35386],[105.78657,21.35724],[105.78469,21.35956]]]}},{"type":"Feature","properties":{"name":"Bac Ninh","code":"VN_SRC_BACNINH"},"geometry":{"type":"Polygon","coordinates":[[[106.00124,21.00003],[106.00328,21.00049],[106.00486,20.9983],[106.0115,20.99852],[106.01278,21.00258],[106.0171,21.00259],[106.02108,20.99488],[106.02468,20.99602],[106.02663,20.99362],[106.0297,20.99314],[106.03036,20.99505],[106.0374,20.99853],[106.04198,21.00355],[106.05005,21.00363],[106.04898,21.0056],[106.05111,21.00721],[106.05305,21.00564],[106.05523,21.00647],[106.0545,21.00446],[106.058,21.00043],[106.06707,21.00088],[106.07698,20.99545],[106.07745,20.99686],[106.08022,20.99623],[106.08239,20.99815],[106.08409,21.00458],[106.08578,21.00543],[106.08811,21.0041],[106.09032,21.00701],[106.1025,20.99736],[106.10919,20.9999],[106.11277,20.99673],[106.11581,20.99602],[106.11523,20.98338],[106.1179,20.98344],[106.12001,20.98527],[106.12735,20.98375],[106.12945,20.98763],[106.129,20.99297],[106.13129,20.99453],[106.13199,20.99915],[106.13786,21.00124],[106.13936,20.99861],[106.14283,20.99755],[106.14359,20.99472],[106.14909,20.99209],[106.15067,20.98888],[106.15707,20.98824],[106.15928,20.99021],[106.16488,20.98731],[106.16605,20.98879],[106.16838,20.98713],[106.16953,20.98487],[106.16327,20.97552],[106.168,20.96912],[106.17509,20.97513],[106.18229,20.97863],[106.18577,20.97859],[106.18753,20.98093],[106.19288,20.97922],[106.20978,20.98481],[106.2151,20.98883],[106.22082,20.98995],[106.22093,20.99585],[106.22553,20.99417],[106.22914,20.99469],[106.23044,20.99272],[106.23371,20.99544],[106.24066,20.99138],[106.2429,20.99247],[106.24486,20.99076],[106.24624,20.99775],[106.25301,20.99641],[106.25803,20.99268],[106.25891,20.99031],[106.2618,20.99032],[106.26584,20.98792],[106.27282,20.99189],[106.27194,20.99901],[106.27394,21.00433],[106.29458,21.02056],[106.29506,21.02471],[106.29275,21.03373],[106.29406,21.03935],[106.31193,21.05854],[106.30407,21.07192],[106.30202,21.08813],[106.2955,21.10675],[106.29596,21.11494],[106.29928,21.12195],[106.28997,21.13008],[106.28315,21.13194],[106.27471,21.13106],[106.27232,21.13296],[106.26593,21.1457],[106.25679,21.1515],[106.25568,21.1591],[106.25816,21.16481],[106.25441,21.1706],[106.25009,21.17139],[106.24208,21.16857],[106.2284,21.15907],[106.21483,21.15885],[106.21401,21.16142],[106.21549,21.16513],[106.22183,21.17233],[106.22085,21.17522],[106.20963,21.17624],[106.19619,21.1818],[106.18777,21.18016],[106.18455,21.17574],[106.17886,21.17656],[106.17066,21.18156],[106.15255,21.20849],[106.14078,21.21461],[106.13236,21.2164],[106.12843,21.21443],[106.12443,21.20964],[106.12467,21.20056],[106.12143,21.19784],[106.11503,21.20055],[106.09059,21.20537],[106.08593,21.20826],[106.0873,21.21491],[106.08333,21.21959],[106.08055,21.22012],[106.0743,21.21652],[106.066,21.22421],[106.05326,21.22789],[106.04908,21.22461],[106.04247,21.21487],[106.04287,21.20961],[106.04721,21.20415],[106.04557,21.20218],[106.04192,21.20167],[106.03626,21.20932],[106.03458,21.21572],[106.03509,21.22867],[106.03333,21.23656],[106.03599,21.24546],[106.02412,21.2542],[106.01129,21.25914],[105.99975,21.25893],[105.99537,21.26377],[105.99336,21.26399],[105.98695,21.25421],[105.98764,21.24923],[105.99192,21.24175],[105.99167,21.23699],[105.98132,21.23163],[105.97865,21.22442],[105.97663,21.22313],[105.96801,21.22551],[105.9648,21.23029],[105.96089,21.23036],[105.95741,21.22724],[105.95476,21.23296],[105.95223,21.23499],[105.94412,21.23294],[105.94099,21.23343],[105.93582,21.23838],[105.93801,21.24337],[105.9354,21.2454],[105.92636,21.24466],[105.92784,21.23975],[105.92128,21.23463],[105.92105,21.23231],[105.91914,21.23112],[105.91352,21.23223],[105.91281,21.23099],[105.90669,21.23207],[105.90548,21.23096],[105.90655,21.22927],[105.90373,21.22568],[105.90532,21.22235],[105.90871,21.22477],[105.91067,21.2241],[105.91509,21.2167],[105.91585,21.21135],[105.91526,21.20836],[105.90997,21.20731],[105.91343,21.20248],[105.90953,21.20082],[105.9034,21.20263],[105.90264,21.20114],[105.9072,21.19223],[105.91366,21.19156],[105.91612,21.18881],[105.91559,21.18717],[105.92355,21.18271],[105.92019,21.17839],[105.9216,21.17704],[105.92119,21.17378],[105.91838,21.17353],[105.91716,21.16779],[105.91918,21.1634],[105.92299,21.16274],[105.91959,21.15546],[105.9236,21.14694],[105.92604,21.14654],[105.92655,21.14051],[105.92374,21.13806],[105.92557,21.13613],[105.92468,21.13332],[105.92201,21.13535],[105.91799,21.13204],[105.91932,21.12991],[105.91321,21.12569],[105.91562,21.11896],[105.92154,21.11927],[105.92223,21.12131],[105.92369,21.12054],[105.9209,21.11605],[105.92172,21.1147],[105.92822,21.11116],[105.9293,21.11255],[105.93117,21.11098],[105.93096,21.10887],[105.93411,21.10651],[105.93424,21.10277],[105.93634,21.10146],[105.93484,21.0975],[105.93564,21.09526],[105.93792,21.09114],[105.9391,21.0918],[105.94096,21.08905],[105.93936,21.08773],[105.94028,21.08347],[105.95794,21.09139],[105.95999,21.08846],[105.96194,21.07791],[105.96864,21.0736],[105.96792,21.07211],[105.99335,21.06887],[105.99912,21.07439],[106.00628,21.06298],[106.00835,21.06463],[106.00969,21.06197],[106.00704,21.05769],[106.00835,21.05557],[106.01058,21.05774],[106.01379,21.05572],[106.01342,21.05346],[106.01513,21.05248],[106.01427,21.05071],[106.0199,21.0475],[106.02007,21.04121],[106.01842,21.04049],[106.01645,21.03434],[106.01304,21.03051],[106.00646,21.02885],[106.00941,21.02445],[106.00679,21.02432],[106.00438,21.02153],[106.00455,21.01726],[106.00682,21.01617],[106.00474,21.01392],[106.00493,21.01163],[106.00958,21.0124],[106.01023,21.01124],[106.00779,21.00834],[105.9991,21.0066],[106.00124,21.00003]]]}},{"type":"Feature","properties":{"name":"Hai Duong","code":"VN_SRC_HAIDUONG"},"geometry":{"type":"Polygon","coordinates":[[[106.61144,21.02122],[106.60886,21.02438],[106.60785,21.0311],[106.60388,21.03646],[106.59593,21.04105],[106.57579,21.05741],[106.56855,21.05318],[106.5611,21.05625],[106.55395,21.05287],[106.54473,21.05453],[106.53797,21.05247],[106.53269,21.04768],[106.52491,21.05058],[106.52342,21.04612],[106.5195,21.04825],[106.51574,21.04632],[106.51513,21.04876],[106.5193,21.05384],[106.51627,21.05522],[106.51665,21.06029],[106.51261,21.05823],[106.50897,21.05926],[106.50354,21.05682],[106.50017,21.05733],[106.49783,21.06088],[106.48856,21.06724],[106.48121,21.06898],[106.47473,21.06931],[106.46706,21.06664],[106.45605,21.06523],[106.45477,21.06564],[106.4549,21.06931],[106.44762,21.06969],[106.44633,21.07497],[106.44102,21.07808],[106.44051,21.07989],[106.44396,21.08348],[106.44554,21.08936],[106.45081,21.09461],[106.45,21.09656],[106.44393,21.10038],[106.4392,21.10672],[106.4423,21.111],[106.44075,21.11452],[106.44138,21.11734],[106.44427,21.11769],[106.44587,21.11643],[106.44619,21.11847],[106.45596,21.11743],[106.45772,21.11959],[106.45903,21.1159],[106.46146,21.11514],[106.46562,21.1177],[106.4722,21.11868],[106.47394,21.12143],[106.47288,21.12253],[106.47477,21.12228],[106.47567,21.12402],[106.47674,21.12303],[106.47941,21.12627],[106.48211,21.12644],[106.4819,21.12906],[106.48362,21.12835],[106.48423,21.13149],[106.48209,21.13474],[106.48414,21.13834],[106.48372,21.14412],[106.47954,21.14554],[106.48268,21.15863],[106.49011,21.16679],[106.48657,21.1733],[106.48951,21.17777],[106.48946,21.18074],[106.49607,21.18473],[106.49439,21.19901],[106.50064,21.20154],[106.49825,21.21106],[106.49996,21.21358],[106.50188,21.2244],[106.49835,21.22754],[106.49249,21.22801],[106.48997,21.2314],[106.48897,21.23699],[106.48825,21.2308],[106.48668,21.22888],[106.48011,21.22857],[106.47428,21.23023],[106.46634,21.22614],[106.45855,21.22934],[106.45533,21.23287],[106.45217,21.23051],[106.44652,21.23135],[106.44315,21.229],[106.4381,21.22839],[106.43505,21.22864],[106.43148,21.23135],[106.42542,21.23123],[106.42256,21.22359],[106.41699,21.22257],[106.41275,21.20772],[106.41084,21.2082],[106.40156,21.20472],[106.40009,21.20209],[106.39336,21.20301],[106.39171,21.20012],[106.3856,21.19653],[106.37414,21.19541],[106.37354,21.18925],[106.36946,21.18391],[106.37098,21.18155],[106.36928,21.17975],[106.36741,21.18125],[106.36445,21.17917],[106.36515,21.17437],[106.36677,21.17363],[106.36185,21.17163],[106.35659,21.17313],[106.35301,21.17145],[106.34465,21.17339],[106.34758,21.16794],[106.3457,21.16523],[106.34101,21.17262],[106.33789,21.17197],[106.33243,21.17458],[106.33088,21.18134],[106.32837,21.18136],[106.32309,21.18522],[106.32486,21.19204],[106.31356,21.19294],[106.30988,21.18737],[106.30967,21.17992],[106.31224,21.17299],[106.32132,21.15842],[106.3232,21.15288],[106.32283,21.14849],[106.31738,21.13547],[106.31385,21.13139],[106.29928,21.12195],[106.29596,21.11494],[106.2955,21.10675],[106.30202,21.08813],[106.30407,21.07192],[106.31193,21.05854],[106.29406,21.03935],[106.29275,21.03373],[106.29506,21.02471],[106.29458,21.02056],[106.27394,21.00433],[106.27194,20.99901],[106.27282,20.99189],[106.26584,20.98792],[106.2618,20.99032],[106.25891,20.99031],[106.25803,20.99268],[106.25301,20.99641],[106.24624,20.99775],[106.24486,20.99076],[106.2429,20.99247],[106.24066,20.99138],[106.23371,20.99544],[106.23044,20.99272],[106.22914,20.99469],[106.22553,20.99417],[106.22093,20.99585],[106.22082,20.98995],[106.2151,20.98883],[106.20978,20.98481],[106.19288,20.97922],[106.18753,20.98093],[106.18577,20.97859],[106.18229,20.97863],[106.17509,20.97513],[106.168,20.96912],[106.16327,20.97552],[106.16953,20.98487],[106.16838,20.98713],[106.16605,20.98879],[106.16488,20.98731],[106.15928,20.99021],[106.15707,20.98824],[106.15067,20.98888],[106.14909,20.99209],[106.14359,20.99472],[106.14283,20.99755],[106.13936,20.99861],[106.13786,21.00124],[106.13199,20.99915],[106.13129,20.99453],[106.129,20.99297],[106.12945,20.98763],[106.12735,20.98375],[106.12884,20.98092],[106.13006,20.98125],[106.13806,20.97457],[106.13363,20.96954],[106.13558,20.96005],[106.14836,20.95827],[106.14861,20.96022],[106.1499,20.96027],[106.15061,20.95599],[106.15283,20.95622],[106.1582,20.95093],[106.15743,20.94812],[106.15463,20.94727],[106.15455,20.9457],[106.1503,20.94437],[106.15013,20.94166],[106.1527,20.94157],[106.15154,20.93539],[106.15297,20.93347],[106.15007,20.93345],[106.14848,20.92887],[106.14958,20.92434],[106.15405,20.9234],[106.15534,20.9173],[106.14638,20.91292],[106.14548,20.9136],[106.14259,20.91135],[106.14374,20.90967],[106.14228,20.90727],[106.13621,20.90369],[106.1386,20.89379],[106.14468,20.89189],[106.14719,20.88858],[106.14727,20.88263],[106.14352,20.87773],[106.14155,20.858],[106.13679,20.85098],[106.13261,20.85106],[106.12626,20.84838],[106.12981,20.84337],[106.12845,20.83717],[106.12475,20.83345],[106.12437,20.83008],[106.13113,20.82857],[106.13837,20.82197],[106.14064,20.8172],[106.13825,20.81012],[106.13318,20.80896],[106.13113,20.80669],[106.1385,20.80065],[106.14032,20.79752],[106.14173,20.79818],[106.14251,20.79307],[106.14759,20.78572],[106.15223,20.78177],[106.15773,20.78002],[106.16107,20.78392],[106.16558,20.78497],[106.17168,20.77675],[106.17454,20.77794],[106.17625,20.7765],[106.17657,20.77507],[106.17424,20.7727],[106.18103,20.7634],[106.18424,20.76283],[106.18787,20.76667],[106.19283,20.7658],[106.19719,20.75729],[106.2035,20.75185],[106.21588,20.7503],[106.21877,20.73948],[106.21853,20.73254],[106.21378,20.7327],[106.21181,20.73086],[106.21364,20.72791],[106.2188,20.72469],[106.22379,20.71773],[106.2278,20.70507],[106.23377,20.70284],[106.24407,20.69565],[106.24876,20.68682],[106.25447,20.68758],[106.25646,20.68636],[106.25823,20.68773],[106.26251,20.68477],[106.26953,20.68471],[106.26785,20.68794],[106.25426,20.69036],[106.24927,20.69472],[106.249,20.69648],[106.26056,20.7034],[106.26526,20.70427],[106.27529,20.69283],[106.28719,20.69374],[106.2889,20.69459],[106.28878,20.6981],[106.28335,20.70318],[106.28274,20.70625],[106.2836,20.71052],[106.28653,20.7115],[106.2944,20.70687],[106.29382,20.69705],[106.30009,20.69074],[106.30293,20.68963],[106.32196,20.70027],[106.33313,20.71074],[106.34107,20.7108],[106.34513,20.7044],[106.35021,20.70092],[106.35798,20.70112],[106.37222,20.71001],[106.38234,20.71181],[106.39725,20.72466],[106.39928,20.72508],[106.40169,20.72885],[106.40782,20.72843],[106.41306,20.73528],[106.4248,20.73352],[106.43213,20.72893],[106.43568,20.7211],[106.43769,20.72014],[106.44524,20.72795],[106.44665,20.73117],[106.44609,20.73525],[106.44775,20.73641],[106.45211,20.73365],[106.45307,20.73001],[106.45129,20.7245],[106.45205,20.72204],[106.46029,20.72269],[106.46523,20.72657],[106.46501,20.73098],[106.46099,20.73568],[106.45273,20.74011],[106.45256,20.74283],[106.45672,20.74456],[106.46195,20.74268],[106.46594,20.7433],[106.47355,20.75377],[106.48097,20.75061],[106.48712,20.75052],[106.49123,20.75279],[106.49855,20.76028],[106.49393,20.76101],[106.49275,20.76274],[106.49829,20.77311],[106.49676,20.78351],[106.48606,20.7998],[106.49254,20.80629],[106.50034,20.80849],[106.50328,20.80775],[106.50415,20.80435],[106.50844,20.80109],[106.51528,20.81265],[106.51604,20.81859],[106.51409,20.82179],[106.51097,20.82254],[106.4928,20.81937],[106.48838,20.82181],[106.48887,20.82429],[106.49472,20.83131],[106.49705,20.83968],[106.4942,20.84392],[106.48498,20.84954],[106.47744,20.85845],[106.48313,20.86458],[106.48122,20.86799],[106.48319,20.86901],[106.48702,20.86605],[106.49354,20.86714],[106.49795,20.86003],[106.49967,20.8529],[106.50223,20.8542],[106.50394,20.86088],[106.50655,20.86332],[106.52416,20.86218],[106.52305,20.85293],[106.52478,20.85078],[106.52884,20.85175],[106.53168,20.85415],[106.53553,20.86661],[106.54963,20.87017],[106.55042,20.87281],[106.5523,20.87354],[106.55231,20.87658],[106.54881,20.87877],[106.54444,20.87856],[106.54811,20.88452],[106.54502,20.88573],[106.54155,20.8848],[106.53958,20.88702],[106.54049,20.89079],[106.54324,20.89142],[106.54376,20.893],[106.54006,20.8944],[106.54131,20.89755],[106.53807,20.89813],[106.5402,20.90029],[106.53604,20.90104],[106.53358,20.90292],[106.53386,20.90527],[106.53098,20.90453],[106.53139,20.90661],[106.52704,20.90763],[106.52845,20.90914],[106.52756,20.91514],[106.52963,20.91551],[106.5312,20.91257],[106.53336,20.91177],[106.53541,20.91707],[106.5407,20.91854],[106.54196,20.92167],[106.54446,20.92177],[106.54676,20.91909],[106.54836,20.91966],[106.54786,20.92243],[106.54328,20.92257],[106.54234,20.92372],[106.5444,20.92721],[106.54183,20.93067],[106.54349,20.93527],[106.5433,20.94428],[106.54621,20.94777],[106.54863,20.94676],[106.5554,20.94802],[106.55585,20.93329],[106.55724,20.93181],[106.55985,20.93187],[106.56478,20.93428],[106.56804,20.93828],[106.56762,20.95085],[106.56939,20.95176],[106.57331,20.9508],[106.57774,20.94732],[106.57871,20.94352],[106.57102,20.93686],[106.57048,20.93419],[106.57247,20.93169],[106.57675,20.93051],[106.58209,20.93346],[106.59151,20.94689],[106.59283,20.95181],[106.58519,20.96226],[106.58508,20.97391],[106.56587,20.98055],[106.563,20.98636],[106.55744,20.99021],[106.55549,20.99337],[106.55559,21.00223],[106.55816,21.00761],[106.56318,21.01117],[106.56515,21.01937],[106.56734,21.01794],[106.56989,21.01214],[106.57357,21.01086],[106.57862,21.01638],[106.59022,21.01494],[106.59409,21.01799],[106.60262,21.01681],[106.61144,21.02122]]]}},{"type":"Feature","properties":{"name":"Hung Yen","code":"VN_SRC_HUNGYEN"},"geometry":{"type":"Polygon","coordinates":[[[106.00289,20.70436],[106.00773,20.70396],[106.02028,20.69919],[106.02921,20.69056],[106.0344,20.6828],[106.03531,20.6756],[106.03159,20.66147],[106.03157,20.64521],[106.039,20.62786],[106.05752,20.60832],[106.06569,20.60464],[106.07661,20.6031],[106.09981,20.61652],[106.10904,20.61859],[106.12085,20.61723],[106.12869,20.62359],[106.1285,20.62844],[106.11875,20.63643],[106.1109,20.63672],[106.10967,20.63998],[106.11041,20.64273],[106.11344,20.64538],[106.12571,20.64774],[106.13679,20.65891],[106.14608,20.65882],[106.16329,20.64502],[106.16717,20.64505],[106.16947,20.64659],[106.17059,20.65496],[106.17495,20.6582],[106.18215,20.65645],[106.20247,20.64387],[106.22413,20.64156],[106.22441,20.64514],[106.21841,20.65117],[106.2168,20.6549],[106.23253,20.65927],[106.23688,20.66562],[106.24304,20.67075],[106.26606,20.67971],[106.26953,20.68471],[106.26251,20.68477],[106.25823,20.68773],[106.25646,20.68636],[106.25447,20.68758],[106.24876,20.68682],[106.24407,20.69565],[106.23377,20.70284],[106.2278,20.70507],[106.22379,20.71773],[106.2188,20.72469],[106.21364,20.72791],[106.21181,20.73086],[106.21378,20.7327],[106.21853,20.73254],[106.21877,20.73948],[106.21588,20.7503],[106.2035,20.75185],[106.19719,20.75729],[106.19283,20.7658],[106.18787,20.76667],[106.18424,20.76283],[106.18103,20.7634],[106.17424,20.7727],[106.17657,20.77507],[106.17625,20.7765],[106.17454,20.77794],[106.17168,20.77675],[106.16558,20.78497],[106.16107,20.78392],[106.15773,20.78002],[106.15223,20.78177],[106.14759,20.78572],[106.14251,20.79307],[106.14173,20.79818],[106.14032,20.79752],[106.1385,20.80065],[106.13113,20.80669],[106.13318,20.80896],[106.13825,20.81012],[106.14064,20.8172],[106.13837,20.82197],[106.13113,20.82857],[106.12437,20.83008],[106.12475,20.83345],[106.12845,20.83717],[106.12981,20.84337],[106.12626,20.84838],[106.13261,20.85106],[106.13679,20.85098],[106.14155,20.858],[106.14352,20.87773],[106.14727,20.88263],[106.14719,20.88858],[106.14468,20.89189],[106.1386,20.89379],[106.13621,20.90369],[106.14228,20.90727],[106.14374,20.90967],[106.14259,20.91135],[106.14548,20.9136],[106.14638,20.91292],[106.15534,20.9173],[106.15405,20.9234],[106.14958,20.92434],[106.14848,20.92887],[106.15007,20.93345],[106.15297,20.93347],[106.15154,20.93539],[106.1527,20.94157],[106.15013,20.94166],[106.1503,20.94437],[106.15455,20.9457],[106.15463,20.94727],[106.15743,20.94812],[106.1582,20.95093],[106.15283,20.95622],[106.15061,20.95599],[106.1499,20.96027],[106.14861,20.96022],[106.14836,20.95827],[106.13558,20.96005],[106.13363,20.96954],[106.13806,20.97457],[106.13006,20.98125],[106.12884,20.98092],[106.12735,20.98375],[106.12001,20.98527],[106.1179,20.98344],[106.11523,20.98338],[106.11581,20.99602],[106.11277,20.99673],[106.10919,20.9999],[106.1025,20.99736],[106.09032,21.00701],[106.08811,21.0041],[106.08578,21.00543],[106.08409,21.00458],[106.08239,20.99815],[106.08022,20.99623],[106.07745,20.99686],[106.07698,20.99545],[106.06707,21.00088],[106.058,21.00043],[106.0545,21.00446],[106.05523,21.00647],[106.05305,21.00564],[106.05111,21.00721],[106.04898,21.0056],[106.05005,21.00363],[106.04198,21.00355],[106.0374,20.99853],[106.03036,20.99505],[106.0297,20.99314],[106.02663,20.99362],[106.02468,20.99602],[106.02108,20.99488],[106.0171,21.00259],[106.01278,21.00258],[106.0115,20.99852],[106.00486,20.9983],[106.00328,21.00049],[106.00124,21.00003],[105.99938,20.99926],[105.99429,21.0014],[105.99405,21.00042],[105.99173,21.00102],[105.98925,20.99824],[105.98428,20.99669],[105.97752,20.99894],[105.97206,20.99668],[105.97245,20.98959],[105.96901,20.98858],[105.96661,20.99111],[105.9618,20.98973],[105.9613,20.98824],[105.96519,20.98418],[105.96189,20.98101],[105.96238,20.97395],[105.96475,20.97263],[105.96463,20.96315],[105.95639,20.96606],[105.95669,20.9675],[105.95515,20.9661],[105.95522,20.96848],[105.94859,20.96752],[105.94862,20.96933],[105.93862,20.96784],[105.93224,20.97351],[105.92983,20.97263],[105.92486,20.97436],[105.92478,20.97612],[105.91573,20.9755],[105.91518,20.97224],[105.91232,20.97109],[105.90651,20.95803],[105.90415,20.94665],[105.91508,20.93708],[105.90844,20.92629],[105.91269,20.9221],[105.913,20.91816],[105.90796,20.9115],[105.89915,20.90523],[105.89532,20.89779],[105.89623,20.89394],[105.89856,20.89177],[105.91505,20.88386],[105.92436,20.87665],[105.93131,20.87377],[105.93551,20.86673],[105.93562,20.85679],[105.93328,20.85154],[105.91915,20.84368],[105.91445,20.83875],[105.91087,20.82904],[105.91096,20.8203],[105.91895,20.79806],[105.92685,20.78819],[105.93763,20.78368],[105.9603,20.77916],[105.96691,20.77324],[105.96844,20.76983],[105.96736,20.75081],[105.96959,20.73429],[105.96491,20.72864],[105.96433,20.72499],[105.97316,20.7005],[105.97888,20.69932],[105.98898,20.70384],[106.00289,20.70436]]]}},{"type":"Feature","properties":{"name":"Ha Nam","code":"VN_SRC_HANAM"},"geometry":{"type":"Polygon","coordinates":[[[105.76858,20.56531],[105.77353,20.54964],[105.78384,20.53879],[105.78605,20.53159],[105.79205,20.52162],[105.79515,20.5117],[105.80104,20.51281],[105.80513,20.50062],[105.80921,20.49866],[105.80974,20.50149],[105.8197,20.50578],[105.82017,20.49448],[105.82489,20.48888],[105.83614,20.48433],[105.83817,20.48018],[105.84191,20.48094],[105.84391,20.47801],[105.85212,20.47788],[105.8514,20.46345],[105.85407,20.43347],[105.85722,20.42654],[105.85989,20.42429],[105.86243,20.41886],[105.86529,20.41756],[105.86872,20.40982],[105.87508,20.40693],[105.87979,20.39787],[105.88692,20.39131],[105.88772,20.38884],[105.89231,20.38775],[105.89408,20.38578],[105.89378,20.38286],[105.90217,20.37314],[105.90907,20.37233],[105.91025,20.37658],[105.9115,20.37679],[105.91513,20.37292],[105.91675,20.373],[105.92028,20.36405],[105.92242,20.36294],[105.93469,20.3679],[105.93694,20.37551],[105.93196,20.37536],[105.92734,20.37883],[105.92419,20.3962],[105.92737,20.39934],[105.93188,20.39758],[105.93945,20.39876],[105.94192,20.40051],[105.94246,20.3984],[105.95063,20.40344],[105.9486,20.41338],[105.95525,20.41508],[105.9648,20.4257],[105.96892,20.42555],[105.96989,20.42313],[105.9739,20.42308],[105.97633,20.43251],[105.97748,20.43261],[105.97795,20.44137],[105.98159,20.44027],[105.98302,20.43156],[105.98586,20.4317],[105.9862,20.42941],[105.99373,20.42949],[105.99465,20.42831],[105.99092,20.41821],[105.99154,20.41081],[105.98967,20.41042],[105.98966,20.40479],[105.99732,20.39783],[105.99605,20.39558],[106.00035,20.39622],[105.99936,20.4026],[106.00188,20.40335],[106.00554,20.40332],[106.01391,20.39934],[106.02067,20.40246],[106.02788,20.40168],[106.02457,20.40544],[106.02384,20.41027],[106.02031,20.41207],[106.01996,20.41693],[106.02357,20.42397],[106.02457,20.43229],[106.03031,20.44057],[106.02888,20.44554],[106.03788,20.44654],[106.04246,20.45065],[106.04162,20.45833],[106.04391,20.47027],[106.04679,20.47253],[106.05843,20.47259],[106.06533,20.46514],[106.07471,20.46833],[106.07668,20.46348],[106.07946,20.46148],[106.08213,20.46192],[106.08535,20.46545],[106.09178,20.45677],[106.10014,20.45525],[106.10528,20.46761],[106.10424,20.4711],[106.09841,20.47835],[106.09946,20.48069],[106.10225,20.48157],[106.09999,20.48713],[106.10213,20.48907],[106.11058,20.49035],[106.11456,20.49627],[106.12434,20.49633],[106.13008,20.49919],[106.13462,20.49528],[106.14056,20.49473],[106.13918,20.47923],[106.14201,20.47254],[106.14733,20.46862],[106.15977,20.47293],[106.17212,20.47333],[106.17766,20.47973],[106.18033,20.47977],[106.18331,20.48484],[106.17857,20.49526],[106.17958,20.5191],[106.17192,20.54649],[106.15825,20.56532],[106.15254,20.56808],[106.13738,20.57068],[106.13216,20.57475],[106.12933,20.58362],[106.13074,20.6068],[106.12752,20.61204],[106.12085,20.61723],[106.10904,20.61859],[106.09981,20.61652],[106.07661,20.6031],[106.06569,20.60464],[106.05752,20.60832],[106.039,20.62786],[106.03157,20.64521],[106.03159,20.66147],[106.03531,20.6756],[106.0344,20.6828],[106.02921,20.69056],[106.02028,20.69919],[106.00773,20.70396],[106.00289,20.70436],[106.00238,20.70187],[105.99588,20.69739],[105.99813,20.69228],[105.99185,20.68938],[105.99327,20.68445],[105.9944,20.68511],[105.99376,20.68301],[105.99774,20.67782],[105.99461,20.67651],[105.99179,20.6781],[105.99455,20.681],[105.99307,20.68217],[105.99241,20.68117],[105.98845,20.68223],[105.98477,20.68049],[105.97846,20.6738],[105.97726,20.66548],[105.96587,20.6643],[105.95858,20.65952],[105.95682,20.65607],[105.95804,20.65038],[105.94761,20.6538],[105.94409,20.65668],[105.94301,20.66214],[105.9466,20.66645],[105.94669,20.67635],[105.94314,20.68194],[105.93236,20.68011],[105.91953,20.67582],[105.91812,20.67379],[105.90567,20.66836],[105.9054,20.66509],[105.9025,20.66505],[105.89614,20.66931],[105.89607,20.65184],[105.88948,20.64712],[105.87993,20.64323],[105.87336,20.64334],[105.86642,20.64534],[105.85676,20.6453],[105.84957,20.65256],[105.84847,20.65168],[105.84018,20.6567],[105.84,20.65943],[105.83462,20.66133],[105.83407,20.66009],[105.82786,20.66378],[105.82242,20.66456],[105.82246,20.66269],[105.81962,20.6604],[105.82631,20.65344],[105.83371,20.64936],[105.83416,20.64768],[105.83151,20.64422],[105.8148,20.6343],[105.81173,20.6278],[105.81509,20.61809],[105.81298,20.61822],[105.81256,20.61624],[105.8056,20.60993],[105.80734,20.60651],[105.81163,20.60444],[105.80693,20.60058],[105.80852,20.59904],[105.80776,20.59731],[105.80542,20.59946],[105.80128,20.59322],[105.80173,20.58455],[105.79943,20.58163],[105.79602,20.56868],[105.78215,20.56485],[105.7797,20.5662],[105.77713,20.56452],[105.76858,20.56531]]]}},{"type":"Feature","properties":{"name":"Nam Dinh","code":"VN_SRC_NAMDINH"},"geometry":{"type":"Polygon","coordinates":[[[105.93469,20.3679],[105.93716,20.36508],[105.93795,20.3562],[105.95197,20.35554],[105.9543,20.35341],[105.95313,20.34679],[105.94894,20.3388],[105.94325,20.33317],[105.9372,20.3304],[105.93637,20.32739],[105.96543,20.31379],[105.9817,20.29695],[105.98643,20.28482],[105.98174,20.26906],[105.98152,20.26325],[105.99333,20.2557],[106.00785,20.25078],[106.02595,20.25006],[106.04019,20.2553],[106.04408,20.25445],[106.04938,20.24816],[106.04853,20.24243],[106.0436,20.24058],[106.03292,20.24098],[106.02937,20.23727],[106.03206,20.22955],[106.04234,20.22026],[106.04891,20.21732],[106.05567,20.21724],[106.06843,20.22373],[106.07992,20.23491],[106.08553,20.25121],[106.09277,20.25493],[106.09558,20.2543],[106.09768,20.25086],[106.09732,20.24656],[106.10023,20.24077],[106.10257,20.22604],[106.10685,20.21662],[106.11178,20.21628],[106.12286,20.21922],[106.14521,20.22724],[106.15013,20.22725],[106.1524,20.225],[106.1541,20.21321],[106.16203,20.1894],[106.16285,20.1631],[106.167,20.14378],[106.16799,20.13027],[106.16669,20.12734],[106.15734,20.1187],[106.14949,20.10398],[106.14517,20.09171],[106.14349,20.07249],[106.1403,20.06414],[106.13432,20.05889],[106.12145,20.05435],[106.11632,20.0501],[106.11454,20.04663],[106.1118,20.01966],[106.1002,19.98892],[106.09549,19.97085],[106.09642,19.95658],[106.10237,19.93765],[106.10229,19.92973],[106.09952,19.92092],[106.10504,19.91993],[106.09427,19.90012],[106.09189,19.89094],[106.09436,19.88865],[106.10121,19.88941],[106.1138,19.8966],[106.12877,19.91118],[106.14358,19.92933],[106.14685,19.9367],[106.15453,19.94771],[106.17918,19.97182],[106.18198,19.98513],[106.18851,19.9949],[106.19898,20.00033],[106.24681,20.05572],[106.25552,20.06371],[106.27094,20.08308],[106.27512,20.08584],[106.29316,20.10645],[106.31129,20.12396],[106.32328,20.13786],[106.32443,20.14124],[106.34008,20.15413],[106.36249,20.17834],[106.38013,20.18914],[106.41369,20.20589],[106.42552,20.20652],[106.44293,20.2132],[106.48102,20.21688],[106.4836,20.20813],[106.47481,20.20725],[106.47324,20.20657],[106.47299,20.20361],[106.47963,20.19651],[106.49316,20.19094],[106.51211,20.19232],[106.5539,20.20201],[106.57703,20.21353],[106.58443,20.2196],[106.58592,20.23335],[106.59192,20.24405],[106.57605,20.268],[106.55225,20.29271],[106.53554,20.30677],[106.52766,20.31624],[106.52499,20.31641],[106.51051,20.30855],[106.49794,20.30832],[106.48448,20.29491],[106.47659,20.29153],[106.46589,20.28909],[106.45137,20.29044],[106.43995,20.29489],[106.42956,20.30225],[106.41407,20.32089],[106.4085,20.33061],[106.39429,20.34097],[106.38746,20.34435],[106.3713,20.34539],[106.35686,20.35268],[106.34842,20.36306],[106.34257,20.37536],[106.33942,20.37755],[106.33467,20.37555],[106.3226,20.36259],[106.31173,20.3554],[106.29603,20.34091],[106.28485,20.33314],[106.27164,20.32724],[106.26572,20.32671],[106.26047,20.32873],[106.25631,20.33312],[106.25244,20.34285],[106.25411,20.35574],[106.25842,20.36103],[106.28346,20.3802],[106.28647,20.38776],[106.28522,20.39424],[106.28052,20.39984],[106.27414,20.40329],[106.26115,20.40617],[106.23182,20.40681],[106.21959,20.41108],[106.21214,20.42085],[106.20968,20.429],[106.22209,20.44953],[106.22567,20.45998],[106.22478,20.46776],[106.22037,20.47332],[106.21119,20.47819],[106.18979,20.48002],[106.18331,20.48484],[106.18033,20.47977],[106.17766,20.47973],[106.17212,20.47333],[106.15977,20.47293],[106.14733,20.46862],[106.14201,20.47254],[106.13918,20.47923],[106.14056,20.49473],[106.13462,20.49528],[106.13008,20.49919],[106.12434,20.49633],[106.11456,20.49627],[106.11058,20.49035],[106.10213,20.48907],[106.09999,20.48713],[106.10225,20.48157],[106.09946,20.48069],[106.09841,20.47835],[106.10424,20.4711],[106.10528,20.46761],[106.10014,20.45525],[106.09178,20.45677],[106.08535,20.46545],[106.08213,20.46192],[106.07946,20.46148],[106.07668,20.46348],[106.07471,20.46833],[106.06533,20.46514],[106.05843,20.47259],[106.04679,20.47253],[106.04391,20.47027],[106.04162,20.45833],[106.04246,20.45065],[106.03788,20.44654],[106.02888,20.44554],[106.03031,20.44057],[106.02457,20.43229],[106.02357,20.42397],[106.01996,20.41693],[106.02031,20.41207],[106.02384,20.41027],[106.02457,20.40544],[106.02788,20.40168],[106.02067,20.40246],[106.01391,20.39934],[106.00554,20.40332],[106.00188,20.40335],[105.99936,20.4026],[106.00035,20.39622],[105.99605,20.39558],[105.99732,20.39783],[105.98966,20.40479],[105.98967,20.41042],[105.99154,20.41081],[105.99092,20.41821],[105.99465,20.42831],[105.99373,20.42949],[105.9862,20.42941],[105.98586,20.4317],[105.98302,20.43156],[105.98159,20.44027],[105.97795,20.44137],[105.97748,20.43261],[105.97633,20.43251],[105.9739,20.42308],[105.96989,20.42313],[105.96892,20.42555],[105.9648,20.4257],[105.95525,20.41508],[105.9486,20.41338],[105.95063,20.40344],[105.94246,20.3984],[105.94192,20.40051],[105.93945,20.39876],[105.93188,20.39758],[105.92737,20.39934],[105.92419,20.3962],[105.92734,20.37883],[105.93196,20.37536],[105.93694,20.37551],[105.93469,20.3679]]]}},{"type":"Feature","properties":{"name":"Thai Binh","code":"VN_SRC_THAIBINH"},"geometry":{"type":"Polygon","coordinates":[[[106.40782,20.72843],[106.40169,20.72885],[106.39928,20.72508],[106.39725,20.72466],[106.38234,20.71181],[106.37222,20.71001],[106.35798,20.70112],[106.35021,20.70092],[106.34513,20.7044],[106.34107,20.7108],[106.33313,20.71074],[106.32196,20.70027],[106.30293,20.68963],[106.30009,20.69074],[106.29382,20.69705],[106.2944,20.70687],[106.28653,20.7115],[106.2836,20.71052],[106.28274,20.70625],[106.28335,20.70318],[106.28878,20.6981],[106.2889,20.69459],[106.28719,20.69374],[106.27529,20.69283],[106.26526,20.70427],[106.26056,20.7034],[106.249,20.69648],[106.24927,20.69472],[106.25426,20.69036],[106.26785,20.68794],[106.26953,20.68471],[106.26606,20.67971],[106.24304,20.67075],[106.23688,20.66562],[106.23253,20.65927],[106.2168,20.6549],[106.21841,20.65117],[106.22441,20.64514],[106.22413,20.64156],[106.20247,20.64387],[106.18215,20.65645],[106.17495,20.6582],[106.17059,20.65496],[106.16947,20.64659],[106.16717,20.64505],[106.16329,20.64502],[106.14608,20.65882],[106.13679,20.65891],[106.12571,20.64774],[106.11344,20.64538],[106.11041,20.64273],[106.10967,20.63998],[106.1109,20.63672],[106.11875,20.63643],[106.1285,20.62844],[106.12869,20.62359],[106.12085,20.61723],[106.12752,20.61204],[106.13074,20.6068],[106.12933,20.58362],[106.13216,20.57475],[106.13738,20.57068],[106.15254,20.56808],[106.15825,20.56532],[106.17192,20.54649],[106.17958,20.5191],[106.17857,20.49526],[106.18331,20.48484],[106.18979,20.48002],[106.21119,20.47819],[106.22037,20.47332],[106.22478,20.46776],[106.22567,20.45998],[106.22209,20.44953],[106.20968,20.429],[106.21214,20.42085],[106.21959,20.41108],[106.23182,20.40681],[106.26115,20.40617],[106.27414,20.40329],[106.28052,20.39984],[106.28522,20.39424],[106.28647,20.38776],[106.28346,20.3802],[106.25842,20.36103],[106.25411,20.35574],[106.25244,20.34285],[106.25631,20.33312],[106.26047,20.32873],[106.26572,20.32671],[106.27164,20.32724],[106.28485,20.33314],[106.29603,20.34091],[106.31173,20.3554],[106.3226,20.36259],[106.33467,20.37555],[106.33942,20.37755],[106.34257,20.37536],[106.34842,20.36306],[106.35686,20.35268],[106.3713,20.34539],[106.38746,20.34435],[106.39429,20.34097],[106.4085,20.33061],[106.41407,20.32089],[106.42956,20.30225],[106.43995,20.29489],[106.45137,20.29044],[106.46589,20.28909],[106.47659,20.29153],[106.48448,20.29491],[106.49794,20.30832],[106.51051,20.30855],[106.52499,20.31641],[106.52766,20.31624],[106.53554,20.30677],[106.55225,20.29271],[106.57605,20.268],[106.59192,20.24405],[106.60282,20.26488],[106.62278,20.33608],[106.62386,20.34414],[106.62407,20.35828],[106.62086,20.37191],[106.61061,20.38645],[106.60496,20.39181],[106.60243,20.39701],[106.60258,20.40668],[106.6165,20.43127],[106.62911,20.44472],[106.62566,20.44924],[106.61519,20.45174],[106.6046,20.45959],[106.60496,20.48255],[106.60151,20.49944],[106.58985,20.51241],[106.58759,20.52217],[106.59306,20.55655],[106.60032,20.57035],[106.61236,20.58521],[106.6408,20.6052],[106.65643,20.61268],[106.6454,20.62196],[106.63619,20.62704],[106.6311,20.62771],[106.62035,20.62502],[106.61184,20.62694],[106.60668,20.63168],[106.60141,20.63977],[106.59287,20.63637],[106.58533,20.6274],[106.56853,20.61969],[106.56548,20.62029],[106.55894,20.62666],[106.54674,20.62698],[106.54157,20.62252],[106.5419,20.61536],[106.54004,20.60836],[106.52962,20.60298],[106.51945,20.60254],[106.51807,20.60866],[106.51508,20.61187],[106.50782,20.61476],[106.49312,20.61664],[106.48866,20.60774],[106.48186,20.59946],[106.47166,20.5982],[106.47009,20.60027],[106.46907,20.60832],[106.4655,20.61407],[106.4601,20.6175],[106.45025,20.62017],[106.45457,20.63149],[106.45497,20.63893],[106.44455,20.65117],[106.43825,20.66226],[106.42462,20.67116],[106.4208,20.67624],[106.40751,20.68639],[106.40064,20.68839],[106.40231,20.69347],[106.4106,20.70399],[106.41475,20.70676],[106.41246,20.71222],[106.4164,20.71307],[106.41531,20.71623],[106.41711,20.71682],[106.40875,20.72247],[106.40782,20.72843]]]}},{"type":"Feature","properties":{"name":"Ninh Binh","code":"VN_SRC_NINHBINH"},"geometry":{"type":"Polygon","coordinates":[[[105.85722,20.42654],[105.84867,20.42616],[105.84372,20.42078],[105.83519,20.4217],[105.83081,20.42043],[105.8299,20.41768],[105.82711,20.41878],[105.82356,20.4178],[105.81947,20.42371],[105.80982,20.42792],[105.80105,20.4364],[105.79376,20.44753],[105.79231,20.45471],[105.78782,20.45332],[105.7888,20.44794],[105.78198,20.43659],[105.77428,20.43573],[105.77285,20.44255],[105.76238,20.44015],[105.76026,20.4419],[105.7552,20.44176],[105.75137,20.43892],[105.75714,20.41711],[105.75916,20.41615],[105.75913,20.41347],[105.75271,20.41325],[105.75213,20.4068],[105.7559,20.39994],[105.75305,20.39897],[105.75508,20.39358],[105.75439,20.38956],[105.75709,20.38711],[105.75986,20.37877],[105.75681,20.37166],[105.75684,20.36721],[105.7462,20.3665],[105.74488,20.37147],[105.74556,20.38245],[105.74191,20.3843],[105.73605,20.38428],[105.73052,20.38603],[105.7321,20.39875],[105.72845,20.39976],[105.7279,20.40182],[105.72563,20.40195],[105.71905,20.40801],[105.71222,20.40808],[105.70621,20.41204],[105.7014,20.4098],[105.6975,20.41183],[105.68537,20.41039],[105.68483,20.40667],[105.68759,20.40324],[105.6943,20.40285],[105.69689,20.39761],[105.69844,20.39748],[105.69586,20.39323],[105.69258,20.3939],[105.69208,20.39244],[105.69668,20.38923],[105.69403,20.38822],[105.69508,20.38571],[105.69925,20.38395],[105.70022,20.38098],[105.70411,20.37869],[105.7041,20.37423],[105.70958,20.36724],[105.71217,20.36634],[105.70966,20.36033],[105.71344,20.35825],[105.71469,20.35402],[105.71781,20.3524],[105.71895,20.34844],[105.72407,20.34212],[105.72957,20.33909],[105.72456,20.32954],[105.701,20.32084],[105.69569,20.31197],[105.68682,20.30546],[105.6763,20.30624],[105.67358,20.30896],[105.67046,20.30943],[105.66487,20.31675],[105.65099,20.32691],[105.644,20.33428],[105.6426,20.33841],[105.63981,20.33877],[105.63546,20.34337],[105.62557,20.34887],[105.62266,20.34743],[105.61821,20.34912],[105.60784,20.35758],[105.60607,20.36053],[105.59911,20.36412],[105.59283,20.36513],[105.58116,20.36978],[105.5703,20.35931],[105.55671,20.35853],[105.55419,20.36062],[105.54276,20.36216],[105.54457,20.35325],[105.5501,20.34695],[105.54887,20.33443],[105.554,20.32799],[105.55772,20.32937],[105.56439,20.32536],[105.56272,20.3178],[105.5638,20.31651],[105.56581,20.31568],[105.57191,20.31727],[105.57971,20.31181],[105.58746,20.31192],[105.59398,20.31407],[105.59919,20.31217],[105.61115,20.29691],[105.61079,20.29155],[105.62032,20.28225],[105.63541,20.2775],[105.64111,20.27786],[105.65005,20.27374],[105.67063,20.25343],[105.66905,20.25073],[105.67004,20.24855],[105.67893,20.2467],[105.67893,20.24187],[105.68333,20.23498],[105.69418,20.23083],[105.69616,20.22516],[105.69329,20.22161],[105.70036,20.21879],[105.71378,20.20874],[105.71643,20.20843],[105.72195,20.20357],[105.73054,20.19948],[105.73336,20.19468],[105.73788,20.19426],[105.74205,20.18844],[105.7406,20.18554],[105.75796,20.17872],[105.77348,20.17677],[105.77709,20.17204],[105.78205,20.17284],[105.78404,20.17141],[105.79335,20.17009],[105.80045,20.1636],[105.80894,20.15878],[105.81186,20.15847],[105.81892,20.15406],[105.83199,20.15059],[105.83552,20.14303],[105.84195,20.1424],[105.84513,20.14022],[105.85236,20.13858],[105.86915,20.12448],[105.87483,20.12168],[105.87898,20.12217],[105.88392,20.11988],[105.89205,20.11949],[105.90762,20.10644],[105.91064,20.10512],[105.91703,20.10564],[105.92137,20.1025],[105.92421,20.10218],[105.93008,20.09027],[105.94095,20.08396],[105.9469,20.07443],[105.95151,20.0744],[105.96105,20.06581],[105.97144,20.06589],[105.97481,20.06758],[105.97848,20.06607],[105.98273,20.06805],[105.99261,20.06867],[105.99376,20.06669],[105.99684,20.06825],[106.00027,20.0667],[106.01075,20.06569],[106.01792,20.0598],[106.02316,20.05909],[106.03215,20.06082],[106.03549,20.05983],[106.04232,20.06241],[106.07184,20.0668],[106.07586,20.0632],[106.07463,20.05638],[106.06614,20.03712],[106.06414,20.02646],[106.05903,20.01454],[106.05153,20.00372],[106.04626,20.00134],[106.0346,20.00028],[106.02979,19.99645],[106.02591,19.99062],[106.02379,19.98169],[106.0262,19.95559],[106.03354,19.95118],[106.04396,19.93705],[106.0675,19.91701],[106.08106,19.91594],[106.09427,19.92201],[106.09952,19.92092],[106.10229,19.92973],[106.10237,19.93765],[106.09642,19.95658],[106.09549,19.97085],[106.1002,19.98892],[106.1118,20.01966],[106.11454,20.04663],[106.11632,20.0501],[106.12145,20.05435],[106.13432,20.05889],[106.1403,20.06414],[106.14349,20.07249],[106.14517,20.09171],[106.14949,20.10398],[106.15734,20.1187],[106.16669,20.12734],[106.16799,20.13027],[106.167,20.14378],[106.16285,20.1631],[106.16203,20.1894],[106.1541,20.21321],[106.1524,20.225],[106.15013,20.22725],[106.14521,20.22724],[106.12286,20.21922],[106.11178,20.21628],[106.10685,20.21662],[106.10257,20.22604],[106.10023,20.24077],[106.09732,20.24656],[106.09768,20.25086],[106.09558,20.2543],[106.09277,20.25493],[106.08553,20.25121],[106.07992,20.23491],[106.06843,20.22373],[106.05567,20.21724],[106.04891,20.21732],[106.04234,20.22026],[106.03206,20.22955],[106.02937,20.23727],[106.03292,20.24098],[106.0436,20.24058],[106.04853,20.24243],[106.04938,20.24816],[106.04408,20.25445],[106.04019,20.2553],[106.02595,20.25006],[106.00785,20.25078],[105.99333,20.2557],[105.98152,20.26325],[105.98174,20.26906],[105.98643,20.28482],[105.9817,20.29695],[105.96543,20.31379],[105.93637,20.32739],[105.9372,20.3304],[105.94325,20.33317],[105.94894,20.3388],[105.95313,20.34679],[105.9543,20.35341],[105.95197,20.35554],[105.93795,20.3562],[105.93716,20.36508],[105.93469,20.3679],[105.92242,20.36294],[105.92028,20.36405],[105.91675,20.373],[105.91513,20.37292],[105.9115,20.37679],[105.91025,20.37658],[105.90907,20.37233],[105.90217,20.37314],[105.89378,20.38286],[105.89408,20.38578],[105.89231,20.38775],[105.88772,20.38884],[105.88692,20.39131],[105.87979,20.39787],[105.87508,20.40693],[105.86872,20.40982],[105.86529,20.41756],[105.86243,20.41886],[105.85989,20.42429],[105.85722,20.42654]]]}},{"type":"Feature","properties":{"name":"Ha Giang","code":"VN_SRC_HAGIANG"},"geometry":{"type":"Polygon","coordinates":[[[104.84896,22.18515],[104.85497,22.19025],[104.85704,22.19856],[104.86061,22.19691],[104.86429,22.20237],[104.87533,22.20113],[104.87642,22.19711],[104.87448,22.19578],[104.87917,22.18603],[104.88258,22.18454],[104.88452,22.18638],[104.88647,22.185],[104.88909,22.18606],[104.89358,22.18285],[104.89689,22.18641],[104.89466,22.19],[104.89933,22.20252],[104.90086,22.20491],[104.90401,22.20518],[104.90323,22.21118],[104.90537,22.21384],[104.91065,22.21129],[104.91396,22.21607],[104.91178,22.22104],[104.91341,22.22571],[104.91115,22.22693],[104.9124,22.23036],[104.91138,22.23188],[104.91368,22.23828],[104.91807,22.2402],[104.9171,22.24615],[104.9159,22.24799],[104.9086,22.25121],[104.90688,22.2586],[104.89836,22.26652],[104.89296,22.26927],[104.89208,22.27246],[104.89612,22.27637],[104.90587,22.27521],[104.90763,22.27951],[104.91132,22.28275],[104.9126,22.28887],[104.91508,22.29062],[104.91979,22.28923],[104.92199,22.29078],[104.91567,22.29659],[104.91813,22.30367],[104.91117,22.3125],[104.89742,22.31579],[104.89184,22.32333],[104.89204,22.32516],[104.89747,22.33016],[104.89648,22.33801],[104.90016,22.34351],[104.90012,22.34933],[104.90757,22.35077],[104.91068,22.34597],[104.91176,22.34044],[104.9186,22.33385],[104.93217,22.33209],[104.9387,22.33325],[104.94263,22.32715],[104.95075,22.32088],[104.96137,22.31877],[104.97104,22.31992],[104.98006,22.32525],[104.98414,22.32354],[104.98811,22.31647],[104.99353,22.31472],[104.99364,22.30799],[104.99569,22.3059],[104.99602,22.30234],[105.00052,22.29949],[105.00428,22.30037],[105.00692,22.29884],[105.00851,22.29556],[105.00851,22.29123],[105.00484,22.28467],[105.00822,22.28192],[105.01055,22.26744],[105.01571,22.26792],[105.02067,22.27615],[105.0304,22.28291],[105.04858,22.2893],[105.04896,22.30118],[105.04745,22.30443],[105.04401,22.30648],[105.04586,22.30829],[105.0453,22.31142],[105.04987,22.31363],[105.05999,22.31276],[105.05916,22.32225],[105.06104,22.33031],[105.05827,22.33362],[105.05187,22.33586],[105.04913,22.34414],[105.04539,22.34967],[105.04121,22.35062],[105.04111,22.35279],[105.04841,22.35748],[105.0538,22.35619],[105.05756,22.3575],[105.07187,22.35332],[105.07413,22.35416],[105.07679,22.35222],[105.08334,22.35398],[105.08704,22.35946],[105.08679,22.36157],[105.08205,22.37079],[105.08031,22.37332],[105.07878,22.37333],[105.07288,22.38233],[105.07362,22.38743],[105.07557,22.38901],[105.07553,22.39366],[105.07718,22.39569],[105.08258,22.39639],[105.08978,22.39489],[105.09129,22.39632],[105.09221,22.40199],[105.09641,22.40401],[105.10095,22.4146],[105.09987,22.42132],[105.09624,22.42936],[105.08933,22.43429],[105.08696,22.43927],[105.10084,22.44474],[105.10608,22.4504],[105.11347,22.45265],[105.11761,22.45605],[105.11731,22.46062],[105.11136,22.46526],[105.11153,22.47074],[105.10989,22.47408],[105.11233,22.48381],[105.10745,22.49117],[105.11027,22.49903],[105.11452,22.50368],[105.12045,22.51441],[105.12746,22.53618],[105.12557,22.54636],[105.12027,22.55568],[105.12022,22.56734],[105.11388,22.57501],[105.12253,22.57993],[105.12192,22.58161],[105.12369,22.58487],[105.1332,22.5889],[105.13415,22.59304],[105.13004,22.5946],[105.12681,22.60487],[105.13332,22.61038],[105.13925,22.61322],[105.14035,22.62139],[105.14303,22.62553],[105.1502,22.62152],[105.15237,22.61866],[105.15966,22.62224],[105.15797,22.6264],[105.15375,22.62924],[105.15678,22.63212],[105.14931,22.64207],[105.14779,22.65036],[105.14004,22.65604],[105.13956,22.66399],[105.13047,22.66945],[105.13224,22.67172],[105.13544,22.67193],[105.13483,22.67555],[105.13924,22.68774],[105.14617,22.69263],[105.1483,22.69597],[105.15062,22.69398],[105.17024,22.6889],[105.17402,22.68338],[105.1828,22.68238],[105.19277,22.67797],[105.2055,22.67768],[105.20988,22.67182],[105.21163,22.6658],[105.21954,22.66116],[105.23078,22.66403],[105.24189,22.65627],[105.2443,22.64884],[105.2511,22.65351],[105.2656,22.64858],[105.27291,22.64765],[105.27939,22.64394],[105.28418,22.63856],[105.28227,22.63458],[105.28718,22.62926],[105.28851,22.62534],[105.28651,22.62267],[105.28671,22.61676],[105.29022,22.61343],[105.31175,22.61308],[105.31148,22.60812],[105.31701,22.60406],[105.31819,22.60495],[105.31477,22.61082],[105.31826,22.62259],[105.31975,22.62451],[105.32344,22.62484],[105.3226,22.62814],[105.32574,22.63028],[105.32509,22.63701],[105.33045,22.64018],[105.33575,22.63872],[105.34291,22.64079],[105.34487,22.63949],[105.36186,22.63931],[105.36344,22.63581],[105.37192,22.6338],[105.38522,22.62737],[105.3952,22.63026],[105.40335,22.62422],[105.40578,22.61907],[105.40953,22.6158],[105.41007,22.61191],[105.42193,22.60873],[105.42965,22.60919],[105.43744,22.60439],[105.43701,22.60893],[105.44271,22.60987],[105.44262,22.60475],[105.4461,22.60733],[105.44521,22.60945],[105.4468,22.61257],[105.4493,22.61268],[105.44896,22.61013],[105.45165,22.60997],[105.45116,22.60733],[105.45988,22.60906],[105.46532,22.61421],[105.47422,22.61639],[105.47674,22.62036],[105.4871,22.6182],[105.49491,22.625],[105.49885,22.63393],[105.49445,22.65054],[105.49611,22.65728],[105.48944,22.66676],[105.48682,22.67555],[105.48951,22.68731],[105.49245,22.68997],[105.49742,22.69006],[105.49994,22.69431],[105.48783,22.70656],[105.48519,22.71663],[105.47852,22.72988],[105.47353,22.75488],[105.45216,22.75761],[105.44343,22.77157],[105.42601,22.77664],[105.42208,22.78397],[105.41472,22.78548],[105.40752,22.79219],[105.40078,22.79301],[105.38748,22.80991],[105.37208,22.81198],[105.36199,22.8165],[105.34671,22.81568],[105.34466,22.81754],[105.34336,22.82651],[105.33129,22.83124],[105.32636,22.83525],[105.31942,22.83803],[105.30909,22.85099],[105.29885,22.85459],[105.28459,22.8547],[105.27357,22.86029],[105.27154,22.86379],[105.27233,22.87548],[105.27357,22.87678],[105.28269,22.87538],[105.28947,22.8762],[105.29971,22.87245],[105.30722,22.87332],[105.30646,22.89818],[105.31215,22.90688],[105.31231,22.91224],[105.32468,22.91436],[105.32749,22.92023],[105.3314,22.92242],[105.33704,22.93132],[105.35945,22.93501],[105.36514,22.93931],[105.36112,22.9474],[105.36698,22.96318],[105.36121,22.97043],[105.36184,22.97655],[105.37201,22.98361],[105.37547,22.98872],[105.38296,22.98795],[105.39203,22.99041],[105.4,22.99007],[105.40586,22.99354],[105.41327,22.99399],[105.41843,23.00025],[105.42664,22.99717],[105.43912,23.00118],[105.45021,22.99799],[105.45843,23.00325],[105.46371,23.00206],[105.46836,23.00633],[105.47454,23.00592],[105.48877,23.00852],[105.49126,23.01523],[105.4922,23.02565],[105.49509,23.03225],[105.49877,23.03782],[105.50381,23.04102],[105.50521,23.04762],[105.50858,23.05088],[105.50842,23.05926],[105.51479,23.06913],[105.52026,23.07468],[105.52035,23.0783],[105.51799,23.08302],[105.52902,23.1075],[105.53164,23.10938],[105.54258,23.10804],[105.55186,23.10916],[105.55661,23.11543],[105.56665,23.11846],[105.56743,23.12108],[105.58251,23.13305],[105.58548,23.13878],[105.59126,23.143],[105.59079,23.14588],[105.58452,23.14985],[105.58189,23.15836],[105.57669,23.16075],[105.57065,23.16033],[105.56537,23.16878],[105.55906,23.17188],[105.55478,23.18457],[105.55128,23.18807],[105.54497,23.18899],[105.54276,23.19266],[105.52154,23.19167],[105.51749,23.19499],[105.51096,23.19623],[105.50119,23.20094],[105.50042,23.20919],[105.4962,23.21343],[105.49147,23.22208],[105.49162,23.23519],[105.4891,23.23927],[105.48272,23.24237],[105.47815,23.24713],[105.48377,23.2535],[105.48323,23.25703],[105.48049,23.25906],[105.47034,23.25819],[105.46826,23.25916],[105.46145,23.26909],[105.45247,23.27633],[105.45055,23.28281],[105.44715,23.28597],[105.44534,23.29454],[105.44136,23.29997],[105.43699,23.30235],[105.43011,23.3025],[105.4256,23.29433],[105.41189,23.28764],[105.38802,23.31621],[105.38573,23.31641],[105.3809,23.31301],[105.37168,23.31948],[105.36934,23.32462],[105.35333,23.34384],[105.35097,23.35395],[105.35184,23.36376],[105.3489,23.36997],[105.33182,23.38385],[105.32667,23.39144],[105.32345,23.39174],[105.31419,23.38278],[105.31091,23.3815],[105.30171,23.38592],[105.29613,23.38571],[105.28653,23.38206],[105.28673,23.38019],[105.29069,23.37646],[105.29793,23.3783],[105.30265,23.37515],[105.30014,23.37362],[105.29912,23.36865],[105.29518,23.36189],[105.28905,23.35799],[105.28502,23.34295],[105.27646,23.34015],[105.26238,23.34283],[105.25671,23.34076],[105.25162,23.33255],[105.25931,23.31933],[105.25875,23.31388],[105.25182,23.30898],[105.25163,23.29926],[105.24751,23.29125],[105.23753,23.28745],[105.23592,23.28168],[105.23018,23.27877],[105.22948,23.27383],[105.22593,23.27037],[105.21262,23.26593],[105.20998,23.27088],[105.20161,23.27329],[105.19877,23.2808],[105.18525,23.277],[105.18207,23.28669],[105.17491,23.28843],[105.17331,23.28741],[105.17445,23.28391],[105.16924,23.28206],[105.16481,23.27375],[105.15653,23.26562],[105.1412,23.26098],[105.13686,23.25806],[105.12776,23.25859],[105.12643,23.25333],[105.11305,23.24638],[105.10339,23.24991],[105.10559,23.25616],[105.10267,23.26066],[105.09996,23.26213],[105.09864,23.26592],[105.09319,23.26717],[105.09173,23.26961],[105.08756,23.27026],[105.08117,23.26692],[105.06952,23.25747],[105.06382,23.25625],[105.06101,23.25058],[105.0544,23.24955],[105.04846,23.23907],[105.03494,23.23031],[105.02959,23.22217],[105.02108,23.21919],[105.00858,23.21893],[105.0051,23.21765],[105.00243,23.21467],[105.0009,23.20684],[104.99687,23.20299],[104.98993,23.20229],[104.98537,23.20886],[104.9728,23.20392],[104.96083,23.20504],[104.95899,23.18231],[104.95186,23.17167],[104.94622,23.17205],[104.93893,23.17735],[104.92175,23.18421],[104.91569,23.18392],[104.90749,23.18003],[104.90005,23.17941],[104.89421,23.17647],[104.88929,23.16993],[104.88293,23.16585],[104.88433,23.15548],[104.88177,23.14951],[104.88305,23.14349],[104.87937,23.13638],[104.87906,23.13193],[104.87445,23.12993],[104.87174,23.12515],[104.8659,23.12344],[104.86323,23.1241],[104.86097,23.1295],[104.85584,23.13233],[104.84989,23.13242],[104.83969,23.13009],[104.82973,23.13491],[104.81866,23.13282],[104.80959,23.12906],[104.80374,23.13],[104.79688,23.12857],[104.79811,23.12545],[104.80232,23.12185],[104.79997,23.11692],[104.80352,23.11129],[104.80384,23.10286],[104.80801,23.08585],[104.8074,23.08131],[104.809,23.07899],[104.81658,23.07824],[104.81833,23.07597],[104.81444,23.07094],[104.81711,23.06601],[104.81512,23.05933],[104.81707,23.05668],[104.82148,23.05498],[104.82197,23.03523],[104.82648,23.0303],[104.82982,23.02277],[104.83137,23.01453],[104.8302,23.0069],[104.83318,23.00198],[104.83175,22.99705],[104.83724,22.99104],[104.83151,22.98156],[104.8348,22.97919],[104.83793,22.97299],[104.84571,22.97139],[104.85186,22.96703],[104.85136,22.9641],[104.85736,22.95212],[104.86249,22.94672],[104.84955,22.9333],[104.84351,22.92941],[104.8406,22.92074],[104.83015,22.92366],[104.82135,22.92261],[104.8125,22.91943],[104.80779,22.91383],[104.79552,22.90813],[104.79204,22.90395],[104.78155,22.90437],[104.77735,22.90209],[104.77082,22.89251],[104.77052,22.8873],[104.76607,22.88326],[104.76456,22.87028],[104.75675,22.85648],[104.73501,22.85687],[104.72561,22.84918],[104.72643,22.84634],[104.73279,22.84076],[104.73634,22.82878],[104.73614,22.82556],[104.73262,22.82171],[104.72536,22.81895],[104.72055,22.81961],[104.71226,22.82177],[104.7036,22.82607],[104.69532,22.82198],[104.67247,22.81677],[104.66693,22.82462],[104.65555,22.83303],[104.64587,22.83495],[104.6382,22.83276],[104.63227,22.83407],[104.62795,22.83908],[104.62475,22.84604],[104.62091,22.84081],[104.61918,22.83303],[104.6252,22.82893],[104.62348,22.82732],[104.62211,22.82099],[104.61792,22.82335],[104.61825,22.8188],[104.61389,22.81474],[104.61161,22.81779],[104.59978,22.81483],[104.59863,22.81565],[104.59908,22.82199],[104.60302,22.82362],[104.60213,22.82556],[104.60542,22.82581],[104.60594,22.82881],[104.60013,22.83856],[104.59956,22.84483],[104.59366,22.84915],[104.57833,22.85255],[104.57099,22.84619],[104.56107,22.84351],[104.54712,22.83736],[104.54674,22.8293],[104.54445,22.82489],[104.53862,22.82487],[104.52781,22.81451],[104.52574,22.80621],[104.52012,22.80364],[104.52127,22.79843],[104.51709,22.7934],[104.51132,22.79134],[104.50663,22.78621],[104.49958,22.78552],[104.49848,22.77832],[104.49143,22.77612],[104.48609,22.76866],[104.4713,22.75677],[104.45114,22.74699],[104.43791,22.74377],[104.42016,22.7347],[104.41604,22.72905],[104.40779,22.72324],[104.40369,22.71257],[104.40381,22.70925],[104.39986,22.70109],[104.38768,22.70294],[104.38463,22.70103],[104.37889,22.69205],[104.3703,22.69382],[104.35692,22.69102],[104.34269,22.71082],[104.34113,22.70263],[104.33675,22.69689],[104.33616,22.68841],[104.34227,22.68578],[104.35264,22.67686],[104.36147,22.67281],[104.3832,22.67657],[104.38701,22.67945],[104.39781,22.67908],[104.40456,22.67253],[104.40956,22.66394],[104.41068,22.65958],[104.40908,22.65569],[104.40979,22.65246],[104.41437,22.64696],[104.41731,22.63726],[104.42237,22.63023],[104.43626,22.61934],[104.46256,22.61237],[104.46271,22.60389],[104.46648,22.58547],[104.4651,22.57317],[104.46371,22.5716],[104.45597,22.56984],[104.443,22.57528],[104.42612,22.57338],[104.42217,22.54281],[104.41513,22.53281],[104.41467,22.52909],[104.42629,22.52335],[104.43378,22.5216],[104.43686,22.51361],[104.44265,22.50678],[104.44362,22.50297],[104.44935,22.49958],[104.45307,22.49541],[104.4688,22.48987],[104.47369,22.48461],[104.46642,22.47692],[104.46484,22.4697],[104.45975,22.4659],[104.45075,22.46219],[104.44863,22.45878],[104.4539,22.44415],[104.45899,22.43694],[104.46447,22.4327],[104.46868,22.42366],[104.47863,22.42086],[104.49088,22.41947],[104.4922,22.41859],[104.4935,22.41021],[104.4985,22.40389],[104.50836,22.40443],[104.52736,22.39144],[104.54869,22.38193],[104.55193,22.37921],[104.55528,22.37251],[104.54831,22.3636],[104.54825,22.36108],[104.55534,22.35371],[104.57077,22.35481],[104.5759,22.35305],[104.58207,22.34843],[104.58132,22.34397],[104.57458,22.34095],[104.56615,22.33143],[104.57328,22.32532],[104.57354,22.32208],[104.57979,22.31597],[104.58008,22.30299],[104.57062,22.29673],[104.5674,22.29291],[104.56632,22.28875],[104.56014,22.28407],[104.5545,22.28412],[104.54675,22.27953],[104.54402,22.27534],[104.54928,22.26605],[104.54886,22.25048],[104.55294,22.24575],[104.56371,22.24224],[104.57535,22.24472],[104.58002,22.25167],[104.58723,22.24947],[104.58604,22.25138],[104.58576,22.2638],[104.58966,22.26934],[104.59398,22.27182],[104.60645,22.29071],[104.60926,22.29186],[104.61411,22.29133],[104.61746,22.28702],[104.62426,22.28803],[104.62955,22.28683],[104.6421,22.27683],[104.64542,22.28],[104.6505,22.28036],[104.66046,22.27351],[104.66527,22.27388],[104.66622,22.27625],[104.6701,22.2768],[104.67618,22.2686],[104.67677,22.26483],[104.68571,22.26153],[104.70443,22.26397],[104.7066,22.26128],[104.7152,22.26149],[104.72232,22.25747],[104.7241,22.25438],[104.72266,22.25214],[104.72374,22.24615],[104.72632,22.24529],[104.72969,22.23495],[104.72837,22.22931],[104.72978,22.22547],[104.72054,22.21479],[104.72409,22.20833],[104.7232,22.20417],[104.72427,22.19972],[104.72967,22.19612],[104.73416,22.19775],[104.73441,22.19526],[104.73802,22.19312],[104.74162,22.18535],[104.74656,22.18693],[104.75509,22.18547],[104.75723,22.18136],[104.75613,22.17376],[104.76289,22.16752],[104.77114,22.16784],[104.77973,22.16578],[104.77954,22.17096],[104.78342,22.17255],[104.79435,22.17253],[104.79972,22.17009],[104.80286,22.17172],[104.81301,22.1728],[104.81465,22.17693],[104.81887,22.17989],[104.81889,22.18409],[104.81729,22.18571],[104.82771,22.18115],[104.83011,22.17735],[104.83484,22.18047],[104.83936,22.17978],[104.84608,22.18496],[104.84896,22.18515]]]}},{"type":"Feature","properties":{"name":"Cao Bang","code":"VN_SRC_CAOBANG"},"geometry":{"type":"Polygon","coordinates":[[[105.49885,22.63393],[105.50198,22.63493],[105.50656,22.63411],[105.51419,22.63628],[105.53159,22.63321],[105.54112,22.63659],[105.54094,22.65091],[105.54671,22.65698],[105.5644,22.66244],[105.56993,22.66569],[105.57403,22.66612],[105.58139,22.66411],[105.58733,22.67583],[105.5975,22.66957],[105.60614,22.66973],[105.60326,22.68719],[105.61079,22.69306],[105.61959,22.69438],[105.62036,22.6979],[105.62284,22.69866],[105.63097,22.69709],[105.63459,22.699],[105.6392,22.69699],[105.64912,22.69715],[105.64907,22.70029],[105.65129,22.70419],[105.65695,22.71232],[105.66334,22.71665],[105.66485,22.72229],[105.67022,22.72137],[105.67416,22.72386],[105.68206,22.71876],[105.69304,22.71646],[105.69768,22.7278],[105.70047,22.72169],[105.70342,22.71892],[105.70769,22.72532],[105.71087,22.72652],[105.71293,22.73081],[105.7163,22.73125],[105.72339,22.72903],[105.72685,22.73165],[105.72735,22.73556],[105.72898,22.73683],[105.74147,22.73941],[105.74686,22.73547],[105.74827,22.72892],[105.75208,22.72563],[105.75704,22.72689],[105.75986,22.72521],[105.7609,22.71917],[105.75365,22.71112],[105.76077,22.69717],[105.77917,22.69073],[105.77551,22.68292],[105.76336,22.67271],[105.76006,22.66817],[105.75613,22.66704],[105.75239,22.66372],[105.75039,22.65718],[105.74253,22.64798],[105.74129,22.64125],[105.73405,22.63974],[105.7301,22.63681],[105.72917,22.6354],[105.73129,22.63258],[105.73032,22.63007],[105.73635,22.62944],[105.74191,22.62604],[105.74294,22.61918],[105.74749,22.61754],[105.7555,22.60594],[105.7543,22.60202],[105.74897,22.59818],[105.74683,22.59312],[105.75207,22.59002],[105.75381,22.5872],[105.75267,22.58527],[105.762,22.5847],[105.76444,22.58691],[105.76737,22.58688],[105.76831,22.58388],[105.77195,22.58289],[105.77462,22.57884],[105.77868,22.57631],[105.77862,22.57279],[105.78028,22.57131],[105.77539,22.56503],[105.77189,22.56419],[105.77468,22.55819],[105.76934,22.55423],[105.77501,22.5527],[105.77515,22.55066],[105.77302,22.55015],[105.77319,22.54877],[105.78143,22.5482],[105.7857,22.55077],[105.7875,22.54993],[105.78837,22.54696],[105.79166,22.54524],[105.79364,22.53762],[105.80474,22.52316],[105.82185,22.51872],[105.83233,22.5253],[105.83354,22.52397],[105.83371,22.51488],[105.84089,22.51432],[105.85062,22.51683],[105.8535,22.51909],[105.87021,22.5198],[105.87347,22.51757],[105.87593,22.51303],[105.89241,22.50926],[105.89861,22.50565],[105.90503,22.49405],[105.91216,22.49422],[105.91522,22.49589],[105.92494,22.51206],[105.92637,22.5198],[105.93393,22.52618],[105.94799,22.52706],[105.95373,22.52191],[105.95712,22.52179],[105.96249,22.52608],[105.96702,22.52658],[105.9718,22.53477],[105.98097,22.53656],[105.98817,22.54327],[105.99366,22.54265],[106.00458,22.54712],[106.00861,22.55363],[106.02367,22.55934],[106.02993,22.55677],[106.04153,22.56175],[106.04609,22.56647],[106.05019,22.57683],[106.06088,22.5698],[106.06831,22.56854],[106.07575,22.5717],[106.08364,22.57212],[106.0845,22.56653],[106.07639,22.55973],[106.0763,22.55198],[106.0809,22.55026],[106.08899,22.55142],[106.09236,22.54787],[106.09741,22.54588],[106.09504,22.53614],[106.09663,22.53308],[106.10319,22.53382],[106.10226,22.53093],[106.09864,22.53058],[106.09727,22.52827],[106.09754,22.52653],[106.10436,22.5209],[106.10304,22.51479],[106.11955,22.51041],[106.12168,22.50834],[106.11992,22.50471],[106.12033,22.49854],[106.11717,22.48201],[106.12124,22.47101],[106.11489,22.46589],[106.10613,22.45135],[106.09592,22.44293],[106.09705,22.43944],[106.10311,22.43365],[106.1019,22.41294],[106.10719,22.40763],[106.1075,22.40046],[106.11175,22.39801],[106.12356,22.40119],[106.12427,22.39892],[106.13252,22.39855],[106.13632,22.39425],[106.14121,22.39353],[106.15556,22.40392],[106.15765,22.40833],[106.15986,22.40879],[106.16922,22.40656],[106.16969,22.40124],[106.17418,22.40194],[106.17954,22.40011],[106.17881,22.39121],[106.18415,22.38919],[106.1848,22.38706],[106.18711,22.39303],[106.18709,22.40033],[106.19359,22.4079],[106.19301,22.4157],[106.19978,22.42249],[106.1992,22.42657],[106.20107,22.43181],[106.20621,22.43598],[106.20559,22.4383],[106.21065,22.44089],[106.21305,22.44747],[106.2166,22.45193],[106.22163,22.45509],[106.23131,22.45523],[106.23377,22.45885],[106.23942,22.46146],[106.25626,22.45443],[106.25893,22.45057],[106.26159,22.45036],[106.26431,22.45345],[106.2685,22.45094],[106.27151,22.45105],[106.2735,22.44832],[106.27686,22.4479],[106.28073,22.44385],[106.28191,22.43976],[106.28542,22.43695],[106.28781,22.42684],[106.29127,22.42531],[106.29601,22.42578],[106.31297,22.41],[106.32049,22.40792],[106.32853,22.41281],[106.33343,22.41012],[106.33353,22.40184],[106.34449,22.39185],[106.3433,22.38746],[106.34459,22.38357],[106.34394,22.37936],[106.34115,22.37543],[106.34953,22.36879],[106.35318,22.36222],[106.3589,22.35996],[106.362,22.35706],[106.37809,22.35951],[106.37979,22.36289],[106.38686,22.36467],[106.3961,22.37382],[106.40068,22.37022],[106.41431,22.37001],[106.42233,22.3604],[106.42521,22.35934],[106.42883,22.35907],[106.43318,22.363],[106.43611,22.36378],[106.44013,22.36338],[106.44335,22.35944],[106.45134,22.35698],[106.46028,22.35883],[106.46207,22.36058],[106.46664,22.35939],[106.46854,22.36242],[106.47622,22.36361],[106.48193,22.36745],[106.48747,22.36897],[106.48887,22.37597],[106.48109,22.37707],[106.4792,22.37941],[106.48606,22.38138],[106.49036,22.38442],[106.48986,22.38803],[106.4836,22.3904],[106.48519,22.39253],[106.49338,22.39506],[106.49376,22.39803],[106.49035,22.39879],[106.49081,22.40175],[106.49732,22.40487],[106.50193,22.40423],[106.50462,22.4053],[106.5086,22.40226],[106.51202,22.40239],[106.51593,22.39877],[106.51969,22.39831],[106.52387,22.40433],[106.52706,22.40472],[106.5301,22.40814],[106.53231,22.40805],[106.52832,22.41303],[106.53326,22.41477],[106.53547,22.41921],[106.5501,22.42104],[106.55489,22.41999],[106.55699,22.42168],[106.56146,22.42197],[106.5613,22.42365],[106.56433,22.42379],[106.56917,22.43322],[106.56645,22.44393],[106.56016,22.44664],[106.56207,22.45363],[106.5667,22.45773],[106.56443,22.46287],[106.56751,22.46663],[106.57215,22.46923],[106.57502,22.4707],[106.57753,22.46888],[106.58089,22.47238],[106.58429,22.47242],[106.5858,22.47383],[106.58381,22.48738],[106.58479,22.49533],[106.58333,22.49873],[106.58457,22.51832],[106.59256,22.53357],[106.59232,22.54848],[106.60182,22.55091],[106.60524,22.56237],[106.60324,22.57547],[106.60935,22.57841],[106.61133,22.58192],[106.61011,22.58449],[106.60553,22.58739],[106.6105,22.60179],[106.63071,22.60412],[106.63655,22.58963],[106.64107,22.58446],[106.64604,22.58297],[106.64981,22.57627],[106.65508,22.57454],[106.66271,22.5747],[106.66844,22.57734],[106.67457,22.57463],[106.6767,22.57087],[106.68164,22.56973],[106.68425,22.57033],[106.69208,22.57939],[106.69682,22.58176],[106.6988,22.58208],[106.71067,22.57672],[106.72376,22.58555],[106.73512,22.5898],[106.73528,22.59204],[106.73068,22.59652],[106.73249,22.60943],[106.72662,22.61864],[106.73087,22.62854],[106.73067,22.63469],[106.73433,22.64035],[106.73349,22.64478],[106.73492,22.65224],[106.74141,22.65574],[106.73911,22.66312],[106.74393,22.66916],[106.75341,22.66831],[106.75899,22.67279],[106.7622,22.68368],[106.75555,22.69054],[106.75597,22.69364],[106.76082,22.69456],[106.76519,22.69935],[106.76949,22.70142],[106.77464,22.70143],[106.78193,22.70635],[106.77968,22.70965],[106.77052,22.71383],[106.77166,22.72066],[106.76544,22.73079],[106.77128,22.7363],[106.76664,22.74032],[106.77016,22.74339],[106.77444,22.74363],[106.77894,22.74599],[106.78008,22.75001],[106.78847,22.75158],[106.7896,22.75697],[106.79483,22.76071],[106.79698,22.76862],[106.80555,22.76697],[106.81829,22.77073],[106.82444,22.77601],[106.8251,22.77876],[106.8235,22.78194],[106.82486,22.78595],[106.8342,22.78832],[106.84072,22.79606],[106.84126,22.79893],[106.83959,22.80148],[106.83056,22.80854],[106.82883,22.81195],[106.82529,22.81176],[106.82071,22.81825],[106.80874,22.81974],[106.80068,22.81807],[106.79471,22.81303],[106.7879,22.81576],[106.78489,22.81339],[106.78053,22.81554],[106.77564,22.81585],[106.76744,22.81002],[106.76697,22.81319],[106.77046,22.82568],[106.75556,22.83126],[106.75247,22.83481],[106.74486,22.8394],[106.74516,22.84399],[106.71871,22.85888],[106.71022,22.86518],[106.71135,22.86839],[106.71634,22.86989],[106.72054,22.8733],[106.71986,22.87618],[106.71488,22.88043],[106.71448,22.88565],[106.71165,22.88735],[106.70004,22.88788],[106.69457,22.89219],[106.69112,22.88998],[106.68595,22.89083],[106.68086,22.88663],[106.67946,22.88714],[106.67818,22.8914],[106.67148,22.8918],[106.66701,22.8876],[106.66851,22.88341],[106.66699,22.87485],[106.6584,22.86897],[106.65286,22.87083],[106.65008,22.86734],[106.64807,22.86867],[106.6461,22.87392],[106.63871,22.87604],[106.64092,22.8801],[106.63958,22.88559],[106.63306,22.88713],[106.62504,22.89906],[106.61791,22.90126],[106.61529,22.90398],[106.61484,22.90701],[106.61186,22.90884],[106.61075,22.91155],[106.61229,22.91488],[106.61027,22.9194],[106.60728,22.92082],[106.60645,22.92557],[106.59894,22.93243],[106.59019,22.9317],[106.58308,22.92466],[106.58018,22.92567],[106.57433,22.92417],[106.56919,22.91842],[106.56733,22.91836],[106.56332,22.92208],[106.55396,22.92299],[106.54974,22.92793],[106.54621,22.92829],[106.54302,22.93502],[106.5445,22.94155],[106.53567,22.94172],[106.53401,22.93928],[106.52571,22.94721],[106.51408,22.94552],[106.50817,22.93103],[106.5037,22.93393],[106.50176,22.93362],[106.50155,22.92684],[106.50371,22.92306],[106.50167,22.91801],[106.50516,22.91373],[106.50197,22.91286],[106.50244,22.90795],[106.50083,22.9056],[106.49879,22.90513],[106.49582,22.90752],[106.48425,22.90322],[106.47998,22.90865],[106.47645,22.9095],[106.47342,22.90683],[106.47301,22.90104],[106.46705,22.90109],[106.46549,22.89628],[106.46354,22.89557],[106.46143,22.89608],[106.45568,22.90357],[106.44897,22.90306],[106.44519,22.89287],[106.44269,22.88987],[106.43549,22.88945],[106.43016,22.88631],[106.42685,22.8905],[106.4221,22.89202],[106.41114,22.88705],[106.40971,22.88567],[106.41091,22.88198],[106.4088,22.87465],[106.40656,22.87548],[106.40308,22.88034],[106.39618,22.87893],[106.39198,22.88272],[106.38906,22.88177],[106.38506,22.88425],[106.37306,22.88436],[106.36557,22.87772],[106.36352,22.87063],[106.36452,22.86457],[106.35299,22.85519],[106.34717,22.85581],[106.34282,22.86206],[106.33636,22.86481],[106.32587,22.87609],[106.32383,22.87505],[106.32104,22.8696],[106.31158,22.86322],[106.30371,22.87088],[106.2961,22.87372],[106.29212,22.87327],[106.29226,22.86959],[106.28905,22.86675],[106.28413,22.86867],[106.28178,22.87204],[106.27419,22.87725],[106.27475,22.88084],[106.27849,22.88433],[106.27541,22.88975],[106.27741,22.89644],[106.27172,22.90171],[106.272,22.90735],[106.27061,22.91006],[106.26515,22.91174],[106.25962,22.92012],[106.25328,22.9218],[106.24917,22.92715],[106.24791,22.93827],[106.24412,22.93994],[106.23804,22.94652],[106.23853,22.95159],[106.23467,22.95423],[106.22568,22.95676],[106.22525,22.96248],[106.22358,22.96364],[106.22075,22.96309],[106.21867,22.96817],[106.21277,22.97026],[106.20759,22.9788],[106.19792,22.98983],[106.19339,22.98667],[106.18765,22.98696],[106.18248,22.98234],[106.17572,22.98157],[106.17273,22.9838],[106.16699,22.98368],[106.16188,22.98617],[106.1605,22.98945],[106.15075,22.99139],[106.1453,22.99543],[106.1399,22.99383],[106.13672,22.99459],[106.13255,22.99266],[106.13306,22.98964],[106.1296,22.9877],[106.11934,22.9858],[106.1117,22.98945],[106.10534,22.98599],[106.10283,22.9913],[106.09962,22.99161],[106.09465,22.99627],[106.08721,22.99878],[106.07724,22.99715],[106.07117,22.99275],[106.05879,22.98952],[106.05595,22.99238],[106.04917,22.9945],[106.04679,22.99008],[106.04381,22.98811],[106.04027,22.99295],[106.03433,22.99073],[106.02903,22.99189],[106.01997,22.98997],[106.00374,22.99111],[106.00215,22.97732],[106.00938,22.96717],[106.0072,22.96284],[106.00146,22.95919],[106.00369,22.94963],[106.00092,22.94105],[105.99642,22.94136],[105.99324,22.93873],[105.98389,22.94474],[105.97661,22.94753],[105.95845,22.95057],[105.95704,22.93896],[105.94075,22.93811],[105.93932,22.93878],[105.93874,22.94313],[105.93192,22.94657],[105.92867,22.95009],[105.92326,22.95049],[105.9208,22.95533],[105.91349,22.94781],[105.90878,22.94576],[105.90071,22.94552],[105.89644,22.94016],[105.8906,22.93707],[105.88614,22.92718],[105.87859,22.92797],[105.87214,22.92489],[105.87326,22.93254],[105.8692,22.93729],[105.8635,22.93987],[105.86465,22.95243],[105.85814,22.9554],[105.85549,22.96429],[105.85623,22.96854],[105.85066,22.97698],[105.84616,22.97578],[105.84081,22.97845],[105.8376,22.98745],[105.82565,22.99592],[105.82083,22.99405],[105.81574,22.99559],[105.80674,22.99403],[105.80622,22.9929],[105.80118,22.99548],[105.79264,23.00317],[105.78136,23.02222],[105.76549,23.0257],[105.76265,23.03092],[105.75265,23.03333],[105.74897,23.03334],[105.7438,23.03101],[105.74013,23.03197],[105.73811,23.0367],[105.73353,23.03956],[105.73077,23.04911],[105.73068,23.05167],[105.73612,23.05656],[105.73502,23.06129],[105.7172,23.06345],[105.71212,23.06904],[105.71068,23.06839],[105.71197,23.06139],[105.70697,23.06255],[105.69066,23.0613],[105.67708,23.06362],[105.67021,23.06951],[105.66174,23.07323],[105.65397,23.07336],[105.64935,23.07962],[105.6421,23.08059],[105.6334,23.0794],[105.62866,23.07138],[105.6197,23.06773],[105.61398,23.06917],[105.60788,23.07524],[105.60491,23.07601],[105.59372,23.07511],[105.59156,23.072],[105.58684,23.06928],[105.57825,23.06817],[105.57218,23.07216],[105.56924,23.07652],[105.57008,23.08124],[105.56509,23.08665],[105.5652,23.08797],[105.57171,23.09229],[105.57031,23.10043],[105.57217,23.10401],[105.56642,23.11261],[105.56665,23.11846],[105.55661,23.11543],[105.55186,23.10916],[105.54258,23.10804],[105.53164,23.10938],[105.52902,23.1075],[105.51799,23.08302],[105.52035,23.0783],[105.52026,23.07468],[105.51479,23.06913],[105.50842,23.05926],[105.50858,23.05088],[105.50521,23.04762],[105.50381,23.04102],[105.49877,23.03782],[105.49509,23.03225],[105.4922,23.02565],[105.49126,23.01523],[105.48877,23.00852],[105.47454,23.00592],[105.46836,23.00633],[105.46371,23.00206],[105.45843,23.00325],[105.45021,22.99799],[105.43912,23.00118],[105.42664,22.99717],[105.41843,23.00025],[105.41327,22.99399],[105.40586,22.99354],[105.4,22.99007],[105.39203,22.99041],[105.38296,22.98795],[105.37547,22.98872],[105.37201,22.98361],[105.36184,22.97655],[105.36121,22.97043],[105.36698,22.96318],[105.36112,22.9474],[105.36514,22.93931],[105.35945,22.93501],[105.33704,22.93132],[105.3314,22.92242],[105.32749,22.92023],[105.32468,22.91436],[105.31231,22.91224],[105.31215,22.90688],[105.30646,22.89818],[105.30722,22.87332],[105.29971,22.87245],[105.28947,22.8762],[105.28269,22.87538],[105.27357,22.87678],[105.27233,22.87548],[105.27154,22.86379],[105.27357,22.86029],[105.28459,22.8547],[105.29885,22.85459],[105.30909,22.85099],[105.31942,22.83803],[105.32636,22.83525],[105.33129,22.83124],[105.34336,22.82651],[105.34466,22.81754],[105.34671,22.81568],[105.36199,22.8165],[105.37208,22.81198],[105.38748,22.80991],[105.40078,22.79301],[105.40752,22.79219],[105.41472,22.78548],[105.42208,22.78397],[105.42601,22.77664],[105.44343,22.77157],[105.45216,22.75761],[105.47353,22.75488],[105.47852,22.72988],[105.48519,22.71663],[105.48783,22.70656],[105.49994,22.69431],[105.49742,22.69006],[105.49245,22.68997],[105.48951,22.68731],[105.48682,22.67555],[105.48944,22.66676],[105.49611,22.65728],[105.49445,22.65054],[105.49885,22.63393]]]}},{"type":"Feature","properties":{"name":"Lao Cai","code":"VN_SRC_LAOCAI"},"geometry":{"type":"Polygon","coordinates":[[[104.34269,22.71082],[104.33856,22.72246],[104.3252,22.72995],[104.31501,22.7319],[104.30848,22.72994],[104.30185,22.73032],[104.27948,22.74159],[104.26981,22.74148],[104.26935,22.75335],[104.2581,22.76653],[104.25803,22.77144],[104.255,22.77761],[104.26726,22.81331],[104.267,22.82131],[104.27088,22.82618],[104.27455,22.83611],[104.27794,22.83942],[104.27019,22.83835],[104.26464,22.84298],[104.26285,22.84378],[104.26194,22.84162],[104.25913,22.84464],[104.25619,22.84487],[104.25194,22.8399],[104.25033,22.83974],[104.24371,22.84392],[104.24143,22.84394],[104.24096,22.84106],[104.23404,22.83913],[104.22947,22.83368],[104.22021,22.82878],[104.21557,22.83179],[104.20916,22.8283],[104.2006,22.82652],[104.19705,22.82609],[104.19457,22.82927],[104.18404,22.82651],[104.18039,22.82338],[104.17701,22.82273],[104.17722,22.82105],[104.17571,22.82023],[104.17005,22.82018],[104.16593,22.82238],[104.1639,22.82165],[104.16184,22.81555],[104.15524,22.81485],[104.15394,22.81071],[104.15215,22.80984],[104.14891,22.81103],[104.14087,22.80628],[104.13398,22.80444],[104.13124,22.81125],[104.12683,22.81354],[104.12158,22.81299],[104.11935,22.81139],[104.11503,22.81168],[104.1099,22.80306],[104.10483,22.80144],[104.10041,22.79384],[104.09482,22.78911],[104.08835,22.7702],[104.08397,22.76967],[104.08308,22.76683],[104.07875,22.7661],[104.07878,22.76134],[104.07655,22.76275],[104.07012,22.75735],[104.06606,22.75712],[104.06062,22.74859],[104.05879,22.74822],[104.05594,22.74348],[104.05243,22.74106],[104.05268,22.73905],[104.04666,22.73485],[104.04555,22.73047],[104.03927,22.72367],[104.0397,22.7177],[104.03559,22.70805],[104.03464,22.70037],[104.02843,22.69356],[104.02887,22.68636],[104.02398,22.67992],[104.02167,22.67147],[104.02426,22.67043],[104.022,22.66782],[104.02213,22.66388],[104.02472,22.66308],[104.02792,22.65691],[104.03267,22.65483],[104.03012,22.65163],[104.03145,22.64255],[104.02842,22.63869],[104.02795,22.63369],[104.02474,22.62654],[104.02553,22.61687],[104.02691,22.61561],[104.02085,22.60564],[104.01961,22.59554],[104.01406,22.59241],[104.01327,22.58776],[104.01533,22.58584],[104.01359,22.58315],[104.01395,22.57878],[104.01022,22.57935],[104.00553,22.57588],[104.00863,22.57221],[104.01298,22.57046],[104.01513,22.56754],[104.01442,22.56611],[104.0163,22.56483],[104.00985,22.56219],[104.01238,22.56022],[104.01037,22.55719],[104.01462,22.55126],[104.01194,22.54755],[104.01494,22.54392],[104.00931,22.54417],[104.00501,22.53835],[104.00897,22.53483],[104.0097,22.52914],[104.01244,22.5235],[104.00633,22.51978],[104.00553,22.51702],[103.99956,22.51977],[103.99565,22.51862],[103.99079,22.51988],[103.98841,22.51482],[103.98322,22.51289],[103.97904,22.50741],[103.97213,22.50677],[103.97153,22.51073],[103.96871,22.51168],[103.96573,22.50993],[103.96366,22.50554],[103.95181,22.5132],[103.94527,22.52566],[103.93489,22.52644],[103.93222,22.52785],[103.92885,22.53695],[103.9265,22.53938],[103.92343,22.53879],[103.92022,22.53478],[103.91406,22.53496],[103.91467,22.54434],[103.88995,22.56958],[103.88625,22.57008],[103.88256,22.56401],[103.87404,22.56668],[103.86797,22.57826],[103.8624,22.58515],[103.84766,22.5942],[103.84,22.60602],[103.82266,22.61866],[103.81183,22.64092],[103.8055,22.64564],[103.80297,22.65086],[103.79391,22.66156],[103.78226,22.66964],[103.7782,22.67823],[103.77268,22.68149],[103.76777,22.69078],[103.75635,22.68816],[103.75011,22.68881],[103.74874,22.6946],[103.74432,22.69898],[103.73768,22.70254],[103.73724,22.70768],[103.74002,22.70994],[103.73959,22.71241],[103.73535,22.7146],[103.7255,22.72529],[103.7039,22.74444],[103.70024,22.74627],[103.69459,22.74666],[103.68503,22.753],[103.68236,22.76185],[103.68016,22.76424],[103.66747,22.76969],[103.66358,22.78553],[103.66023,22.78898],[103.65041,22.7914],[103.64585,22.79473],[103.641,22.79287],[103.6404,22.79404],[103.64236,22.79648],[103.64087,22.79785],[103.63843,22.79599],[103.63937,22.79269],[103.63533,22.79134],[103.63802,22.7865],[103.63075,22.78764],[103.63096,22.79146],[103.62342,22.78562],[103.61868,22.78543],[103.61773,22.78271],[103.62065,22.77516],[103.61825,22.77254],[103.61521,22.77187],[103.61338,22.76746],[103.60887,22.76391],[103.60972,22.75652],[103.60638,22.75692],[103.60393,22.74914],[103.59878,22.74933],[103.59681,22.74299],[103.5943,22.74002],[103.5913,22.73984],[103.59165,22.7353],[103.58828,22.73505],[103.5867,22.73281],[103.58314,22.73214],[103.58042,22.72773],[103.58181,22.72375],[103.57847,22.72466],[103.57515,22.72252],[103.57476,22.71739],[103.57232,22.71577],[103.56983,22.70919],[103.56426,22.7059],[103.56258,22.69998],[103.56553,22.69329],[103.56481,22.68806],[103.56869,22.68195],[103.5677,22.67985],[103.57361,22.67602],[103.57533,22.67211],[103.57837,22.67081],[103.57976,22.66395],[103.57704,22.66099],[103.57717,22.65716],[103.57467,22.65566],[103.57505,22.65281],[103.57167,22.64754],[103.57105,22.64204],[103.56686,22.64245],[103.56279,22.63923],[103.55946,22.63966],[103.55231,22.63695],[103.55306,22.63386],[103.55109,22.62697],[103.54518,22.6183],[103.54672,22.6157],[103.54517,22.61254],[103.54023,22.60829],[103.53041,22.5948],[103.5331,22.58416],[103.54832,22.58846],[103.56314,22.58318],[103.56609,22.57915],[103.57264,22.57847],[103.56636,22.56837],[103.57504,22.55471],[103.58095,22.54974],[103.58003,22.54553],[103.58452,22.53122],[103.58933,22.53052],[103.59525,22.52668],[103.59486,22.52386],[103.58593,22.51144],[103.58531,22.50887],[103.58788,22.50688],[103.5831,22.49905],[103.5763,22.4901],[103.57103,22.48872],[103.56663,22.4851],[103.55522,22.47023],[103.55674,22.46706],[103.55619,22.46277],[103.55965,22.46262],[103.56855,22.45706],[103.56871,22.4535],[103.57187,22.44733],[103.57586,22.44764],[103.58076,22.43923],[103.58828,22.43597],[103.58795,22.42896],[103.5993,22.42746],[103.603,22.42476],[103.60276,22.4122],[103.60433,22.40923],[103.61645,22.40129],[103.62769,22.39632],[103.63109,22.39857],[103.64124,22.40097],[103.646,22.40395],[103.66067,22.4031],[103.67242,22.40466],[103.67597,22.40345],[103.6793,22.40521],[103.69577,22.40828],[103.70082,22.40553],[103.70684,22.40854],[103.71138,22.40849],[103.71612,22.41372],[103.72009,22.4143],[103.72407,22.41235],[103.72928,22.41632],[103.73411,22.41365],[103.73849,22.41316],[103.74598,22.40855],[103.76406,22.39154],[103.76823,22.37866],[103.76526,22.37247],[103.76688,22.36762],[103.76654,22.35462],[103.77206,22.35385],[103.78026,22.34852],[103.78084,22.34694],[103.77757,22.34271],[103.78185,22.33749],[103.77359,22.33528],[103.76987,22.33184],[103.77332,22.32644],[103.77071,22.32091],[103.76202,22.3113],[103.77214,22.30905],[103.77487,22.30614],[103.77545,22.30304],[103.78008,22.30174],[103.78869,22.30202],[103.80683,22.28645],[103.81125,22.28513],[103.82635,22.27014],[103.82838,22.26686],[103.82873,22.26019],[103.8358,22.24969],[103.8398,22.24758],[103.84311,22.24198],[103.84409,22.23568],[103.84218,22.23148],[103.84227,22.22552],[103.85165,22.21924],[103.85706,22.20586],[103.86695,22.20322],[103.87266,22.19868],[103.87209,22.18937],[103.86705,22.186],[103.86565,22.18078],[103.87294,22.17584],[103.88072,22.17561],[103.88862,22.17352],[103.89538,22.16565],[103.89947,22.15754],[103.9064,22.15503],[103.91562,22.14385],[103.92996,22.14012],[103.9363,22.14113],[103.93792,22.13994],[103.93797,22.13056],[103.93961,22.12651],[103.93608,22.12351],[103.93593,22.12146],[103.94231,22.11183],[103.94419,22.10473],[103.9439,22.09828],[103.93893,22.08843],[103.93845,22.08139],[103.9425,22.08068],[103.94378,22.07511],[103.94741,22.07291],[103.94856,22.06887],[103.95307,22.06382],[103.95718,22.049],[103.95596,22.03321],[103.95348,22.0263],[103.96523,22.01387],[103.96151,22.00428],[103.95258,21.99818],[103.95679,21.99754],[103.96201,21.99327],[103.9719,21.98201],[103.97428,21.97566],[103.98034,21.97217],[103.98531,21.96667],[103.99147,21.96288],[103.99584,21.95452],[103.99649,21.94527],[103.99026,21.94043],[103.99045,21.93771],[103.99437,21.93434],[103.99726,21.92703],[104.01031,21.91829],[104.01461,21.91798],[104.01687,21.91936],[104.03389,21.91607],[104.03624,21.91394],[104.0421,21.9167],[104.04375,21.91462],[104.04903,21.91452],[104.06217,21.90886],[104.06458,21.90929],[104.06919,21.90596],[104.07709,21.90439],[104.08328,21.90615],[104.08838,21.91499],[104.09369,21.91623],[104.11424,21.90904],[104.11911,21.90996],[104.12714,21.90673],[104.13088,21.90205],[104.14026,21.89626],[104.14687,21.89507],[104.15195,21.89619],[104.16266,21.89196],[104.17991,21.89075],[104.19523,21.88757],[104.20509,21.89187],[104.21349,21.89143],[104.23096,21.90242],[104.22766,21.90998],[104.23107,21.92325],[104.22657,21.92573],[104.22147,21.93424],[104.20961,21.94053],[104.20848,21.94559],[104.21203,21.94912],[104.22296,21.94818],[104.23206,21.94222],[104.24384,21.93965],[104.25599,21.9318],[104.27411,21.93391],[104.28399,21.94015],[104.29328,21.92756],[104.303,21.92594],[104.30449,21.92374],[104.31011,21.92327],[104.31362,21.92066],[104.32556,21.91844],[104.32538,21.91106],[104.32926,21.9084],[104.33016,21.8988],[104.33782,21.8928],[104.33923,21.88548],[104.34778,21.88165],[104.3538,21.87511],[104.36103,21.87972],[104.36297,21.88418],[104.37286,21.88779],[104.38548,21.89932],[104.38718,21.912],[104.39299,21.91533],[104.39721,21.91985],[104.40485,21.92052],[104.41568,21.92967],[104.4196,21.93053],[104.42245,21.93351],[104.427,21.93526],[104.43221,21.94572],[104.43123,21.95081],[104.42687,21.9556],[104.4295,21.95907],[104.42815,21.9654],[104.43003,21.97417],[104.42709,21.97966],[104.4276,21.98396],[104.42594,21.98901],[104.42216,21.99147],[104.42155,22.00405],[104.41717,22.0102],[104.41921,22.01396],[104.41489,22.0282],[104.4125,22.03165],[104.40854,22.03223],[104.39776,22.04807],[104.3928,22.04862],[104.39196,22.05426],[104.38528,22.06486],[104.37573,22.06887],[104.37964,22.07156],[104.37868,22.08346],[104.37973,22.09133],[104.38998,22.09533],[104.39107,22.10399],[104.39616,22.1102],[104.39598,22.11364],[104.40062,22.11584],[104.4014,22.11895],[104.40362,22.11602],[104.40643,22.1168],[104.40368,22.12294],[104.40341,22.12846],[104.39824,22.13572],[104.40225,22.14747],[104.39968,22.15325],[104.39973,22.15703],[104.39384,22.16063],[104.39214,22.15988],[104.38873,22.17078],[104.38449,22.17574],[104.3967,22.17709],[104.4001,22.18428],[104.40652,22.18699],[104.40476,22.19115],[104.41057,22.19295],[104.41649,22.20028],[104.42489,22.19924],[104.42803,22.19624],[104.43512,22.19361],[104.44021,22.18561],[104.44514,22.18451],[104.44812,22.18612],[104.45098,22.18479],[104.45351,22.18575],[104.45622,22.1817],[104.45717,22.17047],[104.45906,22.16776],[104.46421,22.16654],[104.46889,22.1629],[104.47238,22.16205],[104.47501,22.1554],[104.48101,22.15166],[104.48519,22.14477],[104.49287,22.1412],[104.5019,22.13318],[104.51108,22.12753],[104.52073,22.12321],[104.52796,22.11038],[104.53456,22.1085],[104.54107,22.10194],[104.54557,22.10009],[104.54955,22.09214],[104.55617,22.0904],[104.56252,22.08635],[104.5657,22.08951],[104.56748,22.09435],[104.57205,22.09828],[104.5707,22.10283],[104.57498,22.11027],[104.583,22.11283],[104.57922,22.11692],[104.57884,22.12167],[104.58138,22.12806],[104.58068,22.13915],[104.58532,22.14396],[104.58093,22.15497],[104.58914,22.15998],[104.58364,22.16713],[104.58363,22.17697],[104.58871,22.17949],[104.59046,22.18252],[104.59299,22.18033],[104.59938,22.18285],[104.60169,22.18136],[104.60181,22.17738],[104.60345,22.17519],[104.61059,22.17666],[104.61488,22.17543],[104.61877,22.17832],[104.62638,22.1721],[104.6244,22.17487],[104.62508,22.17791],[104.62066,22.18467],[104.61937,22.19286],[104.61672,22.19599],[104.61514,22.20395],[104.61571,22.20763],[104.61773,22.20882],[104.61638,22.21198],[104.62267,22.21358],[104.62866,22.21918],[104.62337,22.22058],[104.62082,22.22384],[104.61402,22.22554],[104.60578,22.22168],[104.60107,22.22164],[104.59753,22.21789],[104.5916,22.21943],[104.58606,22.22447],[104.58728,22.22818],[104.58398,22.23137],[104.58703,22.23751],[104.58562,22.24305],[104.58723,22.24947],[104.58002,22.25167],[104.57535,22.24472],[104.56371,22.24224],[104.55294,22.24575],[104.54886,22.25048],[104.54928,22.26605],[104.54402,22.27534],[104.54675,22.27953],[104.5545,22.28412],[104.56014,22.28407],[104.56632,22.28875],[104.5674,22.29291],[104.57062,22.29673],[104.58008,22.30299],[104.57979,22.31597],[104.57354,22.32208],[104.57328,22.32532],[104.56615,22.33143],[104.57458,22.34095],[104.58132,22.34397],[104.58207,22.34843],[104.5759,22.35305],[104.57077,22.35481],[104.55534,22.35371],[104.54825,22.36108],[104.54831,22.3636],[104.55528,22.37251],[104.55193,22.37921],[104.54869,22.38193],[104.52736,22.39144],[104.50836,22.40443],[104.4985,22.40389],[104.4935,22.41021],[104.4922,22.41859],[104.49088,22.41947],[104.47863,22.42086],[104.46868,22.42366],[104.46447,22.4327],[104.45899,22.43694],[104.4539,22.44415],[104.44863,22.45878],[104.45075,22.46219],[104.45975,22.4659],[104.46484,22.4697],[104.46642,22.47692],[104.47369,22.48461],[104.4688,22.48987],[104.45307,22.49541],[104.44935,22.49958],[104.44362,22.50297],[104.44265,22.50678],[104.43686,22.51361],[104.43378,22.5216],[104.42629,22.52335],[104.41467,22.52909],[104.41513,22.53281],[104.42217,22.54281],[104.42612,22.57338],[104.443,22.57528],[104.45597,22.56984],[104.46371,22.5716],[104.4651,22.57317],[104.46648,22.58547],[104.46271,22.60389],[104.46256,22.61237],[104.43626,22.61934],[104.42237,22.63023],[104.41731,22.63726],[104.41437,22.64696],[104.40979,22.65246],[104.40908,22.65569],[104.41068,22.65958],[104.40956,22.66394],[104.40456,22.67253],[104.39781,22.67908],[104.38701,22.67945],[104.3832,22.67657],[104.36147,22.67281],[104.35264,22.67686],[104.34227,22.68578],[104.33616,22.68841],[104.33675,22.69689],[104.34113,22.70263],[104.34269,22.71082]]]}},{"type":"Feature","properties":{"name":"Bac Kan","code":"VN_SRC_BACKAN"},"geometry":{"type":"Polygon","coordinates":[[[105.53159,22.63321],[105.5289,22.61925],[105.53224,22.61775],[105.54032,22.60702],[105.54898,22.59927],[105.54636,22.58835],[105.55182,22.57604],[105.5588,22.57281],[105.56355,22.56446],[105.56318,22.56183],[105.57166,22.56228],[105.57797,22.55915],[105.58282,22.55339],[105.58539,22.55242],[105.59096,22.5433],[105.59181,22.53799],[105.59501,22.53261],[105.59519,22.52569],[105.5979,22.52271],[105.59669,22.5163],[105.59447,22.51512],[105.59166,22.50815],[105.59617,22.5033],[105.59285,22.49902],[105.59434,22.49824],[105.59466,22.49279],[105.59831,22.48908],[105.58935,22.48489],[105.58332,22.47948],[105.58046,22.47911],[105.5702,22.4717],[105.56367,22.46342],[105.55992,22.46252],[105.55893,22.44975],[105.55584,22.445],[105.55617,22.43815],[105.54866,22.4376],[105.55435,22.42822],[105.55034,22.4206],[105.55298,22.41199],[105.55942,22.41019],[105.56581,22.41676],[105.5712,22.41927],[105.56364,22.40387],[105.55604,22.40265],[105.53565,22.4077],[105.53245,22.40447],[105.5224,22.40394],[105.52083,22.40131],[105.51829,22.4004],[105.51992,22.39651],[105.51807,22.39449],[105.51998,22.38982],[105.51909,22.38674],[105.51643,22.38498],[105.51357,22.37614],[105.51408,22.3711],[105.51693,22.36658],[105.51569,22.35948],[105.51321,22.35648],[105.51411,22.34866],[105.51186,22.34635],[105.50468,22.34608],[105.49628,22.3412],[105.49824,22.33321],[105.49671,22.32324],[105.4976,22.32012],[105.4922,22.31823],[105.48703,22.31915],[105.48265,22.31691],[105.47887,22.30834],[105.47961,22.3041],[105.48585,22.29736],[105.49198,22.2936],[105.48789,22.29314],[105.47095,22.28515],[105.46013,22.28383],[105.46204,22.28099],[105.46713,22.27862],[105.47283,22.27349],[105.46326,22.26484],[105.45381,22.26822],[105.45125,22.26495],[105.44416,22.26452],[105.43574,22.25895],[105.43882,22.25473],[105.43735,22.25213],[105.43833,22.24461],[105.436,22.2395],[105.43969,22.2374],[105.4413,22.23037],[105.43902,22.23068],[105.43561,22.2278],[105.43472,22.21737],[105.43112,22.21632],[105.43327,22.21041],[105.44391,22.20064],[105.4452,22.19685],[105.45021,22.19082],[105.45632,22.18677],[105.45798,22.18948],[105.46015,22.18949],[105.46032,22.18595],[105.4642,22.18137],[105.46147,22.17811],[105.46242,22.16936],[105.46907,22.16106],[105.4745,22.16189],[105.47618,22.16369],[105.49331,22.15762],[105.49351,22.15077],[105.49008,22.15073],[105.48211,22.14613],[105.47468,22.13716],[105.47638,22.12985],[105.47522,22.12654],[105.46943,22.12498],[105.4689,22.12293],[105.4652,22.12053],[105.46582,22.11768],[105.46304,22.11526],[105.46469,22.11209],[105.46357,22.10838],[105.46485,22.10401],[105.47033,22.10302],[105.47219,22.09769],[105.4749,22.09737],[105.46818,22.08934],[105.46944,22.08104],[105.46364,22.07655],[105.46296,22.07442],[105.46714,22.07311],[105.46958,22.06851],[105.4737,22.06796],[105.47372,22.06048],[105.47508,22.05823],[105.482,22.05236],[105.48271,22.05014],[105.48752,22.04755],[105.48914,22.04427],[105.48796,22.04033],[105.49074,22.03782],[105.48956,22.0299],[105.49281,22.02521],[105.49439,22.01136],[105.49576,22.00974],[105.50189,22.00978],[105.50583,22.00772],[105.50504,21.99248],[105.51121,21.98971],[105.51225,21.9843],[105.51444,21.98427],[105.51635,21.98711],[105.52492,21.98148],[105.53259,21.96769],[105.53722,21.9671],[105.54087,21.96404],[105.55148,21.96277],[105.55569,21.95748],[105.56449,21.95565],[105.57009,21.95781],[105.57551,21.95765],[105.5724,21.96646],[105.57558,21.96601],[105.58116,21.96872],[105.57779,21.97493],[105.57818,21.97734],[105.58198,21.98068],[105.57946,21.98333],[105.57952,21.98546],[105.58317,21.99157],[105.58274,21.99435],[105.5863,22.00133],[105.59283,22.01047],[105.60223,22.01408],[105.60897,22.01129],[105.61446,22.01363],[105.61685,22.01244],[105.62067,22.01839],[105.62384,22.01701],[105.62968,22.01909],[105.63617,22.01906],[105.63501,22.02116],[105.63736,22.02135],[105.64054,22.02701],[105.64556,22.02487],[105.65179,22.02527],[105.65298,22.02339],[105.65804,22.02973],[105.66183,22.02937],[105.66332,22.03973],[105.66737,22.04252],[105.66894,22.04762],[105.67359,22.04766],[105.69424,22.03812],[105.69622,22.03604],[105.69716,22.03109],[105.70716,22.02297],[105.71542,22.0219],[105.72186,22.02449],[105.72737,22.02107],[105.73164,22.01542],[105.73941,22.019],[105.74537,22.01652],[105.74778,22.01356],[105.75161,22.01301],[105.75305,22.01037],[105.75297,22.00152],[105.75527,21.99902],[105.75596,21.99203],[105.76363,21.98563],[105.76369,21.98077],[105.76075,21.97641],[105.76197,21.97319],[105.76033,21.97224],[105.76066,21.96841],[105.76771,21.96066],[105.76946,21.95647],[105.77525,21.95299],[105.77436,21.94897],[105.77628,21.94258],[105.77382,21.9391],[105.7778,21.93464],[105.77709,21.93107],[105.77082,21.92567],[105.77079,21.92181],[105.76715,21.91959],[105.76419,21.91469],[105.77132,21.90973],[105.77267,21.89633],[105.78124,21.88943],[105.77268,21.88724],[105.77015,21.88511],[105.7722,21.88436],[105.7711,21.88316],[105.77327,21.87574],[105.77039,21.87326],[105.77049,21.8704],[105.76834,21.86761],[105.76977,21.85871],[105.76553,21.85239],[105.76407,21.8456],[105.76069,21.84406],[105.76122,21.83835],[105.75871,21.83561],[105.75786,21.83153],[105.75985,21.83092],[105.76236,21.82541],[105.76027,21.82088],[105.7616,21.817],[105.76765,21.81289],[105.7793,21.81073],[105.78662,21.80434],[105.79952,21.80498],[105.8008,21.80639],[105.80047,21.8095],[105.80298,21.81433],[105.80252,21.82213],[105.8042,21.83076],[105.81087,21.84062],[105.81478,21.84376],[105.82408,21.84622],[105.84781,21.84416],[105.8607,21.84592],[105.86467,21.8515],[105.8627,21.86049],[105.87374,21.85579],[105.88162,21.85871],[105.88882,21.86815],[105.89163,21.87484],[105.89813,21.88035],[105.90195,21.88756],[105.91045,21.89519],[105.93003,21.89587],[105.94654,21.90254],[105.95114,21.90739],[105.95536,21.90888],[105.95959,21.91361],[105.96041,21.9214],[105.96255,21.92308],[105.97094,21.92476],[105.96923,21.92835],[105.97023,21.93515],[105.97388,21.93922],[105.97644,21.9395],[105.98214,21.93589],[105.99432,21.93726],[106.00077,21.93274],[106.00423,21.93547],[106.01233,21.9375],[106.01953,21.94777],[106.01824,21.95042],[106.01922,21.95479],[106.02236,21.95711],[106.02399,21.962],[106.02972,21.96786],[106.03336,21.96433],[106.04003,21.96261],[106.0439,21.95979],[106.04659,21.96036],[106.05178,21.95081],[106.05259,21.94632],[106.05934,21.9415],[106.08051,21.94239],[106.0909,21.9407],[106.09324,21.94192],[106.09861,21.93758],[106.10927,21.94619],[106.11188,21.94989],[106.10981,21.95211],[106.10331,21.95309],[106.09869,21.95121],[106.09882,21.95915],[106.10658,21.96275],[106.11214,21.96247],[106.11398,21.96767],[106.11336,21.97452],[106.1154,21.97799],[106.11305,21.98345],[106.11441,21.99348],[106.10752,21.99751],[106.10992,22.00061],[106.1111,22.0144],[106.1081,22.02161],[106.10172,22.02776],[106.09706,22.03004],[106.09556,22.03624],[106.10095,22.04034],[106.10273,22.04505],[106.09926,22.05506],[106.1012,22.06083],[106.09884,22.06775],[106.10025,22.07159],[106.10664,22.07312],[106.10811,22.07614],[106.11427,22.0727],[106.11775,22.07697],[106.11897,22.08272],[106.12331,22.08519],[106.1392,22.0857],[106.14225,22.08196],[106.1571,22.08153],[106.16133,22.09238],[106.16065,22.09625],[106.16271,22.10241],[106.16822,22.10589],[106.16933,22.11143],[106.17375,22.11249],[106.17664,22.11035],[106.17749,22.11341],[106.18522,22.11747],[106.18596,22.12117],[106.18108,22.12898],[106.18771,22.13391],[106.19149,22.1438],[106.19654,22.14293],[106.20024,22.14616],[106.20113,22.14929],[106.21296,22.15875],[106.21661,22.16631],[106.22581,22.16952],[106.23148,22.17435],[106.23373,22.17856],[106.23332,22.18286],[106.22664,22.1876],[106.22122,22.19731],[106.22331,22.20092],[106.22131,22.20731],[106.22496,22.21093],[106.22514,22.21383],[106.22924,22.21613],[106.23173,22.22031],[106.23753,22.22184],[106.2378,22.22631],[106.24293,22.23835],[106.24222,22.24684],[106.24697,22.25647],[106.24482,22.26087],[106.24507,22.26719],[106.23488,22.27885],[106.22762,22.2827],[106.2246,22.28253],[106.22389,22.28746],[106.22087,22.29029],[106.2166,22.28775],[106.21201,22.29045],[106.20081,22.30977],[106.19959,22.31319],[106.20194,22.3172],[106.20148,22.32337],[106.20911,22.33564],[106.20893,22.33735],[106.21439,22.34209],[106.21608,22.34574],[106.21927,22.34736],[106.21994,22.35029],[106.21676,22.35805],[106.21068,22.36202],[106.20874,22.36813],[106.20148,22.37336],[106.19018,22.37678],[106.18717,22.37999],[106.18795,22.38413],[106.1848,22.38706],[106.18415,22.38919],[106.17881,22.39121],[106.17954,22.40011],[106.17418,22.40194],[106.16969,22.40124],[106.16922,22.40656],[106.15986,22.40879],[106.15765,22.40833],[106.15556,22.40392],[106.14121,22.39353],[106.13632,22.39425],[106.13252,22.39855],[106.12427,22.39892],[106.12356,22.40119],[106.11175,22.39801],[106.1075,22.40046],[106.10719,22.40763],[106.1019,22.41294],[106.10311,22.43365],[106.09705,22.43944],[106.09592,22.44293],[106.10613,22.45135],[106.11489,22.46589],[106.12124,22.47101],[106.11717,22.48201],[106.12033,22.49854],[106.11992,22.50471],[106.12168,22.50834],[106.11955,22.51041],[106.10304,22.51479],[106.10436,22.5209],[106.09754,22.52653],[106.09727,22.52827],[106.09864,22.53058],[106.10226,22.53093],[106.10319,22.53382],[106.09663,22.53308],[106.09504,22.53614],[106.09741,22.54588],[106.09236,22.54787],[106.08899,22.55142],[106.0809,22.55026],[106.0763,22.55198],[106.07639,22.55973],[106.0845,22.56653],[106.08364,22.57212],[106.07575,22.5717],[106.06831,22.56854],[106.06088,22.5698],[106.05019,22.57683],[106.04609,22.56647],[106.04153,22.56175],[106.02993,22.55677],[106.02367,22.55934],[106.00861,22.55363],[106.00458,22.54712],[105.99366,22.54265],[105.98817,22.54327],[105.98097,22.53656],[105.9718,22.53477],[105.96702,22.52658],[105.96249,22.52608],[105.95712,22.52179],[105.95373,22.52191],[105.94799,22.52706],[105.93393,22.52618],[105.92637,22.5198],[105.92494,22.51206],[105.91522,22.49589],[105.91216,22.49422],[105.90503,22.49405],[105.89861,22.50565],[105.89241,22.50926],[105.87593,22.51303],[105.87347,22.51757],[105.87021,22.5198],[105.8535,22.51909],[105.85062,22.51683],[105.84089,22.51432],[105.83371,22.51488],[105.83354,22.52397],[105.83233,22.5253],[105.82185,22.51872],[105.80474,22.52316],[105.79364,22.53762],[105.79166,22.54524],[105.78837,22.54696],[105.7875,22.54993],[105.7857,22.55077],[105.78143,22.5482],[105.77319,22.54877],[105.77302,22.55015],[105.77515,22.55066],[105.77501,22.5527],[105.76934,22.55423],[105.77468,22.55819],[105.77189,22.56419],[105.77539,22.56503],[105.78028,22.57131],[105.77862,22.57279],[105.77868,22.57631],[105.77462,22.57884],[105.77195,22.58289],[105.76831,22.58388],[105.76737,22.58688],[105.76444,22.58691],[105.762,22.5847],[105.75267,22.58527],[105.75381,22.5872],[105.75207,22.59002],[105.74683,22.59312],[105.74897,22.59818],[105.7543,22.60202],[105.7555,22.60594],[105.74749,22.61754],[105.74294,22.61918],[105.74191,22.62604],[105.73635,22.62944],[105.73032,22.63007],[105.73129,22.63258],[105.72917,22.6354],[105.7301,22.63681],[105.73405,22.63974],[105.74129,22.64125],[105.74253,22.64798],[105.75039,22.65718],[105.75239,22.66372],[105.75613,22.66704],[105.76006,22.66817],[105.76336,22.67271],[105.77551,22.68292],[105.77917,22.69073],[105.76077,22.69717],[105.75365,22.71112],[105.7609,22.71917],[105.75986,22.72521],[105.75704,22.72689],[105.75208,22.72563],[105.74827,22.72892],[105.74686,22.73547],[105.74147,22.73941],[105.72898,22.73683],[105.72735,22.73556],[105.72685,22.73165],[105.72339,22.72903],[105.7163,22.73125],[105.71293,22.73081],[105.71087,22.72652],[105.70769,22.72532],[105.70342,22.71892],[105.70047,22.72169],[105.69768,22.7278],[105.69304,22.71646],[105.68206,22.71876],[105.67416,22.72386],[105.67022,22.72137],[105.66485,22.72229],[105.66334,22.71665],[105.65695,22.71232],[105.65129,22.70419],[105.64907,22.70029],[105.64912,22.69715],[105.6392,22.69699],[105.63459,22.699],[105.63097,22.69709],[105.62284,22.69866],[105.62036,22.6979],[105.61959,22.69438],[105.61079,22.69306],[105.60326,22.68719],[105.60614,22.66973],[105.5975,22.66957],[105.58733,22.67583],[105.58139,22.66411],[105.57403,22.66612],[105.56993,22.66569],[105.5644,22.66244],[105.54671,22.65698],[105.54094,22.65091],[105.54112,22.63659],[105.53159,22.63321]]]}},{"type":"Feature","properties":{"name":"Lang Son","code":"VN_SRC_LANGSON"},"geometry":{"type":"Polygon","coordinates":[[[106.1848,22.38706],[106.18795,22.38413],[106.18717,22.37999],[106.19018,22.37678],[106.20148,22.37336],[106.20874,22.36813],[106.21068,22.36202],[106.21676,22.35805],[106.21994,22.35029],[106.21927,22.34736],[106.21608,22.34574],[106.21439,22.34209],[106.20893,22.33735],[106.20911,22.33564],[106.20148,22.32337],[106.20194,22.3172],[106.19959,22.31319],[106.20081,22.30977],[106.21201,22.29045],[106.2166,22.28775],[106.22087,22.29029],[106.22389,22.28746],[106.2246,22.28253],[106.22762,22.2827],[106.23488,22.27885],[106.24507,22.26719],[106.24482,22.26087],[106.24697,22.25647],[106.24222,22.24684],[106.24293,22.23835],[106.2378,22.22631],[106.23753,22.22184],[106.23173,22.22031],[106.22924,22.21613],[106.22514,22.21383],[106.22496,22.21093],[106.22131,22.20731],[106.22331,22.20092],[106.22122,22.19731],[106.22664,22.1876],[106.23332,22.18286],[106.23373,22.17856],[106.23148,22.17435],[106.22581,22.16952],[106.21661,22.16631],[106.21296,22.15875],[106.20113,22.14929],[106.20024,22.14616],[106.19654,22.14293],[106.19149,22.1438],[106.18771,22.13391],[106.18108,22.12898],[106.18596,22.12117],[106.18522,22.11747],[106.17749,22.11341],[106.17664,22.11035],[106.17375,22.11249],[106.16933,22.11143],[106.16822,22.10589],[106.16271,22.10241],[106.16065,22.09625],[106.16133,22.09238],[106.1571,22.08153],[106.14225,22.08196],[106.1392,22.0857],[106.12331,22.08519],[106.11897,22.08272],[106.11775,22.07697],[106.11427,22.0727],[106.10811,22.07614],[106.10664,22.07312],[106.10025,22.07159],[106.09884,22.06775],[106.1012,22.06083],[106.09926,22.05506],[106.10273,22.04505],[106.10095,22.04034],[106.09556,22.03624],[106.09706,22.03004],[106.10172,22.02776],[106.1081,22.02161],[106.1111,22.0144],[106.10992,22.00061],[106.10752,21.99751],[106.11441,21.99348],[106.11305,21.98345],[106.1154,21.97799],[106.11336,21.97452],[106.11398,21.96767],[106.11214,21.96247],[106.10658,21.96275],[106.09882,21.95915],[106.09869,21.95121],[106.10331,21.95309],[106.10981,21.95211],[106.11188,21.94989],[106.10927,21.94619],[106.09861,21.93758],[106.10492,21.93608],[106.1072,21.93296],[106.11101,21.93378],[106.11341,21.92924],[106.11764,21.9284],[106.12213,21.92452],[106.1282,21.92471],[106.13155,21.92075],[106.13158,21.9161],[106.12713,21.91053],[106.12982,21.90471],[106.12743,21.89946],[106.1154,21.89447],[106.11323,21.89044],[106.116,21.88057],[106.11408,21.87556],[106.11541,21.87091],[106.11151,21.86458],[106.1107,21.86029],[106.11273,21.85484],[106.11188,21.8495],[106.11737,21.84531],[106.11795,21.84325],[106.11512,21.84064],[106.10731,21.84066],[106.108,21.83209],[106.10116,21.83052],[106.10096,21.82535],[106.09542,21.82055],[106.0987,21.81271],[106.10747,21.80312],[106.1064,21.7905],[106.11126,21.78674],[106.11179,21.78167],[106.11741,21.78246],[106.11934,21.78132],[106.12182,21.78326],[106.13707,21.78489],[106.13956,21.77751],[106.14824,21.76704],[106.14941,21.76097],[106.1551,21.76114],[106.15995,21.75561],[106.16776,21.75454],[106.16854,21.74981],[106.17321,21.74935],[106.17791,21.74402],[106.1817,21.74335],[106.18311,21.74139],[106.18856,21.74051],[106.19437,21.74155],[106.19458,21.73806],[106.19677,21.73561],[106.20795,21.7328],[106.21308,21.72772],[106.21818,21.72705],[106.22566,21.73299],[106.23132,21.72801],[106.23516,21.72723],[106.23773,21.71976],[106.23738,21.71473],[106.23358,21.70812],[106.23258,21.69892],[106.2301,21.6969],[106.22923,21.69383],[106.22418,21.69148],[106.22651,21.68367],[106.22558,21.67971],[106.21859,21.67167],[106.20592,21.66353],[106.20663,21.65999],[106.20357,21.65472],[106.19148,21.64592],[106.19238,21.6371],[106.19806,21.63296],[106.19505,21.62702],[106.19751,21.62009],[106.19212,21.61316],[106.18808,21.61115],[106.18486,21.60404],[106.17821,21.60132],[106.17593,21.59785],[106.17101,21.59682],[106.16917,21.59484],[106.17042,21.58747],[106.16689,21.57702],[106.16941,21.57295],[106.16922,21.56524],[106.16757,21.56079],[106.17006,21.5491],[106.167,21.54237],[106.16985,21.53543],[106.16739,21.52207],[106.16806,21.5128],[106.17445,21.50933],[106.18011,21.50925],[106.19208,21.50564],[106.19547,21.50205],[106.20537,21.50017],[106.21025,21.49709],[106.2215,21.49614],[106.22437,21.49367],[106.22638,21.49534],[106.23723,21.49494],[106.24146,21.48662],[106.24558,21.48503],[106.24449,21.48204],[106.24949,21.48748],[106.25663,21.48697],[106.26306,21.49169],[106.26864,21.49012],[106.27401,21.49372],[106.28024,21.49094],[106.28796,21.49133],[106.28516,21.48791],[106.28484,21.47867],[106.28239,21.47289],[106.28579,21.47095],[106.2864,21.46879],[106.28318,21.45678],[106.28384,21.45212],[106.28984,21.45596],[106.29047,21.45381],[106.28854,21.44931],[106.29517,21.44319],[106.29847,21.44657],[106.30138,21.44316],[106.30568,21.4425],[106.30403,21.44813],[106.31036,21.45194],[106.31604,21.44447],[106.31859,21.44684],[106.32569,21.44831],[106.32829,21.44708],[106.32893,21.44113],[106.33185,21.43929],[106.3325,21.43566],[106.32917,21.43307],[106.32798,21.42639],[106.32546,21.42444],[106.32679,21.41862],[106.32397,21.41362],[106.32495,21.40925],[106.32922,21.40801],[106.33169,21.40398],[106.33492,21.40435],[106.34066,21.39731],[106.342,21.39935],[106.3441,21.39854],[106.34618,21.40119],[106.35128,21.39582],[106.35513,21.39742],[106.36186,21.39594],[106.36675,21.39918],[106.37211,21.39468],[106.37728,21.39369],[106.38725,21.39741],[106.39539,21.40543],[106.4012,21.40613],[106.40489,21.40427],[106.41438,21.4075],[106.4151,21.41582],[106.40812,21.41978],[106.40489,21.4263],[106.40629,21.42902],[106.41389,21.43231],[106.41807,21.43733],[106.4267,21.44001],[106.43247,21.43779],[106.43484,21.44207],[106.43843,21.44361],[106.44447,21.43632],[106.44999,21.436],[106.453,21.43933],[106.46391,21.437],[106.47145,21.4417],[106.47111,21.44436],[106.47305,21.44763],[106.48031,21.44741],[106.48256,21.4488],[106.48475,21.4569],[106.48829,21.46222],[106.48757,21.46673],[106.49042,21.47252],[106.49283,21.47396],[106.49465,21.48255],[106.50547,21.48532],[106.50795,21.48762],[106.50981,21.48683],[106.52152,21.49988],[106.51789,21.50358],[106.51391,21.51219],[106.50807,21.51999],[106.50788,21.52461],[106.51466,21.53164],[106.5189,21.53246],[106.52213,21.53599],[106.52634,21.54466],[106.52782,21.55861],[106.5314,21.56344],[106.53582,21.56354],[106.54234,21.57029],[106.5419,21.57305],[106.54414,21.57678],[106.54881,21.57893],[106.55246,21.58327],[106.55207,21.58933],[106.5571,21.59349],[106.56468,21.59506],[106.56932,21.59861],[106.57115,21.60252],[106.59068,21.59852],[106.59106,21.60016],[106.59813,21.59995],[106.59978,21.60218],[106.60907,21.60349],[106.61544,21.60784],[106.6247,21.60569],[106.62595,21.60247],[106.63577,21.60073],[106.64267,21.60357],[106.645,21.60636],[106.65224,21.60335],[106.65591,21.60332],[106.66017,21.60629],[106.66458,21.60471],[106.67024,21.60896],[106.67752,21.60316],[106.68329,21.60246],[106.68934,21.5999],[106.69129,21.59741],[106.7027,21.59304],[106.70266,21.58266],[106.70017,21.579],[106.69893,21.57319],[106.70567,21.56771],[106.71024,21.56073],[106.71631,21.56017],[106.72224,21.55591],[106.72639,21.55528],[106.73339,21.54922],[106.7346,21.54433],[106.75188,21.54034],[106.75556,21.54088],[106.75857,21.54443],[106.75707,21.54713],[106.75984,21.5472],[106.75833,21.54942],[106.76018,21.55074],[106.75844,21.55307],[106.76163,21.55416],[106.75802,21.55703],[106.75908,21.5588],[106.75785,21.562],[106.75581,21.56158],[106.75609,21.56591],[106.75989,21.57036],[106.76503,21.57302],[106.77343,21.57192],[106.78668,21.57696],[106.78762,21.57197],[106.79309,21.5663],[106.79735,21.56507],[106.79928,21.56181],[106.80613,21.55933],[106.82183,21.56257],[106.82841,21.56006],[106.83207,21.56202],[106.84346,21.5597],[106.84828,21.55297],[106.85064,21.54149],[106.86348,21.5358],[106.86514,21.53305],[106.86501,21.52822],[106.85943,21.52221],[106.8526,21.52531],[106.85043,21.52303],[106.85025,21.51664],[106.84624,21.51367],[106.83978,21.51218],[106.83908,21.50646],[106.84275,21.5036],[106.84545,21.49473],[106.85194,21.49985],[106.85325,21.49541],[106.86833,21.4972],[106.88907,21.49028],[106.89021,21.48915],[106.8888,21.48233],[106.89161,21.48064],[106.8917,21.47701],[106.90177,21.47039],[106.89753,21.46179],[106.8921,21.45959],[106.89112,21.45157],[106.89655,21.44301],[106.90173,21.44041],[106.91125,21.43033],[106.91646,21.4302],[106.92622,21.44054],[106.92991,21.43646],[106.92839,21.42538],[106.94027,21.43461],[106.94441,21.4346],[106.94634,21.4333],[106.94998,21.42479],[106.95321,21.4231],[106.95886,21.42484],[106.96884,21.43609],[106.97608,21.43701],[106.97961,21.43953],[106.98637,21.43976],[106.99016,21.43555],[106.9917,21.42996],[106.99664,21.428],[107.00382,21.42149],[107.00248,21.4193],[106.99688,21.41796],[106.99079,21.41383],[106.99134,21.40775],[106.98539,21.4011],[106.98788,21.38744],[106.99075,21.38447],[106.99308,21.37726],[106.99107,21.3731],[106.99086,21.36574],[106.98769,21.36209],[106.9875,21.35952],[106.98947,21.35691],[106.99908,21.35557],[107.00194,21.35092],[107.00778,21.34964],[107.01316,21.3452],[107.01812,21.34474],[107.01801,21.34058],[107.02294,21.33588],[107.02226,21.33158],[107.03241,21.32525],[107.05186,21.32968],[107.05188,21.33547],[107.05546,21.3378],[107.05927,21.34558],[107.06302,21.34828],[107.07881,21.34637],[107.08326,21.35093],[107.08282,21.35331],[107.0847,21.35499],[107.09467,21.35915],[107.09695,21.3736],[107.10201,21.37688],[107.10558,21.37523],[107.11083,21.37607],[107.12688,21.36925],[107.13448,21.3711],[107.14326,21.36942],[107.14187,21.36626],[107.14698,21.3644],[107.1573,21.36842],[107.16816,21.36323],[107.17133,21.36374],[107.17731,21.36914],[107.18308,21.3713],[107.18606,21.37573],[107.19199,21.37545],[107.19413,21.37908],[107.19931,21.37762],[107.20374,21.37896],[107.20937,21.38663],[107.21656,21.389],[107.22792,21.38035],[107.22752,21.37747],[107.23552,21.37366],[107.23569,21.37045],[107.23837,21.36919],[107.24073,21.36432],[107.24662,21.36723],[107.25286,21.36653],[107.25827,21.37465],[107.25988,21.37972],[107.25889,21.38267],[107.26139,21.3866],[107.26103,21.39254],[107.26496,21.40032],[107.25803,21.40368],[107.25606,21.41857],[107.25309,21.4227],[107.24828,21.42365],[107.24786,21.42958],[107.24611,21.42955],[107.24181,21.43439],[107.24529,21.43928],[107.24555,21.44347],[107.24058,21.44685],[107.24176,21.45034],[107.24043,21.45245],[107.24103,21.45512],[107.23837,21.45931],[107.24213,21.46572],[107.23971,21.47291],[107.24489,21.47769],[107.24639,21.48237],[107.23655,21.4961],[107.23606,21.50259],[107.23844,21.5064],[107.2335,21.51514],[107.23382,21.51934],[107.23111,21.52204],[107.22297,21.51977],[107.22159,21.52683],[107.21668,21.53208],[107.21142,21.53143],[107.20436,21.5423],[107.20713,21.54515],[107.21328,21.54725],[107.21589,21.55219],[107.22136,21.55386],[107.22592,21.55171],[107.23314,21.55493],[107.23575,21.55255],[107.24632,21.54891],[107.24949,21.55649],[107.25826,21.56291],[107.2656,21.56407],[107.2731,21.56235],[107.27701,21.56326],[107.28349,21.56917],[107.28332,21.57773],[107.28927,21.58124],[107.29261,21.59164],[107.29735,21.59358],[107.30978,21.59627],[107.31072,21.59209],[107.31374,21.58973],[107.31724,21.59256],[107.32224,21.59373],[107.32766,21.59173],[107.33036,21.58725],[107.33831,21.58773],[107.34071,21.58808],[107.34024,21.58995],[107.34298,21.59058],[107.34732,21.59467],[107.35923,21.5949],[107.36226,21.59913],[107.35708,21.60591],[107.36104,21.61084],[107.35917,21.61425],[107.36035,21.61601],[107.35957,21.6205],[107.35578,21.62299],[107.35426,21.63035],[107.36206,21.63474],[107.36403,21.63989],[107.36051,21.64644],[107.36114,21.65026],[107.35929,21.6536],[107.35864,21.66015],[107.3602,21.66356],[107.35658,21.6665],[107.3578,21.66967],[107.34673,21.6748],[107.34522,21.67739],[107.34909,21.68015],[107.34844,21.68292],[107.3445,21.68576],[107.34425,21.68796],[107.33837,21.68754],[107.33485,21.69853],[107.32688,21.70478],[107.32414,21.70535],[107.32379,21.7098],[107.3199,21.71487],[107.32262,21.72495],[107.31406,21.72542],[107.31313,21.72969],[107.30831,21.73013],[107.30619,21.7328],[107.3054,21.73748],[107.3014,21.74198],[107.29626,21.74215],[107.2929,21.73884],[107.2878,21.73665],[107.28737,21.73205],[107.28254,21.73212],[107.27957,21.73401],[107.27364,21.73074],[107.26433,21.72908],[107.26254,21.72506],[107.2582,21.7245],[107.25419,21.71825],[107.24966,21.71617],[107.24799,21.70417],[107.24462,21.70547],[107.24056,21.70466],[107.23745,21.70706],[107.2325,21.70645],[107.23124,21.70737],[107.23253,21.70951],[107.2314,21.71159],[107.22336,21.71454],[107.22242,21.71721],[107.21637,21.71826],[107.21381,21.72193],[107.20925,21.72157],[107.20395,21.72924],[107.19272,21.73459],[107.19,21.74142],[107.18541,21.7463],[107.17566,21.74807],[107.17219,21.75215],[107.16893,21.75277],[107.16689,21.74969],[107.16368,21.7499],[107.16006,21.75678],[107.14821,21.76028],[107.14492,21.76298],[107.13991,21.76272],[107.1378,21.76669],[107.13462,21.76887],[107.13564,21.77127],[107.1342,21.77518],[107.12921,21.77573],[107.12166,21.77997],[107.12107,21.78297],[107.11379,21.78916],[107.11322,21.79285],[107.10518,21.79493],[107.10186,21.79377],[107.09581,21.79876],[107.09101,21.79967],[107.08512,21.80947],[107.07849,21.81019],[107.07519,21.80819],[107.06162,21.80942],[107.0501,21.81317],[107.0477,21.81534],[107.03923,21.81755],[107.02933,21.81791],[107.02429,21.82064],[107.02139,21.82761],[107.04002,21.8548],[107.02811,21.85882],[107.02334,21.86432],[107.03177,21.86962],[107.03909,21.87828],[107.04761,21.87958],[107.05436,21.88387],[107.0582,21.89156],[107.06255,21.89328],[107.05868,21.90261],[107.0632,21.90596],[107.06517,21.91174],[107.06157,21.91719],[107.06128,21.92925],[107.05949,21.93191],[107.05752,21.93023],[107.05161,21.93057],[107.04559,21.92901],[107.0396,21.93049],[107.03341,21.93751],[107.02972,21.93622],[107.0227,21.93998],[107.02409,21.94453],[107.00619,21.94635],[106.99976,21.9444],[106.99405,21.95361],[106.988,21.94709],[106.98875,21.94257],[106.98405,21.93915],[106.98444,21.93553],[106.97968,21.92709],[106.97145,21.92246],[106.96612,21.92335],[106.96055,21.91959],[106.9531,21.9248],[106.95305,21.9332],[106.93354,21.93027],[106.92914,21.93133],[106.92938,21.94134],[106.92618,21.94626],[106.92408,21.94714],[106.92181,21.95356],[106.92361,21.96289],[106.91862,21.97304],[106.91559,21.97539],[106.91249,21.9758],[106.90326,21.97126],[106.89621,21.97575],[106.8918,21.97702],[106.88951,21.9763],[106.88467,21.98008],[106.87824,21.98156],[106.87477,21.98011],[106.86912,21.98036],[106.86718,21.98288],[106.86247,21.98099],[106.86101,21.98443],[106.85687,21.98106],[106.85216,21.98231],[106.84609,21.97935],[106.83992,21.9839],[106.83459,21.98345],[106.83255,21.98188],[106.83222,21.97461],[106.82785,21.97538],[106.82476,21.97345],[106.82346,21.97466],[106.81222,21.97348],[106.80469,21.97707],[106.80648,21.98124],[106.80233,21.98903],[106.7975,21.99046],[106.79548,21.99255],[106.7887,21.99273],[106.78366,22.00709],[106.77984,22.0051],[106.77825,22.00566],[106.77451,22.00964],[106.76669,22.01326],[106.7562,22.01323],[106.75121,22.01043],[106.73749,22.00827],[106.73699,22.00297],[106.729,21.99229],[106.72815,21.98655],[106.72365,21.98262],[106.72309,21.97933],[106.71917,21.97406],[106.7128,21.97332],[106.70784,21.97617],[106.70586,21.96998],[106.70235,21.9672],[106.69852,21.96922],[106.69797,21.97217],[106.69168,21.97328],[106.69041,21.97707],[106.68503,21.98107],[106.68333,21.99612],[106.6859,22.0062],[106.69895,22.01466],[106.7006,22.01839],[106.70566,22.02163],[106.7082,22.02557],[106.70833,22.02869],[106.70566,22.03264],[106.70538,22.03869],[106.6972,22.04367],[106.69963,22.04991],[106.69755,22.0532],[106.70705,22.05962],[106.70706,22.06465],[106.70953,22.06419],[106.71126,22.06556],[106.71123,22.06887],[106.70714,22.07251],[106.70855,22.08563],[106.71246,22.09181],[106.71142,22.09373],[106.71312,22.09566],[106.70935,22.10376],[106.70321,22.10404],[106.69565,22.11016],[106.69582,22.11647],[106.69282,22.11901],[106.69448,22.13273],[106.6914,22.14007],[106.69501,22.14261],[106.69773,22.15387],[106.70074,22.15579],[106.70578,22.15541],[106.7063,22.15991],[106.70232,22.16387],[106.69485,22.16191],[106.6865,22.16481],[106.68347,22.16903],[106.67861,22.17074],[106.67865,22.17569],[106.67006,22.18632],[106.67395,22.18683],[106.67918,22.19419],[106.68093,22.20485],[106.68951,22.20364],[106.69745,22.20776],[106.6991,22.2111],[106.69919,22.21823],[106.70321,22.22136],[106.70251,22.22854],[106.6924,22.24312],[106.69285,22.24755],[106.68961,22.25236],[106.69055,22.25866],[106.68717,22.26437],[106.68511,22.26531],[106.6861,22.26937],[106.69181,22.2741],[106.69164,22.27759],[106.68074,22.29032],[106.6706,22.28637],[106.66715,22.28983],[106.66717,22.29207],[106.67231,22.29755],[106.66637,22.30114],[106.66867,22.31109],[106.66075,22.32019],[106.65705,22.32807],[106.65996,22.33487],[106.65629,22.33568],[106.65228,22.34056],[106.65029,22.33928],[106.63575,22.3408],[106.63287,22.33798],[106.62025,22.33341],[106.61221,22.34063],[106.61058,22.33882],[106.60346,22.33797],[106.59093,22.34168],[106.5885,22.3445],[106.58238,22.33933],[106.5797,22.34068],[106.57566,22.34712],[106.57132,22.34226],[106.55989,22.34971],[106.56891,22.35822],[106.57491,22.35996],[106.57159,22.3697],[106.57858,22.37122],[106.58577,22.37636],[106.58849,22.38246],[106.586,22.38653],[106.58534,22.39453],[106.57717,22.39814],[106.57419,22.40365],[106.57107,22.40515],[106.56854,22.4115],[106.56565,22.41448],[106.56484,22.41875],[106.56146,22.42197],[106.55699,22.42168],[106.55489,22.41999],[106.5501,22.42104],[106.53547,22.41921],[106.53326,22.41477],[106.52832,22.41303],[106.53231,22.40805],[106.5301,22.40814],[106.52706,22.40472],[106.52387,22.40433],[106.51969,22.39831],[106.51593,22.39877],[106.51202,22.40239],[106.5086,22.40226],[106.50462,22.4053],[106.50193,22.40423],[106.49732,22.40487],[106.49081,22.40175],[106.49035,22.39879],[106.49376,22.39803],[106.49338,22.39506],[106.48519,22.39253],[106.4836,22.3904],[106.48986,22.38803],[106.49036,22.38442],[106.48606,22.38138],[106.4792,22.37941],[106.48109,22.37707],[106.48887,22.37597],[106.48747,22.36897],[106.48193,22.36745],[106.47622,22.36361],[106.46854,22.36242],[106.46664,22.35939],[106.46207,22.36058],[106.46028,22.35883],[106.45134,22.35698],[106.44335,22.35944],[106.44013,22.36338],[106.43611,22.36378],[106.43318,22.363],[106.42883,22.35907],[106.42521,22.35934],[106.42233,22.3604],[106.41431,22.37001],[106.40068,22.37022],[106.3961,22.37382],[106.38686,22.36467],[106.37979,22.36289],[106.37809,22.35951],[106.362,22.35706],[106.3589,22.35996],[106.35318,22.36222],[106.34953,22.36879],[106.34115,22.37543],[106.34394,22.37936],[106.34459,22.38357],[106.3433,22.38746],[106.34449,22.39185],[106.33353,22.40184],[106.33343,22.41012],[106.32853,22.41281],[106.32049,22.40792],[106.31297,22.41],[106.29601,22.42578],[106.29127,22.42531],[106.28781,22.42684],[106.28542,22.43695],[106.28191,22.43976],[106.28073,22.44385],[106.27686,22.4479],[106.2735,22.44832],[106.27151,22.45105],[106.2685,22.45094],[106.26431,22.45345],[106.26159,22.45036],[106.25893,22.45057],[106.25626,22.45443],[106.23942,22.46146],[106.23377,22.45885],[106.23131,22.45523],[106.22163,22.45509],[106.2166,22.45193],[106.21305,22.44747],[106.21065,22.44089],[106.20559,22.4383],[106.20621,22.43598],[106.20107,22.43181],[106.1992,22.42657],[106.19978,22.42249],[106.19301,22.4157],[106.19359,22.4079],[106.18709,22.40033],[106.18711,22.39303],[106.1848,22.38706]]]}},{"type":"Feature","properties":{"name":"Tuyen Quang","code":"VN_SRC_TUYENQUANG"},"geometry":{"type":"Polygon","coordinates":[[[105.54252,21.57384],[105.53594,21.58137],[105.52671,21.58261],[105.52364,21.5895],[105.51467,21.60208],[105.51037,21.60465],[105.50561,21.61236],[105.50033,21.61428],[105.4966,21.61843],[105.50005,21.63206],[105.49789,21.63834],[105.49031,21.64371],[105.48835,21.65148],[105.48355,21.65974],[105.482,21.67182],[105.47927,21.67411],[105.48169,21.67874],[105.48688,21.68063],[105.48782,21.68954],[105.48354,21.69346],[105.47791,21.69556],[105.47751,21.69714],[105.4843,21.70249],[105.48993,21.70334],[105.49146,21.70778],[105.4963,21.71376],[105.49647,21.71706],[105.49927,21.71819],[105.49927,21.72334],[105.50418,21.72977],[105.50872,21.731],[105.51597,21.73664],[105.51632,21.73998],[105.5113,21.74437],[105.50906,21.75037],[105.51377,21.75467],[105.51782,21.75549],[105.5252,21.76562],[105.5258,21.76782],[105.52451,21.76903],[105.51597,21.77423],[105.50031,21.77051],[105.49452,21.77478],[105.49338,21.7796],[105.49795,21.79309],[105.49311,21.80446],[105.49513,21.81741],[105.49385,21.82768],[105.49681,21.83191],[105.5064,21.83286],[105.51071,21.83232],[105.51459,21.82721],[105.51681,21.82668],[105.52002,21.83076],[105.52817,21.83532],[105.52857,21.85242],[105.52251,21.86721],[105.52264,21.87001],[105.5184,21.8765],[105.52054,21.88432],[105.52457,21.88775],[105.53226,21.8879],[105.53584,21.89035],[105.54364,21.89133],[105.5469,21.89707],[105.54498,21.90402],[105.55294,21.90854],[105.55344,21.91867],[105.5507,21.92209],[105.55184,21.94355],[105.5491,21.94761],[105.55569,21.95748],[105.55148,21.96277],[105.54087,21.96404],[105.53722,21.9671],[105.53259,21.96769],[105.52492,21.98148],[105.51635,21.98711],[105.51444,21.98427],[105.51225,21.9843],[105.51121,21.98971],[105.50504,21.99248],[105.50583,22.00772],[105.50189,22.00978],[105.49576,22.00974],[105.49439,22.01136],[105.49281,22.02521],[105.48956,22.0299],[105.49074,22.03782],[105.48796,22.04033],[105.48914,22.04427],[105.48752,22.04755],[105.48271,22.05014],[105.482,22.05236],[105.47508,22.05823],[105.47372,22.06048],[105.4737,22.06796],[105.46958,22.06851],[105.46714,22.07311],[105.46296,22.07442],[105.46364,22.07655],[105.46944,22.08104],[105.46818,22.08934],[105.4749,22.09737],[105.47219,22.09769],[105.47033,22.10302],[105.46485,22.10401],[105.46357,22.10838],[105.46469,22.11209],[105.46304,22.11526],[105.46582,22.11768],[105.4652,22.12053],[105.4689,22.12293],[105.46943,22.12498],[105.47522,22.12654],[105.47638,22.12985],[105.47468,22.13716],[105.48211,22.14613],[105.49008,22.15073],[105.49351,22.15077],[105.49331,22.15762],[105.47618,22.16369],[105.4745,22.16189],[105.46907,22.16106],[105.46242,22.16936],[105.46147,22.17811],[105.4642,22.18137],[105.46032,22.18595],[105.46015,22.18949],[105.45798,22.18948],[105.45632,22.18677],[105.45021,22.19082],[105.4452,22.19685],[105.44391,22.20064],[105.43327,22.21041],[105.43112,22.21632],[105.43472,22.21737],[105.43561,22.2278],[105.43902,22.23068],[105.4413,22.23037],[105.43969,22.2374],[105.436,22.2395],[105.43833,22.24461],[105.43735,22.25213],[105.43882,22.25473],[105.43574,22.25895],[105.44416,22.26452],[105.45125,22.26495],[105.45381,22.26822],[105.46326,22.26484],[105.47283,22.27349],[105.46713,22.27862],[105.46204,22.28099],[105.46013,22.28383],[105.47095,22.28515],[105.48789,22.29314],[105.49198,22.2936],[105.48585,22.29736],[105.47961,22.3041],[105.47887,22.30834],[105.48265,22.31691],[105.48703,22.31915],[105.4922,22.31823],[105.4976,22.32012],[105.49671,22.32324],[105.49824,22.33321],[105.49628,22.3412],[105.50468,22.34608],[105.51186,22.34635],[105.51411,22.34866],[105.51321,22.35648],[105.51569,22.35948],[105.51693,22.36658],[105.51408,22.3711],[105.51357,22.37614],[105.51643,22.38498],[105.51909,22.38674],[105.51998,22.38982],[105.51807,22.39449],[105.51992,22.39651],[105.51829,22.4004],[105.52083,22.40131],[105.5224,22.40394],[105.53245,22.40447],[105.53565,22.4077],[105.55604,22.40265],[105.56364,22.40387],[105.5712,22.41927],[105.56581,22.41676],[105.55942,22.41019],[105.55298,22.41199],[105.55034,22.4206],[105.55435,22.42822],[105.54866,22.4376],[105.55617,22.43815],[105.55584,22.445],[105.55893,22.44975],[105.55992,22.46252],[105.56367,22.46342],[105.5702,22.4717],[105.58046,22.47911],[105.58332,22.47948],[105.58935,22.48489],[105.59831,22.48908],[105.59466,22.49279],[105.59434,22.49824],[105.59285,22.49902],[105.59617,22.5033],[105.59166,22.50815],[105.59447,22.51512],[105.59669,22.5163],[105.5979,22.52271],[105.59519,22.52569],[105.59501,22.53261],[105.59181,22.53799],[105.59096,22.5433],[105.58539,22.55242],[105.58282,22.55339],[105.57797,22.55915],[105.57166,22.56228],[105.56318,22.56183],[105.56355,22.56446],[105.5588,22.57281],[105.55182,22.57604],[105.54636,22.58835],[105.54898,22.59927],[105.54032,22.60702],[105.53224,22.61775],[105.5289,22.61925],[105.53159,22.63321],[105.51419,22.63628],[105.50656,22.63411],[105.50198,22.63493],[105.49885,22.63393],[105.49491,22.625],[105.4871,22.6182],[105.47674,22.62036],[105.47422,22.61639],[105.46532,22.61421],[105.45988,22.60906],[105.45116,22.60733],[105.45165,22.60997],[105.44896,22.61013],[105.4493,22.61268],[105.4468,22.61257],[105.44521,22.60945],[105.4461,22.60733],[105.44262,22.60475],[105.44271,22.60987],[105.43701,22.60893],[105.43744,22.60439],[105.42965,22.60919],[105.42193,22.60873],[105.41007,22.61191],[105.40953,22.6158],[105.40578,22.61907],[105.40335,22.62422],[105.3952,22.63026],[105.38522,22.62737],[105.37192,22.6338],[105.36344,22.63581],[105.36186,22.63931],[105.34487,22.63949],[105.34291,22.64079],[105.33575,22.63872],[105.33045,22.64018],[105.32509,22.63701],[105.32574,22.63028],[105.3226,22.62814],[105.32344,22.62484],[105.31975,22.62451],[105.31826,22.62259],[105.31477,22.61082],[105.31819,22.60495],[105.31701,22.60406],[105.31148,22.60812],[105.31175,22.61308],[105.29022,22.61343],[105.28671,22.61676],[105.28651,22.62267],[105.28851,22.62534],[105.28718,22.62926],[105.28227,22.63458],[105.28418,22.63856],[105.27939,22.64394],[105.27291,22.64765],[105.2656,22.64858],[105.2511,22.65351],[105.2443,22.64884],[105.24189,22.65627],[105.23078,22.66403],[105.21954,22.66116],[105.21163,22.6658],[105.20988,22.67182],[105.2055,22.67768],[105.19277,22.67797],[105.1828,22.68238],[105.17402,22.68338],[105.17024,22.6889],[105.15062,22.69398],[105.1483,22.69597],[105.14617,22.69263],[105.13924,22.68774],[105.13483,22.67555],[105.13544,22.67193],[105.13224,22.67172],[105.13047,22.66945],[105.13956,22.66399],[105.14004,22.65604],[105.14779,22.65036],[105.14931,22.64207],[105.15678,22.63212],[105.15375,22.62924],[105.15797,22.6264],[105.15966,22.62224],[105.15237,22.61866],[105.1502,22.62152],[105.14303,22.62553],[105.14035,22.62139],[105.13925,22.61322],[105.13332,22.61038],[105.12681,22.60487],[105.13004,22.5946],[105.13415,22.59304],[105.1332,22.5889],[105.12369,22.58487],[105.12192,22.58161],[105.12253,22.57993],[105.11388,22.57501],[105.12022,22.56734],[105.12027,22.55568],[105.12557,22.54636],[105.12746,22.53618],[105.12045,22.51441],[105.11452,22.50368],[105.11027,22.49903],[105.10745,22.49117],[105.11233,22.48381],[105.10989,22.47408],[105.11153,22.47074],[105.11136,22.46526],[105.11731,22.46062],[105.11761,22.45605],[105.11347,22.45265],[105.10608,22.4504],[105.10084,22.44474],[105.08696,22.43927],[105.08933,22.43429],[105.09624,22.42936],[105.09987,22.42132],[105.10095,22.4146],[105.09641,22.40401],[105.09221,22.40199],[105.09129,22.39632],[105.08978,22.39489],[105.08258,22.39639],[105.07718,22.39569],[105.07553,22.39366],[105.07557,22.38901],[105.07362,22.38743],[105.07288,22.38233],[105.07878,22.37333],[105.08031,22.37332],[105.08205,22.37079],[105.08679,22.36157],[105.08704,22.35946],[105.08334,22.35398],[105.07679,22.35222],[105.07413,22.35416],[105.07187,22.35332],[105.05756,22.3575],[105.0538,22.35619],[105.04841,22.35748],[105.04111,22.35279],[105.04121,22.35062],[105.04539,22.34967],[105.04913,22.34414],[105.05187,22.33586],[105.05827,22.33362],[105.06104,22.33031],[105.05916,22.32225],[105.05999,22.31276],[105.04987,22.31363],[105.0453,22.31142],[105.04586,22.30829],[105.04401,22.30648],[105.04745,22.30443],[105.04896,22.30118],[105.04858,22.2893],[105.0304,22.28291],[105.02067,22.27615],[105.01571,22.26792],[105.01055,22.26744],[105.00822,22.28192],[105.00484,22.28467],[105.00851,22.29123],[105.00851,22.29556],[105.00692,22.29884],[105.00428,22.30037],[105.00052,22.29949],[104.99602,22.30234],[104.99569,22.3059],[104.99364,22.30799],[104.99353,22.31472],[104.98811,22.31647],[104.98414,22.32354],[104.98006,22.32525],[104.97104,22.31992],[104.96137,22.31877],[104.95075,22.32088],[104.94263,22.32715],[104.9387,22.33325],[104.93217,22.33209],[104.9186,22.33385],[104.91176,22.34044],[104.91068,22.34597],[104.90757,22.35077],[104.90012,22.34933],[104.90016,22.34351],[104.89648,22.33801],[104.89747,22.33016],[104.89204,22.32516],[104.89184,22.32333],[104.89742,22.31579],[104.91117,22.3125],[104.91813,22.30367],[104.91567,22.29659],[104.92199,22.29078],[104.91979,22.28923],[104.91508,22.29062],[104.9126,22.28887],[104.91132,22.28275],[104.90763,22.27951],[104.90587,22.27521],[104.89612,22.27637],[104.89208,22.27246],[104.89296,22.26927],[104.89836,22.26652],[104.90688,22.2586],[104.9086,22.25121],[104.9159,22.24799],[104.9171,22.24615],[104.91807,22.2402],[104.91368,22.23828],[104.91138,22.23188],[104.9124,22.23036],[104.91115,22.22693],[104.91341,22.22571],[104.91178,22.22104],[104.91396,22.21607],[104.91065,22.21129],[104.90537,22.21384],[104.90323,22.21118],[104.90401,22.20518],[104.90086,22.20491],[104.89933,22.20252],[104.89466,22.19],[104.89689,22.18641],[104.89358,22.18285],[104.88909,22.18606],[104.88647,22.185],[104.88452,22.18638],[104.88258,22.18454],[104.87917,22.18603],[104.87448,22.19578],[104.87642,22.19711],[104.87533,22.20113],[104.86429,22.20237],[104.86061,22.19691],[104.85704,22.19856],[104.85497,22.19025],[104.84896,22.18515],[104.85086,22.17469],[104.85281,22.17136],[104.85546,22.17022],[104.85403,22.15735],[104.85866,22.15313],[104.85985,22.14809],[104.86218,22.14772],[104.86355,22.14247],[104.85987,22.13565],[104.86189,22.13218],[104.8596,22.12853],[104.86059,22.12213],[104.86498,22.11194],[104.86469,22.09714],[104.87167,22.09143],[104.87112,22.08659],[104.87332,22.08466],[104.87409,22.07981],[104.87584,22.07973],[104.88301,22.07199],[104.88711,22.071],[104.89193,22.07259],[104.89652,22.07119],[104.90297,22.06385],[104.90796,22.06311],[104.91255,22.06543],[104.91812,22.05874],[104.9276,22.06179],[104.93474,22.05862],[104.94159,22.05234],[104.94062,22.04421],[104.94653,22.03565],[104.95012,22.03432],[104.95604,22.03498],[104.96236,22.02905],[104.96764,22.03132],[104.97143,22.03967],[104.97353,22.04082],[104.98375,22.04232],[104.99012,22.0452],[104.99772,22.04283],[104.99375,22.03252],[104.99466,22.02695],[104.99227,22.02036],[104.99256,22.01824],[104.99643,22.01484],[104.98971,22.00262],[104.99272,21.99708],[104.99074,21.99369],[104.99559,21.99348],[104.99984,21.98795],[104.99252,21.97203],[104.99533,21.96179],[104.99355,21.95223],[104.99006,21.94905],[104.98731,21.94287],[104.98651,21.93643],[104.98972,21.93124],[104.99755,21.92866],[105.00395,21.93455],[105.00975,21.93724],[105.01921,21.93572],[105.01889,21.92693],[105.02294,21.9243],[105.02209,21.91724],[105.0192,21.91165],[105.01428,21.90719],[105.01543,21.90481],[105.01366,21.90001],[105.01451,21.89804],[105.01846,21.89414],[105.02231,21.89452],[105.02586,21.89179],[105.0327,21.89255],[105.03702,21.89127],[105.03761,21.88799],[105.04135,21.88574],[105.04242,21.88277],[105.0412,21.87369],[105.0443,21.86471],[105.05232,21.85891],[105.05838,21.85839],[105.06351,21.84668],[105.07611,21.83133],[105.07847,21.82968],[105.0886,21.82836],[105.0923,21.82157],[105.09804,21.81768],[105.0997,21.81432],[105.10033,21.81205],[105.0949,21.81076],[105.08816,21.80652],[105.08032,21.78684],[105.07679,21.78599],[105.07167,21.78118],[105.07273,21.77818],[105.08091,21.77145],[105.07604,21.764],[105.0762,21.7617],[105.07414,21.76062],[105.0741,21.75754],[105.06961,21.75177],[105.06608,21.75018],[105.06422,21.7512],[105.06436,21.74927],[105.0585,21.74946],[105.05657,21.74762],[105.05812,21.74526],[105.06609,21.74285],[105.06916,21.7388],[105.07622,21.73563],[105.07675,21.7323],[105.0738,21.72838],[105.07651,21.72264],[105.07827,21.72175],[105.08385,21.72386],[105.08628,21.71828],[105.09165,21.71964],[105.09962,21.71678],[105.10176,21.71762],[105.10919,21.70609],[105.113,21.70667],[105.1159,21.70512],[105.12365,21.70457],[105.12716,21.70304],[105.13303,21.69678],[105.14357,21.69823],[105.1451,21.70066],[105.14812,21.6997],[105.15124,21.69778],[105.15017,21.69521],[105.15129,21.69176],[105.15653,21.68742],[105.15554,21.68131],[105.16547,21.68842],[105.16949,21.68609],[105.17775,21.68721],[105.17932,21.68221],[105.18078,21.68282],[105.18149,21.68044],[105.18546,21.67747],[105.19222,21.67683],[105.19474,21.66961],[105.1993,21.66805],[105.20031,21.66571],[105.20514,21.66251],[105.20844,21.66114],[105.21876,21.66221],[105.22125,21.66017],[105.23546,21.65873],[105.23949,21.64864],[105.23936,21.64437],[105.23354,21.63537],[105.22622,21.62962],[105.2343,21.61739],[105.24705,21.61536],[105.25118,21.61117],[105.25353,21.60253],[105.25177,21.60357],[105.25025,21.60277],[105.24998,21.60026],[105.24784,21.60072],[105.24579,21.598],[105.24928,21.59379],[105.25044,21.58444],[105.26208,21.57041],[105.27319,21.56294],[105.27662,21.5589],[105.27674,21.55641],[105.26887,21.54855],[105.26844,21.54612],[105.27261,21.54239],[105.28595,21.54058],[105.2973,21.53438],[105.29886,21.53003],[105.29643,21.52131],[105.2981,21.51388],[105.30142,21.50924],[105.30437,21.5076],[105.30848,21.5077],[105.32022,21.51286],[105.32397,21.51018],[105.32485,21.50702],[105.34049,21.50366],[105.33692,21.50857],[105.33808,21.51195],[105.3441,21.51602],[105.34417,21.51843],[105.3596,21.51893],[105.36226,21.51981],[105.36483,21.52364],[105.3663,21.52257],[105.37131,21.52455],[105.37598,21.52281],[105.3813,21.52281],[105.38668,21.51967],[105.38902,21.51208],[105.39045,21.51141],[105.39697,21.51041],[105.40195,21.51375],[105.40638,21.51186],[105.41209,21.51276],[105.41469,21.50947],[105.41831,21.50833],[105.41949,21.50351],[105.42346,21.49759],[105.42641,21.50276],[105.43046,21.50612],[105.44026,21.5099],[105.44447,21.50899],[105.45546,21.51086],[105.45679,21.51374],[105.45571,21.51568],[105.45862,21.51856],[105.46376,21.51622],[105.46881,21.51768],[105.47248,21.51986],[105.47394,21.52395],[105.47944,21.51935],[105.48727,21.51766],[105.4909,21.52041],[105.49374,21.52828],[105.49859,21.52531],[105.50115,21.5284],[105.50491,21.52798],[105.50617,21.53139],[105.50962,21.53304],[105.51203,21.53644],[105.51891,21.53429],[105.5214,21.53505],[105.52502,21.54472],[105.52786,21.54795],[105.53052,21.55833],[105.53755,21.56497],[105.53965,21.57096],[105.54252,21.57384]]]}},{"type":"Feature","properties":{"name":"Yen Bai","code":"VN_SRC_YENBAI"},"geometry":{"type":"Polygon","coordinates":[[[104.58723,22.24947],[104.58562,22.24305],[104.58703,22.23751],[104.58398,22.23137],[104.58728,22.22818],[104.58606,22.22447],[104.5916,22.21943],[104.59753,22.21789],[104.60107,22.22164],[104.60578,22.22168],[104.61402,22.22554],[104.62082,22.22384],[104.62337,22.22058],[104.62866,22.21918],[104.62267,22.21358],[104.61638,22.21198],[104.61773,22.20882],[104.61571,22.20763],[104.61514,22.20395],[104.61672,22.19599],[104.61937,22.19286],[104.62066,22.18467],[104.62508,22.17791],[104.6244,22.17487],[104.62638,22.1721],[104.61877,22.17832],[104.61488,22.17543],[104.61059,22.17666],[104.60345,22.17519],[104.60181,22.17738],[104.60169,22.18136],[104.59938,22.18285],[104.59299,22.18033],[104.59046,22.18252],[104.58871,22.17949],[104.58363,22.17697],[104.58364,22.16713],[104.58914,22.15998],[104.58093,22.15497],[104.58532,22.14396],[104.58068,22.13915],[104.58138,22.12806],[104.57884,22.12167],[104.57922,22.11692],[104.583,22.11283],[104.57498,22.11027],[104.5707,22.10283],[104.57205,22.09828],[104.56748,22.09435],[104.5657,22.08951],[104.56252,22.08635],[104.55617,22.0904],[104.54955,22.09214],[104.54557,22.10009],[104.54107,22.10194],[104.53456,22.1085],[104.52796,22.11038],[104.52073,22.12321],[104.51108,22.12753],[104.5019,22.13318],[104.49287,22.1412],[104.48519,22.14477],[104.48101,22.15166],[104.47501,22.1554],[104.47238,22.16205],[104.46889,22.1629],[104.46421,22.16654],[104.45906,22.16776],[104.45717,22.17047],[104.45622,22.1817],[104.45351,22.18575],[104.45098,22.18479],[104.44812,22.18612],[104.44514,22.18451],[104.44021,22.18561],[104.43512,22.19361],[104.42803,22.19624],[104.42489,22.19924],[104.41649,22.20028],[104.41057,22.19295],[104.40476,22.19115],[104.40652,22.18699],[104.4001,22.18428],[104.3967,22.17709],[104.38449,22.17574],[104.38873,22.17078],[104.39214,22.15988],[104.39384,22.16063],[104.39973,22.15703],[104.39968,22.15325],[104.40225,22.14747],[104.39824,22.13572],[104.40341,22.12846],[104.40368,22.12294],[104.40643,22.1168],[104.40362,22.11602],[104.4014,22.11895],[104.40062,22.11584],[104.39598,22.11364],[104.39616,22.1102],[104.39107,22.10399],[104.38998,22.09533],[104.37973,22.09133],[104.37868,22.08346],[104.37964,22.07156],[104.37573,22.06887],[104.38528,22.06486],[104.39196,22.05426],[104.3928,22.04862],[104.39776,22.04807],[104.40854,22.03223],[104.4125,22.03165],[104.41489,22.0282],[104.41921,22.01396],[104.41717,22.0102],[104.42155,22.00405],[104.42216,21.99147],[104.42594,21.98901],[104.4276,21.98396],[104.42709,21.97966],[104.43003,21.97417],[104.42815,21.9654],[104.4295,21.95907],[104.42687,21.9556],[104.43123,21.95081],[104.43221,21.94572],[104.427,21.93526],[104.42245,21.93351],[104.4196,21.93053],[104.41568,21.92967],[104.40485,21.92052],[104.39721,21.91985],[104.39299,21.91533],[104.38718,21.912],[104.38548,21.89932],[104.37286,21.88779],[104.36297,21.88418],[104.36103,21.87972],[104.3538,21.87511],[104.34778,21.88165],[104.33923,21.88548],[104.33782,21.8928],[104.33016,21.8988],[104.32926,21.9084],[104.32538,21.91106],[104.32556,21.91844],[104.31362,21.92066],[104.31011,21.92327],[104.30449,21.92374],[104.303,21.92594],[104.29328,21.92756],[104.28399,21.94015],[104.27411,21.93391],[104.25599,21.9318],[104.24384,21.93965],[104.23206,21.94222],[104.22296,21.94818],[104.21203,21.94912],[104.20848,21.94559],[104.20961,21.94053],[104.22147,21.93424],[104.22657,21.92573],[104.23107,21.92325],[104.22766,21.90998],[104.23096,21.90242],[104.21349,21.89143],[104.20509,21.89187],[104.19523,21.88757],[104.17991,21.89075],[104.16266,21.89196],[104.15195,21.89619],[104.14687,21.89507],[104.14026,21.89626],[104.13088,21.90205],[104.12714,21.90673],[104.11911,21.90996],[104.11424,21.90904],[104.09369,21.91623],[104.08838,21.91499],[104.08328,21.90615],[104.07709,21.90439],[104.06919,21.90596],[104.06458,21.90929],[104.06217,21.90886],[104.04903,21.91452],[104.04375,21.91462],[104.0421,21.9167],[104.03624,21.91394],[104.03389,21.91607],[104.01687,21.91936],[104.01461,21.91798],[104.01031,21.91829],[103.99726,21.92703],[103.99437,21.93434],[103.99045,21.93771],[103.99026,21.94043],[103.99649,21.94527],[103.99584,21.95452],[103.99147,21.96288],[103.98531,21.96667],[103.97697,21.96001],[103.97103,21.95919],[103.96202,21.94572],[103.96152,21.94306],[103.96314,21.94104],[103.96062,21.9355],[103.94304,21.91771],[103.93573,21.9196],[103.93422,21.9232],[103.92905,21.92331],[103.92564,21.92952],[103.91965,21.9322],[103.90651,21.92137],[103.89386,21.9208],[103.8883,21.91319],[103.88624,21.90693],[103.88916,21.90056],[103.88691,21.89168],[103.88864,21.88722],[103.88928,21.86524],[103.91941,21.83809],[103.92022,21.83484],[103.91942,21.83203],[103.91716,21.83137],[103.91798,21.82861],[103.93311,21.82075],[103.93529,21.81872],[103.93457,21.81445],[103.94442,21.81003],[103.94494,21.80487],[103.95035,21.80195],[103.95017,21.79968],[103.95264,21.79744],[103.95169,21.78827],[103.957,21.78426],[103.96193,21.77472],[103.96815,21.7695],[103.96344,21.75603],[103.96018,21.75645],[103.95644,21.75322],[103.95267,21.7558],[103.95164,21.75411],[103.95385,21.7412],[103.94865,21.74388],[103.9426,21.74332],[103.93786,21.73913],[103.93194,21.74275],[103.91526,21.74002],[103.91805,21.72795],[103.91661,21.72104],[103.91086,21.71571],[103.92112,21.70868],[103.92194,21.7006],[103.92325,21.69917],[103.93803,21.69068],[103.93627,21.67789],[103.93748,21.66946],[103.9618,21.6696],[103.96684,21.66777],[103.96886,21.66376],[103.97852,21.67467],[103.98447,21.67799],[103.9875,21.6738],[103.9957,21.67566],[104.00562,21.6722],[104.00664,21.66653],[104.00795,21.66588],[104.01331,21.6678],[104.01548,21.67034],[104.01904,21.6684],[104.02186,21.66849],[104.02371,21.6703],[104.02674,21.66902],[104.02605,21.67117],[104.02762,21.67232],[104.03274,21.67062],[104.03522,21.66711],[104.03984,21.66534],[104.04881,21.65749],[104.07726,21.65074],[104.08686,21.64343],[104.08972,21.6427],[104.09426,21.64337],[104.1021,21.6475],[104.10739,21.64519],[104.11132,21.64714],[104.11452,21.64656],[104.12574,21.65221],[104.15683,21.65553],[104.16153,21.65509],[104.17431,21.64862],[104.17725,21.65011],[104.17928,21.64828],[104.19318,21.6475],[104.19619,21.64841],[104.20384,21.65566],[104.20473,21.65896],[104.21091,21.665],[104.21288,21.67017],[104.21959,21.67277],[104.22629,21.67151],[104.23162,21.67254],[104.239,21.67],[104.24509,21.67163],[104.25423,21.67069],[104.25594,21.66921],[104.25539,21.66587],[104.26052,21.66334],[104.27206,21.66503],[104.27922,21.66207],[104.28809,21.66164],[104.29678,21.65297],[104.30343,21.6526],[104.3081,21.65511],[104.31527,21.65637],[104.32438,21.65401],[104.33408,21.65487],[104.33896,21.65308],[104.34007,21.64147],[104.33567,21.63814],[104.33063,21.63749],[104.32864,21.63139],[104.3224,21.62772],[104.31882,21.61978],[104.3093,21.61368],[104.30566,21.60824],[104.30392,21.6084],[104.29862,21.60438],[104.29009,21.60244],[104.28735,21.59955],[104.29096,21.59599],[104.29781,21.57129],[104.28879,21.56851],[104.2823,21.55935],[104.28059,21.55454],[104.27679,21.55124],[104.28262,21.53745],[104.28925,21.53169],[104.29346,21.52498],[104.29255,21.52072],[104.29483,21.51078],[104.29276,21.50796],[104.29301,21.50276],[104.28462,21.49187],[104.28604,21.48693],[104.28352,21.4847],[104.28398,21.47644],[104.28268,21.47192],[104.28752,21.4635],[104.294,21.45887],[104.30001,21.4577],[104.30202,21.45481],[104.29889,21.43905],[104.30233,21.43751],[104.30425,21.43347],[104.31431,21.43129],[104.31941,21.42855],[104.32275,21.41883],[104.33125,21.40795],[104.3366,21.40775],[104.3435,21.41002],[104.34188,21.41564],[104.34441,21.41794],[104.34757,21.41832],[104.3542,21.41467],[104.35571,21.40951],[104.35993,21.40656],[104.36173,21.40281],[104.36702,21.39962],[104.37209,21.39831],[104.38208,21.40254],[104.39119,21.40001],[104.39694,21.3923],[104.41081,21.38694],[104.41773,21.38067],[104.41956,21.36284],[104.42245,21.35848],[104.43139,21.35373],[104.44419,21.35771],[104.4566,21.35342],[104.46888,21.35129],[104.47624,21.35277],[104.48207,21.35739],[104.4844,21.3628],[104.50389,21.37653],[104.51035,21.38598],[104.51321,21.38774],[104.5154,21.39303],[104.51437,21.39531],[104.51771,21.39753],[104.52289,21.40732],[104.52892,21.41314],[104.54,21.41386],[104.55096,21.40936],[104.55991,21.40902],[104.56526,21.41021],[104.56953,21.413],[104.57894,21.40858],[104.58109,21.41191],[104.58219,21.41817],[104.58877,21.42272],[104.60642,21.41537],[104.61135,21.40541],[104.61549,21.40199],[104.61902,21.40187],[104.62498,21.39509],[104.6293,21.39481],[104.63733,21.38808],[104.64104,21.38785],[104.64493,21.38369],[104.64913,21.38312],[104.65248,21.38528],[104.65656,21.3818],[104.66435,21.38003],[104.67104,21.37621],[104.67731,21.37524],[104.6851,21.37728],[104.68766,21.3816],[104.68919,21.38576],[104.68804,21.39521],[104.69024,21.40021],[104.69718,21.39998],[104.7047,21.40553],[104.71021,21.39975],[104.72069,21.39964],[104.72488,21.40068],[104.73344,21.40653],[104.73481,21.4059],[104.73548,21.40237],[104.73278,21.39122],[104.73453,21.38177],[104.73921,21.37681],[104.74388,21.36798],[104.74784,21.36735],[104.74734,21.35972],[104.74951,21.35152],[104.75164,21.35095],[104.75688,21.35282],[104.75699,21.34793],[104.7618,21.34615],[104.76843,21.34592],[104.76964,21.34233],[104.76824,21.34062],[104.76883,21.33026],[104.77868,21.32592],[104.78745,21.32943],[104.79372,21.33466],[104.79677,21.33448],[104.80333,21.33066],[104.80741,21.3335],[104.81429,21.33331],[104.81636,21.33473],[104.81975,21.33815],[104.82185,21.33842],[104.83638,21.33663],[104.84454,21.33695],[104.84953,21.33882],[104.84476,21.35141],[104.84695,21.35255],[104.85413,21.35168],[104.8536,21.35936],[104.85672,21.36442],[104.85873,21.36499],[104.86378,21.36463],[104.86735,21.35916],[104.86874,21.35335],[104.8742,21.34725],[104.88301,21.34194],[104.89616,21.34407],[104.90062,21.35066],[104.8963,21.36048],[104.8936,21.36181],[104.8936,21.36492],[104.88443,21.37176],[104.88475,21.38041],[104.8819,21.38258],[104.88465,21.38639],[104.8833,21.39082],[104.88795,21.3931],[104.89507,21.39291],[104.89899,21.39962],[104.89967,21.40389],[104.90798,21.41434],[104.90812,21.4206],[104.90576,21.42766],[104.91205,21.43374],[104.9119,21.44598],[104.90336,21.46102],[104.89723,21.46867],[104.89724,21.47333],[104.89354,21.47744],[104.89434,21.48245],[104.88495,21.50017],[104.88496,21.50399],[104.88241,21.50991],[104.88311,21.51913],[104.88531,21.52265],[104.88058,21.53251],[104.86847,21.5421],[104.86794,21.54603],[104.86844,21.55007],[104.87291,21.55609],[104.87705,21.5558],[104.88242,21.55898],[104.8868,21.55726],[104.89871,21.56457],[104.89629,21.57111],[104.89817,21.57161],[104.8968,21.58192],[104.89284,21.5909],[104.89199,21.59848],[104.89363,21.60437],[104.8875,21.61218],[104.89187,21.60888],[104.90182,21.61033],[104.9062,21.60861],[104.90442,21.62569],[104.91024,21.63433],[104.91983,21.64051],[104.93325,21.64138],[104.93802,21.64541],[104.93815,21.6519],[104.94634,21.65524],[104.94975,21.65506],[104.95498,21.66046],[104.95769,21.6606],[104.96123,21.65308],[104.96394,21.65276],[104.9718,21.64616],[104.97217,21.64895],[104.97054,21.65114],[104.97297,21.65379],[104.97305,21.65678],[104.98566,21.66193],[104.98639,21.6681],[104.9801,21.67248],[104.98911,21.67583],[104.99146,21.6788],[105.00072,21.67962],[105.00214,21.68403],[104.99882,21.68611],[104.99956,21.68755],[105.01478,21.68895],[105.01928,21.68783],[105.02159,21.69272],[105.02071,21.6961],[105.02388,21.69443],[105.02573,21.69532],[105.03064,21.7013],[105.03925,21.69721],[105.04381,21.69065],[105.0497,21.68808],[105.05222,21.68828],[105.05811,21.6855],[105.06145,21.6897],[105.07254,21.68213],[105.08147,21.68221],[105.0827,21.68382],[105.08542,21.68344],[105.08472,21.68236],[105.08744,21.68309],[105.09055,21.681],[105.09218,21.68165],[105.09304,21.67988],[105.09172,21.67879],[105.09467,21.67812],[105.09547,21.68088],[105.09833,21.68151],[105.09995,21.68959],[105.09695,21.69492],[105.09642,21.70021],[105.08668,21.70221],[105.08785,21.70759],[105.09137,21.71011],[105.09194,21.7123],[105.08628,21.71828],[105.08385,21.72386],[105.07827,21.72175],[105.07651,21.72264],[105.0738,21.72838],[105.07675,21.7323],[105.07622,21.73563],[105.06916,21.7388],[105.06609,21.74285],[105.05812,21.74526],[105.05657,21.74762],[105.0585,21.74946],[105.06436,21.74927],[105.06422,21.7512],[105.06608,21.75018],[105.06961,21.75177],[105.0741,21.75754],[105.07414,21.76062],[105.0762,21.7617],[105.07604,21.764],[105.08091,21.77145],[105.07273,21.77818],[105.07167,21.78118],[105.07679,21.78599],[105.08032,21.78684],[105.08816,21.80652],[105.0949,21.81076],[105.10033,21.81205],[105.0997,21.81432],[105.09804,21.81768],[105.0923,21.82157],[105.0886,21.82836],[105.07847,21.82968],[105.07611,21.83133],[105.06351,21.84668],[105.05838,21.85839],[105.05232,21.85891],[105.0443,21.86471],[105.0412,21.87369],[105.04242,21.88277],[105.04135,21.88574],[105.03761,21.88799],[105.03702,21.89127],[105.0327,21.89255],[105.02586,21.89179],[105.02231,21.89452],[105.01846,21.89414],[105.01451,21.89804],[105.01366,21.90001],[105.01543,21.90481],[105.01428,21.90719],[105.0192,21.91165],[105.02209,21.91724],[105.02294,21.9243],[105.01889,21.92693],[105.01921,21.93572],[105.00975,21.93724],[105.00395,21.93455],[104.99755,21.92866],[104.98972,21.93124],[104.98651,21.93643],[104.98731,21.94287],[104.99006,21.94905],[104.99355,21.95223],[104.99533,21.96179],[104.99252,21.97203],[104.99984,21.98795],[104.99559,21.99348],[104.99074,21.99369],[104.99272,21.99708],[104.98971,22.00262],[104.99643,22.01484],[104.99256,22.01824],[104.99227,22.02036],[104.99466,22.02695],[104.99375,22.03252],[104.99772,22.04283],[104.99012,22.0452],[104.98375,22.04232],[104.97353,22.04082],[104.97143,22.03967],[104.96764,22.03132],[104.96236,22.02905],[104.95604,22.03498],[104.95012,22.03432],[104.94653,22.03565],[104.94062,22.04421],[104.94159,22.05234],[104.93474,22.05862],[104.9276,22.06179],[104.91812,22.05874],[104.91255,22.06543],[104.90796,22.06311],[104.90297,22.06385],[104.89652,22.07119],[104.89193,22.07259],[104.88711,22.071],[104.88301,22.07199],[104.87584,22.07973],[104.87409,22.07981],[104.87332,22.08466],[104.87112,22.08659],[104.87167,22.09143],[104.86469,22.09714],[104.86498,22.11194],[104.86059,22.12213],[104.8596,22.12853],[104.86189,22.13218],[104.85987,22.13565],[104.86355,22.14247],[104.86218,22.14772],[104.85985,22.14809],[104.85866,22.15313],[104.85403,22.15735],[104.85546,22.17022],[104.85281,22.17136],[104.85086,22.17469],[104.84896,22.18515],[104.84608,22.18496],[104.83936,22.17978],[104.83484,22.18047],[104.83011,22.17735],[104.82771,22.18115],[104.81729,22.18571],[104.81889,22.18409],[104.81887,22.17989],[104.81465,22.17693],[104.81301,22.1728],[104.80286,22.17172],[104.79972,22.17009],[104.79435,22.17253],[104.78342,22.17255],[104.77954,22.17096],[104.77973,22.16578],[104.77114,22.16784],[104.76289,22.16752],[104.75613,22.17376],[104.75723,22.18136],[104.75509,22.18547],[104.74656,22.18693],[104.74162,22.18535],[104.73802,22.19312],[104.73441,22.19526],[104.73416,22.19775],[104.72967,22.19612],[104.72427,22.19972],[104.7232,22.20417],[104.72409,22.20833],[104.72054,22.21479],[104.72978,22.22547],[104.72837,22.22931],[104.72969,22.23495],[104.72632,22.24529],[104.72374,22.24615],[104.72266,22.25214],[104.7241,22.25438],[104.72232,22.25747],[104.7152,22.26149],[104.7066,22.26128],[104.70443,22.26397],[104.68571,22.26153],[104.67677,22.26483],[104.67618,22.2686],[104.6701,22.2768],[104.66622,22.27625],[104.66527,22.27388],[104.66046,22.27351],[104.6505,22.28036],[104.64542,22.28],[104.6421,22.27683],[104.62955,22.28683],[104.62426,22.28803],[104.61746,22.28702],[104.61411,22.29133],[104.60926,22.29186],[104.60645,22.29071],[104.59398,22.27182],[104.58966,22.26934],[104.58576,22.2638],[104.58604,22.25138],[104.58723,22.24947]]]}},{"type":"Feature","properties":{"name":"Thai Nguyen","code":"VN_SRC_THAINGUYEN"},"geometry":{"type":"Polygon","coordinates":[[[105.89239,21.32633],[105.88785,21.32867],[105.88505,21.33322],[105.88098,21.33635],[105.88068,21.33839],[105.88718,21.34644],[105.89399,21.34323],[105.89777,21.34306],[105.90365,21.34498],[105.90838,21.34981],[105.90795,21.35249],[105.90388,21.35229],[105.89911,21.34963],[105.89523,21.35191],[105.90083,21.35651],[105.90941,21.37483],[105.91198,21.37655],[105.91702,21.37243],[105.92277,21.37487],[105.93799,21.37129],[105.94359,21.37681],[105.94537,21.39125],[105.94088,21.39582],[105.94015,21.39862],[105.9422,21.40117],[105.94543,21.40036],[105.95315,21.4068],[105.95597,21.40457],[105.95458,21.40117],[105.95684,21.40056],[105.95884,21.40174],[105.9591,21.40432],[105.95469,21.41318],[105.959,21.42398],[105.95772,21.43214],[105.96106,21.43637],[105.96497,21.43612],[105.97242,21.42012],[105.97624,21.41787],[105.9785,21.41386],[105.98285,21.41303],[105.98477,21.41078],[105.98681,21.41407],[105.99085,21.41292],[105.99073,21.41017],[105.99557,21.40457],[106.00576,21.40657],[106.01231,21.4024],[106.01728,21.40308],[106.0197,21.39972],[106.02007,21.39554],[106.02913,21.39425],[106.02728,21.39917],[106.02968,21.40182],[106.03113,21.40695],[106.03403,21.40818],[106.03351,21.41378],[106.03148,21.41715],[106.02975,21.42633],[106.02538,21.43169],[106.03186,21.43798],[106.03578,21.43943],[106.03812,21.43807],[106.04023,21.44063],[106.04791,21.44146],[106.04858,21.45395],[106.05089,21.4576],[106.05132,21.46062],[106.04405,21.46381],[106.04039,21.47129],[106.04128,21.47368],[106.04374,21.47349],[106.04748,21.47677],[106.04909,21.47989],[106.04551,21.48396],[106.04001,21.48676],[106.03757,21.49027],[106.04243,21.49779],[106.04548,21.50799],[106.04495,21.51354],[106.04199,21.51436],[106.04112,21.51618],[106.0441,21.51846],[106.04389,21.5213],[106.04883,21.5329],[106.05101,21.53351],[106.0538,21.53861],[106.05133,21.54511],[106.05455,21.55066],[106.05023,21.55369],[106.04775,21.55882],[106.04624,21.55817],[106.04455,21.56015],[106.03685,21.56124],[106.03535,21.5597],[106.03094,21.56264],[106.03368,21.56452],[106.03235,21.56688],[106.03411,21.56802],[106.03316,21.57136],[106.04907,21.58122],[106.05225,21.58851],[106.05165,21.59203],[106.05721,21.60281],[106.06728,21.60463],[106.07044,21.60971],[106.07579,21.61257],[106.07853,21.61803],[106.0925,21.62257],[106.09414,21.62441],[106.09962,21.62473],[106.10172,21.62161],[106.10762,21.6216],[106.11054,21.61929],[106.11491,21.61873],[106.1169,21.6166],[106.12711,21.61587],[106.13526,21.61785],[106.14179,21.62267],[106.15447,21.62388],[106.15954,21.62627],[106.16892,21.61741],[106.17394,21.60974],[106.18486,21.60404],[106.18808,21.61115],[106.19212,21.61316],[106.19751,21.62009],[106.19505,21.62702],[106.19806,21.63296],[106.19238,21.6371],[106.19148,21.64592],[106.20357,21.65472],[106.20663,21.65999],[106.20592,21.66353],[106.21859,21.67167],[106.22558,21.67971],[106.22651,21.68367],[106.22418,21.69148],[106.22923,21.69383],[106.2301,21.6969],[106.23258,21.69892],[106.23358,21.70812],[106.23738,21.71473],[106.23773,21.71976],[106.23516,21.72723],[106.23132,21.72801],[106.22566,21.73299],[106.21818,21.72705],[106.21308,21.72772],[106.20795,21.7328],[106.19677,21.73561],[106.19458,21.73806],[106.19437,21.74155],[106.18856,21.74051],[106.18311,21.74139],[106.1817,21.74335],[106.17791,21.74402],[106.17321,21.74935],[106.16854,21.74981],[106.16776,21.75454],[106.15995,21.75561],[106.1551,21.76114],[106.14941,21.76097],[106.14824,21.76704],[106.13956,21.77751],[106.13707,21.78489],[106.12182,21.78326],[106.11934,21.78132],[106.11741,21.78246],[106.11179,21.78167],[106.11126,21.78674],[106.1064,21.7905],[106.10747,21.80312],[106.0987,21.81271],[106.09542,21.82055],[106.10096,21.82535],[106.10116,21.83052],[106.108,21.83209],[106.10731,21.84066],[106.11512,21.84064],[106.11795,21.84325],[106.11737,21.84531],[106.11188,21.8495],[106.11273,21.85484],[106.1107,21.86029],[106.11151,21.86458],[106.11541,21.87091],[106.11408,21.87556],[106.116,21.88057],[106.11323,21.89044],[106.1154,21.89447],[106.12743,21.89946],[106.12982,21.90471],[106.12713,21.91053],[106.13158,21.9161],[106.13155,21.92075],[106.1282,21.92471],[106.12213,21.92452],[106.11764,21.9284],[106.11341,21.92924],[106.11101,21.93378],[106.1072,21.93296],[106.10492,21.93608],[106.09861,21.93758],[106.09324,21.94192],[106.0909,21.9407],[106.08051,21.94239],[106.05934,21.9415],[106.05259,21.94632],[106.05178,21.95081],[106.04659,21.96036],[106.0439,21.95979],[106.04003,21.96261],[106.03336,21.96433],[106.02972,21.96786],[106.02399,21.962],[106.02236,21.95711],[106.01922,21.95479],[106.01824,21.95042],[106.01953,21.94777],[106.01233,21.9375],[106.00423,21.93547],[106.00077,21.93274],[105.99432,21.93726],[105.98214,21.93589],[105.97644,21.9395],[105.97388,21.93922],[105.97023,21.93515],[105.96923,21.92835],[105.97094,21.92476],[105.96255,21.92308],[105.96041,21.9214],[105.95959,21.91361],[105.95536,21.90888],[105.95114,21.90739],[105.94654,21.90254],[105.93003,21.89587],[105.91045,21.89519],[105.90195,21.88756],[105.89813,21.88035],[105.89163,21.87484],[105.88882,21.86815],[105.88162,21.85871],[105.87374,21.85579],[105.8627,21.86049],[105.86467,21.8515],[105.8607,21.84592],[105.84781,21.84416],[105.82408,21.84622],[105.81478,21.84376],[105.81087,21.84062],[105.8042,21.83076],[105.80252,21.82213],[105.80298,21.81433],[105.80047,21.8095],[105.8008,21.80639],[105.79952,21.80498],[105.78662,21.80434],[105.7793,21.81073],[105.76765,21.81289],[105.7616,21.817],[105.76027,21.82088],[105.76236,21.82541],[105.75985,21.83092],[105.75786,21.83153],[105.75871,21.83561],[105.76122,21.83835],[105.76069,21.84406],[105.76407,21.8456],[105.76553,21.85239],[105.76977,21.85871],[105.76834,21.86761],[105.77049,21.8704],[105.77039,21.87326],[105.77327,21.87574],[105.7711,21.88316],[105.7722,21.88436],[105.77015,21.88511],[105.77268,21.88724],[105.78124,21.88943],[105.77267,21.89633],[105.77132,21.90973],[105.76419,21.91469],[105.76715,21.91959],[105.77079,21.92181],[105.77082,21.92567],[105.77709,21.93107],[105.7778,21.93464],[105.77382,21.9391],[105.77628,21.94258],[105.77436,21.94897],[105.77525,21.95299],[105.76946,21.95647],[105.76771,21.96066],[105.76066,21.96841],[105.76033,21.97224],[105.76197,21.97319],[105.76075,21.97641],[105.76369,21.98077],[105.76363,21.98563],[105.75596,21.99203],[105.75527,21.99902],[105.75297,22.00152],[105.75305,22.01037],[105.75161,22.01301],[105.74778,22.01356],[105.74537,22.01652],[105.73941,22.019],[105.73164,22.01542],[105.72737,22.02107],[105.72186,22.02449],[105.71542,22.0219],[105.70716,22.02297],[105.69716,22.03109],[105.69622,22.03604],[105.69424,22.03812],[105.67359,22.04766],[105.66894,22.04762],[105.66737,22.04252],[105.66332,22.03973],[105.66183,22.02937],[105.65804,22.02973],[105.65298,22.02339],[105.65179,22.02527],[105.64556,22.02487],[105.64054,22.02701],[105.63736,22.02135],[105.63501,22.02116],[105.63617,22.01906],[105.62968,22.01909],[105.62384,22.01701],[105.62067,22.01839],[105.61685,22.01244],[105.61446,22.01363],[105.60897,22.01129],[105.60223,22.01408],[105.59283,22.01047],[105.5863,22.00133],[105.58274,21.99435],[105.58317,21.99157],[105.57952,21.98546],[105.57946,21.98333],[105.58198,21.98068],[105.57818,21.97734],[105.57779,21.97493],[105.58116,21.96872],[105.57558,21.96601],[105.5724,21.96646],[105.57551,21.95765],[105.57009,21.95781],[105.56449,21.95565],[105.55569,21.95748],[105.5491,21.94761],[105.55184,21.94355],[105.5507,21.92209],[105.55344,21.91867],[105.55294,21.90854],[105.54498,21.90402],[105.5469,21.89707],[105.54364,21.89133],[105.53584,21.89035],[105.53226,21.8879],[105.52457,21.88775],[105.52054,21.88432],[105.5184,21.8765],[105.52264,21.87001],[105.52251,21.86721],[105.52857,21.85242],[105.52817,21.83532],[105.52002,21.83076],[105.51681,21.82668],[105.51459,21.82721],[105.51071,21.83232],[105.5064,21.83286],[105.49681,21.83191],[105.49385,21.82768],[105.49513,21.81741],[105.49311,21.80446],[105.49795,21.79309],[105.49338,21.7796],[105.49452,21.77478],[105.50031,21.77051],[105.51597,21.77423],[105.52451,21.76903],[105.5258,21.76782],[105.5252,21.76562],[105.51782,21.75549],[105.51377,21.75467],[105.50906,21.75037],[105.5113,21.74437],[105.51632,21.73998],[105.51597,21.73664],[105.50872,21.731],[105.50418,21.72977],[105.49927,21.72334],[105.49927,21.71819],[105.49647,21.71706],[105.4963,21.71376],[105.49146,21.70778],[105.48993,21.70334],[105.4843,21.70249],[105.47751,21.69714],[105.47791,21.69556],[105.48354,21.69346],[105.48782,21.68954],[105.48688,21.68063],[105.48169,21.67874],[105.47927,21.67411],[105.482,21.67182],[105.48355,21.65974],[105.48835,21.65148],[105.49031,21.64371],[105.49789,21.63834],[105.50005,21.63206],[105.4966,21.61843],[105.50033,21.61428],[105.50561,21.61236],[105.51037,21.60465],[105.51467,21.60208],[105.52364,21.5895],[105.52671,21.58261],[105.53594,21.58137],[105.54252,21.57384],[105.55213,21.57303],[105.55684,21.57071],[105.56324,21.55845],[105.58289,21.54032],[105.58398,21.53534],[105.59753,21.53331],[105.60407,21.52877],[105.60721,21.52328],[105.60671,21.5175],[105.61097,21.51296],[105.61205,21.50529],[105.61735,21.50234],[105.61897,21.49849],[105.6225,21.49902],[105.62567,21.49645],[105.63262,21.49497],[105.63511,21.49303],[105.6328,21.48822],[105.63171,21.47936],[105.64459,21.46946],[105.64607,21.46402],[105.65193,21.45776],[105.66651,21.46015],[105.66912,21.45807],[105.67577,21.4579],[105.68742,21.44283],[105.69755,21.43903],[105.7045,21.44073],[105.70769,21.43512],[105.71383,21.43003],[105.72456,21.43316],[105.72548,21.42773],[105.72137,21.41523],[105.72915,21.40929],[105.73315,21.40965],[105.73954,21.41465],[105.74654,21.41623],[105.74979,21.41578],[105.75559,21.41083],[105.76313,21.40065],[105.76605,21.38941],[105.76328,21.38703],[105.75973,21.37843],[105.76859,21.37504],[105.77021,21.37084],[105.77307,21.37075],[105.77504,21.36769],[105.77545,21.36104],[105.78469,21.35956],[105.78658,21.36351],[105.7873,21.37107],[105.79013,21.37326],[105.788,21.37521],[105.79047,21.37791],[105.79462,21.37933],[105.79682,21.3825],[105.79878,21.38154],[105.80124,21.38528],[105.80494,21.38271],[105.8128,21.3811],[105.8138,21.38285],[105.81595,21.38305],[105.82155,21.37803],[105.83034,21.37578],[105.83204,21.37316],[105.83573,21.37392],[105.83941,21.37743],[105.84711,21.37758],[105.84946,21.37439],[105.85649,21.37646],[105.85874,21.37446],[105.85828,21.36798],[105.85447,21.36735],[105.85157,21.35593],[105.85472,21.35253],[105.85258,21.35075],[105.8528,21.34851],[105.85922,21.34535],[105.8565,21.34565],[105.85577,21.34413],[105.85806,21.33873],[105.8629,21.338],[105.86832,21.32725],[105.87113,21.3298],[105.88892,21.32546],[105.89239,21.32633]]]}},{"type":"Feature","properties":{"name":"Phu Tho","code":"VN_SRC_PHUTHO"},"geometry":{"type":"Polygon","coordinates":[[[105.44352,21.2649],[105.44851,21.26471],[105.44957,21.2805],[105.45224,21.28484],[105.45366,21.29298],[105.44992,21.29479],[105.44921,21.29676],[105.4503,21.29964],[105.45569,21.30399],[105.45682,21.30871],[105.45553,21.3121],[105.44719,21.32379],[105.44067,21.33002],[105.40742,21.34634],[105.40218,21.35023],[105.39448,21.36008],[105.39177,21.36751],[105.39277,21.37587],[105.39154,21.38688],[105.39764,21.40391],[105.39845,21.41225],[105.38932,21.42734],[105.38039,21.4329],[105.37384,21.43389],[105.35795,21.42458],[105.35311,21.41838],[105.3454,21.41884],[105.34308,21.42141],[105.34117,21.42611],[105.34306,21.44381],[105.33838,21.46403],[105.33445,21.47348],[105.33326,21.48254],[105.32256,21.49676],[105.32485,21.50702],[105.32397,21.51018],[105.32022,21.51286],[105.30848,21.5077],[105.30437,21.5076],[105.30142,21.50924],[105.2981,21.51388],[105.29643,21.52131],[105.29886,21.53003],[105.2973,21.53438],[105.28595,21.54058],[105.27261,21.54239],[105.26844,21.54612],[105.26887,21.54855],[105.27674,21.55641],[105.27662,21.5589],[105.27319,21.56294],[105.26208,21.57041],[105.25044,21.58444],[105.24928,21.59379],[105.24579,21.598],[105.24784,21.60072],[105.24998,21.60026],[105.25025,21.60277],[105.25177,21.60357],[105.25353,21.60253],[105.25118,21.61117],[105.24705,21.61536],[105.2343,21.61739],[105.22622,21.62962],[105.23354,21.63537],[105.23936,21.64437],[105.23949,21.64864],[105.23546,21.65873],[105.22125,21.66017],[105.21876,21.66221],[105.20844,21.66114],[105.20514,21.66251],[105.20031,21.66571],[105.1993,21.66805],[105.19474,21.66961],[105.19222,21.67683],[105.18546,21.67747],[105.18149,21.68044],[105.18078,21.68282],[105.17932,21.68221],[105.17775,21.68721],[105.16949,21.68609],[105.16547,21.68842],[105.15554,21.68131],[105.15653,21.68742],[105.15129,21.69176],[105.15017,21.69521],[105.15124,21.69778],[105.14812,21.6997],[105.1451,21.70066],[105.14357,21.69823],[105.13303,21.69678],[105.12716,21.70304],[105.12365,21.70457],[105.1159,21.70512],[105.113,21.70667],[105.10919,21.70609],[105.10176,21.71762],[105.09962,21.71678],[105.09165,21.71964],[105.08628,21.71828],[105.09194,21.7123],[105.09137,21.71011],[105.08785,21.70759],[105.08668,21.70221],[105.09642,21.70021],[105.09695,21.69492],[105.09995,21.68959],[105.09833,21.68151],[105.09547,21.68088],[105.09467,21.67812],[105.09172,21.67879],[105.09304,21.67988],[105.09218,21.68165],[105.09055,21.681],[105.08744,21.68309],[105.08472,21.68236],[105.08542,21.68344],[105.0827,21.68382],[105.08147,21.68221],[105.07254,21.68213],[105.06145,21.6897],[105.05811,21.6855],[105.05222,21.68828],[105.0497,21.68808],[105.04381,21.69065],[105.03925,21.69721],[105.03064,21.7013],[105.02573,21.69532],[105.02388,21.69443],[105.02071,21.6961],[105.02159,21.69272],[105.01928,21.68783],[105.01478,21.68895],[104.99956,21.68755],[104.99882,21.68611],[105.00214,21.68403],[105.00072,21.67962],[104.99146,21.6788],[104.98911,21.67583],[104.9801,21.67248],[104.98639,21.6681],[104.98566,21.66193],[104.97305,21.65678],[104.97297,21.65379],[104.97054,21.65114],[104.97217,21.64895],[104.9718,21.64616],[104.96394,21.65276],[104.96123,21.65308],[104.95769,21.6606],[104.95498,21.66046],[104.94975,21.65506],[104.94634,21.65524],[104.93815,21.6519],[104.93802,21.64541],[104.93325,21.64138],[104.91983,21.64051],[104.91024,21.63433],[104.90442,21.62569],[104.9062,21.60861],[104.90182,21.61033],[104.89187,21.60888],[104.8875,21.61218],[104.89363,21.60437],[104.89199,21.59848],[104.89284,21.5909],[104.8968,21.58192],[104.89817,21.57161],[104.89629,21.57111],[104.89871,21.56457],[104.8868,21.55726],[104.88242,21.55898],[104.87705,21.5558],[104.87291,21.55609],[104.86844,21.55007],[104.86794,21.54603],[104.86847,21.5421],[104.88058,21.53251],[104.88531,21.52265],[104.88311,21.51913],[104.88241,21.50991],[104.88496,21.50399],[104.88495,21.50017],[104.89434,21.48245],[104.89354,21.47744],[104.89724,21.47333],[104.89723,21.46867],[104.90336,21.46102],[104.9119,21.44598],[104.91205,21.43374],[104.90576,21.42766],[104.90812,21.4206],[104.90798,21.41434],[104.89967,21.40389],[104.89899,21.39962],[104.89507,21.39291],[104.88795,21.3931],[104.8833,21.39082],[104.88465,21.38639],[104.8819,21.38258],[104.88475,21.38041],[104.88443,21.37176],[104.8936,21.36492],[104.8936,21.36181],[104.8963,21.36048],[104.90062,21.35066],[104.89616,21.34407],[104.88301,21.34194],[104.8742,21.34725],[104.86874,21.35335],[104.86735,21.35916],[104.86378,21.36463],[104.85873,21.36499],[104.85672,21.36442],[104.8536,21.35936],[104.85413,21.35168],[104.84695,21.35255],[104.84476,21.35141],[104.84953,21.33882],[104.84454,21.33695],[104.83638,21.33663],[104.82185,21.33842],[104.81975,21.33815],[104.81636,21.33473],[104.8154,21.33039],[104.81929,21.32189],[104.83063,21.31394],[104.84051,21.31205],[104.84373,21.30838],[104.84182,21.28048],[104.84399,21.27211],[104.84188,21.26154],[104.8436,21.25845],[104.85075,21.25482],[104.85001,21.24487],[104.85628,21.23159],[104.85522,21.23068],[104.85222,21.23225],[104.85064,21.23159],[104.84989,21.22684],[104.84549,21.22378],[104.85708,21.21781],[104.86502,21.20601],[104.858,21.18405],[104.85258,21.17848],[104.85276,21.17658],[104.85743,21.17518],[104.86008,21.17221],[104.8589,21.16532],[104.85459,21.1578],[104.85367,21.15041],[104.85755,21.14563],[104.86979,21.14333],[104.87187,21.13908],[104.88129,21.13257],[104.89613,21.12824],[104.89772,21.12362],[104.90424,21.11859],[104.91274,21.11666],[104.91441,21.11129],[104.91188,21.11133],[104.91106,21.10989],[104.91357,21.10624],[104.91506,21.09805],[104.91844,21.09231],[104.92414,21.08878],[104.9262,21.08433],[104.92209,21.07995],[104.92215,21.07522],[104.9158,21.07412],[104.91092,21.07019],[104.91053,21.0672],[104.91552,21.06539],[104.92261,21.06749],[104.92445,21.0655],[104.93074,21.06489],[104.93493,21.0583],[104.93844,21.05587],[104.9418,21.05686],[104.94553,21.05548],[104.95062,21.05769],[104.95659,21.05666],[104.96321,21.06024],[104.96638,21.05846],[104.9691,21.05303],[104.98168,21.05166],[104.98951,21.04901],[104.99912,21.04096],[105.00971,21.03813],[105.01077,21.03508],[105.01441,21.03157],[105.01682,21.03129],[105.02036,21.02537],[105.02137,21.02129],[105.0186,21.01504],[105.02632,21.021],[105.03042,21.0221],[105.03469,21.0195],[105.03835,21.01228],[105.04282,21.00971],[105.05008,21.00796],[105.054,21.01057],[105.05574,21.00995],[105.06278,21.00193],[105.06659,21.00218],[105.07054,20.99858],[105.07117,20.99339],[105.0817,20.97828],[105.08941,20.97016],[105.08902,20.96515],[105.09216,20.9604],[105.1036,20.95605],[105.10954,20.95534],[105.11172,20.95147],[105.12062,20.94295],[105.12576,20.94157],[105.13114,20.93804],[105.14133,20.93948],[105.14529,20.93856],[105.14753,20.94136],[105.1607,20.9391],[105.16186,20.94376],[105.16853,20.94331],[105.17754,20.94507],[105.18937,20.95178],[105.19211,20.95853],[105.19889,20.95705],[105.20633,20.95078],[105.20431,20.94313],[105.19647,20.93567],[105.19383,20.92946],[105.19827,20.92469],[105.19619,20.92072],[105.20346,20.91708],[105.20925,20.91797],[105.21,20.92137],[105.2139,20.92415],[105.22045,20.92419],[105.22129,20.92665],[105.22446,20.92638],[105.21891,20.93246],[105.2225,20.93624],[105.22997,20.93556],[105.23171,20.93701],[105.23052,20.9386],[105.24422,20.94191],[105.24243,20.94453],[105.24685,20.94569],[105.24814,20.94426],[105.25103,20.9456],[105.25201,20.94228],[105.25801,20.93874],[105.25988,20.93562],[105.26355,20.93765],[105.26512,20.93705],[105.26714,20.94137],[105.27139,20.94071],[105.27079,20.93522],[105.27538,20.92475],[105.27861,20.92477],[105.2894,20.93143],[105.29658,20.92419],[105.31266,20.92413],[105.31669,20.92896],[105.31725,20.93496],[105.32558,20.93528],[105.32759,20.9377],[105.33377,20.9385],[105.33845,20.94132],[105.34478,20.9409],[105.34277,20.95143],[105.33029,20.98896],[105.3247,21.00195],[105.31748,21.01222],[105.31425,21.01613],[105.30483,21.02207],[105.29684,21.03736],[105.29416,21.05342],[105.30141,21.07115],[105.3168,21.09353],[105.32027,21.10917],[105.31988,21.11361],[105.30852,21.13318],[105.29783,21.14484],[105.2849,21.16295],[105.285,21.16632],[105.29082,21.16588],[105.30369,21.19158],[105.3228,21.20174],[105.33277,21.20408],[105.34179,21.20902],[105.33902,21.20955],[105.34766,21.22712],[105.35617,21.25974],[105.35631,21.29152],[105.36119,21.28451],[105.37001,21.29202],[105.38932,21.30221],[105.39539,21.30388],[105.40043,21.30318],[105.43657,21.28655],[105.44033,21.27945],[105.44352,21.2649]]]}},{"type":"Feature","properties":{"name":"Bac Giang","code":"VN_SRC_BACGIANG"},"geometry":{"type":"Polygon","coordinates":[[[105.93801,21.24337],[105.93582,21.23838],[105.94099,21.23343],[105.94412,21.23294],[105.95223,21.23499],[105.95476,21.23296],[105.95741,21.22724],[105.96089,21.23036],[105.9648,21.23029],[105.96801,21.22551],[105.97663,21.22313],[105.97865,21.22442],[105.98132,21.23163],[105.99167,21.23699],[105.99192,21.24175],[105.98764,21.24923],[105.98695,21.25421],[105.99336,21.26399],[105.99537,21.26377],[105.99975,21.25893],[106.01129,21.25914],[106.02412,21.2542],[106.03599,21.24546],[106.03333,21.23656],[106.03509,21.22867],[106.03458,21.21572],[106.03626,21.20932],[106.04192,21.20167],[106.04557,21.20218],[106.04721,21.20415],[106.04287,21.20961],[106.04247,21.21487],[106.04908,21.22461],[106.05326,21.22789],[106.066,21.22421],[106.0743,21.21652],[106.08055,21.22012],[106.08333,21.21959],[106.0873,21.21491],[106.08593,21.20826],[106.09059,21.20537],[106.11503,21.20055],[106.12143,21.19784],[106.12467,21.20056],[106.12443,21.20964],[106.12843,21.21443],[106.13236,21.2164],[106.14078,21.21461],[106.15255,21.20849],[106.17066,21.18156],[106.17886,21.17656],[106.18455,21.17574],[106.18777,21.18016],[106.19619,21.1818],[106.20963,21.17624],[106.22085,21.17522],[106.22183,21.17233],[106.21549,21.16513],[106.21401,21.16142],[106.21483,21.15885],[106.2284,21.15907],[106.24208,21.16857],[106.25009,21.17139],[106.25441,21.1706],[106.25816,21.16481],[106.25568,21.1591],[106.25679,21.1515],[106.26593,21.1457],[106.27232,21.13296],[106.27471,21.13106],[106.28315,21.13194],[106.28997,21.13008],[106.29928,21.12195],[106.31385,21.13139],[106.31738,21.13547],[106.32283,21.14849],[106.3232,21.15288],[106.32132,21.15842],[106.31224,21.17299],[106.30967,21.17992],[106.30988,21.18737],[106.31356,21.19294],[106.32486,21.19204],[106.32309,21.18522],[106.32837,21.18136],[106.33088,21.18134],[106.33243,21.17458],[106.33789,21.17197],[106.34101,21.17262],[106.3457,21.16523],[106.34758,21.16794],[106.34465,21.17339],[106.35301,21.17145],[106.35659,21.17313],[106.36185,21.17163],[106.36677,21.17363],[106.36515,21.17437],[106.36445,21.17917],[106.36741,21.18125],[106.36928,21.17975],[106.37098,21.18155],[106.36946,21.18391],[106.37354,21.18925],[106.37414,21.19541],[106.3856,21.19653],[106.39171,21.20012],[106.39336,21.20301],[106.40009,21.20209],[106.40156,21.20472],[106.41084,21.2082],[106.41275,21.20772],[106.41699,21.22257],[106.42256,21.22359],[106.42542,21.23123],[106.43148,21.23135],[106.43505,21.22864],[106.4381,21.22839],[106.44315,21.229],[106.44652,21.23135],[106.45217,21.23051],[106.45533,21.23287],[106.45855,21.22934],[106.46634,21.22614],[106.47428,21.23023],[106.48011,21.22857],[106.48668,21.22888],[106.48825,21.2308],[106.48897,21.23699],[106.48997,21.2314],[106.49249,21.22801],[106.49835,21.22754],[106.50188,21.2244],[106.50787,21.22149],[106.51247,21.22205],[106.51966,21.22545],[106.52872,21.2225],[106.53301,21.21575],[106.53589,21.20622],[106.54331,21.19196],[106.54705,21.19099],[106.5571,21.19451],[106.5615,21.19305],[106.56513,21.18898],[106.56708,21.18866],[106.57884,21.19245],[106.58234,21.192],[106.5843,21.18952],[106.58779,21.18832],[106.59064,21.18428],[106.5889,21.17843],[106.60574,21.17978],[106.61016,21.17097],[106.63189,21.1721],[106.63508,21.17145],[106.63819,21.16847],[106.64046,21.17548],[106.6385,21.17866],[106.6412,21.18075],[106.64622,21.17902],[106.65213,21.17438],[106.67098,21.17048],[106.67889,21.17077],[106.68193,21.16717],[106.69779,21.17019],[106.70059,21.16748],[106.70665,21.16838],[106.71442,21.16118],[106.721,21.16204],[106.72173,21.15941],[106.73311,21.16131],[106.74448,21.15608],[106.75731,21.15508],[106.76453,21.15632],[106.7678,21.1556],[106.76971,21.15232],[106.79329,21.14917],[106.80431,21.15454],[106.81195,21.15372],[106.81939,21.15636],[106.83362,21.15271],[106.82624,21.16421],[106.82706,21.17758],[106.82556,21.18218],[106.82663,21.18841],[106.84268,21.18604],[106.85541,21.18868],[106.85809,21.18672],[106.85886,21.1799],[106.86128,21.17641],[106.87323,21.17388],[106.88039,21.18248],[106.88291,21.18356],[106.88585,21.18332],[106.89265,21.17921],[106.90491,21.18318],[106.91638,21.18434],[106.92253,21.17938],[106.9265,21.17394],[106.93604,21.16896],[106.93834,21.17264],[106.94165,21.17254],[106.94312,21.17422],[106.94795,21.18864],[106.95577,21.19115],[106.95645,21.20601],[106.96236,21.21042],[106.96913,21.22494],[106.97317,21.22454],[106.97856,21.22698],[106.97646,21.23028],[106.97824,21.23372],[106.97732,21.23941],[106.98126,21.24408],[106.98186,21.25124],[106.98541,21.25865],[106.98373,21.26583],[106.97632,21.27046],[106.9744,21.27506],[106.97466,21.28072],[106.97274,21.28429],[106.98307,21.29184],[106.9878,21.29352],[107.00037,21.29471],[107.00442,21.29361],[107.00666,21.29589],[107.01075,21.29467],[107.01345,21.29777],[107.01785,21.29972],[107.02008,21.29926],[107.02626,21.30795],[107.02962,21.30898],[107.03343,21.3149],[107.03241,21.32525],[107.02226,21.33158],[107.02294,21.33588],[107.01801,21.34058],[107.01812,21.34474],[107.01316,21.3452],[107.00778,21.34964],[107.00194,21.35092],[106.99908,21.35557],[106.98947,21.35691],[106.9875,21.35952],[106.98769,21.36209],[106.99086,21.36574],[106.99107,21.3731],[106.99308,21.37726],[106.99075,21.38447],[106.98788,21.38744],[106.98539,21.4011],[106.99134,21.40775],[106.99079,21.41383],[106.99688,21.41796],[107.00248,21.4193],[107.00382,21.42149],[106.99664,21.428],[106.9917,21.42996],[106.99016,21.43555],[106.98637,21.43976],[106.97961,21.43953],[106.97608,21.43701],[106.96884,21.43609],[106.95886,21.42484],[106.95321,21.4231],[106.94998,21.42479],[106.94634,21.4333],[106.94441,21.4346],[106.94027,21.43461],[106.92839,21.42538],[106.92991,21.43646],[106.92622,21.44054],[106.91646,21.4302],[106.91125,21.43033],[106.90173,21.44041],[106.89655,21.44301],[106.89112,21.45157],[106.8921,21.45959],[106.89753,21.46179],[106.90177,21.47039],[106.8917,21.47701],[106.89161,21.48064],[106.8888,21.48233],[106.89021,21.48915],[106.88907,21.49028],[106.86833,21.4972],[106.85325,21.49541],[106.85194,21.49985],[106.84545,21.49473],[106.84275,21.5036],[106.83908,21.50646],[106.83978,21.51218],[106.84624,21.51367],[106.85025,21.51664],[106.85043,21.52303],[106.8526,21.52531],[106.85943,21.52221],[106.86501,21.52822],[106.86514,21.53305],[106.86348,21.5358],[106.85064,21.54149],[106.84828,21.55297],[106.84346,21.5597],[106.83207,21.56202],[106.82841,21.56006],[106.82183,21.56257],[106.80613,21.55933],[106.79928,21.56181],[106.79735,21.56507],[106.79309,21.5663],[106.78762,21.57197],[106.78668,21.57696],[106.77343,21.57192],[106.76503,21.57302],[106.75989,21.57036],[106.75609,21.56591],[106.75581,21.56158],[106.75785,21.562],[106.75908,21.5588],[106.75802,21.55703],[106.76163,21.55416],[106.75844,21.55307],[106.76018,21.55074],[106.75833,21.54942],[106.75984,21.5472],[106.75707,21.54713],[106.75857,21.54443],[106.75556,21.54088],[106.75188,21.54034],[106.7346,21.54433],[106.73339,21.54922],[106.72639,21.55528],[106.72224,21.55591],[106.71631,21.56017],[106.71024,21.56073],[106.70567,21.56771],[106.69893,21.57319],[106.70017,21.579],[106.70266,21.58266],[106.7027,21.59304],[106.69129,21.59741],[106.68934,21.5999],[106.68329,21.60246],[106.67752,21.60316],[106.67024,21.60896],[106.66458,21.60471],[106.66017,21.60629],[106.65591,21.60332],[106.65224,21.60335],[106.645,21.60636],[106.64267,21.60357],[106.63577,21.60073],[106.62595,21.60247],[106.6247,21.60569],[106.61544,21.60784],[106.60907,21.60349],[106.59978,21.60218],[106.59813,21.59995],[106.59106,21.60016],[106.59068,21.59852],[106.57115,21.60252],[106.56932,21.59861],[106.56468,21.59506],[106.5571,21.59349],[106.55207,21.58933],[106.55246,21.58327],[106.54881,21.57893],[106.54414,21.57678],[106.5419,21.57305],[106.54234,21.57029],[106.53582,21.56354],[106.5314,21.56344],[106.52782,21.55861],[106.52634,21.54466],[106.52213,21.53599],[106.5189,21.53246],[106.51466,21.53164],[106.50788,21.52461],[106.50807,21.51999],[106.51391,21.51219],[106.51789,21.50358],[106.52152,21.49988],[106.50981,21.48683],[106.50795,21.48762],[106.50547,21.48532],[106.49465,21.48255],[106.49283,21.47396],[106.49042,21.47252],[106.48757,21.46673],[106.48829,21.46222],[106.48475,21.4569],[106.48256,21.4488],[106.48031,21.44741],[106.47305,21.44763],[106.47111,21.44436],[106.47145,21.4417],[106.46391,21.437],[106.453,21.43933],[106.44999,21.436],[106.44447,21.43632],[106.43843,21.44361],[106.43484,21.44207],[106.43247,21.43779],[106.4267,21.44001],[106.41807,21.43733],[106.41389,21.43231],[106.40629,21.42902],[106.40489,21.4263],[106.40812,21.41978],[106.4151,21.41582],[106.41438,21.4075],[106.40489,21.40427],[106.4012,21.40613],[106.39539,21.40543],[106.38725,21.39741],[106.37728,21.39369],[106.37211,21.39468],[106.36675,21.39918],[106.36186,21.39594],[106.35513,21.39742],[106.35128,21.39582],[106.34618,21.40119],[106.3441,21.39854],[106.342,21.39935],[106.34066,21.39731],[106.33492,21.40435],[106.33169,21.40398],[106.32922,21.40801],[106.32495,21.40925],[106.32397,21.41362],[106.32679,21.41862],[106.32546,21.42444],[106.32798,21.42639],[106.32917,21.43307],[106.3325,21.43566],[106.33185,21.43929],[106.32893,21.44113],[106.32829,21.44708],[106.32569,21.44831],[106.31859,21.44684],[106.31604,21.44447],[106.31036,21.45194],[106.30403,21.44813],[106.30568,21.4425],[106.30138,21.44316],[106.29847,21.44657],[106.29517,21.44319],[106.28854,21.44931],[106.29047,21.45381],[106.28984,21.45596],[106.28384,21.45212],[106.28318,21.45678],[106.2864,21.46879],[106.28579,21.47095],[106.28239,21.47289],[106.28484,21.47867],[106.28516,21.48791],[106.28796,21.49133],[106.28024,21.49094],[106.27401,21.49372],[106.26864,21.49012],[106.26306,21.49169],[106.25663,21.48697],[106.24949,21.48748],[106.24449,21.48204],[106.24558,21.48503],[106.24146,21.48662],[106.23723,21.49494],[106.22638,21.49534],[106.22437,21.49367],[106.2215,21.49614],[106.21025,21.49709],[106.20537,21.50017],[106.19547,21.50205],[106.19208,21.50564],[106.18011,21.50925],[106.17445,21.50933],[106.16806,21.5128],[106.16739,21.52207],[106.16985,21.53543],[106.167,21.54237],[106.17006,21.5491],[106.16757,21.56079],[106.16922,21.56524],[106.16941,21.57295],[106.16689,21.57702],[106.17042,21.58747],[106.16917,21.59484],[106.17101,21.59682],[106.17593,21.59785],[106.17821,21.60132],[106.18486,21.60404],[106.17394,21.60974],[106.16892,21.61741],[106.15954,21.62627],[106.15447,21.62388],[106.14179,21.62267],[106.13526,21.61785],[106.12711,21.61587],[106.1169,21.6166],[106.11491,21.61873],[106.11054,21.61929],[106.10762,21.6216],[106.10172,21.62161],[106.09962,21.62473],[106.09414,21.62441],[106.0925,21.62257],[106.07853,21.61803],[106.07579,21.61257],[106.07044,21.60971],[106.06728,21.60463],[106.05721,21.60281],[106.05165,21.59203],[106.05225,21.58851],[106.04907,21.58122],[106.03316,21.57136],[106.03411,21.56802],[106.03235,21.56688],[106.03368,21.56452],[106.03094,21.56264],[106.03535,21.5597],[106.03685,21.56124],[106.04455,21.56015],[106.04624,21.55817],[106.04775,21.55882],[106.05023,21.55369],[106.05455,21.55066],[106.05133,21.54511],[106.0538,21.53861],[106.05101,21.53351],[106.04883,21.5329],[106.04389,21.5213],[106.0441,21.51846],[106.04112,21.51618],[106.04199,21.51436],[106.04495,21.51354],[106.04548,21.50799],[106.04243,21.49779],[106.03757,21.49027],[106.04001,21.48676],[106.04551,21.48396],[106.04909,21.47989],[106.04748,21.47677],[106.04374,21.47349],[106.04128,21.47368],[106.04039,21.47129],[106.04405,21.46381],[106.05132,21.46062],[106.05089,21.4576],[106.04858,21.45395],[106.04791,21.44146],[106.04023,21.44063],[106.03812,21.43807],[106.03578,21.43943],[106.03186,21.43798],[106.02538,21.43169],[106.02975,21.42633],[106.03148,21.41715],[106.03351,21.41378],[106.03403,21.40818],[106.03113,21.40695],[106.02968,21.40182],[106.02728,21.39917],[106.02913,21.39425],[106.02007,21.39554],[106.0197,21.39972],[106.01728,21.40308],[106.01231,21.4024],[106.00576,21.40657],[105.99557,21.40457],[105.99073,21.41017],[105.99085,21.41292],[105.98681,21.41407],[105.98477,21.41078],[105.98285,21.41303],[105.9785,21.41386],[105.97624,21.41787],[105.97242,21.42012],[105.96497,21.43612],[105.96106,21.43637],[105.95772,21.43214],[105.959,21.42398],[105.95469,21.41318],[105.9591,21.40432],[105.95884,21.40174],[105.95684,21.40056],[105.95458,21.40117],[105.95597,21.40457],[105.95315,21.4068],[105.94543,21.40036],[105.9422,21.40117],[105.94015,21.39862],[105.94088,21.39582],[105.94537,21.39125],[105.94359,21.37681],[105.93799,21.37129],[105.92277,21.37487],[105.91702,21.37243],[105.91198,21.37655],[105.90941,21.37483],[105.90083,21.35651],[105.89523,21.35191],[105.89911,21.34963],[105.90388,21.35229],[105.90795,21.35249],[105.90838,21.34981],[105.90365,21.34498],[105.89777,21.34306],[105.89399,21.34323],[105.88718,21.34644],[105.88068,21.33839],[105.88098,21.33635],[105.88505,21.33322],[105.88785,21.32867],[105.89239,21.32633],[105.89759,21.32733],[105.89962,21.32482],[105.89736,21.30879],[105.90097,21.3042],[105.90907,21.30165],[105.91699,21.30567],[105.91795,21.30412],[105.91593,21.29689],[105.91689,21.29478],[105.92277,21.29397],[105.92971,21.29519],[105.93173,21.294],[105.93067,21.29135],[105.92699,21.29037],[105.92313,21.28718],[105.9224,21.27289],[105.93814,21.2479],[105.93801,21.24337]]]}},{"type":"Feature","properties":{"name":"Quang Ninh","code":"VN_SRC_QUANGNINH"},"geometry":{"type":"MultiPolygon","coordinates":[[[[107.11322,20.87171],[107.11143,20.87188],[107.11208,20.87087],[107.11322,20.87171]]],[[[107.11951,20.86954],[107.1188,20.87349],[107.11649,20.87355],[107.11686,20.87045],[107.11951,20.86954]]],[[[107.11123,20.8749],[107.1105,20.87202],[107.11317,20.87607],[107.11123,20.8749]]],[[[107.13102,20.87614],[107.13094,20.8784],[107.12816,20.87843],[107.13102,20.87614]]],[[[107.12665,20.8776],[107.12439,20.87796],[107.1266,20.87652],[107.12665,20.8776]]],[[[107.12471,20.8863],[107.12591,20.88568],[107.12487,20.88864],[107.12471,20.8863]]],[[[107.11793,20.89084],[107.11692,20.89101],[107.11791,20.88944],[107.11793,20.89084]]],[[[107.10933,20.89447],[107.10814,20.8936],[107.10599,20.89465],[107.10646,20.89079],[107.10972,20.89099],[107.10802,20.89187],[107.10933,20.89447]]],[[[107.12762,20.89235],[107.12788,20.8937],[107.12466,20.89424],[107.12527,20.89139],[107.12762,20.89235]]],[[[107.13151,20.89523],[107.12907,20.89472],[107.13063,20.89408],[107.13151,20.89523]]],[[[107.12963,20.89559],[107.12848,20.89649],[107.12726,20.89557],[107.12963,20.89559]]],[[[107.1046,20.89721],[107.1055,20.89512],[107.10684,20.8972],[107.1046,20.89721]]],[[[107.11775,20.90909],[107.1164,20.90855],[107.11858,20.90691],[107.11945,20.90795],[107.11775,20.90909]]],[[[107.10868,20.90749],[107.10875,20.90448],[107.10991,20.91048],[107.1078,20.91159],[107.10868,20.90749]]],[[[106.94537,20.90978],[106.94252,20.90914],[106.94992,20.90676],[106.94537,20.90978]]],[[[107.11238,20.91154],[107.11309,20.90852],[107.11528,20.9108],[107.11238,20.91154]]],[[[107.12663,20.90966],[107.12595,20.90717],[107.12925,20.91034],[107.12832,20.9137],[107.12663,20.90966]]],[[[106.94632,20.91382],[106.94375,20.91391],[106.94673,20.91009],[106.94632,20.91382]]],[[[107.10258,20.91351],[107.10194,20.91221],[107.1039,20.91303],[107.10258,20.91351]]],[[[106.94898,20.91579],[106.94886,20.91669],[106.94745,20.9142],[106.94645,20.91482],[106.94676,20.91355],[106.94744,20.91335],[106.94898,20.91579]]],[[[107.10956,20.91629],[107.11116,20.91373],[107.11098,20.91607],[107.10956,20.91629]]],[[[107.1187,20.91495],[107.11935,20.91676],[107.11706,20.9178],[107.11795,20.91428],[107.1187,20.91495]]],[[[106.94979,20.91717],[106.95096,20.91912],[106.94939,20.91855],[106.94979,20.91717]]],[[[106.93942,20.91828],[106.94002,20.91657],[106.9401,20.91983],[106.93942,20.91828]]],[[[107.10942,20.92267],[107.1088,20.91965],[107.11024,20.92066],[107.10942,20.92267]]],[[[107.09853,20.92131],[107.10003,20.92062],[107.10129,20.92395],[107.09853,20.92131]]],[[[106.87376,20.834],[106.86855,20.85717],[106.85844,20.86391],[106.8534,20.86922],[106.85525,20.87036],[106.86497,20.86937],[106.86943,20.87121],[106.87083,20.8799],[106.87574,20.88724],[106.87478,20.89129],[106.87306,20.8926],[106.87541,20.89334],[106.87678,20.89099],[106.8802,20.89206],[106.88405,20.9011],[106.88876,20.90417],[106.89544,20.90484],[106.89758,20.90267],[106.9066,20.9094],[106.90948,20.90719],[106.91657,20.90876],[106.91992,20.91112],[106.92989,20.90819],[106.93727,20.90912],[106.93958,20.91019],[106.94124,20.91358],[106.93693,20.91438],[106.93529,20.9133],[106.93324,20.9164],[106.92785,20.91522],[106.92567,20.91901],[106.92676,20.92044],[106.92865,20.91811],[106.93192,20.92025],[106.93226,20.92494],[106.92998,20.93046],[106.92549,20.93441],[106.92566,20.93839],[106.9234,20.93788],[106.91756,20.94149],[106.91416,20.94764],[106.90401,20.95283],[106.90525,20.95747],[106.90846,20.95386],[106.91022,20.95491],[106.91744,20.95308],[106.91886,20.95788],[106.92442,20.96038],[106.92696,20.95631],[106.93203,20.95578],[106.93517,20.95189],[106.93842,20.95053],[106.95439,20.9522],[106.96702,20.95083],[106.97336,20.95221],[106.97481,20.94984],[106.9791,20.95008],[106.98019,20.9543],[106.98711,20.95704],[106.99114,20.95273],[106.99363,20.95525],[106.99923,20.95258],[107.00313,20.95444],[107.00777,20.95401],[107.00985,20.95228],[107.01461,20.95257],[107.0202,20.94788],[107.03164,20.94628],[107.04124,20.94932],[107.05116,20.95602],[107.05743,20.95663],[107.06378,20.96019],[107.06708,20.95823],[107.06792,20.95459],[107.07653,20.94527],[107.0802,20.94527],[107.08178,20.94839],[107.08476,20.95008],[107.09649,20.94907],[107.1013,20.94712],[107.1078,20.94043],[107.11477,20.93767],[107.12816,20.93647],[107.13171,20.94002],[107.13359,20.93987],[107.13455,20.93772],[107.13905,20.93908],[107.1402,20.94268],[107.1419,20.94271],[107.14602,20.94195],[107.14573,20.93959],[107.1567,20.93809],[107.15865,20.93915],[107.15726,20.94109],[107.15944,20.94329],[107.15644,20.94437],[107.1527,20.94114],[107.15352,20.94413],[107.15485,20.94398],[107.15368,20.94506],[107.15854,20.94477],[107.15954,20.94636],[107.16875,20.94711],[107.18078,20.95167],[107.18446,20.95201],[107.18638,20.95058],[107.1872,20.95165],[107.18943,20.95035],[107.1915,20.95379],[107.19627,20.95623],[107.20043,20.96301],[107.20323,20.96204],[107.20205,20.96423],[107.203,20.9664],[107.20546,20.96604],[107.20334,20.96441],[107.20668,20.96473],[107.20762,20.96624],[107.20934,20.96561],[107.21297,20.96745],[107.21367,20.97029],[107.21521,20.97005],[107.21413,20.97185],[107.21724,20.97154],[107.21777,20.97391],[107.22171,20.97427],[107.22144,20.97595],[107.22295,20.97628],[107.22163,20.98153],[107.22328,20.97669],[107.22558,20.97562],[107.22425,20.97694],[107.22486,20.98101],[107.22684,20.98024],[107.22669,20.97854],[107.22804,20.97919],[107.22804,20.98195],[107.23125,20.98704],[107.22604,20.98479],[107.22433,20.98672],[107.22292,20.98391],[107.22308,20.98625],[107.21836,20.98844],[107.21047,20.98454],[107.20847,20.98148],[107.20968,20.98448],[107.21882,20.9897],[107.22276,20.98873],[107.23782,20.99362],[107.24353,20.9922],[107.2476,20.9936],[107.24806,20.99202],[107.24953,20.9923],[107.24846,20.99641],[107.24967,20.9979],[107.25963,20.99799],[107.25977,20.99606],[107.2624,20.99588],[107.26617,20.99663],[107.26582,21.00054],[107.27178,21.00098],[107.27334,20.99967],[107.27306,21.00157],[107.27531,20.99808],[107.28476,20.99858],[107.28488,20.9964],[107.28789,20.99575],[107.29043,20.99617],[107.29083,21.00032],[107.29317,21.00035],[107.29538,20.99474],[107.29331,20.99427],[107.29353,20.99191],[107.29921,20.99239],[107.30234,20.9909],[107.30386,20.99566],[107.32623,20.99029],[107.32586,20.99754],[107.32837,20.99741],[107.3279,20.99198],[107.33194,20.99193],[107.33622,20.99239],[107.33582,20.99586],[107.33842,20.99371],[107.33922,20.99561],[107.33778,20.99918],[107.34106,20.99396],[107.34311,20.99525],[107.34422,20.99921],[107.34426,20.99454],[107.35304,20.9986],[107.36854,21.01483],[107.36565,21.01702],[107.37151,21.02426],[107.37256,21.02388],[107.37243,21.02601],[107.36723,21.03599],[107.3721,21.03755],[107.37249,21.03925],[107.3725,21.04139],[107.37278,21.04197],[107.38092,21.0444],[107.38152,21.0418],[107.38487,21.0408],[107.39568,21.04832],[107.40613,21.04919],[107.41179,21.0513],[107.4104,21.05272],[107.41233,21.05232],[107.41762,21.05743],[107.41918,21.06317],[107.42059,21.06169],[107.41902,21.05909],[107.42042,21.0582],[107.42494,21.06194],[107.42755,21.05985],[107.4276,21.0583],[107.43165,21.06443],[107.43052,21.06507],[107.42876,21.06317],[107.42538,21.06724],[107.43196,21.07162],[107.43135,21.07275],[107.43517,21.07223],[107.43394,21.07402],[107.43608,21.07657],[107.4372,21.07536],[107.44395,21.07883],[107.44908,21.08524],[107.45391,21.08742],[107.45705,21.08389],[107.4522,21.07828],[107.4559,21.07925],[107.4602,21.08463],[107.46726,21.08762],[107.46631,21.08943],[107.46761,21.09026],[107.47169,21.09],[107.47053,21.09421],[107.47373,21.0949],[107.47482,21.09803],[107.47287,21.09735],[107.47347,21.10004],[107.47447,21.099],[107.47886,21.10351],[107.48504,21.10559],[107.485,21.10772],[107.50639,21.12134],[107.50368,21.1258],[107.50487,21.12892],[107.50192,21.13125],[107.50751,21.13159],[107.50849,21.13442],[107.51014,21.13313],[107.51242,21.13629],[107.51156,21.13934],[107.51472,21.13756],[107.51745,21.1397],[107.51884,21.14398],[107.51769,21.14657],[107.51264,21.14662],[107.51562,21.1485],[107.51453,21.14965],[107.51776,21.1485],[107.51886,21.14999],[107.51948,21.14902],[107.52369,21.14989],[107.52446,21.15347],[107.52995,21.15508],[107.53106,21.15692],[107.53012,21.15824],[107.53323,21.15669],[107.5323,21.16245],[107.53418,21.16493],[107.53371,21.1594],[107.5366,21.15947],[107.54097,21.15717],[107.53986,21.15532],[107.54178,21.15479],[107.53945,21.15377],[107.5363,21.14862],[107.5386,21.14786],[107.53948,21.14587],[107.54066,21.14675],[107.54082,21.14326],[107.54367,21.14719],[107.54525,21.14619],[107.54511,21.14844],[107.5475,21.14836],[107.5475,21.15077],[107.54914,21.14929],[107.55007,21.15145],[107.55185,21.15166],[107.55061,21.15281],[107.55187,21.15375],[107.55125,21.1562],[107.55289,21.15382],[107.55459,21.15409],[107.55902,21.15615],[107.55779,21.15734],[107.5593,21.15838],[107.56017,21.1572],[107.56051,21.15924],[107.56144,21.15802],[107.5647,21.16061],[107.56253,21.16487],[107.56052,21.16412],[107.55832,21.16548],[107.56063,21.16427],[107.5623,21.16597],[107.56364,21.16385],[107.56618,21.16376],[107.56876,21.16887],[107.57088,21.16785],[107.57333,21.17108],[107.57043,21.17357],[107.57239,21.17288],[107.57441,21.17617],[107.58154,21.17704],[107.58104,21.18122],[107.58391,21.17896],[107.58698,21.18559],[107.5929,21.1885],[107.59282,21.19104],[107.59804,21.19925],[107.59627,21.19868],[107.59671,21.20032],[107.60564,21.20423],[107.60879,21.211],[107.60799,21.21416],[107.60998,21.2144],[107.61078,21.21865],[107.60551,21.21905],[107.60325,21.21774],[107.6008,21.21283],[107.60153,21.21817],[107.59661,21.21882],[107.59413,21.21458],[107.58671,21.20876],[107.58534,21.20915],[107.58379,21.20593],[107.57686,21.2061],[107.57182,21.20435],[107.57212,21.20077],[107.5687,21.19874],[107.56502,21.19805],[107.56906,21.20254],[107.56556,21.20357],[107.56244,21.20205],[107.56306,21.19887],[107.55983,21.20037],[107.55749,21.19902],[107.55566,21.19967],[107.55501,21.19837],[107.55326,21.2006],[107.55225,21.19714],[107.54873,21.19432],[107.54784,21.19751],[107.5427,21.1972],[107.54672,21.1924],[107.54327,21.19318],[107.54363,21.19023],[107.54158,21.18918],[107.54168,21.18757],[107.54125,21.18926],[107.5423,21.19187],[107.54151,21.19311],[107.53946,21.19369],[107.53451,21.18994],[107.53411,21.19176],[107.53599,21.1926],[107.53407,21.19452],[107.53657,21.19401],[107.53738,21.1965],[107.53413,21.19822],[107.53287,21.19751],[107.53169,21.19904],[107.52954,21.19829],[107.53042,21.20018],[107.51431,21.20752],[107.52301,21.20553],[107.52749,21.20593],[107.52579,21.20469],[107.5273,21.20301],[107.53126,21.20099],[107.53417,21.20191],[107.53295,21.20441],[107.53558,21.20531],[107.53269,21.20629],[107.53293,21.21059],[107.52943,21.20858],[107.52969,21.21059],[107.52752,21.21141],[107.5323,21.21233],[107.53072,21.21358],[107.53104,21.2157],[107.52397,21.22268],[107.5269,21.22204],[107.52681,21.22299],[107.52145,21.22718],[107.51751,21.22561],[107.51888,21.22171],[107.51771,21.22124],[107.51737,21.22313],[107.51442,21.22136],[107.51687,21.22447],[107.5125,21.22557],[107.51801,21.22698],[107.51801,21.2316],[107.51469,21.23183],[107.50886,21.2285],[107.51116,21.23033],[107.51044,21.23245],[107.51245,21.23159],[107.51398,21.23391],[107.51229,21.23558],[107.50793,21.23552],[107.5084,21.23776],[107.5048,21.23929],[107.50574,21.24005],[107.50227,21.24429],[107.48695,21.25663],[107.48005,21.26472],[107.48367,21.29633],[107.48553,21.29661],[107.48976,21.29476],[107.49596,21.29987],[107.50374,21.29922],[107.51146,21.29416],[107.56856,21.28495],[107.58094,21.28447],[107.6057,21.29164],[107.60674,21.29566],[107.6091,21.29646],[107.61605,21.30379],[107.62257,21.31517],[107.62267,21.31893],[107.61957,21.32083],[107.62267,21.32549],[107.62819,21.32273],[107.63233,21.33311],[107.64403,21.34362],[107.64713,21.34815],[107.649,21.36019],[107.65974,21.36804],[107.66295,21.36735],[107.66835,21.36971],[107.67064,21.37508],[107.67526,21.37906],[107.67392,21.38742],[107.67088,21.38745],[107.67377,21.3903],[107.68163,21.39211],[107.69022,21.38602],[107.69507,21.38861],[107.69526,21.3921],[107.6994,21.39379],[107.7044,21.38846],[107.70928,21.38707],[107.71603,21.39],[107.71828,21.39389],[107.71799,21.39783],[107.71954,21.39897],[107.73615,21.39726],[107.749,21.40068],[107.75209,21.40382],[107.75437,21.40382],[107.75454,21.40908],[107.75877,21.4157],[107.7578,21.41833],[107.76197,21.42198],[107.76002,21.42912],[107.76328,21.43055],[107.76185,21.43301],[107.76585,21.43775],[107.76471,21.44003],[107.7803,21.44694],[107.78195,21.45328],[107.78766,21.45802],[107.78744,21.46184],[107.79029,21.46857],[107.789,21.47228],[107.79839,21.4746],[107.8176,21.48347],[107.82962,21.48192],[107.8342,21.47704],[107.83729,21.47615],[107.83967,21.47811],[107.84603,21.49075],[107.84789,21.49546],[107.8481,21.5026],[107.85046,21.5046],[107.85397,21.50441],[107.86066,21.48934],[107.86576,21.4847],[107.874,21.48178],[107.87715,21.48542],[107.8753,21.48059],[107.87641,21.47965],[107.87738,21.48084],[107.87768,21.47524],[107.88381,21.47344],[107.88286,21.46913],[107.88858,21.4798],[107.88815,21.48187],[107.88509,21.4813],[107.88861,21.48313],[107.89057,21.48692],[107.88962,21.4885],[107.88585,21.48777],[107.88932,21.48918],[107.88987,21.49093],[107.88156,21.49561],[107.88171,21.49897],[107.88585,21.50097],[107.88956,21.50532],[107.89854,21.5092],[107.9133,21.49836],[107.92044,21.49087],[107.92496,21.48908],[107.93022,21.48247],[107.91753,21.4738],[107.90599,21.4715],[107.89913,21.46854],[107.89419,21.46426],[107.88828,21.45389],[107.88429,21.43818],[107.89276,21.43466],[107.89504,21.4379],[107.89495,21.43095],[107.90408,21.42667],[107.91303,21.41801],[107.9157,21.42077],[107.91313,21.41601],[107.92036,21.40382],[107.92664,21.40021],[107.93159,21.39983],[107.95196,21.40182],[107.95662,21.41287],[107.95662,21.41686],[107.95177,21.42505],[107.93434,21.43271],[107.92625,21.4389],[107.91857,21.44134],[107.91679,21.44288],[107.91822,21.44372],[107.92597,21.44204],[107.94845,21.43011],[107.94809,21.43217],[107.94964,21.43258],[107.95265,21.42973],[107.95193,21.43425],[107.9467,21.43963],[107.94744,21.44225],[107.95208,21.43636],[107.95285,21.43939],[107.95071,21.44264],[107.95404,21.44046],[107.95666,21.44594],[107.95705,21.44237],[107.96005,21.44629],[107.96014,21.45016],[107.96094,21.44409],[107.96535,21.44635],[107.96772,21.44568],[107.96785,21.44071],[107.9655,21.43525],[107.96931,21.4335],[107.97399,21.43805],[107.97748,21.43657],[107.98992,21.45451],[108.00087,21.46486],[108.01846,21.47604],[108.03898,21.48314],[108.0483,21.48446],[108.06218,21.48511],[108.07845,21.48201],[108.08687,21.48372],[108.0863,21.48572],[108.08009,21.48936],[108.06303,21.49542],[108.04665,21.49507],[108.02838,21.48634],[108.01741,21.4886],[108.01926,21.48922],[108.01529,21.49028],[108.01391,21.49474],[108.0156,21.49284],[108.01843,21.49279],[108.02174,21.49462],[108.01993,21.49762],[108.02466,21.49462],[108.02859,21.49671],[108.02766,21.49971],[108.03323,21.49883],[108.03535,21.50038],[108.03247,21.50133],[108.03948,21.50335],[108.04375,21.50747],[108.05254,21.50985],[108.05448,21.51169],[108.05013,21.51039],[108.04584,21.51203],[108.04665,21.50994],[108.04544,21.50953],[108.04011,21.5122],[108.03875,21.51165],[108.03832,21.51324],[108.03618,21.50965],[108.02686,21.5091],[108.01886,21.51101],[108.01491,21.50639],[108.01843,21.51194],[108.01244,21.51591],[108.00891,21.51401],[108.01056,21.516],[108.01377,21.51641],[108.01196,21.51836],[108.00934,21.51836],[108.01172,21.51938],[108.00846,21.52233],[108.01289,21.52076],[108.01872,21.51612],[108.02557,21.51401],[108.03718,21.51565],[108.04011,21.51783],[108.03754,21.51968],[108.03157,21.51693],[108.02818,21.51705],[108.0371,21.52199],[108.0352,21.52544],[108.03032,21.52978],[108.0092,21.5387],[108.03803,21.53113],[108.04081,21.52642],[108.04716,21.52442],[108.04918,21.52862],[108.04832,21.53754],[108.04477,21.54283],[108.02957,21.54789],[108.02157,21.54835],[108.01045,21.54656],[108.00555,21.54878],[107.99186,21.54641],[107.98659,21.54388],[107.97939,21.54491],[107.97564,21.53991],[107.97091,21.54091],[107.96736,21.53627],[107.96189,21.53774],[107.95495,21.53698],[107.95211,21.53963],[107.94253,21.56412],[107.9427,21.57001],[107.93121,21.57697],[107.92396,21.58507],[107.92526,21.58858],[107.92408,21.58959],[107.91535,21.58635],[107.9048,21.5913],[107.90317,21.59059],[107.90257,21.58696],[107.89918,21.58809],[107.89924,21.59252],[107.89734,21.59579],[107.89052,21.5982],[107.89044,21.60019],[107.89293,21.6018],[107.89252,21.60602],[107.88508,21.60656],[107.88288,21.60891],[107.88306,21.61185],[107.88925,21.61343],[107.89073,21.61563],[107.88954,21.61813],[107.88529,21.62066],[107.88785,21.62631],[107.87833,21.63068],[107.87842,21.63936],[107.87143,21.64207],[107.87119,21.6476],[107.86756,21.64951],[107.86042,21.64957],[107.85974,21.65364],[107.85745,21.65489],[107.85293,21.65096],[107.84508,21.64885],[107.84511,21.64326],[107.84332,21.64207],[107.83369,21.64359],[107.8278,21.65293],[107.82197,21.65358],[107.8151,21.65792],[107.80507,21.65888],[107.80361,21.6556],[107.7968,21.65379],[107.79249,21.6556],[107.78987,21.65492],[107.78797,21.65644],[107.78434,21.6559],[107.78089,21.65397],[107.77955,21.6485],[107.77295,21.64817],[107.7712,21.64514],[107.75902,21.64222],[107.75052,21.64327],[107.73215,21.63082],[107.72277,21.6297],[107.71671,21.62306],[107.71277,21.621],[107.69955,21.61659],[107.69405,21.61633],[107.68706,21.61228],[107.67864,21.60963],[107.66758,21.61346],[107.66169,21.60919],[107.65464,21.60819],[107.59835,21.60605],[107.58944,21.60819],[107.58139,21.61732],[107.57426,21.61751],[107.56858,21.61229],[107.55808,21.61319],[107.54459,21.59077],[107.54246,21.58952],[107.53741,21.59389],[107.53059,21.59059],[107.52433,21.59013],[107.51277,21.59773],[107.50612,21.59778],[107.50308,21.59564],[107.49829,21.59548],[107.48854,21.6011],[107.49486,21.60525],[107.49515,21.60991],[107.49761,21.61401],[107.49335,21.62392],[107.49818,21.63484],[107.48942,21.64101],[107.48707,21.65023],[107.47792,21.66212],[107.46663,21.66516],[107.44477,21.65454],[107.44039,21.65424],[107.43786,21.65083],[107.43383,21.65123],[107.43089,21.64991],[107.42642,21.64543],[107.41741,21.63987],[107.4162,21.63719],[107.41726,21.63259],[107.40854,21.62703],[107.40759,21.62257],[107.39517,21.61695],[107.39797,21.6102],[107.3943,21.6087],[107.39132,21.60372],[107.38491,21.59911],[107.38313,21.59603],[107.3695,21.60188],[107.36492,21.59908],[107.36226,21.59913],[107.35923,21.5949],[107.34732,21.59467],[107.34298,21.59058],[107.34024,21.58995],[107.34071,21.58808],[107.33831,21.58773],[107.33036,21.58725],[107.32766,21.59173],[107.32224,21.59373],[107.31724,21.59256],[107.31374,21.58973],[107.31072,21.59209],[107.30978,21.59627],[107.29735,21.59358],[107.29261,21.59164],[107.28927,21.58124],[107.28332,21.57773],[107.28349,21.56917],[107.27701,21.56326],[107.2731,21.56235],[107.2656,21.56407],[107.25826,21.56291],[107.24949,21.55649],[107.24632,21.54891],[107.23575,21.55255],[107.23314,21.55493],[107.22592,21.55171],[107.22136,21.55386],[107.21589,21.55219],[107.21328,21.54725],[107.20713,21.54515],[107.20436,21.5423],[107.21142,21.53143],[107.21668,21.53208],[107.22159,21.52683],[107.22297,21.51977],[107.23111,21.52204],[107.23382,21.51934],[107.2335,21.51514],[107.23844,21.5064],[107.23606,21.50259],[107.23655,21.4961],[107.24639,21.48237],[107.24489,21.47769],[107.23971,21.47291],[107.24213,21.46572],[107.23837,21.45931],[107.24103,21.45512],[107.24043,21.45245],[107.24176,21.45034],[107.24058,21.44685],[107.24555,21.44347],[107.24529,21.43928],[107.24181,21.43439],[107.24611,21.42955],[107.24786,21.42958],[107.24828,21.42365],[107.25309,21.4227],[107.25606,21.41857],[107.25803,21.40368],[107.26496,21.40032],[107.26103,21.39254],[107.26139,21.3866],[107.25889,21.38267],[107.25988,21.37972],[107.25827,21.37465],[107.25286,21.36653],[107.24662,21.36723],[107.24073,21.36432],[107.23837,21.36919],[107.23569,21.37045],[107.23552,21.37366],[107.22752,21.37747],[107.22792,21.38035],[107.21656,21.389],[107.20937,21.38663],[107.20374,21.37896],[107.19931,21.37762],[107.19413,21.37908],[107.19199,21.37545],[107.18606,21.37573],[107.18308,21.3713],[107.17731,21.36914],[107.17133,21.36374],[107.16816,21.36323],[107.1573,21.36842],[107.14698,21.3644],[107.14187,21.36626],[107.14326,21.36942],[107.13448,21.3711],[107.12688,21.36925],[107.11083,21.37607],[107.10558,21.37523],[107.10201,21.37688],[107.09695,21.3736],[107.09467,21.35915],[107.0847,21.35499],[107.08282,21.35331],[107.08326,21.35093],[107.07881,21.34637],[107.06302,21.34828],[107.05927,21.34558],[107.05546,21.3378],[107.05188,21.33547],[107.05186,21.32968],[107.03241,21.32525],[107.03343,21.3149],[107.02962,21.30898],[107.02626,21.30795],[107.02008,21.29926],[107.01785,21.29972],[107.01345,21.29777],[107.01075,21.29467],[107.00666,21.29589],[107.00442,21.29361],[107.00037,21.29471],[106.9878,21.29352],[106.98307,21.29184],[106.97274,21.28429],[106.97466,21.28072],[106.9744,21.27506],[106.97632,21.27046],[106.98373,21.26583],[106.98541,21.25865],[106.98186,21.25124],[106.98126,21.24408],[106.97732,21.23941],[106.97824,21.23372],[106.97646,21.23028],[106.97856,21.22698],[106.97317,21.22454],[106.96913,21.22494],[106.96236,21.21042],[106.95645,21.20601],[106.95577,21.19115],[106.94795,21.18864],[106.94312,21.17422],[106.94165,21.17254],[106.93834,21.17264],[106.93604,21.16896],[106.9265,21.17394],[106.92253,21.17938],[106.91638,21.18434],[106.90491,21.18318],[106.89265,21.17921],[106.88585,21.18332],[106.88291,21.18356],[106.88039,21.18248],[106.87323,21.17388],[106.86128,21.17641],[106.85886,21.1799],[106.85809,21.18672],[106.85541,21.18868],[106.84268,21.18604],[106.82663,21.18841],[106.82556,21.18218],[106.82706,21.17758],[106.82624,21.16421],[106.83362,21.15271],[106.81939,21.15636],[106.81195,21.15372],[106.80431,21.15454],[106.79329,21.14917],[106.76971,21.15232],[106.7678,21.1556],[106.76453,21.15632],[106.75731,21.15508],[106.74448,21.15608],[106.73311,21.16131],[106.72173,21.15941],[106.721,21.16204],[106.71442,21.16118],[106.70665,21.16838],[106.70059,21.16748],[106.69779,21.17019],[106.68193,21.16717],[106.67889,21.17077],[106.67098,21.17048],[106.65213,21.17438],[106.64622,21.17902],[106.6412,21.18075],[106.6385,21.17866],[106.64046,21.17548],[106.63819,21.16847],[106.63508,21.17145],[106.63189,21.1721],[106.61016,21.17097],[106.60574,21.17978],[106.5889,21.17843],[106.59064,21.18428],[106.58779,21.18832],[106.5843,21.18952],[106.58234,21.192],[106.57884,21.19245],[106.56708,21.18866],[106.56513,21.18898],[106.5615,21.19305],[106.5571,21.19451],[106.54705,21.19099],[106.54331,21.19196],[106.53589,21.20622],[106.53301,21.21575],[106.52872,21.2225],[106.51966,21.22545],[106.51247,21.22205],[106.50787,21.22149],[106.50188,21.2244],[106.49996,21.21358],[106.49825,21.21106],[106.50064,21.20154],[106.49439,21.19901],[106.49607,21.18473],[106.48946,21.18074],[106.48951,21.17777],[106.48657,21.1733],[106.49011,21.16679],[106.48268,21.15863],[106.47954,21.14554],[106.48372,21.14412],[106.48414,21.13834],[106.48209,21.13474],[106.48423,21.13149],[106.48362,21.12835],[106.4819,21.12906],[106.48211,21.12644],[106.47941,21.12627],[106.47674,21.12303],[106.47567,21.12402],[106.47477,21.12228],[106.47288,21.12253],[106.47394,21.12143],[106.4722,21.11868],[106.46562,21.1177],[106.46146,21.11514],[106.45903,21.1159],[106.45772,21.11959],[106.45596,21.11743],[106.44619,21.11847],[106.44587,21.11643],[106.44427,21.11769],[106.44138,21.11734],[106.44075,21.11452],[106.4423,21.111],[106.4392,21.10672],[106.44393,21.10038],[106.45,21.09656],[106.45081,21.09461],[106.44554,21.08936],[106.44396,21.08348],[106.44051,21.07989],[106.44102,21.07808],[106.44633,21.07497],[106.44762,21.06969],[106.4549,21.06931],[106.45477,21.06564],[106.45605,21.06523],[106.46706,21.06664],[106.47473,21.06931],[106.48121,21.06898],[106.48856,21.06724],[106.49783,21.06088],[106.50017,21.05733],[106.50354,21.05682],[106.50897,21.05926],[106.51261,21.05823],[106.51665,21.06029],[106.51627,21.05522],[106.5193,21.05384],[106.51513,21.04876],[106.51574,21.04632],[106.5195,21.04825],[106.52342,21.04612],[106.52491,21.05058],[106.53269,21.04768],[106.53797,21.05247],[106.54473,21.05453],[106.55395,21.05287],[106.5611,21.05625],[106.56855,21.05318],[106.57579,21.05741],[106.59593,21.04105],[106.60388,21.03646],[106.60785,21.0311],[106.60886,21.02438],[106.61144,21.02122],[106.61561,21.0202],[106.62247,21.01317],[106.62618,21.01173],[106.63735,21.01237],[106.64506,21.01855],[106.65221,21.0194],[106.68849,21.00479],[106.70676,20.99961],[106.723,20.9972],[106.74032,20.99965],[106.75264,20.99417],[106.76716,20.97749],[106.76909,20.96251],[106.77043,20.91297],[106.76837,20.90646],[106.75364,20.88198],[106.75694,20.86485],[106.76241,20.85295],[106.77282,20.84213],[106.7841,20.83359],[106.78877,20.83197],[106.80495,20.83187],[106.81627,20.82949],[106.82094,20.82616],[106.83206,20.8122],[106.87376,20.834]]],[[[107.12963,20.92505],[107.12869,20.92545],[107.12848,20.92386],[107.12963,20.92505]]],[[[107.12052,20.92558],[107.11957,20.9238],[107.12094,20.92417],[107.12052,20.92558]]],[[[107.08637,20.92382],[107.0875,20.92303],[107.08555,20.92663],[107.08563,20.92311],[107.08637,20.92382]]],[[[106.99605,20.93488],[106.99557,20.93794],[106.99093,20.94162],[106.98796,20.9411],[106.98922,20.93849],[106.98713,20.93708],[106.9812,20.9392],[106.97313,20.93593],[106.9729,20.93436],[106.97635,20.93156],[106.97842,20.92509],[106.98065,20.9241],[106.9772,20.91827],[106.97824,20.91439],[106.98855,20.91429],[106.98991,20.9223],[106.99127,20.92231],[106.99132,20.91721],[106.99328,20.91571],[106.99413,20.92339],[106.99227,20.92616],[106.99712,20.93157],[106.99605,20.93488]]],[[[107.11028,20.92892],[107.10857,20.92962],[107.10704,20.92829],[107.10815,20.93063],[107.10697,20.93324],[107.10628,20.92756],[107.11028,20.92892]]],[[[107.10507,20.9336],[107.09817,20.94124],[107.09984,20.93525],[107.09698,20.9364],[107.0982,20.93362],[107.09605,20.93365],[107.09485,20.93053],[107.09911,20.93169],[107.09932,20.92842],[107.10132,20.93028],[107.10126,20.93392],[107.10304,20.93481],[107.10486,20.93202],[107.10507,20.9336]]],[[[107.08536,20.93587],[107.08435,20.93594],[107.08518,20.93435],[107.08536,20.93587]]],[[[107.07736,20.93563],[107.08019,20.93375],[107.08077,20.93802],[107.07933,20.93709],[107.0796,20.93498],[107.07736,20.93563]]],[[[107.07639,20.94007],[107.07578,20.9374],[107.07695,20.93717],[107.07639,20.94007]]],[[[107.07986,20.93949],[107.08176,20.93895],[107.08001,20.94183],[107.07765,20.94199],[107.0779,20.93958],[107.07986,20.93949]]],[[[107.08858,20.94272],[107.08456,20.94341],[107.08596,20.94536],[107.0844,20.94752],[107.08299,20.94114],[107.08491,20.93747],[107.08645,20.94136],[107.08963,20.94175],[107.08858,20.94272]]],[[[107.09359,20.94345],[107.09221,20.94448],[107.09165,20.94288],[107.09359,20.94345]]],[[[106.94728,20.94292],[106.9413,20.94564],[106.93427,20.951],[106.93195,20.95447],[106.92759,20.95389],[106.92557,20.94808],[106.92864,20.94478],[106.92731,20.94405],[106.92823,20.94198],[106.94299,20.93631],[106.9504,20.9392],[106.94952,20.94199],[106.94728,20.94292]]],[[[106.95436,20.94886],[106.95088,20.9479],[106.94924,20.94956],[106.94588,20.94945],[106.94366,20.94714],[106.95247,20.94315],[106.95668,20.94347],[106.95829,20.9463],[106.95436,20.94886]]],[[[106.92308,20.95346],[106.92367,20.95603],[106.92198,20.95878],[106.92247,20.95268],[106.92308,20.95346]]],[[[107.17181,20.77751],[107.17465,20.77911],[107.17066,20.77829],[107.17011,20.7755],[107.17181,20.77751]]],[[[107.17407,20.80589],[107.17333,20.80907],[107.16954,20.80984],[107.17305,20.80728],[107.17226,20.80554],[107.17407,20.80589]]],[[[107.16643,20.81056],[107.16867,20.80861],[107.16844,20.8105],[107.16643,20.81056]]],[[[107.17292,20.81815],[107.17247,20.82047],[107.17019,20.81969],[107.16733,20.82159],[107.16548,20.82108],[107.16774,20.81749],[107.1688,20.81852],[107.16995,20.81623],[107.17138,20.81667],[107.16925,20.81393],[107.16544,20.81517],[107.16642,20.81227],[107.17071,20.81161],[107.17085,20.81395],[107.1742,20.81387],[107.17237,20.81631],[107.17292,20.81815]]],[[[107.17255,20.83443],[107.17393,20.83527],[107.1713,20.83778],[107.17144,20.84147],[107.1675,20.84365],[107.166,20.84174],[107.1686,20.8398],[107.16604,20.83517],[107.16153,20.83445],[107.16004,20.83612],[107.15817,20.83514],[107.16352,20.8323],[107.16408,20.82967],[107.16199,20.82865],[107.16612,20.82749],[107.16666,20.8295],[107.17519,20.83244],[107.16911,20.83349],[107.17044,20.83655],[107.17255,20.83443]]],[[[107.16688,20.83816],[107.16499,20.83713],[107.16619,20.83663],[107.16688,20.83816]]],[[[107.16257,20.84089],[107.16576,20.84233],[107.16178,20.84201],[107.16021,20.83953],[107.16087,20.83655],[107.16244,20.8358],[107.16173,20.8384],[107.16357,20.83979],[107.16257,20.84089]]],[[[107.15696,20.83865],[107.15936,20.83908],[107.15752,20.83993],[107.15855,20.84469],[107.15637,20.84418],[107.15382,20.84021],[107.15428,20.83869],[107.15696,20.83865]]],[[[107.15251,20.84121],[107.15355,20.84603],[107.15082,20.84512],[107.15251,20.84121]]],[[[107.16451,20.84426],[107.16533,20.84296],[107.16672,20.84436],[107.16451,20.84602],[107.16143,20.84473],[107.16451,20.84426]]],[[[107.15807,20.84615],[107.15883,20.84516],[107.15994,20.84605],[107.15936,20.84861],[107.15573,20.8482],[107.15807,20.84615]]],[[[107.16663,20.84766],[107.16447,20.84887],[107.16565,20.84687],[107.16663,20.84766]]],[[[107.15785,20.84974],[107.1561,20.84989],[107.15727,20.84876],[107.15785,20.84974]]],[[[107.14896,20.85887],[107.14876,20.86072],[107.15023,20.86135],[107.14824,20.86198],[107.14687,20.85928],[107.14966,20.85534],[107.14996,20.85799],[107.15236,20.85945],[107.14896,20.85887]]],[[[107.13981,20.86094],[107.13916,20.85987],[107.14079,20.86141],[107.13981,20.86094]]],[[[107.1353,20.86182],[107.13195,20.86195],[107.13116,20.86385],[107.12751,20.862],[107.12983,20.86163],[107.13041,20.85987],[107.13315,20.86117],[107.13475,20.85922],[107.13873,20.85877],[107.1362,20.85957],[107.1353,20.86182]]],[[[107.15145,20.86253],[107.15305,20.86358],[107.1517,20.86461],[107.15145,20.86253]]],[[[107.15747,20.86382],[107.15649,20.86458],[107.1561,20.86348],[107.15747,20.86382]]],[[[107.16576,20.86434],[107.16474,20.86608],[107.16085,20.86651],[107.16082,20.86491],[107.16809,20.86275],[107.16576,20.86434]]],[[[107.13715,20.8662],[107.13618,20.86401],[107.1378,20.8647],[107.13715,20.8662]]],[[[107.14844,20.87042],[107.14563,20.8734],[107.14462,20.87193],[107.14244,20.87252],[107.1418,20.87009],[107.13882,20.87015],[107.13848,20.86828],[107.14554,20.87076],[107.14841,20.86703],[107.14908,20.8631],[107.15227,20.86624],[107.14844,20.87042]]],[[[107.14127,20.87624],[107.13962,20.87594],[107.13667,20.87848],[107.13693,20.87107],[107.13995,20.87103],[107.13936,20.8735],[107.14206,20.87505],[107.14127,20.87624]]],[[[107.13152,20.87499],[107.13411,20.87287],[107.13552,20.87448],[107.13517,20.87594],[107.13256,20.87668],[107.13152,20.87499]]],[[[107.17077,20.8775],[107.17292,20.87791],[107.17086,20.87867],[107.17164,20.88107],[107.16892,20.8788],[107.16845,20.876],[107.16997,20.87569],[107.17077,20.8775]]],[[[107.16837,20.87855],[107.16705,20.8785],[107.1675,20.87743],[107.16837,20.87855]]],[[[107.17348,20.87947],[107.17318,20.87732],[107.17497,20.87774],[107.17535,20.87974],[107.17281,20.88123],[107.17348,20.87947]]],[[[107.1686,20.89386],[107.16737,20.89228],[107.17035,20.89352],[107.1686,20.89386]]],[[[107.15946,20.89412],[107.15657,20.89268],[107.15561,20.89772],[107.15513,20.89355],[107.15715,20.89096],[107.16008,20.89047],[107.16384,20.89293],[107.15946,20.89412]]],[[[107.14986,20.89687],[107.14925,20.89327],[107.15074,20.89297],[107.14986,20.89687]]],[[[107.16609,20.90034],[107.16752,20.9029],[107.16444,20.90318],[107.16227,20.899],[107.16573,20.89888],[107.16491,20.90016],[107.16609,20.90034]]],[[[107.14025,20.90118],[107.13913,20.90302],[107.13834,20.90221],[107.14025,20.90118]]],[[[107.15136,20.90432],[107.14982,20.90326],[107.15067,20.90173],[107.15245,20.90384],[107.15136,20.90432]]],[[[107.14193,20.90809],[107.14251,20.90966],[107.1402,20.91118],[107.14033,20.90719],[107.14193,20.90809]]],[[[107.1534,20.9094],[107.15293,20.91285],[107.14871,20.91145],[107.1522,20.90826],[107.15536,20.90811],[107.15474,20.91025],[107.1534,20.9094]]],[[[107.14733,20.91437],[107.14888,20.9129],[107.14895,20.91445],[107.14733,20.91437]]],[[[107.16469,20.92046],[107.16648,20.9212],[107.16495,20.9222],[107.16469,20.92046]]],[[[107.15362,20.92502],[107.15273,20.92551],[107.15252,20.92414],[107.15362,20.92502]]],[[[107.16527,20.93013],[107.16417,20.92784],[107.16628,20.92983],[107.16527,20.93013]]],[[[107.13818,20.92832],[107.13888,20.93124],[107.13682,20.93031],[107.13818,20.92832]]],[[[107.16242,20.92818],[107.16467,20.93457],[107.16261,20.93595],[107.15992,20.93114],[107.15888,20.93417],[107.15497,20.93164],[107.15546,20.92523],[107.15415,20.92438],[107.15655,20.92504],[107.15671,20.92781],[107.16242,20.92818]]],[[[107.1319,20.92946],[107.13599,20.93079],[107.13651,20.93265],[107.12985,20.92967],[107.12896,20.92781],[107.13098,20.92891],[107.13293,20.92814],[107.1319,20.92946]]],[[[107.14888,20.92993],[107.15341,20.93254],[107.15407,20.9349],[107.15008,20.93444],[107.14888,20.92993]]],[[[107.17283,20.9358],[107.17274,20.93711],[107.17107,20.93717],[107.17017,20.93413],[107.1673,20.93485],[107.16478,20.93226],[107.17013,20.93322],[107.17283,20.9358]]],[[[107.14968,20.93485],[107.15024,20.9383],[107.14817,20.93775],[107.1454,20.93918],[107.14414,20.9363],[107.14502,20.93308],[107.14802,20.93109],[107.14723,20.9343],[107.14968,20.93485]]],[[[107.16754,20.94367],[107.16625,20.94355],[107.16605,20.94521],[107.16452,20.9441],[107.16575,20.94415],[107.16539,20.93993],[107.16726,20.9402],[107.16754,20.94367]]],[[[107.16386,20.94414],[107.16369,20.94579],[107.15959,20.94485],[107.16096,20.94266],[107.15927,20.94009],[107.16386,20.94414]]],[[[107.17125,20.94353],[107.17204,20.94481],[107.17074,20.94613],[107.16858,20.94527],[107.1685,20.94398],[107.17125,20.94353]]],[[[107.18722,20.77197],[107.18626,20.77383],[107.18821,20.77697],[107.18448,20.77494],[107.18119,20.77603],[107.18304,20.77448],[107.18075,20.77339],[107.18722,20.77197]]],[[[107.17823,20.79532],[107.17968,20.79661],[107.17739,20.79687],[107.176,20.7993],[107.1761,20.79635],[107.17275,20.79656],[107.17204,20.79416],[107.17823,20.79532]]],[[[107.18388,20.80305],[107.18501,20.8046],[107.18247,20.80389],[107.18388,20.80305]]],[[[107.18894,20.80673],[107.18974,20.80966],[107.18499,20.81029],[107.18651,20.80867],[107.18635,20.8052],[107.18894,20.80673]]],[[[107.17681,20.81036],[107.17826,20.81024],[107.17751,20.81241],[107.17355,20.81152],[107.17681,20.81036]]],[[[107.17813,20.81433],[107.17955,20.8155],[107.17629,20.8171],[107.17582,20.81362],[107.17813,20.81433]]],[[[107.17998,20.82296],[107.17618,20.8232],[107.17456,20.82473],[107.1746,20.82272],[107.17338,20.82261],[107.17097,20.82416],[107.1761,20.81898],[107.1754,20.82128],[107.1786,20.82196],[107.18075,20.82079],[107.17998,20.82296]]],[[[107.18113,20.82577],[107.18041,20.8248],[107.18153,20.82442],[107.18113,20.82577]]],[[[107.17835,20.82485],[107.17959,20.82502],[107.17993,20.8282],[107.17808,20.82901],[107.17624,20.82756],[107.17835,20.82485]]],[[[107.18433,20.83066],[107.18439,20.82885],[107.18666,20.83095],[107.18433,20.83066]]],[[[107.18945,20.8395],[107.18638,20.83967],[107.18879,20.83849],[107.18945,20.8395]]],[[[107.19378,20.84084],[107.19577,20.84125],[107.19375,20.84231],[107.19098,20.84131],[107.19203,20.83996],[107.19378,20.84084]]],[[[107.17478,20.852],[107.17603,20.85151],[107.17401,20.85389],[107.17219,20.85253],[107.17319,20.84567],[107.17687,20.84365],[107.17843,20.84469],[107.17919,20.84134],[107.18179,20.84329],[107.1791,20.84418],[107.17999,20.84663],[107.18415,20.8406],[107.1864,20.84037],[107.18751,20.84314],[107.18444,20.84205],[107.18508,20.84355],[107.18314,20.84458],[107.18401,20.84804],[107.17776,20.84872],[107.17925,20.85051],[107.17652,20.85032],[107.17478,20.852]]],[[[107.1854,20.85623],[107.18456,20.85573],[107.18635,20.85466],[107.1854,20.85623]]],[[[107.19045,20.85741],[107.1895,20.85794],[107.189,20.85661],[107.19045,20.85741]]],[[[107.18146,20.86082],[107.1813,20.85974],[107.18321,20.85961],[107.18146,20.86082]]],[[[107.17634,20.864],[107.17464,20.86359],[107.17624,20.86248],[107.17634,20.864]]],[[[107.19923,20.86332],[107.19935,20.86474],[107.19665,20.86491],[107.19923,20.86332]]],[[[107.20275,20.86717],[107.2007,20.86767],[107.20229,20.86541],[107.20275,20.86717]]],[[[107.19594,20.86583],[107.19709,20.86919],[107.19602,20.87019],[107.19346,20.86782],[107.19378,20.86627],[107.19594,20.86583]]],[[[107.18147,20.87199],[107.18251,20.87374],[107.17973,20.87415],[107.17983,20.87195],[107.18147,20.87199]]],[[[107.18983,20.87521],[107.1918,20.87313],[107.19124,20.87532],[107.18983,20.87521]]],[[[107.18673,20.87575],[107.18611,20.87827],[107.18263,20.87459],[107.18521,20.87601],[107.1845,20.87436],[107.18629,20.87081],[107.1894,20.87053],[107.18673,20.87575]]],[[[107.19734,20.88371],[107.19572,20.88437],[107.19469,20.88276],[107.19276,20.88689],[107.19145,20.88516],[107.19257,20.88246],[107.19108,20.88221],[107.18867,20.88523],[107.1867,20.88366],[107.18641,20.88122],[107.18284,20.88167],[107.18441,20.88067],[107.18302,20.87933],[107.18773,20.88015],[107.19229,20.87458],[107.19485,20.87414],[107.19416,20.87174],[107.1962,20.87277],[107.19846,20.87189],[107.20059,20.87366],[107.20009,20.8708],[107.20462,20.87162],[107.20568,20.86768],[107.20362,20.86492],[107.20556,20.86449],[107.20833,20.86691],[107.20674,20.86992],[107.20907,20.87121],[107.21261,20.87069],[107.21357,20.87337],[107.21103,20.8752],[107.20842,20.87473],[107.20892,20.87676],[107.20749,20.87762],[107.20244,20.8783],[107.20254,20.8814],[107.19734,20.88371]]],[[[107.17954,20.88129],[107.18129,20.88164],[107.17947,20.88476],[107.17954,20.88129]]],[[[107.1754,20.88551],[107.17398,20.88428],[107.17485,20.88252],[107.1754,20.88551]]],[[[107.1832,20.88428],[107.18401,20.88379],[107.18397,20.88624],[107.1832,20.88428]]],[[[107.2036,20.88697],[107.20071,20.88803],[107.20035,20.88964],[107.19782,20.88557],[107.20084,20.88361],[107.20323,20.88492],[107.2036,20.88697]]],[[[107.18639,20.88708],[107.18606,20.88596],[107.18866,20.88671],[107.18639,20.88708]]],[[[107.18249,20.92365],[107.18018,20.92297],[107.18226,20.92229],[107.18249,20.92365]]],[[[107.19768,20.93742],[107.19512,20.93826],[107.19477,20.94039],[107.1928,20.93704],[107.19477,20.93712],[107.19515,20.93561],[107.19288,20.935],[107.1995,20.93491],[107.19842,20.93574],[107.19915,20.93722],[107.20053,20.93668],[107.19989,20.93792],[107.19768,20.93742]]],[[[107.19165,20.93806],[107.19165,20.9403],[107.18956,20.93766],[107.1885,20.94008],[107.18685,20.93633],[107.18988,20.9348],[107.19008,20.93742],[107.19165,20.93806]]],[[[107.17786,20.94368],[107.17754,20.94649],[107.17305,20.94626],[107.17319,20.94318],[107.16962,20.94309],[107.16938,20.93985],[107.16622,20.93778],[107.16899,20.93715],[107.17114,20.93963],[107.17013,20.94148],[107.17231,20.94203],[107.17456,20.93899],[107.17417,20.93667],[107.17803,20.93837],[107.17579,20.93614],[107.17602,20.93429],[107.17734,20.9348],[107.17691,20.93659],[107.17969,20.93781],[107.17946,20.9346],[107.18311,20.93975],[107.18471,20.93869],[107.18602,20.94198],[107.18816,20.9401],[107.19093,20.94158],[107.18694,20.9446],[107.18103,20.94145],[107.1819,20.94289],[107.18063,20.94578],[107.17786,20.94368]]],[[[107.19372,20.94084],[107.19409,20.94422],[107.19265,20.94524],[107.19109,20.94376],[107.19301,20.94244],[107.19325,20.93952],[107.19372,20.94084]]],[[[107.19003,20.94554],[107.18886,20.94685],[107.18722,20.94476],[107.19003,20.94554]]],[[[107.18262,20.94637],[107.18247,20.94428],[107.18363,20.94404],[107.18331,20.94792],[107.18262,20.94637]]],[[[107.20041,20.95432],[107.2024,20.95911],[107.2012,20.96167],[107.19864,20.95637],[107.19646,20.95522],[107.19775,20.95395],[107.1948,20.95361],[107.19453,20.9513],[107.1921,20.95106],[107.19272,20.9482],[107.19416,20.9476],[107.19519,20.95004],[107.19811,20.94879],[107.19723,20.95107],[107.20041,20.95432]]],[[[107.21168,20.82051],[107.21162,20.8186],[107.21327,20.81831],[107.21168,20.82051]]],[[[107.21165,20.82514],[107.21313,20.82404],[107.21491,20.82526],[107.21165,20.82514]]],[[[107.22798,20.82764],[107.22659,20.82828],[107.22575,20.82719],[107.22798,20.82764]]],[[[107.2249,20.83061],[107.22582,20.83221],[107.22447,20.83292],[107.22009,20.83188],[107.2249,20.83061]]],[[[107.21927,20.83507],[107.22282,20.83514],[107.22144,20.83636],[107.21867,20.83614],[107.21927,20.83507]]],[[[107.21106,20.83752],[107.21002,20.83999],[107.20636,20.84221],[107.20645,20.83915],[107.20358,20.83991],[107.20713,20.8362],[107.20904,20.83774],[107.21025,20.83491],[107.21482,20.8334],[107.21519,20.83537],[107.21106,20.83752]]],[[[107.21302,20.84463],[107.21153,20.844],[107.21295,20.84266],[107.21302,20.84463]]],[[[107.21001,20.84456],[107.20861,20.84429],[107.20906,20.84315],[107.21001,20.84456]]],[[[107.22627,20.86024],[107.22465,20.85797],[107.22709,20.85855],[107.22627,20.86024]]],[[[107.24646,20.86073],[107.24833,20.86145],[107.24708,20.86195],[107.24813,20.86336],[107.24658,20.86263],[107.24646,20.86073]]],[[[107.22119,20.86368],[107.21821,20.86724],[107.21775,20.86548],[107.22132,20.86035],[107.21938,20.86085],[107.2182,20.85951],[107.22012,20.85721],[107.2213,20.85857],[107.2236,20.85818],[107.22379,20.86093],[107.22119,20.86368]]],[[[107.21229,20.86037],[107.21411,20.86102],[107.21312,20.865],[107.21047,20.86178],[107.21229,20.86037]]],[[[107.23078,20.86331],[107.22862,20.86533],[107.22653,20.86459],[107.2229,20.86666],[107.22866,20.85964],[107.22944,20.86306],[107.23207,20.86208],[107.23078,20.86331]]],[[[107.2347,20.86302],[107.23465,20.86573],[107.23295,20.86571],[107.23233,20.86343],[107.2347,20.86302]]],[[[107.20826,20.86361],[107.20991,20.86257],[107.21137,20.86487],[107.21038,20.86936],[107.20872,20.86891],[107.21006,20.86606],[107.20948,20.86349],[107.20826,20.86361]]],[[[107.2173,20.86819],[107.21687,20.8708],[107.21133,20.86879],[107.21557,20.86975],[107.21528,20.86711],[107.21432,20.86787],[107.2127,20.86613],[107.21437,20.86631],[107.2159,20.86229],[107.2173,20.86819]]],[[[107.24218,20.86688],[107.23926,20.86917],[107.23913,20.86619],[107.24251,20.86454],[107.24433,20.86551],[107.24218,20.86688]]],[[[107.22905,20.86728],[107.23078,20.86858],[107.2275,20.86935],[107.22843,20.86606],[107.22905,20.86728]]],[[[107.23215,20.87084],[107.23096,20.87072],[107.23193,20.86868],[107.23215,20.87084]]],[[[107.22322,20.87128],[107.22104,20.87022],[107.22295,20.87001],[107.22322,20.87128]]],[[[107.23645,20.87055],[107.23836,20.86799],[107.24063,20.87227],[107.23926,20.87439],[107.23645,20.87055]]],[[[107.23655,20.87423],[107.23354,20.87873],[107.23309,20.87676],[107.23095,20.8773],[107.23453,20.87262],[107.23714,20.87315],[107.23655,20.87423]]],[[[107.22514,20.87681],[107.22477,20.87472],[107.22616,20.87545],[107.22514,20.87681]]],[[[107.21906,20.87829],[107.22072,20.87895],[107.21847,20.88132],[107.21688,20.88092],[107.21552,20.87922],[107.21643,20.87732],[107.21452,20.87537],[107.2179,20.87184],[107.21945,20.87377],[107.21582,20.8747],[107.21662,20.87575],[107.22022,20.87441],[107.21814,20.8775],[107.21906,20.87829]]],[[[107.24746,20.87903],[107.24631,20.87859],[107.24732,20.87705],[107.24746,20.87903]]],[[[107.20625,20.87962],[107.20856,20.87816],[107.20601,20.88591],[107.20426,20.88018],[107.20476,20.87897],[107.20625,20.87962]]],[[[107.20943,20.88243],[107.2104,20.8805],[107.21259,20.8811],[107.20948,20.88587],[107.20841,20.88476],[107.20943,20.88243]]],[[[107.21756,20.95077],[107.21876,20.95056],[107.21806,20.95163],[107.21756,20.95077]]],[[[107.24673,20.9521],[107.24595,20.95057],[107.24741,20.9507],[107.24673,20.9521]]],[[[107.24328,20.95069],[107.24483,20.95113],[107.2423,20.95273],[107.24182,20.95108],[107.24328,20.95069]]],[[[107.21661,20.95219],[107.2144,20.95292],[107.21293,20.95022],[107.21639,20.94998],[107.21661,20.95219]]],[[[107.23436,20.95287],[107.23347,20.95174],[107.23544,20.9518],[107.23436,20.95287]]],[[[107.23743,20.95688],[107.2355,20.95562],[107.23733,20.9542],[107.23743,20.95688]]],[[[107.23322,20.95767],[107.23179,20.95766],[107.23256,20.95623],[107.23322,20.95767]]],[[[107.21719,20.96466],[107.21341,20.96629],[107.21383,20.96461],[107.21547,20.96462],[107.21462,20.96332],[107.21068,20.96532],[107.20837,20.9592],[107.20674,20.95965],[107.20628,20.95797],[107.20958,20.9538],[107.20541,20.95642],[107.20583,20.94904],[107.20952,20.95041],[107.20905,20.95255],[107.21206,20.95202],[107.21282,20.95516],[107.20928,20.95642],[107.21446,20.95623],[107.21501,20.95808],[107.21204,20.95811],[107.21327,20.961],[107.21468,20.96134],[107.21621,20.95932],[107.21992,20.96022],[107.21625,20.96086],[107.21979,20.96551],[107.21719,20.96466]]],[[[107.23078,20.965],[107.2324,20.9656],[107.23231,20.96855],[107.23112,20.96629],[107.22873,20.96643],[107.22861,20.96469],[107.23078,20.965]]],[[[107.23401,20.96915],[107.233,20.96775],[107.23469,20.9659],[107.23401,20.96915]]],[[[107.24145,20.96918],[107.23987,20.97128],[107.23959,20.97],[107.24145,20.96918]]],[[[107.23196,20.97347],[107.22657,20.97447],[107.22434,20.97169],[107.22715,20.97096],[107.2259,20.9687],[107.22765,20.96822],[107.22847,20.97078],[107.23064,20.97007],[107.23044,20.9717],[107.22806,20.97181],[107.23233,20.97195],[107.23196,20.97347]]],[[[107.24511,20.98208],[107.24444,20.98409],[107.24263,20.98348],[107.24511,20.98208]]],[[[107.24128,20.98466],[107.2416,20.98256],[107.24247,20.98433],[107.24128,20.98466]]],[[[107.23564,20.98552],[107.23554,20.98713],[107.23281,20.98709],[107.23474,20.98558],[107.23476,20.98299],[107.23564,20.98552]]],[[[107.24088,20.98666],[107.24085,20.99079],[107.23566,20.99074],[107.23865,20.98909],[107.23748,20.98769],[107.23903,20.98771],[107.24039,20.98559],[107.24088,20.98666]]],[[[107.27379,20.81922],[107.27401,20.81659],[107.27576,20.81988],[107.27379,20.81922]]],[[[107.26493,20.82046],[107.26336,20.82046],[107.26542,20.81859],[107.26493,20.82046]]],[[[107.25507,20.82362],[107.25764,20.82356],[107.25527,20.8244],[107.25359,20.82361],[107.25405,20.82228],[107.25507,20.82362]]],[[[107.27155,20.82359],[107.27295,20.82285],[107.27439,20.82675],[107.2709,20.82517],[107.27155,20.82359]]],[[[107.28077,20.82626],[107.28078,20.8251],[107.28133,20.82874],[107.28077,20.82626]]],[[[107.26958,20.82735],[107.2702,20.82831],[107.26779,20.8284],[107.26958,20.82735]]],[[[107.26068,20.8341],[107.25907,20.83328],[107.25939,20.83119],[107.26184,20.83215],[107.26068,20.8341]]],[[[107.28151,20.83583],[107.28037,20.8352],[107.28233,20.83441],[107.28151,20.83583]]],[[[107.26229,20.83595],[107.26392,20.83578],[107.26174,20.83801],[107.25879,20.83651],[107.25871,20.83503],[107.26229,20.83595]]],[[[107.25108,20.84991],[107.25371,20.85127],[107.25022,20.85135],[107.24909,20.84741],[107.24401,20.8482],[107.2464,20.84596],[107.2465,20.84384],[107.24984,20.84522],[107.25071,20.8433],[107.25302,20.84288],[107.25292,20.8455],[107.25076,20.84589],[107.25065,20.84719],[107.25562,20.84713],[107.25468,20.84886],[107.25579,20.85024],[107.25373,20.84994],[107.25315,20.84801],[107.25108,20.84991]]],[[[107.27866,20.84922],[107.27883,20.85131],[107.27598,20.84969],[107.27704,20.85237],[107.27598,20.85256],[107.27077,20.84793],[107.27009,20.84564],[107.27364,20.84472],[107.27474,20.84736],[107.27741,20.84606],[107.28096,20.84784],[107.28056,20.84915],[107.27866,20.84922]]],[[[107.26844,20.84856],[107.26883,20.84968],[107.26721,20.84971],[107.26844,20.84856]]],[[[107.27074,20.85246],[107.27118,20.85354],[107.26936,20.85282],[107.26746,20.85462],[107.26602,20.85077],[107.26957,20.85173],[107.26986,20.84934],[107.27074,20.85246]]],[[[107.27424,20.85397],[107.27351,20.8549],[107.27319,20.85199],[107.27473,20.85271],[107.27424,20.85397]]],[[[107.24845,20.85579],[107.24875,20.85677],[107.24675,20.85696],[107.24845,20.85579]]],[[[107.26906,20.85581],[107.27114,20.85697],[107.26905,20.85904],[107.26796,20.85784],[107.26906,20.85581]]],[[[107.27299,20.85834],[107.2717,20.85853],[107.27199,20.85684],[107.27299,20.85834]]],[[[107.25312,20.86002],[107.25139,20.85897],[107.25278,20.85844],[107.25312,20.86002]]],[[[107.26214,20.86014],[107.2609,20.85921],[107.26338,20.86033],[107.26214,20.86014]]],[[[107.27246,20.86517],[107.27254,20.86644],[107.27057,20.8657],[107.26655,20.86723],[107.26859,20.86409],[107.26592,20.86119],[107.26442,20.86201],[107.26396,20.86098],[107.26576,20.85906],[107.26714,20.8604],[107.27393,20.85972],[107.27323,20.86136],[107.27495,20.86252],[107.27231,20.8633],[107.27246,20.86517]]],[[[107.26102,20.86499],[107.2611,20.86841],[107.25866,20.86694],[107.25709,20.86788],[107.25715,20.86555],[107.25912,20.86486],[107.25883,20.8617],[107.26186,20.8642],[107.26102,20.86499]]],[[[107.28398,20.86378],[107.2856,20.86718],[107.2781,20.86522],[107.27966,20.86292],[107.28267,20.86535],[107.28398,20.86378]]],[[[107.24859,20.86534],[107.24752,20.86611],[107.24892,20.86437],[107.24859,20.86534]]],[[[107.2556,20.86755],[107.25646,20.86575],[107.25513,20.86987],[107.2556,20.86755]]],[[[107.27713,20.8681],[107.27823,20.86614],[107.28018,20.86762],[107.28018,20.87022],[107.27815,20.86716],[107.27713,20.8681]]],[[[107.26965,20.86752],[107.27018,20.86926],[107.26886,20.86937],[107.26848,20.86774],[107.26965,20.86752]]],[[[107.26216,20.87096],[107.26295,20.87267],[107.26107,20.87377],[107.25927,20.87219],[107.25811,20.87277],[107.25887,20.87071],[107.26252,20.86947],[107.2676,20.86962],[107.26627,20.8721],[107.26216,20.87096]]],[[[107.27756,20.87171],[107.27862,20.87342],[107.27697,20.87309],[107.27522,20.87554],[107.27486,20.87374],[107.27756,20.87171]]],[[[107.28224,20.87525],[107.28313,20.87651],[107.28161,20.87857],[107.27847,20.87861],[107.28078,20.87785],[107.28224,20.87525]]],[[[107.26377,20.91099],[107.26151,20.91205],[107.26063,20.91067],[107.25975,20.91321],[107.25803,20.91121],[107.26227,20.90957],[107.26377,20.91099]]],[[[107.27693,20.9381],[107.27219,20.94162],[107.27393,20.93772],[107.27735,20.93661],[107.27693,20.9381]]],[[[107.26547,20.94769],[107.2634,20.94713],[107.26527,20.94563],[107.26547,20.94769]]],[[[107.27384,20.94736],[107.27489,20.94863],[107.27287,20.94963],[107.27384,20.94736]]],[[[107.26949,20.95105],[107.26747,20.94942],[107.26888,20.94818],[107.27034,20.94966],[107.26949,20.95105]]],[[[107.26032,20.9501],[107.2628,20.95091],[107.26042,20.95197],[107.25569,20.95053],[107.2567,20.94895],[107.26032,20.9501]]],[[[107.25068,20.95363],[107.25042,20.95493],[107.24635,20.95496],[107.25068,20.95363]]],[[[107.26301,20.96745],[107.26439,20.96854],[107.26283,20.96884],[107.26301,20.96745]]],[[[107.27293,20.97785],[107.27327,20.97563],[107.27453,20.97584],[107.27399,20.97869],[107.27243,20.97881],[107.27293,20.97785]]],[[[107.26849,20.98242],[107.26737,20.98017],[107.26547,20.98257],[107.26461,20.98195],[107.26645,20.97814],[107.26832,20.97941],[107.27103,20.97731],[107.2707,20.98206],[107.26849,20.98242]]],[[[107.28002,20.98209],[107.28056,20.98321],[107.27656,20.98335],[107.28002,20.98209]]],[[[107.25521,20.98443],[107.25342,20.98332],[107.24792,20.98735],[107.24671,20.98645],[107.24996,20.98195],[107.25275,20.98301],[107.25639,20.98157],[107.25521,20.98443]]],[[[107.2769,20.98535],[107.27988,20.98593],[107.27845,20.987],[107.27462,20.98623],[107.27466,20.98331],[107.2769,20.98535]]],[[[107.31245,20.83038],[107.31193,20.8323],[107.31363,20.83298],[107.31179,20.83352],[107.31003,20.83258],[107.31147,20.82828],[107.31245,20.83038]]],[[[107.30471,20.83602],[107.3075,20.83706],[107.30694,20.83954],[107.30471,20.83602]]],[[[107.30287,20.84104],[107.30467,20.84195],[107.30111,20.84226],[107.30287,20.84104]]],[[[107.28393,20.85301],[107.28175,20.85154],[107.28045,20.85419],[107.27914,20.8538],[107.28042,20.85072],[107.2838,20.84897],[107.28097,20.84131],[107.28107,20.84604],[107.2695,20.84362],[107.27023,20.84081],[107.26835,20.83836],[107.27416,20.84288],[107.27812,20.84368],[107.27367,20.84007],[107.27647,20.83882],[107.27636,20.83707],[107.27355,20.83595],[107.27324,20.83876],[107.2722,20.83569],[107.26901,20.83488],[107.2751,20.83367],[107.2793,20.83596],[107.2774,20.83727],[107.27963,20.83904],[107.28043,20.8372],[107.28114,20.83861],[107.28396,20.83622],[107.28344,20.83943],[107.28167,20.83921],[107.28404,20.84166],[107.28529,20.83872],[107.28757,20.83796],[107.2879,20.83986],[107.29028,20.83959],[107.29133,20.84083],[107.28984,20.84182],[107.2943,20.84241],[107.29342,20.84442],[107.29527,20.84394],[107.29646,20.84555],[107.29222,20.84776],[107.29026,20.84702],[107.28966,20.84455],[107.28493,20.84327],[107.28432,20.84572],[107.28535,20.84505],[107.28652,20.84725],[107.28515,20.84788],[107.28664,20.84936],[107.28393,20.85301]]],[[[107.28799,20.84563],[107.28692,20.84605],[107.28651,20.84471],[107.28799,20.84563]]],[[[107.3217,20.84456],[107.32511,20.84538],[107.32301,20.84693],[107.32112,20.84591],[107.3217,20.84456]]],[[[107.28786,20.8544],[107.28645,20.85411],[107.28615,20.85144],[107.28786,20.8544]]],[[[107.29479,20.85342],[107.29606,20.8546],[107.29429,20.85472],[107.29364,20.85334],[107.29479,20.85342]]],[[[107.28987,20.85514],[107.29131,20.85682],[107.28897,20.85642],[107.28885,20.85454],[107.28987,20.85514]]],[[[107.28503,20.85443],[107.28711,20.85542],[107.28726,20.85895],[107.28418,20.85811],[107.28455,20.85632],[107.28204,20.85491],[107.28354,20.85343],[107.28503,20.85443]]],[[[107.29418,20.85869],[107.29392,20.85668],[107.29609,20.85925],[107.29418,20.85869]]],[[[107.30125,20.86282],[107.30103,20.86423],[107.30282,20.86471],[107.30107,20.86695],[107.29971,20.8627],[107.30464,20.86042],[107.30125,20.86282]]],[[[107.32126,20.86492],[107.32168,20.86378],[107.32256,20.86454],[107.32193,20.86722],[107.31905,20.86563],[107.32126,20.86492]]],[[[107.30966,20.86795],[107.30768,20.8682],[107.3065,20.86632],[107.30966,20.86795]]],[[[107.28219,20.86945],[107.28117,20.86874],[107.28222,20.86756],[107.28219,20.86945]]],[[[107.31204,20.87003],[107.30918,20.86886],[107.31111,20.86806],[107.31204,20.87003]]],[[[107.30536,20.86733],[107.30578,20.86903],[107.30328,20.8716],[107.3026,20.87028],[107.30536,20.86733]]],[[[107.30147,20.86961],[107.30178,20.87171],[107.29932,20.87481],[107.30042,20.87046],[107.29938,20.86905],[107.30085,20.86832],[107.30147,20.86961]]],[[[107.31106,20.87432],[107.31079,20.87296],[107.31319,20.87161],[107.31322,20.87365],[107.31106,20.87432]]],[[[107.30513,20.87287],[107.30714,20.87247],[107.30564,20.87584],[107.30322,20.87296],[107.30513,20.87287]]],[[[107.29051,20.87536],[107.28926,20.8757],[107.28914,20.87393],[107.29051,20.87536]]],[[[107.29666,20.87568],[107.29463,20.87478],[107.29494,20.87329],[107.29861,20.87584],[107.29671,20.87735],[107.29666,20.87568]]],[[[107.30282,20.9001],[107.30084,20.9],[107.29821,20.90319],[107.29122,20.90728],[107.29532,20.90261],[107.29735,20.90217],[107.29793,20.89989],[107.29628,20.89857],[107.29943,20.89235],[107.30135,20.8935],[107.30125,20.89117],[107.30572,20.88653],[107.30753,20.88682],[107.31045,20.88092],[107.31276,20.88073],[107.31361,20.87858],[107.31451,20.87949],[107.31616,20.87861],[107.31572,20.87631],[107.32065,20.8758],[107.32246,20.87434],[107.32127,20.87212],[107.32318,20.87244],[107.32371,20.87614],[107.31817,20.88166],[107.31516,20.88279],[107.31464,20.88604],[107.31162,20.88854],[107.31069,20.89188],[107.30282,20.9001]]],[[[107.31469,20.91224],[107.31362,20.91451],[107.31159,20.91477],[107.30848,20.9124],[107.31033,20.91102],[107.30633,20.90819],[107.30714,20.90631],[107.31012,20.90771],[107.30876,20.90416],[107.31062,20.90099],[107.30819,20.89718],[107.31059,20.89556],[107.31028,20.89415],[107.31638,20.88531],[107.31886,20.88385],[107.31831,20.88764],[107.32226,20.88306],[107.32371,20.88318],[107.32362,20.8861],[107.3191,20.89145],[107.32017,20.8925],[107.31925,20.90116],[107.31424,20.91017],[107.31469,20.91224]]],[[[107.30791,20.90083],[107.30793,20.89883],[107.30915,20.90025],[107.30791,20.90083]]],[[[107.32741,20.90021],[107.32893,20.89928],[107.32857,20.90109],[107.32708,20.90133],[107.32741,20.90021]]],[[[107.28973,20.9033],[107.28919,20.90544],[107.28662,20.90555],[107.28742,20.90352],[107.28856,20.90418],[107.28907,20.90282],[107.29103,20.90244],[107.28973,20.9033]]],[[[107.28549,20.90574],[107.28394,20.90594],[107.28547,20.90475],[107.28549,20.90574]]],[[[107.32348,20.90528],[107.32471,20.90223],[107.32705,20.90216],[107.32229,20.90789],[107.31935,20.90902],[107.32348,20.90528]]],[[[107.29522,20.90951],[107.29552,20.91128],[107.29397,20.91152],[107.29522,20.90951]]],[[[107.30419,20.91357],[107.30618,20.91265],[107.30335,20.91553],[107.3048,20.91899],[107.30395,20.92021],[107.30149,20.91271],[107.30329,20.91141],[107.30226,20.91324],[107.30419,20.91357]]],[[[107.31119,20.91771],[107.30846,20.9183],[107.30777,20.92015],[107.30596,20.91777],[107.30959,20.91461],[107.31119,20.91771]]],[[[107.28257,20.92877],[107.28135,20.92919],[107.28421,20.92811],[107.28257,20.92877]]],[[[107.29127,20.93853],[107.28913,20.93828],[107.28434,20.94199],[107.28422,20.93947],[107.28746,20.9382],[107.28742,20.93596],[107.2893,20.93673],[107.29182,20.93511],[107.29024,20.93757],[107.29171,20.93734],[107.29127,20.93853]]],[[[107.29482,20.94341],[107.28917,20.94498],[107.28978,20.94184],[107.29178,20.94158],[107.29136,20.93922],[107.29496,20.94041],[107.29795,20.93865],[107.29822,20.94023],[107.29424,20.94142],[107.29482,20.94341]]],[[[107.30307,20.95224],[107.30374,20.94916],[107.30809,20.95223],[107.30594,20.95361],[107.30307,20.95224]]],[[[107.30915,20.95326],[107.31067,20.95136],[107.31071,20.95386],[107.30806,20.95699],[107.30915,20.95326]]],[[[107.3032,20.95523],[107.30382,20.95342],[107.30462,20.95509],[107.3032,20.95523]]],[[[107.30099,20.95408],[107.30174,20.95593],[107.29892,20.95773],[107.29749,20.95541],[107.30099,20.95408]]],[[[107.28425,20.95504],[107.29,20.95602],[107.29178,20.95866],[107.29085,20.9592],[107.2871,20.95595],[107.28405,20.95592],[107.28469,20.9576],[107.28185,20.95607],[107.28425,20.95504]]],[[[107.2932,20.95937],[107.29314,20.95719],[107.29463,20.95664],[107.2932,20.95937]]],[[[107.30616,20.96368],[107.30978,20.96668],[107.30974,20.96873],[107.30674,20.97136],[107.30179,20.96675],[107.30139,20.96342],[107.30397,20.9628],[107.30616,20.9579],[107.30827,20.95916],[107.31339,20.95714],[107.31409,20.96015],[107.31624,20.95936],[107.31524,20.96123],[107.30946,20.95959],[107.30977,20.96164],[107.31142,20.96099],[107.3129,20.96259],[107.31218,20.96462],[107.30947,20.96515],[107.30616,20.96368]]],[[[107.32301,20.97123],[107.3256,20.97394],[107.32295,20.9735],[107.32301,20.97123]]],[[[107.28741,20.97758],[107.28476,20.97744],[107.2826,20.97973],[107.2825,20.97411],[107.28537,20.97703],[107.28723,20.97587],[107.28741,20.97758]]],[[[107.29254,20.97835],[107.29668,20.97999],[107.28973,20.97922],[107.29029,20.97784],[107.29254,20.97835]]],[[[107.32105,20.98001],[107.3239,20.98114],[107.31926,20.98312],[107.31492,20.9815],[107.32105,20.98001]]],[[[107.28553,20.98944],[107.282,20.99078],[107.28619,20.98715],[107.2845,20.98434],[107.28784,20.98209],[107.29749,20.98817],[107.29314,20.98754],[107.29172,20.98961],[107.29255,20.98776],[107.2912,20.9861],[107.28771,20.98578],[107.28553,20.98944]]],[[[107.31209,20.99182],[107.30886,20.99081],[107.30793,20.99288],[107.30435,20.99051],[107.30937,20.98983],[107.31209,20.99182]]],[[[107.34632,20.68917],[107.34501,20.68919],[107.34525,20.68757],[107.34632,20.68917]]],[[[107.37798,20.75264],[107.37622,20.7484],[107.379,20.75094],[107.37798,20.75264]]],[[[107.3371,20.78784],[107.33622,20.78742],[107.33842,20.78819],[107.3371,20.78784]]],[[[107.33727,20.78883],[107.33858,20.78917],[107.3378,20.79068],[107.33727,20.78883]]],[[[107.33891,20.79459],[107.33777,20.79468],[107.33809,20.7936],[107.33891,20.79459]]],[[[107.3335,20.81273],[107.33238,20.81073],[107.33478,20.80925],[107.336,20.81052],[107.3335,20.81273]]],[[[107.35189,20.8266],[107.35019,20.82115],[107.35059,20.82697],[107.34718,20.83232],[107.3466,20.84142],[107.34032,20.85106],[107.33459,20.85409],[107.33372,20.84983],[107.33883,20.83625],[107.34312,20.83155],[107.34123,20.82754],[107.34388,20.81631],[107.34461,20.80468],[107.34726,20.80376],[107.34905,20.80738],[107.35184,20.80779],[107.37113,20.80511],[107.3684,20.80956],[107.37081,20.80787],[107.36973,20.80951],[107.36678,20.81033],[107.36438,20.80961],[107.36205,20.81202],[107.36717,20.81129],[107.37119,20.80874],[107.372,20.80209],[107.37612,20.79966],[107.38011,20.79396],[107.38392,20.79513],[107.38448,20.79862],[107.38048,20.80411],[107.37987,20.81473],[107.38147,20.81935],[107.38025,20.8242],[107.3837,20.82853],[107.37999,20.82977],[107.37846,20.82764],[107.37856,20.82358],[107.37402,20.82545],[107.36971,20.82352],[107.36188,20.82798],[107.36176,20.8296],[107.35957,20.82912],[107.35708,20.83516],[107.35521,20.83473],[107.35283,20.83715],[107.35122,20.83084],[107.3536,20.82574],[107.35189,20.8266]]],[[[107.36893,20.82936],[107.36774,20.82585],[107.37075,20.8269],[107.37023,20.82978],[107.37192,20.83157],[107.37072,20.83346],[107.36893,20.82936]]],[[[107.36249,20.83613],[107.35994,20.84037],[107.35975,20.84565],[107.35812,20.84822],[107.35867,20.84396],[107.35683,20.84247],[107.35661,20.8363],[107.35998,20.83399],[107.36068,20.83153],[107.36204,20.83218],[107.36249,20.83613]]],[[[107.37045,20.84182],[107.36893,20.84215],[107.37023,20.8408],[107.37045,20.84182]]],[[[107.32996,20.84127],[107.33231,20.84141],[107.33164,20.84345],[107.32966,20.84249],[107.32996,20.84127]]],[[[107.34517,20.84956],[107.34639,20.84929],[107.34711,20.85152],[107.34287,20.85582],[107.34136,20.85295],[107.34302,20.85197],[107.34221,20.84948],[107.34411,20.84679],[107.34517,20.84956]]],[[[107.38348,20.87657],[107.37639,20.87827],[107.37303,20.87614],[107.37932,20.87397],[107.38335,20.87423],[107.38348,20.87657]]],[[[107.33856,20.89255],[107.33172,20.89567],[107.32945,20.89358],[107.33122,20.88319],[107.32876,20.87978],[107.33014,20.87633],[107.33749,20.87249],[107.33746,20.88216],[107.33905,20.88709],[107.34221,20.88565],[107.3422,20.8803],[107.34584,20.87453],[107.34531,20.8698],[107.35075,20.86094],[107.35412,20.86297],[107.3526,20.8606],[107.35524,20.85854],[107.35486,20.85676],[107.35624,20.85951],[107.35806,20.85943],[107.35735,20.86258],[107.36229,20.86134],[107.36445,20.85766],[107.36625,20.85759],[107.36853,20.86136],[107.37092,20.85861],[107.37324,20.85909],[107.37694,20.86356],[107.37959,20.86364],[107.38236,20.8677],[107.38795,20.86457],[107.39109,20.86473],[107.38946,20.86855],[107.3844,20.87087],[107.38252,20.87384],[107.37687,20.87329],[107.37263,20.87589],[107.37654,20.87878],[107.38596,20.87709],[107.3891,20.87867],[107.39464,20.87638],[107.39462,20.87897],[107.39291,20.88015],[107.39415,20.884],[107.39254,20.88491],[107.38824,20.88254],[107.38882,20.88421],[107.38547,20.88634],[107.38674,20.89051],[107.38275,20.88985],[107.38145,20.88595],[107.3864,20.87918],[107.37799,20.88607],[107.37938,20.88634],[107.37918,20.88861],[107.37583,20.89142],[107.37105,20.89033],[107.37213,20.88732],[107.36939,20.89006],[107.36486,20.89087],[107.36497,20.88777],[107.36226,20.88705],[107.35368,20.89137],[107.34971,20.88807],[107.35139,20.88522],[107.34755,20.88407],[107.34615,20.88752],[107.33872,20.8911],[107.33856,20.89255]]],[[[107.34577,20.89892],[107.34264,20.8958],[107.34199,20.89974],[107.34051,20.90064],[107.33936,20.89968],[107.34303,20.8916],[107.34825,20.88745],[107.35047,20.88911],[107.35004,20.89255],[107.3517,20.89326],[107.35259,20.89197],[107.35435,20.89478],[107.35262,20.89626],[107.34843,20.8955],[107.34736,20.89378],[107.34569,20.89552],[107.34862,20.89852],[107.34577,20.89892]]],[[[107.3364,20.895],[107.33796,20.89681],[107.33581,20.89656],[107.33464,20.89813],[107.3364,20.895]]],[[[107.35016,20.89627],[107.35154,20.89945],[107.34824,20.89614],[107.35016,20.89627]]],[[[107.35896,20.89914],[107.35691,20.89916],[107.35894,20.89673],[107.35896,20.89914]]],[[[107.35381,20.89854],[107.35606,20.89971],[107.35432,20.89991],[107.35381,20.89854]]],[[[107.3766,20.898],[107.37002,20.90227],[107.36263,20.89982],[107.36679,20.89856],[107.36994,20.89956],[107.37366,20.89722],[107.3766,20.898]]],[[[107.33035,20.90374],[107.33052,20.90244],[107.33206,20.90245],[107.33132,20.90441],[107.33035,20.90374]]],[[[107.33588,20.90491],[107.33506,20.90327],[107.33632,20.90217],[107.33778,20.904],[107.33588,20.90491]]],[[[107.34501,20.90389],[107.33912,20.90495],[107.34132,20.90227],[107.34501,20.90389]]],[[[107.36889,20.91346],[107.37135,20.91538],[107.36992,20.91628],[107.36235,20.91518],[107.36252,20.91329],[107.36889,20.91346]]],[[[107.33709,20.92295],[107.31843,20.92784],[107.31065,20.92345],[107.32336,20.92238],[107.32448,20.92115],[107.32134,20.91973],[107.32817,20.9177],[107.33327,20.91839],[107.33399,20.91637],[107.3352,20.91739],[107.3368,20.91575],[107.33875,20.91681],[107.3403,20.91423],[107.342,20.91533],[107.34952,20.91496],[107.34303,20.92191],[107.33709,20.92295]]],[[[107.38574,20.95687],[107.38231,20.95635],[107.38606,20.96591],[107.3792,20.95988],[107.38109,20.95605],[107.37946,20.94994],[107.378,20.95036],[107.37966,20.95413],[107.37635,20.95345],[107.37653,20.95158],[107.37394,20.95204],[107.3798,20.95553],[107.37946,20.95776],[107.37383,20.95617],[107.37635,20.96079],[107.37191,20.95663],[107.37184,20.95523],[107.37318,20.95646],[107.37246,20.95445],[107.37036,20.95418],[107.36909,20.95222],[107.36728,20.94865],[107.36818,20.9466],[107.36608,20.9479],[107.3653,20.94513],[107.36445,20.94688],[107.36157,20.94588],[107.36395,20.94191],[107.3617,20.94408],[107.3605,20.94056],[107.3586,20.93941],[107.36115,20.94469],[107.35831,20.94475],[107.35261,20.9411],[107.35165,20.939],[107.35283,20.93671],[107.3507,20.9344],[107.34997,20.93523],[107.35239,20.93709],[107.35051,20.93901],[107.35132,20.94199],[107.34864,20.94198],[107.34909,20.94013],[107.34656,20.93994],[107.34827,20.93887],[107.34618,20.93647],[107.33941,20.93519],[107.34441,20.93893],[107.34125,20.93885],[107.33882,20.93674],[107.34016,20.93983],[107.33909,20.93949],[107.33914,20.94114],[107.34086,20.94189],[107.33797,20.94397],[107.33354,20.94354],[107.33302,20.94096],[107.33248,20.94373],[107.32169,20.94012],[107.32419,20.93836],[107.31957,20.93839],[107.31914,20.93976],[107.31732,20.93982],[107.31785,20.93739],[107.3155,20.93677],[107.31411,20.93896],[107.31629,20.94116],[107.3136,20.94253],[107.31009,20.93743],[107.31229,20.93412],[107.32569,20.92912],[107.33185,20.92817],[107.33508,20.92943],[107.33754,20.92839],[107.33773,20.92601],[107.35157,20.92526],[107.36814,20.93391],[107.37263,20.94011],[107.38401,20.95043],[107.38535,20.95523],[107.39034,20.96184],[107.3862,20.96066],[107.38574,20.95687]]],[[[107.33548,20.9484],[107.33538,20.94967],[107.33265,20.95013],[107.32612,20.94921],[107.32917,20.94771],[107.33548,20.9484]]],[[[107.35254,20.95697],[107.35037,20.95311],[107.35272,20.9553],[107.35254,20.95697]]],[[[107.3336,20.95768],[107.33332,20.95567],[107.33501,20.95759],[107.3336,20.95768]]],[[[107.35897,20.97059],[107.35839,20.96975],[107.36067,20.96947],[107.35897,20.97059]]],[[[107.37877,20.97719],[107.37421,20.97803],[107.37671,20.97536],[107.37877,20.97719]]],[[[107.34391,20.98506],[107.34278,20.984],[107.34522,20.98308],[107.34391,20.98506]]],[[[107.34953,20.98665],[107.34954,20.98485],[107.3515,20.98464],[107.34953,20.98665]]],[[[107.34242,20.9867],[107.34092,20.98697],[107.34184,20.98561],[107.34242,20.9867]]],[[[107.34562,20.98846],[107.34437,20.98618],[107.34716,20.98678],[107.34729,20.9885],[107.34562,20.98846]]],[[[107.34375,20.99207],[107.34132,20.99157],[107.34084,20.98845],[107.34231,20.98843],[107.34375,20.99207]]],[[[107.3455,20.99148],[107.34467,20.99045],[107.34684,20.98959],[107.3455,20.99148]]],[[[107.34875,20.99175],[107.35332,20.99318],[107.35102,20.99656],[107.35062,20.99359],[107.34773,20.99115],[107.34875,20.99175]]],[[[107.36343,20.99619],[107.36229,20.99642],[107.36344,20.99475],[107.36343,20.99619]]],[[[107.37861,20.99509],[107.38122,20.99562],[107.38149,20.99742],[107.37861,20.99509]]],[[[107.37866,20.99675],[107.37925,20.99773],[107.37747,20.99765],[107.37866,20.99675]]],[[[107.36751,20.99966],[107.36658,20.99923],[107.36803,20.9988],[107.36751,20.99966]]],[[[107.38398,21.00728],[107.37937,21.00703],[107.38105,21.00649],[107.37933,21.00415],[107.38308,21.00194],[107.38438,21.00517],[107.38144,21.00606],[107.38416,21.00621],[107.38398,21.00728]]],[[[107.37143,21.03669],[107.37232,21.03413],[107.3757,21.03439],[107.37618,21.03829],[107.37353,21.04196],[107.373,21.04198],[107.37266,21.04163],[107.3724,21.03778],[107.37143,21.03669]]],[[[107.39971,20.75665],[107.39685,20.75663],[107.39514,20.75902],[107.39259,20.75724],[107.39167,20.75501],[107.38777,20.75261],[107.38662,20.74541],[107.39514,20.74818],[107.39697,20.75172],[107.39941,20.75197],[107.39971,20.75665]]],[[[107.38534,20.78627],[107.38628,20.78903],[107.38431,20.78987],[107.38347,20.78878],[107.38502,20.78888],[107.38534,20.78627]]],[[[107.41009,20.8065],[107.40814,20.8042],[107.40705,20.80891],[107.40434,20.80741],[107.40037,20.80106],[107.39972,20.79588],[107.40114,20.7927],[107.4001,20.7862],[107.4016,20.78319],[107.40098,20.77841],[107.40765,20.77822],[107.41032,20.76876],[107.41123,20.77275],[107.41529,20.77389],[107.41689,20.78546],[107.42188,20.79696],[107.41917,20.80214],[107.41009,20.8065]]],[[[107.38935,20.84716],[107.38575,20.84653],[107.38939,20.84423],[107.39035,20.84604],[107.38935,20.84716]]],[[[107.41326,20.85469],[107.41024,20.85159],[107.41333,20.8485],[107.41548,20.84977],[107.41658,20.85574],[107.41525,20.8566],[107.41326,20.85469]]],[[[107.39356,20.87557],[107.39493,20.87321],[107.3957,20.87503],[107.39356,20.87557]]],[[[107.39702,20.88013],[107.39905,20.88201],[107.39742,20.88351],[107.39598,20.8811],[107.39702,20.88013]]],[[[107.39686,20.88587],[107.39943,20.88731],[107.39353,20.88727],[107.39406,20.88591],[107.39686,20.88587]]],[[[107.3918,20.88825],[107.39109,20.88615],[107.39241,20.88665],[107.3918,20.88825]]],[[[107.38976,20.89321],[107.39008,20.89137],[107.39324,20.89306],[107.39096,20.89523],[107.38976,20.89321]]],[[[107.4217,20.8948],[107.42186,20.89636],[107.4186,20.89622],[107.4217,20.8948]]],[[[107.39822,20.9266],[107.39856,20.92785],[107.39528,20.92733],[107.39669,20.92555],[107.39822,20.9266]]],[[[107.45444,20.96763],[107.4492,20.96913],[107.43473,20.95862],[107.42899,20.95165],[107.42723,20.94728],[107.42301,20.9445],[107.42346,20.94838],[107.42071,20.94855],[107.4196,20.94435],[107.42205,20.94337],[107.41641,20.93063],[107.41349,20.9252],[107.40693,20.92016],[107.39415,20.91576],[107.38517,20.91569],[107.37903,20.91213],[107.36722,20.90833],[107.34482,20.9054],[107.35383,20.90217],[107.35533,20.90032],[107.35575,20.9025],[107.36832,20.90252],[107.37821,20.90523],[107.37629,20.90689],[107.37969,20.90844],[107.38084,20.90839],[107.38059,20.90588],[107.38735,20.9076],[107.39123,20.91052],[107.39572,20.91156],[107.39669,20.91331],[107.39961,20.9133],[107.39881,20.91498],[107.40365,20.91736],[107.40243,20.91499],[107.40396,20.91281],[107.41302,20.91895],[107.41926,20.91983],[107.4219,20.92195],[107.42199,20.92521],[107.42612,20.92669],[107.43512,20.93614],[107.43993,20.93845],[107.44656,20.94468],[107.44981,20.95122],[107.45045,20.9536],[107.44924,20.9545],[107.45444,20.96763]]],[[[107.39325,20.93745],[107.39608,20.93731],[107.39443,20.93877],[107.39507,20.94199],[107.39375,20.94313],[107.39056,20.93965],[107.39325,20.93745]]],[[[107.38903,20.94203],[107.39206,20.94283],[107.39255,20.94797],[107.38909,20.95021],[107.3887,20.94804],[107.39055,20.94573],[107.38488,20.94637],[107.37992,20.93905],[107.38229,20.93851],[107.38454,20.94209],[107.38765,20.94096],[107.38903,20.94203]]],[[[107.39508,20.94952],[107.39239,20.94997],[107.39338,20.94887],[107.39508,20.94952]]],[[[107.39186,20.95275],[107.39382,20.95151],[107.39485,20.95238],[107.39298,20.95447],[107.39186,20.95275]]],[[[107.38937,20.95515],[107.38792,20.9532],[107.38995,20.95417],[107.38937,20.95515]]],[[[107.39858,20.97319],[107.39663,20.97314],[107.39776,20.97169],[107.39858,20.97319]]],[[[107.41767,20.97548],[107.42007,20.97578],[107.41878,20.97672],[107.41767,20.97548]]],[[[107.41674,20.97707],[107.41796,20.97669],[107.41487,20.97878],[107.41509,20.97714],[107.41674,20.97707]]],[[[107.40647,20.97893],[107.407,20.97813],[107.40327,20.97969],[107.40168,20.97737],[107.40498,20.97631],[107.40776,20.97801],[107.40647,20.97893]]],[[[107.3853,20.98082],[107.38593,20.98274],[107.38105,20.98218],[107.38192,20.98027],[107.3853,20.98082]]],[[[107.41068,20.98794],[107.41059,20.98623],[107.41202,20.98567],[107.41068,20.98794]]],[[[107.38776,20.9869],[107.38927,20.98589],[107.38924,20.98821],[107.38776,20.9869]]],[[[107.41366,20.98957],[107.41604,20.987],[107.41527,20.98953],[107.41366,20.98957]]],[[[107.39814,20.99122],[107.39975,20.99007],[107.39834,20.99221],[107.39814,20.99122]]],[[[107.4272,20.99451],[107.42491,20.99596],[107.42505,20.99822],[107.424,20.99624],[107.42202,20.99674],[107.42505,20.99338],[107.4272,20.99451]]],[[[107.40776,20.99681],[107.40902,20.99634],[107.41118,20.99953],[107.40948,20.99753],[107.40707,20.99746],[107.40776,20.99681]]],[[[107.39347,20.99815],[107.39113,20.99998],[107.39207,20.9979],[107.39451,20.99757],[107.39347,20.99815]]],[[[107.42513,20.99929],[107.42625,20.99966],[107.42416,21.00075],[107.42513,20.99929]]],[[[107.4072,21.00566],[107.40704,21.00437],[107.40793,21.00635],[107.4072,21.00566]]],[[[107.38761,21.00766],[107.38457,21.00934],[107.38576,21.00691],[107.38761,21.00766]]],[[[107.40795,21.01153],[107.40429,21.01248],[107.40415,21.00903],[107.40743,21.00996],[107.40795,21.01153]]],[[[107.42216,21.01172],[107.42279,21.0103],[107.4248,21.0131],[107.42216,21.01172]]],[[[107.40575,21.01345],[107.40857,21.01419],[107.40814,21.01545],[107.40559,21.01471],[107.40575,21.01345]]],[[[107.42951,21.02159],[107.42724,21.02267],[107.42723,21.02007],[107.42879,21.01903],[107.42951,21.02159]]],[[[107.42317,21.02229],[107.42456,21.02186],[107.42466,21.0234],[107.42317,21.02229]]],[[[107.412,21.03012],[107.41124,21.03131],[107.4087,21.02823],[107.4063,21.02822],[107.40793,21.02727],[107.412,21.03012]]],[[[107.41667,21.0298],[107.41644,21.0282],[107.41798,21.02852],[107.41902,21.03238],[107.41667,21.0298]]],[[[107.4253,21.03341],[107.4257,21.03526],[107.42317,21.035],[107.42155,21.03065],[107.4287,21.03347],[107.42711,21.03495],[107.4253,21.03341]]],[[[107.40426,21.03256],[107.4056,21.03205],[107.40586,21.03334],[107.40367,21.03478],[107.40426,21.03256]]],[[[107.40933,21.04089],[107.41001,21.03944],[107.41134,21.04085],[107.40933,21.04089]]],[[[107.41943,21.04361],[107.42038,21.04287],[107.42089,21.04395],[107.41943,21.04361]]],[[[107.42392,21.04577],[107.42496,21.04583],[107.42407,21.04867],[107.42231,21.04746],[107.42392,21.04577]]],[[[107.418,21.04703],[107.41934,21.04636],[107.42009,21.04779],[107.418,21.04703]]],[[[107.41777,21.04729],[107.41829,21.0493],[107.41609,21.04922],[107.41618,21.04726],[107.41777,21.04729]]],[[[107.42544,21.05004],[107.4265,21.04889],[107.42718,21.05068],[107.42544,21.05004]]],[[[107.42193,21.05346],[107.42256,21.05247],[107.42392,21.05399],[107.42193,21.05346]]],[[[107.42506,21.05906],[107.42645,21.05825],[107.42666,21.06015],[107.42444,21.06113],[107.42506,21.05906]]],[[[107.47027,20.73039],[107.47233,20.74098],[107.46617,20.73724],[107.46642,20.73574],[107.46278,20.73209],[107.45977,20.73214],[107.46016,20.72928],[107.455,20.72653],[107.45359,20.72367],[107.44843,20.723],[107.4464,20.7181],[107.45188,20.71631],[107.45785,20.71794],[107.47027,20.73039]]],[[[107.43188,20.78722],[107.43444,20.7878],[107.43055,20.79175],[107.43022,20.78852],[107.43188,20.78722]]],[[[107.45992,20.86725],[107.4583,20.86578],[107.46056,20.86274],[107.46141,20.86729],[107.45992,20.86725]]],[[[107.46458,20.87011],[107.46317,20.8672],[107.46771,20.86402],[107.46816,20.86685],[107.46458,20.87011]]],[[[107.46028,20.8718],[107.46312,20.87009],[107.4647,20.87246],[107.46056,20.87515],[107.45848,20.87397],[107.46028,20.8718]]],[[[107.46871,20.89488],[107.46664,20.8975],[107.46334,20.89744],[107.46342,20.89472],[107.47054,20.88916],[107.47159,20.89027],[107.46871,20.89488]]],[[[107.44426,20.90017],[107.44664,20.90315],[107.44505,20.90563],[107.44299,20.90577],[107.42477,20.89741],[107.42199,20.89279],[107.41824,20.89429],[107.41566,20.89228],[107.42118,20.88955],[107.42408,20.89044],[107.42277,20.8882],[107.42733,20.88767],[107.42853,20.88404],[107.4313,20.88387],[107.43454,20.88651],[107.44012,20.88785],[107.44349,20.89137],[107.44779,20.89201],[107.45009,20.89645],[107.45277,20.89781],[107.45094,20.90015],[107.44426,20.90017]]],[[[107.46072,20.89978],[107.45926,20.89911],[107.46114,20.89887],[107.46072,20.89978]]],[[[107.44889,20.90643],[107.44916,20.90762],[107.44497,20.90728],[107.44591,20.90565],[107.44889,20.90643]]],[[[107.44343,20.90816],[107.44215,20.90809],[107.4444,20.90665],[107.44343,20.90816]]],[[[107.44485,20.9095],[107.44709,20.9096],[107.44382,20.90958],[107.44485,20.9095]]],[[[107.43304,20.92882],[107.43049,20.92561],[107.43546,20.92955],[107.43304,20.92882]]],[[[107.4763,20.96009],[107.47878,20.9657],[107.4816,20.96779],[107.48022,20.97535],[107.47569,20.97791],[107.4703,20.9742],[107.46766,20.96599],[107.46387,20.96514],[107.46467,20.96125],[107.4622,20.96157],[107.46062,20.95664],[107.4577,20.95463],[107.45703,20.94656],[107.44439,20.93519],[107.44328,20.93257],[107.44931,20.93354],[107.45263,20.93798],[107.45756,20.94037],[107.46072,20.94469],[107.47346,20.95519],[107.4763,20.96009]]],[[[107.42955,20.96166],[107.43209,20.96228],[107.4352,20.9667],[107.42958,20.96372],[107.42955,20.96166]]],[[[107.44538,20.9723],[107.44521,20.96862],[107.44784,20.97268],[107.44538,20.9723]]],[[[107.43178,20.97199],[107.43426,20.97474],[107.43205,20.97459],[107.43165,20.97246],[107.43054,20.97332],[107.43178,20.97199]]],[[[107.44397,20.97599],[107.44222,20.98222],[107.44093,20.9802],[107.43807,20.98091],[107.43624,20.97988],[107.44121,20.97605],[107.44397,20.97599]]],[[[107.46685,20.97973],[107.46639,20.97774],[107.46898,20.97873],[107.46762,20.98054],[107.46685,20.97973]]],[[[107.43951,20.98133],[107.44101,20.98318],[107.43799,20.98421],[107.43608,20.9829],[107.43951,20.98133]]],[[[107.44731,20.99364],[107.44865,20.99356],[107.44825,20.99473],[107.44731,20.99364]]],[[[107.44691,21.00726],[107.44669,21.0101],[107.44276,21.00945],[107.44576,21.00807],[107.4478,21.0042],[107.44691,21.00726]]],[[[107.44167,21.00994],[107.44186,21.0115],[107.44014,21.00986],[107.44112,21.00722],[107.44167,21.00994]]],[[[107.4367,21.00975],[107.43839,21.00933],[107.43685,21.01064],[107.4367,21.00975]]],[[[107.45522,21.00963],[107.4556,21.01071],[107.4539,21.01114],[107.45522,21.00963]]],[[[107.45102,21.0096],[107.45286,21.01079],[107.45121,21.01234],[107.44945,21.01133],[107.45102,21.0096]]],[[[107.44576,21.01177],[107.44607,21.01391],[107.44397,21.01387],[107.44422,21.01199],[107.44576,21.01177]]],[[[107.4574,21.01627],[107.45805,21.01751],[107.45643,21.01678],[107.45679,21.01342],[107.45558,21.01492],[107.45395,21.01454],[107.45634,21.01036],[107.45788,21.01071],[107.45998,21.01499],[107.4574,21.01627]]],[[[107.44649,21.0162],[107.44677,21.01477],[107.44812,21.01513],[107.44778,21.01693],[107.44649,21.0162]]],[[[107.43803,21.01832],[107.43857,21.01718],[107.43972,21.0183],[107.43803,21.01832]]],[[[107.45959,21.01816],[107.46018,21.01741],[107.46137,21.01944],[107.45902,21.02148],[107.46043,21.01909],[107.45959,21.01816]]],[[[107.44651,21.02437],[107.44504,21.02781],[107.44236,21.02684],[107.4444,21.02227],[107.44344,21.02136],[107.44175,21.02228],[107.44081,21.01758],[107.4373,21.01481],[107.43545,21.01511],[107.43645,21.01145],[107.43838,21.01118],[107.43933,21.01404],[107.4394,21.01144],[107.44118,21.01155],[107.4408,21.01349],[107.4436,21.01518],[107.44651,21.02437]]],[[[107.45213,21.01984],[107.4526,21.01892],[107.45324,21.02032],[107.45213,21.01984]]],[[[107.4549,21.02082],[107.4555,21.02185],[107.45396,21.02263],[107.45309,21.02076],[107.45464,21.01971],[107.4549,21.02082]]],[[[107.45138,21.02311],[107.45213,21.02629],[107.44734,21.0215],[107.44845,21.02198],[107.45047,21.0173],[107.45138,21.02311]]],[[[107.46314,21.02457],[107.46287,21.02694],[107.4607,21.02791],[107.46204,21.02647],[107.45926,21.02376],[107.46226,21.02279],[107.46314,21.02457]]],[[[107.45655,21.02842],[107.45501,21.03014],[107.45527,21.02797],[107.45371,21.02649],[107.45593,21.02353],[107.45655,21.02842]]],[[[107.44706,21.02851],[107.44848,21.02791],[107.4478,21.02976],[107.44706,21.02851]]],[[[107.44517,21.04804],[107.44491,21.04962],[107.44326,21.04958],[107.43981,21.04335],[107.44211,21.04562],[107.44489,21.04552],[107.44517,21.04804]]],[[[107.43588,21.04651],[107.43669,21.04556],[107.43747,21.049],[107.43588,21.04651]]],[[[107.444,21.05162],[107.44435,21.05],[107.44593,21.05473],[107.44399,21.05347],[107.444,21.05162]]],[[[107.43634,21.05417],[107.43812,21.05539],[107.43792,21.05781],[107.43695,21.05548],[107.43385,21.0564],[107.43115,21.05317],[107.43634,21.05417]]],[[[107.42953,21.0557],[107.43007,21.05697],[107.4277,21.05684],[107.42953,21.0557]]],[[[107.46092,21.05652],[107.46272,21.05654],[107.46257,21.05862],[107.46092,21.05652]]],[[[107.46392,21.05924],[107.46554,21.05862],[107.46686,21.06055],[107.46392,21.05924]]],[[[107.43283,21.06027],[107.43264,21.05877],[107.43425,21.06015],[107.43283,21.06027]]],[[[107.44901,21.06441],[107.44633,21.06502],[107.44576,21.06403],[107.44749,21.06316],[107.44622,21.06241],[107.44993,21.06327],[107.44901,21.06441]]],[[[107.44591,21.06513],[107.44634,21.07],[107.44055,21.06502],[107.44591,21.06513]]],[[[107.45016,21.07167],[107.45101,21.071],[107.45325,21.07414],[107.45109,21.07393],[107.45016,21.07167]]],[[[107.46248,21.08353],[107.46398,21.08569],[107.46215,21.08478],[107.46248,21.08353]]],[[[107.45298,21.08511],[107.45243,21.08388],[107.45446,21.0841],[107.45426,21.08694],[107.45298,21.08511]]],[[[107.46876,21.08696],[107.46961,21.0877],[107.46684,21.08957],[107.46876,21.08696]]],[[[107.48936,20.77083],[107.48338,20.77019],[107.48228,20.77196],[107.47943,20.77092],[107.47946,20.76736],[107.47384,20.76506],[107.47254,20.76169],[107.47965,20.75695],[107.48165,20.75749],[107.48862,20.76473],[107.48936,20.77083]]],[[[107.49001,20.77645],[107.48833,20.77178],[107.49353,20.7756],[107.4918,20.77756],[107.48958,20.77759],[107.49001,20.77645]]],[[[107.55394,20.95969],[107.56004,20.96614],[107.55832,20.96896],[107.55529,20.96771],[107.55397,20.96291],[107.54661,20.95035],[107.51965,20.9164],[107.51932,20.91085],[107.51346,20.90281],[107.51219,20.89754],[107.51363,20.89502],[107.51091,20.8892],[107.49974,20.88539],[107.49257,20.88673],[107.49072,20.88482],[107.48341,20.88906],[107.48002,20.88931],[107.47474,20.8859],[107.47569,20.88023],[107.4881,20.87602],[107.49043,20.87251],[107.48769,20.86747],[107.48822,20.8662],[107.49,20.86651],[107.48993,20.86521],[107.48749,20.8614],[107.48411,20.86193],[107.48472,20.85994],[107.48147,20.85801],[107.48153,20.85426],[107.4834,20.85226],[107.48238,20.84731],[107.48007,20.8383],[107.47779,20.83566],[107.47847,20.83248],[107.47458,20.83142],[107.47111,20.82363],[107.47175,20.82042],[107.46858,20.81866],[107.47072,20.81714],[107.47092,20.81484],[107.47566,20.81741],[107.47752,20.81665],[107.48088,20.82124],[107.4833,20.83093],[107.4882,20.83585],[107.49231,20.84542],[107.4938,20.85334],[107.49294,20.85749],[107.49701,20.86691],[107.50766,20.8782],[107.51412,20.88056],[107.51787,20.884],[107.51983,20.88898],[107.5201,20.89677],[107.52628,20.90563],[107.52907,20.90805],[107.53206,20.90822],[107.5436,20.92152],[107.55252,20.92677],[107.55932,20.93356],[107.55693,20.9347],[107.556,20.93701],[107.55858,20.94219],[107.55415,20.94144],[107.551,20.94647],[107.55114,20.95165],[107.55394,20.95969]]],[[[107.51668,20.91193],[107.51782,20.9151],[107.51094,20.91332],[107.513,20.91108],[107.51013,20.90939],[107.50863,20.91202],[107.50342,20.90888],[107.50097,20.90924],[107.49878,20.90731],[107.49466,20.90683],[107.49175,20.90192],[107.48588,20.90278],[107.47987,20.90016],[107.47838,20.8957],[107.48253,20.89434],[107.48311,20.89575],[107.48727,20.89678],[107.49464,20.89425],[107.50439,20.89413],[107.5043,20.89777],[107.50674,20.89754],[107.50963,20.90036],[107.50763,20.90451],[107.50901,20.90442],[107.50967,20.90213],[107.51169,20.90229],[107.5152,20.91192],[107.51668,20.91193]]],[[[107.55547,21.03945],[107.55486,21.04051],[107.55308,21.03997],[107.55212,21.04462],[107.55083,21.04476],[107.5496,21.03907],[107.55136,21.03178],[107.5432,21.02191],[107.54086,21.021],[107.54138,21.01831],[107.53713,21.0093],[107.53734,21.01381],[107.54069,21.01944],[107.53524,21.01772],[107.54026,21.02143],[107.53723,21.02284],[107.53298,21.02145],[107.53584,21.02312],[107.53946,21.02291],[107.53844,21.02381],[107.54264,21.0284],[107.54397,21.02755],[107.5448,21.02984],[107.54381,21.03278],[107.54004,21.03457],[107.54107,21.03014],[107.53991,21.02848],[107.53835,21.03083],[107.53696,21.02781],[107.53565,21.03283],[107.53686,21.04123],[107.53352,21.03878],[107.52727,21.02904],[107.52556,21.03015],[107.52274,21.02297],[107.51936,21.02352],[107.5148,21.01843],[107.50962,21.00858],[107.51012,21.00106],[107.50863,21.00229],[107.50436,20.99899],[107.50816,21.00313],[107.50848,21.00917],[107.51212,21.01483],[107.512,21.01636],[107.50931,21.01742],[107.50292,21.01035],[107.49476,20.99583],[107.4913,20.9938],[107.48945,20.98577],[107.48684,20.98675],[107.48702,20.98134],[107.48215,20.9826],[107.48013,20.98532],[107.47763,20.98527],[107.47771,20.98272],[107.47986,20.98094],[107.48288,20.97364],[107.48805,20.98002],[107.49202,20.97976],[107.49248,20.97641],[107.48909,20.97287],[107.48764,20.96059],[107.49088,20.9562],[107.48823,20.9565],[107.48565,20.96255],[107.48202,20.95779],[107.48184,20.9543],[107.47387,20.94486],[107.47168,20.94574],[107.46567,20.94161],[107.46402,20.9386],[107.46142,20.93871],[107.45688,20.93608],[107.44838,20.92945],[107.44583,20.92998],[107.44163,20.92465],[107.43316,20.92078],[107.43487,20.91721],[107.43162,20.91596],[107.42808,20.91721],[107.4261,20.91411],[107.4261,20.91595],[107.41986,20.91539],[107.41815,20.91365],[107.41865,20.91012],[107.41656,20.91109],[107.41533,20.90848],[107.40535,20.90335],[107.39418,20.90167],[107.39521,20.89379],[107.39935,20.89375],[107.39484,20.89228],[107.3947,20.89064],[107.4069,20.89339],[107.40709,20.89643],[107.40977,20.8997],[107.44252,20.91225],[107.45134,20.91279],[107.45337,20.91477],[107.45334,20.9134],[107.4576,20.9148],[107.4525,20.91215],[107.4598,20.9127],[107.45489,20.91179],[107.45016,20.90623],[107.45349,20.90553],[107.45852,20.90711],[107.45915,20.90537],[107.46187,20.90515],[107.47697,20.91294],[107.47757,20.91084],[107.48112,20.90952],[107.48259,20.91103],[107.48289,20.91725],[107.4865,20.91382],[107.48984,20.91324],[107.49979,20.91553],[107.50172,20.91808],[107.50539,20.91925],[107.50638,20.92173],[107.50922,20.91768],[107.50833,20.92315],[107.51138,20.92004],[107.51155,20.92337],[107.51284,20.92101],[107.51697,20.92436],[107.52274,20.93221],[107.52147,20.93964],[107.52322,20.94118],[107.5261,20.94095],[107.52438,20.94362],[107.52647,20.94503],[107.53031,20.95426],[107.53205,20.95526],[107.5309,20.95802],[107.53592,20.96917],[107.53417,20.9709],[107.53107,20.96919],[107.52965,20.97183],[107.53139,20.97268],[107.53274,20.97699],[107.53378,20.97209],[107.53739,20.97417],[107.54106,20.98131],[107.53864,20.98508],[107.54511,20.98225],[107.54507,20.98495],[107.54841,20.98585],[107.54768,20.98888],[107.55163,20.9948],[107.55116,20.99614],[107.54782,20.99469],[107.54456,21.00087],[107.5427,21.00087],[107.54279,21.00479],[107.54516,21.00459],[107.54576,21.00628],[107.54282,21.00828],[107.54549,21.00854],[107.54409,21.01225],[107.54493,21.01933],[107.54727,21.02111],[107.54684,21.02404],[107.54816,21.02268],[107.55059,21.02442],[107.55192,21.02357],[107.55106,21.02861],[107.55392,21.03228],[107.55547,21.03945]]],[[[107.47158,20.97915],[107.46951,20.97617],[107.47385,20.97831],[107.47493,20.9807],[107.47149,20.98417],[107.46979,20.9808],[107.47158,20.97915]]],[[[107.4771,21.01322],[107.47889,21.01261],[107.478,21.01536],[107.4771,21.01322]]],[[[107.47871,21.01811],[107.47889,21.01614],[107.48051,21.01922],[107.47871,21.01811]]],[[[107.47534,21.01836],[107.47581,21.01757],[107.47687,21.01926],[107.47534,21.01836]]],[[[107.48514,21.02186],[107.48634,21.02179],[107.48509,21.02318],[107.48354,21.02222],[107.48514,21.02186]]],[[[107.47533,21.02476],[107.4764,21.02483],[107.47607,21.02749],[107.47533,21.02476]]],[[[107.48641,21.02513],[107.48777,21.02448],[107.48763,21.02736],[107.48641,21.02513]]],[[[107.49236,21.02861],[107.48869,21.03199],[107.48644,21.03178],[107.49023,21.02862],[107.49026,21.02681],[107.49236,21.02861]]],[[[107.48324,21.0297],[107.48372,21.02846],[107.48441,21.03045],[107.48309,21.03089],[107.48324,21.0297]]],[[[107.513,21.02956],[107.51431,21.03268],[107.51155,21.0322],[107.513,21.02956]]],[[[107.49138,21.03156],[107.49378,21.03094],[107.49296,21.03235],[107.49138,21.03156]]],[[[107.48158,21.03244],[107.48247,21.03148],[107.4833,21.03344],[107.48158,21.03244]]],[[[107.49354,21.03436],[107.49243,21.03663],[107.49046,21.03474],[107.49354,21.03436]]],[[[107.50096,21.03464],[107.50187,21.03652],[107.49989,21.03627],[107.50096,21.03464]]],[[[107.50174,21.03949],[107.49677,21.03893],[107.49797,21.03642],[107.49704,21.03364],[107.49966,21.03526],[107.49876,21.03722],[107.5005,21.03849],[107.50385,21.0373],[107.50174,21.03949]]],[[[107.51793,21.03792],[107.51711,21.03637],[107.51888,21.03707],[107.51793,21.03792]]],[[[107.50461,21.03781],[107.50383,21.03642],[107.50542,21.03701],[107.50461,21.03781]]],[[[107.49014,21.03754],[107.48937,21.04068],[107.48868,21.03926],[107.48643,21.03948],[107.48896,21.03605],[107.49014,21.03754]]],[[[107.51039,21.04273],[107.51053,21.03973],[107.51227,21.04216],[107.51039,21.04273]]],[[[107.52637,21.04825],[107.52668,21.04716],[107.52774,21.04902],[107.52514,21.05231],[107.5241,21.048],[107.5215,21.04798],[107.52396,21.04525],[107.52637,21.04825]]],[[[107.47207,21.05253],[107.46968,21.05411],[107.46785,21.05256],[107.46988,21.05118],[107.47207,21.05253]]],[[[107.49687,21.0553],[107.49761,21.05669],[107.49524,21.0576],[107.49258,21.0554],[107.4946,21.05479],[107.49573,21.05626],[107.49687,21.0553]]],[[[107.46907,21.05632],[107.47079,21.05512],[107.46951,21.05774],[107.46907,21.05632]]],[[[107.53302,21.07089],[107.52591,21.07313],[107.52631,21.07123],[107.52798,21.07102],[107.52629,21.06971],[107.52573,21.06527],[107.52307,21.06467],[107.51699,21.05879],[107.51912,21.0571],[107.51724,21.0564],[107.51609,21.0575],[107.50929,21.0553],[107.50714,21.05381],[107.50767,21.05164],[107.50374,21.0517],[107.49739,21.04687],[107.49739,21.04558],[107.5002,21.04488],[107.49866,21.04502],[107.4985,21.04364],[107.50087,21.04362],[107.50172,21.04136],[107.49811,21.04342],[107.49356,21.04095],[107.49565,21.03976],[107.49903,21.04176],[107.49967,21.04026],[107.50391,21.04135],[107.50729,21.04012],[107.505,21.04257],[107.5053,21.04582],[107.50857,21.04577],[107.50725,21.04354],[107.51102,21.04596],[107.51192,21.04465],[107.51246,21.04618],[107.50717,21.0505],[107.5121,21.04954],[107.51401,21.04608],[107.51723,21.04575],[107.52107,21.05083],[107.52304,21.05121],[107.52533,21.05609],[107.52807,21.05318],[107.52971,21.05416],[107.53277,21.0527],[107.53178,21.05603],[107.52813,21.05801],[107.53044,21.06005],[107.53226,21.05711],[107.53692,21.06328],[107.53347,21.06448],[107.532,21.06735],[107.52878,21.06505],[107.52984,21.06919],[107.53302,21.07089]]],[[[107.49089,21.05656],[107.49203,21.05547],[107.49397,21.05718],[107.49241,21.05785],[107.49089,21.05656]]],[[[107.50338,21.05844],[107.50561,21.05878],[107.5053,21.06152],[107.50046,21.05901],[107.50338,21.05844]]],[[[107.50869,21.06198],[107.50773,21.06177],[107.50874,21.0609],[107.50869,21.06198]]],[[[107.51512,21.06187],[107.51711,21.06511],[107.51543,21.06727],[107.50596,21.06628],[107.50787,21.06498],[107.51249,21.06562],[107.51512,21.06187]]],[[[107.49347,21.06539],[107.49034,21.06633],[107.48852,21.06292],[107.49086,21.06302],[107.49347,21.06539]]],[[[107.47571,21.06629],[107.47731,21.06796],[107.47431,21.06593],[107.47571,21.06629]]],[[[107.51667,21.0703],[107.51614,21.06827],[107.51819,21.06978],[107.51667,21.0703]]],[[[107.51481,21.07302],[107.51368,21.07521],[107.50753,21.07598],[107.50455,21.07476],[107.50388,21.06969],[107.50269,21.07031],[107.503,21.0733],[107.49683,21.07185],[107.49899,21.06837],[107.50334,21.06752],[107.50686,21.07061],[107.51153,21.0712],[107.51466,21.06923],[107.51481,21.07302]]],[[[107.52241,21.0731],[107.52469,21.07111],[107.52403,21.07354],[107.52241,21.0731]]],[[[107.48078,21.08187],[107.48019,21.07978],[107.48164,21.0801],[107.48078,21.08187]]],[[[107.49,21.08481],[107.4864,21.08511],[107.48515,21.08294],[107.48733,21.08436],[107.48848,21.08279],[107.49143,21.08355],[107.49,21.08481]]],[[[107.51362,21.08745],[107.51656,21.08628],[107.51539,21.08846],[107.51362,21.08745]]],[[[107.49488,21.08776],[107.49552,21.0898],[107.49123,21.08994],[107.48949,21.08828],[107.49079,21.08749],[107.48997,21.08548],[107.49187,21.08457],[107.49488,21.08776]]],[[[107.50276,21.0929],[107.5025,21.09501],[107.49911,21.09203],[107.50021,21.09131],[107.50276,21.0929]]],[[[107.50314,21.10331],[107.50404,21.10124],[107.50478,21.1023],[107.50314,21.10331]]],[[[107.51873,21.1115],[107.51927,21.11026],[107.52069,21.11091],[107.52057,21.11218],[107.51873,21.1115]]],[[[107.53598,21.14094],[107.53867,21.143],[107.53621,21.14594],[107.53191,21.14389],[107.52982,21.14511],[107.52408,21.14444],[107.52415,21.14197],[107.52207,21.13997],[107.52422,21.13892],[107.52066,21.13852],[107.51992,21.13631],[107.51683,21.13717],[107.51542,21.13612],[107.51621,21.13436],[107.51335,21.13491],[107.51289,21.13245],[107.51105,21.13285],[107.50626,21.1294],[107.50657,21.12809],[107.50813,21.1294],[107.51072,21.12749],[107.50799,21.12649],[107.50772,21.12331],[107.50996,21.1233],[107.51759,21.12867],[107.51771,21.1308],[107.52244,21.13116],[107.53258,21.13671],[107.53304,21.14002],[107.53598,21.14094]]],[[[107.52061,21.14359],[107.52234,21.14264],[107.52216,21.14387],[107.52061,21.14359]]],[[[107.52506,21.14548],[107.52389,21.14886],[107.51925,21.14762],[107.52094,21.14497],[107.52293,21.14705],[107.52506,21.14548]]],[[[107.48828,21.29006],[107.4875,21.29206],[107.48952,21.29177],[107.48991,21.29296],[107.48608,21.2944],[107.4849,21.29624],[107.48508,21.29134],[107.48921,21.28837],[107.48828,21.29006]]],[[[107.56695,20.98589],[107.56582,20.98462],[107.56745,20.98365],[107.56811,20.98683],[107.56695,20.98589]]],[[[107.54899,20.9873],[107.54841,20.98653],[107.55042,20.98589],[107.54899,20.9873]]],[[[107.55158,21.00979],[107.55077,21.01201],[107.54971,21.01031],[107.55158,21.00979]]],[[[107.55619,21.03003],[107.55665,21.0339],[107.56034,21.03668],[107.55704,21.04509],[107.55573,21.04325],[107.55643,21.03668],[107.55372,21.03025],[107.55504,21.02871],[107.55619,21.03003]]],[[[107.56169,21.03815],[107.56108,21.0367],[107.56268,21.03605],[107.56169,21.03815]]],[[[107.54601,21.03653],[107.54743,21.04085],[107.54616,21.04163],[107.54642,21.04396],[107.54438,21.04028],[107.5421,21.04258],[107.54084,21.04083],[107.54141,21.03536],[107.54518,21.03177],[107.54716,21.03413],[107.54601,21.03653]]],[[[107.56382,21.04107],[107.56421,21.03815],[107.56531,21.04097],[107.56382,21.04107]]],[[[107.61586,21.08569],[107.62306,21.10694],[107.63065,21.12028],[107.6316,21.12554],[107.62947,21.12487],[107.62055,21.11415],[107.61631,21.10726],[107.61675,21.1046],[107.61167,21.09789],[107.60891,21.09754],[107.60909,21.09587],[107.60491,21.09084],[107.5987,21.08686],[107.58691,21.06959],[107.58569,21.06131],[107.58753,21.05471],[107.58328,21.04106],[107.58398,21.03958],[107.58778,21.03945],[107.58997,21.04243],[107.59031,21.03997],[107.58831,21.0386],[107.58951,21.03508],[107.58756,21.03856],[107.58434,21.03889],[107.58608,21.03772],[107.58455,21.03367],[107.5814,21.0294],[107.57943,21.02988],[107.5774,21.02845],[107.5738,21.02192],[107.57093,21.01345],[107.57186,21.01036],[107.57056,21.00591],[107.56557,20.99899],[107.56742,20.99356],[107.57257,20.99575],[107.57435,20.99335],[107.5733,20.99182],[107.57572,20.99184],[107.56987,20.98338],[107.56627,20.98179],[107.56451,20.98292],[107.56297,20.97273],[107.56397,20.97041],[107.56945,20.97273],[107.57619,20.97978],[107.58136,20.99672],[107.58389,20.99899],[107.58895,21.02458],[107.5939,21.0294],[107.59697,21.03033],[107.59985,21.03967],[107.59961,21.04948],[107.60295,21.05254],[107.60752,21.0606],[107.61051,21.07434],[107.61586,21.08569]]],[[[107.55256,21.0502],[107.55377,21.04764],[107.55377,21.05012],[107.55256,21.0502]]],[[[107.53728,21.05743],[107.53749,21.0541],[107.53935,21.05311],[107.54098,21.05402],[107.53963,21.05908],[107.53728,21.05743]]],[[[107.54159,21.05891],[107.54364,21.05684],[107.54447,21.05774],[107.54291,21.06247],[107.54159,21.05891]]],[[[107.5567,21.0666],[107.55799,21.07012],[107.55587,21.06973],[107.55541,21.06736],[107.5507,21.06387],[107.54751,21.05892],[107.55231,21.05631],[107.54867,21.05348],[107.55265,21.05255],[107.55606,21.0497],[107.558,21.05176],[107.55932,21.05018],[107.56045,21.05101],[107.55854,21.05354],[107.55865,21.05721],[107.55627,21.05792],[107.5567,21.0666]]],[[[107.54756,21.06306],[107.54734,21.06045],[107.54851,21.06237],[107.54756,21.06306]]],[[[107.57122,21.0635],[107.57554,21.06236],[107.57457,21.06691],[107.57255,21.06865],[107.57041,21.0678],[107.57122,21.0635]]],[[[107.53318,21.06753],[107.53417,21.06562],[107.53559,21.06656],[107.53471,21.06881],[107.53318,21.06753]]],[[[107.54909,21.0667],[107.54947,21.06808],[107.54717,21.06881],[107.54782,21.06656],[107.54909,21.0667]]],[[[107.57267,21.07851],[107.57351,21.07615],[107.57575,21.07751],[107.57615,21.08428],[107.57211,21.0808],[107.57267,21.07851]]],[[[107.57844,21.08625],[107.57987,21.08648],[107.57834,21.08945],[107.57741,21.0844],[107.57927,21.08496],[107.57844,21.08625]]],[[[107.52735,21.0889],[107.52806,21.0902],[107.52611,21.09057],[107.52604,21.08779],[107.5282,21.08479],[107.52887,21.08651],[107.52735,21.0889]]],[[[107.58383,21.08604],[107.58523,21.0884],[107.58442,21.09185],[107.58117,21.08899],[107.58153,21.08444],[107.58336,21.08427],[107.58383,21.08604]]],[[[107.57868,21.11377],[107.5804,21.11661],[107.57977,21.12109],[107.577,21.11854],[107.57267,21.11806],[107.56704,21.11494],[107.56687,21.11346],[107.56827,21.11473],[107.57293,21.1124],[107.57184,21.11079],[107.55595,21.113],[107.5574,21.11921],[107.55386,21.11825],[107.54993,21.11465],[107.54524,21.1065],[107.54684,21.10548],[107.54494,21.10253],[107.5453,21.09979],[107.54386,21.09802],[107.53885,21.09829],[107.53984,21.09602],[107.53507,21.095],[107.53645,21.09375],[107.53463,21.09171],[107.53527,21.08999],[107.53696,21.09052],[107.53699,21.09233],[107.54091,21.09351],[107.54137,21.091],[107.53977,21.09191],[107.53783,21.09007],[107.53965,21.09034],[107.53934,21.08913],[107.53556,21.08788],[107.53333,21.08973],[107.53207,21.08419],[107.53167,21.08695],[107.52993,21.08782],[107.52797,21.08339],[107.52995,21.07894],[107.525,21.0791],[107.53224,21.07535],[107.53438,21.07713],[107.53733,21.07632],[107.53508,21.07329],[107.53706,21.07299],[107.5361,21.06933],[107.53853,21.06453],[107.54012,21.06506],[107.53991,21.06656],[107.54553,21.06845],[107.54604,21.071],[107.55713,21.07434],[107.55893,21.07288],[107.55951,21.07788],[107.56245,21.08176],[107.55838,21.08537],[107.55472,21.08399],[107.55489,21.08537],[107.54889,21.08462],[107.54707,21.08649],[107.54657,21.08468],[107.5429,21.08647],[107.54292,21.08775],[107.54989,21.08646],[107.55868,21.08763],[107.56273,21.08428],[107.56564,21.08435],[107.56724,21.08193],[107.5705,21.08362],[107.57123,21.0868],[107.56928,21.08939],[107.57066,21.08822],[107.57185,21.08914],[107.57943,21.1065],[107.57634,21.10442],[107.57473,21.10613],[107.58153,21.10923],[107.58069,21.1129],[107.57868,21.11377]]],[[[107.58344,21.09442],[107.58461,21.09248],[107.58572,21.09705],[107.58825,21.09937],[107.58794,21.10191],[107.58517,21.10133],[107.58344,21.09442]]],[[[107.53779,21.10854],[107.5395,21.10578],[107.53728,21.1104],[107.53779,21.10854]]],[[[107.59751,21.11043],[107.59823,21.10894],[107.59979,21.10956],[107.60109,21.11273],[107.59768,21.11206],[107.59751,21.11043]]],[[[107.54183,21.11467],[107.54075,21.11378],[107.54275,21.11393],[107.54333,21.11747],[107.54141,21.11639],[107.54183,21.11467]]],[[[107.60772,21.12651],[107.60957,21.12845],[107.60735,21.12767],[107.60727,21.12503],[107.60573,21.1257],[107.6085,21.12144],[107.60723,21.12082],[107.60423,21.12387],[107.60307,21.12102],[107.60412,21.11949],[107.60676,21.12025],[107.60715,21.11818],[107.61142,21.12409],[107.60772,21.12651]]],[[[107.58207,21.12493],[107.58087,21.12258],[107.58322,21.12578],[107.58207,21.12493]]],[[[107.61134,21.12749],[107.61183,21.12531],[107.61266,21.12744],[107.61134,21.12749]]],[[[107.57788,21.1283],[107.57847,21.13098],[107.58256,21.13488],[107.58238,21.13703],[107.5793,21.13908],[107.57147,21.13406],[107.56624,21.13518],[107.56876,21.13703],[107.56725,21.13821],[107.56076,21.1343],[107.56464,21.13489],[107.56397,21.13284],[107.55594,21.12789],[107.55612,21.12279],[107.55752,21.12049],[107.56406,21.11871],[107.57092,21.12497],[107.57788,21.1283]]],[[[107.59033,21.13182],[107.58874,21.12997],[107.59243,21.13279],[107.59033,21.13182]]],[[[107.53323,21.14664],[107.53339,21.1453],[107.53435,21.14675],[107.53323,21.14664]]],[[[107.5261,21.1469],[107.52803,21.14547],[107.52833,21.14847],[107.5261,21.1469]]],[[[107.58502,21.14732],[107.5854,21.14907],[107.58993,21.1521],[107.58973,21.15504],[107.58661,21.15177],[107.58463,21.15266],[107.58121,21.1496],[107.58159,21.14189],[107.58555,21.14472],[107.58502,21.14732]]],[[[107.53786,21.15353],[107.53701,21.15243],[107.53896,21.15328],[107.53786,21.15353]]],[[[107.582,21.21063],[107.58764,21.21425],[107.58833,21.21669],[107.57361,21.21089],[107.56688,21.20589],[107.582,21.21063]]],[[[107.5966,21.22906],[107.60024,21.23118],[107.5988,21.23325],[107.59796,21.23115],[107.59568,21.23307],[107.5912,21.22977],[107.58617,21.23125],[107.58658,21.22935],[107.58051,21.22638],[107.5791,21.22371],[107.58469,21.22363],[107.5966,21.22906]]],[[[107.59801,21.23561],[107.59858,21.23419],[107.6003,21.23524],[107.59801,21.23561]]],[[[107.5876,21.23734],[107.59113,21.23588],[107.5898,21.23957],[107.5876,21.23734]]],[[[107.54587,21.25356],[107.54499,21.25487],[107.53748,21.25654],[107.54587,21.25356]]],[[[107.5704,21.25778],[107.57418,21.25655],[107.56998,21.25873],[107.5704,21.25778]]],[[[107.53814,21.26179],[107.53763,21.26087],[107.53908,21.26055],[107.53814,21.26179]]],[[[107.54618,21.26306],[107.54592,21.26523],[107.5437,21.26518],[107.54375,21.26684],[107.54173,21.2675],[107.54121,21.26556],[107.53907,21.26484],[107.54306,21.26399],[107.54329,21.26259],[107.5402,21.26176],[107.53925,21.25932],[107.54098,21.26003],[107.5411,21.25772],[107.54367,21.2587],[107.54549,21.25625],[107.54903,21.25959],[107.54574,21.26067],[107.54497,21.26268],[107.54618,21.26306]]],[[[107.53351,21.26438],[107.53183,21.26372],[107.53314,21.2625],[107.53351,21.26438]]],[[[107.57436,21.27164],[107.57085,21.2764],[107.56815,21.27729],[107.56807,21.27599],[107.56317,21.27618],[107.56295,21.27479],[107.55982,21.27524],[107.55491,21.27331],[107.55457,21.27172],[107.55128,21.27144],[107.55276,21.26694],[107.54759,21.2689],[107.54623,21.26567],[107.54966,21.26451],[107.54936,21.26307],[107.553,21.26258],[107.5539,21.2642],[107.55215,21.26568],[107.55882,21.26263],[107.55924,21.26536],[107.56039,21.26545],[107.55983,21.26383],[107.5622,21.26295],[107.56024,21.26305],[107.5593,21.26201],[107.56044,21.26125],[107.55867,21.26081],[107.55833,21.25878],[107.55702,21.25957],[107.55708,21.25806],[107.55436,21.25878],[107.5557,21.25501],[107.55938,21.25375],[107.55982,21.25728],[107.56366,21.2567],[107.56509,21.25937],[107.56312,21.261],[107.56605,21.26212],[107.57018,21.25952],[107.57732,21.25963],[107.57542,21.26326],[107.57739,21.26248],[107.5787,21.26517],[107.57645,21.26709],[107.58136,21.26528],[107.57913,21.26524],[107.57892,21.26226],[107.58234,21.26308],[107.58615,21.26101],[107.58887,21.26191],[107.5853,21.26385],[107.58492,21.26645],[107.5814,21.26677],[107.57902,21.26956],[107.57436,21.27164]]],[[[107.53049,21.2724],[107.52945,21.27148],[107.53154,21.27204],[107.53049,21.2724]]],[[[107.52738,21.27367],[107.52539,21.2741],[107.52561,21.27285],[107.52738,21.27367]]],[[[107.55473,21.28261],[107.55166,21.28204],[107.55079,21.2833],[107.55006,21.27935],[107.55378,21.27787],[107.55133,21.27999],[107.55427,21.28011],[107.55565,21.27874],[107.55855,21.2801],[107.55729,21.28137],[107.55594,21.28018],[107.55426,21.28077],[107.55473,21.28261]]],[[[107.53445,21.28186],[107.53333,21.28444],[107.52947,21.28438],[107.53445,21.28186]]],[[[107.78564,20.97609],[107.78523,20.97487],[107.78762,20.97351],[107.79091,20.97407],[107.78683,20.97821],[107.78547,20.97795],[107.78564,20.97609]]],[[[107.81037,20.98282],[107.81178,20.98397],[107.81004,20.98723],[107.80766,20.98568],[107.80684,20.98093],[107.8035,20.9814],[107.80527,20.97712],[107.81022,20.9797],[107.81037,20.98282]]],[[[107.76132,21.01434],[107.75589,21.01279],[107.75291,21.01393],[107.74818,21.01915],[107.74959,21.02354],[107.74829,21.02356],[107.73897,21.01714],[107.73562,21.01274],[107.73477,21.00879],[107.73122,21.00536],[107.73835,20.99909],[107.73564,20.99128],[107.74042,20.991],[107.75424,20.98352],[107.75953,20.9781],[107.7625,20.9721],[107.76113,20.96598],[107.75797,20.96614],[107.75532,20.9645],[107.75177,20.95853],[107.74794,20.95874],[107.74662,20.95349],[107.74366,20.95107],[107.74245,20.94767],[107.73892,20.94651],[107.73829,20.94369],[107.74088,20.94524],[107.74342,20.94474],[107.74773,20.94808],[107.74759,20.9512],[107.75098,20.95576],[107.75709,20.95699],[107.75931,20.95562],[107.76335,20.95609],[107.76488,20.9611],[107.77076,20.96413],[107.76945,20.96742],[107.77205,20.96637],[107.77607,20.96791],[107.78079,20.97199],[107.7764,20.97623],[107.77702,20.98403],[107.76932,20.98137],[107.77333,20.98334],[107.77016,20.98515],[107.76981,20.98878],[107.76562,20.98501],[107.76559,20.98158],[107.76176,20.98068],[107.75939,20.98305],[107.76262,20.98592],[107.76097,20.99149],[107.76463,20.99297],[107.7623,20.99572],[107.76485,20.99747],[107.76463,20.99902],[107.76878,20.99828],[107.76968,20.99643],[107.77575,20.99338],[107.77611,20.99012],[107.78083,20.9894],[107.78176,20.98746],[107.78038,20.98158],[107.78335,20.9828],[107.78671,20.9889],[107.7859,20.99144],[107.78062,20.99234],[107.76874,21.00276],[107.76128,21.01204],[107.76132,21.01434]]],[[[107.80189,20.98716],[107.7988,20.98692],[107.79868,20.9839],[107.8032,20.98397],[107.80189,20.98716]]],[[[107.86324,21.03011],[107.86042,21.03123],[107.85903,21.03361],[107.8613,21.03776],[107.8602,21.04227],[107.85618,21.04494],[107.85399,21.04537],[107.85083,21.03992],[107.84526,21.03856],[107.84178,21.04049],[107.83978,21.04377],[107.83621,21.04312],[107.83413,21.04088],[107.83588,21.03998],[107.83617,21.03759],[107.83381,21.03622],[107.83117,21.03681],[107.83064,21.03328],[107.83268,21.03273],[107.83214,21.03045],[107.82454,21.02995],[107.82258,21.02545],[107.8193,21.02245],[107.81866,21.01714],[107.81578,21.01616],[107.81386,21.01306],[107.81728,21.01132],[107.81733,21.00895],[107.81666,21.01138],[107.81392,21.00716],[107.80891,21.00595],[107.80666,21.00388],[107.80999,21.00221],[107.81074,20.99994],[107.80869,20.99675],[107.80474,20.99547],[107.80524,20.99243],[107.81107,20.98868],[107.81269,20.98442],[107.8187,20.98292],[107.82232,20.98391],[107.8199,20.98885],[107.82126,20.99318],[107.82623,20.99659],[107.82897,20.9959],[107.82854,20.99866],[107.83151,21.0002],[107.83496,20.99775],[107.83358,21.00506],[107.83463,21.00741],[107.83808,21.00844],[107.83763,21.01058],[107.842,21.01192],[107.842,21.01509],[107.84665,21.01938],[107.85042,21.01964],[107.85316,21.01753],[107.85163,21.02142],[107.85388,21.0239],[107.85843,21.02592],[107.86282,21.02377],[107.86134,21.02581],[107.86381,21.02821],[107.86324,21.03011]]],[[[107.79482,21.03567],[107.79379,21.03302],[107.79632,21.03447],[107.79482,21.03567]]],[[[107.82454,21.03584],[107.82503,21.03694],[107.8223,21.03863],[107.81901,21.03779],[107.81971,21.03231],[107.82209,21.03113],[107.82471,21.03284],[107.82454,21.03584]]],[[[107.77907,21.04598],[107.77902,21.04776],[107.78139,21.04806],[107.77953,21.04886],[107.77949,21.05072],[107.77723,21.05083],[107.77058,21.04391],[107.76673,21.04515],[107.7646,21.04408],[107.76513,21.03714],[107.7621,21.03252],[107.76654,21.0331],[107.7691,21.03509],[107.77396,21.03396],[107.77317,21.035],[107.77628,21.03681],[107.77858,21.03551],[107.78322,21.03771],[107.77885,21.04311],[107.77907,21.04598]]],[[[107.75523,21.04733],[107.75706,21.04689],[107.75557,21.04836],[107.75707,21.05098],[107.75558,21.05319],[107.75464,21.04987],[107.75193,21.04798],[107.75523,21.04733]]],[[[107.85045,21.05064],[107.85259,21.05052],[107.8529,21.05165],[107.85204,21.05232],[107.85045,21.05064]]],[[[107.86673,21.05591],[107.86597,21.06089],[107.86365,21.06077],[107.8617,21.05306],[107.86497,21.05333],[107.86673,21.05591]]],[[[107.76928,21.0693],[107.77284,21.06667],[107.7753,21.06919],[107.77601,21.07454],[107.77301,21.07487],[107.76928,21.0693]]],[[[107.82013,21.10955],[107.82129,21.10976],[107.82068,21.11399],[107.81932,21.11592],[107.81669,21.11601],[107.81527,21.11415],[107.81211,21.11355],[107.81105,21.10831],[107.80201,21.10397],[107.803,21.10254],[107.80652,21.10325],[107.81607,21.10955],[107.82013,21.10955]]],[[[107.61368,21.11282],[107.61423,21.11152],[107.61579,21.11196],[107.61368,21.11282]]],[[[107.86154,21.13141],[107.85537,21.13403],[107.8602,21.12799],[107.86155,21.12822],[107.86154,21.13141]]],[[[107.8021,21.1308],[107.80245,21.1319],[107.79826,21.13016],[107.79749,21.13483],[107.79236,21.12932],[107.79582,21.13103],[107.8023,21.12843],[107.8021,21.1308]]],[[[107.64362,21.13622],[107.64282,21.13315],[107.64397,21.13231],[107.65107,21.14206],[107.64493,21.13928],[107.64362,21.13622]]],[[[107.85245,21.13432],[107.85487,21.13438],[107.85186,21.13645],[107.84981,21.14158],[107.84675,21.14148],[107.84541,21.13724],[107.8488,21.13383],[107.85245,21.13432]]],[[[107.87149,21.14203],[107.87025,21.14637],[107.86648,21.1482],[107.86258,21.14698],[107.86452,21.14615],[107.86856,21.13906],[107.87149,21.14203]]],[[[107.84243,21.14666],[107.84512,21.14613],[107.84661,21.14984],[107.84243,21.14666]]],[[[107.86273,21.15647],[107.8641,21.15977],[107.85991,21.16029],[107.85356,21.15707],[107.84982,21.15203],[107.85672,21.15284],[107.86273,21.15647]]],[[[107.86757,21.16091],[107.86812,21.1663],[107.8621,21.16422],[107.86039,21.16192],[107.86487,21.16365],[107.86324,21.16117],[107.86757,21.16091]]],[[[107.66311,21.14203],[107.66639,21.14501],[107.66483,21.16275],[107.66798,21.17517],[107.67284,21.18534],[107.67513,21.20206],[107.68261,21.21332],[107.67966,21.21601],[107.67727,21.21605],[107.66975,21.20805],[107.66913,21.20397],[107.66169,21.19087],[107.6622,21.18512],[107.65733,21.173],[107.65925,21.1658],[107.65778,21.16487],[107.65597,21.15838],[107.65422,21.14774],[107.6551,21.14731],[107.65577,21.14956],[107.65618,21.14777],[107.65838,21.14726],[107.65534,21.1464],[107.65436,21.14128],[107.65707,21.13777],[107.66311,21.14203]]],[[[107.62182,21.1787],[107.62368,21.17712],[107.62473,21.18041],[107.62182,21.1787]]],[[[107.61868,21.17566],[107.61744,21.17205],[107.6219,21.18283],[107.62646,21.18835],[107.62678,21.19241],[107.62242,21.18619],[107.61868,21.17566]]],[[[108.01995,21.19006],[108.02131,21.19198],[108.0161,21.19603],[108.00991,21.1908],[108.01903,21.18853],[108.01995,21.19006]]],[[[108.01468,21.20454],[108.01546,21.20645],[108.01138,21.20665],[108.01088,21.2052],[108.013,21.20482],[108.01274,21.2025],[108.01468,21.20454]]],[[[107.66611,21.21632],[107.66634,21.215],[107.66686,21.21718],[107.66611,21.21632]]],[[[107.68225,21.21951],[107.68639,21.21976],[107.68777,21.22346],[107.69239,21.2272],[107.69679,21.23391],[107.69343,21.23425],[107.69148,21.23274],[107.6893,21.22775],[107.68442,21.22248],[107.68161,21.22149],[107.68225,21.21951]]],[[[107.6125,21.22825],[107.61307,21.22674],[107.61634,21.22717],[107.619,21.23121],[107.61741,21.23179],[107.6125,21.22825]]],[[[107.63504,21.23535],[107.64015,21.2407],[107.64041,21.24354],[107.6316,21.23812],[107.62784,21.23761],[107.62935,21.23176],[107.63466,21.23322],[107.63504,21.23535]]],[[[107.97523,21.24723],[107.9726,21.24779],[107.97244,21.24908],[107.96519,21.24624],[107.96231,21.2469],[107.96402,21.24372],[107.95971,21.24522],[107.95694,21.24442],[107.95654,21.24256],[107.9476,21.23835],[107.9476,21.23508],[107.95028,21.23303],[107.95565,21.23396],[107.95557,21.23179],[107.9574,21.23125],[107.95585,21.22972],[107.96045,21.22996],[107.96094,21.2311],[107.96293,21.22934],[107.96784,21.23244],[107.96896,21.23052],[107.97802,21.22956],[107.97672,21.23148],[107.97961,21.23282],[107.97851,21.2393],[107.9802,21.24093],[107.97761,21.24173],[107.97441,21.2463],[107.97523,21.24723]]],[[[107.98341,21.24183],[107.98307,21.24058],[107.98476,21.24196],[107.98341,21.24183]]],[[[107.63746,21.25642],[107.64313,21.26045],[107.63815,21.26148],[107.63105,21.25946],[107.63207,21.25655],[107.62324,21.2543],[107.6203,21.2554],[107.61861,21.25424],[107.61874,21.25174],[107.61548,21.25223],[107.61407,21.24957],[107.60865,21.24787],[107.60688,21.24515],[107.59919,21.24323],[107.59826,21.24139],[107.59767,21.24268],[107.59542,21.24119],[107.59567,21.23966],[107.59346,21.24038],[107.59159,21.23732],[107.5936,21.23576],[107.59832,21.2393],[107.5991,21.23829],[107.60439,21.24069],[107.60735,21.24099],[107.60457,21.24008],[107.60718,21.24006],[107.60664,21.23955],[107.60351,21.23888],[107.60847,21.23579],[107.60851,21.23314],[107.61528,21.2337],[107.61471,21.23703],[107.62435,21.24543],[107.63158,21.24796],[107.64122,21.2538],[107.64028,21.25477],[107.63162,21.2515],[107.63334,21.25444],[107.63746,21.25642]]],[[[107.67824,21.25888],[107.68006,21.25966],[107.67978,21.26086],[107.67463,21.26005],[107.675,21.25641],[107.67824,21.25888]]],[[[107.6792,21.26391],[107.67891,21.26273],[107.68047,21.26368],[107.6792,21.26391]]],[[[107.69268,21.26657],[107.69609,21.27135],[107.69187,21.26805],[107.68402,21.26702],[107.68091,21.26447],[107.68882,21.26687],[107.69268,21.26657]]],[[[107.64891,21.26794],[107.64931,21.27198],[107.6476,21.27447],[107.64048,21.26898],[107.64461,21.26703],[107.64891,21.26794]]],[[[107.6651,21.27707],[107.67021,21.27993],[107.66399,21.284],[107.66185,21.28224],[107.66137,21.27923],[107.65828,21.28102],[107.65518,21.27865],[107.65515,21.27664],[107.65276,21.27777],[107.65114,21.27588],[107.65109,21.26973],[107.6651,21.27707]]],[[[107.70248,21.27724],[107.70265,21.27567],[107.70449,21.27683],[107.70367,21.27926],[107.70248,21.27724]]],[[[107.69873,21.29599],[107.70134,21.29971],[107.70072,21.30074],[107.69746,21.29855],[107.68337,21.29449],[107.68179,21.29153],[107.67905,21.2925],[107.67907,21.28953],[107.67791,21.29127],[107.67571,21.2896],[107.67413,21.29082],[107.66835,21.28545],[107.67087,21.28154],[107.67437,21.28083],[107.65242,21.26597],[107.67115,21.27587],[107.67545,21.28074],[107.68511,21.2849],[107.68873,21.2898],[107.69062,21.28865],[107.70139,21.29521],[107.70197,21.29681],[107.69873,21.29599]]],[[[107.7906,21.29339],[107.79518,21.29627],[107.79126,21.29754],[107.77853,21.29534],[107.76801,21.2965],[107.75477,21.29142],[107.75143,21.28805],[107.75178,21.28428],[107.75536,21.28325],[107.75686,21.28556],[107.77149,21.29147],[107.77536,21.29444],[107.7906,21.29339]]],[[[107.66063,21.30539],[107.6648,21.3051],[107.66059,21.30712],[107.65795,21.30526],[107.66063,21.30539]]],[[[107.65506,21.30958],[107.65473,21.30673],[107.65743,21.30513],[107.65854,21.30712],[107.65753,21.31038],[107.65506,21.30958]]],[[[107.82013,21.35697],[107.81704,21.35637],[107.81477,21.35824],[107.80721,21.3558],[107.8027,21.35265],[107.7952,21.35106],[107.789,21.34556],[107.78645,21.34553],[107.78276,21.34194],[107.77089,21.33604],[107.76796,21.33215],[107.77325,21.33368],[107.7714,21.33226],[107.76122,21.32788],[107.76678,21.33155],[107.76276,21.33238],[107.75609,21.33059],[107.75343,21.32791],[107.74564,21.32602],[107.72875,21.31529],[107.72742,21.31246],[107.72577,21.31396],[107.72111,21.31008],[107.70514,21.30308],[107.70402,21.30104],[107.71266,21.30325],[107.71095,21.30073],[107.71768,21.30342],[107.72301,21.30643],[107.72118,21.307],[107.72569,21.31042],[107.73159,21.30713],[107.73272,21.30511],[107.73145,21.30248],[107.74067,21.30652],[107.7404,21.30551],[107.74672,21.3032],[107.75086,21.31158],[107.7541,21.31345],[107.7557,21.31277],[107.7595,21.31693],[107.76096,21.3163],[107.76038,21.31763],[107.76439,21.31869],[107.76904,21.32267],[107.77575,21.32522],[107.77779,21.32472],[107.77504,21.3231],[107.77859,21.32346],[107.78231,21.32745],[107.79662,21.33184],[107.79893,21.3345],[107.79735,21.33628],[107.79807,21.33795],[107.79855,21.33654],[107.80153,21.33612],[107.80395,21.3389],[107.80351,21.34133],[107.80581,21.33966],[107.80696,21.34089],[107.80717,21.34233],[107.80559,21.34164],[107.8062,21.34379],[107.80861,21.34503],[107.80988,21.34304],[107.81867,21.35041],[107.82373,21.35161],[107.82375,21.35386],[107.81975,21.35434],[107.82013,21.35697]]],[[[107.68693,21.33323],[107.68637,21.33208],[107.68881,21.33035],[107.68693,21.33323]]],[[[107.6868,21.33958],[107.68972,21.34027],[107.69027,21.34257],[107.68713,21.34279],[107.6868,21.33958]]],[[[107.68889,21.34457],[107.6887,21.3434],[107.69035,21.34375],[107.68889,21.34457]]],[[[107.67441,21.34236],[107.67815,21.34335],[107.67782,21.34633],[107.67365,21.34655],[107.67287,21.34181],[107.67441,21.34236]]],[[[107.72307,21.34849],[107.72365,21.34644],[107.72548,21.34587],[107.72825,21.35043],[107.72776,21.35231],[107.72396,21.35091],[107.72307,21.34849]]],[[[107.68744,21.3499],[107.69135,21.34744],[107.69357,21.3495],[107.69196,21.35072],[107.69438,21.35249],[107.69098,21.35288],[107.68744,21.3499]]],[[[107.68823,21.3528],[107.68679,21.35124],[107.68977,21.35351],[107.68823,21.3528]]],[[[107.72513,21.35578],[107.7261,21.35391],[107.72774,21.3546],[107.72663,21.35677],[107.72513,21.35578]]],[[[107.70787,21.35676],[107.70742,21.35562],[107.70959,21.35809],[107.70787,21.35676]]],[[[107.69306,21.35984],[107.69487,21.35926],[107.69374,21.36054],[107.69145,21.35945],[107.69306,21.35984]]],[[[107.69784,21.36149],[107.69702,21.36018],[107.69814,21.35958],[107.69784,21.36149]]],[[[107.76194,21.36738],[107.75632,21.37341],[107.75279,21.3733],[107.74969,21.3713],[107.74911,21.37283],[107.74238,21.3691],[107.74431,21.36294],[107.74831,21.36251],[107.74919,21.36098],[107.75615,21.3619],[107.75864,21.36543],[107.76142,21.36306],[107.76194,21.36738]]],[[[107.99891,21.397],[107.99315,21.3987],[107.98854,21.39709],[107.97272,21.39749],[107.95856,21.39586],[107.95059,21.39273],[107.94582,21.39268],[107.94427,21.39101],[107.93879,21.3914],[107.93194,21.38811],[107.91099,21.3823],[107.89393,21.38201],[107.8862,21.38377],[107.87257,21.38207],[107.86924,21.37965],[107.86391,21.38103],[107.85496,21.37848],[107.85445,21.37677],[107.84748,21.37403],[107.84024,21.37282],[107.83883,21.36966],[107.82798,21.3645],[107.83494,21.36588],[107.83578,21.36428],[107.83776,21.3647],[107.84242,21.36667],[107.84528,21.37014],[107.85194,21.37286],[107.85569,21.3721],[107.85899,21.36848],[107.87142,21.3732],[107.87581,21.37166],[107.87543,21.36985],[107.86862,21.36673],[107.86211,21.36617],[107.85583,21.36275],[107.85423,21.36081],[107.85481,21.35885],[107.86561,21.35709],[107.85628,21.35029],[107.85219,21.35057],[107.85262,21.35671],[107.8509,21.358],[107.84881,21.35714],[107.84852,21.35343],[107.84477,21.35119],[107.84186,21.3451],[107.84566,21.3391],[107.8667,21.35145],[107.88395,21.35804],[107.9036,21.35994],[107.91005,21.35711],[107.91721,21.36071],[107.92694,21.3622],[107.93144,21.35824],[107.94426,21.35571],[107.95007,21.35803],[107.95808,21.3704],[107.96817,21.379],[107.97585,21.38038],[107.97955,21.38448],[107.9895,21.38975],[107.99836,21.38924],[107.99985,21.39449],[108.00547,21.39675],[108.00342,21.3983],[107.99891,21.397]]],[[[107.84517,21.37553],[107.84742,21.37482],[107.85097,21.37722],[107.84746,21.37772],[107.84517,21.37553]]],[[[107.76741,21.38579],[107.76853,21.3898],[107.76419,21.38762],[107.76087,21.38837],[107.76114,21.38535],[107.76443,21.38166],[107.76669,21.38364],[107.76615,21.38591],[107.76741,21.38579]]],[[[107.90521,21.41033],[107.89203,21.41175],[107.88542,21.40702],[107.89175,21.41447],[107.88167,21.41464],[107.8692,21.40598],[107.8624,21.39547],[107.87377,21.39813],[107.8772,21.40175],[107.88533,21.40575],[107.88667,21.39961],[107.89228,21.40107],[107.88796,21.39925],[107.88889,21.39807],[107.89653,21.39504],[107.89771,21.39504],[107.89828,21.39818],[107.89842,21.39536],[107.90463,21.39618],[107.90367,21.39918],[107.90642,21.39704],[107.90866,21.3995],[107.90666,21.40514],[107.90363,21.4051],[107.9072,21.4061],[107.90695,21.40859],[107.90881,21.40978],[107.90521,21.41033]]],[[[107.83338,21.41255],[107.83333,21.4112],[107.83536,21.412],[107.83338,21.41255]]],[[[107.89921,21.41755],[107.90025,21.41429],[107.9019,21.41697],[107.89921,21.41755]]],[[[107.9072,21.41635],[107.90918,21.41553],[107.90819,21.41808],[107.90573,21.41803],[107.90557,21.41599],[107.9072,21.41635]]],[[[107.95752,21.42395],[107.95947,21.4208],[107.958,21.42853],[107.95841,21.42972],[107.95942,21.42886],[107.9566,21.43172],[107.95752,21.42395]]],[[[107.95855,21.44003],[107.95751,21.44079],[107.95665,21.43929],[107.95794,21.43282],[107.95855,21.44003]]],[[[107.96514,21.4411],[107.96683,21.44586],[107.96481,21.44353],[107.96514,21.4411]]]]}},{"type":"Feature","properties":{"name":"Lai Chau","code":"VN_SRC_LAICHAU"},"geometry":{"type":"Polygon","coordinates":[[[103.53041,22.5948],[103.52108,22.59876],[103.51844,22.5979],[103.51153,22.60071],[103.50684,22.60435],[103.50923,22.61023],[103.50587,22.61089],[103.49889,22.61582],[103.48898,22.61899],[103.4854,22.62853],[103.47824,22.63143],[103.47697,22.64016],[103.4658,22.64687],[103.46414,22.65401],[103.45701,22.65774],[103.45584,22.66915],[103.45812,22.67189],[103.46011,22.67889],[103.45364,22.68481],[103.45161,22.68884],[103.43981,22.69421],[103.43407,22.69946],[103.4324,22.70296],[103.43352,22.7115],[103.42768,22.71729],[103.43019,22.72246],[103.43054,22.72769],[103.42777,22.73314],[103.44055,22.74071],[103.44217,22.74528],[103.44069,22.74781],[103.44125,22.75062],[103.43621,22.75743],[103.42659,22.76089],[103.42104,22.76104],[103.41625,22.7648],[103.41656,22.76944],[103.41201,22.77638],[103.39881,22.78143],[103.39027,22.78205],[103.38563,22.78539],[103.38586,22.78857],[103.37973,22.79173],[103.37638,22.79609],[103.37353,22.79643],[103.37243,22.79892],[103.3606,22.80161],[103.35881,22.80322],[103.35295,22.80287],[103.34792,22.80386],[103.34646,22.80543],[103.33408,22.8061],[103.32634,22.81467],[103.31954,22.81644],[103.31873,22.8126],[103.32136,22.8094],[103.31785,22.80319],[103.32001,22.78987],[103.3178,22.78724],[103.32033,22.78094],[103.31633,22.77949],[103.31502,22.7772],[103.31328,22.77774],[103.31445,22.77559],[103.31097,22.77176],[103.31177,22.77001],[103.30918,22.76715],[103.30991,22.7637],[103.30782,22.76051],[103.30539,22.75925],[103.30459,22.76045],[103.30221,22.75822],[103.303,22.75633],[103.30036,22.75513],[103.3011,22.75234],[103.299,22.7497],[103.29756,22.74997],[103.29731,22.74817],[103.29232,22.74505],[103.28558,22.73738],[103.28633,22.73284],[103.28504,22.72984],[103.28893,22.71948],[103.28643,22.714],[103.28812,22.70866],[103.28218,22.70284],[103.28145,22.69907],[103.28291,22.69073],[103.28156,22.68873],[103.28356,22.68513],[103.2762,22.67843],[103.26807,22.67406],[103.26439,22.67452],[103.26244,22.6715],[103.25063,22.67342],[103.25087,22.66966],[103.24103,22.66384],[103.23907,22.66078],[103.23473,22.65852],[103.23187,22.65862],[103.2279,22.64751],[103.21808,22.64629],[103.21354,22.64735],[103.20876,22.64606],[103.20285,22.64716],[103.19591,22.65096],[103.18555,22.64502],[103.18495,22.64168],[103.18329,22.64064],[103.18446,22.63129],[103.18061,22.62937],[103.17608,22.63083],[103.17595,22.62681],[103.16879,22.61905],[103.16554,22.61129],[103.16599,22.60843],[103.16407,22.60717],[103.16457,22.60402],[103.16049,22.60035],[103.15798,22.59418],[103.16265,22.58276],[103.16834,22.57809],[103.17331,22.56914],[103.18395,22.55927],[103.1764,22.55534],[103.1684,22.54829],[103.15974,22.54477],[103.15688,22.53963],[103.14827,22.5445],[103.14217,22.54094],[103.13872,22.54161],[103.13273,22.53047],[103.12985,22.52783],[103.12336,22.52556],[103.12255,22.52205],[103.11823,22.51761],[103.11509,22.5178],[103.11059,22.5153],[103.09907,22.51647],[103.09299,22.5122],[103.08344,22.51168],[103.07926,22.50647],[103.07924,22.50223],[103.07539,22.49447],[103.07195,22.49177],[103.0727,22.48697],[103.07484,22.48497],[103.07093,22.47688],[103.07915,22.46906],[103.08075,22.46218],[103.08038,22.45464],[103.0767,22.44941],[103.07059,22.44731],[103.06527,22.44775],[103.0586,22.45198],[103.05363,22.44685],[103.04656,22.44506],[103.03571,22.44626],[103.03058,22.44297],[103.01942,22.45138],[103.0136,22.4532],[103.01028,22.46114],[103.00402,22.46049],[102.99823,22.46267],[102.99558,22.46102],[102.99144,22.46344],[102.99074,22.46544],[102.99306,22.47181],[102.98761,22.4757],[102.98714,22.47994],[102.96379,22.47883],[102.95599,22.48536],[102.95292,22.48504],[102.95059,22.48253],[102.93636,22.48602],[102.92894,22.48435],[102.92377,22.49029],[102.92386,22.49477],[102.92223,22.49685],[102.92308,22.50325],[102.92134,22.50773],[102.90966,22.51101],[102.90977,22.51837],[102.90721,22.52251],[102.90926,22.52484],[102.90007,22.52741],[102.89889,22.5302],[102.88905,22.5366],[102.89612,22.54497],[102.89242,22.54733],[102.8935,22.54811],[102.8927,22.55033],[102.89055,22.54959],[102.88837,22.55172],[102.88687,22.55073],[102.87767,22.55883],[102.87773,22.56056],[102.88097,22.56282],[102.88232,22.56857],[102.87082,22.57587],[102.87223,22.58264],[102.87513,22.58336],[102.878,22.58785],[102.8748,22.59541],[102.86796,22.59736],[102.86732,22.59955],[102.86148,22.60442],[102.86297,22.60829],[102.85529,22.61105],[102.84932,22.61016],[102.84392,22.61136],[102.84139,22.61417],[102.84147,22.61923],[102.82492,22.62691],[102.82038,22.6266],[102.81645,22.6219],[102.80889,22.62485],[102.80042,22.62297],[102.79274,22.62629],[102.78787,22.62633],[102.78209,22.63522],[102.78724,22.64368],[102.78457,22.64564],[102.77377,22.64799],[102.76406,22.6477],[102.7565,22.65689],[102.75325,22.65875],[102.75448,22.66288],[102.74985,22.66891],[102.74839,22.66784],[102.73914,22.66839],[102.73565,22.66642],[102.73281,22.66765],[102.7271,22.6724],[102.72435,22.68015],[102.71832,22.67838],[102.71555,22.68048],[102.70951,22.68165],[102.70898,22.69205],[102.70707,22.69474],[102.70333,22.696],[102.70217,22.69814],[102.69873,22.69762],[102.68807,22.70424],[102.68214,22.69966],[102.67013,22.69781],[102.65955,22.69338],[102.65557,22.69023],[102.6508,22.69809],[102.64697,22.70064],[102.64331,22.70089],[102.63792,22.70662],[102.63012,22.71115],[102.62024,22.72213],[102.61565,22.72418],[102.6116,22.73024],[102.60831,22.73037],[102.60598,22.73368],[102.59863,22.73262],[102.58664,22.72278],[102.58468,22.7074],[102.57172,22.7058],[102.56868,22.7038],[102.56881,22.71138],[102.56535,22.71483],[102.56412,22.72342],[102.55856,22.73054],[102.55321,22.73143],[102.55303,22.73333],[102.55043,22.73466],[102.54891,22.74085],[102.54753,22.7416],[102.54911,22.74693],[102.54368,22.74766],[102.53437,22.75693],[102.53416,22.75864],[102.51781,22.7678],[102.5083,22.77829],[102.50416,22.77708],[102.50033,22.78019],[102.49671,22.78084],[102.48924,22.77845],[102.4816,22.7788],[102.48009,22.7766],[102.4805,22.77218],[102.47743,22.7697],[102.47111,22.77103],[102.45931,22.76615],[102.45661,22.76143],[102.45681,22.75893],[102.45217,22.75648],[102.45111,22.75102],[102.45286,22.74661],[102.44988,22.74331],[102.45523,22.73763],[102.45645,22.73256],[102.444,22.7256],[102.44038,22.71903],[102.44178,22.71563],[102.43664,22.70859],[102.43535,22.7013],[102.42378,22.69186],[102.41897,22.69231],[102.41465,22.68997],[102.4123,22.68571],[102.4074,22.68432],[102.39333,22.6911],[102.38386,22.68371],[102.38249,22.68065],[102.38661,22.66925],[102.3894,22.6638],[102.39662,22.6575],[102.4027,22.64175],[102.40646,22.64061],[102.40747,22.6421],[102.41267,22.64305],[102.41631,22.64164],[102.41848,22.63655],[102.41625,22.63494],[102.4092,22.63487],[102.40329,22.63291],[102.39039,22.61936],[102.38597,22.60888],[102.37113,22.59318],[102.36206,22.59155],[102.35611,22.59272],[102.35233,22.58946],[102.34741,22.58976],[102.34592,22.58261],[102.34954,22.57618],[102.35477,22.57196],[102.35512,22.5665],[102.33765,22.55955],[102.32133,22.55727],[102.3208,22.55471],[102.32255,22.55222],[102.32097,22.54994],[102.32313,22.54901],[102.32158,22.54813],[102.32338,22.54709],[102.32211,22.54384],[102.32522,22.54362],[102.32906,22.53865],[102.3306,22.53382],[102.33376,22.53404],[102.339,22.52785],[102.34256,22.52868],[102.33774,22.52252],[102.33922,22.52166],[102.33901,22.51779],[102.34146,22.51598],[102.34357,22.51129],[102.34346,22.50839],[102.346,22.50793],[102.34455,22.50572],[102.34841,22.50551],[102.34691,22.50269],[102.34833,22.49873],[102.3474,22.49061],[102.35782,22.49033],[102.35955,22.48895],[102.35915,22.48466],[102.36202,22.47506],[102.36666,22.47511],[102.37046,22.47177],[102.37675,22.4714],[102.38036,22.46898],[102.38524,22.46906],[102.38745,22.46375],[102.3925,22.46059],[102.39071,22.43997],[102.39692,22.43267],[102.39624,22.42766],[102.39823,22.41837],[102.39592,22.4182],[102.3918,22.42142],[102.39251,22.41544],[102.38688,22.41135],[102.3914,22.40302],[102.39434,22.40043],[102.39982,22.40065],[102.40943,22.38789],[102.41691,22.38808],[102.42166,22.38468],[102.42368,22.38206],[102.42393,22.37605],[102.42622,22.37007],[102.43576,22.36522],[102.44071,22.36576],[102.44905,22.35965],[102.45264,22.35255],[102.45667,22.34942],[102.45662,22.34072],[102.46351,22.33668],[102.46931,22.32895],[102.47359,22.32676],[102.47459,22.31918],[102.49088,22.30159],[102.49062,22.29554],[102.49421,22.29217],[102.49678,22.29294],[102.50825,22.27855],[102.51369,22.26069],[102.53329,22.2462],[102.53644,22.24606],[102.53808,22.24394],[102.54428,22.24199],[102.55476,22.24419],[102.56378,22.26022],[102.57914,22.26052],[102.58723,22.25228],[102.59347,22.24878],[102.59436,22.24611],[102.60052,22.24315],[102.60493,22.2385],[102.6089,22.23944],[102.61933,22.23437],[102.62057,22.22744],[102.61605,22.22252],[102.61766,22.21734],[102.61608,22.21461],[102.61822,22.2125],[102.61875,22.20917],[102.61732,22.2037],[102.61832,22.19814],[102.62301,22.19688],[102.62888,22.18768],[102.63646,22.18671],[102.6371,22.18099],[102.63954,22.17674],[102.64533,22.17418],[102.65917,22.17488],[102.66959,22.16839],[102.67617,22.16697],[102.68101,22.17277],[102.68267,22.1784],[102.68653,22.18236],[102.68836,22.19238],[102.69569,22.19872],[102.69764,22.21006],[102.69347,22.22103],[102.6871,22.23002],[102.68716,22.23635],[102.67922,22.24446],[102.67076,22.24673],[102.66822,22.25057],[102.66174,22.25385],[102.6679,22.25614],[102.67714,22.26225],[102.6814,22.25642],[102.69323,22.24866],[102.69199,22.24678],[102.69554,22.24522],[102.69725,22.24653],[102.70194,22.2452],[102.7025,22.2434],[102.70626,22.24259],[102.71035,22.23811],[102.71503,22.24123],[102.71601,22.23861],[102.7181,22.23982],[102.72179,22.23772],[102.72943,22.23794],[102.72904,22.2348],[102.73103,22.23532],[102.73137,22.23256],[102.73562,22.23281],[102.73519,22.23051],[102.73959,22.22838],[102.74046,22.22358],[102.74322,22.22296],[102.7437,22.2197],[102.7484,22.21742],[102.75066,22.21424],[102.75018,22.21012],[102.75322,22.2073],[102.75098,22.2062],[102.74915,22.19686],[102.74986,22.19023],[102.74755,22.18588],[102.74723,22.17766],[102.74364,22.17421],[102.7391,22.17241],[102.73726,22.16924],[102.73713,22.16243],[102.74118,22.152],[102.73925,22.14489],[102.74227,22.13958],[102.74412,22.13176],[102.75468,22.12574],[102.75587,22.12165],[102.76178,22.11663],[102.7676,22.1169],[102.7765,22.10169],[102.78151,22.10009],[102.77658,22.09352],[102.7775,22.08711],[102.78572,22.08565],[102.78661,22.08379],[102.78961,22.08364],[102.79432,22.08018],[102.80116,22.07793],[102.81207,22.07208],[102.81918,22.0661],[102.8292,22.06435],[102.8375,22.06448],[102.84011,22.06584],[102.84943,22.06514],[102.85193,22.06634],[102.85558,22.06528],[102.85977,22.05981],[102.86317,22.05996],[102.86349,22.06708],[102.8686,22.07806],[102.87974,22.08005],[102.89139,22.07478],[102.89276,22.07642],[102.89718,22.07633],[102.90106,22.07914],[102.90134,22.0813],[102.90555,22.0857],[102.91099,22.08751],[102.91365,22.09037],[102.9259,22.09162],[102.92518,22.10574],[102.93167,22.10376],[102.93581,22.0868],[102.92818,22.07639],[102.93031,22.06785],[102.9427,22.06715],[102.94752,22.0582],[102.95315,22.05622],[102.96047,22.04961],[102.9616,22.04499],[102.9641,22.0423],[102.96222,22.03774],[102.96854,22.03078],[102.9708,22.0299],[102.97705,22.03107],[102.98706,22.02692],[102.99025,22.02873],[102.99137,22.03335],[102.99394,22.03575],[102.99506,22.04441],[102.99819,22.04938],[102.99844,22.05324],[103.0019,22.05026],[103.0066,22.05295],[103.01284,22.05241],[103.01818,22.05526],[103.02322,22.05567],[103.0343,22.04926],[103.0455,22.04796],[103.05665,22.05414],[103.05868,22.06097],[103.06387,22.06314],[103.07219,22.05883],[103.09496,22.05769],[103.09569,22.06565],[103.09003,22.0696],[103.09488,22.07591],[103.09604,22.08394],[103.09963,22.08707],[103.10261,22.10138],[103.1134,22.09906],[103.11688,22.09629],[103.1211,22.0952],[103.12818,22.08042],[103.13302,22.07387],[103.14423,22.06735],[103.14824,22.06726],[103.15139,22.0746],[103.15625,22.07589],[103.1626,22.07409],[103.16618,22.07459],[103.16875,22.07995],[103.17078,22.08068],[103.17744,22.07541],[103.19207,22.06943],[103.20123,22.06767],[103.20902,22.06977],[103.21265,22.06928],[103.2252,22.06317],[103.24283,22.04935],[103.25556,22.04689],[103.27632,22.03877],[103.28219,22.03823],[103.28681,22.03957],[103.28998,22.04243],[103.29111,22.04884],[103.28684,22.05586],[103.27487,22.0674],[103.27253,22.07282],[103.27525,22.08001],[103.2834,22.08796],[103.28424,22.10355],[103.28727,22.10899],[103.29264,22.11256],[103.30849,22.11444],[103.30698,22.12583],[103.31601,22.13234],[103.31887,22.14163],[103.32757,22.14743],[103.33073,22.1524],[103.3351,22.1536],[103.3526,22.1519],[103.38967,22.15645],[103.39232,22.15419],[103.38986,22.14834],[103.39135,22.14215],[103.40511,22.12806],[103.40664,22.11577],[103.41434,22.09099],[103.41857,22.08497],[103.42148,22.07242],[103.43092,22.06393],[103.43568,22.0544],[103.43776,22.05405],[103.44498,22.05738],[103.45409,22.05301],[103.45741,22.04876],[103.4627,22.03654],[103.46934,22.02966],[103.46833,22.0257],[103.45554,22.01561],[103.45397,22.00878],[103.45952,22.00081],[103.46636,21.99541],[103.46851,21.9868],[103.47377,21.98043],[103.47709,21.97768],[103.48909,21.97573],[103.49836,21.96921],[103.5025,21.97911],[103.5115,21.98381],[103.51584,21.99161],[103.51438,21.99741],[103.5162,22.00097],[103.51581,22.00497],[103.51404,22.00979],[103.52689,22.02333],[103.54621,22.02839],[103.55645,22.0215],[103.56332,22.02193],[103.5722,22.01743],[103.58221,22.01632],[103.59892,22.01094],[103.60831,22.01092],[103.61394,22.00091],[103.62709,21.99322],[103.63138,21.98867],[103.65335,21.98786],[103.65474,21.98298],[103.65836,21.98085],[103.66181,21.97548],[103.66337,21.97073],[103.66185,21.96318],[103.66666,21.95427],[103.66728,21.94919],[103.67389,21.94468],[103.68482,21.94232],[103.6907,21.93855],[103.69117,21.93091],[103.68534,21.92007],[103.69277,21.91274],[103.70179,21.9094],[103.70779,21.90221],[103.70867,21.8928],[103.7069,21.89045],[103.70712,21.88377],[103.7165,21.88384],[103.71738,21.87892],[103.72384,21.87741],[103.72325,21.87243],[103.71743,21.86063],[103.71107,21.85498],[103.70888,21.85088],[103.70679,21.84074],[103.69775,21.83688],[103.69548,21.82852],[103.69791,21.82423],[103.71318,21.81964],[103.71643,21.81254],[103.71899,21.80997],[103.72446,21.80826],[103.72624,21.80494],[103.72883,21.80785],[103.73272,21.80929],[103.74518,21.80742],[103.75551,21.80884],[103.76093,21.80687],[103.75491,21.78583],[103.75649,21.77738],[103.7596,21.77666],[103.76399,21.77926],[103.77156,21.77731],[103.78007,21.7776],[103.78055,21.77237],[103.784,21.76831],[103.78422,21.76193],[103.78842,21.76293],[103.79113,21.76198],[103.79446,21.75479],[103.80226,21.74865],[103.80544,21.73918],[103.80831,21.73838],[103.80873,21.73623],[103.81466,21.73924],[103.82826,21.73396],[103.83126,21.73673],[103.83368,21.74253],[103.83543,21.74225],[103.83758,21.73607],[103.83514,21.73345],[103.8351,21.72811],[103.83998,21.70485],[103.84435,21.70009],[103.85,21.69961],[103.85066,21.6965],[103.85523,21.69045],[103.86313,21.69113],[103.86618,21.68759],[103.87127,21.68711],[103.87367,21.68482],[103.88066,21.68539],[103.88249,21.69078],[103.88347,21.70815],[103.89052,21.70026],[103.90171,21.69696],[103.90619,21.69328],[103.9162,21.69431],[103.92325,21.69917],[103.92194,21.7006],[103.92112,21.70868],[103.91086,21.71571],[103.91661,21.72104],[103.91805,21.72795],[103.91526,21.74002],[103.93194,21.74275],[103.93786,21.73913],[103.9426,21.74332],[103.94865,21.74388],[103.95385,21.7412],[103.95164,21.75411],[103.95267,21.7558],[103.95644,21.75322],[103.96018,21.75645],[103.96344,21.75603],[103.96815,21.7695],[103.96193,21.77472],[103.957,21.78426],[103.95169,21.78827],[103.95264,21.79744],[103.95017,21.79968],[103.95035,21.80195],[103.94494,21.80487],[103.94442,21.81003],[103.93457,21.81445],[103.93529,21.81872],[103.93311,21.82075],[103.91798,21.82861],[103.91716,21.83137],[103.91942,21.83203],[103.92022,21.83484],[103.91941,21.83809],[103.88928,21.86524],[103.88864,21.88722],[103.88691,21.89168],[103.88916,21.90056],[103.88624,21.90693],[103.8883,21.91319],[103.89386,21.9208],[103.90651,21.92137],[103.91965,21.9322],[103.92564,21.92952],[103.92905,21.92331],[103.93422,21.9232],[103.93573,21.9196],[103.94304,21.91771],[103.96062,21.9355],[103.96314,21.94104],[103.96152,21.94306],[103.96202,21.94572],[103.97103,21.95919],[103.97697,21.96001],[103.98531,21.96667],[103.98034,21.97217],[103.97428,21.97566],[103.9719,21.98201],[103.96201,21.99327],[103.95679,21.99754],[103.95258,21.99818],[103.96151,22.00428],[103.96523,22.01387],[103.95348,22.0263],[103.95596,22.03321],[103.95718,22.049],[103.95307,22.06382],[103.94856,22.06887],[103.94741,22.07291],[103.94378,22.07511],[103.9425,22.08068],[103.93845,22.08139],[103.93893,22.08843],[103.9439,22.09828],[103.94419,22.10473],[103.94231,22.11183],[103.93593,22.12146],[103.93608,22.12351],[103.93961,22.12651],[103.93797,22.13056],[103.93792,22.13994],[103.9363,22.14113],[103.92996,22.14012],[103.91562,22.14385],[103.9064,22.15503],[103.89947,22.15754],[103.89538,22.16565],[103.88862,22.17352],[103.88072,22.17561],[103.87294,22.17584],[103.86565,22.18078],[103.86705,22.186],[103.87209,22.18937],[103.87266,22.19868],[103.86695,22.20322],[103.85706,22.20586],[103.85165,22.21924],[103.84227,22.22552],[103.84218,22.23148],[103.84409,22.23568],[103.84311,22.24198],[103.8398,22.24758],[103.8358,22.24969],[103.82873,22.26019],[103.82838,22.26686],[103.82635,22.27014],[103.81125,22.28513],[103.80683,22.28645],[103.78869,22.30202],[103.78008,22.30174],[103.77545,22.30304],[103.77487,22.30614],[103.77214,22.30905],[103.76202,22.3113],[103.77071,22.32091],[103.77332,22.32644],[103.76987,22.33184],[103.77359,22.33528],[103.78185,22.33749],[103.77757,22.34271],[103.78084,22.34694],[103.78026,22.34852],[103.77206,22.35385],[103.76654,22.35462],[103.76688,22.36762],[103.76526,22.37247],[103.76823,22.37866],[103.76406,22.39154],[103.74598,22.40855],[103.73849,22.41316],[103.73411,22.41365],[103.72928,22.41632],[103.72407,22.41235],[103.72009,22.4143],[103.71612,22.41372],[103.71138,22.40849],[103.70684,22.40854],[103.70082,22.40553],[103.69577,22.40828],[103.6793,22.40521],[103.67597,22.40345],[103.67242,22.40466],[103.66067,22.4031],[103.646,22.40395],[103.64124,22.40097],[103.63109,22.39857],[103.62769,22.39632],[103.61645,22.40129],[103.60433,22.40923],[103.60276,22.4122],[103.603,22.42476],[103.5993,22.42746],[103.58795,22.42896],[103.58828,22.43597],[103.58076,22.43923],[103.57586,22.44764],[103.57187,22.44733],[103.56871,22.4535],[103.56855,22.45706],[103.55965,22.46262],[103.55619,22.46277],[103.55674,22.46706],[103.55522,22.47023],[103.56663,22.4851],[103.57103,22.48872],[103.5763,22.4901],[103.5831,22.49905],[103.58788,22.50688],[103.58531,22.50887],[103.58593,22.51144],[103.59486,22.52386],[103.59525,22.52668],[103.58933,22.53052],[103.58452,22.53122],[103.58003,22.54553],[103.58095,22.54974],[103.57504,22.55471],[103.56636,22.56837],[103.57264,22.57847],[103.56609,22.57915],[103.56314,22.58318],[103.54832,22.58846],[103.5331,22.58416],[103.53041,22.5948]]]}},{"type":"Feature","properties":{"name":"Dien Bien","code":"VN_SRC_DIENBIEN"},"geometry":{"type":"Polygon","coordinates":[[[102.32158,22.54813],[102.31682,22.54544],[102.31737,22.54397],[102.315,22.54191],[102.31072,22.54123],[102.31022,22.53844],[102.30747,22.53563],[102.30602,22.53671],[102.3009,22.53246],[102.2994,22.53003],[102.29937,22.52468],[102.29647,22.52344],[102.2955,22.51915],[102.29334,22.51842],[102.29414,22.51257],[102.28782,22.5073],[102.2886,22.50532],[102.27988,22.50248],[102.27702,22.49384],[102.27292,22.4911],[102.26989,22.48494],[102.26998,22.48059],[102.26535,22.47677],[102.26295,22.46998],[102.26442,22.46833],[102.26348,22.4663],[102.25396,22.46445],[102.24894,22.46196],[102.249,22.45721],[102.25394,22.45436],[102.25734,22.44924],[102.25801,22.44433],[102.26653,22.43213],[102.26646,22.42756],[102.26878,22.42481],[102.26585,22.42117],[102.26642,22.41871],[102.26267,22.41406],[102.25967,22.41404],[102.24556,22.42152],[102.23998,22.42807],[102.23567,22.42942],[102.22881,22.42695],[102.22513,22.42781],[102.22267,22.42544],[102.21244,22.43164],[102.20721,22.42714],[102.18654,22.43506],[102.16517,22.42905],[102.1593,22.42992],[102.15842,22.42611],[102.15413,22.42477],[102.15471,22.41729],[102.14919,22.40841],[102.14556,22.40599],[102.14567,22.40312],[102.14413,22.40153],[102.14811,22.3968],[102.14809,22.3904],[102.15842,22.38458],[102.16315,22.37731],[102.16825,22.37561],[102.17048,22.37141],[102.16329,22.361],[102.16774,22.34946],[102.17829,22.33858],[102.18559,22.34127],[102.19228,22.33936],[102.19516,22.33706],[102.18978,22.33049],[102.18845,22.32635],[102.181,22.32276],[102.17738,22.31509],[102.17734,22.305],[102.18976,22.30252],[102.19247,22.29964],[102.20119,22.29606],[102.20507,22.29172],[102.21141,22.2908],[102.21076,22.28867],[102.21213,22.28748],[102.22476,22.28667],[102.2263,22.28447],[102.23038,22.28483],[102.23415,22.28277],[102.23345,22.27674],[102.23035,22.27488],[102.23171,22.27103],[102.23406,22.2692],[102.23234,22.2647],[102.23655,22.26263],[102.237,22.25889],[102.23989,22.25896],[102.24244,22.25427],[102.23818,22.24832],[102.24049,22.23901],[102.24636,22.23651],[102.25772,22.23484],[102.25965,22.23605],[102.26135,22.23362],[102.26791,22.23788],[102.27253,22.23609],[102.27358,22.23482],[102.27133,22.2248],[102.27432,22.22428],[102.27833,22.22003],[102.27692,22.21219],[102.27926,22.20991],[102.27917,22.2046],[102.28378,22.20788],[102.28591,22.20762],[102.28663,22.20613],[102.29737,22.20553],[102.30285,22.20138],[102.30782,22.20319],[102.30881,22.20857],[102.31253,22.20813],[102.32158,22.2027],[102.326,22.19614],[102.33011,22.19459],[102.33223,22.18844],[102.33449,22.18705],[102.33513,22.16604],[102.33872,22.16642],[102.3475,22.16309],[102.35897,22.16707],[102.36298,22.16375],[102.36567,22.1633],[102.368,22.15895],[102.38359,22.14936],[102.38486,22.12904],[102.39015,22.12695],[102.40241,22.12553],[102.40744,22.12798],[102.41155,22.12305],[102.41519,22.12181],[102.42145,22.11635],[102.43479,22.11693],[102.4339,22.11292],[102.44098,22.10084],[102.43807,22.09112],[102.44603,22.08374],[102.44486,22.07957],[102.44072,22.0779],[102.4414,22.07409],[102.44562,22.07468],[102.44953,22.07249],[102.4529,22.07244],[102.45901,22.069],[102.46043,22.06544],[102.46934,22.0618],[102.47244,22.06192],[102.4724,22.05736],[102.47448,22.05693],[102.4838,22.04264],[102.49189,22.03914],[102.49539,22.03479],[102.49967,22.03721],[102.50193,22.03462],[102.50947,22.03634],[102.51891,22.02997],[102.52105,22.02357],[102.50803,22.01468],[102.49653,22.01339],[102.49279,22.01441],[102.49183,22.00931],[102.48834,22.00735],[102.48732,22.00273],[102.48742,21.99678],[102.49263,21.99124],[102.49393,21.98751],[102.49856,21.98492],[102.50285,21.97952],[102.50324,21.97687],[102.50502,21.97711],[102.50615,21.97354],[102.51381,21.96649],[102.52076,21.96679],[102.52696,21.96301],[102.53549,21.96025],[102.5427,21.95419],[102.54791,21.95278],[102.56193,21.94306],[102.56488,21.93885],[102.57938,21.93447],[102.5858,21.92815],[102.5898,21.9281],[102.59477,21.92462],[102.60321,21.92497],[102.61276,21.92002],[102.61883,21.90932],[102.621,21.90026],[102.61052,21.87831],[102.61548,21.87236],[102.62885,21.86905],[102.62779,21.86612],[102.63299,21.86199],[102.64355,21.85988],[102.64537,21.85831],[102.64556,21.85351],[102.64218,21.84828],[102.64384,21.84034],[102.6472,21.83583],[102.64728,21.83243],[102.65072,21.82554],[102.64792,21.80865],[102.65886,21.7997],[102.66183,21.7927],[102.66146,21.78726],[102.65886,21.78433],[102.65947,21.78174],[102.65619,21.77393],[102.65139,21.76866],[102.64896,21.76239],[102.64796,21.73559],[102.64493,21.73323],[102.64802,21.72917],[102.6508,21.72804],[102.65078,21.72375],[102.65297,21.72153],[102.65214,21.71954],[102.6561,21.71814],[102.65797,21.71134],[102.65975,21.70998],[102.66072,21.69976],[102.66425,21.6939],[102.66425,21.6893],[102.66725,21.68563],[102.66245,21.68231],[102.6625,21.68003],[102.66719,21.67719],[102.66861,21.67168],[102.67276,21.66573],[102.67613,21.65705],[102.67445,21.6549],[102.67784,21.65388],[102.68467,21.65519],[102.68607,21.65797],[102.68866,21.65863],[102.6871,21.66125],[102.69325,21.66443],[102.69768,21.66147],[102.70482,21.662],[102.70913,21.6644],[102.71568,21.66237],[102.72403,21.66427],[102.73127,21.66378],[102.73281,21.66079],[102.73778,21.65928],[102.74716,21.66508],[102.74912,21.66445],[102.75497,21.67409],[102.76225,21.67519],[102.76486,21.68016],[102.76811,21.68154],[102.77,21.68917],[102.77909,21.69727],[102.78011,21.70097],[102.78456,21.70289],[102.78763,21.70693],[102.7973,21.70666],[102.80393,21.71665],[102.80833,21.7172],[102.81157,21.71981],[102.80927,21.72534],[102.81385,21.72786],[102.81507,21.73186],[102.82027,21.73115],[102.82614,21.73538],[102.82366,21.74418],[102.82472,21.75222],[102.82184,21.75518],[102.82061,21.76007],[102.82087,21.77728],[102.81711,21.78214],[102.81518,21.79077],[102.81887,21.79396],[102.82023,21.79827],[102.81605,21.81263],[102.81118,21.81838],[102.8105,21.82492],[102.81805,21.83366],[102.81715,21.83984],[102.82541,21.84341],[102.83044,21.8437],[102.83353,21.846],[102.83641,21.84647],[102.83997,21.84454],[102.84288,21.84629],[102.85154,21.8423],[102.85367,21.82526],[102.85679,21.82296],[102.85781,21.81872],[102.85483,21.81001],[102.85667,21.80733],[102.8566,21.80243],[102.85972,21.79766],[102.85737,21.79107],[102.85459,21.78787],[102.8593,21.78239],[102.85743,21.77836],[102.8583,21.774],[102.85521,21.76856],[102.861,21.76641],[102.86162,21.76489],[102.85998,21.75993],[102.86055,21.75421],[102.85647,21.75006],[102.85453,21.74178],[102.85873,21.73],[102.85648,21.72648],[102.85622,21.72256],[102.86193,21.71675],[102.86997,21.71289],[102.87261,21.70793],[102.87727,21.70608],[102.87759,21.7024],[102.88123,21.70494],[102.88219,21.70857],[102.88638,21.71249],[102.89755,21.71419],[102.90223,21.7186],[102.90728,21.71696],[102.91458,21.72218],[102.91721,21.72093],[102.92309,21.72518],[102.93632,21.72464],[102.94865,21.72849],[102.95471,21.72864],[102.9563,21.73333],[102.96141,21.73746],[102.9644,21.74313],[102.96964,21.74646],[102.9741,21.74497],[102.97288,21.73649],[102.97722,21.7347],[102.97991,21.73016],[102.9839,21.72782],[102.98517,21.72242],[102.98857,21.72066],[102.98861,21.7055],[102.981,21.70029],[102.97841,21.69589],[102.98057,21.68879],[102.98567,21.6881],[102.98995,21.68383],[102.98532,21.66741],[102.98666,21.66099],[102.98436,21.65783],[102.98001,21.65765],[102.98344,21.65387],[102.97985,21.65077],[102.98163,21.64725],[102.98105,21.64375],[102.98548,21.64517],[102.9866,21.64416],[102.98419,21.6395],[102.98712,21.63681],[102.98329,21.6364],[102.9828,21.6351],[102.98726,21.62878],[102.98517,21.62631],[102.9902,21.62236],[102.98696,21.61831],[102.98929,21.61561],[102.98499,21.61381],[102.98497,21.60605],[102.98817,21.60581],[102.99129,21.60255],[102.99287,21.59014],[102.99191,21.58593],[102.98558,21.58336],[102.97894,21.57181],[102.97004,21.56737],[102.96613,21.56037],[102.95939,21.5545],[102.95914,21.55042],[102.96125,21.54621],[102.95796,21.54441],[102.9546,21.53964],[102.94535,21.53429],[102.94152,21.52678],[102.93202,21.52421],[102.93311,21.5165],[102.92763,21.5162],[102.92314,21.51162],[102.91907,21.5097],[102.9193,21.50513],[102.91328,21.503],[102.91513,21.49496],[102.91203,21.48796],[102.90807,21.48605],[102.90934,21.48154],[102.90737,21.47845],[102.90294,21.47622],[102.90173,21.47776],[102.89348,21.47728],[102.88986,21.47877],[102.88587,21.47624],[102.89107,21.46983],[102.88734,21.46401],[102.88475,21.4628],[102.88629,21.45875],[102.88518,21.45729],[102.88637,21.45298],[102.8855,21.44977],[102.88348,21.44757],[102.87791,21.44616],[102.87859,21.43896],[102.86939,21.42872],[102.87171,21.42454],[102.87983,21.42458],[102.89019,21.42831],[102.89259,21.4329],[102.89945,21.43565],[102.90079,21.43245],[102.90399,21.43042],[102.9055,21.43477],[102.91363,21.4378],[102.91277,21.43995],[102.91464,21.44205],[102.91404,21.44531],[102.9165,21.44907],[102.91984,21.44985],[102.91977,21.45257],[102.92189,21.45291],[102.92357,21.45591],[102.93735,21.45874],[102.94223,21.45658],[102.93994,21.45237],[102.935,21.4484],[102.93429,21.44449],[102.93156,21.44608],[102.92816,21.43715],[102.92373,21.43127],[102.92155,21.42054],[102.91855,21.41759],[102.9182,21.41133],[102.91993,21.40781],[102.90985,21.39941],[102.90756,21.39241],[102.90523,21.39251],[102.90064,21.38772],[102.89619,21.38602],[102.89868,21.37526],[102.89419,21.36809],[102.89674,21.36797],[102.89897,21.36574],[102.89796,21.36311],[102.89349,21.35989],[102.89677,21.35619],[102.89386,21.35303],[102.89374,21.34765],[102.89223,21.34575],[102.89318,21.34139],[102.89073,21.33893],[102.88931,21.33256],[102.8922,21.33025],[102.89991,21.31718],[102.89825,21.31488],[102.89914,21.31181],[102.89721,21.30472],[102.88445,21.29976],[102.87818,21.30258],[102.87278,21.30078],[102.86274,21.30088],[102.85711,21.29817],[102.85222,21.29971],[102.84906,21.29043],[102.84582,21.29013],[102.8441,21.29277],[102.84186,21.29194],[102.83936,21.28756],[102.83892,21.28318],[102.83461,21.2834],[102.83267,21.27808],[102.82976,21.27852],[102.82044,21.27289],[102.81529,21.27166],[102.81674,21.26964],[102.81567,21.26739],[102.80987,21.2669],[102.80778,21.26339],[102.81534,21.2565],[102.8113,21.25167],[102.81457,21.25108],[102.82027,21.25344],[102.82135,21.24723],[102.82378,21.24561],[102.82677,21.24676],[102.82802,21.24586],[102.83001,21.24777],[102.84267,21.24695],[102.84528,21.25088],[102.84977,21.25373],[102.85505,21.25287],[102.85861,21.25717],[102.86203,21.25548],[102.86439,21.25719],[102.86491,21.25536],[102.87091,21.25272],[102.87353,21.25348],[102.89212,21.24603],[102.89751,21.24065],[102.90204,21.2329],[102.91184,21.22973],[102.9124,21.22722],[102.90876,21.22536],[102.90767,21.22291],[102.90765,21.2191],[102.91003,21.21444],[102.90931,21.20679],[102.91123,21.20376],[102.90844,21.20103],[102.90846,21.19633],[102.9037,21.18988],[102.90913,21.17997],[102.90749,21.17574],[102.90359,21.1748],[102.90427,21.16907],[102.90301,21.16582],[102.9087,21.16259],[102.91779,21.16102],[102.92156,21.15563],[102.92469,21.16101],[102.92785,21.16254],[102.93117,21.15963],[102.93678,21.1593],[102.93719,21.15483],[102.93976,21.15047],[102.94536,21.14347],[102.94939,21.14122],[102.94912,21.13826],[102.94082,21.13134],[102.93998,21.12723],[102.94299,21.1236],[102.94763,21.12311],[102.95445,21.11913],[102.95514,21.11642],[102.96032,21.11421],[102.96733,21.09839],[102.96773,21.0941],[102.96597,21.08758],[102.96139,21.08349],[102.96063,21.08094],[102.96214,21.0775],[102.96672,21.07526],[102.96805,21.0707],[102.97455,21.06568],[102.97844,21.06736],[102.98753,21.06268],[102.99272,21.0616],[102.99572,21.0631],[103.00188,21.05871],[103.00783,21.06388],[103.01166,21.06264],[103.01413,21.06501],[103.02395,21.05915],[103.02473,21.05722],[103.02602,21.05864],[103.03427,21.05851],[103.03538,21.05489],[103.03369,21.05065],[103.03777,21.04905],[103.03994,21.04574],[103.04041,21.04275],[103.03848,21.03804],[103.04394,21.0357],[103.04775,21.02678],[103.05037,21.02669],[103.05419,21.01642],[103.05829,21.01307],[103.05776,21.00592],[103.06038,20.99904],[103.06702,20.99516],[103.06988,20.99175],[103.06849,20.98842],[103.07088,20.98083],[103.07555,20.97971],[103.07881,20.97228],[103.08436,20.96975],[103.08544,20.95567],[103.08359,20.9438],[103.08844,20.93723],[103.09289,20.93439],[103.09826,20.93398],[103.10026,20.93592],[103.10393,20.93445],[103.10365,20.93194],[103.10603,20.92938],[103.10685,20.92549],[103.10458,20.92301],[103.10534,20.91853],[103.11003,20.91738],[103.11218,20.91235],[103.10999,20.91047],[103.11096,20.9064],[103.10976,20.90013],[103.11784,20.89536],[103.12216,20.90351],[103.12743,20.90926],[103.13218,20.90717],[103.13508,20.90848],[103.14345,20.90554],[103.14616,20.90629],[103.14988,20.90387],[103.15945,20.90639],[103.16533,20.91114],[103.16495,20.91565],[103.1663,20.91662],[103.16789,20.91377],[103.17052,20.91456],[103.17255,20.91355],[103.17418,20.91018],[103.17906,20.90815],[103.18279,20.90837],[103.187,20.90244],[103.19162,20.90158],[103.19758,20.90647],[103.20043,20.90179],[103.2036,20.90276],[103.21143,20.90102],[103.21479,20.89918],[103.21635,20.89546],[103.22661,20.89672],[103.2343,20.89342],[103.24047,20.89476],[103.24563,20.89269],[103.25056,20.89607],[103.26043,20.89838],[103.26794,20.90315],[103.27306,20.90223],[103.27643,20.89745],[103.28167,20.89702],[103.27973,20.89853],[103.28114,20.90255],[103.28715,20.90553],[103.28851,20.9087],[103.28001,20.91928],[103.27685,20.92129],[103.27814,20.92439],[103.27458,20.92672],[103.2748,20.93653],[103.27548,20.93944],[103.28033,20.942],[103.28586,20.94798],[103.29159,20.94526],[103.29818,20.94769],[103.29532,20.95805],[103.29589,20.96244],[103.29896,20.9647],[103.29644,20.9686],[103.29811,20.97476],[103.29507,20.98594],[103.29089,20.99387],[103.28358,20.99748],[103.28617,20.99977],[103.28532,21.00024],[103.27929,20.99947],[103.28051,21.00077],[103.27915,21.00399],[103.28006,21.00533],[103.28464,21.00521],[103.28697,21.00931],[103.28699,21.01145],[103.28362,21.01394],[103.29226,21.01687],[103.29193,21.02029],[103.28907,21.02068],[103.29211,21.0245],[103.28739,21.02572],[103.28925,21.0274],[103.28514,21.02956],[103.28669,21.03499],[103.28244,21.03743],[103.28095,21.04236],[103.27661,21.04392],[103.27765,21.05095],[103.27431,21.05297],[103.27548,21.05693],[103.27897,21.05908],[103.27589,21.06222],[103.27742,21.0627],[103.28109,21.06041],[103.28213,21.06574],[103.28521,21.06532],[103.28914,21.06179],[103.29592,21.06135],[103.29815,21.05973],[103.30325,21.06007],[103.3046,21.06166],[103.30399,21.06822],[103.29582,21.06992],[103.29373,21.07694],[103.287,21.07887],[103.292,21.08453],[103.28558,21.09325],[103.29124,21.09802],[103.30026,21.09526],[103.30833,21.09591],[103.31325,21.09189],[103.31602,21.09577],[103.32257,21.09273],[103.33333,21.09105],[103.3458,21.08299],[103.35811,21.07247],[103.37696,21.06604],[103.37929,21.06178],[103.38456,21.06011],[103.39085,21.0636],[103.39405,21.06292],[103.40229,21.06525],[103.40748,21.06415],[103.41684,21.06545],[103.42262,21.06636],[103.4242,21.06838],[103.42158,21.07475],[103.42143,21.08146],[103.41328,21.08903],[103.41263,21.09981],[103.4084,21.1037],[103.40411,21.11121],[103.40573,21.12213],[103.40761,21.12465],[103.40372,21.13872],[103.39758,21.14655],[103.39636,21.15132],[103.40333,21.15412],[103.40724,21.16057],[103.41316,21.16551],[103.42372,21.15977],[103.42907,21.16294],[103.43413,21.16927],[103.43524,21.18275],[103.43801,21.18966],[103.43723,21.19944],[103.43232,21.20787],[103.43235,21.21306],[103.43451,21.21906],[103.43204,21.22279],[103.4339,21.23238],[103.43318,21.23712],[103.4363,21.24072],[103.43317,21.2431],[103.43073,21.25109],[103.43187,21.25529],[103.43931,21.2637],[103.43859,21.27273],[103.44088,21.27651],[103.4393,21.28826],[103.43511,21.29597],[103.43083,21.31133],[103.4289,21.31299],[103.4156,21.3193],[103.39591,21.3177],[103.38116,21.3287],[103.37353,21.329],[103.36957,21.33143],[103.37208,21.34156],[103.37976,21.34836],[103.38205,21.35473],[103.38765,21.36048],[103.38777,21.36696],[103.38403,21.36962],[103.37619,21.37008],[103.37139,21.37227],[103.3618,21.37173],[103.36153,21.37803],[103.35742,21.39029],[103.3449,21.39911],[103.33984,21.39979],[103.3358,21.4115],[103.3312,21.41204],[103.33008,21.41462],[103.33699,21.4178],[103.34077,21.42622],[103.3444,21.42963],[103.35317,21.42495],[103.35738,21.42546],[103.35914,21.42861],[103.36838,21.42921],[103.37489,21.42752],[103.37939,21.4308],[103.37796,21.43578],[103.38308,21.43392],[103.39228,21.43686],[103.39797,21.4347],[103.40092,21.43172],[103.41246,21.42751],[103.4151,21.4281],[103.41748,21.42633],[103.42116,21.42967],[103.42469,21.43066],[103.43054,21.43014],[103.4334,21.4319],[103.43707,21.43089],[103.43934,21.4322],[103.44183,21.43123],[103.44683,21.43511],[103.4494,21.43797],[103.4455,21.44287],[103.45651,21.45794],[103.45309,21.47012],[103.45334,21.48009],[103.44739,21.48718],[103.45051,21.49207],[103.45176,21.5019],[103.46143,21.51244],[103.45872,21.51834],[103.46148,21.51944],[103.46916,21.5167],[103.47414,21.51992],[103.48296,21.52029],[103.49179,21.52866],[103.50467,21.53501],[103.5111,21.53323],[103.51765,21.53382],[103.51736,21.53705],[103.52158,21.54452],[103.51878,21.55515],[103.51982,21.56442],[103.52297,21.56657],[103.52597,21.56521],[103.52885,21.56687],[103.53201,21.56658],[103.53362,21.56906],[103.5311,21.57154],[103.53236,21.57978],[103.52931,21.58307],[103.52965,21.58541],[103.53408,21.59057],[103.53812,21.58946],[103.53914,21.60068],[103.54261,21.60249],[103.54588,21.60155],[103.54823,21.6028],[103.54909,21.60892],[103.55431,21.6132],[103.5556,21.61751],[103.55416,21.62096],[103.55812,21.62341],[103.55952,21.62637],[103.55708,21.63037],[103.55035,21.63327],[103.55068,21.63808],[103.54912,21.64022],[103.54396,21.6403],[103.54497,21.64298],[103.54218,21.64314],[103.54214,21.64687],[103.54717,21.65136],[103.55354,21.6519],[103.55925,21.6558],[103.55718,21.659],[103.56015,21.66768],[103.56657,21.67178],[103.56832,21.67776],[103.57528,21.68259],[103.58359,21.68515],[103.59342,21.67468],[103.59505,21.67499],[103.59566,21.67933],[103.59845,21.68185],[103.59879,21.68329],[103.59471,21.68662],[103.59306,21.69283],[103.58426,21.70463],[103.58614,21.70791],[103.57849,21.72052],[103.57488,21.72938],[103.57526,21.73262],[103.5719,21.73646],[103.57363,21.73965],[103.56926,21.7417],[103.56207,21.74905],[103.55845,21.76216],[103.54139,21.77602],[103.54145,21.78251],[103.54771,21.79863],[103.54216,21.80579],[103.53919,21.81251],[103.53653,21.8141],[103.54187,21.82187],[103.54012,21.82725],[103.53532,21.83225],[103.53205,21.83126],[103.52805,21.83487],[103.5299,21.83844],[103.52893,21.84427],[103.52262,21.85451],[103.52215,21.86209],[103.51171,21.86712],[103.50811,21.87356],[103.50189,21.87347],[103.49796,21.87498],[103.49556,21.87418],[103.49314,21.87585],[103.49545,21.88018],[103.48914,21.88323],[103.49074,21.88997],[103.48431,21.89457],[103.48809,21.90399],[103.48185,21.90928],[103.48206,21.91253],[103.47992,21.91521],[103.48458,21.92028],[103.48293,21.92301],[103.48356,21.92906],[103.48916,21.93259],[103.48915,21.93391],[103.48536,21.93443],[103.48473,21.93858],[103.49229,21.943],[103.49651,21.94322],[103.49665,21.94821],[103.50575,21.95543],[103.503,21.9657],[103.49836,21.96921],[103.48909,21.97573],[103.47709,21.97768],[103.47377,21.98043],[103.46851,21.9868],[103.46636,21.99541],[103.45952,22.00081],[103.45397,22.00878],[103.45554,22.01561],[103.46833,22.0257],[103.46934,22.02966],[103.4627,22.03654],[103.45741,22.04876],[103.45409,22.05301],[103.44498,22.05738],[103.43776,22.05405],[103.43568,22.0544],[103.43092,22.06393],[103.42148,22.07242],[103.41857,22.08497],[103.41434,22.09099],[103.40664,22.11577],[103.40511,22.12806],[103.39135,22.14215],[103.38986,22.14834],[103.39232,22.15419],[103.38967,22.15645],[103.3526,22.1519],[103.3351,22.1536],[103.33073,22.1524],[103.32757,22.14743],[103.31887,22.14163],[103.31601,22.13234],[103.30698,22.12583],[103.30849,22.11444],[103.29264,22.11256],[103.28727,22.10899],[103.28424,22.10355],[103.2834,22.08796],[103.27525,22.08001],[103.27253,22.07282],[103.27487,22.0674],[103.28684,22.05586],[103.29111,22.04884],[103.28998,22.04243],[103.28681,22.03957],[103.28219,22.03823],[103.27632,22.03877],[103.25556,22.04689],[103.24283,22.04935],[103.2252,22.06317],[103.21265,22.06928],[103.20902,22.06977],[103.20123,22.06767],[103.19207,22.06943],[103.17744,22.07541],[103.17078,22.08068],[103.16875,22.07995],[103.16618,22.07459],[103.1626,22.07409],[103.15625,22.07589],[103.15139,22.0746],[103.14824,22.06726],[103.14423,22.06735],[103.13302,22.07387],[103.12818,22.08042],[103.1211,22.0952],[103.11688,22.09629],[103.1134,22.09906],[103.10261,22.10138],[103.09963,22.08707],[103.09604,22.08394],[103.09488,22.07591],[103.09003,22.0696],[103.09569,22.06565],[103.09496,22.05769],[103.07219,22.05883],[103.06387,22.06314],[103.05868,22.06097],[103.05665,22.05414],[103.0455,22.04796],[103.0343,22.04926],[103.02322,22.05567],[103.01818,22.05526],[103.01284,22.05241],[103.0066,22.05295],[103.0019,22.05026],[102.99844,22.05324],[102.99819,22.04938],[102.99506,22.04441],[102.99394,22.03575],[102.99137,22.03335],[102.99025,22.02873],[102.98706,22.02692],[102.97705,22.03107],[102.9708,22.0299],[102.96854,22.03078],[102.96222,22.03774],[102.9641,22.0423],[102.9616,22.04499],[102.96047,22.04961],[102.95315,22.05622],[102.94752,22.0582],[102.9427,22.06715],[102.93031,22.06785],[102.92818,22.07639],[102.93581,22.0868],[102.93167,22.10376],[102.92518,22.10574],[102.9259,22.09162],[102.91365,22.09037],[102.91099,22.08751],[102.90555,22.0857],[102.90134,22.0813],[102.90106,22.07914],[102.89718,22.07633],[102.89276,22.07642],[102.89139,22.07478],[102.87974,22.08005],[102.8686,22.07806],[102.86349,22.06708],[102.86317,22.05996],[102.85977,22.05981],[102.85558,22.06528],[102.85193,22.06634],[102.84943,22.06514],[102.84011,22.06584],[102.8375,22.06448],[102.8292,22.06435],[102.81918,22.0661],[102.81207,22.07208],[102.80116,22.07793],[102.79432,22.08018],[102.78961,22.08364],[102.78661,22.08379],[102.78572,22.08565],[102.7775,22.08711],[102.77658,22.09352],[102.78151,22.10009],[102.7765,22.10169],[102.7676,22.1169],[102.76178,22.11663],[102.75587,22.12165],[102.75468,22.12574],[102.74412,22.13176],[102.74227,22.13958],[102.73925,22.14489],[102.74118,22.152],[102.73713,22.16243],[102.73726,22.16924],[102.7391,22.17241],[102.74364,22.17421],[102.74723,22.17766],[102.74755,22.18588],[102.74986,22.19023],[102.74915,22.19686],[102.75098,22.2062],[102.75322,22.2073],[102.75018,22.21012],[102.75066,22.21424],[102.7484,22.21742],[102.7437,22.2197],[102.74322,22.22296],[102.74046,22.22358],[102.73959,22.22838],[102.73519,22.23051],[102.73562,22.23281],[102.73137,22.23256],[102.73103,22.23532],[102.72904,22.2348],[102.72943,22.23794],[102.72179,22.23772],[102.7181,22.23982],[102.71601,22.23861],[102.71503,22.24123],[102.71035,22.23811],[102.70626,22.24259],[102.7025,22.2434],[102.70194,22.2452],[102.69725,22.24653],[102.69554,22.24522],[102.69199,22.24678],[102.69323,22.24866],[102.6814,22.25642],[102.67714,22.26225],[102.6679,22.25614],[102.66174,22.25385],[102.66822,22.25057],[102.67076,22.24673],[102.67922,22.24446],[102.68716,22.23635],[102.6871,22.23002],[102.69347,22.22103],[102.69764,22.21006],[102.69569,22.19872],[102.68836,22.19238],[102.68653,22.18236],[102.68267,22.1784],[102.68101,22.17277],[102.67617,22.16697],[102.66959,22.16839],[102.65917,22.17488],[102.64533,22.17418],[102.63954,22.17674],[102.6371,22.18099],[102.63646,22.18671],[102.62888,22.18768],[102.62301,22.19688],[102.61832,22.19814],[102.61732,22.2037],[102.61875,22.20917],[102.61822,22.2125],[102.61608,22.21461],[102.61766,22.21734],[102.61605,22.22252],[102.62057,22.22744],[102.61933,22.23437],[102.6089,22.23944],[102.60493,22.2385],[102.60052,22.24315],[102.59436,22.24611],[102.59347,22.24878],[102.58723,22.25228],[102.57914,22.26052],[102.56378,22.26022],[102.55476,22.24419],[102.54428,22.24199],[102.53808,22.24394],[102.53644,22.24606],[102.53329,22.2462],[102.51369,22.26069],[102.50825,22.27855],[102.49678,22.29294],[102.49421,22.29217],[102.49062,22.29554],[102.49088,22.30159],[102.47459,22.31918],[102.47359,22.32676],[102.46931,22.32895],[102.46351,22.33668],[102.45662,22.34072],[102.45667,22.34942],[102.45264,22.35255],[102.44905,22.35965],[102.44071,22.36576],[102.43576,22.36522],[102.42622,22.37007],[102.42393,22.37605],[102.42368,22.38206],[102.42166,22.38468],[102.41691,22.38808],[102.40943,22.38789],[102.39982,22.40065],[102.39434,22.40043],[102.3914,22.40302],[102.38688,22.41135],[102.39251,22.41544],[102.3918,22.42142],[102.39592,22.4182],[102.39823,22.41837],[102.39624,22.42766],[102.39692,22.43267],[102.39071,22.43997],[102.3925,22.46059],[102.38745,22.46375],[102.38524,22.46906],[102.38036,22.46898],[102.37675,22.4714],[102.37046,22.47177],[102.36666,22.47511],[102.36202,22.47506],[102.35915,22.48466],[102.35955,22.48895],[102.35782,22.49033],[102.3474,22.49061],[102.34833,22.49873],[102.34691,22.50269],[102.34841,22.50551],[102.34455,22.50572],[102.346,22.50793],[102.34346,22.50839],[102.34357,22.51129],[102.34146,22.51598],[102.33901,22.51779],[102.33922,22.52166],[102.33774,22.52252],[102.34256,22.52868],[102.339,22.52785],[102.33376,22.53404],[102.3306,22.53382],[102.32906,22.53865],[102.32522,22.54362],[102.32211,22.54384],[102.32338,22.54709],[102.32158,22.54813]]]}},{"type":"Feature","properties":{"name":"Son La","code":"VN_SRC_SONLA"},"geometry":{"type":"Polygon","coordinates":[[[103.92325,21.69917],[103.9162,21.69431],[103.90619,21.69328],[103.90171,21.69696],[103.89052,21.70026],[103.88347,21.70815],[103.88249,21.69078],[103.88066,21.68539],[103.87367,21.68482],[103.87127,21.68711],[103.86618,21.68759],[103.86313,21.69113],[103.85523,21.69045],[103.85066,21.6965],[103.85,21.69961],[103.84435,21.70009],[103.83998,21.70485],[103.8351,21.72811],[103.83514,21.73345],[103.83758,21.73607],[103.83543,21.74225],[103.83368,21.74253],[103.83126,21.73673],[103.82826,21.73396],[103.81466,21.73924],[103.80873,21.73623],[103.80831,21.73838],[103.80544,21.73918],[103.80226,21.74865],[103.79446,21.75479],[103.79113,21.76198],[103.78842,21.76293],[103.78422,21.76193],[103.784,21.76831],[103.78055,21.77237],[103.78007,21.7776],[103.77156,21.77731],[103.76399,21.77926],[103.7596,21.77666],[103.75649,21.77738],[103.75491,21.78583],[103.76093,21.80687],[103.75551,21.80884],[103.74518,21.80742],[103.73272,21.80929],[103.72883,21.80785],[103.72624,21.80494],[103.72446,21.80826],[103.71899,21.80997],[103.71643,21.81254],[103.71318,21.81964],[103.69791,21.82423],[103.69548,21.82852],[103.69775,21.83688],[103.70679,21.84074],[103.70888,21.85088],[103.71107,21.85498],[103.71743,21.86063],[103.72325,21.87243],[103.72384,21.87741],[103.71738,21.87892],[103.7165,21.88384],[103.70712,21.88377],[103.7069,21.89045],[103.70867,21.8928],[103.70779,21.90221],[103.70179,21.9094],[103.69277,21.91274],[103.68534,21.92007],[103.69117,21.93091],[103.6907,21.93855],[103.68482,21.94232],[103.67389,21.94468],[103.66728,21.94919],[103.66666,21.95427],[103.66185,21.96318],[103.66337,21.97073],[103.66181,21.97548],[103.65836,21.98085],[103.65474,21.98298],[103.65335,21.98786],[103.63138,21.98867],[103.62709,21.99322],[103.61394,22.00091],[103.60831,22.01092],[103.59892,22.01094],[103.58221,22.01632],[103.5722,22.01743],[103.56332,22.02193],[103.55645,22.0215],[103.54621,22.02839],[103.52689,22.02333],[103.51404,22.00979],[103.51581,22.00497],[103.5162,22.00097],[103.51438,21.99741],[103.51584,21.99161],[103.5115,21.98381],[103.5025,21.97911],[103.49836,21.96921],[103.503,21.9657],[103.50575,21.95543],[103.49665,21.94821],[103.49651,21.94322],[103.49229,21.943],[103.48473,21.93858],[103.48536,21.93443],[103.48915,21.93391],[103.48916,21.93259],[103.48356,21.92906],[103.48293,21.92301],[103.48458,21.92028],[103.47992,21.91521],[103.48206,21.91253],[103.48185,21.90928],[103.48809,21.90399],[103.48431,21.89457],[103.49074,21.88997],[103.48914,21.88323],[103.49545,21.88018],[103.49314,21.87585],[103.49556,21.87418],[103.49796,21.87498],[103.50189,21.87347],[103.50811,21.87356],[103.51171,21.86712],[103.52215,21.86209],[103.52262,21.85451],[103.52893,21.84427],[103.5299,21.83844],[103.52805,21.83487],[103.53205,21.83126],[103.53532,21.83225],[103.54012,21.82725],[103.54187,21.82187],[103.53653,21.8141],[103.53919,21.81251],[103.54216,21.80579],[103.54771,21.79863],[103.54145,21.78251],[103.54139,21.77602],[103.55845,21.76216],[103.56207,21.74905],[103.56926,21.7417],[103.57363,21.73965],[103.5719,21.73646],[103.57526,21.73262],[103.57488,21.72938],[103.57849,21.72052],[103.58614,21.70791],[103.58426,21.70463],[103.59306,21.69283],[103.59471,21.68662],[103.59879,21.68329],[103.59845,21.68185],[103.59566,21.67933],[103.59505,21.67499],[103.59342,21.67468],[103.58359,21.68515],[103.57528,21.68259],[103.56832,21.67776],[103.56657,21.67178],[103.56015,21.66768],[103.55718,21.659],[103.55925,21.6558],[103.55354,21.6519],[103.54717,21.65136],[103.54214,21.64687],[103.54218,21.64314],[103.54497,21.64298],[103.54396,21.6403],[103.54912,21.64022],[103.55068,21.63808],[103.55035,21.63327],[103.55708,21.63037],[103.55952,21.62637],[103.55812,21.62341],[103.55416,21.62096],[103.5556,21.61751],[103.55431,21.6132],[103.54909,21.60892],[103.54823,21.6028],[103.54588,21.60155],[103.54261,21.60249],[103.53914,21.60068],[103.53812,21.58946],[103.53408,21.59057],[103.52965,21.58541],[103.52931,21.58307],[103.53236,21.57978],[103.5311,21.57154],[103.53362,21.56906],[103.53201,21.56658],[103.52885,21.56687],[103.52597,21.56521],[103.52297,21.56657],[103.51982,21.56442],[103.51878,21.55515],[103.52158,21.54452],[103.51736,21.53705],[103.51765,21.53382],[103.5111,21.53323],[103.50467,21.53501],[103.49179,21.52866],[103.48296,21.52029],[103.47414,21.51992],[103.46916,21.5167],[103.46148,21.51944],[103.45872,21.51834],[103.46143,21.51244],[103.45176,21.5019],[103.45051,21.49207],[103.44739,21.48718],[103.45334,21.48009],[103.45309,21.47012],[103.45651,21.45794],[103.4455,21.44287],[103.4494,21.43797],[103.44683,21.43511],[103.44183,21.43123],[103.43934,21.4322],[103.43707,21.43089],[103.4334,21.4319],[103.43054,21.43014],[103.42469,21.43066],[103.42116,21.42967],[103.41748,21.42633],[103.4151,21.4281],[103.41246,21.42751],[103.40092,21.43172],[103.39797,21.4347],[103.39228,21.43686],[103.38308,21.43392],[103.37796,21.43578],[103.37939,21.4308],[103.37489,21.42752],[103.36838,21.42921],[103.35914,21.42861],[103.35738,21.42546],[103.35317,21.42495],[103.3444,21.42963],[103.34077,21.42622],[103.33699,21.4178],[103.33008,21.41462],[103.3312,21.41204],[103.3358,21.4115],[103.33984,21.39979],[103.3449,21.39911],[103.35742,21.39029],[103.36153,21.37803],[103.3618,21.37173],[103.37139,21.37227],[103.37619,21.37008],[103.38403,21.36962],[103.38777,21.36696],[103.38765,21.36048],[103.38205,21.35473],[103.37976,21.34836],[103.37208,21.34156],[103.36957,21.33143],[103.37353,21.329],[103.38116,21.3287],[103.39591,21.3177],[103.4156,21.3193],[103.4289,21.31299],[103.43083,21.31133],[103.43511,21.29597],[103.4393,21.28826],[103.44088,21.27651],[103.43859,21.27273],[103.43931,21.2637],[103.43187,21.25529],[103.43073,21.25109],[103.43317,21.2431],[103.4363,21.24072],[103.43318,21.23712],[103.4339,21.23238],[103.43204,21.22279],[103.43451,21.21906],[103.43235,21.21306],[103.43232,21.20787],[103.43723,21.19944],[103.43801,21.18966],[103.43524,21.18275],[103.43413,21.16927],[103.42907,21.16294],[103.42372,21.15977],[103.41316,21.16551],[103.40724,21.16057],[103.40333,21.15412],[103.39636,21.15132],[103.39758,21.14655],[103.40372,21.13872],[103.40761,21.12465],[103.40573,21.12213],[103.40411,21.11121],[103.4084,21.1037],[103.41263,21.09981],[103.41328,21.08903],[103.42143,21.08146],[103.42158,21.07475],[103.4242,21.06838],[103.42262,21.06636],[103.41684,21.06545],[103.40748,21.06415],[103.40229,21.06525],[103.39405,21.06292],[103.39085,21.0636],[103.38456,21.06011],[103.37929,21.06178],[103.37696,21.06604],[103.35811,21.07247],[103.3458,21.08299],[103.33333,21.09105],[103.32257,21.09273],[103.31602,21.09577],[103.31325,21.09189],[103.30833,21.09591],[103.30026,21.09526],[103.29124,21.09802],[103.28558,21.09325],[103.292,21.08453],[103.287,21.07887],[103.29373,21.07694],[103.29582,21.06992],[103.30399,21.06822],[103.3046,21.06166],[103.30325,21.06007],[103.29815,21.05973],[103.29592,21.06135],[103.28914,21.06179],[103.28521,21.06532],[103.28213,21.06574],[103.28109,21.06041],[103.27742,21.0627],[103.27589,21.06222],[103.27897,21.05908],[103.27548,21.05693],[103.27431,21.05297],[103.27765,21.05095],[103.27661,21.04392],[103.28095,21.04236],[103.28244,21.03743],[103.28669,21.03499],[103.28514,21.02956],[103.28925,21.0274],[103.28739,21.02572],[103.29211,21.0245],[103.28907,21.02068],[103.29193,21.02029],[103.29226,21.01687],[103.28362,21.01394],[103.28699,21.01145],[103.28697,21.00931],[103.28464,21.00521],[103.28006,21.00533],[103.27915,21.00399],[103.28051,21.00077],[103.27929,20.99947],[103.28532,21.00024],[103.28617,20.99977],[103.28358,20.99748],[103.29089,20.99387],[103.29507,20.98594],[103.29811,20.97476],[103.29644,20.9686],[103.29896,20.9647],[103.29589,20.96244],[103.29532,20.95805],[103.29818,20.94769],[103.29159,20.94526],[103.28586,20.94798],[103.28033,20.942],[103.27548,20.93944],[103.2748,20.93653],[103.27458,20.92672],[103.27814,20.92439],[103.27685,20.92129],[103.28001,20.91928],[103.28851,20.9087],[103.28715,20.90553],[103.28114,20.90255],[103.27973,20.89853],[103.28167,20.89702],[103.27643,20.89745],[103.27306,20.90223],[103.26794,20.90315],[103.26043,20.89838],[103.25056,20.89607],[103.24563,20.89269],[103.24047,20.89476],[103.2343,20.89342],[103.22661,20.89672],[103.21635,20.89546],[103.21246,20.89028],[103.22394,20.88594],[103.22838,20.87881],[103.23531,20.87338],[103.23494,20.86827],[103.23016,20.86097],[103.22677,20.85147],[103.22844,20.84317],[103.23289,20.84187],[103.23329,20.83805],[103.23734,20.83366],[103.24306,20.83385],[103.24837,20.83176],[103.2609,20.8233],[103.26884,20.82277],[103.28008,20.82732],[103.28797,20.83719],[103.29068,20.83762],[103.29943,20.82865],[103.29936,20.82261],[103.3008,20.82141],[103.30597,20.81918],[103.31211,20.81991],[103.32299,20.81828],[103.33047,20.81325],[103.34087,20.81019],[103.35096,20.8025],[103.36021,20.80595],[103.36571,20.8062],[103.37455,20.79487],[103.38493,20.78598],[103.39017,20.78408],[103.39415,20.78586],[103.40047,20.78283],[103.40261,20.78353],[103.408,20.78693],[103.41079,20.79354],[103.41419,20.79598],[103.42129,20.79397],[103.43285,20.79569],[103.44087,20.79348],[103.44429,20.80881],[103.45224,20.82104],[103.45894,20.82271],[103.46319,20.8261],[103.46734,20.82614],[103.46952,20.822],[103.47455,20.81962],[103.47861,20.81348],[103.485,20.81039],[103.48331,20.79439],[103.48904,20.78538],[103.49292,20.7834],[103.49741,20.77673],[103.50173,20.77368],[103.50348,20.76315],[103.50684,20.75566],[103.50958,20.75314],[103.52248,20.74815],[103.53104,20.74943],[103.53752,20.75224],[103.55146,20.74336],[103.55774,20.74449],[103.56399,20.7483],[103.57452,20.74483],[103.58264,20.74691],[103.58922,20.74642],[103.60168,20.74263],[103.60839,20.73591],[103.61002,20.72961],[103.61532,20.72818],[103.63218,20.71911],[103.63791,20.71808],[103.64025,20.71166],[103.65001,20.69851],[103.65647,20.69426],[103.66772,20.69838],[103.67082,20.68645],[103.67457,20.68218],[103.67284,20.67673],[103.67549,20.66668],[103.68269,20.66016],[103.69147,20.66029],[103.71669,20.6672],[103.7227,20.66496],[103.73482,20.6672],[103.74489,20.67559],[103.74572,20.67855],[103.7428,20.68686],[103.73547,20.69271],[103.73418,20.70123],[103.73639,20.71091],[103.72981,20.72006],[103.73208,20.72196],[103.7309,20.72625],[103.734,20.73204],[103.73657,20.73139],[103.74014,20.73276],[103.74486,20.73118],[103.75,20.73229],[103.75658,20.73046],[103.76396,20.73723],[103.77163,20.73373],[103.79096,20.74662],[103.79078,20.75091],[103.78515,20.75799],[103.78374,20.76463],[103.78798,20.77097],[103.79048,20.77931],[103.78636,20.78593],[103.78118,20.78925],[103.7827,20.79624],[103.78051,20.8016],[103.78355,20.80639],[103.79775,20.81777],[103.80574,20.81997],[103.80929,20.82268],[103.81031,20.82893],[103.80606,20.84233],[103.80165,20.84854],[103.80763,20.85194],[103.81548,20.85347],[103.81369,20.86393],[103.81712,20.86288],[103.82901,20.86961],[103.83416,20.86965],[103.84193,20.86379],[103.84751,20.86302],[103.84982,20.85981],[103.85255,20.85889],[103.85537,20.86334],[103.85914,20.86572],[103.86154,20.87043],[103.86937,20.87532],[103.87474,20.88408],[103.88363,20.88971],[103.88717,20.89484],[103.89815,20.89961],[103.89984,20.90298],[103.91867,20.89954],[103.92996,20.90176],[103.93811,20.90087],[103.94271,20.89848],[103.94539,20.8936],[103.94768,20.89334],[103.96138,20.89732],[103.97063,20.90463],[103.97373,20.9119],[103.97751,20.91333],[103.97998,20.90784],[103.99027,20.90911],[103.99285,20.90832],[103.99774,20.90311],[104.02212,20.90439],[104.03186,20.9019],[104.04027,20.90745],[104.04363,20.90767],[104.05045,20.91456],[104.05097,20.92329],[104.04965,20.92731],[104.05867,20.93911],[104.05778,20.94286],[104.05295,20.94948],[104.06723,20.95413],[104.07292,20.95993],[104.08008,20.95903],[104.09257,20.9636],[104.10394,20.97614],[104.10723,20.97656],[104.1157,20.97124],[104.12165,20.9704],[104.12554,20.96598],[104.13158,20.94809],[104.13874,20.94718],[104.15544,20.95412],[104.18284,20.95472],[104.19113,20.9561],[104.19432,20.94766],[104.19691,20.94498],[104.20714,20.94483],[104.21001,20.9431],[104.21388,20.94298],[104.21576,20.93923],[104.22592,20.93887],[104.23539,20.93368],[104.24262,20.93297],[104.24378,20.92814],[104.24167,20.92276],[104.23768,20.91872],[104.24022,20.91101],[104.25028,20.90111],[104.25759,20.89819],[104.26328,20.90574],[104.26469,20.90897],[104.26424,20.91501],[104.26666,20.9173],[104.2738,20.91948],[104.28128,20.92495],[104.29231,20.92271],[104.29476,20.9191],[104.29638,20.9097],[104.31264,20.90393],[104.32772,20.88868],[104.33355,20.88085],[104.3356,20.87092],[104.3339,20.86621],[104.32842,20.85994],[104.3293,20.85605],[104.33173,20.85566],[104.33729,20.85917],[104.33745,20.85609],[104.34133,20.85086],[104.34849,20.84955],[104.3493,20.84317],[104.35504,20.83809],[104.36135,20.83529],[104.37435,20.82117],[104.38093,20.81905],[104.38176,20.82617],[104.38419,20.82698],[104.39407,20.82151],[104.4004,20.81281],[104.40706,20.81008],[104.41382,20.79976],[104.42779,20.78994],[104.43334,20.79546],[104.44906,20.79699],[104.4505,20.79444],[104.45096,20.78478],[104.45341,20.78022],[104.45899,20.77755],[104.47093,20.77833],[104.47123,20.7743],[104.47324,20.77175],[104.48383,20.76628],[104.48538,20.75319],[104.48969,20.74353],[104.48939,20.72816],[104.49443,20.71702],[104.49937,20.71227],[104.50952,20.7123],[104.50839,20.70827],[104.51525,20.70533],[104.52442,20.69864],[104.5267,20.69986],[104.53145,20.70921],[104.552,20.71906],[104.55729,20.71841],[104.56115,20.71533],[104.56522,20.71567],[104.56909,20.71071],[104.58513,20.69706],[104.58751,20.69135],[104.58553,20.68168],[104.58668,20.67927],[104.59369,20.67404],[104.59962,20.67305],[104.60392,20.67038],[104.62791,20.67231],[104.63798,20.67132],[104.64157,20.66233],[104.64022,20.65262],[104.65126,20.63905],[104.65841,20.63651],[104.65985,20.63021],[104.66436,20.62316],[104.67365,20.62117],[104.68552,20.61098],[104.68718,20.60528],[104.68705,20.59427],[104.69576,20.5963],[104.6986,20.60194],[104.70888,20.60115],[104.7163,20.60452],[104.71973,20.60251],[104.72366,20.60259],[104.72982,20.58662],[104.74305,20.573],[104.75604,20.57504],[104.75931,20.58082],[104.76345,20.5823],[104.76702,20.5815],[104.77195,20.57405],[104.77667,20.57312],[104.78194,20.58118],[104.80171,20.58194],[104.8027,20.58799],[104.80041,20.59403],[104.80154,20.60249],[104.79917,20.6086],[104.7994,20.61827],[104.80209,20.6187],[104.80602,20.62202],[104.813,20.63259],[104.81619,20.63253],[104.81677,20.63014],[104.82062,20.63576],[104.8371,20.64314],[104.8475,20.64964],[104.8464,20.65222],[104.837,20.6602],[104.84159,20.68572],[104.84042,20.69116],[104.83648,20.697],[104.83789,20.69911],[104.84271,20.69916],[104.84934,20.70322],[104.84473,20.70902],[104.8412,20.71053],[104.83875,20.71545],[104.83941,20.72186],[104.84483,20.73103],[104.83675,20.73464],[104.8369,20.74536],[104.83898,20.74968],[104.84522,20.75284],[104.85708,20.75459],[104.85928,20.75369],[104.8684,20.76394],[104.87431,20.76761],[104.88192,20.76753],[104.8865,20.76323],[104.89282,20.76349],[104.89405,20.75908],[104.9035,20.75372],[104.90959,20.75461],[104.91693,20.75312],[104.92373,20.74374],[104.93918,20.74414],[104.94626,20.73609],[104.95395,20.73976],[104.97296,20.72675],[104.975,20.72666],[104.97964,20.73052],[104.98601,20.72731],[104.98773,20.72901],[104.9914,20.72733],[104.99414,20.72911],[105.00031,20.72824],[105.00838,20.73186],[105.00967,20.73437],[105.01315,20.73332],[105.01342,20.74114],[105.01151,20.74053],[105.0102,20.74309],[105.00178,20.74906],[104.99383,20.75065],[104.9906,20.75468],[104.99163,20.75867],[104.99359,20.76196],[104.99667,20.7626],[104.99834,20.76509],[105.00332,20.77959],[105.00584,20.78193],[105.00535,20.78916],[105.01252,20.78511],[105.01656,20.79317],[105.02531,20.80216],[105.01852,20.80565],[105.01258,20.80587],[105.00182,20.81399],[104.99351,20.81136],[104.98614,20.81406],[104.99912,20.82095],[105.00427,20.8264],[105.00531,20.83174],[105.00349,20.83663],[105.0063,20.84485],[104.99709,20.8465],[105.00136,20.85605],[104.9926,20.86724],[104.9914,20.87602],[104.97974,20.8922],[104.97791,20.8972],[104.97834,20.90604],[104.97395,20.91063],[104.9663,20.91166],[104.95877,20.918],[104.95395,20.92509],[104.93958,20.93248],[104.92174,20.96495],[104.90554,20.97564],[104.89523,20.98742],[104.89171,20.99662],[104.89196,21.00403],[104.88993,21.0094],[104.88135,21.02248],[104.86777,21.03023],[104.86586,21.03325],[104.86568,21.03974],[104.86137,21.04993],[104.85829,21.05311],[104.85935,21.05724],[104.85353,21.06891],[104.85286,21.07645],[104.85745,21.07931],[104.86781,21.07559],[104.87343,21.08569],[104.87135,21.09116],[104.87656,21.09841],[104.89095,21.10507],[104.8924,21.10725],[104.8982,21.10761],[104.90879,21.11277],[104.91188,21.11133],[104.91441,21.11129],[104.91274,21.11666],[104.90424,21.11859],[104.89772,21.12362],[104.89613,21.12824],[104.88129,21.13257],[104.87187,21.13908],[104.86979,21.14333],[104.85755,21.14563],[104.85367,21.15041],[104.85459,21.1578],[104.8589,21.16532],[104.86008,21.17221],[104.85743,21.17518],[104.85276,21.17658],[104.85258,21.17848],[104.858,21.18405],[104.86502,21.20601],[104.85708,21.21781],[104.84549,21.22378],[104.84989,21.22684],[104.85064,21.23159],[104.85222,21.23225],[104.85522,21.23068],[104.85628,21.23159],[104.85001,21.24487],[104.85075,21.25482],[104.8436,21.25845],[104.84188,21.26154],[104.84399,21.27211],[104.84182,21.28048],[104.84373,21.30838],[104.84051,21.31205],[104.83063,21.31394],[104.81929,21.32189],[104.8154,21.33039],[104.81636,21.33473],[104.81429,21.33331],[104.80741,21.3335],[104.80333,21.33066],[104.79677,21.33448],[104.79372,21.33466],[104.78745,21.32943],[104.77868,21.32592],[104.76883,21.33026],[104.76824,21.34062],[104.76964,21.34233],[104.76843,21.34592],[104.7618,21.34615],[104.75699,21.34793],[104.75688,21.35282],[104.75164,21.35095],[104.74951,21.35152],[104.74734,21.35972],[104.74784,21.36735],[104.74388,21.36798],[104.73921,21.37681],[104.73453,21.38177],[104.73278,21.39122],[104.73548,21.40237],[104.73481,21.4059],[104.73344,21.40653],[104.72488,21.40068],[104.72069,21.39964],[104.71021,21.39975],[104.7047,21.40553],[104.69718,21.39998],[104.69024,21.40021],[104.68804,21.39521],[104.68919,21.38576],[104.68766,21.3816],[104.6851,21.37728],[104.67731,21.37524],[104.67104,21.37621],[104.66435,21.38003],[104.65656,21.3818],[104.65248,21.38528],[104.64913,21.38312],[104.64493,21.38369],[104.64104,21.38785],[104.63733,21.38808],[104.6293,21.39481],[104.62498,21.39509],[104.61902,21.40187],[104.61549,21.40199],[104.61135,21.40541],[104.60642,21.41537],[104.58877,21.42272],[104.58219,21.41817],[104.58109,21.41191],[104.57894,21.40858],[104.56953,21.413],[104.56526,21.41021],[104.55991,21.40902],[104.55096,21.40936],[104.54,21.41386],[104.52892,21.41314],[104.52289,21.40732],[104.51771,21.39753],[104.51437,21.39531],[104.5154,21.39303],[104.51321,21.38774],[104.51035,21.38598],[104.50389,21.37653],[104.4844,21.3628],[104.48207,21.35739],[104.47624,21.35277],[104.46888,21.35129],[104.4566,21.35342],[104.44419,21.35771],[104.43139,21.35373],[104.42245,21.35848],[104.41956,21.36284],[104.41773,21.38067],[104.41081,21.38694],[104.39694,21.3923],[104.39119,21.40001],[104.38208,21.40254],[104.37209,21.39831],[104.36702,21.39962],[104.36173,21.40281],[104.35993,21.40656],[104.35571,21.40951],[104.3542,21.41467],[104.34757,21.41832],[104.34441,21.41794],[104.34188,21.41564],[104.3435,21.41002],[104.3366,21.40775],[104.33125,21.40795],[104.32275,21.41883],[104.31941,21.42855],[104.31431,21.43129],[104.30425,21.43347],[104.30233,21.43751],[104.29889,21.43905],[104.30202,21.45481],[104.30001,21.4577],[104.294,21.45887],[104.28752,21.4635],[104.28268,21.47192],[104.28398,21.47644],[104.28352,21.4847],[104.28604,21.48693],[104.28462,21.49187],[104.29301,21.50276],[104.29276,21.50796],[104.29483,21.51078],[104.29255,21.52072],[104.29346,21.52498],[104.28925,21.53169],[104.28262,21.53745],[104.27679,21.55124],[104.28059,21.55454],[104.2823,21.55935],[104.28879,21.56851],[104.29781,21.57129],[104.29096,21.59599],[104.28735,21.59955],[104.29009,21.60244],[104.29862,21.60438],[104.30392,21.6084],[104.30566,21.60824],[104.3093,21.61368],[104.31882,21.61978],[104.3224,21.62772],[104.32864,21.63139],[104.33063,21.63749],[104.33567,21.63814],[104.34007,21.64147],[104.33896,21.65308],[104.33408,21.65487],[104.32438,21.65401],[104.31527,21.65637],[104.3081,21.65511],[104.30343,21.6526],[104.29678,21.65297],[104.28809,21.66164],[104.27922,21.66207],[104.27206,21.66503],[104.26052,21.66334],[104.25539,21.66587],[104.25594,21.66921],[104.25423,21.67069],[104.24509,21.67163],[104.239,21.67],[104.23162,21.67254],[104.22629,21.67151],[104.21959,21.67277],[104.21288,21.67017],[104.21091,21.665],[104.20473,21.65896],[104.20384,21.65566],[104.19619,21.64841],[104.19318,21.6475],[104.17928,21.64828],[104.17725,21.65011],[104.17431,21.64862],[104.16153,21.65509],[104.15683,21.65553],[104.12574,21.65221],[104.11452,21.64656],[104.11132,21.64714],[104.10739,21.64519],[104.1021,21.6475],[104.09426,21.64337],[104.08972,21.6427],[104.08686,21.64343],[104.07726,21.65074],[104.04881,21.65749],[104.03984,21.66534],[104.03522,21.66711],[104.03274,21.67062],[104.02762,21.67232],[104.02605,21.67117],[104.02674,21.66902],[104.02371,21.6703],[104.02186,21.66849],[104.01904,21.6684],[104.01548,21.67034],[104.01331,21.6678],[104.00795,21.66588],[104.00664,21.66653],[104.00562,21.6722],[103.9957,21.67566],[103.9875,21.6738],[103.98447,21.67799],[103.97852,21.67467],[103.96886,21.66376],[103.96684,21.66777],[103.9618,21.6696],[103.93748,21.66946],[103.93627,21.67789],[103.93803,21.69068],[103.92325,21.69917]]]}},{"type":"Feature","properties":{"name":"Hoa Binh","code":"VN_SRC_HOABINH"},"geometry":{"type":"Polygon","coordinates":[[[105.31748,21.01222],[105.3247,21.00195],[105.33029,20.98896],[105.34277,20.95143],[105.34478,20.9409],[105.33845,20.94132],[105.33377,20.9385],[105.32759,20.9377],[105.32558,20.93528],[105.31725,20.93496],[105.31669,20.92896],[105.31266,20.92413],[105.29658,20.92419],[105.2894,20.93143],[105.27861,20.92477],[105.27538,20.92475],[105.27079,20.93522],[105.27139,20.94071],[105.26714,20.94137],[105.26512,20.93705],[105.26355,20.93765],[105.25988,20.93562],[105.25801,20.93874],[105.25201,20.94228],[105.25103,20.9456],[105.24814,20.94426],[105.24685,20.94569],[105.24243,20.94453],[105.24422,20.94191],[105.23052,20.9386],[105.23171,20.93701],[105.22997,20.93556],[105.2225,20.93624],[105.21891,20.93246],[105.22446,20.92638],[105.22129,20.92665],[105.22045,20.92419],[105.2139,20.92415],[105.21,20.92137],[105.20925,20.91797],[105.20346,20.91708],[105.19619,20.92072],[105.19827,20.92469],[105.19383,20.92946],[105.19647,20.93567],[105.20431,20.94313],[105.20633,20.95078],[105.19889,20.95705],[105.19211,20.95853],[105.18937,20.95178],[105.17754,20.94507],[105.16853,20.94331],[105.16186,20.94376],[105.1607,20.9391],[105.14753,20.94136],[105.14529,20.93856],[105.14133,20.93948],[105.13114,20.93804],[105.12576,20.94157],[105.12062,20.94295],[105.11172,20.95147],[105.10954,20.95534],[105.1036,20.95605],[105.09216,20.9604],[105.08902,20.96515],[105.08941,20.97016],[105.0817,20.97828],[105.07117,20.99339],[105.07054,20.99858],[105.06659,21.00218],[105.06278,21.00193],[105.05574,21.00995],[105.054,21.01057],[105.05008,21.00796],[105.04282,21.00971],[105.03835,21.01228],[105.03469,21.0195],[105.03042,21.0221],[105.02632,21.021],[105.0186,21.01504],[105.02137,21.02129],[105.02036,21.02537],[105.01682,21.03129],[105.01441,21.03157],[105.01077,21.03508],[105.00971,21.03813],[104.99912,21.04096],[104.98951,21.04901],[104.98168,21.05166],[104.9691,21.05303],[104.96638,21.05846],[104.96321,21.06024],[104.95659,21.05666],[104.95062,21.05769],[104.94553,21.05548],[104.9418,21.05686],[104.93844,21.05587],[104.93493,21.0583],[104.93074,21.06489],[104.92445,21.0655],[104.92261,21.06749],[104.91552,21.06539],[104.91053,21.0672],[104.91092,21.07019],[104.9158,21.07412],[104.92215,21.07522],[104.92209,21.07995],[104.9262,21.08433],[104.92414,21.08878],[104.91844,21.09231],[104.91506,21.09805],[104.91357,21.10624],[104.91106,21.10989],[104.91188,21.11133],[104.90879,21.11277],[104.8982,21.10761],[104.8924,21.10725],[104.89095,21.10507],[104.87656,21.09841],[104.87135,21.09116],[104.87343,21.08569],[104.86781,21.07559],[104.85745,21.07931],[104.85286,21.07645],[104.85353,21.06891],[104.85935,21.05724],[104.85829,21.05311],[104.86137,21.04993],[104.86568,21.03974],[104.86586,21.03325],[104.86777,21.03023],[104.88135,21.02248],[104.88993,21.0094],[104.89196,21.00403],[104.89171,20.99662],[104.89523,20.98742],[104.90554,20.97564],[104.92174,20.96495],[104.93958,20.93248],[104.95395,20.92509],[104.95877,20.918],[104.9663,20.91166],[104.97395,20.91063],[104.97834,20.90604],[104.97791,20.8972],[104.97974,20.8922],[104.9914,20.87602],[104.9926,20.86724],[105.00136,20.85605],[104.99709,20.8465],[105.0063,20.84485],[105.00349,20.83663],[105.00531,20.83174],[105.00427,20.8264],[104.99912,20.82095],[104.98614,20.81406],[104.99351,20.81136],[105.00182,20.81399],[105.01258,20.80587],[105.01852,20.80565],[105.02531,20.80216],[105.01656,20.79317],[105.01252,20.78511],[105.00535,20.78916],[105.00584,20.78193],[105.00332,20.77959],[104.99834,20.76509],[104.99667,20.7626],[104.99359,20.76196],[104.99163,20.75867],[104.9906,20.75468],[104.99383,20.75065],[105.00178,20.74906],[105.0102,20.74309],[105.01151,20.74053],[105.01342,20.74114],[105.01315,20.73332],[105.00967,20.73437],[105.00838,20.73186],[105.00031,20.72824],[104.99414,20.72911],[104.9914,20.72733],[104.98773,20.72901],[104.98601,20.72731],[104.97964,20.73052],[104.975,20.72666],[104.97296,20.72675],[104.95395,20.73976],[104.94626,20.73609],[104.93918,20.74414],[104.92373,20.74374],[104.91693,20.75312],[104.90959,20.75461],[104.9035,20.75372],[104.89405,20.75908],[104.89282,20.76349],[104.8865,20.76323],[104.88192,20.76753],[104.87431,20.76761],[104.8684,20.76394],[104.85928,20.75369],[104.85708,20.75459],[104.84522,20.75284],[104.83898,20.74968],[104.8369,20.74536],[104.83675,20.73464],[104.84483,20.73103],[104.83941,20.72186],[104.83875,20.71545],[104.8412,20.71053],[104.84473,20.70902],[104.84934,20.70322],[104.84271,20.69916],[104.83789,20.69911],[104.83648,20.697],[104.84042,20.69116],[104.84159,20.68572],[104.837,20.6602],[104.8464,20.65222],[104.853,20.66401],[104.85968,20.66164],[104.86714,20.66143],[104.87869,20.66457],[104.88989,20.67045],[104.89486,20.67067],[104.9031,20.66848],[104.91809,20.66003],[104.9328,20.64856],[104.94608,20.64535],[104.94991,20.64292],[104.96057,20.62817],[104.96286,20.62288],[104.9607,20.61624],[104.96313,20.60778],[104.96929,20.60551],[104.97353,20.59792],[104.98438,20.58937],[104.98446,20.58501],[104.98019,20.57657],[104.98091,20.57496],[104.98459,20.57365],[104.98801,20.57678],[104.99219,20.57617],[104.99594,20.57805],[104.99777,20.57609],[105.00429,20.57461],[105.01357,20.56919],[105.02328,20.55917],[105.03067,20.56014],[105.03442,20.55859],[105.04125,20.56039],[105.04559,20.55722],[105.05277,20.561],[105.05348,20.57037],[105.06303,20.57403],[105.07278,20.57545],[105.07893,20.57866],[105.08651,20.5772],[105.09412,20.56801],[105.10521,20.57306],[105.11221,20.56312],[105.12037,20.56264],[105.12362,20.55854],[105.12878,20.55816],[105.13444,20.55308],[105.13901,20.54546],[105.14434,20.54316],[105.14851,20.54449],[105.15219,20.54336],[105.15525,20.53881],[105.16035,20.53624],[105.16233,20.52968],[105.16122,20.52257],[105.16616,20.52088],[105.17019,20.51508],[105.17455,20.5166],[105.18003,20.51576],[105.18054,20.51964],[105.1836,20.52155],[105.19052,20.51754],[105.20283,20.51826],[105.21195,20.51446],[105.21235,20.51193],[105.2218,20.50555],[105.22993,20.50437],[105.23042,20.49737],[105.23615,20.4938],[105.24042,20.49317],[105.24019,20.49099],[105.2444,20.48833],[105.23968,20.47933],[105.24108,20.47815],[105.24049,20.47594],[105.2434,20.47557],[105.24455,20.4733],[105.26133,20.46593],[105.26347,20.45999],[105.26209,20.45639],[105.26417,20.45495],[105.26718,20.45519],[105.26426,20.44935],[105.26265,20.44085],[105.25815,20.43409],[105.27133,20.42896],[105.27423,20.42924],[105.27684,20.43155],[105.28235,20.42423],[105.2951,20.41703],[105.30038,20.41651],[105.30295,20.42119],[105.30725,20.41589],[105.31737,20.40772],[105.32355,20.404],[105.32686,20.40452],[105.32919,20.40189],[105.33165,20.40276],[105.33656,20.39846],[105.34235,20.39673],[105.34537,20.39084],[105.35269,20.38946],[105.35634,20.39219],[105.36597,20.38962],[105.3699,20.38484],[105.37824,20.38409],[105.38049,20.38111],[105.38576,20.37868],[105.39998,20.37553],[105.40615,20.3728],[105.41494,20.37545],[105.42995,20.38405],[105.43468,20.3852],[105.44228,20.38154],[105.45574,20.37815],[105.46041,20.37516],[105.47663,20.3754],[105.49337,20.3649],[105.50597,20.36016],[105.52217,20.36023],[105.52436,20.36335],[105.52543,20.36897],[105.53105,20.37178],[105.54026,20.36841],[105.54276,20.36216],[105.55419,20.36062],[105.55671,20.35853],[105.5703,20.35931],[105.58116,20.36978],[105.59283,20.36513],[105.59911,20.36412],[105.60607,20.36053],[105.60784,20.35758],[105.61821,20.34912],[105.62266,20.34743],[105.62557,20.34887],[105.63546,20.34337],[105.63981,20.33877],[105.6426,20.33841],[105.644,20.33428],[105.65099,20.32691],[105.66487,20.31675],[105.67046,20.30943],[105.67358,20.30896],[105.6763,20.30624],[105.68682,20.30546],[105.69569,20.31197],[105.701,20.32084],[105.72456,20.32954],[105.72957,20.33909],[105.72407,20.34212],[105.71895,20.34844],[105.71781,20.3524],[105.71469,20.35402],[105.71344,20.35825],[105.70966,20.36033],[105.71217,20.36634],[105.70958,20.36724],[105.7041,20.37423],[105.70411,20.37869],[105.70022,20.38098],[105.69925,20.38395],[105.69508,20.38571],[105.69403,20.38822],[105.69668,20.38923],[105.69208,20.39244],[105.69258,20.3939],[105.69586,20.39323],[105.69844,20.39748],[105.69689,20.39761],[105.6943,20.40285],[105.68759,20.40324],[105.68483,20.40667],[105.68537,20.41039],[105.6975,20.41183],[105.7014,20.4098],[105.70621,20.41204],[105.71222,20.40808],[105.71905,20.40801],[105.72563,20.40195],[105.7279,20.40182],[105.72845,20.39976],[105.7321,20.39875],[105.73052,20.38603],[105.73605,20.38428],[105.74191,20.3843],[105.74556,20.38245],[105.74488,20.37147],[105.7462,20.3665],[105.75684,20.36721],[105.75681,20.37166],[105.75986,20.37877],[105.75709,20.38711],[105.75439,20.38956],[105.75508,20.39358],[105.75305,20.39897],[105.7559,20.39994],[105.75213,20.4068],[105.75271,20.41325],[105.75913,20.41347],[105.75916,20.41615],[105.75714,20.41711],[105.75137,20.43892],[105.7552,20.44176],[105.76026,20.4419],[105.76238,20.44015],[105.77285,20.44255],[105.77428,20.43573],[105.78198,20.43659],[105.7888,20.44794],[105.78782,20.45332],[105.79231,20.45471],[105.79376,20.44753],[105.80105,20.4364],[105.80982,20.42792],[105.81947,20.42371],[105.82356,20.4178],[105.82711,20.41878],[105.8299,20.41768],[105.83081,20.42043],[105.83519,20.4217],[105.84372,20.42078],[105.84867,20.42616],[105.85722,20.42654],[105.85407,20.43347],[105.8514,20.46345],[105.85212,20.47788],[105.84391,20.47801],[105.84191,20.48094],[105.83817,20.48018],[105.83614,20.48433],[105.82489,20.48888],[105.82017,20.49448],[105.8197,20.50578],[105.80974,20.50149],[105.80921,20.49866],[105.80513,20.50062],[105.80104,20.51281],[105.79515,20.5117],[105.79205,20.52162],[105.78605,20.53159],[105.78384,20.53879],[105.77353,20.54964],[105.76858,20.56531],[105.76482,20.57588],[105.75234,20.58952],[105.74751,20.59219],[105.74312,20.59886],[105.73288,20.59962],[105.72735,20.60536],[105.72284,20.59778],[105.72019,20.59645],[105.70829,20.5987],[105.70404,20.60265],[105.70531,20.60921],[105.70366,20.61059],[105.70403,20.61563],[105.70123,20.62136],[105.69868,20.62177],[105.69699,20.61976],[105.69065,20.62131],[105.68643,20.61599],[105.68285,20.61588],[105.68159,20.61739],[105.67344,20.61589],[105.66613,20.61711],[105.66539,20.62133],[105.66675,20.62353],[105.66356,20.62813],[105.6657,20.63018],[105.6686,20.62923],[105.67109,20.63222],[105.67325,20.62919],[105.67701,20.62983],[105.67836,20.62841],[105.68477,20.633],[105.68357,20.63511],[105.68656,20.63792],[105.68209,20.64024],[105.67859,20.64667],[105.68091,20.65241],[105.67834,20.66055],[105.68006,20.66191],[105.67901,20.66934],[105.67689,20.67171],[105.67715,20.66513],[105.67531,20.66356],[105.67348,20.6649],[105.67224,20.66804],[105.67349,20.6702],[105.66944,20.67593],[105.66871,20.68024],[105.67194,20.68027],[105.6789,20.68376],[105.67946,20.69103],[105.68075,20.69115],[105.68253,20.69546],[105.68161,20.69847],[105.67152,20.70749],[105.6696,20.71276],[105.66363,20.71755],[105.66142,20.72379],[105.66656,20.73412],[105.6578,20.74143],[105.64969,20.76092],[105.64835,20.79243],[105.64387,20.79412],[105.64316,20.79263],[105.63074,20.79364],[105.63297,20.79592],[105.63105,20.79746],[105.63434,20.80181],[105.63249,20.80307],[105.63304,20.80712],[105.63068,20.81062],[105.63205,20.81363],[105.62884,20.81649],[105.63069,20.81697],[105.63199,20.81977],[105.62891,20.81995],[105.63301,20.82135],[105.63088,20.82359],[105.63644,20.82159],[105.63829,20.82304],[105.64035,20.82218],[105.64205,20.82783],[105.63708,20.83032],[105.63504,20.83326],[105.63636,20.83513],[105.63607,20.83889],[105.6321,20.83814],[105.63348,20.83016],[105.63106,20.82937],[105.62638,20.83226],[105.61665,20.83147],[105.61013,20.83782],[105.60329,20.83858],[105.60095,20.84142],[105.59695,20.83863],[105.59768,20.83322],[105.59481,20.83067],[105.58938,20.8315],[105.58728,20.8275],[105.58784,20.82027],[105.58541,20.81927],[105.58356,20.8158],[105.58336,20.81182],[105.58661,20.80938],[105.58847,20.79529],[105.57278,20.7958],[105.56569,20.79811],[105.56087,20.80177],[105.54985,20.80274],[105.55579,20.80634],[105.55823,20.80951],[105.56173,20.82076],[105.57465,20.82234],[105.57948,20.8266],[105.58035,20.83615],[105.58529,20.83966],[105.58635,20.84102],[105.58528,20.84278],[105.58814,20.84488],[105.58549,20.84518],[105.58645,20.84753],[105.58475,20.8484],[105.58389,20.85576],[105.58493,20.85833],[105.58294,20.85951],[105.58011,20.85808],[105.57842,20.85999],[105.57938,20.86151],[105.57545,20.8643],[105.57529,20.86728],[105.56968,20.86998],[105.56587,20.87515],[105.56166,20.87556],[105.55959,20.87768],[105.55928,20.88096],[105.55632,20.87968],[105.55515,20.88608],[105.55734,20.88767],[105.55715,20.88926],[105.55996,20.89012],[105.56141,20.89719],[105.56321,20.89554],[105.56378,20.89834],[105.56763,20.90201],[105.56728,20.91115],[105.58037,20.91654],[105.58096,20.91782],[105.57887,20.92067],[105.58152,20.92416],[105.58148,20.9282],[105.57463,20.92948],[105.57208,20.92725],[105.56744,20.92717],[105.55732,20.93091],[105.5453,20.92832],[105.53303,20.93102],[105.531,20.9307],[105.52855,20.92712],[105.52363,20.92889],[105.51535,20.92184],[105.51381,20.92197],[105.50628,20.92586],[105.50201,20.93051],[105.48856,20.9354],[105.48877,20.93716],[105.47949,20.94801],[105.47128,20.94874],[105.46601,20.94573],[105.46106,20.94698],[105.4533,20.95332],[105.44419,20.95642],[105.44224,20.96421],[105.43383,20.97718],[105.43015,20.98065],[105.42192,20.9838],[105.4179,20.99764],[105.40934,20.9989],[105.40327,20.99816],[105.39345,21.00287],[105.39192,21.00727],[105.39369,21.01417],[105.38681,21.01772],[105.38741,21.02427],[105.38003,21.01977],[105.37425,21.01361],[105.36642,21.01272],[105.3548,21.0075],[105.35151,21.00868],[105.34795,21.01396],[105.34209,21.01279],[105.33912,21.01358],[105.33456,21.01042],[105.33536,21.00926],[105.33392,21.00797],[105.32606,21.00903],[105.32484,21.01036],[105.32748,21.01401],[105.32656,21.0164],[105.32875,21.01761],[105.3248,21.02157],[105.32322,21.01619],[105.31748,21.01222]]]}},{"type":"Feature","properties":{"name":"Thanh Hoa","code":"VN_SRC_THANHHOA"},"geometry":{"type":"MultiPolygon","coordinates":[[[[105.54276,20.36216],[105.54026,20.36841],[105.53105,20.37178],[105.52543,20.36897],[105.52436,20.36335],[105.52217,20.36023],[105.50597,20.36016],[105.49337,20.3649],[105.47663,20.3754],[105.46041,20.37516],[105.45574,20.37815],[105.44228,20.38154],[105.43468,20.3852],[105.42995,20.38405],[105.41494,20.37545],[105.40615,20.3728],[105.39998,20.37553],[105.38576,20.37868],[105.38049,20.38111],[105.37824,20.38409],[105.3699,20.38484],[105.36597,20.38962],[105.35634,20.39219],[105.35269,20.38946],[105.34537,20.39084],[105.34235,20.39673],[105.33656,20.39846],[105.33165,20.40276],[105.32919,20.40189],[105.32686,20.40452],[105.32355,20.404],[105.31737,20.40772],[105.30725,20.41589],[105.30295,20.42119],[105.30038,20.41651],[105.2951,20.41703],[105.28235,20.42423],[105.27684,20.43155],[105.27423,20.42924],[105.27133,20.42896],[105.25815,20.43409],[105.26265,20.44085],[105.26426,20.44935],[105.26718,20.45519],[105.26417,20.45495],[105.26209,20.45639],[105.26347,20.45999],[105.26133,20.46593],[105.24455,20.4733],[105.2434,20.47557],[105.24049,20.47594],[105.24108,20.47815],[105.23968,20.47933],[105.2444,20.48833],[105.24019,20.49099],[105.24042,20.49317],[105.23615,20.4938],[105.23042,20.49737],[105.22993,20.50437],[105.2218,20.50555],[105.21235,20.51193],[105.21195,20.51446],[105.20283,20.51826],[105.19052,20.51754],[105.1836,20.52155],[105.18054,20.51964],[105.18003,20.51576],[105.17455,20.5166],[105.17019,20.51508],[105.16616,20.52088],[105.16122,20.52257],[105.16233,20.52968],[105.16035,20.53624],[105.15525,20.53881],[105.15219,20.54336],[105.14851,20.54449],[105.14434,20.54316],[105.13901,20.54546],[105.13444,20.55308],[105.12878,20.55816],[105.12362,20.55854],[105.12037,20.56264],[105.11221,20.56312],[105.10521,20.57306],[105.09412,20.56801],[105.08651,20.5772],[105.07893,20.57866],[105.07278,20.57545],[105.06303,20.57403],[105.05348,20.57037],[105.05277,20.561],[105.04559,20.55722],[105.04125,20.56039],[105.03442,20.55859],[105.03067,20.56014],[105.02328,20.55917],[105.01357,20.56919],[105.00429,20.57461],[104.99777,20.57609],[104.99594,20.57805],[104.99219,20.57617],[104.98801,20.57678],[104.98459,20.57365],[104.98091,20.57496],[104.98019,20.57657],[104.98446,20.58501],[104.98438,20.58937],[104.97353,20.59792],[104.96929,20.60551],[104.96313,20.60778],[104.9607,20.61624],[104.96286,20.62288],[104.96057,20.62817],[104.94991,20.64292],[104.94608,20.64535],[104.9328,20.64856],[104.91809,20.66003],[104.9031,20.66848],[104.89486,20.67067],[104.88989,20.67045],[104.87869,20.66457],[104.86714,20.66143],[104.85968,20.66164],[104.853,20.66401],[104.8464,20.65222],[104.8475,20.64964],[104.8371,20.64314],[104.82062,20.63576],[104.81677,20.63014],[104.81619,20.63253],[104.813,20.63259],[104.80602,20.62202],[104.80209,20.6187],[104.7994,20.61827],[104.79917,20.6086],[104.80154,20.60249],[104.80041,20.59403],[104.8027,20.58799],[104.80171,20.58194],[104.78194,20.58118],[104.77667,20.57312],[104.77195,20.57405],[104.76702,20.5815],[104.76345,20.5823],[104.75931,20.58082],[104.75604,20.57504],[104.74305,20.573],[104.72982,20.58662],[104.72366,20.60259],[104.71973,20.60251],[104.7163,20.60452],[104.70888,20.60115],[104.6986,20.60194],[104.69576,20.5963],[104.68705,20.59427],[104.68718,20.60528],[104.68552,20.61098],[104.67365,20.62117],[104.66436,20.62316],[104.65985,20.63021],[104.65841,20.63651],[104.65126,20.63905],[104.64022,20.65262],[104.63598,20.65165],[104.63387,20.64478],[104.63157,20.64305],[104.63087,20.63311],[104.62661,20.62955],[104.62606,20.62577],[104.61193,20.6205],[104.60676,20.61134],[104.60158,20.60572],[104.59756,20.60833],[104.58488,20.61036],[104.57789,20.6069],[104.56397,20.60819],[104.55741,20.60677],[104.55475,20.60268],[104.54908,20.60161],[104.5464,20.59851],[104.54138,20.59851],[104.53811,20.58966],[104.53545,20.58812],[104.53441,20.57658],[104.52785,20.57278],[104.52608,20.56956],[104.52686,20.56776],[104.5238,20.56224],[104.52814,20.55674],[104.5264,20.55252],[104.52269,20.54921],[104.5188,20.54831],[104.51492,20.54949],[104.50789,20.54384],[104.50203,20.54517],[104.49816,20.54363],[104.48723,20.53194],[104.48261,20.52354],[104.47437,20.51625],[104.46911,20.51395],[104.44944,20.51041],[104.44467,20.50761],[104.43728,20.50867],[104.43355,20.50283],[104.42239,20.49286],[104.41439,20.48948],[104.40668,20.4903],[104.3929,20.48827],[104.3876,20.48996],[104.38754,20.48531],[104.39161,20.48266],[104.39237,20.48015],[104.39003,20.47771],[104.38074,20.47454],[104.3762,20.46794],[104.38106,20.45126],[104.37689,20.44274],[104.37849,20.4414],[104.38162,20.4432],[104.38622,20.44317],[104.39183,20.44057],[104.39751,20.43459],[104.40849,20.42855],[104.41021,20.42602],[104.41555,20.42681],[104.40608,20.41318],[104.40453,20.40252],[104.40776,20.39511],[104.40587,20.3944],[104.40777,20.38836],[104.41416,20.38107],[104.42097,20.37634],[104.42726,20.3788],[104.43797,20.37573],[104.44671,20.3775],[104.44721,20.37981],[104.45274,20.37778],[104.45587,20.37273],[104.46329,20.37113],[104.46646,20.37276],[104.46814,20.36873],[104.47448,20.36895],[104.49078,20.37672],[104.49644,20.38334],[104.50027,20.38292],[104.50645,20.38531],[104.51143,20.38525],[104.51607,20.3898],[104.52087,20.3909],[104.52561,20.39416],[104.52844,20.40208],[104.52772,20.41331],[104.53713,20.41523],[104.5395,20.40958],[104.54426,20.40818],[104.54802,20.40866],[104.55586,20.41295],[104.5609,20.4128],[104.56428,20.41635],[104.57319,20.41681],[104.5772,20.41479],[104.5824,20.41444],[104.59898,20.41666],[104.61103,20.42318],[104.61496,20.42813],[104.61577,20.43201],[104.61819,20.43407],[104.61878,20.44147],[104.61417,20.44299],[104.61285,20.44667],[104.62171,20.45171],[104.62021,20.45504],[104.62387,20.45771],[104.62518,20.46155],[104.63224,20.46319],[104.63539,20.46579],[104.6382,20.46541],[104.64032,20.4681],[104.64427,20.46872],[104.64727,20.47209],[104.65954,20.47512],[104.66149,20.47402],[104.65971,20.47012],[104.66468,20.47093],[104.66826,20.46911],[104.67073,20.46407],[104.66353,20.45988],[104.66473,20.45188],[104.67295,20.44955],[104.67737,20.44527],[104.6857,20.44223],[104.68833,20.43284],[104.69645,20.43013],[104.70004,20.42219],[104.70959,20.41043],[104.71974,20.40671],[104.71714,20.40042],[104.71398,20.39793],[104.70621,20.39968],[104.69778,20.3991],[104.68351,20.4037],[104.68125,20.39584],[104.67766,20.39573],[104.67484,20.39108],[104.67176,20.39001],[104.66985,20.38743],[104.66679,20.38743],[104.66236,20.38389],[104.65655,20.38316],[104.6545,20.38121],[104.64681,20.37937],[104.64862,20.37574],[104.64631,20.37406],[104.63077,20.3702],[104.62868,20.36628],[104.62222,20.366],[104.62001,20.36247],[104.61729,20.36115],[104.61483,20.35105],[104.61553,20.34713],[104.6187,20.34617],[104.6217,20.34196],[104.61947,20.33486],[104.61765,20.3336],[104.61917,20.33038],[104.61753,20.32675],[104.61989,20.3237],[104.62035,20.32014],[104.61743,20.31796],[104.61868,20.31398],[104.61508,20.31124],[104.61562,20.30508],[104.61807,20.30301],[104.61769,20.29916],[104.62074,20.29973],[104.6185,20.29652],[104.62127,20.29681],[104.62277,20.29401],[104.61715,20.2919],[104.61554,20.28076],[104.61221,20.27979],[104.6145,20.27522],[104.61042,20.27518],[104.61201,20.26404],[104.60914,20.25613],[104.61237,20.25267],[104.61366,20.2434],[104.626,20.23428],[104.63054,20.22926],[104.64455,20.23481],[104.64746,20.23333],[104.66126,20.2331],[104.66404,20.22874],[104.66659,20.22753],[104.66837,20.21825],[104.67811,20.21607],[104.68584,20.21812],[104.70228,20.21218],[104.70691,20.20645],[104.71163,20.20514],[104.71507,20.20581],[104.71961,20.20103],[104.72613,20.20058],[104.73304,20.20259],[104.7407,20.19908],[104.7521,20.19885],[104.75776,20.20078],[104.76145,20.19923],[104.76562,20.19884],[104.76873,20.20024],[104.77525,20.19829],[104.77978,20.19393],[104.78915,20.19139],[104.79697,20.18318],[104.79978,20.18303],[104.80293,20.17938],[104.80738,20.17798],[104.81439,20.17207],[104.82028,20.17075],[104.824,20.16006],[104.83246,20.15549],[104.83695,20.15814],[104.83968,20.15524],[104.84212,20.14893],[104.8484,20.14992],[104.85139,20.14743],[104.85558,20.14748],[104.85855,20.14342],[104.86189,20.14159],[104.87059,20.14275],[104.87584,20.14561],[104.87853,20.1433],[104.8829,20.14361],[104.88708,20.14738],[104.89754,20.14705],[104.90707,20.15043],[104.91154,20.15502],[104.9186,20.15545],[104.92022,20.15728],[104.92714,20.15892],[104.93026,20.15262],[104.92987,20.15038],[104.92254,20.14612],[104.9218,20.14205],[104.92561,20.13923],[104.92689,20.13415],[104.93435,20.12805],[104.93432,20.12632],[104.94847,20.1217],[104.95301,20.11495],[104.9612,20.11212],[104.96039,20.10514],[104.965,20.09986],[104.9721,20.09806],[104.99005,20.09689],[104.99377,20.09481],[104.9899,20.09394],[104.98463,20.08732],[104.98005,20.08522],[104.98139,20.08197],[104.976,20.07962],[104.97222,20.06767],[104.97388,20.06484],[104.97189,20.06158],[104.96536,20.05858],[104.96054,20.05081],[104.9537,20.04751],[104.94893,20.04731],[104.94771,20.04419],[104.94399,20.04301],[104.94367,20.04091],[104.94025,20.04032],[104.93341,20.03431],[104.92724,20.02656],[104.92588,20.02121],[104.91821,20.01594],[104.92029,20.01003],[104.91853,20.00773],[104.91685,20.00817],[104.91662,20.00409],[104.9122,20.00268],[104.90702,19.9984],[104.91193,19.99465],[104.91688,19.99573],[104.92103,19.98851],[104.92357,19.98757],[104.94623,19.9872],[104.95759,19.98976],[104.96078,19.98535],[104.96211,19.9774],[104.96454,19.97304],[104.9742,19.97279],[104.98276,19.96653],[104.99759,19.95991],[104.99629,19.95238],[105.00107,19.95122],[105.0153,19.95258],[105.03994,19.93883],[105.04524,19.94269],[105.04934,19.93932],[105.04769,19.93211],[105.04888,19.93073],[105.07806,19.93436],[105.09461,19.93868],[105.11658,19.93377],[105.12063,19.93149],[105.12575,19.9246],[105.12961,19.92194],[105.13841,19.92283],[105.14588,19.92037],[105.15501,19.92269],[105.16852,19.91497],[105.17137,19.90095],[105.17865,19.89445],[105.18012,19.88244],[105.1853,19.87842],[105.18572,19.87341],[105.18966,19.86732],[105.18971,19.86484],[105.18238,19.85704],[105.18238,19.85288],[105.17305,19.85591],[105.15977,19.85474],[105.1527,19.85563],[105.14394,19.8327],[105.13541,19.83004],[105.13309,19.82697],[105.13149,19.81728],[105.1327,19.81002],[105.12894,19.80088],[105.13207,19.7932],[105.13222,19.78131],[105.13647,19.77531],[105.13871,19.76909],[105.13611,19.76097],[105.13753,19.75198],[105.13658,19.74368],[105.13892,19.74053],[105.14986,19.73294],[105.15468,19.72727],[105.16307,19.72491],[105.16328,19.71876],[105.15591,19.71394],[105.15488,19.70973],[105.15749,19.70524],[105.16568,19.6986],[105.16505,19.68965],[105.16815,19.68413],[105.17534,19.67909],[105.18321,19.68245],[105.20834,19.66625],[105.22507,19.64874],[105.23674,19.64548],[105.239,19.6479],[105.23988,19.6541],[105.24595,19.65817],[105.24918,19.65728],[105.26265,19.6389],[105.26422,19.6306],[105.26845,19.62497],[105.26892,19.61789],[105.27271,19.61226],[105.27057,19.60698],[105.27828,19.60891],[105.2828,19.60622],[105.28403,19.60196],[105.282,19.59411],[105.27736,19.58897],[105.27993,19.585],[105.28305,19.56713],[105.28186,19.56357],[105.27432,19.56115],[105.27135,19.55709],[105.27126,19.55365],[105.27384,19.55023],[105.27411,19.54706],[105.26961,19.52947],[105.27393,19.52166],[105.27449,19.5165],[105.27246,19.5079],[105.27996,19.5039],[105.2782,19.49221],[105.28441,19.49256],[105.28961,19.49044],[105.29167,19.48164],[105.29421,19.47914],[105.29417,19.47563],[105.2965,19.47611],[105.29633,19.4791],[105.299,19.48047],[105.29866,19.48453],[105.30088,19.48471],[105.30289,19.48796],[105.30833,19.4891],[105.31016,19.49426],[105.30961,19.49891],[105.31346,19.50063],[105.31598,19.50583],[105.32359,19.50931],[105.326,19.51893],[105.3322,19.52324],[105.3342,19.53135],[105.3361,19.53202],[105.34053,19.53055],[105.34128,19.53482],[105.34399,19.53784],[105.35331,19.53738],[105.36887,19.5195],[105.37196,19.51102],[105.36989,19.50596],[105.37163,19.50127],[105.36795,19.49698],[105.37776,19.4872],[105.3831,19.48406],[105.38354,19.47863],[105.39193,19.46553],[105.38975,19.45556],[105.39481,19.45189],[105.40309,19.44838],[105.41136,19.45674],[105.41818,19.45866],[105.42413,19.45555],[105.43399,19.45424],[105.44446,19.44331],[105.44515,19.44009],[105.45282,19.44313],[105.45934,19.4522],[105.46944,19.45671],[105.47108,19.45678],[105.4776,19.44914],[105.48218,19.44833],[105.4891,19.45125],[105.49311,19.45771],[105.50031,19.46197],[105.50807,19.4618],[105.51307,19.46349],[105.52513,19.46109],[105.53278,19.45758],[105.53993,19.44768],[105.54179,19.44019],[105.56534,19.40724],[105.58279,19.3908],[105.5833,19.38019],[105.58937,19.37216],[105.59175,19.3711],[105.59558,19.37258],[105.61087,19.37007],[105.61295,19.37163],[105.61355,19.37678],[105.62122,19.38329],[105.62816,19.37961],[105.63117,19.36733],[105.63396,19.3649],[105.63928,19.36638],[105.63996,19.36054],[105.64403,19.35803],[105.64399,19.35288],[105.65295,19.35233],[105.65666,19.34059],[105.66522,19.33981],[105.66737,19.33086],[105.66397,19.32042],[105.66535,19.31336],[105.67479,19.32198],[105.67767,19.31906],[105.67694,19.3136],[105.68728,19.30203],[105.69144,19.30032],[105.69368,19.30358],[105.71398,19.3031],[105.72024,19.30914],[105.72632,19.31073],[105.72798,19.31358],[105.73405,19.31595],[105.74346,19.32238],[105.74279,19.31507],[105.74647,19.30839],[105.74673,19.30328],[105.75111,19.30189],[105.7543,19.30765],[105.75575,19.30702],[105.76733,19.29121],[105.77245,19.2908],[105.80071,19.30094],[105.80563,19.28699],[105.80634,19.29506],[105.8102,19.30305],[105.81416,19.30758],[105.81953,19.3109],[105.82258,19.30755],[105.8229,19.30513],[105.8256,19.30661],[105.82735,19.30393],[105.82823,19.30477],[105.82834,19.31543],[105.82551,19.31847],[105.82412,19.32327],[105.82632,19.33179],[105.82605,19.33854],[105.82387,19.34229],[105.82185,19.33998],[105.82393,19.33844],[105.82174,19.33585],[105.81774,19.33564],[105.81645,19.33739],[105.81471,19.33096],[105.80994,19.33233],[105.8007,19.34019],[105.79035,19.3625],[105.7863,19.37975],[105.78466,19.39879],[105.78554,19.40175],[105.78916,19.40169],[105.7932,19.40379],[105.79345,19.41582],[105.7986,19.42628],[105.80548,19.43023],[105.81062,19.42562],[105.81282,19.42537],[105.81446,19.43005],[105.81125,19.43506],[105.80841,19.4545],[105.80687,19.48395],[105.8073,19.52187],[105.81263,19.55971],[105.81961,19.58306],[105.8292,19.63345],[105.83878,19.66626],[105.84657,19.68673],[105.85535,19.70426],[105.86225,19.71466],[105.87186,19.72418],[105.88088,19.72892],[105.88506,19.72792],[105.88678,19.72373],[105.8932,19.72173],[105.89396,19.72014],[105.89863,19.72249],[105.90074,19.73214],[105.90923,19.74785],[105.92015,19.76415],[105.93214,19.77815],[105.93549,19.7925],[105.9412,19.79793],[105.94,19.80113],[105.9348,19.80078],[105.93208,19.80538],[105.93138,19.81929],[105.93263,19.82785],[105.9392,19.8484],[105.94907,19.86985],[105.95682,19.88082],[105.96626,19.88984],[105.96024,19.89005],[105.95938,19.88865],[105.94965,19.88672],[105.94858,19.89615],[105.95005,19.89715],[105.95017,19.90692],[105.95405,19.91956],[105.9582,19.92554],[105.96843,19.93455],[105.99325,19.94973],[106.00385,19.95312],[106.0262,19.95559],[106.02379,19.98169],[106.02591,19.99062],[106.02979,19.99645],[106.0346,20.00028],[106.04626,20.00134],[106.05153,20.00372],[106.05903,20.01454],[106.06414,20.02646],[106.06614,20.03712],[106.07463,20.05638],[106.07586,20.0632],[106.07184,20.0668],[106.04232,20.06241],[106.03549,20.05983],[106.03215,20.06082],[106.02316,20.05909],[106.01792,20.0598],[106.01075,20.06569],[106.00027,20.0667],[105.99684,20.06825],[105.99376,20.06669],[105.99261,20.06867],[105.98273,20.06805],[105.97848,20.06607],[105.97481,20.06758],[105.97144,20.06589],[105.96105,20.06581],[105.95151,20.0744],[105.9469,20.07443],[105.94095,20.08396],[105.93008,20.09027],[105.92421,20.10218],[105.92137,20.1025],[105.91703,20.10564],[105.91064,20.10512],[105.90762,20.10644],[105.89205,20.11949],[105.88392,20.11988],[105.87898,20.12217],[105.87483,20.12168],[105.86915,20.12448],[105.85236,20.13858],[105.84513,20.14022],[105.84195,20.1424],[105.83552,20.14303],[105.83199,20.15059],[105.81892,20.15406],[105.81186,20.15847],[105.80894,20.15878],[105.80045,20.1636],[105.79335,20.17009],[105.78404,20.17141],[105.78205,20.17284],[105.77709,20.17204],[105.77348,20.17677],[105.75796,20.17872],[105.7406,20.18554],[105.74205,20.18844],[105.73788,20.19426],[105.73336,20.19468],[105.73054,20.19948],[105.72195,20.20357],[105.71643,20.20843],[105.71378,20.20874],[105.70036,20.21879],[105.69329,20.22161],[105.69616,20.22516],[105.69418,20.23083],[105.68333,20.23498],[105.67893,20.24187],[105.67893,20.2467],[105.67004,20.24855],[105.66905,20.25073],[105.67063,20.25343],[105.65005,20.27374],[105.64111,20.27786],[105.63541,20.2775],[105.62032,20.28225],[105.61079,20.29155],[105.61115,20.29691],[105.59919,20.31217],[105.59398,20.31407],[105.58746,20.31192],[105.57971,20.31181],[105.57191,20.31727],[105.56581,20.31568],[105.5638,20.31651],[105.56272,20.3178],[105.56439,20.32536],[105.55772,20.32937],[105.554,20.32799],[105.54887,20.33443],[105.5501,20.34695],[105.54457,20.35325],[105.54276,20.36216]]],[[[105.91215,19.32048],[105.91001,19.31987],[105.91288,19.31963],[105.91215,19.32048]]],[[[105.90926,19.33852],[105.90715,19.33944],[105.90863,19.33767],[105.90926,19.33852]]],[[[105.90111,19.34658],[105.89844,19.34894],[105.89801,19.34518],[105.90052,19.34234],[105.9047,19.34111],[105.90543,19.34211],[105.90315,19.34562],[105.90111,19.34658]]],[[[105.93349,19.35498],[105.93195,19.35688],[105.93002,19.35604],[105.92958,19.34971],[105.93506,19.34603],[105.93376,19.35068],[105.93607,19.35425],[105.93349,19.35498]]],[[[105.87268,19.35684],[105.8743,19.35621],[105.87462,19.35781],[105.87171,19.35721],[105.87268,19.35684]]],[[[105.90881,19.36912],[105.90726,19.3716],[105.90657,19.37049],[105.90938,19.36685],[105.90881,19.36912]]],[[[105.9348,19.38017],[105.92785,19.38414],[105.92491,19.38027],[105.92213,19.38131],[105.91843,19.37875],[105.91602,19.38289],[105.91415,19.38271],[105.91365,19.36928],[105.91867,19.36707],[105.92478,19.35925],[105.92917,19.35922],[105.93312,19.3635],[105.93357,19.37096],[105.938,19.37586],[105.93569,19.37753],[105.93486,19.38128],[105.9348,19.38017]]]]}},{"type":"Feature","properties":{"name":"Nghe An","code":"VN_SRC_NGHEAN"},"geometry":{"type":"MultiPolygon","coordinates":[[[[104.90702,19.9984],[104.90832,19.98275],[104.90291,19.9678],[104.88683,19.95347],[104.8678,19.94625],[104.85911,19.94066],[104.84392,19.92673],[104.84204,19.92349],[104.8419,19.91863],[104.83969,19.9175],[104.84096,19.91318],[104.84819,19.91082],[104.84451,19.90586],[104.84381,19.89328],[104.84048,19.88929],[104.84048,19.88314],[104.84365,19.87896],[104.84695,19.86975],[104.84208,19.86142],[104.83485,19.85778],[104.83241,19.85299],[104.83329,19.84783],[104.83805,19.8482],[104.84455,19.84167],[104.8426,19.83665],[104.83392,19.827],[104.83163,19.81423],[104.83526,19.80448],[104.83096,19.79136],[104.82555,19.78683],[104.81715,19.78419],[104.80519,19.7861],[104.79598,19.79031],[104.79228,19.78764],[104.78049,19.7834],[104.77855,19.77953],[104.77391,19.77625],[104.76113,19.77389],[104.76591,19.76488],[104.76105,19.76131],[104.75743,19.75216],[104.75339,19.75016],[104.73349,19.75225],[104.72368,19.75857],[104.71947,19.75782],[104.71231,19.75376],[104.71014,19.74383],[104.70375,19.73379],[104.70068,19.73092],[104.69044,19.72697],[104.68268,19.71497],[104.67499,19.71046],[104.67162,19.70078],[104.66316,19.70136],[104.67052,19.68544],[104.664,19.67963],[104.65873,19.67219],[104.65982,19.66685],[104.66214,19.66456],[104.66183,19.66173],[104.65516,19.65898],[104.65415,19.65592],[104.64564,19.65352],[104.64529,19.65092],[104.64909,19.64609],[104.65108,19.63682],[104.64713,19.63205],[104.64672,19.6258],[104.64247,19.62285],[104.63743,19.62195],[104.63194,19.62293],[104.62463,19.62818],[104.61714,19.62988],[104.6124,19.6341],[104.60762,19.63558],[104.59736,19.63151],[104.58893,19.63216],[104.57958,19.6298],[104.57259,19.62285],[104.56877,19.61578],[104.56069,19.616],[104.55777,19.6102],[104.55436,19.61579],[104.54381,19.62074],[104.53758,19.6147],[104.53267,19.61611],[104.52679,19.6154],[104.51697,19.62206],[104.50593,19.62581],[104.50552,19.63155],[104.49916,19.64056],[104.49853,19.64854],[104.49243,19.6521],[104.48979,19.65562],[104.47437,19.65685],[104.46201,19.65405],[104.45367,19.65584],[104.44915,19.65836],[104.44497,19.67334],[104.42648,19.67348],[104.42057,19.68107],[104.42276,19.69081],[104.41969,19.6935],[104.4229,19.69798],[104.4232,19.7009],[104.41271,19.70493],[104.40252,19.70348],[104.40312,19.69737],[104.40107,19.69627],[104.38659,19.69839],[104.38094,19.69473],[104.36641,19.69528],[104.35973,19.69107],[104.35297,19.69243],[104.34943,19.69166],[104.34115,19.68524],[104.33764,19.67781],[104.32679,19.67231],[104.32086,19.66821],[104.32002,19.66605],[104.31687,19.67012],[104.32087,19.67977],[104.32018,19.68394],[104.31575,19.68872],[104.30275,19.69663],[104.28439,19.69385],[104.2689,19.69719],[104.26018,19.70361],[104.25444,19.70277],[104.24469,19.70555],[104.23834,19.70451],[104.23239,19.70696],[104.20715,19.70273],[104.19685,19.69215],[104.19209,19.69513],[104.17909,19.69369],[104.1729,19.68864],[104.17047,19.68948],[104.16931,19.69349],[104.1579,19.69711],[104.1532,19.68744],[104.15451,19.67266],[104.15325,19.67017],[104.14994,19.66729],[104.14221,19.66597],[104.13094,19.66093],[104.12627,19.66353],[104.11641,19.66138],[104.10544,19.66198],[104.10244,19.66411],[104.09108,19.66709],[104.0836,19.67141],[104.07992,19.67628],[104.07272,19.6817],[104.06845,19.68268],[104.07,19.67593],[104.06575,19.66368],[104.05585,19.65258],[104.05649,19.6486],[104.06445,19.64289],[104.06577,19.63649],[104.05998,19.62756],[104.05832,19.62013],[104.06064,19.61272],[104.06998,19.60587],[104.07126,19.59869],[104.08399,19.58279],[104.09987,19.57599],[104.10485,19.56972],[104.10433,19.55299],[104.10471,19.54691],[104.10694,19.54387],[104.10621,19.53335],[104.10131,19.52219],[104.10775,19.51664],[104.1131,19.50881],[104.12005,19.50408],[104.11966,19.5015],[104.11527,19.49961],[104.11136,19.49259],[104.10771,19.48998],[104.0989,19.49161],[104.09138,19.49847],[104.08975,19.49494],[104.08958,19.48886],[104.08363,19.48147],[104.08444,19.47648],[104.08207,19.46916],[104.07404,19.4605],[104.06298,19.45366],[104.06384,19.45212],[104.07199,19.45109],[104.07341,19.44959],[104.06932,19.43529],[104.06971,19.41631],[104.06514,19.41863],[104.06143,19.41753],[104.05206,19.41924],[104.04928,19.42586],[104.04761,19.42661],[104.03274,19.42004],[104.02877,19.41613],[104.02059,19.41723],[104.01722,19.4087],[104.01333,19.40801],[104.01064,19.40356],[103.99463,19.40656],[103.99121,19.40506],[103.98715,19.40023],[103.97538,19.3987],[103.97136,19.39299],[103.9643,19.39104],[103.95543,19.3832],[103.9591,19.37849],[103.9585,19.36908],[103.95626,19.36548],[103.95159,19.36329],[103.95117,19.35808],[103.93023,19.34479],[103.91871,19.34195],[103.91392,19.33564],[103.90932,19.33243],[103.9056,19.3313],[103.89277,19.3318],[103.88611,19.32935],[103.87968,19.32319],[103.87454,19.32047],[103.87282,19.31001],[103.87535,19.30693],[103.88174,19.30513],[103.88515,19.30238],[103.88882,19.30313],[103.89104,19.30734],[103.89503,19.30956],[103.90273,19.3086],[103.9153,19.30339],[103.91685,19.30198],[103.91656,19.29673],[103.9239,19.28542],[103.95214,19.26141],[103.95988,19.25324],[103.96747,19.24764],[103.98885,19.24201],[103.99956,19.23253],[104.03486,19.24146],[104.04886,19.24342],[104.05424,19.24589],[104.06074,19.24462],[104.06921,19.24802],[104.07641,19.23992],[104.09198,19.22913],[104.10094,19.21521],[104.10306,19.21564],[104.10929,19.22339],[104.11097,19.22365],[104.117,19.21932],[104.12693,19.20506],[104.13447,19.20611],[104.14365,19.20128],[104.15135,19.19922],[104.16146,19.19981],[104.17919,19.19767],[104.18327,19.19391],[104.19049,19.18262],[104.19494,19.16675],[104.19809,19.16269],[104.20013,19.16119],[104.21666,19.16034],[104.22281,19.15672],[104.2239,19.15093],[104.21766,19.14369],[104.21536,19.13492],[104.21229,19.12958],[104.21308,19.1234],[104.21804,19.11895],[104.22619,19.11529],[104.23944,19.11468],[104.24691,19.11215],[104.26199,19.11892],[104.272,19.12169],[104.28826,19.11831],[104.29248,19.11241],[104.2991,19.11353],[104.30346,19.09513],[104.3086,19.09071],[104.34647,19.07273],[104.36585,19.07418],[104.3779,19.06222],[104.39275,19.05858],[104.39873,19.05311],[104.39909,19.04984],[104.39637,19.0458],[104.39767,19.04023],[104.40617,19.03279],[104.41916,19.01677],[104.41821,19.01148],[104.41938,19.00586],[104.42432,19.002],[104.42953,19.00009],[104.44034,18.99116],[104.44549,18.98396],[104.45149,18.98323],[104.46185,18.98724],[104.47174,18.98593],[104.48187,19.00479],[104.48841,19.00347],[104.49591,19.00416],[104.50432,18.99588],[104.50756,18.98829],[104.51394,18.97992],[104.52264,18.97881],[104.53052,18.98231],[104.54268,18.97341],[104.54508,18.97014],[104.54861,18.95182],[104.55348,18.94554],[104.56219,18.93806],[104.57465,18.91397],[104.57965,18.90806],[104.58116,18.90085],[104.59334,18.90155],[104.5993,18.89649],[104.61784,18.89166],[104.62918,18.88644],[104.63007,18.88443],[104.62823,18.87797],[104.62938,18.87671],[104.63941,18.86796],[104.65477,18.86363],[104.66197,18.85605],[104.66947,18.85279],[104.67115,18.84995],[104.67077,18.84235],[104.67907,18.83599],[104.69266,18.83316],[104.69895,18.838],[104.70469,18.83666],[104.70681,18.83247],[104.7098,18.83533],[104.71368,18.83517],[104.71537,18.82829],[104.71996,18.82268],[104.72187,18.8166],[104.72654,18.81686],[104.73695,18.81368],[104.73707,18.80445],[104.73993,18.80039],[104.74848,18.79965],[104.7615,18.79188],[104.7726,18.7986],[104.78344,18.80055],[104.79003,18.78759],[104.79453,18.78298],[104.80044,18.77972],[104.80538,18.77855],[104.81002,18.78106],[104.84212,18.78394],[104.84551,18.78255],[104.85246,18.77584],[104.85901,18.77326],[104.86214,18.77809],[104.87011,18.77994],[104.87404,18.78452],[104.89131,18.78385],[104.89741,18.78629],[104.90676,18.7856],[104.91392,18.78667],[104.92416,18.78202],[104.92532,18.77949],[104.93824,18.77029],[104.94006,18.76353],[104.93427,18.75672],[104.94007,18.75011],[104.94183,18.74451],[104.94083,18.73928],[104.9422,18.7384],[104.96368,18.74094],[104.97237,18.7407],[104.98168,18.73822],[104.98831,18.7426],[104.99189,18.74231],[104.99747,18.73764],[105.01541,18.74638],[105.01858,18.7459],[105.02251,18.74925],[105.02289,18.74694],[105.0195,18.74346],[105.01828,18.73976],[105.01899,18.73576],[105.02329,18.73176],[105.03097,18.73015],[105.03664,18.73333],[105.03668,18.72854],[105.03873,18.7262],[105.05181,18.73043],[105.05651,18.72872],[105.06075,18.7247],[105.05488,18.71854],[105.05184,18.70874],[105.05641,18.70787],[105.06715,18.70942],[105.07392,18.70592],[105.08474,18.70956],[105.09507,18.70634],[105.10468,18.70546],[105.11071,18.71223],[105.1157,18.71506],[105.12267,18.71445],[105.1339,18.7167],[105.13691,18.70961],[105.14563,18.70333],[105.14085,18.69912],[105.14002,18.69201],[105.13576,18.6901],[105.13701,18.68664],[105.14351,18.68068],[105.15214,18.67895],[105.16239,18.66808],[105.16824,18.65719],[105.1815,18.66042],[105.18476,18.65821],[105.18692,18.65118],[105.18884,18.64921],[105.19425,18.64955],[105.19715,18.64407],[105.19818,18.64033],[105.18931,18.62591],[105.19189,18.62094],[105.19196,18.60638],[105.18739,18.60436],[105.19054,18.60001],[105.19692,18.60165],[105.20299,18.5987],[105.21171,18.59939],[105.21789,18.59756],[105.22884,18.58787],[105.23163,18.58932],[105.23377,18.59695],[105.23685,18.59872],[105.24089,18.60446],[105.2535,18.6112],[105.25824,18.61562],[105.26281,18.61783],[105.27012,18.61831],[105.27342,18.62202],[105.27865,18.62209],[105.28155,18.62371],[105.28821,18.61968],[105.29441,18.62234],[105.30208,18.61357],[105.30487,18.60727],[105.32182,18.60367],[105.32412,18.60194],[105.33024,18.60179],[105.33874,18.59045],[105.34309,18.59057],[105.35492,18.58604],[105.3605,18.58117],[105.36791,18.58012],[105.37227,18.58096],[105.37718,18.57845],[105.38619,18.58098],[105.39752,18.57983],[105.39882,18.58337],[105.40631,18.58647],[105.40955,18.58437],[105.41811,18.5908],[105.41948,18.59038],[105.42143,18.5855],[105.42473,18.5885],[105.42786,18.58722],[105.43481,18.58754],[105.44085,18.59846],[105.44765,18.60028],[105.44896,18.60209],[105.45939,18.60108],[105.45952,18.60303],[105.46329,18.60343],[105.465,18.60527],[105.47656,18.60764],[105.4765,18.61408],[105.47826,18.61435],[105.49206,18.6106],[105.50185,18.6109],[105.50627,18.60869],[105.50585,18.60691],[105.50747,18.60633],[105.50872,18.60306],[105.51513,18.59921],[105.51564,18.59069],[105.51818,18.58415],[105.52654,18.576],[105.52722,18.57209],[105.53044,18.56717],[105.53091,18.56092],[105.5384,18.55867],[105.54169,18.55467],[105.5462,18.55212],[105.55053,18.55396],[105.55207,18.55707],[105.56079,18.55942],[105.57255,18.56051],[105.57276,18.55809],[105.57824,18.55995],[105.58365,18.55874],[105.58976,18.57271],[105.59353,18.57225],[105.59941,18.57711],[105.59938,18.5758],[105.61638,18.57719],[105.62306,18.56549],[105.63046,18.56415],[105.63666,18.56651],[105.64793,18.57737],[105.65758,18.58248],[105.66522,18.58278],[105.67075,18.5784],[105.68075,18.58446],[105.6878,18.59117],[105.68951,18.59595],[105.68857,18.61969],[105.69039,18.62777],[105.69386,18.63155],[105.70231,18.63259],[105.70633,18.63932],[105.71335,18.66338],[105.71877,18.66947],[105.72759,18.67247],[105.73311,18.67177],[105.74202,18.668],[105.75111,18.66764],[105.76325,18.67037],[105.76763,18.67319],[105.76896,18.6776],[105.76674,18.68769],[105.75781,18.70223],[105.75351,18.71623],[105.74332,18.73712],[105.74185,18.74555],[105.74303,18.75017],[105.74832,18.75551],[105.76184,18.76396],[105.7337,18.79492],[105.72196,18.81334],[105.72033,18.81818],[105.72342,18.82104],[105.71957,18.82018],[105.71776,18.82262],[105.71692,18.82938],[105.71842,18.83366],[105.72021,18.83469],[105.71684,18.83767],[105.71511,18.84361],[105.71606,18.84645],[105.71994,18.84708],[105.71865,18.8495],[105.71722,18.8499],[105.71292,18.84683],[105.70801,18.84925],[105.70675,18.85144],[105.70774,18.85416],[105.70468,18.85372],[105.70241,18.8561],[105.70148,18.86341],[105.69508,18.86413],[105.6908,18.87409],[105.68425,18.87698],[105.68004,18.87409],[105.6774,18.87586],[105.67448,18.88123],[105.6675,18.88022],[105.66514,18.88416],[105.66689,18.8865],[105.66436,18.88612],[105.66185,18.88928],[105.6599,18.88941],[105.65724,18.88549],[105.65511,18.88528],[105.65107,18.88721],[105.64995,18.89195],[105.6371,18.89716],[105.62592,18.93114],[105.62153,18.95111],[105.61819,18.9777],[105.61612,18.98029],[105.61901,18.99288],[105.62076,19.01804],[105.62529,19.03531],[105.64048,19.06681],[105.65213,19.08325],[105.6634,19.09274],[105.67376,19.09753],[105.6836,19.09317],[105.68742,19.08866],[105.68788,19.08435],[105.69012,19.08446],[105.69218,19.08212],[105.6959,19.08749],[105.69876,19.08803],[105.70027,19.08605],[105.70296,19.09087],[105.70464,19.0905],[105.70478,19.0923],[105.71112,19.09506],[105.71255,19.09711],[105.71824,19.09732],[105.72536,19.10291],[105.73041,19.10143],[105.7368,19.10276],[105.73838,19.10459],[105.73794,19.1067],[105.73492,19.10773],[105.73103,19.11574],[105.72963,19.13697],[105.72985,19.14892],[105.73204,19.15754],[105.73098,19.16369],[105.73305,19.16544],[105.73345,19.1682],[105.73161,19.16893],[105.7306,19.17401],[105.73111,19.1856],[105.73782,19.21921],[105.73981,19.22217],[105.74185,19.22156],[105.74752,19.22883],[105.7526,19.23146],[105.75848,19.23186],[105.75824,19.22447],[105.76124,19.22771],[105.76669,19.22784],[105.76781,19.23123],[105.77139,19.23346],[105.77447,19.25477],[105.77916,19.26867],[105.78256,19.27347],[105.7877,19.27602],[105.79079,19.27557],[105.79221,19.2718],[105.79806,19.27231],[105.80188,19.27593],[105.80455,19.27307],[105.80636,19.27317],[105.80571,19.27758],[105.80362,19.27735],[105.80217,19.27977],[105.80316,19.28594],[105.80563,19.28699],[105.80071,19.30094],[105.77245,19.2908],[105.76733,19.29121],[105.75575,19.30702],[105.7543,19.30765],[105.75111,19.30189],[105.74673,19.30328],[105.74647,19.30839],[105.74279,19.31507],[105.74346,19.32238],[105.73405,19.31595],[105.72798,19.31358],[105.72632,19.31073],[105.72024,19.30914],[105.71398,19.3031],[105.69368,19.30358],[105.69144,19.30032],[105.68728,19.30203],[105.67694,19.3136],[105.67767,19.31906],[105.67479,19.32198],[105.66535,19.31336],[105.66397,19.32042],[105.66737,19.33086],[105.66522,19.33981],[105.65666,19.34059],[105.65295,19.35233],[105.64399,19.35288],[105.64403,19.35803],[105.63996,19.36054],[105.63928,19.36638],[105.63396,19.3649],[105.63117,19.36733],[105.62816,19.37961],[105.62122,19.38329],[105.61355,19.37678],[105.61295,19.37163],[105.61087,19.37007],[105.59558,19.37258],[105.59175,19.3711],[105.58937,19.37216],[105.5833,19.38019],[105.58279,19.3908],[105.56534,19.40724],[105.54179,19.44019],[105.53993,19.44768],[105.53278,19.45758],[105.52513,19.46109],[105.51307,19.46349],[105.50807,19.4618],[105.50031,19.46197],[105.49311,19.45771],[105.4891,19.45125],[105.48218,19.44833],[105.4776,19.44914],[105.47108,19.45678],[105.46944,19.45671],[105.45934,19.4522],[105.45282,19.44313],[105.44515,19.44009],[105.44446,19.44331],[105.43399,19.45424],[105.42413,19.45555],[105.41818,19.45866],[105.41136,19.45674],[105.40309,19.44838],[105.39481,19.45189],[105.38975,19.45556],[105.39193,19.46553],[105.38354,19.47863],[105.3831,19.48406],[105.37776,19.4872],[105.36795,19.49698],[105.37163,19.50127],[105.36989,19.50596],[105.37196,19.51102],[105.36887,19.5195],[105.35331,19.53738],[105.34399,19.53784],[105.34128,19.53482],[105.34053,19.53055],[105.3361,19.53202],[105.3342,19.53135],[105.3322,19.52324],[105.326,19.51893],[105.32359,19.50931],[105.31598,19.50583],[105.31346,19.50063],[105.30961,19.49891],[105.31016,19.49426],[105.30833,19.4891],[105.30289,19.48796],[105.30088,19.48471],[105.29866,19.48453],[105.299,19.48047],[105.29633,19.4791],[105.2965,19.47611],[105.29417,19.47563],[105.29421,19.47914],[105.29167,19.48164],[105.28961,19.49044],[105.28441,19.49256],[105.2782,19.49221],[105.27996,19.5039],[105.27246,19.5079],[105.27449,19.5165],[105.27393,19.52166],[105.26961,19.52947],[105.27411,19.54706],[105.27384,19.55023],[105.27126,19.55365],[105.27135,19.55709],[105.27432,19.56115],[105.28186,19.56357],[105.28305,19.56713],[105.27993,19.585],[105.27736,19.58897],[105.282,19.59411],[105.28403,19.60196],[105.2828,19.60622],[105.27828,19.60891],[105.27057,19.60698],[105.27271,19.61226],[105.26892,19.61789],[105.26845,19.62497],[105.26422,19.6306],[105.26265,19.6389],[105.24918,19.65728],[105.24595,19.65817],[105.23988,19.6541],[105.239,19.6479],[105.23674,19.64548],[105.22507,19.64874],[105.20834,19.66625],[105.18321,19.68245],[105.17534,19.67909],[105.16815,19.68413],[105.16505,19.68965],[105.16568,19.6986],[105.15749,19.70524],[105.15488,19.70973],[105.15591,19.71394],[105.16328,19.71876],[105.16307,19.72491],[105.15468,19.72727],[105.14986,19.73294],[105.13892,19.74053],[105.13658,19.74368],[105.13753,19.75198],[105.13611,19.76097],[105.13871,19.76909],[105.13647,19.77531],[105.13222,19.78131],[105.13207,19.7932],[105.12894,19.80088],[105.1327,19.81002],[105.13149,19.81728],[105.13309,19.82697],[105.13541,19.83004],[105.14394,19.8327],[105.1527,19.85563],[105.15977,19.85474],[105.17305,19.85591],[105.18238,19.85288],[105.18238,19.85704],[105.18971,19.86484],[105.18966,19.86732],[105.18572,19.87341],[105.1853,19.87842],[105.18012,19.88244],[105.17865,19.89445],[105.17137,19.90095],[105.16852,19.91497],[105.15501,19.92269],[105.14588,19.92037],[105.13841,19.92283],[105.12961,19.92194],[105.12575,19.9246],[105.12063,19.93149],[105.11658,19.93377],[105.09461,19.93868],[105.07806,19.93436],[105.04888,19.93073],[105.04769,19.93211],[105.04934,19.93932],[105.04524,19.94269],[105.03994,19.93883],[105.0153,19.95258],[105.00107,19.95122],[104.99629,19.95238],[104.99759,19.95991],[104.98276,19.96653],[104.9742,19.97279],[104.96454,19.97304],[104.96211,19.9774],[104.96078,19.98535],[104.95759,19.98976],[104.94623,19.9872],[104.92357,19.98757],[104.92103,19.98851],[104.91688,19.99573],[104.91193,19.99465],[104.90702,19.9984]]],[[[105.78254,18.80362],[105.77821,18.80652],[105.77673,18.80148],[105.77343,18.80286],[105.76973,18.80026],[105.772,18.79617],[105.77365,18.79607],[105.77517,18.79865],[105.78204,18.80134],[105.78254,18.80362]]]]}},{"type":"Feature","properties":{"name":"Ha Tinh","code":"VN_SRC_HATINH"},"geometry":{"type":"MultiPolygon","coordinates":[[[[105.18739,18.60436],[105.18618,18.6022],[105.18107,18.60251],[105.17731,18.60588],[105.17377,18.60565],[105.17001,18.60952],[105.15987,18.61359],[105.15635,18.6066],[105.15021,18.60519],[105.13497,18.59179],[105.13577,18.58632],[105.13867,18.5838],[105.13577,18.58191],[105.13393,18.57021],[105.14014,18.56211],[105.12852,18.55609],[105.12873,18.5482],[105.12274,18.54134],[105.11511,18.53882],[105.11545,18.52762],[105.12029,18.52295],[105.11553,18.51945],[105.11421,18.51467],[105.11099,18.5123],[105.11212,18.51],[105.11006,18.50246],[105.11305,18.49668],[105.11031,18.49365],[105.11354,18.49239],[105.11362,18.49119],[105.10965,18.48584],[105.10985,18.47955],[105.10731,18.47638],[105.10862,18.46509],[105.10493,18.46082],[105.10825,18.4552],[105.10347,18.44763],[105.10986,18.43468],[105.11861,18.43235],[105.12071,18.41919],[105.13033,18.41531],[105.13141,18.41656],[105.13478,18.41591],[105.14021,18.4196],[105.14044,18.41288],[105.13729,18.41194],[105.13739,18.40972],[105.13803,18.40802],[105.14366,18.40665],[105.14735,18.40358],[105.14537,18.40061],[105.14706,18.39611],[105.15083,18.39183],[105.15056,18.38865],[105.15797,18.38653],[105.16529,18.38709],[105.16717,18.39203],[105.17279,18.39214],[105.17871,18.38897],[105.17973,18.39019],[105.18462,18.38629],[105.18179,18.37973],[105.18169,18.37574],[105.17847,18.37118],[105.18283,18.36545],[105.18348,18.36189],[105.18582,18.36093],[105.18574,18.35735],[105.18888,18.35337],[105.19027,18.34619],[105.18445,18.33095],[105.18434,18.32479],[105.19036,18.32214],[105.19333,18.31818],[105.2085,18.3143],[105.21563,18.30736],[105.21757,18.30289],[105.22224,18.30445],[105.22488,18.30294],[105.23087,18.30283],[105.23651,18.29779],[105.24307,18.29639],[105.24627,18.2879],[105.25793,18.26943],[105.25834,18.26686],[105.25595,18.26448],[105.25544,18.25495],[105.26145,18.25822],[105.26726,18.25792],[105.27075,18.25979],[105.27286,18.25909],[105.27482,18.25452],[105.27706,18.25399],[105.28105,18.2575],[105.28172,18.26077],[105.28736,18.25891],[105.28811,18.25483],[105.29054,18.25647],[105.29225,18.25494],[105.29695,18.25623],[105.29929,18.25484],[105.29575,18.2441],[105.29959,18.23628],[105.30326,18.24016],[105.30303,18.2444],[105.30683,18.25183],[105.30518,18.25682],[105.31036,18.26612],[105.31539,18.26431],[105.32005,18.26656],[105.32206,18.26473],[105.32861,18.26461],[105.32997,18.26231],[105.32865,18.25827],[105.33129,18.2527],[105.32809,18.24095],[105.32488,18.23733],[105.32539,18.23289],[105.32325,18.22798],[105.32342,18.22307],[105.32552,18.22045],[105.32592,18.20977],[105.32165,18.20516],[105.31991,18.20038],[105.32661,18.19389],[105.32947,18.19345],[105.32884,18.1919],[105.33765,18.19117],[105.33823,18.18804],[105.33624,18.18241],[105.34936,18.18286],[105.3503,18.18441],[105.35189,18.18421],[105.36192,18.17027],[105.36361,18.16393],[105.36793,18.1609],[105.37641,18.16031],[105.37633,18.16551],[105.38351,18.17],[105.39218,18.15963],[105.40053,18.16046],[105.40927,18.15409],[105.41241,18.15704],[105.41526,18.16583],[105.41432,18.17234],[105.42046,18.18357],[105.42645,18.18366],[105.43135,18.17921],[105.43825,18.1804],[105.43972,18.18219],[105.44154,18.18865],[105.44662,18.19425],[105.44719,18.19783],[105.44646,18.19956],[105.44216,18.20152],[105.44273,18.20445],[105.44836,18.20291],[105.45232,18.20502],[105.45408,18.20293],[105.45497,18.20451],[105.46005,18.20574],[105.46184,18.20319],[105.48052,18.19595],[105.48565,18.20053],[105.49111,18.20292],[105.49364,18.19972],[105.48693,18.18566],[105.48844,18.17668],[105.49375,18.17667],[105.49403,18.18011],[105.498,18.18464],[105.49922,18.19017],[105.50006,18.18966],[105.50615,18.17517],[105.50452,18.17236],[105.50791,18.16817],[105.51069,18.15963],[105.50967,18.15432],[105.51247,18.14877],[105.5064,18.14525],[105.50382,18.13905],[105.50639,18.1348],[105.50328,18.13384],[105.50577,18.12445],[105.51128,18.11984],[105.51316,18.12455],[105.5222,18.12583],[105.52598,18.12276],[105.52782,18.11895],[105.53524,18.11586],[105.53618,18.10877],[105.53962,18.10514],[105.5387,18.0942],[105.54013,18.08196],[105.54671,18.08068],[105.55125,18.08222],[105.55807,18.08056],[105.56338,18.082],[105.56875,18.08604],[105.57109,18.08401],[105.57337,18.07281],[105.57645,18.06976],[105.57629,18.06818],[105.57253,18.0666],[105.57291,18.06423],[105.57549,18.06135],[105.58045,18.06185],[105.58234,18.0551],[105.58216,18.0484],[105.58511,18.04334],[105.58474,18.03776],[105.58221,18.03446],[105.58189,18.02964],[105.57939,18.02662],[105.58392,18.01987],[105.58117,18.01403],[105.58432,18.01038],[105.58696,18.01159],[105.58951,18.00946],[105.59332,18.00897],[105.59454,18.00496],[105.59807,18.00226],[105.6047,18.00974],[105.61363,18.0118],[105.62159,18.00023],[105.62879,17.99461],[105.63381,17.99187],[105.64138,17.99375],[105.64347,17.99253],[105.65507,17.99363],[105.70636,17.99282],[105.7127,17.99827],[105.71255,18.00206],[105.71512,18.00433],[105.71974,18.00532],[105.72208,18.00797],[105.72043,18.00987],[105.7206,18.02136],[105.72409,18.0242],[105.72489,18.02688],[105.7284,18.02904],[105.73089,18.03424],[105.73855,18.03683],[105.75004,18.03394],[105.75351,18.02897],[105.75804,18.02576],[105.76976,18.02361],[105.77741,18.01705],[105.78852,18.02532],[105.79721,18.02368],[105.80131,18.02581],[105.80999,18.02609],[105.8106,18.02742],[105.80781,18.03178],[105.81683,18.03801],[105.8207,18.03402],[105.82858,18.03188],[105.83353,18.03739],[105.83505,18.042],[105.83362,18.04511],[105.81299,18.05281],[105.81973,18.06085],[105.82199,18.05946],[105.8285,18.06382],[105.83388,18.06231],[105.83914,18.06613],[105.84834,18.06415],[105.85138,18.06757],[105.87081,18.06638],[105.87447,18.06896],[105.87599,18.0727],[105.8849,18.08219],[105.89116,18.08567],[105.89539,18.08995],[105.91209,18.08703],[105.91889,18.08073],[105.93183,18.08898],[105.93423,18.08784],[105.93605,18.0832],[105.94044,18.07804],[105.94574,18.07375],[105.95014,18.06606],[105.94971,18.05984],[105.95107,18.0582],[105.96194,18.05934],[105.96742,18.0556],[105.97575,18.06267],[105.986,18.0642],[105.99307,18.05678],[105.99576,18.05158],[106.01606,18.03431],[106.01641,18.02975],[106.01998,18.0256],[106.03268,18.02137],[106.03435,18.0218],[106.03675,18.02583],[106.04347,18.02476],[106.04618,18.02878],[106.05053,18.02],[106.06035,18.01374],[106.05869,18.008],[106.06644,18.00305],[106.06693,17.99908],[106.06933,17.99836],[106.07117,17.9944],[106.06195,17.98496],[106.0585,17.97456],[106.0545,17.97212],[106.05308,17.96853],[106.05103,17.96831],[106.04792,17.96519],[106.04914,17.9576],[106.0455,17.94644],[106.05466,17.94395],[106.05935,17.93948],[106.06943,17.9372],[106.07698,17.93326],[106.09246,17.93248],[106.10619,17.92773],[106.11871,17.92775],[106.13081,17.92083],[106.13804,17.92119],[106.13928,17.91888],[106.15065,17.91924],[106.15581,17.91684],[106.16274,17.91728],[106.17149,17.91446],[106.18198,17.92083],[106.18702,17.92087],[106.19095,17.92325],[106.19361,17.92204],[106.19556,17.9181],[106.1998,17.91648],[106.20918,17.92596],[106.22035,17.92765],[106.2238,17.93005],[106.23688,17.92731],[106.24071,17.93033],[106.24427,17.92682],[106.24859,17.92512],[106.2523,17.92086],[106.25766,17.91881],[106.25982,17.91571],[106.26357,17.91419],[106.27084,17.91977],[106.27544,17.91945],[106.27868,17.91607],[106.28107,17.9156],[106.28421,17.90839],[106.28366,17.91083],[106.29124,17.92146],[106.28597,17.92942],[106.2843,17.93483],[106.2873,17.94201],[106.29614,17.94522],[106.29782,17.95387],[106.30309,17.95745],[106.30585,17.96291],[106.32484,17.96306],[106.32982,17.97976],[106.33847,17.9874],[106.34009,17.99176],[106.35088,17.98929],[106.36122,17.99078],[106.36623,17.98773],[106.37656,17.98542],[106.38129,17.98607],[106.38884,17.98241],[106.39965,17.98155],[106.41017,17.97282],[106.41762,17.97424],[106.42314,17.96965],[106.4357,17.97268],[106.43907,17.96985],[106.44407,17.96897],[106.44438,17.95195],[106.45035,17.94951],[106.45888,17.95432],[106.46927,17.95622],[106.47934,17.95332],[106.49435,17.96056],[106.50454,17.96137],[106.51062,17.95999],[106.50554,17.9634],[106.49542,17.9649],[106.49306,17.96696],[106.4821,17.98386],[106.48137,17.9865],[106.48261,17.98943],[106.47853,17.98888],[106.47327,17.9975],[106.46945,17.99802],[106.45702,18.01593],[106.43822,18.05172],[106.42859,18.07938],[106.4208,18.09157],[106.42356,18.09591],[106.42071,18.10267],[106.43333,18.11686],[106.43514,18.12228],[106.42264,18.12089],[106.42121,18.1256],[106.41572,18.12424],[106.4112,18.12069],[106.40843,18.11269],[106.40649,18.11278],[106.40589,18.11115],[106.40756,18.11068],[106.40702,18.10791],[106.40871,18.1071],[106.40737,18.10136],[106.40153,18.09898],[106.38806,18.10002],[106.37988,18.10374],[106.37989,18.10701],[106.37476,18.10464],[106.36922,18.1079],[106.36349,18.10846],[106.35574,18.11313],[106.30442,18.15803],[106.27541,18.1881],[106.25234,18.21538],[106.24403,18.21625],[106.24439,18.21795],[106.23535,18.21637],[106.22897,18.22326],[106.22147,18.22485],[106.21406,18.23431],[106.20887,18.23381],[106.18574,18.25313],[106.16078,18.26774],[106.15269,18.26846],[106.14919,18.26661],[106.14581,18.26732],[106.14542,18.26865],[106.14517,18.26742],[106.14005,18.26588],[106.1338,18.26766],[106.13195,18.26641],[106.12815,18.26716],[106.12212,18.26602],[106.11513,18.26779],[106.11172,18.27143],[106.1001,18.27573],[106.07106,18.29973],[106.04268,18.32736],[105.99853,18.37732],[105.96794,18.41647],[105.94599,18.45025],[105.93911,18.46404],[105.94025,18.46655],[105.94337,18.4675],[105.94242,18.47182],[105.93916,18.4699],[105.93969,18.46667],[105.93652,18.46644],[105.93382,18.4617],[105.93163,18.46073],[105.93246,18.45695],[105.92968,18.4516],[105.92793,18.45025],[105.92195,18.45204],[105.91632,18.46458],[105.88205,18.50778],[105.85822,18.54299],[105.82628,18.59947],[105.8137,18.62675],[105.79901,18.66913],[105.78827,18.71856],[105.77719,18.76054],[105.77571,18.76202],[105.76771,18.76042],[105.76184,18.76396],[105.74832,18.75551],[105.74303,18.75017],[105.74185,18.74555],[105.74332,18.73712],[105.75351,18.71623],[105.75781,18.70223],[105.76674,18.68769],[105.76896,18.6776],[105.76763,18.67319],[105.76325,18.67037],[105.75111,18.66764],[105.74202,18.668],[105.73311,18.67177],[105.72759,18.67247],[105.71877,18.66947],[105.71335,18.66338],[105.70633,18.63932],[105.70231,18.63259],[105.69386,18.63155],[105.69039,18.62777],[105.68857,18.61969],[105.68951,18.59595],[105.6878,18.59117],[105.68075,18.58446],[105.67075,18.5784],[105.66522,18.58278],[105.65758,18.58248],[105.64793,18.57737],[105.63666,18.56651],[105.63046,18.56415],[105.62306,18.56549],[105.61638,18.57719],[105.59938,18.5758],[105.59941,18.57711],[105.59353,18.57225],[105.58976,18.57271],[105.58365,18.55874],[105.57824,18.55995],[105.57276,18.55809],[105.57255,18.56051],[105.56079,18.55942],[105.55207,18.55707],[105.55053,18.55396],[105.5462,18.55212],[105.54169,18.55467],[105.5384,18.55867],[105.53091,18.56092],[105.53044,18.56717],[105.52722,18.57209],[105.52654,18.576],[105.51818,18.58415],[105.51564,18.59069],[105.51513,18.59921],[105.50872,18.60306],[105.50747,18.60633],[105.50585,18.60691],[105.50627,18.60869],[105.50185,18.6109],[105.49206,18.6106],[105.47826,18.61435],[105.4765,18.61408],[105.47656,18.60764],[105.465,18.60527],[105.46329,18.60343],[105.45952,18.60303],[105.45939,18.60108],[105.44896,18.60209],[105.44765,18.60028],[105.44085,18.59846],[105.43481,18.58754],[105.42786,18.58722],[105.42473,18.5885],[105.42143,18.5855],[105.41948,18.59038],[105.41811,18.5908],[105.40955,18.58437],[105.40631,18.58647],[105.39882,18.58337],[105.39752,18.57983],[105.38619,18.58098],[105.37718,18.57845],[105.37227,18.58096],[105.36791,18.58012],[105.3605,18.58117],[105.35492,18.58604],[105.34309,18.59057],[105.33874,18.59045],[105.33024,18.60179],[105.32412,18.60194],[105.32182,18.60367],[105.30487,18.60727],[105.30208,18.61357],[105.29441,18.62234],[105.28821,18.61968],[105.28155,18.62371],[105.27865,18.62209],[105.27342,18.62202],[105.27012,18.61831],[105.26281,18.61783],[105.25824,18.61562],[105.2535,18.6112],[105.24089,18.60446],[105.23685,18.59872],[105.23377,18.59695],[105.23163,18.58932],[105.22884,18.58787],[105.21789,18.59756],[105.21171,18.59939],[105.20299,18.5987],[105.19692,18.60165],[105.19054,18.60001],[105.18739,18.60436]]],[[[105.83408,18.76038],[105.83369,18.759],[105.83514,18.76007],[105.83408,18.76038]]],[[[106.4533,18.09971],[106.46424,18.10175],[106.46361,18.10741],[106.45449,18.10264],[106.45237,18.10028],[106.4533,18.09971]]],[[[106.11704,18.28147],[106.11529,18.28163],[106.11806,18.2794],[106.11704,18.28147]]],[[[106.12208,18.28145],[106.12023,18.28039],[106.12256,18.28064],[106.12208,18.28145]]],[[[106.16418,18.30951],[106.16572,18.30953],[106.16474,18.3116],[106.16418,18.30951]]],[[[105.95741,18.79565],[105.96308,18.79113],[105.96579,18.79133],[105.96439,18.79673],[105.95317,18.80479],[105.9529,18.80303],[105.95642,18.79921],[105.95741,18.79565]]]]}},{"type":"Feature","properties":{"name":"Quang Binh","code":"VN_SRC_QUANGBINH"},"geometry":{"type":"MultiPolygon","coordinates":[[[[105.64347,17.99253],[105.64399,17.97569],[105.64205,17.97129],[105.64242,17.9625],[105.63547,17.96041],[105.63417,17.95731],[105.62852,17.95178],[105.62768,17.94521],[105.62358,17.94171],[105.62323,17.92387],[105.62134,17.91729],[105.61896,17.91423],[105.61705,17.90547],[105.60874,17.89699],[105.60999,17.88783],[105.60802,17.88262],[105.60792,17.87701],[105.61089,17.87503],[105.61968,17.874],[105.63647,17.86235],[105.6427,17.86093],[105.64981,17.86126],[105.66057,17.85653],[105.66587,17.85129],[105.67356,17.84651],[105.67796,17.83495],[105.6834,17.83337],[105.68422,17.81958],[105.67635,17.80278],[105.67567,17.79536],[105.67736,17.79254],[105.68821,17.78468],[105.68871,17.78063],[105.69399,17.76908],[105.69807,17.76703],[105.70104,17.7617],[105.7122,17.75635],[105.71914,17.75661],[105.72249,17.74959],[105.7301,17.74461],[105.72808,17.73108],[105.73005,17.72169],[105.73686,17.71973],[105.74294,17.72235],[105.74369,17.72037],[105.75072,17.6685],[105.75801,17.66884],[105.76827,17.67418],[105.77657,17.67397],[105.78154,17.6763],[105.78347,17.67065],[105.79132,17.67036],[105.79388,17.66387],[105.80374,17.66113],[105.80647,17.65596],[105.81379,17.66005],[105.81787,17.65563],[105.82929,17.65012],[105.83123,17.64753],[105.83086,17.64124],[105.83647,17.64052],[105.84333,17.63285],[105.84424,17.62722],[105.86183,17.62734],[106.09149,17.36174],[106.09883,17.35692],[106.11044,17.35317],[106.11063,17.34994],[106.11363,17.34761],[106.1346,17.33473],[106.13649,17.32451],[106.14587,17.3091],[106.14774,17.30802],[106.15335,17.30857],[106.1627,17.3041],[106.16477,17.29944],[106.17281,17.29694],[106.17908,17.29255],[106.20099,17.27321],[106.20866,17.27017],[106.2357,17.2502],[106.24,17.24895],[106.24561,17.24949],[106.24973,17.24376],[106.25085,17.24412],[106.25177,17.2513],[106.26093,17.25346],[106.26933,17.25993],[106.27531,17.26209],[106.27737,17.2646],[106.28091,17.27412],[106.27491,17.28649],[106.27537,17.29448],[106.28583,17.29664],[106.29687,17.29558],[106.30023,17.29379],[106.3038,17.29525],[106.30622,17.28715],[106.30792,17.27065],[106.30476,17.2579],[106.30569,17.25647],[106.30794,17.25737],[106.31019,17.25145],[106.31645,17.25101],[106.31795,17.24832],[106.31758,17.24544],[106.31552,17.24347],[106.30823,17.24131],[106.30749,17.23915],[106.31366,17.23898],[106.31777,17.23629],[106.32469,17.23756],[106.33048,17.23487],[106.33403,17.23541],[106.33422,17.23397],[106.33423,17.22716],[106.32918,17.22482],[106.32536,17.21575],[106.31508,17.21969],[106.31209,17.21772],[106.3076,17.21825],[106.30742,17.21358],[106.30425,17.20802],[106.32612,17.19943],[106.32669,17.19691],[106.32183,17.19189],[106.32557,17.18848],[106.32792,17.17978],[106.33165,17.17817],[106.33764,17.16848],[106.34493,17.16633],[106.35073,17.16095],[106.35521,17.15916],[106.35428,17.15557],[106.34644,17.14965],[106.34625,17.14803],[106.35214,17.14687],[106.35476,17.14418],[106.35607,17.13413],[106.3656,17.12983],[106.3699,17.12481],[106.37233,17.11907],[106.37309,17.11189],[106.3758,17.10875],[106.38196,17.10517],[106.39037,17.10356],[106.39429,17.09818],[106.40793,17.08849],[106.41018,17.08114],[106.41601,17.07868],[106.41308,17.06813],[106.40636,17.06185],[106.40207,17.05323],[106.40599,17.04677],[106.41496,17.03762],[106.42346,17.03233],[106.42402,17.02695],[106.42757,17.01816],[106.42739,17.00775],[106.42963,17.00452],[106.43448,17.00237],[106.43831,16.99618],[106.44223,16.99475],[106.45716,17.00049],[106.4609,17.00067],[106.46538,16.98757],[106.47173,16.98345],[106.49664,16.98103],[106.50747,16.97349],[106.51531,16.97152],[106.5308,16.97887],[106.53715,16.99323],[106.54322,16.99475],[106.54453,17.00318],[106.54733,17.0057],[106.54932,17.00515],[106.54931,16.99854],[106.55262,16.9939],[106.55995,16.99259],[106.56254,16.98735],[106.58462,16.98986],[106.59266,16.98719],[106.59385,16.98153],[106.58699,16.97729],[106.58666,16.97142],[106.58994,16.96935],[106.5921,16.96531],[106.59337,16.95881],[106.59987,16.95629],[106.59981,16.94662],[106.60719,16.93924],[106.62485,16.93842],[106.63003,16.94133],[106.64433,16.9393],[106.65013,16.93624],[106.66048,16.93657],[106.66751,16.94748],[106.68065,16.95201],[106.68671,16.95618],[106.69392,16.9548],[106.69601,16.94834],[106.7011,16.94378],[106.70201,16.94092],[106.71062,16.94286],[106.71597,16.9416],[106.72194,16.93543],[106.72137,16.93285],[106.72337,16.9302],[106.73244,16.92838],[106.7405,16.92452],[106.74376,16.92143],[106.74926,16.92508],[106.75585,16.92511],[106.75828,16.92867],[106.77252,16.92479],[106.77838,16.93034],[106.7746,16.95382],[106.7773,16.95713],[106.77739,16.96394],[106.78164,16.96936],[106.77936,16.97714],[106.78123,16.97842],[106.78113,16.98197],[106.78457,16.98662],[106.79227,16.98608],[106.79691,16.98972],[106.80479,16.99273],[106.80921,17.00213],[106.80511,17.01637],[106.80329,17.01802],[106.80349,17.02059],[106.80663,17.02227],[106.81092,17.02794],[106.81035,17.03403],[106.8146,17.03519],[106.81568,17.03946],[106.81969,17.04079],[106.82211,17.03838],[106.83462,17.03398],[106.84309,17.03504],[106.8524,17.03909],[106.85439,17.04224],[106.86156,17.04666],[106.86446,17.05139],[106.86479,17.0547],[106.86168,17.06048],[106.86036,17.06745],[106.85735,17.07072],[106.8588,17.07492],[106.86552,17.07884],[106.87544,17.07762],[106.88106,17.07867],[106.88405,17.08182],[106.88983,17.08307],[106.89184,17.08752],[106.90438,17.09483],[106.91329,17.10201],[106.92534,17.10731],[106.92708,17.10646],[106.93144,17.10961],[106.93634,17.11006],[106.94018,17.11325],[106.94732,17.11542],[106.9535,17.12011],[106.95543,17.12518],[106.9617,17.13013],[106.96763,17.13744],[106.97702,17.14465],[106.9942,17.16223],[106.86026,17.2619],[106.79646,17.31239],[106.74854,17.35375],[106.68587,17.41561],[106.65888,17.44611],[106.64579,17.46242],[106.6331,17.48233],[106.62908,17.48608],[106.62562,17.49619],[106.59529,17.53568],[106.56787,17.57873],[106.54998,17.61196],[106.54733,17.61936],[106.54489,17.62206],[106.54106,17.62228],[106.5292,17.63751],[106.51616,17.66037],[106.51326,17.66201],[106.50077,17.6849],[106.49479,17.70253],[106.49092,17.703],[106.48819,17.70704],[106.48717,17.71406],[106.47421,17.73695],[106.46237,17.76241],[106.44869,17.80676],[106.44541,17.82368],[106.44429,17.83922],[106.44523,17.85314],[106.44966,17.86718],[106.4613,17.88359],[106.46387,17.89042],[106.46786,17.89427],[106.469,17.90215],[106.4722,17.9072],[106.48044,17.91532],[106.4839,17.92237],[106.49407,17.92315],[106.49681,17.92163],[106.50149,17.92385],[106.50493,17.93161],[106.51564,17.94148],[106.51442,17.94274],[106.50975,17.94253],[106.50459,17.95324],[106.50498,17.95812],[106.51062,17.95999],[106.50454,17.96137],[106.49435,17.96056],[106.47934,17.95332],[106.46927,17.95622],[106.45888,17.95432],[106.45035,17.94951],[106.44438,17.95195],[106.44407,17.96897],[106.43907,17.96985],[106.4357,17.97268],[106.42314,17.96965],[106.41762,17.97424],[106.41017,17.97282],[106.39965,17.98155],[106.38884,17.98241],[106.38129,17.98607],[106.37656,17.98542],[106.36623,17.98773],[106.36122,17.99078],[106.35088,17.98929],[106.34009,17.99176],[106.33847,17.9874],[106.32982,17.97976],[106.32484,17.96306],[106.30585,17.96291],[106.30309,17.95745],[106.29782,17.95387],[106.29614,17.94522],[106.2873,17.94201],[106.2843,17.93483],[106.28597,17.92942],[106.29124,17.92146],[106.28366,17.91083],[106.28421,17.90839],[106.28107,17.9156],[106.27868,17.91607],[106.27544,17.91945],[106.27084,17.91977],[106.26357,17.91419],[106.25982,17.91571],[106.25766,17.91881],[106.2523,17.92086],[106.24859,17.92512],[106.24427,17.92682],[106.24071,17.93033],[106.23688,17.92731],[106.2238,17.93005],[106.22035,17.92765],[106.20918,17.92596],[106.1998,17.91648],[106.19556,17.9181],[106.19361,17.92204],[106.19095,17.92325],[106.18702,17.92087],[106.18198,17.92083],[106.17149,17.91446],[106.16274,17.91728],[106.15581,17.91684],[106.15065,17.91924],[106.13928,17.91888],[106.13804,17.92119],[106.13081,17.92083],[106.11871,17.92775],[106.10619,17.92773],[106.09246,17.93248],[106.07698,17.93326],[106.06943,17.9372],[106.05935,17.93948],[106.05466,17.94395],[106.0455,17.94644],[106.04914,17.9576],[106.04792,17.96519],[106.05103,17.96831],[106.05308,17.96853],[106.0545,17.97212],[106.0585,17.97456],[106.06195,17.98496],[106.07117,17.9944],[106.06933,17.99836],[106.06693,17.99908],[106.06644,18.00305],[106.05869,18.008],[106.06035,18.01374],[106.05053,18.02],[106.04618,18.02878],[106.04347,18.02476],[106.03675,18.02583],[106.03435,18.0218],[106.03268,18.02137],[106.01998,18.0256],[106.01641,18.02975],[106.01606,18.03431],[105.99576,18.05158],[105.99307,18.05678],[105.986,18.0642],[105.97575,18.06267],[105.96742,18.0556],[105.96194,18.05934],[105.95107,18.0582],[105.94971,18.05984],[105.95014,18.06606],[105.94574,18.07375],[105.94044,18.07804],[105.93605,18.0832],[105.93423,18.08784],[105.93183,18.08898],[105.91889,18.08073],[105.91209,18.08703],[105.89539,18.08995],[105.89116,18.08567],[105.8849,18.08219],[105.87599,18.0727],[105.87447,18.06896],[105.87081,18.06638],[105.85138,18.06757],[105.84834,18.06415],[105.83914,18.06613],[105.83388,18.06231],[105.8285,18.06382],[105.82199,18.05946],[105.81973,18.06085],[105.81299,18.05281],[105.83362,18.04511],[105.83505,18.042],[105.83353,18.03739],[105.82858,18.03188],[105.8207,18.03402],[105.81683,18.03801],[105.80781,18.03178],[105.8106,18.02742],[105.80999,18.02609],[105.80131,18.02581],[105.79721,18.02368],[105.78852,18.02532],[105.77741,18.01705],[105.76976,18.02361],[105.75804,18.02576],[105.75351,18.02897],[105.75004,18.03394],[105.73855,18.03683],[105.73089,18.03424],[105.7284,18.02904],[105.72489,18.02688],[105.72409,18.0242],[105.7206,18.02136],[105.72043,18.00987],[105.72208,18.00797],[105.71974,18.00532],[105.71512,18.00433],[105.71255,18.00206],[105.7127,17.99827],[105.70636,17.99282],[105.65507,17.99363],[105.64347,17.99253]]],[[[106.46762,17.87284],[106.4703,17.87178],[106.47508,17.88024],[106.47307,17.88354],[106.47307,17.88707],[106.47036,17.88289],[106.47191,17.88151],[106.46956,17.88064],[106.46555,17.8753],[106.46762,17.87284]]],[[[106.49805,17.90929],[106.49673,17.90951],[106.49732,17.91186],[106.49566,17.91459],[106.4939,17.91466],[106.49266,17.91226],[106.49586,17.90908],[106.49526,17.907],[106.49805,17.90929]]],[[[106.53491,17.93644],[106.53148,17.93587],[106.53019,17.93767],[106.5268,17.93815],[106.52547,17.93712],[106.52758,17.93628],[106.52693,17.93265],[106.5291,17.93137],[106.53379,17.93172],[106.53491,17.93644]]],[[[106.52325,17.93981],[106.52377,17.94387],[106.51838,17.94244],[106.52325,17.93981]]]]}},{"type":"Feature","properties":{"name":"Quang Tri","code":"VN_SRC_QUANGTRI"},"geometry":{"type":"MultiPolygon","coordinates":[[[[106.54931,16.99854],[106.54752,16.92577],[106.54315,16.92656],[106.53624,16.92418],[106.53109,16.92617],[106.52835,16.92478],[106.52652,16.9257],[106.52556,16.92424],[106.52421,16.92557],[106.52504,16.9212],[106.51954,16.92194],[106.51617,16.91017],[106.51691,16.90638],[106.52043,16.90194],[106.51861,16.9018],[106.5143,16.89589],[106.51922,16.88976],[106.53093,16.88635],[106.53867,16.8712],[106.55133,16.86516],[106.5513,16.69434],[106.55433,16.69076],[106.56011,16.66875],[106.566,16.66705],[106.56451,16.66262],[106.56671,16.65815],[106.56665,16.65142],[106.56455,16.64475],[106.56605,16.63963],[106.57448,16.63556],[106.57818,16.6312],[106.5903,16.62344],[106.59057,16.61663],[106.58431,16.61363],[106.58204,16.60952],[106.58305,16.60488],[106.58574,16.60121],[106.58911,16.60121],[106.59772,16.60613],[106.61005,16.60711],[106.62616,16.60168],[106.62409,16.59395],[106.62539,16.58649],[106.62831,16.58213],[106.63135,16.58315],[106.63069,16.58818],[106.63223,16.59114],[106.64645,16.59402],[106.64884,16.5933],[106.65606,16.58165],[106.66733,16.58413],[106.66228,16.5767],[106.66221,16.57351],[106.67218,16.56248],[106.67245,16.56025],[106.65998,16.55421],[106.65442,16.54671],[106.64832,16.54141],[106.64744,16.53884],[106.64744,16.52168],[106.65292,16.51857],[106.6524,16.51229],[106.65421,16.50986],[106.6652,16.50347],[106.66347,16.50044],[106.66344,16.49634],[106.65963,16.49262],[106.66388,16.48638],[106.66144,16.48197],[106.66085,16.47293],[106.66317,16.47261],[106.66934,16.47633],[106.67398,16.47542],[106.67349,16.46141],[106.67599,16.45208],[106.67838,16.45186],[106.6835,16.45785],[106.69287,16.44948],[106.68669,16.44342],[106.68811,16.43886],[106.6959,16.43969],[106.70177,16.43572],[106.71544,16.43295],[106.72612,16.42484],[106.72908,16.42652],[106.73,16.42899],[106.72401,16.43342],[106.72425,16.43509],[106.73247,16.43964],[106.7353,16.43872],[106.73616,16.43642],[106.7341,16.42423],[106.73777,16.41845],[106.73803,16.41227],[106.73987,16.41066],[106.74595,16.41681],[106.74584,16.42368],[106.76295,16.42493],[106.77202,16.43196],[106.77225,16.43709],[106.77528,16.44385],[106.77321,16.44722],[106.77289,16.45343],[106.77542,16.45905],[106.77398,16.46322],[106.77047,16.46643],[106.77108,16.46782],[106.77361,16.46961],[106.77917,16.46966],[106.78618,16.4729],[106.79668,16.47533],[106.80218,16.46355],[106.8061,16.47728],[106.82021,16.49899],[106.8191,16.50349],[106.82281,16.5087],[106.82342,16.51289],[106.82591,16.51483],[106.82855,16.52192],[106.82413,16.5294],[106.83062,16.54115],[106.83077,16.54875],[106.84094,16.54872],[106.85083,16.54359],[106.86278,16.541],[106.86485,16.53597],[106.87424,16.53281],[106.8767,16.53099],[106.87878,16.52507],[106.88657,16.52181],[106.89043,16.51149],[106.88716,16.50927],[106.88825,16.50128],[106.88662,16.49094],[106.87859,16.48417],[106.87915,16.47813],[106.87661,16.47542],[106.87737,16.46932],[106.88357,16.46744],[106.88684,16.46186],[106.88643,16.45535],[106.88819,16.45116],[106.88751,16.44931],[106.87956,16.44487],[106.87514,16.43778],[106.87156,16.43579],[106.87144,16.43187],[106.8734,16.42641],[106.88674,16.42145],[106.89154,16.42659],[106.89866,16.42569],[106.8979,16.4221],[106.8944,16.41821],[106.89473,16.41249],[106.89172,16.40953],[106.89575,16.40217],[106.89815,16.39026],[106.90846,16.3821],[106.91466,16.37994],[106.91779,16.37444],[106.92454,16.36837],[106.94174,16.3634],[106.96488,16.35392],[106.96744,16.34707],[106.96562,16.33731],[106.96782,16.33566],[106.96481,16.31982],[106.9594,16.30987],[106.96065,16.30382],[106.96535,16.30158],[106.97063,16.30179],[106.98241,16.30447],[106.99038,16.30887],[106.99536,16.30781],[107.00444,16.31326],[107.00779,16.31282],[107.01546,16.30837],[107.01574,16.30351],[107.02009,16.30282],[107.02525,16.30981],[107.02778,16.31043],[107.02683,16.31429],[107.02237,16.3202],[107.02319,16.32268],[107.02196,16.32754],[107.0243,16.33422],[107.02236,16.34475],[107.02319,16.34878],[107.02112,16.35042],[107.02372,16.35511],[107.02073,16.35568],[107.02086,16.35793],[107.01829,16.35799],[107.01621,16.36107],[107.03021,16.3702],[107.03598,16.37135],[107.03952,16.36966],[107.04554,16.38036],[107.04914,16.38229],[107.05402,16.38151],[107.06005,16.38761],[107.05803,16.40567],[107.05881,16.41304],[107.04985,16.42538],[107.05112,16.4344],[107.05746,16.44061],[107.05985,16.44833],[107.08855,16.44887],[107.09789,16.44526],[107.10635,16.43999],[107.10853,16.44149],[107.12359,16.44209],[107.12743,16.44439],[107.13589,16.4553],[107.13205,16.46809],[107.12935,16.4719],[107.12905,16.47581],[107.1237,16.48308],[107.1047,16.49511],[107.09951,16.49001],[107.09547,16.49924],[107.09557,16.50465],[107.08353,16.50215],[107.08031,16.50777],[107.07616,16.50847],[107.0746,16.51059],[107.07153,16.50904],[107.06814,16.51029],[107.0549,16.52109],[107.06201,16.53336],[107.06023,16.54665],[107.07439,16.54236],[107.07676,16.54617],[107.08724,16.54582],[107.09243,16.5506],[107.09721,16.55038],[107.10159,16.55257],[107.10998,16.55084],[107.11545,16.55258],[107.12171,16.55194],[107.12445,16.55811],[107.12331,16.56054],[107.12666,16.5646],[107.13668,16.56838],[107.1407,16.57183],[107.14411,16.57162],[107.15387,16.57475],[107.15702,16.57336],[107.17028,16.57831],[107.17494,16.57829],[107.17851,16.5766],[107.18249,16.57989],[107.1894,16.57883],[107.20104,16.58316],[107.2063,16.57905],[107.21095,16.57815],[107.21246,16.57928],[107.21747,16.57742],[107.22323,16.58004],[107.23118,16.57979],[107.23469,16.58325],[107.23903,16.58235],[107.24608,16.5869],[107.2476,16.58612],[107.24827,16.58134],[107.25183,16.5768],[107.26001,16.57134],[107.26635,16.57038],[107.2711,16.56588],[107.27651,16.57213],[107.28048,16.57187],[107.28987,16.57722],[107.3151,16.59462],[107.32582,16.60373],[107.32489,16.60469],[107.32842,16.60804],[107.32319,16.61394],[107.32243,16.61793],[107.3197,16.62104],[107.31037,16.62497],[107.31595,16.6393],[107.31241,16.63566],[107.31038,16.63537],[107.30788,16.63692],[107.3065,16.64054],[107.31745,16.65195],[107.32195,16.6533],[107.32501,16.64846],[107.32564,16.64276],[107.32752,16.64173],[107.32874,16.64283],[107.3303,16.64503],[107.3287,16.64993],[107.3244,16.65652],[107.32126,16.65678],[107.31912,16.65878],[107.31825,16.66194],[107.32328,16.66516],[107.33024,16.66634],[107.3277,16.66887],[107.32451,16.66862],[107.32391,16.66995],[107.33074,16.67275],[107.33339,16.67545],[107.33665,16.68385],[107.34129,16.68691],[107.34344,16.69064],[107.3474,16.69224],[107.34943,16.69673],[107.35204,16.69844],[107.35827,16.69888],[107.35738,16.70366],[107.35324,16.70554],[107.35117,16.70831],[107.35444,16.71054],[107.3564,16.71027],[107.37018,16.73423],[107.38634,16.74072],[107.38773,16.74246],[107.38929,16.74169],[107.34854,16.77051],[107.29627,16.81224],[107.23862,16.8627],[107.21757,16.8823],[107.20118,16.90204],[107.19415,16.90371],[107.19048,16.91082],[107.17541,16.92456],[107.14894,16.95569],[107.12894,16.98284],[107.11238,17.01275],[107.11048,17.02294],[107.1112,17.02528],[107.11349,17.02602],[107.11099,17.02932],[107.10952,17.03753],[107.11112,17.04182],[107.11573,17.04416],[107.11366,17.05097],[107.1149,17.05803],[107.1133,17.06182],[107.11439,17.06326],[107.11202,17.07021],[107.11286,17.07352],[107.11688,17.07577],[107.11449,17.08156],[107.1168,17.085],[107.11175,17.08632],[107.09559,17.10036],[107.09357,17.09974],[107.07291,17.10947],[107.04505,17.12673],[106.9942,17.16223],[106.97702,17.14465],[106.96763,17.13744],[106.9617,17.13013],[106.95543,17.12518],[106.9535,17.12011],[106.94732,17.11542],[106.94018,17.11325],[106.93634,17.11006],[106.93144,17.10961],[106.92708,17.10646],[106.92534,17.10731],[106.91329,17.10201],[106.90438,17.09483],[106.89184,17.08752],[106.88983,17.08307],[106.88405,17.08182],[106.88106,17.07867],[106.87544,17.07762],[106.86552,17.07884],[106.8588,17.07492],[106.85735,17.07072],[106.86036,17.06745],[106.86168,17.06048],[106.86479,17.0547],[106.86446,17.05139],[106.86156,17.04666],[106.85439,17.04224],[106.8524,17.03909],[106.84309,17.03504],[106.83462,17.03398],[106.82211,17.03838],[106.81969,17.04079],[106.81568,17.03946],[106.8146,17.03519],[106.81035,17.03403],[106.81092,17.02794],[106.80663,17.02227],[106.80349,17.02059],[106.80329,17.01802],[106.80511,17.01637],[106.80921,17.00213],[106.80479,16.99273],[106.79691,16.98972],[106.79227,16.98608],[106.78457,16.98662],[106.78113,16.98197],[106.78123,16.97842],[106.77936,16.97714],[106.78164,16.96936],[106.77739,16.96394],[106.7773,16.95713],[106.7746,16.95382],[106.77838,16.93034],[106.77252,16.92479],[106.75828,16.92867],[106.75585,16.92511],[106.74926,16.92508],[106.74376,16.92143],[106.7405,16.92452],[106.73244,16.92838],[106.72337,16.9302],[106.72137,16.93285],[106.72194,16.93543],[106.71597,16.9416],[106.71062,16.94286],[106.70201,16.94092],[106.7011,16.94378],[106.69601,16.94834],[106.69392,16.9548],[106.68671,16.95618],[106.68065,16.95201],[106.66751,16.94748],[106.66048,16.93657],[106.65013,16.93624],[106.64433,16.9393],[106.63003,16.94133],[106.62485,16.93842],[106.60719,16.93924],[106.59981,16.94662],[106.59987,16.95629],[106.59337,16.95881],[106.5921,16.96531],[106.58994,16.96935],[106.58666,16.97142],[106.58699,16.97729],[106.59385,16.98153],[106.59266,16.98719],[106.58462,16.98986],[106.56254,16.98735],[106.55995,16.99259],[106.55262,16.9939],[106.54931,16.99854]]],[[[107.33987,17.16651],[107.33398,17.16553],[107.33174,17.1626],[107.33144,17.15856],[107.33655,17.15157],[107.34297,17.15044],[107.34369,17.15314],[107.34805,17.15686],[107.3432,17.16514],[107.33987,17.16651]]]]}},{"type":"Feature","properties":{"name":"Thua Thien Hue","code":"VN_SRC_THUATHIENHUE"},"geometry":{"type":"MultiPolygon","coordinates":[[[[107.02778,16.31043],[107.03907,16.30303],[107.0454,16.29433],[107.05127,16.30439],[107.07153,16.30377],[107.07786,16.31053],[107.08569,16.3122],[107.1448,16.27083],[107.1483,16.26422],[107.15127,16.26298],[107.15296,16.25898],[107.15626,16.2564],[107.15315,16.2527],[107.1542,16.24737],[107.15258,16.24182],[107.14842,16.2376],[107.14904,16.23569],[107.1539,16.23349],[107.15447,16.23097],[107.14613,16.22105],[107.14382,16.2138],[107.14747,16.20929],[107.14645,16.20221],[107.14927,16.19873],[107.14838,16.19041],[107.15437,16.18373],[107.15711,16.17623],[107.15672,16.17142],[107.15938,16.16792],[107.16611,16.16602],[107.16967,16.16649],[107.17552,16.15758],[107.18237,16.1523],[107.18627,16.15202],[107.19363,16.14421],[107.19504,16.14545],[107.19749,16.14388],[107.20701,16.14545],[107.21368,16.14117],[107.21928,16.14148],[107.22406,16.13737],[107.2246,16.14135],[107.24205,16.14759],[107.24562,16.14623],[107.24871,16.1399],[107.254,16.13555],[107.26221,16.13691],[107.26665,16.11893],[107.27081,16.11605],[107.27757,16.1158],[107.28371,16.11864],[107.28562,16.11414],[107.28945,16.11164],[107.29411,16.10037],[107.30163,16.09332],[107.30728,16.08113],[107.31324,16.07841],[107.31415,16.07407],[107.3188,16.06998],[107.32467,16.0701],[107.32736,16.06788],[107.32882,16.06611],[107.32917,16.06059],[107.33368,16.0567],[107.33313,16.05489],[107.33837,16.05551],[107.34288,16.05821],[107.34609,16.06235],[107.35064,16.06168],[107.35766,16.06337],[107.36544,16.06125],[107.36943,16.06386],[107.37328,16.07093],[107.3773,16.07411],[107.38815,16.06255],[107.39206,16.06388],[107.39862,16.06244],[107.4003,16.06424],[107.40019,16.06909],[107.40253,16.07139],[107.40303,16.07807],[107.41122,16.0844],[107.41732,16.08156],[107.41984,16.07852],[107.42324,16.0793],[107.42679,16.07794],[107.4317,16.07984],[107.43453,16.08342],[107.43973,16.08209],[107.44278,16.08289],[107.44529,16.08673],[107.44573,16.09112],[107.44858,16.09135],[107.45023,16.08866],[107.45261,16.08806],[107.45211,16.08548],[107.45653,16.08221],[107.46062,16.07268],[107.44876,16.06176],[107.44872,16.05797],[107.44547,16.05378],[107.44631,16.03926],[107.45318,16.03694],[107.45655,16.03352],[107.45839,16.02857],[107.46309,16.02834],[107.46668,16.02503],[107.47546,16.03461],[107.47851,16.03633],[107.48129,16.0348],[107.48425,16.03601],[107.48688,16.0405],[107.49025,16.04098],[107.49585,16.03887],[107.49848,16.03409],[107.50313,16.0317],[107.50574,16.02232],[107.51146,16.01636],[107.51844,16.01452],[107.52171,16.01667],[107.52773,16.01597],[107.53821,16.01219],[107.54763,16.01083],[107.54987,16.01233],[107.55041,16.01474],[107.55509,16.0154],[107.55966,16.02156],[107.55848,16.02504],[107.56016,16.03025],[107.55314,16.0402],[107.55222,16.04263],[107.5532,16.04436],[107.55729,16.04555],[107.56333,16.0513],[107.57138,16.05499],[107.5778,16.05442],[107.59049,16.05693],[107.59489,16.05605],[107.61898,16.06356],[107.62407,16.05599],[107.62525,16.04938],[107.6193,16.03849],[107.62013,16.03262],[107.63335,16.03047],[107.64776,16.02319],[107.65088,16.01933],[107.66362,16.01816],[107.67163,16.01163],[107.67223,16.00705],[107.6759,16.00405],[107.67757,15.99882],[107.69659,15.9944],[107.70776,15.99607],[107.72409,16.00845],[107.72727,16.01352],[107.72678,16.01659],[107.72807,16.01866],[107.72773,16.02379],[107.72585,16.02644],[107.72672,16.02995],[107.73893,16.03889],[107.75012,16.04328],[107.75754,16.04342],[107.76049,16.04566],[107.76179,16.04979],[107.76915,16.05181],[107.77121,16.05627],[107.77524,16.0594],[107.77382,16.06708],[107.7815,16.06234],[107.78445,16.06602],[107.79058,16.06559],[107.79378,16.06308],[107.79988,16.06158],[107.8094,16.05323],[107.81456,16.05306],[107.81882,16.05733],[107.82009,16.06521],[107.8251,16.07099],[107.82177,16.078],[107.82267,16.08327],[107.82549,16.08487],[107.82705,16.08998],[107.83163,16.09286],[107.83267,16.09655],[107.83714,16.10119],[107.84417,16.10447],[107.85608,16.1142],[107.85458,16.12377],[107.85992,16.13551],[107.85706,16.13803],[107.85996,16.14703],[107.85942,16.15324],[107.86554,16.15731],[107.87356,16.15785],[107.87509,16.16102],[107.87639,16.16973],[107.8724,16.17794],[107.86726,16.18295],[107.86762,16.18423],[107.87744,16.18918],[107.87469,16.1952],[107.87572,16.19682],[107.88346,16.19993],[107.88694,16.1995],[107.88991,16.20351],[107.89002,16.20632],[107.89537,16.20508],[107.90367,16.21043],[107.906,16.21444],[107.91113,16.21553],[107.91419,16.21415],[107.91796,16.20816],[107.9296,16.19768],[107.93431,16.1954],[107.94366,16.19472],[107.95073,16.19028],[107.95601,16.18911],[107.96966,16.19409],[107.97204,16.19882],[107.97892,16.20238],[107.97989,16.20691],[107.9886,16.21405],[107.99368,16.20967],[108.00354,16.20499],[108.0057,16.20517],[108.01503,16.19384],[108.0281,16.19322],[108.03313,16.19062],[108.03662,16.19138],[108.05887,16.17913],[108.0612,16.17997],[108.06422,16.18411],[108.07084,16.18223],[108.07534,16.18348],[108.08579,16.18265],[108.09263,16.18019],[108.09514,16.1838],[108.10073,16.18666],[108.10517,16.18621],[108.11068,16.18237],[108.12024,16.18137],[108.12682,16.18382],[108.14065,16.19468],[108.14367,16.19894],[108.1492,16.20018],[108.15704,16.20571],[108.17264,16.20326],[108.17623,16.20572],[108.19458,16.21009],[108.18246,16.2155],[108.18183,16.21272],[108.17504,16.21213],[108.17115,16.20878],[108.16878,16.20892],[108.16143,16.21277],[108.15943,16.21558],[108.15526,16.21542],[108.14854,16.22104],[108.14503,16.21947],[108.14304,16.21404],[108.14081,16.21323],[108.13805,16.21489],[108.13595,16.21447],[108.13373,16.21741],[108.12644,16.21522],[108.12441,16.2165],[108.12243,16.21377],[108.11891,16.21227],[108.10971,16.21921],[108.10648,16.21811],[108.10226,16.22283],[108.096,16.22528],[108.09312,16.22861],[108.09254,16.22698],[108.09072,16.22681],[108.03866,16.30725],[108.03744,16.31222],[108.04156,16.31417],[108.04226,16.31604],[108.04049,16.31641],[108.03725,16.32729],[108.03406,16.33052],[108.03431,16.33581],[108.02898,16.3357],[108.02336,16.34349],[108.01884,16.34304],[108.01619,16.33807],[108.01822,16.33189],[108.02027,16.33159],[108.02555,16.32645],[108.01976,16.31923],[108.01053,16.31411],[108.00079,16.31315],[107.9763,16.31741],[107.97527,16.31963],[107.96647,16.32513],[107.95552,16.3376],[107.95518,16.34433],[107.95175,16.34326],[107.94588,16.34715],[107.94468,16.34368],[107.93957,16.34415],[107.92391,16.35454],[107.91941,16.35528],[107.90513,16.36757],[107.90114,16.36678],[107.89047,16.37422],[107.78734,16.46469],[107.71432,16.52183],[107.68856,16.53986],[107.65067,16.56166],[107.62907,16.57097],[107.62205,16.56707],[107.61773,16.57054],[107.61456,16.57784],[107.61144,16.58081],[107.59668,16.58724],[107.58328,16.59523],[107.53669,16.6276],[107.50064,16.65425],[107.38929,16.74169],[107.38773,16.74246],[107.38634,16.74072],[107.37018,16.73423],[107.3564,16.71027],[107.35444,16.71054],[107.35117,16.70831],[107.35324,16.70554],[107.35738,16.70366],[107.35827,16.69888],[107.35204,16.69844],[107.34943,16.69673],[107.3474,16.69224],[107.34344,16.69064],[107.34129,16.68691],[107.33665,16.68385],[107.33339,16.67545],[107.33074,16.67275],[107.32391,16.66995],[107.32451,16.66862],[107.3277,16.66887],[107.33024,16.66634],[107.32328,16.66516],[107.31825,16.66194],[107.31912,16.65878],[107.32126,16.65678],[107.3244,16.65652],[107.3287,16.64993],[107.3303,16.64503],[107.32874,16.64283],[107.32752,16.64173],[107.32564,16.64276],[107.32501,16.64846],[107.32195,16.6533],[107.31745,16.65195],[107.3065,16.64054],[107.30788,16.63692],[107.31038,16.63537],[107.31241,16.63566],[107.31595,16.6393],[107.31037,16.62497],[107.3197,16.62104],[107.32243,16.61793],[107.32319,16.61394],[107.32842,16.60804],[107.32489,16.60469],[107.32582,16.60373],[107.3151,16.59462],[107.28987,16.57722],[107.28048,16.57187],[107.27651,16.57213],[107.2711,16.56588],[107.26635,16.57038],[107.26001,16.57134],[107.25183,16.5768],[107.24827,16.58134],[107.2476,16.58612],[107.24608,16.5869],[107.23903,16.58235],[107.23469,16.58325],[107.23118,16.57979],[107.22323,16.58004],[107.21747,16.57742],[107.21246,16.57928],[107.21095,16.57815],[107.2063,16.57905],[107.20104,16.58316],[107.1894,16.57883],[107.18249,16.57989],[107.17851,16.5766],[107.17494,16.57829],[107.17028,16.57831],[107.15702,16.57336],[107.15387,16.57475],[107.14411,16.57162],[107.1407,16.57183],[107.13668,16.56838],[107.12666,16.5646],[107.12331,16.56054],[107.12445,16.55811],[107.12171,16.55194],[107.11545,16.55258],[107.10998,16.55084],[107.10159,16.55257],[107.09721,16.55038],[107.09243,16.5506],[107.08724,16.54582],[107.07676,16.54617],[107.07439,16.54236],[107.06023,16.54665],[107.06201,16.53336],[107.0549,16.52109],[107.06814,16.51029],[107.07153,16.50904],[107.0746,16.51059],[107.07616,16.50847],[107.08031,16.50777],[107.08353,16.50215],[107.09557,16.50465],[107.09547,16.49924],[107.09951,16.49001],[107.1047,16.49511],[107.1237,16.48308],[107.12905,16.47581],[107.12935,16.4719],[107.13205,16.46809],[107.13589,16.4553],[107.12743,16.44439],[107.12359,16.44209],[107.10853,16.44149],[107.10635,16.43999],[107.09789,16.44526],[107.08855,16.44887],[107.05985,16.44833],[107.05746,16.44061],[107.05112,16.4344],[107.04985,16.42538],[107.05881,16.41304],[107.05803,16.40567],[107.06005,16.38761],[107.05402,16.38151],[107.04914,16.38229],[107.04554,16.38036],[107.03952,16.36966],[107.03598,16.37135],[107.03021,16.3702],[107.01621,16.36107],[107.01829,16.35799],[107.02086,16.35793],[107.02073,16.35568],[107.02372,16.35511],[107.02112,16.35042],[107.02319,16.34878],[107.02236,16.34475],[107.0243,16.33422],[107.02196,16.32754],[107.02319,16.32268],[107.02237,16.3202],[107.02683,16.31429],[107.02778,16.31043]]],[[[108.20501,16.22567],[108.20253,16.22477],[108.19995,16.22074],[108.19826,16.21416],[108.20013,16.21185],[108.20308,16.21213],[108.2067,16.2099],[108.20833,16.21112],[108.21065,16.22008],[108.20955,16.22247],[108.20501,16.22567]]]]}},{"type":"Feature","properties":{"name":"Da Nang city","code":"VN_SRC_DANANG"},"geometry":{"type":"MultiPolygon","coordinates":[[[[111.17682,15.78335],[111.16993,15.78473],[111.1658,15.78335],[111.1658,15.77785],[111.16856,15.77027],[111.17887,15.76833],[111.18784,15.76958],[111.19197,15.7682],[111.19576,15.76993],[111.19679,15.77302],[111.20058,15.77647],[111.20126,15.78129],[111.19644,15.78404],[111.19059,15.78473],[111.18302,15.78267],[111.17682,15.78335]]],[[[111.20367,15.79231],[111.20471,15.79644],[111.19851,15.80367],[111.19231,15.80367],[111.18818,15.80195],[111.18577,15.79919],[111.18601,15.79424],[111.18921,15.79196],[111.20367,15.79231]]],[[[107.81882,16.05733],[107.83211,16.05454],[107.83456,16.05744],[107.84018,16.06034],[107.84984,16.05897],[107.85211,16.06131],[107.85652,16.06069],[107.86271,16.06205],[107.87439,16.05254],[107.88124,16.05142],[107.88643,16.04724],[107.88788,16.0486],[107.89248,16.04778],[107.89373,16.04068],[107.89696,16.03961],[107.90225,16.03391],[107.91682,16.04569],[107.91997,16.04633],[107.93933,16.05761],[107.95788,16.06466],[107.96108,16.06444],[107.96174,16.06059],[107.95852,16.04825],[107.95826,16.03661],[107.95996,16.03587],[107.96162,16.03202],[107.96875,16.02804],[107.9697,16.02007],[107.97981,16.01299],[107.98369,16.01185],[107.9816,16.00612],[107.98071,15.98829],[107.97477,15.98391],[107.97102,15.97868],[107.95658,15.96808],[107.95525,15.96629],[107.95585,15.95835],[107.95113,15.9546],[107.94931,15.94901],[107.96353,15.93429],[107.98611,15.91881],[107.99052,15.91979],[107.993,15.91795],[107.99618,15.92128],[108.00549,15.92141],[108.02005,15.93012],[108.02586,15.92933],[108.04098,15.93495],[108.04485,15.93256],[108.05701,15.93265],[108.06046,15.93384],[108.06165,15.92996],[108.06885,15.92641],[108.07382,15.92709],[108.08092,15.92538],[108.087,15.92853],[108.08785,15.9341],[108.0924,15.93609],[108.097,15.94067],[108.10258,15.94245],[108.10958,15.94805],[108.12966,15.93395],[108.13808,15.93048],[108.14695,15.93346],[108.14908,15.93795],[108.15072,15.94893],[108.15389,15.9531],[108.16142,15.9501],[108.16537,15.95145],[108.16518,15.94878],[108.16643,15.94845],[108.16883,15.94182],[108.17188,15.93985],[108.17892,15.93977],[108.18185,15.9462],[108.18029,15.94949],[108.18047,15.95388],[108.18479,15.95933],[108.1843,15.96528],[108.18645,15.9653],[108.18684,15.96277],[108.19077,15.96142],[108.19148,15.96314],[108.19544,15.96308],[108.19592,15.9648],[108.1977,15.96332],[108.20267,15.96376],[108.206,15.96219],[108.20243,15.95526],[108.21068,15.94279],[108.21628,15.94613],[108.21655,15.94816],[108.22262,15.94703],[108.22192,15.95033],[108.22468,15.9566],[108.2299,15.95728],[108.23047,15.96128],[108.23977,15.96871],[108.24073,15.97233],[108.25369,15.97535],[108.25388,15.97668],[108.25544,15.97678],[108.26148,15.9658],[108.26866,15.96713],[108.26836,15.96387],[108.27046,15.96174],[108.27016,15.96004],[108.27311,15.95974],[108.27395,15.96362],[108.2828,15.96403],[108.28924,15.96724],[108.2705,16.00222],[108.2499,16.04886],[108.24654,16.06556],[108.24902,16.08588],[108.25366,16.09699],[108.2606,16.10196],[108.26372,16.10128],[108.26754,16.09495],[108.27324,16.09877],[108.27968,16.09703],[108.2862,16.10373],[108.29528,16.10564],[108.29972,16.10406],[108.30053,16.09933],[108.30311,16.0967],[108.30684,16.09597],[108.30994,16.09818],[108.3092,16.10601],[108.31131,16.11219],[108.31613,16.11276],[108.3207,16.11666],[108.32635,16.11543],[108.33207,16.11844],[108.33833,16.11769],[108.33804,16.12105],[108.3311,16.1278],[108.32406,16.14067],[108.31741,16.14453],[108.3124,16.14114],[108.31271,16.13564],[108.30985,16.1318],[108.31033,16.12513],[108.30509,16.12314],[108.29993,16.12512],[108.29297,16.13401],[108.28694,16.13714],[108.28171,16.13739],[108.27507,16.13321],[108.27134,16.13476],[108.26869,16.13866],[108.26967,16.1399],[108.26765,16.14028],[108.26275,16.14519],[108.25895,16.15265],[108.24748,16.15525],[108.24234,16.15215],[108.24173,16.15041],[108.23969,16.14919],[108.23763,16.14993],[108.23463,16.14746],[108.23189,16.15001],[108.23049,16.14975],[108.23186,16.14292],[108.22965,16.1413],[108.2286,16.13571],[108.22728,16.13413],[108.22474,16.13482],[108.22151,16.13096],[108.22096,16.12397],[108.21881,16.12335],[108.21502,16.12488],[108.21263,16.12152],[108.21766,16.11597],[108.21885,16.1192],[108.22156,16.1209],[108.22549,16.11658],[108.23026,16.11706],[108.23179,16.11507],[108.23266,16.11593],[108.23895,16.11187],[108.24193,16.1127],[108.24062,16.11058],[108.24244,16.10396],[108.23679,16.09273],[108.23459,16.09465],[108.23596,16.09778],[108.23477,16.10186],[108.23964,16.10396],[108.23727,16.10698],[108.2363,16.10493],[108.23715,16.10599],[108.23881,16.10406],[108.22663,16.09907],[108.22579,16.1009],[108.22865,16.10145],[108.22739,16.10956],[108.22282,16.10799],[108.2238,16.10064],[108.22554,16.10089],[108.2263,16.09915],[108.21615,16.09354],[108.21192,16.08944],[108.20707,16.08886],[108.20727,16.08664],[108.20856,16.08738],[108.21182,16.08602],[108.2125,16.08434],[108.21053,16.08057],[108.2031,16.0745],[108.19463,16.07309],[108.18524,16.07437],[108.178,16.07624],[108.16326,16.08357],[108.14496,16.0971],[108.13315,16.11059],[108.13098,16.11513],[108.13188,16.11739],[108.13408,16.11768],[108.12979,16.1191],[108.12489,16.12491],[108.12319,16.1336],[108.12387,16.13756],[108.12688,16.14279],[108.13347,16.14044],[108.13628,16.14139],[108.13908,16.14465],[108.13665,16.15773],[108.14038,16.16394],[108.14566,16.16473],[108.14852,16.16085],[108.15336,16.16142],[108.15362,16.16484],[108.15152,16.16549],[108.15075,16.1677],[108.15395,16.17217],[108.15262,16.17547],[108.15276,16.18234],[108.15572,16.19023],[108.16193,16.19119],[108.16457,16.19399],[108.17331,16.19379],[108.17903,16.2004],[108.18414,16.19936],[108.18618,16.20114],[108.1943,16.19946],[108.19323,16.20402],[108.19458,16.21009],[108.17623,16.20572],[108.17264,16.20326],[108.15704,16.20571],[108.1492,16.20018],[108.14367,16.19894],[108.14065,16.19468],[108.12682,16.18382],[108.12024,16.18137],[108.11068,16.18237],[108.10517,16.18621],[108.10073,16.18666],[108.09514,16.1838],[108.09263,16.18019],[108.08579,16.18265],[108.07534,16.18348],[108.07084,16.18223],[108.06422,16.18411],[108.0612,16.17997],[108.05887,16.17913],[108.03662,16.19138],[108.03313,16.19062],[108.0281,16.19322],[108.01503,16.19384],[108.0057,16.20517],[108.00354,16.20499],[107.99368,16.20967],[107.9886,16.21405],[107.97989,16.20691],[107.97892,16.20238],[107.97204,16.19882],[107.96966,16.19409],[107.95601,16.18911],[107.95073,16.19028],[107.94366,16.19472],[107.93431,16.1954],[107.9296,16.19768],[107.91796,16.20816],[107.91419,16.21415],[107.91113,16.21553],[107.906,16.21444],[107.90367,16.21043],[107.89537,16.20508],[107.89002,16.20632],[107.88991,16.20351],[107.88694,16.1995],[107.88346,16.19993],[107.87572,16.19682],[107.87469,16.1952],[107.87744,16.18918],[107.86762,16.18423],[107.86726,16.18295],[107.8724,16.17794],[107.87639,16.16973],[107.87509,16.16102],[107.87356,16.15785],[107.86554,16.15731],[107.85942,16.15324],[107.85996,16.14703],[107.85706,16.13803],[107.85992,16.13551],[107.85458,16.12377],[107.85608,16.1142],[107.84417,16.10447],[107.83714,16.10119],[107.83267,16.09655],[107.83163,16.09286],[107.82705,16.08998],[107.82549,16.08487],[107.82267,16.08327],[107.82177,16.078],[107.8251,16.07099],[107.82009,16.06521],[107.81882,16.05733]]],[[[111.60914,16.19036],[111.58681,16.18143],[111.55733,16.18054],[111.54483,16.18947],[111.55287,16.20734],[111.61506,16.24777],[111.6136,16.25468],[111.61003,16.26182],[111.60199,16.2645],[111.5932,16.2645],[111.58864,16.26194],[111.58342,16.2562],[111.57507,16.25515],[111.56777,16.24054],[111.55629,16.23898],[111.54846,16.22489],[111.52446,16.20402],[111.5182,16.19671],[111.51768,16.19098],[111.51999,16.18495],[111.52133,16.17324],[111.53229,16.16697],[111.5615,16.16437],[111.57037,16.16593],[111.57298,16.16071],[111.59333,16.16332],[111.60168,16.16123],[111.60951,16.16645],[111.6502,16.18524],[111.66064,16.18367],[111.6716,16.18784],[111.69292,16.18334],[111.69846,16.19483],[111.69798,16.20197],[111.65916,16.20734],[111.63236,16.20019],[111.60914,16.19036]]],[[[111.52469,16.43069],[111.509,16.43651],[111.48424,16.44282],[111.48149,16.4425],[111.48327,16.43522],[111.48909,16.43263],[111.49686,16.43182],[111.4988,16.42745],[111.50657,16.42729],[111.5111,16.42972],[111.51401,16.42664],[111.51838,16.42486],[111.52178,16.42583],[111.52469,16.43069]]],[[[111.50026,16.45641],[111.49718,16.45593],[111.49346,16.46014],[111.48634,16.46046],[111.48311,16.45852],[111.48128,16.45504],[111.48278,16.45366],[111.50608,16.4493],[111.51272,16.44622],[111.5255,16.44493],[111.52695,16.44638],[111.52534,16.45253],[111.52032,16.4569],[111.5132,16.45431],[111.50916,16.45755],[111.50576,16.45819],[111.50026,16.45641]]],[[[111.56805,16.44752],[111.58229,16.44881],[111.59022,16.44185],[111.59604,16.43991],[111.59863,16.4404],[111.60041,16.44315],[111.57339,16.46289],[111.5619,16.46903],[111.5564,16.47567],[111.55122,16.47761],[111.5509,16.46661],[111.55236,16.46159],[111.55478,16.45803],[111.56012,16.45674],[111.56239,16.45059],[111.56805,16.44752]]],[[[111.57727,16.48424],[111.59329,16.46693],[111.5975,16.46014],[111.60057,16.46111],[111.60106,16.47049],[111.59912,16.47664],[111.59345,16.47842],[111.59038,16.48699],[111.58391,16.48991],[111.5776,16.4878],[111.57727,16.48424]]],[[[111.57711,16.49508],[111.57582,16.49686],[111.57129,16.49735],[111.56886,16.49476],[111.5721,16.4925],[111.5763,16.4933],[111.57711,16.49508]]],[[[111.52037,17.09208],[111.52056,17.09532],[111.51827,17.09646],[111.49429,17.08352],[111.50266,17.07952],[111.50971,17.08732],[111.51523,17.08542],[111.51751,17.08599],[111.51999,17.08828],[111.52037,17.09208]]],[[[111.44613,17.10312],[111.44251,17.09741],[111.43223,17.09361],[111.43014,17.09037],[111.42709,17.07286],[111.42862,17.06905],[111.4309,17.06753],[111.43794,17.06696],[111.47449,17.10046],[111.4762,17.10293],[111.47639,17.11017],[111.46764,17.11378],[111.46554,17.11321],[111.4625,17.1094],[111.45469,17.10902],[111.44613,17.10312]]],[[[111.50343,17.11968],[111.50095,17.11759],[111.49581,17.11873],[111.48553,17.11397],[111.48458,17.11207],[111.49486,17.11169],[111.51694,17.11454],[111.5177,17.11588],[111.51409,17.1214],[111.50666,17.12197],[111.50343,17.11968]]],[[[112.25148,15.70947],[112.25883,15.72416],[112.25791,15.7361],[112.25056,15.74161],[112.24138,15.74069],[112.22577,15.73518],[112.20649,15.71682],[112.20465,15.70213],[112.212,15.69478],[112.2221,15.6957],[112.23312,15.69754],[112.25148,15.70947]]],[[[111.79832,16.03752],[111.82884,16.0426],[111.83223,16.05956],[111.82714,16.07482],[111.77797,16.0799],[111.75254,16.07312],[111.74745,16.05447],[111.74576,16.03413],[111.76271,16.03243],[111.79832,16.03752]]],[[[111.77706,16.22341],[111.76367,16.21448],[111.74044,16.20287],[111.72168,16.19662],[111.7189,16.19725],[111.71722,16.19304],[111.72499,16.18371],[111.75247,16.18993],[111.75717,16.18732],[111.77647,16.19776],[111.78586,16.19776],[111.79004,16.2035],[111.79734,16.20976],[111.80517,16.22437],[111.80256,16.23219],[111.80308,16.24576],[111.79734,16.25254],[111.78639,16.25985],[111.78117,16.26141],[111.76604,16.27863],[111.75404,16.28176],[111.73317,16.28333],[111.69299,16.28124],[111.67942,16.28802],[111.66325,16.28802],[111.65199,16.28569],[111.65112,16.27522],[111.65598,16.26072],[111.68774,16.2645],[111.70829,16.25914],[111.74669,16.25378],[111.76813,16.24753],[111.77974,16.2377],[111.77706,16.22341]]],[[[112.32624,16.28823],[112.32336,16.29046],[112.31302,16.2881],[112.31381,16.28208],[112.318,16.27619],[112.32493,16.28025],[112.33763,16.28352],[112.34142,16.28718],[112.35687,16.2936],[112.35962,16.29504],[112.35975,16.29648],[112.357,16.2991],[112.3481,16.30198],[112.34522,16.30054],[112.34234,16.29334],[112.34077,16.29268],[112.33658,16.29622],[112.33226,16.2953],[112.32755,16.28823],[112.32624,16.28823]]],[[[111.95239,16.36071],[111.94545,16.35715],[111.93948,16.33559],[111.93961,16.32921],[111.94176,16.32638],[111.94708,16.32417],[111.95461,16.32594],[111.95837,16.33126],[111.96103,16.3317],[111.96635,16.3266],[111.97565,16.33037],[111.98096,16.32572],[111.9916,16.32993],[111.99448,16.32904],[111.99891,16.32483],[112.00311,16.32527],[112.00932,16.33347],[112.01175,16.33391],[112.01374,16.33281],[112.01574,16.3266],[112.01995,16.32527],[112.02371,16.32594],[112.03058,16.33015],[112.03656,16.32594],[112.04254,16.32616],[112.04763,16.32926],[112.06513,16.34565],[112.06535,16.34853],[112.06048,16.35274],[112.0545,16.35518],[112.05273,16.36204],[112.05051,16.36381],[112.04653,16.36492],[112.04232,16.36404],[112.03922,16.36581],[112.03567,16.37179],[112.02748,16.3709],[112.02438,16.36802],[112.01109,16.37533],[112.00799,16.37533],[112.00267,16.3709],[111.99625,16.37312],[111.99315,16.37577],[111.9885,16.376],[111.98229,16.37334],[111.97875,16.36847],[111.97321,16.3729],[111.97078,16.3729],[111.96701,16.37134],[111.95926,16.36226],[111.95239,16.36071]]],[[[111.75361,16.53937],[111.75315,16.54397],[111.7467,16.54904],[111.7361,16.54904],[111.72874,16.55226],[111.72321,16.55733],[111.7163,16.55779],[111.71123,16.55486],[111.71123,16.54766],[111.72044,16.52555],[111.72091,16.51818],[111.73196,16.49377],[111.73196,16.48594],[111.72966,16.47949],[111.7034,16.44725],[111.70525,16.43988],[111.71215,16.44034],[111.71906,16.44403],[111.72459,16.45416],[111.73058,16.45508],[111.7361,16.46061],[111.73795,16.46567],[111.74163,16.46936],[111.74532,16.47719],[111.74347,16.48226],[111.74716,16.48732],[111.75038,16.49745],[111.7513,16.51357],[111.75867,16.52785],[111.75499,16.53154],[111.75361,16.53937]]],[[[111.62236,16.56599],[111.62585,16.5635],[111.62935,16.5635],[111.63359,16.55576],[111.64108,16.55651],[111.64469,16.55897],[111.64832,16.57049],[111.64907,16.58747],[111.64383,16.58921],[111.63534,16.58672],[111.63035,16.57823],[111.62161,16.57249],[111.62236,16.56599]]],[[[111.69126,16.58647],[111.68777,16.58971],[111.68327,16.59146],[111.68053,16.59096],[111.67794,16.56042],[111.68627,16.56175],[111.68952,16.56375],[111.69176,16.57049],[111.68927,16.57748],[111.69176,16.58272],[111.69126,16.58647]]],[[[112.20733,16.73951],[112.20811,16.74145],[112.18516,16.7644],[112.18127,16.76051],[112.1801,16.75682],[112.18108,16.75001],[112.19274,16.74787],[112.19586,16.73951],[112.20733,16.73951]]],[[[112.25865,16.75584],[112.26239,16.76199],[112.26426,16.7692],[112.26159,16.77829],[112.22524,16.79593],[112.21482,16.7962],[112.20947,16.79406],[112.20386,16.78657],[112.2044,16.77562],[112.20894,16.77107],[112.22818,16.75825],[112.24181,16.75183],[112.25063,16.75237],[112.25865,16.75584]]],[[[112.27536,16.83294],[112.27267,16.82916],[112.27428,16.81865],[112.27752,16.8146],[112.28534,16.81379],[112.29175,16.82138],[112.30044,16.84184],[112.3061,16.84642],[112.31177,16.85478],[112.31015,16.86638],[112.2999,16.87285],[112.291,16.87015],[112.27132,16.84534],[112.27536,16.83294]]],[[[112.33697,16.86619],[112.33766,16.87099],[112.33606,16.8758],[112.3324,16.88128],[112.33057,16.88174],[112.32988,16.87351],[112.33103,16.86734],[112.32965,16.86276],[112.33103,16.85796],[112.33468,16.85385],[112.33514,16.84562],[112.33926,16.83945],[112.33834,16.8303],[112.34086,16.82619],[112.34497,16.82801],[112.34817,16.83213],[112.35069,16.83624],[112.35092,16.84013],[112.35,16.84287],[112.34589,16.84539],[112.34383,16.8495],[112.34291,16.85705],[112.33766,16.86299],[112.33697,16.86619]]],[[[112.19042,16.88633],[112.19959,16.87824],[112.20444,16.8769],[112.21415,16.87797],[112.2177,16.88288],[112.19338,16.9009],[112.18583,16.90359],[112.16884,16.91438],[112.16534,16.91303],[112.16183,16.90117],[112.16615,16.89685],[112.17451,16.89281],[112.17801,16.88364],[112.19042,16.88633]]],[[[112.30206,16.90386],[112.3053,16.90413],[112.30476,16.90683],[112.28534,16.92274],[112.27914,16.92732],[112.27779,16.92678],[112.27847,16.91574],[112.28237,16.91114],[112.28885,16.90926],[112.28965,16.90386],[112.30206,16.90386]]],[[[112.30071,16.93919],[112.30637,16.92597],[112.30637,16.91735],[112.31262,16.90992],[112.31635,16.91357],[112.31824,16.92166],[112.31608,16.92382],[112.31581,16.92732],[112.31716,16.94054],[112.31231,16.94242],[112.30772,16.94216],[112.30071,16.93919]]],[[[112.20821,16.92786],[112.21792,16.92732],[112.21981,16.92975],[112.21954,16.93245],[112.18745,16.94054],[112.18907,16.93218],[112.19878,16.92894],[112.20821,16.92786]]],[[[112.26242,16.93541],[112.26511,16.93784],[112.26565,16.94054],[112.26215,16.9578],[112.25972,16.9578],[112.25163,16.94782],[112.2517,16.94449],[112.25487,16.93892],[112.26242,16.93541]]],[[[112.17656,16.9937],[112.17078,16.99212],[112.16499,16.9795],[112.15974,16.9774],[112.15501,16.97267],[112.15501,16.96636],[112.16342,16.959],[112.17683,16.95487],[112.20029,16.95142],[112.20947,16.9584],[112.22195,16.95693],[112.22342,16.9606],[112.2359,16.96281],[112.23957,16.96794],[112.24655,16.96794],[112.25279,16.97088],[112.25205,16.97492],[112.23957,16.97933],[112.24031,16.98336],[112.24691,16.99034],[112.24655,16.99364],[112.24177,16.99695],[112.22746,16.99805],[112.22158,16.99475],[112.21754,16.99475],[112.21314,16.99952],[112.20947,17.00025],[112.19654,16.9979],[112.18918,16.99948],[112.17656,16.9937]]],[[[112.61723,16.05617],[112.60197,16.06973],[112.5884,16.07143],[112.55789,16.06634],[112.47481,16.04769],[112.45955,16.03921],[112.44768,16.02565],[112.44938,16.01039],[112.46972,16.00191],[112.52059,16.00361],[112.58162,16.01378],[112.61384,16.03582],[112.61723,16.05617]]],[[[112.41939,16.0422],[112.41731,16.04615],[112.41524,16.04635],[112.41586,16.03847],[112.41793,16.0337],[112.42271,16.02872],[112.42593,16.02774],[112.42582,16.03121],[112.41918,16.03847],[112.41939,16.0422]]],[[[112.39011,16.28653],[112.36852,16.28208],[112.36459,16.28051],[112.36472,16.27946],[112.37192,16.27357],[112.38056,16.27946],[112.38985,16.27842],[112.3964,16.28483],[112.40386,16.28823],[112.40255,16.28993],[112.39679,16.28941],[112.39378,16.29177],[112.39299,16.28797],[112.39011,16.28653]]],[[[112.47817,16.29857],[112.46036,16.29179],[112.45973,16.28882],[112.46362,16.28004],[112.46842,16.27801],[112.47435,16.27758],[112.47881,16.27949],[112.48495,16.28521],[112.4928,16.28203],[112.49555,16.28373],[112.49704,16.28585],[112.4964,16.29306],[112.49852,16.29454],[112.5017,16.29221],[112.50446,16.29687],[112.5034,16.30896],[112.49831,16.30853],[112.49555,16.3062],[112.48199,16.30196],[112.47817,16.29857]]],[[[112.47956,16.3529],[112.47007,16.34956],[112.46728,16.34677],[112.47827,16.34166],[112.48444,16.34272],[112.48793,16.3476],[112.49672,16.34942],[112.49812,16.35123],[112.49854,16.36072],[112.48989,16.35946],[112.48389,16.35444],[112.47956,16.3529]]],[[[112.47244,16.37593],[112.46672,16.37579],[112.46268,16.37216],[112.46045,16.36155],[112.47775,16.36435],[112.49477,16.37021],[112.49058,16.38067],[112.47886,16.38053],[112.47454,16.37579],[112.47244,16.37593]]],[[[112.62726,16.36447],[112.63109,16.36668],[112.6345,16.40429],[112.6333,16.4067],[112.6148,16.40771],[112.61127,16.40583],[112.60997,16.40147],[112.61037,16.39765],[112.60755,16.39142],[112.60836,16.38378],[112.6148,16.37292],[112.61359,16.36749],[112.615,16.36467],[112.61922,16.36085],[112.62726,16.36447]]],[[[112.64677,16.37774],[112.64637,16.39383],[112.64456,16.39584],[112.64014,16.39604],[112.63772,16.39504],[112.63833,16.39202],[112.64376,16.37875],[112.64516,16.37694],[112.64677,16.37774]]],[[[112.51303,16.43506],[112.51001,16.43225],[112.50016,16.42863],[112.49674,16.42581],[112.49614,16.4238],[112.50056,16.41857],[112.50861,16.41515],[112.51303,16.41535],[112.51987,16.4246],[112.52168,16.42239],[112.5257,16.42219],[112.52992,16.4248],[112.53334,16.43587],[112.53676,16.43365],[112.53938,16.43426],[112.54219,16.44512],[112.54159,16.44773],[112.53917,16.44813],[112.53757,16.44612],[112.53113,16.44492],[112.52329,16.43908],[112.51303,16.43506]]],[[[112.64436,16.4417],[112.64577,16.44492],[112.64355,16.45437],[112.63953,16.45618],[112.6337,16.45638],[112.62748,16.45308],[112.62767,16.44994],[112.63169,16.44652],[112.6341,16.43989],[112.64215,16.43607],[112.64436,16.4417]]],[[[112.56633,16.50485],[112.55084,16.4954],[112.5438,16.48856],[112.54702,16.47971],[112.55084,16.47709],[112.55949,16.4789],[112.56331,16.48454],[112.57216,16.48936],[112.57457,16.49841],[112.57236,16.50284],[112.56633,16.50485]]],[[[112.49593,16.4962],[112.4905,16.50706],[112.48769,16.50726],[112.48427,16.49821],[112.48608,16.49479],[112.49875,16.48997],[112.49976,16.49198],[112.49593,16.4962]]],[[[112.49815,16.52295],[112.50599,16.5141],[112.51283,16.50143],[112.51725,16.49861],[112.52128,16.50163],[112.52329,16.51189],[112.51725,16.51631],[112.51766,16.52395],[112.51585,16.52597],[112.51082,16.52818],[112.50478,16.52858],[112.49996,16.52657],[112.49815,16.52295]]],[[[112.69118,16.59289],[112.69226,16.60638],[112.68922,16.6166],[112.68465,16.61682],[112.67529,16.61312],[112.67355,16.6042],[112.67921,16.59637],[112.67464,16.5918],[112.67442,16.5881],[112.67616,16.58505],[112.68204,16.58288],[112.68138,16.5807],[112.67769,16.57961],[112.67573,16.5757],[112.67725,16.56939],[112.67899,16.56438],[112.68182,16.56199],[112.69052,16.56025],[112.69292,16.56155],[112.69357,16.56416],[112.69183,16.57047],[112.69422,16.58092],[112.69118,16.59289]]],[[[112.67486,16.65185],[112.6605,16.65838],[112.65941,16.65729],[112.65941,16.64707],[112.66746,16.64358],[112.67551,16.64337],[112.68117,16.63749],[112.68856,16.63662],[112.69792,16.62835],[112.70532,16.62922],[112.70771,16.6314],[112.70728,16.63336],[112.69857,16.63901],[112.689,16.64424],[112.68291,16.64576],[112.67486,16.65185]]],[[[112.67454,16.67651],[112.67751,16.66646],[112.6864,16.65782],[112.69529,16.65922],[112.69677,16.66782],[112.69529,16.67643],[112.68936,16.68075],[112.67454,16.67651]]],[[[112.68878,16.69254],[112.68465,16.69929],[112.67377,16.69994],[112.66681,16.69646],[112.71489,16.66969],[112.71663,16.67035],[112.71402,16.67796],[112.71011,16.68232],[112.70358,16.68297],[112.6977,16.68971],[112.69074,16.69037],[112.68878,16.69254]]]]}},{"type":"Feature","properties":{"name":"Quang Nam","code":"VN_SRC_QUANGNAM"},"geometry":{"type":"MultiPolygon","coordinates":[[[[107.46668,16.02503],[107.46485,16.02287],[107.4638,16.0162],[107.45489,16.00475],[107.45504,15.99976],[107.45172,15.98992],[107.44881,15.98876],[107.44278,15.98977],[107.44697,15.98135],[107.43815,15.96426],[107.43402,15.96043],[107.42686,15.93658],[107.4284,15.93353],[107.42789,15.93091],[107.42278,15.92637],[107.41913,15.92612],[107.4154,15.91204],[107.40907,15.90896],[107.40493,15.89871],[107.40133,15.897],[107.39727,15.88999],[107.39212,15.88689],[107.38603,15.88731],[107.38255,15.88472],[107.37264,15.88923],[107.36943,15.89343],[107.36006,15.89159],[107.35145,15.89406],[107.34738,15.89383],[107.33553,15.88853],[107.32923,15.8872],[107.32496,15.88077],[107.31779,15.8806],[107.31691,15.87524],[107.3142,15.8727],[107.31459,15.86913],[107.31337,15.86797],[107.30827,15.86752],[107.30254,15.86477],[107.29843,15.86846],[107.29514,15.86589],[107.28946,15.86543],[107.2864,15.8604],[107.28131,15.85779],[107.27788,15.85807],[107.27507,15.86159],[107.27046,15.85842],[107.26964,15.85302],[107.25674,15.84831],[107.24809,15.83763],[107.23386,15.8439],[107.23159,15.83813],[107.22882,15.83846],[107.22561,15.83631],[107.22171,15.83593],[107.22042,15.83018],[107.21863,15.82893],[107.21612,15.82978],[107.21095,15.82607],[107.21602,15.82311],[107.22179,15.81125],[107.22832,15.80328],[107.22597,15.80065],[107.22607,15.79663],[107.22945,15.78399],[107.22887,15.78289],[107.2256,15.783],[107.21924,15.77706],[107.21971,15.77273],[107.2167,15.75996],[107.21146,15.75721],[107.21312,15.73883],[107.21534,15.74],[107.21929,15.73954],[107.22333,15.74285],[107.24481,15.74532],[107.24947,15.74463],[107.25437,15.73785],[107.25412,15.73504],[107.25146,15.73149],[107.24833,15.72978],[107.24899,15.72692],[107.2549,15.72136],[107.26671,15.7205],[107.26728,15.71042],[107.26989,15.70962],[107.27172,15.70709],[107.27656,15.70778],[107.27539,15.70406],[107.27307,15.70334],[107.27701,15.6972],[107.27329,15.68791],[107.27601,15.68457],[107.27589,15.68197],[107.27094,15.67296],[107.26801,15.67087],[107.26405,15.65853],[107.2655,15.654],[107.27355,15.6551],[107.27744,15.65248],[107.2781,15.65027],[107.27451,15.6441],[107.27684,15.63904],[107.27603,15.63493],[107.27765,15.63293],[107.2826,15.63118],[107.2848,15.62752],[107.29095,15.62386],[107.31699,15.62628],[107.32448,15.62318],[107.33551,15.62188],[107.33928,15.61634],[107.34379,15.61393],[107.34285,15.60358],[107.34989,15.60122],[107.35377,15.59249],[107.3539,15.58872],[107.34883,15.58749],[107.34462,15.58198],[107.34715,15.57959],[107.34325,15.57575],[107.34545,15.57284],[107.34974,15.57266],[107.35296,15.56911],[107.36046,15.57205],[107.36515,15.56983],[107.36674,15.56022],[107.36421,15.55766],[107.36664,15.54923],[107.36532,15.54726],[107.36934,15.54178],[107.36998,15.53858],[107.3727,15.53781],[107.37245,15.53537],[107.37559,15.53014],[107.37578,15.52167],[107.37896,15.51735],[107.37783,15.51252],[107.38048,15.50845],[107.38054,15.50411],[107.37892,15.5013],[107.38191,15.49788],[107.38224,15.49353],[107.38577,15.49255],[107.38776,15.49493],[107.39218,15.49541],[107.3963,15.4927],[107.40823,15.49328],[107.41009,15.4915],[107.41439,15.49461],[107.41701,15.49013],[107.42283,15.49299],[107.42672,15.49013],[107.4303,15.48986],[107.43169,15.49216],[107.42989,15.49963],[107.43496,15.50364],[107.44425,15.50243],[107.45139,15.50363],[107.45501,15.50303],[107.46028,15.49882],[107.46897,15.49856],[107.47761,15.49131],[107.48057,15.49096],[107.48258,15.48749],[107.48134,15.48295],[107.47768,15.48136],[107.47758,15.47836],[107.48194,15.47689],[107.49273,15.47892],[107.49862,15.4752],[107.50854,15.47444],[107.51378,15.47244],[107.51491,15.46538],[107.51748,15.46419],[107.51512,15.46038],[107.52153,15.45741],[107.52271,15.45513],[107.52201,15.45166],[107.52348,15.45015],[107.52204,15.44593],[107.52664,15.44218],[107.52649,15.43724],[107.52298,15.43266],[107.52199,15.42698],[107.51871,15.42431],[107.51751,15.41811],[107.52107,15.41257],[107.52525,15.41086],[107.53029,15.40557],[107.53338,15.40637],[107.5361,15.40398],[107.54041,15.40678],[107.54499,15.4053],[107.55401,15.39698],[107.55949,15.39442],[107.56344,15.39428],[107.57443,15.39807],[107.57731,15.4026],[107.58838,15.41228],[107.59522,15.41302],[107.60028,15.41527],[107.6031,15.42088],[107.60796,15.4194],[107.61065,15.41683],[107.61977,15.41722],[107.62451,15.41464],[107.6295,15.41552],[107.63172,15.41753],[107.63763,15.41572],[107.64228,15.40635],[107.65505,15.39695],[107.656,15.3926],[107.66019,15.3884],[107.66166,15.38477],[107.65959,15.37301],[107.66411,15.36516],[107.66446,15.3616],[107.6623,15.35759],[107.66293,15.35429],[107.66873,15.34804],[107.66905,15.3454],[107.67381,15.34323],[107.67704,15.34349],[107.67936,15.33923],[107.67895,15.33452],[107.68458,15.33023],[107.68639,15.32692],[107.69128,15.32501],[107.69297,15.31749],[107.70212,15.31075],[107.70764,15.30336],[107.71008,15.30593],[107.71521,15.30767],[107.73012,15.30825],[107.73167,15.30596],[107.72749,15.30296],[107.72822,15.30067],[107.73004,15.30006],[107.72995,15.29539],[107.72705,15.28905],[107.72959,15.28252],[107.73026,15.27055],[107.72672,15.2682],[107.72935,15.26721],[107.73008,15.26351],[107.73272,15.2614],[107.73219,15.25391],[107.73419,15.25224],[107.73675,15.23841],[107.73938,15.23698],[107.73816,15.2356],[107.73347,15.235],[107.73572,15.23026],[107.73857,15.22927],[107.74714,15.23027],[107.75555,15.23668],[107.77128,15.22974],[107.77102,15.22287],[107.77893,15.21784],[107.78806,15.21881],[107.79778,15.21678],[107.80913,15.21207],[107.8146,15.21325],[107.8189,15.21633],[107.82924,15.20903],[107.8378,15.20722],[107.83992,15.20845],[107.84782,15.20663],[107.85262,15.21016],[107.857,15.20898],[107.8619,15.21063],[107.87108,15.2106],[107.87973,15.20166],[107.88257,15.19662],[107.89136,15.19298],[107.90108,15.20585],[107.91069,15.20722],[107.91444,15.21198],[107.92752,15.20978],[107.9309,15.20684],[107.93116,15.20282],[107.934,15.20048],[107.93361,15.19512],[107.93706,15.19073],[107.94142,15.1903],[107.9488,15.18628],[107.95042,15.17514],[107.96239,15.1724],[107.96587,15.16909],[107.97079,15.16765],[107.98166,15.16666],[107.98822,15.15817],[107.99978,15.15627],[108.00024,15.14948],[108.00383,15.14022],[108.0009,15.13438],[108.00118,15.13051],[107.99845,15.12764],[107.99886,15.12318],[108.00115,15.12071],[108.00073,15.11811],[107.9964,15.11521],[107.99335,15.11051],[107.99162,15.10371],[107.98797,15.09949],[107.98867,15.09542],[107.98331,15.09201],[107.9837,15.08712],[107.98047,15.08545],[107.97558,15.08548],[107.97873,15.07944],[107.9753,15.07397],[107.97601,15.06912],[107.96824,15.06561],[107.96449,15.06546],[107.95773,15.05915],[107.95514,15.05841],[107.9516,15.05345],[107.95283,15.04885],[107.95942,15.04319],[107.95882,15.03662],[107.96517,15.02065],[107.97188,15.01392],[107.97194,15.01203],[107.983,15.00941],[107.98328,15.00621],[107.99006,14.99852],[108.00333,15.00195],[108.00864,14.99731],[108.01734,15.0019],[108.02409,14.99792],[108.04705,14.99234],[108.06334,14.96857],[108.069,14.967],[108.07664,14.96831],[108.08269,14.96646],[108.08714,14.96258],[108.08648,14.95567],[108.08814,14.95144],[108.09488,14.95281],[108.10717,14.95138],[108.10926,14.95407],[108.11945,14.95967],[108.12699,14.96009],[108.13287,14.95848],[108.1379,14.96174],[108.1496,14.96257],[108.15792,14.97135],[108.16306,14.9745],[108.15933,14.97924],[108.15549,14.99749],[108.15004,15.00182],[108.15217,15.00932],[108.14916,15.0222],[108.15281,15.02778],[108.14981,15.03284],[108.1517,15.03764],[108.14628,15.04565],[108.14874,15.04666],[108.14978,15.05097],[108.15692,15.05458],[108.15996,15.05977],[108.16254,15.06102],[108.16644,15.05989],[108.17008,15.062],[108.17684,15.0603],[108.18371,15.05617],[108.19184,15.04873],[108.19435,15.04044],[108.19936,15.0441],[108.2084,15.0374],[108.20965,15.03363],[108.21272,15.03198],[108.2158,15.03273],[108.22028,15.02971],[108.22288,15.03066],[108.22556,15.02945],[108.23031,15.03229],[108.23815,15.03201],[108.23945,15.03087],[108.2427,15.03694],[108.24332,15.04148],[108.23761,15.04722],[108.24218,15.06452],[108.2356,15.07816],[108.24528,15.08365],[108.25176,15.08456],[108.25707,15.09036],[108.25782,15.09172],[108.25652,15.09377],[108.26004,15.0977],[108.25994,15.10577],[108.25757,15.11068],[108.25808,15.11605],[108.26216,15.11894],[108.26459,15.1244],[108.26941,15.12699],[108.27083,15.12926],[108.27373,15.12896],[108.27556,15.1312],[108.27482,15.1367],[108.27902,15.13959],[108.27635,15.14288],[108.28143,15.14423],[108.2817,15.14696],[108.28412,15.14965],[108.28332,15.15318],[108.28654,15.1535],[108.2869,15.15638],[108.29017,15.15776],[108.28952,15.16067],[108.29486,15.16773],[108.29785,15.1699],[108.30448,15.17099],[108.30599,15.17382],[108.30012,15.18184],[108.30406,15.18781],[108.30279,15.19214],[108.2994,15.19409],[108.29441,15.19445],[108.28912,15.20154],[108.29774,15.20386],[108.30434,15.20899],[108.30846,15.22202],[108.30675,15.22579],[108.29978,15.22609],[108.29589,15.22831],[108.29213,15.22858],[108.28672,15.22664],[108.29007,15.23257],[108.28458,15.23629],[108.2815,15.2431],[108.29031,15.24609],[108.29376,15.25257],[108.30298,15.25783],[108.30618,15.26792],[108.30515,15.27426],[108.30024,15.27827],[108.30049,15.28349],[108.3108,15.29102],[108.31527,15.29813],[108.32148,15.30108],[108.32987,15.29958],[108.33782,15.29633],[108.34278,15.29762],[108.36435,15.29413],[108.36565,15.29626],[108.38097,15.30314],[108.38888,15.30069],[108.39248,15.29779],[108.4021,15.29991],[108.40373,15.30049],[108.4031,15.30865],[108.40712,15.3097],[108.41708,15.30636],[108.42493,15.31422],[108.42813,15.32435],[108.43096,15.32548],[108.43444,15.32474],[108.43646,15.31506],[108.43887,15.31213],[108.44813,15.3119],[108.45131,15.30981],[108.46401,15.30862],[108.47749,15.31085],[108.4804,15.30781],[108.48471,15.30754],[108.49439,15.31406],[108.49766,15.31793],[108.49992,15.32385],[108.50457,15.3263],[108.50691,15.32647],[108.51248,15.32296],[108.52076,15.32222],[108.52583,15.32015],[108.53397,15.32993],[108.53646,15.32835],[108.53917,15.32874],[108.54286,15.33172],[108.54437,15.33507],[108.54977,15.33448],[108.55322,15.33601],[108.55959,15.33386],[108.58107,15.34458],[108.58563,15.34369],[108.5869,15.34177],[108.58831,15.34324],[108.60115,15.34536],[108.60232,15.35229],[108.61477,15.35283],[108.62955,15.35748],[108.63375,15.3623],[108.6398,15.36383],[108.64163,15.36785],[108.64955,15.36595],[108.65513,15.3671],[108.65879,15.36552],[108.66188,15.36956],[108.66551,15.36563],[108.67159,15.36412],[108.67677,15.36829],[108.67886,15.3661],[108.687,15.36865],[108.69152,15.36809],[108.69951,15.37056],[108.7012,15.37265],[108.71121,15.37048],[108.71779,15.37245],[108.72694,15.37716],[108.7266,15.38125],[108.73904,15.39912],[108.71782,15.41823],[108.6968,15.44113],[108.696,15.4453],[108.69793,15.4485],[108.6976,15.4525],[108.70167,15.45804],[108.69448,15.47245],[108.69508,15.47471],[108.69329,15.47365],[108.69017,15.47664],[108.6921,15.47885],[108.6924,15.48242],[108.68966,15.48381],[108.68974,15.48547],[108.68683,15.48593],[108.68345,15.48312],[108.68149,15.47864],[108.67703,15.48141],[108.67428,15.48726],[108.67386,15.49212],[108.67731,15.50428],[108.67897,15.50595],[108.68238,15.50587],[108.67902,15.51156],[108.67367,15.5153],[108.67322,15.51299],[108.6756,15.50873],[108.67272,15.50273],[108.66582,15.49885],[108.65757,15.49795],[108.65054,15.49836],[108.64215,15.50111],[108.62009,15.51363],[108.60667,15.52683],[108.57851,15.55896],[108.52974,15.62339],[108.45772,15.73372],[108.42541,15.78882],[108.4136,15.81578],[108.40978,15.82863],[108.4046,15.85158],[108.40408,15.86747],[108.39626,15.87191],[108.38965,15.88199],[108.38023,15.88987],[108.33833,15.91558],[108.32172,15.92823],[108.30413,15.94568],[108.28924,15.96724],[108.2828,15.96403],[108.27395,15.96362],[108.27311,15.95974],[108.27016,15.96004],[108.27046,15.96174],[108.26836,15.96387],[108.26866,15.96713],[108.26148,15.9658],[108.25544,15.97678],[108.25388,15.97668],[108.25369,15.97535],[108.24073,15.97233],[108.23977,15.96871],[108.23047,15.96128],[108.2299,15.95728],[108.22468,15.9566],[108.22192,15.95033],[108.22262,15.94703],[108.21655,15.94816],[108.21628,15.94613],[108.21068,15.94279],[108.20243,15.95526],[108.206,15.96219],[108.20267,15.96376],[108.1977,15.96332],[108.19592,15.9648],[108.19544,15.96308],[108.19148,15.96314],[108.19077,15.96142],[108.18684,15.96277],[108.18645,15.9653],[108.1843,15.96528],[108.18479,15.95933],[108.18047,15.95388],[108.18029,15.94949],[108.18185,15.9462],[108.17892,15.93977],[108.17188,15.93985],[108.16883,15.94182],[108.16643,15.94845],[108.16518,15.94878],[108.16537,15.95145],[108.16142,15.9501],[108.15389,15.9531],[108.15072,15.94893],[108.14908,15.93795],[108.14695,15.93346],[108.13808,15.93048],[108.12966,15.93395],[108.10958,15.94805],[108.10258,15.94245],[108.097,15.94067],[108.0924,15.93609],[108.08785,15.9341],[108.087,15.92853],[108.08092,15.92538],[108.07382,15.92709],[108.06885,15.92641],[108.06165,15.92996],[108.06046,15.93384],[108.05701,15.93265],[108.04485,15.93256],[108.04098,15.93495],[108.02586,15.92933],[108.02005,15.93012],[108.00549,15.92141],[107.99618,15.92128],[107.993,15.91795],[107.99052,15.91979],[107.98611,15.91881],[107.96353,15.93429],[107.94931,15.94901],[107.95113,15.9546],[107.95585,15.95835],[107.95525,15.96629],[107.95658,15.96808],[107.97102,15.97868],[107.97477,15.98391],[107.98071,15.98829],[107.9816,16.00612],[107.98369,16.01185],[107.97981,16.01299],[107.9697,16.02007],[107.96875,16.02804],[107.96162,16.03202],[107.95996,16.03587],[107.95826,16.03661],[107.95852,16.04825],[107.96174,16.06059],[107.96108,16.06444],[107.95788,16.06466],[107.93933,16.05761],[107.91997,16.04633],[107.91682,16.04569],[107.90225,16.03391],[107.89696,16.03961],[107.89373,16.04068],[107.89248,16.04778],[107.88788,16.0486],[107.88643,16.04724],[107.88124,16.05142],[107.87439,16.05254],[107.86271,16.06205],[107.85652,16.06069],[107.85211,16.06131],[107.84984,16.05897],[107.84018,16.06034],[107.83456,16.05744],[107.83211,16.05454],[107.81882,16.05733],[107.81456,16.05306],[107.8094,16.05323],[107.79988,16.06158],[107.79378,16.06308],[107.79058,16.06559],[107.78445,16.06602],[107.7815,16.06234],[107.77382,16.06708],[107.77524,16.0594],[107.77121,16.05627],[107.76915,16.05181],[107.76179,16.04979],[107.76049,16.04566],[107.75754,16.04342],[107.75012,16.04328],[107.73893,16.03889],[107.72672,16.02995],[107.72585,16.02644],[107.72773,16.02379],[107.72807,16.01866],[107.72678,16.01659],[107.72727,16.01352],[107.72409,16.00845],[107.70776,15.99607],[107.69659,15.9944],[107.67757,15.99882],[107.6759,16.00405],[107.67223,16.00705],[107.67163,16.01163],[107.66362,16.01816],[107.65088,16.01933],[107.64776,16.02319],[107.63335,16.03047],[107.62013,16.03262],[107.6193,16.03849],[107.62525,16.04938],[107.62407,16.05599],[107.61898,16.06356],[107.59489,16.05605],[107.59049,16.05693],[107.5778,16.05442],[107.57138,16.05499],[107.56333,16.0513],[107.55729,16.04555],[107.5532,16.04436],[107.55222,16.04263],[107.55314,16.0402],[107.56016,16.03025],[107.55848,16.02504],[107.55966,16.02156],[107.55509,16.0154],[107.55041,16.01474],[107.54987,16.01233],[107.54763,16.01083],[107.53821,16.01219],[107.52773,16.01597],[107.52171,16.01667],[107.51844,16.01452],[107.51146,16.01636],[107.50574,16.02232],[107.50313,16.0317],[107.49848,16.03409],[107.49585,16.03887],[107.49025,16.04098],[107.48688,16.0405],[107.48425,16.03601],[107.48129,16.0348],[107.47851,16.03633],[107.47546,16.03461],[107.46668,16.02503]]],[[[108.68979,15.50079],[108.68735,15.4999],[108.68712,15.49783],[108.69013,15.49972],[108.69194,15.4992],[108.68979,15.50079]]],[[[108.68587,15.50484],[108.68709,15.50461],[108.6866,15.50599],[108.68587,15.50484]]],[[[108.69825,15.81356],[108.69271,15.81792],[108.69067,15.8126],[108.69696,15.81136],[108.69825,15.81356]]],[[[108.54134,15.91108],[108.54307,15.91198],[108.54248,15.9139],[108.54029,15.91152],[108.53512,15.90989],[108.53234,15.90702],[108.53268,15.90349],[108.53589,15.90204],[108.53989,15.90385],[108.54225,15.90301],[108.54068,15.90854],[108.54134,15.91108]]],[[[108.47216,15.93221],[108.47315,15.93085],[108.4767,15.93194],[108.47313,15.9336],[108.4716,15.93338],[108.47216,15.93221]]],[[[108.48483,15.94655],[108.48438,15.9492],[108.48029,15.94857],[108.47855,15.94488],[108.47627,15.94457],[108.47887,15.93801],[108.48256,15.94157],[108.48483,15.94655]]],[[[108.50457,15.97889],[108.50223,15.97963],[108.50018,15.97637],[108.49316,15.97398],[108.49053,15.96778],[108.48689,15.96814],[108.48395,15.96659],[108.48417,15.96474],[108.48696,15.96227],[108.49018,15.96261],[108.49303,15.95569],[108.49559,15.95603],[108.49788,15.95992],[108.5025,15.95903],[108.5039,15.9607],[108.50275,15.95843],[108.50667,15.95726],[108.50821,15.95222],[108.50886,15.94628],[108.50736,15.94449],[108.51226,15.94282],[108.51374,15.93863],[108.51893,15.93876],[108.5241,15.93228],[108.52646,15.93258],[108.52939,15.93085],[108.53081,15.9259],[108.53301,15.92543],[108.53408,15.9224],[108.54047,15.9231],[108.53705,15.92962],[108.54034,15.93687],[108.53648,15.94431],[108.53628,15.94959],[108.53867,15.95622],[108.53506,15.9584],[108.52607,15.95959],[108.5118,15.96507],[108.50929,15.97008],[108.51079,15.97365],[108.5051,15.97719],[108.50457,15.97889]]],[[[108.42147,15.97257],[108.42342,15.97187],[108.42373,15.97297],[108.42059,15.97383],[108.42147,15.97257]]],[[[108.44433,15.96901],[108.44767,15.96764],[108.45174,15.97513],[108.45201,15.97825],[108.4498,15.98033],[108.44231,15.97182],[108.44433,15.96901]]]]}},{"type":"Feature","properties":{"name":"Quang Ngai","code":"VN_SRC_QUANGNGAI"},"geometry":{"type":"MultiPolygon","coordinates":[[[[108.23945,15.03087],[108.24515,15.02957],[108.24634,15.02758],[108.25014,15.02625],[108.2488,15.02202],[108.25112,15.02226],[108.25387,15.01941],[108.25079,15.016],[108.25424,15.00582],[108.25915,15.00373],[108.2632,14.99792],[108.26443,14.98893],[108.26885,14.98238],[108.27286,14.98303],[108.27481,14.98093],[108.27469,14.97832],[108.27851,14.9765],[108.28145,14.97778],[108.28387,14.97372],[108.28361,14.965],[108.29766,14.95806],[108.30386,14.95082],[108.31233,14.94619],[108.31639,14.93834],[108.31426,14.93467],[108.3167,14.93443],[108.31857,14.9278],[108.32079,14.92935],[108.32202,14.92852],[108.31887,14.92512],[108.32185,14.92298],[108.32109,14.91983],[108.31904,14.91894],[108.3215,14.91607],[108.32125,14.91316],[108.32442,14.91069],[108.33083,14.91054],[108.33849,14.90808],[108.34482,14.89826],[108.34926,14.89765],[108.3509,14.89436],[108.34948,14.88676],[108.35096,14.8805],[108.35475,14.87847],[108.36227,14.88223],[108.36602,14.87917],[108.36549,14.87689],[108.369,14.87091],[108.36747,14.86749],[108.37048,14.86538],[108.37103,14.86333],[108.36983,14.86215],[108.37217,14.85685],[108.3746,14.85499],[108.37673,14.84549],[108.3814,14.84394],[108.3846,14.83585],[108.38916,14.83417],[108.39408,14.82676],[108.40418,14.82059],[108.41272,14.81728],[108.42923,14.81685],[108.43065,14.81517],[108.43049,14.81063],[108.43517,14.80832],[108.43549,14.80556],[108.44102,14.80277],[108.452,14.80198],[108.45719,14.79026],[108.47363,14.79283],[108.49387,14.80062],[108.49426,14.79801],[108.49619,14.79648],[108.49557,14.79337],[108.50181,14.78869],[108.49989,14.78534],[108.50292,14.77926],[108.50652,14.77679],[108.51635,14.77376],[108.52151,14.75954],[108.52741,14.75443],[108.52875,14.74543],[108.52116,14.73927],[108.52232,14.73673],[108.5196,14.73361],[108.517,14.72461],[108.51847,14.72136],[108.51603,14.72033],[108.5094,14.71186],[108.50404,14.70892],[108.50095,14.70275],[108.49652,14.7011],[108.49666,14.69775],[108.5021,14.69594],[108.50229,14.69277],[108.50418,14.69036],[108.51195,14.68798],[108.51262,14.6841],[108.50984,14.6775],[108.50604,14.67287],[108.50656,14.66678],[108.50101,14.66504],[108.49906,14.65995],[108.49548,14.65746],[108.49289,14.65085],[108.49057,14.64872],[108.49165,14.6456],[108.48435,14.64407],[108.48074,14.62847],[108.48467,14.6233],[108.48842,14.62408],[108.48903,14.62172],[108.49255,14.62127],[108.50106,14.6229],[108.50289,14.62517],[108.50708,14.62059],[108.51134,14.62243],[108.51476,14.62177],[108.52612,14.6238],[108.5339,14.60469],[108.54412,14.5909],[108.54689,14.58953],[108.54833,14.58558],[108.56011,14.58619],[108.56645,14.58011],[108.57057,14.57899],[108.5741,14.57613],[108.57258,14.57444],[108.57349,14.57279],[108.58078,14.57101],[108.58357,14.56775],[108.59369,14.56517],[108.59647,14.56289],[108.59443,14.56018],[108.59578,14.55708],[108.59782,14.55627],[108.59603,14.54756],[108.60674,14.5345],[108.61099,14.53476],[108.61338,14.53275],[108.6181,14.5397],[108.61808,14.54325],[108.62241,14.54225],[108.62797,14.54446],[108.628,14.54838],[108.63122,14.55131],[108.63461,14.55074],[108.63891,14.54707],[108.64173,14.54773],[108.64372,14.55784],[108.64029,14.56558],[108.64913,14.56898],[108.66585,14.57923],[108.67272,14.58047],[108.67706,14.58446],[108.67728,14.58797],[108.67532,14.59035],[108.68084,14.59724],[108.68596,14.59401],[108.6878,14.59061],[108.69747,14.59634],[108.70274,14.60605],[108.70146,14.61248],[108.70265,14.61364],[108.70753,14.61365],[108.70546,14.60883],[108.70975,14.60446],[108.7168,14.6015],[108.7189,14.59805],[108.72591,14.5964],[108.72807,14.59372],[108.73373,14.59162],[108.73674,14.58876],[108.74025,14.59075],[108.74107,14.59526],[108.74799,14.59199],[108.7581,14.59402],[108.75968,14.59822],[108.76351,14.59992],[108.76169,14.6058],[108.7614,14.61894],[108.76556,14.62239],[108.76639,14.62843],[108.76456,14.63579],[108.7645,14.64993],[108.75937,14.66627],[108.76325,14.67279],[108.76664,14.67302],[108.76921,14.67813],[108.78216,14.67039],[108.79878,14.66884],[108.80141,14.67069],[108.8072,14.66967],[108.80972,14.67107],[108.81348,14.67049],[108.82236,14.6767],[108.82549,14.67586],[108.82728,14.67698],[108.83488,14.69066],[108.83916,14.69432],[108.84263,14.69217],[108.84687,14.68288],[108.85202,14.68336],[108.85123,14.68591],[108.85358,14.69151],[108.85708,14.691],[108.85939,14.6923],[108.86886,14.692],[108.87331,14.69048],[108.87437,14.68784],[108.87864,14.68551],[108.88943,14.68234],[108.89243,14.6862],[108.90491,14.68725],[108.90662,14.69143],[108.92398,14.69782],[108.92827,14.7032],[108.9298,14.69742],[108.93971,14.6951],[108.94229,14.68984],[108.94714,14.68803],[108.95035,14.68838],[108.9535,14.69156],[108.96868,14.68054],[108.97774,14.67111],[108.99402,14.67402],[109.00047,14.66871],[109.00287,14.66828],[109.00828,14.67049],[109.01692,14.66563],[109.01713,14.66085],[109.02087,14.65981],[109.02725,14.65069],[109.02693,14.6462],[109.0293,14.64543],[109.03088,14.6486],[109.0345,14.64839],[109.03724,14.64497],[109.03679,14.64061],[109.0412,14.63764],[109.04538,14.63071],[109.04549,14.62697],[109.04241,14.62511],[109.04648,14.61787],[109.04412,14.61123],[109.04803,14.60803],[109.04845,14.60394],[109.0546,14.60327],[109.0566,14.59637],[109.06015,14.5915],[109.06687,14.5902],[109.07081,14.58478],[109.0825,14.57777],[109.08196,14.58163],[109.0799,14.58253],[109.07222,14.6026],[109.07336,14.60692],[109.07042,14.61256],[109.07051,14.6166],[109.07196,14.61848],[109.07366,14.6175],[109.0745,14.61845],[109.07115,14.62193],[109.06919,14.62911],[109.07055,14.63405],[109.06758,14.63729],[109.0655,14.65349],[109.06782,14.66374],[109.07332,14.66668],[109.07583,14.66478],[109.08147,14.66674],[109.08362,14.66984],[109.08284,14.67911],[109.08035,14.67934],[109.07422,14.69348],[109.07462,14.69659],[109.07749,14.69731],[109.07688,14.70523],[109.07416,14.70671],[109.07317,14.71073],[109.07098,14.71197],[109.04863,14.74574],[109.00431,14.81765],[109.00158,14.82345],[109.00225,14.82477],[109.00077,14.82565],[109.00062,14.82937],[108.9979,14.83109],[108.96696,14.89439],[108.94572,14.94399],[108.92592,14.99775],[108.91461,15.03534],[108.90157,15.08787],[108.90436,15.09499],[108.89752,15.12641],[108.8995,15.14036],[108.89778,15.14315],[108.89891,15.15306],[108.89519,15.17697],[108.8965,15.19321],[108.89965,15.1996],[108.90812,15.20569],[108.91576,15.20504],[108.9172,15.2005],[108.92203,15.20268],[108.92223,15.2053],[108.91839,15.20566],[108.91786,15.2087],[108.91455,15.21179],[108.91725,15.2134],[108.92249,15.2142],[108.92791,15.21025],[108.93529,15.21615],[108.93778,15.22193],[108.93662,15.22416],[108.94175,15.22686],[108.94065,15.23076],[108.94409,15.2351],[108.94164,15.23506],[108.93997,15.23953],[108.94199,15.2429],[108.93998,15.24251],[108.93738,15.24437],[108.93661,15.24658],[108.93768,15.24717],[108.93625,15.24813],[108.93328,15.24583],[108.92607,15.24889],[108.92459,15.24575],[108.92084,15.24415],[108.90819,15.24973],[108.89508,15.26172],[108.87613,15.28781],[108.87048,15.2976],[108.86955,15.3019],[108.87628,15.31484],[108.88078,15.31873],[108.88013,15.32446],[108.88411,15.32482],[108.88248,15.32634],[108.88355,15.32797],[108.87021,15.33042],[108.86554,15.33472],[108.86379,15.3401],[108.86423,15.3441],[108.86636,15.3469],[108.87039,15.3483],[108.87145,15.35165],[108.86849,15.35167],[108.86593,15.35369],[108.86159,15.34949],[108.86033,15.34583],[108.85608,15.34631],[108.8542,15.34867],[108.85113,15.34854],[108.84353,15.35532],[108.82796,15.37711],[108.82761,15.38259],[108.83242,15.39309],[108.83154,15.39943],[108.82965,15.39758],[108.82757,15.39812],[108.82654,15.39909],[108.82749,15.40036],[108.82404,15.40292],[108.82387,15.40624],[108.82249,15.40649],[108.82261,15.41212],[108.8262,15.41296],[108.82832,15.41633],[108.82658,15.41845],[108.82421,15.41955],[108.82016,15.41843],[108.81427,15.41222],[108.80999,15.41239],[108.79918,15.42075],[108.79812,15.42259],[108.79931,15.42522],[108.79813,15.42551],[108.79689,15.42314],[108.7953,15.42312],[108.79663,15.42144],[108.79557,15.41542],[108.79875,15.41206],[108.8023,15.41181],[108.80256,15.4086],[108.80605,15.40743],[108.80711,15.40858],[108.80772,15.40384],[108.80294,15.3973],[108.79517,15.39187],[108.79097,15.39065],[108.7872,15.39202],[108.77858,15.39179],[108.77155,15.38785],[108.76476,15.38734],[108.74888,15.39247],[108.73904,15.39912],[108.7266,15.38125],[108.72694,15.37716],[108.71779,15.37245],[108.71121,15.37048],[108.7012,15.37265],[108.69951,15.37056],[108.69152,15.36809],[108.687,15.36865],[108.67886,15.3661],[108.67677,15.36829],[108.67159,15.36412],[108.66551,15.36563],[108.66188,15.36956],[108.65879,15.36552],[108.65513,15.3671],[108.64955,15.36595],[108.64163,15.36785],[108.6398,15.36383],[108.63375,15.3623],[108.62955,15.35748],[108.61477,15.35283],[108.60232,15.35229],[108.60115,15.34536],[108.58831,15.34324],[108.5869,15.34177],[108.58563,15.34369],[108.58107,15.34458],[108.55959,15.33386],[108.55322,15.33601],[108.54977,15.33448],[108.54437,15.33507],[108.54286,15.33172],[108.53917,15.32874],[108.53646,15.32835],[108.53397,15.32993],[108.52583,15.32015],[108.52076,15.32222],[108.51248,15.32296],[108.50691,15.32647],[108.50457,15.3263],[108.49992,15.32385],[108.49766,15.31793],[108.49439,15.31406],[108.48471,15.30754],[108.4804,15.30781],[108.47749,15.31085],[108.46401,15.30862],[108.45131,15.30981],[108.44813,15.3119],[108.43887,15.31213],[108.43646,15.31506],[108.43444,15.32474],[108.43096,15.32548],[108.42813,15.32435],[108.42493,15.31422],[108.41708,15.30636],[108.40712,15.3097],[108.4031,15.30865],[108.40373,15.30049],[108.4021,15.29991],[108.39248,15.29779],[108.38888,15.30069],[108.38097,15.30314],[108.36565,15.29626],[108.36435,15.29413],[108.34278,15.29762],[108.33782,15.29633],[108.32987,15.29958],[108.32148,15.30108],[108.31527,15.29813],[108.3108,15.29102],[108.30049,15.28349],[108.30024,15.27827],[108.30515,15.27426],[108.30618,15.26792],[108.30298,15.25783],[108.29376,15.25257],[108.29031,15.24609],[108.2815,15.2431],[108.28458,15.23629],[108.29007,15.23257],[108.28672,15.22664],[108.29213,15.22858],[108.29589,15.22831],[108.29978,15.22609],[108.30675,15.22579],[108.30846,15.22202],[108.30434,15.20899],[108.29774,15.20386],[108.28912,15.20154],[108.29441,15.19445],[108.2994,15.19409],[108.30279,15.19214],[108.30406,15.18781],[108.30012,15.18184],[108.30599,15.17382],[108.30448,15.17099],[108.29785,15.1699],[108.29486,15.16773],[108.28952,15.16067],[108.29017,15.15776],[108.2869,15.15638],[108.28654,15.1535],[108.28332,15.15318],[108.28412,15.14965],[108.2817,15.14696],[108.28143,15.14423],[108.27635,15.14288],[108.27902,15.13959],[108.27482,15.1367],[108.27556,15.1312],[108.27373,15.12896],[108.27083,15.12926],[108.26941,15.12699],[108.26459,15.1244],[108.26216,15.11894],[108.25808,15.11605],[108.25757,15.11068],[108.25994,15.10577],[108.26004,15.0977],[108.25652,15.09377],[108.25782,15.09172],[108.25707,15.09036],[108.25176,15.08456],[108.24528,15.08365],[108.2356,15.07816],[108.24218,15.06452],[108.23761,15.04722],[108.24332,15.04148],[108.2427,15.03694],[108.23945,15.03087]]],[[[108.95425,15.19323],[108.95236,15.1942],[108.95205,15.1925],[108.95425,15.19323]]],[[[109.11881,15.39122],[109.11222,15.3919],[109.09905,15.38961],[109.09636,15.38516],[109.09384,15.38419],[109.09708,15.3748],[109.1002,15.37566],[109.11443,15.3725],[109.11595,15.37027],[109.11941,15.36916],[109.12534,15.37066],[109.12958,15.3751],[109.13479,15.3779],[109.14072,15.37767],[109.13966,15.382],[109.14246,15.38472],[109.14565,15.37971],[109.14736,15.37972],[109.14282,15.38491],[109.14162,15.38861],[109.13618,15.38813],[109.12629,15.39119],[109.12194,15.38974],[109.11881,15.39122]]],[[[109.0864,15.43271],[109.07877,15.43212],[109.07726,15.43039],[109.0773,15.42736],[109.08433,15.42692],[109.08665,15.42922],[109.0864,15.43271]]]]}},{"type":"Feature","properties":{"name":"Binh Dinh","code":"VN_SRC_BINHDINH"},"geometry":{"type":"MultiPolygon","coordinates":[[[[108.62797,14.54446],[108.62845,14.538],[108.63046,14.53595],[108.62999,14.53077],[108.63529,14.52489],[108.6324,14.52278],[108.62957,14.51759],[108.63683,14.5062],[108.6325,14.50116],[108.63154,14.49709],[108.63478,14.49376],[108.63509,14.49084],[108.63959,14.48662],[108.63964,14.48374],[108.63728,14.48063],[108.64371,14.47579],[108.64082,14.4712],[108.63967,14.46338],[108.6403,14.45266],[108.63161,14.44696],[108.6207,14.4503],[108.61647,14.45696],[108.61423,14.45738],[108.60986,14.45461],[108.60476,14.45914],[108.60125,14.45924],[108.60398,14.45233],[108.61311,14.43936],[108.61255,14.43689],[108.60951,14.43489],[108.61106,14.42474],[108.61587,14.42216],[108.61779,14.41668],[108.61477,14.41224],[108.6175,14.41044],[108.62877,14.38904],[108.62546,14.38584],[108.63428,14.3722],[108.62376,14.35572],[108.63384,14.34825],[108.64061,14.32756],[108.64781,14.32028],[108.64786,14.31859],[108.64277,14.31207],[108.64649,14.30643],[108.64692,14.2974],[108.65374,14.29281],[108.65605,14.28882],[108.65554,14.28517],[108.66046,14.28067],[108.65846,14.27546],[108.65568,14.2741],[108.65477,14.26894],[108.65686,14.26435],[108.6556,14.25962],[108.65946,14.25413],[108.66523,14.25162],[108.66576,14.24681],[108.6683,14.24386],[108.66519,14.23357],[108.67027,14.2302],[108.67075,14.2253],[108.67579,14.22417],[108.67735,14.21818],[108.67391,14.20756],[108.67733,14.20536],[108.6778,14.2034],[108.68017,14.20312],[108.68125,14.19316],[108.67356,14.18337],[108.67711,14.1782],[108.67226,14.17419],[108.6662,14.16522],[108.67204,14.16077],[108.67866,14.16084],[108.67696,14.14933],[108.68332,14.14098],[108.68297,14.135],[108.68457,14.13157],[108.69321,14.12088],[108.69184,14.1156],[108.69873,14.11448],[108.70061,14.10654],[108.70471,14.10346],[108.70716,14.10349],[108.70981,14.09848],[108.71273,14.09625],[108.71848,14.07343],[108.7225,14.06523],[108.73453,14.05244],[108.75053,14.04542],[108.7545,14.04527],[108.75367,14.04185],[108.75748,14.03686],[108.75765,14.02705],[108.75593,14.02162],[108.7526,14.01965],[108.75231,14.01774],[108.75436,14.01516],[108.75477,14.00946],[108.75661,14.0078],[108.75802,14.00179],[108.76409,13.99352],[108.75185,13.98091],[108.75241,13.97712],[108.75727,13.9694],[108.75249,13.95718],[108.75569,13.94831],[108.75431,13.94624],[108.74979,13.94959],[108.74664,13.94444],[108.74816,13.93986],[108.74457,13.93327],[108.74635,13.92155],[108.74603,13.91324],[108.74396,13.90927],[108.75104,13.90065],[108.75778,13.89869],[108.76021,13.89436],[108.76429,13.89167],[108.76424,13.88373],[108.77174,13.86654],[108.78545,13.85337],[108.78981,13.85412],[108.78963,13.85133],[108.79435,13.84892],[108.79702,13.84479],[108.79398,13.84487],[108.79278,13.84178],[108.79329,13.83793],[108.79691,13.83413],[108.79404,13.83424],[108.79636,13.82417],[108.79468,13.81997],[108.7962,13.81404],[108.80047,13.81068],[108.80115,13.80679],[108.80814,13.80262],[108.81447,13.8038],[108.82167,13.80025],[108.82321,13.79408],[108.82648,13.79331],[108.8279,13.79128],[108.82802,13.78284],[108.82486,13.77842],[108.82447,13.77486],[108.82829,13.76049],[108.83283,13.76062],[108.83361,13.75921],[108.83452,13.75113],[108.83296,13.74465],[108.83544,13.7379],[108.83384,13.73642],[108.83285,13.72772],[108.82652,13.72233],[108.83147,13.71492],[108.83255,13.70655],[108.83061,13.7038],[108.82287,13.69942],[108.81739,13.69942],[108.81424,13.69714],[108.8138,13.6952],[108.81852,13.68605],[108.81811,13.68131],[108.82145,13.67386],[108.82018,13.66643],[108.82258,13.66301],[108.82034,13.66197],[108.81987,13.65867],[108.82193,13.65061],[108.82406,13.64847],[108.82543,13.64135],[108.83018,13.63352],[108.8293,13.63051],[108.83522,13.62331],[108.83478,13.62005],[108.84169,13.6098],[108.83868,13.60366],[108.83891,13.60117],[108.84081,13.59777],[108.84692,13.5931],[108.85087,13.58362],[108.85252,13.57548],[108.85033,13.56857],[108.85329,13.56096],[108.85617,13.55805],[108.85647,13.55363],[108.85836,13.55216],[108.86393,13.55256],[108.86981,13.54643],[108.86671,13.53887],[108.86799,13.53522],[108.8879,13.53703],[108.89497,13.54119],[108.90344,13.5382],[108.9073,13.5399],[108.90687,13.542],[108.91136,13.54064],[108.92116,13.54095],[108.92526,13.53632],[108.93145,13.53396],[108.93284,13.53143],[108.93573,13.53264],[108.94003,13.5291],[108.94429,13.52897],[108.9448,13.52593],[108.94905,13.52633],[108.95866,13.51535],[108.96272,13.51783],[108.99361,13.51652],[108.99723,13.51913],[108.99864,13.5229],[109.00659,13.52299],[109.01246,13.52416],[109.01442,13.52627],[109.01882,13.52596],[109.0288,13.53152],[109.03327,13.53793],[109.03369,13.54348],[109.04102,13.54859],[109.04177,13.55394],[109.04479,13.55951],[109.05024,13.56218],[109.053,13.56928],[109.08317,13.56812],[109.08847,13.5724],[109.09403,13.57291],[109.10021,13.58322],[109.10759,13.58838],[109.11022,13.58829],[109.11478,13.58435],[109.118,13.58621],[109.11318,13.59272],[109.11364,13.59677],[109.11755,13.60345],[109.11503,13.60908],[109.11525,13.61366],[109.12066,13.6192],[109.12605,13.62005],[109.1268,13.6239],[109.12188,13.63347],[109.11855,13.63523],[109.11998,13.64138],[109.12309,13.64454],[109.1297,13.64073],[109.13238,13.64124],[109.13568,13.63638],[109.13989,13.63526],[109.14462,13.62974],[109.14777,13.63325],[109.15257,13.63421],[109.15249,13.64221],[109.15392,13.64682],[109.15101,13.65532],[109.15502,13.66394],[109.15665,13.67199],[109.15505,13.67463],[109.15641,13.67801],[109.16527,13.67749],[109.16889,13.6829],[109.18208,13.68311],[109.18671,13.68809],[109.18618,13.69028],[109.18991,13.69297],[109.19947,13.69515],[109.20343,13.69315],[109.2047,13.68647],[109.20783,13.68075],[109.21247,13.67912],[109.21804,13.68164],[109.22625,13.67845],[109.2328,13.67005],[109.23402,13.67133],[109.23379,13.68099],[109.23133,13.68516],[109.23305,13.68737],[109.23128,13.68865],[109.2295,13.68762],[109.22709,13.69045],[109.22158,13.70866],[109.22193,13.71208],[109.21796,13.71444],[109.21949,13.73373],[109.21759,13.74038],[109.2144,13.74522],[109.21482,13.74753],[109.22252,13.76042],[109.22962,13.7665],[109.2406,13.77124],[109.24978,13.76955],[109.25162,13.7627],[109.25048,13.76145],[109.25511,13.75846],[109.26744,13.75708],[109.2749,13.76153],[109.28112,13.76226],[109.28718,13.75409],[109.28922,13.75465],[109.2885,13.76003],[109.29002,13.76436],[109.293,13.76676],[109.29119,13.77064],[109.29214,13.77193],[109.29394,13.7715],[109.29287,13.77909],[109.2941,13.78057],[109.29082,13.78722],[109.29117,13.79002],[109.2892,13.7909],[109.28958,13.79481],[109.28654,13.79835],[109.28678,13.80313],[109.28566,13.80443],[109.29009,13.81767],[109.29353,13.82116],[109.29596,13.82124],[109.297,13.82381],[109.29803,13.82325],[109.29778,13.82602],[109.29921,13.8268],[109.29942,13.83014],[109.29823,13.8298],[109.29804,13.8333],[109.29618,13.83594],[109.29962,13.84187],[109.29565,13.84756],[109.29336,13.84841],[109.29205,13.85211],[109.29501,13.85581],[109.29204,13.87285],[109.29485,13.87811],[109.29803,13.87692],[109.29778,13.87985],[109.2964,13.8854],[109.2925,13.88639],[109.29193,13.8898],[109.2938,13.89266],[109.29376,13.89668],[109.2904,13.89185],[109.29095,13.88829],[109.28742,13.88648],[109.2813,13.88787],[109.27129,13.89545],[109.25904,13.91147],[109.24427,13.93915],[109.24222,13.94786],[109.24244,13.95493],[109.24595,13.95824],[109.24988,13.95993],[109.25306,13.959],[109.2595,13.9634],[109.2592,13.96502],[109.2549,13.96572],[109.24912,13.97934],[109.25025,13.98509],[109.25459,13.98454],[109.257,13.98902],[109.25582,13.99265],[109.25139,13.99573],[109.24672,14.00789],[109.24697,14.00995],[109.25091,14.01204],[109.25369,14.0178],[109.25208,14.0185],[109.25252,14.02214],[109.24751,14.02541],[109.21981,14.07325],[109.20972,14.09568],[109.205,14.1127],[109.20628,14.12205],[109.21032,14.1281],[109.21585,14.12613],[109.22045,14.1264],[109.22509,14.13095],[109.22502,14.13382],[109.22745,14.13791],[109.22633,14.13915],[109.22342,14.1378],[109.22111,14.13874],[109.20446,14.16236],[109.19087,14.18702],[109.18291,14.20594],[109.18129,14.21611],[109.18266,14.22529],[109.18686,14.22941],[109.18978,14.2297],[109.19381,14.22687],[109.19806,14.23425],[109.19439,14.24279],[109.19458,14.24837],[109.18766,14.25538],[109.17848,14.27241],[109.17911,14.2769],[109.18096,14.2785],[109.18456,14.27868],[109.18601,14.28177],[109.18302,14.28174],[109.18093,14.28362],[109.14869,14.32773],[109.1324,14.35344],[109.12309,14.37165],[109.1207,14.38],[109.12439,14.38505],[109.12297,14.38902],[109.12579,14.39014],[109.12811,14.39504],[109.12327,14.40162],[109.11631,14.41902],[109.11541,14.42462],[109.11641,14.42846],[109.11942,14.42952],[109.11874,14.43673],[109.12339,14.43886],[109.12216,14.43967],[109.12467,14.44526],[109.12229,14.44577],[109.12092,14.45171],[109.11936,14.45224],[109.09847,14.48801],[109.07986,14.5271],[109.06769,14.56172],[109.06725,14.57078],[109.07156,14.57829],[109.07536,14.57712],[109.0788,14.57893],[109.0825,14.57777],[109.07081,14.58478],[109.06687,14.5902],[109.06015,14.5915],[109.0566,14.59637],[109.0546,14.60327],[109.04845,14.60394],[109.04803,14.60803],[109.04412,14.61123],[109.04648,14.61787],[109.04241,14.62511],[109.04549,14.62697],[109.04538,14.63071],[109.0412,14.63764],[109.03679,14.64061],[109.03724,14.64497],[109.0345,14.64839],[109.03088,14.6486],[109.0293,14.64543],[109.02693,14.6462],[109.02725,14.65069],[109.02087,14.65981],[109.01713,14.66085],[109.01692,14.66563],[109.00828,14.67049],[109.00287,14.66828],[109.00047,14.66871],[108.99402,14.67402],[108.97774,14.67111],[108.96868,14.68054],[108.9535,14.69156],[108.95035,14.68838],[108.94714,14.68803],[108.94229,14.68984],[108.93971,14.6951],[108.9298,14.69742],[108.92827,14.7032],[108.92398,14.69782],[108.90662,14.69143],[108.90491,14.68725],[108.89243,14.6862],[108.88943,14.68234],[108.87864,14.68551],[108.87437,14.68784],[108.87331,14.69048],[108.86886,14.692],[108.85939,14.6923],[108.85708,14.691],[108.85358,14.69151],[108.85123,14.68591],[108.85202,14.68336],[108.84687,14.68288],[108.84263,14.69217],[108.83916,14.69432],[108.83488,14.69066],[108.82728,14.67698],[108.82549,14.67586],[108.82236,14.6767],[108.81348,14.67049],[108.80972,14.67107],[108.8072,14.66967],[108.80141,14.67069],[108.79878,14.66884],[108.78216,14.67039],[108.76921,14.67813],[108.76664,14.67302],[108.76325,14.67279],[108.75937,14.66627],[108.7645,14.64993],[108.76456,14.63579],[108.76639,14.62843],[108.76556,14.62239],[108.7614,14.61894],[108.76169,14.6058],[108.76351,14.59992],[108.75968,14.59822],[108.7581,14.59402],[108.74799,14.59199],[108.74107,14.59526],[108.74025,14.59075],[108.73674,14.58876],[108.73373,14.59162],[108.72807,14.59372],[108.72591,14.5964],[108.7189,14.59805],[108.7168,14.6015],[108.70975,14.60446],[108.70546,14.60883],[108.70753,14.61365],[108.70265,14.61364],[108.70146,14.61248],[108.70274,14.60605],[108.69747,14.59634],[108.6878,14.59061],[108.68596,14.59401],[108.68084,14.59724],[108.67532,14.59035],[108.67728,14.58797],[108.67706,14.58446],[108.67272,14.58047],[108.66585,14.57923],[108.64913,14.56898],[108.64029,14.56558],[108.64372,14.55784],[108.64173,14.54773],[108.63891,14.54707],[108.63461,14.55074],[108.63122,14.55131],[108.628,14.54838],[108.62797,14.54446]]],[[[109.24055,13.68355],[109.24069,13.68571],[109.23787,13.6847],[109.23766,13.68184],[109.24085,13.68175],[109.24055,13.68355]]],[[[109.20223,14.23224],[109.20079,14.23344],[109.19929,14.2328],[109.20123,14.2312],[109.20223,14.23224]]],[[[109.21066,14.24533],[109.20925,14.24723],[109.20859,14.24601],[109.21066,14.24533]]],[[[109.20984,14.25041],[109.20962,14.25288],[109.20855,14.25139],[109.20684,14.25167],[109.20757,14.25016],[109.20984,14.25041]]],[[[109.34641,13.63209],[109.34185,13.63501],[109.33765,13.63369],[109.33868,13.63029],[109.33746,13.62679],[109.34082,13.61981],[109.34746,13.6116],[109.35108,13.61014],[109.3537,13.61234],[109.35588,13.6119],[109.36156,13.60455],[109.36362,13.60963],[109.36292,13.61187],[109.35611,13.62042],[109.35184,13.61965],[109.34641,13.63209]]],[[[109.25435,13.67861],[109.25551,13.67824],[109.25572,13.67982],[109.25216,13.68482],[109.25053,13.68014],[109.25208,13.67854],[109.25435,13.67861]]],[[[109.29892,13.76606],[109.29614,13.7671],[109.29616,13.76555],[109.30075,13.76152],[109.30085,13.76425],[109.29892,13.76606]]],[[[109.29676,13.76968],[109.29566,13.77062],[109.29595,13.76818],[109.29676,13.76968]]],[[[109.30506,13.88149],[109.3029,13.88242],[109.30178,13.87944],[109.30267,13.87718],[109.30479,13.87764],[109.30389,13.87865],[109.30506,13.88149]]],[[[109.30454,13.88273],[109.30599,13.88282],[109.30493,13.88431],[109.30454,13.88273]]],[[[109.31853,13.90302],[109.31759,13.90419],[109.31716,13.90006],[109.31865,13.90085],[109.31853,13.90302]]],[[[109.29321,14.13785],[109.29298,14.13669],[109.29578,14.13801],[109.29447,14.13904],[109.29321,14.13785]]],[[[109.29858,14.13786],[109.29973,14.13832],[109.29801,14.13876],[109.29858,14.13786]]]]}},{"type":"Feature","properties":{"name":"Phu Yen","code":"VN_SRC_PHUYEN"},"geometry":{"type":"MultiPolygon","coordinates":[[[[108.85033,13.56857],[108.84761,13.56552],[108.8433,13.564],[108.82716,13.56486],[108.81601,13.57257],[108.81428,13.57706],[108.79174,13.57822],[108.78516,13.57726],[108.78387,13.57515],[108.78516,13.5739],[108.7813,13.5721],[108.78082,13.56879],[108.77505,13.57024],[108.76803,13.56155],[108.75854,13.56277],[108.74896,13.56647],[108.74783,13.55549],[108.7411,13.55663],[108.73982,13.5552],[108.74011,13.55136],[108.73641,13.54933],[108.73264,13.5396],[108.73514,13.53688],[108.7329,13.5283],[108.72733,13.52336],[108.72778,13.51965],[108.71432,13.51829],[108.7128,13.50992],[108.71363,13.50177],[108.70935,13.49897],[108.70886,13.49318],[108.70327,13.48638],[108.70804,13.48295],[108.70985,13.47727],[108.71518,13.47445],[108.71488,13.47068],[108.71298,13.46827],[108.71377,13.46437],[108.71772,13.46258],[108.7217,13.46475],[108.72439,13.46314],[108.72719,13.46362],[108.73514,13.45817],[108.74461,13.4576],[108.74767,13.45894],[108.75208,13.46391],[108.75711,13.45925],[108.76081,13.46497],[108.76352,13.46351],[108.76942,13.46462],[108.77321,13.46676],[108.77791,13.46714],[108.77843,13.46859],[108.78032,13.46625],[108.78929,13.46855],[108.79287,13.47404],[108.79481,13.47272],[108.79579,13.465],[108.79238,13.46265],[108.79251,13.45822],[108.78979,13.45382],[108.79621,13.45256],[108.79535,13.45024],[108.79664,13.44939],[108.79637,13.44734],[108.79997,13.44706],[108.80172,13.4417],[108.80412,13.44025],[108.80621,13.43607],[108.80471,13.43072],[108.80615,13.42423],[108.80477,13.42185],[108.80696,13.41073],[108.80541,13.40715],[108.80768,13.40213],[108.80769,13.39377],[108.8043,13.39094],[108.80503,13.37988],[108.80706,13.37526],[108.80643,13.36719],[108.81017,13.36042],[108.8089,13.35733],[108.81025,13.35448],[108.81471,13.35379],[108.81473,13.35077],[108.82169,13.34409],[108.82472,13.34414],[108.82736,13.3404],[108.82748,13.33663],[108.83974,13.32438],[108.84098,13.32199],[108.84042,13.31891],[108.8436,13.31566],[108.84661,13.30724],[108.85424,13.29398],[108.85933,13.29153],[108.86027,13.28664],[108.86842,13.28852],[108.87332,13.27968],[108.87172,13.2778],[108.87143,13.2682],[108.86822,13.26195],[108.87106,13.25401],[108.87042,13.24635],[108.86419,13.22773],[108.86049,13.22398],[108.85645,13.22341],[108.85433,13.21861],[108.84971,13.21696],[108.85175,13.21002],[108.84837,13.20583],[108.84813,13.20195],[108.85518,13.19366],[108.84894,13.18995],[108.8494,13.17979],[108.84555,13.18225],[108.84428,13.17554],[108.83898,13.17081],[108.84239,13.16458],[108.83746,13.16169],[108.8305,13.16537],[108.82722,13.16403],[108.82362,13.15348],[108.82045,13.15708],[108.81353,13.15892],[108.80754,13.15332],[108.80467,13.14576],[108.80288,13.14757],[108.80357,13.15157],[108.7971,13.15233],[108.79539,13.14129],[108.79272,13.14221],[108.79077,13.1474],[108.78627,13.14139],[108.78289,13.14241],[108.78024,13.14672],[108.77675,13.14688],[108.77549,13.145],[108.77713,13.13757],[108.76867,13.13481],[108.76397,13.13626],[108.7591,13.13032],[108.75988,13.12491],[108.76244,13.12352],[108.76716,13.12393],[108.76903,13.11966],[108.76814,13.11677],[108.7639,13.1182],[108.76002,13.11597],[108.75534,13.10289],[108.75034,13.09388],[108.7564,13.03264],[108.71463,13.01737],[108.69344,13.0164],[108.68805,13.00647],[108.68273,13.00088],[108.68192,12.99777],[108.67349,12.99358],[108.67407,12.98927],[108.67986,12.9813],[108.69082,12.97978],[108.69245,12.97834],[108.69321,12.97121],[108.70567,12.96429],[108.70486,12.95309],[108.70093,12.94803],[108.70359,12.94312],[108.70732,12.9418],[108.7105,12.94253],[108.71187,12.94648],[108.7138,12.9447],[108.71509,12.94552],[108.71802,12.94831],[108.72006,12.9542],[108.7241,12.95155],[108.73372,12.95217],[108.73739,12.94737],[108.74458,12.94814],[108.74803,12.94559],[108.75108,12.94521],[108.75387,12.93826],[108.75996,12.93084],[108.76252,12.92318],[108.77083,12.91631],[108.77402,12.89915],[108.7791,12.89774],[108.78332,12.89297],[108.78724,12.87675],[108.79101,12.87041],[108.79504,12.86735],[108.79747,12.8709],[108.80173,12.87125],[108.80414,12.87372],[108.81478,12.8749],[108.81609,12.87434],[108.81713,12.86999],[108.82031,12.86711],[108.82822,12.86741],[108.83348,12.86142],[108.84056,12.85732],[108.84872,12.85474],[108.85097,12.85229],[108.84818,12.84759],[108.84813,12.84425],[108.85214,12.83158],[108.85565,12.82728],[108.8625,12.82568],[108.86684,12.81736],[108.86911,12.81583],[108.8961,12.81468],[108.90245,12.81333],[108.90952,12.80923],[108.91835,12.81048],[108.93516,12.81023],[108.93829,12.80898],[108.94,12.8062],[108.94434,12.80515],[108.94769,12.81052],[108.95659,12.81121],[108.96434,12.81718],[108.97102,12.81574],[108.97202,12.80876],[108.97407,12.80601],[108.97288,12.80177],[108.97703,12.79863],[108.97225,12.79011],[108.97289,12.78805],[108.97669,12.78452],[108.98106,12.78636],[108.98116,12.7832],[108.98618,12.78291],[108.98757,12.78112],[108.98771,12.77547],[108.9861,12.77083],[108.99046,12.76276],[108.99121,12.75529],[108.98431,12.7428],[108.98743,12.72697],[108.99381,12.72096],[108.9953,12.71403],[108.99482,12.70648],[109.00538,12.71301],[109.00994,12.71773],[109.01552,12.71799],[109.01637,12.72089],[109.02055,12.72162],[109.02124,12.72312],[109.01492,12.7266],[109.01476,12.72846],[109.02,12.72981],[109.02711,12.73541],[109.03314,12.734],[109.0401,12.73612],[109.0411,12.73773],[109.03968,12.74312],[109.04157,12.74503],[109.04553,12.74395],[109.05111,12.74648],[109.05875,12.74596],[109.06186,12.74415],[109.06939,12.75259],[109.08172,12.74285],[109.0882,12.74331],[109.09394,12.75067],[109.09226,12.75979],[109.0965,12.76347],[109.10322,12.7665],[109.10551,12.7707],[109.10947,12.77314],[109.11013,12.77901],[109.11305,12.78557],[109.11783,12.79082],[109.11829,12.79809],[109.1264,12.79585],[109.13945,12.78158],[109.14219,12.78162],[109.15585,12.80421],[109.15834,12.81318],[109.1622,12.81503],[109.16488,12.82354],[109.1693,12.82681],[109.17863,12.82614],[109.18213,12.82949],[109.18745,12.82699],[109.21006,12.82979],[109.21678,12.82665],[109.22001,12.81944],[109.22942,12.81251],[109.23356,12.81743],[109.24847,12.82702],[109.25244,12.83213],[109.25516,12.83333],[109.25401,12.83596],[109.25723,12.83785],[109.26088,12.83807],[109.27122,12.83214],[109.27989,12.83418],[109.28686,12.83188],[109.29729,12.83623],[109.30194,12.84107],[109.30527,12.83897],[109.30952,12.83894],[109.31681,12.84333],[109.31934,12.8369],[109.32149,12.83589],[109.32882,12.84066],[109.33186,12.84842],[109.34033,12.8491],[109.34301,12.84726],[109.35082,12.85668],[109.36362,12.85976],[109.3647,12.86457],[109.36782,12.86852],[109.37512,12.8601],[109.37669,12.85573],[109.39041,12.84363],[109.39276,12.85084],[109.40057,12.85423],[109.40315,12.85916],[109.40077,12.8664],[109.40974,12.86945],[109.41355,12.86919],[109.41468,12.87133],[109.42141,12.87273],[109.4207,12.87464],[109.41916,12.87483],[109.4197,12.87742],[109.42285,12.87643],[109.42913,12.88117],[109.43589,12.88145],[109.43781,12.88027],[109.43699,12.87442],[109.43801,12.86949],[109.43425,12.86435],[109.42496,12.85704],[109.41999,12.84983],[109.42032,12.84806],[109.42869,12.84724],[109.43285,12.85315],[109.4383,12.85701],[109.4503,12.85835],[109.45271,12.85985],[109.45376,12.8625],[109.45331,12.8672],[109.45133,12.86984],[109.45164,12.87831],[109.45471,12.88087],[109.4578,12.88054],[109.45901,12.88182],[109.45417,12.88844],[109.45896,12.89517],[109.4586,12.89766],[109.45377,12.89715],[109.45139,12.89943],[109.4536,12.90484],[109.45313,12.90762],[109.45602,12.91321],[109.45481,12.91437],[109.45163,12.91397],[109.44889,12.9169],[109.44535,12.9163],[109.44484,12.91851],[109.44254,12.91901],[109.42917,12.93751],[109.42896,12.94038],[109.43201,12.94315],[109.43186,12.94648],[109.42711,12.94779],[109.4249,12.95016],[109.42554,12.95117],[109.40733,12.96931],[109.37709,13.00686],[109.36151,13.03046],[109.34202,13.06445],[109.33153,13.08734],[109.30826,13.11545],[109.30018,13.12832],[109.29495,13.14075],[109.29249,13.15176],[109.29334,13.16716],[109.30055,13.18587],[109.30208,13.1875],[109.30509,13.18667],[109.30774,13.188],[109.3031,13.18944],[109.29854,13.19511],[109.29401,13.20864],[109.29326,13.21712],[109.29712,13.21973],[109.2988,13.22468],[109.30256,13.22685],[109.3092,13.22521],[109.30893,13.2266],[109.30552,13.2271],[109.30765,13.23003],[109.30486,13.23067],[109.30252,13.2391],[109.30187,13.2456],[109.30317,13.24993],[109.30974,13.25068],[109.31733,13.25517],[109.31497,13.25764],[109.31342,13.26592],[109.30927,13.27361],[109.30894,13.27727],[109.30545,13.2787],[109.29794,13.28722],[109.28681,13.308],[109.28362,13.31675],[109.2826,13.3253],[109.28571,13.3341],[109.2889,13.33641],[109.29708,13.3331],[109.29938,13.3349],[109.29798,13.33678],[109.29889,13.34098],[109.29479,13.34254],[109.29065,13.35032],[109.29132,13.35324],[109.29506,13.35382],[109.29676,13.35599],[109.29465,13.35846],[109.29431,13.36461],[109.28755,13.36568],[109.28329,13.3633],[109.27561,13.36611],[109.2697,13.36461],[109.27029,13.36034],[109.26753,13.35811],[109.25977,13.35782],[109.25594,13.35993],[109.24947,13.36705],[109.24595,13.37729],[109.24426,13.38613],[109.24503,13.38806],[109.23855,13.3912],[109.23843,13.39463],[109.22413,13.39032],[109.22035,13.39161],[109.21835,13.39394],[109.22073,13.39677],[109.22794,13.39711],[109.22661,13.40064],[109.22974,13.40482],[109.22991,13.40958],[109.23178,13.41168],[109.23036,13.41215],[109.23113,13.4137],[109.22005,13.41504],[109.21945,13.41806],[109.22224,13.41998],[109.22561,13.42019],[109.22935,13.41724],[109.22941,13.42031],[109.22519,13.42091],[109.2258,13.4249],[109.2291,13.42613],[109.2331,13.42352],[109.23492,13.42727],[109.23831,13.42787],[109.23875,13.42969],[109.2361,13.43153],[109.2324,13.4299],[109.22699,13.43224],[109.22721,13.43668],[109.22548,13.43883],[109.22404,13.43857],[109.22486,13.43913],[109.22277,13.44102],[109.22235,13.44519],[109.22448,13.45029],[109.22516,13.4601],[109.23353,13.47223],[109.23261,13.47736],[109.22929,13.47896],[109.2294,13.48098],[109.23374,13.48634],[109.23895,13.48809],[109.24219,13.48718],[109.24181,13.49205],[109.24502,13.49188],[109.25136,13.48213],[109.26416,13.47985],[109.2693,13.47728],[109.27884,13.46279],[109.28174,13.46142],[109.28406,13.46375],[109.28663,13.46286],[109.29274,13.45536],[109.29284,13.45102],[109.29082,13.44695],[109.28733,13.44517],[109.28487,13.44617],[109.28406,13.44823],[109.28314,13.44254],[109.28,13.44297],[109.2774,13.43898],[109.27709,13.43449],[109.27223,13.43302],[109.26545,13.43481],[109.26181,13.4327],[109.25864,13.42811],[109.26055,13.4242],[109.2673,13.42063],[109.2673,13.41931],[109.26663,13.42057],[109.26544,13.4197],[109.26531,13.41559],[109.26851,13.41221],[109.27288,13.41569],[109.27959,13.41426],[109.28617,13.41553],[109.28752,13.41404],[109.28909,13.41529],[109.2906,13.4137],[109.28836,13.41692],[109.29164,13.41693],[109.29456,13.41292],[109.29275,13.4111],[109.29265,13.40854],[109.29585,13.40469],[109.29697,13.40576],[109.29837,13.40463],[109.30031,13.40647],[109.29964,13.41219],[109.30176,13.41332],[109.30443,13.41218],[109.30221,13.41431],[109.30251,13.41593],[109.31107,13.41326],[109.31176,13.41526],[109.30949,13.41796],[109.31107,13.4203],[109.30998,13.42138],[109.31194,13.42643],[109.31096,13.43084],[109.31207,13.43164],[109.3104,13.43798],[109.31414,13.44238],[109.31896,13.44282],[109.31983,13.44427],[109.31588,13.45145],[109.31609,13.45798],[109.31835,13.46229],[109.32191,13.46496],[109.32507,13.46499],[109.32656,13.46176],[109.33002,13.46213],[109.33049,13.46377],[109.32904,13.46666],[109.33005,13.46927],[109.327,13.47104],[109.3271,13.47324],[109.32534,13.47289],[109.32227,13.47572],[109.32193,13.47309],[109.31879,13.47085],[109.3201,13.46777],[109.31893,13.46644],[109.31363,13.46412],[109.30729,13.4655],[109.30057,13.47057],[109.29271,13.48265],[109.28787,13.49574],[109.28801,13.50231],[109.29036,13.50771],[109.29588,13.51211],[109.29885,13.51126],[109.30027,13.50658],[109.30253,13.5069],[109.3012,13.50803],[109.3005,13.51618],[109.30219,13.51906],[109.30014,13.51934],[109.30053,13.52248],[109.29849,13.52277],[109.29598,13.52623],[109.28732,13.52861],[109.28512,13.53215],[109.2793,13.53263],[109.27617,13.54527],[109.27978,13.55062],[109.27817,13.55189],[109.28027,13.55689],[109.28512,13.5564],[109.28594,13.55912],[109.28979,13.56041],[109.2903,13.56263],[109.28822,13.5647],[109.29048,13.56814],[109.2924,13.56899],[109.29854,13.56782],[109.29599,13.57218],[109.28908,13.57479],[109.28859,13.57666],[109.28846,13.57316],[109.28195,13.57223],[109.26894,13.57979],[109.25151,13.59728],[109.2381,13.61649],[109.22565,13.6418],[109.2263,13.64501],[109.23008,13.64625],[109.22865,13.65229],[109.23064,13.65354],[109.23305,13.65301],[109.23075,13.66172],[109.23173,13.66361],[109.23039,13.66528],[109.2328,13.67005],[109.22625,13.67845],[109.21804,13.68164],[109.21247,13.67912],[109.20783,13.68075],[109.2047,13.68647],[109.20343,13.69315],[109.19947,13.69515],[109.18991,13.69297],[109.18618,13.69028],[109.18671,13.68809],[109.18208,13.68311],[109.16889,13.6829],[109.16527,13.67749],[109.15641,13.67801],[109.15505,13.67463],[109.15665,13.67199],[109.15502,13.66394],[109.15101,13.65532],[109.15392,13.64682],[109.15249,13.64221],[109.15257,13.63421],[109.14777,13.63325],[109.14462,13.62974],[109.13989,13.63526],[109.13568,13.63638],[109.13238,13.64124],[109.1297,13.64073],[109.12309,13.64454],[109.11998,13.64138],[109.11855,13.63523],[109.12188,13.63347],[109.1268,13.6239],[109.12605,13.62005],[109.12066,13.6192],[109.11525,13.61366],[109.11503,13.60908],[109.11755,13.60345],[109.11364,13.59677],[109.11318,13.59272],[109.118,13.58621],[109.11478,13.58435],[109.11022,13.58829],[109.10759,13.58838],[109.10021,13.58322],[109.09403,13.57291],[109.08847,13.5724],[109.08317,13.56812],[109.053,13.56928],[109.05024,13.56218],[109.04479,13.55951],[109.04177,13.55394],[109.04102,13.54859],[109.03369,13.54348],[109.03327,13.53793],[109.0288,13.53152],[109.01882,13.52596],[109.01442,13.52627],[109.01246,13.52416],[109.00659,13.52299],[108.99864,13.5229],[108.99723,13.51913],[108.99361,13.51652],[108.96272,13.51783],[108.95866,13.51535],[108.94905,13.52633],[108.9448,13.52593],[108.94429,13.52897],[108.94003,13.5291],[108.93573,13.53264],[108.93284,13.53143],[108.93145,13.53396],[108.92526,13.53632],[108.92116,13.54095],[108.91136,13.54064],[108.90687,13.542],[108.9073,13.5399],[108.90344,13.5382],[108.89497,13.54119],[108.8879,13.53703],[108.86799,13.53522],[108.86671,13.53887],[108.86981,13.54643],[108.86393,13.55256],[108.85836,13.55216],[108.85647,13.55363],[108.85617,13.55805],[108.85329,13.56096],[108.85033,13.56857]]],[[[109.24575,13.39573],[109.24678,13.39761],[109.24172,13.3963],[109.24081,13.39412],[109.24575,13.39573]]],[[[109.24745,13.4813],[109.2479,13.48042],[109.24888,13.48153],[109.24745,13.4813]]],[[[109.39448,12.82891],[109.3974,12.832],[109.39349,12.83406],[109.39098,12.82862],[109.39166,12.82543],[109.39448,12.82891]]],[[[109.32056,13.16745],[109.32229,13.16672],[109.32361,13.1682],[109.32139,13.16874],[109.32056,13.16745]]],[[[109.31258,13.17814],[109.3134,13.18014],[109.31089,13.18016],[109.30871,13.17652],[109.31147,13.17337],[109.31373,13.17386],[109.31258,13.17814]]],[[[109.33456,13.2862],[109.33205,13.28945],[109.32829,13.28633],[109.33041,13.27644],[109.3365,13.2753],[109.33824,13.2771],[109.34126,13.27717],[109.34401,13.2807],[109.34237,13.28343],[109.33957,13.28414],[109.33811,13.28185],[109.33706,13.28528],[109.33456,13.2862]]],[[[109.28129,13.37972],[109.28136,13.38141],[109.28004,13.38099],[109.27988,13.3795],[109.28129,13.37972]]]]}},{"type":"Feature","properties":{"name":"Khanh Hoa","code":"VN_SRC_KHANHHOA"},"geometry":{"type":"MultiPolygon","coordinates":[[[[109.22579,11.7705],[109.22233,11.77041],[109.22447,11.76893],[109.22579,11.7705]]],[[[109.21495,11.78579],[109.21314,11.78599],[109.21169,11.78377],[109.21576,11.77847],[109.21611,11.77497],[109.21992,11.77216],[109.22203,11.77229],[109.22195,11.78338],[109.22095,11.78442],[109.21794,11.78252],[109.21681,11.78547],[109.21495,11.78579]]],[[[109.20733,11.79072],[109.20836,11.78978],[109.20842,11.79111],[109.20733,11.79072]]],[[[109.20054,11.8169],[109.20299,11.81537],[109.20209,11.81787],[109.20054,11.8169]]],[[[109.22362,11.85041],[109.22109,11.85159],[109.22081,11.84749],[109.22521,11.84534],[109.22432,11.84201],[109.22548,11.84058],[109.22332,11.83922],[109.22482,11.83879],[109.22456,11.83567],[109.22676,11.83574],[109.22835,11.83245],[109.23299,11.83114],[109.23517,11.8282],[109.23985,11.82937],[109.23863,11.83353],[109.23996,11.8351],[109.24556,11.83291],[109.24955,11.83322],[109.25226,11.83644],[109.2512,11.84037],[109.24635,11.84307],[109.24936,11.84804],[109.248,11.85057],[109.24266,11.85022],[109.24196,11.84422],[109.24325,11.84158],[109.23852,11.83835],[109.23003,11.84174],[109.22962,11.84486],[109.2274,11.84526],[109.22572,11.84949],[109.22362,11.85041]]],[[[109.27143,11.86032],[109.27186,11.86163],[109.27032,11.86105],[109.27143,11.86032]]],[[[109.24105,11.86481],[109.24258,11.86437],[109.24302,11.86547],[109.24186,11.8664],[109.24105,11.86481]]],[[[108.99482,12.70648],[108.98782,12.70181],[108.98966,12.69906],[108.9889,12.69595],[108.99185,12.69238],[108.99119,12.68994],[108.98634,12.68735],[108.98063,12.68128],[108.9687,12.68537],[108.96517,12.68325],[108.96327,12.68361],[108.94876,12.689],[108.94434,12.69335],[108.9308,12.68407],[108.92575,12.68355],[108.9209,12.67893],[108.9095,12.67748],[108.90379,12.67504],[108.90332,12.67074],[108.91614,12.65996],[108.91646,12.65529],[108.91386,12.64882],[108.91383,12.63995],[108.90962,12.63777],[108.89762,12.62351],[108.89061,12.62262],[108.88537,12.62635],[108.88047,12.62604],[108.86781,12.61431],[108.86405,12.60565],[108.86506,12.59492],[108.88062,12.58689],[108.88658,12.58056],[108.88992,12.57896],[108.89398,12.57937],[108.89377,12.57626],[108.8964,12.57346],[108.89543,12.56765],[108.89743,12.56449],[108.89533,12.56288],[108.89465,12.54976],[108.89225,12.54504],[108.88288,12.54095],[108.88209,12.53715],[108.87515,12.52543],[108.87515,12.52227],[108.87918,12.51485],[108.87624,12.51345],[108.87421,12.50997],[108.87516,12.50603],[108.8674,12.50079],[108.8613,12.49399],[108.86211,12.49187],[108.88009,12.47886],[108.87812,12.46973],[108.87189,12.46558],[108.86997,12.45515],[108.87184,12.45215],[108.86769,12.45194],[108.85824,12.4566],[108.8516,12.45727],[108.8486,12.46225],[108.84079,12.4624],[108.83684,12.46551],[108.83583,12.46935],[108.83075,12.47131],[108.82844,12.47043],[108.82659,12.47302],[108.82238,12.47458],[108.82185,12.47883],[108.81519,12.48308],[108.81108,12.48401],[108.80674,12.48043],[108.80138,12.48011],[108.79748,12.48519],[108.79926,12.4909],[108.79686,12.49328],[108.79602,12.49665],[108.79323,12.49919],[108.78509,12.50074],[108.78033,12.50483],[108.77506,12.50197],[108.77101,12.50311],[108.7687,12.49953],[108.76457,12.4974],[108.75677,12.49931],[108.75296,12.49687],[108.75063,12.48178],[108.7484,12.47955],[108.74477,12.47934],[108.74081,12.4768],[108.73629,12.47699],[108.71744,12.48346],[108.70248,12.47385],[108.69999,12.46052],[108.68958,12.45081],[108.68378,12.44012],[108.67456,12.4316],[108.67106,12.42491],[108.67773,12.41589],[108.682,12.41533],[108.68037,12.40843],[108.67583,12.40137],[108.67985,12.39267],[108.68805,12.38904],[108.68604,12.3797],[108.69004,12.37701],[108.6916,12.37286],[108.68986,12.37006],[108.68879,12.36249],[108.68333,12.35932],[108.67958,12.34837],[108.67992,12.34433],[108.6848,12.33297],[108.68463,12.32556],[108.68611,12.32291],[108.68161,12.31871],[108.68172,12.3157],[108.68403,12.31744],[108.68694,12.31687],[108.68949,12.31441],[108.69045,12.3106],[108.69506,12.31187],[108.69674,12.30867],[108.70214,12.30836],[108.70851,12.29904],[108.70508,12.29612],[108.70264,12.28696],[108.70467,12.27914],[108.7037,12.2745],[108.70644,12.26898],[108.70403,12.26499],[108.70798,12.25514],[108.70159,12.24478],[108.70679,12.23408],[108.71062,12.23056],[108.71577,12.22903],[108.71776,12.22539],[108.72026,12.22516],[108.72386,12.21773],[108.71441,12.19931],[108.7121,12.1908],[108.71726,12.18682],[108.71886,12.18249],[108.72198,12.18019],[108.7216,12.17321],[108.72609,12.17011],[108.73195,12.16168],[108.73773,12.15708],[108.74225,12.15624],[108.75727,12.15545],[108.76444,12.1576],[108.76702,12.15669],[108.76995,12.15265],[108.77392,12.15756],[108.77439,12.16162],[108.77743,12.1643],[108.78297,12.16385],[108.7882,12.15818],[108.7933,12.15908],[108.78622,12.12372],[108.79088,12.11704],[108.79216,12.11253],[108.79489,12.11064],[108.7959,12.10234],[108.79843,12.10011],[108.79947,12.09662],[108.79609,12.09386],[108.7964,12.08773],[108.80153,12.08482],[108.80425,12.07595],[108.80314,12.07035],[108.81065,12.05905],[108.8054,12.05132],[108.80345,12.05078],[108.80197,12.04411],[108.80759,12.04458],[108.8109,12.04163],[108.82123,12.03918],[108.82556,12.03006],[108.83847,12.02151],[108.8571,12.01731],[108.85664,12.01431],[108.85972,12.00439],[108.86002,11.99498],[108.85825,11.99097],[108.84941,11.98325],[108.84762,11.97965],[108.85097,11.97536],[108.85097,11.96747],[108.85292,11.96418],[108.8672,11.96734],[108.87193,11.96342],[108.87459,11.95821],[108.87599,11.9579],[108.87879,11.9612],[108.88206,11.95959],[108.88292,11.95722],[108.88951,11.95281],[108.89301,11.94684],[108.9068,11.9496],[108.90941,11.94803],[108.91198,11.95117],[108.91665,11.95217],[108.92109,11.94895],[108.92452,11.94275],[108.92787,11.94045],[108.93165,11.94056],[108.93601,11.9362],[108.93905,11.93781],[108.94256,11.93535],[108.94801,11.93727],[108.95455,11.93206],[108.95755,11.92467],[108.96519,11.92359],[108.96643,11.92091],[108.97543,11.91681],[108.98069,11.91686],[108.98218,11.91456],[108.99054,11.91451],[108.99366,11.91758],[109.0059,11.9233],[109.02103,11.91026],[109.03416,11.91005],[109.03774,11.90868],[109.049,11.89806],[109.05491,11.88458],[109.05999,11.86125],[109.07689,11.83495],[109.09063,11.82587],[109.09463,11.81591],[109.10746,11.80984],[109.10936,11.80707],[109.1111,11.80804],[109.11938,11.80504],[109.13502,11.80458],[109.17793,11.81131],[109.19501,11.81187],[109.19197,11.81456],[109.18803,11.81303],[109.18515,11.81353],[109.18189,11.81651],[109.1809,11.82233],[109.18179,11.82918],[109.18481,11.83031],[109.17925,11.83414],[109.1798,11.83654],[109.17751,11.84161],[109.17892,11.84759],[109.18348,11.85152],[109.18052,11.85237],[109.17997,11.85634],[109.19233,11.87198],[109.2082,11.88163],[109.21725,11.88259],[109.22005,11.88129],[109.22143,11.87818],[109.22396,11.8815],[109.2317,11.88091],[109.23934,11.87596],[109.24076,11.87285],[109.23985,11.86935],[109.24491,11.86651],[109.2475,11.86329],[109.24925,11.86334],[109.24687,11.85636],[109.24849,11.85231],[109.25186,11.85515],[109.25074,11.85571],[109.2506,11.8601],[109.25486,11.86459],[109.25992,11.86568],[109.26308,11.8611],[109.26656,11.86329],[109.26891,11.86131],[109.27149,11.86211],[109.27218,11.86695],[109.27631,11.87239],[109.27922,11.87388],[109.28098,11.88004],[109.27728,11.88059],[109.27761,11.88292],[109.27253,11.8823],[109.27511,11.88573],[109.27505,11.88825],[109.27102,11.88756],[109.27126,11.88943],[109.26703,11.89266],[109.26953,11.89556],[109.26719,11.89599],[109.26753,11.89773],[109.26174,11.90341],[109.26224,11.9058],[109.25946,11.91269],[109.25813,11.92272],[109.26091,11.93106],[109.26486,11.93527],[109.26826,11.93668],[109.27082,11.93596],[109.27058,11.93433],[109.2727,11.93462],[109.27283,11.93588],[109.27431,11.93521],[109.27381,11.93735],[109.27632,11.94486],[109.27884,11.94482],[109.27986,11.94622],[109.28187,11.94482],[109.28224,11.94888],[109.28417,11.94996],[109.2827,11.95086],[109.28403,11.95463],[109.27846,11.95069],[109.27312,11.95235],[109.27013,11.9568],[109.27062,11.95847],[109.27282,11.95915],[109.27085,11.95997],[109.27246,11.97004],[109.27165,11.97211],[109.26962,11.97226],[109.27036,11.97481],[109.2678,11.97547],[109.26552,11.97435],[109.26267,11.97799],[109.25986,11.97896],[109.25477,11.97551],[109.25299,11.97601],[109.242,11.98772],[109.22704,12.01285],[109.20464,12.0575],[109.19516,12.09061],[109.19483,12.10864],[109.19644,12.11679],[109.19878,12.11842],[109.20681,12.11809],[109.21185,12.12336],[109.2146,12.13758],[109.2162,12.13942],[109.22324,12.14039],[109.2238,12.14152],[109.22293,12.14488],[109.22397,12.14866],[109.22091,12.15434],[109.21233,12.15857],[109.20896,12.15877],[109.2009,12.16374],[109.20177,12.16511],[109.20004,12.17169],[109.2019,12.17331],[109.20518,12.17141],[109.20598,12.17451],[109.20812,12.17526],[109.20948,12.18483],[109.20678,12.18869],[109.21588,12.19773],[109.21542,12.2075],[109.21762,12.20964],[109.21686,12.2114],[109.21054,12.21474],[109.20417,12.22234],[109.20002,12.2301],[109.19783,12.23818],[109.19717,12.25464],[109.20049,12.26431],[109.20638,12.26822],[109.20684,12.2731],[109.20474,12.27226],[109.20279,12.2746],[109.20295,12.28124],[109.20756,12.29097],[109.21144,12.29146],[109.21924,12.29544],[109.22979,12.29386],[109.23516,12.29509],[109.23511,12.29726],[109.23912,12.29957],[109.23977,12.30229],[109.24092,12.30144],[109.2405,12.30298],[109.24144,12.30258],[109.24302,12.30543],[109.23945,12.30747],[109.23873,12.30648],[109.23665,12.30824],[109.23462,12.30784],[109.22657,12.31613],[109.22249,12.31784],[109.22131,12.32159],[109.21197,12.32429],[109.20928,12.33094],[109.2103,12.33175],[109.20196,12.33631],[109.20175,12.34116],[109.20392,12.34337],[109.19787,12.34765],[109.19914,12.35533],[109.19578,12.35988],[109.19867,12.36647],[109.19638,12.37673],[109.19698,12.38093],[109.20119,12.389],[109.19967,12.39054],[109.19979,12.394],[109.1979,12.39504],[109.19835,12.39854],[109.19241,12.39735],[109.18952,12.40122],[109.18316,12.40409],[109.17797,12.40329],[109.17274,12.40778],[109.17146,12.40268],[109.16301,12.40494],[109.16346,12.40632],[109.15872,12.41213],[109.1602,12.41935],[109.15572,12.42426],[109.15135,12.42458],[109.15151,12.42821],[109.15639,12.43225],[109.16033,12.43215],[109.1634,12.43418],[109.16646,12.44123],[109.17093,12.44424],[109.17475,12.45233],[109.17662,12.45292],[109.17701,12.45637],[109.18796,12.44742],[109.189,12.44858],[109.19066,12.44787],[109.19445,12.44193],[109.19922,12.43895],[109.20034,12.44017],[109.20712,12.43803],[109.21126,12.43267],[109.2143,12.43214],[109.21468,12.42971],[109.21827,12.42564],[109.22135,12.42467],[109.22346,12.4213],[109.22512,12.42095],[109.22566,12.41621],[109.23099,12.41183],[109.23377,12.41253],[109.23628,12.4107],[109.23794,12.40481],[109.24312,12.40494],[109.24552,12.39614],[109.25408,12.38735],[109.25861,12.38054],[109.26481,12.37553],[109.26334,12.37187],[109.26032,12.37164],[109.2613,12.36203],[109.26449,12.3613],[109.26519,12.35906],[109.2725,12.35697],[109.27527,12.35889],[109.27734,12.35856],[109.27918,12.35651],[109.2788,12.35231],[109.2816,12.34964],[109.29073,12.34631],[109.29396,12.34658],[109.2966,12.35196],[109.30031,12.35394],[109.29925,12.36312],[109.30161,12.36828],[109.30189,12.37991],[109.30779,12.38564],[109.30852,12.38857],[109.31133,12.38933],[109.3149,12.3875],[109.31516,12.38482],[109.3189,12.38397],[109.31995,12.3775],[109.32732,12.37283],[109.33055,12.37794],[109.32768,12.38022],[109.32644,12.38425],[109.33008,12.3873],[109.33756,12.38861],[109.34198,12.39905],[109.33703,12.40848],[109.33277,12.40657],[109.32968,12.40698],[109.32588,12.41086],[109.32544,12.41341],[109.32212,12.41534],[109.32228,12.4168],[109.31944,12.4182],[109.31457,12.41778],[109.31036,12.41554],[109.30715,12.41628],[109.30233,12.41851],[109.29889,12.42476],[109.29475,12.4225],[109.28965,12.42768],[109.2852,12.44317],[109.28982,12.44929],[109.29005,12.45331],[109.28768,12.45645],[109.29302,12.46182],[109.29437,12.46661],[109.2929,12.46993],[109.29754,12.47312],[109.29557,12.47468],[109.29681,12.47602],[109.29504,12.47961],[109.2916,12.47988],[109.28988,12.48378],[109.28799,12.48431],[109.28488,12.48885],[109.28116,12.48981],[109.27719,12.48581],[109.25155,12.50671],[109.246,12.50846],[109.24376,12.50711],[109.23872,12.50963],[109.23769,12.5205],[109.23294,12.52505],[109.23008,12.53531],[109.23014,12.54578],[109.23215,12.5618],[109.23652,12.57332],[109.24078,12.57531],[109.24565,12.57394],[109.24368,12.57562],[109.24557,12.5802],[109.24352,12.58609],[109.23419,12.58878],[109.23381,12.59349],[109.23175,12.59334],[109.2233,12.58649],[109.21961,12.57645],[109.21567,12.57579],[109.21134,12.56894],[109.20732,12.56899],[109.20377,12.56607],[109.20204,12.56703],[109.20076,12.56604],[109.19457,12.57203],[109.1956,12.57664],[109.2,12.58333],[109.19929,12.59244],[109.20198,12.59729],[109.20274,12.60239],[109.19951,12.60498],[109.20222,12.60686],[109.20391,12.61638],[109.20184,12.62106],[109.19589,12.62033],[109.19282,12.62506],[109.19153,12.62473],[109.1903,12.62984],[109.19263,12.63713],[109.1971,12.64412],[109.20099,12.646],[109.20345,12.64967],[109.2073,12.64984],[109.21142,12.64656],[109.21322,12.64934],[109.21499,12.64967],[109.2155,12.65133],[109.21423,12.6521],[109.21543,12.65523],[109.21022,12.66195],[109.21046,12.66787],[109.22407,12.68504],[109.22748,12.69326],[109.24128,12.7023],[109.24788,12.70397],[109.25254,12.70202],[109.25613,12.70316],[109.25844,12.70954],[109.26532,12.71223],[109.26931,12.71791],[109.27088,12.72322],[109.28845,12.73833],[109.28778,12.73933],[109.29156,12.74228],[109.29477,12.74928],[109.30225,12.75597],[109.30439,12.76075],[109.31269,12.76188],[109.31498,12.76544],[109.31945,12.766],[109.32426,12.76418],[109.32759,12.77089],[109.3255,12.77225],[109.32973,12.77805],[109.32924,12.78695],[109.33179,12.79367],[109.33914,12.79787],[109.35041,12.79912],[109.35252,12.79674],[109.3552,12.78621],[109.35296,12.76463],[109.36054,12.7447],[109.37204,12.72506],[109.37488,12.71767],[109.3787,12.71629],[109.37966,12.7115],[109.37822,12.70988],[109.37886,12.70805],[109.37595,12.70504],[109.3737,12.70428],[109.37258,12.70776],[109.36986,12.70839],[109.36618,12.70493],[109.36572,12.70275],[109.36825,12.70215],[109.37127,12.69794],[109.36849,12.6897],[109.35905,12.68771],[109.35761,12.68865],[109.35703,12.69479],[109.35294,12.69227],[109.34676,12.67902],[109.34746,12.67551],[109.34377,12.66553],[109.34005,12.66553],[109.33513,12.66243],[109.33029,12.66422],[109.32871,12.66293],[109.33303,12.66144],[109.33688,12.65613],[109.33825,12.6515],[109.34431,12.65987],[109.3496,12.66205],[109.35319,12.6612],[109.35441,12.65288],[109.36196,12.65055],[109.36065,12.64649],[109.36417,12.64198],[109.36812,12.64672],[109.36477,12.65331],[109.3699,12.65553],[109.37073,12.65812],[109.3664,12.66601],[109.36808,12.67247],[109.37397,12.67446],[109.37552,12.672],[109.37996,12.66994],[109.38808,12.67087],[109.39322,12.66882],[109.3947,12.6721],[109.39105,12.67879],[109.39411,12.68422],[109.39635,12.68431],[109.39694,12.6775],[109.40092,12.67509],[109.40261,12.66985],[109.40444,12.66891],[109.40639,12.6714],[109.40819,12.65834],[109.40972,12.65405],[109.41152,12.6534],[109.41223,12.64906],[109.40535,12.64498],[109.40968,12.64222],[109.40527,12.64005],[109.40954,12.63893],[109.40918,12.63394],[109.40764,12.63299],[109.4043,12.63488],[109.40313,12.6335],[109.40133,12.63495],[109.40205,12.63297],[109.40098,12.63183],[109.39676,12.63327],[109.39001,12.62955],[109.39038,12.62665],[109.39512,12.62081],[109.39761,12.61273],[109.39743,12.6072],[109.39938,12.60576],[109.40323,12.60774],[109.40547,12.60322],[109.40779,12.60202],[109.41077,12.60514],[109.41447,12.60336],[109.41529,12.59926],[109.41355,12.59426],[109.41521,12.59022],[109.41221,12.58586],[109.41264,12.58415],[109.41481,12.58459],[109.41569,12.57708],[109.4187,12.57586],[109.4205,12.57713],[109.42494,12.57347],[109.4279,12.57569],[109.43225,12.56633],[109.4324,12.56237],[109.44014,12.56784],[109.44051,12.57218],[109.43939,12.57346],[109.44063,12.57874],[109.43568,12.58539],[109.43855,12.58872],[109.43617,12.5903],[109.43771,12.5971],[109.43311,12.59502],[109.42955,12.59639],[109.43012,12.60136],[109.43205,12.60386],[109.43467,12.60413],[109.43559,12.60638],[109.43331,12.60764],[109.43362,12.61219],[109.43506,12.61311],[109.43791,12.6121],[109.43486,12.61684],[109.43646,12.61962],[109.43492,12.6219],[109.4357,12.62295],[109.43271,12.62462],[109.43704,12.631],[109.43427,12.634],[109.43491,12.64064],[109.43888,12.64803],[109.4424,12.64732],[109.44549,12.64788],[109.44697,12.64994],[109.45024,12.64882],[109.45381,12.65057],[109.45662,12.64772],[109.4596,12.64922],[109.46137,12.64806],[109.46054,12.65094],[109.45719,12.65285],[109.45992,12.65899],[109.45768,12.6598],[109.45429,12.66449],[109.45356,12.66817],[109.44735,12.66764],[109.44248,12.66395],[109.44056,12.66733],[109.44057,12.67187],[109.43644,12.6702],[109.43574,12.66826],[109.42978,12.66757],[109.42828,12.66895],[109.42687,12.66831],[109.42435,12.67101],[109.41609,12.68249],[109.41045,12.69334],[109.41167,12.69644],[109.41418,12.69646],[109.41736,12.70408],[109.41388,12.70338],[109.4106,12.70025],[109.40657,12.69997],[109.40239,12.70273],[109.39749,12.71],[109.37558,12.75086],[109.36667,12.7723],[109.35997,12.79441],[109.35885,12.8106],[109.36204,12.81423],[109.36615,12.81429],[109.35752,12.81842],[109.35781,12.82378],[109.36083,12.83167],[109.3656,12.83714],[109.36866,12.8355],[109.37155,12.83681],[109.37645,12.83641],[109.39041,12.84363],[109.37669,12.85573],[109.37512,12.8601],[109.36782,12.86852],[109.3647,12.86457],[109.36362,12.85976],[109.35082,12.85668],[109.34301,12.84726],[109.34033,12.8491],[109.33186,12.84842],[109.32882,12.84066],[109.32149,12.83589],[109.31934,12.8369],[109.31681,12.84333],[109.30952,12.83894],[109.30527,12.83897],[109.30194,12.84107],[109.29729,12.83623],[109.28686,12.83188],[109.27989,12.83418],[109.27122,12.83214],[109.26088,12.83807],[109.25723,12.83785],[109.25401,12.83596],[109.25516,12.83333],[109.25244,12.83213],[109.24847,12.82702],[109.23356,12.81743],[109.22942,12.81251],[109.22001,12.81944],[109.21678,12.82665],[109.21006,12.82979],[109.18745,12.82699],[109.18213,12.82949],[109.17863,12.82614],[109.1693,12.82681],[109.16488,12.82354],[109.1622,12.81503],[109.15834,12.81318],[109.15585,12.80421],[109.14219,12.78162],[109.13945,12.78158],[109.1264,12.79585],[109.11829,12.79809],[109.11783,12.79082],[109.11305,12.78557],[109.11013,12.77901],[109.10947,12.77314],[109.10551,12.7707],[109.10322,12.7665],[109.0965,12.76347],[109.09226,12.75979],[109.09394,12.75067],[109.0882,12.74331],[109.08172,12.74285],[109.06939,12.75259],[109.06186,12.74415],[109.05875,12.74596],[109.05111,12.74648],[109.04553,12.74395],[109.04157,12.74503],[109.03968,12.74312],[109.0411,12.73773],[109.0401,12.73612],[109.03314,12.734],[109.02711,12.73541],[109.02,12.72981],[109.01476,12.72846],[109.01492,12.7266],[109.02124,12.72312],[109.02055,12.72162],[109.01637,12.72089],[109.01552,12.71799],[109.00994,12.71773],[109.00538,12.71301],[108.99482,12.70648]]],[[[109.3069,12.17052],[109.30437,12.17185],[109.29805,12.17105],[109.29707,12.16717],[109.30088,12.16367],[109.30904,12.16516],[109.31317,12.16163],[109.31442,12.16375],[109.31673,12.16364],[109.31153,12.16705],[109.31102,12.16934],[109.3069,12.17052]]],[[[109.24888,12.1772],[109.24381,12.18022],[109.23558,12.17921],[109.23434,12.17747],[109.24091,12.17349],[109.24721,12.17243],[109.25165,12.16988],[109.24888,12.1772]]],[[[109.27803,12.17689],[109.27595,12.18192],[109.27529,12.18029],[109.27206,12.18164],[109.27113,12.17508],[109.27544,12.1739],[109.27803,12.17689]]],[[[109.22653,12.19668],[109.22465,12.19581],[109.22234,12.19708],[109.22275,12.1938],[109.2204,12.19353],[109.21858,12.18981],[109.22213,12.18835],[109.22374,12.1837],[109.22532,12.18283],[109.22643,12.18739],[109.23406,12.19404],[109.23247,12.1955],[109.22522,12.19332],[109.22653,12.19668]]],[[[109.27266,12.23237],[109.26784,12.23369],[109.26655,12.23644],[109.26449,12.23566],[109.26468,12.23255],[109.26128,12.22779],[109.26251,12.21979],[109.25978,12.21657],[109.26026,12.21307],[109.25845,12.21212],[109.25578,12.21498],[109.25475,12.21917],[109.25223,12.22023],[109.25152,12.2247],[109.24896,12.22283],[109.24521,12.22421],[109.24389,12.22927],[109.24469,12.23137],[109.24199,12.22999],[109.2379,12.23263],[109.23405,12.23219],[109.2304,12.22641],[109.24009,12.22446],[109.24179,12.21857],[109.24047,12.21541],[109.24398,12.20965],[109.24849,12.20867],[109.25377,12.20529],[109.25353,12.2039],[109.2585,12.19935],[109.26931,12.19709],[109.27261,12.19311],[109.27324,12.18794],[109.27653,12.18457],[109.28429,12.18101],[109.29097,12.18026],[109.29194,12.18294],[109.29522,12.18195],[109.29441,12.18537],[109.28953,12.18862],[109.28913,12.19427],[109.29866,12.20236],[109.30237,12.20758],[109.30222,12.20384],[109.30399,12.2012],[109.30019,12.20004],[109.29971,12.19734],[109.29786,12.19798],[109.29716,12.19576],[109.29918,12.19264],[109.30617,12.19276],[109.31106,12.19004],[109.32329,12.19412],[109.32396,12.19178],[109.32025,12.19177],[109.31573,12.18862],[109.31837,12.1856],[109.32386,12.18504],[109.32592,12.18684],[109.32669,12.19138],[109.33546,12.19391],[109.33148,12.20039],[109.3276,12.20121],[109.32857,12.20471],[109.32758,12.20987],[109.33054,12.21093],[109.33134,12.21671],[109.32867,12.2214],[109.32434,12.22034],[109.32066,12.22163],[109.31824,12.22731],[109.31625,12.22724],[109.31438,12.22517],[109.31143,12.21486],[109.30646,12.21346],[109.30478,12.21496],[109.30324,12.22267],[109.30079,12.2217],[109.29797,12.22359],[109.29813,12.22808],[109.29636,12.23031],[109.29136,12.22921],[109.28816,12.23019],[109.28402,12.22804],[109.27993,12.22788],[109.27395,12.22941],[109.27266,12.23237]]],[[[109.24513,12.28961],[109.24332,12.29053],[109.2417,12.28885],[109.24352,12.28726],[109.24629,12.28821],[109.24513,12.28961]]],[[[109.21547,12.35776],[109.21847,12.3611],[109.21477,12.3626],[109.2134,12.36094],[109.21038,12.36088],[109.21547,12.35776]]],[[[109.21794,12.38466],[109.21885,12.38278],[109.21899,12.38544],[109.21685,12.38827],[109.21794,12.38466]]],[[[109.23514,12.39537],[109.23034,12.3994],[109.22667,12.39824],[109.2266,12.39413],[109.22118,12.38797],[109.2255,12.38433],[109.23267,12.38314],[109.23483,12.38086],[109.23658,12.38164],[109.23863,12.38324],[109.24045,12.38811],[109.23758,12.39489],[109.23514,12.39537]]],[[[109.22424,12.3994],[109.22458,12.40229],[109.22063,12.39993],[109.22481,12.39828],[109.22424,12.3994]]],[[[109.20381,12.40094],[109.20337,12.40231],[109.20175,12.40141],[109.20381,12.40094]]],[[[109.21899,12.40009],[109.22012,12.40156],[109.2179,12.40382],[109.21614,12.40235],[109.21899,12.40009]]],[[[109.3067,12.47576],[109.30742,12.47664],[109.30328,12.47661],[109.3067,12.47576]]],[[[109.31501,12.49707],[109.31355,12.49821],[109.30609,12.49728],[109.29943,12.49453],[109.29424,12.49446],[109.29152,12.48576],[109.29975,12.48536],[109.3028,12.48646],[109.30565,12.4916],[109.30996,12.49533],[109.31501,12.49707]]],[[[109.29918,12.63487],[109.30268,12.63474],[109.30372,12.63629],[109.30168,12.63728],[109.29693,12.63437],[109.29918,12.63487]]],[[[109.30573,12.63769],[109.30651,12.63596],[109.30877,12.63581],[109.30852,12.63849],[109.30573,12.63769]]],[[[109.29245,12.63756],[109.29486,12.63645],[109.29667,12.63925],[109.29536,12.63999],[109.29245,12.63756]]],[[[109.219,12.64025],[109.22049,12.64197],[109.21855,12.64411],[109.21658,12.64294],[109.219,12.64025]]],[[[109.31723,12.64081],[109.31771,12.64547],[109.31502,12.64528],[109.31723,12.64081]]],[[[109.27945,12.69518],[109.28178,12.69464],[109.28697,12.69943],[109.28724,12.70123],[109.27945,12.69518]]],[[[109.28871,12.70405],[109.28822,12.70272],[109.29235,12.70722],[109.28871,12.70405]]],[[[109.31338,12.72231],[109.30708,12.72425],[109.29763,12.72016],[109.29452,12.71579],[109.29465,12.71145],[109.30272,12.71193],[109.30484,12.71631],[109.31338,12.72231]]],[[[109.94603,7.50554],[109.95747,7.5227],[109.93841,7.53605],[109.88814,7.55453],[109.79001,7.56543],[109.69189,7.55816],[109.61921,7.52545],[109.55016,7.45277],[109.47384,7.34011],[109.46942,7.32062],[109.49611,7.31299],[109.59715,7.4636],[109.66006,7.50745],[109.71916,7.52842],[109.7878,7.53414],[109.86024,7.5227],[109.92315,7.50745],[109.94603,7.50554]]],[[[111.53538,7.52577],[111.54678,7.50865],[111.58101,7.52292],[111.60668,7.5657],[111.61809,7.59422],[111.60383,7.61704],[111.5696,7.60848],[111.54108,7.56855],[111.53538,7.52577]]],[[[111.66373,7.67694],[111.66658,7.63986],[111.6951,7.63986],[111.72077,7.65982],[111.74074,7.6969],[111.73504,7.72257],[111.70936,7.72828],[111.67799,7.70831],[111.66373,7.67694]]],[[[110.46241,7.78084],[110.48548,7.77622],[110.50393,7.79237],[110.52239,7.81313],[110.51547,7.82928],[110.49701,7.83389],[110.48317,7.82236],[110.46241,7.8016],[110.46241,7.78084]]],[[[111.72933,7.93364],[111.68655,7.9422],[111.64661,7.94505],[111.61524,7.90797],[111.59527,7.86804],[111.56675,7.84237],[111.54678,7.8167],[111.54393,7.79103],[111.5639,7.76251],[111.59242,7.7568],[111.6238,7.8224],[111.63806,7.85663],[111.68369,7.88516],[111.72363,7.8766],[111.74074,7.90227],[111.72933,7.93364]]],[[[110.06042,7.95546],[110.04095,7.95384],[110.01011,7.93402],[109.95175,7.89255],[109.94374,7.88907],[109.93191,7.87457],[109.92506,7.82964],[109.94984,7.81439],[109.98461,7.8103],[110.05453,7.84643],[110.07493,7.86886],[110.08711,7.91352],[110.08329,7.94212],[110.06042,7.95546]]],[[[110.64379,7.98406],[110.63616,8.04125],[110.61519,8.04125],[110.60375,8.01266],[110.61138,7.98215],[110.64379,7.98406]]],[[[112.00651,8.04952],[112.01861,8.06297],[112.01996,8.07238],[112.01727,8.08986],[112.00651,8.09927],[111.97693,8.10733],[111.94466,8.10733],[111.92719,8.09389],[111.9245,8.0791],[111.92584,8.06028],[111.95408,8.04952],[111.98903,8.04549],[112.00651,8.04952]]],[[[110.47221,8.1442],[110.44943,8.13708],[110.46637,8.07131],[110.49148,8.06451],[110.55204,8.09017],[110.59422,8.14611],[110.59803,8.17661],[110.57566,8.1822],[110.47221,8.1442]]],[[[111.4624,8.52137],[111.47307,8.519],[111.50036,8.5273],[111.50866,8.54391],[111.50866,8.55459],[111.49917,8.55696],[111.48612,8.55459],[111.47189,8.54984],[111.46477,8.54272],[111.46121,8.52849],[111.4624,8.52137]]],[[[111.93501,8.61575],[111.93637,8.61924],[111.93599,8.62353],[111.9302,8.62954],[111.92541,8.63062],[111.92056,8.62985],[111.91435,8.62421],[111.91448,8.61695],[111.92023,8.61168],[111.92855,8.61119],[111.93501,8.61575]]],[[[111.71269,8.65186],[111.71269,8.66609],[111.70439,8.67796],[111.68422,8.68033],[111.66168,8.67677],[111.64982,8.66491],[111.64152,8.65304],[111.6427,8.64],[111.65101,8.63169],[111.65914,8.6279],[111.67711,8.62932],[111.69609,8.63881],[111.71269,8.65186]]],[[[112.26277,8.85072],[112.25611,8.85643],[112.23422,8.86024],[112.22375,8.86785],[112.20947,8.87071],[112.20186,8.86785],[112.20281,8.86119],[112.20662,8.85357],[112.20947,8.8393],[112.21529,8.83057],[112.22756,8.83454],[112.23803,8.83073],[112.24945,8.83739],[112.26182,8.8412],[112.26277,8.85072]]],[[[112.25752,8.86949],[112.27502,8.85964],[112.28487,8.86402],[112.29252,8.87058],[112.29362,8.8848],[112.28924,8.89902],[112.2794,8.90339],[112.25971,8.89792],[112.2444,8.88699],[112.24877,8.87605],[112.25752,8.86949]]],[[[112.34939,8.91068],[112.36271,8.90783],[112.37889,8.91449],[112.38555,8.92876],[112.3846,8.93923],[112.37509,8.94495],[112.36271,8.94495],[112.34844,8.94399],[112.33797,8.93828],[112.34015,8.92627],[112.34939,8.91068]]],[[[109.3235,12.00516],[109.32275,12.0073],[109.32077,12.00437],[109.32325,12.0034],[109.3235,12.00516]]],[[[109.32574,12.03079],[109.3255,12.03209],[109.32425,12.03171],[109.3247,12.02997],[109.32574,12.03079]]],[[[109.32781,12.04593],[109.32594,12.04645],[109.32458,12.04503],[109.3214,12.03884],[109.32534,12.03399],[109.32727,12.03512],[109.32425,12.03562],[109.32589,12.03691],[109.32409,12.04298],[109.32712,12.04419],[109.32781,12.04593]]],[[[109.32578,12.04879],[109.32637,12.04703],[109.32737,12.04911],[109.32578,12.04879]]],[[[109.36398,12.2716],[109.36269,12.27386],[109.36038,12.27419],[109.35751,12.27123],[109.35906,12.26835],[109.36151,12.26768],[109.36398,12.2716]]],[[[109.36868,12.28416],[109.36839,12.28196],[109.37027,12.28005],[109.37047,12.28514],[109.36849,12.28568],[109.36868,12.28416]]],[[[109.37854,12.36171],[109.37613,12.36468],[109.37393,12.3647],[109.37217,12.36969],[109.36785,12.36767],[109.37369,12.36153],[109.37419,12.35813],[109.3796,12.35603],[109.38046,12.35894],[109.37854,12.36171]]],[[[109.35525,12.48732],[109.35101,12.48544],[109.34874,12.48955],[109.34622,12.48841],[109.34679,12.48359],[109.35112,12.48221],[109.35268,12.47713],[109.35793,12.48025],[109.36109,12.47888],[109.36038,12.48291],[109.35846,12.48212],[109.35581,12.48335],[109.35525,12.48732]]],[[[109.32794,12.49313],[109.32866,12.4941],[109.32655,12.4935],[109.32794,12.49313]]],[[[109.39182,12.54853],[109.39102,12.5473],[109.39223,12.5465],[109.39402,12.5485],[109.39182,12.54853]]],[[[109.46027,12.56558],[109.45964,12.5648],[109.46203,12.56504],[109.46156,12.56616],[109.46027,12.56558]]],[[[109.32495,12.63676],[109.3183,12.6397],[109.3162,12.63582],[109.30451,12.63002],[109.30241,12.61972],[109.30829,12.61074],[109.31627,12.60756],[109.3171,12.60355],[109.31938,12.60393],[109.32102,12.60727],[109.32579,12.60904],[109.33293,12.60801],[109.33421,12.60546],[109.33627,12.60539],[109.33962,12.60206],[109.33851,12.59003],[109.34504,12.58915],[109.34781,12.58577],[109.35099,12.58639],[109.35554,12.58119],[109.3599,12.58198],[109.36061,12.57893],[109.36433,12.57824],[109.36671,12.57606],[109.3672,12.57151],[109.37361,12.5664],[109.38426,12.56608],[109.38524,12.56405],[109.38404,12.5614],[109.38951,12.55907],[109.39039,12.55607],[109.39783,12.54986],[109.4021,12.54863],[109.40439,12.55082],[109.40784,12.55016],[109.41236,12.55419],[109.41346,12.55704],[109.41152,12.56012],[109.4072,12.56273],[109.40253,12.56916],[109.39787,12.57093],[109.39965,12.57658],[109.39724,12.58304],[109.39603,12.58258],[109.39489,12.58542],[109.39747,12.5927],[109.39388,12.59646],[109.3901,12.59753],[109.38828,12.60238],[109.38491,12.6053],[109.38632,12.60909],[109.38339,12.6136],[109.38621,12.6175],[109.38472,12.61838],[109.38491,12.62376],[109.37617,12.62832],[109.36929,12.62987],[109.36752,12.6319],[109.3635,12.63244],[109.35849,12.62963],[109.35591,12.62573],[109.35058,12.62794],[109.34654,12.62633],[109.34416,12.62763],[109.3443,12.63089],[109.34261,12.63301],[109.33824,12.63138],[109.33213,12.63578],[109.32495,12.63676]]],[[[109.44805,12.59567],[109.4492,12.5954],[109.44725,12.59755],[109.44805,12.59567]]],[[[109.37609,12.64395],[109.37723,12.64513],[109.37602,12.64676],[109.37384,12.64628],[109.37609,12.64395]]],[[[109.34705,12.64681],[109.34988,12.64985],[109.34918,12.65211],[109.34001,12.65124],[109.33891,12.64722],[109.34325,12.64179],[109.34818,12.643],[109.34705,12.64681]]],[[[109.39655,12.65453],[109.39502,12.65421],[109.39427,12.65679],[109.3951,12.65281],[109.39293,12.65005],[109.40263,12.64311],[109.4021,12.64567],[109.39919,12.64838],[109.401,12.64924],[109.40394,12.64772],[109.40461,12.65048],[109.40329,12.64985],[109.4016,12.65264],[109.39655,12.65453]]],[[[109.46592,12.65399],[109.46685,12.65085],[109.46872,12.65196],[109.46906,12.65715],[109.46654,12.65729],[109.46592,12.65399]]],[[[109.32039,12.72933],[109.3214,12.72892],[109.32137,12.73103],[109.32039,12.72933]]],[[[113.83924,7.38482],[113.84735,7.39294],[113.84292,7.41585],[113.83914,7.42115],[113.83082,7.42417],[113.81796,7.42115],[113.79301,7.40149],[113.78847,7.38636],[113.79377,7.37729],[113.80586,7.37578],[113.81268,7.37893],[113.82029,7.37805],[113.83924,7.38482]]],[[[114.00334,7.59427],[114.00905,7.60498],[114.00691,7.61426],[114.00048,7.61854],[113.98764,7.61783],[113.98264,7.6214],[113.97479,7.6214],[113.96836,7.61854],[113.96304,7.61265],[113.95908,7.60426],[113.96479,7.59427],[113.98193,7.5857],[113.99406,7.58927],[114.00334,7.59427]]],[[[113.83675,7.62275],[113.83463,7.63969],[113.82405,7.64922],[113.80922,7.64922],[113.78699,7.64604],[113.77217,7.63757],[113.76581,7.62592],[113.76581,7.61428],[113.77534,7.60369],[113.78835,7.60125],[113.80499,7.60157],[113.83146,7.61322],[113.83675,7.62275]]],[[[112.93139,7.89332],[112.91899,7.89911],[112.90989,7.89663],[112.89914,7.87926],[112.90162,7.85693],[112.90824,7.84949],[112.91651,7.84672],[112.92478,7.84783],[112.93387,7.85528],[112.94049,7.87347],[112.95124,7.8743],[112.95703,7.88257],[112.9529,7.89415],[112.9438,7.89663],[112.93139,7.89332]]],[[[113.97016,7.97215],[113.94898,8.00815],[113.93734,8.02085],[113.91934,8.02297],[113.90346,8.01873],[113.89604,8.01132],[113.89287,8.00073],[113.8971,7.97638],[113.90981,7.95838],[113.9331,7.94568],[113.94581,7.94144],[113.95745,7.9425],[113.96486,7.94674],[113.9691,7.95944],[113.97016,7.97215]]],[[[114.09928,8.11131],[114.0897,8.09696],[114.09928,8.07542],[114.12321,8.07542],[114.13996,8.09935],[114.13517,8.12328],[114.11363,8.12567],[114.09928,8.11131]]],[[[113.29626,8.13351],[113.28531,8.13066],[113.28389,8.11495],[113.28008,8.11067],[113.27913,8.1021],[113.28293,8.0983],[113.28389,8.09211],[113.28208,8.08515],[113.28436,8.08021],[113.29816,8.07545],[113.30625,8.07879],[113.30673,8.09068],[113.31006,8.09734],[113.31672,8.09925],[113.32005,8.10401],[113.32053,8.10829],[113.31815,8.11353],[113.32196,8.11781],[113.32386,8.12542],[113.32101,8.12923],[113.29911,8.12971],[113.29626,8.13351]]],[[[113.32814,8.23868],[113.32814,8.22869],[113.32434,8.22203],[113.31815,8.21727],[113.31672,8.2087],[113.31101,8.20014],[113.29769,8.18538],[113.28627,8.16825],[113.26723,8.13399],[113.26818,8.12828],[113.27532,8.12733],[113.27817,8.12971],[113.28293,8.13875],[113.31054,8.17729],[113.31863,8.18015],[113.32196,8.17682],[113.32434,8.16873],[113.32243,8.16159],[113.31815,8.1554],[113.31529,8.14636],[113.31625,8.14208],[113.32005,8.1397],[113.35146,8.17444],[113.37954,8.2225],[113.38525,8.23773],[113.38668,8.28532],[113.38477,8.2977],[113.37859,8.30864],[113.3705,8.31245],[113.36431,8.31245],[113.35717,8.30959],[113.35003,8.29532],[113.34813,8.28152],[113.35051,8.27628],[113.35241,8.26581],[113.35194,8.25629],[113.34908,8.24725],[113.34194,8.24392],[113.33243,8.24344],[113.32814,8.23868]]],[[[114.25084,8.72822],[114.24418,8.75202],[114.23085,8.78057],[114.21562,8.79485],[114.19564,8.79104],[114.18897,8.78247],[114.18897,8.7682],[114.19849,8.73393],[114.21086,8.71109],[114.22229,8.71109],[114.22324,8.71871],[114.22038,8.72917],[114.22038,8.73869],[114.228,8.73964],[114.23656,8.73108],[114.24227,8.71775],[114.25084,8.71966],[114.25084,8.72822]]],[[[113.99671,8.80246],[113.9872,8.80817],[113.97768,8.81674],[113.9653,8.84053],[113.95579,8.84244],[113.94912,8.83863],[113.94722,8.82721],[113.95293,8.81198],[113.97006,8.78723],[113.9872,8.77867],[114.00052,8.77867],[114.00528,8.78723],[114.00528,8.79485],[113.99671,8.80246]]],[[[114.03859,8.83958],[114.00909,8.86338],[113.99291,8.87194],[113.98053,8.87099],[113.97482,8.86433],[113.97482,8.85767],[113.98148,8.8472],[113.99957,8.83387],[114.006,8.82052],[114.01575,8.80817],[114.01765,8.7958],[114.01765,8.78438],[114.02717,8.77486],[114.0443,8.77676],[114.04811,8.79675],[114.04525,8.82626],[114.03859,8.83958]]],[[[112.63016,8.8412],[112.61303,8.85167],[112.60256,8.86024],[112.59114,8.86119],[112.5683,8.85643],[112.53879,8.85262],[112.53498,8.8393],[112.54545,8.82883],[112.56045,8.81724],[112.57306,8.81265],[112.59495,8.8117],[112.62921,8.8136],[112.6492,8.82312],[112.64444,8.83359],[112.63016,8.8412]]],[[[113.9339,8.85291],[113.93009,8.85957],[113.93104,8.86909],[113.92914,8.88051],[113.91867,8.88812],[113.90915,8.88907],[113.89773,8.88146],[113.89297,8.86718],[113.89773,8.85386],[113.91867,8.83577],[113.93104,8.83768],[113.9339,8.85291]]],[[[112.84146,8.8964],[112.85954,8.88974],[112.87096,8.89545],[112.87572,8.90497],[112.87001,8.91734],[112.85193,8.92591],[112.83575,8.92686],[112.82338,8.9221],[112.82338,8.91258],[112.82718,8.90592],[112.84146,8.8964]]],[[[113.6551,8.97147],[113.6674,8.96902],[113.6712,8.97854],[113.66549,8.98616],[113.65502,8.98711],[113.64265,8.9852],[113.64075,8.97854],[113.6436,8.97283],[113.6551,8.97147]]],[[[113.71023,8.96617],[113.71499,8.97283],[113.72831,8.97378],[113.73212,8.98045],[113.73021,8.99092],[113.72165,8.99282],[113.70927,8.98616],[113.69358,8.97282],[113.6988,8.96712],[113.71023,8.96617]]],[[[113.66362,9.00195],[113.67482,9.01651],[113.67594,9.02883],[113.6681,9.03667],[113.6569,9.03891],[113.65018,9.03555],[113.64346,9.02547],[113.63114,9.01875],[113.63114,9.00867],[113.64007,8.99793],[113.65242,8.99747],[113.66362,9.00195]]],[[[113.69405,9.01376],[113.71308,9.0071],[113.72545,9.00614],[113.72641,9.02042],[113.72165,9.02708],[113.71308,9.02899],[113.70642,9.03755],[113.69595,9.03755],[113.68929,9.03089],[113.69029,9.02224],[113.69405,9.01376]]],[[[113.70394,9.21812],[113.68714,9.2338],[113.67146,9.23604],[113.66138,9.23492],[113.65578,9.22148],[113.65578,9.20916],[113.64906,9.20132],[113.65018,9.19124],[113.66474,9.18228],[113.6788,9.18203],[113.69498,9.17892],[113.70282,9.1834],[113.69834,9.19796],[113.69946,9.20692],[113.70394,9.21812]]],[[[114.17377,9.34357],[114.18519,9.34357],[114.19519,9.35499],[114.19804,9.37069],[114.19376,9.3864],[114.17805,9.39211],[114.16521,9.3864],[114.16092,9.37498],[114.16378,9.35642],[114.17377,9.34357]]],[[[112.57103,9.53645],[112.57045,9.55214],[112.55941,9.56144],[112.54604,9.56318],[112.52861,9.55969],[112.51525,9.5504],[112.51002,9.54052],[112.51002,9.53471],[112.51292,9.52599],[112.52048,9.52018],[112.53616,9.51728],[112.55708,9.51728],[112.56405,9.52076],[112.5687,9.52716],[112.57103,9.53645]]],[[[112.88429,9.55868],[112.87791,9.55868],[112.87055,9.55622],[112.86858,9.55033],[112.86466,9.54493],[112.85386,9.54052],[112.8514,9.53561],[112.85317,9.52865],[112.86122,9.52824],[112.873,9.53757],[112.88086,9.54052],[112.88724,9.55328],[112.88429,9.55868]]],[[[112.89853,9.568],[112.90343,9.56997],[112.90638,9.57389],[112.90736,9.58371],[112.90196,9.5896],[112.89607,9.59157],[112.89018,9.58764],[112.88969,9.58273],[112.89362,9.57095],[112.89853,9.568]]],[[[112.92384,9.64715],[112.92384,9.63715],[112.92241,9.63287],[112.90599,9.63144],[112.89814,9.61931],[112.89743,9.61217],[112.90078,9.60573],[112.91384,9.60717],[112.92741,9.61145],[112.93312,9.62288],[112.93455,9.63001],[112.9424,9.6343],[112.95096,9.63216],[112.96167,9.63644],[112.96239,9.64643],[112.96096,9.65714],[112.95667,9.66428],[112.95096,9.66428],[112.94383,9.65785],[112.94383,9.65571],[112.94026,9.65214],[112.92741,9.65143],[112.92384,9.64715]]],[[[113.02306,9.68141],[113.0145,9.68784],[113.00807,9.68926],[112.99736,9.68641],[112.99451,9.68212],[112.98237,9.6807],[112.97381,9.67713],[112.97738,9.66428],[112.98166,9.65714],[112.99665,9.655],[113.00522,9.65571],[113.01664,9.65214],[113.02877,9.64572],[113.04519,9.64786],[113.04947,9.65643],[113.05162,9.66856],[113.04162,9.67427],[113.03163,9.68569],[113.02734,9.68212],[113.02306,9.68141]]],[[[114.30552,9.69813],[114.30552,9.71121],[114.296,9.71716],[114.28173,9.71954],[114.27221,9.72549],[114.26031,9.7243],[114.25793,9.7124],[114.25793,9.70408],[114.26864,9.6898],[114.28173,9.68385],[114.29719,9.68623],[114.30552,9.69813]]],[[[114.25508,9.79354],[114.25508,9.78403],[114.26269,9.76689],[114.26174,9.74786],[114.27031,9.7431],[114.27316,9.73739],[114.28077,9.73168],[114.28921,9.73409],[114.29886,9.74215],[114.29981,9.75452],[114.296,9.7707],[114.28839,9.77831],[114.28839,9.78878],[114.28268,9.7983],[114.27221,9.80306],[114.26079,9.80021],[114.25508,9.79354]]],[[[114.26551,9.81607],[114.27146,9.81785],[114.27324,9.82261],[114.27383,9.83451],[114.27027,9.83986],[114.26134,9.83867],[114.2548,9.82618],[114.25718,9.81964],[114.26134,9.81607],[114.26551,9.81607]]],[[[114.27372,9.84391],[114.278,9.84534],[114.27907,9.84819],[114.27764,9.85462],[114.27265,9.85569],[114.26836,9.85462],[114.26658,9.85105],[114.26943,9.84427],[114.27372,9.84391]]],[[[114.30013,9.8539],[114.29763,9.86568],[114.29406,9.86711],[114.29013,9.86639],[114.28585,9.85819],[114.28656,9.85426],[114.29335,9.85033],[114.30013,9.8539]]],[[[114.34242,9.88686],[114.33261,9.88983],[114.33053,9.88686],[114.3329,9.87556],[114.32755,9.86871],[114.32844,9.86663],[114.3329,9.86396],[114.33647,9.86425],[114.33915,9.87318],[114.34361,9.87496],[114.34569,9.87764],[114.3451,9.88299],[114.34242,9.88686]]],[[[113.89442,10.04045],[113.89694,10.07325],[113.90283,10.08755],[113.89778,10.11699],[113.88685,10.1212],[113.87507,10.11951],[113.85993,10.10101],[113.85618,10.07016],[113.85657,10.04633],[113.84563,9.98409],[113.85068,9.974],[113.8633,9.97147],[113.88264,9.97988],[113.88769,9.99334],[113.89442,10.04045]]],[[[114.26713,10.13537],[114.27486,10.14944],[114.27627,10.16069],[114.27275,10.17124],[114.26009,10.17616],[114.24814,10.17686],[114.2397,10.16983],[114.23267,10.15928],[114.23267,10.14873],[114.23759,10.13537],[114.25798,10.13256],[114.26713,10.13537]]],[[[114.31776,10.15436],[114.32901,10.15576],[114.33675,10.16772],[114.33886,10.1846],[114.33042,10.19233],[114.31073,10.19726],[114.3044,10.19515],[114.29737,10.18741],[114.29385,10.17827],[114.30018,10.16139],[114.31776,10.15436]]],[[[113.63788,10.23578],[113.63863,10.24336],[113.63333,10.25019],[113.62422,10.25853],[113.61209,10.26156],[113.60375,10.25625],[113.5954,10.24564],[113.59464,10.23957],[113.61133,10.22364],[113.6174,10.21985],[113.62498,10.22061],[113.63788,10.23578]]],[[[114.31162,10.27008],[114.31919,10.28438],[114.32004,10.29026],[114.31247,10.29615],[114.30237,10.29783],[114.28723,10.29447],[114.26031,10.27512],[114.2376,10.25241],[114.23003,10.23811],[114.23151,10.22108],[114.24349,10.21709],[114.25695,10.22129],[114.26704,10.23138],[114.27798,10.25157],[114.28807,10.25998],[114.31162,10.27008]]],[[[114.13805,10.891],[114.14261,10.89708],[114.14159,10.90972],[114.13755,10.91934],[114.1335,10.92288],[114.10719,10.92895],[114.09656,10.92743],[114.08796,10.92389],[114.07683,10.91276],[114.06772,10.8996],[114.07127,10.89202],[114.07987,10.88949],[114.08543,10.8824],[114.08594,10.87582],[114.09049,10.86975],[114.0996,10.86975],[114.11984,10.87329],[114.1254,10.87633],[114.12844,10.88898],[114.13805,10.891]]],[[[114.28425,11.03343],[114.29074,11.03482],[114.29771,11.039],[114.2991,11.04457],[114.29539,11.04735],[114.28889,11.04782],[114.28332,11.04503],[114.27961,11.03807],[114.28425,11.03343]]],[[[114.22255,11.05544],[114.22154,11.0605],[114.21597,11.06151],[114.2099,11.0605],[114.20484,11.05291],[114.19725,11.04987],[114.19573,11.04482],[114.1985,11.03957],[114.2099,11.04127],[114.22356,11.04836],[114.22255,11.05544]]],[[[114.3713,11.0605],[114.3799,11.06556],[114.38142,11.07113],[114.3799,11.08124],[114.36826,11.09642],[114.36118,11.10098],[114.35359,11.10047],[114.33538,11.0863],[114.31969,11.06961],[114.31666,11.05949],[114.3207,11.05038],[114.33436,11.04532],[114.35207,11.04937],[114.3713,11.0605]]],[[[114.26302,11.08124],[114.25695,11.08428],[114.25038,11.08226],[114.24683,11.07871],[114.24279,11.08175],[114.23722,11.08023],[114.23419,11.07517],[114.23317,11.0691],[114.23634,11.06354],[114.24734,11.06354],[114.26404,11.0686],[114.26606,11.07416],[114.26302,11.08124]]],[[[114.31095,11.41208],[114.30462,11.41683],[114.30145,11.4163],[114.29934,11.41049],[114.29934,11.40363],[114.31201,11.39203],[114.31359,11.3857],[114.32098,11.38253],[114.32633,11.38524],[114.31992,11.39889],[114.31095,11.41208]]],[[[114.3252,11.42527],[114.33258,11.42157],[114.33786,11.42474],[114.33891,11.43054],[114.33733,11.43582],[114.33258,11.43793],[114.32625,11.4374],[114.32309,11.43213],[114.3252,11.42527]]],[[[114.82062,7.2077],[114.8224,7.18985],[114.84382,7.18093],[114.86166,7.19342],[114.8688,7.21484],[114.8688,7.23804],[114.85631,7.24518],[114.83846,7.23625],[114.82062,7.2077]]],[[[114.67963,7.55748],[114.7064,7.57711],[114.72425,7.59853],[114.72068,7.61459],[114.70819,7.61994],[114.68499,7.61816],[114.67071,7.60745],[114.66179,7.58247],[114.66357,7.56283],[114.67963,7.55748]]],[[[114.90958,7.95855],[114.91379,7.97119],[114.91169,7.99436],[114.90326,8.00805],[114.89273,8.01437],[114.8822,8.01648],[114.86851,8.00805],[114.86429,7.98593],[114.86851,7.96908],[114.88009,7.94907],[114.88325,7.94591],[114.89168,7.94696],[114.89905,7.95644],[114.90958,7.95855]]],[[[114.78131,8.15918],[114.76935,8.14243],[114.77653,8.11131],[114.80524,8.10414],[114.8196,8.1161],[114.81721,8.14243],[114.80524,8.16396],[114.78131,8.15918]]],[[[114.53885,8.16076],[114.53569,8.1397],[114.51953,8.13676],[114.50668,8.13105],[114.50668,8.12106],[114.51525,8.10964],[114.53523,8.10821],[114.5645,8.11718],[114.58233,8.12106],[114.60945,8.13533],[114.61659,8.15246],[114.61574,8.17024],[114.61363,8.18183],[114.60415,8.18709],[114.57466,8.1713],[114.56729,8.16076],[114.55886,8.16076],[114.55465,8.16392],[114.53885,8.16076]]],[[[114.69995,8.2214],[114.67602,8.2214],[114.66405,8.20943],[114.6832,8.1855],[114.71431,8.18311],[114.74302,8.19029],[114.73106,8.20943],[114.69995,8.2214]]],[[[114.67629,8.9319],[114.65725,8.9281],[114.64583,8.91763],[114.64012,8.90525],[114.64012,8.89003],[114.63251,8.88432],[114.62489,8.88146],[114.62204,8.86718],[114.62584,8.85957],[114.63536,8.86147],[114.65154,8.86147],[114.66867,8.86909],[114.68295,8.88812],[114.69342,8.90811],[114.69056,8.92715],[114.67629,8.9319]]],[[[114.71652,9.7178],[114.71652,9.73129],[114.711,9.73803],[114.69935,9.74049],[114.68709,9.73865],[114.67912,9.73068],[114.67667,9.72148],[114.68096,9.71106],[114.68893,9.70554],[114.70058,9.70247],[114.71039,9.70738],[114.71652,9.7178]]],[[[114.34819,9.73814],[114.35652,9.73933],[114.36009,9.7548],[114.35593,9.76015],[114.35057,9.76194],[114.34522,9.75837],[114.34343,9.75242],[114.34343,9.7429],[114.34819,9.73814]]],[[[114.39828,9.76681],[114.40042,9.76931],[114.39971,9.77395],[114.39757,9.77716],[114.39328,9.7818],[114.38936,9.78288],[114.38615,9.78109],[114.384,9.77824],[114.38793,9.76967],[114.39079,9.76753],[114.39828,9.76681]]],[[[114.45665,9.79645],[114.46216,9.79755],[114.46656,9.80196],[114.46822,9.80967],[114.46436,9.81408],[114.45775,9.81684],[114.45004,9.81463],[114.44838,9.80967],[114.45004,9.80031],[114.45665,9.79645]]],[[[114.4738,9.82013],[114.47571,9.81633],[114.48142,9.81442],[114.48618,9.81775],[114.48618,9.82442],[114.4838,9.82775],[114.47856,9.8287],[114.47476,9.82489],[114.4738,9.82013]]],[[[114.511,9.82964],[114.51361,9.83456],[114.51042,9.84498],[114.49913,9.84845],[114.49392,9.84816],[114.49045,9.84469],[114.489,9.84035],[114.49016,9.83572],[114.4974,9.82704],[114.50811,9.82704],[114.511,9.82964]]],[[[114.40816,9.85087],[114.40637,9.85325],[114.40191,9.85414],[114.39388,9.84968],[114.38971,9.85355],[114.38406,9.85414],[114.3793,9.85146],[114.37783,9.84669],[114.38406,9.84343],[114.40459,9.84373],[114.40875,9.84581],[114.40816,9.85087]]],[[[114.53155,9.85511],[114.53618,9.85482],[114.53965,9.85743],[114.53965,9.86148],[114.53387,9.86929],[114.53068,9.87161],[114.5275,9.87161],[114.52605,9.86148],[114.5275,9.85772],[114.53155,9.85511]]],[[[114.37782,9.86187],[114.38317,9.85979],[114.38704,9.86068],[114.38823,9.86336],[114.38971,9.8699],[114.38763,9.87764],[114.38406,9.88269],[114.37752,9.88269],[114.37246,9.87764],[114.37336,9.86544],[114.37782,9.86187]]],[[[114.59002,9.86785],[114.59523,9.86987],[114.5987,9.8745],[114.59957,9.87913],[114.59696,9.88319],[114.58712,9.88492],[114.58365,9.88145],[114.5822,9.87653],[114.58539,9.86958],[114.59002,9.86785]]],[[[114.46546,9.87083],[114.46877,9.87634],[114.46491,9.8835],[114.44288,9.89066],[114.43737,9.88736],[114.43626,9.88129],[114.43902,9.87303],[114.44783,9.86917],[114.4572,9.86807],[114.46546,9.87083]]],[[[114.56541,9.86871],[114.56715,9.87277],[114.56628,9.87971],[114.56223,9.88579],[114.55442,9.89187],[114.55007,9.89245],[114.54486,9.89071],[114.54197,9.88579],[114.54197,9.88029],[114.54718,9.8719],[114.55384,9.86785],[114.56541,9.86871]]],[[[114.49334,9.90345],[114.49103,9.90663],[114.48669,9.90605],[114.48148,9.90432],[114.47829,9.89997],[114.47685,9.89274],[114.47743,9.88463],[114.48321,9.87971],[114.48727,9.87856],[114.49392,9.88782],[114.49479,9.89679],[114.49334,9.90345]]],[[[114.51679,9.89853],[114.51939,9.90055],[114.52113,9.90547],[114.52171,9.91358],[114.5191,9.91879],[114.511,9.91937],[114.50811,9.91647],[114.50579,9.90953],[114.50724,9.90229],[114.50955,9.8994],[114.51679,9.89853]]],[[[114.66601,9.91942],[114.66958,9.94678],[114.66125,9.96582],[114.65054,9.97177],[114.63627,9.97295],[114.61485,9.96939],[114.61247,9.95273],[114.6208,9.94083],[114.61723,9.92775],[114.61692,9.90993],[114.62794,9.90157],[114.64103,9.90157],[114.66601,9.91942]]],[[[114.5712,9.93268],[114.57526,9.93702],[114.57526,9.94107],[114.57323,9.94513],[114.56484,9.94802],[114.55876,9.94715],[114.55181,9.94281],[114.54921,9.93731],[114.55181,9.93181],[114.55528,9.92979],[114.56281,9.9295],[114.5712,9.93268]]],[[[114.57873,9.95323],[114.58104,9.9486],[114.58596,9.94657],[114.58973,9.94831],[114.59002,9.95149],[114.58799,9.95555],[114.58423,9.95786],[114.58018,9.9567],[114.57873,9.95323]]],[[[114.39019,10.21484],[114.38176,10.21062],[114.3691,10.21202],[114.35855,10.20781],[114.35644,10.19093],[114.35995,10.18389],[114.36628,10.17827],[114.38597,10.17968],[114.40004,10.18389],[114.42536,10.20148],[114.4345,10.21132],[114.43591,10.21976],[114.43239,10.22468],[114.42325,10.2275],[114.40637,10.22328],[114.39019,10.21484]]],[[[114.61523,10.28657],[114.6075,10.28797],[114.59765,10.28516],[114.58781,10.27743],[114.57233,10.2711],[114.54842,10.26406],[114.53858,10.25563],[114.53717,10.24859],[114.54069,10.23945],[114.54983,10.23453],[114.56249,10.23664],[114.57585,10.24156],[114.5871,10.24789],[114.60117,10.26125],[114.62227,10.26899],[114.62227,10.27743],[114.61523,10.28657]]],[[[114.71419,10.38072],[114.70557,10.37741],[114.69729,10.3615],[114.69198,10.35687],[114.68867,10.34957],[114.69033,10.32737],[114.69298,10.32041],[114.70027,10.31644],[114.70027,10.3118],[114.70424,10.30981],[114.7069,10.3108],[114.71319,10.31909],[114.72578,10.31809],[114.73407,10.33135],[114.74103,10.35156],[114.74633,10.35653],[114.74699,10.36946],[114.74567,10.3741],[114.7407,10.37708],[114.72247,10.38072],[114.71419,10.38072]]],[[[114.37153,10.37907],[114.37286,10.38437],[114.36557,10.38768],[114.3606,10.38636],[114.35364,10.38106],[114.35231,10.37741],[114.35331,10.3741],[114.36126,10.37078],[114.3659,10.37178],[114.37153,10.37907]]],[[[114.48023,10.3731],[114.48288,10.37443],[114.48553,10.38271],[114.48421,10.38603],[114.48023,10.38868],[114.47758,10.38868],[114.47393,10.38669],[114.47161,10.38205],[114.47194,10.37675],[114.4736,10.37377],[114.48023,10.3731]]],[[[114.40766,10.39199],[114.40633,10.38735],[114.40865,10.38503],[114.41329,10.38404],[114.4166,10.3857],[114.41859,10.38967],[114.41727,10.39199],[114.41229,10.39398],[114.40766,10.39199]]],[[[114.57931,10.40558],[114.5876,10.40989],[114.5876,10.41718],[114.57732,10.41883],[114.57136,10.41685],[114.56705,10.41221],[114.56771,10.40757],[114.57302,10.40558],[114.57931,10.40558]]],[[[114.46518,10.7268],[114.46447,10.71971],[114.45171,10.71829],[114.45029,10.71049],[114.45951,10.69417],[114.4674,10.6966],[114.47582,10.69488],[114.48788,10.70056],[114.49071,10.70552],[114.49284,10.71616],[114.48433,10.72041],[114.47937,10.72467],[114.47866,10.72822],[114.47015,10.73034],[114.46518,10.7268]]],[[[114.45783,10.78272],[114.45305,10.79168],[114.44588,10.79408],[114.42855,10.7875],[114.32277,10.7391],[114.3168,10.73073],[114.3168,10.7134],[114.31919,10.69248],[114.32576,10.6889],[114.33891,10.6883],[114.36102,10.69069],[114.36939,10.69547],[114.37178,10.72296],[114.38433,10.73192],[114.45245,10.77077],[114.45724,10.77615],[114.45783,10.78272]]],[[[114.59638,10.7885],[114.59284,10.79133],[114.58291,10.79275],[114.57227,10.7963],[114.56518,10.79559],[114.55809,10.78495],[114.55241,10.78353],[114.55099,10.77573],[114.55314,10.77028],[114.5588,10.76368],[114.57511,10.75658],[114.57936,10.758],[114.57936,10.77077],[114.58362,10.77431],[114.59284,10.77431],[114.59851,10.78211],[114.59638,10.7885]]],[[[114.86839,10.8138],[114.87197,10.82097],[114.87018,10.83172],[114.86241,10.8383],[114.85464,10.8383],[114.84926,10.83471],[114.84986,10.82097],[114.85345,10.81499],[114.86062,10.8126],[114.86839,10.8138]]],[[[114.56361,10.90822],[114.55225,10.90105],[114.5397,10.88969],[114.51401,10.87774],[114.50026,10.86399],[114.46799,10.8389],[114.46799,10.83292],[114.47397,10.81499],[114.47815,10.81081],[114.48712,10.8126],[114.49548,10.81917],[114.50325,10.82814],[114.50803,10.8383],[114.51461,10.84607],[114.52536,10.85145],[114.53911,10.85204],[114.55106,10.84666],[114.5648,10.83471],[114.57437,10.83471],[114.58273,10.84069],[114.59409,10.85623],[114.59827,10.89089],[114.59707,10.90105],[114.5911,10.91001],[114.58034,10.91061],[114.56361,10.90822]]],[[[114.80291,11.10418],[114.78792,11.10846],[114.77364,11.11489],[114.76508,11.11275],[114.70868,11.04208],[114.69798,11.01281],[114.6994,11.00067],[114.70369,10.99853],[114.71225,10.99782],[114.7558,11.03922],[114.7665,11.04422],[114.7815,11.06421],[114.79149,11.0742],[114.80077,11.09062],[114.80291,11.10418]]],[[[114.82504,11.13488],[114.82647,11.14201],[114.8229,11.14987],[114.81933,11.15272],[114.78935,11.15272],[114.78221,11.15129],[114.78078,11.1463],[114.78649,11.13845],[114.81861,11.13345],[114.82504,11.13488]]],[[[114.59497,11.32901],[114.59099,11.33527],[114.58303,11.34039],[114.57904,11.33925],[114.56653,11.32446],[114.56766,11.31706],[114.57222,11.31365],[114.57791,11.30568],[114.59213,11.3108],[114.59725,11.31478],[114.59782,11.32104],[114.59497,11.32901]]],[[[114.35052,11.44584],[114.36266,11.45165],[114.36688,11.45534],[114.36688,11.45851],[114.36318,11.45956],[114.35105,11.45798],[114.3463,11.45429],[114.34525,11.45059],[114.34683,11.44743],[114.35052,11.44584]]],[[[114.73721,11.4445],[114.73892,11.46442],[114.73437,11.47921],[114.72469,11.4923],[114.71218,11.49628],[114.69738,11.49343],[114.68828,11.48547],[114.68828,11.47125],[114.69397,11.45019],[114.70478,11.4354],[114.71787,11.42971],[114.73152,11.42801],[114.73607,11.43313],[114.73721,11.4445]]],[[[114.41168,11.4528],[114.40844,11.46444],[114.40941,11.48644],[114.40844,11.48935],[114.40521,11.48967],[114.39939,11.48191],[114.39777,11.46994],[114.40165,11.46703],[114.40295,11.45732],[114.40553,11.45053],[114.40877,11.44762],[114.41136,11.44859],[114.41168,11.4528]]],[[[114.61603,11.52131],[114.62001,11.47238],[114.61659,11.43654],[114.6183,11.42687],[114.62968,11.42061],[114.6439,11.42232],[114.6513,11.42971],[114.65642,11.46726],[114.65813,11.49514],[114.66268,11.51562],[114.66325,11.52416],[114.65699,11.52928],[114.64561,11.53155],[114.61603,11.52131]]],[[[114.97945,7.47361],[114.99551,7.47717],[115.00978,7.48431],[115.02049,7.50037],[115.02049,7.52],[115.00265,7.53071],[114.97945,7.52893],[114.95089,7.51822],[114.94911,7.49859],[114.95803,7.47896],[114.97945,7.47361]]],[[[115.2909,8.35223],[115.2635,8.37107],[115.2361,8.38134],[115.22754,8.39846],[115.20871,8.40189],[115.19501,8.39504],[115.18302,8.38134],[115.18302,8.36764],[115.18936,8.34661],[115.21727,8.33169],[115.2498,8.3197],[115.27549,8.3197],[115.28918,8.33169],[115.2909,8.35223]]],[[[115.50491,8.49106],[115.51781,8.46311],[115.53286,8.45881],[115.55651,8.46096],[115.56511,8.48461],[115.56296,8.51041],[115.55221,8.52976],[115.52211,8.52976],[115.50921,8.51471],[115.50491,8.49106]]],[[[115.25336,8.52116],[115.25336,8.49536],[115.27056,8.47601],[115.29421,8.49321],[115.29851,8.51471],[115.28991,8.52976],[115.26841,8.53406],[115.25336,8.52116]]],[[[116.31294,8.88753],[116.32183,8.89134],[116.33071,8.90277],[116.32944,8.918],[116.31421,8.92816],[116.30278,8.92816],[116.2812,8.89896],[116.27231,8.88245],[116.27358,8.86849],[116.29136,8.85579],[116.30405,8.86341],[116.30659,8.87357],[116.31294,8.88753]]],[[[116.48688,9.14527],[116.4945,9.16177],[116.49704,9.17828],[116.49196,9.19605],[116.47418,9.19732],[116.45514,9.18844],[116.44625,9.17828],[116.44752,9.16558],[116.46656,9.14654],[116.48688,9.14527]]],[[[115.9178,9.3048],[115.92511,9.29018],[115.94411,9.27849],[115.96312,9.28434],[115.97481,9.30626],[115.96458,9.33112],[115.94996,9.3472],[115.92949,9.34428],[115.91341,9.33843],[115.91163,9.32357],[115.9178,9.3048]]],[[[115.42092,9.35809],[115.43045,9.33903],[115.44379,9.32188],[115.46475,9.32188],[115.47809,9.34284],[115.47428,9.37714],[115.46094,9.40572],[115.44188,9.41335],[115.42854,9.41335],[115.42092,9.39429],[115.42092,9.35809]]],[[[116.98965,9.45252],[116.9795,9.46903],[116.95918,9.47283],[116.9249,9.46522],[116.8957,9.45506],[116.8957,9.43982],[116.9128,9.43322],[116.91602,9.41189],[116.92617,9.40554],[116.96299,9.40935],[116.98204,9.43475],[116.98965,9.45252]]],[[[116.14732,9.57965],[116.15609,9.5621],[116.17802,9.55918],[116.19118,9.56941],[116.1941,9.58696],[116.18533,9.59573],[116.16779,9.60011],[116.15463,9.5928],[116.14732,9.57965]]],[[[115.90026,9.80478],[115.87102,9.8004],[115.85347,9.79455],[115.85201,9.76239],[115.83447,9.739],[115.83008,9.70976],[115.84909,9.67467],[115.85738,9.64691],[115.8754,9.64251],[115.89002,9.64982],[115.89733,9.66444],[115.89879,9.6776],[115.91926,9.71707],[115.92218,9.76239],[115.91049,9.79016],[115.90026,9.80478]]],[[[116.56642,9.73404],[116.57359,9.72597],[116.58256,9.72238],[116.58883,9.72776],[116.59152,9.73852],[116.58435,9.75376],[116.57628,9.76361],[116.56104,9.76003],[116.55387,9.75376],[116.55241,9.74219],[116.56642,9.73404]]],[[[116.41494,9.77079],[116.43287,9.77168],[116.44542,9.77975],[116.44721,9.80036],[116.43556,9.81022],[116.42122,9.81381],[116.40777,9.80933],[116.4006,9.80126],[116.39791,9.78961],[116.41494,9.77079]]],[[[116.49023,9.78244],[116.50099,9.78692],[116.50906,9.79588],[116.50816,9.80485],[116.49023,9.82008],[116.48037,9.82277],[116.47141,9.82008],[116.46693,9.81202],[116.4741,9.80395],[116.47769,9.79319],[116.47769,9.78602],[116.48217,9.78244],[116.49023,9.78244]]],[[[115.56471,9.90729],[115.56471,9.91993],[115.54954,9.92583],[115.52594,9.91235],[115.51499,9.90055],[115.51499,9.86852],[115.5222,9.84999],[115.5369,9.8424],[115.55038,9.84577],[115.56218,9.84577],[115.57501,9.84912],[115.58575,9.86525],[115.58755,9.88495],[115.57501,9.8939],[115.56471,9.90729]]],[[[117.38324,10.06349],[117.388,10.09204],[117.38086,10.10394],[117.36777,10.1087],[117.3523,10.10513],[117.34517,10.0968],[117.34636,10.08371],[117.35587,10.06111],[117.37253,10.05873],[117.38324,10.06349]]],[[[116.083,10.06647],[116.09323,10.08401],[116.09323,10.1074],[116.083,10.12641],[116.07423,10.13518],[116.05961,10.12787],[116.04206,10.10302],[116.04353,10.0884],[116.05668,10.07963],[116.06253,10.06208],[116.083,10.06647]]],[[[115.33199,10.19635],[115.31683,10.2073],[115.30503,10.20646],[115.28902,10.19719],[115.28059,10.17612],[115.28649,10.16769],[115.2907,10.15168],[115.30081,10.14494],[115.3261,10.14831],[115.33537,10.15421],[115.34295,10.16348],[115.34632,10.17528],[115.34295,10.18708],[115.33199,10.19635]]],[[[115.38761,10.20983],[115.3952,10.21741],[115.39688,10.22753],[115.39436,10.24101],[115.38087,10.24775],[115.36486,10.24438],[115.35475,10.23932],[115.35475,10.22837],[115.36317,10.21488],[115.37666,10.20983],[115.38761,10.20983]]],[[[117.26545,10.305],[117.2833,10.305],[117.29639,10.31571],[117.29996,10.33356],[117.29401,10.35259],[117.2833,10.36092],[117.26783,10.3633],[117.25831,10.35378],[117.25356,10.33713],[117.25594,10.3169],[117.26545,10.305]]],[[[116.61651,10.36077],[116.55749,10.35396],[116.52571,10.35169],[116.5189,10.36531],[116.52798,10.39028],[116.5416,10.41298],[116.53933,10.4266],[116.52571,10.42887],[116.50755,10.42206],[116.48938,10.39709],[116.46441,10.37212],[116.45306,10.34942],[116.4576,10.32444],[116.47349,10.30628],[116.50755,10.30174],[116.57792,10.30855],[116.63695,10.33125],[116.64603,10.34488],[116.63922,10.36077],[116.61651,10.36077]]],[[[115.79671,10.44425],[115.80147,10.45317],[115.79968,10.46269],[115.79612,10.46626],[115.78184,10.46924],[115.76756,10.47042],[115.76161,10.46924],[115.75923,10.45972],[115.76459,10.44425],[115.76994,10.4383],[115.77827,10.43592],[115.79671,10.44425]]],[[[115.74317,10.44782],[115.74198,10.46031],[115.7396,10.46686],[115.73246,10.46983],[115.72533,10.46805],[115.72176,10.45972],[115.72176,10.4496],[115.72533,10.44306],[115.73128,10.4389],[115.74139,10.43771],[115.74317,10.44782]]],[[[116.85961,10.47117],[116.86888,10.47688],[116.87103,10.49401],[116.86532,10.49615],[116.85247,10.49615],[116.84533,10.49472],[116.84105,10.4883],[116.83391,10.48188],[116.83391,10.47545],[116.84105,10.46974],[116.85175,10.46903],[116.85961,10.47117]]],[[[116.70756,10.50186],[116.70613,10.50829],[116.70185,10.51471],[116.69399,10.51757],[116.66687,10.51543],[116.64617,10.519],[116.64188,10.51471],[116.6376,10.50615],[116.63903,10.49687],[116.64474,10.49401],[116.65402,10.49187],[116.66401,10.49258],[116.67615,10.49044],[116.69756,10.49116],[116.70542,10.49401],[116.70756,10.50186]]],[[[115.73365,10.52872],[115.73009,10.52158],[115.71938,10.51504],[115.71759,10.50255],[115.70986,10.49481],[115.71105,10.48768],[115.719,10.48415],[115.74079,10.4847],[115.74793,10.49065],[115.74793,10.50076],[115.75864,10.51147],[115.75864,10.52158],[115.75507,10.52932],[115.74972,10.5317],[115.74198,10.53229],[115.73365,10.52872]]],[[[115.8092,10.51088],[115.80742,10.52039],[115.80266,10.52813],[115.79076,10.53764],[115.78303,10.53943],[115.77648,10.53527],[115.77351,10.52991],[115.77648,10.5192],[115.79255,10.50314],[115.79968,10.50017],[115.80742,10.50314],[115.8092,10.51088]]],[[[117.16909,10.60839],[117.16909,10.59054],[117.19169,10.58459],[117.21073,10.58816],[117.20954,10.59887],[117.18931,10.6179],[117.18098,10.62266],[117.17384,10.61909],[117.16909,10.60839]]],[[[117.65256,10.62681],[117.66451,10.64952],[117.66451,10.6555],[117.64897,10.65789],[117.63223,10.64833],[117.62626,10.63159],[117.62984,10.62323],[117.6406,10.61964],[117.65256,10.62681]]],[[[115.81843,10.64871],[115.822,10.64086],[115.83199,10.63729],[115.84627,10.64086],[115.84627,10.65228],[115.85483,10.66585],[115.84984,10.6737],[115.84222,10.67595],[115.8327,10.67584],[115.82842,10.67227],[115.82842,10.66727],[115.81843,10.64871]]],[[[117.38324,10.67144],[117.41298,10.67501],[117.41774,10.68691],[117.41536,10.70951],[117.39989,10.72855],[117.3642,10.74402],[117.32018,10.74758],[117.29401,10.74045],[117.27497,10.72141],[117.26307,10.69167],[117.27497,10.68334],[117.33922,10.67144],[117.38324,10.67144]]],[[[117.20597,10.70951],[117.21667,10.71784],[117.21786,10.72855],[117.21073,10.73807],[117.19407,10.7452],[117.18336,10.7452],[117.17741,10.73688],[117.17979,10.72617],[117.19169,10.71427],[117.20597,10.70951]]],[[[115.81843,10.71439],[115.82414,10.71938],[115.82485,10.72866],[115.82057,10.73723],[115.80986,10.74508],[115.80058,10.74651],[115.79487,10.74365],[115.79202,10.73437],[115.79487,10.72224],[115.80701,10.71225],[115.81343,10.71225],[115.81843,10.71439]]],[[[117.81394,10.76668],[117.82709,10.77983],[117.83546,10.8121],[117.83426,10.83482],[117.82828,10.84677],[117.81035,10.84797],[117.79959,10.8396],[117.7721,10.80852],[117.76732,10.78939],[117.7709,10.75592],[117.78764,10.75353],[117.80079,10.75592],[117.81394,10.76668]]],[[[115.83627,10.82931],[115.82771,10.8336],[115.81914,10.83288],[115.81486,10.82931],[115.81486,10.8236],[115.80558,10.81361],[115.80487,10.80719],[115.80772,10.80076],[115.8148,10.79839],[115.83342,10.80005],[115.83699,10.80861],[115.83627,10.81861],[115.83913,10.82432],[115.83627,10.82931]]],[[[115.86982,10.83717],[115.8684,10.84359],[115.86054,10.85287],[115.85055,10.85715],[115.8427,10.85573],[115.83984,10.8493],[115.84127,10.84216],[115.85198,10.83074],[115.85912,10.82789],[115.86768,10.83146],[115.86982,10.83717]]],[[[114.96042,10.89388],[114.95922,10.90284],[114.95086,10.90941],[114.94369,10.91001],[114.93532,10.90762],[114.91201,10.87356],[114.90962,10.86459],[114.91201,10.85862],[114.91321,10.84905],[114.91739,10.84069],[114.93054,10.83949],[114.9401,10.84368],[114.94847,10.85443],[114.96042,10.89388]]],[[[117.65853,11.0213],[117.67168,11.01652],[117.68842,11.01652],[117.6944,11.02489],[117.69798,11.03804],[117.68603,11.05119],[117.66571,11.05478],[117.65614,11.04641],[117.65375,11.03326],[117.65853,11.0213]]],[[[117.28556,11.02728],[117.29632,11.02848],[117.30349,11.03326],[117.30588,11.05238],[117.2999,11.07271],[117.28915,11.07749],[117.2748,11.0751],[117.26524,11.06195],[117.26524,11.04999],[117.27002,11.03326],[117.28556,11.02728]]],[[[117.06321,11.03684],[117.06799,11.0488],[117.06799,11.06673],[117.06201,11.07868],[117.04886,11.08944],[117.03452,11.08944],[117.01659,11.06434],[117.02137,11.05238],[117.03093,11.03565],[117.0381,11.04043],[117.05365,11.04043],[117.06321,11.03684]]],[[[115.0192,11.05778],[115.02991,11.05493],[115.0399,11.05778],[115.04419,11.0692],[115.04347,11.07848],[115.03705,11.08562],[115.02349,11.08705],[115.01563,11.08277],[115.01278,11.06635],[115.0192,11.05778]]],[[[117.44575,11.0751],[117.44694,11.06314],[117.46009,11.06195],[117.47205,11.06793],[117.48281,11.07749],[117.4852,11.08944],[117.47444,11.09423],[117.45651,11.08825],[117.44575,11.0751]]]]}},{"type":"Feature","properties":{"name":"Kon Tum","code":"VN_SRC_KONTUM"},"geometry":{"type":"Polygon","coordinates":[[[107.62451,15.41464],[107.619,15.40943],[107.61526,15.40311],[107.61325,15.39388],[107.60859,15.39314],[107.60607,15.38856],[107.59635,15.38281],[107.59806,15.37775],[107.60048,15.37566],[107.60265,15.37569],[107.60384,15.3717],[107.60908,15.36731],[107.60603,15.36321],[107.60527,15.3601],[107.6066,15.35827],[107.60499,15.35338],[107.60884,15.35231],[107.60782,15.34351],[107.61048,15.33941],[107.60944,15.33711],[107.6103,15.33459],[107.61453,15.33356],[107.61716,15.33031],[107.62082,15.33021],[107.62231,15.33277],[107.62585,15.33265],[107.62712,15.32738],[107.63143,15.32477],[107.63314,15.32003],[107.635,15.31944],[107.63356,15.31308],[107.63074,15.31113],[107.62417,15.31086],[107.6238,15.30703],[107.62046,15.3014],[107.62203,15.29526],[107.61844,15.294],[107.61536,15.28714],[107.61698,15.27772],[107.61573,15.27082],[107.61846,15.27096],[107.62091,15.26312],[107.6192,15.25585],[107.62127,15.24852],[107.61937,15.24595],[107.62412,15.23913],[107.624,15.23429],[107.62605,15.23062],[107.63178,15.2315],[107.63306,15.2304],[107.62979,15.22751],[107.62015,15.22612],[107.62031,15.21795],[107.62177,15.21619],[107.61999,15.21213],[107.61736,15.21335],[107.61144,15.21205],[107.60256,15.20382],[107.59955,15.20584],[107.59675,15.21092],[107.59458,15.21102],[107.5928,15.20931],[107.5942,15.20491],[107.59115,15.2051],[107.58827,15.20105],[107.58622,15.20236],[107.58337,15.20099],[107.58444,15.19939],[107.58268,15.19584],[107.58799,15.19694],[107.59372,15.19067],[107.59619,15.19059],[107.59799,15.1886],[107.59817,15.18537],[107.59978,15.18484],[107.60114,15.18624],[107.60756,15.17375],[107.61082,15.17112],[107.6117,15.16529],[107.61679,15.15461],[107.61976,15.15211],[107.62289,15.15218],[107.62675,15.14972],[107.62341,15.14657],[107.62311,15.1434],[107.6253,15.14128],[107.62229,15.13507],[107.61283,15.13111],[107.60766,15.13284],[107.61069,15.12601],[107.61844,15.11969],[107.61917,15.11515],[107.62251,15.11079],[107.62271,15.10616],[107.619,15.10315],[107.6117,15.10091],[107.59787,15.08786],[107.61074,15.06722],[107.615,15.06622],[107.61701,15.05847],[107.62152,15.05089],[107.6146,15.04563],[107.61186,15.04782],[107.60565,15.04559],[107.60181,15.04894],[107.59404,15.05124],[107.59318,15.04888],[107.59531,15.04589],[107.59289,15.04495],[107.58952,15.04],[107.5876,15.03538],[107.58813,15.02948],[107.58392,15.02836],[107.57783,15.02918],[107.57643,15.03192],[107.57022,15.03575],[107.56549,15.03509],[107.55494,15.04404],[107.54017,15.04948],[107.52989,15.04103],[107.52329,15.03855],[107.51838,15.03927],[107.5155,15.0303],[107.50481,15.02529],[107.50091,15.02157],[107.49606,15.01994],[107.49291,15.02292],[107.48948,15.02391],[107.47378,15.02048],[107.46777,15.00702],[107.47075,14.99681],[107.47806,14.99182],[107.47628,14.98933],[107.47778,14.98688],[107.46796,14.98741],[107.46679,14.9849],[107.46753,14.98342],[107.47124,14.98246],[107.47318,14.97614],[107.47949,14.97118],[107.48233,14.97141],[107.47854,14.95853],[107.48324,14.9509],[107.48774,14.94751],[107.49017,14.94356],[107.49941,14.94273],[107.49959,14.93616],[107.50266,14.93455],[107.50601,14.92874],[107.51493,14.93111],[107.5299,14.92806],[107.52952,14.92206],[107.53303,14.91586],[107.53679,14.91366],[107.53904,14.90767],[107.54664,14.90459],[107.55017,14.90466],[107.55483,14.90144],[107.56156,14.90263],[107.56695,14.89896],[107.57303,14.89163],[107.57893,14.89341],[107.58433,14.89227],[107.58559,14.88968],[107.58398,14.88635],[107.58852,14.87978],[107.58741,14.87631],[107.59146,14.87355],[107.58925,14.87058],[107.58935,14.86398],[107.58085,14.85896],[107.579,14.85459],[107.56927,14.85219],[107.56156,14.83913],[107.54894,14.83154],[107.54659,14.83166],[107.54172,14.82762],[107.54012,14.8257],[107.5409,14.82189],[107.5397,14.81893],[107.53651,14.81882],[107.52737,14.81414],[107.52217,14.81363],[107.52365,14.80499],[107.52064,14.80261],[107.51597,14.80208],[107.50965,14.79575],[107.50535,14.78585],[107.50945,14.78338],[107.51434,14.78386],[107.51945,14.77566],[107.52606,14.77539],[107.53056,14.76596],[107.53408,14.76385],[107.53568,14.75738],[107.54206,14.75013],[107.5376,14.74322],[107.5373,14.74013],[107.52671,14.73395],[107.52167,14.72738],[107.5238,14.72149],[107.52792,14.72332],[107.53713,14.72347],[107.54488,14.71944],[107.54584,14.7144],[107.55152,14.7063],[107.54681,14.69717],[107.54811,14.69377],[107.54333,14.69083],[107.53785,14.68996],[107.53798,14.68892],[107.54365,14.68528],[107.55477,14.68673],[107.55638,14.68528],[107.54915,14.67698],[107.55006,14.67154],[107.55231,14.66869],[107.55145,14.66291],[107.54846,14.65851],[107.54922,14.65231],[107.53801,14.62204],[107.53827,14.61959],[107.54334,14.61631],[107.54444,14.61038],[107.53446,14.59921],[107.52466,14.59787],[107.5216,14.59155],[107.52221,14.5884],[107.51683,14.5855],[107.52243,14.57913],[107.52278,14.57444],[107.52114,14.57195],[107.52274,14.5712],[107.52311,14.56886],[107.52153,14.56493],[107.52621,14.5624],[107.53175,14.55383],[107.52825,14.54706],[107.52766,14.53645],[107.5222,14.52972],[107.52216,14.52198],[107.51541,14.51155],[107.51072,14.51082],[107.50698,14.50846],[107.51232,14.49973],[107.51278,14.49668],[107.50877,14.49538],[107.50834,14.4882],[107.50363,14.48237],[107.5038,14.47619],[107.49975,14.46426],[107.50417,14.45766],[107.49948,14.44308],[107.4897,14.42911],[107.48975,14.4105],[107.48808,14.40561],[107.48181,14.40301],[107.47525,14.40761],[107.47196,14.40741],[107.47036,14.40527],[107.46685,14.40438],[107.4598,14.40598],[107.4564,14.4156],[107.45722,14.41938],[107.44847,14.4254],[107.44037,14.42134],[107.43542,14.41531],[107.42765,14.4151],[107.42568,14.41696],[107.41921,14.40729],[107.41896,14.40515],[107.42174,14.40276],[107.42206,14.40041],[107.4216,14.39399],[107.41818,14.38549],[107.42289,14.3804],[107.42893,14.38098],[107.43029,14.37961],[107.42676,14.37698],[107.42543,14.37352],[107.41593,14.36252],[107.41228,14.36157],[107.40895,14.36304],[107.41079,14.35736],[107.40822,14.34572],[107.40253,14.34212],[107.40015,14.333],[107.39058,14.32558],[107.39068,14.31603],[107.39692,14.31193],[107.39715,14.3069],[107.40647,14.29896],[107.40548,14.28862],[107.4088,14.2788],[107.40925,14.26404],[107.40247,14.25561],[107.40004,14.24872],[107.40107,14.2452],[107.40522,14.24084],[107.40719,14.23361],[107.40422,14.23228],[107.39724,14.22413],[107.39529,14.21466],[107.38886,14.20886],[107.38589,14.20016],[107.38282,14.19639],[107.3818,14.18718],[107.37716,14.17913],[107.37512,14.178],[107.36936,14.18016],[107.35806,14.16916],[107.36244,14.16266],[107.35599,14.15586],[107.35099,14.14529],[107.34068,14.13265],[107.33763,14.12649],[107.33893,14.12292],[107.33441,14.11399],[107.33238,14.10531],[107.33445,14.10036],[107.34917,14.09168],[107.35665,14.08903],[107.36072,14.08474],[107.37837,14.08144],[107.3828,14.07757],[107.37963,14.06518],[107.3671,14.06577],[107.36459,14.06347],[107.36536,14.05478],[107.36319,14.05081],[107.3652,14.04384],[107.36539,14.03485],[107.3643,14.0317],[107.3573,14.02842],[107.35656,14.02689],[107.35785,14.01671],[107.36641,14.01083],[107.38151,13.99397],[107.38388,13.98632],[107.38783,13.99001],[107.39197,13.98963],[107.39675,13.99249],[107.39986,13.98938],[107.40352,13.98857],[107.40823,13.98983],[107.41166,13.99285],[107.423,13.9942],[107.42721,13.99763],[107.43089,13.99277],[107.44184,13.99691],[107.44362,13.99503],[107.44468,13.98774],[107.45105,13.98078],[107.4548,13.97965],[107.45231,13.92979],[107.45647,13.92601],[107.45738,13.92069],[107.46038,13.91963],[107.46384,13.92816],[107.47158,13.93204],[107.47068,13.95089],[107.47193,13.95307],[107.48063,13.95911],[107.48568,13.95897],[107.49382,13.96368],[107.50704,13.97485],[107.51167,13.98376],[107.52575,13.98288],[107.5263,13.98573],[107.52142,14.00509],[107.52065,14.01199],[107.52191,14.01351],[107.52413,14.0142],[107.54052,14.01079],[107.54448,14.01394],[107.54712,14.02194],[107.55193,14.02594],[107.55729,14.02135],[107.56539,14.02168],[107.57017,14.01791],[107.58163,14.01847],[107.58485,14.02214],[107.58939,14.01936],[107.60103,14.02933],[107.60128,14.04505],[107.60444,14.04835],[107.61137,14.05173],[107.61338,14.05544],[107.61456,14.06328],[107.61682,14.0631],[107.62642,14.05565],[107.63354,14.05357],[107.6421,14.06264],[107.65023,14.06689],[107.65095,14.07622],[107.65758,14.08507],[107.6494,14.09628],[107.64903,14.09868],[107.65068,14.10152],[107.65767,14.10351],[107.66061,14.12858],[107.66518,14.13801],[107.66101,14.14685],[107.66069,14.15659],[107.65825,14.16108],[107.65804,14.165],[107.66234,14.1708],[107.67014,14.17579],[107.67733,14.18722],[107.67916,14.19244],[107.67858,14.20048],[107.68175,14.20538],[107.68363,14.20592],[107.68845,14.22105],[107.69134,14.22063],[107.69972,14.21547],[107.7072,14.21694],[107.7152,14.21359],[107.72585,14.21495],[107.73149,14.21337],[107.74046,14.2082],[107.74763,14.20727],[107.75928,14.20214],[107.76302,14.20396],[107.76303,14.21269],[107.77017,14.21511],[107.77316,14.21883],[107.77777,14.21592],[107.78353,14.22558],[107.78624,14.22473],[107.7892,14.22108],[107.79399,14.22198],[107.79908,14.21986],[107.80679,14.21259],[107.817,14.21371],[107.8207,14.21808],[107.81968,14.22146],[107.82112,14.2246],[107.82329,14.22431],[107.82632,14.22705],[107.82833,14.2329],[107.83448,14.23182],[107.83783,14.2346],[107.83747,14.25],[107.83521,14.26442],[107.8369,14.26834],[107.84186,14.27127],[107.84869,14.27264],[107.85,14.27585],[107.86008,14.27317],[107.86748,14.27706],[107.8727,14.27568],[107.8766,14.28273],[107.89936,14.27693],[107.91069,14.26518],[107.91895,14.26048],[107.93223,14.24075],[107.94292,14.23962],[107.94853,14.24429],[107.96012,14.22833],[107.96574,14.2301],[107.97058,14.23575],[107.97795,14.24046],[107.99201,14.23359],[107.99917,14.23471],[108.00739,14.23977],[108.01487,14.24039],[108.01696,14.24504],[108.01707,14.25079],[108.0204,14.25012],[108.02474,14.25206],[108.02542,14.25446],[108.02405,14.25672],[108.03316,14.26816],[108.03459,14.27423],[108.03695,14.2746],[108.0397,14.27735],[108.04317,14.27687],[108.04578,14.27322],[108.04886,14.27251],[108.05526,14.26696],[108.06016,14.26569],[108.05951,14.27014],[108.06291,14.27267],[108.06278,14.27514],[108.06461,14.2761],[108.06579,14.28118],[108.06846,14.28392],[108.06674,14.28637],[108.06806,14.288],[108.06758,14.29034],[108.07215,14.29457],[108.07073,14.29885],[108.0735,14.30092],[108.07324,14.3061],[108.0816,14.31034],[108.08085,14.31367],[108.08484,14.31332],[108.08817,14.31519],[108.08801,14.32384],[108.07866,14.32902],[108.07859,14.33245],[108.08168,14.33416],[108.09822,14.33505],[108.10427,14.33767],[108.10457,14.34341],[108.11237,14.34584],[108.10843,14.35334],[108.1149,14.36348],[108.11831,14.36288],[108.12632,14.35685],[108.13504,14.35528],[108.1393,14.35666],[108.14002,14.36008],[108.14952,14.36027],[108.14779,14.35744],[108.14835,14.35556],[108.14637,14.35597],[108.14226,14.35327],[108.14576,14.34791],[108.14756,14.34744],[108.149,14.34892],[108.15444,14.34909],[108.15147,14.35249],[108.15622,14.35353],[108.1605,14.36261],[108.16281,14.36172],[108.16391,14.36444],[108.1665,14.36442],[108.17037,14.36805],[108.17637,14.36663],[108.18227,14.36936],[108.18375,14.36799],[108.18969,14.36873],[108.19265,14.37386],[108.19868,14.37289],[108.19864,14.37684],[108.20345,14.37476],[108.20302,14.37672],[108.20492,14.37712],[108.20473,14.38088],[108.2093,14.38662],[108.21416,14.38719],[108.22083,14.39133],[108.22976,14.39228],[108.23252,14.38966],[108.24544,14.39655],[108.24776,14.39584],[108.25217,14.39087],[108.2592,14.39069],[108.264,14.38757],[108.26973,14.38833],[108.27503,14.38637],[108.28079,14.38937],[108.28449,14.38851],[108.29636,14.39158],[108.29602,14.39954],[108.29151,14.40669],[108.29812,14.41948],[108.30189,14.41983],[108.30729,14.42306],[108.31226,14.43265],[108.31703,14.43544],[108.32267,14.44242],[108.32407,14.45474],[108.32642,14.45836],[108.32974,14.45946],[108.36081,14.49215],[108.36599,14.50047],[108.37505,14.51012],[108.38158,14.51168],[108.38402,14.52229],[108.38341,14.52651],[108.36979,14.5319],[108.36951,14.5349],[108.37382,14.54313],[108.37367,14.54893],[108.36754,14.55814],[108.35882,14.56376],[108.35691,14.57121],[108.35745,14.58019],[108.36721,14.58461],[108.3695,14.5931],[108.37529,14.60078],[108.38697,14.60243],[108.39255,14.59995],[108.39455,14.60316],[108.39546,14.60125],[108.40287,14.59804],[108.40972,14.58981],[108.4129,14.57711],[108.41677,14.5707],[108.44074,14.55515],[108.45901,14.55255],[108.47898,14.54605],[108.49351,14.54377],[108.49895,14.54401],[108.50485,14.54615],[108.51291,14.55165],[108.52819,14.55574],[108.5318,14.57864],[108.53407,14.58073],[108.53952,14.58116],[108.54232,14.58636],[108.54689,14.58953],[108.54412,14.5909],[108.5339,14.60469],[108.52612,14.6238],[108.51476,14.62177],[108.51134,14.62243],[108.50708,14.62059],[108.50289,14.62517],[108.50106,14.6229],[108.49255,14.62127],[108.48903,14.62172],[108.48842,14.62408],[108.48467,14.6233],[108.48074,14.62847],[108.48435,14.64407],[108.49165,14.6456],[108.49057,14.64872],[108.49289,14.65085],[108.49548,14.65746],[108.49906,14.65995],[108.50101,14.66504],[108.50656,14.66678],[108.50604,14.67287],[108.50984,14.6775],[108.51262,14.6841],[108.51195,14.68798],[108.50418,14.69036],[108.50229,14.69277],[108.5021,14.69594],[108.49666,14.69775],[108.49652,14.7011],[108.50095,14.70275],[108.50404,14.70892],[108.5094,14.71186],[108.51603,14.72033],[108.51847,14.72136],[108.517,14.72461],[108.5196,14.73361],[108.52232,14.73673],[108.52116,14.73927],[108.52875,14.74543],[108.52741,14.75443],[108.52151,14.75954],[108.51635,14.77376],[108.50652,14.77679],[108.50292,14.77926],[108.49989,14.78534],[108.50181,14.78869],[108.49557,14.79337],[108.49619,14.79648],[108.49426,14.79801],[108.49387,14.80062],[108.47363,14.79283],[108.45719,14.79026],[108.452,14.80198],[108.44102,14.80277],[108.43549,14.80556],[108.43517,14.80832],[108.43049,14.81063],[108.43065,14.81517],[108.42923,14.81685],[108.41272,14.81728],[108.40418,14.82059],[108.39408,14.82676],[108.38916,14.83417],[108.3846,14.83585],[108.3814,14.84394],[108.37673,14.84549],[108.3746,14.85499],[108.37217,14.85685],[108.36983,14.86215],[108.37103,14.86333],[108.37048,14.86538],[108.36747,14.86749],[108.369,14.87091],[108.36549,14.87689],[108.36602,14.87917],[108.36227,14.88223],[108.35475,14.87847],[108.35096,14.8805],[108.34948,14.88676],[108.3509,14.89436],[108.34926,14.89765],[108.34482,14.89826],[108.33849,14.90808],[108.33083,14.91054],[108.32442,14.91069],[108.32125,14.91316],[108.3215,14.91607],[108.31904,14.91894],[108.32109,14.91983],[108.32185,14.92298],[108.31887,14.92512],[108.32202,14.92852],[108.32079,14.92935],[108.31857,14.9278],[108.3167,14.93443],[108.31426,14.93467],[108.31639,14.93834],[108.31233,14.94619],[108.30386,14.95082],[108.29766,14.95806],[108.28361,14.965],[108.28387,14.97372],[108.28145,14.97778],[108.27851,14.9765],[108.27469,14.97832],[108.27481,14.98093],[108.27286,14.98303],[108.26885,14.98238],[108.26443,14.98893],[108.2632,14.99792],[108.25915,15.00373],[108.25424,15.00582],[108.25079,15.016],[108.25387,15.01941],[108.25112,15.02226],[108.2488,15.02202],[108.25014,15.02625],[108.24634,15.02758],[108.24515,15.02957],[108.23945,15.03087],[108.23815,15.03201],[108.23031,15.03229],[108.22556,15.02945],[108.22288,15.03066],[108.22028,15.02971],[108.2158,15.03273],[108.21272,15.03198],[108.20965,15.03363],[108.2084,15.0374],[108.19936,15.0441],[108.19435,15.04044],[108.19184,15.04873],[108.18371,15.05617],[108.17684,15.0603],[108.17008,15.062],[108.16644,15.05989],[108.16254,15.06102],[108.15996,15.05977],[108.15692,15.05458],[108.14978,15.05097],[108.14874,15.04666],[108.14628,15.04565],[108.1517,15.03764],[108.14981,15.03284],[108.15281,15.02778],[108.14916,15.0222],[108.15217,15.00932],[108.15004,15.00182],[108.15549,14.99749],[108.15933,14.97924],[108.16306,14.9745],[108.15792,14.97135],[108.1496,14.96257],[108.1379,14.96174],[108.13287,14.95848],[108.12699,14.96009],[108.11945,14.95967],[108.10926,14.95407],[108.10717,14.95138],[108.09488,14.95281],[108.08814,14.95144],[108.08648,14.95567],[108.08714,14.96258],[108.08269,14.96646],[108.07664,14.96831],[108.069,14.967],[108.06334,14.96857],[108.04705,14.99234],[108.02409,14.99792],[108.01734,15.0019],[108.00864,14.99731],[108.00333,15.00195],[107.99006,14.99852],[107.98328,15.00621],[107.983,15.00941],[107.97194,15.01203],[107.97188,15.01392],[107.96517,15.02065],[107.95882,15.03662],[107.95942,15.04319],[107.95283,15.04885],[107.9516,15.05345],[107.95514,15.05841],[107.95773,15.05915],[107.96449,15.06546],[107.96824,15.06561],[107.97601,15.06912],[107.9753,15.07397],[107.97873,15.07944],[107.97558,15.08548],[107.98047,15.08545],[107.9837,15.08712],[107.98331,15.09201],[107.98867,15.09542],[107.98797,15.09949],[107.99162,15.10371],[107.99335,15.11051],[107.9964,15.11521],[108.00073,15.11811],[108.00115,15.12071],[107.99886,15.12318],[107.99845,15.12764],[108.00118,15.13051],[108.0009,15.13438],[108.00383,15.14022],[108.00024,15.14948],[107.99978,15.15627],[107.98822,15.15817],[107.98166,15.16666],[107.97079,15.16765],[107.96587,15.16909],[107.96239,15.1724],[107.95042,15.17514],[107.9488,15.18628],[107.94142,15.1903],[107.93706,15.19073],[107.93361,15.19512],[107.934,15.20048],[107.93116,15.20282],[107.9309,15.20684],[107.92752,15.20978],[107.91444,15.21198],[107.91069,15.20722],[107.90108,15.20585],[107.89136,15.19298],[107.88257,15.19662],[107.87973,15.20166],[107.87108,15.2106],[107.8619,15.21063],[107.857,15.20898],[107.85262,15.21016],[107.84782,15.20663],[107.83992,15.20845],[107.8378,15.20722],[107.82924,15.20903],[107.8189,15.21633],[107.8146,15.21325],[107.80913,15.21207],[107.79778,15.21678],[107.78806,15.21881],[107.77893,15.21784],[107.77102,15.22287],[107.77128,15.22974],[107.75555,15.23668],[107.74714,15.23027],[107.73857,15.22927],[107.73572,15.23026],[107.73347,15.235],[107.73816,15.2356],[107.73938,15.23698],[107.73675,15.23841],[107.73419,15.25224],[107.73219,15.25391],[107.73272,15.2614],[107.73008,15.26351],[107.72935,15.26721],[107.72672,15.2682],[107.73026,15.27055],[107.72959,15.28252],[107.72705,15.28905],[107.72995,15.29539],[107.73004,15.30006],[107.72822,15.30067],[107.72749,15.30296],[107.73167,15.30596],[107.73012,15.30825],[107.71521,15.30767],[107.71008,15.30593],[107.70764,15.30336],[107.70212,15.31075],[107.69297,15.31749],[107.69128,15.32501],[107.68639,15.32692],[107.68458,15.33023],[107.67895,15.33452],[107.67936,15.33923],[107.67704,15.34349],[107.67381,15.34323],[107.66905,15.3454],[107.66873,15.34804],[107.66293,15.35429],[107.6623,15.35759],[107.66446,15.3616],[107.66411,15.36516],[107.65959,15.37301],[107.66166,15.38477],[107.66019,15.3884],[107.656,15.3926],[107.65505,15.39695],[107.64228,15.40635],[107.63763,15.41572],[107.63172,15.41753],[107.6295,15.41552],[107.62451,15.41464]]]}},{"type":"Feature","properties":{"name":"Gia Lai","code":"VN_SRC_GIALAI"},"geometry":{"type":"Polygon","coordinates":[[[108.54689,14.58953],[108.54232,14.58636],[108.53952,14.58116],[108.53407,14.58073],[108.5318,14.57864],[108.52819,14.55574],[108.51291,14.55165],[108.50485,14.54615],[108.49895,14.54401],[108.49351,14.54377],[108.47898,14.54605],[108.45901,14.55255],[108.44074,14.55515],[108.41677,14.5707],[108.4129,14.57711],[108.40972,14.58981],[108.40287,14.59804],[108.39546,14.60125],[108.39455,14.60316],[108.39255,14.59995],[108.38697,14.60243],[108.37529,14.60078],[108.3695,14.5931],[108.36721,14.58461],[108.35745,14.58019],[108.35691,14.57121],[108.35882,14.56376],[108.36754,14.55814],[108.37367,14.54893],[108.37382,14.54313],[108.36951,14.5349],[108.36979,14.5319],[108.38341,14.52651],[108.38402,14.52229],[108.38158,14.51168],[108.37505,14.51012],[108.36599,14.50047],[108.36081,14.49215],[108.32974,14.45946],[108.32642,14.45836],[108.32407,14.45474],[108.32267,14.44242],[108.31703,14.43544],[108.31226,14.43265],[108.30729,14.42306],[108.30189,14.41983],[108.29812,14.41948],[108.29151,14.40669],[108.29602,14.39954],[108.29636,14.39158],[108.28449,14.38851],[108.28079,14.38937],[108.27503,14.38637],[108.26973,14.38833],[108.264,14.38757],[108.2592,14.39069],[108.25217,14.39087],[108.24776,14.39584],[108.24544,14.39655],[108.23252,14.38966],[108.22976,14.39228],[108.22083,14.39133],[108.21416,14.38719],[108.2093,14.38662],[108.20473,14.38088],[108.20492,14.37712],[108.20302,14.37672],[108.20345,14.37476],[108.19864,14.37684],[108.19868,14.37289],[108.19265,14.37386],[108.18969,14.36873],[108.18375,14.36799],[108.18227,14.36936],[108.17637,14.36663],[108.17037,14.36805],[108.1665,14.36442],[108.16391,14.36444],[108.16281,14.36172],[108.1605,14.36261],[108.15622,14.35353],[108.15147,14.35249],[108.15444,14.34909],[108.149,14.34892],[108.14756,14.34744],[108.14576,14.34791],[108.14226,14.35327],[108.14637,14.35597],[108.14835,14.35556],[108.14779,14.35744],[108.14952,14.36027],[108.14002,14.36008],[108.1393,14.35666],[108.13504,14.35528],[108.12632,14.35685],[108.11831,14.36288],[108.1149,14.36348],[108.10843,14.35334],[108.11237,14.34584],[108.10457,14.34341],[108.10427,14.33767],[108.09822,14.33505],[108.08168,14.33416],[108.07859,14.33245],[108.07866,14.32902],[108.08801,14.32384],[108.08817,14.31519],[108.08484,14.31332],[108.08085,14.31367],[108.0816,14.31034],[108.07324,14.3061],[108.0735,14.30092],[108.07073,14.29885],[108.07215,14.29457],[108.06758,14.29034],[108.06806,14.288],[108.06674,14.28637],[108.06846,14.28392],[108.06579,14.28118],[108.06461,14.2761],[108.06278,14.27514],[108.06291,14.27267],[108.05951,14.27014],[108.06016,14.26569],[108.05526,14.26696],[108.04886,14.27251],[108.04578,14.27322],[108.04317,14.27687],[108.0397,14.27735],[108.03695,14.2746],[108.03459,14.27423],[108.03316,14.26816],[108.02405,14.25672],[108.02542,14.25446],[108.02474,14.25206],[108.0204,14.25012],[108.01707,14.25079],[108.01696,14.24504],[108.01487,14.24039],[108.00739,14.23977],[107.99917,14.23471],[107.99201,14.23359],[107.97795,14.24046],[107.97058,14.23575],[107.96574,14.2301],[107.96012,14.22833],[107.94853,14.24429],[107.94292,14.23962],[107.93223,14.24075],[107.91895,14.26048],[107.91069,14.26518],[107.89936,14.27693],[107.8766,14.28273],[107.8727,14.27568],[107.86748,14.27706],[107.86008,14.27317],[107.85,14.27585],[107.84869,14.27264],[107.84186,14.27127],[107.8369,14.26834],[107.83521,14.26442],[107.83747,14.25],[107.83783,14.2346],[107.83448,14.23182],[107.82833,14.2329],[107.82632,14.22705],[107.82329,14.22431],[107.82112,14.2246],[107.81968,14.22146],[107.8207,14.21808],[107.817,14.21371],[107.80679,14.21259],[107.79908,14.21986],[107.79399,14.22198],[107.7892,14.22108],[107.78624,14.22473],[107.78353,14.22558],[107.77777,14.21592],[107.77316,14.21883],[107.77017,14.21511],[107.76303,14.21269],[107.76302,14.20396],[107.75928,14.20214],[107.74763,14.20727],[107.74046,14.2082],[107.73149,14.21337],[107.72585,14.21495],[107.7152,14.21359],[107.7072,14.21694],[107.69972,14.21547],[107.69134,14.22063],[107.68845,14.22105],[107.68363,14.20592],[107.68175,14.20538],[107.67858,14.20048],[107.67916,14.19244],[107.67733,14.18722],[107.67014,14.17579],[107.66234,14.1708],[107.65804,14.165],[107.65825,14.16108],[107.66069,14.15659],[107.66101,14.14685],[107.66518,14.13801],[107.66061,14.12858],[107.65767,14.10351],[107.65068,14.10152],[107.64903,14.09868],[107.6494,14.09628],[107.65758,14.08507],[107.65095,14.07622],[107.65023,14.06689],[107.6421,14.06264],[107.63354,14.05357],[107.62642,14.05565],[107.61682,14.0631],[107.61456,14.06328],[107.61338,14.05544],[107.61137,14.05173],[107.60444,14.04835],[107.60128,14.04505],[107.60103,14.02933],[107.58939,14.01936],[107.58485,14.02214],[107.58163,14.01847],[107.57017,14.01791],[107.56539,14.02168],[107.55729,14.02135],[107.55193,14.02594],[107.54712,14.02194],[107.54448,14.01394],[107.54052,14.01079],[107.52413,14.0142],[107.52191,14.01351],[107.52065,14.01199],[107.52142,14.00509],[107.5263,13.98573],[107.52575,13.98288],[107.51167,13.98376],[107.50704,13.97485],[107.49382,13.96368],[107.48568,13.95897],[107.48063,13.95911],[107.47193,13.95307],[107.47068,13.95089],[107.47158,13.93204],[107.46384,13.92816],[107.46038,13.91963],[107.46918,13.92003],[107.47426,13.91727],[107.47189,13.90792],[107.47264,13.89018],[107.47151,13.88745],[107.45858,13.87523],[107.45631,13.86818],[107.46262,13.86164],[107.47376,13.85775],[107.47528,13.85419],[107.47168,13.84373],[107.46726,13.83619],[107.45786,13.82642],[107.4573,13.82155],[107.46308,13.81506],[107.46347,13.81246],[107.46057,13.8021],[107.45265,13.79006],[107.47451,13.77426],[107.48882,13.77111],[107.52144,13.75269],[107.53351,13.74377],[107.55027,13.68998],[107.56832,13.66286],[107.57195,13.62426],[107.57376,13.61767],[107.61732,13.52854],[107.63124,13.36016],[107.60646,13.30519],[107.61547,13.30927],[107.61677,13.31326],[107.62571,13.31648],[107.62975,13.31615],[107.63062,13.32198],[107.63913,13.32363],[107.64086,13.33018],[107.64894,13.32706],[107.65065,13.33288],[107.6501,13.3422],[107.65493,13.3424],[107.65808,13.34657],[107.66319,13.35003],[107.67154,13.34952],[107.67527,13.35746],[107.68577,13.36368],[107.68961,13.36179],[107.69159,13.36804],[107.69629,13.37252],[107.70428,13.37469],[107.7103,13.3695],[107.71235,13.37041],[107.71321,13.37301],[107.71718,13.37393],[107.72015,13.36941],[107.7252,13.36893],[107.72932,13.36587],[107.7364,13.36696],[107.74073,13.36379],[107.74493,13.3643],[107.74892,13.36298],[107.75149,13.36475],[107.75195,13.36927],[107.75592,13.36847],[107.76281,13.3719],[107.76223,13.36708],[107.76496,13.36458],[107.76801,13.369],[107.77367,13.36946],[107.7756,13.37217],[107.78087,13.37484],[107.78611,13.37555],[107.79216,13.38166],[107.79593,13.38232],[107.79977,13.38098],[107.79772,13.38815],[107.80079,13.3903],[107.80149,13.39372],[107.80386,13.39313],[107.80882,13.39487],[107.81686,13.39284],[107.83146,13.3963],[107.83923,13.40051],[107.85168,13.3893],[107.87652,13.39361],[107.88229,13.39118],[107.88382,13.38792],[107.88591,13.3881],[107.88697,13.38464],[107.90717,13.38889],[107.91196,13.38532],[107.91643,13.38446],[107.92094,13.37953],[107.93301,13.37569],[107.93892,13.3758],[107.9429,13.3732],[107.94419,13.37515],[107.94398,13.37996],[107.94899,13.37996],[107.94995,13.38564],[107.95473,13.38482],[107.95914,13.38047],[107.96579,13.37995],[107.97046,13.38303],[107.97403,13.38142],[107.9776,13.38418],[107.98161,13.38401],[107.98032,13.39033],[107.98397,13.39288],[107.98939,13.39205],[107.99309,13.38886],[107.99784,13.39054],[108.00022,13.38606],[108.00955,13.38099],[108.01243,13.38247],[108.01423,13.38591],[108.0221,13.38737],[108.0268,13.3953],[108.03325,13.39595],[108.03569,13.40263],[108.03806,13.40219],[108.04067,13.39925],[108.04533,13.40094],[108.04765,13.4073],[108.05334,13.41261],[108.05683,13.41097],[108.05521,13.40877],[108.05704,13.40745],[108.06386,13.40915],[108.06455,13.4063],[108.06648,13.40897],[108.06889,13.40947],[108.07014,13.40287],[108.07309,13.3994],[108.07654,13.40372],[108.07915,13.40436],[108.08045,13.40332],[108.08054,13.39976],[108.08981,13.40889],[108.09445,13.40751],[108.09856,13.40994],[108.1064,13.41135],[108.11164,13.41656],[108.12502,13.40956],[108.13011,13.41139],[108.13231,13.40889],[108.13567,13.40921],[108.13703,13.40702],[108.13999,13.40667],[108.14127,13.40874],[108.14483,13.40763],[108.14473,13.40453],[108.14761,13.40457],[108.15087,13.39962],[108.15189,13.40097],[108.15559,13.39963],[108.15712,13.40144],[108.16201,13.40035],[108.1631,13.39707],[108.16504,13.39588],[108.16448,13.39432],[108.16931,13.39276],[108.16967,13.39151],[108.17137,13.39249],[108.17395,13.39133],[108.17425,13.38785],[108.17696,13.38765],[108.17738,13.38369],[108.17993,13.38406],[108.18458,13.38101],[108.18862,13.38211],[108.19743,13.37875],[108.20329,13.37332],[108.20915,13.3765],[108.21314,13.36821],[108.21999,13.3728],[108.22316,13.37086],[108.22755,13.37046],[108.23835,13.37284],[108.24286,13.36819],[108.24713,13.36963],[108.24928,13.36829],[108.25307,13.36966],[108.25792,13.36861],[108.26385,13.37261],[108.28132,13.36124],[108.28682,13.35507],[108.28854,13.35044],[108.29554,13.35191],[108.31331,13.34587],[108.31558,13.34713],[108.31893,13.34458],[108.32069,13.34556],[108.32451,13.34311],[108.32844,13.34285],[108.33092,13.34],[108.33708,13.33787],[108.34701,13.33917],[108.34578,13.33205],[108.3501,13.33137],[108.35333,13.32918],[108.35399,13.32636],[108.35273,13.32368],[108.35577,13.31542],[108.36208,13.31485],[108.36394,13.31054],[108.36726,13.31001],[108.37246,13.30253],[108.36902,13.30174],[108.37048,13.29759],[108.36859,13.29526],[108.37327,13.28822],[108.3738,13.27956],[108.37261,13.27807],[108.374,13.27577],[108.37223,13.26737],[108.37694,13.26689],[108.3838,13.2596],[108.38859,13.25696],[108.39854,13.25568],[108.40521,13.26042],[108.40796,13.25813],[108.41078,13.24811],[108.4199,13.24254],[108.42142,13.2402],[108.41831,13.23871],[108.41753,13.23354],[108.42228,13.22687],[108.41818,13.22454],[108.41625,13.22157],[108.41825,13.21683],[108.418,13.2137],[108.42151,13.21131],[108.42351,13.19802],[108.4369,13.18022],[108.44086,13.17904],[108.4567,13.16567],[108.4599,13.16555],[108.46386,13.16212],[108.46047,13.15554],[108.46123,13.15182],[108.46594,13.14802],[108.46453,13.1411],[108.46738,13.14007],[108.46996,13.14086],[108.46728,13.13572],[108.4603,13.13414],[108.45985,13.13076],[108.45702,13.12758],[108.46112,13.12011],[108.46487,13.11689],[108.4726,13.11832],[108.47708,13.11454],[108.48737,13.11132],[108.4929,13.10552],[108.48869,13.09834],[108.49669,13.09426],[108.49989,13.08914],[108.4999,13.08442],[108.50978,13.07964],[108.51489,13.07175],[108.51726,13.07334],[108.51916,13.07133],[108.51784,13.06746],[108.52136,13.06334],[108.51669,13.06025],[108.5111,13.04599],[108.51374,13.04026],[108.51075,13.03715],[108.51311,13.03444],[108.52224,13.03272],[108.52977,13.03394],[108.53771,13.03225],[108.56797,13.01968],[108.57747,13.02813],[108.59166,13.02952],[108.60084,13.01759],[108.60644,13.01799],[108.61405,13.00735],[108.61858,13.01036],[108.62747,13.00748],[108.62924,13.00944],[108.64509,13.01049],[108.6506,13.00298],[108.65748,12.99873],[108.66722,13.00428],[108.67652,12.99573],[108.68192,12.99777],[108.68273,13.00088],[108.68805,13.00647],[108.69344,13.0164],[108.71463,13.01737],[108.7564,13.03264],[108.75034,13.09388],[108.75534,13.10289],[108.76002,13.11597],[108.7639,13.1182],[108.76814,13.11677],[108.76903,13.11966],[108.76716,13.12393],[108.76244,13.12352],[108.75988,13.12491],[108.7591,13.13032],[108.76397,13.13626],[108.76867,13.13481],[108.77713,13.13757],[108.77549,13.145],[108.77675,13.14688],[108.78024,13.14672],[108.78289,13.14241],[108.78627,13.14139],[108.79077,13.1474],[108.79272,13.14221],[108.79539,13.14129],[108.7971,13.15233],[108.80357,13.15157],[108.80288,13.14757],[108.80467,13.14576],[108.80754,13.15332],[108.81353,13.15892],[108.82045,13.15708],[108.82362,13.15348],[108.82722,13.16403],[108.8305,13.16537],[108.83746,13.16169],[108.84239,13.16458],[108.83898,13.17081],[108.84428,13.17554],[108.84555,13.18225],[108.8494,13.17979],[108.84894,13.18995],[108.85518,13.19366],[108.84813,13.20195],[108.84837,13.20583],[108.85175,13.21002],[108.84971,13.21696],[108.85433,13.21861],[108.85645,13.22341],[108.86049,13.22398],[108.86419,13.22773],[108.87042,13.24635],[108.87106,13.25401],[108.86822,13.26195],[108.87143,13.2682],[108.87172,13.2778],[108.87332,13.27968],[108.86842,13.28852],[108.86027,13.28664],[108.85933,13.29153],[108.85424,13.29398],[108.84661,13.30724],[108.8436,13.31566],[108.84042,13.31891],[108.84098,13.32199],[108.83974,13.32438],[108.82748,13.33663],[108.82736,13.3404],[108.82472,13.34414],[108.82169,13.34409],[108.81473,13.35077],[108.81471,13.35379],[108.81025,13.35448],[108.8089,13.35733],[108.81017,13.36042],[108.80643,13.36719],[108.80706,13.37526],[108.80503,13.37988],[108.8043,13.39094],[108.80769,13.39377],[108.80768,13.40213],[108.80541,13.40715],[108.80696,13.41073],[108.80477,13.42185],[108.80615,13.42423],[108.80471,13.43072],[108.80621,13.43607],[108.80412,13.44025],[108.80172,13.4417],[108.79997,13.44706],[108.79637,13.44734],[108.79664,13.44939],[108.79535,13.45024],[108.79621,13.45256],[108.78979,13.45382],[108.79251,13.45822],[108.79238,13.46265],[108.79579,13.465],[108.79481,13.47272],[108.79287,13.47404],[108.78929,13.46855],[108.78032,13.46625],[108.77843,13.46859],[108.77791,13.46714],[108.77321,13.46676],[108.76942,13.46462],[108.76352,13.46351],[108.76081,13.46497],[108.75711,13.45925],[108.75208,13.46391],[108.74767,13.45894],[108.74461,13.4576],[108.73514,13.45817],[108.72719,13.46362],[108.72439,13.46314],[108.7217,13.46475],[108.71772,13.46258],[108.71377,13.46437],[108.71298,13.46827],[108.71488,13.47068],[108.71518,13.47445],[108.70985,13.47727],[108.70804,13.48295],[108.70327,13.48638],[108.70886,13.49318],[108.70935,13.49897],[108.71363,13.50177],[108.7128,13.50992],[108.71432,13.51829],[108.72778,13.51965],[108.72733,13.52336],[108.7329,13.5283],[108.73514,13.53688],[108.73264,13.5396],[108.73641,13.54933],[108.74011,13.55136],[108.73982,13.5552],[108.7411,13.55663],[108.74783,13.55549],[108.74896,13.56647],[108.75854,13.56277],[108.76803,13.56155],[108.77505,13.57024],[108.78082,13.56879],[108.7813,13.5721],[108.78516,13.5739],[108.78387,13.57515],[108.78516,13.57726],[108.79174,13.57822],[108.81428,13.57706],[108.81601,13.57257],[108.82716,13.56486],[108.8433,13.564],[108.84761,13.56552],[108.85033,13.56857],[108.85252,13.57548],[108.85087,13.58362],[108.84692,13.5931],[108.84081,13.59777],[108.83891,13.60117],[108.83868,13.60366],[108.84169,13.6098],[108.83478,13.62005],[108.83522,13.62331],[108.8293,13.63051],[108.83018,13.63352],[108.82543,13.64135],[108.82406,13.64847],[108.82193,13.65061],[108.81987,13.65867],[108.82034,13.66197],[108.82258,13.66301],[108.82018,13.66643],[108.82145,13.67386],[108.81811,13.68131],[108.81852,13.68605],[108.8138,13.6952],[108.81424,13.69714],[108.81739,13.69942],[108.82287,13.69942],[108.83061,13.7038],[108.83255,13.70655],[108.83147,13.71492],[108.82652,13.72233],[108.83285,13.72772],[108.83384,13.73642],[108.83544,13.7379],[108.83296,13.74465],[108.83452,13.75113],[108.83361,13.75921],[108.83283,13.76062],[108.82829,13.76049],[108.82447,13.77486],[108.82486,13.77842],[108.82802,13.78284],[108.8279,13.79128],[108.82648,13.79331],[108.82321,13.79408],[108.82167,13.80025],[108.81447,13.8038],[108.80814,13.80262],[108.80115,13.80679],[108.80047,13.81068],[108.7962,13.81404],[108.79468,13.81997],[108.79636,13.82417],[108.79404,13.83424],[108.79691,13.83413],[108.79329,13.83793],[108.79278,13.84178],[108.79398,13.84487],[108.79702,13.84479],[108.79435,13.84892],[108.78963,13.85133],[108.78981,13.85412],[108.78545,13.85337],[108.77174,13.86654],[108.76424,13.88373],[108.76429,13.89167],[108.76021,13.89436],[108.75778,13.89869],[108.75104,13.90065],[108.74396,13.90927],[108.74603,13.91324],[108.74635,13.92155],[108.74457,13.93327],[108.74816,13.93986],[108.74664,13.94444],[108.74979,13.94959],[108.75431,13.94624],[108.75569,13.94831],[108.75249,13.95718],[108.75727,13.9694],[108.75241,13.97712],[108.75185,13.98091],[108.76409,13.99352],[108.75802,14.00179],[108.75661,14.0078],[108.75477,14.00946],[108.75436,14.01516],[108.75231,14.01774],[108.7526,14.01965],[108.75593,14.02162],[108.75765,14.02705],[108.75748,14.03686],[108.75367,14.04185],[108.7545,14.04527],[108.75053,14.04542],[108.73453,14.05244],[108.7225,14.06523],[108.71848,14.07343],[108.71273,14.09625],[108.70981,14.09848],[108.70716,14.10349],[108.70471,14.10346],[108.70061,14.10654],[108.69873,14.11448],[108.69184,14.1156],[108.69321,14.12088],[108.68457,14.13157],[108.68297,14.135],[108.68332,14.14098],[108.67696,14.14933],[108.67866,14.16084],[108.67204,14.16077],[108.6662,14.16522],[108.67226,14.17419],[108.67711,14.1782],[108.67356,14.18337],[108.68125,14.19316],[108.68017,14.20312],[108.6778,14.2034],[108.67733,14.20536],[108.67391,14.20756],[108.67735,14.21818],[108.67579,14.22417],[108.67075,14.2253],[108.67027,14.2302],[108.66519,14.23357],[108.6683,14.24386],[108.66576,14.24681],[108.66523,14.25162],[108.65946,14.25413],[108.6556,14.25962],[108.65686,14.26435],[108.65477,14.26894],[108.65568,14.2741],[108.65846,14.27546],[108.66046,14.28067],[108.65554,14.28517],[108.65605,14.28882],[108.65374,14.29281],[108.64692,14.2974],[108.64649,14.30643],[108.64277,14.31207],[108.64786,14.31859],[108.64781,14.32028],[108.64061,14.32756],[108.63384,14.34825],[108.62376,14.35572],[108.63428,14.3722],[108.62546,14.38584],[108.62877,14.38904],[108.6175,14.41044],[108.61477,14.41224],[108.61779,14.41668],[108.61587,14.42216],[108.61106,14.42474],[108.60951,14.43489],[108.61255,14.43689],[108.61311,14.43936],[108.60398,14.45233],[108.60125,14.45924],[108.60476,14.45914],[108.60986,14.45461],[108.61423,14.45738],[108.61647,14.45696],[108.6207,14.4503],[108.63161,14.44696],[108.6403,14.45266],[108.63967,14.46338],[108.64082,14.4712],[108.64371,14.47579],[108.63728,14.48063],[108.63964,14.48374],[108.63959,14.48662],[108.63509,14.49084],[108.63478,14.49376],[108.63154,14.49709],[108.6325,14.50116],[108.63683,14.5062],[108.62957,14.51759],[108.6324,14.52278],[108.63529,14.52489],[108.62999,14.53077],[108.63046,14.53595],[108.62845,14.538],[108.62797,14.54446],[108.62241,14.54225],[108.61808,14.54325],[108.6181,14.5397],[108.61338,14.53275],[108.61099,14.53476],[108.60674,14.5345],[108.59603,14.54756],[108.59782,14.55627],[108.59578,14.55708],[108.59443,14.56018],[108.59647,14.56289],[108.59369,14.56517],[108.58357,14.56775],[108.58078,14.57101],[108.57349,14.57279],[108.57258,14.57444],[108.5741,14.57613],[108.57057,14.57899],[108.56645,14.58011],[108.56011,14.58619],[108.54833,14.58558],[108.54689,14.58953]]]}},{"type":"Feature","properties":{"name":"Dak Lak","code":"VN_SRC_DAKLAK"},"geometry":{"type":"Polygon","coordinates":[[[108.68192,12.99777],[108.67652,12.99573],[108.66722,13.00428],[108.65748,12.99873],[108.6506,13.00298],[108.64509,13.01049],[108.62924,13.00944],[108.62747,13.00748],[108.61858,13.01036],[108.61405,13.00735],[108.60644,13.01799],[108.60084,13.01759],[108.59166,13.02952],[108.57747,13.02813],[108.56797,13.01968],[108.53771,13.03225],[108.52977,13.03394],[108.52224,13.03272],[108.51311,13.03444],[108.51075,13.03715],[108.51374,13.04026],[108.5111,13.04599],[108.51669,13.06025],[108.52136,13.06334],[108.51784,13.06746],[108.51916,13.07133],[108.51726,13.07334],[108.51489,13.07175],[108.50978,13.07964],[108.4999,13.08442],[108.49989,13.08914],[108.49669,13.09426],[108.48869,13.09834],[108.4929,13.10552],[108.48737,13.11132],[108.47708,13.11454],[108.4726,13.11832],[108.46487,13.11689],[108.46112,13.12011],[108.45702,13.12758],[108.45985,13.13076],[108.4603,13.13414],[108.46728,13.13572],[108.46996,13.14086],[108.46738,13.14007],[108.46453,13.1411],[108.46594,13.14802],[108.46123,13.15182],[108.46047,13.15554],[108.46386,13.16212],[108.4599,13.16555],[108.4567,13.16567],[108.44086,13.17904],[108.4369,13.18022],[108.42351,13.19802],[108.42151,13.21131],[108.418,13.2137],[108.41825,13.21683],[108.41625,13.22157],[108.41818,13.22454],[108.42228,13.22687],[108.41753,13.23354],[108.41831,13.23871],[108.42142,13.2402],[108.4199,13.24254],[108.41078,13.24811],[108.40796,13.25813],[108.40521,13.26042],[108.39854,13.25568],[108.38859,13.25696],[108.3838,13.2596],[108.37694,13.26689],[108.37223,13.26737],[108.374,13.27577],[108.37261,13.27807],[108.3738,13.27956],[108.37327,13.28822],[108.36859,13.29526],[108.37048,13.29759],[108.36902,13.30174],[108.37246,13.30253],[108.36726,13.31001],[108.36394,13.31054],[108.36208,13.31485],[108.35577,13.31542],[108.35273,13.32368],[108.35399,13.32636],[108.35333,13.32918],[108.3501,13.33137],[108.34578,13.33205],[108.34701,13.33917],[108.33708,13.33787],[108.33092,13.34],[108.32844,13.34285],[108.32451,13.34311],[108.32069,13.34556],[108.31893,13.34458],[108.31558,13.34713],[108.31331,13.34587],[108.29554,13.35191],[108.28854,13.35044],[108.28682,13.35507],[108.28132,13.36124],[108.26385,13.37261],[108.25792,13.36861],[108.25307,13.36966],[108.24928,13.36829],[108.24713,13.36963],[108.24286,13.36819],[108.23835,13.37284],[108.22755,13.37046],[108.22316,13.37086],[108.21999,13.3728],[108.21314,13.36821],[108.20915,13.3765],[108.20329,13.37332],[108.19743,13.37875],[108.18862,13.38211],[108.18458,13.38101],[108.17993,13.38406],[108.17738,13.38369],[108.17696,13.38765],[108.17425,13.38785],[108.17395,13.39133],[108.17137,13.39249],[108.16967,13.39151],[108.16931,13.39276],[108.16448,13.39432],[108.16504,13.39588],[108.1631,13.39707],[108.16201,13.40035],[108.15712,13.40144],[108.15559,13.39963],[108.15189,13.40097],[108.15087,13.39962],[108.14761,13.40457],[108.14473,13.40453],[108.14483,13.40763],[108.14127,13.40874],[108.13999,13.40667],[108.13703,13.40702],[108.13567,13.40921],[108.13231,13.40889],[108.13011,13.41139],[108.12502,13.40956],[108.11164,13.41656],[108.1064,13.41135],[108.09856,13.40994],[108.09445,13.40751],[108.08981,13.40889],[108.08054,13.39976],[108.08045,13.40332],[108.07915,13.40436],[108.07654,13.40372],[108.07309,13.3994],[108.07014,13.40287],[108.06889,13.40947],[108.06648,13.40897],[108.06455,13.4063],[108.06386,13.40915],[108.05704,13.40745],[108.05521,13.40877],[108.05683,13.41097],[108.05334,13.41261],[108.04765,13.4073],[108.04533,13.40094],[108.04067,13.39925],[108.03806,13.40219],[108.03569,13.40263],[108.03325,13.39595],[108.0268,13.3953],[108.0221,13.38737],[108.01423,13.38591],[108.01243,13.38247],[108.00955,13.38099],[108.00022,13.38606],[107.99784,13.39054],[107.99309,13.38886],[107.98939,13.39205],[107.98397,13.39288],[107.98032,13.39033],[107.98161,13.38401],[107.9776,13.38418],[107.97403,13.38142],[107.97046,13.38303],[107.96579,13.37995],[107.95914,13.38047],[107.95473,13.38482],[107.94995,13.38564],[107.94899,13.37996],[107.94398,13.37996],[107.94419,13.37515],[107.9429,13.3732],[107.93892,13.3758],[107.93301,13.37569],[107.92094,13.37953],[107.91643,13.38446],[107.91196,13.38532],[107.90717,13.38889],[107.88697,13.38464],[107.88591,13.3881],[107.88382,13.38792],[107.88229,13.39118],[107.87652,13.39361],[107.85168,13.3893],[107.83923,13.40051],[107.83146,13.3963],[107.81686,13.39284],[107.80882,13.39487],[107.80386,13.39313],[107.80149,13.39372],[107.80079,13.3903],[107.79772,13.38815],[107.79977,13.38098],[107.79593,13.38232],[107.79216,13.38166],[107.78611,13.37555],[107.78087,13.37484],[107.7756,13.37217],[107.77367,13.36946],[107.76801,13.369],[107.76496,13.36458],[107.76223,13.36708],[107.76281,13.3719],[107.75592,13.36847],[107.75195,13.36927],[107.75149,13.36475],[107.74892,13.36298],[107.74493,13.3643],[107.74073,13.36379],[107.7364,13.36696],[107.72932,13.36587],[107.7252,13.36893],[107.72015,13.36941],[107.71718,13.37393],[107.71321,13.37301],[107.71235,13.37041],[107.7103,13.3695],[107.70428,13.37469],[107.69629,13.37252],[107.69159,13.36804],[107.68961,13.36179],[107.68577,13.36368],[107.67527,13.35746],[107.67154,13.34952],[107.66319,13.35003],[107.65808,13.34657],[107.65493,13.3424],[107.6501,13.3422],[107.65065,13.33288],[107.64894,13.32706],[107.64086,13.33018],[107.63913,13.32363],[107.63062,13.32198],[107.62975,13.31615],[107.62571,13.31648],[107.61677,13.31326],[107.61547,13.30927],[107.60646,13.30519],[107.49036,13.03376],[107.49545,13.02232],[107.49286,13.00191],[107.49868,12.99644],[107.49925,12.99413],[107.49627,12.98778],[107.49734,12.98146],[107.504,12.9748],[107.50101,12.9722],[107.49327,12.97295],[107.48689,12.96946],[107.48935,12.96466],[107.4856,12.95916],[107.48668,12.95539],[107.48515,12.95279],[107.48701,12.9501],[107.48426,12.94719],[107.48415,12.94309],[107.49202,12.93771],[107.49363,12.93175],[107.49536,12.93029],[107.49251,12.92762],[107.49205,12.9238],[107.49442,12.92309],[107.49556,12.91891],[107.50184,12.91553],[107.4988,12.91105],[107.49452,12.90917],[107.49642,12.90355],[107.49244,12.90007],[107.49142,12.89529],[107.49662,12.89189],[107.49881,12.877],[107.50609,12.86964],[107.51076,12.86898],[107.51234,12.86678],[107.5122,12.85615],[107.52186,12.85305],[107.52533,12.84724],[107.52713,12.83929],[107.53465,12.83764],[107.54188,12.83275],[107.54218,12.82762],[107.54526,12.82164],[107.55116,12.82271],[107.55119,12.8182],[107.5543,12.81619],[107.55253,12.81361],[107.55249,12.80544],[107.55463,12.80357],[107.55728,12.80382],[107.5595,12.79634],[107.56969,12.79777],[107.58848,12.79694],[107.59565,12.79857],[107.5955,12.80019],[107.59874,12.8011],[107.59905,12.80272],[107.60133,12.80246],[107.60273,12.79807],[107.60727,12.79608],[107.63559,12.80419],[107.6377,12.80119],[107.63981,12.8011],[107.64147,12.79466],[107.66259,12.7986],[107.67817,12.79331],[107.68094,12.79485],[107.68837,12.78919],[107.69324,12.78987],[107.72493,12.78566],[107.73355,12.78207],[107.74483,12.78455],[107.7495,12.78095],[107.76149,12.77855],[107.7656,12.77851],[107.76716,12.78003],[107.78097,12.77814],[107.79406,12.7806],[107.80314,12.77998],[107.80599,12.78312],[107.809,12.78359],[107.80692,12.7847],[107.80712,12.78644],[107.81126,12.78511],[107.81103,12.78963],[107.81824,12.78979],[107.82451,12.80154],[107.82817,12.80086],[107.83272,12.80219],[107.84613,12.81202],[107.85027,12.81144],[107.85566,12.8072],[107.85868,12.80213],[107.86252,12.80018],[107.8636,12.79767],[107.86275,12.7939],[107.85857,12.78975],[107.85346,12.78017],[107.85755,12.77095],[107.85624,12.76288],[107.86024,12.757],[107.86779,12.75123],[107.87084,12.75237],[107.89032,12.74653],[107.89313,12.74739],[107.90076,12.74412],[107.9071,12.7447],[107.90981,12.74301],[107.91097,12.73755],[107.90962,12.73341],[107.90713,12.72955],[107.899,12.72363],[107.89572,12.71205],[107.9128,12.69293],[107.90685,12.6811],[107.90727,12.67871],[107.90498,12.67346],[107.9138,12.66493],[107.9151,12.65842],[107.91292,12.65603],[107.9059,12.65296],[107.90486,12.64985],[107.90866,12.64605],[107.91797,12.64814],[107.92102,12.64559],[107.92148,12.64141],[107.91949,12.63539],[107.92227,12.63285],[107.92315,12.62911],[107.92081,12.61956],[107.92768,12.61809],[107.92938,12.61652],[107.92919,12.60065],[107.93051,12.59897],[107.93456,12.59807],[107.93555,12.59614],[107.93441,12.58599],[107.93245,12.58248],[107.9135,12.5778],[107.90372,12.56975],[107.894,12.56517],[107.8939,12.56113],[107.8923,12.55989],[107.89649,12.5564],[107.89674,12.55414],[107.88718,12.54634],[107.8881,12.54003],[107.89004,12.53868],[107.89435,12.53916],[107.90455,12.52903],[107.91099,12.5257],[107.91697,12.52883],[107.92347,12.5281],[107.92704,12.5292],[107.93343,12.52525],[107.94338,12.52745],[107.9483,12.5208],[107.95536,12.5209],[107.97574,12.50708],[107.97902,12.50202],[107.98066,12.49563],[107.99178,12.49298],[107.99054,12.48843],[107.99148,12.4852],[107.99782,12.48615],[107.99771,12.48208],[108.00171,12.47652],[108.00036,12.47356],[107.99501,12.46997],[107.99447,12.46828],[107.99681,12.46535],[107.99304,12.46516],[107.9912,12.45624],[107.98676,12.45348],[107.98581,12.44724],[107.9842,12.44544],[107.97731,12.44381],[107.96631,12.43653],[107.95506,12.4417],[107.94876,12.43993],[107.94533,12.44074],[107.94373,12.43687],[107.93682,12.43127],[107.92986,12.43174],[107.93289,12.42715],[107.93103,12.42377],[107.92931,12.42366],[107.92647,12.42737],[107.92238,12.42774],[107.92195,12.42525],[107.92474,12.42129],[107.92353,12.41642],[107.91901,12.41881],[107.91724,12.41817],[107.91756,12.41526],[107.92734,12.41245],[107.9268,12.41002],[107.91661,12.4067],[107.91268,12.40125],[107.91762,12.39157],[107.92659,12.38913],[107.92154,12.38654],[107.92134,12.38099],[107.92856,12.38086],[107.92932,12.37659],[107.93313,12.37336],[107.93286,12.37067],[107.93503,12.3658],[107.93185,12.35454],[107.93453,12.34972],[107.93401,12.34348],[107.93573,12.341],[107.94516,12.33501],[107.94447,12.32748],[107.95041,12.32388],[107.95315,12.31882],[107.96526,12.31468],[107.97178,12.31066],[107.97393,12.30605],[107.97405,12.29743],[107.98082,12.29716],[107.98813,12.30165],[107.99875,12.3046],[108.0035,12.29671],[108.00538,12.29634],[108.01594,12.30272],[108.02041,12.29077],[108.02683,12.28829],[108.0408,12.28905],[108.04205,12.28147],[108.05191,12.26591],[108.05486,12.2663],[108.05637,12.26957],[108.06103,12.26432],[108.06743,12.2659],[108.06995,12.25902],[108.07512,12.25117],[108.0859,12.24076],[108.08375,12.23383],[108.08742,12.22333],[108.09073,12.21859],[108.09482,12.21667],[108.09662,12.21056],[108.10628,12.20522],[108.11163,12.19826],[108.11402,12.19304],[108.11305,12.18398],[108.11948,12.17545],[108.12363,12.17516],[108.13142,12.18095],[108.13785,12.18201],[108.14537,12.18608],[108.15371,12.18847],[108.16261,12.1956],[108.16612,12.19656],[108.16782,12.18932],[108.17299,12.18645],[108.17247,12.17975],[108.17488,12.17982],[108.17624,12.18471],[108.18102,12.18468],[108.18287,12.18326],[108.18492,12.17443],[108.18965,12.17306],[108.19114,12.17353],[108.19121,12.17706],[108.19257,12.17833],[108.19442,12.17671],[108.19836,12.17654],[108.1971,12.17401],[108.1996,12.17344],[108.20013,12.17093],[108.20245,12.17333],[108.205,12.17122],[108.20922,12.17245],[108.2096,12.17793],[108.21706,12.1838],[108.22098,12.17832],[108.22079,12.17408],[108.22378,12.17188],[108.22532,12.1807],[108.22633,12.18232],[108.22841,12.18237],[108.23189,12.17658],[108.23824,12.17571],[108.23797,12.16624],[108.24118,12.16083],[108.2447,12.16326],[108.24656,12.16848],[108.25228,12.17069],[108.25226,12.17236],[108.25536,12.17436],[108.25529,12.17843],[108.24946,12.17639],[108.24906,12.18053],[108.25272,12.18867],[108.26022,12.19148],[108.25948,12.20008],[108.26665,12.20357],[108.26921,12.20302],[108.27207,12.20434],[108.27368,12.21032],[108.27698,12.21389],[108.29475,12.20861],[108.29641,12.20251],[108.30037,12.20816],[108.3044,12.20986],[108.30703,12.21315],[108.31148,12.21467],[108.31168,12.21814],[108.31795,12.21805],[108.32239,12.21958],[108.32175,12.22421],[108.33091,12.23042],[108.3401,12.22816],[108.33929,12.23423],[108.33324,12.23532],[108.33565,12.23952],[108.33444,12.24462],[108.33624,12.24804],[108.33978,12.24784],[108.34229,12.24508],[108.34334,12.24883],[108.34723,12.24745],[108.35136,12.25247],[108.35602,12.25462],[108.36386,12.25292],[108.36955,12.25415],[108.37248,12.25052],[108.37645,12.24986],[108.38758,12.24082],[108.39115,12.24126],[108.39368,12.24344],[108.39968,12.2424],[108.40809,12.24465],[108.41274,12.24339],[108.41899,12.24914],[108.42724,12.25147],[108.42751,12.25715],[108.42938,12.25911],[108.43313,12.25758],[108.43396,12.25437],[108.4368,12.25311],[108.43738,12.24972],[108.4396,12.25025],[108.44018,12.2518],[108.43652,12.25707],[108.43975,12.25871],[108.44024,12.26302],[108.44355,12.26322],[108.44105,12.26849],[108.44249,12.2774],[108.4443,12.27778],[108.44587,12.27277],[108.45051,12.27313],[108.45204,12.27721],[108.45848,12.28285],[108.45693,12.27585],[108.46002,12.27571],[108.46634,12.28289],[108.4648,12.28637],[108.46671,12.28841],[108.46531,12.2969],[108.46928,12.29515],[108.47045,12.28884],[108.47203,12.2881],[108.4757,12.29442],[108.4747,12.30014],[108.47765,12.29877],[108.48013,12.30029],[108.48354,12.29948],[108.48045,12.30464],[108.48121,12.3078],[108.48331,12.30944],[108.48479,12.30921],[108.48543,12.30472],[108.49015,12.3063],[108.49214,12.30526],[108.49457,12.29843],[108.49995,12.29168],[108.49902,12.2849],[108.50239,12.28136],[108.50484,12.28203],[108.5098,12.27705],[108.5145,12.27727],[108.51613,12.27946],[108.5211,12.2803],[108.53094,12.27881],[108.53815,12.28276],[108.53962,12.28667],[108.53591,12.28997],[108.53993,12.29636],[108.54245,12.29727],[108.54826,12.29511],[108.55007,12.29207],[108.55244,12.29553],[108.55627,12.29522],[108.55787,12.29235],[108.5649,12.29194],[108.56961,12.29529],[108.57221,12.28971],[108.5749,12.29163],[108.57556,12.28822],[108.58061,12.28837],[108.57988,12.28552],[108.58366,12.28532],[108.58981,12.28789],[108.58972,12.285],[108.58604,12.28187],[108.58896,12.28224],[108.5911,12.27852],[108.59297,12.27877],[108.59606,12.27619],[108.6091,12.28065],[108.60756,12.28195],[108.60822,12.28286],[108.61657,12.28337],[108.61789,12.28135],[108.61931,12.2815],[108.62527,12.28998],[108.62815,12.28913],[108.62991,12.29115],[108.63711,12.2915],[108.63895,12.29345],[108.64538,12.29486],[108.64938,12.29279],[108.65202,12.29512],[108.66276,12.29758],[108.6644,12.29961],[108.66637,12.29907],[108.6685,12.30094],[108.66905,12.30444],[108.67419,12.30659],[108.67745,12.31046],[108.67701,12.31273],[108.68172,12.3157],[108.68161,12.31871],[108.68611,12.32291],[108.68463,12.32556],[108.6848,12.33297],[108.67992,12.34433],[108.67958,12.34837],[108.68333,12.35932],[108.68879,12.36249],[108.68986,12.37006],[108.6916,12.37286],[108.69004,12.37701],[108.68604,12.3797],[108.68805,12.38904],[108.67985,12.39267],[108.67583,12.40137],[108.68037,12.40843],[108.682,12.41533],[108.67773,12.41589],[108.67106,12.42491],[108.67456,12.4316],[108.68378,12.44012],[108.68958,12.45081],[108.69999,12.46052],[108.70248,12.47385],[108.71744,12.48346],[108.73629,12.47699],[108.74081,12.4768],[108.74477,12.47934],[108.7484,12.47955],[108.75063,12.48178],[108.75296,12.49687],[108.75677,12.49931],[108.76457,12.4974],[108.7687,12.49953],[108.77101,12.50311],[108.77506,12.50197],[108.78033,12.50483],[108.78509,12.50074],[108.79323,12.49919],[108.79602,12.49665],[108.79686,12.49328],[108.79926,12.4909],[108.79748,12.48519],[108.80138,12.48011],[108.80674,12.48043],[108.81108,12.48401],[108.81519,12.48308],[108.82185,12.47883],[108.82238,12.47458],[108.82659,12.47302],[108.82844,12.47043],[108.83075,12.47131],[108.83583,12.46935],[108.83684,12.46551],[108.84079,12.4624],[108.8486,12.46225],[108.8516,12.45727],[108.85824,12.4566],[108.86769,12.45194],[108.87184,12.45215],[108.86997,12.45515],[108.87189,12.46558],[108.87812,12.46973],[108.88009,12.47886],[108.86211,12.49187],[108.8613,12.49399],[108.8674,12.50079],[108.87516,12.50603],[108.87421,12.50997],[108.87624,12.51345],[108.87918,12.51485],[108.87515,12.52227],[108.87515,12.52543],[108.88209,12.53715],[108.88288,12.54095],[108.89225,12.54504],[108.89465,12.54976],[108.89533,12.56288],[108.89743,12.56449],[108.89543,12.56765],[108.8964,12.57346],[108.89377,12.57626],[108.89398,12.57937],[108.88992,12.57896],[108.88658,12.58056],[108.88062,12.58689],[108.86506,12.59492],[108.86405,12.60565],[108.86781,12.61431],[108.88047,12.62604],[108.88537,12.62635],[108.89061,12.62262],[108.89762,12.62351],[108.90962,12.63777],[108.91383,12.63995],[108.91386,12.64882],[108.91646,12.65529],[108.91614,12.65996],[108.90332,12.67074],[108.90379,12.67504],[108.9095,12.67748],[108.9209,12.67893],[108.92575,12.68355],[108.9308,12.68407],[108.94434,12.69335],[108.94876,12.689],[108.96327,12.68361],[108.96517,12.68325],[108.9687,12.68537],[108.98063,12.68128],[108.98634,12.68735],[108.99119,12.68994],[108.99185,12.69238],[108.9889,12.69595],[108.98966,12.69906],[108.98782,12.70181],[108.99482,12.70648],[108.9953,12.71403],[108.99381,12.72096],[108.98743,12.72697],[108.98431,12.7428],[108.99121,12.75529],[108.99046,12.76276],[108.9861,12.77083],[108.98771,12.77547],[108.98757,12.78112],[108.98618,12.78291],[108.98116,12.7832],[108.98106,12.78636],[108.97669,12.78452],[108.97289,12.78805],[108.97225,12.79011],[108.97703,12.79863],[108.97288,12.80177],[108.97407,12.80601],[108.97202,12.80876],[108.97102,12.81574],[108.96434,12.81718],[108.95659,12.81121],[108.94769,12.81052],[108.94434,12.80515],[108.94,12.8062],[108.93829,12.80898],[108.93516,12.81023],[108.91835,12.81048],[108.90952,12.80923],[108.90245,12.81333],[108.8961,12.81468],[108.86911,12.81583],[108.86684,12.81736],[108.8625,12.82568],[108.85565,12.82728],[108.85214,12.83158],[108.84813,12.84425],[108.84818,12.84759],[108.85097,12.85229],[108.84872,12.85474],[108.84056,12.85732],[108.83348,12.86142],[108.82822,12.86741],[108.82031,12.86711],[108.81713,12.86999],[108.81609,12.87434],[108.81478,12.8749],[108.80414,12.87372],[108.80173,12.87125],[108.79747,12.8709],[108.79504,12.86735],[108.79101,12.87041],[108.78724,12.87675],[108.78332,12.89297],[108.7791,12.89774],[108.77402,12.89915],[108.77083,12.91631],[108.76252,12.92318],[108.75996,12.93084],[108.75387,12.93826],[108.75108,12.94521],[108.74803,12.94559],[108.74458,12.94814],[108.73739,12.94737],[108.73372,12.95217],[108.7241,12.95155],[108.72006,12.9542],[108.71802,12.94831],[108.71509,12.94552],[108.7138,12.9447],[108.71187,12.94648],[108.7105,12.94253],[108.70732,12.9418],[108.70359,12.94312],[108.70093,12.94803],[108.70486,12.95309],[108.70567,12.96429],[108.69321,12.97121],[108.69245,12.97834],[108.69082,12.97978],[108.67986,12.9813],[108.67407,12.98927],[108.67349,12.99358],[108.68192,12.99777]]]}},{"type":"Feature","properties":{"name":"Dak Nong","code":"VN_SRC_DAKNONG"},"geometry":{"type":"Polygon","coordinates":[[[107.5595,12.79634],[107.56314,12.78819],[107.55907,12.78551],[107.55945,12.77896],[107.56245,12.77406],[107.55981,12.77022],[107.55868,12.76154],[107.5602,12.75335],[107.55962,12.74645],[107.56468,12.74637],[107.56363,12.73641],[107.56746,12.73202],[107.56702,12.72671],[107.56145,12.71715],[107.55919,12.71574],[107.5598,12.70772],[107.56262,12.70652],[107.56255,12.70414],[107.56747,12.70261],[107.57032,12.69217],[107.5743,12.69095],[107.57455,12.68853],[107.57869,12.68385],[107.57779,12.68122],[107.58039,12.68163],[107.58212,12.67931],[107.57627,12.67636],[107.57585,12.66964],[107.57279,12.66751],[107.57041,12.66764],[107.57151,12.66162],[107.56961,12.65522],[107.574,12.65017],[107.56919,12.64791],[107.57015,12.64578],[107.56906,12.64268],[107.57208,12.63991],[107.57134,12.63464],[107.574,12.63097],[107.57177,12.62869],[107.57251,12.62627],[107.5786,12.62281],[107.57757,12.61911],[107.57981,12.61962],[107.58194,12.61388],[107.58477,12.61297],[107.5805,12.60974],[107.58307,12.60719],[107.58234,12.60539],[107.58541,12.603],[107.58427,12.59901],[107.58575,12.5975],[107.58108,12.59146],[107.58117,12.58762],[107.5827,12.58631],[107.58052,12.58524],[107.57933,12.58184],[107.58063,12.57833],[107.57968,12.57539],[107.58267,12.56986],[107.58261,12.567],[107.58524,12.56672],[107.5849,12.5634],[107.58972,12.55866],[107.58849,12.55522],[107.58325,12.55164],[107.58108,12.54727],[107.57804,12.54567],[107.57826,12.54305],[107.57558,12.54158],[107.57755,12.53536],[107.57589,12.53452],[107.57584,12.53248],[107.57128,12.5294],[107.56819,12.52974],[107.56276,12.52258],[107.56263,12.51665],[107.56937,12.5119],[107.56696,12.50658],[107.56983,12.50742],[107.56934,12.50464],[107.57086,12.50146],[107.57289,12.50119],[107.57347,12.49886],[107.57556,12.4993],[107.58032,12.49714],[107.58082,12.49544],[107.57828,12.49243],[107.57936,12.48929],[107.5768,12.48699],[107.57766,12.48217],[107.57572,12.47799],[107.56976,12.47631],[107.56556,12.47221],[107.56719,12.46483],[107.56549,12.46195],[107.56681,12.46061],[107.56457,12.46029],[107.56601,12.45877],[107.56504,12.45628],[107.56715,12.45448],[107.56586,12.44889],[107.56229,12.4479],[107.5602,12.43971],[107.55482,12.43388],[107.55291,12.42428],[107.54975,12.42167],[107.54988,12.4194],[107.54356,12.4159],[107.54291,12.41255],[107.54548,12.40376],[107.54302,12.39921],[107.54529,12.39309],[107.5485,12.3905],[107.54787,12.38876],[107.55435,12.37889],[107.55277,12.37575],[107.54568,12.37363],[107.54412,12.37165],[107.54698,12.36737],[107.54619,12.36276],[107.54731,12.36057],[107.54331,12.35031],[107.53659,12.35166],[107.53501,12.34945],[107.53523,12.34659],[107.53275,12.345],[107.52756,12.34634],[107.5267,12.34001],[107.52073,12.33977],[107.51577,12.33682],[107.51114,12.32843],[107.50577,12.32744],[107.50224,12.32388],[107.49604,12.32335],[107.48421,12.31878],[107.47689,12.31392],[107.46926,12.31152],[107.46754,12.30982],[107.46669,12.30132],[107.45777,12.29393],[107.44515,12.29193],[107.44343,12.28586],[107.44355,12.27893],[107.43823,12.27255],[107.43837,12.26926],[107.44186,12.26433],[107.43693,12.25791],[107.43473,12.25246],[107.43547,12.24461],[107.42214,12.24656],[107.41709,12.23916],[107.41547,12.24523],[107.41184,12.24972],[107.3979,12.25635],[107.39914,12.26148],[107.38734,12.27154],[107.38613,12.2795],[107.38902,12.28479],[107.38375,12.28881],[107.38366,12.29597],[107.37804,12.29537],[107.3784,12.30003],[107.37588,12.3051],[107.36738,12.3126],[107.36313,12.3197],[107.35644,12.32166],[107.35148,12.32588],[107.34577,12.33533],[107.33925,12.3277],[107.32556,12.32619],[107.31924,12.3219],[107.31291,12.32327],[107.31279,12.33047],[107.30982,12.33344],[107.30264,12.32888],[107.29794,12.32968],[107.29136,12.32847],[107.28423,12.32283],[107.26979,12.32576],[107.26302,12.31473],[107.26063,12.31624],[107.25934,12.31407],[107.25707,12.31563],[107.2566,12.31367],[107.25118,12.3118],[107.25065,12.30826],[107.24325,12.30722],[107.24278,12.30331],[107.24014,12.30459],[107.24089,12.30184],[107.23779,12.30143],[107.23138,12.29632],[107.22639,12.29758],[107.22469,12.29515],[107.22228,12.29859],[107.22149,12.29527],[107.21992,12.29632],[107.22078,12.29918],[107.21965,12.29996],[107.21213,12.29931],[107.21006,12.2974],[107.2083,12.30027],[107.20644,12.296],[107.22835,12.1539],[107.22883,12.1338],[107.22409,12.12789],[107.22207,12.12792],[107.22255,12.12555],[107.22559,12.12534],[107.22737,12.12317],[107.22877,12.11575],[107.24093,12.11434],[107.23771,12.105],[107.2324,12.0983],[107.23476,12.08993],[107.23158,12.08854],[107.23108,12.08571],[107.22961,12.08599],[107.23346,12.06118],[107.23169,12.05906],[107.23135,12.05282],[107.23421,12.04397],[107.23267,12.04143],[107.23326,12.03945],[107.23136,12.03755],[107.2332,12.0353],[107.23281,12.02974],[107.23107,12.0285],[107.23403,12.02749],[107.23666,12.03638],[107.23936,12.03659],[107.24064,12.03365],[107.2426,12.03909],[107.24596,12.03415],[107.24316,12.02563],[107.24656,12.02695],[107.24978,12.02597],[107.25226,12.02115],[107.2598,12.01853],[107.26162,12.02036],[107.26284,12.01745],[107.26819,12.01675],[107.26777,12.01494],[107.26909,12.01372],[107.27144,12.01711],[107.27669,12.0132],[107.27797,12.01787],[107.27983,12.01652],[107.28037,12.01275],[107.28426,12.01797],[107.29079,12.01589],[107.28961,12.01906],[107.29211,12.02153],[107.29196,12.01794],[107.29633,12.01574],[107.29435,12.00937],[107.30166,12.00861],[107.30386,12.01026],[107.30808,12.00571],[107.31009,12.00556],[107.31229,12.00777],[107.31603,12.00777],[107.31689,12.00636],[107.32484,12.00385],[107.32551,11.99964],[107.33162,11.99692],[107.33766,11.99147],[107.34476,11.97918],[107.3448,11.97408],[107.3515,11.96798],[107.34937,11.96564],[107.35151,11.96362],[107.35316,11.95314],[107.35693,11.95217],[107.35608,11.94915],[107.35435,11.94878],[107.35542,11.9466],[107.35255,11.94721],[107.35503,11.94501],[107.35352,11.94287],[107.3568,11.93972],[107.35336,11.93887],[107.35566,11.93871],[107.36046,11.93375],[107.36715,11.93312],[107.36963,11.92837],[107.3746,11.92608],[107.3755,11.92346],[107.37989,11.92314],[107.38326,11.92085],[107.3851,11.91819],[107.38431,11.91383],[107.39523,11.89605],[107.40109,11.89048],[107.40172,11.88383],[107.40608,11.87537],[107.40699,11.86632],[107.41157,11.86455],[107.41964,11.86495],[107.42641,11.85904],[107.42733,11.84428],[107.42202,11.84448],[107.41676,11.83607],[107.41834,11.8312],[107.41451,11.834],[107.41371,11.82657],[107.40916,11.82338],[107.40917,11.82035],[107.40675,11.8199],[107.40536,11.81715],[107.40521,11.81293],[107.40816,11.81045],[107.4078,11.80818],[107.40947,11.80634],[107.4016,11.79805],[107.39712,11.80084],[107.39467,11.7971],[107.39613,11.79586],[107.39356,11.79499],[107.39298,11.78887],[107.39596,11.78736],[107.39758,11.78242],[107.3957,11.78099],[107.39936,11.77708],[107.39706,11.77614],[107.39803,11.77305],[107.39626,11.77316],[107.39102,11.76662],[107.3978,11.76522],[107.40239,11.75599],[107.41282,11.7527],[107.41395,11.74963],[107.41704,11.74887],[107.42802,11.76005],[107.43246,11.76186],[107.4335,11.76575],[107.43959,11.76188],[107.45111,11.75772],[107.45556,11.75758],[107.46394,11.76089],[107.47405,11.77097],[107.47768,11.77709],[107.47797,11.78609],[107.48107,11.79121],[107.49406,11.79682],[107.50218,11.79814],[107.50706,11.80365],[107.5099,11.80237],[107.50853,11.79887],[107.50934,11.79779],[107.51724,11.79938],[107.52833,11.79912],[107.53686,11.79696],[107.54286,11.79228],[107.54412,11.78941],[107.5525,11.79142],[107.56212,11.80546],[107.57202,11.81308],[107.57843,11.82155],[107.58518,11.82365],[107.58856,11.82679],[107.59249,11.82619],[107.60602,11.83838],[107.60889,11.83825],[107.61049,11.83983],[107.61458,11.83774],[107.61878,11.83886],[107.62054,11.84707],[107.6265,11.85388],[107.62659,11.86129],[107.63052,11.86582],[107.6341,11.86714],[107.63997,11.86592],[107.64874,11.87436],[107.6548,11.87621],[107.65943,11.87563],[107.6599,11.88227],[107.66352,11.88702],[107.66592,11.88767],[107.67099,11.88515],[107.67459,11.8856],[107.67806,11.88968],[107.67191,11.89513],[107.67612,11.90194],[107.67502,11.90805],[107.67272,11.91161],[107.67425,11.91383],[107.68437,11.9154],[107.69028,11.9198],[107.7022,11.91587],[107.70822,11.9222],[107.71196,11.92198],[107.72384,11.916],[107.72825,11.91538],[107.73314,11.908],[107.73379,11.90165],[107.73064,11.90001],[107.72473,11.9001],[107.72324,11.89795],[107.72692,11.89408],[107.72739,11.88606],[107.73289,11.88099],[107.73228,11.87884],[107.72601,11.87608],[107.72773,11.87],[107.73101,11.87004],[107.73478,11.87495],[107.74506,11.86791],[107.75211,11.86677],[107.75522,11.863],[107.76101,11.85976],[107.76201,11.85707],[107.76822,11.85457],[107.7735,11.84894],[107.7775,11.8521],[107.78256,11.8536],[107.78814,11.85955],[107.79352,11.86073],[107.80117,11.85949],[107.80911,11.86117],[107.8131,11.86744],[107.81676,11.86718],[107.81991,11.86367],[107.82314,11.86303],[107.8272,11.87447],[107.83452,11.87771],[107.83728,11.8766],[107.83902,11.87103],[107.84159,11.869],[107.84726,11.86908],[107.85405,11.87447],[107.86616,11.87215],[107.87012,11.874],[107.87904,11.87195],[107.88418,11.87373],[107.88866,11.87325],[107.89589,11.86963],[107.89924,11.86345],[107.90152,11.85062],[107.89883,11.84688],[107.89125,11.84422],[107.89281,11.83915],[107.89057,11.83522],[107.8904,11.83137],[107.89255,11.82801],[107.89783,11.82732],[107.899,11.8256],[107.89765,11.82459],[107.8906,11.82587],[107.88821,11.82094],[107.89737,11.8129],[107.89959,11.80787],[107.90644,11.80321],[107.91851,11.80092],[107.92042,11.79717],[107.92526,11.79767],[107.92392,11.80039],[107.92551,11.80604],[107.93084,11.81311],[107.93212,11.8132],[107.9328,11.80934],[107.93951,11.81193],[107.93939,11.81719],[107.9448,11.81835],[107.94605,11.82244],[107.948,11.82326],[107.94955,11.82186],[107.94925,11.81677],[107.95644,11.81905],[107.95886,11.81727],[107.95838,11.81078],[107.96676,11.80631],[107.966,11.80354],[107.96873,11.8012],[107.96934,11.79817],[107.97393,11.79578],[107.97412,11.79029],[107.97878,11.7905],[107.986,11.80002],[107.99602,11.80002],[108.00183,11.8032],[108.00344,11.80664],[108.01775,11.80598],[108.02007,11.81207],[108.02324,11.81116],[108.02344,11.81774],[108.05914,11.83862],[108.06758,11.8336],[108.08771,11.86365],[108.09986,11.87577],[108.10448,11.88666],[108.10838,11.89062],[108.11163,11.90081],[108.10967,11.90432],[108.10617,11.90673],[108.09901,11.90751],[108.09219,11.91082],[108.08918,11.90965],[108.08982,11.91254],[108.08805,11.91314],[108.08493,11.91144],[108.08352,11.92327],[108.08158,11.9247],[108.08278,11.92934],[108.07715,11.93161],[108.07803,11.93514],[108.07475,11.93665],[108.07487,11.93875],[108.07266,11.93872],[108.07354,11.94274],[108.07176,11.94246],[108.06802,11.94575],[108.06879,11.94815],[108.06546,11.94891],[108.06247,11.94362],[108.06026,11.94289],[108.05713,11.9461],[108.05271,11.94477],[108.05245,11.94753],[108.05042,11.94562],[108.04952,11.94655],[108.05155,11.94921],[108.04555,11.94993],[108.04878,11.95203],[108.0468,11.95391],[108.04925,11.95468],[108.04802,11.9593],[108.04967,11.96194],[108.04679,11.96575],[108.04723,11.9699],[108.04523,11.97699],[108.04034,11.98045],[108.0398,11.98446],[108.0321,11.98675],[108.03097,11.99059],[108.02773,11.99024],[108.0283,11.99482],[108.02683,11.99339],[108.026,11.99425],[108.02771,11.99829],[108.02239,12.00343],[108.02424,12.00671],[108.02253,12.01182],[108.02515,12.01368],[108.02209,12.01394],[108.02173,12.01777],[108.01744,12.01899],[108.0167,12.02042],[108.01831,12.02074],[108.01684,12.02269],[108.00841,12.02208],[108.00719,12.0235],[108.00867,12.03076],[108.00975,12.03196],[108.01187,12.03129],[108.01165,12.03294],[108.00892,12.03447],[108.01158,12.03544],[108.0087,12.04078],[108.0127,12.04057],[108.01179,12.04454],[108.00937,12.04711],[108.00964,12.04928],[108.01203,12.04902],[108.01129,12.05189],[108.00929,12.05092],[108.00832,12.05325],[108.00727,12.05033],[108.00522,12.05147],[108.00069,12.0489],[107.99396,12.0529],[107.99105,12.05108],[107.99066,12.05485],[107.98223,12.05516],[107.97887,12.05312],[107.97697,12.05566],[107.9734,12.05595],[107.97396,12.05897],[107.97036,12.06052],[107.96873,12.06314],[107.96448,12.06199],[107.96277,12.0673],[107.97027,12.07447],[107.97486,12.07512],[107.97162,12.07988],[107.97661,12.0789],[107.98052,12.08174],[107.98143,12.07943],[107.98298,12.08003],[107.98275,12.08311],[107.98038,12.08545],[107.98218,12.0905],[107.98461,12.09239],[107.98226,12.09752],[107.98453,12.10116],[107.98251,12.1041],[107.98564,12.10743],[107.98352,12.10834],[107.98474,12.11012],[107.99026,12.10978],[107.98856,12.11206],[107.99105,12.114],[107.99187,12.11776],[107.98936,12.12166],[107.99818,12.1221],[107.99955,12.12352],[107.99732,12.12723],[107.99809,12.12814],[108.00201,12.12298],[108.00498,12.12289],[108.00471,12.11839],[108.00727,12.11597],[108.01133,12.12391],[108.01391,12.12374],[108.01488,12.12594],[108.01836,12.12664],[108.02053,12.12954],[108.01818,12.13412],[108.01931,12.13583],[108.01895,12.14128],[108.02418,12.13612],[108.03102,12.13857],[108.03459,12.14474],[108.03851,12.14277],[108.03993,12.13906],[108.04273,12.13851],[108.04641,12.13962],[108.05124,12.13874],[108.05449,12.14065],[108.05397,12.14341],[108.05528,12.14385],[108.05771,12.1409],[108.05756,12.13801],[108.05583,12.1381],[108.0565,12.13672],[108.06067,12.13796],[108.06362,12.1359],[108.06661,12.13791],[108.06672,12.13397],[108.07091,12.13217],[108.07886,12.13292],[108.07749,12.13436],[108.07766,12.13839],[108.08277,12.13777],[108.09103,12.13398],[108.09153,12.13814],[108.09603,12.14397],[108.09731,12.14267],[108.09635,12.14011],[108.10163,12.13641],[108.10183,12.13799],[108.09951,12.13958],[108.10346,12.14255],[108.10296,12.14871],[108.10648,12.14495],[108.10955,12.1463],[108.10752,12.14788],[108.10917,12.15013],[108.11149,12.14923],[108.11223,12.14643],[108.11481,12.14765],[108.1125,12.15228],[108.11372,12.1572],[108.11665,12.16117],[108.11113,12.16145],[108.10879,12.1651],[108.11265,12.16606],[108.1137,12.16785],[108.11429,12.17507],[108.11118,12.17913],[108.11305,12.18398],[108.11402,12.19304],[108.11163,12.19826],[108.10628,12.20522],[108.09662,12.21056],[108.09482,12.21667],[108.09073,12.21859],[108.08742,12.22333],[108.08375,12.23383],[108.0859,12.24076],[108.07512,12.25117],[108.06995,12.25902],[108.06743,12.2659],[108.06103,12.26432],[108.05637,12.26957],[108.05486,12.2663],[108.05191,12.26591],[108.04205,12.28147],[108.0408,12.28905],[108.02683,12.28829],[108.02041,12.29077],[108.01594,12.30272],[108.00538,12.29634],[108.0035,12.29671],[107.99875,12.3046],[107.98813,12.30165],[107.98082,12.29716],[107.97405,12.29743],[107.97393,12.30605],[107.97178,12.31066],[107.96526,12.31468],[107.95315,12.31882],[107.95041,12.32388],[107.94447,12.32748],[107.94516,12.33501],[107.93573,12.341],[107.93401,12.34348],[107.93453,12.34972],[107.93185,12.35454],[107.93503,12.3658],[107.93286,12.37067],[107.93313,12.37336],[107.92932,12.37659],[107.92856,12.38086],[107.92134,12.38099],[107.92154,12.38654],[107.92659,12.38913],[107.91762,12.39157],[107.91268,12.40125],[107.91661,12.4067],[107.9268,12.41002],[107.92734,12.41245],[107.91756,12.41526],[107.91724,12.41817],[107.91901,12.41881],[107.92353,12.41642],[107.92474,12.42129],[107.92195,12.42525],[107.92238,12.42774],[107.92647,12.42737],[107.92931,12.42366],[107.93103,12.42377],[107.93289,12.42715],[107.92986,12.43174],[107.93682,12.43127],[107.94373,12.43687],[107.94533,12.44074],[107.94876,12.43993],[107.95506,12.4417],[107.96631,12.43653],[107.97731,12.44381],[107.9842,12.44544],[107.98581,12.44724],[107.98676,12.45348],[107.9912,12.45624],[107.99304,12.46516],[107.99681,12.46535],[107.99447,12.46828],[107.99501,12.46997],[108.00036,12.47356],[108.00171,12.47652],[107.99771,12.48208],[107.99782,12.48615],[107.99148,12.4852],[107.99054,12.48843],[107.99178,12.49298],[107.98066,12.49563],[107.97902,12.50202],[107.97574,12.50708],[107.95536,12.5209],[107.9483,12.5208],[107.94338,12.52745],[107.93343,12.52525],[107.92704,12.5292],[107.92347,12.5281],[107.91697,12.52883],[107.91099,12.5257],[107.90455,12.52903],[107.89435,12.53916],[107.89004,12.53868],[107.8881,12.54003],[107.88718,12.54634],[107.89674,12.55414],[107.89649,12.5564],[107.8923,12.55989],[107.8939,12.56113],[107.894,12.56517],[107.90372,12.56975],[107.9135,12.5778],[107.93245,12.58248],[107.93441,12.58599],[107.93555,12.59614],[107.93456,12.59807],[107.93051,12.59897],[107.92919,12.60065],[107.92938,12.61652],[107.92768,12.61809],[107.92081,12.61956],[107.92315,12.62911],[107.92227,12.63285],[107.91949,12.63539],[107.92148,12.64141],[107.92102,12.64559],[107.91797,12.64814],[107.90866,12.64605],[107.90486,12.64985],[107.9059,12.65296],[107.91292,12.65603],[107.9151,12.65842],[107.9138,12.66493],[107.90498,12.67346],[107.90727,12.67871],[107.90685,12.6811],[107.9128,12.69293],[107.89572,12.71205],[107.899,12.72363],[107.90713,12.72955],[107.90962,12.73341],[107.91097,12.73755],[107.90981,12.74301],[107.9071,12.7447],[107.90076,12.74412],[107.89313,12.74739],[107.89032,12.74653],[107.87084,12.75237],[107.86779,12.75123],[107.86024,12.757],[107.85624,12.76288],[107.85755,12.77095],[107.85346,12.78017],[107.85857,12.78975],[107.86275,12.7939],[107.8636,12.79767],[107.86252,12.80018],[107.85868,12.80213],[107.85566,12.8072],[107.85027,12.81144],[107.84613,12.81202],[107.83272,12.80219],[107.82817,12.80086],[107.82451,12.80154],[107.81824,12.78979],[107.81103,12.78963],[107.81126,12.78511],[107.80712,12.78644],[107.80692,12.7847],[107.809,12.78359],[107.80599,12.78312],[107.80314,12.77998],[107.79406,12.7806],[107.78097,12.77814],[107.76716,12.78003],[107.7656,12.77851],[107.76149,12.77855],[107.7495,12.78095],[107.74483,12.78455],[107.73355,12.78207],[107.72493,12.78566],[107.69324,12.78987],[107.68837,12.78919],[107.68094,12.79485],[107.67817,12.79331],[107.66259,12.7986],[107.64147,12.79466],[107.63981,12.8011],[107.6377,12.80119],[107.63559,12.80419],[107.60727,12.79608],[107.60273,12.79807],[107.60133,12.80246],[107.59905,12.80272],[107.59874,12.8011],[107.5955,12.80019],[107.59565,12.79857],[107.58848,12.79694],[107.56969,12.79777],[107.5595,12.79634]]]}},{"type":"Feature","properties":{"name":"Lam Dong","code":"VN_SRC_LAMDONG"},"geometry":{"type":"Polygon","coordinates":[[[108.68172,12.3157],[108.67701,12.31273],[108.67745,12.31046],[108.67419,12.30659],[108.66905,12.30444],[108.6685,12.30094],[108.66637,12.29907],[108.6644,12.29961],[108.66276,12.29758],[108.65202,12.29512],[108.64938,12.29279],[108.64538,12.29486],[108.63895,12.29345],[108.63711,12.2915],[108.62991,12.29115],[108.62815,12.28913],[108.62527,12.28998],[108.61931,12.2815],[108.61789,12.28135],[108.61657,12.28337],[108.60822,12.28286],[108.60756,12.28195],[108.6091,12.28065],[108.59606,12.27619],[108.59297,12.27877],[108.5911,12.27852],[108.58896,12.28224],[108.58604,12.28187],[108.58972,12.285],[108.58981,12.28789],[108.58366,12.28532],[108.57988,12.28552],[108.58061,12.28837],[108.57556,12.28822],[108.5749,12.29163],[108.57221,12.28971],[108.56961,12.29529],[108.5649,12.29194],[108.55787,12.29235],[108.55627,12.29522],[108.55244,12.29553],[108.55007,12.29207],[108.54826,12.29511],[108.54245,12.29727],[108.53993,12.29636],[108.53591,12.28997],[108.53962,12.28667],[108.53815,12.28276],[108.53094,12.27881],[108.5211,12.2803],[108.51613,12.27946],[108.5145,12.27727],[108.5098,12.27705],[108.50484,12.28203],[108.50239,12.28136],[108.49902,12.2849],[108.49995,12.29168],[108.49457,12.29843],[108.49214,12.30526],[108.49015,12.3063],[108.48543,12.30472],[108.48479,12.30921],[108.48331,12.30944],[108.48121,12.3078],[108.48045,12.30464],[108.48354,12.29948],[108.48013,12.30029],[108.47765,12.29877],[108.4747,12.30014],[108.4757,12.29442],[108.47203,12.2881],[108.47045,12.28884],[108.46928,12.29515],[108.46531,12.2969],[108.46671,12.28841],[108.4648,12.28637],[108.46634,12.28289],[108.46002,12.27571],[108.45693,12.27585],[108.45848,12.28285],[108.45204,12.27721],[108.45051,12.27313],[108.44587,12.27277],[108.4443,12.27778],[108.44249,12.2774],[108.44105,12.26849],[108.44355,12.26322],[108.44024,12.26302],[108.43975,12.25871],[108.43652,12.25707],[108.44018,12.2518],[108.4396,12.25025],[108.43738,12.24972],[108.4368,12.25311],[108.43396,12.25437],[108.43313,12.25758],[108.42938,12.25911],[108.42751,12.25715],[108.42724,12.25147],[108.41899,12.24914],[108.41274,12.24339],[108.40809,12.24465],[108.39968,12.2424],[108.39368,12.24344],[108.39115,12.24126],[108.38758,12.24082],[108.37645,12.24986],[108.37248,12.25052],[108.36955,12.25415],[108.36386,12.25292],[108.35602,12.25462],[108.35136,12.25247],[108.34723,12.24745],[108.34334,12.24883],[108.34229,12.24508],[108.33978,12.24784],[108.33624,12.24804],[108.33444,12.24462],[108.33565,12.23952],[108.33324,12.23532],[108.33929,12.23423],[108.3401,12.22816],[108.33091,12.23042],[108.32175,12.22421],[108.32239,12.21958],[108.31795,12.21805],[108.31168,12.21814],[108.31148,12.21467],[108.30703,12.21315],[108.3044,12.20986],[108.30037,12.20816],[108.29641,12.20251],[108.29475,12.20861],[108.27698,12.21389],[108.27368,12.21032],[108.27207,12.20434],[108.26921,12.20302],[108.26665,12.20357],[108.25948,12.20008],[108.26022,12.19148],[108.25272,12.18867],[108.24906,12.18053],[108.24946,12.17639],[108.25529,12.17843],[108.25536,12.17436],[108.25226,12.17236],[108.25228,12.17069],[108.24656,12.16848],[108.2447,12.16326],[108.24118,12.16083],[108.23797,12.16624],[108.23824,12.17571],[108.23189,12.17658],[108.22841,12.18237],[108.22633,12.18232],[108.22532,12.1807],[108.22378,12.17188],[108.22079,12.17408],[108.22098,12.17832],[108.21706,12.1838],[108.2096,12.17793],[108.20922,12.17245],[108.205,12.17122],[108.20245,12.17333],[108.20013,12.17093],[108.1996,12.17344],[108.1971,12.17401],[108.19836,12.17654],[108.19442,12.17671],[108.19257,12.17833],[108.19121,12.17706],[108.19114,12.17353],[108.18965,12.17306],[108.18492,12.17443],[108.18287,12.18326],[108.18102,12.18468],[108.17624,12.18471],[108.17488,12.17982],[108.17247,12.17975],[108.17299,12.18645],[108.16782,12.18932],[108.16612,12.19656],[108.16261,12.1956],[108.15371,12.18847],[108.14537,12.18608],[108.13785,12.18201],[108.13142,12.18095],[108.12363,12.17516],[108.11948,12.17545],[108.11305,12.18398],[108.11118,12.17913],[108.11429,12.17507],[108.1137,12.16785],[108.11265,12.16606],[108.10879,12.1651],[108.11113,12.16145],[108.11665,12.16117],[108.11372,12.1572],[108.1125,12.15228],[108.11481,12.14765],[108.11223,12.14643],[108.11149,12.14923],[108.10917,12.15013],[108.10752,12.14788],[108.10955,12.1463],[108.10648,12.14495],[108.10296,12.14871],[108.10346,12.14255],[108.09951,12.13958],[108.10183,12.13799],[108.10163,12.13641],[108.09635,12.14011],[108.09731,12.14267],[108.09603,12.14397],[108.09153,12.13814],[108.09103,12.13398],[108.08277,12.13777],[108.07766,12.13839],[108.07749,12.13436],[108.07886,12.13292],[108.07091,12.13217],[108.06672,12.13397],[108.06661,12.13791],[108.06362,12.1359],[108.06067,12.13796],[108.0565,12.13672],[108.05583,12.1381],[108.05756,12.13801],[108.05771,12.1409],[108.05528,12.14385],[108.05397,12.14341],[108.05449,12.14065],[108.05124,12.13874],[108.04641,12.13962],[108.04273,12.13851],[108.03993,12.13906],[108.03851,12.14277],[108.03459,12.14474],[108.03102,12.13857],[108.02418,12.13612],[108.01895,12.14128],[108.01931,12.13583],[108.01818,12.13412],[108.02053,12.12954],[108.01836,12.12664],[108.01488,12.12594],[108.01391,12.12374],[108.01133,12.12391],[108.00727,12.11597],[108.00471,12.11839],[108.00498,12.12289],[108.00201,12.12298],[107.99809,12.12814],[107.99732,12.12723],[107.99955,12.12352],[107.99818,12.1221],[107.98936,12.12166],[107.99187,12.11776],[107.99105,12.114],[107.98856,12.11206],[107.99026,12.10978],[107.98474,12.11012],[107.98352,12.10834],[107.98564,12.10743],[107.98251,12.1041],[107.98453,12.10116],[107.98226,12.09752],[107.98461,12.09239],[107.98218,12.0905],[107.98038,12.08545],[107.98275,12.08311],[107.98298,12.08003],[107.98143,12.07943],[107.98052,12.08174],[107.97661,12.0789],[107.97162,12.07988],[107.97486,12.07512],[107.97027,12.07447],[107.96277,12.0673],[107.96448,12.06199],[107.96873,12.06314],[107.97036,12.06052],[107.97396,12.05897],[107.9734,12.05595],[107.97697,12.05566],[107.97887,12.05312],[107.98223,12.05516],[107.99066,12.05485],[107.99105,12.05108],[107.99396,12.0529],[108.00069,12.0489],[108.00522,12.05147],[108.00727,12.05033],[108.00832,12.05325],[108.00929,12.05092],[108.01129,12.05189],[108.01203,12.04902],[108.00964,12.04928],[108.00937,12.04711],[108.01179,12.04454],[108.0127,12.04057],[108.0087,12.04078],[108.01158,12.03544],[108.00892,12.03447],[108.01165,12.03294],[108.01187,12.03129],[108.00975,12.03196],[108.00867,12.03076],[108.00719,12.0235],[108.00841,12.02208],[108.01684,12.02269],[108.01831,12.02074],[108.0167,12.02042],[108.01744,12.01899],[108.02173,12.01777],[108.02209,12.01394],[108.02515,12.01368],[108.02253,12.01182],[108.02424,12.00671],[108.02239,12.00343],[108.02771,11.99829],[108.026,11.99425],[108.02683,11.99339],[108.0283,11.99482],[108.02773,11.99024],[108.03097,11.99059],[108.0321,11.98675],[108.0398,11.98446],[108.04034,11.98045],[108.04523,11.97699],[108.04723,11.9699],[108.04679,11.96575],[108.04967,11.96194],[108.04802,11.9593],[108.04925,11.95468],[108.0468,11.95391],[108.04878,11.95203],[108.04555,11.94993],[108.05155,11.94921],[108.04952,11.94655],[108.05042,11.94562],[108.05245,11.94753],[108.05271,11.94477],[108.05713,11.9461],[108.06026,11.94289],[108.06247,11.94362],[108.06546,11.94891],[108.06879,11.94815],[108.06802,11.94575],[108.07176,11.94246],[108.07354,11.94274],[108.07266,11.93872],[108.07487,11.93875],[108.07475,11.93665],[108.07803,11.93514],[108.07715,11.93161],[108.08278,11.92934],[108.08158,11.9247],[108.08352,11.92327],[108.08493,11.91144],[108.08805,11.91314],[108.08982,11.91254],[108.08918,11.90965],[108.09219,11.91082],[108.09901,11.90751],[108.10617,11.90673],[108.10967,11.90432],[108.11163,11.90081],[108.10838,11.89062],[108.10448,11.88666],[108.09986,11.87577],[108.08771,11.86365],[108.06758,11.8336],[108.05914,11.83862],[108.02344,11.81774],[108.02324,11.81116],[108.02007,11.81207],[108.01775,11.80598],[108.00344,11.80664],[108.00183,11.8032],[107.99602,11.80002],[107.986,11.80002],[107.97878,11.7905],[107.97412,11.79029],[107.97393,11.79578],[107.96934,11.79817],[107.96873,11.8012],[107.966,11.80354],[107.96676,11.80631],[107.95838,11.81078],[107.95886,11.81727],[107.95644,11.81905],[107.94925,11.81677],[107.94955,11.82186],[107.948,11.82326],[107.94605,11.82244],[107.9448,11.81835],[107.93939,11.81719],[107.93951,11.81193],[107.9328,11.80934],[107.93212,11.8132],[107.93084,11.81311],[107.92551,11.80604],[107.92392,11.80039],[107.92526,11.79767],[107.92042,11.79717],[107.91851,11.80092],[107.90644,11.80321],[107.89959,11.80787],[107.89737,11.8129],[107.88821,11.82094],[107.8906,11.82587],[107.89765,11.82459],[107.899,11.8256],[107.89783,11.82732],[107.89255,11.82801],[107.8904,11.83137],[107.89057,11.83522],[107.89281,11.83915],[107.89125,11.84422],[107.89883,11.84688],[107.90152,11.85062],[107.89924,11.86345],[107.89589,11.86963],[107.88866,11.87325],[107.88418,11.87373],[107.87904,11.87195],[107.87012,11.874],[107.86616,11.87215],[107.85405,11.87447],[107.84726,11.86908],[107.84159,11.869],[107.83902,11.87103],[107.83728,11.8766],[107.83452,11.87771],[107.8272,11.87447],[107.82314,11.86303],[107.81991,11.86367],[107.81676,11.86718],[107.8131,11.86744],[107.80911,11.86117],[107.80117,11.85949],[107.79352,11.86073],[107.78814,11.85955],[107.78256,11.8536],[107.7775,11.8521],[107.7735,11.84894],[107.76822,11.85457],[107.76201,11.85707],[107.76101,11.85976],[107.75522,11.863],[107.75211,11.86677],[107.74506,11.86791],[107.73478,11.87495],[107.73101,11.87004],[107.72773,11.87],[107.72601,11.87608],[107.73228,11.87884],[107.73289,11.88099],[107.72739,11.88606],[107.72692,11.89408],[107.72324,11.89795],[107.72473,11.9001],[107.73064,11.90001],[107.73379,11.90165],[107.73314,11.908],[107.72825,11.91538],[107.72384,11.916],[107.71196,11.92198],[107.70822,11.9222],[107.7022,11.91587],[107.69028,11.9198],[107.68437,11.9154],[107.67425,11.91383],[107.67272,11.91161],[107.67502,11.90805],[107.67612,11.90194],[107.67191,11.89513],[107.67806,11.88968],[107.67459,11.8856],[107.67099,11.88515],[107.66592,11.88767],[107.66352,11.88702],[107.6599,11.88227],[107.65943,11.87563],[107.6548,11.87621],[107.64874,11.87436],[107.63997,11.86592],[107.6341,11.86714],[107.63052,11.86582],[107.62659,11.86129],[107.6265,11.85388],[107.62054,11.84707],[107.61878,11.83886],[107.61458,11.83774],[107.61049,11.83983],[107.60889,11.83825],[107.60602,11.83838],[107.59249,11.82619],[107.58856,11.82679],[107.58518,11.82365],[107.57843,11.82155],[107.57202,11.81308],[107.56212,11.80546],[107.5525,11.79142],[107.54412,11.78941],[107.54286,11.79228],[107.53686,11.79696],[107.52833,11.79912],[107.51724,11.79938],[107.50934,11.79779],[107.50853,11.79887],[107.5099,11.80237],[107.50706,11.80365],[107.50218,11.79814],[107.49406,11.79682],[107.48107,11.79121],[107.47797,11.78609],[107.47768,11.77709],[107.47405,11.77097],[107.46394,11.76089],[107.45556,11.75758],[107.45111,11.75772],[107.43959,11.76188],[107.4335,11.76575],[107.43246,11.76186],[107.42802,11.76005],[107.41704,11.74887],[107.41395,11.74963],[107.41282,11.7527],[107.40239,11.75599],[107.3978,11.76522],[107.39102,11.76662],[107.38862,11.76829],[107.38881,11.77107],[107.38706,11.77265],[107.37203,11.76974],[107.36494,11.76567],[107.36275,11.76083],[107.35638,11.76169],[107.35625,11.75671],[107.35284,11.75272],[107.335,11.748],[107.32641,11.74947],[107.31522,11.74076],[107.30147,11.73952],[107.29651,11.72947],[107.2896,11.72951],[107.28583,11.7248],[107.28415,11.6984],[107.27868,11.69229],[107.28432,11.68846],[107.28521,11.68645],[107.27803,11.68129],[107.26612,11.66107],[107.26629,11.65747],[107.2714,11.65339],[107.27339,11.64956],[107.26867,11.64283],[107.27163,11.63656],[107.28768,11.63112],[107.30449,11.61765],[107.30084,11.60657],[107.30673,11.59903],[107.29739,11.58496],[107.3007,11.57768],[107.3121,11.57132],[107.31023,11.56826],[107.30552,11.57168],[107.30252,11.57074],[107.30947,11.55663],[107.31221,11.55315],[107.31565,11.55419],[107.33299,11.55393],[107.33593,11.54785],[107.33974,11.5437],[107.34686,11.54365],[107.34812,11.55339],[107.3503,11.55507],[107.35459,11.55553],[107.35656,11.5584],[107.35735,11.56116],[107.35605,11.56647],[107.3581,11.57489],[107.35779,11.58035],[107.36169,11.58189],[107.36648,11.573],[107.36207,11.57078],[107.36129,11.56806],[107.36692,11.56099],[107.36107,11.55749],[107.36067,11.55501],[107.36574,11.55322],[107.37095,11.54872],[107.3731,11.55093],[107.36836,11.55765],[107.36887,11.55874],[107.37192,11.55787],[107.37898,11.54278],[107.37539,11.53146],[107.37644,11.52374],[107.36774,11.51879],[107.36767,11.5176],[107.37414,11.515],[107.37901,11.51901],[107.38554,11.52078],[107.38663,11.52594],[107.39828,11.52676],[107.40241,11.52976],[107.40991,11.52823],[107.41262,11.51792],[107.42026,11.51111],[107.42958,11.51897],[107.43214,11.51713],[107.43356,11.51219],[107.43757,11.5125],[107.44168,11.51658],[107.44143,11.50999],[107.45316,11.50183],[107.45509,11.4922],[107.46031,11.49025],[107.47182,11.47855],[107.47223,11.47666],[107.47088,11.4757],[107.46656,11.47736],[107.46238,11.47373],[107.46127,11.46973],[107.46254,11.46275],[107.45139,11.45859],[107.44892,11.45556],[107.44701,11.44822],[107.44402,11.45005],[107.44388,11.44662],[107.4402,11.4456],[107.43642,11.44185],[107.43366,11.44225],[107.43048,11.43988],[107.4292,11.43633],[107.43136,11.43239],[107.42945,11.42905],[107.43059,11.42541],[107.43864,11.43081],[107.44297,11.43181],[107.44701,11.42717],[107.44389,11.42356],[107.44412,11.41927],[107.45403,11.42008],[107.45583,11.4221],[107.45287,11.42607],[107.45446,11.43347],[107.45995,11.4308],[107.46568,11.43445],[107.46861,11.43382],[107.47209,11.43648],[107.47524,11.43597],[107.47529,11.43425],[107.47834,11.43325],[107.47941,11.43085],[107.48627,11.42946],[107.48844,11.42627],[107.48884,11.42347],[107.48686,11.42055],[107.48801,11.41894],[107.48701,11.41188],[107.48557,11.41175],[107.48682,11.40652],[107.48583,11.40475],[107.48723,11.40253],[107.48572,11.40033],[107.48744,11.39896],[107.48759,11.39597],[107.49782,11.39489],[107.50375,11.38279],[107.51326,11.38397],[107.51785,11.3704],[107.52003,11.36902],[107.5247,11.36939],[107.5248,11.36192],[107.53054,11.36047],[107.53413,11.35566],[107.53671,11.35526],[107.54319,11.36207],[107.54409,11.36617],[107.55679,11.37167],[107.5673,11.3815],[107.57622,11.38135],[107.58518,11.36892],[107.59163,11.36412],[107.59396,11.35821],[107.60014,11.35219],[107.60382,11.35157],[107.60988,11.34386],[107.63214,11.33728],[107.6467,11.33746],[107.66682,11.32491],[107.68074,11.3228],[107.68735,11.32323],[107.7143,11.33686],[107.72099,11.34624],[107.72326,11.35309],[107.72208,11.35948],[107.72578,11.36728],[107.72514,11.36082],[107.72864,11.35986],[107.73019,11.35741],[107.73218,11.35976],[107.73448,11.35929],[107.73679,11.36151],[107.73822,11.36638],[107.79677,11.37178],[107.9079,11.36319],[107.93361,11.35774],[107.93623,11.35581],[107.9385,11.34885],[107.94064,11.34768],[107.95269,11.34823],[107.95761,11.35126],[107.96094,11.35116],[107.97618,11.34363],[107.98713,11.34027],[107.99484,11.34073],[107.9971,11.33817],[107.99954,11.33772],[108.00383,11.33249],[108.02848,11.32652],[108.02787,11.31253],[108.03179,11.30516],[108.03067,11.29887],[108.03772,11.28222],[108.04441,11.27633],[108.04203,11.25983],[108.04615,11.25622],[108.0498,11.24776],[108.05261,11.24565],[108.05276,11.24018],[108.04637,11.23534],[108.04797,11.2325],[108.04611,11.22633],[108.04842,11.22148],[108.04507,11.21516],[108.04613,11.21535],[108.05155,11.2184],[108.05739,11.21924],[108.05773,11.22675],[108.05561,11.23015],[108.05787,11.24283],[108.07756,11.25648],[108.08829,11.26808],[108.0968,11.26761],[108.10106,11.26561],[108.10667,11.26875],[108.108,11.27044],[108.10734,11.27494],[108.11235,11.27769],[108.11176,11.28615],[108.11621,11.2934],[108.11859,11.29199],[108.12044,11.28462],[108.12308,11.28136],[108.12769,11.28516],[108.1296,11.29032],[108.15143,11.29964],[108.17038,11.30162],[108.18525,11.306],[108.19484,11.31619],[108.19643,11.32226],[108.21796,11.33123],[108.22054,11.33808],[108.22813,11.34597],[108.24888,11.35923],[108.25549,11.36086],[108.26935,11.37731],[108.2778,11.38455],[108.27907,11.39414],[108.28925,11.39793],[108.30649,11.41306],[108.30622,11.42286],[108.30301,11.42484],[108.30211,11.42741],[108.29932,11.42772],[108.29376,11.44111],[108.29035,11.44214],[108.28468,11.44742],[108.28088,11.44558],[108.27818,11.44044],[108.27482,11.43858],[108.26837,11.44846],[108.25809,11.47433],[108.25879,11.47808],[108.27119,11.48874],[108.26592,11.49819],[108.27225,11.50511],[108.27871,11.51587],[108.29565,11.51566],[108.30186,11.51841],[108.30709,11.52509],[108.31424,11.5264],[108.32012,11.53114],[108.32455,11.53221],[108.33047,11.52281],[108.34412,11.5284],[108.34688,11.52189],[108.35129,11.52142],[108.35041,11.51041],[108.35201,11.50599],[108.35362,11.50511],[108.35847,11.50808],[108.36475,11.50602],[108.37361,11.50937],[108.37597,11.51646],[108.38303,11.52532],[108.3959,11.5183],[108.40812,11.5223],[108.41211,11.52629],[108.41816,11.52705],[108.42352,11.52359],[108.42628,11.51647],[108.43151,11.51445],[108.44211,11.51646],[108.44521,11.51912],[108.45079,11.51745],[108.45779,11.51879],[108.46902,11.51755],[108.47065,11.51857],[108.4725,11.52435],[108.48417,11.52496],[108.48764,11.52818],[108.49413,11.52996],[108.49943,11.5261],[108.50463,11.52583],[108.51641,11.51869],[108.5181,11.51462],[108.52468,11.51338],[108.52677,11.50866],[108.53149,11.50673],[108.54085,11.50604],[108.54533,11.51115],[108.55341,11.51329],[108.55742,11.51608],[108.56101,11.52608],[108.56512,11.52936],[108.5658,11.5368],[108.57023,11.53929],[108.57028,11.54313],[108.57411,11.54563],[108.57258,11.55111],[108.57672,11.55432],[108.58217,11.55554],[108.58252,11.55867],[108.57755,11.56587],[108.5737,11.57635],[108.57119,11.5793],[108.56676,11.58123],[108.55175,11.60148],[108.55342,11.6051],[108.55356,11.63207],[108.55904,11.63475],[108.56297,11.64248],[108.57486,11.63904],[108.57946,11.64103],[108.58429,11.64085],[108.5958,11.64848],[108.60429,11.64743],[108.60733,11.64953],[108.61954,11.65058],[108.62356,11.6496],[108.62618,11.6541],[108.64742,11.66299],[108.65515,11.66425],[108.65995,11.66795],[108.66435,11.66739],[108.66988,11.66357],[108.6777,11.66804],[108.68332,11.67493],[108.69303,11.6973],[108.70176,11.69914],[108.69726,11.70578],[108.69517,11.71689],[108.69051,11.72611],[108.6907,11.73382],[108.67782,11.74124],[108.67521,11.7442],[108.66952,11.74552],[108.6672,11.74816],[108.66721,11.75246],[108.66404,11.76255],[108.67239,11.77821],[108.67319,11.784],[108.66939,11.78847],[108.66413,11.78853],[108.65273,11.79283],[108.63812,11.79364],[108.63275,11.79587],[108.62089,11.80274],[108.61953,11.80784],[108.62644,11.81429],[108.63009,11.82958],[108.64127,11.83137],[108.65336,11.84301],[108.65393,11.85411],[108.65067,11.86375],[108.65593,11.88647],[108.65417,11.89475],[108.65622,11.90113],[108.66064,11.90499],[108.66428,11.91525],[108.66003,11.92701],[108.66196,11.92844],[108.66569,11.93793],[108.66422,11.94221],[108.66513,11.94743],[108.65977,11.95248],[108.6624,11.95837],[108.66144,11.96147],[108.66929,11.97268],[108.68071,11.985],[108.68391,12.00064],[108.68371,12.00433],[108.68097,12.00738],[108.68044,12.01268],[108.68503,12.02447],[108.69127,12.0299],[108.6945,12.04076],[108.6974,12.04219],[108.70316,12.04172],[108.70608,12.04471],[108.70968,12.05017],[108.71159,12.05677],[108.71216,12.06199],[108.70995,12.06472],[108.71069,12.06741],[108.70721,12.07181],[108.7084,12.07927],[108.70243,12.08568],[108.70414,12.09249],[108.70028,12.09326],[108.69904,12.09803],[108.69561,12.09926],[108.69334,12.10462],[108.68417,12.11131],[108.6813,12.11529],[108.674,12.1187],[108.67342,12.12173],[108.67788,12.12128],[108.68608,12.12955],[108.68917,12.1278],[108.69279,12.12905],[108.69651,12.13983],[108.6936,12.14587],[108.70392,12.14948],[108.70584,12.15405],[108.71669,12.15496],[108.72122,12.15319],[108.72202,12.15664],[108.72703,12.15675],[108.7293,12.16066],[108.73195,12.16168],[108.72609,12.17011],[108.7216,12.17321],[108.72198,12.18019],[108.71886,12.18249],[108.71726,12.18682],[108.7121,12.1908],[108.71441,12.19931],[108.72386,12.21773],[108.72026,12.22516],[108.71776,12.22539],[108.71577,12.22903],[108.71062,12.23056],[108.70679,12.23408],[108.70159,12.24478],[108.70798,12.25514],[108.70403,12.26499],[108.70644,12.26898],[108.7037,12.2745],[108.70467,12.27914],[108.70264,12.28696],[108.70508,12.29612],[108.70851,12.29904],[108.70214,12.30836],[108.69674,12.30867],[108.69506,12.31187],[108.69045,12.3106],[108.68949,12.31441],[108.68694,12.31687],[108.68403,12.31744],[108.68172,12.3157]]]}},{"type":"Feature","properties":{"name":"Ho Chi Minh city","code":"VN_SRC_HOCHIMINHCITY"},"geometry":{"type":"Polygon","coordinates":[[[106.35677,10.99173],[106.37319,10.96962],[106.41208,10.97361],[106.45333,10.94205],[106.53323,10.9013],[106.52566,10.87378],[106.53474,10.87177],[106.51408,10.78974],[106.5057,10.7937],[106.50425,10.78868],[106.46356,10.7565],[106.48715,10.72994],[106.48899,10.73138],[106.49936,10.72527],[106.50146,10.72675],[106.50908,10.71717],[106.52015,10.72365],[106.52949,10.71758],[106.5271,10.70854],[106.53374,10.68797],[106.53549,10.68558],[106.54715,10.68714],[106.55071,10.68533],[106.55362,10.67548],[106.55215,10.67062],[106.55366,10.66845],[106.5489,10.65751],[106.55589,10.65702],[106.55533,10.65157],[106.55743,10.64952],[106.55893,10.64954],[106.55901,10.6517],[106.56514,10.6531],[106.56625,10.65637],[106.5694,10.65637],[106.57341,10.6539],[106.57324,10.64983],[106.57685,10.6488],[106.57904,10.65015],[106.57816,10.65335],[106.57995,10.65548],[106.58305,10.65524],[106.58367,10.65351],[106.58594,10.65282],[106.59028,10.65321],[106.59147,10.65012],[106.59531,10.65078],[106.59502,10.65368],[106.59874,10.65255],[106.6003,10.65042],[106.60497,10.65818],[106.62483,10.64748],[106.62117,10.6411],[106.62522,10.63962],[106.62928,10.64176],[106.63116,10.63668],[106.62965,10.63617],[106.62978,10.62638],[106.63216,10.62828],[106.63477,10.62539],[106.64206,10.62796],[106.64628,10.63473],[106.65325,10.63299],[106.65218,10.63707],[106.65398,10.63936],[106.65632,10.63854],[106.65645,10.64347],[106.66065,10.64192],[106.66005,10.63986],[106.66562,10.63963],[106.66612,10.63845],[106.66649,10.64054],[106.66964,10.63928],[106.67401,10.64445],[106.67927,10.64543],[106.68509,10.65093],[106.68539,10.65657],[106.68756,10.65537],[106.69079,10.64865],[106.69627,10.64986],[106.70064,10.65397],[106.70732,10.65007],[106.71231,10.65023],[106.71869,10.64574],[106.72245,10.64583],[106.72331,10.64132],[106.73073,10.63537],[106.73324,10.62888],[106.73193,10.62775],[106.72907,10.62829],[106.72837,10.62443],[106.73178,10.62278],[106.72921,10.6166],[106.72754,10.61618],[106.72913,10.61205],[106.73161,10.61214],[106.73279,10.60996],[106.72837,10.60901],[106.7265,10.61133],[106.72367,10.61172],[106.722,10.60691],[106.71894,10.60592],[106.72183,10.59981],[106.72038,10.596],[106.72337,10.59349],[106.72324,10.58834],[106.72513,10.58543],[106.72702,10.58555],[106.7287,10.58005],[106.73275,10.58027],[106.7348,10.5823],[106.73529,10.58614],[106.73684,10.5864],[106.7395,10.5828],[106.73506,10.57873],[106.73556,10.57741],[106.74123,10.57907],[106.74571,10.57627],[106.74259,10.56934],[106.7419,10.56392],[106.74836,10.52331],[106.74677,10.51782],[106.73503,10.49731],[106.76116,10.45379],[106.78077,10.42959],[106.80269,10.40961],[106.81669,10.39258],[106.83136,10.37938],[106.84278,10.36332],[106.86205,10.39366],[106.86395,10.40878],[106.8731,10.40882],[106.88077,10.38813],[106.8783,10.38184],[106.87497,10.3778],[106.88244,10.37585],[106.90062,10.37728],[106.90831,10.38125],[106.91404,10.38225],[106.93555,10.39369],[106.97031,10.4063],[106.97385,10.41011],[106.97976,10.43163],[106.98178,10.45709],[106.98463,10.46573],[106.9897,10.47479],[106.99348,10.47801],[107.00161,10.48028],[106.99704,10.49123],[106.99883,10.50292],[106.99985,10.50507],[107.01047,10.51309],[107.01367,10.52239],[107.00451,10.53031],[106.99323,10.52819],[106.98904,10.52908],[106.98649,10.53165],[106.98468,10.53979],[106.98818,10.55266],[106.98608,10.55745],[106.98023,10.56173],[106.9789,10.56447],[106.98373,10.57921],[106.97963,10.58192],[106.97493,10.58234],[106.96875,10.5893],[106.96051,10.59358],[106.94661,10.59738],[106.94138,10.59672],[106.93784,10.59991],[106.92808,10.60311],[106.92125,10.60997],[106.91128,10.60816],[106.90345,10.62467],[106.89726,10.62987],[106.89349,10.63647],[106.88487,10.64074],[106.88284,10.64761],[106.87277,10.64799],[106.87001,10.64322],[106.86373,10.64164],[106.86034,10.63655],[106.85137,10.6396],[106.84455,10.63849],[106.84102,10.63648],[106.83871,10.62943],[106.8367,10.62752],[106.83367,10.62663],[106.82628,10.62783],[106.81549,10.63853],[106.80824,10.6551],[106.78752,10.67025],[106.77318,10.67693],[106.7544,10.69759],[106.75117,10.71038],[106.75366,10.72346],[106.77266,10.7467],[106.80138,10.76041],[106.80668,10.77122],[106.81454,10.77865],[106.82097,10.781],[106.82506,10.77785],[106.8256,10.77253],[106.82302,10.76347],[106.82483,10.75958],[106.82892,10.76063],[106.83902,10.772],[106.84658,10.7754],[106.85364,10.77415],[106.86094,10.76672],[106.86529,10.76464],[106.86947,10.76483],[106.8738,10.7687],[106.87335,10.77364],[106.86499,10.78445],[106.86427,10.78845],[106.86574,10.79121],[106.87868,10.80212],[106.88156,10.80653],[106.88155,10.81066],[106.87714,10.81984],[106.85424,10.84467],[106.84683,10.8623],[106.8467,10.86536],[106.85099,10.87602],[106.84361,10.88446],[106.84038,10.89864],[106.83367,10.899],[106.82995,10.89557],[106.82539,10.89514],[106.82361,10.89272],[106.82307,10.88758],[106.81916,10.88623],[106.81728,10.88132],[106.81303,10.87914],[106.80859,10.87303],[106.80521,10.87499],[106.7976,10.87184],[106.79517,10.87366],[106.78852,10.87215],[106.78774,10.86735],[106.7803,10.86828],[106.78205,10.87725],[106.7806,10.88124],[106.77061,10.89272],[106.768,10.89402],[106.76482,10.8862],[106.76017,10.88213],[106.76196,10.87872],[106.76036,10.87239],[106.76319,10.86906],[106.76221,10.86728],[106.7548,10.8664],[106.75176,10.86381],[106.74832,10.86624],[106.74598,10.87175],[106.74703,10.87209],[106.74645,10.8739],[106.75137,10.87552],[106.74999,10.87785],[106.74714,10.8775],[106.74478,10.88175],[106.74252,10.87938],[106.74062,10.88082],[106.73851,10.87871],[106.73417,10.88052],[106.73686,10.88477],[106.73185,10.88572],[106.73295,10.89152],[106.72918,10.88987],[106.72796,10.89133],[106.72703,10.8905],[106.71767,10.89642],[106.71299,10.88977],[106.7143,10.88713],[106.71744,10.88793],[106.71771,10.88092],[106.71245,10.878],[106.72121,10.87653],[106.72345,10.87197],[106.71496,10.87255],[106.71527,10.86853],[106.71317,10.86587],[106.70082,10.8681],[106.68975,10.88067],[106.68937,10.88591],[106.69417,10.89413],[106.69443,10.8975],[106.69016,10.91118],[106.68489,10.92124],[106.68077,10.9239],[106.66982,10.92102],[106.6632,10.92268],[106.6553,10.92746],[106.65082,10.93312],[106.6502,10.93742],[106.65242,10.95096],[106.64891,10.96449],[106.65015,10.97444],[106.64855,10.98004],[106.64425,10.98104],[106.63741,10.97744],[106.62695,10.97968],[106.61617,10.9898],[106.61632,10.99293],[106.62094,11.00159],[106.62111,11.00593],[106.61962,11.00892],[106.61625,11.01159],[106.60879,11.01184],[106.59786,11.01598],[106.59515,11.02817],[106.60335,11.03941],[106.60032,11.04446],[106.59827,11.04559],[106.59465,11.04507],[106.59211,11.04195],[106.59079,11.03692],[106.58681,11.03638],[106.58288,11.03809],[106.57946,11.04803],[106.57321,11.05438],[106.57175,11.05454],[106.56971,11.05205],[106.56674,11.04504],[106.55101,11.04588],[106.54888,11.04704],[106.54624,11.0521],[106.5329,11.0591],[106.52912,11.06628],[106.52516,11.06973],[106.52375,11.07373],[106.52682,11.0807],[106.53388,11.08852],[106.53381,11.09055],[106.52908,11.09223],[106.52422,11.08953],[106.52238,11.09005],[106.51618,11.10017],[106.51701,11.10203],[106.52411,11.10362],[106.52632,11.10586],[106.52778,11.11415],[106.52685,11.12067],[106.52122,11.12181],[106.5159,11.12542],[106.50734,11.14221],[106.50168,11.14023],[106.49024,11.14395],[106.48065,11.14145],[106.47182,11.14255],[106.46683,11.14718],[106.47068,11.1521],[106.47081,11.15437],[106.46616,11.15592],[106.46339,11.15946],[106.45975,11.15737],[106.45518,11.15938],[106.45182,11.15701],[106.45122,11.1522],[106.45254,11.15044],[106.45587,11.1525],[106.45745,11.15189],[106.45696,11.1428],[106.45123,11.13569],[106.44736,11.13487],[106.44764,11.12908],[106.44403,11.12575],[106.442,11.11439],[106.43772,11.11043],[106.43397,11.09968],[106.43096,11.09855],[106.43065,11.09182],[106.42662,11.09176],[106.42604,11.06585],[106.42342,11.06515],[106.42154,11.06186],[106.42174,11.05244],[106.42478,11.04794],[106.42278,11.04702],[106.42301,11.04108],[106.42113,11.03527],[106.41317,11.03249],[106.40855,11.02209],[106.40874,11.01463],[106.4139,11.00849],[106.38829,10.99857],[106.3808,10.99768],[106.37438,10.99922],[106.36242,10.99653],[106.35677,10.99173]]]}},{"type":"Feature","properties":{"name":"Ninh Thuan","code":"VN_SRC_NINHTHUAN"},"geometry":{"type":"MultiPolygon","coordinates":[[[[108.73195,12.16168],[108.7293,12.16066],[108.72703,12.15675],[108.72202,12.15664],[108.72122,12.15319],[108.71669,12.15496],[108.70584,12.15405],[108.70392,12.14948],[108.6936,12.14587],[108.69651,12.13983],[108.69279,12.12905],[108.68917,12.1278],[108.68608,12.12955],[108.67788,12.12128],[108.67342,12.12173],[108.674,12.1187],[108.6813,12.11529],[108.68417,12.11131],[108.69334,12.10462],[108.69561,12.09926],[108.69904,12.09803],[108.70028,12.09326],[108.70414,12.09249],[108.70243,12.08568],[108.7084,12.07927],[108.70721,12.07181],[108.71069,12.06741],[108.70995,12.06472],[108.71216,12.06199],[108.71159,12.05677],[108.70968,12.05017],[108.70608,12.04471],[108.70316,12.04172],[108.6974,12.04219],[108.6945,12.04076],[108.69127,12.0299],[108.68503,12.02447],[108.68044,12.01268],[108.68097,12.00738],[108.68371,12.00433],[108.68391,12.00064],[108.68071,11.985],[108.66929,11.97268],[108.66144,11.96147],[108.6624,11.95837],[108.65977,11.95248],[108.66513,11.94743],[108.66422,11.94221],[108.66569,11.93793],[108.66196,11.92844],[108.66003,11.92701],[108.66428,11.91525],[108.66064,11.90499],[108.65622,11.90113],[108.65417,11.89475],[108.65593,11.88647],[108.65067,11.86375],[108.65393,11.85411],[108.65336,11.84301],[108.64127,11.83137],[108.63009,11.82958],[108.62644,11.81429],[108.61953,11.80784],[108.62089,11.80274],[108.63275,11.79587],[108.63812,11.79364],[108.65273,11.79283],[108.66413,11.78853],[108.66939,11.78847],[108.67319,11.784],[108.67239,11.77821],[108.66404,11.76255],[108.66721,11.75246],[108.6672,11.74816],[108.66952,11.74552],[108.67521,11.7442],[108.67782,11.74124],[108.6907,11.73382],[108.69051,11.72611],[108.69517,11.71689],[108.69726,11.70578],[108.70176,11.69914],[108.69303,11.6973],[108.68332,11.67493],[108.6777,11.66804],[108.66988,11.66357],[108.66435,11.66739],[108.65995,11.66795],[108.65515,11.66425],[108.64742,11.66299],[108.62618,11.6541],[108.62356,11.6496],[108.61954,11.65058],[108.60733,11.64953],[108.60429,11.64743],[108.5958,11.64848],[108.58429,11.64085],[108.57946,11.64103],[108.57486,11.63904],[108.56297,11.64248],[108.55904,11.63475],[108.55356,11.63207],[108.55342,11.6051],[108.55175,11.60148],[108.56676,11.58123],[108.57119,11.5793],[108.5737,11.57635],[108.57755,11.56587],[108.58252,11.55867],[108.58217,11.55554],[108.6437,11.54976],[108.65929,11.50428],[108.66462,11.49897],[108.67874,11.47351],[108.70302,11.46636],[108.70779,11.46266],[108.71333,11.46223],[108.7174,11.46347],[108.72563,11.46944],[108.75149,11.47161],[108.76078,11.46994],[108.7604,11.44707],[108.75728,11.41149],[108.78333,11.3941],[108.78579,11.3883],[108.80789,11.38216],[108.84412,11.37717],[108.84655,11.36623],[108.85054,11.36402],[108.85693,11.35663],[108.86641,11.35193],[108.87024,11.35449],[108.87589,11.35363],[108.87461,11.33909],[108.8711,11.33631],[108.86675,11.33548],[108.8665,11.33328],[108.87381,11.33274],[108.87476,11.33559],[108.87877,11.33745],[108.88726,11.33705],[108.89766,11.33117],[108.89968,11.32686],[108.91508,11.31804],[108.91867,11.3127],[108.91774,11.30955],[108.91892,11.30779],[108.92425,11.31062],[108.93256,11.30694],[108.9348,11.30762],[108.93785,11.31139],[108.94055,11.31106],[108.948,11.31451],[108.95042,11.31292],[108.95322,11.3148],[108.96231,11.31576],[108.9692,11.3221],[108.97004,11.32156],[108.97517,11.32832],[108.98221,11.32993],[108.98899,11.33625],[108.99026,11.3429],[108.99228,11.34309],[108.99256,11.34772],[108.99421,11.34966],[108.99703,11.35012],[108.99985,11.34776],[109.00186,11.35069],[109.00151,11.35315],[109.0032,11.35264],[109.0055,11.35566],[109.00781,11.35567],[109.00897,11.35382],[109.01124,11.35574],[109.01455,11.35601],[109.0189,11.36007],[109.02065,11.36305],[109.01913,11.36484],[109.0204,11.36558],[109.02073,11.36955],[109.01539,11.36979],[109.01528,11.37235],[109.01139,11.37393],[109.00673,11.38768],[109.00598,11.39446],[109.00721,11.4004],[109.0055,11.4048],[109.00623,11.41179],[109.01142,11.41639],[109.01321,11.42453],[109.01211,11.43724],[109.00791,11.44313],[109.01259,11.45365],[109.01459,11.47023],[109.01132,11.49898],[109.01279,11.51621],[109.01749,11.52872],[109.02554,11.53516],[109.02827,11.53578],[109.03473,11.54985],[109.03012,11.55224],[109.02642,11.55854],[109.02445,11.56605],[109.02558,11.57405],[109.03141,11.58416],[109.03855,11.58852],[109.05104,11.58876],[109.05295,11.58671],[109.065,11.58181],[109.07139,11.58284],[109.07958,11.58681],[109.09097,11.58755],[109.09738,11.58551],[109.10628,11.57963],[109.11287,11.57826],[109.12323,11.57308],[109.12732,11.56726],[109.12758,11.56309],[109.13031,11.56469],[109.13092,11.56664],[109.12952,11.56809],[109.1307,11.57118],[109.12755,11.5703],[109.12952,11.5726],[109.12839,11.57524],[109.13231,11.5813],[109.13923,11.58369],[109.14116,11.59323],[109.15085,11.61786],[109.1553,11.62255],[109.15986,11.62452],[109.16627,11.6215],[109.16795,11.63419],[109.17198,11.64631],[109.1741,11.64867],[109.17258,11.65268],[109.17311,11.66338],[109.17721,11.67138],[109.17707,11.67622],[109.1784,11.6774],[109.18187,11.67685],[109.1893,11.68316],[109.18772,11.69106],[109.19215,11.69242],[109.19382,11.69438],[109.19287,11.69878],[109.1952,11.7001],[109.19621,11.69893],[109.1981,11.70515],[109.2036,11.70683],[109.19996,11.71111],[109.20158,11.71303],[109.19896,11.71537],[109.20041,11.71931],[109.19606,11.72051],[109.19737,11.72203],[109.19701,11.72593],[109.19943,11.72625],[109.20164,11.72098],[109.20449,11.71963],[109.20431,11.71638],[109.20567,11.71465],[109.20729,11.71491],[109.20781,11.71678],[109.2105,11.71646],[109.21134,11.71903],[109.21429,11.72004],[109.21698,11.71982],[109.22151,11.71468],[109.2224,11.71995],[109.2283,11.72101],[109.23348,11.7275],[109.23099,11.73782],[109.23122,11.74755],[109.22779,11.7476],[109.22537,11.74527],[109.22089,11.74762],[109.22344,11.75095],[109.22779,11.75248],[109.22766,11.75589],[109.22554,11.75687],[109.22227,11.754],[109.22153,11.75606],[109.2191,11.75461],[109.21656,11.75806],[109.215,11.75705],[109.21191,11.75884],[109.21126,11.76064],[109.21482,11.76437],[109.21241,11.76801],[109.21223,11.77126],[109.20756,11.77477],[109.20343,11.77559],[109.20127,11.77778],[109.20197,11.77981],[109.19441,11.78542],[109.19201,11.78685],[109.18917,11.78597],[109.18972,11.78762],[109.18782,11.78917],[109.18592,11.79511],[109.18532,11.80655],[109.18881,11.81166],[109.19407,11.80977],[109.19539,11.81015],[109.19501,11.81187],[109.17793,11.81131],[109.13502,11.80458],[109.11938,11.80504],[109.1111,11.80804],[109.10936,11.80707],[109.10746,11.80984],[109.09463,11.81591],[109.09063,11.82587],[109.07689,11.83495],[109.05999,11.86125],[109.05491,11.88458],[109.049,11.89806],[109.03774,11.90868],[109.03416,11.91005],[109.02103,11.91026],[109.0059,11.9233],[108.99366,11.91758],[108.99054,11.91451],[108.98218,11.91456],[108.98069,11.91686],[108.97543,11.91681],[108.96643,11.92091],[108.96519,11.92359],[108.95755,11.92467],[108.95455,11.93206],[108.94801,11.93727],[108.94256,11.93535],[108.93905,11.93781],[108.93601,11.9362],[108.93165,11.94056],[108.92787,11.94045],[108.92452,11.94275],[108.92109,11.94895],[108.91665,11.95217],[108.91198,11.95117],[108.90941,11.94803],[108.9068,11.9496],[108.89301,11.94684],[108.88951,11.95281],[108.88292,11.95722],[108.88206,11.95959],[108.87879,11.9612],[108.87599,11.9579],[108.87459,11.95821],[108.87193,11.96342],[108.8672,11.96734],[108.85292,11.96418],[108.85097,11.96747],[108.85097,11.97536],[108.84762,11.97965],[108.84941,11.98325],[108.85825,11.99097],[108.86002,11.99498],[108.85972,12.00439],[108.85664,12.01431],[108.8571,12.01731],[108.83847,12.02151],[108.82556,12.03006],[108.82123,12.03918],[108.8109,12.04163],[108.80759,12.04458],[108.80197,12.04411],[108.80345,12.05078],[108.8054,12.05132],[108.81065,12.05905],[108.80314,12.07035],[108.80425,12.07595],[108.80153,12.08482],[108.7964,12.08773],[108.79609,12.09386],[108.79947,12.09662],[108.79843,12.10011],[108.7959,12.10234],[108.79489,12.11064],[108.79216,12.11253],[108.79088,12.11704],[108.78622,12.12372],[108.7933,12.15908],[108.7882,12.15818],[108.78297,12.16385],[108.77743,12.1643],[108.77439,12.16162],[108.77392,12.15756],[108.76995,12.15265],[108.76702,12.15669],[108.76444,12.1576],[108.75727,12.15545],[108.74225,12.15624],[108.73773,12.15708],[108.73195,12.16168]]],[[[109.14559,11.58276],[109.14268,11.58307],[109.14713,11.57811],[109.14559,11.58276]]],[[[109.17724,11.64852],[109.1784,11.65068],[109.17612,11.64985],[109.17495,11.64753],[109.17724,11.64852]]]]}},{"type":"Feature","properties":{"name":"Binh Phuoc","code":"VN_SRC_BINHPHUOC"},"geometry":{"type":"Polygon","coordinates":[[[107.20644,12.296],[107.20383,12.29584],[107.19911,12.29205],[107.19284,12.29079],[107.19352,12.28729],[107.18784,12.28566],[107.18624,12.27995],[107.18157,12.28026],[107.18013,12.27804],[107.17776,12.27768],[107.17654,12.27456],[107.16953,12.27155],[107.15996,12.27253],[107.1579,12.26927],[107.15578,12.26943],[107.15661,12.26705],[107.15513,12.25966],[107.15067,12.25957],[107.15232,12.25381],[107.1516,12.25228],[107.14834,12.25175],[107.14857,12.24421],[107.14303,12.24285],[107.1455,12.24158],[107.14549,12.2399],[107.14208,12.23839],[107.14262,12.23545],[107.13961,12.2317],[107.14357,12.23014],[107.14118,12.22415],[107.13833,12.2218],[107.13607,12.22195],[107.1315,12.21724],[107.12855,12.21978],[107.12624,12.21533],[107.12356,12.21619],[107.12311,12.21284],[107.1207,12.213],[107.11785,12.20994],[107.11418,12.2129],[107.11352,12.20816],[107.1078,12.20192],[107.10425,12.20083],[107.10471,12.19594],[107.10015,12.19178],[107.10167,12.18702],[107.09596,12.18027],[107.09397,12.17557],[107.0885,12.17665],[107.08996,12.17981],[107.0888,12.18083],[107.08549,12.18093],[107.08313,12.17921],[107.0782,12.18287],[107.07591,12.18238],[107.0767,12.17911],[107.0741,12.1763],[107.07556,12.17433],[107.07165,12.17233],[107.07571,12.17005],[107.07956,12.16502],[107.08235,12.16406],[107.08023,12.1606],[107.08086,12.15747],[107.07661,12.15888],[107.07114,12.1545],[107.0684,12.15626],[107.06492,12.15245],[107.06413,12.15571],[107.06149,12.15617],[107.06058,12.15255],[107.05786,12.1517],[107.0607,12.14914],[107.05723,12.14685],[107.05673,12.14294],[107.05343,12.14376],[107.0572,12.13771],[107.05143,12.13732],[107.04963,12.13299],[107.05108,12.12942],[107.04777,12.12894],[107.04676,12.12699],[107.04397,12.12773],[107.03904,12.12632],[107.03563,12.12236],[107.03095,12.1208],[107.02857,12.11589],[107.02406,12.12273],[107.02132,12.11964],[107.02262,12.116],[107.01936,12.11313],[107.01811,12.11335],[107.01744,12.11705],[107.01012,12.1108],[107.00505,12.11069],[107.0076,12.10748],[107.014,12.10787],[107.01405,12.10504],[107.01364,12.10381],[107.00716,12.10292],[107.00284,12.10447],[107.00377,12.10055],[107.0089,12.09906],[107.00955,12.09754],[107.00572,12.09648],[107.00047,12.09813],[107.00321,12.09492],[107.00184,12.09072],[106.99711,12.09224],[106.99429,12.08985],[106.96718,12.08045],[106.96431,12.07447],[106.94934,12.06941],[106.94591,12.06412],[106.93941,12.06459],[106.93387,12.06281],[106.91799,12.06306],[106.91467,12.0664],[106.90909,12.06855],[106.89824,12.06665],[106.88668,12.07356],[106.87154,12.07409],[106.86665,12.07139],[106.86229,12.07166],[106.85531,12.06916],[106.84549,12.07566],[106.84039,12.07377],[106.83587,12.07404],[106.83068,12.08177],[106.8252,12.08517],[106.81621,12.08451],[106.81231,12.08016],[106.80506,12.08117],[106.80122,12.0848],[106.7944,12.08441],[106.79197,12.0826],[106.79067,12.07756],[106.78685,12.07773],[106.78249,12.0729],[106.78088,12.06998],[106.78132,12.06536],[106.76817,12.05088],[106.76708,12.04483],[106.76124,12.04097],[106.75364,12.02502],[106.74746,12.02155],[106.74678,12.01126],[106.74512,12.007],[106.73911,12.00002],[106.73912,11.99694],[106.73525,11.99278],[106.73324,11.9878],[106.72739,11.98283],[106.72442,11.97766],[106.72037,11.97624],[106.72243,11.97128],[106.72103,11.97326],[106.71843,11.97347],[106.71545,11.97272],[106.71275,11.9697],[106.70669,11.96892],[106.69936,11.97296],[106.6951,11.965],[106.68453,11.9668],[106.6773,11.97905],[106.67175,11.97875],[106.6682,11.98358],[106.65697,11.99061],[106.65316,11.98857],[106.65277,11.98343],[106.6492,11.98109],[106.65152,11.97502],[106.65488,11.97077],[106.65987,11.96752],[106.66016,11.96622],[106.6569,11.96706],[106.65625,11.96423],[106.65537,11.96697],[106.65133,11.96757],[106.6484,11.96629],[106.64664,11.96928],[106.64446,11.96992],[106.64628,11.97371],[106.64542,11.97626],[106.6406,11.97557],[106.63817,11.97351],[106.63556,11.96882],[106.63475,11.9632],[106.6333,11.9647],[106.63357,11.97258],[106.62934,11.97472],[106.53037,11.9698],[106.53186,11.9737],[106.53722,11.97547],[106.53559,11.97818],[106.52911,11.9772],[106.52465,11.98048],[106.51988,11.98135],[106.51091,11.98092],[106.5087,11.97714],[106.50265,11.9751],[106.50013,11.97184],[106.4935,11.96904],[106.48859,11.9717],[106.47098,11.97415],[106.46883,11.97588],[106.46678,11.98291],[106.4573,11.98915],[106.44773,11.98588],[106.44462,11.98702],[106.43555,11.97907],[106.43445,11.97278],[106.42345,11.97275],[106.41305,11.97539],[106.46696,11.86875],[106.46298,11.86852],[106.46119,11.86643],[106.44645,11.86793],[106.4446,11.8615],[106.43923,11.85675],[106.43816,11.85366],[106.44049,11.84511],[106.43804,11.83968],[106.44457,11.83162],[106.44708,11.82574],[106.44244,11.82158],[106.44012,11.81548],[106.43428,11.8094],[106.43416,11.80112],[106.43088,11.79871],[106.42348,11.78527],[106.42068,11.78294],[106.41644,11.77359],[106.41692,11.76948],[106.41348,11.76699],[106.41677,11.76379],[106.41632,11.75885],[106.41954,11.75181],[106.42231,11.73807],[106.42501,11.73504],[106.42738,11.72733],[106.4339,11.71817],[106.43387,11.71348],[106.43792,11.7102],[106.4376,11.70568],[106.45238,11.69004],[106.45271,11.68083],[106.4511,11.67187],[106.44983,11.67002],[106.45156,11.6663],[106.44943,11.66448],[106.45212,11.66291],[106.45107,11.66025],[106.45536,11.658],[106.45335,11.65382],[106.45921,11.65092],[106.46,11.64852],[106.45846,11.64509],[106.46456,11.63945],[106.4619,11.63377],[106.46591,11.63297],[106.46516,11.62914],[106.46647,11.62673],[106.46362,11.62351],[106.46626,11.6227],[106.46668,11.61969],[106.46899,11.61853],[106.46929,11.61395],[106.4752,11.6128],[106.4769,11.61377],[106.47599,11.61061],[106.48163,11.60982],[106.482,11.60649],[106.48663,11.60381],[106.48275,11.59735],[106.48286,11.59533],[106.48612,11.59067],[106.48684,11.58447],[106.48935,11.58324],[106.49053,11.57969],[106.48929,11.57849],[106.48622,11.57931],[106.4858,11.57805],[106.49241,11.56925],[106.48731,11.56517],[106.48665,11.56073],[106.47993,11.55041],[106.47345,11.54896],[106.47328,11.54585],[106.47065,11.54605],[106.46819,11.54339],[106.46714,11.54429],[106.46521,11.54285],[106.46123,11.54506],[106.45432,11.54079],[106.45241,11.54332],[106.44884,11.54338],[106.44765,11.54561],[106.44321,11.54637],[106.44086,11.54345],[106.43879,11.54469],[106.43814,11.54135],[106.43475,11.54174],[106.43489,11.53885],[106.43252,11.53975],[106.4328,11.53567],[106.42887,11.52473],[106.4299,11.52122],[106.42845,11.51905],[106.42929,11.50996],[106.42634,11.50976],[106.4222,11.50688],[106.42412,11.50471],[106.42213,11.5037],[106.42223,11.50192],[106.42558,11.50158],[106.42297,11.49907],[106.42473,11.49417],[106.42894,11.49532],[106.4355,11.50085],[106.44189,11.49862],[106.46528,11.49882],[106.47026,11.49652],[106.47625,11.49593],[106.48254,11.49926],[106.48428,11.49805],[106.48916,11.49954],[106.49716,11.4959],[106.50361,11.48903],[106.51323,11.4842],[106.51432,11.48221],[106.52484,11.47981],[106.54032,11.46751],[106.54419,11.46781],[106.54785,11.47039],[106.55683,11.48431],[106.57277,11.4581],[106.57317,11.45505],[106.56527,11.44479],[106.55895,11.43946],[106.55533,11.43998],[106.54862,11.43598],[106.54329,11.42712],[106.54145,11.42623],[106.54104,11.42373],[106.54663,11.41526],[106.5482,11.40657],[106.54575,11.39562],[106.53897,11.38742],[106.54662,11.38283],[106.55309,11.37266],[106.56269,11.37006],[106.57058,11.37369],[106.57627,11.3786],[106.58944,11.38215],[106.59297,11.38081],[106.60103,11.38643],[106.61298,11.38722],[106.61351,11.37589],[106.61624,11.36334],[106.63299,11.35913],[106.65199,11.35998],[106.65578,11.35681],[106.65767,11.35738],[106.66546,11.35415],[106.67148,11.35377],[106.67418,11.35432],[106.67411,11.35661],[106.67591,11.35822],[106.67836,11.36985],[106.67759,11.37264],[106.67917,11.37532],[106.67754,11.38088],[106.67578,11.3817],[106.67943,11.38496],[106.6749,11.40078],[106.67811,11.40173],[106.67916,11.39775],[106.68316,11.39913],[106.68676,11.39535],[106.69207,11.39868],[106.69261,11.40141],[106.69722,11.40273],[106.70029,11.39849],[106.7042,11.39628],[106.70951,11.39934],[106.71044,11.40152],[106.70899,11.40498],[106.71886,11.41479],[106.71806,11.42224],[106.72394,11.42221],[106.72636,11.42365],[106.72636,11.43189],[106.74052,11.43277],[106.74192,11.43414],[106.74204,11.44078],[106.75217,11.44563],[106.75604,11.44969],[106.75703,11.45298],[106.75265,11.45632],[106.75256,11.46227],[106.75009,11.46732],[106.75382,11.47652],[106.75839,11.47733],[106.76332,11.48042],[106.76742,11.47986],[106.76856,11.4826],[106.77367,11.48238],[106.77941,11.48503],[106.78183,11.48796],[106.79126,11.49186],[106.79705,11.49111],[106.80274,11.48229],[106.8036,11.47205],[106.80801,11.46108],[106.80601,11.45734],[106.80602,11.45136],[106.79879,11.44542],[106.78918,11.43197],[106.78592,11.4312],[106.78142,11.42746],[106.76991,11.42611],[106.76978,11.4085],[106.77364,11.39899],[106.78597,11.39908],[106.78498,11.38014],[106.79604,11.37942],[106.79788,11.38081],[106.79923,11.37922],[106.80195,11.38045],[106.81165,11.37568],[106.8166,11.37721],[106.82522,11.38414],[106.82678,11.38037],[106.83429,11.38039],[106.84049,11.37507],[106.85296,11.37664],[106.85679,11.375],[106.85727,11.37238],[106.85583,11.36954],[106.85761,11.36875],[106.85868,11.36136],[106.85736,11.36002],[106.85452,11.36132],[106.85463,11.3601],[106.85541,11.35776],[106.85702,11.35778],[106.85628,11.35261],[106.86068,11.34956],[106.85705,11.346],[106.86173,11.34444],[106.86358,11.33959],[106.86196,11.33574],[106.85897,11.33566],[106.85593,11.33009],[106.85717,11.31464],[106.86639,11.31484],[106.86538,11.31072],[106.869,11.31115],[106.87375,11.30929],[106.87496,11.30744],[106.87452,11.31207],[106.87014,11.322],[106.87304,11.32771],[106.88572,11.34141],[106.90044,11.34078],[106.90255,11.34241],[106.9071,11.35311],[106.91626,11.35639],[106.91768,11.35625],[106.91958,11.35243],[106.92362,11.35513],[106.93339,11.35436],[106.94006,11.35185],[106.95089,11.33868],[106.95044,11.33404],[106.95302,11.32877],[106.95179,11.32223],[106.94785,11.32114],[106.94696,11.31775],[106.94428,11.31792],[106.94146,11.31231],[106.93813,11.3123],[106.93906,11.31023],[106.93683,11.30874],[106.93821,11.30817],[106.93991,11.30593],[106.94258,11.30957],[106.94294,11.30772],[106.9459,11.30566],[106.9464,11.30792],[106.94876,11.30758],[106.95183,11.30212],[106.95455,11.30146],[106.95653,11.3029],[106.95797,11.30146],[106.95891,11.30226],[106.95736,11.30648],[106.96046,11.30692],[106.95784,11.30975],[106.96095,11.31162],[106.96272,11.31493],[106.9649,11.31344],[106.96726,11.31789],[106.96876,11.31657],[106.97297,11.31796],[106.97705,11.3148],[106.98039,11.31541],[106.98043,11.31298],[106.98368,11.31273],[106.98207,11.31558],[106.98522,11.31685],[106.9858,11.32006],[106.98253,11.31979],[106.98579,11.32372],[106.98197,11.32582],[106.98134,11.32909],[106.97818,11.32975],[106.97885,11.33249],[106.98064,11.33356],[106.98212,11.33212],[106.98626,11.33212],[106.98596,11.32872],[106.98978,11.33164],[106.99348,11.33221],[106.99213,11.32789],[106.99607,11.32591],[106.99513,11.3288],[106.99768,11.33061],[106.99973,11.32858],[107.00089,11.32907],[106.99878,11.33329],[107.00296,11.33207],[107.00278,11.33551],[107.01418,11.34086],[107.01366,11.34323],[107.01075,11.34281],[107.01104,11.34512],[107.00922,11.34586],[107.01072,11.34914],[107.0145,11.34985],[107.01685,11.3483],[107.01859,11.35184],[107.02048,11.34913],[107.02067,11.35189],[107.02515,11.35514],[107.02884,11.35526],[107.03099,11.35304],[107.03034,11.35692],[107.03142,11.35754],[107.03285,11.35548],[107.03747,11.35982],[107.03826,11.3614],[107.036,11.36204],[107.03685,11.36457],[107.03574,11.36646],[107.04186,11.3676],[107.03612,11.36944],[107.0356,11.37096],[107.04233,11.37282],[107.04079,11.374],[107.04283,11.37492],[107.04321,11.37754],[107.04516,11.37706],[107.04649,11.37425],[107.05129,11.37601],[107.05277,11.37326],[107.05408,11.37756],[107.06025,11.37754],[107.06022,11.37876],[107.0584,11.37842],[107.0576,11.38139],[107.06045,11.38474],[107.06116,11.38854],[107.05968,11.39086],[107.06034,11.39241],[107.05601,11.3938],[107.05645,11.39735],[107.05859,11.40064],[107.06301,11.40337],[107.06828,11.40373],[107.06979,11.40553],[107.06812,11.40671],[107.06943,11.40804],[107.06732,11.40821],[107.06829,11.41192],[107.07101,11.41552],[107.07435,11.4158],[107.07648,11.41835],[107.07647,11.41989],[107.07321,11.42166],[107.07399,11.42338],[107.07088,11.42603],[107.07185,11.42771],[107.06638,11.42828],[107.0668,11.42972],[107.06877,11.42961],[107.06819,11.43215],[107.06476,11.43102],[107.06494,11.43382],[107.06627,11.43502],[107.06793,11.43428],[107.06878,11.43791],[107.06683,11.43838],[107.06671,11.44025],[107.06787,11.44639],[107.06982,11.44757],[107.06856,11.44989],[107.07121,11.45228],[107.07307,11.45132],[107.07463,11.45561],[107.07574,11.45391],[107.08412,11.4602],[107.08251,11.46309],[107.08552,11.46476],[107.08584,11.46665],[107.08961,11.46594],[107.0955,11.46924],[107.09524,11.47119],[107.09691,11.47178],[107.09556,11.47483],[107.09646,11.4787],[107.09502,11.47947],[107.09726,11.48071],[107.09648,11.48255],[107.09851,11.48143],[107.10141,11.48359],[107.10294,11.48184],[107.10334,11.48312],[107.10542,11.48155],[107.11398,11.48105],[107.11847,11.48414],[107.11781,11.48555],[107.1212,11.48549],[107.12056,11.48724],[107.12188,11.48852],[107.1207,11.48903],[107.12348,11.49161],[107.12316,11.49349],[107.12915,11.4964],[107.13162,11.50104],[107.14245,11.50436],[107.25044,11.52705],[107.33593,11.54785],[107.33299,11.55393],[107.31565,11.55419],[107.31221,11.55315],[107.30947,11.55663],[107.30252,11.57074],[107.30552,11.57168],[107.31023,11.56826],[107.3121,11.57132],[107.3007,11.57768],[107.29739,11.58496],[107.30673,11.59903],[107.30084,11.60657],[107.30449,11.61765],[107.28768,11.63112],[107.27163,11.63656],[107.26867,11.64283],[107.27339,11.64956],[107.2714,11.65339],[107.26629,11.65747],[107.26612,11.66107],[107.27803,11.68129],[107.28521,11.68645],[107.28432,11.68846],[107.27868,11.69229],[107.28415,11.6984],[107.28583,11.7248],[107.2896,11.72951],[107.29651,11.72947],[107.30147,11.73952],[107.31522,11.74076],[107.32641,11.74947],[107.335,11.748],[107.35284,11.75272],[107.35625,11.75671],[107.35638,11.76169],[107.36275,11.76083],[107.36494,11.76567],[107.37203,11.76974],[107.38706,11.77265],[107.38881,11.77107],[107.38862,11.76829],[107.39102,11.76662],[107.39626,11.77316],[107.39803,11.77305],[107.39706,11.77614],[107.39936,11.77708],[107.3957,11.78099],[107.39758,11.78242],[107.39596,11.78736],[107.39298,11.78887],[107.39356,11.79499],[107.39613,11.79586],[107.39467,11.7971],[107.39712,11.80084],[107.4016,11.79805],[107.40947,11.80634],[107.4078,11.80818],[107.40816,11.81045],[107.40521,11.81293],[107.40536,11.81715],[107.40675,11.8199],[107.40917,11.82035],[107.40916,11.82338],[107.41371,11.82657],[107.41451,11.834],[107.41834,11.8312],[107.41676,11.83607],[107.42202,11.84448],[107.42733,11.84428],[107.42641,11.85904],[107.41964,11.86495],[107.41157,11.86455],[107.40699,11.86632],[107.40608,11.87537],[107.40172,11.88383],[107.40109,11.89048],[107.39523,11.89605],[107.38431,11.91383],[107.3851,11.91819],[107.38326,11.92085],[107.37989,11.92314],[107.3755,11.92346],[107.3746,11.92608],[107.36963,11.92837],[107.36715,11.93312],[107.36046,11.93375],[107.35566,11.93871],[107.35336,11.93887],[107.3568,11.93972],[107.35352,11.94287],[107.35503,11.94501],[107.35255,11.94721],[107.35542,11.9466],[107.35435,11.94878],[107.35608,11.94915],[107.35693,11.95217],[107.35316,11.95314],[107.35151,11.96362],[107.34937,11.96564],[107.3515,11.96798],[107.3448,11.97408],[107.34476,11.97918],[107.33766,11.99147],[107.33162,11.99692],[107.32551,11.99964],[107.32484,12.00385],[107.31689,12.00636],[107.31603,12.00777],[107.31229,12.00777],[107.31009,12.00556],[107.30808,12.00571],[107.30386,12.01026],[107.30166,12.00861],[107.29435,12.00937],[107.29633,12.01574],[107.29196,12.01794],[107.29211,12.02153],[107.28961,12.01906],[107.29079,12.01589],[107.28426,12.01797],[107.28037,12.01275],[107.27983,12.01652],[107.27797,12.01787],[107.27669,12.0132],[107.27144,12.01711],[107.26909,12.01372],[107.26777,12.01494],[107.26819,12.01675],[107.26284,12.01745],[107.26162,12.02036],[107.2598,12.01853],[107.25226,12.02115],[107.24978,12.02597],[107.24656,12.02695],[107.24316,12.02563],[107.24596,12.03415],[107.2426,12.03909],[107.24064,12.03365],[107.23936,12.03659],[107.23666,12.03638],[107.23403,12.02749],[107.23107,12.0285],[107.23281,12.02974],[107.2332,12.0353],[107.23136,12.03755],[107.23326,12.03945],[107.23267,12.04143],[107.23421,12.04397],[107.23135,12.05282],[107.23169,12.05906],[107.23346,12.06118],[107.22961,12.08599],[107.23108,12.08571],[107.23158,12.08854],[107.23476,12.08993],[107.2324,12.0983],[107.23771,12.105],[107.24093,12.11434],[107.22877,12.11575],[107.22737,12.12317],[107.22559,12.12534],[107.22255,12.12555],[107.22207,12.12792],[107.22409,12.12789],[107.22883,12.1338],[107.22835,12.1539],[107.20644,12.296]]]}},{"type":"Feature","properties":{"name":"Tay Ninh","code":"VN_SRC_TAYNINH"},"geometry":{"type":"Polygon","coordinates":[[[106.44736,11.13487],[106.44302,11.13525],[106.43605,11.14034],[106.42953,11.14884],[106.43618,11.15473],[106.43707,11.15823],[106.43269,11.1652],[106.43286,11.17088],[106.43147,11.17349],[106.42917,11.1744],[106.42556,11.17033],[106.41635,11.1741],[106.41042,11.17209],[106.4096,11.18073],[106.41069,11.18337],[106.40781,11.18398],[106.40513,11.18814],[106.40477,11.18392],[106.40036,11.18155],[106.39833,11.18157],[106.39498,11.18442],[106.388,11.18563],[106.38379,11.19395],[106.38448,11.20047],[106.38663,11.20271],[106.38919,11.21236],[106.37981,11.21828],[106.38354,11.22837],[106.37887,11.22864],[106.37773,11.23526],[106.37099,11.24473],[106.36127,11.23819],[106.35889,11.23934],[106.35521,11.24701],[106.35121,11.2485],[106.35171,11.25156],[106.35658,11.25553],[106.3604,11.25584],[106.36083,11.25862],[106.36411,11.26065],[106.36222,11.26316],[106.35886,11.26109],[106.35033,11.26308],[106.35253,11.26679],[106.35498,11.27979],[106.35309,11.28319],[106.35619,11.28458],[106.35487,11.28831],[106.3523,11.28553],[106.35152,11.2886],[106.34666,11.28973],[106.34387,11.28584],[106.3451,11.28289],[106.34332,11.28296],[106.34039,11.28673],[106.34077,11.29365],[106.34448,11.29361],[106.34379,11.29547],[106.34012,11.29812],[106.33876,11.29761],[106.33786,11.29625],[106.33967,11.29193],[106.33518,11.29545],[106.3352,11.30007],[106.33822,11.30432],[106.34487,11.32392],[106.34276,11.32479],[106.34332,11.32916],[106.33975,11.32852],[106.33777,11.33291],[106.32855,11.339],[106.32638,11.34331],[106.33183,11.34985],[106.33041,11.3537],[106.33576,11.36032],[106.33497,11.36434],[106.34035,11.36184],[106.34533,11.36386],[106.34712,11.36949],[106.34476,11.36747],[106.34565,11.37253],[106.34461,11.37633],[106.34657,11.3799],[106.34804,11.37663],[106.34972,11.37709],[106.34824,11.38836],[106.35156,11.39161],[106.35281,11.39657],[106.35624,11.39418],[106.35605,11.39845],[106.35869,11.39882],[106.35906,11.4061],[106.35754,11.40735],[106.35959,11.40816],[106.35956,11.41076],[106.35798,11.412],[106.35845,11.42101],[106.35955,11.42383],[106.36331,11.42358],[106.36422,11.42758],[106.36184,11.42942],[106.36494,11.43122],[106.36479,11.43393],[106.36754,11.43493],[106.36726,11.43911],[106.36491,11.43879],[106.36696,11.4424],[106.36411,11.44219],[106.36755,11.44649],[106.37082,11.44804],[106.36899,11.45091],[106.37138,11.4523],[106.37221,11.4554],[106.37412,11.4518],[106.37954,11.45453],[106.38237,11.4531],[106.3881,11.45927],[106.39054,11.45694],[106.3951,11.46089],[106.4048,11.46275],[106.40523,11.46418],[106.40251,11.46689],[106.41212,11.46967],[106.41121,11.47482],[106.41766,11.47657],[106.41444,11.47841],[106.41615,11.47977],[106.41592,11.48179],[106.41888,11.48273],[106.4185,11.48644],[106.42348,11.49112],[106.42473,11.49417],[106.42297,11.49907],[106.42558,11.50158],[106.42223,11.50192],[106.42213,11.5037],[106.42412,11.50471],[106.4222,11.50688],[106.42634,11.50976],[106.42929,11.50996],[106.42845,11.51905],[106.4299,11.52122],[106.42887,11.52473],[106.4328,11.53567],[106.43252,11.53975],[106.43489,11.53885],[106.43475,11.54174],[106.43814,11.54135],[106.43879,11.54469],[106.44086,11.54345],[106.44321,11.54637],[106.44765,11.54561],[106.44884,11.54338],[106.45241,11.54332],[106.45432,11.54079],[106.46123,11.54506],[106.46521,11.54285],[106.46714,11.54429],[106.46819,11.54339],[106.47065,11.54605],[106.47328,11.54585],[106.47345,11.54896],[106.47993,11.55041],[106.48665,11.56073],[106.48731,11.56517],[106.49241,11.56925],[106.4858,11.57805],[106.48622,11.57931],[106.48929,11.57849],[106.49053,11.57969],[106.48935,11.58324],[106.48684,11.58447],[106.48612,11.59067],[106.48286,11.59533],[106.48275,11.59735],[106.48663,11.60381],[106.482,11.60649],[106.48163,11.60982],[106.47599,11.61061],[106.4769,11.61377],[106.4752,11.6128],[106.46929,11.61395],[106.46899,11.61853],[106.46668,11.61969],[106.46626,11.6227],[106.46362,11.62351],[106.46647,11.62673],[106.46516,11.62914],[106.46591,11.63297],[106.4619,11.63377],[106.46456,11.63945],[106.45846,11.64509],[106.46,11.64852],[106.45921,11.65092],[106.45335,11.65382],[106.45536,11.658],[106.45107,11.66025],[106.45212,11.66291],[106.44943,11.66448],[106.45156,11.6663],[106.44983,11.67002],[106.4511,11.67187],[106.44749,11.67323],[106.4403,11.67112],[106.43352,11.67104],[106.42835,11.67392],[106.42615,11.67709],[106.41473,11.67701],[106.40988,11.68362],[106.40485,11.68606],[106.39794,11.69218],[106.3853,11.69571],[106.37478,11.69546],[106.36991,11.69763],[106.35059,11.69045],[106.3374,11.68146],[106.33383,11.68193],[106.33336,11.6866],[106.33073,11.6872],[106.32855,11.68638],[106.32546,11.68165],[106.31684,11.67662],[106.29972,11.67489],[106.29847,11.67565],[106.29864,11.6813],[106.29495,11.68526],[106.27744,11.70015],[106.27005,11.7045],[106.26957,11.70889],[106.27302,11.71195],[106.26912,11.71496],[106.26611,11.72043],[106.24929,11.72666],[106.23875,11.72597],[106.22758,11.73139],[106.21687,11.72803],[106.20822,11.73043],[106.19576,11.74021],[106.19398,11.74802],[106.18852,11.75326],[106.18259,11.75135],[106.17786,11.7464],[106.17552,11.7465],[106.17161,11.74983],[106.16845,11.74895],[106.15411,11.73702],[106.13464,11.74488],[106.12432,11.74551],[106.11804,11.74317],[106.11374,11.74319],[106.10537,11.74672],[106.10245,11.74977],[106.09986,11.75619],[106.09306,11.75668],[106.09237,11.7635],[106.09026,11.76544],[106.0848,11.76644],[106.0761,11.77267],[106.0727,11.77232],[106.06888,11.77645],[106.04975,11.77403],[106.04294,11.77911],[106.03993,11.77963],[106.02225,11.77441],[106.01623,11.77006],[106.01173,11.75462],[106.00907,11.75128],[106.01493,11.73462],[106.01494,11.72655],[106.00864,11.71943],[106.00243,11.70446],[105.99832,11.70148],[105.99425,11.70335],[105.98524,11.69518],[105.97667,11.68414],[105.98104,11.67925],[105.98077,11.66926],[105.97222,11.66271],[105.97101,11.65906],[105.9659,11.65388],[105.96104,11.65181],[105.95446,11.64419],[105.95399,11.63974],[105.93555,11.6451],[105.92399,11.65088],[105.90181,11.66521],[105.88813,11.67662],[105.88484,11.67714],[105.85467,11.66473],[105.8483,11.66036],[105.8431,11.6508],[105.8366,11.64896],[105.83672,11.63905],[105.83291,11.62481],[105.82928,11.622],[105.8283,11.619],[105.81965,11.61971],[105.81387,11.61864],[105.81128,11.6198],[105.80991,11.61885],[105.81165,11.61608],[105.81225,11.60977],[105.81391,11.60893],[105.81101,11.60626],[105.81206,11.60423],[105.80991,11.59976],[105.81207,11.59014],[105.8108,11.58784],[105.81771,11.5812],[105.81616,11.5757],[105.81476,11.57516],[105.81845,11.57257],[105.8174,11.5686],[105.8204,11.57103],[105.8236,11.57022],[105.82685,11.56434],[105.83211,11.56539],[105.83723,11.56371],[105.84073,11.56527],[105.84051,11.56218],[105.84486,11.56484],[105.84537,11.56145],[105.84796,11.56375],[105.85054,11.56202],[105.85194,11.56484],[105.85506,11.56405],[105.85656,11.56438],[105.85655,11.56578],[105.85878,11.56483],[105.86176,11.56622],[105.86325,11.56168],[105.86692,11.56215],[105.86709,11.56005],[105.86556,11.55916],[105.86866,11.55754],[105.86923,11.55505],[105.87372,11.55484],[105.87176,11.55175],[105.8771,11.55036],[105.87889,11.54726],[105.88148,11.54643],[105.88062,11.54302],[105.88525,11.53779],[105.88303,11.53461],[105.88588,11.53284],[105.8865,11.53043],[105.88517,11.52826],[105.88551,11.51851],[105.88272,11.51395],[105.88464,11.51058],[105.88344,11.50929],[105.88189,11.51113],[105.88019,11.5105],[105.88168,11.50322],[105.87903,11.501],[105.8823,11.4949],[105.8848,11.49311],[105.88518,11.48343],[105.88256,11.48113],[105.88015,11.48216],[105.87726,11.47492],[105.87768,11.47346],[105.87998,11.47311],[105.88002,11.4695],[105.87746,11.46918],[105.87502,11.46124],[105.87693,11.45939],[105.87776,11.4624],[105.8797,11.46264],[105.88056,11.4558],[105.88214,11.45442],[105.88601,11.45498],[105.88731,11.45119],[105.89397,11.45295],[105.89651,11.45072],[105.90062,11.45248],[105.90061,11.44738],[105.90283,11.44833],[105.90404,11.4471],[105.90455,11.44104],[105.9038,11.43651],[105.90167,11.43371],[105.9027,11.43057],[105.90151,11.42771],[105.89175,11.42425],[105.89032,11.42169],[105.89093,11.41922],[105.88718,11.41603],[105.88637,11.41168],[105.88351,11.41093],[105.88101,11.4067],[105.87033,11.40363],[105.87886,11.3905],[105.87057,11.37916],[105.87051,11.37307],[105.88238,11.36817],[105.88301,11.35785],[105.87928,11.3534],[105.87885,11.34486],[105.87479,11.33428],[105.87393,11.32707],[105.86716,11.31796],[105.86687,11.31592],[105.87085,11.30708],[105.86943,11.2984],[105.86307,11.29053],[105.8638,11.28395],[105.86746,11.28025],[105.87394,11.28499],[105.87954,11.28695],[105.89398,11.28544],[105.89866,11.28348],[105.90891,11.28316],[105.90797,11.27459],[105.91238,11.26644],[105.90748,11.25203],[105.9107,11.23927],[105.92581,11.21796],[105.9389,11.20705],[105.96612,11.19526],[105.97519,11.19822],[105.99094,11.1908],[106.01383,11.19077],[106.01647,11.15663],[106.02299,11.14023],[106.05502,11.12255],[106.06904,11.10948],[106.07348,11.09966],[106.07633,11.09658],[106.08647,11.10174],[106.089,11.1009],[106.09313,11.09298],[106.09907,11.0876],[106.09878,11.07717],[106.10212,11.07187],[106.10748,11.07146],[106.11458,11.08062],[106.12076,11.08492],[106.12333,11.08873],[106.13818,11.0953],[106.14401,11.1008],[106.1548,11.10124],[106.17291,11.07567],[106.18776,11.04876],[106.1951,10.99256],[106.2003,10.98577],[106.20499,10.97595],[106.1922,10.97338],[106.17958,10.97391],[106.1702,10.97974],[106.16357,10.98041],[106.16415,10.96764],[106.16813,10.96309],[106.17769,10.96252],[106.18782,10.96482],[106.19443,10.97119],[106.19953,10.97104],[106.20552,10.97542],[106.22273,10.97855],[106.23955,10.98714],[106.25254,10.98688],[106.25626,10.98479],[106.26822,10.98352],[106.27297,10.98104],[106.28312,10.98605],[106.28688,10.99355],[106.28163,11.00521],[106.2702,11.01292],[106.27138,11.01853],[106.27349,11.02141],[106.27841,11.01602],[106.28288,11.02192],[106.28645,11.02201],[106.28675,11.02469],[106.29019,11.02363],[106.29159,11.02605],[106.30041,11.02634],[106.3254,11.0157],[106.34364,11.00293],[106.34572,10.99953],[106.34383,10.9986],[106.34576,10.99435],[106.35127,10.9987],[106.35677,10.99173],[106.36242,10.99653],[106.37438,10.99922],[106.3808,10.99768],[106.38829,10.99857],[106.4139,11.00849],[106.40874,11.01463],[106.40855,11.02209],[106.41317,11.03249],[106.42113,11.03527],[106.42301,11.04108],[106.42278,11.04702],[106.42478,11.04794],[106.42174,11.05244],[106.42154,11.06186],[106.42342,11.06515],[106.42604,11.06585],[106.42662,11.09176],[106.43065,11.09182],[106.43096,11.09855],[106.43397,11.09968],[106.43772,11.11043],[106.442,11.11439],[106.44403,11.12575],[106.44764,11.12908],[106.44736,11.13487]]]}},{"type":"Feature","properties":{"name":"Binh Duong","code":"VN_SRC_BINHDUONG"},"geometry":{"type":"Polygon","coordinates":[[[106.84038,10.89864],[106.83842,10.90257],[106.83469,10.90379],[106.83173,10.90692],[106.82377,10.90329],[106.82163,10.90428],[106.82044,10.9031],[106.81647,10.9034],[106.81398,10.90775],[106.81512,10.91062],[106.81162,10.91547],[106.81201,10.91797],[106.80956,10.91982],[106.80137,10.92016],[106.79443,10.92382],[106.78827,10.9222],[106.792,10.9273],[106.79195,10.92988],[106.7884,10.93316],[106.78419,10.93285],[106.7831,10.93773],[106.7785,10.93748],[106.7781,10.93937],[106.77656,10.93887],[106.77091,10.9431],[106.76961,10.9485],[106.77103,10.95209],[106.76593,10.9518],[106.76294,10.95344],[106.76525,10.9588],[106.76233,10.96151],[106.76203,10.96403],[106.76352,10.96518],[106.76678,10.96394],[106.7713,10.96581],[106.77303,10.96009],[106.7755,10.95969],[106.78528,10.96741],[106.79619,10.97226],[106.79618,10.97466],[106.78226,10.98722],[106.77577,10.99926],[106.77468,11.006],[106.77705,11.00918],[106.78331,11.01324],[106.78513,11.01828],[106.7882,11.01878],[106.7957,11.02385],[106.8083,11.02632],[106.81292,11.03176],[106.81211,11.03915],[106.80892,11.04515],[106.799,11.05363],[106.79902,11.05691],[106.80281,11.0599],[106.82124,11.06498],[106.82712,11.06512],[106.83985,11.03985],[106.84455,11.03686],[106.85837,11.03255],[106.86864,11.02173],[106.87361,11.02008],[106.89456,11.02789],[106.89819,11.02711],[106.90582,11.02229],[106.90831,11.02268],[106.91141,11.027],[106.91244,11.04091],[106.92333,11.04823],[106.92246,11.05628],[106.92769,11.05934],[106.93187,11.06481],[106.93734,11.06319],[106.94117,11.05736],[106.94544,11.05778],[106.94782,11.05976],[106.9484,11.06646],[106.95222,11.0721],[106.94472,11.07841],[106.94676,11.08403],[106.94662,11.08905],[106.95241,11.09774],[106.9592,11.10083],[106.95756,11.10702],[106.96484,11.10821],[106.96576,11.10962],[106.96269,11.11675],[106.95862,11.1197],[106.95344,11.12922],[106.95711,11.13459],[106.95428,11.14117],[106.96577,11.14302],[106.96607,11.148],[106.9643,11.14998],[106.95615,11.15288],[106.95556,11.15962],[106.95336,11.1641],[106.94127,11.16783],[106.94122,11.16961],[106.94544,11.17388],[106.94571,11.17673],[106.93926,11.17931],[106.93331,11.18975],[106.9271,11.19046],[106.92328,11.18762],[106.91967,11.19371],[106.9067,11.193],[106.90531,11.19511],[106.9072,11.19907],[106.90687,11.20336],[106.90183,11.20722],[106.90114,11.20932],[106.90193,11.21136],[106.90791,11.21178],[106.91077,11.21468],[106.91492,11.21492],[106.91788,11.22044],[106.91785,11.22342],[106.9141,11.22672],[106.91525,11.23008],[106.91331,11.23215],[106.91847,11.23602],[106.91173,11.23636],[106.91331,11.23789],[106.91101,11.23894],[106.91068,11.2416],[106.91218,11.24228],[106.91465,11.24094],[106.91737,11.24315],[106.91848,11.24087],[106.91889,11.24306],[106.92217,11.24179],[106.92637,11.24503],[106.9284,11.24372],[106.93155,11.24491],[106.93004,11.24801],[106.92647,11.24743],[106.9282,11.24948],[106.92796,11.25257],[106.92532,11.25426],[106.92553,11.25641],[106.92705,11.2564],[106.92733,11.25888],[106.92594,11.25962],[106.9273,11.26099],[106.92395,11.26449],[106.92804,11.26497],[106.92567,11.26769],[106.92741,11.26798],[106.92742,11.26948],[106.92476,11.2713],[106.93077,11.27298],[106.92965,11.27788],[106.93336,11.2794],[106.93225,11.28186],[106.93456,11.28523],[106.93335,11.2873],[106.93644,11.28702],[106.9392,11.28958],[106.93924,11.29207],[106.94181,11.29334],[106.94156,11.2948],[106.9374,11.29655],[106.94014,11.29679],[106.93998,11.30172],[106.93858,11.30169],[106.94004,11.30383],[106.93741,11.30522],[106.93821,11.30817],[106.93683,11.30874],[106.93906,11.31023],[106.93813,11.3123],[106.94146,11.31231],[106.94428,11.31792],[106.94696,11.31775],[106.94785,11.32114],[106.95179,11.32223],[106.95302,11.32877],[106.95044,11.33404],[106.95089,11.33868],[106.94006,11.35185],[106.93339,11.35436],[106.92362,11.35513],[106.91958,11.35243],[106.91768,11.35625],[106.91626,11.35639],[106.9071,11.35311],[106.90255,11.34241],[106.90044,11.34078],[106.88572,11.34141],[106.87304,11.32771],[106.87014,11.322],[106.87452,11.31207],[106.87496,11.30744],[106.87375,11.30929],[106.869,11.31115],[106.86538,11.31072],[106.86639,11.31484],[106.85717,11.31464],[106.85593,11.33009],[106.85897,11.33566],[106.86196,11.33574],[106.86358,11.33959],[106.86173,11.34444],[106.85705,11.346],[106.86068,11.34956],[106.85628,11.35261],[106.85702,11.35778],[106.85541,11.35776],[106.85463,11.3601],[106.85452,11.36132],[106.85736,11.36002],[106.85868,11.36136],[106.85761,11.36875],[106.85583,11.36954],[106.85727,11.37238],[106.85679,11.375],[106.85296,11.37664],[106.84049,11.37507],[106.83429,11.38039],[106.82678,11.38037],[106.82522,11.38414],[106.8166,11.37721],[106.81165,11.37568],[106.80195,11.38045],[106.79923,11.37922],[106.79788,11.38081],[106.79604,11.37942],[106.78498,11.38014],[106.78597,11.39908],[106.77364,11.39899],[106.76978,11.4085],[106.76991,11.42611],[106.78142,11.42746],[106.78592,11.4312],[106.78918,11.43197],[106.79879,11.44542],[106.80602,11.45136],[106.80601,11.45734],[106.80801,11.46108],[106.8036,11.47205],[106.80274,11.48229],[106.79705,11.49111],[106.79126,11.49186],[106.78183,11.48796],[106.77941,11.48503],[106.77367,11.48238],[106.76856,11.4826],[106.76742,11.47986],[106.76332,11.48042],[106.75839,11.47733],[106.75382,11.47652],[106.75009,11.46732],[106.75256,11.46227],[106.75265,11.45632],[106.75703,11.45298],[106.75604,11.44969],[106.75217,11.44563],[106.74204,11.44078],[106.74192,11.43414],[106.74052,11.43277],[106.72636,11.43189],[106.72636,11.42365],[106.72394,11.42221],[106.71806,11.42224],[106.71886,11.41479],[106.70899,11.40498],[106.71044,11.40152],[106.70951,11.39934],[106.7042,11.39628],[106.70029,11.39849],[106.69722,11.40273],[106.69261,11.40141],[106.69207,11.39868],[106.68676,11.39535],[106.68316,11.39913],[106.67916,11.39775],[106.67811,11.40173],[106.6749,11.40078],[106.67943,11.38496],[106.67578,11.3817],[106.67754,11.38088],[106.67917,11.37532],[106.67759,11.37264],[106.67836,11.36985],[106.67591,11.35822],[106.67411,11.35661],[106.67418,11.35432],[106.67148,11.35377],[106.66546,11.35415],[106.65767,11.35738],[106.65578,11.35681],[106.65199,11.35998],[106.63299,11.35913],[106.61624,11.36334],[106.61351,11.37589],[106.61298,11.38722],[106.60103,11.38643],[106.59297,11.38081],[106.58944,11.38215],[106.57627,11.3786],[106.57058,11.37369],[106.56269,11.37006],[106.55309,11.37266],[106.54662,11.38283],[106.53897,11.38742],[106.54575,11.39562],[106.5482,11.40657],[106.54663,11.41526],[106.54104,11.42373],[106.54145,11.42623],[106.54329,11.42712],[106.54862,11.43598],[106.55533,11.43998],[106.55895,11.43946],[106.56527,11.44479],[106.57317,11.45505],[106.57277,11.4581],[106.55683,11.48431],[106.54785,11.47039],[106.54419,11.46781],[106.54032,11.46751],[106.52484,11.47981],[106.51432,11.48221],[106.51323,11.4842],[106.50361,11.48903],[106.49716,11.4959],[106.48916,11.49954],[106.48428,11.49805],[106.48254,11.49926],[106.47625,11.49593],[106.47026,11.49652],[106.46528,11.49882],[106.44189,11.49862],[106.4355,11.50085],[106.42894,11.49532],[106.42473,11.49417],[106.42348,11.49112],[106.4185,11.48644],[106.41888,11.48273],[106.41592,11.48179],[106.41615,11.47977],[106.41444,11.47841],[106.41766,11.47657],[106.41121,11.47482],[106.41212,11.46967],[106.40251,11.46689],[106.40523,11.46418],[106.4048,11.46275],[106.3951,11.46089],[106.39054,11.45694],[106.3881,11.45927],[106.38237,11.4531],[106.37954,11.45453],[106.37412,11.4518],[106.37221,11.4554],[106.37138,11.4523],[106.36899,11.45091],[106.37082,11.44804],[106.36755,11.44649],[106.36411,11.44219],[106.36696,11.4424],[106.36491,11.43879],[106.36726,11.43911],[106.36754,11.43493],[106.36479,11.43393],[106.36494,11.43122],[106.36184,11.42942],[106.36422,11.42758],[106.36331,11.42358],[106.35955,11.42383],[106.35845,11.42101],[106.35798,11.412],[106.35956,11.41076],[106.35959,11.40816],[106.35754,11.40735],[106.35906,11.4061],[106.35869,11.39882],[106.35605,11.39845],[106.35624,11.39418],[106.35281,11.39657],[106.35156,11.39161],[106.34824,11.38836],[106.34972,11.37709],[106.34804,11.37663],[106.34657,11.3799],[106.34461,11.37633],[106.34565,11.37253],[106.34476,11.36747],[106.34712,11.36949],[106.34533,11.36386],[106.34035,11.36184],[106.33497,11.36434],[106.33576,11.36032],[106.33041,11.3537],[106.33183,11.34985],[106.32638,11.34331],[106.32855,11.339],[106.33777,11.33291],[106.33975,11.32852],[106.34332,11.32916],[106.34276,11.32479],[106.34487,11.32392],[106.33822,11.30432],[106.3352,11.30007],[106.33518,11.29545],[106.33967,11.29193],[106.33786,11.29625],[106.33876,11.29761],[106.34012,11.29812],[106.34379,11.29547],[106.34448,11.29361],[106.34077,11.29365],[106.34039,11.28673],[106.34332,11.28296],[106.3451,11.28289],[106.34387,11.28584],[106.34666,11.28973],[106.35152,11.2886],[106.3523,11.28553],[106.35487,11.28831],[106.35619,11.28458],[106.35309,11.28319],[106.35498,11.27979],[106.35253,11.26679],[106.35033,11.26308],[106.35886,11.26109],[106.36222,11.26316],[106.36411,11.26065],[106.36083,11.25862],[106.3604,11.25584],[106.35658,11.25553],[106.35171,11.25156],[106.35121,11.2485],[106.35521,11.24701],[106.35889,11.23934],[106.36127,11.23819],[106.37099,11.24473],[106.37773,11.23526],[106.37887,11.22864],[106.38354,11.22837],[106.37981,11.21828],[106.38919,11.21236],[106.38663,11.20271],[106.38448,11.20047],[106.38379,11.19395],[106.388,11.18563],[106.39498,11.18442],[106.39833,11.18157],[106.40036,11.18155],[106.40477,11.18392],[106.40513,11.18814],[106.40781,11.18398],[106.41069,11.18337],[106.4096,11.18073],[106.41042,11.17209],[106.41635,11.1741],[106.42556,11.17033],[106.42917,11.1744],[106.43147,11.17349],[106.43286,11.17088],[106.43269,11.1652],[106.43707,11.15823],[106.43618,11.15473],[106.42953,11.14884],[106.43605,11.14034],[106.44302,11.13525],[106.44736,11.13487],[106.45123,11.13569],[106.45696,11.1428],[106.45745,11.15189],[106.45587,11.1525],[106.45254,11.15044],[106.45122,11.1522],[106.45182,11.15701],[106.45518,11.15938],[106.45975,11.15737],[106.46339,11.15946],[106.46616,11.15592],[106.47081,11.15437],[106.47068,11.1521],[106.46683,11.14718],[106.47182,11.14255],[106.48065,11.14145],[106.49024,11.14395],[106.50168,11.14023],[106.50734,11.14221],[106.5159,11.12542],[106.52122,11.12181],[106.52685,11.12067],[106.52778,11.11415],[106.52632,11.10586],[106.52411,11.10362],[106.51701,11.10203],[106.51618,11.10017],[106.52238,11.09005],[106.52422,11.08953],[106.52908,11.09223],[106.53381,11.09055],[106.53388,11.08852],[106.52682,11.0807],[106.52375,11.07373],[106.52516,11.06973],[106.52912,11.06628],[106.5329,11.0591],[106.54624,11.0521],[106.54888,11.04704],[106.55101,11.04588],[106.56674,11.04504],[106.56971,11.05205],[106.57175,11.05454],[106.57321,11.05438],[106.57946,11.04803],[106.58288,11.03809],[106.58681,11.03638],[106.59079,11.03692],[106.59211,11.04195],[106.59465,11.04507],[106.59827,11.04559],[106.60032,11.04446],[106.60335,11.03941],[106.59515,11.02817],[106.59786,11.01598],[106.60879,11.01184],[106.61625,11.01159],[106.61962,11.00892],[106.62111,11.00593],[106.62094,11.00159],[106.61632,10.99293],[106.61617,10.9898],[106.62695,10.97968],[106.63741,10.97744],[106.64425,10.98104],[106.64855,10.98004],[106.65015,10.97444],[106.64891,10.96449],[106.65242,10.95096],[106.6502,10.93742],[106.65082,10.93312],[106.6553,10.92746],[106.6632,10.92268],[106.66982,10.92102],[106.68077,10.9239],[106.68489,10.92124],[106.69016,10.91118],[106.69443,10.8975],[106.69417,10.89413],[106.68937,10.88591],[106.68975,10.88067],[106.70082,10.8681],[106.71317,10.86587],[106.71527,10.86853],[106.71496,10.87255],[106.72345,10.87197],[106.72121,10.87653],[106.71245,10.878],[106.71771,10.88092],[106.71744,10.88793],[106.7143,10.88713],[106.71299,10.88977],[106.71767,10.89642],[106.72703,10.8905],[106.72796,10.89133],[106.72918,10.88987],[106.73295,10.89152],[106.73185,10.88572],[106.73686,10.88477],[106.73417,10.88052],[106.73851,10.87871],[106.74062,10.88082],[106.74252,10.87938],[106.74478,10.88175],[106.74714,10.8775],[106.74999,10.87785],[106.75137,10.87552],[106.74645,10.8739],[106.74703,10.87209],[106.74598,10.87175],[106.74832,10.86624],[106.75176,10.86381],[106.7548,10.8664],[106.76221,10.86728],[106.76319,10.86906],[106.76036,10.87239],[106.76196,10.87872],[106.76017,10.88213],[106.76482,10.8862],[106.768,10.89402],[106.77061,10.89272],[106.7806,10.88124],[106.78205,10.87725],[106.7803,10.86828],[106.78774,10.86735],[106.78852,10.87215],[106.79517,10.87366],[106.7976,10.87184],[106.80521,10.87499],[106.80859,10.87303],[106.81303,10.87914],[106.81728,10.88132],[106.81916,10.88623],[106.82307,10.88758],[106.82361,10.89272],[106.82539,10.89514],[106.82995,10.89557],[106.83367,10.899],[106.84038,10.89864]]]}},{"type":"Feature","properties":{"name":"Dong Nai","code":"VN_SRC_DONGNAI"},"geometry":{"type":"Polygon","coordinates":[[[107.33593,11.54785],[107.25044,11.52705],[107.14245,11.50436],[107.13162,11.50104],[107.12915,11.4964],[107.12316,11.49349],[107.12348,11.49161],[107.1207,11.48903],[107.12188,11.48852],[107.12056,11.48724],[107.1212,11.48549],[107.11781,11.48555],[107.11847,11.48414],[107.11398,11.48105],[107.10542,11.48155],[107.10334,11.48312],[107.10294,11.48184],[107.10141,11.48359],[107.09851,11.48143],[107.09648,11.48255],[107.09726,11.48071],[107.09502,11.47947],[107.09646,11.4787],[107.09556,11.47483],[107.09691,11.47178],[107.09524,11.47119],[107.0955,11.46924],[107.08961,11.46594],[107.08584,11.46665],[107.08552,11.46476],[107.08251,11.46309],[107.08412,11.4602],[107.07574,11.45391],[107.07463,11.45561],[107.07307,11.45132],[107.07121,11.45228],[107.06856,11.44989],[107.06982,11.44757],[107.06787,11.44639],[107.06671,11.44025],[107.06683,11.43838],[107.06878,11.43791],[107.06793,11.43428],[107.06627,11.43502],[107.06494,11.43382],[107.06476,11.43102],[107.06819,11.43215],[107.06877,11.42961],[107.0668,11.42972],[107.06638,11.42828],[107.07185,11.42771],[107.07088,11.42603],[107.07399,11.42338],[107.07321,11.42166],[107.07647,11.41989],[107.07648,11.41835],[107.07435,11.4158],[107.07101,11.41552],[107.06829,11.41192],[107.06732,11.40821],[107.06943,11.40804],[107.06812,11.40671],[107.06979,11.40553],[107.06828,11.40373],[107.06301,11.40337],[107.05859,11.40064],[107.05645,11.39735],[107.05601,11.3938],[107.06034,11.39241],[107.05968,11.39086],[107.06116,11.38854],[107.06045,11.38474],[107.0576,11.38139],[107.0584,11.37842],[107.06022,11.37876],[107.06025,11.37754],[107.05408,11.37756],[107.05277,11.37326],[107.05129,11.37601],[107.04649,11.37425],[107.04516,11.37706],[107.04321,11.37754],[107.04283,11.37492],[107.04079,11.374],[107.04233,11.37282],[107.0356,11.37096],[107.03612,11.36944],[107.04186,11.3676],[107.03574,11.36646],[107.03685,11.36457],[107.036,11.36204],[107.03826,11.3614],[107.03747,11.35982],[107.03285,11.35548],[107.03142,11.35754],[107.03034,11.35692],[107.03099,11.35304],[107.02884,11.35526],[107.02515,11.35514],[107.02067,11.35189],[107.02048,11.34913],[107.01859,11.35184],[107.01685,11.3483],[107.0145,11.34985],[107.01072,11.34914],[107.00922,11.34586],[107.01104,11.34512],[107.01075,11.34281],[107.01366,11.34323],[107.01418,11.34086],[107.00278,11.33551],[107.00296,11.33207],[106.99878,11.33329],[107.00089,11.32907],[106.99973,11.32858],[106.99768,11.33061],[106.99513,11.3288],[106.99607,11.32591],[106.99213,11.32789],[106.99348,11.33221],[106.98978,11.33164],[106.98596,11.32872],[106.98626,11.33212],[106.98212,11.33212],[106.98064,11.33356],[106.97885,11.33249],[106.97818,11.32975],[106.98134,11.32909],[106.98197,11.32582],[106.98579,11.32372],[106.98253,11.31979],[106.9858,11.32006],[106.98522,11.31685],[106.98207,11.31558],[106.98368,11.31273],[106.98043,11.31298],[106.98039,11.31541],[106.97705,11.3148],[106.97297,11.31796],[106.96876,11.31657],[106.96726,11.31789],[106.9649,11.31344],[106.96272,11.31493],[106.96095,11.31162],[106.95784,11.30975],[106.96046,11.30692],[106.95736,11.30648],[106.95891,11.30226],[106.95797,11.30146],[106.95653,11.3029],[106.95455,11.30146],[106.95183,11.30212],[106.94876,11.30758],[106.9464,11.30792],[106.9459,11.30566],[106.94294,11.30772],[106.94258,11.30957],[106.93991,11.30593],[106.93821,11.30817],[106.93741,11.30522],[106.94004,11.30383],[106.93858,11.30169],[106.93998,11.30172],[106.94014,11.29679],[106.9374,11.29655],[106.94156,11.2948],[106.94181,11.29334],[106.93924,11.29207],[106.9392,11.28958],[106.93644,11.28702],[106.93335,11.2873],[106.93456,11.28523],[106.93225,11.28186],[106.93336,11.2794],[106.92965,11.27788],[106.93077,11.27298],[106.92476,11.2713],[106.92742,11.26948],[106.92741,11.26798],[106.92567,11.26769],[106.92804,11.26497],[106.92395,11.26449],[106.9273,11.26099],[106.92594,11.25962],[106.92733,11.25888],[106.92705,11.2564],[106.92553,11.25641],[106.92532,11.25426],[106.92796,11.25257],[106.9282,11.24948],[106.92647,11.24743],[106.93004,11.24801],[106.93155,11.24491],[106.9284,11.24372],[106.92637,11.24503],[106.92217,11.24179],[106.91889,11.24306],[106.91848,11.24087],[106.91737,11.24315],[106.91465,11.24094],[106.91218,11.24228],[106.91068,11.2416],[106.91101,11.23894],[106.91331,11.23789],[106.91173,11.23636],[106.91847,11.23602],[106.91331,11.23215],[106.91525,11.23008],[106.9141,11.22672],[106.91785,11.22342],[106.91788,11.22044],[106.91492,11.21492],[106.91077,11.21468],[106.90791,11.21178],[106.90193,11.21136],[106.90114,11.20932],[106.90183,11.20722],[106.90687,11.20336],[106.9072,11.19907],[106.90531,11.19511],[106.9067,11.193],[106.91967,11.19371],[106.92328,11.18762],[106.9271,11.19046],[106.93331,11.18975],[106.93926,11.17931],[106.94571,11.17673],[106.94544,11.17388],[106.94122,11.16961],[106.94127,11.16783],[106.95336,11.1641],[106.95556,11.15962],[106.95615,11.15288],[106.9643,11.14998],[106.96607,11.148],[106.96577,11.14302],[106.95428,11.14117],[106.95711,11.13459],[106.95344,11.12922],[106.95862,11.1197],[106.96269,11.11675],[106.96576,11.10962],[106.96484,11.10821],[106.95756,11.10702],[106.9592,11.10083],[106.95241,11.09774],[106.94662,11.08905],[106.94676,11.08403],[106.94472,11.07841],[106.95222,11.0721],[106.9484,11.06646],[106.94782,11.05976],[106.94544,11.05778],[106.94117,11.05736],[106.93734,11.06319],[106.93187,11.06481],[106.92769,11.05934],[106.92246,11.05628],[106.92333,11.04823],[106.91244,11.04091],[106.91141,11.027],[106.90831,11.02268],[106.90582,11.02229],[106.89819,11.02711],[106.89456,11.02789],[106.87361,11.02008],[106.86864,11.02173],[106.85837,11.03255],[106.84455,11.03686],[106.83985,11.03985],[106.82712,11.06512],[106.82124,11.06498],[106.80281,11.0599],[106.79902,11.05691],[106.799,11.05363],[106.80892,11.04515],[106.81211,11.03915],[106.81292,11.03176],[106.8083,11.02632],[106.7957,11.02385],[106.7882,11.01878],[106.78513,11.01828],[106.78331,11.01324],[106.77705,11.00918],[106.77468,11.006],[106.77577,10.99926],[106.78226,10.98722],[106.79618,10.97466],[106.79619,10.97226],[106.78528,10.96741],[106.7755,10.95969],[106.77303,10.96009],[106.7713,10.96581],[106.76678,10.96394],[106.76352,10.96518],[106.76203,10.96403],[106.76233,10.96151],[106.76525,10.9588],[106.76294,10.95344],[106.76593,10.9518],[106.77103,10.95209],[106.76961,10.9485],[106.77091,10.9431],[106.77656,10.93887],[106.7781,10.93937],[106.7785,10.93748],[106.7831,10.93773],[106.78419,10.93285],[106.7884,10.93316],[106.79195,10.92988],[106.792,10.9273],[106.78827,10.9222],[106.79443,10.92382],[106.80137,10.92016],[106.80956,10.91982],[106.81201,10.91797],[106.81162,10.91547],[106.81512,10.91062],[106.81398,10.90775],[106.81647,10.9034],[106.82044,10.9031],[106.82163,10.90428],[106.82377,10.90329],[106.83173,10.90692],[106.83469,10.90379],[106.83842,10.90257],[106.84038,10.89864],[106.84361,10.88446],[106.85099,10.87602],[106.8467,10.86536],[106.84683,10.8623],[106.85424,10.84467],[106.87714,10.81984],[106.88155,10.81066],[106.88156,10.80653],[106.87868,10.80212],[106.86574,10.79121],[106.86427,10.78845],[106.86499,10.78445],[106.87335,10.77364],[106.8738,10.7687],[106.86947,10.76483],[106.86529,10.76464],[106.86094,10.76672],[106.85364,10.77415],[106.84658,10.7754],[106.83902,10.772],[106.82892,10.76063],[106.82483,10.75958],[106.82302,10.76347],[106.8256,10.77253],[106.82506,10.77785],[106.82097,10.781],[106.81454,10.77865],[106.80668,10.77122],[106.80138,10.76041],[106.77266,10.7467],[106.75366,10.72346],[106.75117,10.71038],[106.7544,10.69759],[106.77318,10.67693],[106.78752,10.67025],[106.80824,10.6551],[106.81549,10.63853],[106.82628,10.62783],[106.83367,10.62663],[106.8367,10.62752],[106.83871,10.62943],[106.84102,10.63648],[106.84455,10.63849],[106.85137,10.6396],[106.86034,10.63655],[106.86373,10.64164],[106.87001,10.64322],[106.87277,10.64799],[106.88284,10.64761],[106.88487,10.64074],[106.89349,10.63647],[106.89726,10.62987],[106.90345,10.62467],[106.91128,10.60816],[106.92125,10.60997],[106.92808,10.60311],[106.93784,10.59991],[106.94138,10.59672],[106.94661,10.59738],[106.96051,10.59358],[106.96875,10.5893],[106.97493,10.58234],[106.97963,10.58192],[106.98373,10.57921],[106.9789,10.56447],[106.98023,10.56173],[106.98608,10.55745],[106.98818,10.55266],[106.98468,10.53979],[106.98649,10.53165],[106.98904,10.52908],[106.99323,10.52819],[107.00451,10.53031],[107.01367,10.52239],[107.02541,10.53341],[107.02841,10.53812],[107.02732,10.54422],[107.01634,10.5481],[107.01325,10.55126],[107.01236,10.55473],[107.01556,10.56374],[107.02705,10.57984],[107.02785,10.58709],[107.01844,10.60541],[106.99977,10.62046],[106.99792,10.6272],[106.99908,10.63139],[107.00287,10.63549],[107.00743,10.63666],[107.01751,10.63156],[107.01496,10.64298],[107.04508,10.65644],[107.06484,10.65661],[107.06829,10.65284],[107.09263,10.65271],[107.09755,10.65143],[107.10205,10.65795],[107.10229,10.66238],[107.10845,10.66434],[107.11272,10.66917],[107.11801,10.66982],[107.1226,10.67282],[107.1241,10.67887],[107.12656,10.68203],[107.13523,10.68501],[107.13581,10.69433],[107.14108,10.70876],[107.14081,10.71757],[107.1423,10.71802],[107.14076,10.72028],[107.14062,10.72734],[107.14504,10.72335],[107.14692,10.72523],[107.14472,10.72853],[107.14739,10.72931],[107.14567,10.73147],[107.14068,10.73159],[107.14057,10.74084],[107.13842,10.74383],[107.13995,10.74416],[107.14034,10.74297],[107.14401,10.7447],[107.14673,10.74332],[107.1561,10.74369],[107.16489,10.74964],[107.16782,10.75328],[107.16806,10.75229],[107.17096,10.75306],[107.17527,10.75974],[107.1809,10.76223],[107.18215,10.76663],[107.18762,10.76872],[107.18902,10.77081],[107.20042,10.77152],[107.20807,10.77407],[107.2079,10.75797],[107.22273,10.75632],[107.22862,10.75853],[107.22867,10.76261],[107.22993,10.76188],[107.23264,10.7632],[107.23817,10.7602],[107.24171,10.7609],[107.24331,10.75826],[107.2461,10.75916],[107.24592,10.75607],[107.30196,10.75438],[107.30088,10.74953],[107.30505,10.74846],[107.30308,10.74482],[107.30623,10.72843],[107.30495,10.72785],[107.30296,10.72947],[107.30469,10.72616],[107.30225,10.71814],[107.30727,10.71393],[107.30355,10.70799],[107.30263,10.70124],[107.30712,10.6984],[107.30916,10.6934],[107.30497,10.69063],[107.30607,10.68823],[107.30095,10.68584],[107.30127,10.68338],[107.31028,10.67612],[107.31244,10.67232],[107.31916,10.66815],[107.3242,10.67013],[107.32432,10.67164],[107.32962,10.676],[107.33947,10.6779],[107.34573,10.67426],[107.35146,10.67653],[107.35161,10.67814],[107.35347,10.67799],[107.35214,10.68382],[107.35524,10.68409],[107.35569,10.68532],[107.35081,10.68789],[107.35226,10.69045],[107.35096,10.69193],[107.35427,10.69398],[107.355,10.69626],[107.35376,10.6972],[107.35374,10.70101],[107.34935,10.70544],[107.35125,10.70642],[107.35276,10.71013],[107.35481,10.71064],[107.35479,10.71217],[107.3592,10.71391],[107.35915,10.71776],[107.36117,10.71899],[107.36073,10.72141],[107.36261,10.72415],[107.36226,10.7274],[107.36521,10.72914],[107.36525,10.73055],[107.36774,10.73001],[107.36982,10.7325],[107.37289,10.73097],[107.37255,10.73376],[107.37787,10.73697],[107.37986,10.74151],[107.38148,10.74066],[107.38183,10.74683],[107.38458,10.74727],[107.38463,10.75052],[107.39067,10.75608],[107.39341,10.75519],[107.39546,10.76219],[107.39905,10.76259],[107.40238,10.76848],[107.40615,10.76912],[107.40572,10.77002],[107.41117,10.77392],[107.42072,10.77061],[107.4217,10.77237],[107.42075,10.7735],[107.42735,10.78391],[107.42766,10.7871],[107.43229,10.78771],[107.43578,10.79266],[107.43727,10.79244],[107.43646,10.79359],[107.43966,10.79966],[107.44372,10.80116],[107.44594,10.80385],[107.45049,10.8039],[107.4553,10.80201],[107.4595,10.79564],[107.45961,10.7906],[107.47324,10.79306],[107.47637,10.78808],[107.4793,10.77825],[107.4861,10.76858],[107.49776,10.7668],[107.50682,10.77197],[107.52359,10.77476],[107.54193,10.78634],[107.5588,10.79926],[107.5713,10.81419],[107.57359,10.81491],[107.57299,10.82063],[107.57708,10.83119],[107.57707,10.83552],[107.57376,10.84791],[107.55997,10.86887],[107.56039,10.92622],[107.55893,10.93959],[107.54254,10.9792],[107.5372,10.97784],[107.53462,10.9834],[107.53513,10.98727],[107.53146,10.99105],[107.51735,10.99878],[107.51771,11.00102],[107.50915,11.00786],[107.50665,11.01333],[107.50097,11.01498],[107.49618,11.01436],[107.48733,11.00934],[107.47417,11.00705],[107.47032,11.00913],[107.46804,11.01373],[107.46597,11.01408],[107.46496,11.01614],[107.45616,11.01696],[107.45402,11.01945],[107.44971,11.02095],[107.45067,11.02291],[107.449,11.02367],[107.44915,11.02609],[107.44689,11.0288],[107.44555,11.02753],[107.44313,11.02885],[107.44392,11.03063],[107.43937,11.03131],[107.43919,11.03294],[107.43705,11.03125],[107.43736,11.03301],[107.43565,11.0341],[107.4338,11.03285],[107.43313,11.0343],[107.42825,11.03347],[107.42711,11.0367],[107.42135,11.03672],[107.42237,11.04155],[107.41264,11.04215],[107.41219,11.04593],[107.40578,11.04295],[107.40269,11.04836],[107.399,11.04983],[107.39722,11.0487],[107.3942,11.04955],[107.39999,11.05351],[107.40908,11.05071],[107.41619,11.05041],[107.41821,11.05599],[107.42528,11.06319],[107.42596,11.06827],[107.42252,11.07573],[107.42434,11.07799],[107.4281,11.07813],[107.43194,11.0825],[107.43048,11.08694],[107.43815,11.08964],[107.44035,11.0842],[107.44299,11.08419],[107.44333,11.08955],[107.44625,11.09163],[107.44931,11.09885],[107.44956,11.10413],[107.45169,11.10889],[107.4538,11.1102],[107.45375,11.11233],[107.45084,11.11533],[107.45057,11.11863],[107.44449,11.12505],[107.43926,11.12536],[107.43675,11.12836],[107.43462,11.13742],[107.43769,11.13916],[107.44214,11.13916],[107.44331,11.14444],[107.44519,11.14533],[107.44514,11.14925],[107.4495,11.1471],[107.45773,11.15142],[107.45803,11.1537],[107.45466,11.15968],[107.45773,11.16162],[107.462,11.16765],[107.46001,11.17309],[107.46057,11.177],[107.46477,11.1787],[107.46613,11.18086],[107.47074,11.17887],[107.47057,11.18175],[107.46746,11.18391],[107.47183,11.18603],[107.47192,11.19362],[107.47449,11.19403],[107.47733,11.19093],[107.48004,11.19069],[107.47715,11.19299],[107.47334,11.20059],[107.47513,11.20265],[107.47823,11.20295],[107.48017,11.19877],[107.48325,11.20185],[107.48396,11.20624],[107.47853,11.20988],[107.48296,11.21097],[107.4886,11.21686],[107.48635,11.21995],[107.48272,11.22138],[107.486,11.22188],[107.49084,11.22541],[107.49497,11.2211],[107.49907,11.22082],[107.49388,11.22518],[107.50013,11.22938],[107.49623,11.23654],[107.49751,11.2426],[107.50078,11.24242],[107.50193,11.23574],[107.50797,11.23721],[107.50895,11.243],[107.51427,11.24487],[107.51699,11.25184],[107.51958,11.24825],[107.522,11.25161],[107.52471,11.25226],[107.52357,11.25612],[107.52524,11.26063],[107.52302,11.26719],[107.52351,11.27179],[107.52101,11.2754],[107.52167,11.28013],[107.51858,11.28484],[107.51988,11.28709],[107.52091,11.28633],[107.52014,11.28923],[107.52274,11.29024],[107.52401,11.29981],[107.52222,11.30324],[107.51877,11.30555],[107.51796,11.30998],[107.51933,11.31402],[107.52339,11.31587],[107.52521,11.31854],[107.53009,11.31931],[107.5354,11.32504],[107.53552,11.33229],[107.53845,11.33635],[107.54319,11.36207],[107.53671,11.35526],[107.53413,11.35566],[107.53054,11.36047],[107.5248,11.36192],[107.5247,11.36939],[107.52003,11.36902],[107.51785,11.3704],[107.51326,11.38397],[107.50375,11.38279],[107.49782,11.39489],[107.48759,11.39597],[107.48744,11.39896],[107.48572,11.40033],[107.48723,11.40253],[107.48583,11.40475],[107.48682,11.40652],[107.48557,11.41175],[107.48701,11.41188],[107.48801,11.41894],[107.48686,11.42055],[107.48884,11.42347],[107.48844,11.42627],[107.48627,11.42946],[107.47941,11.43085],[107.47834,11.43325],[107.47529,11.43425],[107.47524,11.43597],[107.47209,11.43648],[107.46861,11.43382],[107.46568,11.43445],[107.45995,11.4308],[107.45446,11.43347],[107.45287,11.42607],[107.45583,11.4221],[107.45403,11.42008],[107.44412,11.41927],[107.44389,11.42356],[107.44701,11.42717],[107.44297,11.43181],[107.43864,11.43081],[107.43059,11.42541],[107.42945,11.42905],[107.43136,11.43239],[107.4292,11.43633],[107.43048,11.43988],[107.43366,11.44225],[107.43642,11.44185],[107.4402,11.4456],[107.44388,11.44662],[107.44402,11.45005],[107.44701,11.44822],[107.44892,11.45556],[107.45139,11.45859],[107.46254,11.46275],[107.46127,11.46973],[107.46238,11.47373],[107.46656,11.47736],[107.47088,11.4757],[107.47223,11.47666],[107.47182,11.47855],[107.46031,11.49025],[107.45509,11.4922],[107.45316,11.50183],[107.44143,11.50999],[107.44168,11.51658],[107.43757,11.5125],[107.43356,11.51219],[107.43214,11.51713],[107.42958,11.51897],[107.42026,11.51111],[107.41262,11.51792],[107.40991,11.52823],[107.40241,11.52976],[107.39828,11.52676],[107.38663,11.52594],[107.38554,11.52078],[107.37901,11.51901],[107.37414,11.515],[107.36767,11.5176],[107.36774,11.51879],[107.37644,11.52374],[107.37539,11.53146],[107.37898,11.54278],[107.37192,11.55787],[107.36887,11.55874],[107.36836,11.55765],[107.3731,11.55093],[107.37095,11.54872],[107.36574,11.55322],[107.36067,11.55501],[107.36107,11.55749],[107.36692,11.56099],[107.36129,11.56806],[107.36207,11.57078],[107.36648,11.573],[107.36169,11.58189],[107.35779,11.58035],[107.3581,11.57489],[107.35605,11.56647],[107.35735,11.56116],[107.35656,11.5584],[107.35459,11.55553],[107.3503,11.55507],[107.34812,11.55339],[107.34686,11.54365],[107.33974,11.5437],[107.33593,11.54785]]]}},{"type":"Feature","properties":{"name":"Binh Thuan","code":"VN_SRC_BINHTHUAN"},"geometry":{"type":"MultiPolygon","coordinates":[[[[107.80124,10.65176],[107.80234,10.65007],[107.80283,10.6523],[107.80124,10.65176]]],[[[107.54319,11.36207],[107.53845,11.33635],[107.53552,11.33229],[107.5354,11.32504],[107.53009,11.31931],[107.52521,11.31854],[107.52339,11.31587],[107.51933,11.31402],[107.51796,11.30998],[107.51877,11.30555],[107.52222,11.30324],[107.52401,11.29981],[107.52274,11.29024],[107.52014,11.28923],[107.52091,11.28633],[107.51988,11.28709],[107.51858,11.28484],[107.52167,11.28013],[107.52101,11.2754],[107.52351,11.27179],[107.52302,11.26719],[107.52524,11.26063],[107.52357,11.25612],[107.52471,11.25226],[107.522,11.25161],[107.51958,11.24825],[107.51699,11.25184],[107.51427,11.24487],[107.50895,11.243],[107.50797,11.23721],[107.50193,11.23574],[107.50078,11.24242],[107.49751,11.2426],[107.49623,11.23654],[107.50013,11.22938],[107.49388,11.22518],[107.49907,11.22082],[107.49497,11.2211],[107.49084,11.22541],[107.486,11.22188],[107.48272,11.22138],[107.48635,11.21995],[107.4886,11.21686],[107.48296,11.21097],[107.47853,11.20988],[107.48396,11.20624],[107.48325,11.20185],[107.48017,11.19877],[107.47823,11.20295],[107.47513,11.20265],[107.47334,11.20059],[107.47715,11.19299],[107.48004,11.19069],[107.47733,11.19093],[107.47449,11.19403],[107.47192,11.19362],[107.47183,11.18603],[107.46746,11.18391],[107.47057,11.18175],[107.47074,11.17887],[107.46613,11.18086],[107.46477,11.1787],[107.46057,11.177],[107.46001,11.17309],[107.462,11.16765],[107.45773,11.16162],[107.45466,11.15968],[107.45803,11.1537],[107.45773,11.15142],[107.4495,11.1471],[107.44514,11.14925],[107.44519,11.14533],[107.44331,11.14444],[107.44214,11.13916],[107.43769,11.13916],[107.43462,11.13742],[107.43675,11.12836],[107.43926,11.12536],[107.44449,11.12505],[107.45057,11.11863],[107.45084,11.11533],[107.45375,11.11233],[107.4538,11.1102],[107.45169,11.10889],[107.44956,11.10413],[107.44931,11.09885],[107.44625,11.09163],[107.44333,11.08955],[107.44299,11.08419],[107.44035,11.0842],[107.43815,11.08964],[107.43048,11.08694],[107.43194,11.0825],[107.4281,11.07813],[107.42434,11.07799],[107.42252,11.07573],[107.42596,11.06827],[107.42528,11.06319],[107.41821,11.05599],[107.41619,11.05041],[107.40908,11.05071],[107.39999,11.05351],[107.3942,11.04955],[107.39722,11.0487],[107.399,11.04983],[107.40269,11.04836],[107.40578,11.04295],[107.41219,11.04593],[107.41264,11.04215],[107.42237,11.04155],[107.42135,11.03672],[107.42711,11.0367],[107.42825,11.03347],[107.43313,11.0343],[107.4338,11.03285],[107.43565,11.0341],[107.43736,11.03301],[107.43705,11.03125],[107.43919,11.03294],[107.43937,11.03131],[107.44392,11.03063],[107.44313,11.02885],[107.44555,11.02753],[107.44689,11.0288],[107.44915,11.02609],[107.449,11.02367],[107.45067,11.02291],[107.44971,11.02095],[107.45402,11.01945],[107.45616,11.01696],[107.46496,11.01614],[107.46597,11.01408],[107.46804,11.01373],[107.47032,11.00913],[107.47417,11.00705],[107.48733,11.00934],[107.49618,11.01436],[107.50097,11.01498],[107.50665,11.01333],[107.50915,11.00786],[107.51771,11.00102],[107.51735,10.99878],[107.53146,10.99105],[107.53513,10.98727],[107.53462,10.9834],[107.5372,10.97784],[107.54254,10.9792],[107.55893,10.93959],[107.56039,10.92622],[107.55997,10.86887],[107.57376,10.84791],[107.57707,10.83552],[107.57708,10.83119],[107.57299,10.82063],[107.57359,10.81491],[107.5713,10.81419],[107.5588,10.79926],[107.54193,10.78634],[107.52359,10.77476],[107.50682,10.77197],[107.50402,10.76402],[107.50854,10.75437],[107.50672,10.75144],[107.50721,10.74564],[107.51283,10.74278],[107.51385,10.73985],[107.51883,10.73497],[107.52692,10.72972],[107.52957,10.72331],[107.53337,10.72098],[107.53522,10.72213],[107.5375,10.71639],[107.54094,10.71296],[107.54087,10.71111],[107.54308,10.71018],[107.54543,10.70533],[107.54581,10.70062],[107.54454,10.69893],[107.54782,10.69423],[107.5409,10.68102],[107.54609,10.66868],[107.54683,10.66259],[107.54989,10.66093],[107.54925,10.65937],[107.5522,10.6538],[107.55192,10.65096],[107.55759,10.64434],[107.55713,10.64154],[107.56252,10.63428],[107.56442,10.62993],[107.56393,10.62713],[107.56949,10.61844],[107.56898,10.61492],[107.56484,10.61824],[107.56409,10.61584],[107.56944,10.61025],[107.57099,10.60299],[107.57327,10.60036],[107.56865,10.58613],[107.57073,10.57894],[107.56796,10.57845],[107.56802,10.57539],[107.57138,10.5691],[107.61389,10.59114],[107.63763,10.59799],[107.66283,10.609],[107.67482,10.61974],[107.68755,10.6268],[107.70663,10.63256],[107.72707,10.63123],[107.73614,10.63551],[107.7591,10.64279],[107.76812,10.64939],[107.77772,10.65379],[107.8111,10.69251],[107.8226,10.70193],[107.83171,10.70557],[107.83895,10.70573],[107.84478,10.70387],[107.86079,10.71324],[107.86147,10.71189],[107.86558,10.71257],[107.88572,10.72023],[107.90467,10.72137],[107.92383,10.71878],[107.93625,10.71558],[107.95816,10.70716],[107.96329,10.70093],[107.96885,10.70507],[107.97541,10.70583],[107.98426,10.70467],[107.98963,10.70046],[107.99382,10.70007],[107.99637,10.7095],[107.9999,10.71205],[108.00148,10.71654],[108.00621,10.72212],[108.00838,10.73161],[108.01098,10.73518],[108.01487,10.73532],[108.01737,10.75435],[108.0225,10.77329],[108.02709,10.79833],[108.04067,10.83869],[108.06127,10.88076],[108.07805,10.90677],[108.08514,10.91421],[108.08696,10.91529],[108.08796,10.9142],[108.09427,10.91804],[108.10116,10.91924],[108.10102,10.92046],[108.10634,10.92001],[108.10536,10.91614],[108.11905,10.92708],[108.13472,10.93417],[108.13746,10.93472],[108.13778,10.93075],[108.14232,10.93262],[108.16032,10.93011],[108.16587,10.93068],[108.17568,10.93601],[108.18906,10.93653],[108.19469,10.94168],[108.21398,10.95204],[108.22763,10.95491],[108.25184,10.95076],[108.27017,10.94512],[108.27803,10.94133],[108.28071,10.93945],[108.28237,10.93493],[108.28142,10.92799],[108.28309,10.92141],[108.28045,10.91844],[108.28174,10.91584],[108.28434,10.91627],[108.28923,10.91361],[108.29551,10.91467],[108.29446,10.92229],[108.29852,10.93975],[108.30374,10.95037],[108.30972,10.95733],[108.31647,10.9604],[108.3231,10.96035],[108.32798,10.95759],[108.32824,10.95452],[108.33115,10.9513],[108.33666,10.95134],[108.33813,10.95287],[108.34022,10.95793],[108.33952,10.96362],[108.34436,10.98869],[108.35211,11.00963],[108.35974,11.02104],[108.36834,11.02691],[108.37393,11.0327],[108.38297,11.03487],[108.38734,11.03428],[108.39003,11.03087],[108.3937,11.03265],[108.40958,11.03309],[108.41238,11.03176],[108.41195,11.02792],[108.41425,11.02661],[108.42593,11.04199],[108.43532,11.0478],[108.44711,11.04778],[108.45046,11.0439],[108.45903,11.04038],[108.47286,11.04877],[108.47529,11.04849],[108.47498,11.05386],[108.47999,11.07425],[108.49359,11.10875],[108.50762,11.13565],[108.51526,11.14598],[108.52256,11.15241],[108.5316,11.15659],[108.53375,11.15638],[108.53523,11.15438],[108.53858,11.15758],[108.54582,11.16032],[108.56202,11.16276],[108.56234,11.16542],[108.56451,11.16462],[108.57647,11.17738],[108.5882,11.18328],[108.59806,11.18464],[108.61033,11.18334],[108.61553,11.18097],[108.61513,11.17688],[108.61799,11.17588],[108.62185,11.18061],[108.62217,11.18325],[108.62858,11.18749],[108.63691,11.19021],[108.64502,11.18994],[108.64656,11.1923],[108.65119,11.19355],[108.67094,11.19142],[108.69518,11.18355],[108.70275,11.17834],[108.70286,11.17341],[108.7059,11.16809],[108.70426,11.16469],[108.70871,11.16552],[108.71291,11.1759],[108.72096,11.17696],[108.73034,11.18485],[108.73314,11.20804],[108.73617,11.21593],[108.73969,11.21966],[108.74582,11.23138],[108.74555,11.24331],[108.75142,11.25795],[108.7513,11.26904],[108.75613,11.28232],[108.76317,11.28676],[108.76753,11.28653],[108.77266,11.28918],[108.7764,11.2881],[108.78147,11.3063],[108.78682,11.31271],[108.7919,11.31484],[108.79777,11.31413],[108.80905,11.31642],[108.81605,11.32164],[108.82196,11.32068],[108.82315,11.3193],[108.82731,11.3194],[108.83254,11.32245],[108.8379,11.32294],[108.84433,11.33162],[108.85111,11.33459],[108.86277,11.33246],[108.8665,11.33328],[108.86675,11.33548],[108.8711,11.33631],[108.87461,11.33909],[108.87589,11.35363],[108.87024,11.35449],[108.86641,11.35193],[108.85693,11.35663],[108.85054,11.36402],[108.84655,11.36623],[108.84412,11.37717],[108.80789,11.38216],[108.78579,11.3883],[108.78333,11.3941],[108.75728,11.41149],[108.7604,11.44707],[108.76078,11.46994],[108.75149,11.47161],[108.72563,11.46944],[108.7174,11.46347],[108.71333,11.46223],[108.70779,11.46266],[108.70302,11.46636],[108.67874,11.47351],[108.66462,11.49897],[108.65929,11.50428],[108.6437,11.54976],[108.58217,11.55554],[108.57672,11.55432],[108.57258,11.55111],[108.57411,11.54563],[108.57028,11.54313],[108.57023,11.53929],[108.5658,11.5368],[108.56512,11.52936],[108.56101,11.52608],[108.55742,11.51608],[108.55341,11.51329],[108.54533,11.51115],[108.54085,11.50604],[108.53149,11.50673],[108.52677,11.50866],[108.52468,11.51338],[108.5181,11.51462],[108.51641,11.51869],[108.50463,11.52583],[108.49943,11.5261],[108.49413,11.52996],[108.48764,11.52818],[108.48417,11.52496],[108.4725,11.52435],[108.47065,11.51857],[108.46902,11.51755],[108.45779,11.51879],[108.45079,11.51745],[108.44521,11.51912],[108.44211,11.51646],[108.43151,11.51445],[108.42628,11.51647],[108.42352,11.52359],[108.41816,11.52705],[108.41211,11.52629],[108.40812,11.5223],[108.3959,11.5183],[108.38303,11.52532],[108.37597,11.51646],[108.37361,11.50937],[108.36475,11.50602],[108.35847,11.50808],[108.35362,11.50511],[108.35201,11.50599],[108.35041,11.51041],[108.35129,11.52142],[108.34688,11.52189],[108.34412,11.5284],[108.33047,11.52281],[108.32455,11.53221],[108.32012,11.53114],[108.31424,11.5264],[108.30709,11.52509],[108.30186,11.51841],[108.29565,11.51566],[108.27871,11.51587],[108.27225,11.50511],[108.26592,11.49819],[108.27119,11.48874],[108.25879,11.47808],[108.25809,11.47433],[108.26837,11.44846],[108.27482,11.43858],[108.27818,11.44044],[108.28088,11.44558],[108.28468,11.44742],[108.29035,11.44214],[108.29376,11.44111],[108.29932,11.42772],[108.30211,11.42741],[108.30301,11.42484],[108.30622,11.42286],[108.30649,11.41306],[108.28925,11.39793],[108.27907,11.39414],[108.2778,11.38455],[108.26935,11.37731],[108.25549,11.36086],[108.24888,11.35923],[108.22813,11.34597],[108.22054,11.33808],[108.21796,11.33123],[108.19643,11.32226],[108.19484,11.31619],[108.18525,11.306],[108.17038,11.30162],[108.15143,11.29964],[108.1296,11.29032],[108.12769,11.28516],[108.12308,11.28136],[108.12044,11.28462],[108.11859,11.29199],[108.11621,11.2934],[108.11176,11.28615],[108.11235,11.27769],[108.10734,11.27494],[108.108,11.27044],[108.10667,11.26875],[108.10106,11.26561],[108.0968,11.26761],[108.08829,11.26808],[108.07756,11.25648],[108.05787,11.24283],[108.05561,11.23015],[108.05773,11.22675],[108.05739,11.21924],[108.05155,11.2184],[108.04613,11.21535],[108.04507,11.21516],[108.04842,11.22148],[108.04611,11.22633],[108.04797,11.2325],[108.04637,11.23534],[108.05276,11.24018],[108.05261,11.24565],[108.0498,11.24776],[108.04615,11.25622],[108.04203,11.25983],[108.04441,11.27633],[108.03772,11.28222],[108.03067,11.29887],[108.03179,11.30516],[108.02787,11.31253],[108.02848,11.32652],[108.00383,11.33249],[107.99954,11.33772],[107.9971,11.33817],[107.99484,11.34073],[107.98713,11.34027],[107.97618,11.34363],[107.96094,11.35116],[107.95761,11.35126],[107.95269,11.34823],[107.94064,11.34768],[107.9385,11.34885],[107.93623,11.35581],[107.93361,11.35774],[107.9079,11.36319],[107.79677,11.37178],[107.73822,11.36638],[107.73679,11.36151],[107.73448,11.35929],[107.73218,11.35976],[107.73019,11.35741],[107.72864,11.35986],[107.72514,11.36082],[107.72578,11.36728],[107.72208,11.35948],[107.72326,11.35309],[107.72099,11.34624],[107.7143,11.33686],[107.68735,11.32323],[107.68074,11.3228],[107.66682,11.32491],[107.6467,11.33746],[107.63214,11.33728],[107.60988,11.34386],[107.60382,11.35157],[107.60014,11.35219],[107.59396,11.35821],[107.59163,11.36412],[107.58518,11.36892],[107.57622,11.38135],[107.5673,11.3815],[107.55679,11.37167],[107.54409,11.36617],[107.54319,11.36207]]],[[[108.30026,10.90877],[108.30199,10.90932],[108.30074,10.91067],[108.29941,10.90968],[108.30026,10.90877]]],[[[108.96489,10.4879],[108.96842,10.49105],[108.96944,10.49431],[108.965,10.49725],[108.96313,10.49518],[108.96381,10.49019],[108.9607,10.489],[108.96232,10.48552],[108.96621,10.48596],[108.96489,10.4879]]],[[[108.9625,10.50118],[108.96354,10.50102],[108.96201,10.50199],[108.9625,10.50118]]],[[[108.94413,10.55379],[108.94137,10.55273],[108.92964,10.55354],[108.92468,10.55],[108.92253,10.54655],[108.92356,10.54186],[108.92657,10.53962],[108.92817,10.52572],[108.9308,10.51985],[108.93139,10.51385],[108.93377,10.51409],[108.93624,10.51113],[108.95011,10.50275],[108.95419,10.50441],[108.95953,10.50335],[108.96488,10.50759],[108.96736,10.50781],[108.96895,10.5103],[108.96639,10.51271],[108.96747,10.51677],[108.96382,10.51932],[108.96171,10.51857],[108.96136,10.52134],[108.95907,10.52184],[108.95736,10.52671],[108.95634,10.53157],[108.95806,10.5345],[108.95429,10.54009],[108.95569,10.54232],[108.95494,10.54475],[108.95808,10.54824],[108.95534,10.54608],[108.95136,10.55203],[108.94413,10.55379]]],[[[108.95929,10.55542],[108.96289,10.56193],[108.96164,10.56367],[108.96029,10.56306],[108.95929,10.55542]]],[[[108.95759,10.56325],[108.9586,10.56511],[108.95742,10.56653],[108.95548,10.5639],[108.95759,10.56325]]],[[[108.9519,10.56615],[108.95302,10.56754],[108.95159,10.56877],[108.94996,10.56706],[108.9519,10.56615]]],[[[108.83365,11.22697],[108.8325,11.2311],[108.83066,11.22893],[108.82332,11.22847],[108.82093,11.22398],[108.8219,11.22279],[108.82876,11.22256],[108.83365,11.22697]]]]}},{"type":"Feature","properties":{"name":"Ba Ria - Vung Tau","code":"VN_SRC_BARIAVUNGTAU"},"geometry":{"type":"MultiPolygon","coordinates":[[[[106.55804,8.6282],[106.55777,8.63023],[106.55618,8.62896],[106.55804,8.6282]]],[[[106.62919,8.63368],[106.62934,8.63253],[106.6308,8.63281],[106.63687,8.63753],[106.6295,8.63921],[106.62701,8.63619],[106.62919,8.63368]]],[[[106.61753,8.63856],[106.617,8.63525],[106.6194,8.63498],[106.62042,8.63814],[106.61753,8.63856]]],[[[106.54834,8.64501],[106.54867,8.64396],[106.55203,8.64722],[106.55338,8.647],[106.55421,8.63843],[106.55268,8.63632],[106.55775,8.63408],[106.55867,8.63079],[106.55993,8.63059],[106.56014,8.6342],[106.56376,8.63869],[106.57307,8.64115],[106.57628,8.64579],[106.56513,8.65198],[106.55949,8.65128],[106.55773,8.6553],[106.55532,8.65685],[106.55387,8.66363],[106.55109,8.66507],[106.54974,8.66455],[106.54882,8.65819],[106.54342,8.66169],[106.54104,8.66167],[106.54013,8.65889],[106.54163,8.64772],[106.54834,8.64501]]],[[[106.67477,8.65159],[106.6739,8.6506],[106.67523,8.64973],[106.67477,8.65159]]],[[[106.56029,8.68802],[106.5559,8.68893],[106.55495,8.68404],[106.55924,8.68352],[106.56085,8.68631],[106.56029,8.68802]]],[[[106.62806,8.69041],[106.63149,8.69696],[106.63606,8.70016],[106.64427,8.69685],[106.65173,8.69103],[106.65954,8.69323],[106.65812,8.6973],[106.65694,8.69699],[106.64533,8.70824],[106.63812,8.71272],[106.63744,8.71795],[106.63995,8.72672],[106.6432,8.73155],[106.66052,8.73041],[106.66308,8.73331],[106.66539,8.74004],[106.66325,8.74046],[106.66064,8.74404],[106.65725,8.74416],[106.65696,8.74779],[106.6555,8.74843],[106.65441,8.74587],[106.65291,8.7469],[106.65314,8.75058],[106.65581,8.75363],[106.65908,8.75303],[106.66179,8.74704],[106.66623,8.74731],[106.66948,8.75021],[106.6697,8.75395],[106.66662,8.75712],[106.66432,8.75711],[106.66387,8.76094],[106.65798,8.75956],[106.65607,8.76084],[106.65261,8.7549],[106.64862,8.75452],[106.64593,8.7526],[106.64137,8.75346],[106.6336,8.74762],[106.63474,8.7458],[106.62883,8.7462],[106.62738,8.7445],[106.62265,8.74355],[106.62187,8.7411],[106.62403,8.73687],[106.62017,8.73191],[106.61187,8.73489],[106.6107,8.73033],[106.60306,8.72722],[106.60167,8.72408],[106.59792,8.72564],[106.59301,8.72487],[106.59298,8.722],[106.58878,8.71668],[106.58973,8.71158],[106.58861,8.70869],[106.58356,8.70485],[106.57901,8.70684],[106.5746,8.69135],[106.5689,8.69275],[106.56864,8.68966],[106.56539,8.68484],[106.56083,8.6829],[106.56095,8.67753],[106.56641,8.66343],[106.56976,8.66054],[106.56848,8.65925],[106.57164,8.6548],[106.57381,8.65482],[106.58061,8.64908],[106.58057,8.64704],[106.57726,8.64697],[106.57682,8.64587],[106.58217,8.64477],[106.58428,8.64652],[106.58607,8.64514],[106.58932,8.64585],[106.59813,8.64422],[106.60715,8.63983],[106.61268,8.64019],[106.61371,8.64133],[106.61054,8.6499],[106.60181,8.66409],[106.59818,8.66749],[106.5986,8.67162],[106.60412,8.67951],[106.60883,8.68093],[106.6185,8.68951],[106.62375,8.69162],[106.62685,8.68766],[106.62806,8.69041]]],[[[106.53648,8.70821],[106.53731,8.70543],[106.54625,8.70407],[106.55151,8.71143],[106.55046,8.71192],[106.54861,8.7089],[106.53817,8.71031],[106.53648,8.70821]]],[[[106.58595,8.7375],[106.58422,8.73607],[106.58741,8.73499],[106.58925,8.73626],[106.58796,8.73797],[106.58595,8.7375]]],[[[106.68538,8.66652],[106.6893,8.66294],[106.69587,8.66032],[106.70214,8.66466],[106.70589,8.6639],[106.71064,8.66809],[106.70956,8.66999],[106.70428,8.66978],[106.70232,8.67695],[106.69657,8.6796],[106.69492,8.67353],[106.69157,8.66968],[106.68622,8.67383],[106.68112,8.66959],[106.67569,8.67844],[106.67217,8.68135],[106.6643,8.68217],[106.65961,8.67812],[106.67287,8.6579],[106.6782,8.65617],[106.68039,8.66614],[106.68248,8.66749],[106.68538,8.66652]]],[[[106.73334,8.68831],[106.73945,8.68639],[106.74019,8.68265],[106.74113,8.68311],[106.74355,8.69028],[106.74318,8.69445],[106.74115,8.69479],[106.74147,8.69857],[106.73954,8.69845],[106.73334,8.68831]]],[[[107.00161,10.48028],[107.0158,10.48215],[107.01926,10.4775],[107.01917,10.47385],[107.02428,10.46999],[107.02391,10.467],[107.02578,10.46239],[107.02699,10.4759],[107.02953,10.47506],[107.03483,10.47627],[107.04105,10.4741],[107.04451,10.47712],[107.04732,10.47746],[107.0486,10.47527],[107.0482,10.47165],[107.04601,10.46807],[107.04242,10.46771],[107.04157,10.46596],[107.04599,10.46157],[107.05138,10.45082],[107.07225,10.43388],[107.07641,10.43188],[107.0797,10.43258],[107.08694,10.4288],[107.09113,10.42571],[107.0957,10.41862],[107.09784,10.40944],[107.09241,10.38783],[107.08035,10.3919],[107.07892,10.38781],[107.07657,10.38862],[107.07427,10.38277],[107.06661,10.38358],[107.06349,10.38648],[107.0592,10.38695],[107.05673,10.38418],[107.05531,10.37843],[107.05542,10.37394],[107.06243,10.36737],[107.05993,10.35726],[107.06183,10.35412],[107.07323,10.34644],[107.07428,10.34269],[107.07147,10.33907],[107.07189,10.33352],[107.07365,10.33078],[107.08021,10.32731],[107.08369,10.32019],[107.08724,10.32421],[107.09784,10.34453],[107.11036,10.35906],[107.13351,10.37638],[107.14993,10.385],[107.1549,10.38628],[107.15876,10.38966],[107.16124,10.39509],[107.16618,10.39927],[107.16665,10.40293],[107.17861,10.39997],[107.20223,10.40613],[107.21289,10.40565],[107.21546,10.4049],[107.23096,10.38949],[107.23974,10.37846],[107.24286,10.37736],[107.24739,10.38051],[107.25642,10.37998],[107.25977,10.38273],[107.26673,10.39437],[107.27045,10.39594],[107.27586,10.40323],[107.27925,10.40478],[107.29371,10.42295],[107.31052,10.43765],[107.32907,10.45112],[107.33838,10.45466],[107.34471,10.45518],[107.35926,10.46415],[107.37259,10.46807],[107.38874,10.46876],[107.41717,10.46679],[107.43594,10.47018],[107.44251,10.46807],[107.44492,10.46899],[107.45858,10.4869],[107.47033,10.49793],[107.47854,10.49977],[107.48585,10.49852],[107.49533,10.50066],[107.5022,10.49992],[107.51303,10.50153],[107.51555,10.50332],[107.52855,10.52348],[107.53693,10.53167],[107.5563,10.55656],[107.56537,10.56541],[107.57138,10.5691],[107.56802,10.57539],[107.56796,10.57845],[107.57073,10.57894],[107.56865,10.58613],[107.57327,10.60036],[107.57099,10.60299],[107.56944,10.61025],[107.56409,10.61584],[107.56484,10.61824],[107.56898,10.61492],[107.56949,10.61844],[107.56393,10.62713],[107.56442,10.62993],[107.56252,10.63428],[107.55713,10.64154],[107.55759,10.64434],[107.55192,10.65096],[107.5522,10.6538],[107.54925,10.65937],[107.54989,10.66093],[107.54683,10.66259],[107.54609,10.66868],[107.5409,10.68102],[107.54782,10.69423],[107.54454,10.69893],[107.54581,10.70062],[107.54543,10.70533],[107.54308,10.71018],[107.54087,10.71111],[107.54094,10.71296],[107.5375,10.71639],[107.53522,10.72213],[107.53337,10.72098],[107.52957,10.72331],[107.52692,10.72972],[107.51883,10.73497],[107.51385,10.73985],[107.51283,10.74278],[107.50721,10.74564],[107.50672,10.75144],[107.50854,10.75437],[107.50402,10.76402],[107.50682,10.77197],[107.49776,10.7668],[107.4861,10.76858],[107.4793,10.77825],[107.47637,10.78808],[107.47324,10.79306],[107.45961,10.7906],[107.4595,10.79564],[107.4553,10.80201],[107.45049,10.8039],[107.44594,10.80385],[107.44372,10.80116],[107.43966,10.79966],[107.43646,10.79359],[107.43727,10.79244],[107.43578,10.79266],[107.43229,10.78771],[107.42766,10.7871],[107.42735,10.78391],[107.42075,10.7735],[107.4217,10.77237],[107.42072,10.77061],[107.41117,10.77392],[107.40572,10.77002],[107.40615,10.76912],[107.40238,10.76848],[107.39905,10.76259],[107.39546,10.76219],[107.39341,10.75519],[107.39067,10.75608],[107.38463,10.75052],[107.38458,10.74727],[107.38183,10.74683],[107.38148,10.74066],[107.37986,10.74151],[107.37787,10.73697],[107.37255,10.73376],[107.37289,10.73097],[107.36982,10.7325],[107.36774,10.73001],[107.36525,10.73055],[107.36521,10.72914],[107.36226,10.7274],[107.36261,10.72415],[107.36073,10.72141],[107.36117,10.71899],[107.35915,10.71776],[107.3592,10.71391],[107.35479,10.71217],[107.35481,10.71064],[107.35276,10.71013],[107.35125,10.70642],[107.34935,10.70544],[107.35374,10.70101],[107.35376,10.6972],[107.355,10.69626],[107.35427,10.69398],[107.35096,10.69193],[107.35226,10.69045],[107.35081,10.68789],[107.35569,10.68532],[107.35524,10.68409],[107.35214,10.68382],[107.35347,10.67799],[107.35161,10.67814],[107.35146,10.67653],[107.34573,10.67426],[107.33947,10.6779],[107.32962,10.676],[107.32432,10.67164],[107.3242,10.67013],[107.31916,10.66815],[107.31244,10.67232],[107.31028,10.67612],[107.30127,10.68338],[107.30095,10.68584],[107.30607,10.68823],[107.30497,10.69063],[107.30916,10.6934],[107.30712,10.6984],[107.30263,10.70124],[107.30355,10.70799],[107.30727,10.71393],[107.30225,10.71814],[107.30469,10.72616],[107.30296,10.72947],[107.30495,10.72785],[107.30623,10.72843],[107.30308,10.74482],[107.30505,10.74846],[107.30088,10.74953],[107.30196,10.75438],[107.24592,10.75607],[107.2461,10.75916],[107.24331,10.75826],[107.24171,10.7609],[107.23817,10.7602],[107.23264,10.7632],[107.22993,10.76188],[107.22867,10.76261],[107.22862,10.75853],[107.22273,10.75632],[107.2079,10.75797],[107.20807,10.77407],[107.20042,10.77152],[107.18902,10.77081],[107.18762,10.76872],[107.18215,10.76663],[107.1809,10.76223],[107.17527,10.75974],[107.17096,10.75306],[107.16806,10.75229],[107.16782,10.75328],[107.16489,10.74964],[107.1561,10.74369],[107.14673,10.74332],[107.14401,10.7447],[107.14034,10.74297],[107.13995,10.74416],[107.13842,10.74383],[107.14057,10.74084],[107.14068,10.73159],[107.14567,10.73147],[107.14739,10.72931],[107.14472,10.72853],[107.14692,10.72523],[107.14504,10.72335],[107.14062,10.72734],[107.14076,10.72028],[107.1423,10.71802],[107.14081,10.71757],[107.14108,10.70876],[107.13581,10.69433],[107.13523,10.68501],[107.12656,10.68203],[107.1241,10.67887],[107.1226,10.67282],[107.11801,10.66982],[107.11272,10.66917],[107.10845,10.66434],[107.10229,10.66238],[107.10205,10.65795],[107.09755,10.65143],[107.09263,10.65271],[107.06829,10.65284],[107.06484,10.65661],[107.04508,10.65644],[107.01496,10.64298],[107.01751,10.63156],[107.00743,10.63666],[107.00287,10.63549],[106.99908,10.63139],[106.99792,10.6272],[106.99977,10.62046],[107.01844,10.60541],[107.02785,10.58709],[107.02705,10.57984],[107.01556,10.56374],[107.01236,10.55473],[107.01325,10.55126],[107.01634,10.5481],[107.02732,10.54422],[107.02841,10.53812],[107.02541,10.53341],[107.01367,10.52239],[107.01047,10.51309],[106.99985,10.50507],[106.99883,10.50292],[106.99704,10.49123],[107.00161,10.48028]]]]}},{"type":"Feature","properties":{"name":"Long An","code":"VN_SRC_LONGAN"},"geometry":{"type":"Polygon","coordinates":[[[106.35677,10.99173],[106.35127,10.9987],[106.34576,10.99435],[106.34383,10.9986],[106.34572,10.99953],[106.34364,11.00293],[106.3254,11.0157],[106.30041,11.02634],[106.29159,11.02605],[106.29019,11.02363],[106.28675,11.02469],[106.28645,11.02201],[106.28288,11.02192],[106.27841,11.01602],[106.27349,11.02141],[106.27138,11.01853],[106.2702,11.01292],[106.28163,11.00521],[106.28688,10.99355],[106.28312,10.98605],[106.27297,10.98104],[106.26822,10.98352],[106.25626,10.98479],[106.25254,10.98688],[106.23955,10.98714],[106.22273,10.97855],[106.20552,10.97542],[106.19953,10.97104],[106.19443,10.97119],[106.18782,10.96482],[106.17769,10.96252],[106.16813,10.96309],[106.16415,10.96764],[106.16357,10.98041],[106.15623,10.9835],[106.14505,10.97858],[106.14705,10.96593],[106.14559,10.95623],[106.15117,10.94278],[106.13766,10.91401],[106.16287,10.8835],[106.18708,10.83748],[106.19051,10.78913],[106.16621,10.81043],[106.09785,10.80782],[106.07079,10.813],[106.01764,10.85036],[105.99415,10.87159],[105.96914,10.8977],[105.94404,10.91754],[105.94335,10.90967],[105.95113,10.89599],[105.95134,10.89116],[105.95001,10.88854],[105.95534,10.88374],[105.95009,10.88028],[105.94771,10.87583],[105.94411,10.87304],[105.94009,10.87277],[105.93864,10.8693],[105.9364,10.86922],[105.93396,10.86593],[105.93154,10.86683],[105.92895,10.86399],[105.9279,10.86001],[105.92868,10.85511],[105.93192,10.85248],[105.93068,10.84875],[105.93611,10.84605],[105.93585,10.83984],[105.92586,10.84013],[105.89832,10.84469],[105.84888,10.86383],[105.8485,10.86808],[105.86466,10.90139],[105.80637,10.97904],[105.78077,11.02939],[105.77841,11.03181],[105.76803,11.03053],[105.75317,11.0251],[105.75155,11.0264],[105.74849,11.0257],[105.73951,11.0274],[105.72159,11.02322],[105.70646,11.01457],[105.69414,11.00207],[105.66533,10.98765],[105.6404,10.98206],[105.57272,10.96307],[105.55262,10.96047],[105.53684,10.9531],[105.50585,10.95025],[105.49824,10.95403],[105.51337,10.92806],[105.51431,10.92298],[105.58267,10.89182],[105.61084,10.83457],[105.61133,10.83165],[105.59616,10.83043],[105.7806,10.65897],[105.80477,10.65446],[105.83387,10.63883],[105.91039,10.53863],[105.94198,10.53637],[105.99706,10.53273],[106.10257,10.52287],[106.10139,10.57573],[106.19814,10.57991],[106.20486,10.579],[106.28637,10.58714],[106.29624,10.57699],[106.31033,10.56569],[106.31979,10.57036],[106.33555,10.55121],[106.34041,10.54827],[106.34005,10.54621],[106.34141,10.54673],[106.34518,10.54341],[106.3481,10.54475],[106.34707,10.54211],[106.3486,10.54045],[106.3479,10.52885],[106.35116,10.52866],[106.35121,10.52645],[106.35646,10.52238],[106.35915,10.52137],[106.36111,10.52252],[106.36916,10.51753],[106.36636,10.51124],[106.37157,10.50625],[106.36863,10.49798],[106.37387,10.49451],[106.37055,10.48822],[106.37981,10.48248],[106.37941,10.48024],[106.38339,10.47966],[106.38889,10.47616],[106.39209,10.47744],[106.39474,10.48477],[106.39742,10.48572],[106.39969,10.48439],[106.40308,10.49205],[106.40846,10.49129],[106.41734,10.48824],[106.41681,10.48218],[106.42406,10.47881],[106.42586,10.4743],[106.43013,10.47421],[106.43416,10.46924],[106.43575,10.46993],[106.43924,10.46668],[106.44134,10.46674],[106.44162,10.45864],[106.45256,10.45343],[106.45381,10.4511],[106.44697,10.45068],[106.44267,10.4446],[106.43954,10.44545],[106.43729,10.4413],[106.43124,10.43731],[106.42774,10.43674],[106.42705,10.4341],[106.41791,10.43487],[106.41499,10.43302],[106.41476,10.431],[106.42116,10.42736],[106.42171,10.41976],[106.42645,10.41395],[106.42526,10.41145],[106.42854,10.41023],[106.43106,10.41469],[106.43923,10.41213],[106.44076,10.41521],[106.44773,10.41207],[106.4534,10.41266],[106.46024,10.4051],[106.45448,10.40127],[106.44886,10.40404],[106.44801,10.39924],[106.4501,10.3986],[106.45399,10.40014],[106.45598,10.39541],[106.45911,10.39562],[106.46496,10.39947],[106.46697,10.3967],[106.47263,10.39861],[106.48005,10.39717],[106.48155,10.40468],[106.48625,10.40376],[106.48604,10.4079],[106.48805,10.41051],[106.49118,10.41148],[106.49307,10.41418],[106.49673,10.41473],[106.49722,10.41674],[106.49903,10.41546],[106.50464,10.42302],[106.50796,10.42303],[106.51017,10.42841],[106.51281,10.42877],[106.51459,10.426],[106.51863,10.42455],[106.52439,10.43152],[106.52899,10.43351],[106.5372,10.42083],[106.54571,10.42954],[106.54711,10.42894],[106.54843,10.42474],[106.55759,10.42473],[106.55867,10.42317],[106.55775,10.41478],[106.55871,10.41305],[106.56726,10.41481],[106.57188,10.41199],[106.57484,10.41435],[106.58883,10.41838],[106.58406,10.43239],[106.58613,10.43708],[106.59733,10.43663],[106.61293,10.44607],[106.62923,10.45354],[106.6333,10.45902],[106.63814,10.47809],[106.64066,10.48129],[106.64547,10.48365],[106.65364,10.48254],[106.65876,10.47537],[106.66054,10.46681],[106.65989,10.44972],[106.66331,10.44206],[106.6707,10.4388],[106.68234,10.44011],[106.68949,10.44618],[106.70598,10.47244],[106.73503,10.49731],[106.74677,10.51782],[106.74836,10.52331],[106.7419,10.56392],[106.74259,10.56934],[106.74571,10.57627],[106.74123,10.57907],[106.73556,10.57741],[106.73506,10.57873],[106.7395,10.5828],[106.73684,10.5864],[106.73529,10.58614],[106.7348,10.5823],[106.73275,10.58027],[106.7287,10.58005],[106.72702,10.58555],[106.72513,10.58543],[106.72324,10.58834],[106.72337,10.59349],[106.72038,10.596],[106.72183,10.59981],[106.71894,10.60592],[106.722,10.60691],[106.72367,10.61172],[106.7265,10.61133],[106.72837,10.60901],[106.73279,10.60996],[106.73161,10.61214],[106.72913,10.61205],[106.72754,10.61618],[106.72921,10.6166],[106.73178,10.62278],[106.72837,10.62443],[106.72907,10.62829],[106.73193,10.62775],[106.73324,10.62888],[106.73073,10.63537],[106.72331,10.64132],[106.72245,10.64583],[106.71869,10.64574],[106.71231,10.65023],[106.70732,10.65007],[106.70064,10.65397],[106.69627,10.64986],[106.69079,10.64865],[106.68756,10.65537],[106.68539,10.65657],[106.68509,10.65093],[106.67927,10.64543],[106.67401,10.64445],[106.66964,10.63928],[106.66649,10.64054],[106.66612,10.63845],[106.66562,10.63963],[106.66005,10.63986],[106.66065,10.64192],[106.65645,10.64347],[106.65632,10.63854],[106.65398,10.63936],[106.65218,10.63707],[106.65325,10.63299],[106.64628,10.63473],[106.64206,10.62796],[106.63477,10.62539],[106.63216,10.62828],[106.62978,10.62638],[106.62965,10.63617],[106.63116,10.63668],[106.62928,10.64176],[106.62522,10.63962],[106.62117,10.6411],[106.62483,10.64748],[106.60497,10.65818],[106.6003,10.65042],[106.59874,10.65255],[106.59502,10.65368],[106.59531,10.65078],[106.59147,10.65012],[106.59028,10.65321],[106.58594,10.65282],[106.58367,10.65351],[106.58305,10.65524],[106.57995,10.65548],[106.57816,10.65335],[106.57904,10.65015],[106.57685,10.6488],[106.57324,10.64983],[106.57341,10.6539],[106.5694,10.65637],[106.56625,10.65637],[106.56514,10.6531],[106.55901,10.6517],[106.55893,10.64954],[106.55743,10.64952],[106.55533,10.65157],[106.55589,10.65702],[106.5489,10.65751],[106.55366,10.66845],[106.55215,10.67062],[106.55362,10.67548],[106.55071,10.68533],[106.54715,10.68714],[106.53549,10.68558],[106.53374,10.68797],[106.5271,10.70854],[106.52949,10.71758],[106.52015,10.72365],[106.50908,10.71717],[106.50146,10.72675],[106.49936,10.72527],[106.48899,10.73138],[106.48715,10.72994],[106.46356,10.7565],[106.50425,10.78868],[106.5057,10.7937],[106.51408,10.78974],[106.53474,10.87177],[106.52566,10.87378],[106.53323,10.9013],[106.45333,10.94205],[106.41208,10.97361],[106.37319,10.96962],[106.35677,10.99173]]]}},{"type":"Feature","properties":{"name":"Dong Thap","code":"VN_SRC_DONGTHAP"},"geometry":{"type":"Polygon","coordinates":[[[105.49824,10.95403],[105.49669,10.95288],[105.4961,10.94897],[105.48408,10.95273],[105.4835,10.95856],[105.4805,10.95967],[105.47855,10.96251],[105.475,10.96296],[105.47267,10.96725],[105.47082,10.96337],[105.4642,10.9645],[105.45698,10.95918],[105.45598,10.95677],[105.45162,10.9556],[105.45038,10.95756],[105.4426,10.96098],[105.44034,10.96587],[105.43641,10.96839],[105.43314,10.97369],[105.42603,10.97386],[105.41715,10.95464],[105.41565,10.95414],[105.41012,10.94423],[105.41062,10.9399],[105.40575,10.93552],[105.40553,10.93289],[105.4075,10.93153],[105.40177,10.92853],[105.39942,10.92884],[105.39902,10.92675],[105.3969,10.92854],[105.39569,10.92708],[105.39611,10.92431],[105.39331,10.92495],[105.39113,10.92094],[105.38875,10.92137],[105.38479,10.91761],[105.38261,10.9106],[105.37989,10.91004],[105.38031,10.90633],[105.37852,10.90511],[105.37978,10.90286],[105.37822,10.90224],[105.3744,10.90478],[105.37232,10.90408],[105.37098,10.8988],[105.36827,10.89745],[105.369,10.89382],[105.36761,10.8885],[105.35846,10.88711],[105.35933,10.88126],[105.35367,10.88029],[105.35228,10.87456],[105.34895,10.87197],[105.34777,10.8687],[105.34364,10.86658],[105.34041,10.86815],[105.3375,10.86558],[105.33821,10.85977],[105.2926,10.88267],[105.28453,10.88794],[105.27531,10.88867],[105.26442,10.89619],[105.23926,10.89252],[105.21656,10.90061],[105.19933,10.91107],[105.18739,10.91154],[105.18869,10.89155],[105.18778,10.87326],[105.19361,10.866],[105.20351,10.8583],[105.20809,10.85205],[105.21898,10.83413],[105.22916,10.80572],[105.25914,10.8027],[105.26093,10.79029],[105.2581,10.78241],[105.25939,10.77467],[105.26156,10.77093],[105.27347,10.76435],[105.29523,10.76332],[105.3004,10.76177],[105.30323,10.75914],[105.30408,10.7547],[105.30172,10.74899],[105.28268,10.73758],[105.27709,10.7322],[105.27562,10.72688],[105.27854,10.72304],[105.28715,10.71885],[105.29695,10.71649],[105.3055,10.71685],[105.32529,10.72225],[105.33567,10.72298],[105.34176,10.72196],[105.34857,10.71711],[105.34818,10.70213],[105.34205,10.67392],[105.34291,10.63764],[105.34943,10.61761],[105.36842,10.57634],[105.39166,10.569],[105.39735,10.5657],[105.40953,10.55391],[105.41568,10.55038],[105.44465,10.55292],[105.46976,10.53949],[105.47986,10.53561],[105.48613,10.54173],[105.5032,10.54628],[105.50989,10.545],[105.51333,10.54709],[105.5252,10.54147],[105.53884,10.53258],[105.54856,10.52321],[105.55603,10.51194],[105.57095,10.47751],[105.57559,10.44717],[105.57412,10.42945],[105.56476,10.42993],[105.55483,10.43431],[105.55126,10.43015],[105.54856,10.42947],[105.54939,10.42493],[105.54653,10.4212],[105.55204,10.41914],[105.55244,10.41691],[105.54513,10.41284],[105.53927,10.41331],[105.53598,10.40944],[105.5317,10.40796],[105.52949,10.4006],[105.52386,10.40026],[105.52882,10.3761],[105.52063,10.36978],[105.5206,10.36316],[105.51319,10.36136],[105.50718,10.35557],[105.50041,10.35471],[105.49714,10.3499],[105.49152,10.34607],[105.49044,10.34355],[105.49153,10.33908],[105.48768,10.33459],[105.49529,10.32529],[105.51152,10.30924],[105.52992,10.30029],[105.55088,10.2859],[105.57428,10.26476],[105.59667,10.24202],[105.60283,10.23542],[105.61628,10.21241],[105.61928,10.20624],[105.62478,10.18626],[105.64784,10.1663],[105.65219,10.15787],[105.6608,10.14847],[105.68282,10.13412],[105.6872,10.13965],[105.68512,10.14222],[105.68627,10.14466],[105.72769,10.205],[105.74784,10.19726],[105.75833,10.18397],[105.7649,10.17808],[105.77519,10.18918],[105.80139,10.15529],[105.81567,10.15243],[105.81835,10.1494],[105.82849,10.14869],[105.84889,10.14997],[105.85146,10.16011],[105.86518,10.15383],[105.86726,10.15381],[105.86829,10.15554],[105.87038,10.15441],[105.87422,10.16636],[105.87006,10.16877],[105.8769,10.18273],[105.8763,10.18922],[105.88318,10.18888],[105.88619,10.18713],[105.88907,10.18892],[105.89526,10.18573],[105.89933,10.1917],[105.91307,10.19266],[105.91965,10.21117],[105.91313,10.22567],[105.90136,10.23436],[105.90208,10.24454],[105.89057,10.244],[105.8863,10.25258],[105.8843,10.25344],[105.88488,10.25756],[105.88268,10.25652],[105.87777,10.26319],[105.88346,10.26633],[105.89409,10.27581],[105.87441,10.29163],[105.85594,10.29581],[105.83836,10.29795],[105.83598,10.30499],[105.83303,10.30689],[105.82778,10.30688],[105.82149,10.3091],[105.82246,10.31372],[105.82962,10.31795],[105.81679,10.32236],[105.81927,10.3423],[105.81573,10.37018],[105.83586,10.36922],[105.84426,10.36569],[105.85947,10.40767],[105.94181,10.49448],[105.94198,10.53637],[105.91039,10.53863],[105.83387,10.63883],[105.80477,10.65446],[105.7806,10.65897],[105.59616,10.83043],[105.61133,10.83165],[105.61084,10.83457],[105.58267,10.89182],[105.51431,10.92298],[105.51337,10.92806],[105.49824,10.95403]]]}},{"type":"Feature","properties":{"name":"An Giang","code":"VN_SRC_ANGIANG"},"geometry":{"type":"Polygon","coordinates":[[[105.18739,10.91154],[105.18119,10.91176],[105.15605,10.9233],[105.13187,10.92156],[105.11065,10.9177],[105.10418,10.91907],[105.10051,10.92227],[105.1005,10.92581],[105.1152,10.94046],[105.11691,10.94571],[105.11706,10.95901],[105.11412,10.96115],[105.11009,10.96091],[105.09814,10.95516],[105.07982,10.95548],[105.07689,10.94216],[105.07801,10.93657],[105.07112,10.93886],[105.06759,10.93845],[105.05309,10.93012],[105.05095,10.92413],[105.05308,10.9213],[105.05326,10.91656],[105.04513,10.914],[105.04154,10.91003],[105.04515,10.90215],[105.0407,10.89823],[105.03724,10.89741],[105.02843,10.89168],[105.03417,10.86974],[105.05881,10.81892],[105.05765,10.80646],[105.06192,10.79671],[105.06556,10.78142],[105.07528,10.77736],[105.09132,10.75547],[105.09693,10.72218],[105.00041,10.66644],[104.95561,10.63849],[104.93541,10.61492],[104.8974,10.54886],[104.86803,10.52315],[104.7785,10.51963],[104.77911,10.51052],[104.78276,10.50341],[104.77807,10.48706],[104.79732,10.46733],[104.80434,10.44911],[104.82834,10.40828],[104.82595,10.40594],[104.86469,10.35565],[104.86878,10.35345],[105.00848,10.32146],[105.0191,10.31782],[105.01791,10.31584],[105.12538,10.25345],[105.1412,10.2381],[105.14433,10.23696],[105.20593,10.18352],[105.22756,10.2131],[105.23121,10.20878],[105.25312,10.23852],[105.26095,10.24593],[105.26711,10.23884],[105.28892,10.25985],[105.28748,10.26214],[105.30135,10.277],[105.30656,10.26897],[105.312,10.27393],[105.33621,10.23442],[105.39813,10.25317],[105.44138,10.26976],[105.42669,10.30302],[105.44385,10.30608],[105.44779,10.3047],[105.4513,10.30796],[105.45218,10.30561],[105.45659,10.30804],[105.46886,10.31061],[105.47535,10.31076],[105.47608,10.30977],[105.48445,10.31633],[105.4872,10.32364],[105.49529,10.32529],[105.48768,10.33459],[105.49153,10.33908],[105.49044,10.34355],[105.49152,10.34607],[105.49714,10.3499],[105.50041,10.35471],[105.50718,10.35557],[105.51319,10.36136],[105.5206,10.36316],[105.52063,10.36978],[105.52882,10.3761],[105.52386,10.40026],[105.52949,10.4006],[105.5317,10.40796],[105.53598,10.40944],[105.53927,10.41331],[105.54513,10.41284],[105.55244,10.41691],[105.55204,10.41914],[105.54653,10.4212],[105.54939,10.42493],[105.54856,10.42947],[105.55126,10.43015],[105.55483,10.43431],[105.56476,10.42993],[105.57412,10.42945],[105.57559,10.44717],[105.57095,10.47751],[105.55603,10.51194],[105.54856,10.52321],[105.53884,10.53258],[105.5252,10.54147],[105.51333,10.54709],[105.50989,10.545],[105.5032,10.54628],[105.48613,10.54173],[105.47986,10.53561],[105.46976,10.53949],[105.44465,10.55292],[105.41568,10.55038],[105.40953,10.55391],[105.39735,10.5657],[105.39166,10.569],[105.36842,10.57634],[105.34943,10.61761],[105.34291,10.63764],[105.34205,10.67392],[105.34818,10.70213],[105.34857,10.71711],[105.34176,10.72196],[105.33567,10.72298],[105.32529,10.72225],[105.3055,10.71685],[105.29695,10.71649],[105.28715,10.71885],[105.27854,10.72304],[105.27562,10.72688],[105.27709,10.7322],[105.28268,10.73758],[105.30172,10.74899],[105.30408,10.7547],[105.30323,10.75914],[105.3004,10.76177],[105.29523,10.76332],[105.27347,10.76435],[105.26156,10.77093],[105.25939,10.77467],[105.2581,10.78241],[105.26093,10.79029],[105.25914,10.8027],[105.22916,10.80572],[105.21898,10.83413],[105.20809,10.85205],[105.20351,10.8583],[105.19361,10.866],[105.18778,10.87326],[105.18869,10.89155],[105.18739,10.91154]]]}},{"type":"Feature","properties":{"name":"Tien Giang","code":"VN_SRC_TIENGIANG"},"geometry":{"type":"Polygon","coordinates":[[[106.73503,10.49731],[106.70598,10.47244],[106.68949,10.44618],[106.68234,10.44011],[106.6707,10.4388],[106.66331,10.44206],[106.65989,10.44972],[106.66054,10.46681],[106.65876,10.47537],[106.65364,10.48254],[106.64547,10.48365],[106.64066,10.48129],[106.63814,10.47809],[106.6333,10.45902],[106.62923,10.45354],[106.61293,10.44607],[106.59733,10.43663],[106.58613,10.43708],[106.58406,10.43239],[106.58883,10.41838],[106.57484,10.41435],[106.57188,10.41199],[106.56726,10.41481],[106.55871,10.41305],[106.55775,10.41478],[106.55867,10.42317],[106.55759,10.42473],[106.54843,10.42474],[106.54711,10.42894],[106.54571,10.42954],[106.5372,10.42083],[106.52899,10.43351],[106.52439,10.43152],[106.51863,10.42455],[106.51459,10.426],[106.51281,10.42877],[106.51017,10.42841],[106.50796,10.42303],[106.50464,10.42302],[106.49903,10.41546],[106.49722,10.41674],[106.49673,10.41473],[106.49307,10.41418],[106.49118,10.41148],[106.48805,10.41051],[106.48604,10.4079],[106.48625,10.40376],[106.48155,10.40468],[106.48005,10.39717],[106.47263,10.39861],[106.46697,10.3967],[106.46496,10.39947],[106.45911,10.39562],[106.45598,10.39541],[106.45399,10.40014],[106.4501,10.3986],[106.44801,10.39924],[106.44886,10.40404],[106.45448,10.40127],[106.46024,10.4051],[106.4534,10.41266],[106.44773,10.41207],[106.44076,10.41521],[106.43923,10.41213],[106.43106,10.41469],[106.42854,10.41023],[106.42526,10.41145],[106.42645,10.41395],[106.42171,10.41976],[106.42116,10.42736],[106.41476,10.431],[106.41499,10.43302],[106.41791,10.43487],[106.42705,10.4341],[106.42774,10.43674],[106.43124,10.43731],[106.43729,10.4413],[106.43954,10.44545],[106.44267,10.4446],[106.44697,10.45068],[106.45381,10.4511],[106.45256,10.45343],[106.44162,10.45864],[106.44134,10.46674],[106.43924,10.46668],[106.43575,10.46993],[106.43416,10.46924],[106.43013,10.47421],[106.42586,10.4743],[106.42406,10.47881],[106.41681,10.48218],[106.41734,10.48824],[106.40846,10.49129],[106.40308,10.49205],[106.39969,10.48439],[106.39742,10.48572],[106.39474,10.48477],[106.39209,10.47744],[106.38889,10.47616],[106.38339,10.47966],[106.37941,10.48024],[106.37981,10.48248],[106.37055,10.48822],[106.37387,10.49451],[106.36863,10.49798],[106.37157,10.50625],[106.36636,10.51124],[106.36916,10.51753],[106.36111,10.52252],[106.35915,10.52137],[106.35646,10.52238],[106.35121,10.52645],[106.35116,10.52866],[106.3479,10.52885],[106.3486,10.54045],[106.34707,10.54211],[106.3481,10.54475],[106.34518,10.54341],[106.34141,10.54673],[106.34005,10.54621],[106.34041,10.54827],[106.33555,10.55121],[106.31979,10.57036],[106.31033,10.56569],[106.29624,10.57699],[106.28637,10.58714],[106.20486,10.579],[106.19814,10.57991],[106.10139,10.57573],[106.10257,10.52287],[105.99706,10.53273],[105.94198,10.53637],[105.94181,10.49448],[105.85947,10.40767],[105.84426,10.36569],[105.83586,10.36922],[105.81573,10.37018],[105.81927,10.3423],[105.81679,10.32236],[105.82962,10.31795],[105.82246,10.31372],[105.82149,10.3091],[105.82778,10.30688],[105.83303,10.30689],[105.83598,10.30499],[105.83836,10.29795],[105.85594,10.29581],[105.87441,10.29163],[105.89409,10.27581],[105.89823,10.2738],[105.9033,10.27458],[105.92612,10.28315],[105.93838,10.29547],[105.95168,10.3045],[105.97609,10.32712],[105.98666,10.3303],[105.99126,10.33057],[105.99472,10.3288],[106.03461,10.29852],[106.08026,10.27765],[106.09348,10.27851],[106.10492,10.28428],[106.11717,10.28476],[106.13703,10.28285],[106.15029,10.2867],[106.20187,10.313],[106.20762,10.31466],[106.2286,10.31883],[106.25046,10.32076],[106.28616,10.3282],[106.2984,10.31935],[106.30487,10.31899],[106.31961,10.3242],[106.34444,10.33011],[106.34526,10.33208],[106.36524,10.33897],[106.37265,10.34042],[106.3786,10.33962],[106.39855,10.33567],[106.4048,10.33295],[106.43281,10.31467],[106.44827,10.3065],[106.45597,10.30766],[106.47404,10.30663],[106.49913,10.29085],[106.51897,10.28206],[106.53228,10.27052],[106.54149,10.26602],[106.57358,10.25731],[106.58722,10.25192],[106.61783,10.2468],[106.64791,10.23789],[106.69977,10.21699],[106.7464,10.19352],[106.75864,10.19041],[106.78853,10.1917],[106.79019,10.20032],[106.80054,10.20769],[106.79954,10.21248],[106.79221,10.22304],[106.7786,10.23218],[106.77422,10.24037],[106.75766,10.25074],[106.7528,10.25578],[106.75703,10.26694],[106.77464,10.28178],[106.78169,10.29252],[106.78239,10.30813],[106.78063,10.31184],[106.78321,10.38192],[106.81669,10.39258],[106.80269,10.40961],[106.78077,10.42959],[106.76116,10.45379],[106.73503,10.49731]]]}},{"type":"Feature","properties":{"name":"Vinh Long","code":"VN_SRC_VINHLONG"},"geometry":{"type":"Polygon","coordinates":[[[105.68282,10.13412],[105.70822,10.11898],[105.73165,10.09988],[105.75519,10.08809],[105.76482,10.07967],[105.78505,10.06752],[105.81284,10.03091],[105.83001,10.00123],[105.84547,9.98262],[105.87319,9.95518],[105.89681,9.93807],[105.90723,9.93162],[105.92232,9.93002],[105.94156,9.91409],[105.96203,9.90093],[105.9767,9.88505],[105.98237,9.88287],[105.97917,9.88993],[105.95473,9.91968],[105.95664,9.92127],[105.96134,9.92207],[105.96563,9.92012],[105.98674,9.90234],[105.99023,9.90248],[105.99272,9.90561],[105.99833,9.90433],[106.00332,9.90893],[106.01619,9.91591],[106.01681,9.91922],[106.01447,9.92357],[106.0187,9.9269],[106.0215,9.93215],[106.02817,9.92892],[106.02918,9.92706],[106.03941,9.92685],[106.04135,9.9313],[106.04376,9.93211],[106.04599,9.93641],[106.05559,9.94132],[106.05528,9.94673],[106.06266,9.94542],[106.06316,9.94768],[106.06537,9.94768],[106.07668,9.94485],[106.08676,9.95957],[106.1029,9.94841],[106.1127,9.93842],[106.12356,9.95017],[106.13198,9.96199],[106.13366,9.98108],[106.13092,9.9909],[106.13454,10.00282],[106.13498,10.02385],[106.15034,10.01737],[106.1901,10.02606],[106.195,10.02447],[106.19863,10.01509],[106.2037,10.00986],[106.20768,10.01159],[106.20852,10.00881],[106.21074,10.00835],[106.21472,10.01404],[106.22099,10.0141],[106.2322,10.02332],[106.23131,10.04212],[106.22249,10.04344],[106.2267,10.04821],[106.22476,10.05689],[106.22908,10.05876],[106.22731,10.06065],[106.22876,10.06539],[106.2277,10.06979],[106.23032,10.07332],[106.23327,10.07347],[106.23246,10.07489],[106.23387,10.07769],[106.24121,10.08176],[106.26083,10.07313],[106.28192,10.05452],[106.28964,10.04979],[106.26942,10.0835],[106.25178,10.10397],[106.2252,10.14283],[106.20288,10.16629],[106.18855,10.17736],[106.18651,10.17804],[106.18038,10.17554],[106.17666,10.1762],[106.17251,10.17962],[106.16781,10.18768],[106.15144,10.19701],[106.1437,10.20432],[106.14129,10.21498],[106.12531,10.2287],[106.10261,10.24013],[106.08539,10.24308],[106.05553,10.24435],[106.04232,10.24734],[106.0369,10.25066],[106.03332,10.25741],[106.03711,10.25895],[106.03493,10.2662],[106.03502,10.2713],[106.02891,10.27256],[106.0283,10.27396],[106.02945,10.27989],[106.02823,10.28309],[106.02897,10.28631],[106.0304,10.28681],[106.02968,10.28932],[106.03461,10.29852],[105.99472,10.3288],[105.99126,10.33057],[105.98666,10.3303],[105.97609,10.32712],[105.95168,10.3045],[105.93838,10.29547],[105.92612,10.28315],[105.9033,10.27458],[105.89823,10.2738],[105.89409,10.27581],[105.88346,10.26633],[105.87777,10.26319],[105.88268,10.25652],[105.88488,10.25756],[105.8843,10.25344],[105.8863,10.25258],[105.89057,10.244],[105.90208,10.24454],[105.90136,10.23436],[105.91313,10.22567],[105.91965,10.21117],[105.91307,10.19266],[105.89933,10.1917],[105.89526,10.18573],[105.88907,10.18892],[105.88619,10.18713],[105.88318,10.18888],[105.8763,10.18922],[105.8769,10.18273],[105.87006,10.16877],[105.87422,10.16636],[105.87038,10.15441],[105.86829,10.15554],[105.86726,10.15381],[105.86518,10.15383],[105.85146,10.16011],[105.84889,10.14997],[105.82849,10.14869],[105.81835,10.1494],[105.81567,10.15243],[105.80139,10.15529],[105.77519,10.18918],[105.7649,10.17808],[105.75833,10.18397],[105.74784,10.19726],[105.72769,10.205],[105.68627,10.14466],[105.68512,10.14222],[105.6872,10.13965],[105.68282,10.13412]]]}},{"type":"Feature","properties":{"name":"Ben Tre","code":"VN_SRC_BENTRE"},"geometry":{"type":"Polygon","coordinates":[[[106.03461,10.29852],[106.02968,10.28932],[106.0304,10.28681],[106.02897,10.28631],[106.02823,10.28309],[106.02945,10.27989],[106.0283,10.27396],[106.02891,10.27256],[106.03502,10.2713],[106.03493,10.2662],[106.03711,10.25895],[106.03332,10.25741],[106.0369,10.25066],[106.04232,10.24734],[106.05553,10.24435],[106.08539,10.24308],[106.10261,10.24013],[106.12531,10.2287],[106.14129,10.21498],[106.1437,10.20432],[106.15144,10.19701],[106.16781,10.18768],[106.17251,10.17962],[106.17666,10.1762],[106.18038,10.17554],[106.18651,10.17804],[106.18855,10.17736],[106.20288,10.16629],[106.2252,10.14283],[106.25178,10.10397],[106.26942,10.0835],[106.28964,10.04979],[106.29669,10.03911],[106.30726,10.02703],[106.32383,10.01392],[106.35452,10.00086],[106.37629,9.97973],[106.39458,9.97042],[106.41885,9.95256],[106.46642,9.93104],[106.48462,9.91877],[106.49835,9.9059],[106.52806,9.87184],[106.57372,9.83115],[106.58672,9.81127],[106.60701,9.79044],[106.61973,9.79232],[106.62772,9.79518],[106.6342,9.80051],[106.63925,9.8075],[106.654,9.82183],[106.66628,9.83929],[106.68094,9.86937],[106.68556,9.8746],[106.68779,9.88369],[106.67808,9.89911],[106.6708,9.90787],[106.66342,9.92653],[106.66056,9.92958],[106.64248,9.94043],[106.65077,9.95482],[106.65548,9.97345],[106.67512,9.99773],[106.68027,10.00067],[106.68568,10.00665],[106.70358,10.03342],[106.71491,10.04218],[106.72595,10.04056],[106.73623,10.04265],[106.74137,10.04579],[106.7566,10.06064],[106.77908,10.08878],[106.78637,10.10039],[106.79191,10.112],[106.78995,10.11539],[106.78995,10.1186],[106.78596,10.12092],[106.78331,10.12794],[106.78864,10.13874],[106.79003,10.14662],[106.78853,10.1917],[106.75864,10.19041],[106.7464,10.19352],[106.69977,10.21699],[106.64791,10.23789],[106.61783,10.2468],[106.58722,10.25192],[106.57358,10.25731],[106.54149,10.26602],[106.53228,10.27052],[106.51897,10.28206],[106.49913,10.29085],[106.47404,10.30663],[106.45597,10.30766],[106.44827,10.3065],[106.43281,10.31467],[106.4048,10.33295],[106.39855,10.33567],[106.3786,10.33962],[106.37265,10.34042],[106.36524,10.33897],[106.34526,10.33208],[106.34444,10.33011],[106.31961,10.3242],[106.30487,10.31899],[106.2984,10.31935],[106.28616,10.3282],[106.25046,10.32076],[106.2286,10.31883],[106.20762,10.31466],[106.20187,10.313],[106.15029,10.2867],[106.13703,10.28285],[106.11717,10.28476],[106.10492,10.28428],[106.09348,10.27851],[106.08026,10.27765],[106.03461,10.29852]]]}},{"type":"Feature","properties":{"name":"Kien Giang","code":"VN_SRC_KIENGIANG"},"geometry":{"type":"MultiPolygon","coordinates":[[[[103.19837,9.25757],[103.19913,9.2549],[103.19983,9.25841],[103.19837,9.25757]]],[[[103.2301,9.29582],[103.23276,9.29475],[103.23476,9.29557],[103.23324,9.29787],[103.23078,9.29759],[103.2301,9.29582]]],[[[103.22974,9.31845],[103.21928,9.31698],[103.20945,9.31922],[103.19155,9.31155],[103.18748,9.30766],[103.18679,9.30433],[103.19147,9.30263],[103.19978,9.30567],[103.2028,9.30499],[103.20401,9.30001],[103.20044,9.29383],[103.20221,9.28636],[103.2057,9.28441],[103.20954,9.2859],[103.21429,9.28484],[103.22302,9.29673],[103.22872,9.29857],[103.23255,9.30249],[103.24042,9.30633],[103.23979,9.3177],[103.22974,9.31845]]],[[[103.26064,9.31465],[103.26281,9.31153],[103.2653,9.3121],[103.26636,9.31948],[103.26163,9.32357],[103.25853,9.3223],[103.25461,9.31796],[103.26064,9.31465]]],[[[103.27083,9.32753],[103.27604,9.32174],[103.27353,9.32992],[103.27083,9.32753]]],[[[104.04216,9.81946],[104.04353,9.81802],[104.04625,9.82066],[104.04624,9.82243],[104.04413,9.82348],[104.04216,9.81946]]],[[[104.09386,9.8459],[104.09466,9.84287],[104.09762,9.84607],[104.09841,9.85129],[104.0969,9.85196],[104.09351,9.85032],[104.0927,9.84759],[104.09386,9.8459]]],[[[103.99221,9.90345],[103.99423,9.90207],[103.9934,9.9043],[103.99221,9.90345]]],[[[104.02134,9.90662],[104.02061,9.90567],[104.02344,9.90762],[104.02303,9.91],[104.02142,9.90934],[104.02134,9.90662]]],[[[103.99477,9.91342],[103.99347,9.91257],[103.98952,9.91429],[103.9857,9.91147],[103.98693,9.90956],[103.99063,9.90881],[103.99477,9.91342]]],[[[104.01628,9.91099],[104.01817,9.91448],[104.0151,9.91287],[104.01182,9.91342],[104.01004,9.91176],[104.01541,9.90957],[104.01628,9.91099]]],[[[104.0255,9.91798],[104.02417,9.9192],[104.02273,9.91841],[104.02286,9.92015],[104.02121,9.92069],[104.02214,9.91606],[104.0254,9.91559],[104.0255,9.91798]]],[[[104.00302,9.91641],[104.00193,9.9228],[103.99564,9.92058],[104.00276,9.91505],[104.00302,9.91641]]],[[[103.97915,9.9184],[103.98184,9.9187],[103.98182,9.92228],[103.97915,9.9184]]],[[[104.01614,9.92987],[104.01873,9.92769],[104.02272,9.92987],[104.02329,9.93177],[104.02039,9.93399],[104.01787,9.93359],[104.01587,9.93166],[104.01614,9.92987]]],[[[104.01623,9.96689],[104.01309,9.96915],[104.01014,9.96797],[104.00978,9.96412],[104.01198,9.96342],[104.01283,9.96074],[104.01087,9.95723],[104.01365,9.95492],[104.01335,9.95181],[104.01018,9.94918],[104.01416,9.94523],[104.01537,9.94598],[104.01781,9.94468],[104.01854,9.94236],[104.02255,9.9397],[104.02582,9.94555],[104.0211,9.95145],[104.02289,9.95901],[104.01802,9.96685],[104.01623,9.96689]]],[[[104.02523,9.97311],[104.02343,9.97499],[104.0232,9.97965],[104.01941,9.98358],[104.01678,9.9849],[104.01337,9.98431],[104.01442,9.98073],[104.01715,9.97794],[104.01761,9.97353],[104.02126,9.9732],[104.02584,9.96855],[104.02686,9.96963],[104.02523,9.97311]]],[[[104.03843,9.99322],[104.04186,9.99118],[104.04189,9.99306],[104.03644,9.99749],[104.03843,9.99322]]],[[[104.00971,9.99131],[104.01272,9.99111],[104.01427,9.99445],[104.00723,10.0017],[104.00732,9.994],[104.00971,9.99131]]],[[[104.03383,10.00265],[104.02874,10.00631],[104.02967,10.00367],[104.03578,9.99837],[104.03383,10.00265]]],[[[104.04187,10.41487],[104.03776,10.41558],[104.03538,10.41243],[104.02931,10.41466],[104.02122,10.42368],[104.0068,10.44728],[103.99481,10.45171],[103.98235,10.44845],[103.97355,10.44012],[103.97185,10.43525],[103.97049,10.41988],[103.96718,10.41094],[103.96549,10.40846],[103.95452,10.40571],[103.94665,10.40161],[103.94308,10.38424],[103.93656,10.37058],[103.92499,10.36054],[103.91895,10.3602],[103.9161,10.36258],[103.89758,10.36596],[103.88849,10.37029],[103.87331,10.37124],[103.86774,10.37362],[103.85613,10.37505],[103.85202,10.37766],[103.84755,10.37447],[103.84348,10.37733],[103.83656,10.37771],[103.83785,10.37081],[103.83256,10.36483],[103.8333,10.36207],[103.84088,10.35817],[103.8428,10.35474],[103.85075,10.32579],[103.8566,10.3119],[103.85561,10.30902],[103.85919,10.30625],[103.86043,10.30246],[103.86187,10.30221],[103.86107,10.30523],[103.86423,10.30748],[103.87054,10.30765],[103.88104,10.30278],[103.88663,10.29674],[103.88846,10.29179],[103.89211,10.29022],[103.89867,10.29004],[103.90613,10.29258],[103.91387,10.28915],[103.92204,10.28025],[103.93023,10.26283],[103.93991,10.25573],[103.94462,10.24905],[103.95012,10.23873],[103.9566,10.21924],[103.95605,10.21761],[103.96079,10.20698],[103.96531,10.18847],[103.98421,10.09994],[103.99057,10.05909],[103.98962,10.05538],[103.99114,10.05264],[103.99065,10.04889],[103.99525,10.04618],[103.999,10.04624],[104.00102,10.04323],[104.00332,10.03676],[104.00307,10.03262],[104.00674,10.02899],[104.00925,10.01827],[104.00854,10.01269],[104.01035,10.01],[104.01349,10.01056],[104.01465,10.01627],[104.02233,10.01821],[104.02738,10.0154],[104.03132,10.01055],[104.03363,10.01449],[104.03907,10.01586],[104.04573,10.00763],[104.05212,10.00513],[104.05217,10.00825],[104.04956,10.01221],[104.04733,10.01399],[104.04519,10.01191],[104.04234,10.01325],[104.03945,10.01979],[104.03073,10.03067],[104.0309,10.03555],[104.03298,10.03965],[104.03473,10.04072],[104.03791,10.03925],[104.03928,10.04113],[104.03565,10.04491],[104.03555,10.05294],[104.03879,10.06053],[104.04309,10.06096],[104.04329,10.06897],[104.03618,10.07149],[104.02794,10.07892],[104.02659,10.0762],[104.02285,10.0759],[104.01959,10.0787],[104.01705,10.08372],[104.01816,10.08527],[104.01985,10.08472],[104.02576,10.09162],[104.02523,10.10031],[104.02657,10.10672],[104.03308,10.11268],[104.03699,10.12019],[104.03347,10.12905],[104.03052,10.13192],[104.03219,10.14134],[104.0361,10.14778],[104.04352,10.15275],[104.04921,10.18004],[104.0562,10.20122],[104.0604,10.20823],[104.06367,10.21101],[104.06628,10.21081],[104.07077,10.21554],[104.0811,10.24493],[104.08049,10.25547],[104.07572,10.2692],[104.07443,10.2776],[104.07451,10.28414],[104.07795,10.29274],[104.08046,10.30637],[104.07429,10.32543],[104.07278,10.33695],[104.07441,10.34938],[104.07757,10.35317],[104.08035,10.35402],[104.08043,10.35549],[104.07698,10.36484],[104.07896,10.37108],[104.07104,10.38257],[104.06438,10.38845],[104.06075,10.39652],[104.05707,10.40026],[104.05799,10.40303],[104.06096,10.4033],[104.06066,10.40487],[104.05855,10.40547],[104.05605,10.40261],[104.05204,10.40374],[104.04187,10.41487]]],[[[104.3147,10.28041],[104.31334,10.27883],[104.31674,10.2806],[104.3147,10.28041]]],[[[104.31296,10.29162],[104.31246,10.28987],[104.31701,10.2924],[104.31561,10.29332],[104.31296,10.29162]]],[[[104.31586,10.30154],[104.31599,10.30009],[104.3183,10.30084],[104.32108,10.30404],[104.32032,10.3065],[104.31764,10.30545],[104.31586,10.30154]]],[[[104.32066,10.31257],[104.32096,10.31129],[104.3228,10.31197],[104.3229,10.31458],[104.32066,10.31257]]],[[[103.83601,10.32274],[103.83318,10.32388],[103.83213,10.32289],[103.83494,10.32082],[103.83644,10.3214],[103.83601,10.32274]]],[[[103.82271,10.36073],[103.81988,10.36186],[103.81883,10.36087],[103.82165,10.3588],[103.82314,10.35938],[103.82271,10.36073]]],[[[104.39615,9.63098],[104.39787,9.63137],[104.40262,9.63911],[104.39073,9.63545],[104.39176,9.6324],[104.39615,9.63098]]],[[[104.36604,9.63964],[104.36591,9.63765],[104.3678,9.63802],[104.36931,9.64145],[104.36775,9.64166],[104.36604,9.63964]]],[[[104.35849,9.64104],[104.35928,9.63904],[104.36084,9.63909],[104.35897,9.64308],[104.35849,9.64104]]],[[[104.35382,9.64632],[104.35411,9.64429],[104.35524,9.6444],[104.35645,9.64777],[104.35478,9.64793],[104.35382,9.64632]]],[[[104.35621,9.6521],[104.35781,9.65033],[104.3601,9.65126],[104.35646,9.65437],[104.35621,9.6521]]],[[[104.39892,9.66671],[104.39618,9.66125],[104.40218,9.66508],[104.40183,9.66859],[104.40622,9.67293],[104.40594,9.67413],[104.40158,9.67602],[104.39948,9.67544],[104.39892,9.66671]]],[[[104.38642,9.68038],[104.38463,9.67871],[104.38535,9.67651],[104.38695,9.6774],[104.38642,9.68038]]],[[[104.40438,9.68252],[104.4029,9.68246],[104.40189,9.67972],[104.40438,9.68252]]],[[[104.35803,9.68199],[104.35798,9.69035],[104.36319,9.69516],[104.35849,9.70873],[104.35442,9.71028],[104.35336,9.70423],[104.35585,9.69694],[104.3558,9.69256],[104.35365,9.69158],[104.35051,9.6937],[104.34908,9.69309],[104.35129,9.688],[104.34617,9.68569],[104.34586,9.67823],[104.34774,9.66752],[104.35461,9.65837],[104.35795,9.65723],[104.36082,9.65872],[104.3616,9.6617],[104.36082,9.6748],[104.35803,9.68199]]],[[[104.40575,9.6865],[104.40391,9.68585],[104.40397,9.68365],[104.40522,9.68371],[104.40575,9.6865]]],[[[104.38613,9.68416],[104.38746,9.68042],[104.39268,9.68344],[104.3964,9.69049],[104.39572,9.69263],[104.39335,9.69269],[104.39104,9.68943],[104.38838,9.68843],[104.38613,9.68416]]],[[[104.38779,9.70846],[104.38494,9.70794],[104.38417,9.7108],[104.38293,9.70993],[104.38243,9.70251],[104.38454,9.69714],[104.38829,9.70109],[104.38779,9.70846]]],[[[104.34346,9.70371],[104.34382,9.70159],[104.34573,9.70106],[104.34648,9.70295],[104.34406,9.71571],[104.34213,9.7111],[104.34372,9.70824],[104.34346,9.70371]]],[[[104.36414,9.71064],[104.36578,9.70911],[104.36757,9.71065],[104.36577,9.71208],[104.36414,9.71064]]],[[[104.35222,9.72047],[104.35361,9.71893],[104.35576,9.72239],[104.3552,9.72776],[104.35347,9.72884],[104.35115,9.72599],[104.35222,9.72047]]],[[[104.34141,9.73141],[104.34173,9.72947],[104.34356,9.73023],[104.34299,9.73249],[104.34141,9.73141]]],[[[104.36262,9.73718],[104.36519,9.73792],[104.36651,9.74073],[104.36249,9.74311],[104.36047,9.73789],[104.36122,9.73646],[104.36262,9.73718]]],[[[104.49842,9.97377],[104.4979,9.97238],[104.49921,9.9717],[104.49969,9.9733],[104.49842,9.97377]]],[[[104.50262,10.1058],[104.50533,10.10664],[104.50127,10.11206],[104.49918,10.11186],[104.49641,10.10167],[104.49899,10.10282],[104.50115,10.10609],[104.50262,10.1058]]],[[[104.5005,10.11865],[104.50169,10.11888],[104.50021,10.11994],[104.5005,10.11865]]],[[[104.49701,10.12736],[104.49643,10.12921],[104.49513,10.12915],[104.49382,10.12662],[104.49539,10.12425],[104.49744,10.12461],[104.49825,10.12097],[104.49844,10.12649],[104.49701,10.12736]]],[[[104.4939,10.13629],[104.49417,10.13455],[104.49675,10.13457],[104.49551,10.13744],[104.4939,10.13629]]],[[[104.49698,10.1382],[104.49771,10.1369],[104.49892,10.14099],[104.49698,10.1382]]],[[[104.49501,10.14101],[104.49608,10.14211],[104.49531,10.14323],[104.49328,10.14182],[104.49272,10.13784],[104.49501,10.14101]]],[[[104.33202,10.28575],[104.33418,10.2866],[104.3328,10.2883],[104.32906,10.28695],[104.32489,10.28773],[104.324,10.28376],[104.33202,10.28575]]],[[[104.33767,10.29032],[104.33996,10.28951],[104.34243,10.29207],[104.34312,10.29586],[104.34193,10.29749],[104.33887,10.29476],[104.33767,10.29032]]],[[[104.34985,10.29668],[104.35176,10.29652],[104.35235,10.29822],[104.34945,10.30079],[104.34611,10.29637],[104.34985,10.29668]]],[[[104.33238,10.31995],[104.32885,10.31908],[104.32547,10.32267],[104.32388,10.32153],[104.32421,10.31851],[104.32856,10.31266],[104.33537,10.3164],[104.33855,10.32071],[104.3342,10.32221],[104.33238,10.31995]]],[[[104.54639,10.00866],[104.54763,10.00795],[104.54858,10.00923],[104.54639,10.00866]]],[[[104.53737,10.03789],[104.53861,10.03718],[104.53956,10.03846],[104.53737,10.03789]]],[[[104.50407,10.0852],[104.50311,10.08427],[104.50407,10.08327],[104.50846,10.08707],[104.50407,10.0852]]],[[[104.50969,10.08942],[104.51076,10.08846],[104.51239,10.08989],[104.50969,10.08942]]],[[[104.51625,10.10276],[104.51685,10.10423],[104.51392,10.10583],[104.51214,10.10462],[104.51374,10.10035],[104.51205,10.09768],[104.51315,10.09457],[104.51625,10.10276]]],[[[104.53791,10.11685],[104.53651,10.11606],[104.53809,10.11578],[104.53791,10.11685]]],[[[104.50246,10.12416],[104.50334,10.12253],[104.50382,10.12452],[104.50246,10.12416]]],[[[104.54087,10.12541],[104.54287,10.1224],[104.54526,10.12548],[104.54608,10.13184],[104.54461,10.13435],[104.54262,10.13334],[104.5425,10.12855],[104.5404,10.12665],[104.54087,10.12541]]],[[[104.54507,10.13625],[104.54612,10.13467],[104.54655,10.137],[104.54507,10.13625]]],[[[104.5427,10.13949],[104.54357,10.13821],[104.54476,10.13913],[104.5427,10.13949]]],[[[104.5194,10.13921],[104.52015,10.13764],[104.52346,10.13826],[104.52079,10.14101],[104.52029,10.14372],[104.5194,10.13921]]],[[[104.53128,10.14147],[104.53292,10.13942],[104.53225,10.14226],[104.53128,10.14147]]],[[[104.5525,10.14313],[104.55264,10.14579],[104.54942,10.14568],[104.54959,10.14271],[104.54786,10.1399],[104.55082,10.13962],[104.5525,10.14313]]],[[[104.50422,10.15216],[104.50566,10.15069],[104.50709,10.15149],[104.50516,10.15331],[104.50422,10.15216]]],[[[104.52429,10.15531],[104.52612,10.15893],[104.52459,10.1603],[104.52425,10.15745],[104.522,10.15679],[104.51811,10.15066],[104.52042,10.14761],[104.52429,10.15531]]],[[[104.52947,10.16213],[104.53029,10.15974],[104.53117,10.16178],[104.5295,10.16461],[104.52947,10.16213]]],[[[104.52517,10.16356],[104.52596,10.16209],[104.52638,10.16344],[104.52517,10.16356]]],[[[104.52931,10.18738],[104.52645,10.18837],[104.52375,10.18514],[104.52998,10.17959],[104.53108,10.17417],[104.53015,10.17032],[104.53172,10.16928],[104.53476,10.17168],[104.53129,10.17673],[104.53353,10.18113],[104.53149,10.18636],[104.52931,10.18738]]],[[[104.50336,10.18446],[104.50762,10.18378],[104.50909,10.18667],[104.50753,10.18806],[104.5034,10.18831],[104.50243,10.18724],[104.50336,10.18446]]],[[[104.52271,10.24409],[104.52297,10.24207],[104.52382,10.24542],[104.52282,10.24634],[104.52271,10.24409]]],[[[104.52752,10.27384],[104.52862,10.27249],[104.52832,10.27434],[104.52752,10.27384]]],[[[104.7785,10.51963],[104.75758,10.51886],[104.71023,10.53461],[104.69281,10.53868],[104.68039,10.53997],[104.64555,10.54082],[104.64546,10.53095],[104.61689,10.52932],[104.60678,10.53499],[104.59557,10.53488],[104.58851,10.53008],[104.5866,10.52698],[104.58652,10.50991],[104.58319,10.50461],[104.5724,10.5002],[104.55938,10.4924],[104.55819,10.47532],[104.553,10.45941],[104.54722,10.45235],[104.54171,10.44868],[104.53,10.44733],[104.51844,10.44066],[104.49841,10.40574],[104.48878,10.42123],[104.47908,10.43128],[104.4632,10.43025],[104.43842,10.4238],[104.44609,10.41495],[104.45262,10.39996],[104.45074,10.39371],[104.44598,10.39024],[104.44593,10.38544],[104.44346,10.38344],[104.44571,10.38024],[104.44615,10.37395],[104.44225,10.36721],[104.44296,10.36471],[104.4464,10.36449],[104.44898,10.3666],[104.45207,10.36672],[104.45312,10.36947],[104.45992,10.36899],[104.4646,10.37747],[104.46789,10.37976],[104.47409,10.38239],[104.47905,10.38184],[104.48997,10.36728],[104.49922,10.35992],[104.50151,10.35554],[104.51225,10.34503],[104.52829,10.32118],[104.52802,10.31844],[104.53242,10.30895],[104.52819,10.30475],[104.52762,10.30119],[104.53435,10.28843],[104.53092,10.27772],[104.53486,10.27759],[104.53801,10.28589],[104.54179,10.28842],[104.54292,10.29154],[104.55047,10.2904],[104.55616,10.28713],[104.56577,10.27813],[104.57976,10.25801],[104.58279,10.25274],[104.58324,10.24665],[104.58662,10.2438],[104.58488,10.24007],[104.58673,10.23861],[104.58959,10.23084],[104.59233,10.21545],[104.59164,10.21169],[104.58757,10.21059],[104.58563,10.20863],[104.58615,10.20707],[104.5833,10.20596],[104.58598,10.20395],[104.58702,10.20652],[104.58679,10.20458],[104.58962,10.20556],[104.59132,10.19624],[104.59395,10.19685],[104.59616,10.19498],[104.59615,10.18874],[104.59229,10.18711],[104.59016,10.18809],[104.58952,10.18625],[104.59207,10.18223],[104.59559,10.18308],[104.59706,10.18187],[104.60142,10.17359],[104.60018,10.16974],[104.60476,10.17004],[104.60991,10.16155],[104.60707,10.15413],[104.60426,10.15076],[104.60181,10.15028],[104.60162,10.14733],[104.59954,10.14643],[104.60076,10.14341],[104.60379,10.14431],[104.60756,10.14246],[104.6097,10.14368],[104.61057,10.14631],[104.61397,10.14818],[104.61662,10.14794],[104.62664,10.1445],[104.62815,10.14185],[104.62953,10.14454],[104.6344,10.14307],[104.6376,10.14108],[104.63987,10.13639],[104.64518,10.13738],[104.64882,10.14064],[104.64595,10.14316],[104.646,10.14503],[104.6514,10.15557],[104.65779,10.16458],[104.66603,10.1703],[104.67015,10.17986],[104.68884,10.20141],[104.70974,10.21662],[104.72754,10.22619],[104.73432,10.22785],[104.74597,10.22649],[104.76837,10.21945],[104.78096,10.21365],[104.78158,10.21033],[104.79567,10.20298],[104.8111,10.18923],[104.84422,10.1452],[104.84748,10.14328],[104.84647,10.13954],[104.85372,10.12967],[104.86353,10.11036],[104.86586,10.10943],[104.87472,10.09731],[104.88127,10.0917],[104.88999,10.08725],[104.89903,10.08596],[104.91488,10.08781],[104.95728,10.09772],[104.97428,10.09885],[104.98643,10.09695],[104.99112,10.09872],[105.05197,10.03688],[105.0634,10.02222],[105.07595,10.01188],[105.07718,10.00617],[105.07888,10.00635],[105.08048,10.00408],[105.07937,10.00312],[105.08315,9.99451],[105.08246,9.99153],[105.08553,9.99009],[105.09096,9.97806],[105.08338,9.95973],[105.04867,9.94174],[105.03234,9.93099],[105.00469,9.9057],[104.98094,9.8812],[104.95839,9.85319],[104.94214,9.84661],[104.91589,9.84754],[104.90159,9.85044],[104.89707,9.84782],[104.89362,9.84247],[104.88553,9.82343],[104.87756,9.78441],[104.86039,9.73203],[104.8526,9.69659],[104.84168,9.61806],[104.83248,9.53103],[104.83684,9.53142],[104.8371,9.53278],[104.84537,9.52989],[104.85495,9.51764],[104.87358,9.5023],[104.88127,9.49416],[104.91655,9.56202],[104.94587,9.53267],[104.96305,9.55601],[104.97089,9.54863],[104.97791,9.54426],[104.994,9.53991],[104.99893,9.54581],[105.00336,9.55862],[105.07582,9.51438],[105.10684,9.4974],[105.2623,9.39932],[105.27817,9.43304],[105.2877,9.43498],[105.29494,9.43338],[105.29128,9.45619],[105.29138,9.46687],[105.29312,9.47777],[105.29593,9.48164],[105.29431,9.48395],[105.29407,9.48993],[105.29835,9.49443],[105.2991,9.50485],[105.30105,9.50646],[105.30563,9.50325],[105.30679,9.50547],[105.31018,9.50699],[105.31323,9.50299],[105.31565,9.5023],[105.31715,9.50514],[105.31563,9.50775],[105.31598,9.51038],[105.32057,9.51286],[105.32358,9.51688],[105.32072,9.52042],[105.32004,9.52484],[105.3215,9.52604],[105.32671,9.52473],[105.32987,9.52746],[105.32635,9.5318],[105.32663,9.5393],[105.32261,9.54504],[105.32391,9.55856],[105.31796,9.56025],[105.31007,9.55545],[105.30781,9.55605],[105.30801,9.56295],[105.31254,9.56958],[105.31267,9.57225],[105.29548,9.58404],[105.29033,9.59581],[105.28628,9.60002],[105.28905,9.61374],[105.28647,9.62487],[105.29061,9.63047],[105.29216,9.63646],[105.29492,9.63691],[105.29746,9.6295],[105.30347,9.6283],[105.30306,9.62032],[105.30683,9.60972],[105.30925,9.60726],[105.32409,9.60382],[105.32899,9.59927],[105.33179,9.60411],[105.3381,9.60573],[105.33937,9.61144],[105.34146,9.61253],[105.34277,9.61113],[105.34147,9.60725],[105.34243,9.60402],[105.34803,9.59961],[105.34494,9.59452],[105.34571,9.59251],[105.35084,9.59394],[105.36407,9.59234],[105.36825,9.58797],[105.37013,9.58773],[105.37204,9.5908],[105.37082,9.5961],[105.37345,9.59653],[105.37496,9.59876],[105.37426,9.61063],[105.37629,9.61502],[105.38149,9.61964],[105.38897,9.62243],[105.39023,9.62578],[105.39276,9.62381],[105.39914,9.62255],[105.39918,9.63006],[105.40071,9.63434],[105.40666,9.64347],[105.40162,9.64491],[105.40148,9.64707],[105.40674,9.65171],[105.39345,9.66043],[105.387,9.65812],[105.37674,9.66139],[105.37241,9.65908],[105.37024,9.65943],[105.36881,9.6634],[105.37412,9.66992],[105.37288,9.67276],[105.35643,9.66899],[105.3527,9.67628],[105.33931,9.67631],[105.33807,9.68725],[105.33504,9.68995],[105.33375,9.69404],[105.32932,9.69771],[105.32864,9.701],[105.33124,9.70287],[105.34001,9.70428],[105.35702,9.71263],[105.37237,9.72986],[105.39084,9.73585],[105.3928,9.73885],[105.3938,9.74475],[105.40352,9.75051],[105.40571,9.75054],[105.4093,9.74793],[105.4123,9.7494],[105.41486,9.75385],[105.41494,9.75898],[105.41272,9.76112],[105.40727,9.76014],[105.40536,9.76996],[105.41404,9.77045],[105.41425,9.773],[105.4098,9.77214],[105.41106,9.77748],[105.41415,9.77408],[105.41636,9.77381],[105.41675,9.77558],[105.4139,9.77897],[105.4153,9.77971],[105.41747,9.7774],[105.4192,9.77762],[105.41764,9.78285],[105.42139,9.77857],[105.42269,9.78545],[105.42642,9.78316],[105.42769,9.78527],[105.42544,9.78647],[105.42617,9.78764],[105.42814,9.78922],[105.43131,9.78923],[105.43156,9.79087],[105.4337,9.79059],[105.43524,9.7934],[105.43707,9.79275],[105.4339,9.79642],[105.43073,9.81636],[105.45572,9.82264],[105.46542,9.8293],[105.47682,9.83295],[105.49192,9.84133],[105.5208,9.85916],[105.51915,9.86231],[105.51681,9.86313],[105.53953,9.91304],[105.53234,9.91961],[105.40263,10.03985],[105.39907,10.04143],[105.36431,10.07323],[105.3566,10.08298],[105.3531,10.10068],[105.31708,10.14129],[105.31061,10.13467],[105.30335,10.14361],[105.29821,10.13855],[105.27483,10.16164],[105.22575,10.20116],[105.23121,10.20878],[105.22756,10.2131],[105.20593,10.18352],[105.14433,10.23696],[105.1412,10.2381],[105.12538,10.25345],[105.01791,10.31584],[105.0191,10.31782],[105.00848,10.32146],[104.86878,10.35345],[104.86469,10.35565],[104.82595,10.40594],[104.82834,10.40828],[104.80434,10.44911],[104.79732,10.46733],[104.77807,10.48706],[104.78276,10.50341],[104.77911,10.51052],[104.7785,10.51963]]],[[[104.64499,9.81817],[104.6414,9.82129],[104.63659,9.82264],[104.62931,9.82055],[104.62391,9.81465],[104.61894,9.81222],[104.61349,9.80151],[104.6118,9.80054],[104.60875,9.80151],[104.60664,9.79723],[104.60861,9.79649],[104.6122,9.79849],[104.6143,9.79619],[104.61806,9.79592],[104.62919,9.7994],[104.63467,9.79618],[104.63655,9.79342],[104.64961,9.7964],[104.65549,9.80325],[104.65856,9.81232],[104.65848,9.81672],[104.65649,9.81841],[104.64499,9.81817]]],[[[104.85797,9.97512],[104.85579,9.97767],[104.85128,9.97764],[104.8471,9.97606],[104.84666,9.97461],[104.83968,9.97486],[104.83802,9.97159],[104.83172,9.97054],[104.82734,9.96414],[104.82832,9.95585],[104.83138,9.9518],[104.83585,9.94853],[104.84081,9.9521],[104.84555,9.96794],[104.84922,9.9722],[104.85701,9.97382],[104.85797,9.97512]]],[[[104.55642,10.03528],[104.55496,10.03602],[104.55417,10.04015],[104.55395,10.03789],[104.54818,10.03606],[104.54464,10.03088],[104.54502,10.02723],[104.55105,10.01426],[104.55787,10.01539],[104.56065,10.01836],[104.56124,10.02742],[104.55642,10.03528]]],[[[104.54989,10.15113],[104.55348,10.14826],[104.55545,10.14888],[104.5503,10.15357],[104.54989,10.15113]]],[[[104.59233,10.15401],[104.58723,10.15451],[104.58573,10.1528],[104.58922,10.15196],[104.59053,10.15396],[104.59233,10.15401]]],[[[104.58226,10.1558],[104.57741,10.15688],[104.57148,10.15542],[104.5747,10.15296],[104.58034,10.15289],[104.58226,10.1558]]],[[[104.59287,10.17702],[104.5932,10.18022],[104.59069,10.17742],[104.59165,10.17581],[104.59287,10.17702]]],[[[104.57206,10.17786],[104.57168,10.17996],[104.57098,10.17826],[104.57206,10.17786]]]]}},{"type":"Feature","properties":{"name":"Can Tho city","code":"VN_SRC_CANTHO"},"geometry":{"type":"Polygon","coordinates":[[[105.49529,10.32529],[105.4872,10.32364],[105.48445,10.31633],[105.47608,10.30977],[105.47535,10.31076],[105.46886,10.31061],[105.45659,10.30804],[105.45218,10.30561],[105.4513,10.30796],[105.44779,10.3047],[105.44385,10.30608],[105.42669,10.30302],[105.44138,10.26976],[105.39813,10.25317],[105.33621,10.23442],[105.312,10.27393],[105.30656,10.26897],[105.30135,10.277],[105.28748,10.26214],[105.28892,10.25985],[105.26711,10.23884],[105.26095,10.24593],[105.25312,10.23852],[105.23121,10.20878],[105.22575,10.20116],[105.27483,10.16164],[105.29821,10.13855],[105.30335,10.14361],[105.31061,10.13467],[105.31708,10.14129],[105.3531,10.10068],[105.3566,10.08298],[105.36431,10.07323],[105.39907,10.04143],[105.40263,10.03985],[105.53234,9.91961],[105.542,9.94093],[105.54561,9.94004],[105.55037,9.95227],[105.55614,9.95886],[105.55113,9.96093],[105.56293,9.98691],[105.5696,9.98387],[105.57434,9.99412],[105.58593,9.9892],[105.58321,9.98365],[105.61922,9.94563],[105.62878,9.94976],[105.62977,9.95622],[105.63332,9.9598],[105.63775,9.95835],[105.63905,9.96019],[105.64214,9.96078],[105.64564,9.96478],[105.64744,9.97571],[105.64914,9.97613],[105.65061,9.97437],[105.65885,9.97151],[105.65837,9.96644],[105.66769,9.96654],[105.67257,9.96484],[105.67379,9.96408],[105.67086,9.96073],[105.65875,9.95021],[105.67054,9.93943],[105.67608,9.94447],[105.67801,9.94328],[105.68023,9.94474],[105.67897,9.94759],[105.69411,9.95265],[105.69415,9.9549],[105.70364,9.95387],[105.70405,9.95868],[105.71106,9.9581],[105.71359,9.95915],[105.71872,9.9688],[105.72294,9.97186],[105.72363,9.97544],[105.72966,9.97015],[105.73484,9.969],[105.73694,9.97037],[105.74755,9.96327],[105.75954,9.95758],[105.76288,9.95836],[105.77603,9.9544],[105.77803,9.95769],[105.81874,9.96498],[105.83074,9.9758],[105.83527,9.97827],[105.83839,9.9783],[105.84547,9.98262],[105.83001,10.00123],[105.81284,10.03091],[105.78505,10.06752],[105.76482,10.07967],[105.75519,10.08809],[105.73165,10.09988],[105.70822,10.11898],[105.68282,10.13412],[105.6608,10.14847],[105.65219,10.15787],[105.64784,10.1663],[105.62478,10.18626],[105.61928,10.20624],[105.61628,10.21241],[105.60283,10.23542],[105.59667,10.24202],[105.57428,10.26476],[105.55088,10.2859],[105.52992,10.30029],[105.51152,10.30924],[105.49529,10.32529]]]}},{"type":"Feature","properties":{"name":"Hau Giang","code":"VN_SRC_HAUGIANG"},"geometry":{"type":"Polygon","coordinates":[[[105.84547,9.98262],[105.83839,9.9783],[105.83527,9.97827],[105.83074,9.9758],[105.81874,9.96498],[105.77803,9.95769],[105.77603,9.9544],[105.76288,9.95836],[105.75954,9.95758],[105.74755,9.96327],[105.73694,9.97037],[105.73484,9.969],[105.72966,9.97015],[105.72363,9.97544],[105.72294,9.97186],[105.71872,9.9688],[105.71359,9.95915],[105.71106,9.9581],[105.70405,9.95868],[105.70364,9.95387],[105.69415,9.9549],[105.69411,9.95265],[105.67897,9.94759],[105.68023,9.94474],[105.67801,9.94328],[105.67608,9.94447],[105.67054,9.93943],[105.65875,9.95021],[105.67086,9.96073],[105.67379,9.96408],[105.67257,9.96484],[105.66769,9.96654],[105.65837,9.96644],[105.65885,9.97151],[105.65061,9.97437],[105.64914,9.97613],[105.64744,9.97571],[105.64564,9.96478],[105.64214,9.96078],[105.63905,9.96019],[105.63775,9.95835],[105.63332,9.9598],[105.62977,9.95622],[105.62878,9.94976],[105.61922,9.94563],[105.58321,9.98365],[105.58593,9.9892],[105.57434,9.99412],[105.5696,9.98387],[105.56293,9.98691],[105.55113,9.96093],[105.55614,9.95886],[105.55037,9.95227],[105.54561,9.94004],[105.542,9.94093],[105.53234,9.91961],[105.53953,9.91304],[105.51681,9.86313],[105.51915,9.86231],[105.5208,9.85916],[105.49192,9.84133],[105.47682,9.83295],[105.46542,9.8293],[105.45572,9.82264],[105.43073,9.81636],[105.4339,9.79642],[105.43707,9.79275],[105.43524,9.7934],[105.4337,9.79059],[105.43156,9.79087],[105.43131,9.78923],[105.42814,9.78922],[105.42617,9.78764],[105.42544,9.78647],[105.42769,9.78527],[105.42642,9.78316],[105.42269,9.78545],[105.42139,9.77857],[105.41764,9.78285],[105.4192,9.77762],[105.41747,9.7774],[105.4153,9.77971],[105.4139,9.77897],[105.41675,9.77558],[105.41636,9.77381],[105.41415,9.77408],[105.41106,9.77748],[105.4098,9.77214],[105.41425,9.773],[105.41404,9.77045],[105.40536,9.76996],[105.40727,9.76014],[105.41272,9.76112],[105.41494,9.75898],[105.41486,9.75385],[105.4123,9.7494],[105.4093,9.74793],[105.40571,9.75054],[105.40352,9.75051],[105.3938,9.74475],[105.3928,9.73885],[105.39084,9.73585],[105.37237,9.72986],[105.35702,9.71263],[105.34001,9.70428],[105.33124,9.70287],[105.32864,9.701],[105.32932,9.69771],[105.33375,9.69404],[105.33504,9.68995],[105.33807,9.68725],[105.33931,9.67631],[105.3527,9.67628],[105.35643,9.66899],[105.37288,9.67276],[105.37412,9.66992],[105.36881,9.6634],[105.37024,9.65943],[105.37241,9.65908],[105.37674,9.66139],[105.387,9.65812],[105.39345,9.66043],[105.40674,9.65171],[105.40148,9.64707],[105.40162,9.64491],[105.40666,9.64347],[105.40071,9.63434],[105.39918,9.63006],[105.39914,9.62255],[105.39276,9.62381],[105.39023,9.62578],[105.38897,9.62243],[105.38149,9.61964],[105.37629,9.61502],[105.37426,9.61063],[105.37496,9.59876],[105.37345,9.59653],[105.37687,9.59231],[105.37711,9.58741],[105.38071,9.58552],[105.38618,9.58729],[105.38929,9.5902],[105.39562,9.58826],[105.39954,9.59385],[105.3988,9.59821],[105.40958,9.5976],[105.41552,9.60188],[105.41778,9.60042],[105.41649,9.59464],[105.41772,9.59263],[105.423,9.5955],[105.42814,9.59485],[105.42958,9.59607],[105.42979,9.60065],[105.44058,9.59481],[105.44644,9.59687],[105.44825,9.59438],[105.44829,9.58836],[105.45019,9.58688],[105.45675,9.59034],[105.46243,9.58684],[105.46807,9.59079],[105.46892,9.59584],[105.47076,9.597],[105.4779,9.59014],[105.47548,9.58674],[105.47552,9.58448],[105.48575,9.58469],[105.48915,9.58215],[105.49312,9.58606],[105.49338,9.59088],[105.49781,9.58998],[105.50418,9.59131],[105.50532,9.59028],[105.50443,9.58625],[105.51248,9.58414],[105.51435,9.58961],[105.52115,9.58888],[105.52135,9.59467],[105.53185,9.59537],[105.5347,9.59723],[105.53661,9.59607],[105.5371,9.59201],[105.5426,9.58826],[105.54388,9.5854],[105.54601,9.58616],[105.5492,9.59174],[105.54715,9.59672],[105.55712,9.59627],[105.55849,9.60382],[105.56248,9.6063],[105.56564,9.60641],[105.56916,9.60329],[105.57081,9.60689],[105.57532,9.60975],[105.57497,9.6136],[105.57611,9.61496],[105.58403,9.61191],[105.58732,9.61268],[105.58745,9.60904],[105.59145,9.60777],[105.5928,9.6065],[105.59269,9.60368],[105.59514,9.60302],[105.59556,9.60874],[105.60604,9.61775],[105.60681,9.62011],[105.6111,9.61918],[105.61559,9.62207],[105.61823,9.62001],[105.61737,9.61556],[105.62339,9.61732],[105.6258,9.61637],[105.63229,9.62033],[105.63526,9.61891],[105.6393,9.62365],[105.64687,9.62541],[105.64947,9.63439],[105.65984,9.63558],[105.66206,9.63955],[105.66747,9.64191],[105.66943,9.63324],[105.69642,9.65897],[105.71016,9.66848],[105.77184,9.70704],[105.77765,9.71047],[105.77967,9.70977],[105.79203,9.71701],[105.84335,9.74902],[105.84461,9.76355],[105.85525,9.80531],[105.8487,9.80706],[105.85604,9.84085],[105.86101,9.85359],[105.8633,9.85265],[105.8677,9.87348],[105.86981,9.87547],[105.8685,9.87721],[105.86921,9.88061],[105.87154,9.88092],[105.8703,9.88439],[105.86853,9.88484],[105.87154,9.88998],[105.86872,9.89116],[105.87392,9.90079],[105.87161,9.90215],[105.87465,9.90542],[105.87294,9.90856],[105.87687,9.91714],[105.88086,9.91854],[105.88094,9.92311],[105.88332,9.92465],[105.88337,9.92781],[105.88791,9.92804],[105.8913,9.92984],[105.89681,9.93807],[105.87319,9.95518],[105.84547,9.98262]]]}},{"type":"Feature","properties":{"name":"Tra Vinh","code":"VN_SRC_TRAVINH"},"geometry":{"type":"Polygon","coordinates":[[[105.98237,9.88287],[105.99439,9.86749],[105.99888,9.85586],[106.00499,9.84733],[106.02502,9.82574],[106.05113,9.80241],[106.06893,9.77858],[106.07652,9.77264],[106.09349,9.76459],[106.11141,9.75122],[106.12751,9.732],[106.14788,9.71282],[106.17713,9.68057],[106.19396,9.66628],[106.20853,9.65109],[106.24722,9.61789],[106.30709,9.58128],[106.3351,9.5358],[106.37795,9.52976],[106.39032,9.53119],[106.40545,9.53785],[106.41012,9.53576],[106.40831,9.52957],[106.41487,9.52995],[106.44726,9.53764],[106.48624,9.55096],[106.50556,9.56055],[106.52622,9.57655],[106.55814,9.61664],[106.57025,9.63885],[106.5799,9.67083],[106.57859,9.68077],[106.5799,9.6923],[106.57838,9.70175],[106.58166,9.75634],[106.58585,9.76833],[106.59194,9.77823],[106.60701,9.79044],[106.58672,9.81127],[106.57372,9.83115],[106.52806,9.87184],[106.49835,9.9059],[106.48462,9.91877],[106.46642,9.93104],[106.41885,9.95256],[106.39458,9.97042],[106.37629,9.97973],[106.35452,10.00086],[106.32383,10.01392],[106.30726,10.02703],[106.29669,10.03911],[106.28964,10.04979],[106.28192,10.05452],[106.26083,10.07313],[106.24121,10.08176],[106.23387,10.07769],[106.23246,10.07489],[106.23327,10.07347],[106.23032,10.07332],[106.2277,10.06979],[106.22876,10.06539],[106.22731,10.06065],[106.22908,10.05876],[106.22476,10.05689],[106.2267,10.04821],[106.22249,10.04344],[106.23131,10.04212],[106.2322,10.02332],[106.22099,10.0141],[106.21472,10.01404],[106.21074,10.00835],[106.20852,10.00881],[106.20768,10.01159],[106.2037,10.00986],[106.19863,10.01509],[106.195,10.02447],[106.1901,10.02606],[106.15034,10.01737],[106.13498,10.02385],[106.13454,10.00282],[106.13092,9.9909],[106.13366,9.98108],[106.13198,9.96199],[106.12356,9.95017],[106.1127,9.93842],[106.1029,9.94841],[106.08676,9.95957],[106.07668,9.94485],[106.06537,9.94768],[106.06316,9.94768],[106.06266,9.94542],[106.05528,9.94673],[106.05559,9.94132],[106.04599,9.93641],[106.04376,9.93211],[106.04135,9.9313],[106.03941,9.92685],[106.02918,9.92706],[106.02817,9.92892],[106.0215,9.93215],[106.0187,9.9269],[106.01447,9.92357],[106.01681,9.91922],[106.01619,9.91591],[106.00332,9.90893],[105.99833,9.90433],[105.99272,9.90561],[105.99023,9.90248],[105.98674,9.90234],[105.96563,9.92012],[105.96134,9.92207],[105.95664,9.92127],[105.95473,9.91968],[105.97917,9.88993],[105.98237,9.88287]]]}},{"type":"Feature","properties":{"name":"Soc Trang","code":"VN_SRC_SOCTRANG"},"geometry":{"type":"Polygon","coordinates":[[[105.89681,9.93807],[105.8913,9.92984],[105.88791,9.92804],[105.88337,9.92781],[105.88332,9.92465],[105.88094,9.92311],[105.88086,9.91854],[105.87687,9.91714],[105.87294,9.90856],[105.87465,9.90542],[105.87161,9.90215],[105.87392,9.90079],[105.86872,9.89116],[105.87154,9.88998],[105.86853,9.88484],[105.8703,9.88439],[105.87154,9.88092],[105.86921,9.88061],[105.8685,9.87721],[105.86981,9.87547],[105.8677,9.87348],[105.8633,9.85265],[105.86101,9.85359],[105.85604,9.84085],[105.8487,9.80706],[105.85525,9.80531],[105.84461,9.76355],[105.84335,9.74902],[105.79203,9.71701],[105.77967,9.70977],[105.77765,9.71047],[105.77184,9.70704],[105.71016,9.66848],[105.69642,9.65897],[105.66943,9.63324],[105.66747,9.64191],[105.66206,9.63955],[105.65984,9.63558],[105.64947,9.63439],[105.64687,9.62541],[105.6393,9.62365],[105.63526,9.61891],[105.63229,9.62033],[105.6258,9.61637],[105.62339,9.61732],[105.61737,9.61556],[105.61823,9.62001],[105.61559,9.62207],[105.6111,9.61918],[105.60681,9.62011],[105.60604,9.61775],[105.59556,9.60874],[105.59514,9.60302],[105.59269,9.60368],[105.5928,9.6065],[105.59145,9.60777],[105.58745,9.60904],[105.58732,9.61268],[105.58403,9.61191],[105.57611,9.61496],[105.57497,9.6136],[105.57532,9.60975],[105.57081,9.60689],[105.56916,9.60329],[105.56564,9.60641],[105.56248,9.6063],[105.55849,9.60382],[105.55712,9.59627],[105.54715,9.59672],[105.5492,9.59174],[105.54601,9.58616],[105.54832,9.58449],[105.54891,9.57955],[105.55135,9.57739],[105.55106,9.57303],[105.55446,9.57015],[105.55572,9.56058],[105.55344,9.54897],[105.54682,9.48178],[105.54366,9.47053],[105.54512,9.45049],[105.5804,9.41088],[105.58848,9.42476],[105.59681,9.42007],[105.59917,9.42397],[105.60276,9.42066],[105.60206,9.41689],[105.60654,9.41326],[105.61107,9.41197],[105.61291,9.40766],[105.61448,9.40805],[105.61516,9.40647],[105.61753,9.40832],[105.62006,9.41463],[105.6386,9.40914],[105.63846,9.40755],[105.64124,9.4067],[105.64099,9.40229],[105.63662,9.39629],[105.64206,9.394],[105.64747,9.39529],[105.64998,9.39224],[105.64978,9.38754],[105.65246,9.38808],[105.65619,9.38534],[105.66392,9.38886],[105.6731,9.39067],[105.67749,9.38417],[105.68235,9.38437],[105.68534,9.37825],[105.69168,9.38001],[105.70271,9.37751],[105.70548,9.3781],[105.70729,9.3841],[105.7081,9.39453],[105.70516,9.39661],[105.70981,9.39764],[105.71117,9.39452],[105.7145,9.39393],[105.71625,9.39104],[105.72055,9.39217],[105.72357,9.39027],[105.72438,9.39294],[105.72695,9.39273],[105.72839,9.39567],[105.73198,9.39392],[105.73363,9.3955],[105.73738,9.39507],[105.73697,9.40161],[105.73958,9.40197],[105.74169,9.40014],[105.74393,9.40324],[105.74678,9.4037],[105.74589,9.40614],[105.74825,9.40722],[105.75153,9.40653],[105.75093,9.41064],[105.75342,9.40849],[105.75594,9.41064],[105.75746,9.40941],[105.76101,9.41132],[105.76158,9.41361],[105.76534,9.40967],[105.76674,9.41075],[105.76896,9.40899],[105.77196,9.41155],[105.77844,9.40236],[105.78131,9.40265],[105.78538,9.40053],[105.77686,9.39314],[105.77856,9.39301],[105.77818,9.3905],[105.78445,9.38576],[105.78551,9.38283],[105.79021,9.3841],[105.79006,9.38041],[105.79302,9.37733],[105.79633,9.3772],[105.79909,9.37452],[105.80572,9.37597],[105.80949,9.37126],[105.81578,9.37007],[105.81782,9.3711],[105.81787,9.37277],[105.81446,9.37459],[105.81361,9.37665],[105.81907,9.37894],[105.82219,9.38555],[105.82097,9.39365],[105.82673,9.39237],[105.82858,9.39027],[105.83211,9.39148],[105.83395,9.39311],[105.83511,9.39885],[105.83131,9.39898],[105.83128,9.40093],[105.83711,9.40104],[105.84029,9.40406],[105.84299,9.40397],[105.84236,9.39989],[105.84698,9.39845],[105.84876,9.38901],[105.85258,9.38824],[105.85257,9.38462],[105.85679,9.38354],[105.85656,9.38205],[105.85279,9.37973],[105.85412,9.37545],[105.85714,9.37254],[105.85689,9.36681],[105.86011,9.36418],[105.85878,9.3596],[105.85534,9.36007],[105.84892,9.35494],[105.83046,9.34868],[105.81216,9.33931],[105.82596,9.27674],[105.81925,9.27293],[105.82776,9.2437],[105.84557,9.25136],[105.85485,9.25367],[105.86475,9.25921],[105.88371,9.26735],[105.88662,9.26744],[105.88726,9.26885],[105.90965,9.27599],[105.91551,9.2795],[105.92634,9.28138],[105.97492,9.29752],[105.98076,9.2972],[105.98086,9.29851],[106.00571,9.30526],[106.01139,9.30813],[106.01599,9.30788],[106.01851,9.31042],[106.05454,9.32226],[106.05816,9.32212],[106.08576,9.33303],[106.10396,9.33716],[106.11195,9.33311],[106.12813,9.33387],[106.13173,9.33847],[106.16094,9.35176],[106.18064,9.3679],[106.18777,9.37854],[106.18649,9.38652],[106.18916,9.40194],[106.18804,9.41243],[106.1873,9.41477],[106.17682,9.41996],[106.17599,9.42998],[106.18237,9.43756],[106.20407,9.45521],[106.20869,9.47206],[106.20952,9.48142],[106.21262,9.48496],[106.2495,9.49436],[106.28397,9.52097],[106.30634,9.52573],[106.3351,9.5358],[106.30709,9.58128],[106.24722,9.61789],[106.20853,9.65109],[106.19396,9.66628],[106.17713,9.68057],[106.14788,9.71282],[106.12751,9.732],[106.11141,9.75122],[106.09349,9.76459],[106.07652,9.77264],[106.06893,9.77858],[106.05113,9.80241],[106.02502,9.82574],[106.00499,9.84733],[105.99888,9.85586],[105.99439,9.86749],[105.98237,9.88287],[105.9767,9.88505],[105.96203,9.90093],[105.94156,9.91409],[105.92232,9.93002],[105.90723,9.93162],[105.89681,9.93807]]]}},{"type":"Feature","properties":{"name":"Bac Lieu","code":"VN_SRC_BACLIEU"},"geometry":{"type":"Polygon","coordinates":[[[105.2623,9.39932],[105.27856,9.39491],[105.28055,9.39711],[105.29644,9.38713],[105.25213,9.34182],[105.24838,9.3351],[105.2493,9.32864],[105.25196,9.3218],[105.26326,9.30812],[105.27587,9.29906],[105.29405,9.27974],[105.27896,9.26567],[105.26649,9.25883],[105.26184,9.25329],[105.25804,9.25138],[105.25497,9.24269],[105.2476,9.23593],[105.23958,9.22559],[105.23279,9.22431],[105.23251,9.21379],[105.23539,9.21172],[105.2375,9.2119],[105.23993,9.20909],[105.2401,9.20052],[105.2416,9.19979],[105.24385,9.20232],[105.24559,9.19904],[105.24776,9.2003],[105.25285,9.19847],[105.26136,9.1783],[105.26439,9.17766],[105.26603,9.17877],[105.26574,9.18065],[105.27454,9.18258],[105.27409,9.18139],[105.27668,9.17948],[105.2764,9.17739],[105.27886,9.17435],[105.28021,9.1655],[105.28042,9.16272],[105.27584,9.16275],[105.26663,9.15947],[105.26742,9.15771],[105.26344,9.15175],[105.26198,9.14155],[105.25259,9.1353],[105.24827,9.1227],[105.24983,9.11945],[105.24691,9.11251],[105.25017,9.10763],[105.2505,9.10455],[105.24538,9.10163],[105.24529,9.09988],[105.24678,9.0971],[105.25284,9.09333],[105.25337,9.09141],[105.26287,9.09456],[105.26906,9.08761],[105.27399,9.08476],[105.28038,9.08775],[105.29246,9.09046],[105.29826,9.0895],[105.30999,9.07857],[105.31618,9.07668],[105.31813,9.07181],[105.32541,9.07084],[105.3345,9.06649],[105.33641,9.06692],[105.34079,9.07239],[105.34625,9.07094],[105.35678,9.07109],[105.35903,9.06916],[105.35624,9.06579],[105.35726,9.06315],[105.36575,9.05998],[105.37324,9.06122],[105.37761,9.05748],[105.38351,9.06337],[105.39276,9.06722],[105.39606,9.06063],[105.40273,9.05854],[105.41034,9.05147],[105.41049,9.04376],[105.4186,9.03759],[105.41696,9.01473],[105.42737,9.02338],[105.4574,9.06136],[105.47591,9.0792],[105.5314,9.1139],[105.54225,9.11969],[105.57693,9.13384],[105.58211,9.13332],[105.58261,9.13614],[105.61426,9.14623],[105.63322,9.15523],[105.64354,9.15752],[105.64624,9.1602],[105.65801,9.16443],[105.7059,9.18785],[105.7324,9.19808],[105.74114,9.19946],[105.74352,9.20194],[105.76331,9.21046],[105.78851,9.2273],[105.79496,9.22887],[105.80348,9.23399],[105.82776,9.2437],[105.81925,9.27293],[105.82596,9.27674],[105.81216,9.33931],[105.83046,9.34868],[105.84892,9.35494],[105.85534,9.36007],[105.85878,9.3596],[105.86011,9.36418],[105.85689,9.36681],[105.85714,9.37254],[105.85412,9.37545],[105.85279,9.37973],[105.85656,9.38205],[105.85679,9.38354],[105.85257,9.38462],[105.85258,9.38824],[105.84876,9.38901],[105.84698,9.39845],[105.84236,9.39989],[105.84299,9.40397],[105.84029,9.40406],[105.83711,9.40104],[105.83128,9.40093],[105.83131,9.39898],[105.83511,9.39885],[105.83395,9.39311],[105.83211,9.39148],[105.82858,9.39027],[105.82673,9.39237],[105.82097,9.39365],[105.82219,9.38555],[105.81907,9.37894],[105.81361,9.37665],[105.81446,9.37459],[105.81787,9.37277],[105.81782,9.3711],[105.81578,9.37007],[105.80949,9.37126],[105.80572,9.37597],[105.79909,9.37452],[105.79633,9.3772],[105.79302,9.37733],[105.79006,9.38041],[105.79021,9.3841],[105.78551,9.38283],[105.78445,9.38576],[105.77818,9.3905],[105.77856,9.39301],[105.77686,9.39314],[105.78538,9.40053],[105.78131,9.40265],[105.77844,9.40236],[105.77196,9.41155],[105.76896,9.40899],[105.76674,9.41075],[105.76534,9.40967],[105.76158,9.41361],[105.76101,9.41132],[105.75746,9.40941],[105.75594,9.41064],[105.75342,9.40849],[105.75093,9.41064],[105.75153,9.40653],[105.74825,9.40722],[105.74589,9.40614],[105.74678,9.4037],[105.74393,9.40324],[105.74169,9.40014],[105.73958,9.40197],[105.73697,9.40161],[105.73738,9.39507],[105.73363,9.3955],[105.73198,9.39392],[105.72839,9.39567],[105.72695,9.39273],[105.72438,9.39294],[105.72357,9.39027],[105.72055,9.39217],[105.71625,9.39104],[105.7145,9.39393],[105.71117,9.39452],[105.70981,9.39764],[105.70516,9.39661],[105.7081,9.39453],[105.70729,9.3841],[105.70548,9.3781],[105.70271,9.37751],[105.69168,9.38001],[105.68534,9.37825],[105.68235,9.38437],[105.67749,9.38417],[105.6731,9.39067],[105.66392,9.38886],[105.65619,9.38534],[105.65246,9.38808],[105.64978,9.38754],[105.64998,9.39224],[105.64747,9.39529],[105.64206,9.394],[105.63662,9.39629],[105.64099,9.40229],[105.64124,9.4067],[105.63846,9.40755],[105.6386,9.40914],[105.62006,9.41463],[105.61753,9.40832],[105.61516,9.40647],[105.61448,9.40805],[105.61291,9.40766],[105.61107,9.41197],[105.60654,9.41326],[105.60206,9.41689],[105.60276,9.42066],[105.59917,9.42397],[105.59681,9.42007],[105.58848,9.42476],[105.5804,9.41088],[105.54512,9.45049],[105.54366,9.47053],[105.54682,9.48178],[105.55344,9.54897],[105.55572,9.56058],[105.55446,9.57015],[105.55106,9.57303],[105.55135,9.57739],[105.54891,9.57955],[105.54832,9.58449],[105.54601,9.58616],[105.54388,9.5854],[105.5426,9.58826],[105.5371,9.59201],[105.53661,9.59607],[105.5347,9.59723],[105.53185,9.59537],[105.52135,9.59467],[105.52115,9.58888],[105.51435,9.58961],[105.51248,9.58414],[105.50443,9.58625],[105.50532,9.59028],[105.50418,9.59131],[105.49781,9.58998],[105.49338,9.59088],[105.49312,9.58606],[105.48915,9.58215],[105.48575,9.58469],[105.47552,9.58448],[105.47548,9.58674],[105.4779,9.59014],[105.47076,9.597],[105.46892,9.59584],[105.46807,9.59079],[105.46243,9.58684],[105.45675,9.59034],[105.45019,9.58688],[105.44829,9.58836],[105.44825,9.59438],[105.44644,9.59687],[105.44058,9.59481],[105.42979,9.60065],[105.42958,9.59607],[105.42814,9.59485],[105.423,9.5955],[105.41772,9.59263],[105.41649,9.59464],[105.41778,9.60042],[105.41552,9.60188],[105.40958,9.5976],[105.3988,9.59821],[105.39954,9.59385],[105.39562,9.58826],[105.38929,9.5902],[105.38618,9.58729],[105.38071,9.58552],[105.37711,9.58741],[105.37687,9.59231],[105.37345,9.59653],[105.37082,9.5961],[105.37204,9.5908],[105.37013,9.58773],[105.36825,9.58797],[105.36407,9.59234],[105.35084,9.59394],[105.34571,9.59251],[105.34494,9.59452],[105.34803,9.59961],[105.34243,9.60402],[105.34147,9.60725],[105.34277,9.61113],[105.34146,9.61253],[105.33937,9.61144],[105.3381,9.60573],[105.33179,9.60411],[105.32899,9.59927],[105.32409,9.60382],[105.30925,9.60726],[105.30683,9.60972],[105.30306,9.62032],[105.30347,9.6283],[105.29746,9.6295],[105.29492,9.63691],[105.29216,9.63646],[105.29061,9.63047],[105.28647,9.62487],[105.28905,9.61374],[105.28628,9.60002],[105.29033,9.59581],[105.29548,9.58404],[105.31267,9.57225],[105.31254,9.56958],[105.30801,9.56295],[105.30781,9.55605],[105.31007,9.55545],[105.31796,9.56025],[105.32391,9.55856],[105.32261,9.54504],[105.32663,9.5393],[105.32635,9.5318],[105.32987,9.52746],[105.32671,9.52473],[105.3215,9.52604],[105.32004,9.52484],[105.32072,9.52042],[105.32358,9.51688],[105.32057,9.51286],[105.31598,9.51038],[105.31563,9.50775],[105.31715,9.50514],[105.31565,9.5023],[105.31323,9.50299],[105.31018,9.50699],[105.30679,9.50547],[105.30563,9.50325],[105.30105,9.50646],[105.2991,9.50485],[105.29835,9.49443],[105.29407,9.48993],[105.29431,9.48395],[105.29593,9.48164],[105.29312,9.47777],[105.29138,9.46687],[105.29128,9.45619],[105.29494,9.43338],[105.2877,9.43498],[105.27817,9.43304],[105.2623,9.39932]]]}},{"type":"Feature","properties":{"name":"Ca Mau","code":"VN_SRC_CAMAU"},"geometry":{"type":"MultiPolygon","coordinates":[[[[104.86271,8.41654],[104.85843,8.41775],[104.85507,8.41522],[104.85405,8.41187],[104.85507,8.40904],[104.86088,8.41073],[104.86414,8.41546],[104.86271,8.41654]]],[[[104.82195,8.42414],[104.82343,8.42176],[104.82766,8.42149],[104.83944,8.42673],[104.83724,8.43643],[104.8423,8.439],[104.84534,8.44243],[104.84529,8.44726],[104.84165,8.45044],[104.84418,8.45478],[104.83925,8.45111],[104.83716,8.44616],[104.83236,8.44355],[104.83135,8.43866],[104.82798,8.43683],[104.82382,8.43088],[104.81917,8.4276],[104.82195,8.42414]]],[[[104.84895,8.45288],[104.84956,8.45211],[104.85044,8.45335],[104.84895,8.45288]]],[[[104.83248,9.53103],[104.81254,9.20775],[104.80453,9.17784],[104.80639,9.1383],[104.80064,9.03117],[104.8034,8.97647],[104.80204,8.92671],[104.79892,8.89865],[104.78255,8.83613],[104.78048,8.81642],[104.7812,8.80836],[104.78627,8.79708],[104.79255,8.7878],[104.80118,8.7793],[104.80991,8.74655],[104.78988,8.72531],[104.78453,8.71788],[104.77962,8.70211],[104.77917,8.69393],[104.78676,8.67415],[104.79822,8.66011],[104.77977,8.65378],[104.76044,8.65066],[104.74854,8.65036],[104.73441,8.65482],[104.72608,8.65541],[104.71716,8.65274],[104.71329,8.65006],[104.70794,8.64515],[104.70541,8.63281],[104.70943,8.6102],[104.71835,8.59697],[104.72757,8.59072],[104.73997,8.58516],[104.83355,8.56283],[104.84357,8.56276],[104.96414,8.5886],[104.97622,8.59682],[104.98455,8.59965],[105.00299,8.59994],[105.05702,8.62299],[105.07177,8.62346],[105.08881,8.63079],[105.10651,8.63508],[105.11606,8.64428],[105.11852,8.64381],[105.12019,8.64779],[105.1288,8.65593],[105.13108,8.66208],[105.13053,8.67147],[105.13925,8.68317],[105.14273,8.69252],[105.14633,8.69562],[105.15027,8.70274],[105.15752,8.70811],[105.15959,8.70742],[105.16317,8.7138],[105.16706,8.71543],[105.17039,8.72305],[105.17462,8.72376],[105.1741,8.72524],[105.18019,8.73723],[105.184,8.7387],[105.18723,8.74246],[105.19285,8.7438],[105.20822,8.75298],[105.21308,8.75322],[105.21703,8.75093],[105.21555,8.75407],[105.21854,8.75649],[105.23854,8.75769],[105.2669,8.76797],[105.27437,8.77411],[105.30116,8.8029],[105.30426,8.80428],[105.31577,8.82132],[105.32767,8.82988],[105.34233,8.85139],[105.3586,8.88361],[105.37245,8.92335],[105.37873,8.93353],[105.38502,8.94776],[105.38811,8.95709],[105.38878,8.96889],[105.39596,8.99169],[105.40714,9.00782],[105.41696,9.01473],[105.4186,9.03759],[105.41049,9.04376],[105.41034,9.05147],[105.40273,9.05854],[105.39606,9.06063],[105.39276,9.06722],[105.38351,9.06337],[105.37761,9.05748],[105.37324,9.06122],[105.36575,9.05998],[105.35726,9.06315],[105.35624,9.06579],[105.35903,9.06916],[105.35678,9.07109],[105.34625,9.07094],[105.34079,9.07239],[105.33641,9.06692],[105.3345,9.06649],[105.32541,9.07084],[105.31813,9.07181],[105.31618,9.07668],[105.30999,9.07857],[105.29826,9.0895],[105.29246,9.09046],[105.28038,9.08775],[105.27399,9.08476],[105.26906,9.08761],[105.26287,9.09456],[105.25337,9.09141],[105.25284,9.09333],[105.24678,9.0971],[105.24529,9.09988],[105.24538,9.10163],[105.2505,9.10455],[105.25017,9.10763],[105.24691,9.11251],[105.24983,9.11945],[105.24827,9.1227],[105.25259,9.1353],[105.26198,9.14155],[105.26344,9.15175],[105.26742,9.15771],[105.26663,9.15947],[105.27584,9.16275],[105.28042,9.16272],[105.28021,9.1655],[105.27886,9.17435],[105.2764,9.17739],[105.27668,9.17948],[105.27409,9.18139],[105.27454,9.18258],[105.26574,9.18065],[105.26603,9.17877],[105.26439,9.17766],[105.26136,9.1783],[105.25285,9.19847],[105.24776,9.2003],[105.24559,9.19904],[105.24385,9.20232],[105.2416,9.19979],[105.2401,9.20052],[105.23993,9.20909],[105.2375,9.2119],[105.23539,9.21172],[105.23251,9.21379],[105.23279,9.22431],[105.23958,9.22559],[105.2476,9.23593],[105.25497,9.24269],[105.25804,9.25138],[105.26184,9.25329],[105.26649,9.25883],[105.27896,9.26567],[105.29405,9.27974],[105.27587,9.29906],[105.26326,9.30812],[105.25196,9.3218],[105.2493,9.32864],[105.24838,9.3351],[105.25213,9.34182],[105.29644,9.38713],[105.28055,9.39711],[105.27856,9.39491],[105.2623,9.39932],[105.10684,9.4974],[105.07582,9.51438],[105.00336,9.55862],[104.99893,9.54581],[104.994,9.53991],[104.97791,9.54426],[104.97089,9.54863],[104.96305,9.55601],[104.94587,9.53267],[104.91655,9.56202],[104.88127,9.49416],[104.87358,9.5023],[104.85495,9.51764],[104.84537,9.52989],[104.8371,9.53278],[104.83684,9.53142],[104.83248,9.53103]]],[[[104.80178,9.17843],[104.80232,9.17954],[104.79796,9.1808],[104.80178,9.17843]]]]}}]}